{"type":"FeatureCollection","features":[{"type":"Feature","properties":{"id":"lac-de-montbovon-fr","c":"FR","p":"patent","q":"derived","k":"lake"},"geometry":{"type":"Polygon","coordinates":[[[7.05174,46.50505],[7.0526,46.5068],[7.05275,46.50644],[7.05309,46.50616],[7.05328,46.50617],[7.05341,46.50575],[7.05312,46.5056],[7.0525,46.50469],[7.05258,46.50344],[7.05246,46.50306],[7.05172,46.50197],[7.05124,46.50166],[7.05102,46.50127],[7.05135,46.50082],[7.05138,46.50015],[7.05112,46.49965],[7.0512,46.49929],[7.0498,46.4983],[7.0501,46.4981],[7.05078,46.49807],[7.05099,46.49766],[7.05156,46.49717],[7.05175,46.49728],[7.05208,46.49727],[7.0522,46.4971],[7.05212,46.49661],[7.05232,46.49626],[7.05267,46.49622],[7.05274,46.49603],[7.0526,46.49583],[7.05321,46.49597],[7.05386,46.49583],[7.05405,46.49556],[7.05408,46.49485],[7.05312,46.49372],[7.05284,46.49356],[7.05272,46.49302],[7.05235,46.4929],[7.05211,46.49249],[7.05227,46.49229],[7.05209,46.49203],[7.05211,46.49169],[7.05229,46.49155],[7.05223,46.49127],[7.05153,46.49063],[7.04997,46.48957],[7.04957,46.48889],[7.0478,46.48766],[7.04753,46.48766],[7.04762,46.48809],[7.04852,46.48886],[7.04865,46.4896],[7.04908,46.4901],[7.04929,46.49112],[7.05069,46.4924],[7.05079,46.49353],[7.05184,46.49448],[7.05183,46.49459],[7.05125,46.49466],[7.05127,46.49477],[7.05263,46.49497],[7.05221,46.4956],[7.05219,46.4962],[7.05184,46.49659],[7.05141,46.49682],[7.04933,46.49702],[7.04874,46.49776],[7.04938,46.49842],[7.04954,46.49915],[7.05014,46.50006],[7.05002,46.50041],[7.05056,46.50171],[7.05165,46.50317],[7.05179,46.5037],[7.05153,46.5041],[7.05174,46.50505]]]}},{"type":"Feature","properties":{"id":"murtensee-fr","c":"FR","p":"patent","q":"derived","k":"lake","fr":1},"geometry":{"type":"Polygon","coordinates":[[[7.11293,46.95761],[7.11371,46.95775],[7.11407,46.95747],[7.11484,46.95757],[7.11574,46.95722],[7.1164,46.95721],[7.11771,46.95694],[7.11793,46.95711],[7.11804,46.95753],[7.11851,46.95762],[7.11804,46.9554],[7.11886,46.95531],[7.11916,46.9566],[7.11936,46.95658],[7.11952,46.95673],[7.12024,46.95652],[7.12066,46.95665],[7.12106,46.95656],[7.12115,46.95667],[7.12203,46.95662],[7.12223,46.95649],[7.12273,46.95598],[7.12279,46.95563],[7.12345,46.9554],[7.12354,46.95486],[7.12431,46.95464],[7.12422,46.95448],[7.12491,46.95399],[7.1252,46.95347],[7.12561,46.95337],[7.12548,46.95328],[7.12577,46.9528],[7.1266,46.95247],[7.12673,46.95215],[7.12763,46.95135],[7.12842,46.95098],[7.12859,46.95064],[7.12952,46.9498],[7.13017,46.9495],[7.13048,46.94917],[7.13042,46.94893],[7.13072,46.94868],[7.13088,46.9482],[7.13143,46.94764],[7.13182,46.94755],[7.13203,46.94735],[7.13214,46.94692],[7.13257,46.94668],[7.13241,46.94656],[7.1325,46.94643],[7.13297,46.94618],[7.13276,46.94555],[7.13289,46.94547],[7.13282,46.94525],[7.13384,46.94489],[7.13388,46.94465],[7.1336,46.94457],[7.13368,46.94436],[7.13349,46.94403],[7.13367,46.94375],[7.13336,46.94366],[7.13303,46.94331],[7.1336,46.94314],[7.13358,46.94293],[7.13323,46.94251],[7.13222,46.94187],[7.13189,46.94155],[7.13193,46.94133],[7.13135,46.94137],[7.13055,46.94098],[7.12967,46.94085],[7.12918,46.94034],[7.12877,46.94013],[7.12741,46.93983],[7.12718,46.9396],[7.12739,46.93936],[7.12719,46.93915],[7.12693,46.93927],[7.12666,46.93899],[7.12565,46.93845],[7.12425,46.93712],[7.12114,46.93455],[7.11958,46.934],[7.11849,46.93306],[7.11744,46.93243],[7.11793,46.93213],[7.11795,46.93169],[7.11719,46.9313],[7.11683,46.93139],[7.11672,46.93158],[7.11681,46.93196],[7.1173,46.93244],[7.11683,46.93225],[7.11652,46.93189],[7.11648,46.93153],[7.11703,46.93103],[7.11559,46.92979],[7.11513,46.92983],[7.11471,46.92925],[7.11354,46.92867],[7.11282,46.92851],[7.11225,46.92805],[7.11135,46.92766],[7.11089,46.92749],[7.10966,46.92733],[7.10932,46.92715],[7.1087,46.92712],[7.1078,46.92662],[7.1067,46.92573],[7.10685,46.92564],[7.1063,46.9251],[7.10636,46.92493],[7.10596,46.92463],[7.10349,46.9231],[7.10308,46.92293],[7.10264,46.92292],[7.10272,46.92262],[7.10236,46.92284],[7.10167,46.92267],[7.10123,46.9221],[7.0998,46.92159],[7.09957,46.92105],[7.09857,46.92073],[7.09728,46.92054],[7.0967,46.92063],[7.09624,46.92098],[7.09552,46.92064],[7.09437,46.92071],[7.0944,46.92125],[7.09307,46.92097],[7.0918,46.92134],[7.09173,46.92156],[7.09077,46.92164],[7.09039,46.9219],[7.08909,46.92187],[7.08886,46.92167],[7.0888,46.92136],[7.08903,46.92117],[7.08855,46.92095],[7.08847,46.92065],[7.08807,46.92035],[7.08835,46.92023],[7.08862,46.91982],[7.08911,46.91956],[7.08895,46.91941],[7.08926,46.91911],[7.0888,46.9185],[7.08921,46.91818],[7.08938,46.91769],[7.0893,46.91737],[7.0869,46.91446],[7.08538,46.91381],[7.08447,46.91285],[7.05986,46.93658],[7.06075,46.93776],[7.06107,46.9378],[7.06088,46.93815],[7.06101,46.93886],[7.06252,46.93913],[7.06239,46.93942],[7.06322,46.93982],[7.06356,46.94029],[7.06412,46.94032],[7.06472,46.94015],[7.06507,46.94021],[7.06471,46.94069],[7.06483,46.94095],[7.06534,46.94116],[7.06597,46.94123],[7.06656,46.94202],[7.0676,46.94232],[7.06882,46.94289],[7.0696,46.94307],[7.07016,46.94305],[7.07277,46.94393],[7.07386,46.94408],[7.07665,46.94499],[7.07819,46.94527],[7.0811,46.94631],[7.08199,46.9468],[7.08211,46.94672],[7.08339,46.9471],[7.08383,46.94707],[7.08408,46.94692],[7.08426,46.9471],[7.08421,46.94728],[7.08454,46.9475],[7.08567,46.94791],[7.08674,46.94809],[7.088,46.94869],[7.08888,46.94886],[7.09173,46.94985],[7.09436,46.9512],[7.09648,46.95179],[7.09728,46.95188],[7.09732,46.95166],[7.09749,46.95167],[7.09785,46.95203],[7.09824,46.95206],[7.09906,46.95258],[7.09975,46.95264],[7.10044,46.95311],[7.10149,46.9532],[7.10243,46.95349],[7.10662,46.95549],[7.10708,46.95562],[7.10754,46.95556],[7.1079,46.95584],[7.10922,46.95646],[7.11293,46.95761]],[[7.06221,46.93821],[7.06218,46.93833],[7.06216,46.93821],[7.06221,46.93821]]]}},{"type":"Feature","properties":{"id":"neuenburgersee-fr","c":"FR","p":"patent","q":"derived","k":"lake","fr":1},"geometry":{"type":"MultiPolygon","coordinates":[[[[6.96165,46.92754],[6.96006,46.92655],[6.95914,46.9262],[6.95849,46.92613],[6.95874,46.92577],[6.95861,46.92562],[6.9584,46.92563],[6.95812,46.92613],[6.9579,46.9258],[6.95753,46.92568],[6.95771,46.92547],[6.95744,46.92521],[6.95712,46.92521],[6.95691,46.92537],[6.95664,46.92515],[6.95628,46.92518],[6.95602,46.92486],[6.95517,46.92469],[6.95522,46.92457],[6.95504,46.92465],[6.95392,46.92442],[6.95363,46.92459],[6.95327,46.92543],[6.95329,46.92574],[6.95309,46.92583],[6.9528,46.92661],[6.95256,46.92656],[6.95292,46.92578],[6.95285,46.92562],[6.9531,46.9254],[6.95391,46.92363],[6.95285,46.92164],[6.95237,46.92175],[6.9521,46.92163],[6.95203,46.92144],[6.95178,46.92149],[6.95143,46.92096],[6.95068,46.92054],[6.95021,46.92038],[6.94889,46.92022],[6.94864,46.92007],[6.94861,46.91988],[6.94881,46.91952],[6.94845,46.91955],[6.94841,46.91937],[6.94639,46.91818],[6.94589,46.91839],[6.94532,46.9182],[6.94581,46.91795],[6.94532,46.91772],[6.94527,46.91757],[6.9451,46.91749],[6.94445,46.9177],[6.94366,46.91745],[6.94387,46.91721],[6.94422,46.91709],[6.94399,46.91662],[6.94367,46.91646],[6.94331,46.91668],[6.94284,46.91671],[6.9426,46.91663],[6.94251,46.91644],[6.94262,46.91601],[6.94306,46.91594],[6.94314,46.91582],[6.94303,46.91548],[6.94218,46.91572],[6.94131,46.91496],[6.94097,46.91502],[6.93982,46.91472],[6.93987,46.91454],[6.93955,46.9146],[6.93953,46.91498],[6.9391,46.915],[6.93893,46.91492],[6.93918,46.9146],[6.93888,46.91444],[6.93897,46.91426],[6.93868,46.91411],[6.93848,46.91375],[6.93807,46.91364],[6.9379,46.91314],[6.93715,46.91293],[6.93694,46.91351],[6.93657,46.91348],[6.93531,46.91285],[6.93513,46.9126],[6.93537,46.91247],[6.93471,46.91237],[6.93415,46.9124],[6.9343,46.91265],[6.93401,46.91277],[6.93324,46.91239],[6.93279,46.91179],[6.93139,46.9113],[6.93101,46.91094],[6.93003,46.91043],[6.92899,46.91013],[6.92833,46.90934],[6.92798,46.90915],[6.92801,46.90902],[6.92872,46.90891],[6.93105,46.90771],[6.93373,46.9075],[6.93387,46.90733],[6.9288,46.90478],[6.9279,46.90575],[6.92729,46.90609],[6.92685,46.90609],[6.92679,46.90588],[6.92703,46.90571],[6.92691,46.90558],[6.9257,46.90551],[6.92501,46.9051],[6.92489,46.90472],[6.92525,46.90437],[6.92437,46.9042],[6.92427,46.90412],[6.92441,46.90397],[6.92393,46.90377],[6.92379,46.90356],[6.92238,46.90475],[6.92314,46.90583],[6.92322,46.90629],[6.92303,46.90637],[6.92283,46.90628],[6.92208,46.90551],[6.92161,46.90541],[6.89623,46.92549],[6.9282,46.9534],[6.96165,46.92754]],[[6.92926,46.9084],[6.92824,46.90826],[6.92773,46.90769],[6.92805,46.90701],[6.9278,46.90675],[6.92713,46.90676],[6.92705,46.90666],[6.92754,46.90612],[6.92822,46.90582],[6.929,46.90507],[6.9334,46.90734],[6.93074,46.90758],[6.92926,46.9084]],[[6.95171,46.92271],[6.95232,46.92256],[6.95248,46.92214],[6.95291,46.92207],[6.95296,46.92259],[6.95274,46.92282],[6.9522,46.92291],[6.95171,46.92271]],[[6.94336,46.91741],[6.94305,46.91691],[6.94384,46.91676],[6.94377,46.91715],[6.94336,46.91741]]],[[[6.89102,46.88729],[6.89057,46.8872],[6.89001,46.88666],[6.89005,46.88639],[6.8898,46.88582],[6.88993,46.88572],[6.88973,46.88555],[6.88939,46.8855],[6.88963,46.88542],[6.88944,46.88519],[6.88895,46.88492],[6.88823,46.88476],[6.88792,46.88451],[6.88735,46.88449],[6.88688,46.88405],[6.88625,46.88405],[6.88614,46.8838],[6.88506,46.8835],[6.88456,46.8827],[6.88478,46.88244],[6.88446,46.88227],[6.88511,46.88212],[6.88512,46.882],[6.88456,46.8812],[6.88408,46.88101],[6.88419,46.88071],[6.88375,46.88058],[6.88319,46.87957],[6.88253,46.87942],[6.88247,46.87904],[6.88194,46.87854],[6.88178,46.87818],[6.88082,46.87765],[6.88043,46.87719],[6.87854,46.87619],[6.87797,46.87608],[6.87665,46.87507],[6.8761,46.87485],[6.8762,46.87456],[6.87601,46.87427],[6.87482,46.87375],[6.87469,46.873],[6.87379,46.87266],[6.87349,46.87225],[6.87272,46.8719],[6.87273,46.87142],[6.87171,46.86986],[6.87081,46.86941],[6.87013,46.86963],[6.8695,46.86883],[6.86795,46.86848],[6.868,46.86841],[6.86717,46.86793],[6.86693,46.86795],[6.86671,46.86823],[6.86651,46.86817],[6.86617,46.86773],[6.86617,46.86734],[6.86578,46.86699],[6.86424,46.86678],[6.86396,46.86656],[6.86354,46.86601],[6.86379,46.86573],[6.86433,46.86554],[6.86431,46.86542],[6.86271,46.86431],[6.86222,46.86381],[6.86064,46.86319],[6.86048,46.86294],[6.85988,46.86307],[6.8594,46.86304],[6.86002,46.86256],[6.85979,46.86154],[6.85916,46.86121],[6.85914,46.86093],[6.85932,46.86081],[6.85914,46.86081],[6.8588,46.86049],[6.85731,46.85878],[6.85714,46.85878],[6.85715,46.85894],[6.85777,46.85967],[6.85774,46.85995],[6.85732,46.86014],[6.85663,46.86018],[6.85601,46.86036],[6.85529,46.86001],[6.85497,46.85947],[6.85408,46.85927],[6.85444,46.85838],[6.85507,46.85766],[6.85537,46.85749],[6.85584,46.85769],[6.85595,46.85754],[6.85575,46.85741],[6.85471,46.85688],[6.85514,46.85722],[6.85512,46.85738],[6.85475,46.85763],[6.85422,46.85833],[6.85411,46.859],[6.85296,46.85911],[6.85229,46.85877],[6.85134,46.85868],[6.85101,46.85848],[6.85055,46.85766],[6.84984,46.85707],[6.84933,46.85682],[6.84845,46.85667],[6.84723,46.85701],[6.84598,46.85633],[6.84441,46.85459],[6.84287,46.85372],[6.84292,46.85331],[6.84412,46.8523],[6.84409,46.85219],[6.84346,46.85251],[6.84237,46.85205],[6.84257,46.85224],[6.84252,46.85239],[6.84314,46.85278],[6.84268,46.85316],[6.8422,46.85295],[6.84191,46.85307],[6.8412,46.85239],[6.84097,46.85234],[6.84045,46.85244],[6.84015,46.85225],[6.83858,46.85266],[6.83811,46.85197],[6.8399,46.85137],[6.84013,46.85087],[6.83976,46.85011],[6.83881,46.85052],[6.83825,46.84978],[6.83926,46.84961],[6.83907,46.84948],[6.83865,46.84954],[6.83852,46.84907],[6.83718,46.84816],[6.83685,46.84811],[6.83672,46.84782],[6.83519,46.84726],[6.83488,46.84739],[6.83479,46.84651],[6.8345,46.84618],[6.83294,46.84559],[6.83262,46.84534],[6.83168,46.84552],[6.8315,46.84545],[6.83141,46.84521],[6.83154,46.84484],[6.83054,46.84435],[6.83011,46.84431],[6.82966,46.84401],[6.82809,46.84424],[6.82753,46.84411],[6.82632,46.84352],[6.82459,46.84307],[6.82427,46.84283],[6.82371,46.84277],[6.82307,46.84244],[6.82306,46.84162],[6.82254,46.84122],[6.82142,46.84104],[6.82065,46.84114],[6.81987,46.84105],[6.8193,46.84059],[6.81759,46.84009],[6.81497,46.84074],[6.81314,46.83983],[6.81292,46.83985],[6.81214,46.83931],[6.81101,46.83896],[6.81084,46.8382],[6.8105,46.83777],[6.81012,46.83759],[6.80879,46.83752],[6.80858,46.83725],[6.80824,46.8371],[6.80807,46.83717],[6.80803,46.83696],[6.80769,46.8368],[6.80723,46.83626],[6.80685,46.83624],[6.80638,46.83575],[6.80552,46.83558],[6.80455,46.83479],[6.80431,46.83434],[6.80315,46.83365],[6.80299,46.83343],[6.80165,46.83295],[6.80081,46.8325],[6.80018,46.8325],[6.79954,46.83163],[6.79865,46.83144],[6.79829,46.83076],[6.79788,46.8307],[6.79811,46.83046],[6.79809,46.83028],[6.79745,46.82951],[6.79671,46.82921],[6.79608,46.82925],[6.79575,46.82889],[6.79527,46.82881],[6.79529,46.82844],[6.79508,46.82813],[6.79442,46.82763],[6.79375,46.82727],[6.79291,46.82704],[6.79267,46.82705],[6.79234,46.82728],[6.7918,46.82671],[6.7904,46.8261],[6.78991,46.82556],[6.78913,46.82524],[6.78898,46.82475],[6.78872,46.82468],[6.78854,46.82442],[6.78853,46.82407],[6.78736,46.82263],[6.78791,46.82231],[6.78844,46.82226],[6.78999,46.82306],[6.79018,46.82285],[6.78781,46.82154],[6.78766,46.82208],[6.787,46.82249],[6.78673,46.82209],[6.7861,46.82184],[6.78603,46.82159],[6.78557,46.82144],[6.78555,46.82088],[6.78538,46.82062],[6.78454,46.82023],[6.78477,46.8197],[6.78661,46.81804],[6.78654,46.8179],[6.78626,46.81781],[6.78515,46.81782],[6.78447,46.8183],[6.78386,46.81882],[6.78462,46.81947],[6.78414,46.81996],[6.78388,46.81942],[6.78345,46.81913],[6.78262,46.81905],[6.78246,46.81866],[6.78185,46.81816],[6.78125,46.81784],[6.7807,46.81785],[6.78108,46.81774],[6.78103,46.8175],[6.78125,46.8173],[6.78214,46.8171],[6.78113,46.81626],[6.78078,46.81642],[6.78115,46.81711],[6.7806,46.8175],[6.78005,46.81717],[6.77975,46.81719],[6.7789,46.81676],[6.77768,46.81586],[6.77754,46.81527],[6.7767,46.81459],[6.77608,46.81433],[6.77514,46.81419],[6.77443,46.81378],[6.77442,46.81359],[6.77344,46.81311],[6.77352,46.81294],[6.77335,46.81285],[6.77323,46.8123],[6.77301,46.81239],[6.77237,46.81225],[6.77155,46.81149],[6.77121,46.81142],[6.77109,46.81157],[6.77082,46.8115],[6.77058,46.81094],[6.76974,46.81052],[6.76908,46.80998],[6.76856,46.80978],[6.7685,46.80955],[6.76799,46.80941],[6.76799,46.80915],[6.76718,46.8089],[6.74187,46.82788],[6.86569,46.90958],[6.89102,46.88729]],[[6.78623,46.81793],[6.78488,46.8193],[6.78423,46.81878],[6.78513,46.81797],[6.78623,46.81793]],[[6.78108,46.81644],[6.78148,46.81691],[6.78146,46.81705],[6.78096,46.81648],[6.78108,46.81644]],[[6.78835,46.82209],[6.78792,46.82212],[6.78795,46.82182],[6.78835,46.82209]]]]}},{"type":"Feature","properties":{"id":"lac-de-seedorf-fr","c":"FR","p":"patent","q":"derived","k":"lake"},"geometry":{"type":"Polygon","coordinates":[[[7.03902,46.7946],[7.03761,46.7944],[7.03739,46.79456],[7.03736,46.795],[7.03841,46.79557],[7.0386,46.79615],[7.03927,46.79679],[7.0408,46.79734],[7.04159,46.79725],[7.04268,46.7964],[7.0432,46.79559],[7.04322,46.79524],[7.04282,46.79467],[7.04236,46.79456],[7.04161,46.79461],[7.03958,46.79439],[7.03902,46.7946]]]}},{"type":"Feature","properties":{"id":"lac-de-la-gruyere-fr","c":"FR","p":"patent","q":"derived","k":"lake"},"geometry":{"type":"Polygon","coordinates":[[[7.11088,46.71869],[7.11126,46.71908],[7.11167,46.71833],[7.11228,46.71788],[7.11314,46.71765],[7.11413,46.71769],[7.11413,46.71744],[7.11429,46.7174],[7.11386,46.7172],[7.11365,46.71733],[7.11363,46.71711],[7.11318,46.71692],[7.11318,46.71676],[7.11357,46.71659],[7.11344,46.71625],[7.11283,46.71612],[7.11233,46.7163],[7.11184,46.71587],[7.11181,46.71563],[7.11094,46.71559],[7.11078,46.71527],[7.10981,46.71495],[7.10953,46.71474],[7.10814,46.71134],[7.10807,46.7107],[7.10778,46.71054],[7.10726,46.71064],[7.1071,46.71029],[7.10636,46.71003],[7.10633,46.7095],[7.10611,46.70922],[7.10465,46.7095],[7.1042,46.70945],[7.10404,46.70879],[7.10374,46.70895],[7.10331,46.70884],[7.1027,46.70929],[7.10201,46.70931],[7.10079,46.7099],[7.10051,46.70897],[7.10023,46.70876],[7.1004,46.7085],[7.09962,46.7082],[7.09984,46.70777],[7.09911,46.70779],[7.09808,46.70729],[7.09784,46.70709],[7.09771,46.70636],[7.09776,46.70593],[7.09894,46.70534],[7.09933,46.70469],[7.09969,46.70454],[7.09965,46.70426],[7.09991,46.70401],[7.09959,46.70329],[7.09985,46.70301],[7.09946,46.70239],[7.09929,46.70149],[7.09973,46.7012],[7.10037,46.70113],[7.10207,46.6998],[7.10317,46.70033],[7.10395,46.70051],[7.10328,46.69983],[7.10301,46.69931],[7.10352,46.69891],[7.10429,46.69866],[7.10499,46.69813],[7.10527,46.69771],[7.10521,46.69677],[7.10436,46.69592],[7.10615,46.69567],[7.10784,46.69528],[7.10881,46.69471],[7.10945,46.6946],[7.10948,46.69442],[7.11057,46.69338],[7.11146,46.69197],[7.11162,46.69127],[7.11149,46.69047],[7.11076,46.68944],[7.1112,46.68881],[7.11113,46.68746],[7.11199,46.68669],[7.11393,46.68603],[7.11491,46.68611],[7.11636,46.68662],[7.11692,46.68669],[7.11851,46.6877],[7.11883,46.68868],[7.11932,46.68932],[7.12007,46.68992],[7.12025,46.69001],[7.12045,46.68993],[7.12028,46.68937],[7.12043,46.68931],[7.12065,46.68934],[7.12123,46.68999],[7.12152,46.69013],[7.12155,46.68997],[7.12091,46.68912],[7.12116,46.68894],[7.12064,46.68851],[7.12105,46.68823],[7.12109,46.6879],[7.12136,46.68775],[7.1208,46.68673],[7.12032,46.68653],[7.11978,46.68576],[7.11888,46.68494],[7.11703,46.68406],[7.11662,46.68397],[7.11628,46.68403],[7.11545,46.6836],[7.11536,46.6829],[7.11502,46.68273],[7.11534,46.68212],[7.11456,46.68258],[7.11364,46.68347],[7.1112,46.68337],[7.11097,46.68305],[7.11161,46.68273],[7.11204,46.68148],[7.11144,46.68167],[7.11128,46.68161],[7.11096,46.68209],[7.11038,46.68249],[7.11039,46.68296],[7.10976,46.68387],[7.10785,46.68434],[7.10726,46.68369],[7.10745,46.68352],[7.1082,46.68345],[7.10902,46.68289],[7.10909,46.68272],[7.1088,46.68226],[7.10949,46.68108],[7.11016,46.68059],[7.11086,46.67958],[7.10918,46.6786],[7.10775,46.67802],[7.10857,46.67757],[7.10881,46.67728],[7.10867,46.67717],[7.10766,46.67721],[7.10726,46.677],[7.1074,46.67544],[7.10706,46.67486],[7.1064,46.67426],[7.10608,46.6742],[7.10542,46.67433],[7.10575,46.67464],[7.10587,46.67517],[7.10613,46.6755],[7.10601,46.67595],[7.10482,46.67664],[7.10456,46.67693],[7.10405,46.677],[7.10269,46.67529],[7.1008,46.67423],[7.09944,46.67318],[7.09914,46.67269],[7.09884,46.67104],[7.10055,46.66932],[7.1007,46.66877],[7.10121,46.66852],[7.10086,46.66803],[7.10101,46.66755],[7.10104,46.66565],[7.10198,46.6651],[7.10298,46.66422],[7.10376,46.6643],[7.10441,46.66407],[7.10366,46.66397],[7.10345,46.66379],[7.10351,46.66311],[7.10393,46.66281],[7.10426,46.66216],[7.10266,46.66302],[7.10224,46.66343],[7.10195,46.66344],[7.10141,46.66326],[7.10112,46.66265],[7.10055,46.66275],[7.10029,46.66268],[7.09955,46.66238],[7.09903,46.66184],[7.09716,46.66136],[7.09673,46.66052],[7.09676,46.6602],[7.09697,46.65996],[7.09813,46.65969],[7.09837,46.65937],[7.09885,46.65918],[7.09909,46.65817],[7.09858,46.65825],[7.09755,46.65754],[7.09842,46.65656],[7.09856,46.65563],[7.09827,46.65566],[7.0981,46.65606],[7.09702,46.65693],[7.09606,46.65548],[7.09611,46.65522],[7.09709,46.65481],[7.09764,46.65433],[7.09812,46.65365],[7.09837,46.65271],[7.09865,46.65012],[7.09858,46.64929],[7.0983,46.64892],[7.09827,46.64779],[7.09799,46.64711],[7.0979,46.64557],[7.09904,46.64519],[7.09985,46.64442],[7.10033,46.64369],[7.10117,46.64347],[7.10049,46.64308],[7.10043,46.64224],[7.10127,46.6409],[7.10128,46.64023],[7.10108,46.63974],[7.10182,46.6394],[7.10216,46.6391],[7.1017,46.63877],[7.10243,46.63843],[7.10185,46.63823],[7.10197,46.63799],[7.10196,46.6364],[7.10177,46.63613],[7.1018,46.63588],[7.10384,46.63383],[7.10442,46.6325],[7.10481,46.63208],[7.10488,46.63151],[7.10542,46.63136],[7.10486,46.631],[7.10471,46.63014],[7.10522,46.62835],[7.10547,46.62812],[7.10533,46.6279],[7.1054,46.62631],[7.10519,46.62604],[7.10544,46.62373],[7.10524,46.62303],[7.10495,46.62274],[7.10506,46.62235],[7.10531,46.62223],[7.1056,46.62178],[7.10573,46.62116],[7.10561,46.6211],[7.10588,46.62087],[7.10547,46.62077],[7.10548,46.62033],[7.10572,46.62014],[7.10538,46.61949],[7.10556,46.61803],[7.10527,46.61585],[7.10576,46.61491],[7.10673,46.61419],[7.10741,46.61315],[7.10707,46.61289],[7.10659,46.61294],[7.10563,46.61278],[7.10399,46.61311],[7.10359,46.6137],[7.10327,46.61352],[7.10349,46.61298],[7.10294,46.61298],[7.10263,46.61313],[7.10194,46.61363],[7.1013,46.61493],[7.10089,46.61543],[7.10067,46.61537],[7.09935,46.61421],[7.09857,46.61395],[7.09744,46.6139],[7.0952,46.61438],[7.09544,46.61485],[7.09644,46.61469],[7.097,46.61489],[7.0969,46.61568],[7.09654,46.61625],[7.09599,46.61834],[7.09543,46.61877],[7.09407,46.62064],[7.09367,46.62222],[7.09291,46.62315],[7.09274,46.6238],[7.09299,46.62527],[7.09356,46.6256],[7.09421,46.62573],[7.09429,46.62612],[7.09455,46.62633],[7.09495,46.62636],[7.09554,46.62619],[7.09573,46.62627],[7.09441,46.6268],[7.09365,46.62682],[7.09344,46.62696],[7.09296,46.62754],[7.09319,46.62785],[7.09303,46.62809],[7.09323,46.6284],[7.09229,46.62851],[7.09154,46.62828],[7.09132,46.62841],[7.09146,46.62917],[7.09213,46.63],[7.09202,46.63222],[7.09297,46.63275],[7.09271,46.63327],[7.09278,46.63413],[7.09256,46.63447],[7.09258,46.63533],[7.09222,46.63605],[7.09228,46.63666],[7.09201,46.63694],[7.09162,46.63708],[7.09236,46.63783],[7.09235,46.63921],[7.0919,46.6397],[7.09162,46.64029],[7.09169,46.64109],[7.09105,46.64174],[7.09113,46.64207],[7.09168,46.64262],[7.09174,46.64343],[7.09205,46.64422],[7.09287,46.64541],[7.09289,46.64583],[7.09271,46.64605],[7.09253,46.64717],[7.09256,46.64866],[7.09334,46.64962],[7.09408,46.65118],[7.0945,46.65319],[7.09481,46.65413],[7.09503,46.65431],[7.09487,46.65469],[7.09505,46.6549],[7.09431,46.65567],[7.09383,46.65696],[7.09387,46.65723],[7.09343,46.65783],[7.09368,46.65807],[7.09245,46.65857],[7.09217,46.65888],[7.09066,46.6595],[7.09028,46.66001],[7.09023,46.66034],[7.0903,46.6608],[7.09058,46.66092],[7.09066,46.66119],[7.09117,46.66137],[7.09145,46.6618],[7.09312,46.6627],[7.09339,46.66338],[7.09435,46.66419],[7.09511,46.6652],[7.09549,46.66548],[7.09612,46.66629],[7.09607,46.66653],[7.09542,46.66728],[7.09453,46.66781],[7.09293,46.66814],[7.09123,46.66873],[7.08964,46.66896],[7.08945,46.66793],[7.08869,46.66702],[7.08851,46.66643],[7.08778,46.66592],[7.08747,46.6653],[7.08688,46.66481],[7.08676,46.66444],[7.08519,46.66524],[7.08388,46.66488],[7.08247,46.66513],[7.08168,46.6638],[7.08132,46.66345],[7.0812,46.6618],[7.08059,46.66125],[7.07982,46.66081],[7.07935,46.6603],[7.07892,46.6604],[7.07828,46.66031],[7.07743,46.66006],[7.07734,46.65973],[7.07714,46.6597],[7.07715,46.65983],[7.0774,46.66018],[7.07803,46.66045],[7.07931,46.66054],[7.07945,46.66068],[7.08037,46.66228],[7.07963,46.66366],[7.07954,46.66426],[7.07996,46.6646],[7.08053,46.66478],[7.0807,46.66514],[7.08143,46.66584],[7.08124,46.66645],[7.08082,46.66658],[7.07862,46.66664],[7.07807,46.66641],[7.07789,46.66655],[7.07897,46.66702],[7.07989,46.66724],[7.08134,46.66729],[7.08249,46.66715],[7.08322,46.66726],[7.08406,46.66793],[7.08438,46.6688],[7.08553,46.67018],[7.08561,46.67058],[7.08546,46.67167],[7.08568,46.67274],[7.08503,46.67322],[7.08375,46.67361],[7.08298,46.6736],[7.08256,46.67374],[7.08337,46.67387],[7.08485,46.67376],[7.08586,46.67383],[7.08703,46.67297],[7.08709,46.67426],[7.08743,46.67479],[7.08799,46.67527],[7.08801,46.6755],[7.08716,46.67583],[7.0865,46.67552],[7.08577,46.67558],[7.08569,46.67574],[7.08598,46.6759],[7.08637,46.67588],[7.08659,46.67622],[7.0854,46.6768],[7.08497,46.67715],[7.08697,46.67673],[7.08702,46.67663],[7.08784,46.67655],[7.08786,46.67677],[7.08763,46.67683],[7.08799,46.67701],[7.08789,46.67723],[7.08765,46.6773],[7.08778,46.67775],[7.08817,46.67807],[7.08857,46.67867],[7.09014,46.67987],[7.09161,46.68156],[7.09278,46.6825],[7.09423,46.68332],[7.09574,46.68391],[7.09744,46.68433],[7.09878,46.68492],[7.09933,46.68588],[7.10018,46.68653],[7.10054,46.68701],[7.10132,46.68692],[7.10243,46.68719],[7.10414,46.68784],[7.10451,46.68883],[7.10414,46.68928],[7.10412,46.6896],[7.10441,46.6897],[7.10461,46.6901],[7.10488,46.69135],[7.10642,46.69218],[7.10656,46.69238],[7.10642,46.69264],[7.10591,46.69297],[7.10563,46.69351],[7.1051,46.69242],[7.10468,46.69235],[7.10404,46.69191],[7.10345,46.69182],[7.10292,46.69106],[7.10199,46.69097],[7.10156,46.69054],[7.10083,46.69065],[7.1002,46.69007],[7.09959,46.69018],[7.09946,46.69073],[7.09897,46.69084],[7.09888,46.69123],[7.09854,46.69148],[7.09869,46.69204],[7.09853,46.69248],[7.09862,46.69285],[7.0984,46.6931],[7.09807,46.69312],[7.0978,46.69331],[7.09688,46.69306],[7.09616,46.69345],[7.09562,46.69332],[7.09529,46.69345],[7.09492,46.69328],[7.09449,46.69342],[7.0941,46.69324],[7.09391,46.69392],[7.09307,46.69354],[7.09281,46.69393],[7.09232,46.69398],[7.09249,46.69464],[7.09039,46.69435],[7.0886,46.69436],[7.08851,46.69464],[7.08947,46.6948],[7.09079,46.69543],[7.09134,46.69548],[7.09215,46.69598],[7.09247,46.69804],[7.09192,46.70046],[7.09239,46.70073],[7.09293,46.7013],[7.09426,46.70196],[7.09671,46.70168],[7.0963,46.70231],[7.09629,46.70258],[7.09657,46.7029],[7.09685,46.70375],[7.0948,46.70486],[7.09403,46.70487],[7.09379,46.70532],[7.09326,46.70563],[7.09305,46.70591],[7.09219,46.70599],[7.09145,46.7059],[7.09109,46.70599],[7.09082,46.70572],[7.08972,46.70558],[7.08822,46.70607],[7.08703,46.706],[7.08732,46.70623],[7.08874,46.70655],[7.09025,46.70656],[7.09045,46.70688],[7.0909,46.7068],[7.09218,46.70719],[7.09267,46.70719],[7.09372,46.70778],[7.09389,46.70819],[7.09374,46.70867],[7.09507,46.70867],[7.09556,46.70908],[7.09704,46.70922],[7.0982,46.71005],[7.09769,46.71099],[7.09847,46.71123],[7.09931,46.71201],[7.10008,46.7119],[7.10032,46.71175],[7.10096,46.71183],[7.10125,46.7115],[7.10286,46.71109],[7.1032,46.71111],[7.10357,46.7114],[7.10397,46.71147],[7.10464,46.71208],[7.10481,46.71236],[7.10472,46.71272],[7.10518,46.71317],[7.1051,46.71413],[7.10545,46.71431],[7.10554,46.71508],[7.10604,46.71507],[7.10603,46.71536],[7.10632,46.71554],[7.10632,46.71583],[7.10679,46.71589],[7.10669,46.7161],[7.10726,46.71617],[7.10844,46.71682],[7.10866,46.71745],[7.10939,46.71773],[7.10996,46.71776],[7.11033,46.71799],[7.11096,46.71788],[7.1112,46.71819],[7.11088,46.71869]],[[7.09314,46.68072],[7.09415,46.68106],[7.09478,46.68163],[7.09589,46.68173],[7.09613,46.68234],[7.09481,46.68198],[7.09338,46.6812],[7.09307,46.68085],[7.09314,46.68072]],[[7.10235,46.61441],[7.10322,46.61463],[7.10356,46.6152],[7.10331,46.61526],[7.10245,46.61477],[7.10228,46.61493],[7.10219,46.61565],[7.10203,46.61577],[7.10141,46.61572],[7.10213,46.61445],[7.10235,46.61441]],[[7.10063,46.69784],[7.10071,46.69848],[7.10006,46.69884],[7.09978,46.69847],[7.09992,46.69813],[7.10063,46.69784]]]}},{"type":"Feature","properties":{"id":"schiffenensee-fr","c":"FR","p":"patent","q":"derived","k":"lake"},"geometry":{"type":"Polygon","coordinates":[[[7.18898,46.88445],[7.18941,46.88369],[7.19066,46.88396],[7.19229,46.88403],[7.19381,46.88373],[7.19538,46.88308],[7.19416,46.88295],[7.19305,46.88241],[7.19255,46.88186],[7.19243,46.88091],[7.19152,46.8809],[7.19153,46.88075],[7.19082,46.88067],[7.19063,46.88076],[7.18871,46.88059],[7.18818,46.87955],[7.18819,46.87897],[7.18859,46.87804],[7.18843,46.87677],[7.1892,46.87637],[7.18968,46.87595],[7.18991,46.87514],[7.19046,46.87422],[7.19022,46.87378],[7.18994,46.87436],[7.18924,46.87493],[7.18886,46.87567],[7.18851,46.87581],[7.18821,46.87573],[7.18846,46.87484],[7.18938,46.87361],[7.18966,46.87301],[7.18956,46.87207],[7.18859,46.87147],[7.18655,46.8707],[7.18652,46.87047],[7.18748,46.86967],[7.19003,46.8686],[7.18959,46.86862],[7.18778,46.8691],[7.18716,46.8689],[7.18703,46.86923],[7.18537,46.87016],[7.18455,46.86956],[7.18089,46.86806],[7.18034,46.86739],[7.1801,46.86517],[7.17983,46.86461],[7.17864,46.86326],[7.17781,46.86266],[7.1773,46.86233],[7.17561,46.86173],[7.176,46.86136],[7.17615,46.86086],[7.17591,46.86027],[7.17598,46.85962],[7.17659,46.85881],[7.17746,46.85823],[7.17572,46.85888],[7.17553,46.85927],[7.17559,46.85957],[7.17521,46.85971],[7.17519,46.86042],[7.17444,46.86101],[7.17376,46.86118],[7.17189,46.86083],[7.17177,46.86069],[7.17208,46.85903],[7.17184,46.85749],[7.17002,46.85515],[7.16878,46.85406],[7.16863,46.85361],[7.16827,46.85363],[7.16812,46.85347],[7.16773,46.85272],[7.1674,46.85278],[7.16687,46.85229],[7.164,46.85089],[7.16377,46.8505],[7.16215,46.84956],[7.1615,46.84932],[7.15955,46.849],[7.15668,46.84888],[7.1556,46.8487],[7.15427,46.84864],[7.15289,46.84838],[7.15176,46.84787],[7.1512,46.84708],[7.15049,46.84673],[7.15022,46.8464],[7.14817,46.84556],[7.14692,46.84482],[7.14679,46.84313],[7.1472,46.84195],[7.14709,46.84024],[7.14702,46.83969],[7.14674,46.83936],[7.14678,46.83839],[7.14645,46.83738],[7.14703,46.83574],[7.14767,46.83448],[7.14827,46.83372],[7.14882,46.83337],[7.1514,46.83329],[7.15428,46.83235],[7.15538,46.83159],[7.15594,46.83159],[7.15811,46.83036],[7.15848,46.82999],[7.16067,46.82893],[7.16124,46.8282],[7.16223,46.82816],[7.16508,46.82773],[7.16725,46.82711],[7.16822,46.82696],[7.17018,46.82601],[7.17198,46.82362],[7.17239,46.82337],[7.17229,46.82306],[7.17279,46.82221],[7.17277,46.82165],[7.17244,46.81994],[7.17225,46.81954],[7.17194,46.81934],[7.17053,46.81904],[7.16855,46.8192],[7.16706,46.81905],[7.1645,46.81863],[7.1632,46.81815],[7.16333,46.81835],[7.16404,46.81866],[7.16413,46.81909],[7.16437,46.81928],[7.16539,46.81964],[7.16517,46.8197],[7.16385,46.81931],[7.16287,46.81847],[7.16252,46.81771],[7.16304,46.81712],[7.1641,46.81648],[7.16732,46.81517],[7.16744,46.81502],[7.1671,46.81375],[7.16633,46.81314],[7.16555,46.81276],[7.16545,46.8132],[7.16648,46.8138],[7.16678,46.81438],[7.16669,46.81479],[7.16621,46.81499],[7.16536,46.81477],[7.16448,46.81501],[7.16374,46.81502],[7.1628,46.81565],[7.16241,46.81575],[7.16143,46.81697],[7.16173,46.81752],[7.16164,46.81811],[7.16203,46.81832],[7.16202,46.81868],[7.16238,46.81926],[7.16436,46.82022],[7.16659,46.82039],[7.17051,46.82003],[7.17108,46.82019],[7.17134,46.82071],[7.17069,46.82173],[7.17085,46.82297],[7.17005,46.82449],[7.1688,46.82556],[7.16753,46.82613],[7.16544,46.82605],[7.16329,46.82646],[7.1622,46.82649],[7.16112,46.82633],[7.16052,46.82644],[7.15983,46.82638],[7.15695,46.82678],[7.1558,46.82725],[7.1549,46.82779],[7.15433,46.8285],[7.1539,46.82964],[7.15352,46.82896],[7.15294,46.82839],[7.15286,46.82862],[7.15338,46.82927],[7.15348,46.83006],[7.15314,46.83061],[7.15286,46.8308],[7.15161,46.83104],[7.14905,46.83101],[7.14841,46.83128],[7.14771,46.83134],[7.14629,46.83188],[7.14574,46.83263],[7.14421,46.83373],[7.14295,46.83545],[7.14259,46.83823],[7.14211,46.83906],[7.14207,46.83963],[7.14118,46.84113],[7.14121,46.84315],[7.14208,46.84364],[7.14216,46.84439],[7.14204,46.84465],[7.14223,46.84529],[7.14138,46.8452],[7.14111,46.8451],[7.1411,46.84481],[7.14061,46.84473],[7.14039,46.84485],[7.14038,46.84531],[7.14051,46.8456],[7.14097,46.84574],[7.14144,46.84622],[7.14216,46.84662],[7.14197,46.847],[7.14141,46.84701],[7.14104,46.84728],[7.13983,46.84732],[7.1397,46.84743],[7.14239,46.84826],[7.14437,46.84978],[7.14508,46.85017],[7.14822,46.85091],[7.14912,46.85105],[7.14987,46.85101],[7.15038,46.85126],[7.15162,46.85147],[7.15405,46.85265],[7.15446,46.85266],[7.15564,46.85298],[7.15714,46.85288],[7.15804,46.85299],[7.16031,46.85366],[7.16183,46.8546],[7.16316,46.85524],[7.16409,46.85526],[7.16462,46.85593],[7.16508,46.85621],[7.16536,46.85738],[7.166,46.85778],[7.16569,46.85853],[7.16481,46.85906],[7.16552,46.85919],[7.16578,46.85935],[7.16591,46.86084],[7.16635,46.86172],[7.16755,46.86289],[7.16794,46.86349],[7.16869,46.86401],[7.16859,46.86433],[7.16911,46.86428],[7.16979,46.86467],[7.17158,46.86505],[7.17258,46.86554],[7.17445,46.86811],[7.17422,46.8683],[7.17156,46.86875],[7.1748,46.86893],[7.17556,46.86989],[7.17702,46.87087],[7.17764,46.87108],[7.17759,46.87127],[7.17676,46.87174],[7.17651,46.87223],[7.17711,46.87192],[7.17825,46.87177],[7.18032,46.87292],[7.18129,46.87298],[7.18168,46.87333],[7.18261,46.8734],[7.1833,46.87364],[7.185,46.87359],[7.18525,46.87368],[7.18507,46.87501],[7.18419,46.87536],[7.18413,46.87581],[7.1844,46.87609],[7.18386,46.87642],[7.18385,46.87687],[7.18353,46.8772],[7.18374,46.87742],[7.18415,46.87912],[7.18392,46.87916],[7.18255,46.87876],[7.18314,46.87934],[7.18404,46.8798],[7.18412,46.88004],[7.18361,46.88021],[7.18475,46.88087],[7.1856,46.88231],[7.18666,46.88327],[7.1884,46.88388],[7.18848,46.88465],[7.18884,46.88501],[7.18903,46.88502],[7.18917,46.88497],[7.18898,46.88445]],[[7.16388,46.81582],[7.1629,46.81596],[7.16327,46.81574],[7.16401,46.81566],[7.16388,46.81582]]]}},{"type":"Feature","properties":{"id":"schwarzsee-fr","c":"FR","p":"patent","q":"derived","k":"lake"},"geometry":{"type":"Polygon","coordinates":[[[7.28692,46.67002],[7.28749,46.66871],[7.28631,46.66702],[7.28588,46.66682],[7.2849,46.6667],[7.28428,46.66649],[7.28435,46.66535],[7.28363,46.66485],[7.28309,46.66424],[7.28208,46.66367],[7.28231,46.66193],[7.28175,46.66124],[7.28157,46.66109],[7.28035,46.66101],[7.27957,46.66043],[7.27846,46.66026],[7.27649,46.65969],[7.27605,46.66023],[7.27653,46.66079],[7.27678,46.66094],[7.2771,46.66085],[7.27744,46.66129],[7.27792,46.66307],[7.27799,46.66403],[7.27777,46.66473],[7.27665,46.66581],[7.27681,46.66613],[7.27758,46.6666],[7.27867,46.66651],[7.27887,46.66687],[7.28038,46.66782],[7.28146,46.66792],[7.2819,46.66812],[7.28276,46.66919],[7.2829,46.66985],[7.28319,46.67003],[7.28368,46.66998],[7.28441,46.67042],[7.28536,46.67055],[7.28631,46.67039],[7.28662,46.67024],[7.28707,46.67023],[7.28692,46.67002]]]}},{"type":"Feature","properties":{"id":"lac-de-montsalvens-fr","c":"FR","p":"patent","q":"derived","k":"lake"},"geometry":{"type":"Polygon","coordinates":[[[7.14976,46.62141],[7.15001,46.62151],[7.15153,46.6206],[7.15179,46.62018],[7.15168,46.61977],[7.15134,46.61954],[7.15023,46.61947],[7.14985,46.61959],[7.14972,46.61978],[7.14932,46.61977],[7.14904,46.61954],[7.14856,46.61868],[7.14746,46.61835],[7.14686,46.61771],[7.14607,46.61726],[7.14721,46.61695],[7.14836,46.6172],[7.14959,46.61775],[7.14974,46.61795],[7.14962,46.61881],[7.15042,46.61905],[7.15133,46.6187],[7.15189,46.61878],[7.15229,46.6186],[7.15327,46.61769],[7.15339,46.61734],[7.15455,46.61727],[7.15575,46.61671],[7.1565,46.61671],[7.15708,46.6172],[7.15806,46.61745],[7.15854,46.61739],[7.15928,46.61698],[7.16015,46.61683],[7.1609,46.61637],[7.16168,46.61564],[7.16264,46.61571],[7.162,46.61548],[7.16226,46.61532],[7.16291,46.61428],[7.16281,46.6142],[7.1626,46.61438],[7.16182,46.61524],[7.16152,46.61538],[7.16057,46.61544],[7.15943,46.61596],[7.15912,46.61595],[7.16162,46.61459],[7.15953,46.61557],[7.15872,46.61582],[7.15829,46.61613],[7.15773,46.61616],[7.15743,46.61603],[7.15691,46.61613],[7.15654,46.61589],[7.15568,46.61597],[7.15544,46.61615],[7.15517,46.61598],[7.15473,46.61596],[7.15371,46.61615],[7.15281,46.61611],[7.15232,46.61642],[7.15234,46.61672],[7.15263,46.61698],[7.15259,46.6172],[7.15233,46.61742],[7.15208,46.61745],[7.15172,46.61734],[7.15104,46.61683],[7.15097,46.61635],[7.15037,46.6156],[7.14976,46.6152],[7.14931,46.61509],[7.14784,46.61506],[7.14741,46.61518],[7.14702,46.61541],[7.14665,46.61596],[7.14684,46.61646],[7.14622,46.61676],[7.14571,46.61653],[7.14446,46.6164],[7.14341,46.61586],[7.14256,46.6152],[7.14201,46.61506],[7.1436,46.61342],[7.14318,46.6133],[7.14313,46.61251],[7.14252,46.61157],[7.14216,46.61143],[7.14295,46.6096],[7.14384,46.60893],[7.14384,46.60865],[7.14412,46.60829],[7.144,46.60821],[7.14326,46.60874],[7.1425,46.60874],[7.14174,46.60906],[7.1407,46.60972],[7.14029,46.61008],[7.14025,46.61027],[7.13917,46.61071],[7.13771,46.61037],[7.13639,46.61039],[7.1358,46.61046],[7.13545,46.61068],[7.1331,46.6108],[7.1322,46.61122],[7.13186,46.61216],[7.13268,46.61224],[7.1329,46.61274],[7.1338,46.6131],[7.13374,46.61324],[7.13395,46.61326],[7.13347,46.6136],[7.13705,46.61438],[7.13806,46.61513],[7.13846,46.61494],[7.13851,46.61458],[7.13911,46.61449],[7.13941,46.61453],[7.13994,46.61494],[7.14039,46.61498],[7.14102,46.61552],[7.14215,46.61603],[7.14324,46.61684],[7.14416,46.61701],[7.14597,46.61784],[7.14642,46.61868],[7.14759,46.61903],[7.14798,46.61925],[7.148,46.61964],[7.14864,46.6202],[7.1502,46.62078],[7.14976,46.62141]],[[7.15995,46.61669],[7.15897,46.61679],[7.16014,46.61589],[7.16053,46.61582],[7.16043,46.61576],[7.16091,46.61557],[7.16134,46.61562],[7.16068,46.61631],[7.15995,46.61669]],[[7.15761,46.61727],[7.15815,46.61703],[7.15921,46.61698],[7.15821,46.61737],[7.15761,46.61727]]]}},{"type":"Feature","properties":{"id":"biberen-fr","c":"FR","p":"patent","q":"derived","k":"river"},"geometry":{"type":"MultiLineString","coordinates":[[[7.12771,46.87342],[7.12792,46.87405],[7.12767,46.87447],[7.12759,46.87607],[7.12855,46.87712],[7.12936,46.87766],[7.1292,46.8793],[7.12956,46.88033],[7.12931,46.88125],[7.12968,46.88267],[7.12997,46.88298],[7.12994,46.88357],[7.13057,46.88483],[7.12992,46.88685],[7.13019,46.88722]],[[7.13102,46.88794],[7.13324,46.88945],[7.13597,46.89186],[7.13934,46.8933],[7.14091,46.89451],[7.14617,46.89607],[7.14879,46.89744],[7.14947,46.89763],[7.15687,46.89887],[7.1592,46.89837],[7.16156,46.89835],[7.16276,46.898],[7.16512,46.89805],[7.17036,46.89943],[7.17122,46.89951],[7.17383,46.89906],[7.17614,46.89906],[7.17844,46.89779],[7.17948,46.8978],[7.1819,46.89894],[7.18281,46.89986],[7.184,46.90052],[7.18568,46.90289],[7.18693,46.90295],[7.18886,46.90376],[7.19034,46.90409],[7.19148,46.90556],[7.19318,46.90669],[7.19462,46.90724],[7.19616,46.90743],[7.19829,46.90822],[7.19932,46.90913],[7.19976,46.91017],[7.20574,46.91481]],[[7.20514,46.92153],[7.20471,46.92211],[7.20514,46.92274],[7.20484,46.92303],[7.20515,46.92431],[7.20478,46.92501],[7.20506,46.92548],[7.20473,46.92589],[7.2053,46.92798],[7.20495,46.92843],[7.20488,46.92976],[7.20344,46.93091],[7.20371,46.93147],[7.20342,46.93206],[7.20357,46.93255],[7.20265,46.93303],[7.20172,46.93433],[7.20102,46.93474],[7.19965,46.93498],[7.19996,46.93539],[7.19932,46.93618],[7.19948,46.93735],[7.19871,46.93784],[7.19892,46.93856],[7.19947,46.93912],[7.20023,46.93889],[7.20136,46.93934],[7.20252,46.9393],[7.20324,46.9396],[7.20438,46.93962]],[[7.20808,46.95929],[7.2064,46.95992]]]}},{"type":"Feature","properties":{"id":"biberenkanal-fr","c":"FR","p":"patent","q":"derived","k":"river"},"geometry":{"type":"LineString","coordinates":[[7.19876,46.95972],[7.1978,46.96036],[7.19434,46.96108],[7.19392,46.9614],[7.1938,46.96221],[7.1943,46.96305],[7.19431,46.96439],[7.19495,46.96504],[7.19465,46.96578],[7.19523,46.96651],[7.19476,46.96677],[7.19437,46.96738],[7.19165,46.9675],[7.1888,46.96739],[7.18607,46.96614],[7.18503,46.96595],[7.18397,46.96631],[7.1833,46.96695],[7.18257,46.96716],[7.18119,46.9671],[7.17945,46.96735],[7.13043,46.97444],[7.12601,46.97434]]}},{"type":"Feature","properties":{"id":"veveyse-de-fegire-fr","c":"FR","p":"patent","q":"derived","k":"river"},"geometry":{"type":"MultiLineString","coordinates":[[[6.90339,46.51314],[6.90199,46.51333],[6.90094,46.5132],[6.90146,46.51241],[6.90067,46.51188],[6.89984,46.51093],[6.89965,46.51037],[6.89879,46.5097],[6.89779,46.50949],[6.89692,46.50897],[6.89653,46.50807],[6.89588,46.5076]],[[6.91982,46.50895],[6.9189,46.50962],[6.918,46.50963],[6.91685,46.51051],[6.91585,46.51064],[6.9157,46.51031],[6.91527,46.51033]],[[6.92743,46.5046],[6.92707,46.50479],[6.92722,46.50527],[6.92706,46.50552],[6.92618,46.50613],[6.92567,46.50731],[6.92486,46.50776],[6.92318,46.50818],[6.92296,46.50857]],[[6.93306,46.50261],[6.9335,46.50307],[6.93265,46.50328],[6.93201,46.50314],[6.93084,46.50424],[6.9311,46.50454],[6.93097,46.5047],[6.92961,46.50495],[6.92883,46.50457],[6.92785,46.50457]],[[6.95835,46.49877],[6.95575,46.49973],[6.95555,46.50071],[6.95424,46.50135],[6.95419,46.50196],[6.95329,46.50178],[6.95282,46.50211],[6.9515,46.502],[6.95098,46.50232],[6.95082,46.5027],[6.95032,46.50268]],[[6.96701,46.49271],[6.96565,46.49319],[6.96526,46.4938],[6.96475,46.49402]],[[6.97272,46.48522],[6.97234,46.48564],[6.97291,46.48631],[6.97243,46.4877],[6.97278,46.48794]],[[6.97316,46.48893],[6.97353,46.48935],[6.97285,46.49003]],[[6.97341,46.48348],[6.97299,46.48404]],[[6.97507,46.47957],[6.97465,46.48047],[6.97392,46.48105]]]}},{"type":"Feature","properties":{"id":"veveyse-fr","c":"FR","p":"patent","q":"derived","k":"river"},"geometry":{"type":"LineString","coordinates":[[6.98853,46.50283],[6.98797,46.50344],[6.98701,46.50551],[6.98735,46.50624],[6.98718,46.50665],[6.98731,46.50726],[6.98779,46.50836],[6.99137,46.51094],[6.99113,46.51277],[6.99021,46.51327],[6.99019,46.51378],[6.98966,46.51392],[6.98994,46.51444],[6.98947,46.51519],[6.98837,46.51606],[6.98654,46.51692],[6.98606,46.51687],[6.98543,46.51709],[6.98472,46.5176],[6.9839,46.51788],[6.98357,46.51788],[6.98312,46.51757],[6.98229,46.5177],[6.9819,46.51721],[6.98072,46.51693],[6.97992,46.51739],[6.97935,46.51725],[6.9783,46.51781],[6.97565,46.5185],[6.97419,46.51907],[6.97408,46.51937],[6.97349,46.5194],[6.97297,46.51905],[6.97263,46.51923],[6.97149,46.51901],[6.97018,46.51967],[6.96982,46.52019],[6.9682,46.52076],[6.96817,46.52138],[6.96723,46.52127],[6.96616,46.52174],[6.96488,46.52134],[6.96477,46.52156],[6.96264,46.5226],[6.96239,46.52304],[6.96188,46.52287],[6.96127,46.52317],[6.96045,46.52295],[6.95865,46.52319],[6.9579,46.52347],[6.95726,46.52342],[6.9566,46.52419],[6.95588,46.52412],[6.95501,46.5244],[6.95432,46.5244],[6.95413,46.52477],[6.95317,46.52499],[6.95243,46.52566],[6.95076,46.52527],[6.94889,46.52548],[6.94842,46.52578],[6.9476,46.52534],[6.94725,46.5255],[6.94699,46.52619],[6.94593,46.52657],[6.945,46.52634],[6.94411,46.52671],[6.94312,46.52672],[6.9426,46.52632],[6.94114,46.52623],[6.93943,46.52709],[6.93855,46.52701],[6.93651,46.52725],[6.93608,46.52712],[6.93616,46.52651],[6.93591,46.52637],[6.93392,46.52625],[6.93308,46.52601],[6.93188,46.52704],[6.93121,46.52699],[6.93062,46.52768],[6.93,46.52751],[6.92876,46.52787],[6.92816,46.52745],[6.9278,46.52686],[6.92744,46.52687],[6.92643,46.5273],[6.92587,46.5284],[6.92551,46.52832],[6.9252,46.52792],[6.92477,46.5279],[6.92413,46.5285],[6.92417,46.52687],[6.92319,46.52666],[6.92108,46.5287],[6.92013,46.52789],[6.91903,46.52842],[6.91841,46.52835],[6.91716,46.52899],[6.91501,46.52867],[6.91271,46.52894],[6.91141,46.52936],[6.90952,46.52957],[6.90503,46.52841],[6.90135,46.52636],[6.90112,46.52582],[6.90134,46.5255],[6.90061,46.52445],[6.90077,46.52384],[6.90042,46.52356],[6.90021,46.52279],[6.8992,46.52227],[6.89881,46.52173],[6.89801,46.52129],[6.89804,46.52049],[6.89766,46.52006]]}},{"type":"Feature","properties":{"id":"taverna-fr","c":"FR","p":"patent","q":"derived","k":"river"},"geometry":{"type":"LineString","coordinates":[[7.22542,46.83863],[7.22248,46.83583],[7.22177,46.83444],[7.22099,46.83374],[7.22129,46.83321],[7.22244,46.83214],[7.22279,46.83136],[7.2223,46.82621],[7.22586,46.82285],[7.22808,46.82225],[7.23652,46.81674],[7.23859,46.81633],[7.24303,46.81665],[7.24705,46.81804],[7.2525,46.81936],[7.25385,46.82056],[7.25386,46.8227],[7.25542,46.82568],[7.2545,46.82911],[7.25647,46.8313],[7.25834,46.83262],[7.25859,46.83333],[7.2592,46.83363],[7.25902,46.83392],[7.25914,46.83438],[7.25992,46.83472],[7.2596,46.83569],[7.25994,46.83606],[7.25959,46.83635],[7.25973,46.8366],[7.25936,46.83664],[7.25949,46.83729],[7.25898,46.83749],[7.25909,46.8383],[7.2585,46.83898],[7.25881,46.83916],[7.25863,46.83929],[7.25877,46.83968],[7.2582,46.84],[7.25763,46.84167],[7.25788,46.84292],[7.26004,46.84379],[7.26033,46.84437],[7.26107,46.8446],[7.26155,46.84445],[7.2621,46.84508],[7.2623,46.84584],[7.2628,46.84632],[7.26239,46.84836],[7.26134,46.84955],[7.26067,46.85137],[7.26076,46.85187],[7.2612,46.85223],[7.26134,46.8533],[7.2619,46.85375],[7.26209,46.8546],[7.26186,46.85494],[7.26235,46.85586],[7.26313,46.85619],[7.26339,46.85694],[7.26449,46.85693],[7.26488,46.85667],[7.26699,46.85742],[7.26733,46.85702],[7.26789,46.85687],[7.26881,46.85731],[7.26902,46.85775],[7.27028,46.85809],[7.27188,46.85901],[7.27179,46.85965],[7.27213,46.86029],[7.27189,46.86135],[7.27024,46.86168],[7.26914,46.86296],[7.26902,46.86379],[7.26964,46.86477],[7.27024,46.86513],[7.27229,46.86575],[7.27247,46.86602],[7.27376,46.86646],[7.27437,46.86695],[7.27503,46.86703],[7.27581,46.86777],[7.27752,46.8683],[7.27854,46.86895],[7.27888,46.86968],[7.27949,46.87021],[7.28155,46.8711],[7.28185,46.87158],[7.2829,46.87175],[7.28399,46.8724],[7.28495,46.87264],[7.28496,46.87291],[7.28598,46.87315],[7.28648,46.87355],[7.28729,46.8738],[7.28766,46.87407],[7.28776,46.87449],[7.28835,46.87479],[7.29063,46.87531],[7.29309,46.87543],[7.294,46.87526],[7.29491,46.87576],[7.29615,46.87589],[7.29649,46.87617],[7.29735,46.87626],[7.29871,46.87689],[7.2996,46.87697],[7.30038,46.87793],[7.30059,46.87924],[7.301,46.87953],[7.30141,46.88096],[7.30229,46.88182],[7.30364,46.88253],[7.30515,46.8828],[7.30599,46.88263],[7.30635,46.88298],[7.30797,46.88337],[7.30879,46.8839],[7.30927,46.8839],[7.30944,46.88455],[7.3087,46.88529],[7.30946,46.88657],[7.30916,46.88681],[7.30791,46.88706],[7.30833,46.888],[7.3089,46.88861],[7.30899,46.88921],[7.30936,46.88953],[7.30925,46.89035],[7.309,46.89086],[7.30811,46.89139]]}},{"type":"Feature","properties":{"id":"lettiswilbach-fr","c":"FR","p":"patent","q":"derived","k":"river"},"geometry":{"type":"LineString","coordinates":[[7.2905,46.81492],[7.29302,46.81611],[7.29299,46.81636],[7.29389,46.81726],[7.29386,46.81805],[7.29344,46.81894],[7.29398,46.81936],[7.29342,46.81978],[7.29335,46.82014],[7.29357,46.8207],[7.29496,46.82143],[7.29512,46.82174],[7.29493,46.82288],[7.29438,46.82376],[7.29488,46.82547],[7.29289,46.82659],[7.29094,46.82822],[7.28908,46.82868],[7.28904,46.82908],[7.288,46.82988],[7.28702,46.83007],[7.28629,46.83069],[7.28524,46.83091],[7.28386,46.83285],[7.28327,46.8328],[7.2828,46.83374],[7.28337,46.8346],[7.28448,46.83488],[7.28483,46.83517],[7.28439,46.83621],[7.28452,46.83654],[7.28104,46.83836],[7.28127,46.83917],[7.28053,46.83937],[7.28052,46.83963],[7.27983,46.84018],[7.27907,46.84045],[7.27675,46.84081],[7.27585,46.84374],[7.27609,46.84423],[7.27591,46.84471],[7.2761,46.84528],[7.27663,46.84559],[7.27689,46.84609],[7.27667,46.84633],[7.27702,46.84647],[7.27712,46.84703],[7.27754,46.84706],[7.27782,46.8475],[7.27841,46.84774],[7.27894,46.84781],[7.27951,46.84764],[7.28115,46.84855],[7.2838,46.84916],[7.28477,46.84982],[7.28526,46.8508],[7.28595,46.85114],[7.28684,46.85203],[7.28742,46.85276],[7.28761,46.85361],[7.2883,46.85409],[7.28816,46.85565],[7.28748,46.85558],[7.28693,46.85525],[7.28558,46.85548],[7.28303,46.8549],[7.28204,46.85508],[7.28067,46.85454],[7.28008,46.8545],[7.27982,46.85471],[7.27921,46.85469],[7.27866,46.8563],[7.27814,46.85651],[7.27662,46.8567],[7.27656,46.85688],[7.27694,46.85708],[7.2766,46.85751],[7.27537,46.85767],[7.275,46.85812],[7.27336,46.85841],[7.27192,46.85915]]}},{"type":"Feature","properties":{"id":"sodbach-fr","c":"FR","p":"patent","q":"derived","k":"river"},"geometry":{"type":"LineString","coordinates":[[7.28714,46.80354],[7.28852,46.80373],[7.28976,46.80327],[7.29106,46.80303],[7.29255,46.80157],[7.2944,46.80148],[7.29561,46.80205],[7.29604,46.80188],[7.29667,46.80221],[7.29751,46.80331],[7.2977,46.80385],[7.29754,46.80419],[7.29806,46.8051],[7.29788,46.80558],[7.29863,46.80616],[7.29981,46.8065],[7.30106,46.80835],[7.30396,46.81068],[7.30447,46.81065],[7.3053,46.81154],[7.30589,46.81183],[7.30601,46.81254],[7.30633,46.81283],[7.30632,46.81346],[7.30549,46.81484],[7.30625,46.81574],[7.30705,46.81601],[7.30732,46.8159],[7.30776,46.81646],[7.30943,46.81646],[7.30964,46.81683],[7.31059,46.81695],[7.31131,46.81728],[7.31212,46.81801],[7.31208,46.81901],[7.31309,46.81996],[7.31321,46.82104],[7.31249,46.82151],[7.31242,46.82198],[7.31196,46.82216],[7.31199,46.82289],[7.31267,46.82344],[7.31341,46.82343],[7.31559,46.82412],[7.3168,46.82514],[7.31813,46.82532],[7.31841,46.82637],[7.31907,46.82708],[7.32103,46.82739],[7.32179,46.82787],[7.32348,46.82785]]}},{"type":"Feature","properties":{"id":"tuetschbach-fr","c":"FR","p":"patent","q":"derived","k":"river"},"geometry":{"type":"LineString","coordinates":[[7.27057,46.71291],[7.26957,46.71353],[7.26861,46.71447],[7.26794,46.71478],[7.2677,46.7152],[7.268,46.7164],[7.26897,46.71793],[7.26891,46.71822],[7.2682,46.71869],[7.26757,46.72007],[7.26804,46.72068],[7.26789,46.72091],[7.26839,46.72135],[7.26829,46.72172],[7.26776,46.72205],[7.26801,46.72255],[7.26769,46.72306],[7.26809,46.724],[7.26778,46.72516],[7.26801,46.72561],[7.26841,46.72583],[7.26845,46.72667],[7.26811,46.72809],[7.26726,46.72852],[7.26726,46.72908],[7.26632,46.73012],[7.26661,46.73055],[7.26623,46.73067],[7.26606,46.73124],[7.26517,46.73172],[7.2646,46.73233],[7.26496,46.73372],[7.26671,46.73489],[7.26835,46.73502],[7.26903,46.73544],[7.26955,46.73528],[7.27185,46.73564],[7.27281,46.73535],[7.27457,46.73585],[7.27556,46.7357],[7.27583,46.73602],[7.27553,46.73661],[7.27611,46.73735],[7.27722,46.73771],[7.27882,46.73787],[7.28029,46.73881],[7.28192,46.73914],[7.28249,46.73981],[7.28464,46.74139],[7.28543,46.74281],[7.28504,46.7432],[7.28572,46.74363],[7.2875,46.74401],[7.2885,46.74385],[7.28912,46.74416],[7.29014,46.74428],[7.29127,46.74496],[7.29194,46.74618],[7.29253,46.74628],[7.29282,46.74662],[7.29271,46.74703],[7.29315,46.74797],[7.29399,46.74842],[7.29401,46.7488],[7.29483,46.74974],[7.2957,46.74991],[7.29697,46.75069],[7.29952,46.7528],[7.30061,46.75294],[7.30061,46.75364],[7.30169,46.75385],[7.30166,46.75493],[7.30191,46.75538],[7.30165,46.75608],[7.30196,46.75644],[7.30197,46.7571],[7.30239,46.75805],[7.30311,46.75849],[7.30333,46.75906]]}},{"type":"Feature","properties":{"id":"rufenenbach-fr","c":"FR","p":"patent","q":"derived","k":"river"},"geometry":{"type":"LineString","coordinates":[[7.27237,46.70823],[7.27497,46.70886],[7.27521,46.70973],[7.27587,46.71059],[7.27734,46.71194],[7.27745,46.71316],[7.27705,46.71454],[7.2776,46.71524],[7.27771,46.71616],[7.27815,46.71659],[7.27886,46.71898],[7.27989,46.72008],[7.27977,46.72174],[7.2813,46.72318],[7.28192,46.72478],[7.28456,46.72633],[7.2862,46.72669],[7.28889,46.72827],[7.2899,46.72927],[7.29134,46.72943],[7.29227,46.72929],[7.29629,46.73126]]}},{"type":"Feature","properties":{"id":"richterswilbach-fr","c":"FR","p":"patent","q":"derived","k":"river"},"geometry":{"type":"LineString","coordinates":[[7.22589,46.85523],[7.22539,46.8559],[7.2254,46.85635],[7.22768,46.85863],[7.2312,46.85914],[7.23359,46.86065],[7.23468,46.86111],[7.23553,46.862],[7.23787,46.86365],[7.23921,46.86406],[7.23974,46.86408],[7.24004,46.86391],[7.2413,46.86431],[7.24357,46.86541],[7.24422,46.86619],[7.24411,46.86663],[7.24365,46.86673],[7.24274,46.86738],[7.24201,46.8673],[7.24138,46.867],[7.23914,46.86735],[7.23893,46.86819],[7.23781,46.86952],[7.23582,46.86963],[7.23518,46.86987],[7.23342,46.86947],[7.23288,46.86971],[7.23206,46.86948],[7.2317,46.86958],[7.23164,46.87022],[7.22995,46.87157],[7.22999,46.87188],[7.2291,46.87301],[7.2291,46.87341],[7.2283,46.87432],[7.22746,46.87451],[7.22743,46.87482],[7.22655,46.87568],[7.22655,46.87739],[7.22631,46.87784],[7.22566,46.8781],[7.22523,46.87875],[7.22447,46.8793],[7.22392,46.87939],[7.22207,46.88045],[7.22123,46.88042],[7.22059,46.88087],[7.22052,46.8813],[7.22083,46.88152],[7.22054,46.88167],[7.22025,46.88239],[7.21989,46.88251],[7.21935,46.88362],[7.2198,46.88431],[7.21981,46.88528],[7.2202,46.88571],[7.22018,46.886],[7.21988,46.88679],[7.21931,46.88743],[7.21933,46.88784],[7.2184,46.88822],[7.21843,46.89025],[7.21802,46.89157],[7.2171,46.89267],[7.21695,46.89345],[7.21629,46.89397],[7.21632,46.89496],[7.2158,46.89544]]}},{"type":"Feature","properties":{"id":"gotteron-fr","c":"FR","p":"patent","q":"derived","k":"river"},"geometry":{"type":"LineString","coordinates":[[7.25356,46.74782],[7.25272,46.75035],[7.25344,46.75218],[7.25317,46.75264],[7.2521,46.75314],[7.25175,46.75372],[7.25211,46.75591],[7.25165,46.75597],[7.25156,46.75652],[7.25483,46.75976],[7.25504,46.76011],[7.25473,46.76043],[7.25478,46.7607],[7.25656,46.7627],[7.2565,46.76312],[7.25749,46.76419],[7.25759,46.76509],[7.25791,46.76528],[7.25977,46.76555],[7.26049,46.76597],[7.26114,46.76602],[7.26137,46.7666],[7.26198,46.7669],[7.26192,46.768],[7.26242,46.7684],[7.26226,46.76886],[7.26309,46.76901],[7.26313,46.76931],[7.26364,46.7697],[7.26441,46.7692],[7.26513,46.76925],[7.2659,46.76986],[7.26639,46.76967],[7.26693,46.76985],[7.26727,46.76941],[7.26786,46.76919],[7.26997,46.76894],[7.27111,46.76851],[7.27202,46.7693],[7.27315,46.77203],[7.27353,46.77222],[7.27343,46.77242],[7.27386,46.77317],[7.27362,46.77386],[7.27405,46.7741],[7.27411,46.77437],[7.27442,46.77438],[7.27394,46.77486],[7.27402,46.77523],[7.27367,46.77549],[7.27336,46.77539],[7.2734,46.77561],[7.273,46.77569],[7.27301,46.77637],[7.27259,46.77634],[7.27221,46.77654],[7.27273,46.77711],[7.27225,46.77732],[7.27234,46.77774],[7.27197,46.77798],[7.27262,46.77857],[7.27255,46.7791],[7.27352,46.77978],[7.27336,46.78072],[7.273,46.78091],[7.27266,46.78075],[7.2724,46.78123],[7.27159,46.78151],[7.27129,46.78216],[7.27062,46.78225],[7.27048,46.78274],[7.27008,46.78272],[7.27009,46.78294],[7.26981,46.78298],[7.2699,46.78329],[7.26832,46.78299],[7.26786,46.78334],[7.26804,46.78379],[7.26786,46.78396],[7.26763,46.78385],[7.26713,46.78416],[7.26644,46.78379],[7.26538,46.7841],[7.26488,46.78488],[7.26512,46.78534],[7.26481,46.78532],[7.26518,46.78581],[7.26469,46.7864],[7.26522,46.78755],[7.26448,46.78771],[7.26358,46.78836],[7.26375,46.78895],[7.26319,46.78938],[7.26331,46.78967],[7.26242,46.79038],[7.26226,46.79078],[7.26188,46.79067],[7.2612,46.79082],[7.26093,46.79147],[7.26042,46.79138],[7.26013,46.79173],[7.25899,46.79163],[7.25865,46.79203],[7.25793,46.79179],[7.25718,46.79219],[7.25657,46.79215],[7.25619,46.79243],[7.25541,46.79205],[7.25525,46.79239],[7.25449,46.79243],[7.25405,46.79198],[7.25327,46.79218],[7.25287,46.79195],[7.25246,46.79222],[7.25201,46.79188],[7.25189,46.7921],[7.25132,46.79212],[7.25156,46.79157],[7.25094,46.79134],[7.24947,46.79181],[7.24848,46.79138],[7.24826,46.79168],[7.24782,46.79181],[7.24728,46.79151],[7.24632,46.79136],[7.24635,46.79098],[7.2454,46.79095],[7.245,46.7905],[7.24469,46.79054],[7.24461,46.79087],[7.24396,46.79073],[7.24373,46.79048],[7.24315,46.79048],[7.24341,46.79001],[7.24322,46.78987],[7.24251,46.79006],[7.24218,46.79033],[7.24194,46.79005],[7.24057,46.79032],[7.24048,46.78997],[7.24019,46.78988],[7.23765,46.79035],[7.23569,46.79002],[7.2338,46.78944],[7.23312,46.78988],[7.2324,46.78952],[7.23142,46.78973],[7.23067,46.78962],[7.22975,46.78997],[7.22919,46.78987],[7.22808,46.79063],[7.22774,46.79059],[7.22721,46.79013],[7.22696,46.79039],[7.22673,46.79193],[7.2261,46.79202],[7.2255,46.79173],[7.22539,46.79205],[7.22503,46.79208],[7.22504,46.79341],[7.22408,46.79399],[7.22333,46.79386],[7.22348,46.79481],[7.22289,46.79477],[7.22252,46.79498],[7.22211,46.79484],[7.22193,46.79522],[7.22112,46.79536],[7.22095,46.79593],[7.22033,46.79588],[7.22014,46.79606],[7.22042,46.79709],[7.21939,46.79826],[7.21862,46.79838],[7.21913,46.79963],[7.21833,46.80069],[7.21818,46.80136],[7.21716,46.80232],[7.217,46.80274],[7.21621,46.80303],[7.21581,46.80378],[7.21436,46.80429],[7.21286,46.80399],[7.21216,46.80431],[7.21222,46.80474],[7.21111,46.805],[7.21022,46.80572],[7.20858,46.80554],[7.20754,46.8061],[7.20662,46.80617],[7.20671,46.80648],[7.20638,46.80672],[7.20399,46.80714],[7.20241,46.8077],[7.20209,46.80762],[7.20149,46.80687],[7.20079,46.80703],[7.20025,46.80761],[7.19975,46.80686],[7.1985,46.80635],[7.19746,46.8065],[7.19608,46.80614],[7.195,46.80635],[7.19448,46.80586],[7.19024,46.80447],[7.18884,46.80446],[7.18804,46.80375],[7.18776,46.80305],[7.1868,46.80251],[7.1857,46.80228],[7.18419,46.80223],[7.18315,46.80274],[7.18242,46.80286],[7.18021,46.80279],[7.17949,46.80261],[7.17795,46.80271],[7.17666,46.80248],[7.17443,46.8032],[7.17317,46.80389],[7.17072,46.80447],[7.16961,46.80445],[7.16894,46.80468]]}},{"type":"Feature","properties":{"id":"tasbergbach-fr","c":"FR","p":"patent","q":"derived","k":"river"},"geometry":{"type":"LineString","coordinates":[[7.24454,46.76324],[7.24171,46.76168],[7.24033,46.76022],[7.24017,46.75877],[7.23774,46.75671],[7.23608,46.75648],[7.23512,46.75674],[7.23456,46.75651],[7.23396,46.75652],[7.23367,46.75626],[7.23305,46.75651],[7.23225,46.75642],[7.23242,46.75628],[7.23209,46.75625],[7.23029,46.75641],[7.22822,46.75684],[7.22725,46.75676],[7.2255,46.75779],[7.22464,46.7579],[7.22383,46.75827],[7.22386,46.75875],[7.22326,46.75926],[7.2221,46.75975],[7.22069,46.76146],[7.22139,46.762],[7.22111,46.76268],[7.22123,46.76299],[7.22058,46.76364],[7.22075,46.76457],[7.22044,46.76473],[7.22024,46.76544],[7.2198,46.76559],[7.22003,46.7658],[7.21974,46.76593],[7.21991,46.76623],[7.21975,46.76647],[7.22013,46.76655],[7.2202,46.76674],[7.21973,46.76743],[7.2195,46.76747],[7.21993,46.76784],[7.21989,46.76833],[7.22092,46.76889],[7.22075,46.76924],[7.22118,46.76909],[7.22181,46.77021],[7.22153,46.77143],[7.22059,46.7717],[7.21947,46.7729],[7.21869,46.77294],[7.21853,46.77349],[7.21809,46.77361],[7.21803,46.77389],[7.21728,46.77437],[7.21689,46.77421],[7.21632,46.77432],[7.21613,46.77438],[7.21637,46.77453],[7.21624,46.77465],[7.21506,46.77443],[7.21479,46.7742],[7.21386,46.77416],[7.21372,46.77439],[7.21331,46.77444],[7.21319,46.77473],[7.21183,46.77488],[7.21143,46.77547],[7.21041,46.77546],[7.21043,46.77515],[7.20934,46.7754],[7.20865,46.77592],[7.20827,46.77571],[7.20803,46.77608],[7.20814,46.7764],[7.20673,46.77803],[7.20491,46.77892],[7.20407,46.7791],[7.20421,46.77989],[7.20395,46.78015],[7.20356,46.78187],[7.20464,46.78509],[7.20475,46.78699],[7.20327,46.7878],[7.20264,46.78956],[7.20331,46.7908],[7.20305,46.79123],[7.20228,46.79159],[7.20229,46.79177],[7.20167,46.79179],[7.20135,46.79243],[7.20215,46.79339],[7.2033,46.79404],[7.20428,46.79549],[7.20554,46.79592],[7.20622,46.79669],[7.20629,46.79728],[7.20721,46.79719],[7.20727,46.79801],[7.20802,46.79817],[7.20835,46.79866],[7.20952,46.79876],[7.20967,46.79916],[7.21025,46.79944],[7.21017,46.79967],[7.21143,46.8001],[7.21218,46.80088],[7.21272,46.80106],[7.21237,46.80181],[7.21282,46.80226],[7.21266,46.80408]]}},{"type":"Feature","properties":{"id":"bagne-fr","c":"FR","p":"patent","q":"derived","k":"river"},"geometry":{"type":"LineString","coordinates":[[7.03246,46.76839],[7.03453,46.76938],[7.03508,46.76975],[7.03578,46.77069],[7.03962,46.7726],[7.04058,46.77342],[7.04324,46.7739],[7.04539,46.77516],[7.04618,46.7752],[7.04914,46.77456],[7.04951,46.77481],[7.05036,46.77494],[7.05117,46.77476],[7.05315,46.77525],[7.05401,46.77514],[7.05522,46.7757],[7.05745,46.77579],[7.05947,46.77541],[7.06311,46.77549],[7.06468,46.77515],[7.0655,46.77524],[7.06875,46.7745],[7.06938,46.77466],[7.06992,46.77444],[7.07031,46.77475],[7.07144,46.77453],[7.07176,46.77465],[7.07183,46.77491],[7.07237,46.77515],[7.0727,46.77504],[7.07278,46.77535],[7.07361,46.77557],[7.07392,46.77596],[7.07508,46.77634],[7.07543,46.77674],[7.07622,46.77694],[7.07683,46.77737],[7.07761,46.77737],[7.0778,46.77756],[7.07962,46.77798],[7.08062,46.77855],[7.08119,46.77854],[7.08163,46.77902],[7.08315,46.77956],[7.08359,46.77992],[7.08409,46.78003],[7.08421,46.78027],[7.08464,46.7803],[7.08498,46.78071],[7.08579,46.78076],[7.09247,46.78345],[7.09309,46.78332],[7.09407,46.7835],[7.09428,46.7837],[7.09535,46.7836],[7.09689,46.784],[7.09839,46.78374],[7.09929,46.78389],[7.10083,46.78322]]}},{"type":"Feature","properties":{"id":"longivue-fr","c":"FR","p":"patent","q":"derived","k":"river"},"geometry":{"type":"LineString","coordinates":[[7.08866,46.72365],[7.08686,46.7247],[7.08589,46.72492],[7.08441,46.72493],[7.08254,46.72586],[7.07686,46.72642],[7.07255,46.7256],[7.06773,46.7256],[7.06361,46.7245],[7.05868,46.72488],[7.05441,46.7244],[7.04246,46.72628],[7.04203,46.72645],[7.04179,46.72692],[7.04047,46.72689],[7.03941,46.72731],[7.0388,46.72787],[7.03873,46.72822],[7.03847,46.72824],[7.03856,46.72906],[7.03794,46.72923],[7.03784,46.72954],[7.03823,46.73005],[7.03813,46.73057],[7.03896,46.7308],[7.03897,46.73176],[7.03994,46.73184],[7.0395,46.73237],[7.04076,46.73273],[7.04059,46.73324],[7.04132,46.73328],[7.0414,46.73364],[7.04221,46.73381],[7.04237,46.73417],[7.04293,46.73426],[7.04368,46.73484]]}},{"type":"Feature","properties":{"id":"ruisseau-du-glebe-fr","c":"FR","p":"patent","q":"derived","k":"river"},"geometry":{"type":"LineString","coordinates":[[7.0017,46.68436],[6.99963,46.68545],[6.99893,46.6863],[6.99787,46.68695],[6.9961,46.68872],[6.9963,46.68917],[6.99607,46.69022],[6.9968,46.69124],[6.99663,46.69253],[6.99707,46.69315],[6.99705,46.69485],[6.99754,46.69548],[6.99717,46.69605],[6.9972,46.69693],[6.99876,46.69822],[6.99895,46.69976],[6.99927,46.70004],[6.99916,46.70086],[6.99947,46.70105],[6.99988,46.70193],[7.00057,46.70247],[7.00273,46.70308],[7.00377,46.70266],[7.00433,46.70293],[7.00562,46.7029],[7.00673,46.70355],[7.0088,46.70356],[7.00954,46.70383],[7.01371,46.70408],[7.01372,46.70448],[7.01448,46.7054],[7.01506,46.70665],[7.01598,46.70747],[7.0173,46.70768],[7.01865,46.70819],[7.01925,46.70889],[7.02044,46.70941],[7.02152,46.70959],[7.02184,46.7102],[7.02234,46.71013],[7.02341,46.71056],[7.02409,46.71143],[7.02471,46.71181],[7.02478,46.71243],[7.02537,46.71279],[7.0256,46.71338],[7.02627,46.71349],[7.02715,46.71404],[7.02793,46.71398],[7.02826,46.7143],[7.0306,46.71505],[7.03023,46.71705],[7.03041,46.71774],[7.03023,46.71851],[7.03044,46.71921],[7.03136,46.71965],[7.03107,46.72013],[7.02972,46.72119],[7.02962,46.7219],[7.02905,46.72233],[7.02857,46.72328],[7.02846,46.72402],[7.02931,46.72475],[7.02847,46.72484],[7.02814,46.72531],[7.02804,46.72606],[7.02844,46.72626],[7.02834,46.72663],[7.02933,46.7268],[7.02924,46.72703],[7.02871,46.72723],[7.02925,46.72763],[7.02868,46.72764],[7.02832,46.72792],[7.0279,46.72859],[7.02797,46.72894],[7.02735,46.72963],[7.0283,46.73009],[7.02839,46.73074],[7.02886,46.73108]]}},{"type":"Feature","properties":{"id":"ruisseau-de-villarlod-fr","c":"FR","p":"patent","q":"derived","k":"river"},"geometry":{"type":"LineString","coordinates":[[7.02613,46.68475],[7.02611,46.68574],[7.02693,46.68686],[7.02685,46.6876],[7.02768,46.68849],[7.0276,46.69078],[7.02831,46.69303],[7.02797,46.69541],[7.02686,46.69648],[7.02694,46.69682],[7.02585,46.69792],[7.02503,46.69809],[7.0249,46.6988],[7.02403,46.69944],[7.02378,46.7005],[7.02324,46.70095],[7.02262,46.70092],[7.02141,46.70155],[7.02066,46.70278],[7.02007,46.70302],[7.0192,46.70387],[7.01906,46.70452],[7.01866,46.7049],[7.01812,46.70489],[7.01654,46.70543],[7.0164,46.70636],[7.01589,46.70741]]}},{"type":"Feature","properties":{"id":"ruisseau-de-massonnens-fr","c":"FR","p":"patent","q":"derived","k":"river"},"geometry":{"type":"MultiLineString","coordinates":[[[6.981,46.69505],[6.98028,46.69541],[6.97858,46.69557],[6.97782,46.69602],[6.97735,46.69706],[6.97799,46.69849],[6.97779,46.69883],[6.97797,46.69911],[6.9772,46.6998],[6.9772,46.70027],[6.97686,46.70072],[6.97635,46.70077],[6.97613,46.7017],[6.97564,46.70228],[6.97601,46.70328],[6.97568,46.70374],[6.9762,46.70444],[6.97605,46.7055],[6.97679,46.70653],[6.97645,46.70685],[6.97711,46.7074],[6.97728,46.70783],[6.97685,46.70828]],[[6.98613,46.68067],[6.98667,46.68118],[6.98671,46.68248],[6.98632,46.68292],[6.9844,46.68364],[6.98256,46.68478],[6.98221,46.68581],[6.98091,46.68715],[6.98099,46.68756],[6.98045,46.68826],[6.97997,46.68965],[6.98126,46.69061],[6.98182,46.69229],[6.98211,46.69251],[6.98192,46.69384],[6.98111,46.69495]]]}},{"type":"Feature","properties":{"id":"ruisseau-des-brets-fr","c":"FR","p":"patent","q":"derived","k":"river"},"geometry":{"type":"LineString","coordinates":[[6.92438,46.63164],[6.92518,46.63225],[6.92531,46.63281],[6.92576,46.63298],[6.92739,46.63501],[6.92767,46.63762],[6.92808,46.63763],[6.9282,46.63806],[6.9294,46.63876],[6.92949,46.63907],[6.92915,46.63974],[6.93022,46.6402],[6.93101,46.64115],[6.9313,46.64216],[6.93121,46.64315],[6.93241,46.64432],[6.93273,46.64537],[6.93313,46.64571],[6.93303,46.64627],[6.93333,46.6464],[6.93344,46.64704],[6.93375,46.64707],[6.93372,46.6473],[6.93424,46.6477],[6.93428,46.64811],[6.93567,46.64927],[6.93568,46.64954],[6.93514,46.64999],[6.93548,46.65041],[6.9355,46.65108],[6.93626,46.65135],[6.93692,46.65195],[6.93735,46.65292],[6.93699,46.65471],[6.93653,46.65518],[6.93677,46.65569],[6.93659,46.65589],[6.93878,46.65677],[6.93996,46.65671],[6.94081,46.65707],[6.94159,46.6578],[6.94157,46.65854],[6.94202,46.65891],[6.94187,46.65938],[6.94222,46.6599],[6.94155,46.66113],[6.94183,46.66108],[6.94209,46.66127],[6.94255,46.66209],[6.9433,46.66263],[6.944,46.66422],[6.9446,46.66468],[6.94535,46.66578],[6.94535,46.6666],[6.94593,46.66698]]}},{"type":"Feature","properties":{"id":"ruisseau-des-grands-marais-fr","c":"FR","p":"patent","q":"derived","k":"river"},"geometry":{"type":"LineString","coordinates":[[6.92143,46.61436],[6.92172,46.6149],[6.92103,46.61581],[6.92147,46.61762],[6.9236,46.62067],[6.92545,46.62213],[6.92683,46.62254],[6.92773,46.62305],[6.92832,46.6236],[6.92829,46.62391],[6.92885,46.62406],[6.92896,46.62449],[6.93022,46.62546],[6.93053,46.6261],[6.93123,46.62626],[6.93112,46.62679],[6.93157,46.62693],[6.93145,46.62713],[6.93256,46.62812],[6.93252,46.62881],[6.93275,46.62902],[6.93318,46.62903],[6.93333,46.62962],[6.9341,46.63063],[6.93508,46.63115],[6.93518,46.63178],[6.93557,46.63187],[6.93611,46.63338],[6.93568,46.63347],[6.93558,46.63372],[6.93651,46.63521],[6.93686,46.63521],[6.9369,46.63561],[6.93743,46.63564],[6.93794,46.63621],[6.93813,46.6361],[6.9384,46.63624],[6.93824,46.63651],[6.93873,46.63728],[6.93988,46.63848],[6.93993,46.63951],[6.94106,46.6399],[6.94051,46.64081],[6.94118,46.64207],[6.94201,46.6424],[6.94298,46.64241],[6.9433,46.64284],[6.94374,46.64298],[6.9443,46.64275],[6.94469,46.64305],[6.94549,46.64289],[6.94614,46.6435],[6.94608,46.64368],[6.94634,46.64351],[6.94668,46.6436],[6.94642,46.64392]]}},{"type":"Feature","properties":{"id":"roubattes-fr","c":"FR","p":"patent","q":"derived","k":"river"},"geometry":{"type":"LineString","coordinates":[[7.00525,46.6434],[7.00449,46.64401],[7.00372,46.64417],[7.00266,46.64418],[7.00218,46.64392],[7.0015,46.64406],[7.00086,46.64378],[6.99996,46.6439],[6.99981,46.64418],[6.99809,46.64484],[6.99579,46.64392],[6.99533,46.64414],[6.99505,46.64383],[6.99427,46.64367],[6.99351,46.64297],[6.9927,46.64284],[6.99213,46.6425],[6.9903,46.64243],[6.99024,46.64214],[6.98751,46.6406],[6.98685,46.63973],[6.98515,46.63879],[6.98514,46.63811],[6.9847,46.63805],[6.98439,46.63768],[6.98089,46.63711],[6.97946,46.63661],[6.97544,46.6365],[6.97388,46.63671],[6.97376,46.63654],[6.97281,46.63652],[6.97262,46.63629],[6.9718,46.63613],[6.97141,46.63637],[6.97079,46.6361],[6.97039,46.63553],[6.96991,46.63534],[6.96952,46.63547],[6.96855,46.63537],[6.96751,46.63499],[6.96505,46.63529]]}},{"type":"Feature","properties":{"id":"glaney-fr","c":"FR","p":"patent","q":"derived","k":"river"},"geometry":{"type":"LineString","coordinates":[[6.88436,46.67233],[6.88831,46.67594],[6.88938,46.67664],[6.89501,46.67921],[6.89493,46.67951],[6.89523,46.67969],[6.89557,46.68056],[6.89644,46.68153],[6.89683,46.6817],[6.89725,46.68252],[6.89864,46.68355],[6.89933,46.68441],[6.9002,46.68486],[6.90127,46.68594],[6.90217,46.68629],[6.90321,46.68641],[6.90378,46.68696],[6.90381,46.68751],[6.90434,46.68834],[6.90516,46.6908],[6.90602,46.69241],[6.90655,46.69251],[6.90775,46.69234],[6.90869,46.69264],[6.91066,46.69405],[6.91202,46.69564],[6.91215,46.69691],[6.91258,46.6978],[6.91421,46.69932],[6.91553,46.69963],[6.91822,46.70072],[6.92215,46.7016],[6.92256,46.70132],[6.92246,46.70087],[6.92399,46.70039],[6.92703,46.70021],[6.93054,46.70053]]}},{"type":"Feature","properties":{"id":"fochaux-fr","c":"FR","p":"patent","q":"derived","k":"river"},"geometry":{"type":"LineString","coordinates":[[6.9012,46.63064],[6.9015,46.63205],[6.90061,46.63402],[6.90169,46.63541],[6.90159,46.63569],[6.90111,46.63582],[6.9011,46.63658],[6.90155,46.63672],[6.90208,46.63769],[6.90294,46.63816],[6.90322,46.63901],[6.90378,46.63974],[6.90589,46.64189],[6.90683,46.64211],[6.90785,46.64344],[6.90878,46.64388],[6.90927,46.64451],[6.90996,46.64494],[6.90998,46.64542],[6.9102,46.64553],[6.90989,46.64602],[6.91086,46.64718],[6.91073,46.64766],[6.91103,46.6477],[6.91129,46.64801],[6.91117,46.64835],[6.91168,46.64863],[6.91143,46.6487],[6.91181,46.64948],[6.91135,46.65049],[6.90932,46.65216],[6.91034,46.65343],[6.90977,46.65376],[6.90982,46.654],[6.90936,46.65419],[6.90987,46.6553],[6.90955,46.65574],[6.90943,46.65698],[6.90904,46.65728],[6.9087,46.65715],[6.90863,46.65739],[6.90812,46.65761],[6.90748,46.65855],[6.90782,46.65908],[6.90762,46.65927],[6.90803,46.65954],[6.90792,46.65986],[6.90827,46.66089],[6.9077,46.66135],[6.9078,46.66181],[6.90812,46.66193],[6.90804,46.6622],[6.90852,46.66247],[6.90891,46.66307],[6.90969,46.6634],[6.91069,46.66446],[6.9108,46.66497],[6.91046,46.66518],[6.91081,46.66552],[6.91041,46.6657],[6.91065,46.66599],[6.91008,46.667],[6.91023,46.66718],[6.90938,46.66757],[6.90794,46.66689],[6.90739,46.66642],[6.9068,46.66659]]}},{"type":"Feature","properties":{"id":"ruisseau-des-chavannes-fr","c":"FR","p":"patent","q":"derived","k":"river"},"geometry":{"type":"LineString","coordinates":[[6.88857,46.6315],[6.88956,46.63402],[6.88994,46.63435],[6.88981,46.6355],[6.88917,46.63656],[6.8907,46.63916],[6.89078,46.63968],[6.89121,46.64013],[6.89159,46.64215],[6.892,46.64262],[6.89257,46.64265],[6.89316,46.64298],[6.89402,46.64442],[6.8948,46.64501],[6.8963,46.64702],[6.89677,46.64712],[6.89745,46.6478],[6.89749,46.64814],[6.89823,46.64897],[6.90098,46.65123],[6.90249,46.65203],[6.90438,46.6544],[6.9053,46.65501],[6.90536,46.65539],[6.90512,46.65559],[6.90531,46.65637],[6.90649,46.65795],[6.90727,46.65955],[6.90792,46.65986]]}},{"type":"Feature","properties":{"id":"ruisseau-de-copy-fr","c":"FR","p":"patent","q":"derived","k":"river"},"geometry":{"type":"LineString","coordinates":[[7.16061,46.75511],[7.15956,46.75538],[7.15762,46.75704],[7.15656,46.7569],[7.15522,46.75713],[7.15444,46.75747],[7.15362,46.75743],[7.15289,46.75787],[7.15254,46.75779],[7.15181,46.75801],[7.15144,46.75868],[7.15051,46.75928],[7.14852,46.75929],[7.14819,46.75951],[7.14823,46.75981],[7.14749,46.7611],[7.14766,46.76216],[7.14587,46.76315],[7.14508,46.76375],[7.14502,46.76407],[7.1447,46.76416],[7.14565,46.76477],[7.14582,46.76539],[7.14678,46.76637],[7.14821,46.76697],[7.14889,46.76774],[7.1492,46.76833],[7.14869,46.76918],[7.14888,46.76982],[7.14785,46.76995],[7.14738,46.77034],[7.14695,46.7704],[7.14718,46.77119],[7.14646,46.77154],[7.14516,46.77315],[7.14441,46.77327],[7.1441,46.77387],[7.14281,46.77503],[7.14177,46.77538],[7.14139,46.77573]]}},{"type":"Feature","properties":{"id":"nesslerabach-fr","c":"FR","p":"patent","q":"derived","k":"river"},"geometry":{"type":"LineString","coordinates":[[7.19217,46.70684],[7.19195,46.7075],[7.19229,46.70809],[7.19178,46.70907],[7.19109,46.70921],[7.19035,46.70907],[7.18959,46.7093],[7.1888,46.71053],[7.18541,46.7126],[7.18508,46.71332],[7.18413,46.71399],[7.18365,46.71522],[7.18388,46.71572],[7.18351,46.71764],[7.18372,46.71883],[7.18288,46.7195],[7.18096,46.72007],[7.18026,46.72081],[7.18049,46.72221],[7.18027,46.72266],[7.1815,46.72363],[7.18155,46.72404],[7.18245,46.72417],[7.18292,46.72494],[7.18261,46.7256],[7.18214,46.726],[7.18198,46.72661],[7.18216,46.72694],[7.18156,46.72734],[7.18168,46.72774],[7.18089,46.72817],[7.18112,46.72845],[7.18005,46.72941],[7.1805,46.73013],[7.18014,46.73039],[7.18028,46.73072],[7.18008,46.73123],[7.18073,46.73166],[7.18077,46.73236],[7.18024,46.73317],[7.18041,46.7338],[7.17985,46.73454],[7.17945,46.7357],[7.17861,46.73663],[7.17869,46.73773],[7.17812,46.73929],[7.17832,46.73949],[7.17797,46.74016],[7.17712,46.74029],[7.17535,46.74153],[7.17543,46.74176],[7.17514,46.74198],[7.1756,46.74323],[7.17476,46.74423],[7.17505,46.74472],[7.17654,46.74574],[7.17772,46.74758],[7.17768,46.74813],[7.17848,46.74873],[7.17923,46.74857],[7.17976,46.74876],[7.18136,46.74857],[7.18254,46.74873],[7.18379,46.7486],[7.18404,46.74826],[7.18495,46.74841],[7.18547,46.74824],[7.18695,46.74823],[7.18741,46.74711],[7.18788,46.74674],[7.18887,46.74632],[7.18944,46.74636],[7.18934,46.74607],[7.18984,46.74603],[7.18974,46.74552],[7.19023,46.74537],[7.19033,46.74489],[7.19095,46.74471],[7.19196,46.74497],[7.19303,46.74488],[7.19369,46.74531],[7.19404,46.74583],[7.1943,46.7469],[7.19408,46.74716],[7.19313,46.74731],[7.19312,46.74753],[7.1936,46.74798],[7.19429,46.74808],[7.19407,46.7487],[7.19449,46.74916],[7.19643,46.75034],[7.19636,46.75165],[7.19459,46.75259],[7.19485,46.75307],[7.19472,46.75327],[7.19393,46.7534],[7.19285,46.75317],[7.192,46.75393],[7.19055,46.75453],[7.19075,46.7549],[7.19065,46.75566],[7.19004,46.75584],[7.19057,46.75697],[7.19006,46.75786],[7.19034,46.75833],[7.19135,46.75876],[7.19039,46.76012],[7.18927,46.76074],[7.18833,46.76179],[7.18788,46.76291],[7.18691,46.76273],[7.18613,46.76362],[7.18513,46.76351],[7.18467,46.76382],[7.18404,46.76374],[7.18332,46.76424]]}},{"type":"Feature","properties":{"id":"ruisseau-du-pontet-fr","c":"FR","p":"patent","q":"derived","k":"river"},"geometry":{"type":"LineString","coordinates":[[7.18917,46.70264],[7.18766,46.70263],[7.18734,46.70317],[7.18749,46.70378],[7.18677,46.70482],[7.18521,46.70595],[7.18366,46.70648],[7.18205,46.70769],[7.18043,46.70839],[7.17886,46.7088],[7.17787,46.70936],[7.17666,46.70959],[7.1757,46.71003],[7.17444,46.71092],[7.17408,46.7117],[7.17357,46.71197],[7.1722,46.71236],[7.17084,46.71307],[7.16881,46.71342],[7.1683,46.71428],[7.16832,46.71494],[7.16777,46.71529],[7.16647,46.7157],[7.16561,46.71549],[7.16425,46.71565],[7.16248,46.71514],[7.16077,46.7151],[7.16032,46.71482],[7.15937,46.71538],[7.15801,46.71554],[7.15756,46.71661],[7.15711,46.71688],[7.15747,46.71812],[7.15714,46.71849],[7.15735,46.71893],[7.15718,46.71939],[7.1574,46.71986],[7.15792,46.71991],[7.15825,46.72017],[7.15844,46.72141],[7.15888,46.7216],[7.1591,46.72199],[7.15917,46.72282],[7.15979,46.72399],[7.1597,46.72507],[7.16,46.72623],[7.16051,46.72705],[7.16078,46.72876],[7.16144,46.72928],[7.1619,46.73036],[7.16353,46.73238],[7.16432,46.73294],[7.16442,46.7337],[7.16514,46.73432],[7.16864,46.73659],[7.17034,46.73743],[7.1708,46.73738],[7.17208,46.73782],[7.17303,46.73858],[7.1736,46.74056],[7.1734,46.741],[7.17203,46.74201],[7.17207,46.74287],[7.17453,46.74551],[7.17601,46.74632],[7.1763,46.74721],[7.17722,46.74806],[7.17768,46.74813]]}},{"type":"Feature","properties":{"id":"ruisseau-de-montecu-fr","c":"FR","p":"patent","q":"derived","k":"river"},"geometry":{"type":"LineString","coordinates":[[7.20962,46.71318],[7.21027,46.71477],[7.20954,46.71811],[7.20913,46.71895],[7.20872,46.71944],[7.20733,46.72016],[7.20679,46.72092],[7.20618,46.72339],[7.20412,46.72501],[7.20344,46.7253],[7.2023,46.72679],[7.20165,46.7271],[7.20216,46.73064],[7.20166,46.73086],[7.20172,46.73122],[7.20106,46.73239],[7.20095,46.73339],[7.20031,46.73368],[7.20027,46.734],[7.19987,46.73428],[7.19988,46.73468],[7.19883,46.73486],[7.19823,46.73618],[7.19851,46.73776],[7.19909,46.73914],[7.19875,46.73976],[7.19895,46.73994],[7.19874,46.74095],[7.1983,46.74126],[7.19766,46.74135],[7.19728,46.7421],[7.19643,46.74254],[7.1966,46.74301],[7.19639,46.7432],[7.19691,46.7436],[7.19591,46.74421],[7.19593,46.74476],[7.1955,46.74505],[7.19496,46.7451],[7.19474,46.74555],[7.19404,46.74583]]}},{"type":"Feature","properties":{"id":"ruedigraben-fr","c":"FR","p":"patent","q":"derived","k":"river"},"geometry":{"type":"LineString","coordinates":[[7.22565,46.72526],[7.22587,46.72609],[7.22546,46.72675],[7.22375,46.72695],[7.22173,46.72782],[7.22125,46.72983],[7.22183,46.73033],[7.22276,46.73062],[7.22312,46.73136],[7.22296,46.73168],[7.22328,46.73195],[7.22289,46.73248],[7.22327,46.73268],[7.22303,46.733],[7.22312,46.73362],[7.22294,46.73391],[7.22254,46.734],[7.22269,46.73443],[7.22225,46.73473],[7.22121,46.73635],[7.2208,46.73676],[7.22015,46.73703],[7.21987,46.7377],[7.21901,46.73863],[7.21829,46.73899],[7.21744,46.73899],[7.21624,46.73851],[7.21516,46.73836],[7.21453,46.73784],[7.21364,46.73818],[7.21262,46.738],[7.21199,46.73809],[7.21141,46.73788],[7.20983,46.73843],[7.20937,46.73831],[7.20844,46.73888],[7.20817,46.73944],[7.20804,46.74027],[7.20842,46.74167],[7.2077,46.74178],[7.20716,46.74276],[7.20583,46.74394],[7.20444,46.7444],[7.20348,46.7455],[7.20272,46.74564],[7.20133,46.74634],[7.20108,46.74724],[7.20051,46.74744],[7.19933,46.74852],[7.19775,46.74919],[7.19773,46.74991],[7.19647,46.75031]]}},{"type":"Feature","properties":{"id":"kuhbach-fr","c":"FR","p":"patent","q":"derived","k":"river"},"geometry":{"type":"LineString","coordinates":[[7.26453,46.71708],[7.26309,46.71777],[7.26178,46.7179],[7.26129,46.71857],[7.25929,46.71959],[7.25776,46.72063],[7.25681,46.72166],[7.2555,46.72205],[7.25406,46.72231],[7.25364,46.72223],[7.25159,46.72334],[7.24874,46.72399],[7.24823,46.72431],[7.24715,46.72428],[7.24657,46.72459],[7.24648,46.72486],[7.24686,46.72508],[7.24707,46.72631],[7.24679,46.72683],[7.24687,46.72766],[7.24746,46.72851],[7.24706,46.73064],[7.24747,46.73109],[7.24719,46.7318],[7.24739,46.73227],[7.24717,46.7326],[7.24773,46.73272],[7.2479,46.73307],[7.24756,46.7345],[7.24698,46.73529],[7.24725,46.73624],[7.24541,46.73753],[7.24425,46.73757]]}},{"type":"Feature","properties":{"id":"torrygraben-fr","c":"FR","p":"patent","q":"derived","k":"river"},"geometry":{"type":"LineString","coordinates":[[7.18198,46.68031],[7.18301,46.68125],[7.18418,46.68131],[7.18479,46.68189],[7.18795,46.68349],[7.1883,46.68345],[7.18949,46.68382],[7.19054,46.68378],[7.19273,46.68469],[7.1948,46.68495],[7.19659,46.68548],[7.19891,46.68504],[7.20119,46.68592],[7.20306,46.6873],[7.20309,46.68765],[7.20389,46.68822],[7.2045,46.68816],[7.20519,46.68845],[7.20818,46.68902],[7.20927,46.68902],[7.21141,46.68989],[7.21303,46.69],[7.21368,46.69023],[7.21549,46.69043],[7.21579,46.69062]]}},{"type":"Feature","properties":{"id":"ruisseau-de-prassasson-fr","c":"FR","p":"patent","q":"derived","k":"river"},"geometry":{"type":"LineString","coordinates":[[7.14628,46.73469],[7.14638,46.73523],[7.14731,46.73624],[7.14708,46.73661],[7.14721,46.73723],[7.14681,46.7378],[7.14571,46.73843],[7.14406,46.73876],[7.14378,46.73917],[7.14141,46.74048],[7.14018,46.74061],[7.1376,46.74039],[7.13554,46.7395],[7.13369,46.73941],[7.13279,46.73917],[7.1316,46.73852],[7.13139,46.73811],[7.1303,46.73757],[7.12906,46.73793],[7.12488,46.73708],[7.12348,46.73708],[7.1214,46.73752],[7.11972,46.73714],[7.11737,46.73726],[7.11531,46.7377],[7.1138,46.73745],[7.11244,46.73789],[7.11169,46.7376]]}},{"type":"Feature","properties":{"id":"ruisseau-du-stoutz-fr","c":"FR","p":"patent","q":"derived","k":"river"},"geometry":{"type":"LineString","coordinates":[[7.16585,46.67586],[7.1645,46.67653],[7.16352,46.67732],[7.16195,46.67803],[7.16105,46.67819],[7.16002,46.67822],[7.15765,46.67785],[7.15539,46.67773],[7.15374,46.67706],[7.15239,46.67745],[7.15166,46.67732],[7.15114,46.67692],[7.14862,46.67776],[7.14341,46.6816],[7.14251,46.68279],[7.14184,46.68283],[7.14151,46.68343],[7.14108,46.68359],[7.14138,46.68468],[7.14129,46.68527],[7.14081,46.68597],[7.14074,46.68695],[7.14123,46.68763],[7.14107,46.68802],[7.14128,46.68867],[7.14042,46.68877],[7.13951,46.68947],[7.13826,46.68964],[7.13752,46.69003],[7.13692,46.69],[7.13525,46.69068],[7.13292,46.69223],[7.13157,46.69349],[7.13005,46.69394],[7.12945,46.69386],[7.12898,46.69407],[7.1284,46.69397],[7.1278,46.69417],[7.12737,46.694],[7.12555,46.69469]]}},{"type":"Feature","properties":{"id":"ruisseau-du-bey-fr","c":"FR","p":"patent","q":"derived","k":"river"},"geometry":{"type":"LineString","coordinates":[[7.17551,46.68293],[7.17496,46.68282],[7.16856,46.6831],[7.16785,46.68352],[7.16763,46.68426],[7.16704,46.68474],[7.16591,46.68497],[7.16456,46.68568],[7.16135,46.68675],[7.1605,46.68786],[7.15736,46.6888],[7.15617,46.68974],[7.15476,46.69054],[7.15413,46.69074],[7.1523,46.6908],[7.1512,46.69107],[7.15037,46.69106],[7.14961,46.69068],[7.14912,46.69088],[7.14848,46.69086],[7.1476,46.69174],[7.14629,46.69189],[7.14546,46.6918],[7.14488,46.69212],[7.14437,46.69285],[7.14333,46.69369],[7.14258,46.6954],[7.1418,46.69525],[7.14129,46.69562],[7.14066,46.69557],[7.13924,46.69616],[7.13847,46.69629],[7.13762,46.6961],[7.1367,46.69648],[7.13319,46.69728]]}},{"type":"Feature","properties":{"id":"ruisseau-des-medzelennes-fr","c":"FR","p":"patent","q":"derived","k":"river"},"geometry":{"type":"LineString","coordinates":[[7.18124,46.69398],[7.179,46.69426],[7.17507,46.69547],[7.17434,46.69604],[7.17352,46.6962],[7.17111,46.69754],[7.16971,46.69805],[7.16833,46.69913],[7.16569,46.69967],[7.16281,46.6999],[7.1625,46.7005],[7.16162,46.70085],[7.15918,46.70033],[7.15835,46.70056],[7.15783,46.70097],[7.15722,46.70099],[7.15602,46.70161],[7.155,46.70178],[7.15426,46.70213],[7.15331,46.70204],[7.1527,46.70235],[7.15032,46.70223],[7.14941,46.70286],[7.14847,46.703],[7.14713,46.70256],[7.14609,46.70178],[7.14571,46.70117],[7.14499,46.70091],[7.14466,46.70043],[7.14305,46.69985],[7.14161,46.69906],[7.1389,46.69873],[7.13748,46.69827],[7.13634,46.69852],[7.13507,46.69735],[7.13455,46.69732],[7.134,46.69751],[7.13319,46.69728]]}},{"type":"Feature","properties":{"id":"ruz-fr","c":"FR","p":"patent","q":"derived","k":"river"},"geometry":{"type":"LineString","coordinates":[[7.14631,46.66528],[7.14543,46.66537],[7.14465,46.66508],[7.14093,46.66552],[7.13994,46.66606],[7.13928,46.66602],[7.1384,46.66634],[7.13672,46.66735],[7.13629,46.6673],[7.13577,46.66775],[7.13431,46.67088],[7.13287,46.67223],[7.1303,46.67358],[7.12944,46.67481],[7.12908,46.67504],[7.12535,46.6748],[7.12443,46.67491],[7.1239,46.67521],[7.12304,46.67495],[7.12175,46.67531],[7.12135,46.67576],[7.12004,46.67652],[7.1195,46.67664],[7.11887,46.67776],[7.11676,46.6794],[7.11571,46.68079],[7.11548,46.68177]]}},{"type":"Feature","properties":{"id":"ruisseau-des-branches-fr","c":"FR","p":"patent","q":"derived","k":"river"},"geometry":{"type":"LineString","coordinates":[[7.14489,46.65972],[7.14361,46.66025],[7.14302,46.66032],[7.14155,46.66115],[7.13954,46.66157],[7.13801,46.66119],[7.13639,46.66103],[7.1345,46.66147],[7.13294,46.66123],[7.13178,46.6613],[7.13106,46.66092],[7.12877,46.66232],[7.12618,46.66326],[7.12471,46.66353],[7.11881,46.66777],[7.11889,46.66853],[7.11658,46.66963],[7.11404,46.67024],[7.11253,46.67022],[7.11103,46.66982],[7.10977,46.66988],[7.10785,46.6703],[7.10669,46.67086],[7.10643,46.67127],[7.10519,46.67198],[7.10491,46.67238],[7.10517,46.67356],[7.10575,46.67392]]}},{"type":"Feature","properties":{"id":"ruisseau-de-chaux-fr","c":"FR","p":"patent","q":"derived","k":"river"},"geometry":{"type":"LineString","coordinates":[[7.13854,46.64563],[7.13789,46.64628],[7.13623,46.64654],[7.13371,46.64494],[7.13191,46.6446],[7.12975,46.64363],[7.12827,46.64379],[7.12678,46.64329],[7.12613,46.64324],[7.12434,46.64229],[7.12343,46.64219],[7.12097,46.6424],[7.11964,46.64198],[7.11755,46.64199],[7.1161,46.64142],[7.11297,46.64057],[7.11126,46.63972],[7.11064,46.63968],[7.10961,46.63921],[7.10898,46.63933],[7.108,46.63891],[7.10699,46.63885],[7.10619,46.63906],[7.10597,46.63928],[7.10489,46.63922],[7.10433,46.6394],[7.10267,46.63916]]}},{"type":"Feature","properties":{"id":"ruisseau-de-montelon-fr","c":"FR","p":"patent","q":"derived","k":"river"},"geometry":{"type":"LineString","coordinates":[[7.13941,46.54822],[7.13974,46.5492],[7.14083,46.55018],[7.14089,46.55087],[7.14191,46.55211],[7.14279,46.55263],[7.14348,46.55408],[7.14427,46.55507],[7.14589,46.55614],[7.14628,46.55598],[7.14658,46.55615],[7.14726,46.55683],[7.14707,46.5571],[7.14739,46.55753],[7.14731,46.55812],[7.1477,46.55861],[7.14759,46.55907],[7.14819,46.5596],[7.14854,46.56113],[7.14914,46.56159],[7.14916,46.56235],[7.14949,46.56276],[7.14967,46.56368],[7.15078,46.56412],[7.15082,46.56447],[7.1522,46.56534],[7.15296,46.56665],[7.15348,46.56855],[7.1543,46.56942],[7.15478,46.56963],[7.15483,46.57033],[7.15527,46.57095],[7.15622,46.5715],[7.15692,46.57243],[7.15717,46.57345],[7.15704,46.57382],[7.15779,46.57542],[7.1578,46.5766],[7.15932,46.57766],[7.16008,46.57792],[7.1607,46.57904],[7.16218,46.58011],[7.16262,46.58171],[7.16381,46.58279],[7.16381,46.58416],[7.16311,46.58446],[7.16299,46.58515],[7.16118,46.58678],[7.16137,46.58732],[7.16114,46.58807],[7.16203,46.58928],[7.16165,46.58975],[7.16206,46.59021],[7.16188,46.59117],[7.15976,46.59374],[7.15897,46.59504],[7.15796,46.59559],[7.15723,46.5972],[7.15639,46.59774],[7.15638,46.59805],[7.15681,46.59847],[7.15616,46.59912],[7.15605,46.59994],[7.15517,46.60098],[7.15419,46.60144],[7.15324,46.60335],[7.15245,46.60398],[7.15196,46.60403],[7.15148,46.60436],[7.15139,46.60524],[7.15059,46.60569],[7.15045,46.60634],[7.14953,46.60646],[7.14906,46.60683],[7.14748,46.60718],[7.14593,46.60713],[7.14491,46.6075],[7.14449,46.60803]]}},{"type":"Feature","properties":{"id":"rio-de-coppet-fr","c":"FR","p":"patent","q":"derived","k":"river"},"geometry":{"type":"LineString","coordinates":[[7.20171,46.62423],[7.20037,46.62483],[7.197,46.6256],[7.19443,46.62593],[7.19203,46.62567],[7.19108,46.62504],[7.19005,46.6248],[7.18908,46.62503],[7.18797,46.62505],[7.18706,46.62486],[7.18675,46.62451],[7.18516,46.62453],[7.18423,46.62385],[7.18338,46.62379],[7.1827,46.624],[7.18117,46.62382],[7.18013,46.62339],[7.17874,46.62197],[7.17757,46.62168],[7.17744,46.62037],[7.17561,46.61868],[7.17493,46.61842],[7.17382,46.61726],[7.17284,46.61698],[7.17206,46.61704],[7.17175,46.61634],[7.17122,46.61633],[7.17033,46.61593],[7.16864,46.61594],[7.16803,46.61573],[7.16737,46.61599],[7.16648,46.61603],[7.1645,46.61569],[7.16316,46.61567]]}},{"type":"Feature","properties":{"id":"javro-fr","c":"FR","p":"patent","q":"derived","k":"river"},"geometry":{"type":"LineString","coordinates":[[7.24368,46.65398],[7.24218,46.65348],[7.23771,46.65115],[7.23537,46.65111],[7.23237,46.65235],[7.23139,46.65154],[7.22826,46.65159],[7.22582,46.65085],[7.22473,46.65096],[7.21925,46.65048],[7.21879,46.65071],[7.21847,46.65056],[7.21739,46.6506],[7.21672,46.65021],[7.21496,46.64995],[7.21458,46.64924],[7.21332,46.64952],[7.21212,46.64934],[7.21084,46.64887],[7.20983,46.6489],[7.20906,46.64918],[7.20786,46.64919],[7.20746,46.64934],[7.20625,46.64905],[7.20595,46.64955],[7.20481,46.64948],[7.20349,46.64992],[7.20282,46.6504],[7.20178,46.65021],[7.20085,46.65059],[7.19907,46.65069],[7.19811,46.65014],[7.19722,46.65049],[7.19679,46.65009],[7.19697,46.64963],[7.19622,46.64937],[7.19607,46.64903],[7.19536,46.64857],[7.19443,46.64835],[7.19419,46.64783],[7.19359,46.64766],[7.19356,46.6473],[7.19323,46.64703],[7.19163,46.64655],[7.191,46.64607],[7.18976,46.64566],[7.18964,46.64513],[7.18782,46.64433],[7.18674,46.64426],[7.18614,46.64438],[7.18561,46.64481],[7.18487,46.64483],[7.18472,46.64403],[7.1843,46.64359],[7.18265,46.64392],[7.18099,46.64361],[7.17967,46.64215],[7.17814,46.64189],[7.17799,46.64118],[7.17716,46.64076],[7.17706,46.64015],[7.1765,46.63957],[7.17586,46.6393],[7.17515,46.63926],[7.17433,46.6388],[7.17337,46.63855],[7.17291,46.63819],[7.17189,46.63828],[7.17115,46.63741],[7.16959,46.63664],[7.16932,46.63563],[7.16776,46.63511],[7.16607,46.63497],[7.16395,46.63406],[7.16344,46.63331],[7.16266,46.63287],[7.16276,46.63224],[7.16102,46.63128],[7.16035,46.63038],[7.1595,46.6302],[7.15876,46.62943],[7.15779,46.62901],[7.15775,46.62813],[7.15815,46.62754],[7.15803,46.62706],[7.15653,46.62654],[7.15587,46.6266],[7.15446,46.62639],[7.1539,46.62594],[7.15315,46.62574],[7.15138,46.62424],[7.15129,46.62397],[7.15175,46.6235],[7.15169,46.62325],[7.15041,46.62305],[7.14987,46.62185]]}},{"type":"Feature","properties":{"id":"ruisseau-du-liderrey-fr","c":"FR","p":"patent","q":"derived","k":"river"},"geometry":{"type":"LineString","coordinates":[[7.19865,46.63442],[7.19803,46.63433],[7.19721,46.63387],[7.19161,46.63267],[7.19081,46.63201],[7.18961,46.63152],[7.18841,46.63064],[7.18736,46.63038],[7.18708,46.63008],[7.18544,46.62998],[7.18357,46.62939],[7.1815,46.62904],[7.17874,46.62755],[7.17374,46.62611],[7.17287,46.62603],[7.17199,46.62559],[7.16966,46.62539],[7.16842,46.62626],[7.1672,46.6265],[7.1645,46.62657],[7.16365,46.62756],[7.16197,46.627],[7.16144,46.62716],[7.16059,46.62708],[7.15951,46.6273],[7.15932,46.62749],[7.1587,46.62747]]}},{"type":"Feature","properties":{"id":"ruisseau-d-alliere-fr","c":"FR","p":"patent","q":"derived","k":"river"},"geometry":{"type":"LineString","coordinates":[[7.17441,46.66928],[7.17306,46.66884],[7.17038,46.66749],[7.16961,46.66672],[7.16953,46.66613],[7.16874,46.66476],[7.16905,46.66331],[7.16802,46.66182],[7.16809,46.66058],[7.16771,46.6602],[7.16755,46.65935],[7.16717,46.65879],[7.1679,46.65801],[7.16818,46.65671],[7.16718,46.65571],[7.16757,46.65463],[7.1671,46.65382],[7.1664,46.65371],[7.16582,46.65305],[7.16612,46.6527],[7.16606,46.65199],[7.16506,46.65153],[7.16489,46.65108],[7.16421,46.65066],[7.16406,46.65035],[7.16421,46.64875],[7.16617,46.64741],[7.16602,46.64625],[7.16652,46.64523],[7.1667,46.64396],[7.16598,46.6438],[7.16644,46.64351],[7.16738,46.64356],[7.16833,46.64267],[7.16917,46.64226],[7.16972,46.6413],[7.16954,46.64089],[7.17059,46.64024],[7.17108,46.64016],[7.17067,46.63949],[7.17124,46.63895],[7.17121,46.63847],[7.17164,46.63806]]}},{"type":"Feature","properties":{"id":"ruisseau-de-tioleyre-fr","c":"FR","p":"patent","q":"derived","k":"river"},"geometry":{"type":"LineString","coordinates":[[7.19076,46.66939],[7.1868,46.66655],[7.18542,46.66514],[7.18401,46.66457],[7.18411,46.66409],[7.18346,46.66334],[7.1833,46.66257],[7.18401,46.6617],[7.1836,46.66099],[7.18369,46.66071],[7.1852,46.65933],[7.18519,46.65824],[7.18635,46.65754],[7.18728,46.65514],[7.18798,46.65433],[7.18838,46.65341],[7.18801,46.6525],[7.18882,46.65201],[7.18933,46.65125],[7.1901,46.6508],[7.19106,46.64922],[7.19137,46.64903],[7.19281,46.64885],[7.19291,46.64818],[7.19267,46.64759],[7.19288,46.64724],[7.1926,46.6469]]}},{"type":"Feature","properties":{"id":"ruisseau-de-l-essert-fr","c":"FR","p":"patent","q":"derived","k":"river"},"geometry":{"type":"LineString","coordinates":[[7.21228,46.62351],[7.21304,46.62422],[7.21434,46.6247],[7.21562,46.62596],[7.2171,46.62629],[7.21755,46.62616],[7.21837,46.62678],[7.21944,46.62699],[7.22085,46.6277],[7.22158,46.62789],[7.2223,46.62785],[7.22375,46.62932],[7.22445,46.62963],[7.22538,46.6297],[7.22625,46.63018],[7.22696,46.63109],[7.22683,46.63144],[7.22603,46.63186],[7.22643,46.63297],[7.22628,46.63335],[7.22566,46.63339],[7.22452,46.63383],[7.22362,46.63459],[7.22339,46.63504],[7.22304,46.63527],[7.22264,46.6352],[7.22267,46.63558],[7.22233,46.63577],[7.22195,46.63674],[7.2212,46.63685],[7.22136,46.6379],[7.22057,46.63851],[7.22043,46.63947],[7.22006,46.63983],[7.21992,46.64118],[7.21932,46.64209],[7.21795,46.6424],[7.21733,46.64226],[7.21632,46.6428],[7.21549,46.64245],[7.21465,46.64277],[7.21384,46.64269],[7.21325,46.64347],[7.21127,46.64382],[7.21088,46.64415],[7.20988,46.64417],[7.20962,46.64452],[7.20861,46.64494],[7.20832,46.6458],[7.2079,46.64621],[7.20796,46.64655],[7.20662,46.64787],[7.20659,46.64825],[7.20602,46.64878],[7.2048,46.64862],[7.2042,46.64902],[7.20259,46.64924],[7.20146,46.64968],[7.19839,46.64961],[7.1961,46.64896]]}},{"type":"Feature","properties":{"id":"ruisseau-du-gros-mont-fr","c":"FR","p":"patent","q":"derived","k":"river"},"geometry":{"type":"LineString","coordinates":[[7.20846,46.54119],[7.20867,46.54147],[7.20863,46.54222],[7.20733,46.54323],[7.20757,46.54409],[7.20717,46.54468],[7.20748,46.5451],[7.20694,46.54625],[7.20665,46.54661],[7.20627,46.54671],[7.20595,46.54732],[7.20477,46.54787],[7.20356,46.54805],[7.20314,46.54836],[7.20265,46.54907],[7.20298,46.54942],[7.20301,46.55001],[7.19982,46.55257],[7.20156,46.55935],[7.20128,46.55968],[7.20096,46.55963],[7.20068,46.55985],[7.20056,46.56111],[7.19974,46.56146],[7.19899,46.5614],[7.19876,46.56153],[7.19915,46.56256],[7.19959,46.56299],[7.19952,46.56362],[7.19851,46.56416],[7.19762,46.56424],[7.19696,46.56458],[7.1965,46.56512],[7.19576,46.56531],[7.19552,46.5656],[7.19554,46.56662],[7.19493,46.56734],[7.1958,46.56839],[7.19554,46.56991],[7.19574,46.57015],[7.19535,46.57072],[7.1956,46.57158],[7.19519,46.57196],[7.19484,46.57294],[7.19437,46.57319],[7.19411,46.57419],[7.1942,46.57713],[7.19399,46.57788],[7.1943,46.57857],[7.19494,46.57905],[7.1951,46.57942],[7.19475,46.58038],[7.19411,46.58123],[7.19411,46.58204],[7.19461,46.5828],[7.19607,46.58281],[7.19752,46.58364],[7.19808,46.58441],[7.19797,46.5848],[7.19827,46.58506],[7.19879,46.5865],[7.19855,46.58697],[7.19885,46.58821],[7.1985,46.58939],[7.19925,46.5921],[7.19912,46.59274],[7.1995,46.59302],[7.20029,46.59569],[7.20176,46.59702],[7.20197,46.59746],[7.20162,46.5994],[7.20112,46.60022],[7.20137,46.60082],[7.20218,46.60168],[7.20342,46.60261],[7.20329,46.6033]]}},{"type":"Feature","properties":{"id":"klein-mungbach-fr","c":"FR","p":"patent","q":"derived","k":"river"},"geometry":{"type":"LineString","coordinates":[[7.21701,46.56702],[7.22028,46.56755],[7.22177,46.56805],[7.22263,46.56794],[7.22407,46.56821],[7.2259,46.56807],[7.22684,46.56724],[7.22748,46.56627],[7.23207,46.56524],[7.23322,46.56579],[7.23355,46.56615],[7.23475,46.56644],[7.23521,46.56673],[7.23583,46.56678],[7.2362,46.56703],[7.23697,46.56678],[7.23935,46.56701],[7.24082,46.5666],[7.24148,46.56679],[7.24329,46.56785],[7.24456,46.56801],[7.24486,46.56821],[7.24542,46.56868],[7.2457,46.56931],[7.24626,46.56952],[7.24618,46.57058],[7.24713,46.57135],[7.24732,46.57185],[7.24812,46.57192],[7.24826,46.57229],[7.24928,46.57268],[7.24985,46.57336],[7.24959,46.57379],[7.24982,46.5745],[7.24963,46.5747],[7.24939,46.57736],[7.24883,46.57874],[7.24899,46.58086],[7.24874,46.58169],[7.24796,46.58249],[7.24796,46.58285],[7.24672,46.58389],[7.24594,46.584],[7.24532,46.58374],[7.24473,46.58379],[7.24336,46.5846],[7.24273,46.58543],[7.24149,46.58628],[7.24101,46.58697],[7.24033,46.58755],[7.23959,46.58779],[7.23845,46.58943],[7.23746,46.5927],[7.23792,46.59427],[7.2377,46.59484],[7.23786,46.59599],[7.23728,46.59688],[7.2374,46.59838],[7.23832,46.59955],[7.23847,46.60009]]}},{"type":"Feature","properties":{"id":"sattelbach-fr","c":"FR","p":"patent","q":"derived","k":"river"},"geometry":{"type":"LineString","coordinates":[[7.26596,46.58487],[7.26701,46.58548],[7.26889,46.58808],[7.26946,46.58844],[7.27014,46.58851],[7.27068,46.58905],[7.27085,46.5894],[7.27045,46.59119],[7.27006,46.59155],[7.26975,46.59243],[7.26901,46.59308],[7.269,46.59356],[7.27005,46.59431],[7.27013,46.59478],[7.2708,46.59559],[7.27085,46.5962],[7.27197,46.59732],[7.27315,46.59937],[7.27315,46.60023],[7.27398,46.60115],[7.27424,46.60187],[7.27488,46.60249],[7.27569,46.60289],[7.27591,46.60357],[7.27714,46.60461],[7.27858,46.60511],[7.28077,46.60687],[7.28072,46.60831],[7.28132,46.60912],[7.28083,46.60934],[7.28012,46.61021]]}},{"type":"Feature","properties":{"id":"russon-fr","c":"FR","p":"patent","q":"derived","k":"river"},"geometry":{"type":"LineString","coordinates":[[6.99816,46.59309],[6.99915,46.59379],[7.00058,46.59543],[7.00175,46.59783],[7.00234,46.59816],[7.00267,46.59875],[7.00358,46.60109],[7.00555,46.60268],[7.00655,46.60426],[7.00639,46.60547],[7.00673,46.60631],[7.00716,46.60673],[7.00796,46.60709],[7.01035,46.60752],[7.01225,46.60828],[7.01339,46.60842],[7.01408,46.60801],[7.01438,46.60801],[7.01702,46.60888],[7.01786,46.60951],[7.02067,46.60985],[7.02224,46.61043],[7.02497,46.61082],[7.02512,46.61096],[7.02669,46.61061],[7.02783,46.61122],[7.02781,46.61162],[7.02818,46.61181],[7.02837,46.61253],[7.02824,46.61349],[7.02724,46.61404],[7.02673,46.61463],[7.02598,46.61626],[7.02675,46.61697],[7.02709,46.61765],[7.02764,46.61803],[7.02774,46.61868],[7.02926,46.62021],[7.03004,46.62171],[7.02997,46.62233],[7.02868,46.62367],[7.02914,46.62464],[7.02967,46.62491],[7.02971,46.62579],[7.02998,46.62607],[7.03035,46.6261],[7.03047,46.62657],[7.0312,46.62726],[7.03142,46.62821]]}},{"type":"Feature","properties":{"id":"diron-fr","c":"FR","p":"patent","q":"derived","k":"river"},"geometry":{"type":"MultiLineString","coordinates":[[[6.97648,46.58418],[6.97611,46.58745],[6.97463,46.58829],[6.97225,46.59113],[6.9692,46.5931],[6.96855,46.59422],[6.96754,46.59458],[6.96678,46.59561],[6.96512,46.59677],[6.96431,46.59824],[6.9639,46.60032],[6.9642,46.60193],[6.96322,46.60402]],[[6.96333,46.60429],[6.96378,46.60488],[6.96572,46.60583],[6.96619,46.60571],[6.96898,46.60598],[6.97311,46.60848],[6.97397,46.60997],[6.97817,46.61173],[6.97916,46.61188],[6.97931,46.61236],[6.98036,46.61251],[6.98085,46.61225],[6.98155,46.61239],[6.98188,46.61267],[6.9822,46.61255],[6.98258,46.61292],[6.9838,46.61296],[6.98395,46.61334],[6.9862,46.6139],[6.9872,46.61388],[6.9874,46.61365],[6.98809,46.61376],[6.9892,46.61439],[6.99038,46.61616],[6.99135,46.61636],[6.99274,46.61718],[6.99512,46.61702],[6.99853,46.6171],[7.00158,46.61745],[7.00186,46.61762],[7.00169,46.61845],[7.0028,46.61921],[7.00456,46.61901],[7.00709,46.61926],[7.00944,46.61834],[7.01283,46.6213],[7.01305,46.62189],[7.01265,46.62242],[7.01275,46.62369],[7.01324,46.62447]]]}},{"type":"Feature","properties":{"id":"ruisseau-des-colombettes-fr","c":"FR","p":"patent","q":"derived","k":"river"},"geometry":{"type":"LineString","coordinates":[[6.98587,46.59299],[6.98567,46.59435],[6.98519,46.59496],[6.98534,46.59868],[6.98615,46.59935],[6.98634,46.59998],[6.98617,46.60061],[6.98684,46.60163],[6.98825,46.60201],[6.98857,46.60253],[6.9886,46.60399],[6.98834,46.60476],[6.98858,46.60569],[6.98837,46.60836],[6.98916,46.61002],[6.98992,46.61034],[6.98961,46.61107],[6.99014,46.61136],[6.99069,46.61204],[6.9923,46.6121],[6.99371,46.61282],[6.99488,46.61282],[6.99756,46.61378],[6.99823,46.61522],[6.99809,46.61564],[6.99831,46.61628],[6.99885,46.61678],[6.99968,46.61714]]}},{"type":"Feature","properties":{"id":"ruisseau-du-pra-lassey-fr","c":"FR","p":"patent","q":"derived","k":"river"},"geometry":{"type":"LineString","coordinates":[[6.97933,46.58675],[6.978,46.58804],[6.97802,46.58833],[6.9773,46.58909],[6.97655,46.59061],[6.97656,46.59184],[6.97583,46.59258],[6.97495,46.59434],[6.97376,46.59588],[6.97427,46.59676],[6.97405,46.59714],[6.97439,46.59736],[6.9742,46.59798],[6.97556,46.59878],[6.9779,46.5997],[6.9788,46.60116],[6.97856,46.60285],[6.97875,46.60325],[6.97823,46.60371],[6.97785,46.6058],[6.97697,46.60706],[6.97688,46.60776],[6.97492,46.60877],[6.97427,46.60945],[6.9741,46.61002]]}},{"type":"Feature","properties":{"id":"gerignoz-fr","c":"FR","p":"patent","q":"derived","k":"river"},"geometry":{"type":"LineString","coordinates":[[7.00164,46.6553],[7.00354,46.65426],[7.00501,46.65376],[7.00615,46.65359],[7.00927,46.65374],[7.01486,46.65543],[7.0156,46.65583],[7.01618,46.65662],[7.0176,46.65722],[7.01805,46.65718],[7.01821,46.65738],[7.01862,46.65718],[7.01885,46.65742],[7.01918,46.65717],[7.02005,46.65736],[7.02217,46.65803],[7.02302,46.65811],[7.02351,46.65845],[7.02538,46.65897],[7.02617,46.65895],[7.02755,46.65927],[7.03215,46.66072],[7.03459,46.66123],[7.03552,46.66126],[7.03577,46.66153],[7.0376,46.66165],[7.03867,46.66224],[7.04137,46.6628],[7.04398,46.66248],[7.04462,46.66211],[7.04615,46.66216],[7.04689,46.66189],[7.04789,46.662],[7.04981,46.66126],[7.05113,46.66036],[7.05191,46.66052],[7.05362,46.66023],[7.05447,46.66051],[7.05534,46.66022],[7.05717,46.66013],[7.05932,46.66104],[7.05987,46.66108],[7.06152,46.66202],[7.06239,46.66196],[7.06352,46.66225],[7.06382,46.66251],[7.06371,46.66286],[7.06392,46.66304],[7.06439,46.66299],[7.06535,46.66333],[7.06658,46.66329],[7.06766,46.66427],[7.06799,46.66399],[7.06829,46.66399],[7.06879,46.66433],[7.07017,46.66441],[7.07033,46.66488],[7.07115,46.66465],[7.07149,46.66473],[7.072,46.66526],[7.07323,46.66579],[7.0753,46.66578],[7.07635,46.66627],[7.07738,46.66647]]}},{"type":"Feature","properties":{"id":"ruisseau-de-l-abbaye-fr","c":"FR","p":"patent","q":"derived","k":"river"},"geometry":{"type":"MultiLineString","coordinates":[[[7.0232,46.67771],[7.02468,46.67415],[7.0255,46.67373],[7.02708,46.67335],[7.02895,46.67305],[7.02957,46.67334],[7.02994,46.67325]],[[7.03025,46.67313],[7.03168,46.67242],[7.03307,46.67213],[7.03638,46.67074],[7.03685,46.67027],[7.03677,46.66967],[7.03703,46.6692],[7.03998,46.66929],[7.04025,46.66896],[7.04101,46.66875],[7.04104,46.66846],[7.04167,46.66814],[7.04175,46.66789],[7.04337,46.66698],[7.04396,46.66697],[7.04505,46.66654],[7.04629,46.66652],[7.04785,46.66607],[7.05152,46.66646],[7.05365,46.66619],[7.05455,46.66587],[7.05559,46.66591],[7.05682,46.66543],[7.05749,46.66544],[7.05849,46.66515],[7.06121,46.66397],[7.06245,46.66386],[7.06407,46.66308]]]}},{"type":"Feature","properties":{"id":"ruisseau-de-malessert-fr","c":"FR","p":"patent","q":"derived","k":"river"},"geometry":{"type":"LineString","coordinates":[[7.036,46.67589],[7.03619,46.67531],[7.0377,46.67474],[7.03839,46.6737],[7.03915,46.6734],[7.04085,46.67217],[7.0428,46.67179],[7.0433,46.67112],[7.04407,46.67102],[7.04509,46.67116],[7.04612,46.6709],[7.04787,46.67084],[7.04962,46.67121],[7.05142,46.67124],[7.05395,46.67055],[7.05846,46.67007],[7.06225,46.67059],[7.06426,46.67156],[7.06482,46.67143],[7.06627,46.67148],[7.06704,46.67158],[7.06774,46.67193],[7.06859,46.67201],[7.06941,46.67202],[7.0701,46.6718],[7.0722,46.67221],[7.07288,46.67259],[7.07474,46.67228],[7.07563,46.67266],[7.07664,46.67253],[7.07745,46.67276],[7.07824,46.67275],[7.07854,46.67292],[7.07909,46.67264],[7.08014,46.67304],[7.08049,46.67297],[7.08172,46.67327],[7.08212,46.67354]]}},{"type":"Feature","properties":{"id":"ruisseau-du-bry-fr","c":"FR","p":"patent","q":"derived","k":"river"},"geometry":{"type":"LineString","coordinates":[[7.05636,46.69328],[7.05728,46.6936],[7.05826,46.69457],[7.06055,46.69468],[7.06155,46.69588],[7.06299,46.69645],[7.06408,46.69643],[7.06512,46.69735],[7.06588,46.69776],[7.06748,46.69823],[7.06834,46.69902],[7.07051,46.69935],[7.07182,46.70061],[7.07222,46.70133],[7.07493,46.70113],[7.07594,46.70128],[7.07615,46.70155],[7.0781,46.70198],[7.0797,46.70201],[7.08043,46.70164],[7.08292,46.70226],[7.0864,46.7045],[7.0867,46.70484],[7.08674,46.7057]]}},{"type":"Feature","properties":{"id":"ruisseau-des-carrets-fr","c":"FR","p":"patent","q":"derived","k":"river"},"geometry":{"type":"LineString","coordinates":[[7.03641,46.57776],[7.03729,46.57849],[7.03877,46.57907],[7.04065,46.58027],[7.04199,46.58164],[7.04297,46.58216],[7.04308,46.58293],[7.04346,46.5832],[7.04594,46.58403],[7.04724,46.5848],[7.04854,46.58613],[7.05076,46.58637],[7.05122,46.58624],[7.05278,46.58635],[7.05376,46.58615],[7.05448,46.58666],[7.05544,46.58649],[7.05846,46.58782],[7.05891,46.58825],[7.05907,46.58919],[7.06254,46.59009],[7.06373,46.5909],[7.06748,46.59147],[7.06866,46.5931],[7.0708,46.59432]]}},{"type":"Feature","properties":{"id":"ruisseau-de-maumochy-fr","c":"FR","p":"patent","q":"derived","k":"river"},"geometry":{"type":"LineString","coordinates":[[7.12761,46.57811],[7.12675,46.57834],[7.12563,46.57832],[7.12314,46.57766],[7.11997,46.57769],[7.11896,46.57752],[7.11728,46.57777],[7.1143,46.57766],[7.11233,46.57697],[7.11125,46.57601],[7.11006,46.57543],[7.10896,46.57526],[7.10797,46.57558],[7.10749,46.57539],[7.10607,46.57375],[7.10397,46.57291],[7.10293,46.57219],[7.10005,46.57281],[7.09823,46.57241],[7.09509,46.57124],[7.0945,46.57095],[7.09396,46.56981],[7.09242,46.56867]]}},{"type":"Feature","properties":{"id":"beveret-fr","c":"FR","p":"patent","q":"derived","k":"river"},"geometry":{"type":"LineString","coordinates":[[7.12045,46.55527],[7.11863,46.5548],[7.11725,46.55519],[7.11601,46.55595],[7.11386,46.55601],[7.11336,46.55624],[7.11326,46.5565],[7.11427,46.55697],[7.11168,46.55814],[7.11116,46.55805],[7.10991,46.55706],[7.109,46.55704],[7.10733,46.55736],[7.10569,46.55871],[7.10451,46.55804],[7.10015,46.55676],[7.09616,46.55649],[7.09531,46.55606],[7.09407,46.55587],[7.09302,46.55625],[7.09295,46.55805],[7.09447,46.55893],[7.09576,46.56231],[7.09592,46.56341],[7.09534,46.56514],[7.09394,46.56594],[7.09232,46.56881],[7.09226,46.57111]]}},{"type":"Feature","properties":{"id":"tana-fr","c":"FR","p":"patent","q":"derived","k":"river"},"geometry":{"type":"LineString","coordinates":[[7.1109,46.4993],[7.1098,46.49979],[7.10869,46.50083],[7.10813,46.50276],[7.10754,46.50377],[7.10778,46.50743],[7.10928,46.50981],[7.10927,46.51221],[7.11031,46.51363],[7.10983,46.5145],[7.109,46.51489],[7.10866,46.51539],[7.10865,46.51673],[7.10925,46.51775],[7.1091,46.51836],[7.10866,46.51885],[7.10879,46.51932],[7.10839,46.52048],[7.10803,46.52092],[7.10676,46.52131],[7.10536,46.52256],[7.10451,46.52304],[7.10415,46.52354],[7.10344,46.52368],[7.10237,46.52443],[7.10117,46.52593],[7.09931,46.52635],[7.0982,46.52635],[7.09752,46.52654],[7.09703,46.52722],[7.09309,46.52842],[7.09283,46.52889],[7.09286,46.52969],[7.09335,46.53057],[7.09338,46.53148],[7.09191,46.53206],[7.0907,46.53329],[7.08922,46.53416],[7.08873,46.53477],[7.08802,46.53498],[7.08766,46.53589],[7.08728,46.53605],[7.08692,46.53673],[7.08321,46.53955],[7.08274,46.54063],[7.08184,46.54167],[7.08183,46.54192],[7.08259,46.54271],[7.08237,46.54374],[7.08116,46.54482],[7.07901,46.54578]]}},{"type":"Feature","properties":{"id":"marive-fr","c":"FR","p":"patent","q":"derived","k":"river"},"geometry":{"type":"LineString","coordinates":[[7.00693,46.51933],[7.00689,46.51974],[7.00725,46.52032],[7.00794,46.52093],[7.00837,46.52237],[7.00986,46.52343],[7.01007,46.52401],[7.01174,46.52532],[7.01349,46.52535],[7.01421,46.52588],[7.01556,46.52569],[7.01627,46.52636],[7.01783,46.52684],[7.01923,46.527],[7.02073,46.52692],[7.022,46.52757],[7.02249,46.52761],[7.02326,46.52811],[7.02362,46.52869],[7.02347,46.52925],[7.02363,46.52941],[7.02467,46.52983],[7.02669,46.52996],[7.02795,46.53033],[7.02866,46.53004],[7.02863,46.52947],[7.02979,46.52942],[7.0297,46.52898],[7.03035,46.52845],[7.03094,46.52842],[7.0322,46.52885],[7.03323,46.52842],[7.0347,46.52828],[7.035,46.52794],[7.03505,46.5273],[7.03608,46.52698],[7.03661,46.52642],[7.03758,46.52632],[7.03797,46.52547],[7.03858,46.52534],[7.0393,46.52355],[7.04024,46.52259],[7.04018,46.52187],[7.04222,46.5208],[7.04297,46.52073],[7.04738,46.51907],[7.05144,46.52014],[7.05597,46.51912],[7.05733,46.51863],[7.05943,46.51708],[7.06237,46.51577],[7.06501,46.51487]]}},{"type":"Feature","properties":{"id":"chappelimattbaechli-fr","c":"FR","p":"patent","q":"derived","k":"river"},"geometry":{"type":"LineString","coordinates":[[7.16046,46.91914],[7.16145,46.92019],[7.16249,46.92085],[7.16508,46.9215],[7.16552,46.92179],[7.16769,46.92214],[7.16962,46.92311],[7.17074,46.92323],[7.17365,46.92434],[7.17431,46.92461],[7.17444,46.92489],[7.17552,46.9256],[7.17602,46.92649],[7.1792,46.92724],[7.17951,46.92746],[7.17953,46.92782],[7.18202,46.92907],[7.18362,46.92938],[7.18462,46.92979],[7.18534,46.93059],[7.18622,46.93084],[7.18616,46.93302],[7.18685,46.93418],[7.18846,46.93524],[7.19016,46.93565],[7.19037,46.93627],[7.19095,46.93687],[7.19437,46.93726],[7.19554,46.93788],[7.19622,46.93803],[7.19763,46.93906],[7.1992,46.93938],[7.19947,46.93912]]}},{"type":"Feature","properties":{"id":"galmizkanal-fr","c":"FR","p":"patent","q":"derived","k":"river"},"geometry":{"type":"LineString","coordinates":[[7.16074,46.94004],[7.16044,46.94096],[7.16038,46.94231],[7.16151,46.94341],[7.16158,46.94415],[7.16309,46.94458],[7.16256,46.94553],[7.16305,46.94639],[7.16411,46.94703],[7.16406,46.9476],[7.16359,46.94816],[7.16267,46.94871],[7.1627,46.9494],[7.16177,46.94994],[7.16125,46.94978],[7.16002,46.95071],[7.15774,46.95043],[7.1561,46.94977],[7.15509,46.94971],[7.15406,46.95091],[7.1553,46.95244],[7.15837,46.95485],[7.15824,46.95685],[7.12835,46.97448]]}},{"type":"Feature","properties":{"id":"dybach-fr","c":"FR","p":"patent","q":"derived","k":"river"},"geometry":{"type":"LineString","coordinates":[[7.10731,46.89099],[7.10817,46.89135],[7.10848,46.89218],[7.10922,46.8925],[7.11058,46.89359],[7.11129,46.89514],[7.11183,46.89578],[7.11188,46.89641],[7.11279,46.89817],[7.11237,46.89997],[7.1125,46.90231],[7.11222,46.90273],[7.11261,46.9051],[7.11289,46.90551],[7.1123,46.90637],[7.11287,46.90658],[7.1134,46.90782],[7.11297,46.90829],[7.11264,46.90943],[7.11192,46.90916],[7.11129,46.90932],[7.10953,46.90898],[7.10651,46.90933],[7.10516,46.90922],[7.10312,46.90956],[7.10147,46.90952],[7.09976,46.90853],[7.09869,46.9083],[7.09719,46.90726],[7.09695,46.90727],[7.09609,46.9081],[7.09556,46.90942],[7.09554,46.91176],[7.09503,46.91221],[7.09471,46.91315],[7.09274,46.91605],[7.09346,46.91651],[7.09186,46.91775],[7.0901,46.91848],[7.08947,46.91854]]}},{"type":"Feature","properties":{"id":"ruisseau-des-echelles-fr","c":"FR","p":"patent","q":"derived","k":"river"},"geometry":{"type":"LineString","coordinates":[[7.10761,46.87049],[7.10662,46.87082],[7.10575,46.87248],[7.10463,46.87325],[7.10373,46.87506],[7.10252,46.8754],[7.10083,46.87556],[7.10031,46.87648],[7.10022,46.87767],[7.0988,46.87886],[7.09875,46.87956],[7.09741,46.87999],[7.09699,46.88029],[7.09439,46.88094],[7.09413,46.88126],[7.09408,46.88241],[7.09322,46.88334],[7.09244,46.88358],[7.09221,46.88383],[7.09173,46.88387],[7.09152,46.88411],[7.08966,46.88452],[7.08945,46.88476],[7.08903,46.8847],[7.08775,46.88496],[7.08709,46.88576],[7.08585,46.88617],[7.08524,46.88696],[7.08441,46.88728],[7.08359,46.88808]]}},{"type":"Feature","properties":{"id":"torrent-fr","c":"FR","p":"patent","q":"derived","k":"river"},"geometry":{"type":"LineString","coordinates":[[7.10461,46.49469],[7.10355,46.495],[7.10281,46.49549],[7.10082,46.4956],[7.09926,46.49605],[7.09685,46.49597],[7.09558,46.49561],[7.09452,46.49569],[7.09338,46.49555],[7.08885,46.49661],[7.08652,46.49754],[7.08416,46.49725],[7.08268,46.49623],[7.08057,46.49606],[7.07802,46.49495],[7.07676,46.49491],[7.07348,46.49574],[7.07284,46.49605],[7.07159,46.49719],[7.06902,46.49693],[7.06653,46.49801],[7.06246,46.4989],[7.06211,46.49907],[7.06172,46.49989],[7.06098,46.50018],[7.05929,46.49975],[7.05847,46.49976],[7.05675,46.4991],[7.05632,46.4987],[7.05394,46.49798],[7.05312,46.49732],[7.05267,46.49726]]}},{"type":"Feature","properties":{"id":"arignon-fr","c":"FR","p":"patent","q":"derived","k":"river"},"geometry":{"type":"LineString","coordinates":[[6.84642,46.82879],[6.84768,46.8282],[6.85042,46.82854],[6.8516,46.82902],[6.8527,46.82904],[6.85313,46.82838],[6.85665,46.82702],[6.85825,46.82612],[6.86024,46.82452],[6.86223,46.82375],[6.863,46.82281],[6.86375,46.82262],[6.86421,46.82274],[6.86445,46.82302],[6.86434,46.82351],[6.86507,46.8238],[6.86642,46.82354],[6.8668,46.82295],[6.86727,46.82304],[6.86785,46.82279],[6.86822,46.82288],[6.86818,46.82314],[6.86943,46.82325],[6.87085,46.82399],[6.87253,46.82422],[6.87376,46.82463],[6.87445,46.82465],[6.87512,46.82433],[6.87551,46.82461],[6.87617,46.82471],[6.87642,46.825],[6.87783,46.82531],[6.87789,46.8256],[6.87865,46.82569],[6.88008,46.82543],[6.88102,46.8256],[6.88083,46.82612],[6.88177,46.82689],[6.88288,46.82957],[6.8832,46.83004],[6.88451,46.83088],[6.88631,46.83104],[6.88881,46.83016],[6.89063,46.82983],[6.89226,46.83015],[6.89351,46.83087]]}},{"type":"Feature","properties":{"id":"bainoz-fr","c":"FR","p":"patent","q":"derived","k":"river"},"geometry":{"type":"LineString","coordinates":[[6.79201,46.78687],[6.795,46.78898],[6.79589,46.79009],[6.7959,46.79045],[6.79517,46.79135],[6.79574,46.79229],[6.79738,46.79326],[6.79748,46.79363],[6.7988,46.79447],[6.79908,46.79496],[6.79982,46.79546],[6.80076,46.79574],[6.80056,46.79619],[6.8036,46.79769],[6.80373,46.79818],[6.80344,46.79842],[6.80372,46.79895],[6.80439,46.7993],[6.80766,46.80024],[6.81074,46.80191],[6.81146,46.80162],[6.81184,46.80168],[6.81357,46.80283],[6.8141,46.80287],[6.81426,46.80327],[6.81521,46.80379],[6.81519,46.80426],[6.81577,46.80471],[6.81656,46.80501],[6.81703,46.80549],[6.81758,46.80558],[6.8177,46.80606],[6.81848,46.80632],[6.81835,46.80653],[6.81873,46.80667],[6.81879,46.8069],[6.81962,46.80728],[6.82002,46.8078],[6.82152,46.80854],[6.82143,46.80887],[6.82219,46.80925],[6.82266,46.80985],[6.82254,46.81019],[6.82307,46.81082],[6.82272,46.8109],[6.82307,46.81132],[6.82305,46.81167],[6.82399,46.81198],[6.824,46.81229],[6.8247,46.81273],[6.82469,46.81312],[6.82523,46.81325],[6.82653,46.81403],[6.82748,46.81425],[6.82788,46.81469],[6.82832,46.81473],[6.82886,46.81569],[6.82941,46.81591],[6.83068,46.81729],[6.83076,46.8177],[6.83121,46.81792],[6.83078,46.81842],[6.83155,46.8189],[6.83235,46.819],[6.83368,46.81995],[6.83432,46.82002],[6.83479,46.82036],[6.83567,46.82034],[6.83634,46.82054],[6.83656,46.82082],[6.83776,46.82114],[6.83883,46.82192],[6.83975,46.82189],[6.84013,46.82239],[6.84063,46.82228],[6.84112,46.8224],[6.84127,46.82226],[6.84159,46.82249],[6.84309,46.82257],[6.84358,46.82298],[6.8438,46.82292],[6.84405,46.82325],[6.84505,46.82296],[6.8461,46.82305],[6.84622,46.82278],[6.84728,46.8223],[6.84787,46.82104],[6.84809,46.82108],[6.84859,46.82071],[6.84914,46.82103],[6.84975,46.82084],[6.85039,46.82036],[6.8508,46.82034],[6.85061,46.81994],[6.85104,46.81988],[6.8512,46.81961],[6.85226,46.81922],[6.85319,46.8185],[6.85379,46.81829],[6.85476,46.81725],[6.85446,46.81695],[6.85484,46.81685],[6.85556,46.81713],[6.85602,46.81621],[6.85655,46.81612],[6.85776,46.81487],[6.85823,46.81472]]}},{"type":"Feature","properties":{"id":"albeuve-fr","c":"FR","p":"patent","q":"derived","k":"river"},"geometry":{"type":"LineString","coordinates":[[7.02956,46.54471],[7.03021,46.54615],[7.03196,46.5477],[7.03244,46.55],[7.03394,46.55262],[7.03575,46.55404],[7.03691,46.55615],[7.03713,46.55629],[7.03813,46.55628],[7.03846,46.55694],[7.03952,46.55786],[7.03946,46.55864],[7.04011,46.55926],[7.04004,46.5603],[7.04036,46.56053],[7.04091,46.56197],[7.04184,46.56294],[7.04138,46.56378],[7.0416,46.56478],[7.04393,46.56843],[7.04574,46.5699],[7.04621,46.57067],[7.04736,46.57157],[7.04775,46.57227],[7.04838,46.5726],[7.04879,46.57356],[7.05136,46.5744],[7.05196,46.57481],[7.05273,46.57491],[7.05376,46.57555],[7.05733,46.57689],[7.05783,46.57731],[7.06063,46.57769],[7.06349,46.57871],[7.06558,46.57906],[7.06655,46.58062],[7.0685,46.58175],[7.07015,46.58315],[7.07223,46.5874],[7.07369,46.58909],[7.07569,46.59202],[7.07741,46.59365],[7.08011,46.59488],[7.08155,46.59623]]}},{"type":"Feature","properties":{"id":"treme-fr","c":"FR","p":"patent","q":"derived","k":"river"},"geometry":{"type":"LineString","coordinates":[[6.99624,46.5423],[6.99487,46.54396],[6.99472,46.54509],[6.99481,46.54548],[6.99594,46.5461],[6.99622,46.54716],[6.99577,46.54817],[6.99498,46.54855],[6.99504,46.54908],[6.99454,46.54973],[6.9937,46.54989],[6.99294,46.55068],[6.9924,46.55093],[6.99114,46.55105],[6.98896,46.55218],[6.98798,46.55207],[6.98726,46.55249],[6.98445,46.55298],[6.98357,46.55346],[6.98274,46.55359],[6.98166,46.55482],[6.98199,46.55535],[6.98183,46.55577],[6.9827,46.55656],[6.98292,46.55716],[6.98417,46.55769],[6.98426,46.55823],[6.98484,46.55841],[6.98499,46.56085],[6.98658,46.56296],[6.98778,46.56352],[6.98855,46.56454],[6.99063,46.56588],[6.99082,46.56636],[6.99177,46.56667],[6.99165,46.56737],[6.99247,46.56796],[6.99313,46.56816],[6.99312,46.56875],[6.99342,46.56916],[6.99402,46.56929],[6.99569,46.57094],[6.99731,46.57159],[6.99818,46.5728],[6.99862,46.57317],[6.99944,46.57342],[6.99995,46.57389],[7.00087,46.57411],[7.00231,46.57381],[7.00307,46.57406],[7.00295,46.57459],[7.00321,46.57585],[7.00365,46.57641],[7.00355,46.57812],[7.00443,46.57828],[7.00583,46.57887],[7.00579,46.5797],[7.00539,46.58023],[7.00563,46.58078],[7.00553,46.58136],[7.00539,46.58171],[7.00468,46.58213],[7.00519,46.58256],[7.00535,46.58311],[7.00856,46.58422],[7.01111,46.58403],[7.01132,46.58414],[7.01138,46.58463],[7.01188,46.58508],[7.01182,46.58607],[7.01199,46.58626],[7.013,46.58649],[7.01324,46.58675],[7.01273,46.58782],[7.01307,46.58869],[7.01419,46.58936],[7.01457,46.5903],[7.01554,46.59095],[7.01562,46.59172],[7.01631,46.59196],[7.01641,46.59215],[7.01594,46.59238],[7.01416,46.5925],[7.01396,46.59305],[7.01482,46.59373],[7.01489,46.59421],[7.01349,46.59494],[7.01344,46.59527],[7.01408,46.59648],[7.01384,46.59754],[7.01439,46.59892],[7.01509,46.59958],[7.0157,46.59966],[7.01642,46.59936],[7.01714,46.59939],[7.01787,46.6003],[7.02022,46.6006],[7.02039,46.60089],[7.02026,46.6015],[7.02047,46.60167],[7.0213,46.60189],[7.02317,46.60167],[7.02453,46.60215],[7.02534,46.60269],[7.02562,46.60368],[7.026,46.60398],[7.02757,46.60459],[7.02821,46.60533],[7.0296,46.60579],[7.03021,46.60652],[7.03163,46.607],[7.03334,46.60832],[7.03375,46.60915],[7.03542,46.60938],[7.03878,46.61186],[7.03939,46.61191],[7.0417,46.61284],[7.04235,46.61287],[7.04628,46.61264],[7.04807,46.61285],[7.05774,46.61265],[7.06239,46.61191],[7.06638,46.61163],[7.06741,46.61138],[7.07084,46.60863],[7.07635,46.60297],[7.07796,46.60108],[7.08008,46.597],[7.08103,46.59629],[7.08204,46.59623],[7.08397,46.59717],[7.08484,46.59725],[7.08685,46.59633],[7.08749,46.59645],[7.09369,46.60013]]}},{"type":"Feature","properties":{"id":"grand-canal-fr","c":"FR","p":"patent","q":"derived","k":"river"},"geometry":{"type":"LineString","coordinates":[[7.20858,47.00477],[7.20615,47.00222],[7.18922,46.99206],[7.18218,46.98839],[7.17575,46.98579],[7.16763,46.98351],[7.12828,46.9749],[7.10778,46.96972]]}},{"type":"Feature","properties":{"id":"broye-fr","c":"FR","p":"patent","q":"derived","k":"river"},"geometry":{"type":"MultiLineString","coordinates":[[[6.81153,46.58098],[6.81234,46.58174],[6.81305,46.58334],[6.81421,46.58399],[6.81387,46.58931],[6.81338,46.59013],[6.81233,46.59112],[6.81103,46.59193],[6.81093,46.59223],[6.81128,46.59286],[6.81344,46.59405],[6.81384,46.59482],[6.81354,46.59545],[6.81258,46.59546],[6.81188,46.59594],[6.81141,46.59732],[6.81174,46.59784],[6.81285,46.59789],[6.81476,46.5988],[6.81595,46.59915],[6.81782,46.59935],[6.81834,46.5996],[6.81889,46.60067],[6.81821,46.60352],[6.8188,46.60491],[6.81809,46.60594],[6.81671,46.60667],[6.81751,46.60802],[6.81661,46.60895],[6.8158,46.6104],[6.81589,46.61252],[6.8163,46.61323],[6.81516,46.61567],[6.81254,46.61659],[6.81136,46.6172],[6.81126,46.61767],[6.81284,46.61917],[6.81223,46.61949],[6.81058,46.61928],[6.80917,46.62004],[6.80892,46.62092],[6.80929,46.62114],[6.80939,46.62292],[6.80906,46.62344],[6.80804,46.62389],[6.80785,46.62419],[6.80793,46.62544],[6.80907,46.6263],[6.80916,46.62669],[6.80819,46.62787],[6.80886,46.6311],[6.80856,46.6317],[6.80733,46.63273],[6.80727,46.63309],[6.80752,46.63354],[6.80882,46.63438],[6.8102,46.6358],[6.8108,46.63776],[6.81046,46.63834],[6.8097,46.63858],[6.80946,46.63885],[6.8095,46.64042],[6.80877,46.64139],[6.80769,46.64199]],[[6.86009,46.5309],[6.859,46.5309],[6.85885,46.53103],[6.85867,46.53201],[6.8592,46.53288],[6.85851,46.53339],[6.86011,46.53598],[6.85815,46.53638],[6.85765,46.53706],[6.85688,46.53685],[6.8564,46.53706],[6.8568,46.53825],[6.85617,46.53875],[6.85593,46.53955],[6.85517,46.54007],[6.85532,46.5405]],[[6.85855,46.72578],[6.86269,46.73048],[6.86628,46.73312]],[[6.86713,46.54093],[6.86687,46.54059],[6.8678,46.54019],[6.86783,46.5393],[6.86715,46.53879],[6.86606,46.53865],[6.866,46.53781],[6.86437,46.53646],[6.8645,46.53607],[6.86531,46.53531],[6.86516,46.53503],[6.86469,46.53485],[6.8654,46.53392],[6.86484,46.53319],[6.86491,46.53207],[6.86405,46.53146],[6.86401,46.53058],[6.86317,46.52974],[6.86111,46.53069]],[[6.87808,46.74558],[6.88209,46.74981]],[[6.96432,46.58115],[6.96343,46.58166],[6.96321,46.5827],[6.96194,46.58462],[6.9613,46.58514],[6.96074,46.58542],[6.95854,46.5859],[6.95723,46.5866],[6.95578,46.58666],[6.95451,46.58732],[6.95395,46.58867],[6.9544,46.58997],[6.9544,46.59042],[6.95402,46.59086],[6.9528,46.59171],[6.95192,46.59297],[6.95015,46.59368],[6.95003,46.59433],[6.94823,46.59513],[6.9474,46.59515],[6.94653,46.59573],[6.9449,46.59437],[6.94326,46.59211],[6.93537,46.58535],[6.92893,46.58201],[6.92648,46.58115],[6.92493,46.58127],[6.92329,46.58078],[6.92273,46.58033],[6.92191,46.57912],[6.92029,46.57835],[6.91898,46.57715],[6.91841,46.57556],[6.91847,46.57453],[6.91825,46.57431],[6.91487,46.57343],[6.90936,46.57094],[6.90824,46.56978],[6.90839,46.56817],[6.90712,46.56543],[6.90604,46.56473],[6.90229,46.56127],[6.90055,46.56021],[6.89875,46.55967],[6.89753,46.55964],[6.89726,46.56029],[6.89685,46.56056],[6.89643,46.56021],[6.89569,46.5601],[6.89531,46.55937],[6.89448,46.55907],[6.89456,46.55965],[6.89391,46.55991],[6.89394,46.55954],[6.8926,46.55864],[6.89149,46.55839],[6.89147,46.55809],[6.89185,46.55767],[6.89162,46.55733],[6.89113,46.55783],[6.88989,46.5576],[6.88878,46.55831],[6.88822,46.55813]],[[6.911,46.77977],[6.91238,46.78161],[6.91344,46.78232],[6.91544,46.78316],[6.91711,46.78474],[6.91723,46.78521],[6.91641,46.78789]],[[6.9262,46.79862],[6.92694,46.80086],[6.92745,46.80153],[6.92829,46.80205],[6.93031,46.80286],[6.93121,46.8038],[6.93147,46.80438]],[[6.93151,46.80563],[6.93077,46.80644],[6.92802,46.80761],[6.92752,46.80834],[6.92744,46.809]],[[6.98623,46.87092],[6.99524,46.87793]],[[7.0055,46.88585],[7.00934,46.88937]]]}},{"type":"Feature","properties":{"id":"chandon-fr","c":"FR","p":"patent","q":"derived","k":"river"},"geometry":{"type":"LineString","coordinates":[[7.01651,46.8199],[7.01422,46.82074],[7.01279,46.82065],[7.01242,46.82049],[7.01212,46.82064],[7.01145,46.82188],[7.01254,46.82486],[7.01266,46.82607],[7.0124,46.82721],[7.0148,46.83028],[7.01656,46.83151],[7.01874,46.83224],[7.02597,46.833],[7.03127,46.83395],[7.03608,46.83567],[7.03939,46.83606],[7.0439,46.83714],[7.04593,46.83861],[7.04613,46.83906],[7.04595,46.84069],[7.04644,46.84251],[7.05139,46.84763],[7.05131,46.84798],[7.04988,46.84878],[7.04921,46.84965],[7.04852,46.85181],[7.04876,46.85262],[7.0486,46.85348],[7.04931,46.85427],[7.05021,46.8542],[7.05103,46.85539],[7.0522,46.85579],[7.05316,46.85555],[7.05351,46.85622],[7.05403,46.85625],[7.05427,46.85691],[7.05494,46.85731],[7.05541,46.85803],[7.05552,46.85905],[7.05642,46.85942],[7.05675,46.86059],[7.05719,46.86067],[7.05762,46.86123],[7.05751,46.86153],[7.05838,46.86191],[7.05828,46.86222],[7.05901,46.86275],[7.05909,46.86313],[7.05938,46.86339],[7.0602,46.86344],[7.06038,46.86441],[7.06179,46.8652],[7.06249,46.86698],[7.06314,46.86712],[7.06358,46.86694],[7.06558,46.86801],[7.06636,46.86814],[7.06643,46.86852],[7.06683,46.86862],[7.06628,46.86925],[7.06696,46.86993],[7.06789,46.8706],[7.06834,46.87073],[7.06895,46.87066],[7.06991,46.87163],[7.07047,46.87164],[7.07022,46.87199],[7.07082,46.87228],[7.07083,46.87259],[7.07175,46.87348],[7.07175,46.87426],[7.07107,46.87459],[7.07011,46.87569],[7.0704,46.87605],[7.07065,46.87743],[7.07089,46.87756],[7.07073,46.87779],[7.07169,46.87845],[7.07255,46.87864],[7.07225,46.87888],[7.07233,46.87921],[7.07294,46.87964],[7.07369,46.88084],[7.07506,46.88097],[7.07611,46.88164],[7.07713,46.88167],[7.07846,46.88265],[7.07885,46.88267],[7.07892,46.88297],[7.07984,46.88299],[7.0804,46.88328],[7.08038,46.88377],[7.08087,46.88412],[7.08105,46.88466],[7.08169,46.88531],[7.08161,46.88602],[7.08291,46.88684],[7.08298,46.88737],[7.08359,46.88808],[7.08267,46.88864],[7.08216,46.88954],[7.08166,46.88962],[7.08207,46.89078],[7.08086,46.89226],[7.08039,46.89237]]}},{"type":"Feature","properties":{"id":"horiabach-fr","c":"FR","p":"patent","q":"derived","k":"river"},"geometry":{"type":"LineString","coordinates":[[7.20998,46.83113],[7.20686,46.83117],[7.20628,46.83177],[7.20588,46.833],[7.20665,46.83479],[7.20603,46.83528],[7.20605,46.83661],[7.20569,46.83708],[7.20574,46.83806],[7.20529,46.83834],[7.20167,46.83963],[7.20122,46.83952],[7.20101,46.83982],[7.1998,46.84002],[7.19921,46.84049],[7.19599,46.84149],[7.19484,46.84228],[7.19312,46.8421],[7.19041,46.84303],[7.18924,46.84529],[7.18948,46.84633],[7.18883,46.84736],[7.18774,46.84757],[7.1874,46.8479],[7.18611,46.84835],[7.18548,46.84884],[7.1855,46.85023],[7.18499,46.85077],[7.18494,46.85144],[7.18439,46.85174],[7.18399,46.85327],[7.18354,46.85365],[7.18365,46.85428],[7.18311,46.85544],[7.18217,46.85596],[7.18223,46.85615],[7.18141,46.85651],[7.18003,46.85776],[7.17795,46.8581]]}},{"type":"Feature","properties":{"id":"saane-fr","c":"FR","p":"patent","q":"derived","k":"river"},"geometry":{"type":"MultiLineString","coordinates":[[[7.04066,46.47452],[7.03909,46.47492],[7.03695,46.47479],[7.03654,46.47507],[7.03589,46.47632],[7.03545,46.4766],[7.03548,46.47875],[7.03586,46.47915],[7.03969,46.48045],[7.04002,46.48107],[7.03977,46.48229],[7.03999,46.48266],[7.04229,46.48419],[7.04291,46.48423],[7.04356,46.48397],[7.04597,46.48509],[7.0469,46.48582],[7.04742,46.48731]],[[7.05377,46.5063],[7.05747,46.50784],[7.06168,46.50928],[7.06219,46.5096],[7.06308,46.51086],[7.06392,46.51293],[7.06547,46.5151],[7.0658,46.52287],[7.067,46.53005],[7.06698,46.53309],[7.06648,46.53401],[7.06665,46.53483],[7.06739,46.53554],[7.06802,46.53673],[7.06998,46.53739],[7.07077,46.53798],[7.0712,46.53844],[7.07162,46.53959],[7.07265,46.5409],[7.07794,46.54551],[7.07847,46.54625],[7.08096,46.55274],[7.08404,46.55597],[7.0864,46.5577],[7.08786,46.5595],[7.08876,46.56116],[7.0919,46.57092],[7.09094,46.57498],[7.09179,46.57919],[7.09286,46.58116],[7.09365,46.58198],[7.09343,46.58245],[7.09401,46.58374],[7.09882,46.58638],[7.10011,46.5881],[7.09886,46.59107],[7.0978,46.59282],[7.09533,46.59599],[7.0937,46.60007],[7.09302,46.60499],[7.09392,46.60619],[7.09518,46.60664],[7.09535,46.60694],[7.09519,46.60765],[7.09471,46.60807],[7.09127,46.60886],[7.09085,46.6097],[7.09107,46.61028],[7.09354,46.61291],[7.09371,46.61417],[7.09407,46.61455],[7.09476,46.6147]],[[7.06609,46.52625],[7.06576,46.52647],[7.06481,46.52665],[7.06444,46.52839],[7.06454,46.52884],[7.06489,46.52911],[7.06581,46.52901],[7.06657,46.5293]],[[7.11267,46.71814],[7.11277,46.71827]],[[7.11337,46.72005],[7.11409,46.72148],[7.11444,46.7234],[7.11332,46.72397],[7.11206,46.72395],[7.11066,46.72467],[7.10981,46.72544],[7.10968,46.72593],[7.10997,46.72665],[7.11067,46.72715],[7.11287,46.7276],[7.11458,46.72821],[7.11494,46.72851],[7.1151,46.72922],[7.11452,46.73021],[7.10983,46.73145],[7.10924,46.73199],[7.1092,46.73257],[7.10964,46.73282],[7.11167,46.7326],[7.11252,46.7327],[7.11483,46.73432],[7.11503,46.73502],[7.11487,46.73595],[7.11342,46.73687],[7.11113,46.7377],[7.11241,46.74022],[7.11237,46.74056],[7.11196,46.74089],[7.11105,46.74093],[7.11014,46.74065],[7.109,46.73992],[7.10697,46.73781],[7.10666,46.73772],[7.10547,46.73804],[7.10494,46.73885],[7.10508,46.73917],[7.10676,46.74025],[7.10905,46.74101],[7.11022,46.74178],[7.11087,46.74241],[7.11154,46.74427],[7.11155,46.7452],[7.11191,46.74624],[7.11297,46.74645],[7.11435,46.74735],[7.11454,46.74782],[7.11353,46.74893],[7.11306,46.74918],[7.11187,46.74961],[7.10888,46.75007],[7.10578,46.75214],[7.10429,46.75273],[7.10112,46.75299],[7.09839,46.75267],[7.09595,46.75283],[7.09576,46.75306],[7.09585,46.75376],[7.09675,46.75602],[7.09744,46.75701],[7.09903,46.7585],[7.10011,46.7589],[7.10157,46.75911],[7.10279,46.75896],[7.10502,46.75622],[7.10822,46.75535],[7.10968,46.75554],[7.11041,46.7563],[7.11124,46.75669],[7.11471,46.75659],[7.11643,46.75728],[7.11697,46.75896],[7.11671,46.75939],[7.11473,46.75961],[7.11143,46.76065],[7.11106,46.76103],[7.11067,46.76198],[7.11119,46.76361],[7.1118,46.76422],[7.11375,46.76504],[7.11445,46.76481],[7.1152,46.76419],[7.11544,46.76279],[7.11831,46.76184],[7.119,46.76182],[7.11974,46.76207],[7.12038,46.76301],[7.12037,46.76353],[7.1197,46.76687],[7.11984,46.76737],[7.11917,46.76856],[7.11928,46.77],[7.11987,46.77044],[7.12096,46.77063],[7.12199,46.77046],[7.1235,46.76981],[7.12462,46.76959],[7.12642,46.76959],[7.12735,46.77006],[7.12753,46.77051],[7.12734,46.7709],[7.1237,46.77229],[7.12158,46.77408],[7.12144,46.77475],[7.12214,46.7754],[7.12333,46.77749],[7.12666,46.7797],[7.12637,46.78049],[7.12675,46.78091],[7.13298,46.78359],[7.1329,46.78394],[7.12961,46.78626],[7.13067,46.78742],[7.13227,46.78772],[7.13435,46.78724],[7.13536,46.78659],[7.13659,46.78509],[7.13873,46.78515],[7.1403,46.78443],[7.14104,46.78433],[7.14267,46.78473],[7.14372,46.78526],[7.14479,46.78619],[7.14575,46.79009],[7.14613,46.79056],[7.14668,46.79078],[7.14723,46.79074],[7.14812,46.79039],[7.14937,46.78914],[7.15101,46.78855],[7.15189,46.78848],[7.15282,46.78858],[7.15413,46.79042],[7.15452,46.79075],[7.15517,46.79085],[7.15567,46.7906],[7.15558,46.78964],[7.1558,46.78882],[7.15694,46.78671],[7.15826,46.78534],[7.15925,46.78499],[7.1602,46.78498],[7.16087,46.78512],[7.16168,46.78568],[7.16263,46.78726],[7.16306,46.78883],[7.16315,46.79104],[7.16389,46.79206],[7.16532,46.79296],[7.16618,46.79388],[7.16562,46.79485],[7.16515,46.79523],[7.16379,46.79556],[7.16307,46.79596],[7.16265,46.79656],[7.16268,46.79689],[7.16446,46.79764],[7.16356,46.79838],[7.16269,46.79876],[7.15847,46.79892],[7.15737,46.79918],[7.15659,46.79945],[7.15618,46.80018],[7.15627,46.8005],[7.157,46.80101],[7.15883,46.80135],[7.163,46.80382],[7.16416,46.80425],[7.16571,46.80376],[7.16815,46.80219],[7.16938,46.80243],[7.16969,46.80283],[7.16984,46.80332],[7.16942,46.80404],[7.16675,46.80576],[7.16038,46.81086],[7.16057,46.81179],[7.16124,46.81247],[7.16501,46.81284]],[[7.19403,46.88253],[7.19532,46.88119],[7.1962,46.88067],[7.19833,46.88044],[7.19998,46.88089],[7.20084,46.88157],[7.20158,46.88334],[7.20243,46.88453],[7.20717,46.8879],[7.21077,46.89075],[7.22228,46.90199],[7.22397,46.90294],[7.22628,46.90343]]]}},{"type":"Feature","properties":{"id":"gerine-fr","c":"FR","p":"patent","q":"derived","k":"river"},"geometry":{"type":"MultiLineString","coordinates":[[[7.22208,46.75235],[7.22043,46.75321],[7.21871,46.75323],[7.21736,46.75352],[7.21656,46.7535],[7.2159,46.75385],[7.21498,46.75395],[7.21354,46.75355],[7.20966,46.75345],[7.20847,46.75393],[7.20737,46.75392],[7.205,46.75459],[7.20388,46.75461],[7.20191,46.75585],[7.20095,46.75736],[7.19813,46.75937],[7.19703,46.76068],[7.19601,46.76113],[7.19499,46.76188],[7.19376,46.76222],[7.19345,46.76276],[7.19282,46.76299],[7.19218,46.76361],[7.19119,46.76414],[7.18983,46.76453],[7.18318,46.76423],[7.18077,46.76493],[7.17896,46.76438],[7.17822,46.76375],[7.17785,46.76367],[7.17656,46.76388],[7.17469,46.76552],[7.1745,46.76639],[7.17417,46.76677],[7.17317,46.76747],[7.16803,46.76953],[7.16261,46.77212],[7.15918,46.77305],[7.14555,46.77592],[7.14342,46.77602],[7.14141,46.77583],[7.13914,46.77502],[7.13705,46.77487],[7.1359,46.77507],[7.13411,46.77572],[7.13359,46.77651],[7.13093,46.77699],[7.13066,46.77806],[7.1302,46.77876],[7.12971,46.77877],[7.12906,46.77851],[7.12793,46.77957],[7.12669,46.77985]],[[7.22387,46.7512],[7.22291,46.75136],[7.22211,46.75208],[7.22208,46.75235]],[[7.22499,46.75125],[7.22419,46.75192],[7.22208,46.75235]],[[7.22499,46.75125],[7.22398,46.75121]],[[7.22551,46.75088],[7.22499,46.75125]],[[7.22945,46.7469],[7.22836,46.74697],[7.22648,46.74874],[7.22586,46.74949],[7.22551,46.75088]],[[7.22945,46.7469],[7.22923,46.74748],[7.22831,46.7483],[7.2274,46.74879],[7.22683,46.74972],[7.22551,46.75088]],[[7.2335,46.67088],[7.23162,46.67095],[7.22968,46.67074],[7.22812,46.67148],[7.2272,46.67258],[7.22475,46.67383],[7.22429,46.6739],[7.2241,46.67435],[7.22319,46.6746],[7.2223,46.67539],[7.22219,46.67698],[7.22108,46.67767],[7.22133,46.6781],[7.22125,46.67884],[7.22054,46.67953],[7.21958,46.68165],[7.21959,46.68244],[7.21853,46.68381],[7.21855,46.68563],[7.21766,46.68625],[7.2178,46.68651],[7.21757,46.68702],[7.21654,46.68782],[7.21554,46.68943],[7.21587,46.69044],[7.21563,46.69114],[7.21534,46.69132],[7.21505,46.69246],[7.21543,46.69308],[7.21521,46.69357],[7.21572,46.69514],[7.21675,46.69573],[7.21781,46.69698],[7.21787,46.69772],[7.21845,46.69871],[7.21827,46.69951],[7.21882,46.70053],[7.21934,46.70055],[7.22076,46.70123],[7.22084,46.7017],[7.22161,46.70277],[7.22272,46.70313],[7.22345,46.70364],[7.22456,46.70371],[7.22513,46.70395],[7.22552,46.70456],[7.22618,46.70486],[7.22646,46.70553],[7.22763,46.70632],[7.22805,46.7065],[7.22881,46.70634],[7.22954,46.70669],[7.23114,46.70688],[7.232,46.70772],[7.23318,46.70823],[7.23441,46.7092],[7.23653,46.70961],[7.23724,46.70999],[7.23781,46.71116],[7.23869,46.71167],[7.24033,46.71324],[7.24155,46.71403],[7.24288,46.71418],[7.24266,46.71517],[7.2431,46.71685],[7.24349,46.7175],[7.24428,46.7181],[7.2443,46.71946],[7.24543,46.72003],[7.24532,46.72093],[7.24565,46.72297],[7.24536,46.72509],[7.24563,46.72601],[7.24536,46.72722],[7.24487,46.72777],[7.24479,46.73017],[7.24445,46.73063],[7.24491,46.73119],[7.24538,46.73126],[7.24584,46.73168],[7.24638,46.73258],[7.24636,46.73328],[7.24684,46.73377],[7.2471,46.73458],[7.24655,46.73524],[7.24647,46.7358],[7.24593,46.73657],[7.245,46.7373],[7.24338,46.73784],[7.24134,46.73743],[7.24034,46.73762],[7.23943,46.73733],[7.23882,46.73687],[7.23807,46.73677],[7.23664,46.73721],[7.23512,46.73738],[7.23501,46.73844],[7.234,46.73906],[7.23418,46.73982],[7.23386,46.74164],[7.23427,46.74255],[7.23394,46.74311],[7.23396,46.74378],[7.23286,46.74481],[7.23254,46.74542],[7.23002,46.7468],[7.22985,46.74687],[7.22965,46.74691],[7.22945,46.7469]],[[7.23155,46.74557],[7.22947,46.74683]],[[7.23246,46.74498],[7.23166,46.74554]],[[7.23403,46.74232],[7.23381,46.7428],[7.23306,46.74315],[7.23254,46.74384],[7.23234,46.74479]]]}},{"type":"Feature","properties":{"id":"glane-fr","c":"FR","p":"patent","q":"derived","k":"river"},"geometry":{"type":"LineString","coordinates":[[6.8843,46.61897],[6.88532,46.62041],[6.88499,46.62127],[6.88444,46.62164],[6.88413,46.62238],[6.88301,46.62316],[6.8811,46.62313],[6.88084,46.62292],[6.87913,46.62267],[6.87765,46.62204],[6.87663,46.62211],[6.876,46.62254],[6.87535,46.62232],[6.87496,46.6225],[6.87256,46.62271],[6.87178,46.62351],[6.87211,46.62383],[6.87197,46.62411],[6.87242,46.62474],[6.87251,46.62722],[6.87109,46.62892],[6.87058,46.62901],[6.86991,46.62954],[6.86925,46.62963],[6.86886,46.62997],[6.86882,46.63039],[6.86927,46.63134],[6.86817,46.63223],[6.86821,46.6333],[6.86855,46.63356],[6.86898,46.63465],[6.86974,46.63535],[6.87012,46.63643],[6.87054,46.63656],[6.87073,46.63686],[6.87072,46.63802],[6.87159,46.63885],[6.87176,46.63959],[6.87229,46.63987],[6.87192,46.64019],[6.87255,46.64058],[6.87278,46.64104],[6.87267,46.6414],[6.8736,46.64233],[6.87386,46.64294],[6.87445,46.64314],[6.87461,46.644],[6.87497,46.6442],[6.87578,46.64544],[6.8767,46.64528],[6.87698,46.6454],[6.87925,46.64801],[6.8817,46.64907],[6.88181,46.6504],[6.88334,46.65234],[6.89126,46.65816],[6.89154,46.6583],[6.89443,46.65748],[6.89739,46.65788],[6.89781,46.65823],[6.89845,46.65841],[6.89881,46.65928],[6.90039,46.66032],[6.9008,46.66137],[6.90183,46.66168],[6.90411,46.66316],[6.90678,46.6665],[6.90718,46.66816],[6.90729,46.67009],[6.90847,46.67101],[6.90957,46.67268],[6.9155,46.6793],[6.91613,46.68026],[6.91675,46.68243],[6.91662,46.68426],[6.91741,46.68692],[6.91794,46.68725],[6.91916,46.68926],[6.92244,46.69291],[6.92453,46.69585],[6.92633,46.6968],[6.92694,46.69789],[6.93108,46.70091],[6.93214,46.70237],[6.93351,46.7026],[6.93586,46.7034],[6.93705,46.70414],[6.93969,46.70402],[6.94034,46.70468],[6.94136,46.70502],[6.94229,46.70511],[6.94375,46.70491],[6.94468,46.70523],[6.94669,46.70731],[6.94748,46.70756],[6.9491,46.70738],[6.94964,46.70752],[6.95077,46.70855],[6.95324,46.70996],[6.9562,46.71086],[6.95865,46.71328],[6.96076,46.71352],[6.96237,46.71398],[6.96311,46.71462],[6.9639,46.71488],[6.964,46.71564],[6.96442,46.71604],[6.96521,46.71642],[6.9656,46.71688],[6.96701,46.71745],[6.9673,46.71774],[6.96831,46.72078],[6.97008,46.72374],[6.96997,46.72494],[6.96897,46.72627],[6.97014,46.72725],[6.96978,46.72828],[6.97114,46.72941],[6.9715,46.73049],[6.97316,46.73148],[6.97528,46.7322],[6.97564,46.73293],[6.97807,46.7338],[6.9788,46.7346],[6.97963,46.73484],[6.98107,46.73479],[6.98257,46.7351],[6.98421,46.73565],[6.9852,46.73661],[6.98645,46.73707],[6.98707,46.73707],[6.9883,46.73664],[6.98903,46.73667],[6.99084,46.73719],[6.99129,46.73713],[6.99146,46.73635],[6.99207,46.73549],[6.99426,46.73455],[6.99707,46.73493],[6.99873,46.73231],[6.99924,46.73212],[6.99979,46.73149],[7.00022,46.7313],[7.00124,46.73123],[7.00147,46.73152],[7.00248,46.73156],[7.00202,46.73233],[7.00213,46.73268],[7.00296,46.73318],[7.00355,46.73318],[7.00718,46.73269],[7.00924,46.73147],[7.01333,46.73189],[7.01483,46.73185],[7.0154,46.73261],[7.01565,46.73262],[7.0163,46.73243],[7.01712,46.73187],[7.01748,46.73236],[7.01995,46.73247],[7.02015,46.73217],[7.0191,46.73142],[7.02081,46.73159],[7.02158,46.73123],[7.02226,46.73206],[7.02245,46.73273],[7.02502,46.73306],[7.02814,46.73132],[7.03042,46.73109],[7.03143,46.73154],[7.03161,46.73219],[7.03121,46.73298],[7.03161,46.73368],[7.03314,46.73398],[7.03374,46.73394],[7.03445,46.73383],[7.03599,46.73318],[7.03763,46.73314],[7.0378,46.73329],[7.03744,46.73419],[7.03851,46.73453],[7.03893,46.73488],[7.03851,46.73525],[7.03855,46.73599],[7.0404,46.73639],[7.04203,46.7361],[7.04369,46.73498],[7.04458,46.7346],[7.04693,46.7345],[7.0484,46.73372],[7.04934,46.73366],[7.05088,46.73544],[7.05307,46.73632],[7.05247,46.73777],[7.05288,46.73851],[7.0543,46.73947],[7.0547,46.74005],[7.05417,46.74187],[7.05441,46.74276],[7.05497,46.74348],[7.05651,46.74435],[7.05719,46.745],[7.0569,46.74595],[7.05587,46.74646],[7.05525,46.74719],[7.05541,46.74756],[7.05632,46.748],[7.05663,46.74838],[7.05645,46.74885],[7.05564,46.74965],[7.05601,46.75086],[7.05784,46.75198],[7.06041,46.75234],[7.06052,46.75283],[7.0602,46.75442],[7.06057,46.75577],[7.0618,46.75732],[7.06192,46.75822],[7.06425,46.75978],[7.06521,46.7619],[7.06872,46.76283],[7.07238,46.76302],[7.07398,46.76334],[7.07486,46.76428],[7.0764,46.76526],[7.07815,46.76552],[7.07869,46.76576],[7.07715,46.76723],[7.07754,46.76766],[7.07947,46.76721],[7.08158,46.7662],[7.08402,46.76816],[7.08689,46.7689],[7.08839,46.77123],[7.09065,46.77212],[7.09129,46.77394],[7.09382,46.77839],[7.09515,46.77922],[7.1002,46.78088],[7.10084,46.78298],[7.10113,46.78329],[7.10562,46.78364],[7.10658,46.78396],[7.10733,46.78451],[7.10774,46.78513],[7.10772,46.78677],[7.10786,46.7871],[7.10844,46.78748],[7.10974,46.78742],[7.11119,46.78667],[7.11283,46.78612],[7.1131,46.78555],[7.11261,46.78458],[7.11297,46.78384],[7.11368,46.78357],[7.11547,46.78336],[7.11635,46.78371],[7.11606,46.7842],[7.1163,46.78446],[7.11773,46.78348],[7.12039,46.78475],[7.12285,46.78465],[7.12484,46.78503],[7.12849,46.78481],[7.12929,46.7851],[7.12966,46.78618]]}},{"type":"Feature","properties":{"id":"ruisseau-de-corsalettes-fr","c":"FR","p":"patent","q":"derived","k":"river"},"geometry":{"type":"LineString","coordinates":[[7.05496,46.81682],[7.05539,46.81744],[7.05553,46.81825],[7.05413,46.81946],[7.05363,46.82031],[7.05364,46.82142],[7.05236,46.82213],[7.05091,46.82376],[7.05312,46.82487],[7.05638,46.82685],[7.0595,46.82753],[7.06029,46.82782],[7.0609,46.82831],[7.06069,46.82962],[7.05949,46.83096],[7.05976,46.83149],[7.05959,46.83167],[7.0597,46.83358],[7.06136,46.83427],[7.06163,46.83502],[7.06199,46.83514],[7.0617,46.83559],[7.0618,46.83597],[7.06206,46.83629],[7.06234,46.83612],[7.06248,46.83624],[7.06231,46.83678],[7.06272,46.83752],[7.06257,46.8378],[7.06272,46.83805],[7.06316,46.83815],[7.06295,46.83839],[7.06362,46.83876],[7.0635,46.83902],[7.06321,46.83886],[7.06325,46.83925],[7.06356,46.83931],[7.06351,46.83982],[7.06384,46.83987],[7.06387,46.84005],[7.06449,46.84004],[7.06521,46.84027],[7.06577,46.84073],[7.06879,46.84138],[7.06899,46.84159],[7.06936,46.84152],[7.06965,46.84194],[7.06997,46.84198],[7.07045,46.8428],[7.07115,46.84331],[7.07112,46.84404],[7.07061,46.84481],[7.06992,46.84513],[7.06963,46.84576],[7.06921,46.8457],[7.06879,46.84602],[7.06824,46.84607],[7.06798,46.84654],[7.06757,46.84661],[7.0671,46.84713],[7.06666,46.84723],[7.06641,46.84701],[7.06578,46.84707],[7.06544,46.8473],[7.06539,46.84777],[7.06435,46.84764],[7.06383,46.84792],[7.06327,46.84751],[7.0631,46.84773],[7.06255,46.8477],[7.06236,46.84796],[7.06134,46.84792],[7.06132,46.84824],[7.0606,46.84827],[7.05948,46.84941],[7.05943,46.84995],[7.05882,46.85032],[7.05839,46.85043],[7.05764,46.8503],[7.05694,46.85071],[7.05571,46.85051],[7.05547,46.85023],[7.05465,46.85031],[7.05411,46.85],[7.0527,46.85039],[7.0519,46.85001],[7.05016,46.85033],[7.04899,46.85032]]}},{"type":"Feature","properties":{"id":"hongrin-fr","c":"FR","p":"patent","q":"derived","k":"river"},"geometry":{"type":"LineString","coordinates":[[7.01695,46.44862],[7.01551,46.44917],[7.01314,46.45066],[7.0112,46.45089],[7.01078,46.45154],[7.01009,46.45193],[7.00962,46.4525],[7.00843,46.45297],[7.00683,46.4533],[7.00661,46.45399],[7.00706,46.45521],[7.00816,46.45641],[7.00819,46.45784],[7.00871,46.45905],[7.00822,46.46012],[7.00859,46.46186],[7.00841,46.46219],[7.0076,46.46265],[7.00778,46.4634],[7.00737,46.46403],[7.00741,46.46435],[7.00792,46.46523],[7.00942,46.46574],[7.01062,46.46693],[7.01168,46.46735],[7.01196,46.46804],[7.01153,46.469],[7.01198,46.46939],[7.01307,46.4698],[7.01332,46.47021],[7.01326,46.47086],[7.01423,46.47193],[7.01453,46.47261],[7.01674,46.47417],[7.01827,46.47577],[7.01795,46.47638],[7.01789,46.47734],[7.01848,46.47856],[7.01791,46.47935],[7.01768,46.48044],[7.01871,46.48397],[7.02381,46.48576],[7.02539,46.48734],[7.02645,46.48767],[7.02697,46.48824],[7.02861,46.48909],[7.02987,46.48928],[7.03231,46.49017],[7.03407,46.4901],[7.03552,46.4897],[7.03745,46.48979],[7.03883,46.49065],[7.04028,46.49073],[7.04151,46.4899],[7.04207,46.48986],[7.04321,46.49169],[7.04454,46.49196],[7.04662,46.4933],[7.04785,46.49361],[7.04926,46.49472],[7.04993,46.49451],[7.05073,46.49463]]}},{"type":"Feature","properties":{"id":"neirigue-fr","c":"FR","p":"patent","q":"derived","k":"river"},"geometry":{"type":"LineString","coordinates":[[6.9319,46.61464],[6.93347,46.6147],[6.93497,46.61398],[6.93589,46.61453],[6.93632,46.61505],[6.93698,46.6152],[6.93793,46.61588],[6.93824,46.61579],[6.93879,46.61621],[6.93923,46.61613],[6.93977,46.61646],[6.94133,46.61683],[6.94215,46.61721],[6.94247,46.61718],[6.94384,46.61796],[6.94381,46.6182],[6.94487,46.61896],[6.94545,46.61904],[6.94641,46.62004],[6.94614,46.6211],[6.94678,46.6227],[6.94788,46.62408],[6.94911,46.62488],[6.94973,46.62502],[6.94983,46.62543],[6.95021,46.62565],[6.94999,46.62592],[6.95056,46.62597],[6.95082,46.62617],[6.95125,46.6259],[6.95204,46.626],[6.95224,46.6258],[6.95274,46.62577],[6.95264,46.62608],[6.95348,46.626],[6.95452,46.62668],[6.95524,46.62656],[6.95585,46.6267],[6.95615,46.6264],[6.95656,46.62639],[6.95905,46.62759],[6.96036,46.62883],[6.96095,46.62887],[6.9612,46.62955],[6.96194,46.63013],[6.96185,46.63047],[6.96211,46.63041],[6.9621,46.63073],[6.96235,46.63072],[6.96219,46.6317],[6.96264,46.63224],[6.96297,46.63215],[6.96321,46.6323],[6.9648,46.63392],[6.96513,46.63457],[6.96471,46.63601],[6.96522,46.63675],[6.96522,46.63741],[6.96502,46.63758],[6.96546,46.63792],[6.9652,46.63826],[6.96559,46.63865],[6.96548,46.63912],[6.96582,46.6393],[6.96553,46.63962],[6.9654,46.64038],[6.96473,46.64122],[6.96261,46.64194],[6.96193,46.64193],[6.96157,46.64228],[6.96003,46.64173],[6.95929,46.64196],[6.95887,46.64178],[6.95836,46.6421],[6.95846,46.6425],[6.9581,46.64306],[6.95784,46.64303],[6.95773,46.64353],[6.95683,46.6433],[6.95629,46.64356],[6.95586,46.64356],[6.95574,46.6437],[6.95602,46.64403],[6.95555,46.64435],[6.95469,46.64417],[6.95357,46.64309],[6.95325,46.64355],[6.95312,46.64443],[6.9514,46.64437],[6.95096,46.64492],[6.95066,46.64485],[6.95071,46.64431],[6.9499,46.64429],[6.94969,46.64407],[6.94934,46.64419],[6.94924,46.64379],[6.94812,46.64375],[6.94787,46.64397],[6.94692,46.64412],[6.94635,46.64392],[6.94587,46.64458],[6.94599,46.64555],[6.94617,46.64564],[6.94688,46.6453],[6.94713,46.6457],[6.94585,46.6463],[6.94523,46.6467],[6.94513,46.64697],[6.94531,46.6473],[6.94684,46.64837],[6.94653,46.64891],[6.94667,46.64923],[6.94648,46.64994],[6.94702,46.65055],[6.94684,46.65102],[6.9473,46.65161],[6.94662,46.65281],[6.94671,46.65387],[6.94738,46.65566],[6.9473,46.65645],[6.94684,46.65705],[6.94689,46.65764],[6.94772,46.65827],[6.94706,46.65957],[6.9477,46.6599],[6.94738,46.66045],[6.9465,46.66118],[6.94655,46.66143],[6.94747,46.662],[6.94803,46.6627],[6.94757,46.66388],[6.94813,46.6645],[6.94717,46.66639],[6.94606,46.66682],[6.94584,46.66712],[6.94595,46.66757],[6.9469,46.66782],[6.94744,46.66839],[6.94738,46.66878],[6.94679,46.66932],[6.94611,46.66947],[6.94587,46.66973],[6.94688,46.66986],[6.94707,46.67005],[6.94657,46.67133],[6.94785,46.67147],[6.94843,46.67174],[6.94904,46.6716],[6.94977,46.67178],[6.9502,46.67276],[6.95166,46.67366],[6.95173,46.67426],[6.95142,46.67488],[6.95182,46.67523],[6.95178,46.67611],[6.95282,46.67624],[6.9534,46.67693],[6.9531,46.67723],[6.95253,46.67727],[6.95255,46.67765],[6.95387,46.67822],[6.95433,46.67933],[6.95512,46.67984],[6.95479,46.68019],[6.95351,46.68075],[6.95392,46.68118],[6.95446,46.68132],[6.95508,46.68216],[6.95496,46.68281],[6.9553,46.6831],[6.95536,46.68389],[6.95705,46.6846],[6.95745,46.68495],[6.95876,46.68476],[6.95933,46.68483],[6.95973,46.68531],[6.9606,46.68573],[6.96003,46.68674],[6.96025,46.68735],[6.96121,46.68841],[6.96237,46.68881],[6.9623,46.68922],[6.96315,46.69018],[6.96461,46.69084],[6.9657,46.69173],[6.96604,46.69319],[6.9652,46.69402],[6.96407,46.6942],[6.96377,46.69441],[6.96359,46.69469],[6.9639,46.69566],[6.96384,46.6963],[6.96331,46.69688],[6.96431,46.69775],[6.96367,46.69857],[6.96449,46.69956],[6.96455,46.70036],[6.96516,46.70155],[6.96702,46.70185],[6.96797,46.70218],[6.96917,46.70322],[6.96961,46.7039],[6.96956,46.70492],[6.97021,46.70588],[6.96993,46.70684],[6.97167,46.70723],[6.97238,46.70778],[6.97275,46.70782],[6.97309,46.70752],[6.97401,46.70725],[6.97504,46.70806],[6.9768,46.70834],[6.97632,46.70932],[6.97689,46.71018],[6.9784,46.71072],[6.97936,46.71014],[6.98015,46.71019],[6.98041,46.711],[6.98131,46.71164],[6.98184,46.71233],[6.98264,46.71231],[6.98311,46.7126],[6.98327,46.71367],[6.98493,46.71543],[6.98595,46.71605],[6.98734,46.71638],[6.98739,46.7175],[6.9871,46.71815],[6.98775,46.71858],[6.98777,46.71899],[6.98848,46.71912],[6.98869,46.71955],[6.99097,46.72095],[6.99201,46.72105],[6.99238,46.72178],[6.99324,46.72221],[6.99341,46.72253],[6.99318,46.72356],[6.99367,46.72366],[6.99401,46.72419],[6.9952,46.72474],[6.99589,46.72528],[6.99614,46.72645],[6.9958,46.72721],[6.99664,46.7286],[6.99716,46.72863],[6.99754,46.72844],[6.99787,46.72789],[6.99873,46.72755],[6.99962,46.72686],[7.00026,46.72699],[7.00112,46.72759],[7.00162,46.72824],[7.00211,46.72833],[7.00368,46.72773],[7.00513,46.72751],[7.00595,46.72763],[7.00642,46.72808],[7.00722,46.72819],[7.00727,46.72844],[7.00551,46.72924],[7.00508,46.72976],[7.00565,46.73036],[7.00655,46.73081],[7.00812,46.73042],[7.00843,46.73107],[7.00924,46.73147]]}},{"type":"Feature","properties":{"id":"sense-fr","c":"FR","p":"patent","q":"derived","k":"river"},"geometry":{"type":"MultiLineString","coordinates":[[[7.28454,46.89118],[7.28289,46.88994],[7.28224,46.88969],[7.28084,46.88951],[7.27958,46.88971]],[[7.29399,46.76775],[7.29327,46.76788],[7.29246,46.7689],[7.29249,46.76914]],[[7.31551,46.89226],[7.31097,46.8916],[7.30744,46.89157],[7.30136,46.8924],[7.29617,46.89374],[7.29258,46.89383]],[[7.2932,46.77166],[7.2905,46.77183],[7.29057,46.77304],[7.29103,46.77338],[7.29247,46.77385],[7.29344,46.77449],[7.2944,46.77481],[7.29638,46.77665]],[[7.29628,46.76498],[7.29518,46.76577]],[[7.2965,46.77749],[7.2982,46.7778],[7.29901,46.77849],[7.30034,46.77897],[7.30136,46.77998],[7.3002,46.78021],[7.29998,46.78043],[7.30012,46.78071],[7.30137,46.7819],[7.30244,46.78254],[7.30409,46.78272]],[[7.2971,46.73646],[7.29804,46.73888],[7.29804,46.74035],[7.29842,46.74152],[7.29982,46.74254]],[[7.29765,46.72691],[7.29673,46.72728],[7.29673,46.72874],[7.2959,46.7304],[7.29603,46.73094],[7.29647,46.73134],[7.29657,46.7321],[7.29633,46.73301],[7.29681,46.73377],[7.29675,46.73485],[7.29734,46.73565]],[[7.29788,46.76419],[7.29778,46.76433],[7.29859,46.76497],[7.29872,46.76544]],[[7.30035,46.72246],[7.29955,46.72258],[7.29866,46.7234],[7.29855,46.72494]],[[7.30122,46.76201],[7.30112,46.76237],[7.30004,46.76286],[7.2996,46.76344]],[[7.30787,46.71682],[7.30711,46.71711],[7.30644,46.7178],[7.30436,46.7187],[7.30325,46.72016],[7.30251,46.72063]],[[7.30265,46.7852],[7.30195,46.78557],[7.30195,46.78626],[7.30231,46.78764],[7.3031,46.78857],[7.30345,46.78981],[7.30318,46.79025],[7.30228,46.79039],[7.30157,46.79089],[7.30131,46.79149],[7.30168,46.79196],[7.30117,46.79303],[7.30365,46.79486],[7.30529,46.7955]],[[7.30337,46.75349],[7.30311,46.75532],[7.30336,46.75675]],[[7.3041,46.74705],[7.30424,46.74803],[7.30403,46.74865],[7.30431,46.74965],[7.30471,46.74999]],[[7.30702,46.79791],[7.30692,46.79874],[7.30776,46.80041]],[[7.30832,46.80213],[7.30922,46.80331],[7.30897,46.80401],[7.30932,46.80477]],[[7.31064,46.80694],[7.31006,46.80812],[7.31053,46.80896]],[[7.31883,46.81455],[7.3198,46.81474],[7.32017,46.81517]],[[7.32143,46.82253],[7.32106,46.82318],[7.31964,46.82437],[7.31998,46.82606]],[[7.32096,46.81583],[7.32036,46.81631],[7.31975,46.81641],[7.31891,46.81712],[7.31903,46.81778],[7.32076,46.81839]],[[7.32431,46.82756],[7.3253,46.82833],[7.32945,46.82989],[7.33036,46.83066]],[[7.33437,46.89201],[7.3317,46.8926]],[[7.34375,46.85218],[7.34496,46.85241]],[[7.34762,46.85392],[7.34806,46.85411],[7.34867,46.85374],[7.34959,46.85352]],[[7.35231,46.87599],[7.35193,46.87682],[7.35196,46.87776],[7.35228,46.87887],[7.35315,46.88014],[7.35318,46.88111]],[[7.35277,46.88294],[7.35271,46.88444],[7.35359,46.88545]],[[7.35316,46.88173],[7.35284,46.8828]],[[7.35343,46.87268],[7.35303,46.87395]],[[7.35408,46.85839],[7.35423,46.85919],[7.35556,46.86008],[7.35654,46.86],[7.35723,46.86021],[7.35761,46.86099],[7.35862,46.86176],[7.3595,46.86284],[7.35952,46.86332],[7.35811,46.86412],[7.35793,46.86439],[7.35786,46.8674]]]}},{"type":"Feature","properties":{"id":"sionge-fr","c":"FR","p":"patent","q":"derived","k":"river"},"geometry":{"type":"LineString","coordinates":[[6.9677,46.57854],[6.9685,46.57995],[6.96686,46.58295],[6.96683,46.5834],[6.96597,46.58453],[6.9651,46.58518],[6.96421,46.5865],[6.96303,46.58708],[6.96268,46.58778],[6.96275,46.58851],[6.96229,46.59037],[6.96116,46.59071],[6.95946,46.59211],[6.95898,46.59278],[6.95886,46.59359],[6.95791,46.59509],[6.95761,46.59775],[6.95811,46.59848],[6.95844,46.59962],[6.9578,46.60256],[6.95741,46.60288],[6.95603,46.60316],[6.95336,46.60306],[6.95248,46.60391],[6.9522,46.60475],[6.95121,46.60614],[6.95128,46.60683],[6.95343,46.60923],[6.95612,46.6108],[6.963,46.61419],[6.96368,46.61509],[6.96662,46.61737],[6.96865,46.61787],[6.96911,46.61818],[6.97522,46.62039],[6.97609,46.62026],[6.97723,46.6191],[6.97752,46.61906],[6.98093,46.62028],[6.98268,46.62024],[6.98958,46.62122],[6.99036,46.62162],[6.99164,46.62188],[6.99224,46.6224],[6.99362,46.62277],[6.99418,46.62275],[6.99459,46.62253],[6.99538,46.62264],[6.99635,46.62158],[6.99687,46.62151],[6.9983,46.62206],[6.99897,46.62202],[7.00008,46.62253],[7.00154,46.62291],[7.0025,46.62294],[7.00275,46.62332],[7.00363,46.62351],[7.00418,46.62386],[7.00464,46.62376],[7.00536,46.62401],[7.00652,46.62405],[7.00718,46.6245],[7.0084,46.62449],[7.01036,46.62477],[7.01371,46.62445],[7.01618,46.62506],[7.017,46.62486],[7.0184,46.62483],[7.01864,46.62508],[7.0194,46.6252],[7.01989,46.62588],[7.02099,46.62599],[7.02173,46.6264],[7.02255,46.62638],[7.02342,46.627],[7.02443,46.62703],[7.02666,46.62766],[7.02824,46.6271],[7.02894,46.62729],[7.02933,46.6272],[7.02987,46.62777],[7.03043,46.62786],[7.03085,46.62822],[7.03194,46.62841],[7.03247,46.62881],[7.03374,46.6286],[7.03414,46.62935],[7.03644,46.63046],[7.0376,46.63148],[7.03787,46.63198],[7.03868,46.63228],[7.03918,46.63272],[7.04008,46.63281],[7.04338,46.63449],[7.04491,46.63462],[7.04575,46.63556],[7.04698,46.63557],[7.04863,46.63621],[7.04944,46.63576],[7.05009,46.63567],[7.05507,46.63814],[7.05573,46.63833],[7.05762,46.63838],[7.05932,46.63931],[7.06362,46.64087],[7.06502,46.64245],[7.06654,46.64289],[7.06752,46.6435],[7.06851,46.64451],[7.06912,46.64576],[7.07201,46.6482],[7.07231,46.64982],[7.07338,46.65088],[7.07502,46.65123],[7.07518,46.65217],[7.07621,46.6527],[7.07623,46.65326],[7.0769,46.65437],[7.07813,46.65492],[7.07828,46.65627],[7.07895,46.65696],[7.07781,46.65749],[7.07788,46.65781],[7.07868,46.65835],[7.07745,46.65937]]}},{"type":"Feature","properties":{"id":"sonnaz-fr","c":"FR","p":"patent","q":"derived","k":"river"},"geometry":{"type":"MultiLineString","coordinates":[[[7.02931,46.79924],[7.02992,46.79928],[7.03903,46.79712]],[[7.04357,46.79488],[7.05264,46.79316],[7.05432,46.7931],[7.05799,46.79386],[7.06132,46.79529],[7.06352,46.79657],[7.06617,46.79679],[7.06701,46.7974],[7.06735,46.79826],[7.06784,46.7984],[7.06822,46.79884],[7.06814,46.79903],[7.06944,46.79952],[7.07105,46.80059],[7.07332,46.80142],[7.07526,46.80274],[7.07665,46.80308],[7.07714,46.80355],[7.07786,46.80356],[7.07911,46.80396],[7.0791,46.80417],[7.08157,46.80606],[7.08192,46.80831],[7.08294,46.80942],[7.08325,46.81014],[7.0831,46.81033],[7.08478,46.81138],[7.08521,46.81352],[7.08597,46.81401],[7.08651,46.81497],[7.08688,46.81507],[7.08699,46.81566],[7.08754,46.81633],[7.08846,46.81646],[7.09,46.81638],[7.09127,46.81742],[7.09196,46.81944],[7.09228,46.81958],[7.09314,46.81949],[7.09634,46.82004],[7.1002,46.82158],[7.1028,46.82491],[7.10718,46.82729],[7.11376,46.82963],[7.11447,46.8296],[7.11529,46.82998],[7.11568,46.83036],[7.11542,46.83077],[7.11586,46.83075],[7.11613,46.83151],[7.11663,46.83137],[7.11678,46.83163],[7.11721,46.83171],[7.11939,46.8315],[7.12021,46.83184],[7.12103,46.83181],[7.12145,46.83219],[7.12202,46.83189],[7.12219,46.83196],[7.1223,46.83245],[7.12269,46.83234],[7.12309,46.83248],[7.12356,46.8335],[7.12484,46.83407],[7.1255,46.83481],[7.12516,46.83548],[7.12545,46.83554],[7.12595,46.83616],[7.12649,46.83631],[7.12636,46.83664],[7.12689,46.83654],[7.12699,46.83694],[7.12737,46.83689],[7.12741,46.83668],[7.12806,46.8369],[7.12871,46.83667],[7.1295,46.83694],[7.12991,46.83677],[7.13081,46.83771],[7.13102,46.83774],[7.13108,46.83744],[7.13133,46.83744],[7.13133,46.83768],[7.13224,46.83817],[7.13212,46.83845],[7.13269,46.83841],[7.13256,46.83899],[7.13286,46.8391],[7.13297,46.83949],[7.1346,46.84069],[7.13804,46.84132],[7.13855,46.84195]],[[7.14019,46.84337],[7.14105,46.84379],[7.14117,46.84444]]]}},{"type":"Feature","properties":{"id":"canal-de-la-broye-fr","c":"FR","p":"patent","q":"derived","k":"river"},"geometry":{"type":"MultiLineString","coordinates":[[[7.05205,46.9772],[7.04037,46.97953]],[[7.11891,46.95786],[7.11851,46.95891],[7.11319,46.96639],[7.11113,46.96819],[7.109,46.96912],[7.09873,46.97199],[7.09515,46.97443],[7.09117,46.97621],[7.08763,46.97625],[7.08482,46.97568],[7.083,46.97492],[7.07634,46.97069],[7.07308,46.9698],[7.07119,46.9689],[7.07004,46.96857],[7.06826,46.96873],[7.06598,46.9694],[7.0637,46.97069],[7.06113,46.97265]]]}},{"type":"Feature","properties":{"id":"ruisseau-des-moulins-fr","c":"FR","p":"patent","q":"derived","k":"river"},"geometry":{"type":"LineString","coordinates":[[6.83027,46.82418],[6.83298,46.82513],[6.83499,46.8262],[6.83592,46.82706],[6.83551,46.82894],[6.8358,46.8303],[6.83621,46.83061],[6.83695,46.8306],[6.83754,46.83095],[6.84041,46.83145],[6.84386,46.83313],[6.84519,46.83359],[6.8445,46.83455],[6.84374,46.83479],[6.84383,46.83526],[6.84429,46.83539],[6.8448,46.83627],[6.84585,46.83691],[6.84598,46.83725],[6.84653,46.83753],[6.84751,46.83861],[6.84699,46.83978],[6.84545,46.83967],[6.84453,46.84023],[6.84246,46.84034],[6.84192,46.84056],[6.84205,46.8407],[6.84173,46.84129],[6.84095,46.8422],[6.83934,46.84291],[6.83969,46.84383],[6.8395,46.84425],[6.83911,46.84437],[6.83882,46.84572],[6.83919,46.84613],[6.83907,46.84644],[6.8372,46.84766]]}},{"type":"Feature","properties":{"id":"ruisseau-du-moulin-fr","c":"FR","p":"patent","q":"derived","k":"river"},"geometry":{"type":"MultiLineString","coordinates":[[[6.86396,46.78444],[6.86535,46.78492],[6.86571,46.7849],[6.86647,46.78538],[6.87045,46.78586],[6.87146,46.78548],[6.87334,46.78528],[6.875,46.7844],[6.87603,46.78332],[6.87776,46.78304],[6.87887,46.78333],[6.88156,46.78327],[6.88224,46.78366],[6.88531,46.78442],[6.88781,46.78454],[6.89513,46.78625],[6.90648,46.78328]],[[6.90979,46.78353],[6.91167,46.78454],[6.91226,46.7851],[6.9153,46.78618],[6.91622,46.78787]]]}},{"type":"Feature","properties":{"id":"lembe-fr","c":"FR","p":"patent","q":"derived","k":"river"},"geometry":{"type":"MultiLineString","coordinates":[[[6.79582,46.72613],[6.79705,46.72715],[6.7963,46.72748],[6.79635,46.72775],[6.79705,46.72776],[6.79709,46.72815],[6.79837,46.72854],[6.80005,46.73041],[6.80161,46.73077],[6.80178,46.73107],[6.80235,46.73117],[6.80317,46.73186],[6.80372,46.73196],[6.80358,46.73284],[6.80416,46.73329],[6.80414,46.73375],[6.80561,46.73462],[6.80602,46.73542],[6.80794,46.73593],[6.80798,46.73637],[6.80926,46.73651],[6.81059,46.7374],[6.81145,46.73739],[6.81185,46.73769],[6.81217,46.73749],[6.81335,46.73745]],[[6.81588,46.73811],[6.81641,46.7384],[6.81639,46.73875],[6.81686,46.73904],[6.81718,46.73894],[6.81758,46.73932],[6.81815,46.73946],[6.81888,46.73943],[6.81952,46.7404],[6.82218,46.74055],[6.82347,46.74148],[6.82574,46.74241],[6.82716,46.74259],[6.82726,46.74293],[6.82798,46.74314],[6.8289,46.74306],[6.83009,46.74411],[6.83059,46.74487],[6.83051,46.74514],[6.8315,46.74581],[6.83185,46.74565],[6.83239,46.74589],[6.8326,46.74658],[6.83369,46.74816],[6.83455,46.74835],[6.83468,46.74929],[6.83608,46.74982],[6.83626,46.75034],[6.83711,46.75114],[6.83824,46.7512],[6.83917,46.75165],[6.84045,46.75195],[6.84095,46.75251],[6.84078,46.75307],[6.84161,46.75337],[6.84229,46.75403],[6.84228,46.75452],[6.84375,46.75542],[6.84485,46.7557],[6.84514,46.75601],[6.84499,46.75649],[6.8461,46.75682],[6.84614,46.75725],[6.84665,46.75773],[6.84753,46.758],[6.8484,46.75762],[6.84914,46.75759],[6.84991,46.75731],[6.85118,46.75775],[6.85205,46.75782],[6.85277,46.75844],[6.85393,46.75857],[6.85366,46.75898],[6.85598,46.76034],[6.85723,46.76133],[6.85814,46.7613],[6.85936,46.76161],[6.85901,46.76205],[6.86025,46.76233],[6.86069,46.76288],[6.86223,46.76262],[6.86315,46.76361],[6.86375,46.76305]]]}},{"type":"Feature","properties":{"id":"ruisseau-du-crau-de-cuvaz-fr","c":"FR","p":"patent","q":"derived","k":"river"},"geometry":{"type":"LineString","coordinates":[[6.83624,46.73357],[6.83778,46.73467],[6.83777,46.73594],[6.83804,46.73635],[6.84085,46.73854],[6.8431,46.73953],[6.84658,46.74055],[6.84819,46.74066],[6.85,46.74013],[6.85048,46.7397],[6.85123,46.73955],[6.85237,46.73975],[6.85253,46.74015],[6.85484,46.7413],[6.8566,46.74318],[6.85796,46.74386],[6.85815,46.74439],[6.85859,46.74476],[6.86003,46.7453],[6.86129,46.74608],[6.86331,46.74625],[6.8639,46.7461],[6.86475,46.74666],[6.86687,46.74624],[6.86915,46.74618],[6.87272,46.74468],[6.8762,46.74378]]}},{"type":"Feature","properties":{"id":"ruisseau-de-vuaz-fr","c":"FR","p":"patent","q":"derived","k":"river"},"geometry":{"type":"LineString","coordinates":[[6.83865,46.65977],[6.8377,46.65922],[6.83775,46.65884],[6.83726,46.65841],[6.83698,46.65718],[6.83525,46.65379],[6.8347,46.65356],[6.83317,46.65369],[6.83155,46.65246],[6.82923,46.65203],[6.82809,46.65151],[6.8281,46.64994],[6.82712,46.64914],[6.82645,46.64738],[6.8246,46.64564],[6.82409,46.64552],[6.82326,46.64476],[6.82134,46.64408],[6.82011,46.64196],[6.82014,46.64128],[6.81893,46.64043],[6.81683,46.63984],[6.81569,46.6399],[6.81517,46.64026],[6.81402,46.64034],[6.81046,46.64167],[6.8092,46.64156],[6.80785,46.64199]]}},{"type":"Feature","properties":{"id":"ruisseau-du-charotton-fr","c":"FR","p":"patent","q":"derived","k":"river"},"geometry":{"type":"LineString","coordinates":[[6.85387,46.62967],[6.85264,46.62907],[6.85188,46.62654],[6.85095,46.62566],[6.85048,46.62486],[6.84972,46.62437],[6.84841,46.62451],[6.84667,46.62395],[6.84393,46.62419],[6.84215,46.62366],[6.84052,46.6222],[6.83941,46.62165],[6.83804,46.6217],[6.83764,46.62133],[6.83621,46.62096],[6.83622,46.62037],[6.83528,46.61902],[6.83389,46.61923],[6.83145,46.61881],[6.82887,46.61971],[6.8275,46.61998],[6.82537,46.62008],[6.82411,46.61922],[6.82433,46.61844],[6.82384,46.61799],[6.8239,46.61766],[6.82326,46.61742],[6.82262,46.61756],[6.82053,46.61742],[6.81957,46.61757],[6.81749,46.61653],[6.8162,46.61723],[6.81515,46.61687],[6.81431,46.61721],[6.81393,46.61708],[6.81365,46.61641],[6.81339,46.61632]]}},{"type":"Feature","properties":{"id":"ruisseau-du-pass-tau-fr","c":"FR","p":"patent","q":"derived","k":"river"},"geometry":{"type":"LineString","coordinates":[[6.84792,46.60136],[6.84895,46.60272],[6.84828,46.60415],[6.84779,46.6045],[6.84659,46.60478],[6.84457,46.60622],[6.84297,46.60675],[6.84062,46.60705],[6.83875,46.60792],[6.83819,46.60845],[6.8373,46.60885],[6.83535,46.60931],[6.83384,46.60918],[6.83187,46.61016],[6.83076,46.61016],[6.83031,46.61054],[6.82959,46.61078],[6.8282,46.61277],[6.82787,46.61252],[6.82673,46.61262],[6.82585,46.61284],[6.82533,46.61339],[6.82437,46.61355],[6.8225,46.61359],[6.82164,46.61335],[6.82068,46.61355],[6.81982,46.61326],[6.81876,46.61215],[6.81791,46.6119],[6.81726,46.61202],[6.81624,46.61276]]}},{"type":"Feature","properties":{"id":"flon-fr","c":"FR","p":"patent","q":"derived","k":"river"},"geometry":{"type":"LineString","coordinates":[[6.9156,46.61901],[6.91438,46.61858],[6.90982,46.61589],[6.90763,46.61543],[6.90743,46.61521],[6.9072,46.61527],[6.90631,46.61495],[6.9062,46.6147],[6.90469,46.61389],[6.90214,46.61313],[6.90073,46.61251],[6.9002,46.61279],[6.89949,46.61253],[6.89918,46.61259],[6.89789,46.61168],[6.89703,46.61156],[6.89248,46.61011],[6.8918,46.60976],[6.89179,46.60951],[6.88903,46.60792],[6.88661,46.60698],[6.88476,46.60602],[6.88339,46.60476],[6.88056,46.60314],[6.87879,46.60308],[6.87831,46.60291],[6.8773,46.60299],[6.87695,46.60322],[6.876,46.60288],[6.87449,46.60187],[6.87288,46.60185],[6.87135,46.60132],[6.87081,46.60076],[6.87059,46.60004],[6.87006,46.59954],[6.86936,46.59828],[6.86825,46.59843],[6.86686,46.59726],[6.86635,46.59656],[6.86567,46.59644],[6.86396,46.59427],[6.86298,46.59391],[6.86292,46.59331],[6.86177,46.59257],[6.86157,46.59193],[6.86066,46.59179],[6.8606,46.59151],[6.85994,46.59104],[6.85957,46.59106],[6.85916,46.59067],[6.85834,46.59097],[6.85794,46.59031],[6.85741,46.5901],[6.85743,46.58963],[6.85625,46.58949],[6.8553,46.58812],[6.85476,46.58767],[6.85514,46.5868],[6.85435,46.58602],[6.84918,46.58301],[6.84846,46.58338],[6.84649,46.58395],[6.84539,46.58281],[6.84472,46.58283],[6.8439,46.58246],[6.84333,46.58274],[6.84262,46.58261],[6.84084,46.5802],[6.84012,46.57974],[6.84004,46.57918],[6.83694,46.57752],[6.83738,46.57682],[6.83602,46.57589]]}},{"type":"Feature","properties":{"id":"maflon-fr","c":"FR","p":"patent","q":"derived","k":"river"},"geometry":{"type":"LineString","coordinates":[[6.86681,46.61407],[6.86033,46.60888],[6.85921,46.60811],[6.85826,46.60799],[6.85736,46.60754],[6.85635,46.60658],[6.85623,46.60519],[6.85533,46.60308],[6.85516,46.60208],[6.85471,46.60196],[6.8544,46.60144],[6.85392,46.60138],[6.8539,46.60051],[6.85305,46.60002],[6.853,46.59923],[6.85097,46.5968],[6.85027,46.59675],[6.84949,46.59594],[6.84788,46.59529],[6.84777,46.59375],[6.84685,46.59264],[6.84616,46.59103],[6.84576,46.59073],[6.84572,46.59045],[6.84595,46.59033],[6.84557,46.59019],[6.84522,46.58915],[6.84454,46.58872],[6.84368,46.58857],[6.84297,46.58769],[6.84329,46.587],[6.84374,46.58674],[6.84372,46.58616],[6.84395,46.58602],[6.8439,46.58441],[6.84307,46.5836],[6.84275,46.58265]]}},{"type":"Feature","properties":{"id":"mionna-fr","c":"FR","p":"patent","q":"derived","k":"river"},"geometry":{"type":"LineString","coordinates":[[6.91956,46.60849],[6.91818,46.60702],[6.91685,46.60638],[6.91642,46.60562],[6.91375,46.60465],[6.91337,46.60406],[6.91206,46.60305],[6.91232,46.60275],[6.91026,46.6012],[6.91092,46.59974],[6.91172,46.59923],[6.91204,46.59858],[6.91288,46.59816],[6.91386,46.59683],[6.91372,46.59634],[6.91401,46.5955],[6.91537,46.59378],[6.9157,46.593],[6.91524,46.593],[6.91467,46.59236],[6.91394,46.59212],[6.91264,46.59121],[6.91226,46.59124],[6.91223,46.59096],[6.91157,46.59086],[6.91149,46.59059],[6.91024,46.59049],[6.91002,46.59014],[6.90949,46.59004],[6.90903,46.5894],[6.90835,46.58926],[6.90738,46.58861],[6.90657,46.58851],[6.90634,46.58746],[6.90467,46.58661],[6.90448,46.58607],[6.90406,46.58606],[6.90386,46.58632],[6.90374,46.58613],[6.90283,46.58588],[6.9028,46.58571],[6.90213,46.58605],[6.90138,46.58493],[6.90093,46.58506],[6.90059,46.58484],[6.90057,46.5845],[6.90028,46.58457],[6.89997,46.58423],[6.89977,46.58453],[6.89936,46.58421],[6.8991,46.58379],[6.89958,46.58347],[6.89849,46.5832],[6.8986,46.58281],[6.89805,46.58286],[6.89756,46.58262],[6.89733,46.58239],[6.89735,46.5819],[6.8966,46.58168],[6.89618,46.58131],[6.89587,46.5816],[6.8951,46.58138],[6.89512,46.58097],[6.89453,46.581],[6.89424,46.58044],[6.89365,46.5802],[6.89309,46.58021],[6.89302,46.57976],[6.89193,46.5797],[6.89162,46.57897],[6.89058,46.57906],[6.88977,46.5782],[6.8897,46.57773],[6.88883,46.57776],[6.88716,46.57668],[6.8862,46.57692],[6.88535,46.5761],[6.88444,46.57611],[6.88432,46.5758],[6.88344,46.57566],[6.88257,46.5748],[6.88169,46.57463],[6.88049,46.57379],[6.87884,46.57325],[6.87713,46.57322],[6.87674,46.57285],[6.87518,46.57249],[6.87543,46.57204],[6.87438,46.57152],[6.87214,46.57117],[6.87207,46.57038],[6.87169,46.5697]]}},{"type":"Feature","properties":{"id":"biorde-fr","c":"FR","p":"patent","q":"derived","k":"river"},"geometry":{"type":"MultiLineString","coordinates":[[[6.82769,46.54273],[6.82772,46.54297],[6.82701,46.54331],[6.82637,46.54349],[6.82544,46.54343]],[[6.83747,46.49997],[6.83545,46.50209],[6.83521,46.50291],[6.83534,46.50344],[6.83493,46.50378],[6.83502,46.5041],[6.83434,46.5053],[6.83408,46.50747],[6.83415,46.50772],[6.83538,46.50756],[6.83636,46.50879],[6.83759,46.50915],[6.8385,46.50975],[6.83597,46.51459],[6.83489,46.51582],[6.83473,46.51662],[6.83581,46.51759],[6.83508,46.51817],[6.83518,46.51906],[6.83496,46.51931],[6.83517,46.52009],[6.8348,46.52088],[6.83517,46.52131],[6.83549,46.52234],[6.83555,46.52726],[6.83725,46.52909],[6.83758,46.53136],[6.83842,46.53242],[6.83824,46.53294],[6.83865,46.53354],[6.83844,46.53395],[6.83603,46.53493],[6.83531,46.535],[6.83471,46.5348],[6.83418,46.53511],[6.83404,46.53585],[6.83305,46.53667],[6.83298,46.53718],[6.83212,46.53755]]]}},{"type":"Feature","properties":{"id":"tatrel-fr","c":"FR","p":"patent","q":"derived","k":"river"},"geometry":{"type":"LineString","coordinates":[[6.89427,46.52815],[6.89426,46.52699],[6.89217,46.52663],[6.88718,46.5277],[6.88445,46.52726],[6.88239,46.52658],[6.88193,46.52585],[6.88096,46.5256],[6.8809,46.5254],[6.88007,46.52509],[6.87974,46.5251],[6.87967,46.52491],[6.87876,46.52461],[6.87861,46.52436],[6.87807,46.52439],[6.87759,46.52421],[6.8767,46.52452],[6.87502,46.52396],[6.87438,46.52413],[6.87297,46.52289],[6.87141,46.52283],[6.87,46.52341],[6.86868,46.52344],[6.86785,46.52373],[6.86708,46.52382],[6.86667,46.52356],[6.86559,46.52363],[6.86572,46.5239],[6.86526,46.52424],[6.86562,46.52485],[6.86511,46.52565],[6.86463,46.52593],[6.8646,46.52668],[6.8639,46.52798],[6.86418,46.52829],[6.86374,46.52883],[6.86397,46.5291],[6.8633,46.52981]]}},{"type":"Feature","properties":{"id":"da-fr","c":"FR","p":"patent","q":"derived","k":"river"},"geometry":{"type":"LineString","coordinates":[[6.95001,46.54917],[6.94919,46.54941],[6.94841,46.55008],[6.94611,46.55097],[6.94464,46.55195],[6.94401,46.55207],[6.94298,46.55287],[6.94136,46.55368],[6.94038,46.55465],[6.93829,46.55552],[6.93507,46.55609],[6.93442,46.55656],[6.93376,46.55628],[6.93341,46.55747],[6.93088,46.55868],[6.92865,46.55878],[6.92566,46.55844],[6.92427,46.5585],[6.92254,46.55727],[6.92043,46.55712],[6.91973,46.55657],[6.91926,46.55684],[6.91861,46.55681],[6.918,46.5575],[6.91758,46.5575],[6.91513,46.55866],[6.91134,46.55972],[6.91048,46.56076],[6.91108,46.56171],[6.91144,46.56336],[6.9103,46.56364],[6.90971,46.5634],[6.90959,46.563],[6.90821,46.56302],[6.90797,46.56332],[6.90733,46.56333],[6.9077,46.56384],[6.90728,46.56382],[6.90577,46.56441]]}},{"type":"Feature","properties":{"id":"corjon-fr","c":"FR","p":"patent","q":"derived","k":"river"},"geometry":{"type":"LineString","coordinates":[[6.93445,46.54347],[6.93195,46.54285],[6.93123,46.54234],[6.92862,46.54225],[6.92644,46.54278],[6.92281,46.54267],[6.92173,46.54298],[6.92124,46.54362],[6.91903,46.54441],[6.91897,46.54566],[6.91642,46.54659],[6.91578,46.54757],[6.91573,46.54845],[6.91472,46.54894],[6.91458,46.5501],[6.91399,46.55033],[6.91368,46.55015],[6.91286,46.55064],[6.91312,46.55115],[6.91267,46.55156],[6.91221,46.55151],[6.91194,46.55174],[6.91205,46.55217],[6.91186,46.55239],[6.91213,46.55249],[6.91156,46.55282],[6.91136,46.55327],[6.91096,46.55323],[6.91063,46.55344],[6.90912,46.55531],[6.90911,46.55633],[6.91077,46.55892],[6.91019,46.55992],[6.91048,46.56076]]}},{"type":"Feature","properties":{"id":"ruisseau-vesenand-fr","c":"FR","p":"patent","q":"derived","k":"river"},"geometry":{"type":"LineString","coordinates":[[6.94902,46.55952],[6.94813,46.55979],[6.94726,46.55977],[6.94386,46.56156],[6.94189,46.56181],[6.94028,46.56258],[6.93975,46.56306],[6.9373,46.56377],[6.93703,46.56411],[6.93629,46.56421],[6.93509,46.56476],[6.93451,46.56479],[6.93337,46.5643],[6.93233,46.56456],[6.93171,46.56449],[6.9309,46.56401],[6.92952,46.56396],[6.92928,46.56377],[6.92886,46.56389],[6.92813,46.56347],[6.92703,46.56376],[6.92662,46.5643],[6.92561,46.56489],[6.92546,46.56536],[6.92446,46.56567],[6.92363,46.56688],[6.91938,46.56722],[6.91857,46.56797],[6.91775,46.56811],[6.91676,46.56815],[6.91524,46.56794],[6.91037,46.56931],[6.90934,46.56922],[6.90846,46.56871]]}},{"type":"Feature","properties":{"id":"mortive-fr","c":"FR","p":"patent","q":"derived","k":"river"},"geometry":{"type":"LineString","coordinates":[[6.95606,46.54911],[6.95575,46.5496],[6.95588,46.55057],[6.95554,46.55151],[6.95611,46.55206],[6.95583,46.55292],[6.9563,46.55384],[6.9558,46.55716],[6.95539,46.55758],[6.95557,46.55811],[6.95528,46.55935],[6.95558,46.55982],[6.95554,46.56077],[6.9562,46.56202],[6.95537,46.56431],[6.95454,46.56475],[6.95425,46.5652],[6.95419,46.56643],[6.95461,46.56698],[6.95445,46.56718],[6.95314,46.56771],[6.95136,46.56913],[6.94965,46.56933],[6.94963,46.56984],[6.94866,46.57047],[6.9479,46.5707],[6.9427,46.57198],[6.94178,46.57244],[6.94098,46.57241],[6.94003,46.5718],[6.93668,46.57185],[6.93505,46.57264],[6.93251,46.57477],[6.93146,46.57532],[6.92366,46.57667],[6.92126,46.5773],[6.9207,46.57723],[6.92014,46.57779],[6.91949,46.5777]]}},{"type":"Feature","properties":{"id":"ruisseau-de-verolly-fr","c":"FR","p":"patent","q":"derived","k":"river"},"geometry":{"type":"LineString","coordinates":[[6.98154,46.50667],[6.98012,46.50799],[6.98039,46.50965],[6.98003,46.5098],[6.97935,46.51084],[6.9789,46.51094],[6.97826,46.51153],[6.97766,46.51237],[6.97765,46.5129],[6.97606,46.51436],[6.97428,46.51521],[6.97372,46.51531],[6.9735,46.51635],[6.97312,46.51648],[6.97228,46.51734],[6.97125,46.51787],[6.97061,46.51771],[6.96958,46.51796],[6.96909,46.51773],[6.968,46.51785],[6.96766,46.51814],[6.96728,46.51796],[6.96607,46.51821],[6.96525,46.51802],[6.965,46.51848],[6.96465,46.51863],[6.96234,46.51885],[6.96201,46.51922],[6.96124,46.51941],[6.96103,46.51982],[6.9607,46.51977],[6.96061,46.52016],[6.96008,46.52029],[6.95978,46.52016],[6.95858,46.52074],[6.95746,46.52082],[6.9565,46.52114],[6.95367,46.52286],[6.95138,46.52335],[6.95053,46.52388],[6.94882,46.5255]]}},{"type":"Feature","properties":{"id":"ruisseau-de-rathevi-fr","c":"FR","p":"patent","q":"derived","k":"river"},"geometry":{"type":"MultiLineString","coordinates":[[[6.9824,46.54462],[6.98264,46.54442],[6.97988,46.54199],[6.97984,46.54148],[6.97936,46.54106],[6.97923,46.54018],[6.9784,46.53869],[6.97683,46.53826],[6.97521,46.53644],[6.97512,46.53584],[6.9754,46.53565],[6.97499,46.53536],[6.97514,46.53466],[6.97444,46.53461],[6.97443,46.53423],[6.97389,46.53376],[6.97318,46.53206],[6.97222,46.53184],[6.97179,46.53118],[6.97044,46.5305],[6.97021,46.52982],[6.97042,46.52937],[6.96968,46.52834],[6.96921,46.52712],[6.96736,46.52611],[6.96626,46.52618],[6.96591,46.52585],[6.96451,46.52538],[6.96432,46.52482],[6.96324,46.52411],[6.96239,46.52304]],[[6.97261,46.54467],[6.97346,46.54477],[6.9743,46.54456],[6.97627,46.54483],[6.97783,46.54427],[6.97987,46.54452],[6.98167,46.54434]]]}},{"type":"Feature","properties":{"id":"kalte-sense-fr","c":"FR","p":"patent","q":"derived","k":"river"},"geometry":{"type":"MultiLineString","coordinates":[[[7.32435,46.71695],[7.32221,46.71686],[7.32072,46.71723],[7.31993,46.7171],[7.3191,46.71726],[7.31729,46.71721],[7.31575,46.71765],[7.31444,46.71736],[7.31319,46.71768],[7.3121,46.71757],[7.31018,46.71806],[7.30929,46.71792],[7.30787,46.71682]],[[7.32849,46.71636],[7.32667,46.71642],[7.32592,46.71663]],[[7.33236,46.7152],[7.3304,46.71563]],[[7.34374,46.7136],[7.34222,46.71398]],[[7.34908,46.71236],[7.34833,46.71247]]]}},{"type":"Feature","properties":{"id":"muscherensense-fr","c":"FR","p":"patent","q":"derived","k":"river"},"geometry":{"type":"MultiLineString","coordinates":[[[7.35328,46.68565],[7.35294,46.68597],[7.3524,46.68599],[7.35229,46.68637],[7.35174,46.68668],[7.3515,46.68708],[7.35033,46.68763],[7.34909,46.6887],[7.34877,46.68933],[7.34686,46.69067],[7.34728,46.69171],[7.3468,46.69313],[7.34706,46.69376],[7.34691,46.69549],[7.34667,46.69577],[7.34684,46.69613],[7.34572,46.69795],[7.34576,46.69893]],[[7.34815,46.70372],[7.34825,46.70444],[7.34884,46.70479],[7.3491,46.7054]],[[7.34921,46.70598],[7.34964,46.70764],[7.35052,46.70815],[7.35067,46.70864],[7.35007,46.70973],[7.34976,46.71133],[7.34936,46.71154],[7.34908,46.71236]]]}},{"type":"Feature","properties":{"id":"rotenbach-fr","c":"FR","p":"patent","q":"derived","k":"river"},"geometry":{"type":"MultiLineString","coordinates":[[[7.26453,46.67925],[7.26622,46.67982],[7.2669,46.68048],[7.26987,46.6813],[7.27062,46.68178],[7.27332,46.68184],[7.27635,46.68371],[7.27672,46.6848],[7.2799,46.6865],[7.28072,46.68632],[7.28141,46.68648]],[[7.28153,46.68643],[7.2821,46.68621],[7.28351,46.68668],[7.2843,46.68725],[7.28469,46.68807],[7.28637,46.68881],[7.28776,46.68857],[7.2887,46.6887],[7.28947,46.68856],[7.29112,46.6886],[7.29215,46.68909],[7.29284,46.68922],[7.29348,46.68866],[7.29503,46.68796],[7.29632,46.68802]]]}},{"type":"Feature","properties":{"id":"warme-sense-fr","c":"FR","p":"patent","q":"derived","k":"river"},"geometry":{"type":"LineString","coordinates":[[7.28739,46.67051],[7.28797,46.67137],[7.28905,46.67148],[7.28927,46.67177],[7.29037,46.67196],[7.29042,46.67257],[7.29125,46.67308],[7.29118,46.67382],[7.2915,46.67484],[7.29268,46.67642],[7.29163,46.67851],[7.29134,46.67964],[7.29184,46.67996],[7.29259,46.68147],[7.29298,46.68181],[7.29312,46.68249],[7.29441,46.68341],[7.29484,46.68425],[7.29541,46.68475],[7.29561,46.68698],[7.29613,46.68735],[7.29651,46.68849],[7.29739,46.68894],[7.29695,46.68946],[7.29752,46.69105],[7.2973,46.6917],[7.29742,46.69236],[7.29828,46.693],[7.29856,46.6936],[7.2998,46.69396],[7.30031,46.69569],[7.30201,46.6964],[7.30339,46.69823],[7.3034,46.69896],[7.30427,46.6993],[7.30502,46.70053],[7.30612,46.70156],[7.3068,46.70355],[7.30649,46.70649],[7.308,46.70801],[7.30842,46.70892],[7.30929,46.70991],[7.30911,46.71113],[7.30993,46.71205],[7.30956,46.71352],[7.30904,46.71398],[7.30891,46.71481],[7.30846,46.71509],[7.30787,46.71682]]}},{"type":"Feature","properties":{"id":"mausson-fr","c":"FR","p":"patent","q":"derived","k":"river"},"geometry":{"type":"LineString","coordinates":[[7.01255,46.67435],[7.01149,46.67383],[7.01032,46.6739],[7.00916,46.67362],[7.0061,46.67363],[7.00485,46.67391],[7.00332,46.67358],[7.00231,46.6737],[7.00187,46.67359],[6.99948,46.67199],[6.99787,46.67208],[6.99778,46.6718],[6.99729,46.67157],[6.99624,46.67157],[6.99557,46.67099],[6.99262,46.67048],[6.99108,46.6705],[6.99028,46.67004],[6.98945,46.66994],[6.98897,46.66964],[6.98761,46.66957],[6.98666,46.66919],[6.98535,46.66963],[6.98455,46.66909],[6.9831,46.66865],[6.98213,46.66861],[6.98143,46.66903],[6.98116,46.67074],[6.98025,46.67151],[6.98056,46.67206],[6.98068,46.67344],[6.98007,46.67356],[6.98009,46.67404],[6.97912,46.67456],[6.97836,46.67528],[6.97745,46.67526],[6.97713,46.67541],[6.97632,46.67523],[6.97421,46.67525],[6.97177,46.67598],[6.96926,46.67591],[6.96836,46.67604],[6.96665,46.67597],[6.96447,46.67539],[6.9639,46.67556],[6.96307,46.67533],[6.96097,46.67638],[6.95996,46.67711],[6.95943,46.67831],[6.95872,46.67892],[6.95784,46.68021],[6.95799,46.68053],[6.95769,46.68077],[6.95759,46.68137],[6.95774,46.68179],[6.95685,46.68266],[6.95702,46.6832],[6.95643,46.68413],[6.95658,46.68434]]}},{"type":"Feature","properties":{"id":"hoellbach-fr","c":"FR","p":"patent","q":"derived","k":"river"},"geometry":{"type":"LineString","coordinates":[[7.23815,46.67541],[7.23862,46.67575],[7.24051,46.67628],[7.24103,46.67693],[7.24171,46.67724],[7.24288,46.67724],[7.24306,46.67739],[7.2427,46.6781],[7.24359,46.67861],[7.24361,46.67896],[7.24608,46.67968],[7.24661,46.68071],[7.24617,46.68217],[7.24582,46.68247],[7.24605,46.68296],[7.24703,46.68374],[7.24787,46.68477],[7.24781,46.68526],[7.24813,46.6859],[7.24916,46.68626],[7.24931,46.68691],[7.25006,46.68702],[7.25159,46.68922],[7.2514,46.68974],[7.25082,46.68998],[7.25021,46.69061],[7.25012,46.69187],[7.24973,46.69213],[7.24868,46.6923],[7.24844,46.69313],[7.24793,46.6933],[7.24724,46.69427],[7.24717,46.69463],[7.24763,46.69521],[7.24758,46.69559],[7.24649,46.69597],[7.24645,46.69642],[7.24569,46.6965],[7.24503,46.69732],[7.24542,46.69824],[7.24443,46.69831],[7.24418,46.69848],[7.24387,46.69956],[7.24302,46.70042],[7.24313,46.70086],[7.24182,46.70188],[7.24206,46.70215],[7.24171,46.70327],[7.24074,46.70446],[7.24057,46.70521],[7.23954,46.70602],[7.23932,46.70838],[7.23837,46.70997],[7.23755,46.71066]]}},{"type":"Feature","properties":{"id":"geissalpbach-fr","c":"FR","p":"patent","q":"derived","k":"river"},"geometry":{"type":"LineString","coordinates":[[7.31935,46.66161],[7.31999,46.66171],[7.32293,46.66302],[7.32494,46.66428],[7.32617,46.66532],[7.32719,46.66537],[7.32798,46.66585],[7.32939,46.6662],[7.32963,46.66656],[7.33205,46.66758],[7.33303,46.66833],[7.33319,46.66871],[7.33294,46.66918],[7.33343,46.66956],[7.33403,46.66968],[7.33384,46.67013],[7.33407,46.67024],[7.33609,46.67088],[7.33642,46.67072],[7.33691,46.67085],[7.33784,46.67074],[7.33869,46.67092],[7.3391,46.67124],[7.34024,46.67122],[7.34344,46.67186],[7.34393,46.67229],[7.34354,46.67272],[7.34362,46.67301],[7.34611,46.67585],[7.34763,46.67661],[7.34811,46.67667],[7.34912,46.67731],[7.35034,46.67762],[7.35093,46.67829],[7.35207,46.67882],[7.35209,46.67927],[7.35249,46.67943],[7.35294,46.68002],[7.35295,46.68034],[7.35372,46.68111],[7.35326,46.68189],[7.35431,46.68326],[7.35423,46.68449],[7.35328,46.68565]]}},{"type":"Feature","properties":{"id":"ruisseau-des-chaudeires-fr","c":"FR","p":"patent","q":"derived","k":"river"},"geometry":{"type":"LineString","coordinates":[[7.03996,46.81423],[7.0391,46.81434],[7.03841,46.81464],[7.03706,46.81448],[7.0356,46.81386],[7.03459,46.81375],[7.03405,46.81391],[7.03295,46.81364],[7.03174,46.81368],[7.03074,46.81342],[7.02871,46.81345],[7.02741,46.81416],[7.02503,46.81425],[7.02399,46.81389],[7.0232,46.81382],[7.02259,46.81351],[7.0224,46.81361],[7.0222,46.81327],[7.02179,46.8133],[7.02181,46.81357],[7.02167,46.81345],[7.02065,46.81352],[7.0192,46.8131],[7.01776,46.81294],[7.01634,46.81307],[7.01517,46.8128],[7.01386,46.81288],[7.01262,46.81269],[7.01228,46.81283],[7.00993,46.81252],[7.00868,46.81256],[7.00831,46.81231],[7.00698,46.81258],[7.00664,46.81235],[7.00581,46.81253],[7.0054,46.81226],[7.00487,46.81257],[7.00467,46.8124],[7.00436,46.8125],[7.00429,46.81207],[7.00401,46.81194],[7.00351,46.81193],[7.0031,46.81213],[7.00266,46.81189],[7.00208,46.81202],[7.00152,46.81178],[7.00006,46.81185],[6.99895,46.81165],[6.99839,46.81127],[6.99797,46.81139],[6.99662,46.81114],[6.99551,46.81145],[6.99443,46.81148]]}},{"type":"Feature","properties":{"id":"petit-glane-fr","c":"FR","p":"patent","q":"derived","k":"river"},"geometry":{"type":"MultiLineString","coordinates":[[[6.81852,46.77763],[6.82001,46.78],[6.82082,46.78063],[6.82075,46.78114],[6.82109,46.7815],[6.82071,46.78199],[6.82095,46.78248],[6.82084,46.78289],[6.82214,46.78477],[6.82184,46.78552],[6.82281,46.786],[6.82271,46.78667],[6.82325,46.78751],[6.82321,46.78801],[6.82456,46.78984],[6.82454,46.79001],[6.82386,46.7902],[6.82382,46.79058],[6.82488,46.79078],[6.82527,46.79158],[6.82645,46.79213],[6.8268,46.79291],[6.82739,46.79353],[6.82703,46.79417],[6.82807,46.79444],[6.82791,46.79531],[6.82849,46.79549],[6.82853,46.79582],[6.8296,46.79674],[6.82957,46.79712],[6.83015,46.79753],[6.83019,46.79778],[6.83057,46.79778],[6.83069,46.79824],[6.83152,46.79828],[6.83159,46.7986],[6.83251,46.79886],[6.83289,46.79959],[6.83349,46.79972],[6.83428,46.80021],[6.83463,46.80062],[6.83441,46.80104],[6.83503,46.80122],[6.83524,46.80172],[6.83551,46.80184],[6.83594,46.80164],[6.83662,46.80175],[6.83675,46.80187],[6.83647,46.80199],[6.83648,46.80227],[6.8371,46.8024],[6.83784,46.80322],[6.8383,46.80322],[6.83837,46.8037],[6.83895,46.80395],[6.8388,46.80424],[6.83901,46.80438],[6.83972,46.80416],[6.84046,46.80504],[6.84093,46.80527],[6.84111,46.8057],[6.8409,46.80627],[6.84121,46.80651],[6.841,46.80661],[6.84109,46.80691],[6.84194,46.80743],[6.84196,46.80789],[6.84244,46.8081],[6.84258,46.80877],[6.84326,46.80912],[6.84361,46.80901],[6.84399,46.80966],[6.84458,46.80981],[6.84449,46.81011],[6.84385,46.81027],[6.84387,46.81074],[6.8447,46.81073],[6.84522,46.81092],[6.84555,46.81144],[6.8463,46.81147],[6.84717,46.81226],[6.84824,46.81225],[6.84826,46.81248],[6.84878,46.81239],[6.84913,46.81273],[6.84977,46.81216],[6.85053,46.81188],[6.85118,46.81265],[6.8521,46.81263],[6.85215,46.81306],[6.85337,46.81372],[6.85636,46.81417],[6.85715,46.81465],[6.8581,46.81457],[6.85864,46.81508],[6.85982,46.8147],[6.86,46.81419],[6.8612,46.81475],[6.86187,46.8144],[6.86246,46.81451],[6.86263,46.8143],[6.86243,46.81399],[6.8631,46.81394],[6.86391,46.81437],[6.86506,46.81441],[6.86529,46.81394],[6.86707,46.81386],[6.86814,46.81446],[6.86932,46.81437],[6.87049,46.81483],[6.87154,46.81488],[6.87184,46.81517],[6.87246,46.81534],[6.87359,46.81541],[6.87388,46.81574],[6.87542,46.81615],[6.87575,46.81678],[6.87901,46.81791],[6.87942,46.81827],[6.879,46.8187],[6.87892,46.8197],[6.87939,46.82],[6.88136,46.82018],[6.88166,46.82053],[6.8815,46.82073],[6.88174,46.82119],[6.88193,46.8212],[6.88227,46.82066],[6.8826,46.82052],[6.8851,46.82077],[6.8855,46.82025],[6.88659,46.82006],[6.88705,46.82017],[6.89277,46.82973],[6.89571,46.83391],[6.89725,46.83491],[6.90353,46.8376],[6.91574,46.84501],[6.92055,46.85],[6.9264,46.85286],[6.92926,46.85464]],[[6.9569,46.87202],[6.96112,46.8732],[6.96358,46.87317],[6.96444,46.87345]],[[6.98266,46.87973],[6.98413,46.88092],[6.98576,46.8837],[6.99638,46.89776]]]}},{"type":"Feature","properties":{"id":"jogne-fr","c":"FR","p":"patent","q":"derived","k":"river"},"geometry":{"type":"MultiLineString","coordinates":[[[7.13188,46.61253],[7.1311,46.61268],[7.12971,46.61238],[7.129,46.61136],[7.12914,46.61059],[7.12752,46.60982],[7.12677,46.60965],[7.1255,46.60977],[7.12471,46.60946],[7.12196,46.60907],[7.12032,46.60843],[7.11986,46.60843],[7.11843,46.60724],[7.11879,46.60655],[7.11874,46.60584],[7.1179,46.60519],[7.11717,46.605],[7.11323,46.60528],[7.11232,46.60508],[7.1118,46.60515],[7.11133,46.60657],[7.10802,46.60843],[7.10592,46.61094],[7.10365,46.61264]],[[7.30744,46.59591],[7.3073,46.59612],[7.30761,46.5965],[7.30726,46.59705],[7.30736,46.59867],[7.30664,46.59957],[7.30678,46.60029],[7.30608,46.6004],[7.30523,46.60108],[7.30485,46.60173],[7.30416,46.60188],[7.30403,46.60232],[7.30357,46.60253],[7.3031,46.60313],[7.30304,46.60353],[7.30177,46.60394],[7.30111,46.60485],[7.30015,46.60474],[7.29934,46.60529],[7.29881,46.60598],[7.29788,46.60621],[7.29689,46.60681],[7.29533,46.60707],[7.29469,46.60696],[7.29399,46.60726],[7.29285,46.60721],[7.29193,46.60786],[7.29072,46.60817],[7.28979,46.60904],[7.28772,46.60903],[7.28676,46.60973],[7.28573,46.60999],[7.28463,46.61003],[7.28262,46.60955],[7.28227,46.61017],[7.27891,46.61017],[7.27784,46.61058],[7.27649,46.61004],[7.27604,46.6095],[7.27395,46.6089],[7.27315,46.60888],[7.27208,46.6095],[7.27115,46.60914],[7.27037,46.60838],[7.26994,46.60827],[7.26811,46.60876],[7.267,46.60764],[7.26673,46.6068],[7.26635,46.60645],[7.26482,46.60638],[7.26354,46.6057],[7.26159,46.60583],[7.25948,46.60489],[7.25839,46.60404],[7.25721,46.60348],[7.2533,46.6025],[7.25173,46.60186],[7.24774,46.6016],[7.24596,46.6023],[7.24547,46.6023],[7.24444,46.60177],[7.23992,46.6004],[7.23848,46.60013],[7.23649,46.60029],[7.23354,46.59945],[7.23164,46.59934],[7.2292,46.59872],[7.22379,46.59918],[7.21753,46.59895],[7.21665,46.59898],[7.21548,46.59939],[7.21331,46.60037],[7.21194,46.6013],[7.21071,46.60168],[7.20668,46.60263],[7.20434,46.60285],[7.20266,46.60358],[7.20066,46.60403],[7.2,46.60462],[7.19881,46.60672],[7.19783,46.60774],[7.19511,46.60791],[7.19419,46.6089],[7.19383,46.609],[7.18876,46.60895],[7.18835,46.60907],[7.18686,46.61026],[7.1837,46.6103],[7.18146,46.61069],[7.17541,46.61238],[7.17443,46.61313],[7.17247,46.61251],[7.17118,46.61269],[7.16927,46.6127],[7.16854,46.61282],[7.16762,46.61339],[7.16611,46.61338],[7.16469,46.61383],[7.16327,46.61402]],[[7.29934,46.57941],[7.2997,46.57966],[7.29939,46.58024],[7.30007,46.58049],[7.30025,46.58107],[7.30073,46.58124],[7.30079,46.58183],[7.30113,46.58221],[7.30194,46.5824],[7.30196,46.58283],[7.30249,46.58316],[7.30255,46.58407],[7.30361,46.58499],[7.30385,46.58652],[7.30456,46.58704],[7.30467,46.58821],[7.30549,46.58898],[7.30558,46.58947],[7.30617,46.58972],[7.30704,46.59155],[7.30789,46.59236]],[[7.30805,46.59518],[7.30744,46.59591]],[[7.30805,46.59518],[7.30795,46.59549],[7.30744,46.59591]],[[7.30785,46.59277],[7.30777,46.59397],[7.30813,46.59451],[7.30805,46.59518]],[[7.30789,46.59236],[7.30785,46.59277]],[[7.30789,46.59236],[7.308,46.59253],[7.30785,46.59277]]]}},{"type":"Feature","properties":{"id":"arbogne-fr","c":"FR","p":"patent","q":"derived","k":"river"},"geometry":{"type":"MultiLineString","coordinates":[[[6.93534,46.72312],[6.93781,46.72591],[6.93966,46.72719],[6.94099,46.7285],[6.94155,46.73051],[6.94271,46.73128],[6.9429,46.73176],[6.94362,46.73205],[6.94364,46.73272],[6.94334,46.73281],[6.94354,46.73309],[6.94316,46.73333],[6.94335,46.73378],[6.94321,46.73487],[6.94379,46.73496],[6.94467,46.73548],[6.94498,46.73593],[6.94499,46.73662],[6.94538,46.73708],[6.94535,46.73772],[6.94595,46.73877],[6.94685,46.73988],[6.94837,46.74055],[6.94873,46.74119],[6.94956,46.74184],[6.94972,46.74299],[6.95084,46.74392],[6.95092,46.74494],[6.95064,46.74501],[6.95033,46.74557],[6.95075,46.7458],[6.95128,46.74699],[6.95026,46.74785],[6.9497,46.74792],[6.94927,46.74827],[6.94898,46.74948],[6.95117,46.75033],[6.95175,46.7509],[6.9522,46.75106],[6.95267,46.75165],[6.95458,46.75281],[6.95686,46.75495],[6.96056,46.75742],[6.96499,46.75883],[6.96551,46.75884],[6.96665,46.75966],[6.96736,46.75989],[6.96736,46.76007],[6.96832,46.76013],[6.96844,46.76049],[6.96957,46.76093],[6.97011,46.76092],[6.97136,46.76181],[6.97113,46.76206],[6.97129,46.76227],[6.97171,46.76229],[6.97181,46.76256],[6.97218,46.76256],[6.9726,46.76296],[6.97258,46.76324],[6.9715,46.76444],[6.97177,46.76461],[6.97187,46.76559],[6.97247,46.76586],[6.97255,46.76629],[6.97313,46.76644],[6.9731,46.76679],[6.97262,46.76699],[6.97356,46.76773],[6.9733,46.76818],[6.9736,46.76825],[6.97394,46.76891],[6.97395,46.76964],[6.97465,46.76974],[6.97469,46.77006],[6.97541,46.77023],[6.97503,46.77042],[6.97559,46.77079],[6.97533,46.77097],[6.97548,46.77106],[6.97622,46.77124],[6.9763,46.77103],[6.97649,46.77108],[6.97658,46.77182],[6.9772,46.77217],[6.97703,46.77264],[6.97772,46.77291],[6.97802,46.77344],[6.97872,46.77386],[6.97876,46.77436],[6.97939,46.7745],[6.97945,46.77531],[6.98081,46.77666],[6.98068,46.77723],[6.98107,46.77763],[6.98098,46.77829],[6.98154,46.77838],[6.98145,46.77877],[6.9828,46.77923],[6.98332,46.77915],[6.98383,46.77959],[6.98512,46.77996],[6.98535,46.78015],[6.98528,46.78047],[6.98609,46.78069],[6.98609,46.78102],[6.98689,46.7814],[6.98754,46.78149],[6.98736,46.78204],[6.98807,46.78229],[6.98857,46.78283],[6.98932,46.7829],[6.98943,46.7834],[6.9907,46.78415],[6.99064,46.78462],[6.99154,46.78517],[6.9918,46.78569],[6.99162,46.7867],[6.9912,46.78689],[6.99125,46.78729],[6.99246,46.78842],[6.99353,46.78889],[6.99396,46.78935],[6.994,46.78987],[6.99437,46.78992],[6.99486,46.78956],[6.99505,46.7902],[6.99557,46.79035],[6.99622,46.79022],[6.99699,46.7903],[6.99783,46.7909],[6.99974,46.79102],[7.00014,46.79134],[7.0013,46.79097],[7.00172,46.79115],[7.00201,46.79168],[7.00285,46.79136],[7.00327,46.79182],[7.00396,46.79171],[7.00471,46.79233],[7.00596,46.7924],[7.00635,46.79325],[7.00723,46.79359],[7.00838,46.79374],[7.00865,46.79413],[7.00936,46.79416],[7.00929,46.79487],[7.01016,46.79465],[7.01058,46.79476],[7.01072,46.7953],[7.01244,46.7957],[7.01313,46.79665],[7.01276,46.79731],[7.01328,46.79779],[7.01182,46.79794],[7.01209,46.79922],[7.01064,46.80034],[7.00973,46.80041],[7.00962,46.80104],[7.00857,46.80187],[7.00811,46.80201],[7.00802,46.80246],[7.00669,46.80305],[7.00534,46.80343],[7.00487,46.8034],[7.00423,46.80416],[7.00338,46.80381],[7.00253,46.80413],[6.99956,46.804],[6.99848,46.80449],[6.99816,46.80493],[6.99685,46.80525],[6.9965,46.80569],[6.99586,46.8059],[6.99573,46.80608],[6.99597,46.8065],[6.99521,46.80712],[6.99542,46.80769],[6.99523,46.8094],[6.99471,46.81008],[6.99488,46.81113],[6.99365,46.81203],[6.99269,46.81225],[6.99124,46.81213],[6.98992,46.813],[6.987,46.81393],[6.98617,46.81541],[6.9855,46.81593],[6.98551,46.81652],[6.98484,46.81724],[6.98364,46.81722],[6.9822,46.81761],[6.98179,46.81927],[6.98158,46.8194],[6.98101,46.81931],[6.97968,46.81978],[6.97911,46.82053],[6.97898,46.82137],[6.97829,46.82122],[6.97765,46.82167],[6.97741,46.82207],[6.97761,46.82263],[6.97742,46.82286]],[[6.96948,46.82543],[6.96949,46.8257],[6.96821,46.82656],[6.96804,46.82699],[6.96671,46.82751],[6.9654,46.82774],[6.96563,46.82815],[6.9655,46.8283],[6.96331,46.82837],[6.96266,46.82819],[6.96235,46.82831]],[[6.97772,46.84869],[6.97787,46.85108],[6.97821,46.85205],[6.97935,46.85299],[6.98315,46.85536],[6.98474,46.85683],[6.98589,46.85842],[6.98862,46.8632],[6.98981,46.8648],[6.9914,46.86598],[6.99179,46.86696],[6.99323,46.86735],[6.99373,46.86776],[6.99396,46.86861],[6.99381,46.86956],[6.99505,46.8699],[6.99556,46.87022],[6.99579,46.87061],[6.99556,46.87131],[6.99611,46.87193],[6.99606,46.87233],[6.99642,46.87285],[6.99783,46.87291],[6.99897,46.87412],[6.99966,46.87439],[7.00112,46.87386],[7.0025,46.87371],[7.00382,46.87379],[7.00581,46.87344],[7.00692,46.87305],[7.00842,46.87318],[7.00876,46.87351],[7.00859,46.87412],[7.00935,46.87457],[7.00983,46.87532],[7.01052,46.87549],[7.01163,46.87522],[7.01211,46.87557],[7.01191,46.87637],[7.01344,46.87673],[7.01404,46.87749],[7.01469,46.87731],[7.01526,46.87684],[7.01547,46.87709]]]}},{"type":"Feature","properties":{"id":"ruisseau-de-praz-melley-fr","c":"FR","p":"patent","q":"derived","k":"river"},"geometry":{"type":"LineString","coordinates":[[7.02856,46.58372],[7.03051,46.58491],[7.03093,46.58548],[7.03195,46.5862],[7.03473,46.58676],[7.03684,46.58768],[7.03874,46.58913],[7.041,46.58938],[7.04233,46.58971],[7.04425,46.59058],[7.04522,46.59161],[7.04858,46.59213],[7.05014,46.59313],[7.05246,46.59316],[7.05534,46.5936],[7.05881,46.59519],[7.06576,46.59423],[7.0708,46.59432]]}}]}