{"type":"FeatureCollection","features":[{"type":"Feature","properties":{"id":"lagh-de-cama-gr","c":"GR","p":"patent","q":"derived","k":"lake"},"geometry":{"type":"Polygon","coordinates":[[[9.22426,46.2568],[9.22442,46.25757],[9.22418,46.25775],[9.22438,46.25795],[9.22487,46.2578],[9.22515,46.25728],[9.22655,46.25678],[9.22673,46.25657],[9.2288,46.25588],[9.22952,46.25576],[9.22992,46.25471],[9.22974,46.25422],[9.22996,46.25402],[9.23044,46.2539],[9.23045,46.2537],[9.23007,46.25357],[9.22957,46.25365],[9.22931,46.25342],[9.22893,46.25351],[9.22875,46.25336],[9.22906,46.25309],[9.22861,46.25305],[9.22872,46.25285],[9.22798,46.25295],[9.2274,46.25278],[9.22667,46.25307],[9.22617,46.25338],[9.22537,46.25426],[9.22505,46.25481],[9.22507,46.25541],[9.22441,46.2557],[9.22426,46.2568]]]}},{"type":"Feature","properties":{"id":"lago-d-isola-gr","c":"GR","p":"patent","q":"derived","k":"lake"},"geometry":{"type":"Polygon","coordinates":[[[9.19213,46.45963],[9.19232,46.45841],[9.19272,46.45806],[9.19326,46.45715],[9.19311,46.45686],[9.19235,46.45645],[9.19207,46.45594],[9.19169,46.45577],[9.19156,46.45528],[9.19121,46.45505],[9.19116,46.45453],[9.19093,46.45436],[9.19092,46.45397],[9.19151,46.45336],[9.19165,46.45279],[9.19133,46.45255],[9.19042,46.45249],[9.18986,46.4523],[9.18962,46.45243],[9.18921,46.45231],[9.1894,46.45187],[9.18868,46.45195],[9.18856,46.45146],[9.18883,46.45117],[9.18927,46.45123],[9.1896,46.45084],[9.18948,46.45071],[9.18899,46.45084],[9.189,46.45045],[9.18915,46.45039],[9.18933,46.4505],[9.19026,46.44994],[9.19015,46.44911],[9.1907,46.4488],[9.19146,46.44762],[9.19154,46.44668],[9.19142,46.44654],[9.19121,46.44659],[9.19143,46.44617],[9.19136,46.446],[9.19077,46.44575],[9.19044,46.44541],[9.18964,46.44569],[9.18872,46.44567],[9.18825,46.44552],[9.18753,46.44502],[9.18737,46.44512],[9.1872,46.44588],[9.18619,46.4468],[9.18567,46.44803],[9.18565,46.44867],[9.18608,46.44902],[9.18593,46.44982],[9.18548,46.45051],[9.18544,46.45119],[9.18523,46.45158],[9.18533,46.45189],[9.18506,46.45204],[9.18506,46.45261],[9.18571,46.45335],[9.18644,46.45358],[9.1865,46.45381],[9.18709,46.45406],[9.18736,46.45403],[9.18752,46.45372],[9.18814,46.45345],[9.18829,46.45347],[9.18823,46.45363],[9.18846,46.45365],[9.18907,46.45289],[9.1896,46.45268],[9.19085,46.45292],[9.19093,46.45325],[9.19041,46.45405],[9.19066,46.45456],[9.19035,46.45548],[9.19103,46.45632],[9.19126,46.45715],[9.19175,46.45763],[9.1918,46.45797],[9.1915,46.45822],[9.19139,46.4587],[9.19189,46.45966],[9.19213,46.45963]]]}},{"type":"Feature","properties":{"id":"zervreilasee-gr","c":"GR","p":"patent","q":"derived","k":"lake"},"geometry":{"type":"Polygon","coordinates":[[[9.11701,46.57961],[9.11812,46.58016],[9.11769,46.57906],[9.11793,46.57815],[9.11864,46.5774],[9.11925,46.57706],[9.1201,46.5768],[9.119,46.57665],[9.118,46.57618],[9.11648,46.57528],[9.11586,46.57506],[9.11473,46.57423],[9.11314,46.57346],[9.11282,46.57314],[9.11111,46.57242],[9.11016,46.57216],[9.10845,46.57104],[9.10605,46.56987],[9.10371,46.56771],[9.10247,46.56573],[9.10239,46.5652],[9.10174,46.56462],[9.10062,46.56399],[9.1001,46.56354],[9.09957,46.56332],[9.09878,46.56236],[9.09837,46.56238],[9.09814,46.56204],[9.09783,46.56197],[9.09757,46.56174],[9.09701,46.56066],[9.097,46.55896],[9.09785,46.55784],[9.09791,46.55759],[9.09833,46.55733],[9.09884,46.5565],[9.10001,46.5554],[9.09998,46.55514],[9.10089,46.55359],[9.10076,46.55335],[9.09973,46.55383],[9.09897,46.55441],[9.0984,46.5549],[9.09681,46.55697],[9.0956,46.55759],[9.09432,46.56022],[9.0938,46.56036],[9.09404,46.56077],[9.09333,46.56167],[9.09306,46.56179],[9.09256,46.56235],[9.0923,46.56239],[9.09202,46.56268],[9.09169,46.56273],[9.09172,46.56304],[9.0913,46.5635],[9.09032,46.56401],[9.08866,46.56456],[9.08749,46.56466],[9.08683,46.56449],[9.08659,46.56488],[9.08607,46.56505],[9.085,46.56516],[9.08402,46.56583],[9.08264,46.56639],[9.08255,46.56688],[9.08195,46.56683],[9.08046,46.56724],[9.07949,46.56793],[9.07837,46.56849],[9.07927,46.56834],[9.08127,46.56759],[9.08216,46.56738],[9.08384,46.56745],[9.08499,46.56734],[9.08574,46.56706],[9.08742,46.56694],[9.08965,46.56642],[9.09105,46.56631],[9.09345,46.56661],[9.09647,46.56773],[9.09839,46.56877],[9.10171,46.57144],[9.10227,46.57174],[9.10325,46.57286],[9.10655,46.57503],[9.10693,46.57546],[9.10774,46.57592],[9.1086,46.57681],[9.11019,46.57776],[9.11177,46.57842],[9.11228,46.5785],[9.11367,46.57921],[9.11369,46.57901],[9.11389,46.579],[9.11494,46.57945],[9.11701,46.57961]]]}},{"type":"Feature","properties":{"id":"lai-da-sontga-maria-gr","c":"GR","p":"patent","q":"derived","k":"lake"},"geometry":{"type":"Polygon","coordinates":[[[8.79727,46.58651],[8.79805,46.58792],[8.79902,46.58713],[8.79991,46.58679],[8.80112,46.58661],[8.80263,46.58677],[8.80357,46.58712],[8.80366,46.58697],[8.80281,46.58301],[8.80287,46.58259],[8.80258,46.58238],[8.80233,46.58131],[8.80206,46.58119],[8.8007,46.5792],[8.80054,46.5781],[8.8002,46.57731],[8.80017,46.57614],[8.79954,46.57459],[8.79992,46.5727],[8.79991,46.57122],[8.79966,46.57015],[8.79963,46.56872],[8.79926,46.56798],[8.79917,46.56737],[8.79968,46.56627],[8.80102,46.56503],[8.80087,46.56483],[8.79995,46.56471],[8.79922,46.56518],[8.79894,46.56523],[8.79784,46.56482],[8.79693,46.565],[8.79668,46.56492],[8.79653,46.56473],[8.79661,46.5646],[8.79646,46.56456],[8.79629,46.56477],[8.79626,46.56553],[8.79588,46.56627],[8.79418,46.5684],[8.7937,46.56876],[8.79328,46.56882],[8.79257,46.56873],[8.79126,46.5689],[8.78955,46.56882],[8.78591,46.56748],[8.78384,46.56807],[8.78383,46.5686],[8.78351,46.56892],[8.78408,46.56975],[8.78423,46.57023],[8.78579,46.57184],[8.78568,46.57213],[8.78672,46.57328],[8.78805,46.57435],[8.78822,46.57474],[8.78847,46.57485],[8.78841,46.57514],[8.79037,46.57668],[8.79037,46.5777],[8.79067,46.57822],[8.79052,46.57848],[8.79076,46.57882],[8.7906,46.57929],[8.78967,46.57992],[8.7897,46.58022],[8.79045,46.57981],[8.79122,46.57968],[8.79139,46.5801],[8.79159,46.58021],[8.79403,46.58067],[8.79555,46.58184],[8.79656,46.58333],[8.7966,46.58379],[8.79634,46.58397],[8.79666,46.58404],[8.7972,46.5854],[8.79711,46.58589],[8.79727,46.58651]]]}},{"type":"Feature","properties":{"id":"lai-da-curnera-gr","c":"GR","p":"patent","q":"derived","k":"lake"},"geometry":{"type":"Polygon","coordinates":[[[8.71484,46.63596],[8.71512,46.63576],[8.71456,46.63554],[8.71443,46.6351],[8.71515,46.63484],[8.71513,46.63474],[8.7154,46.63459],[8.71595,46.63342],[8.71599,46.63275],[8.71564,46.63189],[8.71582,46.63086],[8.71548,46.62978],[8.71552,46.62836],[8.71584,46.62701],[8.71689,46.62603],[8.71697,46.62497],[8.71706,46.62468],[8.71726,46.62458],[8.71706,46.62443],[8.71706,46.62356],[8.71739,46.62261],[8.71673,46.62188],[8.71647,46.62133],[8.7169,46.62019],[8.71698,46.61843],[8.71654,46.61749],[8.71552,46.61663],[8.71516,46.6159],[8.71522,46.61751],[8.71444,46.61814],[8.71436,46.61881],[8.71406,46.61908],[8.71373,46.62071],[8.71333,46.62063],[8.71317,46.62071],[8.71244,46.62207],[8.71153,46.62287],[8.71122,46.62403],[8.7109,46.6243],[8.71098,46.62452],[8.71024,46.62566],[8.70939,46.62607],[8.70814,46.62595],[8.70767,46.62609],[8.70989,46.62715],[8.71029,46.62745],[8.71043,46.62782],[8.71036,46.62822],[8.70984,46.62911],[8.70994,46.62971],[8.70949,46.63134],[8.70961,46.63201],[8.70944,46.63261],[8.70958,46.63329],[8.71013,46.6338],[8.7104,46.63472],[8.71085,46.63477],[8.71148,46.63507],[8.71132,46.63537],[8.71097,46.63557],[8.71096,46.63577],[8.71206,46.63535],[8.71275,46.63526],[8.71373,46.63541],[8.71484,46.63596]]]}},{"type":"Feature","properties":{"id":"sufnersee-gr","c":"GR","p":"patent","q":"derived","k":"lake"},"geometry":{"type":"Polygon","coordinates":[[[9.37625,46.57092],[9.37949,46.57075],[9.38052,46.57057],[9.38085,46.57039],[9.38086,46.57021],[9.38025,46.56933],[9.38018,46.56853],[9.37944,46.56766],[9.37962,46.56721],[9.37898,46.56701],[9.37496,46.56654],[9.37341,46.56559],[9.3719,46.56533],[9.36953,46.56438],[9.36782,46.56399],[9.36657,46.56393],[9.36616,46.56349],[9.36507,46.5635],[9.36482,46.56364],[9.36303,46.56367],[9.36274,46.56377],[9.36268,46.56335],[9.36223,46.5633],[9.36195,46.56345],[9.35992,46.56341],[9.3593,46.5631],[9.35455,46.56367],[9.35423,46.56355],[9.35401,46.56313],[9.3535,46.56343],[9.35306,46.56346],[9.35273,46.56329],[9.35125,46.56299],[9.35102,46.56275],[9.35047,46.56286],[9.34963,46.56249],[9.3487,46.56228],[9.34873,46.56244],[9.34926,46.5625],[9.35148,46.56333],[9.35232,46.5635],[9.35254,46.56374],[9.35384,46.56431],[9.35389,46.5646],[9.35411,46.56472],[9.3546,46.56472],[9.35635,46.56533],[9.35785,46.5652],[9.35832,46.5653],[9.3604,46.56658],[9.3614,46.56695],[9.36504,46.56751],[9.36523,46.56763],[9.36599,46.56722],[9.3669,46.56721],[9.36736,46.56745],[9.36831,46.56829],[9.36921,46.56933],[9.37036,46.5699],[9.37245,46.5704],[9.37269,46.57066],[9.37351,46.57075],[9.37494,46.57068],[9.37625,46.57092]]]}},{"type":"Feature","properties":{"id":"lai-da-nalps-gr","c":"GR","p":"patent","q":"derived","k":"lake"},"geometry":{"type":"Polygon","coordinates":[[[8.75969,46.64019],[8.76071,46.6392],[8.76152,46.63879],[8.76281,46.63864],[8.76423,46.63887],[8.76411,46.63841],[8.76446,46.63825],[8.76449,46.63769],[8.76558,46.63707],[8.76643,46.63614],[8.76755,46.63382],[8.76735,46.63261],[8.76768,46.63249],[8.76769,46.63236],[8.76728,46.63189],[8.76731,46.63063],[8.76664,46.62938],[8.76657,46.62843],[8.76576,46.62689],[8.76504,46.6262],[8.76509,46.62582],[8.76434,46.62501],[8.76387,46.62469],[8.76245,46.62206],[8.76154,46.6217],[8.76114,46.62113],[8.76088,46.62107],[8.7607,46.6211],[8.76072,46.62144],[8.76035,46.6222],[8.75984,46.62286],[8.7605,46.62439],[8.7605,46.62493],[8.76034,46.62524],[8.75996,46.62538],[8.7592,46.62622],[8.75949,46.62635],[8.75999,46.62702],[8.76057,46.62832],[8.76106,46.62862],[8.76054,46.62902],[8.76023,46.62909],[8.75959,46.62998],[8.75979,46.63045],[8.75963,46.63136],[8.75909,46.63196],[8.75866,46.63318],[8.75888,46.63367],[8.75897,46.6345],[8.75885,46.63492],[8.75922,46.63619],[8.75894,46.63769],[8.75873,46.63797],[8.7591,46.63827],[8.75921,46.63912],[8.75969,46.64019]]]}},{"type":"Feature","properties":{"id":"stausee-ranasca-gr","c":"GR","p":"patent","q":"derived","k":"lake"},"geometry":{"type":"Polygon","coordinates":[[[9.0961,46.8353],[9.09644,46.8354],[9.09689,46.83527],[9.09741,46.83531],[9.09816,46.83561],[9.09853,46.83562],[9.09878,46.83593],[9.09938,46.836],[9.09911,46.8357],[9.09924,46.83556],[9.09988,46.8355],[9.10028,46.83531],[9.10084,46.83477],[9.10178,46.83424],[9.10241,46.83314],[9.10334,46.83281],[9.10357,46.83203],[9.104,46.83134],[9.10475,46.83086],[9.10653,46.829],[9.10712,46.82866],[9.10744,46.82816],[9.10788,46.82784],[9.10887,46.82751],[9.10991,46.82691],[9.1109,46.82589],[9.11122,46.82574],[9.10841,46.82489],[9.1077,46.8249],[9.10691,46.82518],[9.1041,46.82736],[9.10391,46.82794],[9.10283,46.82902],[9.10169,46.82987],[9.1005,46.83047],[9.09982,46.8316],[9.09903,46.83198],[9.09893,46.8322],[9.09867,46.83228],[9.09857,46.83266],[9.0976,46.83328],[9.09717,46.83415],[9.09614,46.83516],[9.0961,46.8353]]]}},{"type":"Feature","properties":{"id":"lago-di-lei-gr","c":"GR","p":"patent","q":"derived","k":"lake"},"geometry":{"type":"Polygon","coordinates":[[[9.45681,46.48335],[9.45739,46.48028],[9.44996,46.47999],[9.45024,46.48062],[9.44997,46.48113],[9.45035,46.48134],[9.45044,46.48159],[9.45025,46.48258],[9.4498,46.48306],[9.44982,46.48322],[9.45063,46.48261],[9.45181,46.48202],[9.45271,46.48177],[9.45359,46.4817],[9.45503,46.48202],[9.45598,46.48259],[9.45681,46.48335]]]}},{"type":"Feature","properties":{"id":"lej-da-silvaplauna-gr","c":"GR","p":"patent","q":"derived","k":"lake"},"geometry":{"type":"Polygon","coordinates":[[[9.77666,46.44118],[9.77699,46.44157],[9.77651,46.4421],[9.77636,46.44213],[9.77641,46.44198],[9.77607,46.44179],[9.776,46.44159],[9.7754,46.44154],[9.77503,46.44175],[9.77488,46.44238],[9.77578,46.44309],[9.77584,46.44317],[9.77564,46.44313],[9.77599,46.44333],[9.77667,46.44417],[9.77811,46.44483],[9.77926,46.44511],[9.77985,46.44577],[9.78089,46.44622],[9.78216,46.44733],[9.78326,46.44769],[9.78433,46.44929],[9.78525,46.45006],[9.78628,46.45139],[9.78796,46.45292],[9.78986,46.45501],[9.79048,46.45511],[9.79204,46.45459],[9.79211,46.45472],[9.79153,46.45488],[9.79156,46.455],[9.79191,46.45497],[9.79236,46.45473],[9.79308,46.45471],[9.79295,46.4549],[9.79311,46.45495],[9.7937,46.45488],[9.79437,46.45518],[9.79632,46.45542],[9.79799,46.45611],[9.79881,46.45686],[9.80013,46.45757],[9.80084,46.45822],[9.80093,46.45861],[9.80149,46.45907],[9.80213,46.46016],[9.80136,46.46054],[9.80108,46.46094],[9.80111,46.46126],[9.80039,46.46237],[9.79959,46.46258],[9.79901,46.4632],[9.79787,46.46375],[9.79792,46.46429],[9.79853,46.46547],[9.79942,46.46629],[9.80004,46.46646],[9.80166,46.46649],[9.80251,46.46611],[9.80301,46.46604],[9.80388,46.46619],[9.80421,46.46642],[9.80404,46.46658],[9.80327,46.46669],[9.803,46.46708],[9.80261,46.46725],[9.80237,46.46798],[9.80265,46.4686],[9.80252,46.46937],[9.80294,46.46973],[9.80331,46.47078],[9.80476,46.47156],[9.80626,46.47276],[9.80805,46.47231],[9.80998,46.47233],[9.81173,46.47178],[9.81238,46.47179],[9.81269,46.47157],[9.81256,46.47116],[9.81064,46.46928],[9.80927,46.46881],[9.80831,46.46892],[9.80737,46.46853],[9.80599,46.46708],[9.80486,46.46623],[9.80407,46.46437],[9.80363,46.46393],[9.80272,46.46187],[9.80287,46.46116],[9.80264,46.46064],[9.80268,46.45974],[9.80289,46.45955],[9.80252,46.45863],[9.80254,46.45828],[9.8038,46.4575],[9.80405,46.45661],[9.80451,46.45598],[9.80451,46.45525],[9.80489,46.45386],[9.80638,46.45149],[9.80635,46.45092],[9.80586,46.45038],[9.80602,46.45022],[9.80571,46.45015],[9.80565,46.44997],[9.80538,46.44841],[9.80449,46.44761],[9.80437,46.44722],[9.80287,46.44654],[9.80241,46.44602],[9.80142,46.44553],[9.79773,46.44505],[9.79605,46.44436],[9.7952,46.44439],[9.7927,46.44399],[9.79165,46.44364],[9.78894,46.44117],[9.7886,46.441],[9.78786,46.44109],[9.78723,46.44103],[9.78552,46.44008],[9.78515,46.43977],[9.78488,46.43901],[9.78416,46.43799],[9.78375,46.43769],[9.78315,46.43745],[9.78238,46.43733],[9.7819,46.43684],[9.78086,46.43649],[9.77975,46.4369],[9.77881,46.43783],[9.77841,46.43788],[9.77772,46.43772],[9.77695,46.43818],[9.77649,46.43907],[9.77671,46.44009],[9.77691,46.4403],[9.77666,46.44118]]]}},{"type":"Feature","properties":{"id":"lej-da-segl-gr","c":"GR","p":"patent","q":"derived","k":"lake"},"geometry":{"type":"Polygon","coordinates":[[[9.7546,46.43468],[9.75375,46.43438],[9.7531,46.43385],[9.75378,46.43257],[9.75367,46.43236],[9.75315,46.43211],[9.75335,46.43156],[9.75277,46.43091],[9.7516,46.4303],[9.74856,46.42922],[9.74795,46.42912],[9.74621,46.42839],[9.74383,46.42721],[9.74337,46.42659],[9.74387,46.42629],[9.7446,46.42618],[9.74397,46.4257],[9.7439,46.42543],[9.74714,46.4258],[9.74751,46.426],[9.74731,46.42615],[9.74733,46.42648],[9.74752,46.42656],[9.74714,46.42672],[9.74704,46.42733],[9.74865,46.42783],[9.74877,46.42816],[9.7492,46.4284],[9.75024,46.42868],[9.75098,46.42873],[9.75197,46.42828],[9.75226,46.42788],[9.75344,46.42707],[9.75442,46.42608],[9.75494,46.42528],[9.755,46.425],[9.75352,46.42284],[9.75221,46.4221],[9.75114,46.42135],[9.75074,46.42091],[9.74952,46.42021],[9.74859,46.41943],[9.74756,46.41881],[9.74696,46.41876],[9.74582,46.41895],[9.7451,46.41925],[9.74403,46.41944],[9.74305,46.41898],[9.7421,46.41917],[9.74143,46.41914],[9.74117,46.41886],[9.74043,46.41853],[9.73957,46.41774],[9.73875,46.41749],[9.73846,46.41726],[9.73777,46.41733],[9.73752,46.41724],[9.73647,46.41618],[9.73568,46.41587],[9.73499,46.4159],[9.73446,46.41614],[9.73403,46.41607],[9.73366,46.41632],[9.73331,46.41638],[9.73324,46.41595],[9.73369,46.41513],[9.73413,46.41326],[9.73326,46.41244],[9.73327,46.41223],[9.73362,46.41197],[9.7337,46.41172],[9.7337,46.41087],[9.73303,46.40992],[9.73111,46.40945],[9.73012,46.40883],[9.72925,46.40889],[9.72833,46.40949],[9.72707,46.4098],[9.72612,46.40961],[9.72569,46.40923],[9.72477,46.40892],[9.72318,46.40854],[9.72194,46.40847],[9.72019,46.40787],[9.71878,46.40776],[9.71785,46.40786],[9.71611,46.40742],[9.71566,46.40757],[9.71503,46.40804],[9.71457,46.4079],[9.71397,46.40799],[9.71355,46.40793],[9.71329,46.40777],[9.71235,46.40771],[9.71126,46.40701],[9.7105,46.40722],[9.70908,46.40688],[9.70821,46.40688],[9.70749,46.40668],[9.70554,46.40687],[9.70489,46.40679],[9.70446,46.40658],[9.70393,46.4067],[9.70386,46.40746],[9.70438,46.40791],[9.70436,46.40814],[9.70455,46.40818],[9.70463,46.40839],[9.70429,46.40952],[9.705,46.41004],[9.70686,46.41047],[9.70849,46.41061],[9.70988,46.41138],[9.71141,46.41191],[9.7128,46.41275],[9.71328,46.41329],[9.71408,46.41383],[9.71594,46.41461],[9.71766,46.41505],[9.71884,46.41569],[9.7213,46.41656],[9.72611,46.41801],[9.72873,46.41814],[9.72979,46.4186],[9.72978,46.41873],[9.72924,46.41882],[9.72765,46.41951],[9.72685,46.42032],[9.72656,46.42102],[9.7275,46.4227],[9.72709,46.42305],[9.72698,46.42348],[9.72879,46.42496],[9.73004,46.42533],[9.73033,46.42557],[9.7307,46.42562],[9.73182,46.42651],[9.73384,46.42747],[9.73461,46.42845],[9.73513,46.42846],[9.7354,46.42861],[9.73634,46.42858],[9.73699,46.42874],[9.73843,46.42951],[9.73958,46.43042],[9.74114,46.43103],[9.74312,46.43153],[9.74489,46.43256],[9.74575,46.43271],[9.74801,46.43251],[9.74892,46.43265],[9.75084,46.43342],[9.75221,46.43415],[9.75342,46.4344],[9.7544,46.43479],[9.7546,46.43468]],[[9.74535,46.42107],[9.74632,46.42122],[9.74657,46.42172],[9.74625,46.42172],[9.74588,46.42156],[9.74583,46.42127],[9.74531,46.42133],[9.74535,46.42107]],[[9.74378,46.42073],[9.74416,46.42082],[9.74413,46.42095],[9.74378,46.42073]],[[9.73019,46.41857],[9.7303,46.41871],[9.73008,46.41862],[9.73019,46.41857]]]}},{"type":"Feature","properties":{"id":"lago-bianco-gr","c":"GR","p":"patent","q":"derived","k":"lake"},"geometry":{"type":"Polygon","coordinates":[[[10.01118,46.40795],[10.01129,46.40902],[10.01088,46.4092],[10.0109,46.40947],[10.01013,46.40986],[10.01002,46.41016],[10.00957,46.41026],[10.0093,46.41056],[10.00954,46.41072],[10.00917,46.41079],[10.00924,46.41097],[10.00872,46.41136],[10.00821,46.41146],[10.00838,46.41243],[10.00793,46.41318],[10.00776,46.41322],[10.0091,46.4145],[10.01006,46.41504],[10.01079,46.41494],[10.011,46.41472],[10.01149,46.41507],[10.0118,46.41486],[10.01186,46.41448],[10.01206,46.41436],[10.01246,46.41429],[10.01288,46.41457],[10.01332,46.41463],[10.01383,46.41417],[10.01451,46.41407],[10.01587,46.41412],[10.01718,46.41463],[10.01828,46.41474],[10.01865,46.41412],[10.01867,46.41346],[10.01833,46.41251],[10.01775,46.41173],[10.0177,46.41144],[10.01791,46.40967],[10.01867,46.40865],[10.01887,46.40842],[10.01929,46.40843],[10.01971,46.40745],[10.0201,46.40734],[10.02093,46.40663],[10.02177,46.40625],[10.02241,46.40574],[10.02297,46.40555],[10.02358,46.40509],[10.02497,46.40489],[10.02557,46.40429],[10.02615,46.4041],[10.02662,46.40356],[10.02679,46.40301],[10.02868,46.40188],[10.02894,46.40156],[10.0294,46.40147],[10.03015,46.40107],[10.02999,46.401],[10.02946,46.40111],[10.0297,46.40091],[10.02983,46.40053],[10.0293,46.40074],[10.0291,46.40054],[10.02935,46.40045],[10.029,46.4002],[10.02867,46.40028],[10.02844,46.39998],[10.029,46.39974],[10.02918,46.39928],[10.02975,46.3992],[10.03006,46.39932],[10.0315,46.39863],[10.03261,46.3979],[10.03296,46.39706],[10.0336,46.39645],[10.03376,46.39544],[10.03352,46.39501],[10.03313,46.39484],[10.03304,46.39404],[10.03215,46.39429],[10.03148,46.39403],[10.03151,46.39273],[10.03027,46.39266],[10.02923,46.39228],[10.02888,46.39369],[10.02764,46.39483],[10.02721,46.39558],[10.02734,46.39622],[10.02683,46.39718],[10.02634,46.39762],[10.02597,46.39854],[10.02523,46.39863],[10.02525,46.39899],[10.02481,46.39913],[10.02506,46.3993],[10.02473,46.39961],[10.02371,46.39959],[10.0236,46.39972],[10.02375,46.39986],[10.02346,46.39993],[10.02367,46.40014],[10.0228,46.40019],[10.02286,46.40032],[10.02315,46.40038],[10.02287,46.40069],[10.02254,46.4008],[10.02272,46.40101],[10.02197,46.40115],[10.02224,46.40119],[10.02216,46.40134],[10.02079,46.40143],[10.02011,46.40172],[10.01874,46.40191],[10.01833,46.40206],[10.01825,46.40231],[10.01704,46.40304],[10.01684,46.40334],[10.01583,46.40343],[10.0157,46.40394],[10.01387,46.40526],[10.01373,46.40581],[10.01408,46.40601],[10.01318,46.40627],[10.01291,46.40646],[10.01288,46.40672],[10.01261,46.40646],[10.01175,46.40634],[10.01125,46.40644],[10.01121,46.40671],[10.0115,46.40718],[10.01118,46.40795]],[[10.02795,46.39599],[10.028,46.39643],[10.02785,46.39658],[10.02734,46.39665],[10.0273,46.39649],[10.02772,46.39603],[10.02795,46.39599]],[[10.03244,46.39438],[10.03259,46.39463],[10.03241,46.39485],[10.03213,46.39492],[10.03194,46.39455],[10.03244,46.39438]],[[10.0311,46.39304],[10.03101,46.39341],[10.03071,46.39355],[10.03071,46.39321],[10.03085,46.39304],[10.0311,46.39304]],[[10.02725,46.39691],[10.02734,46.39701],[10.02725,46.39697],[10.02725,46.39691]]]}},{"type":"Feature","properties":{"id":"lej-da-s-murezzan-gr","c":"GR","p":"patent","q":"derived","k":"lake"},"geometry":{"type":"Polygon","coordinates":[[[9.84787,46.49779],[9.84832,46.49773],[9.84771,46.49731],[9.84759,46.49709],[9.8475,46.49665],[9.84766,46.49654],[9.84929,46.49669],[9.85197,46.49672],[9.85504,46.49659],[9.85623,46.49636],[9.85654,46.49581],[9.85647,46.49491],[9.85609,46.49409],[9.85619,46.49345],[9.85594,46.49332],[9.85408,46.49301],[9.85087,46.49279],[9.84677,46.49207],[9.84546,46.4917],[9.84376,46.49139],[9.84222,46.49068],[9.8403,46.48927],[9.83907,46.48897],[9.83891,46.48911],[9.83898,46.48977],[9.83834,46.49033],[9.83759,46.49069],[9.83641,46.49063],[9.83648,46.49092],[9.83614,46.49126],[9.83593,46.49184],[9.83626,46.4929],[9.83665,46.49336],[9.83728,46.49373],[9.83806,46.49391],[9.8392,46.49395],[9.84045,46.49427],[9.84054,46.49506],[9.84146,46.49586],[9.84298,46.49636],[9.84456,46.49654],[9.84499,46.49678],[9.84753,46.49748],[9.84787,46.49779]]]}},{"type":"Feature","properties":{"id":"lai-da-marmorera-gr","c":"GR","p":"patent","q":"derived","k":"lake"},"geometry":{"type":"Polygon","coordinates":[[[9.63004,46.50848],[9.63023,46.50871],[9.63249,46.50948],[9.63415,46.51042],[9.6347,46.50957],[9.6355,46.50884],[9.63637,46.50849],[9.63691,46.50793],[9.63751,46.50763],[9.63958,46.50539],[9.63987,46.50462],[9.64016,46.5043],[9.64017,46.50372],[9.64049,46.5031],[9.63995,46.50158],[9.64069,46.50109],[9.6409,46.50024],[9.64081,46.49888],[9.64108,46.49859],[9.64154,46.49839],[9.64093,46.49818],[9.64114,46.49793],[9.64101,46.4975],[9.6406,46.4973],[9.64093,46.49725],[9.64201,46.49671],[9.64267,46.4961],[9.64402,46.49526],[9.64459,46.49466],[9.64369,46.49438],[9.64355,46.49412],[9.64377,46.49342],[9.6431,46.4931],[9.64309,46.4926],[9.64356,46.49215],[9.64344,46.49196],[9.64384,46.4917],[9.64257,46.49168],[9.64201,46.49098],[9.64203,46.49057],[9.64168,46.49019],[9.64181,46.4898],[9.64143,46.48922],[9.64147,46.48882],[9.64168,46.4886],[9.64155,46.48761],[9.64208,46.48733],[9.64214,46.48689],[9.642,46.48654],[9.64166,46.48672],[9.64141,46.48723],[9.64095,46.48709],[9.6407,46.48721],[9.64065,46.48773],[9.64013,46.4887],[9.64006,46.48956],[9.63939,46.49056],[9.63926,46.49148],[9.63886,46.49201],[9.63879,46.49255],[9.6382,46.49299],[9.63751,46.49396],[9.63475,46.49578],[9.63414,46.49643],[9.63406,46.4967],[9.63314,46.49727],[9.6325,46.49884],[9.62999,46.50123],[9.6293,46.50313],[9.62887,46.50379],[9.62807,46.50625],[9.62836,46.50667],[9.62986,46.50703],[9.62994,46.50743],[9.6304,46.50785],[9.63004,46.50848]]]}},{"type":"Feature","properties":{"id":"laegh-da-cavloc-gr","c":"GR","p":"patent","q":"derived","k":"lake"},"geometry":{"type":"Polygon","coordinates":[[[9.7056,46.38198],[9.70562,46.38167],[9.70591,46.38158],[9.70624,46.38099],[9.70643,46.38089],[9.70629,46.38077],[9.70634,46.38033],[9.70688,46.38033],[9.70725,46.38009],[9.70733,46.37988],[9.70692,46.37923],[9.70691,46.37895],[9.70624,46.37852],[9.70584,46.37855],[9.70508,46.37804],[9.70341,46.37863],[9.70334,46.37934],[9.70367,46.37936],[9.70365,46.37952],[9.7031,46.38004],[9.70246,46.38029],[9.70238,46.38102],[9.70309,46.38227],[9.70377,46.38166],[9.7041,46.38106],[9.70456,46.38086],[9.70486,46.38091],[9.7049,46.38148],[9.70532,46.38155],[9.7054,46.38191],[9.7056,46.38198]]]}},{"type":"Feature","properties":{"id":"lago-di-poschiavo-gr","c":"GR","p":"patent","q":"derived","k":"lake"},"geometry":{"type":"Polygon","coordinates":[[[10.08705,46.29222],[10.08748,46.29172],[10.08867,46.292],[10.08864,46.29219],[10.08787,46.29236],[10.0876,46.29265],[10.08768,46.29324],[10.08724,46.2939],[10.08686,46.29416],[10.08715,46.29462],[10.08798,46.29468],[10.08793,46.29448],[10.08852,46.29424],[10.0907,46.29249],[10.09074,46.29214],[10.09047,46.29157],[10.09046,46.29051],[10.09088,46.28995],[10.09165,46.2896],[10.09234,46.28853],[10.09293,46.28825],[10.09303,46.28796],[10.09292,46.2875],[10.09402,46.28682],[10.09425,46.28551],[10.09585,46.28447],[10.09651,46.28377],[10.09736,46.28346],[10.09857,46.28202],[10.0988,46.28132],[10.09871,46.28097],[10.09899,46.28059],[10.1003,46.27964],[10.10026,46.27897],[10.10132,46.27869],[10.10187,46.27881],[10.10238,46.2787],[10.10215,46.27716],[10.1012,46.2765],[10.10091,46.27615],[10.10063,46.27538],[10.10059,46.27503],[10.10085,46.27412],[10.10128,46.27364],[10.10115,46.27347],[10.1004,46.27352],[10.09874,46.27303],[10.09804,46.27304],[10.09575,46.27406],[10.09339,46.2748],[10.0926,46.27592],[10.09196,46.27622],[10.08995,46.27657],[10.08931,46.27748],[10.08859,46.27803],[10.08794,46.27904],[10.08671,46.2795],[10.08575,46.28025],[10.0841,46.2823],[10.08258,46.28334],[10.08167,46.28446],[10.08164,46.28493],[10.08182,46.28519],[10.08153,46.28574],[10.07919,46.28836],[10.07917,46.28855],[10.07885,46.28856],[10.07866,46.28874],[10.0787,46.28896],[10.07914,46.28933],[10.07945,46.29012],[10.08107,46.29124],[10.08194,46.29121],[10.08386,46.29202],[10.08579,46.29202],[10.08681,46.29158],[10.08703,46.29181],[10.08686,46.29213],[10.08705,46.29222]]]}},{"type":"Feature","properties":{"id":"laegh-da-l-albigna-gr","c":"GR","p":"patent","q":"derived","k":"lake"},"geometry":{"type":"Polygon","coordinates":[[[9.64323,46.33671],[9.64446,46.33712],[9.6487,46.33698],[9.6515,46.33604],[9.65259,46.33593],[9.65275,46.33563],[9.65207,46.33478],[9.65169,46.33367],[9.6522,46.33232],[9.65202,46.33115],[9.65134,46.33007],[9.65094,46.33001],[9.65073,46.32937],[9.6513,46.32765],[9.65219,46.32744],[9.65298,46.32696],[9.6535,46.32689],[9.65445,46.32648],[9.65397,46.32605],[9.65377,46.3255],[9.65311,46.3248],[9.65283,46.32396],[9.65283,46.32327],[9.65199,46.32113],[9.65163,46.32083],[9.65064,46.3208],[9.64977,46.3195],[9.64951,46.31769],[9.6488,46.31699],[9.64882,46.31617],[9.6486,46.31603],[9.64872,46.3157],[9.64859,46.31563],[9.64799,46.31587],[9.64764,46.3157],[9.64744,46.31544],[9.64675,46.31521],[9.64632,46.3155],[9.64597,46.31613],[9.64559,46.31623],[9.64559,46.31834],[9.64626,46.32045],[9.6464,46.32311],[9.64699,46.32441],[9.64716,46.32548],[9.64585,46.32736],[9.64438,46.32821],[9.64354,46.3289],[9.64304,46.32911],[9.64339,46.32962],[9.64254,46.33124],[9.64215,46.33287],[9.64209,46.33383],[9.64177,46.33431],[9.64098,46.33478],[9.64108,46.33495],[9.64091,46.33533],[9.64096,46.33587],[9.6413,46.3362],[9.6423,46.33635],[9.64285,46.33624],[9.64324,46.33649],[9.64323,46.33671]],[[9.65184,46.32733],[9.65194,46.32741],[9.65176,46.32743],[9.65184,46.32733]],[[9.65147,46.32749],[9.6516,46.32748],[9.65152,46.32752],[9.65147,46.32749]]]}},{"type":"Feature","properties":{"id":"lago-di-livigno-gr","c":"GR","p":"patent","q":"derived","k":"lake"},"geometry":{"type":"Polygon","coordinates":[[[10.19341,46.62328],[10.19491,46.62357],[10.19605,46.62429],[10.19628,46.62415],[10.19622,46.62407],[10.19669,46.62388],[10.1998,46.62388],[10.20204,46.62353],[10.20476,46.62276],[10.20735,46.62161],[10.20851,46.62132],[10.21091,46.62016],[10.21166,46.61964],[10.21248,46.61962],[10.21271,46.61924],[10.2135,46.61893],[10.21429,46.61841],[10.21477,46.61832],[10.21495,46.61834],[10.21506,46.61858],[10.2156,46.61894],[10.21638,46.61912],[10.21674,46.6195],[10.21847,46.62018],[10.2188,46.62046],[10.21879,46.62037],[10.21532,46.61694],[10.20637,46.62077],[10.1934,46.62314],[10.19341,46.62328]]]}},{"type":"Feature","properties":{"id":"lai-da-ravis-ch-suot-gr","c":"GR","p":"patent","q":"derived","k":"lake"},"geometry":{"type":"Polygon","coordinates":[[[9.86417,46.68024],[9.86477,46.68023],[9.8644,46.6807],[9.86461,46.68094],[9.86498,46.68109],[9.86665,46.68135],[9.86773,46.68137],[9.86984,46.68103],[9.87155,46.6803],[9.8716,46.68012],[9.87155,46.67981],[9.87113,46.67957],[9.86915,46.67909],[9.86773,46.67945],[9.86657,46.67991],[9.86576,46.68001],[9.86458,46.67997],[9.86417,46.68024]]]}},{"type":"Feature","properties":{"id":"stausee-isel-gr","c":"GR","p":"patent","q":"derived","k":"lake"},"geometry":{"type":"Polygon","coordinates":[[[9.69487,46.78223],[9.69507,46.78205],[9.69519,46.78078],[9.69514,46.77998],[9.69486,46.77968],[9.69483,46.77932],[9.69507,46.7788],[9.69474,46.77833],[9.6942,46.7783],[9.69383,46.77855],[9.69313,46.77874],[9.69247,46.77872],[9.69152,46.77841],[9.6902,46.77845],[9.6903,46.77871],[9.69009,46.77883],[9.69035,46.77895],[9.69094,46.77972],[9.69136,46.78002],[9.69383,46.78104],[9.69446,46.78149],[9.69461,46.78207],[9.69487,46.78223]]]}},{"type":"Feature","properties":{"id":"lai-da-rims-gr","c":"GR","p":"patent","q":"derived","k":"lake"},"geometry":{"type":"Polygon","coordinates":[[[10.38886,46.56762],[10.38926,46.5674],[10.38885,46.56739],[10.38892,46.56733],[10.38997,46.5672],[10.3897,46.56681],[10.39058,46.56599],[10.39118,46.56503],[10.39098,46.56448],[10.39042,46.5642],[10.39022,46.56366],[10.39002,46.56353],[10.38922,46.5637],[10.38818,46.56369],[10.38745,46.56339],[10.38699,46.56333],[10.38627,46.56357],[10.38548,46.5636],[10.38545,46.56381],[10.38586,46.56397],[10.38604,46.56424],[10.38599,46.56472],[10.38561,46.56536],[10.38565,46.56601],[10.38666,46.56655],[10.3869,46.56682],[10.38688,46.567],[10.38655,46.56726],[10.38662,46.56759],[10.38742,46.56761],[10.38687,46.56743],[10.38682,46.56727],[10.38814,46.56701],[10.38886,46.56762]]]}},{"type":"Feature","properties":{"id":"igl-lai-gr","c":"GR","p":"patent","q":"derived","k":"lake"},"geometry":{"type":"Polygon","coordinates":[[[9.55034,46.74208],[9.55117,46.74203],[9.55127,46.74245],[9.55171,46.74253],[9.55214,46.74245],[9.55297,46.74271],[9.55283,46.74287],[9.55258,46.74288],[9.55262,46.74307],[9.55353,46.74335],[9.55376,46.74326],[9.55408,46.74332],[9.55371,46.74289],[9.5539,46.74291],[9.55385,46.74278],[9.55361,46.74269],[9.55368,46.74257],[9.55475,46.74273],[9.55478,46.74251],[9.55512,46.74249],[9.55505,46.74212],[9.55522,46.74171],[9.55508,46.74116],[9.55575,46.74004],[9.55575,46.73973],[9.55546,46.73949],[9.55486,46.7394],[9.55435,46.7395],[9.55455,46.73972],[9.55435,46.73988],[9.55402,46.73999],[9.55372,46.73991],[9.55364,46.73967],[9.5528,46.7392],[9.55263,46.73881],[9.55273,46.7384],[9.55083,46.7384],[9.55076,46.73851],[9.55048,46.73841],[9.55011,46.73813],[9.54992,46.73757],[9.54967,46.73758],[9.54968,46.73702],[9.54932,46.73697],[9.54866,46.73664],[9.5477,46.73654],[9.54771,46.73705],[9.54735,46.73775],[9.54733,46.73845],[9.54665,46.73871],[9.54674,46.73879],[9.5474,46.73859],[9.54779,46.73864],[9.54794,46.73934],[9.54777,46.73957],[9.54709,46.73967],[9.54709,46.7401],[9.54648,46.74019],[9.54717,46.74068],[9.54774,46.7419],[9.54791,46.74177],[9.54835,46.7418],[9.54914,46.74207],[9.54958,46.74193],[9.54949,46.74181],[9.54965,46.74177],[9.54969,46.74152],[9.55034,46.74208]],[[9.55177,46.742],[9.55268,46.74226],[9.55286,46.74252],[9.55245,46.7424],[9.55136,46.7424],[9.55127,46.74218],[9.55177,46.742]],[[9.55403,46.74177],[9.55422,46.74197],[9.55499,46.74199],[9.55493,46.74222],[9.55421,46.74231],[9.55385,46.74188],[9.55403,46.74177]],[[9.55308,46.74166],[9.55369,46.74207],[9.55386,46.74234],[9.55362,46.74233],[9.55323,46.74208],[9.55308,46.74166]],[[9.55399,46.74145],[9.55433,46.74168],[9.5547,46.7419],[9.55437,46.74186],[9.55399,46.74145]],[[9.55313,46.74254],[9.55366,46.74257],[9.55357,46.74269],[9.55316,46.74274],[9.55313,46.74254]],[[9.54844,46.73747],[9.54839,46.73759],[9.548,46.73751],[9.54809,46.73746],[9.54844,46.73747]],[[9.5492,46.73721],[9.54946,46.73729],[9.54908,46.73727],[9.5492,46.73721]],[[9.55446,46.74059],[9.55444,46.74067],[9.55425,46.74073],[9.55423,46.74061],[9.55446,46.74059]],[[9.55347,46.74117],[9.55342,46.74129],[9.55326,46.74124],[9.55329,46.74113],[9.55347,46.74117]],[[9.5542,46.74136],[9.55441,46.74142],[9.55424,46.74145],[9.5542,46.74136]],[[9.55344,46.74164],[9.55373,46.74171],[9.55343,46.74169],[9.55344,46.74164]],[[9.55489,46.74177],[9.55493,46.74186],[9.55482,46.74182],[9.55489,46.74177]]]}},{"type":"Feature","properties":{"id":"davosersee-gr","c":"GR","p":"patent","q":"derived","k":"lake"},"geometry":{"type":"Polygon","coordinates":[[[9.85979,46.82148],[9.85771,46.81996],[9.8568,46.81884],[9.85617,46.81851],[9.8558,46.81782],[9.85542,46.81763],[9.85488,46.81765],[9.85423,46.81693],[9.85366,46.81686],[9.8526,46.81636],[9.85235,46.81605],[9.85241,46.81567],[9.8522,46.8155],[9.85138,46.81519],[9.84925,46.81565],[9.84754,46.81508],[9.84724,46.81472],[9.84672,46.81455],[9.84568,46.81568],[9.84556,46.8162],[9.84838,46.818],[9.84904,46.8187],[9.85036,46.81925],[9.85103,46.81968],[9.8507,46.82009],[9.85027,46.82018],[9.85013,46.82032],[9.85011,46.82115],[9.85063,46.82153],[9.85063,46.82183],[9.85166,46.82294],[9.8521,46.8229],[9.85328,46.82317],[9.85393,46.82342],[9.85487,46.82404],[9.85498,46.82428],[9.85531,46.82445],[9.85528,46.825],[9.85597,46.82485],[9.85621,46.82461],[9.857,46.825],[9.85742,46.82485],[9.85791,46.82485],[9.85912,46.8241],[9.85945,46.82341],[9.85943,46.82293],[9.85975,46.82262],[9.85964,46.82218],[9.85986,46.82178],[9.85979,46.82148]]]}},{"type":"Feature","properties":{"id":"ova-spin-gr","c":"GR","p":"patent","q":"derived","k":"lake"},"geometry":{"type":"Polygon","coordinates":[[[10.1447,46.67854],[10.14535,46.67826],[10.14755,46.67763],[10.14816,46.67722],[10.14935,46.6771],[10.14983,46.67675],[10.15005,46.67673],[10.15028,46.67645],[10.15086,46.67622],[10.1513,46.67523],[10.15184,46.67496],[10.15235,46.67499],[10.15261,46.6746],[10.15372,46.67372],[10.15379,46.67338],[10.1544,46.67287],[10.15535,46.67244],[10.15698,46.67252],[10.15777,46.67221],[10.15897,46.67067],[10.15943,46.67072],[10.16086,46.67136],[10.16128,46.67142],[10.16083,46.67103],[10.16074,46.67067],[10.15947,46.66995],[10.15978,46.66976],[10.15966,46.66952],[10.1604,46.66907],[10.16148,46.66771],[10.16153,46.66569],[10.1618,46.66501],[10.1619,46.66399],[10.16238,46.66387],[10.1633,46.66407],[10.16393,46.66401],[10.16481,46.66298],[10.16535,46.66288],[10.16588,46.66253],[10.16635,46.66139],[10.16578,46.66],[10.16638,46.6598],[10.16682,46.65946],[10.16766,46.65932],[10.16853,46.65869],[10.16809,46.65877],[10.16748,46.65924],[10.16681,46.65931],[10.16617,46.65971],[10.16579,46.65977],[10.16542,46.65877],[10.16544,46.65776],[10.16513,46.65704],[10.16534,46.65671],[10.16667,46.65662],[10.16714,46.6563],[10.16747,46.65501],[10.16746,46.65418],[10.16805,46.65348],[10.1685,46.65221],[10.16831,46.65227],[10.16804,46.65268],[10.16784,46.65336],[10.16744,46.65353],[10.167,46.65407],[10.16694,46.65471],[10.16709,46.65503],[10.16677,46.65633],[10.16639,46.65652],[10.16533,46.65646],[10.16491,46.65659],[10.16477,46.65729],[10.16516,46.65834],[10.16508,46.65879],[10.16538,46.65968],[10.16534,46.6598],[10.16498,46.65986],[10.16538,46.66001],[10.16551,46.66056],[10.16581,46.66076],[10.1661,46.66141],[10.16538,46.66193],[10.16514,46.66241],[10.16429,46.66287],[10.16378,46.66357],[10.16338,46.66365],[10.16247,46.66349],[10.16202,46.66329],[10.1609,46.66341],[10.16065,46.66425],[10.16043,46.66439],[10.16055,46.66502],[10.16019,46.66562],[10.1598,46.66586],[10.15996,46.6664],[10.15921,46.66696],[10.1589,46.66771],[10.15804,46.6683],[10.15759,46.66926],[10.15748,46.67008],[10.15677,46.67079],[10.15579,46.67111],[10.15558,46.67089],[10.15515,46.67142],[10.15436,46.67143],[10.15411,46.6717],[10.15369,46.67173],[10.15275,46.67258],[10.15263,46.67293],[10.15173,46.67352],[10.15147,46.67418],[10.15107,46.67437],[10.15065,46.67427],[10.15002,46.67455],[10.14969,46.67509],[10.14976,46.6754],[10.14929,46.67556],[10.14917,46.67593],[10.14893,46.67593],[10.14772,46.67641],[10.1469,46.677],[10.14617,46.67731],[10.14469,46.67773],[10.14443,46.67768],[10.1442,46.67799],[10.14455,46.67822],[10.1447,46.67854]]]}},{"type":"Feature","properties":{"id":"ava-da-faller-gr","c":"GR","p":"patent","q":"derived","k":"river"},"geometry":{"type":"LineString","coordinates":[[9.58806,46.50842],[9.58873,46.5088],[9.59,46.50887],[9.59029,46.50962],[9.5912,46.51036],[9.59372,46.51171],[9.59514,46.51221],[9.59622,46.51313],[9.59818,46.51369],[9.59902,46.51444],[9.60086,46.51471],[9.60235,46.5152],[9.60626,46.51841],[9.60647,46.51912],[9.60753,46.52012],[9.60786,46.52073],[9.60868,46.52088],[9.60983,46.52069],[9.61067,46.52085],[9.6115,46.5207],[9.6126,46.52123],[9.61313,46.52202],[9.61398,46.52221],[9.61451,46.52268],[9.61612,46.52283],[9.61703,46.52397],[9.61938,46.52374],[9.62077,46.52405],[9.62161,46.52379],[9.62221,46.52396],[9.62252,46.52437]]}},{"type":"Feature","properties":{"id":"val-bercla-gr","c":"GR","p":"patent","q":"derived","k":"river"},"geometry":{"type":"LineString","coordinates":[[9.58544,46.47152],[9.58648,46.47282],[9.58689,46.47571],[9.58514,46.47718],[9.58506,46.47835],[9.58542,46.47906],[9.58526,46.47974],[9.58286,46.48166],[9.5828,46.48273],[9.5834,46.48383],[9.58404,46.48438],[9.58403,46.48468],[9.58515,46.48513],[9.58671,46.48615],[9.58727,46.48736],[9.58742,46.48815],[9.58725,46.4886],[9.58779,46.48904],[9.58858,46.49042],[9.58908,46.49077],[9.58918,46.49191],[9.58877,46.49278],[9.58938,46.49417],[9.58905,46.49456],[9.58909,46.49523],[9.58808,46.4967],[9.58684,46.49772],[9.58592,46.49913],[9.58397,46.50043],[9.58379,46.50091],[9.58332,46.50119],[9.58294,46.5018],[9.58367,46.50211],[9.58577,46.504],[9.58581,46.50451],[9.58643,46.50496],[9.58765,46.50683],[9.58748,46.50737],[9.58772,46.50759],[9.58776,46.50821],[9.58806,46.50842]]}},{"type":"Feature","properties":{"id":"ava-da-faller-gr-2","c":"GR","p":"patent","q":"derived","k":"river"},"geometry":{"type":"LineString","coordinates":[[9.53426,46.49723],[9.53774,46.49669],[9.53914,46.49741],[9.54088,46.49777],[9.54196,46.49718],[9.54333,46.49713],[9.54372,46.49749],[9.54433,46.49765],[9.54442,46.49805],[9.54492,46.49828],[9.54574,46.4984],[9.54663,46.49881],[9.54902,46.4991],[9.54987,46.49949],[9.55049,46.49943],[9.55153,46.49972],[9.55272,46.50038],[9.55584,46.50094],[9.55622,46.50122],[9.55667,46.50118],[9.55751,46.50153],[9.55785,46.5015],[9.56013,46.50269],[9.56228,46.50266],[9.56365,46.50317],[9.56472,46.50398],[9.56607,46.50418],[9.56732,46.50459],[9.5719,46.50475],[9.57414,46.50406],[9.57682,46.50413],[9.57769,46.5039],[9.57967,46.50457],[9.58266,46.50664],[9.58632,46.5083],[9.58806,46.50842]]}},{"type":"Feature","properties":{"id":"madrischer-rhein-gr","c":"GR","p":"patent","q":"derived","k":"river"},"geometry":{"type":"MultiLineString","coordinates":[[[9.47558,46.37328],[9.47649,46.37374],[9.47721,46.37449],[9.47837,46.37638],[9.48087,46.3791],[9.48175,46.3807],[9.48266,46.38139],[9.48306,46.38218],[9.48427,46.38282],[9.48403,46.38322],[9.48431,46.38375],[9.48621,46.38515],[9.48689,46.38603],[9.48754,46.3863],[9.48786,46.3867],[9.4922,46.38938],[9.49345,46.3898],[9.49556,46.39127],[9.49634,46.39135],[9.49735,46.39235],[9.49885,46.39328],[9.49944,46.39344],[9.5001,46.39416],[9.50188,46.39518],[9.50223,46.39762],[9.50328,46.39885],[9.5031,46.39953],[9.50223,46.40072],[9.50218,46.40117],[9.50334,46.40418],[9.50371,46.40589],[9.50316,46.40846],[9.50111,46.41002],[9.50085,46.41175],[9.50032,46.41262],[9.50066,46.41389],[9.50057,46.41456]],[[9.47596,46.37296],[9.47597,46.37304]],[[9.49717,46.41756],[9.49669,46.41811],[9.49602,46.42129],[9.49447,46.42301],[9.49313,46.42389],[9.49092,46.42436],[9.48885,46.42581],[9.48675,46.42621],[9.48631,46.42649],[9.48546,46.42823],[9.48432,46.42901],[9.48382,46.42991],[9.48311,46.43044],[9.48254,46.43124],[9.48138,46.43363],[9.48164,46.43533],[9.48035,46.43615],[9.48008,46.43672],[9.48022,46.43758],[9.4797,46.43817],[9.47993,46.43919],[9.47931,46.44034],[9.47976,46.44173],[9.48027,46.44214],[9.48063,46.44396],[9.47959,46.44403],[9.47954,46.44421],[9.48009,46.44523],[9.48024,46.44635],[9.4806,46.44666],[9.48088,46.44827],[9.48078,46.44872],[9.47949,46.45032],[9.48084,46.45146],[9.48165,46.45275],[9.48118,46.45449],[9.48145,46.45667],[9.48202,46.45809],[9.48295,46.45894],[9.48262,46.45965],[9.48098,46.46108],[9.48127,46.46187],[9.48264,46.46292],[9.4811,46.46486],[9.4813,46.46515],[9.48236,46.46551],[9.48274,46.46587],[9.48251,46.46732],[9.48303,46.468],[9.48304,46.46886],[9.48362,46.46971],[9.48427,46.46996],[9.48471,46.47038],[9.48548,46.47275],[9.48623,46.47407],[9.48589,46.47575],[9.48608,46.47666],[9.48511,46.47714]]]}},{"type":"Feature","properties":{"id":"madrischer-rhein-gr-2","c":"GR","p":"patent","q":"derived","k":"river"},"geometry":{"type":"LineString","coordinates":[[9.53016,46.37949],[9.52858,46.38173],[9.52718,46.38254],[9.52396,46.38537],[9.52237,46.38642],[9.52117,46.38669],[9.51989,46.38593],[9.5189,46.38605],[9.51744,46.3871],[9.5161,46.38774],[9.51415,46.38938],[9.51273,46.38976],[9.51027,46.39121],[9.50658,46.39253],[9.50617,46.39291],[9.50495,46.39338],[9.5025,46.39573],[9.50195,46.39599]]}},{"type":"Feature","properties":{"id":"uina-gr","c":"GR","p":"patent","q":"derived","k":"river"},"geometry":{"type":"LineString","coordinates":[[10.38598,46.74104],[10.38704,46.74128],[10.38827,46.74238],[10.38991,46.74295],[10.38976,46.74337],[10.38995,46.74363],[10.39111,46.74432],[10.39204,46.74516],[10.39296,46.74533],[10.39358,46.74569],[10.39479,46.74726],[10.39648,46.74732],[10.39767,46.74708],[10.39872,46.74713],[10.39926,46.74677],[10.39989,46.74677],[10.40009,46.74645],[10.40114,46.74594],[10.40162,46.74616],[10.40168,46.74644],[10.40248,46.74653],[10.40264,46.74697],[10.40309,46.74711],[10.40312,46.74762],[10.4035,46.74813],[10.40404,46.74823],[10.40427,46.74848],[10.40439,46.74981],[10.40523,46.75038],[10.40575,46.75105],[10.40754,46.75215],[10.40846,46.75383],[10.40951,46.75418],[10.41214,46.75439],[10.41268,46.75544]]}},{"type":"Feature","properties":{"id":"flanell-bach-gr","c":"GR","p":"patent","q":"derived","k":"river"},"geometry":{"type":"MultiLineString","coordinates":[[[9.13183,46.54122],[9.13205,46.54086]],[[9.13311,46.54059],[9.13502,46.54064],[9.13893,46.54121],[9.14144,46.54058],[9.14477,46.54143],[9.14887,46.54208],[9.15022,46.54322],[9.15006,46.54378],[9.15037,46.54425],[9.15116,46.54447],[9.15213,46.5444],[9.15291,46.54532],[9.15528,46.54595],[9.15707,46.54694],[9.1586,46.54814],[9.16032,46.54995],[9.16077,46.55096],[9.16054,46.55197],[9.16192,46.55391]]]}},{"type":"Feature","properties":{"id":"rhein-gr","c":"GR","p":"patent","q":"derived","k":"river"},"geometry":{"type":"MultiLineString","coordinates":[[[8.65828,46.64002],[8.65931,46.63935],[8.66011,46.63762],[8.66044,46.6375],[8.66116,46.63664],[8.66244,46.63593],[8.66328,46.6359]],[[8.66381,46.63556],[8.66466,46.63547],[8.66479,46.63527],[8.66608,46.63492],[8.66762,46.63421],[8.66864,46.63372],[8.66914,46.63311],[8.66984,46.63271],[8.67029,46.63265],[8.67066,46.63289],[8.67092,46.63279]],[[8.6747,46.63249],[8.67569,46.6324],[8.6799,46.63319],[8.68169,46.63328],[8.68329,46.63407],[8.68447,46.63388],[8.68503,46.63412],[8.68598,46.63417],[8.68594,46.63501],[8.68673,46.63586],[8.68652,46.63617],[8.68679,46.63644],[8.68665,46.63707],[8.68736,46.63831],[8.68738,46.63926],[8.68768,46.63964],[8.68741,46.64081],[8.68757,46.64147],[8.6877,46.64187],[8.68823,46.64215],[8.68823,46.64343],[8.68885,46.64407],[8.68886,46.64477],[8.68919,46.64503],[8.69213,46.64565],[8.6924,46.64683],[8.69213,46.64736],[8.6924,46.64763],[8.69227,46.64822],[8.69298,46.64818],[8.69567,46.6491],[8.69608,46.64972],[8.69669,46.64991],[8.69708,46.65036],[8.69852,46.65062],[8.70095,46.65206],[8.70187,46.65233],[8.70268,46.65289],[8.70264,46.65318],[8.70295,46.65348],[8.70396,46.65386],[8.70472,46.65379],[8.70564,46.65401],[8.70934,46.65367],[8.7112,46.65311],[8.71201,46.65267],[8.7126,46.65281],[8.71762,46.65505],[8.71841,46.65564],[8.71955,46.65712],[8.71988,46.65734],[8.72185,46.65784],[8.72284,46.65944],[8.72576,46.66051],[8.72627,46.66135],[8.72684,46.66165],[8.72731,46.66182],[8.73047,46.66167],[8.73192,46.66215],[8.73513,46.66276],[8.73562,46.6631],[8.73772,46.66351],[8.73843,46.66381],[8.73957,46.6638],[8.73999,46.66412],[8.74405,46.66548],[8.7449,46.66603],[8.74503,46.6665],[8.74639,46.66706],[8.74653,46.66765],[8.74755,46.66827],[8.74738,46.66848],[8.74754,46.6688],[8.74725,46.66911],[8.74737,46.6695],[8.74813,46.66997],[8.74896,46.67024],[8.75052,46.66999],[8.75118,46.67011],[8.75206,46.67095],[8.75235,46.6718],[8.75328,46.67205],[8.75396,46.67246],[8.75597,46.67284],[8.75669,46.67246],[8.75832,46.67283],[8.75926,46.67323],[8.76038,46.67409],[8.76213,46.67448]],[[8.76509,46.67436],[8.76915,46.67496],[8.77141,46.67494],[8.77714,46.67552],[8.77842,46.67552],[8.77999,46.67601],[8.78179,46.67614],[8.78248,46.67669],[8.78317,46.67687],[8.7834,46.67749],[8.78377,46.67775],[8.7859,46.67808],[8.78647,46.67751],[8.78792,46.67728],[8.78996,46.67859],[8.79102,46.67854],[8.79194,46.67822],[8.7927,46.67826],[8.79466,46.67757],[8.79518,46.67763],[8.79725,46.67856],[8.79878,46.67852],[8.80132,46.67803],[8.80304,46.67821],[8.80422,46.67809],[8.80557,46.67869],[8.80803,46.67847],[8.80983,46.67872],[8.81147,46.67856],[8.81375,46.67953],[8.81466,46.67935],[8.81705,46.67985],[8.81749,46.67973],[8.81797,46.67929],[8.82039,46.67897],[8.82079,46.67848],[8.82155,46.67835],[8.82341,46.67859],[8.82424,46.67916],[8.82579,46.67967],[8.82745,46.67944],[8.82871,46.67997],[8.83132,46.67967],[8.83245,46.68065],[8.83464,46.68179],[8.83467,46.68248],[8.83561,46.68291],[8.83697,46.68428],[8.83764,46.6856],[8.84171,46.68871],[8.84175,46.68925],[8.84098,46.68984],[8.84108,46.69011],[8.84172,46.69035],[8.84209,46.69101],[8.84143,46.69217],[8.84155,46.69261],[8.84238,46.69243],[8.84337,46.69286],[8.84395,46.69359],[8.84494,46.69402],[8.84689,46.69409],[8.84784,46.69323],[8.84837,46.69299],[8.84927,46.69356],[8.85157,46.69393],[8.85275,46.69385],[8.85326,46.69463],[8.85419,46.69508],[8.85437,46.69557],[8.8551,46.69606],[8.85525,46.69706],[8.85581,46.69761],[8.85738,46.69811],[8.86121,46.69864],[8.86228,46.69909],[8.86295,46.70013],[8.86307,46.70138],[8.8634,46.70208],[8.86533,46.70392],[8.86842,46.70467],[8.86882,46.70505],[8.86949,46.70652],[8.87237,46.70734],[8.87402,46.70876],[8.87626,46.70875],[8.8769,46.70895],[8.87842,46.70988],[8.8791,46.71082],[8.88008,46.71139],[8.8818,46.71302],[8.88619,46.7134],[8.8904,46.71491],[8.89331,46.71633],[8.89592,46.71693],[8.89746,46.71795],[8.8982,46.7195],[8.89927,46.72007],[8.90285,46.72056],[8.90426,46.72092],[8.90652,46.72079],[8.90713,46.7209],[8.90748,46.72143],[8.90845,46.72176],[8.91299,46.72214],[8.91479,46.72205],[8.91797,46.72142],[8.92189,46.7211],[8.92392,46.72029],[8.92504,46.72003],[8.92572,46.72008],[8.92723,46.72059],[8.92902,46.72194],[8.93043,46.72194],[8.93297,46.72247],[8.93617,46.72343],[8.94311,46.72361],[8.94703,46.72425],[8.95136,46.72526],[8.95354,46.72605],[8.956,46.72747],[8.95783,46.72765],[8.95918,46.72829],[8.95947,46.7288],[8.96032,46.7292],[8.96284,46.72873],[8.96329,46.72849],[8.96511,46.72841],[8.96663,46.72905],[8.96733,46.73079],[8.9691,46.73292],[8.9726,46.73493],[8.97648,46.73627],[8.9824,46.73672],[8.98692,46.73829],[8.99215,46.73882],[8.99802,46.74057],[9.00073,46.74247],[9.00116,46.74313],[9.00128,46.744],[9.00152,46.7443],[9.00241,46.74472],[9.00483,46.74461],[9.00887,46.74527],[9.01291,46.74489],[9.01409,46.74494],[9.01938,46.74565],[9.02668,46.74624],[9.02829,46.74623],[9.031,46.74659],[9.03326,46.74724],[9.03492,46.74844],[9.03807,46.74965],[9.04325,46.75038],[9.0464,46.75166],[9.04764,46.75196],[9.05313,46.75253],[9.0553,46.75306],[9.05881,46.75348],[9.06072,46.75487],[9.0616,46.75625],[9.06244,46.75681],[9.06505,46.7568],[9.06929,46.75535],[9.07101,46.75507],[9.0731,46.75545],[9.07642,46.75647],[9.07834,46.75685],[9.08196,46.75734],[9.0852,46.75729],[9.08671,46.75747],[9.08841,46.7581],[9.09011,46.759],[9.09557,46.76051],[9.09842,46.76216],[9.10094,46.764],[9.10312,46.76503],[9.10805,46.76584],[9.11139,46.76777],[9.1176,46.7707],[9.12689,46.77343],[9.13157,46.77451],[9.13237,46.77456],[9.13378,46.77433],[9.13745,46.77331],[9.13953,46.77319],[9.14401,46.774],[9.1476,46.77416],[9.15394,46.77581],[9.15579,46.77613],[9.15708,46.77621],[9.15885,46.77552],[9.15973,46.77542],[9.16232,46.77568],[9.16682,46.77554],[9.17047,46.77452],[9.17497,46.77266],[9.17585,46.772],[9.17864,46.77103],[9.18442,46.77029],[9.18693,46.77078],[9.19652,46.77399],[9.20471,46.77557],[9.20844,46.77659],[9.21232,46.77692],[9.21478,46.77747],[9.21685,46.77771],[9.22286,46.7777],[9.22868,46.77908],[9.23208,46.7804],[9.23339,46.78057],[9.23527,46.78134],[9.2376,46.78341],[9.23839,46.78462],[9.2398,46.78495],[9.24069,46.78562],[9.24166,46.7859],[9.24207,46.78589],[9.2427,46.78552],[9.24392,46.7855],[9.24518,46.78515],[9.24824,46.78335],[9.25122,46.78327],[9.25353,46.78287],[9.25643,46.78287],[9.25852,46.78316],[9.25944,46.78356],[9.25988,46.78405],[9.26026,46.78506],[9.26188,46.78624],[9.26364,46.78802],[9.26483,46.78854],[9.26699,46.78881],[9.26884,46.79],[9.27191,46.79089],[9.27526,46.79214],[9.27788,46.79359],[9.27991,46.79589],[9.282,46.79692],[9.28312,46.79701],[9.28383,46.79685],[9.28665,46.79578],[9.28858,46.79668],[9.29253,46.79584],[9.2966,46.79418],[9.29757,46.79419],[9.29856,46.79454],[9.30056,46.79677],[9.30098,46.79842],[9.30129,46.79876],[9.30107,46.79975],[9.29967,46.80241],[9.29975,46.80359],[9.30053,46.80512],[9.30244,46.80669],[9.30328,46.80711],[9.3061,46.80665],[9.30686,46.80687],[9.30857,46.80794],[9.31045,46.80879],[9.31203,46.80877],[9.31359,46.8085],[9.31552,46.80774],[9.3157,46.80728],[9.31517,46.80643],[9.31564,46.80599],[9.3166,46.80583],[9.31764,46.80589],[9.32079,46.80648],[9.32081,46.80687],[9.31948,46.80872],[9.32023,46.80914],[9.32185,46.80912],[9.323,46.80832],[9.32539,46.80444],[9.32607,46.80406],[9.32707,46.80381],[9.32861,46.80401],[9.32949,46.80428],[9.33054,46.80537],[9.33232,46.80674],[9.3329,46.80688],[9.33485,46.80682],[9.33631,46.80697],[9.33875,46.8067],[9.34027,46.80692],[9.34204,46.80768],[9.34277,46.80938],[9.34448,46.81096],[9.34843,46.81352],[9.35135,46.81592],[9.35307,46.81673],[9.3543,46.81698],[9.35535,46.81696],[9.35625,46.81668],[9.35805,46.81568],[9.35874,46.81553],[9.35937,46.81556],[9.36216,46.81638],[9.36245,46.81697],[9.36218,46.81743],[9.36278,46.81822],[9.36449,46.81948],[9.36668,46.82037],[9.36907,46.82233],[9.36989,46.82277],[9.37317,46.82313],[9.37461,46.82398],[9.37526,46.82399],[9.37612,46.82357],[9.37597,46.82275],[9.3762,46.82235],[9.37705,46.82173],[9.37822,46.82131],[9.379,46.82245],[9.38043,46.82283],[9.38448,46.82258],[9.38641,46.82302],[9.3916,46.82266],[9.39308,46.82288],[9.39461,46.82345],[9.39789,46.82399],[9.40069,46.82478],[9.40362,46.82532],[9.40492,46.82539],[9.4058,46.82539],[9.40703,46.82502],[9.40738,46.82466],[9.40768,46.82339],[9.40844,46.82339],[9.40984,46.82373],[9.41338,46.82524],[9.41459,46.82673],[9.41565,46.82919],[9.41651,46.83003],[9.41713,46.83027],[9.41867,46.83025],[9.41961,46.83069],[9.42268,46.83147],[9.42604,46.83278],[9.4282,46.83317],[9.42966,46.83313],[9.4315,46.83337],[9.43361,46.83407],[9.43555,46.83576],[9.43597,46.83679],[9.43685,46.83781],[9.43841,46.83872],[9.43965,46.83912],[9.4462,46.83861],[9.44814,46.83821],[9.44994,46.83849],[9.45635,46.83809],[9.45796,46.83819],[9.46031,46.83869],[9.4715,46.84261],[9.47319,46.84296],[9.48083,46.84392],[9.48505,46.84498],[9.48652,46.84564],[9.48817,46.84686],[9.4985,46.85779],[9.50225,46.8605],[9.50978,46.86435],[9.52761,46.87166],[9.52855,46.87208],[9.52985,46.87306],[9.53137,46.87533],[9.53183,46.88038],[9.53221,46.88174],[9.53395,46.88487],[9.53608,46.88698],[9.53934,46.8921],[9.53935,46.8952],[9.53903,46.89719],[9.54087,46.90121],[9.54305,46.90485],[9.54626,46.90879],[9.55235,46.91267],[9.55432,46.91423],[9.55471,46.91483],[9.55839,46.92746],[9.55842,46.93137],[9.55776,46.93233],[9.54992,46.93694],[9.54716,46.9393],[9.54494,46.94268],[9.54506,46.94462],[9.54484,46.94708],[9.54444,46.94822],[9.54371,46.94872],[9.54308,46.94953],[9.54377,46.95261],[9.54666,46.9575],[9.54721,46.96065],[9.54793,46.96098],[9.54828,46.96188],[9.5499,46.96785],[9.54937,46.96829],[9.54988,46.96894],[9.5502,46.97093],[9.54931,46.97291],[9.54853,46.97391],[9.54557,46.97658]],[[9.48018,47.04574],[9.477,47.04962],[9.47593,47.05171]],[[9.48998,47.03538],[9.48704,47.03842]],[[9.5421,46.97958],[9.54114,46.98067],[9.52133,46.99791],[9.51836,47.00084],[9.51638,47.0033],[9.51133,47.00829],[9.51,47.0102],[9.50963,47.01201],[9.50791,47.01625]]]}},{"type":"Feature","properties":{"id":"feldruefi-gr","c":"GR","p":"patent","q":"derived","k":"river"},"geometry":{"type":"MultiLineString","coordinates":[[[9.50647,47.02159],[9.5055,47.02125],[9.50446,47.02166]],[[9.56771,47.03289],[9.56193,47.03239],[9.55911,47.03314],[9.55818,47.03287],[9.55746,47.03302],[9.55598,47.03283],[9.55434,47.03295],[9.55107,47.03357],[9.54993,47.03355],[9.54948,47.03343],[9.54882,47.03275],[9.54777,47.03212],[9.54488,47.03131],[9.54176,47.03095],[9.53882,47.03025],[9.53679,47.02963],[9.53509,47.02866],[9.53192,47.0279],[9.52978,47.02604],[9.52926,47.02476],[9.52884,47.02456],[9.52659,47.02485],[9.52487,47.02401],[9.52185,47.02326],[9.51997,47.0232],[9.5188,47.02352],[9.5121,47.02334],[9.50938,47.02271],[9.50731,47.02188]]]}},{"type":"Feature","properties":{"id":"muelbach-gr","c":"GR","p":"patent","q":"derived","k":"river"},"geometry":{"type":"LineString","coordinates":[[9.61031,46.97388],[9.60954,46.97389],[9.60675,46.9748],[9.59965,46.97479],[9.5993,46.97495],[9.59431,46.9738],[9.59006,46.97375],[9.5894,46.97384],[9.5876,46.97457],[9.58627,46.97553],[9.58542,46.97561],[9.58383,46.97695],[9.58172,46.97787],[9.58013,46.97805],[9.57801,46.97778],[9.57453,46.97782],[9.57244,46.9782],[9.56765,46.97697],[9.56493,46.97774],[9.56421,46.97872],[9.56283,46.97985],[9.5625,46.97989],[9.56152,46.97951],[9.56034,46.97988],[9.55838,46.9801],[9.55763,46.98058],[9.5572,46.98048],[9.55714,46.98068],[9.55686,46.98055],[9.55653,46.98113],[9.55617,46.98093],[9.55592,46.98105],[9.55614,46.98143],[9.55511,46.98144],[9.55475,46.98203],[9.55445,46.98198],[9.55441,46.98224],[9.55369,46.98284],[9.55265,46.98267],[9.55166,46.98325],[9.55167,46.98355],[9.54864,46.98473],[9.54691,46.98708],[9.54541,46.9881],[9.54299,46.9924],[9.5363,46.99841],[9.53355,47.0025],[9.53019,47.00509],[9.52919,47.0056],[9.527,47.00608],[9.51585,47.00993],[9.51041,47.01412],[9.5095,47.01546]]}},{"type":"Feature","properties":{"id":"selfiruefi-gr","c":"GR","p":"patent","q":"derived","k":"river"},"geometry":{"type":"LineString","coordinates":[[9.60315,47.02003],[9.6022,47.02078],[9.60243,47.02201],[9.60078,47.02221],[9.60015,47.02283],[9.59939,47.02288],[9.59725,47.02251],[9.59619,47.02206],[9.59443,47.02216],[9.59252,47.02141],[9.59106,47.02124],[9.59066,47.02136],[9.58993,47.02116],[9.58923,47.0214],[9.58806,47.0207],[9.58757,47.02084],[9.58489,47.02071],[9.58379,47.02021],[9.58353,47.01979],[9.58267,47.01948],[9.58168,47.01869],[9.57855,47.01724],[9.57792,47.0171],[9.57756,47.01661],[9.57679,47.01615],[9.57642,47.01548],[9.57692,47.01458],[9.57662,47.01421],[9.57686,47.01329],[9.57863,47.01001],[9.57838,47.00967],[9.57761,47.00928],[9.57731,47.0087],[9.57719,47.00837],[9.57757,47.00729],[9.57681,47.00603],[9.5738,47.00558],[9.57281,47.0052],[9.57255,47.00384],[9.57133,47.00272],[9.56891,47.0017],[9.56848,47.00112],[9.56719,47.00077],[9.56598,46.99994],[9.56423,46.99752],[9.56342,46.9968],[9.56283,46.99555],[9.56191,46.99466],[9.55407,46.99132],[9.55308,46.99044],[9.55173,46.98969],[9.55227,46.9888],[9.55218,46.9885],[9.5502,46.98828],[9.54628,46.98748]]}},{"type":"Feature","properties":{"id":"uell-gr","c":"GR","p":"patent","q":"derived","k":"river"},"geometry":{"type":"LineString","coordinates":[[9.59503,47.00704],[9.59403,47.00695],[9.59144,47.00598],[9.5899,47.00567],[9.59004,47.00491],[9.58763,47.00274],[9.58604,47.00071],[9.58523,47.00061],[9.5845,47.00019],[9.58455,46.99953],[9.58407,46.99921],[9.5844,46.99859],[9.58392,46.99813],[9.58366,46.9972],[9.5822,46.99605],[9.57945,46.99487],[9.57864,46.99515],[9.57738,46.99477],[9.57576,46.99371],[9.574,46.9922],[9.57272,46.99163],[9.57216,46.99152],[9.57165,46.99163],[9.5698,46.99254],[9.56787,46.99386],[9.5655,46.99468],[9.56287,46.99473],[9.56086,46.99412]]}},{"type":"Feature","properties":{"id":"schlundruefi-gr","c":"GR","p":"patent","q":"derived","k":"river"},"geometry":{"type":"LineString","coordinates":[[9.60297,46.93414],[9.60101,46.93409],[9.59856,46.93462],[9.59699,46.9347],[9.59504,46.93524],[9.59324,46.93532],[9.59139,46.93582],[9.58911,46.93562],[9.58681,46.93628],[9.58526,46.93628],[9.58412,46.93648],[9.58272,46.93727],[9.58135,46.93757],[9.58046,46.93822],[9.57582,46.93945],[9.57345,46.94039],[9.5693,46.94258],[9.56692,46.94452],[9.56589,46.94499],[9.56475,46.94525],[9.55772,46.94919],[9.5571,46.95184],[9.55549,46.95261],[9.55307,46.96108],[9.55215,46.96604],[9.55044,46.96809],[9.54969,46.96854]]}},{"type":"Feature","properties":{"id":"cosenz-gr","c":"GR","p":"patent","q":"derived","k":"river"},"geometry":{"type":"LineString","coordinates":[[9.49865,46.91952],[9.50005,46.9201],[9.50261,46.92073],[9.50357,46.92059],[9.50439,46.92014],[9.50595,46.92053],[9.50696,46.92043],[9.50757,46.92084],[9.50826,46.92184],[9.50945,46.92229],[9.51002,46.92271],[9.51206,46.92293],[9.51458,46.9235],[9.51675,46.92355],[9.51884,46.9248],[9.52204,46.92489],[9.52307,46.92522],[9.52409,46.92527],[9.52474,46.92474],[9.52609,46.92437],[9.52697,46.92464],[9.52719,46.92519],[9.52835,46.92514],[9.52925,46.92547],[9.53137,46.92574],[9.53111,46.92635],[9.53184,46.92674],[9.53302,46.92822],[9.53362,46.92853],[9.53435,46.92933],[9.5364,46.93034],[9.53812,46.9321],[9.53902,46.93438],[9.53832,46.93515],[9.53827,46.93571],[9.54057,46.93736],[9.54185,46.93861],[9.54186,46.94085],[9.54153,46.94175],[9.54074,46.94289],[9.54147,46.94374],[9.54218,46.94407],[9.5426,46.9447],[9.5423,46.94613]]}},{"type":"Feature","properties":{"id":"schranggabach-gr","c":"GR","p":"patent","q":"derived","k":"river"},"geometry":{"type":"LineString","coordinates":[[9.61777,46.87369],[9.61836,46.8741],[9.61856,46.87456],[9.6196,46.87515],[9.62031,46.87613],[9.62074,46.87728],[9.6215,46.87822],[9.62133,46.87888],[9.6219,46.87959],[9.62224,46.88057],[9.62513,46.88259],[9.62506,46.88336],[9.62531,46.884],[9.62513,46.88459],[9.6257,46.8882],[9.62676,46.88964],[9.62701,46.89052],[9.62779,46.8911],[9.62884,46.89249],[9.62883,46.89362],[9.62915,46.89426],[9.62846,46.89716],[9.62887,46.89769],[9.62904,46.89908],[9.6295,46.89966],[9.62957,46.90091],[9.62846,46.90212],[9.62837,46.90282],[9.62873,46.90424],[9.62841,46.90479],[9.62751,46.90508],[9.62625,46.90602],[9.62559,46.90629],[9.62501,46.90795],[9.62539,46.90908],[9.62543,46.91029],[9.62475,46.91066],[9.62429,46.9117],[9.62321,46.91247],[9.62074,46.91302],[9.61906,46.91405],[9.61839,46.91469],[9.6183,46.91577],[9.61894,46.91615],[9.61976,46.91742],[9.61911,46.91881],[9.61838,46.91974],[9.61841,46.92037],[9.61785,46.9209],[9.61645,46.92165],[9.61605,46.92231],[9.61515,46.92274],[9.61392,46.92515],[9.61347,46.92537],[9.61309,46.92609],[9.61247,46.9265],[9.61236,46.92789],[9.61265,46.92878],[9.61231,46.92933],[9.61246,46.9297],[9.61597,46.93058],[9.61701,46.93223],[9.61631,46.93291],[9.61747,46.93424],[9.61717,46.93472],[9.61747,46.93524],[9.61673,46.93565],[9.61654,46.93626],[9.61685,46.93699],[9.61683,46.93779],[9.61716,46.93818],[9.61734,46.93902],[9.61794,46.93938],[9.61796,46.93981],[9.61719,46.9407],[9.61512,46.94209],[9.61478,46.94264],[9.61395,46.94241],[9.61342,46.94264],[9.61366,46.94385],[9.6129,46.94575],[9.61211,46.94653],[9.612,46.94791],[9.61034,46.9489],[9.61034,46.94951],[9.60918,46.95052],[9.60955,46.95175],[9.60886,46.95217],[9.60947,46.95294],[9.61101,46.95389],[9.61132,46.95444],[9.61135,46.95526],[9.61175,46.95547],[9.61235,46.95652],[9.61353,46.95721],[9.61351,46.9581],[9.61386,46.9583],[9.61483,46.95838],[9.61495,46.95882],[9.61574,46.95964],[9.61606,46.96068],[9.61652,46.96072],[9.61716,46.96121],[9.61814,46.96155],[9.61811,46.96178],[9.61743,46.96187],[9.61717,46.96211],[9.61762,46.96282],[9.61751,46.96363],[9.61784,46.96436],[9.61837,46.96474],[9.61873,46.96535],[9.62017,46.96636],[9.62103,46.96762],[9.62107,46.96829],[9.62184,46.96875],[9.62213,46.9694],[9.62441,46.97083],[9.62458,46.97133],[9.62552,46.97228],[9.62675,46.97274],[9.62648,46.97341],[9.62744,46.97393],[9.62832,46.97399],[9.62877,46.97456]]}},{"type":"Feature","properties":{"id":"schwenditobelbach-gr","c":"GR","p":"patent","q":"derived","k":"river"},"geometry":{"type":"LineString","coordinates":[[9.64134,46.94522],[9.64016,46.94574],[9.63921,46.9459],[9.63263,46.94926],[9.63024,46.95171],[9.6265,46.95438],[9.62473,46.95708],[9.62474,46.95752],[9.62524,46.95797],[9.62479,46.95847],[9.62467,46.95908],[9.62413,46.95932],[9.62276,46.96069],[9.62147,46.96159],[9.62073,46.96177],[9.62037,46.96223],[9.62046,46.96303],[9.62101,46.96416],[9.62175,46.96495],[9.62133,46.96541],[9.62085,46.96558],[9.62024,46.96644]]}},{"type":"Feature","properties":{"id":"mattantobelbach-gr","c":"GR","p":"patent","q":"derived","k":"river"},"geometry":{"type":"LineString","coordinates":[[9.60318,47.00259],[9.60374,47.00127],[9.60443,47.00075],[9.6055,47.00031],[9.60594,46.99975],[9.60648,46.99695],[9.60689,46.99644],[9.60664,46.99562],[9.60675,46.9947],[9.60769,46.99359],[9.60835,46.99228],[9.60881,46.99216],[9.60975,46.99129],[9.61024,46.99018],[9.61135,46.98947],[9.61162,46.98891],[9.61266,46.98827],[9.61317,46.9877],[9.61323,46.98725],[9.61392,46.98678],[9.61423,46.98425],[9.61521,46.98286],[9.61539,46.98273],[9.61602,46.98289],[9.61732,46.98254],[9.61811,46.98291],[9.61981,46.98308],[9.62112,46.98348],[9.62306,46.98304],[9.62472,46.9831],[9.62595,46.9825],[9.62726,46.98241],[9.62765,46.98205],[9.62792,46.98088],[9.62906,46.97956],[9.62929,46.97882],[9.63076,46.97813],[9.63196,46.97726],[9.6317,46.97692],[9.63182,46.97653],[9.63152,46.97631],[9.63047,46.97646],[9.62574,46.97615],[9.62351,46.9762],[9.6222,46.97595]]}},{"type":"Feature","properties":{"id":"sagenbach-gr","c":"GR","p":"patent","q":"derived","k":"river"},"geometry":{"type":"LineString","coordinates":[[9.61658,47.00753],[9.61902,47.00706],[9.62212,47.00526],[9.62412,47.00508],[9.62499,47.0047],[9.6272,47.00233],[9.62753,47.0017],[9.62898,47.00048],[9.63122,46.99953],[9.63307,46.99846],[9.63377,46.99742],[9.63544,46.99703],[9.63608,46.99659],[9.63813,46.99609],[9.63856,46.9958],[9.641,46.99548],[9.64196,46.99514],[9.64264,46.99472],[9.64541,46.99167],[9.64706,46.99057]]}},{"type":"Feature","properties":{"id":"munttobelbach-gr","c":"GR","p":"patent","q":"derived","k":"river"},"geometry":{"type":"LineString","coordinates":[[9.68503,47.00767],[9.68252,47.00765],[9.67889,47.0072],[9.67425,47.00557],[9.6722,47.00508],[9.67163,47.0047],[9.67129,47.00394],[9.67012,47.00317],[9.66835,47.00301],[9.66628,47.00231],[9.66474,47.00241],[9.66372,47.00215],[9.6634,47.00171],[9.66136,47.00142],[9.66044,47.00095],[9.65945,47.00091],[9.65764,47.00007],[9.65603,47.00015],[9.65536,46.9998],[9.6537,46.99986],[9.65262,46.99882],[9.65108,46.99777]]}},{"type":"Feature","properties":{"id":"valser-bach-gr","c":"GR","p":"patent","q":"derived","k":"river"},"geometry":{"type":"LineString","coordinates":[[9.74237,47.03448],[9.74051,47.03469],[9.73903,47.03461],[9.73795,47.03413],[9.73528,47.03375],[9.73429,47.03329],[9.73292,47.03358],[9.72944,47.03376],[9.72869,47.03402],[9.72774,47.03381],[9.72556,47.03429],[9.72391,47.0336],[9.72351,47.03382],[9.72273,47.0335],[9.72054,47.03362],[9.71986,47.03384],[9.71778,47.03359],[9.71529,47.03356],[9.71397,47.03332],[9.71189,47.03351],[9.70864,47.03324],[9.707,47.03273],[9.70601,47.03279],[9.70559,47.0331],[9.70521,47.03289],[9.70458,47.03302],[9.70375,47.03251],[9.70295,47.03239],[9.70242,47.03211],[9.70166,47.03216],[9.70122,47.03191],[9.70001,47.03197],[9.69963,47.03227],[9.69717,47.0328],[9.69518,47.0326],[9.69318,47.03283],[9.69057,47.03273],[9.68689,47.03167],[9.68655,47.03134],[9.68648,47.03059],[9.68512,47.03024],[9.68436,47.02942],[9.68378,47.02922],[9.68331,47.02876],[9.68229,47.02824],[9.68166,47.02819],[9.68128,47.02751],[9.68027,47.02754],[9.67959,47.02684],[9.67746,47.02595],[9.67605,47.02604],[9.67535,47.02572],[9.67473,47.0257],[9.67406,47.02527],[9.67249,47.02495],[9.67221,47.02465],[9.67137,47.02448],[9.67022,47.02389],[9.66995,47.02342],[9.66794,47.02315],[9.66636,47.02235],[9.66488,47.02236],[9.66341,47.02193],[9.66174,47.02205],[9.66005,47.02149],[9.65953,47.02183],[9.65897,47.02189],[9.65816,47.02155],[9.65676,47.02141],[9.65619,47.02097],[9.65508,47.02083],[9.65396,47.01993],[9.65341,47.02026],[9.65291,47.02017]]}},{"type":"Feature","properties":{"id":"staegenbach-gr","c":"GR","p":"patent","q":"derived","k":"river"},"geometry":{"type":"LineString","coordinates":[[9.67823,47.05591],[9.67809,47.05543],[9.67703,47.05433],[9.67565,47.05136],[9.67413,47.04981],[9.67384,47.04906],[9.67383,47.04684],[9.67349,47.04554],[9.67223,47.0441],[9.6707,47.04329],[9.66905,47.04136],[9.669,47.04092],[9.66778,47.04038],[9.66655,47.03945],[9.66598,47.03829],[9.66521,47.03781],[9.66518,47.03741],[9.66437,47.03654],[9.66427,47.03585],[9.66471,47.0353],[9.66428,47.03515],[9.66324,47.03417],[9.6628,47.03271],[9.66337,47.03134],[9.66321,47.03026],[9.66371,47.02952],[9.66372,47.0291],[9.66295,47.02844],[9.66281,47.02783],[9.6619,47.02698],[9.66126,47.02571],[9.66119,47.02472],[9.6608,47.02442],[9.66072,47.02386],[9.66112,47.02227],[9.66071,47.02163]]}},{"type":"Feature","properties":{"id":"alpnovabach-gr","c":"GR","p":"patent","q":"derived","k":"river"},"geometry":{"type":"LineString","coordinates":[[9.60201,47.02517],[9.60319,47.02585],[9.60368,47.02645],[9.60441,47.02671],[9.60626,47.02617],[9.60734,47.0264],[9.60785,47.02621],[9.60818,47.02633],[9.6097,47.02617],[9.61065,47.02568],[9.61283,47.02581],[9.61371,47.0268],[9.61545,47.02633],[9.61627,47.02642],[9.61958,47.02812],[9.62048,47.02837],[9.62185,47.02836],[9.62229,47.0287],[9.62288,47.02872],[9.62327,47.02902],[9.62455,47.02893],[9.62528,47.02913],[9.6267,47.03017],[9.62683,47.03064],[9.62911,47.03214],[9.63207,47.03337],[9.6325,47.03389],[9.6346,47.03441],[9.6347,47.03514],[9.6353,47.03577]]}},{"type":"Feature","properties":{"id":"canibach-gr","c":"GR","p":"patent","q":"derived","k":"river"},"geometry":{"type":"MultiLineString","coordinates":[[[9.5753,47.04516],[9.57715,47.04493],[9.57775,47.04426],[9.57934,47.04363],[9.58351,47.04345],[9.58428,47.0436],[9.58606,47.04354],[9.58652,47.04389],[9.58747,47.04379]],[[9.58925,47.0431],[9.58976,47.04292],[9.59078,47.04292],[9.59112,47.04265],[9.59194,47.04265],[9.59255,47.04244],[9.59322,47.0426],[9.59406,47.04229],[9.59429,47.04188]],[[9.59581,47.04163],[9.59659,47.04173],[9.59806,47.04159],[9.60009,47.04096],[9.60072,47.0404],[9.60088,47.03908],[9.60128,47.03845],[9.60222,47.03798],[9.60301,47.037],[9.60335,47.03703],[9.60419,47.03673],[9.6059,47.0357],[9.60611,47.03534],[9.60705,47.03508],[9.60745,47.03442],[9.60799,47.0341],[9.6105,47.03428],[9.61093,47.03507],[9.61151,47.03514],[9.61323,47.0349],[9.61378,47.03499],[9.61427,47.03542],[9.61499,47.0353],[9.61669,47.03544],[9.61755,47.03518],[9.61848,47.03536],[9.62105,47.03535],[9.62187,47.0351],[9.62365,47.03505],[9.6244,47.03521],[9.6246,47.03557],[9.62508,47.03573],[9.62562,47.03628],[9.62604,47.03637],[9.62899,47.03618],[9.6295,47.03645],[9.63037,47.03641],[9.63139,47.03628],[9.63263,47.03574],[9.63415,47.03559],[9.63474,47.03586],[9.6353,47.03577]]]}},{"type":"Feature","properties":{"id":"tersierbach-gr","c":"GR","p":"patent","q":"derived","k":"river"},"geometry":{"type":"LineString","coordinates":[[9.68837,46.99772],[9.68802,46.9941],[9.68759,46.9933],[9.68748,46.99213],[9.68708,46.99124],[9.68611,46.98998],[9.68496,46.98944],[9.68469,46.98903],[9.68384,46.98874],[9.68322,46.98808],[9.68281,46.98622],[9.68214,46.98582],[9.68149,46.98479],[9.6804,46.98443],[9.67865,46.98421],[9.67793,46.98362],[9.67756,46.98283],[9.67692,46.98233],[9.67656,46.98168],[9.67646,46.98065],[9.67702,46.9797],[9.67597,46.9784],[9.67591,46.9771],[9.67553,46.97638],[9.67362,46.97422],[9.67316,46.97398],[9.67184,46.97405],[9.67015,46.97239]]}},{"type":"Feature","properties":{"id":"pendlatobel-gr","c":"GR","p":"patent","q":"derived","k":"river"},"geometry":{"type":"LineString","coordinates":[[9.65067,46.94952],[9.65143,46.94951],[9.65355,46.95001],[9.65485,46.95009],[9.65523,46.95047],[9.65648,46.95081],[9.65902,46.95038],[9.66011,46.95076],[9.66085,46.95166],[9.65945,46.95279],[9.65895,46.95377],[9.65775,46.95501],[9.65749,46.95554],[9.65651,46.9561],[9.65615,46.9567],[9.65441,46.95794],[9.65295,46.95959],[9.65146,46.96089],[9.64676,46.96405],[9.64591,46.96503],[9.64515,46.96536],[9.64431,46.96612],[9.64412,46.96714],[9.64346,46.96854],[9.64351,46.96882],[9.64437,46.9696],[9.64444,46.9702],[9.64363,46.97203],[9.64353,46.97315],[9.64322,46.97353]]}},{"type":"Feature","properties":{"id":"salginabach-gr","c":"GR","p":"patent","q":"derived","k":"river"},"geometry":{"type":"LineString","coordinates":[[9.73963,47.01957],[9.73874,47.01942],[9.73723,47.01862],[9.73616,47.01828],[9.73503,47.01746],[9.73295,47.01665],[9.73212,47.01589],[9.73047,47.0155],[9.72884,47.01433],[9.72846,47.01383],[9.72806,47.0118],[9.72861,47.01044],[9.72862,47.00878],[9.72919,47.00809],[9.7289,47.00611],[9.72934,47.00562],[9.72947,47.00386],[9.72861,47.00217],[9.72754,47.001],[9.72556,46.99976],[9.72403,46.99917],[9.72349,46.99804],[9.72275,46.99775],[9.72224,46.99689],[9.72166,46.99647],[9.72151,46.99596],[9.72078,46.99525],[9.72078,46.99475],[9.71895,46.99362],[9.71953,46.99226],[9.71927,46.99099],[9.71988,46.98983],[9.71873,46.98793],[9.71884,46.98724],[9.71939,46.98655],[9.71881,46.98594],[9.71979,46.98519],[9.72015,46.98458],[9.71982,46.98414],[9.71786,46.98302],[9.71776,46.9827],[9.71831,46.98221],[9.71838,46.98187],[9.71737,46.98081],[9.71765,46.98051],[9.7182,46.98035],[9.71958,46.98033],[9.72021,46.98008],[9.72058,46.98019]]}},{"type":"Feature","properties":{"id":"grossbach-gr","c":"GR","p":"patent","q":"derived","k":"river"},"geometry":{"type":"LineString","coordinates":[[9.7696,47.00734],[9.76888,47.00678],[9.76862,47.00623],[9.76785,47.00637],[9.7671,47.00611],[9.76678,47.00563],[9.7658,47.00521],[9.76555,47.00465],[9.76416,47.00438],[9.76365,47.00447],[9.76307,47.00495],[9.76155,47.00497],[9.76037,47.00463],[9.75947,47.00403],[9.75887,47.00413],[9.75856,47.00401],[9.7581,47.00372],[9.75759,47.00261],[9.75616,47.00208],[9.75545,47.00159],[9.7552,47.00069],[9.75437,47.00056],[9.75338,46.99948],[9.75256,46.99927],[9.75243,46.99902],[9.7528,46.9983],[9.752,46.99772],[9.75177,46.99706],[9.75097,46.99675],[9.74997,46.99598],[9.75015,46.99536],[9.74983,46.99465],[9.75014,46.994],[9.7498,46.99395],[9.74832,46.99248],[9.74848,46.992],[9.74941,46.991],[9.74911,46.99065],[9.7499,46.99022],[9.74992,46.98921],[9.74947,46.98897],[9.74997,46.98845],[9.74921,46.98809],[9.74912,46.98776],[9.74978,46.98709]]}},{"type":"Feature","properties":{"id":"wissbach-gr","c":"GR","p":"patent","q":"derived","k":"river"},"geometry":{"type":"LineString","coordinates":[[9.79507,46.97099],[9.79062,46.97212],[9.78947,46.972],[9.7881,46.97219],[9.78724,46.97202],[9.78644,46.97224],[9.7861,46.97267],[9.78465,46.97244],[9.78344,46.97299],[9.78215,46.97285],[9.78151,46.97311],[9.78106,46.9735],[9.78051,46.97509],[9.77931,46.97567],[9.7798,46.97728],[9.77943,46.97762],[9.77983,46.97855],[9.77972,46.97879],[9.77824,46.97943],[9.77793,46.97935],[9.77765,46.98017],[9.77611,46.98088],[9.77471,46.98118],[9.77421,46.98153],[9.77362,46.98158],[9.77297,46.98196],[9.77128,46.98188],[9.77068,46.98254],[9.76929,46.98277],[9.76808,46.98378],[9.76662,46.98372],[9.76613,46.98417],[9.765,46.98403],[9.76423,46.98447],[9.76322,46.9843],[9.76279,46.98488],[9.76191,46.9852],[9.75977,46.98534],[9.75899,46.98524],[9.75799,46.98598],[9.75657,46.98617],[9.75549,46.98681],[9.7551,46.98733],[9.75404,46.98712],[9.75283,46.9873],[9.75137,46.98697],[9.75046,46.98715],[9.74978,46.98709]]}},{"type":"Feature","properties":{"id":"chleibach-gr","c":"GR","p":"patent","q":"derived","k":"river"},"geometry":{"type":"LineString","coordinates":[[9.8181,46.99403],[9.81747,46.99374],[9.81638,46.99365],[9.8158,46.9931],[9.81424,46.99269],[9.81389,46.99227],[9.81253,46.99279],[9.80995,46.99323],[9.8092,46.99308],[9.80884,46.99279],[9.80812,46.99275],[9.80665,46.99324],[9.80552,46.99285],[9.80422,46.99208],[9.80351,46.99099],[9.80109,46.98933],[9.79877,46.98894],[9.7966,46.98821],[9.79591,46.98778],[9.79373,46.98802],[9.79168,46.98776],[9.79055,46.98789],[9.78836,46.98751],[9.7872,46.98682],[9.78614,46.98656],[9.78472,46.98653],[9.78229,46.98581],[9.78057,46.98573],[9.77939,46.98472],[9.77794,46.98418],[9.77721,46.9834],[9.77654,46.9832],[9.77579,46.98337],[9.7745,46.98215],[9.77297,46.98196]]}},{"type":"Feature","properties":{"id":"cavellbach-gr","c":"GR","p":"patent","q":"derived","k":"river"},"geometry":{"type":"LineString","coordinates":[[9.74723,47.03139],[9.74776,47.03155],[9.74866,47.03145],[9.75094,47.03066],[9.75235,47.03065],[9.75299,47.03027],[9.75369,47.03013],[9.75566,47.02996],[9.75649,47.03005],[9.75787,47.02922],[9.76009,47.02913],[9.76069,47.02878],[9.76086,47.02845],[9.76061,47.02764],[9.76082,47.02704],[9.762,47.02543],[9.76162,47.02367],[9.76199,47.02328],[9.76197,47.02227],[9.76248,47.02174],[9.76253,47.0207],[9.763,47.01968],[9.7629,47.01925],[9.76336,47.01891],[9.76388,47.0178],[9.76497,47.01703],[9.76587,47.01683],[9.76634,47.01631],[9.76693,47.01603],[9.76743,47.01479],[9.76904,47.01423],[9.76879,47.01275],[9.76905,47.01017],[9.76938,47.00883],[9.76993,47.0079],[9.7696,47.00734]]}},{"type":"Feature","properties":{"id":"aelplibach-gr","c":"GR","p":"patent","q":"derived","k":"river"},"geometry":{"type":"LineString","coordinates":[[9.78273,47.03701],[9.7816,47.03633],[9.78151,47.03522],[9.78186,47.03456],[9.78117,47.03292],[9.78055,47.03246],[9.78017,47.0311],[9.77829,47.02894],[9.7772,47.02809],[9.77728,47.02743],[9.77658,47.02677],[9.77717,47.02489],[9.7756,47.02271],[9.77594,47.02205],[9.77477,47.02138],[9.7745,47.021],[9.77467,47.02072],[9.77372,47.02033],[9.77383,47.01989],[9.77341,47.0196],[9.77321,47.01844],[9.77254,47.01754],[9.77259,47.01718],[9.77213,47.01642],[9.76915,47.01474],[9.76904,47.01423]]}},{"type":"Feature","properties":{"id":"buchnerbach-gr","c":"GR","p":"patent","q":"derived","k":"river"},"geometry":{"type":"LineString","coordinates":[[9.76594,46.95495],[9.76201,46.95484],[9.76066,46.95462],[9.75895,46.95472],[9.75659,46.95414],[9.75341,46.9538],[9.74879,46.95344],[9.74636,46.95346],[9.74384,46.95273],[9.74299,46.95226],[9.74103,46.95204],[9.73952,46.95124],[9.73756,46.95077],[9.73628,46.95074],[9.73468,46.95018],[9.73303,46.94994],[9.73185,46.9493],[9.72925,46.94928],[9.72738,46.94947],[9.72358,46.94825],[9.72144,46.94703],[9.72045,46.94669],[9.71937,46.94667],[9.7165,46.94723],[9.71301,46.94704],[9.7114,46.94719],[9.70941,46.94797],[9.70573,46.95018],[9.70438,46.95038]]}},{"type":"Feature","properties":{"id":"mueleggibach-gr","c":"GR","p":"patent","q":"derived","k":"river"},"geometry":{"type":"LineString","coordinates":[[9.6568,46.94468],[9.65791,46.9442],[9.65994,46.94418],[9.66061,46.94443],[9.66252,46.94446],[9.6648,46.94474],[9.66544,46.94513],[9.66793,46.94491],[9.66933,46.94537],[9.67324,46.94536],[9.67651,46.94401],[9.67767,46.94385],[9.67918,46.94326],[9.68131,46.94277],[9.68177,46.94218],[9.68318,46.94137],[9.68574,46.93899],[9.68652,46.9386],[9.68796,46.93844],[9.68923,46.93798],[9.69021,46.93712],[9.69115,46.93691],[9.69344,46.9368],[9.69617,46.93688],[9.69672,46.93719]]}},{"type":"Feature","properties":{"id":"ronenbach-gr","c":"GR","p":"patent","q":"derived","k":"river"},"geometry":{"type":"LineString","coordinates":[[9.65716,46.90059],[9.65967,46.90208],[9.66032,46.90319],[9.66284,46.90544],[9.66611,46.90717],[9.66678,46.90812],[9.66887,46.90892],[9.66988,46.90869],[9.67175,46.90915],[9.67206,46.90965],[9.6728,46.90989],[9.67312,46.9102],[9.67291,46.91103],[9.67321,46.91159],[9.67604,46.91346],[9.6766,46.91405],[9.67816,46.91474],[9.67874,46.91548],[9.68049,46.9165],[9.68111,46.91752],[9.68175,46.91794],[9.68252,46.91791],[9.68332,46.91826],[9.68394,46.9182]]}},{"type":"Feature","properties":{"id":"faniner-bach-gr","c":"GR","p":"patent","q":"derived","k":"river"},"geometry":{"type":"LineString","coordinates":[[9.69877,46.8671],[9.69885,46.86768],[9.69929,46.86815],[9.70001,46.86849],[9.70042,46.86935],[9.70128,46.86962],[9.70203,46.87029],[9.70189,46.87117],[9.70212,46.87181],[9.70153,46.87241],[9.70024,46.87294],[9.69977,46.87335],[9.69913,46.87422],[9.69895,46.87494],[9.69935,46.8771],[9.70041,46.87851],[9.70034,46.88152],[9.70126,46.88339],[9.70113,46.88461],[9.70061,46.88556],[9.70057,46.88662],[9.70091,46.88758],[9.70011,46.88941],[9.69798,46.89119],[9.69671,46.89182],[9.69396,46.89413],[9.69312,46.89574],[9.69256,46.89614],[9.6906,46.89648],[9.68932,46.8973]]}},{"type":"Feature","properties":{"id":"arieschbach-gr","c":"GR","p":"patent","q":"derived","k":"river"},"geometry":{"type":"MultiLineString","coordinates":[[[9.71803,46.86058],[9.71794,46.86081],[9.71833,46.86101],[9.71825,46.86114],[9.71907,46.86152],[9.7207,46.86059],[9.72189,46.86074],[9.72326,46.86031],[9.7242,46.86021]],[[9.72605,46.86107],[9.72699,46.86165],[9.72735,46.86272],[9.72887,46.86449],[9.72919,46.86562],[9.73025,46.867],[9.73027,46.86756],[9.72972,46.86839],[9.73095,46.86954],[9.73116,46.87006],[9.73112,46.87082],[9.73144,46.87127],[9.7313,46.87194],[9.7318,46.8737],[9.73216,46.87415],[9.7338,46.87505],[9.7342,46.8757],[9.73524,46.87628],[9.73609,46.87735],[9.73614,46.87818],[9.73841,46.8789],[9.73866,46.87953],[9.73971,46.88035],[9.74093,46.88286],[9.74206,46.88359],[9.74275,46.88487],[9.74416,46.88595],[9.74434,46.88703],[9.7439,46.88794],[9.74456,46.88949],[9.744,46.89197],[9.74489,46.8954],[9.74482,46.89562],[9.74401,46.89605],[9.74388,46.89641],[9.74433,46.89698],[9.74468,46.89803],[9.7471,46.89959],[9.74713,46.90031],[9.74882,46.90207],[9.74956,46.90244],[9.75042,46.90406],[9.74948,46.9059],[9.74879,46.90629],[9.74705,46.9085],[9.74663,46.90952],[9.74669,46.90982],[9.74742,46.91032],[9.74743,46.91075],[9.74697,46.91173],[9.74764,46.91193],[9.74804,46.91297],[9.75076,46.91523],[9.75197,46.91571],[9.75299,46.9165],[9.75415,46.91691],[9.75538,46.9182]]]}},{"type":"Feature","properties":{"id":"malanser-bach-gr","c":"GR","p":"patent","q":"derived","k":"river"},"geometry":{"type":"LineString","coordinates":[[9.75362,46.86838],[9.75383,46.86876],[9.75345,46.86951],[9.75358,46.87038],[9.75488,46.87164],[9.75511,46.87248],[9.75676,46.87356],[9.75701,46.87539],[9.75572,46.87716],[9.75603,46.87789],[9.7547,46.88151],[9.75148,46.88504],[9.74955,46.88622],[9.74904,46.88713],[9.74899,46.88886],[9.7485,46.88998],[9.74768,46.89104],[9.74614,46.89229],[9.74586,46.89314],[9.74467,46.89413]]}},{"type":"Feature","properties":{"id":"panybach-gr","c":"GR","p":"patent","q":"derived","k":"river"},"geometry":{"type":"LineString","coordinates":[[9.74868,46.94291],[9.74983,46.94179],[9.75211,46.94026],[9.75386,46.93953],[9.75421,46.93915],[9.75768,46.93768],[9.75875,46.93509],[9.75968,46.93479],[9.75993,46.93434],[9.76096,46.93372],[9.76142,46.93279],[9.76298,46.93244],[9.76413,46.93191],[9.76446,46.93129],[9.76625,46.93068],[9.76754,46.92993],[9.76948,46.92959],[9.77161,46.9283],[9.77254,46.92811],[9.77333,46.92678],[9.77483,46.92589],[9.77586,46.92502],[9.77596,46.92464]]}},{"type":"Feature","properties":{"id":"alpbach-gr","c":"GR","p":"patent","q":"derived","k":"river"},"geometry":{"type":"LineString","coordinates":[[9.83432,46.94048],[9.83456,46.94196],[9.83405,46.94325],[9.83232,46.94366],[9.83172,46.9441],[9.83094,46.94431],[9.83033,46.94549],[9.82868,46.94674],[9.82701,46.9475],[9.82499,46.94906],[9.82447,46.9491],[9.82239,46.9503],[9.82126,46.9507],[9.81955,46.95267],[9.81713,46.95379],[9.81576,46.95467],[9.81505,46.95538],[9.81366,46.95586],[9.81219,46.95581],[9.81146,46.9564],[9.80879,46.95713],[9.80553,46.95881],[9.80371,46.95935]]}},{"type":"Feature","properties":{"id":"gafierbach-gr","c":"GR","p":"patent","q":"derived","k":"river"},"geometry":{"type":"LineString","coordinates":[[9.86868,46.94572],[9.86683,46.94762],[9.86523,46.94837],[9.86474,46.94894],[9.86292,46.9493],[9.862,46.9499],[9.85952,46.95209],[9.85916,46.95306],[9.85782,46.9536],[9.85682,46.9545],[9.85655,46.95486],[9.85678,46.9554],[9.85594,46.9563],[9.8537,46.95748],[9.85309,46.95842],[9.85161,46.95903],[9.85043,46.95991],[9.85028,46.96034],[9.84965,46.96074],[9.84956,46.96187],[9.84897,46.96258],[9.84836,46.96282],[9.84833,46.96321],[9.84643,46.96419],[9.84596,46.96474],[9.84483,46.96517],[9.84434,46.9658],[9.84356,46.96602],[9.84273,46.96652],[9.84275,46.96743],[9.84207,46.96863],[9.84092,46.96955],[9.83947,46.97012],[9.83804,46.9705],[9.83767,46.97043],[9.8372,46.97075],[9.83563,46.97075],[9.83517,46.9706],[9.83443,46.9709],[9.83373,46.97083],[9.83251,46.97136],[9.83042,46.97172],[9.82983,46.97241],[9.82838,46.97298]]}},{"type":"Feature","properties":{"id":"sagenbach-gr-2","c":"GR","p":"patent","q":"derived","k":"river"},"geometry":{"type":"LineString","coordinates":[[9.77431,46.87413],[9.77559,46.87462],[9.77684,46.87465],[9.77815,46.87493],[9.78019,46.87728],[9.78156,46.8775],[9.78315,46.87874],[9.78564,46.87928],[9.78639,46.87924],[9.7866,46.8797],[9.78611,46.8812],[9.78715,46.88261],[9.78804,46.88285],[9.78909,46.88285],[9.7898,46.8833],[9.79076,46.8835],[9.79136,46.88321],[9.79189,46.88344],[9.79231,46.88454],[9.79322,46.88558],[9.79326,46.8868],[9.79374,46.88777],[9.7953,46.88908],[9.79601,46.89014],[9.79811,46.89147],[9.7997,46.8944],[9.80011,46.89591],[9.79984,46.89612],[9.80001,46.8974],[9.79913,46.89838],[9.79959,46.89931],[9.79937,46.90026]]}},{"type":"Feature","properties":{"id":"sagenbach-gr-3","c":"GR","p":"patent","q":"derived","k":"river"},"geometry":{"type":"LineString","coordinates":[[9.82576,46.93118],[9.82553,46.9301],[9.82465,46.92939],[9.82411,46.92784],[9.82323,46.92646],[9.82335,46.92478],[9.82235,46.92319],[9.82302,46.92223],[9.8232,46.92148],[9.82279,46.91993],[9.82098,46.91835],[9.81952,46.91743],[9.81949,46.91614],[9.81802,46.91455],[9.81822,46.9135],[9.81706,46.91207],[9.81685,46.91146],[9.81697,46.91076],[9.8164,46.91045],[9.8162,46.91008],[9.81441,46.90949],[9.8136,46.909],[9.81269,46.90776],[9.81149,46.90698],[9.81055,46.90667],[9.80868,46.90546],[9.80811,46.90527],[9.8076,46.90537]]}},{"type":"Feature","properties":{"id":"casolf-gr","c":"GR","p":"patent","q":"derived","k":"river"},"geometry":{"type":"LineString","coordinates":[[9.79072,46.85798],[9.79189,46.85826],[9.79181,46.8593],[9.79131,46.85984],[9.79157,46.86251],[9.79128,46.86308],[9.79173,46.86369],[9.79138,46.86399],[9.7917,46.86421],[9.79145,46.86431],[9.79149,46.86467],[9.79253,46.86517],[9.79292,46.86617],[9.79334,46.86628],[9.79538,46.86776],[9.79602,46.86959],[9.79744,46.87065],[9.79764,46.87149],[9.79914,46.87261],[9.79862,46.87388],[9.79905,46.87466],[9.79856,46.87578],[9.79877,46.87633],[9.79858,46.87692],[9.79877,46.8782],[9.79844,46.8786],[9.80056,46.88072],[9.80141,46.88125],[9.80224,46.88147],[9.80312,46.88316],[9.80393,46.88403],[9.80558,46.88527],[9.80631,46.88631],[9.80743,46.88694],[9.80881,46.88813],[9.80954,46.88922],[9.80955,46.88991],[9.81192,46.89306],[9.81316,46.89569],[9.81308,46.8961],[9.81556,46.89895],[9.81591,46.90065],[9.81506,46.90294],[9.81371,46.90385]]}},{"type":"Feature","properties":{"id":"parzelvabach-gr","c":"GR","p":"patent","q":"derived","k":"river"},"geometry":{"type":"MultiLineString","coordinates":[[[9.822,46.86872],[9.82401,46.86977],[9.82419,46.87064],[9.82389,46.87177],[9.82424,46.87305],[9.82352,46.87486],[9.82485,46.87649],[9.82595,46.8784],[9.82683,46.88157],[9.82719,46.8818],[9.82763,46.88269],[9.82729,46.88418],[9.82743,46.88519],[9.82844,46.88631],[9.83065,46.88721],[9.83227,46.88862],[9.83486,46.89012],[9.83545,46.89111],[9.8355,46.89215]],[[9.83512,46.89246],[9.83438,46.89291],[9.83379,46.89382],[9.83441,46.89484],[9.83433,46.89602],[9.83399,46.89677],[9.83418,46.89711]]]}},{"type":"Feature","properties":{"id":"alpbach-gr-2","c":"GR","p":"patent","q":"derived","k":"river"},"geometry":{"type":"LineString","coordinates":[[9.85708,46.92404],[9.85873,46.92285],[9.8592,46.92194],[9.85999,46.92159],[9.86024,46.9217],[9.86047,46.92065],[9.86011,46.91993],[9.86038,46.9197],[9.85995,46.91911],[9.85904,46.91864],[9.85846,46.91855],[9.85844,46.91819],[9.85873,46.91795],[9.85826,46.91736],[9.85822,46.91529],[9.85784,46.91516],[9.85751,46.91466],[9.85766,46.91445],[9.85709,46.91419],[9.85662,46.9134],[9.85619,46.91327],[9.85592,46.91265],[9.85565,46.9126],[9.85556,46.91169],[9.85578,46.91133],[9.85538,46.91019],[9.85498,46.90973],[9.85517,46.90879],[9.85444,46.90828],[9.85429,46.90744],[9.85448,46.90714],[9.85613,46.90676],[9.85607,46.90626],[9.85657,46.90612],[9.85674,46.90538],[9.85634,46.90507],[9.85437,46.90456],[9.85366,46.90418],[9.8517,46.90209],[9.85077,46.90063],[9.85044,46.8996],[9.849,46.89906],[9.84943,46.89638],[9.84832,46.89531],[9.84859,46.89444],[9.84733,46.89285],[9.84679,46.89176],[9.84427,46.89108],[9.84354,46.89067]]}},{"type":"Feature","properties":{"id":"verstanclabach-gr","c":"GR","p":"patent","q":"derived","k":"river"},"geometry":{"type":"LineString","coordinates":[[10.05057,46.85353],[10.05063,46.8528],[10.04906,46.85121],[10.04847,46.85086],[10.04864,46.85052],[10.0499,46.84978],[10.05013,46.84931],[10.04985,46.84865],[10.04875,46.84813],[10.0447,46.84681],[10.036,46.84626],[10.03423,46.84564],[10.02966,46.84619],[10.02818,46.84673],[10.02673,46.84688],[10.0263,46.84739],[10.02624,46.84802],[10.02537,46.84854],[10.02443,46.84993],[10.02457,46.85031],[10.02385,46.85139],[10.02367,46.85223],[10.02301,46.85264],[10.02316,46.85338],[10.02256,46.85363],[10.02103,46.85552],[10.01983,46.85648],[10.01899,46.85687],[10.01793,46.85811],[10.01725,46.85847],[10.0124,46.85858],[10.01144,46.85882],[10.00931,46.86015],[10.00825,46.86012],[10.0075,46.86035],[10.00664,46.86021],[10.0059,46.85954],[10.00528,46.85944],[10.00506,46.85922],[10.00312,46.85899],[10.00245,46.85862],[10.00133,46.85841],[9.9999,46.85771],[9.99932,46.85706],[9.99797,46.8566],[9.99733,46.85619],[9.99651,46.85629],[9.99506,46.85592],[9.99422,46.85627],[9.99216,46.8565],[9.9912,46.85602],[9.98862,46.8565],[9.98806,46.8568],[9.98684,46.85688],[9.98542,46.85675],[9.98259,46.85593],[9.9812,46.85613],[9.98082,46.85645],[9.97966,46.8569],[9.9747,46.85603],[9.97261,46.8561],[9.97015,46.85503],[9.96946,46.85451],[9.96781,46.85406],[9.96683,46.85395],[9.96368,46.85441],[9.96285,46.85408],[9.96177,46.85405],[9.95978,46.85303],[9.95827,46.85258],[9.95688,46.85169],[9.95466,46.85121]]}},{"type":"Feature","properties":{"id":"vernelabach-gr","c":"GR","p":"patent","q":"derived","k":"river"},"geometry":{"type":"MultiLineString","coordinates":[[[10.05649,46.82731],[10.05588,46.82692],[10.05562,46.82625],[10.05375,46.82512],[10.05362,46.82441],[10.05263,46.82382],[10.05158,46.82381],[10.04892,46.82428],[10.04649,46.82376],[10.04517,46.82401],[10.04454,46.82396],[10.04187,46.82225],[10.0411,46.82203],[10.03981,46.82208],[10.03764,46.8225],[10.03546,46.82221],[10.03413,46.82245],[10.03169,46.82219],[10.03115,46.82235],[10.02766,46.82203],[10.02571,46.82162],[10.02459,46.82177],[10.02241,46.82146],[10.02127,46.82165],[10.0209,46.82143],[10.01637,46.82069],[10.01569,46.82072],[10.01395,46.8203],[10.01256,46.82019],[10.01149,46.82033],[10.01052,46.82013],[10.00747,46.82021],[10.00536,46.8196],[10.00435,46.81897],[10.00207,46.81806],[10.00086,46.8178],[10.00027,46.81742],[9.99717,46.81653],[9.99576,46.81585],[9.99253,46.81508],[9.99081,46.81319],[9.98929,46.81326],[9.98899,46.81341],[9.98902,46.81391],[9.98864,46.81395],[9.9883,46.81377],[9.98717,46.81439],[9.98597,46.8141],[9.98546,46.81363],[9.98521,46.81366],[9.98442,46.81303],[9.98382,46.81282],[9.98261,46.81287],[9.98223,46.81271],[9.98186,46.81292]],[[10.05474,46.83294],[10.05516,46.83272],[10.05476,46.83179],[10.05483,46.83125],[10.05582,46.83013],[10.05599,46.82919],[10.0558,46.82856],[10.05626,46.82812]]]}},{"type":"Feature","properties":{"id":"sueserbach-gr","c":"GR","p":"patent","q":"derived","k":"river"},"geometry":{"type":"LineString","coordinates":[[10.02388,46.79629],[10.02141,46.79657],[10.01976,46.79696],[10.01875,46.79696],[10.01515,46.7981],[10.0133,46.79918],[10.01207,46.79953],[10.01139,46.80032],[10.0099,46.80144],[10.00843,46.80222],[10.00707,46.80259],[10.003,46.80302],[10.0009,46.80384],[9.99969,46.8041],[9.99862,46.80398],[9.99571,46.80474],[9.99529,46.80459],[9.99386,46.8048],[9.99144,46.80458],[9.98923,46.8051],[9.98653,46.80539],[9.98523,46.80612],[9.98401,46.80632],[9.98349,46.80691]]}},{"type":"Feature","properties":{"id":"hagbach-gr","c":"GR","p":"patent","q":"derived","k":"river"},"geometry":{"type":"MultiLineString","coordinates":[[[9.56007,46.91302],[9.56014,46.91339],[9.55942,46.91397],[9.55561,46.91656]],[[9.56005,46.91261],[9.56013,46.91275]],[[9.60359,46.90895],[9.60058,46.90895],[9.59781,46.90934],[9.59645,46.90975],[9.59549,46.90973],[9.59351,46.91006],[9.5905,46.9113],[9.58912,46.91133],[9.58861,46.9115],[9.58788,46.91137],[9.58647,46.91248],[9.58487,46.91238],[9.58215,46.91169],[9.5814,46.91174],[9.58074,46.91141],[9.58019,46.91149],[9.57941,46.9119],[9.57823,46.91186],[9.57717,46.9124],[9.57651,46.91242],[9.57457,46.91176],[9.57328,46.91195],[9.57117,46.91051],[9.56724,46.91073],[9.56607,46.91056],[9.56103,46.9119]]]}},{"type":"Feature","properties":{"id":"dorfruefi-gr","c":"GR","p":"patent","q":"derived","k":"river"},"geometry":{"type":"MultiLineString","coordinates":[[[9.54802,46.90324],[9.54811,46.90378],[9.54681,46.90444],[9.54619,46.90506],[9.54568,46.90747]],[[9.5497,46.90277],[9.54852,46.90267],[9.54786,46.90283]],[[9.60763,46.87571],[9.60684,46.87644],[9.60619,46.87675],[9.60533,46.87838],[9.60547,46.87939],[9.6049,46.88096],[9.60538,46.882],[9.60465,46.88362],[9.60412,46.88598],[9.60339,46.88627],[9.60291,46.88675],[9.60221,46.88667],[9.60161,46.88709],[9.60122,46.88713],[9.60087,46.88773],[9.59956,46.88814],[9.59925,46.88876],[9.59821,46.88909],[9.59732,46.88906],[9.5932,46.88986],[9.59172,46.88978],[9.5898,46.89115],[9.58923,46.89179],[9.58811,46.8918],[9.58584,46.8926],[9.58411,46.89255],[9.58213,46.89397],[9.58083,46.89438],[9.57787,46.89494],[9.57743,46.89542],[9.57695,46.89699],[9.57659,46.89721],[9.57586,46.89719],[9.57495,46.89603],[9.57427,46.89594],[9.57358,46.89639],[9.57301,46.89639],[9.57254,46.89686],[9.57145,46.89732],[9.57079,46.89714],[9.57011,46.89765],[9.56914,46.89776],[9.56791,46.89817],[9.56215,46.89863],[9.55724,46.90113],[9.55158,46.90242]]]}},{"type":"Feature","properties":{"id":"hirschbach-gr","c":"GR","p":"patent","q":"derived","k":"river"},"geometry":{"type":"LineString","coordinates":[[9.59929,46.87428],[9.59862,46.87519],[9.59801,46.87561],[9.59745,46.87565],[9.59683,46.87544],[9.59537,46.87588],[9.59171,46.87627],[9.59109,46.87668],[9.58871,46.87712],[9.58722,46.87769],[9.58609,46.87776],[9.58388,46.87824],[9.58077,46.87826],[9.57777,46.87971],[9.57681,46.8799],[9.57346,46.88191],[9.57162,46.8825],[9.57028,46.88262],[9.56792,46.88164],[9.56495,46.88108],[9.56379,46.8814]]}},{"type":"Feature","properties":{"id":"sagentobelbach-sieben-bruennen-gr","c":"GR","p":"patent","q":"derived","k":"river"},"geometry":{"type":"LineString","coordinates":[[9.57989,46.8075],[9.58138,46.80888],[9.58274,46.81095],[9.58344,46.81377],[9.58394,46.81434],[9.58444,46.81562],[9.58326,46.81812],[9.58347,46.81983],[9.58301,46.82195],[9.58066,46.82304],[9.58037,46.82339],[9.58013,46.82479],[9.57957,46.82547],[9.57964,46.82644],[9.57871,46.82751],[9.57818,46.82887],[9.57776,46.82896],[9.57723,46.82865],[9.57593,46.82871],[9.57533,46.82918],[9.57546,46.83126],[9.57645,46.83296]]}},{"type":"Feature","properties":{"id":"calfreiser-tobelbach-gr","c":"GR","p":"patent","q":"derived","k":"river"},"geometry":{"type":"LineString","coordinates":[[9.60085,46.8602],[9.60102,46.85822],[9.59991,46.85635],[9.59823,46.85451],[9.59696,46.8539],[9.59692,46.85332],[9.59546,46.85282],[9.59476,46.85219],[9.59451,46.85168],[9.59481,46.85115],[9.59423,46.85012],[9.59318,46.84902],[9.59075,46.84766],[9.59003,46.84673],[9.58922,46.84624],[9.58823,46.84495],[9.5877,46.84354],[9.58631,46.84229],[9.58553,46.84043],[9.58543,46.83912],[9.58489,46.83835],[9.5848,46.83703],[9.5832,46.83603],[9.58364,46.83453],[9.58357,46.83253]]}},{"type":"Feature","properties":{"id":"castieler-tobelbach-gr","c":"GR","p":"patent","q":"derived","k":"river"},"geometry":{"type":"LineString","coordinates":[[9.61306,46.86552],[9.6139,46.86336],[9.61457,46.86276],[9.61472,46.86222],[9.61391,46.86095],[9.61412,46.86044],[9.61338,46.8585],[9.61214,46.85708],[9.6123,46.85615],[9.61211,46.85536],[9.6109,46.8541],[9.60704,46.85269],[9.60618,46.85165],[9.60564,46.85141],[9.60562,46.85092],[9.60507,46.85063],[9.60491,46.85013],[9.60354,46.84989],[9.60259,46.84922],[9.60177,46.84787],[9.60117,46.84585],[9.60142,46.84493],[9.60137,46.84432],[9.60102,46.84398],[9.60133,46.84164],[9.60102,46.84034],[9.6005,46.84002],[9.59762,46.83915],[9.59772,46.83868],[9.5973,46.83811],[9.59592,46.83692],[9.5954,46.8369],[9.59459,46.83576],[9.59393,46.83545],[9.59349,46.83449],[9.59208,46.833]]}},{"type":"Feature","properties":{"id":"urdenbach-gr","c":"GR","p":"patent","q":"derived","k":"river"},"geometry":{"type":"LineString","coordinates":[[9.61592,46.77006],[9.61588,46.77061],[9.61506,46.77128],[9.61498,46.77203],[9.61534,46.77304],[9.61594,46.7735],[9.61609,46.77399],[9.61407,46.77622],[9.61421,46.77714],[9.61397,46.77779],[9.61484,46.77852],[9.61566,46.77879],[9.61669,46.77972],[9.61594,46.78095],[9.61626,46.78184],[9.61623,46.78256],[9.61577,46.78324],[9.6164,46.78409],[9.61599,46.78557],[9.61621,46.78588],[9.61796,46.7868],[9.61815,46.78751],[9.61871,46.78822],[9.61836,46.78928],[9.61896,46.7898],[9.61882,46.79065],[9.61946,46.79311],[9.61902,46.79526],[9.61933,46.79668],[9.61892,46.79817],[9.61903,46.79924],[9.61947,46.80035],[9.61864,46.80171],[9.61904,46.80324],[9.61681,46.80603],[9.61644,46.80696],[9.61584,46.80744],[9.61558,46.80805],[9.61455,46.80918],[9.61393,46.81054],[9.61302,46.81127]]}},{"type":"Feature","properties":{"id":"clasaurer-tobel-gr","c":"GR","p":"patent","q":"derived","k":"river"},"geometry":{"type":"LineString","coordinates":[[9.62994,46.86591],[9.63285,46.8629],[9.63363,46.86254],[9.63354,46.86112],[9.63482,46.85939],[9.63558,46.85672],[9.63551,46.85477],[9.6358,46.85361],[9.63659,46.85322],[9.63744,46.85242],[9.63747,46.85],[9.63574,46.8472],[9.63356,46.84578],[9.63214,46.84573],[9.63143,46.84527],[9.6308,46.84514],[9.63046,46.8446],[9.62892,46.84328],[9.62908,46.84266],[9.62874,46.84201],[9.62889,46.84122],[9.62857,46.8398],[9.62913,46.83941],[9.62915,46.8392],[9.6281,46.83802],[9.62781,46.83602],[9.62671,46.83518],[9.62646,46.83466],[9.62666,46.83371],[9.62771,46.83313],[9.62792,46.83278],[9.62767,46.83152],[9.62721,46.83087],[9.6262,46.83047],[9.62499,46.83068],[9.62357,46.83069],[9.62074,46.82933]]}},{"type":"Feature","properties":{"id":"fatschazer-tobel-gr","c":"GR","p":"patent","q":"derived","k":"river"},"geometry":{"type":"LineString","coordinates":[[9.6609,46.858],[9.66063,46.85715],[9.65985,46.85629],[9.6598,46.85369],[9.65941,46.85135],[9.65835,46.84984],[9.65847,46.84806],[9.65818,46.84737],[9.6579,46.84304],[9.6584,46.84181],[9.65823,46.84153],[9.6584,46.84053],[9.65816,46.84031],[9.65807,46.83926],[9.65737,46.83879],[9.65721,46.83841],[9.65783,46.83668],[9.65757,46.83592],[9.65826,46.83429],[9.65787,46.83362],[9.6581,46.83297],[9.65785,46.83186],[9.65657,46.83088],[9.65625,46.82957],[9.65564,46.82866],[9.65599,46.82661],[9.65586,46.82599],[9.65544,46.82547]]}},{"type":"Feature","properties":{"id":"farbtobelbach-gr","c":"GR","p":"patent","q":"derived","k":"river"},"geometry":{"type":"LineString","coordinates":[[9.68134,46.85822],[9.68218,46.85598],[9.68193,46.85543],[9.6826,46.85406],[9.68318,46.85368],[9.68349,46.85234],[9.68433,46.85079],[9.68176,46.84795],[9.68098,46.8467],[9.68116,46.84485],[9.68078,46.84349],[9.67987,46.84173],[9.68019,46.84037],[9.6795,46.83941],[9.67938,46.83864],[9.67869,46.83818],[9.67764,46.83835],[9.67681,46.838],[9.67639,46.83708],[9.67599,46.83688],[9.67524,46.83595],[9.67543,46.83467],[9.67598,46.83397],[9.6763,46.83305],[9.67638,46.83217],[9.67601,46.83143],[9.67604,46.83082],[9.6748,46.82955],[9.67407,46.82835],[9.67212,46.82722],[9.67137,46.82623],[9.6699,46.82577],[9.66958,46.82522]]}},{"type":"Feature","properties":{"id":"frauentobelbach-gr","c":"GR","p":"patent","q":"derived","k":"river"},"geometry":{"type":"LineString","coordinates":[[9.70474,46.85381],[9.70382,46.85326],[9.70225,46.8527],[9.7018,46.8523],[9.70197,46.85155],[9.7011,46.85047],[9.70099,46.84971],[9.69996,46.84902],[9.69923,46.84669],[9.69953,46.8461],[9.69851,46.84546],[9.69847,46.84488],[9.69787,46.84459],[9.69694,46.84342],[9.69657,46.84279],[9.69679,46.84223],[9.6963,46.84181],[9.69601,46.84114],[9.69478,46.84059],[9.6949,46.84015],[9.69434,46.83954],[9.69432,46.83902],[9.69555,46.83691],[9.69509,46.83612],[9.69444,46.83583],[9.69412,46.83525],[9.69319,46.83462],[9.69253,46.83357],[9.69141,46.83306],[9.69061,46.83301],[9.69038,46.83152],[9.68942,46.8304],[9.68974,46.82954],[9.68885,46.82727],[9.68684,46.8253],[9.68571,46.82489]]}},{"type":"Feature","properties":{"id":"hauptertaellibach-gr","c":"GR","p":"patent","q":"derived","k":"river"},"geometry":{"type":"LineString","coordinates":[[9.80006,46.82557],[9.79971,46.82512],[9.79912,46.825],[9.79774,46.82428],[9.79736,46.82382],[9.79695,46.82361],[9.79636,46.82367],[9.79587,46.82351],[9.79547,46.82247],[9.79576,46.82199],[9.79534,46.82172],[9.79537,46.82135],[9.79402,46.81925],[9.79266,46.81868],[9.79245,46.81839],[9.7919,46.81834],[9.79169,46.81805],[9.79041,46.8178],[9.78981,46.81726],[9.78869,46.81672],[9.78787,46.81668],[9.78542,46.81593],[9.78327,46.81624],[9.78113,46.81618],[9.77788,46.8152],[9.77679,46.81503],[9.77359,46.81529],[9.77306,46.81512],[9.77182,46.81519],[9.77148,46.81502],[9.77057,46.81514],[9.76913,46.81498],[9.76788,46.81462],[9.76694,46.8147],[9.76534,46.81433],[9.76084,46.81408]]}},{"type":"Feature","properties":{"id":"tiejerbach-gr","c":"GR","p":"patent","q":"derived","k":"river"},"geometry":{"type":"LineString","coordinates":[[9.74254,46.7881],[9.74169,46.78845],[9.73921,46.78874],[9.73788,46.78909],[9.73679,46.78881],[9.73598,46.7891],[9.73376,46.78923],[9.73338,46.78944],[9.73226,46.7894],[9.73005,46.78986],[9.72753,46.79128],[9.72535,46.79178],[9.72401,46.79309],[9.72279,46.79503],[9.72146,46.7947],[9.72069,46.7949],[9.71912,46.79637],[9.71862,46.79764],[9.71536,46.79802],[9.71479,46.79831],[9.7144,46.79884],[9.7134,46.79932],[9.71024,46.79957],[9.70915,46.79987],[9.70765,46.79972],[9.70625,46.79986]]}},{"type":"Feature","properties":{"id":"welschtobelbach-gr","c":"GR","p":"patent","q":"derived","k":"river"},"geometry":{"type":"LineString","coordinates":[[9.62541,46.72861],[9.62589,46.72805],[9.62649,46.72797],[9.62687,46.72769],[9.62893,46.72762],[9.6307,46.7273],[9.6313,46.72751],[9.63183,46.72813],[9.63284,46.72838],[9.63326,46.72926],[9.6333,46.73004],[9.63369,46.73017],[9.63453,46.73018],[9.63549,46.72969],[9.6368,46.72971],[9.63777,46.7295],[9.63958,46.72969],[9.64108,46.73073],[9.64184,46.73096],[9.64228,46.73086],[9.6429,46.73029],[9.64385,46.73044],[9.64502,46.73027],[9.64637,46.73062],[9.64847,46.73237],[9.65053,46.73353],[9.65047,46.73386],[9.65215,46.73503],[9.65329,46.73566],[9.65425,46.7359],[9.65447,46.73636],[9.65522,46.73695],[9.65647,46.73754],[9.65682,46.73791],[9.6584,46.73852],[9.65931,46.73981],[9.66085,46.74113],[9.66158,46.74219],[9.66212,46.74252],[9.66229,46.74296],[9.66288,46.74348],[9.66451,46.74434],[9.6662,46.7467],[9.66595,46.74706],[9.66602,46.74769],[9.66672,46.74817],[9.6667,46.74842],[9.66713,46.74876],[9.66891,46.74987],[9.67011,46.7521],[9.67048,46.75231],[9.67091,46.75303],[9.67274,46.75429],[9.67328,46.75504],[9.67388,46.75515],[9.67464,46.75559],[9.67505,46.75621],[9.67548,46.75641],[9.67546,46.75691],[9.67644,46.75742],[9.67718,46.75812],[9.68,46.75924],[9.68123,46.76044],[9.68199,46.76063],[9.68293,46.76185],[9.68583,46.76358],[9.68608,46.76402],[9.68694,46.76452],[9.68664,46.76521],[9.68664,46.76629],[9.68632,46.76675],[9.68677,46.76778],[9.68621,46.76819],[9.68567,46.77106],[9.68474,46.77299],[9.68443,46.77417],[9.68457,46.77541],[9.6849,46.77569]]}},{"type":"Feature","properties":{"id":"alteinbach-gr","c":"GR","p":"patent","q":"derived","k":"river"},"geometry":{"type":"MultiLineString","coordinates":[[[9.70043,46.75147],[9.69855,46.7523],[9.69858,46.75266],[9.69819,46.7531],[9.69701,46.75371],[9.69515,46.7539],[9.69272,46.75497],[9.69247,46.75594],[9.69308,46.75667],[9.69368,46.75815],[9.69415,46.75836],[9.69359,46.75908],[9.69343,46.75992],[9.69277,46.76042],[9.69158,46.76063],[9.69055,46.76053],[9.68976,46.76152],[9.68917,46.76164],[9.68879,46.76199],[9.68819,46.76194],[9.68716,46.76255],[9.68685,46.7631],[9.68709,46.76372],[9.68694,46.76452]],[[9.69699,46.74038],[9.69599,46.7428],[9.69578,46.744],[9.69487,46.74498],[9.69485,46.74583],[9.69639,46.74724],[9.69637,46.74816],[9.69764,46.74954],[9.6994,46.74943],[9.69996,46.74924],[9.7003,46.74967],[9.69982,46.74997],[9.69991,46.75026],[9.70078,46.75028],[9.70144,46.75006]]]}},{"type":"Feature","properties":{"id":"albula-gr","c":"GR","p":"patent","q":"derived","k":"river"},"geometry":{"type":"MultiLineString","coordinates":[[[9.53457,46.67812],[9.53378,46.67791],[9.53263,46.67797],[9.53057,46.67899],[9.52965,46.68011],[9.5294,46.68101],[9.5289,46.6817],[9.52645,46.68281],[9.52578,46.68296],[9.52406,46.68289],[9.52345,46.68347],[9.52208,46.68416],[9.52032,46.68426],[9.51898,46.68408],[9.51789,46.68465],[9.51692,46.68486],[9.51548,46.68582],[9.51356,46.68606],[9.5127,46.68651],[9.51218,46.68707],[9.51073,46.68758],[9.50989,46.68765],[9.50822,46.68741],[9.50644,46.6882],[9.505,46.68846],[9.50363,46.68847],[9.50302,46.68906],[9.50192,46.68931],[9.50041,46.69138],[9.49645,46.69315],[9.4956,46.6944],[9.49517,46.69468],[9.49396,46.69461],[9.49104,46.69491],[9.48947,46.69529],[9.48758,46.69488],[9.48649,46.69492],[9.48438,46.69466],[9.48373,46.69497],[9.48299,46.695],[9.48224,46.69531],[9.48207,46.69616],[9.48041,46.69691],[9.47957,46.69891],[9.47891,46.69922],[9.47648,46.69817],[9.47523,46.69794],[9.47395,46.69807],[9.4727,46.69899],[9.47236,46.69968],[9.47306,46.70253],[9.47301,46.70317],[9.47254,46.70366],[9.46869,46.70352],[9.46555,46.70388],[9.46259,46.70608],[9.46008,46.70828],[9.45897,46.70861],[9.45588,46.70886],[9.45364,46.71022],[9.45108,46.71062],[9.45081,46.71086],[9.45062,46.71167],[9.44944,46.71263]],[[9.6874,46.67099],[9.68561,46.67153],[9.68392,46.67146],[9.68267,46.67185],[9.67815,46.67235],[9.67605,46.67276],[9.67451,46.67271],[9.67393,46.67259],[9.67281,46.67178],[9.67177,46.67162],[9.67077,46.67173],[9.66896,46.67027],[9.66739,46.66994],[9.66466,46.66983],[9.66282,46.66933],[9.66165,46.66942],[9.65937,46.66924],[9.6573,46.66886],[9.65479,46.6691],[9.65316,46.66874],[9.65134,46.6687],[9.64873,46.66796],[9.6471,46.66694],[9.64574,46.66656],[9.63895,46.66609],[9.6373,46.66522],[9.63526,46.66495],[9.63476,46.66415],[9.63345,46.6634],[9.6312,46.6632],[9.62907,46.66242],[9.62757,46.66245],[9.62678,46.66265],[9.62509,46.66369],[9.62265,46.66444],[9.62064,46.6646],[9.61858,46.66516],[9.61779,46.66501],[9.61505,46.66548],[9.6107,46.66394],[9.60782,46.6637],[9.60638,46.6634],[9.60495,46.66204],[9.6006,46.6601],[9.59883,46.65986],[9.5974,46.66015],[9.59331,46.65965],[9.59256,46.65977],[9.59025,46.6596],[9.58947,46.66001],[9.58778,46.65965],[9.58676,46.65969],[9.58558,46.66013],[9.5833,46.66048],[9.58279,46.66105],[9.58207,46.66142],[9.57946,46.6613],[9.57761,46.66162],[9.57726,46.66178],[9.57684,46.66252],[9.5761,46.66233],[9.57499,46.66242],[9.5735,46.66264],[9.57218,46.66313],[9.5692,46.66379],[9.56698,46.66387],[9.56563,46.66422],[9.56378,46.66499],[9.56304,46.66496],[9.56187,46.66431]],[[9.75544,46.61488],[9.75323,46.61787],[9.75203,46.61833],[9.75232,46.61922],[9.75142,46.62016],[9.7517,46.62082],[9.75026,46.62171],[9.75002,46.62241],[9.74926,46.62315],[9.74894,46.62467],[9.74836,46.6251],[9.74748,46.62528],[9.74677,46.62566],[9.74581,46.62766],[9.74493,46.62811],[9.74417,46.62824],[9.74298,46.62916],[9.74173,46.62979],[9.74157,46.63049],[9.7396,46.63215],[9.73803,46.63245],[9.73777,46.63402],[9.73704,46.63522],[9.73563,46.63649],[9.73362,46.63746],[9.73157,46.63887],[9.73198,46.64019],[9.73131,46.6413],[9.72946,46.64204],[9.72938,46.64323],[9.72899,46.64364],[9.72765,46.64363],[9.7272,46.6446],[9.72589,46.64525],[9.72522,46.64582],[9.72451,46.64603],[9.72343,46.64693],[9.72213,46.64748],[9.72079,46.64881],[9.72057,46.64954],[9.7198,46.65028],[9.71946,46.65104],[9.71745,46.65149],[9.71644,46.6526],[9.71534,46.65322],[9.71438,46.65414],[9.71248,46.65456],[9.71171,46.6549],[9.71121,46.65539],[9.71059,46.65548],[9.70944,46.65611],[9.70883,46.65617],[9.70667,46.65715],[9.70558,46.65719],[9.70453,46.65784],[9.70267,46.65857],[9.70136,46.65866],[9.70056,46.65959],[9.69922,46.66005],[9.69899,46.66063],[9.69785,46.66167],[9.69732,46.66187],[9.69642,46.66183],[9.69365,46.66399],[9.69265,46.66424],[9.69217,46.66489],[9.69229,46.66592],[9.69098,46.66714],[9.68992,46.66782],[9.68963,46.66849],[9.68822,46.67027]],[[9.78278,46.58263],[9.78191,46.58319],[9.77795,46.5843],[9.77717,46.58495],[9.7735,46.58656],[9.77226,46.5886],[9.77175,46.58889],[9.77069,46.58902],[9.76907,46.58971],[9.76858,46.58962],[9.76774,46.58999],[9.7656,46.59037],[9.7649,46.59094],[9.76495,46.59153],[9.76472,46.59175],[9.76334,46.59229],[9.76143,46.59223],[9.75896,46.59394],[9.75884,46.5947],[9.75822,46.5953],[9.758,46.59598],[9.75757,46.5962],[9.75771,46.59647],[9.7568,46.5985],[9.75653,46.59941],[9.75675,46.60023],[9.75658,46.60118],[9.75596,46.60201],[9.75531,46.60224],[9.75452,46.60291],[9.75506,46.60323],[9.75552,46.60401],[9.75536,46.60486],[9.75472,46.60518],[9.75465,46.60543],[9.75519,46.60649],[9.7558,46.60696],[9.75519,46.60763],[9.75613,46.60826],[9.75634,46.60945],[9.7561,46.61078],[9.75631,46.6112],[9.75691,46.61157],[9.75637,46.61257],[9.7558,46.61286],[9.75526,46.61432]],[[9.80896,46.57909],[9.80763,46.57912],[9.80688,46.57846],[9.80615,46.57859],[9.80083,46.58132],[9.79951,46.58165],[9.79801,46.5823],[9.79682,46.58204],[9.79591,46.58211],[9.79471,46.58164],[9.79358,46.58183],[9.79219,46.58144],[9.79132,46.58148],[9.79101,46.58132],[9.7904,46.58136],[9.79018,46.58156],[9.78974,46.58141],[9.78923,46.58154],[9.78829,46.5814]],[[9.81034,46.57909],[9.80984,46.57907]]]}},{"type":"Feature","properties":{"id":"hinterrhein-gr","c":"GR","p":"patent","q":"derived","k":"river"},"geometry":{"type":"MultiLineString","coordinates":[[[9.0828,46.50146],[9.08359,46.50124],[9.0855,46.50151],[9.08701,46.5012],[9.08911,46.50051],[9.08966,46.50013],[9.09279,46.4997],[9.09312,46.49938],[9.09303,46.49894],[9.09341,46.49876],[9.09588,46.49868],[9.09737,46.49884],[9.09814,46.49857],[9.10047,46.49886],[9.10204,46.4984],[9.10295,46.49846],[9.10391,46.49897],[9.10546,46.49785],[9.10612,46.49669],[9.10688,46.49636],[9.10786,46.49657],[9.1088,46.49641],[9.11152,46.49698],[9.11299,46.49668],[9.11538,46.49714],[9.11652,46.4976],[9.11732,46.49758],[9.11879,46.49868],[9.11972,46.49888],[9.1201,46.49947],[9.12082,46.49966],[9.12159,46.50024],[9.12233,46.50036],[9.12312,46.50105],[9.12503,46.50126],[9.1259,46.50161],[9.1273,46.50294],[9.12777,46.5031],[9.12833,46.50387],[9.12901,46.50428],[9.13023,46.50463],[9.13066,46.50527],[9.1322,46.50607],[9.13417,46.50662],[9.13463,46.50732],[9.13602,46.5077],[9.13648,46.50826],[9.13774,46.50908],[9.13887,46.50959],[9.14078,46.50991],[9.14276,46.51094],[9.14392,46.51118],[9.14658,46.51301],[9.1514,46.5146],[9.15424,46.51528],[9.15737,46.51658],[9.15947,46.51788],[9.16313,46.51876],[9.16897,46.52073],[9.17054,46.52092],[9.17456,46.52081],[9.17697,46.5212],[9.17977,46.5226],[9.18356,46.52399],[9.18929,46.52535],[9.19661,46.52892],[9.19912,46.52924],[9.20229,46.52876],[9.20357,46.52884],[9.2047,46.52932],[9.20558,46.53046],[9.20687,46.53133],[9.20787,46.53138],[9.20977,46.53098],[9.21114,46.53104],[9.21359,46.532],[9.21634,46.53243],[9.21768,46.53283],[9.22494,46.53587],[9.23131,46.53743],[9.23572,46.53726],[9.23957,46.53648],[9.24239,46.5371],[9.24486,46.53725],[9.24632,46.53767],[9.24926,46.53788],[9.2503,46.53767],[9.25114,46.53681],[9.25164,46.53665],[9.25408,46.53785],[9.25777,46.53867],[9.25985,46.53983],[9.26106,46.54026],[9.2633,46.5405],[9.27046,46.5408],[9.27382,46.54071],[9.27621,46.54158],[9.2786,46.54217],[9.28268,46.54392],[9.28627,46.5447],[9.28792,46.54475],[9.29188,46.54412],[9.29793,46.54349],[9.2985,46.54357],[9.29945,46.54414],[9.30007,46.54551],[9.30034,46.54569],[9.30161,46.54588],[9.30411,46.54686],[9.30779,46.5468],[9.31108,46.54631],[9.31211,46.54668],[9.31327,46.54768],[9.32043,46.55173],[9.32335,46.5526],[9.32598,46.55254],[9.32803,46.55288],[9.33211,46.55505],[9.33597,46.55574],[9.33797,46.55667],[9.33924,46.55749],[9.3393,46.55868],[9.34104,46.5593],[9.3419,46.56016],[9.34439,46.56125],[9.34722,46.5622],[9.34817,46.56235]],[[9.37997,46.56757],[9.38163,46.56753],[9.3832,46.56777],[9.38474,46.56825],[9.38682,46.56815],[9.38847,46.56829],[9.39078,46.56879],[9.39122,46.56876],[9.39427,46.5672],[9.39649,46.56648],[9.39931,46.56633],[9.40075,46.56679],[9.40299,46.56666],[9.4039,46.5671],[9.40733,46.5679],[9.40891,46.56846],[9.41096,46.56888],[9.41206,46.56881],[9.41586,46.57055],[9.41638,46.57111],[9.41599,46.57196],[9.41628,46.57249],[9.41755,46.57323],[9.41779,46.57389],[9.41752,46.57468],[9.41758,46.57567],[9.41726,46.57605],[9.4167,46.57627],[9.41632,46.57712],[9.41653,46.57838],[9.41779,46.57949],[9.41901,46.57972],[9.41923,46.58021],[9.4189,46.58088],[9.42054,46.5815],[9.42046,46.58238],[9.42109,46.58275]],[[9.40541,46.79916],[9.40573,46.7996],[9.40737,46.79979],[9.40929,46.8008],[9.41089,46.8034],[9.41229,46.80665],[9.41231,46.80817],[9.41299,46.80887],[9.41544,46.80983],[9.41605,46.81053]],[[9.40714,46.79083],[9.40663,46.79248],[9.40478,46.79389],[9.40442,46.79484],[9.40439,46.79799],[9.40481,46.79869],[9.40541,46.79916]],[[9.4078,46.79344],[9.40541,46.79916]],[[9.41137,46.81323],[9.40949,46.81385],[9.40871,46.81449],[9.40727,46.8164],[9.40752,46.8182],[9.40887,46.82103],[9.40755,46.8224],[9.40768,46.82339]],[[9.40714,46.79083],[9.40763,46.7916],[9.4078,46.79344]],[[9.41067,46.78709],[9.40741,46.78906],[9.40689,46.7903],[9.40714,46.79083]],[[9.41067,46.78709],[9.41048,46.78805],[9.41094,46.78907],[9.41088,46.78948],[9.40977,46.79155],[9.4078,46.79344]],[[9.41605,46.81053],[9.41656,46.8116],[9.41645,46.8126],[9.41458,46.81303],[9.41328,46.81289],[9.41243,46.81326],[9.41137,46.81323]],[[9.41605,46.81053],[9.41459,46.81189],[9.4115,46.81293],[9.41137,46.81323]],[[9.42143,46.58994],[9.42155,46.59053],[9.42217,46.59132],[9.42172,46.59178],[9.42174,46.5922],[9.42123,46.59293],[9.42134,46.5937],[9.42275,46.59511],[9.42506,46.59623],[9.42744,46.59689],[9.42807,46.59755],[9.42753,46.59944],[9.42702,46.60009],[9.42376,46.60203],[9.42284,46.60273],[9.42251,46.60326],[9.42254,46.60483],[9.42314,46.60604],[9.42404,46.60705],[9.4246,46.60851],[9.42493,46.61036],[9.42544,46.61123],[9.42635,46.61197],[9.42791,46.61261],[9.4292,46.61349],[9.42997,46.61438],[9.43062,46.61787],[9.43148,46.62032],[9.43321,46.6225],[9.4351,46.62403],[9.43678,46.62587],[9.43799,46.62676],[9.44002,46.62943],[9.44013,46.63048],[9.4391,46.63356],[9.43911,46.63477],[9.44016,46.63631],[9.44266,46.6387],[9.44292,46.63933],[9.44262,46.64032],[9.44159,46.64153],[9.44158,46.64207],[9.44267,46.64292],[9.44436,46.64338],[9.44628,46.64531],[9.4473,46.6473],[9.44709,46.65002],[9.44742,46.65049],[9.4487,46.65106],[9.44962,46.65175],[9.45075,46.65434],[9.45076,46.65497],[9.45006,46.65619],[9.4499,46.65777],[9.45018,46.65862],[9.44966,46.6594],[9.44945,46.66066],[9.44813,46.66252],[9.44693,46.66347],[9.44739,46.66438],[9.44858,46.66496],[9.44879,46.66535],[9.44934,46.66563],[9.45138,46.66891],[9.4509,46.67043],[9.45101,46.67139],[9.45076,46.67243],[9.45103,46.67301],[9.45029,46.67584],[9.45153,46.67691],[9.45299,46.67699],[9.45389,46.67797],[9.45346,46.6786],[9.4536,46.6795],[9.45231,46.68172],[9.45144,46.68234],[9.44981,46.68295],[9.44909,46.68434],[9.44826,46.68454],[9.44759,46.68494],[9.4474,46.68532],[9.44748,46.68656],[9.44724,46.6869],[9.44506,46.6883],[9.44422,46.68988],[9.44333,46.69035],[9.44214,46.69065],[9.44193,46.69115],[9.44203,46.69225],[9.44264,46.69386],[9.44486,46.69708],[9.44763,46.70351],[9.44882,46.70782],[9.44944,46.71263],[9.44538,46.71654],[9.44386,46.71848],[9.44093,46.72518],[9.43165,46.74393],[9.42053,46.76496],[9.42014,46.76624],[9.4201,46.77083],[9.41979,46.7724],[9.41347,46.78255],[9.41298,46.78391],[9.4118,46.78581],[9.41067,46.78709]]]}},{"type":"Feature","properties":{"id":"gelgia-gr","c":"GR","p":"patent","q":"derived","k":"river"},"geometry":{"type":"MultiLineString","coordinates":[[[9.58472,46.62298],[9.58363,46.62342],[9.58322,46.62434],[9.58217,46.62514],[9.58235,46.62562],[9.58213,46.626],[9.58224,46.62724],[9.58195,46.62874],[9.58224,46.63039],[9.5834,46.6311],[9.58431,46.63241],[9.58453,46.63397],[9.58329,46.63503],[9.5824,46.63646],[9.58263,46.63744],[9.58223,46.6383],[9.58265,46.63888],[9.58264,46.63935],[9.58341,46.64028],[9.5834,46.64077],[9.58208,46.64193],[9.58117,46.64237],[9.58091,46.64314],[9.58148,46.64365],[9.58165,46.64413],[9.58101,46.6453],[9.58054,46.64556],[9.57963,46.64569],[9.57814,46.64705],[9.57774,46.64814],[9.57525,46.6497],[9.57501,46.65033],[9.57556,46.65115],[9.575,46.65174],[9.57382,46.65198],[9.5739,46.65264],[9.57292,46.65368],[9.57306,46.65485],[9.57254,46.65555],[9.57305,46.65745],[9.57449,46.65796],[9.57479,46.6588],[9.57567,46.65936],[9.57606,46.65997],[9.57545,46.66068],[9.57421,46.66102],[9.57339,46.66155],[9.57319,46.66272]],[[9.63199,46.5097],[9.63113,46.511],[9.63076,46.51231],[9.62988,46.51259],[9.62736,46.51267],[9.62624,46.51357],[9.62618,46.51596],[9.62577,46.51625],[9.62639,46.5181],[9.62601,46.51904],[9.62656,46.51996],[9.62555,46.5212],[9.62573,46.52238],[9.62549,46.52335],[9.62493,46.52365],[9.62411,46.52356],[9.62309,46.52381],[9.62254,46.52449],[9.62193,46.52466],[9.62171,46.52561],[9.62039,46.52605],[9.62009,46.52643],[9.62012,46.52687],[9.6212,46.52879],[9.62143,46.52982],[9.62239,46.53055],[9.62429,46.53335],[9.62433,46.53411],[9.62531,46.53619],[9.62457,46.53748],[9.62454,46.53805],[9.62511,46.53958],[9.62635,46.54175],[9.62558,46.54437],[9.62457,46.54566],[9.62401,46.54814],[9.62187,46.5497],[9.62153,46.55051],[9.62158,46.55107],[9.62186,46.55113],[9.62276,46.55231],[9.62234,46.55389],[9.62277,46.55415],[9.62425,46.55431],[9.62456,46.55599],[9.62437,46.56107],[9.62383,46.5624],[9.62353,46.56268],[9.62233,46.56252],[9.62111,46.5633],[9.62103,46.56437],[9.62154,46.5651],[9.62153,46.56558],[9.62099,46.56739],[9.62204,46.56823],[9.62192,46.56916],[9.62249,46.57108],[9.62144,46.57172],[9.62058,46.57263],[9.62075,46.5738],[9.62029,46.57473],[9.62058,46.57583],[9.62026,46.57634],[9.61741,46.57849],[9.61453,46.58142],[9.61036,46.58332],[9.61013,46.58374],[9.61025,46.58494],[9.60929,46.58753],[9.60603,46.58996],[9.60525,46.59134],[9.60382,46.59191],[9.6022,46.59294],[9.60028,46.59272],[9.5994,46.593],[9.5982,46.59375],[9.5977,46.59487],[9.59588,46.59525],[9.59505,46.59592],[9.5948,46.59653],[9.5926,46.59712],[9.58997,46.59871],[9.58916,46.6008],[9.58807,46.60219],[9.5883,46.60267],[9.58925,46.60351],[9.58925,46.60398],[9.58765,46.60503],[9.58743,46.60566],[9.58816,46.60721],[9.58742,46.60944],[9.58751,46.61063],[9.58917,46.61273],[9.5895,46.61363],[9.59025,46.6143],[9.59073,46.61564],[9.59066,46.61615],[9.59008,46.61662],[9.58968,46.61741],[9.58949,46.61846]],[[9.71257,46.50335],[9.71199,46.50287],[9.71157,46.5017],[9.71029,46.50017],[9.71005,46.49947],[9.71003,46.49767],[9.70742,46.49554],[9.70685,46.49463],[9.70651,46.49228],[9.70731,46.4915],[9.70836,46.48891],[9.70944,46.488],[9.70979,46.48708],[9.70971,46.48655],[9.71031,46.48596],[9.71053,46.48529],[9.71042,46.48442],[9.71078,46.48356],[9.7106,46.48309],[9.71107,46.48181],[9.71093,46.4813],[9.71108,46.48078],[9.71149,46.48058],[9.71151,46.47972],[9.71284,46.47875],[9.71324,46.47729],[9.71474,46.47626],[9.71523,46.47536],[9.7149,46.4748],[9.71531,46.47393],[9.7143,46.47243],[9.71337,46.47185],[9.71314,46.47034],[9.7125,46.46988],[9.71208,46.46869],[9.7094,46.46786],[9.70752,46.4676],[9.70597,46.4666],[9.7053,46.46544],[9.70436,46.46508],[9.7038,46.46512],[9.70237,46.46432],[9.70041,46.46426],[9.69947,46.46496],[9.69924,46.4654],[9.69795,46.46629],[9.69769,46.46673],[9.69627,46.46726],[9.69524,46.46718],[9.69484,46.46752],[9.69392,46.46752],[9.69153,46.467],[9.68907,46.46678],[9.68852,46.46633],[9.6864,46.46558],[9.68542,46.46485],[9.68538,46.46416],[9.68452,46.46357],[9.68339,46.46321],[9.68282,46.4627],[9.68264,46.4619],[9.6821,46.46166],[9.6817,46.46165],[9.68096,46.46197],[9.68008,46.46192],[9.67772,46.46223],[9.67671,46.46194],[9.6757,46.4619],[9.6751,46.46163],[9.67426,46.46169],[9.67359,46.46119],[9.67287,46.4614],[9.67114,46.46132],[9.6699,46.46164],[9.66819,46.46121],[9.6673,46.46128],[9.66684,46.46103],[9.66497,46.46141],[9.66348,46.4615],[9.66287,46.46178],[9.66148,46.46184],[9.66089,46.46148],[9.6603,46.4615],[9.66023,46.46181],[9.65925,46.46204],[9.65867,46.4624],[9.65773,46.46365],[9.65693,46.4636],[9.65654,46.46396],[9.65602,46.46403],[9.65521,46.46377],[9.65381,46.46545],[9.65403,46.46613],[9.65361,46.46665],[9.65378,46.46782],[9.65361,46.46842],[9.65217,46.46897],[9.65173,46.46943],[9.65138,46.47047],[9.64988,46.47154],[9.64982,46.47345],[9.6483,46.47372],[9.64753,46.47418],[9.64727,46.47523],[9.64677,46.47564],[9.64621,46.47685],[9.64603,46.47798],[9.64636,46.47858],[9.64626,46.47888],[9.64529,46.47988],[9.64318,46.48025],[9.64231,46.48068],[9.64204,46.48186],[9.64278,46.48286],[9.64194,46.48351],[9.6413,46.48463],[9.64191,46.48618]],[[9.71543,46.50594],[9.71493,46.50509],[9.71341,46.50421]]]}},{"type":"Feature","properties":{"id":"ava-da-nandro-gr","c":"GR","p":"patent","q":"derived","k":"river"},"geometry":{"type":"MultiLineString","coordinates":[[[9.52848,46.50786],[9.52647,46.50881],[9.52547,46.51105],[9.52556,46.51152],[9.52633,46.51194],[9.52731,46.51296],[9.52825,46.51334],[9.52902,46.51331],[9.5293,46.51306],[9.53137,46.51306],[9.53254,46.51357],[9.53371,46.51508],[9.53489,46.51598],[9.53507,46.51751],[9.53649,46.51927],[9.54111,46.52277],[9.54133,46.5232],[9.54226,46.52388],[9.54241,46.52446],[9.54299,46.52516],[9.54502,46.52652],[9.54508,46.52725],[9.54651,46.52952],[9.54756,46.52993],[9.54788,46.53042],[9.55053,46.53152],[9.551,46.53143],[9.55185,46.53184],[9.55364,46.53219],[9.55605,46.53422],[9.55642,46.5352],[9.55721,46.53576],[9.5571,46.53606],[9.55736,46.53654],[9.557,46.53844],[9.55664,46.53891],[9.55622,46.54148],[9.55586,46.54204],[9.5561,46.54242],[9.55603,46.54285],[9.55563,46.54323],[9.55567,46.54371],[9.55544,46.54389],[9.55539,46.54472],[9.55568,46.54495],[9.55555,46.54562],[9.55481,46.54625],[9.55446,46.54717],[9.55409,46.54731],[9.55396,46.54769],[9.55253,46.54862],[9.55098,46.55038],[9.54999,46.55106],[9.54926,46.55231],[9.55173,46.55584],[9.55317,46.55648],[9.55423,46.55722],[9.55527,46.5572],[9.55661,46.55806],[9.55808,46.55828],[9.55864,46.55866],[9.55895,46.56021]],[[9.55924,46.56052],[9.55919,46.56197],[9.55941,46.56255],[9.56116,46.56357],[9.56228,46.56476],[9.56264,46.56554],[9.5635,46.56636],[9.56389,46.56758],[9.56497,46.56885],[9.56606,46.56909],[9.56681,46.56987],[9.56829,46.57032],[9.56967,46.57111],[9.56998,46.57163],[9.56973,46.5722],[9.57074,46.57241],[9.5711,46.57344],[9.57186,46.57359],[9.57247,46.5742],[9.57244,46.57495],[9.57196,46.57511],[9.57173,46.5755],[9.572,46.5759],[9.57192,46.57691],[9.57223,46.5772],[9.57274,46.57721],[9.57285,46.57795],[9.57375,46.57843],[9.5741,46.57978],[9.57457,46.58007],[9.57598,46.58022],[9.57636,46.58121],[9.5771,46.58135],[9.57823,46.58238],[9.57976,46.58331],[9.58018,46.58393],[9.58011,46.58431],[9.57885,46.58525],[9.57884,46.58655],[9.57827,46.58735],[9.57875,46.58798],[9.57837,46.58916],[9.57917,46.59071],[9.57981,46.59107],[9.58097,46.591],[9.58176,46.59135],[9.58325,46.59249],[9.58594,46.59256],[9.58728,46.59283],[9.5881,46.59276],[9.5888,46.59305],[9.5892,46.59394],[9.58992,46.594],[9.59177,46.59376],[9.59226,46.5939],[9.59337,46.59511],[9.59329,46.59561],[9.59262,46.59624],[9.59248,46.59712]]]}},{"type":"Feature","properties":{"id":"glogn-gr","c":"GR","p":"patent","q":"derived","k":"river"},"geometry":{"type":"MultiLineString","coordinates":[[[9.06862,46.5838],[9.07021,46.58498],[9.07098,46.58694],[9.07183,46.58761],[9.07128,46.58968],[9.07155,46.59077],[9.07282,46.59209],[9.07218,46.59325],[9.07238,46.59388],[9.0729,46.59427],[9.07439,46.59476],[9.07479,46.59516],[9.07468,46.59577],[9.07491,46.59599],[9.07323,46.59894],[9.07317,46.59957],[9.07282,46.59982],[9.07219,46.60104],[9.0707,46.60217],[9.07055,46.60305],[9.07159,46.60382],[9.07227,46.60402],[9.07311,46.60489],[9.07378,46.60512],[9.07563,46.60636],[9.07572,46.60685],[9.07636,46.60773],[9.07861,46.60919],[9.07928,46.61062],[9.07998,46.61122],[9.08055,46.6122],[9.08214,46.61277],[9.08294,46.61387],[9.0844,46.61442],[9.08448,46.6148],[9.08419,46.61528],[9.08534,46.61707],[9.08538,46.61882],[9.08625,46.61996],[9.08551,46.62047],[9.08601,46.62228],[9.08561,46.62305],[9.08589,46.62339],[9.08604,46.6243],[9.08537,46.62534],[9.08512,46.62698],[9.08587,46.62802],[9.0871,46.62882],[9.08704,46.62995],[9.08789,46.63049],[9.08822,46.631],[9.08827,46.63239],[9.08917,46.63334],[9.08923,46.63449],[9.08981,46.63504],[9.09004,46.63612],[9.08983,46.63709],[9.0901,46.63755],[9.08957,46.63779],[9.08974,46.63846],[9.08939,46.63883],[9.08962,46.63916],[9.08954,46.63986],[9.08872,46.64064],[9.08761,46.64088],[9.08756,46.64124],[9.08787,46.64177],[9.08937,46.64297],[9.08926,46.64364],[9.09,46.64416],[9.09029,46.64494],[9.09111,46.64514],[9.09262,46.64601],[9.09283,46.64653],[9.09391,46.64718],[9.09375,46.64763],[9.09401,46.64797],[9.09549,46.64837],[9.0958,46.64948],[9.0964,46.65013],[9.09809,46.65083],[9.0987,46.65162],[9.09934,46.6514],[9.1002,46.65139],[9.10082,46.65194],[9.10195,46.65205],[9.10297,46.65253],[9.10329,46.65322],[9.10428,46.65398],[9.10518,46.65574],[9.1077,46.65659],[9.10857,46.65712],[9.11059,46.6589],[9.11063,46.65977],[9.1113,46.66135],[9.11038,46.66172],[9.10875,46.66186],[9.10794,46.66259],[9.10822,46.66307],[9.10928,46.66332],[9.10973,46.66437],[9.10928,46.66545],[9.10859,46.6657],[9.1085,46.66602],[9.10968,46.66604],[9.11039,46.66633],[9.11159,46.66616],[9.1124,46.66697],[9.11183,46.66734],[9.11189,46.66749],[9.11275,46.66773],[9.11464,46.66912],[9.11586,46.66961],[9.11801,46.66988],[9.12,46.66969],[9.12032,46.6705],[9.12135,46.67133],[9.12119,46.67192],[9.12293,46.67204],[9.12337,46.67309],[9.12623,46.67419],[9.12682,46.67465],[9.12758,46.67471],[9.12803,46.6741],[9.1293,46.67432],[9.12973,46.67485],[9.12997,46.67682],[9.13023,46.67704],[9.13219,46.67703],[9.13397,46.67754],[9.13604,46.67687],[9.13662,46.67571],[9.14028,46.67578],[9.1412,46.67622],[9.14191,46.67556],[9.14319,46.6753],[9.14409,46.67575],[9.14576,46.67561],[9.14693,46.67593],[9.14747,46.67683],[9.14836,46.67712],[9.14854,46.67734],[9.1484,46.67799],[9.14904,46.67851],[9.14893,46.68],[9.15082,46.68138],[9.15084,46.68171],[9.15041,46.68216],[9.15064,46.68272],[9.15196,46.68275],[9.15218,46.68299],[9.15222,46.68407],[9.15263,46.68423],[9.15353,46.68411],[9.15387,46.6843],[9.15325,46.68479],[9.15325,46.68523],[9.15517,46.68558],[9.15584,46.68632],[9.15707,46.68664],[9.15821,46.68846],[9.15972,46.68854],[9.16006,46.68935],[9.1607,46.68999],[9.16211,46.69043],[9.16333,46.69144],[9.16384,46.69106],[9.16422,46.69113],[9.16408,46.69166],[9.16563,46.69299],[9.16586,46.69385],[9.16693,46.69442],[9.16729,46.69523],[9.16827,46.69578],[9.16842,46.69621],[9.16993,46.69729],[9.17046,46.69807],[9.17193,46.69829],[9.17402,46.69977],[9.17519,46.70002],[9.17594,46.70055],[9.17642,46.70134],[9.17729,46.70146],[9.17819,46.70122],[9.17975,46.70178],[9.18026,46.70284],[9.18073,46.70302],[9.18097,46.70341],[9.18424,46.70589],[9.18674,46.70712],[9.18906,46.7075],[9.18952,46.70814],[9.18984,46.70938],[9.19024,46.70977],[9.19081,46.70999],[9.19272,46.71018],[9.19131,46.71136],[9.19176,46.71241],[9.19276,46.71288],[9.19344,46.71364],[9.19515,46.71462],[9.19809,46.71549],[9.19966,46.71667],[9.20022,46.71757],[9.20023,46.71813],[9.19963,46.71944],[9.19957,46.72077],[9.20032,46.72124],[9.20221,46.72134],[9.20296,46.72158],[9.20325,46.72205],[9.20332,46.72342],[9.2037,46.72379],[9.2038,46.72481],[9.20483,46.72593],[9.20718,46.72667],[9.20801,46.72721],[9.20826,46.72783],[9.20774,46.72871],[9.20794,46.72922],[9.2105,46.73061],[9.21119,46.73165],[9.21206,46.73216],[9.21318,46.73325],[9.21428,46.73505],[9.21422,46.73665],[9.21558,46.73789],[9.21584,46.73851],[9.21758,46.73905],[9.2181,46.73948],[9.21769,46.74208]],[[9.21806,46.74515],[9.2181,46.74579],[9.21757,46.74673],[9.21584,46.7483],[9.21505,46.74941],[9.21605,46.75146],[9.21458,46.75406],[9.21517,46.75522],[9.21508,46.75589],[9.21372,46.75739],[9.21144,46.75899],[9.21022,46.76113],[9.20941,46.7618],[9.20869,46.76283],[9.20811,46.76802],[9.20825,46.76959],[9.20877,46.77084],[9.21232,46.77692]],[[9.21758,46.74212],[9.2176,46.74429],[9.21786,46.74505]]]}},{"type":"Feature","properties":{"id":"oberaukanal-gr","c":"GR","p":"patent","q":"derived","k":"river"},"geometry":{"type":"MultiLineString","coordinates":[[[9.51275,47.05065],[9.50698,47.05648]],[[9.54676,47.055],[9.54417,47.05508],[9.54375,47.05528],[9.54252,47.0554],[9.54086,47.0551],[9.53894,47.05508],[9.53517,47.0556],[9.53193,47.05536],[9.53077,47.05496],[9.52977,47.05495],[9.52811,47.05427],[9.52536,47.05473],[9.52488,47.05462],[9.52423,47.05406],[9.52358,47.05382],[9.52347,47.05342],[9.52247,47.05305],[9.52188,47.05252],[9.5212,47.0523],[9.5201,47.05225],[9.51927,47.05186],[9.51879,47.0507],[9.51762,47.04984],[9.51459,47.05001],[9.51312,47.05028],[9.51279,47.05055]]]}},{"type":"Feature","properties":{"id":"carreratobelbach-gr","c":"GR","p":"patent","q":"derived","k":"river"},"geometry":{"type":"LineString","coordinates":[[9.30769,46.74905],[9.30818,46.75174],[9.30688,46.75702],[9.30617,46.75796],[9.30616,46.75847],[9.30576,46.75913],[9.30414,46.7609],[9.3035,46.76194],[9.30356,46.76245],[9.30307,46.76281],[9.303,46.7631],[9.30352,46.7636],[9.30342,46.76426],[9.30187,46.76555],[9.30137,46.76723],[9.29947,46.76822],[9.30084,46.76975],[9.30034,46.77119],[9.29964,46.77183],[9.29932,46.77255],[9.29986,46.77281],[9.29974,46.77441],[9.3004,46.77489],[9.30064,46.77695],[9.29936,46.77786],[9.29742,46.78017],[9.29693,46.78036],[9.29646,46.78022],[9.2965,46.781],[9.29551,46.781],[9.29536,46.78117],[9.29523,46.78173],[9.29619,46.78302],[9.29583,46.78354],[9.29559,46.78517],[9.29479,46.78683],[9.29305,46.78835],[9.29232,46.78867],[9.29051,46.7889],[9.28875,46.79026],[9.2887,46.7908],[9.28937,46.79159],[9.28957,46.79251],[9.28881,46.79375],[9.28814,46.79421],[9.28784,46.79526],[9.28819,46.79635]]}},{"type":"Feature","properties":{"id":"dischmabach-gr","c":"GR","p":"patent","q":"derived","k":"river"},"geometry":{"type":"MultiLineString","coordinates":[[[9.92234,46.7025],[9.92378,46.70386],[9.92522,46.70466],[9.92573,46.70467],[9.92634,46.70515],[9.92686,46.70615],[9.92678,46.7065],[9.92827,46.70824],[9.92789,46.70952],[9.92662,46.71123],[9.92614,46.71288],[9.92605,46.7136],[9.92649,46.71466],[9.92547,46.71542],[9.92492,46.71654],[9.92346,46.71785],[9.92338,46.71994],[9.92306,46.72042],[9.92138,46.72161],[9.9216,46.72259],[9.9212,46.72312],[9.92068,46.72341],[9.91949,46.72333],[9.91803,46.72395],[9.91787,46.72443],[9.91705,46.72526],[9.9156,46.72604],[9.91531,46.72675],[9.91488,46.72695],[9.9149,46.72768],[9.91374,46.72871],[9.91427,46.72905],[9.91433,46.7298],[9.91413,46.73006],[9.91433,46.73026],[9.91335,46.73068],[9.91336,46.73196],[9.91253,46.73243],[9.91242,46.73288],[9.91267,46.73317],[9.91194,46.73375],[9.91175,46.73418],[9.91184,46.73471],[9.91231,46.735],[9.91246,46.73566],[9.91212,46.73615],[9.91191,46.73772],[9.90947,46.73958],[9.90922,46.74021],[9.90841,46.74046],[9.90837,46.74129],[9.90764,46.74166],[9.90691,46.74263],[9.90597,46.7432],[9.90632,46.74409],[9.90613,46.74448],[9.90633,46.74569],[9.90481,46.74689],[9.90413,46.74694],[9.90459,46.74773],[9.90451,46.74809],[9.90363,46.74896],[9.90247,46.74966],[9.90228,46.75008],[9.90082,46.75102],[9.90067,46.75174],[9.89987,46.75258],[9.89874,46.75307],[9.89744,46.75439],[9.89692,46.75464],[9.89677,46.7554],[9.89601,46.75604],[9.89619,46.75643],[9.89501,46.75702],[9.89488,46.75786],[9.89287,46.75937],[9.89284,46.7598],[9.89229,46.76061],[9.89143,46.76094],[9.89031,46.76208],[9.88965,46.76328],[9.88896,46.76371],[9.88864,46.76444],[9.88681,46.76595],[9.88648,46.7665],[9.88638,46.76779],[9.88493,46.76902],[9.88324,46.76947],[9.88271,46.77054],[9.88199,46.77076],[9.88079,46.77176],[9.88058,46.77246],[9.87991,46.77326],[9.87999,46.77393],[9.87977,46.77437],[9.87817,46.77453],[9.87649,46.77629],[9.87475,46.77719],[9.87448,46.77789],[9.87361,46.77845],[9.87313,46.77961],[9.87238,46.78024],[9.87198,46.78138],[9.87155,46.78164],[9.87151,46.78289],[9.87125,46.78336],[9.87005,46.78379],[9.86967,46.78491],[9.86886,46.78527],[9.86826,46.78621],[9.86708,46.78711],[9.8667,46.78795],[9.86194,46.79251],[9.86142,46.79322],[9.85907,46.79471],[9.85804,46.79493],[9.85758,46.79542],[9.85653,46.79569],[9.85618,46.7961],[9.85439,46.79664],[9.85209,46.79695],[9.85091,46.79758],[9.84858,46.79759],[9.84773,46.79806],[9.84663,46.79775],[9.84624,46.79791],[9.84574,46.79866],[9.84455,46.79885],[9.84468,46.79922],[9.84442,46.79939],[9.84381,46.79933],[9.84279,46.79878],[9.84218,46.79884],[9.84083,46.79957],[9.84122,46.80019],[9.84099,46.80044],[9.8377,46.80138]],[[9.92041,46.69555],[9.92057,46.6964],[9.92083,46.69663],[9.92062,46.69741],[9.92146,46.69879],[9.92157,46.69948],[9.92112,46.70015],[9.92149,46.70091]]]}},{"type":"Feature","properties":{"id":"landwasser-gr","c":"GR","p":"patent","q":"derived","k":"river"},"geometry":{"type":"MultiLineString","coordinates":[[[9.84358,46.80983],[9.84359,46.80914],[9.84118,46.80742],[9.83913,46.80537],[9.83825,46.80207],[9.83782,46.80146],[9.82608,46.79483],[9.82486,46.79381],[9.82132,46.78964],[9.81911,46.78843],[9.8178,46.78737],[9.81605,46.78686],[9.81517,46.78634],[9.81499,46.78574],[9.81512,46.78477],[9.8148,46.78415],[9.80113,46.77099],[9.801,46.77047],[9.80163,46.76972],[9.80114,46.76793],[9.80142,46.7669],[9.80072,46.76602],[9.79966,46.76526],[9.7989,46.76243],[9.79753,46.76081],[9.795,46.75929],[9.79416,46.75847],[9.79293,46.75778],[9.7916,46.75754],[9.78878,46.75776],[9.78777,46.75741],[9.78716,46.75699],[9.78688,46.75628],[9.78754,46.75485],[9.7865,46.75415],[9.78579,46.75295],[9.78476,46.7525],[9.78432,46.75139],[9.78134,46.74958],[9.78067,46.74857],[9.78062,46.74744],[9.77954,46.74637],[9.77889,46.74526],[9.77874,46.74406],[9.77923,46.74311],[9.77885,46.74247],[9.77798,46.74189],[9.7777,46.741],[9.77684,46.74013],[9.77622,46.73901],[9.77596,46.73744],[9.77624,46.73641],[9.77617,46.73508],[9.77478,46.73362],[9.77452,46.7321],[9.77364,46.73152],[9.77335,46.73106],[9.77227,46.73043],[9.7721,46.72953],[9.77119,46.72832],[9.77116,46.72759],[9.77006,46.72695],[9.76915,46.72604],[9.76871,46.7244],[9.76707,46.72281],[9.76637,46.72106],[9.76552,46.72031],[9.76545,46.71989],[9.7643,46.71958],[9.76342,46.71896],[9.7616,46.71824],[9.76098,46.71743],[9.75971,46.71634],[9.75852,46.71462],[9.75782,46.71398],[9.75747,46.71266],[9.75815,46.71181],[9.75819,46.71128],[9.75675,46.71106],[9.75525,46.70989],[9.75485,46.70934],[9.75325,46.70872],[9.75317,46.70814],[9.75204,46.70711],[9.75081,46.70654],[9.75057,46.70613],[9.74946,46.70577],[9.74788,46.70555],[9.74735,46.7047],[9.74628,46.704],[9.74504,46.70361],[9.74361,46.70348],[9.74322,46.70296],[9.74371,46.70189],[9.74319,46.70136],[9.74068,46.70091],[9.7398,46.7005],[9.73847,46.70023],[9.73707,46.6994],[9.73555,46.69954],[9.73422,46.70008],[9.73193,46.70018],[9.73039,46.70074],[9.72885,46.7007],[9.72677,46.70007],[9.72577,46.69937],[9.72354,46.69972],[9.72231,46.69906],[9.72106,46.69808],[9.71993,46.69795],[9.71826,46.69709],[9.71793,46.69505],[9.71686,46.69429],[9.71603,46.69396],[9.71353,46.69384],[9.71283,46.69447],[9.71258,46.69504],[9.71174,46.6953],[9.70983,46.69487],[9.70863,46.6939],[9.70676,46.69412],[9.70595,46.69392],[9.70546,46.6935],[9.70578,46.69237],[9.7053,46.6916],[9.70522,46.69038],[9.70437,46.68993],[9.70299,46.68982],[9.70194,46.68935],[9.70159,46.68898],[9.7018,46.68837],[9.70151,46.6881],[9.69922,46.68775],[9.6984,46.68715],[9.69783,46.68717],[9.69632,46.68667],[9.69541,46.68702],[9.69406,46.68658],[9.68976,46.68614],[9.68816,46.68521],[9.68793,46.68457],[9.68736,46.68409],[9.68577,46.68353],[9.68493,46.68341],[9.68406,46.68293],[9.68257,46.68249],[9.68168,46.68189],[9.67967,46.68196],[9.67874,46.68147],[9.6779,46.68143],[9.67622,46.68097],[9.67561,46.67997],[9.67381,46.67936],[9.67375,46.67805],[9.6719,46.67681],[9.67161,46.67493],[9.67137,46.67459],[9.66813,46.67325],[9.66697,46.67252],[9.66573,46.67214],[9.66482,46.6713],[9.6635,46.66952]],[[9.80845,46.83842],[9.80885,46.83836]],[[9.80937,46.83841],[9.81069,46.83776]],[[9.81226,46.83784],[9.81282,46.83773],[9.81349,46.83729],[9.81364,46.83693],[9.81347,46.83652],[9.81419,46.83598],[9.81401,46.83541],[9.81433,46.83503],[9.81644,46.8349],[9.81712,46.83503],[9.81801,46.83461],[9.81951,46.83424],[9.821,46.83435],[9.82367,46.83319],[9.82546,46.83346],[9.82726,46.83344],[9.82849,46.83282],[9.8324,46.83208],[9.83663,46.83235],[9.83896,46.83309],[9.84006,46.83381],[9.84099,46.83399],[9.84208,46.83395],[9.84278,46.83418],[9.84447,46.83392],[9.8453,46.834],[9.84725,46.83333],[9.84814,46.83333],[9.8499,46.83245],[9.85056,46.83249],[9.85184,46.83175],[9.8538,46.82966],[9.85379,46.82652],[9.85469,46.82496]],[[9.84657,46.81421],[9.84557,46.81335],[9.84521,46.81242],[9.84305,46.81073],[9.84355,46.8099]],[[9.8547,46.82481],[9.8546,46.82454]]]}},{"type":"Feature","properties":{"id":"cruttiser-bach-gr","c":"GR","p":"patent","q":"derived","k":"river"},"geometry":{"type":"LineString","coordinates":[[9.37941,46.73204],[9.38047,46.73081],[9.38135,46.73085],[9.38314,46.73055],[9.38426,46.73087],[9.38496,46.73139],[9.387,46.73128],[9.39131,46.7316],[9.39182,46.73182],[9.39306,46.7319],[9.39359,46.73229],[9.39607,46.73205],[9.39713,46.73141],[9.39792,46.73126],[9.39811,46.73078],[9.4008,46.73065],[9.4026,46.73087],[9.40347,46.73127],[9.40621,46.73097],[9.40718,46.73167],[9.41006,46.73118],[9.41104,46.73077],[9.4126,46.73123],[9.41437,46.73141],[9.41744,46.73215],[9.42142,46.73187],[9.42291,46.73231],[9.42361,46.73219],[9.42501,46.73244],[9.4255,46.73302],[9.42585,46.73301],[9.42643,46.73204],[9.42693,46.7322]]}},{"type":"Feature","properties":{"id":"ragn-d-err-gr","c":"GR","p":"patent","q":"derived","k":"river"},"geometry":{"type":"LineString","coordinates":[[9.72181,46.55066],[9.72099,46.55161],[9.71851,46.55355],[9.71617,46.55438],[9.71481,46.55514],[9.71357,46.55527],[9.71306,46.55564],[9.71287,46.55613],[9.71086,46.55734],[9.7097,46.55762],[9.70818,46.55857],[9.70688,46.55885],[9.70592,46.55882],[9.70452,46.55969],[9.70344,46.55989],[9.70281,46.56082],[9.7018,46.56115],[9.70102,46.56192],[9.70067,46.56285],[9.69976,46.56347],[9.69864,46.56484],[9.69857,46.56599],[9.69591,46.56793],[9.69509,46.56965],[9.69456,46.56976],[9.69423,46.5703],[9.69333,46.57024],[9.69296,46.57076],[9.69044,46.57234],[9.68991,46.57289],[9.68991,46.57325],[9.68901,46.57475],[9.68716,46.57576],[9.6869,46.57678],[9.68577,46.5778],[9.68537,46.57845],[9.68176,46.58014],[9.68087,46.58091],[9.67837,46.58147],[9.67626,46.58272],[9.67462,46.58314],[9.67403,46.58263],[9.67312,46.58244],[9.67209,46.58288],[9.6701,46.5828],[9.6687,46.58378],[9.66812,46.58392],[9.66831,46.58463],[9.66685,46.58543],[9.66578,46.58535],[9.66506,46.58488],[9.66322,46.58459],[9.6612,46.58469],[9.6603,46.58421],[9.65878,46.58432],[9.65807,46.58388],[9.65697,46.58406],[9.65576,46.58391],[9.65234,46.58415],[9.64879,46.58333],[9.64654,46.58327],[9.64506,46.58294],[9.64187,46.58313],[9.63948,46.58219],[9.63772,46.58099],[9.63659,46.58058],[9.63476,46.57919],[9.63147,46.57806],[9.63093,46.57767],[9.62952,46.57753],[9.62851,46.57721],[9.6278,46.57646],[9.62659,46.57637],[9.62345,46.57671],[9.61998,46.57658]]}},{"type":"Feature","properties":{"id":"flem-gr","c":"GR","p":"patent","q":"derived","k":"river"},"geometry":{"type":"MultiLineString","coordinates":[[[9.21786,46.88566],[9.21897,46.88547],[9.21986,46.8857],[9.22083,46.88565],[9.22165,46.88546],[9.22251,46.88476],[9.22455,46.8847],[9.22521,46.88379],[9.22655,46.88297],[9.22683,46.88252],[9.22801,46.88214],[9.22954,46.88082],[9.23142,46.87991],[9.23211,46.87916],[9.23212,46.87887],[9.23281,46.87866],[9.23289,46.87816],[9.23326,46.8778],[9.23453,46.87708],[9.23433,46.87669],[9.23498,46.87617],[9.23492,46.87591],[9.23432,46.87559],[9.23454,46.87453],[9.23905,46.87172],[9.23929,46.86947],[9.24002,46.86868],[9.24211,46.86968],[9.24325,46.87088],[9.24407,46.87119],[9.24561,46.86989],[9.24779,46.86946],[9.24888,46.869],[9.24996,46.86889],[9.25075,46.86844],[9.25059,46.86753],[9.25124,46.86742],[9.25202,46.8667],[9.25207,46.86573],[9.25299,46.86437],[9.25324,46.86349],[9.25285,46.86312],[9.25292,46.86206],[9.25212,46.86006],[9.25165,46.85981],[9.25112,46.85881],[9.25067,46.85847],[9.24964,46.85833],[9.25026,46.85708],[9.25035,46.85592],[9.25068,46.85578],[9.25167,46.8559],[9.25294,46.85546],[9.25307,46.85507],[9.25363,46.85488],[9.25405,46.85392],[9.25509,46.85343],[9.25662,46.85372],[9.25706,46.85332],[9.25938,46.8532],[9.26038,46.85285],[9.26102,46.85215],[9.26137,46.85101],[9.26268,46.85098],[9.26326,46.85073],[9.2637,46.85018],[9.2647,46.85],[9.26549,46.84846],[9.26552,46.84793],[9.26643,46.84685],[9.26527,46.84602],[9.26543,46.84455],[9.26524,46.84385],[9.26337,46.84307],[9.2634,46.8428],[9.26415,46.8425],[9.26364,46.84188],[9.26378,46.84102],[9.26471,46.84018],[9.26518,46.8393],[9.2661,46.83851],[9.26636,46.83796],[9.26715,46.83765],[9.26814,46.83691],[9.2685,46.83628],[9.26925,46.83576],[9.26958,46.83525],[9.27017,46.83482],[9.27083,46.83468],[9.27125,46.83409],[9.27195,46.83364],[9.27507,46.83312],[9.27558,46.83271],[9.27624,46.83281],[9.27682,46.8324],[9.27941,46.83153],[9.28111,46.83215],[9.28147,46.83276],[9.28309,46.83352],[9.28448,46.83328],[9.2854,46.83256],[9.28645,46.83267],[9.28741,46.83238],[9.28848,46.83261],[9.28914,46.83314],[9.28969,46.83302],[9.29076,46.83333],[9.29108,46.83395],[9.29189,46.83355],[9.29572,46.83303],[9.29704,46.83323],[9.29767,46.83356],[9.29824,46.83324],[9.29868,46.83323],[9.2994,46.83367],[9.30069,46.83299],[9.30218,46.83305],[9.30289,46.83283],[9.30349,46.83252],[9.30374,46.83189],[9.30553,46.83141],[9.30669,46.83153],[9.30852,46.83249],[9.30978,46.83355],[9.30981,46.83421],[9.31009,46.83441],[9.3112,46.83427],[9.3138,46.83456],[9.31457,46.8344],[9.3164,46.83473],[9.31794,46.83424],[9.31876,46.83421],[9.31948,46.83385],[9.32186,46.83391],[9.32384,46.83371],[9.32511,46.833],[9.32663,46.83291],[9.32795,46.83177],[9.32911,46.83145],[9.3295,46.83115],[9.33068,46.83125],[9.33318,46.8305],[9.33367,46.82988],[9.33454,46.8295],[9.33543,46.82875],[9.33556,46.82821],[9.33512,46.82743],[9.33517,46.82699]],[[9.33425,46.82282],[9.33347,46.82207],[9.33395,46.82145],[9.3341,46.81881],[9.33504,46.81797],[9.33479,46.817],[9.33405,46.81643],[9.3341,46.81616],[9.3354,46.81615],[9.33594,46.81566],[9.33594,46.81512],[9.33638,46.81479],[9.33743,46.81522],[9.33864,46.81442],[9.34066,46.81454],[9.34165,46.81477],[9.34193,46.81455],[9.34205,46.81364],[9.34239,46.81335],[9.34391,46.81411],[9.34428,46.81411],[9.34456,46.81374],[9.34406,46.81311],[9.34458,46.81271],[9.34535,46.81259],[9.34582,46.81212]]]}},{"type":"Feature","properties":{"id":"flueelabach-gr","c":"GR","p":"patent","q":"derived","k":"river"},"geometry":{"type":"LineString","coordinates":[[9.94435,46.75139],[9.94412,46.75173],[9.94425,46.75248],[9.94364,46.75315],[9.9436,46.75434],[9.94313,46.75586],[9.94338,46.75666],[9.94328,46.75842],[9.94363,46.75886],[9.94365,46.75929],[9.94269,46.76112],[9.94291,46.76157],[9.94333,46.76178],[9.94364,46.76258],[9.94292,46.76322],[9.94279,46.76384],[9.94144,46.76494],[9.94118,46.7662],[9.94083,46.76636],[9.94065,46.76715],[9.93972,46.76787],[9.93955,46.76829],[9.93889,46.76847],[9.93864,46.76931],[9.93764,46.77001],[9.93769,46.77039],[9.93705,46.77126],[9.93526,46.77223],[9.9341,46.77394],[9.93408,46.77439],[9.93376,46.77467],[9.93381,46.77521],[9.93322,46.77576],[9.93338,46.77661],[9.93298,46.77717],[9.93304,46.77745],[9.93239,46.77793],[9.93237,46.77866],[9.93158,46.77895],[9.93138,46.77954],[9.93079,46.77985],[9.93006,46.78076],[9.9293,46.78074],[9.92847,46.78129],[9.92747,46.78125],[9.92566,46.78244],[9.92328,46.78315],[9.92236,46.7836],[9.92184,46.78419],[9.91993,46.78467],[9.91919,46.78539],[9.91966,46.78608],[9.91859,46.78693],[9.91836,46.7878],[9.91693,46.78817],[9.91639,46.78862],[9.91627,46.78915],[9.91563,46.78948],[9.91524,46.79008],[9.91421,46.79031],[9.91392,46.79078],[9.91306,46.79135],[9.91257,46.79137],[9.91237,46.79178],[9.91159,46.79214],[9.90956,46.79221],[9.90874,46.79304],[9.90734,46.79365],[9.90692,46.7942],[9.90711,46.79457],[9.90516,46.79554],[9.90403,46.79577],[9.90245,46.79574],[9.90112,46.79671],[9.90087,46.79717],[9.9009,46.79774],[9.9015,46.79804],[9.90139,46.7984],[9.9006,46.79878],[9.8998,46.79958],[9.89752,46.80001],[9.89702,46.80055],[9.89551,46.80105],[9.8954,46.80143],[9.89489,46.80176],[9.89383,46.80208],[9.89286,46.80274],[9.89274,46.8031],[9.89098,46.80446],[9.89055,46.80504],[9.88847,46.80551],[9.88713,46.80607],[9.88574,46.80626],[9.88478,46.80608],[9.88381,46.80635],[9.88179,46.80634],[9.88053,46.80678],[9.87946,46.80692],[9.87866,46.80684],[9.87825,46.80631],[9.87665,46.80648],[9.87606,46.80639],[9.87207,46.80719],[9.87123,46.80709],[9.86925,46.8076],[9.8685,46.80735],[9.86768,46.80753],[9.8666,46.80732],[9.86564,46.80759],[9.86315,46.80768],[9.86182,46.80858],[9.8611,46.80875],[9.86027,46.80934],[9.85965,46.8094],[9.85919,46.80987],[9.85797,46.8103],[9.85085,46.81109],[9.84789,46.81173],[9.84672,46.81174],[9.84488,46.81135],[9.84395,46.81086],[9.84358,46.80983]]}},{"type":"Feature","properties":{"id":"fundogn-gr","c":"GR","p":"patent","q":"derived","k":"river"},"geometry":{"type":"LineString","coordinates":[[9.31368,46.61421],[9.31529,46.61491],[9.31626,46.61565],[9.31762,46.61534],[9.3194,46.61579],[9.32041,46.61582],[9.32098,46.6156],[9.32319,46.61599],[9.32436,46.61654],[9.32618,46.61675],[9.32748,46.61668],[9.32797,46.61684],[9.32953,46.61796],[9.33012,46.61879],[9.32999,46.62032],[9.33105,46.6207],[9.33167,46.62114],[9.33266,46.62112],[9.33347,46.62084],[9.33443,46.62077],[9.33476,46.62095],[9.33502,46.62079],[9.33544,46.62101],[9.33582,46.62077],[9.33653,46.62066],[9.33698,46.6203],[9.33786,46.62048],[9.33862,46.62004],[9.33963,46.62001],[9.3403,46.61978],[9.34167,46.62022],[9.343,46.62039],[9.34362,46.62072],[9.34482,46.62048],[9.34559,46.62069],[9.34667,46.62072],[9.34817,46.62034],[9.35013,46.6212],[9.35081,46.62175],[9.35198,46.6213],[9.35368,46.62136],[9.35427,46.62123],[9.356,46.62008],[9.35595,46.61953],[9.35705,46.61853],[9.35803,46.61821],[9.35845,46.61789],[9.36,46.61755],[9.36076,46.61706],[9.36158,46.61713],[9.36311,46.61681],[9.3644,46.61558],[9.36624,46.61543],[9.36703,46.61557],[9.36876,46.61537],[9.37175,46.61443],[9.3739,46.6144],[9.37481,46.61467],[9.37821,46.61474],[9.38057,46.61511],[9.38231,46.61495],[9.38366,46.61441],[9.38494,46.61452],[9.38644,46.61499],[9.38768,46.61499],[9.39096,46.61623],[9.39195,46.61611],[9.39269,46.61658],[9.39403,46.61657],[9.39689,46.61726],[9.39757,46.61783],[9.39928,46.61837],[9.39985,46.6191],[9.401,46.61971],[9.40132,46.62008],[9.40564,46.62135],[9.41141,46.62222],[9.41328,46.62202],[9.414,46.62164],[9.41623,46.62202],[9.41704,46.62181],[9.41844,46.62177],[9.42054,46.62286],[9.42156,46.62313],[9.42286,46.62248],[9.42372,46.62249],[9.42472,46.62307],[9.42546,46.62415],[9.42761,46.62481],[9.429,46.62584],[9.4294,46.62583],[9.42993,46.62553],[9.43165,46.62544],[9.43205,46.62511],[9.43316,46.6248],[9.43349,46.62414],[9.43457,46.62375]]}},{"type":"Feature","properties":{"id":"plessur-gr","c":"GR","p":"patent","q":"derived","k":"river"},"geometry":{"type":"MultiLineString","coordinates":[[[9.69477,46.78258],[9.69488,46.78344],[9.696,46.78551],[9.696,46.78631],[9.69653,46.7867],[9.69683,46.78772],[9.69875,46.78889],[9.70016,46.7889],[9.7012,46.78984],[9.70159,46.7912],[9.70291,46.79204],[9.70376,46.79228],[9.70431,46.79281],[9.70495,46.79405],[9.7049,46.79491],[9.70448,46.79538],[9.70448,46.7957],[9.70576,46.79717],[9.70606,46.79794],[9.70602,46.79961],[9.70664,46.80077],[9.7061,46.80159],[9.70602,46.80229],[9.70543,46.8029],[9.70564,46.80394],[9.70547,46.80502],[9.70603,46.80827],[9.70657,46.80845],[9.70662,46.8091],[9.70717,46.80949],[9.70736,46.81025],[9.70751,46.81344],[9.70717,46.81401],[9.70713,46.81474],[9.70637,46.81529],[9.70596,46.81641],[9.70545,46.81672],[9.70498,46.81743],[9.70499,46.81874],[9.70371,46.81957],[9.70253,46.82071],[9.70114,46.82099],[9.70062,46.82086],[9.69881,46.82105],[9.69781,46.82181],[9.69742,46.82192],[9.69672,46.82173],[9.69629,46.82182],[9.69528,46.82244],[9.69431,46.82271],[9.69261,46.82352],[9.69038,46.82361],[9.68897,46.82421],[9.6878,46.82411],[9.68669,46.82476],[9.68573,46.82479],[9.68507,46.82537],[9.68346,46.82602],[9.68096,46.82572],[9.68022,46.82647],[9.67897,46.82653],[9.67827,46.82679],[9.67638,46.82672],[9.6759,46.82614],[9.67483,46.82624],[9.67191,46.82492],[9.67069,46.82484],[9.66864,46.82541],[9.66766,46.82647],[9.66439,46.82718],[9.6612,46.82665],[9.65893,46.82591],[9.65743,46.8259],[9.65658,46.82554],[9.65517,46.82541],[9.65119,46.82618],[9.64913,46.82724],[9.64785,46.82728],[9.64356,46.82793],[9.64205,46.82777],[9.63944,46.82803],[9.63851,46.82756],[9.63816,46.82706],[9.63674,46.82697],[9.636,46.82576],[9.63381,46.82569],[9.63329,46.82593],[9.63218,46.826],[9.63154,46.82655],[9.62901,46.82724],[9.6282,46.82729],[9.62758,46.82768],[9.62586,46.82742],[9.62493,46.82668],[9.62402,46.82695],[9.62099,46.82689],[9.62088,46.8272],[9.6219,46.82863],[9.62175,46.82896],[9.62091,46.82905],[9.61966,46.82969],[9.61674,46.82983],[9.61516,46.82943],[9.61353,46.82965],[9.61321,46.82889],[9.61341,46.82846],[9.61329,46.82817],[9.61076,46.82753],[9.60924,46.82736],[9.60887,46.82768],[9.60932,46.82842],[9.60908,46.82895],[9.60811,46.82935],[9.607,46.82938],[9.60656,46.82896],[9.60654,46.82819],[9.60577,46.82803],[9.60404,46.82874],[9.60286,46.82978],[9.60142,46.8299],[9.6022,46.83079],[9.60106,46.83119],[9.59834,46.83106],[9.59729,46.8317],[9.59657,46.83179],[9.59457,46.83138],[9.59247,46.83201],[9.5926,46.83264],[9.59239,46.83285],[9.59145,46.833],[9.59067,46.83289],[9.58964,46.8323],[9.58858,46.83223],[9.58745,46.83252],[9.58672,46.83303],[9.58586,46.83321],[9.58512,46.83308],[9.58391,46.8325],[9.58227,46.83234],[9.58119,46.83158],[9.58078,46.83154],[9.57979,46.83197],[9.57864,46.83299],[9.57898,46.8338],[9.57836,46.83404],[9.57661,46.83305],[9.57527,46.83356],[9.57455,46.83359],[9.57388,46.83336],[9.57327,46.83278],[9.5723,46.83229],[9.57096,46.83255],[9.57004,46.83235],[9.5693,46.83197],[9.56813,46.8321],[9.56611,46.83122],[9.56487,46.83133],[9.56362,46.83098],[9.55935,46.83098],[9.55666,46.8305],[9.55585,46.83054],[9.55534,46.83085],[9.55495,46.83175],[9.55298,46.83234],[9.55194,46.83225],[9.54935,46.83265],[9.54885,46.83298],[9.54819,46.83405],[9.54548,46.83531],[9.54523,46.83565],[9.54562,46.83634],[9.54534,46.83769],[9.54466,46.83856],[9.54218,46.83997],[9.53999,46.8434],[9.53912,46.84409],[9.53749,46.84467],[9.53348,46.8469],[9.5302,46.84763],[9.52552,46.8499],[9.52299,46.85048],[9.51916,46.85255],[9.5084,46.86155],[9.50724,46.86307]],[[9.61302,46.75309],[9.61419,46.75327],[9.61572,46.7531],[9.61735,46.75353],[9.61905,46.75288],[9.62219,46.75263],[9.62427,46.75191],[9.62613,46.75253],[9.62773,46.75261],[9.62887,46.75233],[9.63106,46.75256],[9.63229,46.75245],[9.6345,46.75275],[9.63687,46.7524],[9.63836,46.75275],[9.64034,46.7528],[9.64092,46.75302],[9.64237,46.75314]],[[9.64508,46.75328],[9.6476,46.7537],[9.64806,46.75412],[9.64821,46.75484],[9.64759,46.75562],[9.64761,46.75627],[9.64663,46.75667],[9.64679,46.75759],[9.64575,46.75875],[9.6455,46.75956],[9.64572,46.76071],[9.64681,46.76149],[9.64673,46.76226],[9.64731,46.76277],[9.6474,46.7636],[9.64777,46.76409]],[[9.65037,46.7655],[9.65253,46.76641],[9.65408,46.76681],[9.65404,46.76717],[9.65467,46.76752],[9.65526,46.76842],[9.65521,46.76979],[9.65484,46.77093],[9.6553,46.77135],[9.65628,46.77144],[9.657,46.77172],[9.65824,46.77162],[9.65912,46.77196],[9.66178,46.7725],[9.66241,46.77283],[9.66464,46.77211],[9.6669,46.77274],[9.66759,46.77325],[9.66912,46.7735],[9.67013,46.77407],[9.67095,46.77402],[9.67253,46.77353],[9.67358,46.77361],[9.67579,46.77403],[9.67848,46.77492],[9.68021,46.77517],[9.68114,46.775],[9.6849,46.77569],[9.68654,46.77644],[9.68768,46.77667],[9.68905,46.7777],[9.68964,46.77847]]]}},{"type":"Feature","properties":{"id":"landquart-gr","c":"GR","p":"patent","q":"derived","k":"river"},"geometry":{"type":"LineString","coordinates":[[9.95466,46.85121],[9.95433,46.85163],[9.95284,46.85221],[9.95172,46.8535],[9.95221,46.85564],[9.95088,46.8555],[9.94952,46.85563],[9.94649,46.85638],[9.94488,46.85703],[9.94183,46.85667],[9.93935,46.85731],[9.93881,46.85707],[9.9381,46.85709],[9.93758,46.85772],[9.93693,46.85786],[9.93574,46.85897],[9.93435,46.85896],[9.93334,46.85936],[9.93222,46.85921],[9.93089,46.8595],[9.93007,46.85919],[9.92869,46.85901],[9.92787,46.8593],[9.92692,46.85902],[9.92617,46.85941],[9.92448,46.85907],[9.92289,46.85822],[9.92177,46.85862],[9.92041,46.85847],[9.9192,46.85893],[9.9178,46.85897],[9.91629,46.85938],[9.91551,46.86009],[9.91422,46.86021],[9.9125,46.8607],[9.91063,46.86171],[9.90942,46.86206],[9.90718,46.86215],[9.90597,46.86251],[9.90477,46.86239],[9.90297,46.86281],[9.90068,46.86281],[9.89896,46.86344],[9.8952,46.86357],[9.89397,46.86401],[9.89189,46.86443],[9.88979,46.86524],[9.8865,46.86557],[9.88485,46.86617],[9.88248,46.86606],[9.88001,46.8685],[9.8791,46.87088],[9.87829,46.8715],[9.87798,46.87202],[9.8769,46.87253],[9.87569,46.8737],[9.87479,46.87405],[9.87383,46.87415],[9.87299,46.87498],[9.87216,46.87495],[9.87094,46.87594],[9.87018,46.87688],[9.86906,46.87712],[9.86832,46.87767],[9.86728,46.87799],[9.86661,46.87867],[9.86344,46.87991],[9.86293,46.88097],[9.86318,46.88182],[9.86253,46.88247],[9.8621,46.88272],[9.86064,46.88297],[9.85974,46.88401],[9.85754,46.88492],[9.85613,46.88588],[9.85478,46.88581],[9.8495,46.8866],[9.84773,46.88716],[9.8463,46.88877],[9.84409,46.8899],[9.84319,46.89085],[9.84117,46.89186],[9.8392,46.89314],[9.83804,46.8946],[9.83596,46.89574],[9.83308,46.89823],[9.8295,46.89952],[9.82818,46.90032],[9.82664,46.90056],[9.82437,46.90146],[9.82189,46.90149],[9.82099,46.90172],[9.81982,46.90209],[9.81892,46.90262],[9.81724,46.90277],[9.81491,46.90389],[9.81414,46.90397],[9.81227,46.90376],[9.8091,46.9044],[9.80781,46.90504],[9.80719,46.90559],[9.80706,46.90644],[9.80672,46.90673],[9.80308,46.90795],[9.8019,46.90798],[9.80115,46.90868],[9.79952,46.90939],[9.7979,46.90975],[9.79676,46.91033],[9.79453,46.9108],[9.79315,46.91076],[9.79101,46.91138],[9.78911,46.91158],[9.78791,46.91203],[9.78624,46.91219],[9.78458,46.91271],[9.78244,46.91242],[9.78022,46.91244],[9.77935,46.91252],[9.77707,46.9132],[9.7741,46.9129],[9.77173,46.91321],[9.76654,46.91255],[9.76259,46.91349],[9.7612,46.9145],[9.7599,46.91478],[9.75884,46.91532],[9.75756,46.91679],[9.75587,46.91775],[9.75502,46.91854],[9.75423,46.91895],[9.75271,46.91933],[9.75244,46.91964],[9.75232,46.92118],[9.75196,46.92164],[9.75151,46.92182],[9.7499,46.92196],[9.74756,46.92156],[9.74557,46.9224],[9.74488,46.92246],[9.74189,46.9219],[9.74127,46.92202],[9.74026,46.92256],[9.73817,46.92247],[9.73598,46.92318],[9.73361,46.92257],[9.73294,46.92265],[9.72507,46.92635],[9.72231,46.92834],[9.71992,46.92919],[9.71797,46.93076],[9.71589,46.93169],[9.71509,46.93296],[9.7137,46.93412],[9.71305,46.93554],[9.71182,46.93712],[9.71186,46.93818],[9.71084,46.94165],[9.7044,46.95028],[9.70523,46.95213],[9.70585,46.95233],[9.70698,46.95223],[9.70733,46.9527],[9.70668,46.95359],[9.70636,46.95604],[9.70599,46.9565],[9.70417,46.95789],[9.70017,46.96016],[9.69935,46.96143],[9.69851,46.96203],[9.69655,46.96257],[9.69457,46.96359],[9.69089,46.96447],[9.68964,46.96508],[9.68729,46.96528],[9.6866,46.96581],[9.68615,46.96651],[9.68372,46.96781],[9.67169,46.97202],[9.67047,46.97227],[9.66652,46.9723],[9.66493,46.97267],[9.65652,46.97316],[9.63548,46.97389],[9.6313,46.97384],[9.62668,46.9753],[9.62402,46.9755],[9.62351,46.97578],[9.62247,46.97591],[9.62103,46.97583],[9.61838,46.97519],[9.61311,46.97475],[9.61001,46.97358],[9.60682,46.97435],[9.60434,46.97431],[9.59134,46.97203],[9.58176,46.96994],[9.55694,46.96876],[9.55081,46.96871],[9.54988,46.96894]]}},{"type":"Feature","properties":{"id":"peilerbach-gr","c":"GR","p":"patent","q":"derived","k":"river"},"geometry":{"type":"LineString","coordinates":[[9.15275,46.54812],[9.15328,46.54868],[9.1532,46.54927],[9.15347,46.54968],[9.15483,46.55066],[9.1562,46.55113],[9.16103,46.55369],[9.16225,46.55397],[9.1638,46.55401],[9.16729,46.55509],[9.16979,46.55545],[9.17275,46.55638],[9.1736,46.55714],[9.17489,46.55752],[9.17521,46.55801],[9.17599,46.55831],[9.17675,46.55917],[9.17772,46.55971],[9.17812,46.56023],[9.17904,46.56088],[9.18057,46.56154],[9.18088,46.56213],[9.18279,46.56387],[9.18279,46.56421],[9.1842,46.56555],[9.18442,46.56608],[9.18524,46.56677],[9.18636,46.56723],[9.18729,46.56858],[9.18904,46.56914],[9.18982,46.56966],[9.19031,46.57025],[9.19166,46.57111],[9.19206,46.57189],[9.19406,46.57335],[9.1941,46.57443],[9.19484,46.57516],[9.19502,46.57587],[9.19603,46.57663],[9.19691,46.57683],[9.19699,46.57765],[9.19741,46.57803],[9.19839,46.58023],[9.19897,46.58077],[9.19953,46.58235],[9.19945,46.58499],[9.20018,46.58604],[9.20004,46.58746],[9.19945,46.58895],[9.19856,46.59035],[9.19909,46.59148],[9.19737,46.59348],[9.19669,46.59533],[9.1952,46.59635],[9.19338,46.5982],[9.19272,46.59856],[9.19178,46.59951],[9.19079,46.60105],[9.18864,46.60263],[9.18791,46.6027],[9.18666,46.60344],[9.18584,46.60513],[9.1853,46.60524],[9.18505,46.6056],[9.18376,46.60634],[9.18141,46.60741],[9.18126,46.6077],[9.18177,46.60887],[9.18138,46.6096],[9.18052,46.61033],[9.18022,46.61096],[9.17957,46.61127],[9.17852,46.61287],[9.17738,46.61389]]}},{"type":"Feature","properties":{"id":"valser-rhein-gr","c":"GR","p":"patent","q":"derived","k":"river"},"geometry":{"type":"MultiLineString","coordinates":[[[9.03862,46.52469],[9.03851,46.52671],[9.03807,46.52757],[9.03826,46.52827],[9.03799,46.52877],[9.03812,46.52977],[9.03844,46.53089],[9.0388,46.53119],[9.03905,46.53191],[9.03901,46.53253],[9.03943,46.53305],[9.03954,46.53483],[9.04013,46.53571],[9.04007,46.53618],[9.0407,46.53694],[9.04112,46.53869],[9.04158,46.539],[9.04152,46.53954],[9.04208,46.54006],[9.04213,46.54049],[9.04266,46.54118],[9.04256,46.54155],[9.04322,46.54209],[9.04331,46.54267],[9.0436,46.54293],[9.0434,46.54384],[9.04395,46.54438],[9.04364,46.54485],[9.04389,46.54584],[9.04377,46.54665],[9.04412,46.54714],[9.04416,46.54782],[9.04361,46.54925],[9.044,46.55025],[9.04392,46.55235],[9.0462,46.55533],[9.0466,46.55706],[9.0469,46.55742],[9.04873,46.55941],[9.05013,46.55985],[9.05075,46.56108],[9.05132,46.56169],[9.0524,46.56223],[9.05336,46.56242],[9.05413,46.56302],[9.05624,46.56365],[9.05884,46.56509],[9.05943,46.56512],[9.06023,46.56558],[9.06079,46.56569],[9.06314,46.56712],[9.06532,46.56787],[9.06683,46.5681],[9.06818,46.56808],[9.06981,46.56845],[9.07095,46.56843],[9.0719,46.56871],[9.07489,46.56876],[9.07784,46.56854]],[[9.12058,46.57928],[9.12654,46.58187],[9.12911,46.58354],[9.13004,46.58475],[9.1322,46.58593],[9.13294,46.58608],[9.13449,46.58744],[9.1413,46.59085],[9.14166,46.59122],[9.14368,46.59197],[9.14552,46.59298],[9.14656,46.59382],[9.14792,46.5956],[9.14968,46.59645],[9.15127,46.5979],[9.15298,46.59856],[9.15402,46.59982],[9.15514,46.60042],[9.15618,46.60062],[9.15692,46.60141],[9.15815,46.60221],[9.15938,46.60262],[9.16046,46.60349],[9.16215,46.60407],[9.16282,46.6047],[9.16395,46.60532],[9.16652,46.60638],[9.16994,46.60721],[9.17191,46.60803],[9.17279,46.60873],[9.17379,46.60904],[9.1739,46.60994],[9.17735,46.61392],[9.18022,46.61828],[9.1833,46.62056],[9.18536,46.62382],[9.18831,46.62538],[9.18877,46.62585],[9.18851,46.62679],[9.18703,46.62839],[9.18685,46.6292],[9.18713,46.63013],[9.18846,46.63232],[9.18807,46.6347],[9.18695,46.6364],[9.18757,46.63827],[9.18754,46.63885],[9.18681,46.64136],[9.18573,46.642],[9.1857,46.64314],[9.18531,46.64364],[9.18566,46.64484],[9.18543,46.64592],[9.18562,46.64705],[9.18618,46.64763],[9.18637,46.64818],[9.18601,46.65006],[9.18638,46.65148],[9.18623,46.65321],[9.18808,46.65448],[9.18878,46.65551],[9.18901,46.65607],[9.18902,46.6577],[9.18799,46.65922],[9.18784,46.66115],[9.18545,46.66263],[9.1844,46.66243],[9.18361,46.66258],[9.18308,46.66457],[9.18222,46.66508],[9.18214,46.66574],[9.18167,46.66652],[9.18007,46.66792],[9.17873,46.66846],[9.17817,46.6689],[9.17866,46.67032],[9.18018,46.67161],[9.17963,46.67205],[9.17943,46.67275],[9.17893,46.67317],[9.1789,46.67532],[9.17848,46.67787],[9.17957,46.67953],[9.17847,46.68105],[9.17853,46.68197],[9.178,46.68283],[9.17816,46.68377],[9.17664,46.68444],[9.17651,46.68476],[9.17676,46.68547],[9.17607,46.68621],[9.17686,46.68687],[9.17675,46.68813],[9.17753,46.68984],[9.18024,46.69179],[9.18029,46.69312],[9.18145,46.69438],[9.18108,46.69552],[9.18212,46.69626],[9.18152,46.69828],[9.18176,46.69952],[9.18094,46.70064],[9.18111,46.70118],[9.18214,46.70165],[9.18224,46.70191],[9.18073,46.70302]]]}},{"type":"Feature","properties":{"id":"rabiusa-gr","c":"GR","p":"patent","q":"derived","k":"river"},"geometry":{"type":"MultiLineString","coordinates":[[[9.23956,46.58149],[9.24001,46.58267],[9.24276,46.58394],[9.24576,46.58432],[9.24798,46.58536],[9.25176,46.58602],[9.25429,46.58624],[9.2558,46.58696],[9.25711,46.58697],[9.25851,46.58756],[9.26213,46.58819],[9.26266,46.58811],[9.26339,46.58847],[9.26541,46.58877],[9.26632,46.58933],[9.26691,46.58936],[9.26767,46.58968],[9.26853,46.59055],[9.27232,46.5929],[9.27318,46.59295],[9.27372,46.59328],[9.27504,46.59339],[9.27577,46.59365],[9.27624,46.59412],[9.27727,46.59412],[9.27831,46.59482],[9.27894,46.5948],[9.27942,46.5955],[9.28058,46.59575],[9.28084,46.59629],[9.2818,46.59686],[9.28226,46.5974],[9.2834,46.598],[9.28334,46.59854],[9.28403,46.59957],[9.284,46.60106],[9.28435,46.60139],[9.28444,46.60214],[9.28413,46.60246],[9.28104,46.604],[9.28094,46.60471],[9.28032,46.60497],[9.28001,46.60552],[9.27907,46.60599],[9.27901,46.60628],[9.27829,46.60652],[9.27815,46.60691],[9.27683,46.6081],[9.27636,46.60937],[9.27628,46.61013],[9.2768,46.61089],[9.27663,46.61158],[9.27728,46.61211],[9.27743,46.61269],[9.27887,46.61321],[9.27904,46.61346],[9.27988,46.61546],[9.28022,46.61765],[9.27925,46.61979],[9.27935,46.6208],[9.27914,46.62159],[9.27938,46.62238],[9.27863,46.62352],[9.27748,46.62451],[9.27793,46.62533],[9.27785,46.62743],[9.27846,46.62957],[9.27842,46.63112],[9.27878,46.63167],[9.27831,46.63341],[9.27927,46.63415],[9.27977,46.6353],[9.28129,46.636],[9.28134,46.63869],[9.28293,46.63962],[9.2828,46.64015],[9.2837,46.64148],[9.28363,46.64337],[9.28483,46.64556],[9.28519,46.64684],[9.28592,46.64761],[9.2857,46.64803],[9.28688,46.64871],[9.2868,46.64953],[9.28783,46.65013],[9.28872,46.65177],[9.29038,46.6525],[9.29291,46.65519],[9.29384,46.65726],[9.29376,46.6578],[9.29463,46.6588],[9.29451,46.65992],[9.29485,46.66078],[9.29574,46.66165],[9.29723,46.66246],[9.29805,46.66325],[9.29869,46.66344],[9.29954,46.66508],[9.30037,46.66584],[9.30119,46.6662],[9.30232,46.6688],[9.30302,46.66923],[9.30373,46.66941],[9.30472,46.67012],[9.30539,46.67093],[9.30557,46.67156],[9.30642,46.6721],[9.30741,46.67345],[9.30868,46.67416],[9.30999,46.67461],[9.31077,46.6758],[9.31384,46.67753],[9.31701,46.67886],[9.31884,46.68123],[9.3194,46.68235],[9.31907,46.68311],[9.32013,46.68464],[9.31985,46.68625],[9.32174,46.68802],[9.32147,46.68867],[9.32202,46.69127],[9.32294,46.69254],[9.32286,46.69316],[9.32311,46.69384],[9.32427,46.69499],[9.32419,46.69616],[9.3256,46.69726],[9.3267,46.69847],[9.32728,46.70057],[9.32751,46.70301],[9.32911,46.70431],[9.32903,46.70481],[9.3283,46.70516],[9.32818,46.70577],[9.32981,46.70678],[9.33045,46.7075],[9.33106,46.70995],[9.33064,46.71044],[9.33076,46.71084],[9.3324,46.71121],[9.33295,46.71152],[9.33341,46.7131],[9.33272,46.71489],[9.33277,46.71549],[9.33144,46.71654],[9.33194,46.71819],[9.3324,46.71864],[9.33414,46.71905],[9.33445,46.71933],[9.33441,46.72278],[9.33504,46.7235],[9.33589,46.72365],[9.3358,46.72601],[9.33891,46.72871],[9.33903,46.72906],[9.33861,46.72933],[9.3386,46.72966]],[[9.34067,46.73308],[9.34101,46.73342],[9.34107,46.73398],[9.34233,46.73465],[9.3428,46.73529],[9.34405,46.73548],[9.34623,46.73673],[9.34695,46.7382],[9.3485,46.73938],[9.34884,46.74021],[9.35178,46.74123],[9.35332,46.74215],[9.35382,46.74354],[9.35551,46.7445],[9.35648,46.74551],[9.35742,46.74582],[9.35919,46.74754],[9.36073,46.75004],[9.36084,46.75135],[9.36178,46.75221],[9.36217,46.75345],[9.3622,46.75408],[9.36175,46.75456],[9.36163,46.75547],[9.36185,46.75684],[9.36133,46.75772],[9.36137,46.7597],[9.36036,46.76035],[9.3591,46.76164],[9.35883,46.76304],[9.35904,46.76361],[9.35893,46.7642],[9.35829,46.76467],[9.35831,46.76552],[9.35739,46.7663],[9.3571,46.7669],[9.35724,46.76746],[9.35694,46.76829],[9.35742,46.7694],[9.35635,46.77089],[9.35641,46.77175],[9.35485,46.77289],[9.35408,46.77374],[9.35411,46.77431],[9.35498,46.7753],[9.3525,46.77762],[9.35191,46.77903],[9.35223,46.78032],[9.35172,46.78073],[9.35081,46.78267],[9.35087,46.78343],[9.34979,46.78401],[9.34965,46.7854],[9.34918,46.78591],[9.34834,46.78623],[9.34716,46.78638],[9.34687,46.78676],[9.34713,46.78749],[9.347,46.78771],[9.34554,46.78813],[9.34602,46.78949],[9.34581,46.7908],[9.34497,46.79173],[9.34422,46.79212],[9.34436,46.7928],[9.34355,46.79341],[9.34253,46.79371],[9.3426,46.79465],[9.34117,46.79486],[9.34053,46.79548],[9.34065,46.797],[9.34194,46.79742],[9.34214,46.7986],[9.34359,46.7993],[9.34366,46.79957],[9.34275,46.80026],[9.34061,46.80064],[9.34097,46.80169],[9.34003,46.80254],[9.3385,46.80192],[9.33521,46.80184],[9.33383,46.80219],[9.3333,46.80325],[9.33233,46.80391],[9.33153,46.80415],[9.33067,46.80513]]]}},{"type":"Feature","properties":{"id":"rabiusa-gr-2","c":"GR","p":"patent","q":"derived","k":"river"},"geometry":{"type":"MultiLineString","coordinates":[[[9.55035,46.77115],[9.54987,46.77193],[9.54842,46.77259],[9.54818,46.77325],[9.54757,46.7738],[9.54727,46.77473],[9.54561,46.77537],[9.54444,46.77702],[9.54384,46.7797],[9.54396,46.78125],[9.54272,46.78263],[9.54242,46.78346],[9.54253,46.78425],[9.54177,46.78543],[9.54183,46.78588],[9.54065,46.78739],[9.53991,46.78789],[9.53955,46.78875],[9.53962,46.78942],[9.53872,46.79058],[9.53594,46.79311],[9.53578,46.79415],[9.53505,46.79535],[9.53569,46.79661],[9.53526,46.79762],[9.53401,46.79915],[9.53458,46.79979],[9.53534,46.80005],[9.53493,46.80159],[9.53523,46.80244],[9.53617,46.80336],[9.53656,46.80428],[9.53729,46.80469],[9.53735,46.80555],[9.5371,46.80645],[9.53793,46.80722],[9.53778,46.80757],[9.53815,46.80796],[9.53838,46.80909],[9.53886,46.80965],[9.53871,46.81103],[9.53888,46.81159],[9.53938,46.81203],[9.53926,46.81254],[9.5399,46.81333],[9.5399,46.81406],[9.54032,46.81442],[9.54002,46.81485],[9.54048,46.81548],[9.54094,46.81568],[9.54115,46.81623],[9.54201,46.81688],[9.54184,46.81775],[9.54131,46.81775],[9.54086,46.81806],[9.54192,46.81874],[9.54168,46.81949],[9.54238,46.82003],[9.54273,46.82084],[9.54389,46.82141],[9.5439,46.82228],[9.54468,46.823],[9.54511,46.8244],[9.54503,46.82497],[9.54551,46.82538],[9.54512,46.82625],[9.54585,46.82686],[9.5462,46.82755],[9.54602,46.82879],[9.54631,46.82936],[9.54545,46.83042],[9.54554,46.83141],[9.54506,46.83167],[9.54444,46.83306],[9.54492,46.83373],[9.54576,46.83415],[9.54601,46.83502]],[[9.55264,46.77045],[9.55103,46.77081]]]}},{"type":"Feature","properties":{"id":"rain-digl-lai-gr","c":"GR","p":"patent","q":"derived","k":"river"},"geometry":{"type":"MultiLineString","coordinates":[[[9.52657,46.74152],[9.52828,46.74145],[9.53168,46.74076],[9.53419,46.74093],[9.5362,46.74081],[9.53699,46.74102],[9.53819,46.74059],[9.54173,46.74045],[9.54258,46.74003],[9.54342,46.74008],[9.54388,46.74069],[9.54488,46.74102],[9.54599,46.74105],[9.54657,46.74083]],[[9.55323,46.73031],[9.55376,46.7297],[9.55534,46.72898],[9.55622,46.72797],[9.55649,46.72684],[9.55644,46.72639],[9.55579,46.72567],[9.55504,46.72522],[9.55473,46.7244],[9.55523,46.72309],[9.55458,46.72251],[9.55526,46.72153],[9.5552,46.72025],[9.55541,46.72003],[9.55517,46.71956],[9.55565,46.71879],[9.55583,46.71728],[9.55636,46.71681],[9.55644,46.7161],[9.5562,46.71558],[9.5565,46.71458],[9.55583,46.71375],[9.55453,46.71331],[9.55405,46.71179],[9.55303,46.71051],[9.55281,46.70889],[9.55225,46.70791],[9.55157,46.70727],[9.55135,46.70664],[9.55007,46.70524],[9.54994,46.70461],[9.54924,46.70385],[9.54881,46.70272],[9.54823,46.70277],[9.5479,46.7026],[9.54786,46.70157],[9.54706,46.70064],[9.54683,46.69954],[9.54566,46.69907],[9.54429,46.69773],[9.54383,46.69688],[9.5425,46.69613],[9.54151,46.69605],[9.54104,46.695],[9.5396,46.69414],[9.53921,46.69341],[9.53725,46.69182],[9.53638,46.69082],[9.53632,46.69042],[9.53511,46.68932],[9.53376,46.68872],[9.53282,46.68922],[9.53229,46.68895],[9.53115,46.68903],[9.53134,46.68849],[9.53225,46.68811],[9.53231,46.68745],[9.53265,46.68722],[9.53216,46.68578],[9.53163,46.68543],[9.53069,46.68558],[9.53007,46.68542],[9.52897,46.68545],[9.52828,46.68497],[9.52824,46.68456],[9.52764,46.68442],[9.52709,46.68333],[9.52658,46.68291]],[[9.5511,46.73484],[9.55087,46.73456],[9.55092,46.73396],[9.55066,46.73375],[9.55098,46.73294],[9.55166,46.73226],[9.55195,46.73232],[9.55222,46.73201],[9.55234,46.73123],[9.55276,46.73125],[9.55334,46.7307]]]}},{"type":"Feature","properties":{"id":"schanielenbach-gr","c":"GR","p":"patent","q":"derived","k":"river"},"geometry":{"type":"LineString","coordinates":[[9.85856,47.00531],[9.85824,47.00378],[9.85779,47.00323],[9.85767,47.002],[9.85787,47.00143],[9.8574,47.0002],[9.85741,46.99912],[9.85765,46.99863],[9.85689,46.99807],[9.85699,46.99723],[9.85604,46.99604],[9.85453,46.99498],[9.85346,46.99301],[9.85236,46.99238],[9.85179,46.99169],[9.85089,46.99127],[9.8505,46.99045],[9.84999,46.98992],[9.84869,46.98914],[9.84778,46.98798],[9.84304,46.98558],[9.84279,46.98422],[9.84178,46.98293],[9.84143,46.98173],[9.83933,46.98091],[9.83811,46.9795],[9.83794,46.9785],[9.83492,46.97707],[9.83303,46.9757],[9.83256,46.97507],[9.83088,46.97438],[9.82978,46.97351],[9.82912,46.97338],[9.82879,46.97305],[9.82776,46.97296],[9.82597,46.97228],[9.82548,46.97226],[9.82403,46.97154],[9.82349,46.97106],[9.82257,46.97112],[9.82179,46.9695],[9.81812,46.96863],[9.81658,46.96863],[9.81625,46.9688],[9.81489,46.96871],[9.81398,46.96905],[9.813,46.9689],[9.8122,46.96849],[9.81184,46.96762],[9.81092,46.96696],[9.80882,46.96702],[9.80861,46.96677],[9.80879,46.9663],[9.80832,46.96568],[9.80757,46.9653],[9.80705,46.96464],[9.8064,46.96447],[9.80561,46.96384],[9.80531,46.96318],[9.80471,46.96292],[9.80469,46.96119],[9.80418,46.96064],[9.80414,46.95975],[9.8036,46.95917],[9.80247,46.95629],[9.8017,46.95561],[9.80219,46.95488],[9.80138,46.95371],[9.80185,46.95218],[9.80185,46.95109],[9.80153,46.95014],[9.80171,46.94934],[9.8014,46.94875],[9.80026,46.94807],[9.79918,46.94633],[9.79912,46.94563],[9.79974,46.94486],[9.80009,46.94283],[9.79981,46.94214],[9.79756,46.93976],[9.79745,46.93897],[9.79666,46.93818],[9.79539,46.93749],[9.79535,46.93703],[9.79349,46.93585],[9.79255,46.9355],[9.79225,46.9349],[9.79095,46.93465],[9.79042,46.9341],[9.78981,46.93391],[9.78893,46.93415],[9.78822,46.9341],[9.78742,46.9344],[9.78709,46.93397],[9.78694,46.93305],[9.78374,46.93145],[9.7837,46.93018],[9.78235,46.9289],[9.78225,46.92812],[9.78189,46.92745],[9.78114,46.92684],[9.78095,46.92598],[9.7798,46.92499],[9.77942,46.92494],[9.77855,46.92558],[9.77688,46.92488],[9.77447,46.9243],[9.7744,46.92355],[9.77369,46.9231],[9.77372,46.92265],[9.77303,46.92186],[9.77328,46.92119],[9.77291,46.92055],[9.77159,46.91948],[9.77112,46.91792],[9.76994,46.91738],[9.76949,46.91659],[9.76959,46.9156],[9.76916,46.91296]]}},{"type":"Feature","properties":{"id":"schlappinbach-gr","c":"GR","p":"patent","q":"derived","k":"river"},"geometry":{"type":"MultiLineString","coordinates":[[[9.8987,46.90625],[9.89741,46.90542],[9.89685,46.90426],[9.89572,46.90324],[9.89467,46.90262],[9.89391,46.90145],[9.89289,46.9009],[9.89205,46.8988],[9.89051,46.89663],[9.89041,46.89612],[9.88939,46.89554],[9.88915,46.89513],[9.88924,46.89464],[9.88839,46.89415],[9.8875,46.8933],[9.8875,46.89231],[9.88676,46.89141],[9.8862,46.89109],[9.88573,46.89033],[9.88447,46.88952],[9.88346,46.88932],[9.88252,46.88868],[9.88149,46.88826],[9.88112,46.88749],[9.88,46.88694],[9.87927,46.88566],[9.87857,46.88549],[9.87772,46.88497],[9.87706,46.88519],[9.87631,46.88486],[9.87414,46.88494],[9.87318,46.88464],[9.87244,46.88477],[9.87163,46.88438],[9.87084,46.8845],[9.86929,46.88409],[9.86801,46.8831],[9.86786,46.8827],[9.86581,46.88197],[9.86463,46.88204],[9.86406,46.88189],[9.86335,46.88231],[9.86278,46.88222]],[[9.99065,46.89251],[9.99034,46.89217],[9.99051,46.89023],[9.98987,46.88946],[9.99011,46.88866],[9.98925,46.8877],[9.98896,46.88743],[9.98646,46.88645],[9.98509,46.88655],[9.98271,46.88744],[9.98197,46.8882],[9.98051,46.88801],[9.97847,46.88884],[9.97819,46.88873],[9.97593,46.88892],[9.97565,46.88933],[9.97492,46.88947],[9.97373,46.89006],[9.97366,46.89029],[9.97286,46.8907],[9.97269,46.89121],[9.97222,46.8916],[9.97127,46.89404],[9.97056,46.89419],[9.97029,46.89459],[9.96937,46.89498],[9.96919,46.89562],[9.96828,46.896],[9.96816,46.89657],[9.96749,46.89674],[9.96726,46.89724],[9.96663,46.89747],[9.96649,46.89782],[9.96566,46.89801],[9.96478,46.89858],[9.96422,46.89862],[9.96338,46.89922],[9.96252,46.89901],[9.96105,46.89943],[9.95958,46.89954],[9.95884,46.89987],[9.95817,46.89971],[9.9575,46.89978],[9.95594,46.90044],[9.95241,46.9004],[9.94889,46.90093],[9.94632,46.90075],[9.94489,46.90095],[9.94449,46.90084],[9.94242,46.90147],[9.94082,46.90133],[9.93995,46.90167],[9.93903,46.90177],[9.93726,46.90277],[9.93629,46.90241],[9.93556,46.90257],[9.93492,46.90223],[9.93439,46.90227],[9.93389,46.90206],[9.93312,46.90216],[9.93143,46.90268],[9.93097,46.90322],[9.92991,46.90342],[9.92893,46.90387],[9.92718,46.90416],[9.92662,46.90405],[9.92518,46.90444],[9.92479,46.90492],[9.92494,46.90535],[9.92397,46.9055],[9.92254,46.90644],[9.92211,46.90693],[9.92124,46.90711],[9.92044,46.90762],[9.91891,46.90768],[9.91787,46.90905],[9.91716,46.90927],[9.91633,46.90912],[9.9157,46.90948],[9.91487,46.90951],[9.91401,46.91016],[9.91318,46.91048],[9.91026,46.91105],[9.90909,46.91111],[9.90696,46.91211],[9.9054,46.91185],[9.90492,46.91132],[9.90473,46.91048],[9.9039,46.91018],[9.90271,46.90917],[9.90176,46.90884],[9.90092,46.90881],[9.90074,46.90849],[9.90005,46.90819]],[[9.99506,46.89867],[9.99483,46.89765],[9.99504,46.89721],[9.99353,46.89534],[9.99256,46.89497],[9.99169,46.8949]]]}},{"type":"Feature","properties":{"id":"schraubbach-gr","c":"GR","p":"patent","q":"derived","k":"river"},"geometry":{"type":"LineString","coordinates":[[9.74978,46.98709],[9.74867,46.98653],[9.74783,46.9867],[9.74732,46.98661],[9.74671,46.98558],[9.7458,46.98551],[9.74442,46.98482],[9.74319,46.985],[9.74225,46.98433],[9.74143,46.98419],[9.73838,46.98446],[9.73787,46.98418],[9.7374,46.98354],[9.73566,46.98362],[9.7349,46.98303],[9.73383,46.98289],[9.73289,46.98233],[9.73225,46.98242],[9.73203,46.98291],[9.73172,46.98302],[9.73021,46.98228],[9.72939,46.98243],[9.72812,46.9822],[9.72632,46.98228],[9.72584,46.98287],[9.72545,46.98288],[9.72343,46.982],[9.72311,46.98175],[9.72302,46.98115],[9.72072,46.98024],[9.71984,46.97953],[9.71811,46.97931],[9.71739,46.97898],[9.71651,46.97799],[9.71479,46.97811],[9.71272,46.97726],[9.71161,46.97728],[9.71061,46.97651],[9.70825,46.97645],[9.70715,46.97582],[9.70583,46.9747],[9.70413,46.97413],[9.70311,46.97431],[9.70165,46.97372],[9.70029,46.97284],[9.69943,46.97296],[9.69894,46.97277],[9.69708,46.97269],[9.69622,46.97206],[9.69456,46.97143],[9.6942,46.96979],[9.6935,46.96922],[9.69055,46.96552],[9.6898,46.96501]]}},{"type":"Feature","properties":{"id":"mulinbach-gr","c":"GR","p":"patent","q":"derived","k":"river"},"geometry":{"type":"LineString","coordinates":[[9.49719,46.81352],[9.49596,46.81452],[9.49425,46.81504],[9.49329,46.81579],[9.49224,46.81614],[9.49126,46.81712],[9.48626,46.81791],[9.48435,46.81858],[9.48353,46.81926],[9.4826,46.81895],[9.48115,46.81952],[9.47911,46.81939],[9.4772,46.81994],[9.47609,46.81993],[9.47477,46.82045],[9.47394,46.82099],[9.47368,46.82153],[9.47235,46.82256],[9.47234,46.82337],[9.47154,46.82431],[9.47085,46.82616],[9.47098,46.82652],[9.47047,46.8296],[9.47069,46.83015],[9.46988,46.83255],[9.4694,46.83303],[9.46699,46.83434],[9.46613,46.83447],[9.46498,46.8359],[9.46512,46.84007]]}},{"type":"Feature","properties":{"id":"lavoibach-gr","c":"GR","p":"patent","q":"derived","k":"river"},"geometry":{"type":"LineString","coordinates":[[9.34845,46.89035],[9.34986,46.89003],[9.35184,46.88991],[9.35251,46.89003],[9.35528,46.88778],[9.35679,46.8876],[9.35736,46.8871],[9.35716,46.88662],[9.35726,46.88598],[9.35867,46.88413],[9.35925,46.88401],[9.3594,46.88365],[9.36012,46.88311],[9.36038,46.88239],[9.36214,46.88135],[9.36251,46.8812],[9.36338,46.88136],[9.36512,46.88093],[9.36605,46.88114],[9.36712,46.88078],[9.36776,46.88076],[9.36801,46.88046],[9.36865,46.88066],[9.36985,46.88028],[9.3711,46.87835],[9.3705,46.8776],[9.37056,46.87714],[9.37103,46.87627],[9.37179,46.87555],[9.37184,46.87491],[9.37278,46.87417],[9.37296,46.87354],[9.37377,46.87275],[9.37392,46.8719],[9.37491,46.87134],[9.37635,46.8701],[9.37648,46.86872],[9.37576,46.86749],[9.37646,46.86595],[9.37609,46.8654],[9.37666,46.86473],[9.37658,46.86374],[9.37724,46.86243],[9.37735,46.86171],[9.37766,46.86153],[9.37682,46.85903],[9.37694,46.85849],[9.37772,46.85754],[9.37942,46.85614],[9.37935,46.85553],[9.38016,46.8548],[9.38062,46.85384],[9.38122,46.85339],[9.38127,46.85287],[9.38218,46.85214],[9.38318,46.85059],[9.38373,46.85043],[9.38443,46.84964],[9.38557,46.84907],[9.3859,46.84871],[9.38581,46.84831],[9.3846,46.84688],[9.38484,46.84617],[9.38446,46.84575],[9.38438,46.84452],[9.38467,46.84395],[9.38698,46.84184],[9.38881,46.83905],[9.39024,46.83733],[9.3916,46.8368],[9.39213,46.83637],[9.39281,46.83506],[9.39322,46.83484],[9.39419,46.83481],[9.39513,46.83413],[9.39661,46.83386],[9.39781,46.83299],[9.39899,46.83256],[9.39927,46.83202],[9.3988,46.83126],[9.39902,46.83068],[9.40004,46.82963],[9.4003,46.82951],[9.40115,46.82958],[9.40193,46.82921],[9.4022,46.82748],[9.40202,46.82723],[9.40229,46.8268],[9.40213,46.82648],[9.40343,46.82616],[9.40363,46.8256]]}},{"type":"Feature","properties":{"id":"val-maliens-gr","c":"GR","p":"patent","q":"derived","k":"river"},"geometry":{"type":"LineString","coordinates":[[9.36165,46.86143],[9.36162,46.86121],[9.36222,46.86063],[9.36205,46.85956],[9.36378,46.85838],[9.36385,46.85787],[9.36576,46.85626],[9.36637,46.85523],[9.36632,46.85444],[9.36737,46.85317],[9.36773,46.85207],[9.36885,46.8512],[9.36889,46.85029],[9.36973,46.84991],[9.37005,46.84952],[9.3701,46.84846],[9.37051,46.84813],[9.37031,46.84717],[9.37317,46.8443],[9.37467,46.84236],[9.37483,46.84061],[9.3755,46.83896],[9.37607,46.83886],[9.37648,46.83855],[9.37749,46.83699],[9.37748,46.83659],[9.37903,46.83527],[9.37865,46.83508],[9.37874,46.83461],[9.37811,46.83349],[9.37795,46.8325],[9.37829,46.83028],[9.37871,46.82949],[9.37778,46.82762],[9.37665,46.82733],[9.37572,46.82638],[9.37557,46.82586],[9.37623,46.82468],[9.37571,46.82403]]}},{"type":"Feature","properties":{"id":"aua-da-mulins-gr","c":"GR","p":"patent","q":"derived","k":"river"},"geometry":{"type":"LineString","coordinates":[[9.28037,46.89766],[9.2824,46.89597],[9.28359,46.89417],[9.28449,46.89349],[9.28443,46.89289],[9.28533,46.89239],[9.28521,46.89178],[9.28679,46.89019],[9.28733,46.88934],[9.28735,46.88834],[9.28797,46.88809],[9.2884,46.88737],[9.28916,46.88686],[9.2896,46.886],[9.29054,46.88585],[9.29234,46.88495],[9.29277,46.88438],[9.29271,46.88398],[9.29343,46.88373],[9.2941,46.88306],[9.2964,46.88239],[9.29703,46.882],[9.29708,46.88169],[9.29812,46.88089],[9.29853,46.87984],[9.29918,46.87922],[9.29925,46.8784],[9.29976,46.8777],[9.30134,46.87748],[9.30192,46.87697],[9.30217,46.87619],[9.30351,46.87499],[9.30481,46.87451],[9.30638,46.87294],[9.30723,46.87239],[9.3074,46.87136],[9.30822,46.87067],[9.30811,46.87024],[9.30844,46.86946],[9.30911,46.86894],[9.30914,46.86822],[9.30984,46.86782],[9.30988,46.86732],[9.3105,46.86664],[9.31045,46.86493],[9.31208,46.86248],[9.3132,46.86185],[9.31461,46.86138],[9.31586,46.86028],[9.31773,46.85941],[9.31788,46.85846],[9.31852,46.85729],[9.31921,46.85682],[9.31989,46.85586],[9.32033,46.8557],[9.32119,46.85493],[9.32216,46.85472],[9.32413,46.85489],[9.32446,46.85526],[9.32599,46.85609]]}},{"type":"Feature","properties":{"id":"segnas-sura-gr","c":"GR","p":"patent","q":"derived","k":"river"},"geometry":{"type":"LineString","coordinates":[[9.2505,46.90164],[9.25123,46.90115],[9.25206,46.8995],[9.2528,46.89778],[9.25302,46.89581],[9.25182,46.89531],[9.25025,46.89512],[9.2501,46.8944],[9.2495,46.89376],[9.24954,46.89323],[9.24916,46.89272],[9.2493,46.89221],[9.24882,46.89159],[9.24875,46.89058],[9.24835,46.88976],[9.24836,46.88865],[9.2475,46.88655],[9.24646,46.88526],[9.24553,46.88451],[9.24432,46.88257],[9.24416,46.88176],[9.24314,46.88155],[9.2427,46.88101],[9.24209,46.87934],[9.24116,46.87883],[9.24078,46.878],[9.24025,46.87749],[9.23862,46.87736],[9.23756,46.87606],[9.23693,46.87582],[9.23576,46.87387]]}},{"type":"Feature","properties":{"id":"dutjertobelbach-gr","c":"GR","p":"patent","q":"derived","k":"river"},"geometry":{"type":"LineString","coordinates":[[9.28335,46.75046],[9.28271,46.75062],[9.28242,46.751],[9.28313,46.75267],[9.28356,46.75316],[9.28392,46.75446],[9.28203,46.7576],[9.28201,46.75895],[9.28066,46.76122],[9.28013,46.76278],[9.27963,46.7632],[9.27936,46.76492],[9.27902,46.76544],[9.27884,46.76841],[9.27912,46.76941],[9.27972,46.77011],[9.28133,46.77056],[9.28201,46.77127],[9.28223,46.77193],[9.28323,46.77266],[9.28427,46.77284],[9.28716,46.7728],[9.28908,46.77365],[9.28966,46.77433],[9.29188,46.77548],[9.29276,46.77642],[9.29401,46.77685],[9.29405,46.77802],[9.29665,46.78019]]}},{"type":"Feature","properties":{"id":"ual-draus-gr","c":"GR","p":"patent","q":"derived","k":"river"},"geometry":{"type":"MultiLineString","coordinates":[[[9.17318,46.85388],[9.17529,46.85359],[9.17667,46.85371],[9.17817,46.85345],[9.1784,46.85361],[9.17917,46.85334],[9.18121,46.85312],[9.18275,46.85329],[9.18319,46.85306],[9.18546,46.85272],[9.18739,46.852],[9.1887,46.85215],[9.18936,46.85178],[9.19071,46.8519],[9.19171,46.85135],[9.19309,46.85141],[9.19493,46.85118],[9.19631,46.85128],[9.19737,46.85084],[9.19928,46.85068],[9.20007,46.85041],[9.20285,46.85025],[9.20432,46.84981],[9.20992,46.84954],[9.211,46.84879],[9.21362,46.84833],[9.21506,46.84817],[9.21685,46.8485],[9.21805,46.84813],[9.21979,46.84825],[9.2203,46.848],[9.2229,46.84774],[9.22548,46.84694],[9.22757,46.84694],[9.22827,46.84614],[9.229,46.84581],[9.23097,46.84544],[9.23224,46.845],[9.23336,46.84495],[9.2353,46.84452],[9.23741,46.84386],[9.23915,46.84308],[9.2396,46.8425],[9.24015,46.84225],[9.24013,46.84201],[9.24114,46.84166],[9.2411,46.84125],[9.24234,46.84011],[9.24248,46.83966],[9.24392,46.83899],[9.24457,46.83891],[9.24474,46.8383],[9.24505,46.83805],[9.24585,46.83793],[9.24802,46.83805],[9.24971,46.83854],[9.25046,46.83894],[9.25215,46.83877],[9.25291,46.83846],[9.25331,46.83802],[9.25471,46.83755],[9.25586,46.83667],[9.25758,46.83603],[9.25905,46.8352],[9.26031,46.83493],[9.26059,46.83463],[9.26123,46.83453],[9.26176,46.8342],[9.2635,46.83418],[9.26386,46.8338],[9.26401,46.83267],[9.26463,46.83216],[9.26453,46.83165],[9.2651,46.83122],[9.26503,46.83025],[9.2657,46.82866],[9.26538,46.82799],[9.26604,46.82764],[9.26581,46.82691],[9.26652,46.82673],[9.26692,46.82621],[9.26738,46.82489],[9.26682,46.82459],[9.267,46.82431],[9.26808,46.82381],[9.26612,46.82178],[9.26613,46.82084],[9.26579,46.82037],[9.26574,46.81974],[9.26633,46.81947],[9.26622,46.81891]],[[9.26593,46.81696],[9.26549,46.81652]]]}},{"type":"Feature","properties":{"id":"val-da-tumegl-gr","c":"GR","p":"patent","q":"derived","k":"river"},"geometry":{"type":"LineString","coordinates":[[9.49607,46.7693],[9.49392,46.76967],[9.4928,46.76934],[9.49119,46.76927],[9.48998,46.76892],[9.48842,46.76799],[9.48649,46.76738],[9.48404,46.76758],[9.48235,46.76795],[9.48097,46.76786],[9.47892,46.76807],[9.47804,46.76825],[9.47691,46.7688],[9.47552,46.76995],[9.4747,46.76994],[9.47305,46.77053],[9.47054,46.7708],[9.4688,46.7712],[9.46667,46.77194],[9.46445,46.77298],[9.46226,46.77367],[9.4592,46.77365],[9.45794,46.77407],[9.45597,46.77383],[9.45401,46.77443]]}},{"type":"Feature","properties":{"id":"saletgabach-gr","c":"GR","p":"patent","q":"derived","k":"river"},"geometry":{"type":"LineString","coordinates":[[9.46382,46.79653],[9.46324,46.79585],[9.46148,46.79512],[9.4605,46.79392],[9.45938,46.79348],[9.45629,46.79075],[9.45553,46.78962],[9.45451,46.78902],[9.45394,46.78838],[9.45029,46.78684],[9.44973,46.78652],[9.44899,46.78565],[9.44954,46.78365],[9.45065,46.78172],[9.45068,46.77908],[9.45145,46.77693],[9.45124,46.77606],[9.45201,46.77518],[9.4518,46.77434],[9.45212,46.77382],[9.45169,46.77329]]}},{"type":"Feature","properties":{"id":"nollakanal-gr","c":"GR","p":"patent","q":"derived","k":"river"},"geometry":{"type":"LineString","coordinates":[[9.43954,46.69304],[9.44244,46.69487],[9.44355,46.69792],[9.44406,46.69862],[9.44521,46.71028],[9.44439,46.71268],[9.44412,46.71447],[9.44348,46.71568],[9.4424,46.71681],[9.44049,46.72003],[9.43232,46.73041],[9.43038,46.73528],[9.42925,46.74155],[9.42824,46.7455],[9.42695,46.74899],[9.4254,46.75249],[9.42006,46.76177],[9.42082,46.76199],[9.42155,46.76256]]}},{"type":"Feature","properties":{"id":"schauensteiner-tobel-gr","c":"GR","p":"patent","q":"derived","k":"river"},"geometry":{"type":"LineString","coordinates":[[9.37889,46.70773],[9.38027,46.7081],[9.38232,46.70785],[9.38435,46.7086],[9.38531,46.70868],[9.38732,46.70845],[9.38903,46.70702],[9.39134,46.70744],[9.39187,46.70773],[9.39265,46.7077],[9.39387,46.70793],[9.39511,46.70867],[9.39834,46.70948],[9.40005,46.70957],[9.40462,46.71034],[9.40682,46.70964],[9.40793,46.70974],[9.40951,46.70945],[9.41281,46.70972],[9.41532,46.70884],[9.41627,46.70793],[9.41686,46.7079],[9.41864,46.70827],[9.41901,46.70867],[9.4198,46.70886],[9.42036,46.70932],[9.42135,46.70937],[9.42456,46.7102],[9.42604,46.71036],[9.42767,46.71098],[9.43004,46.71149]]}},{"type":"Feature","properties":{"id":"porteiner-tobel-gr","c":"GR","p":"patent","q":"derived","k":"river"},"geometry":{"type":"LineString","coordinates":[[9.36694,46.71625],[9.36736,46.71637],[9.36781,46.71618],[9.36845,46.71573],[9.36847,46.71513],[9.36873,46.7149],[9.37031,46.714],[9.37101,46.71382],[9.37203,46.71401],[9.37278,46.71446],[9.37384,46.71461],[9.37444,46.71497],[9.37616,46.71491],[9.37675,46.71468],[9.37787,46.71502],[9.37882,46.71498],[9.37968,46.71523],[9.38043,46.71495],[9.38234,46.71374],[9.3827,46.7137],[9.38575,46.71408],[9.38766,46.71512],[9.38901,46.71515],[9.38978,46.71495],[9.39038,46.71524],[9.39281,46.71552],[9.39434,46.71487],[9.39601,46.71452],[9.39734,46.7145],[9.39872,46.71397],[9.40041,46.71365],[9.40291,46.71392],[9.40451,46.71325],[9.40721,46.71325],[9.40882,46.71295],[9.41006,46.713],[9.411,46.71335],[9.41136,46.71424],[9.4122,46.71449],[9.41327,46.71391],[9.41571,46.7134],[9.41728,46.71342],[9.41847,46.71378],[9.41928,46.71376],[9.42276,46.71338],[9.42484,46.71287],[9.42738,46.71292],[9.42866,46.71254],[9.42979,46.71182],[9.43021,46.71179]]}},{"type":"Feature","properties":{"id":"almenser-tobel-gr","c":"GR","p":"patent","q":"derived","k":"river"},"geometry":{"type":"LineString","coordinates":[[9.50523,46.74467],[9.50566,46.74477],[9.50592,46.74537],[9.50545,46.74888],[9.50425,46.74963],[9.50271,46.75019],[9.5011,46.7505],[9.50018,46.7504],[9.49858,46.75053],[9.4968,46.75098],[9.49607,46.75088],[9.49357,46.75146],[9.49147,46.75126],[9.48995,46.75166],[9.48813,46.75116],[9.48714,46.75099],[9.48653,46.75108],[9.48588,46.75049],[9.48408,46.75024],[9.48352,46.74999],[9.48209,46.75037],[9.47979,46.7494],[9.47947,46.74896],[9.4787,46.74849],[9.47763,46.74867],[9.4768,46.74846],[9.47584,46.74848],[9.47482,46.74757],[9.47373,46.74734],[9.47276,46.74715],[9.47084,46.74721],[9.46941,46.74651],[9.46747,46.74704],[9.46596,46.74717],[9.46438,46.74667],[9.46273,46.74673],[9.46151,46.74618],[9.45881,46.74586],[9.45269,46.74183],[9.45184,46.74072],[9.45191,46.74033],[9.45115,46.73895],[9.44813,46.73663],[9.4478,46.73607],[9.44534,46.73512],[9.44136,46.73293],[9.43985,46.73273],[9.43844,46.73216],[9.43775,46.73228]]}},{"type":"Feature","properties":{"id":"scharanser-tobel-gr","c":"GR","p":"patent","q":"derived","k":"river"},"geometry":{"type":"MultiLineString","coordinates":[[[9.44558,46.71714],[9.44509,46.71724]],[[9.50022,46.73112],[9.4992,46.72968],[9.49905,46.72871],[9.49849,46.72799],[9.49842,46.72671],[9.49693,46.72568],[9.49559,46.72529],[9.49374,46.72346],[9.4914,46.72235],[9.49015,46.72196],[9.48759,46.72059],[9.48568,46.72028],[9.48448,46.71936],[9.48428,46.71846],[9.4834,46.71853],[9.48038,46.71799],[9.4776,46.71781],[9.47659,46.71726],[9.47597,46.71662],[9.47256,46.71606],[9.47116,46.71526],[9.47008,46.71501],[9.46939,46.71421],[9.46712,46.71341],[9.46287,46.71292],[9.46063,46.71299],[9.4592,46.7133],[9.45769,46.7141],[9.45688,46.71431],[9.45482,46.7143],[9.45348,46.71505],[9.44826,46.71508],[9.44727,46.71616],[9.44588,46.71676]]]}},{"type":"Feature","properties":{"id":"prodavosbach-gr","c":"GR","p":"patent","q":"derived","k":"river"},"geometry":{"type":"LineString","coordinates":[[9.50815,46.7147],[9.50801,46.71434],[9.50512,46.71199],[9.50338,46.71192],[9.50224,46.71163],[9.50152,46.71075],[9.50082,46.71042],[9.49916,46.7103],[9.49662,46.70969],[9.49601,46.70932],[9.49616,46.7089],[9.49598,46.70863],[9.49468,46.70786],[9.4927,46.70745],[9.49141,46.70762],[9.48996,46.70714],[9.48917,46.70661],[9.48901,46.70623],[9.48836,46.70596],[9.48813,46.70504],[9.48709,46.70452],[9.48566,46.70421],[9.48326,46.70249],[9.48332,46.70192],[9.48367,46.70146],[9.48127,46.7002],[9.48146,46.69984],[9.48128,46.6994],[9.48021,46.69931],[9.48007,46.69894],[9.47968,46.69888]]}},{"type":"Feature","properties":{"id":"grossbach-gr-2","c":"GR","p":"patent","q":"derived","k":"river"},"geometry":{"type":"LineString","coordinates":[[9.49929,46.64889],[9.5003,46.65066],[9.50074,46.65236],[9.50014,46.65446],[9.49998,46.65618],[9.50094,46.65924],[9.50102,46.66178],[9.50139,46.66256],[9.50112,46.66405],[9.50151,46.66539],[9.50214,46.66594],[9.50193,46.66656],[9.50216,46.66788],[9.50285,46.6686],[9.50384,46.66887],[9.50453,46.66989],[9.50405,46.67069],[9.50404,46.672],[9.50462,46.67344],[9.50545,46.67441],[9.50536,46.67554],[9.50558,46.67626],[9.50638,46.67712],[9.5061,46.67816],[9.50633,46.67947],[9.50731,46.68032],[9.5073,46.68088],[9.5091,46.68305],[9.50987,46.68441],[9.51247,46.68656]]}},{"type":"Feature","properties":{"id":"bova-gronda-bach-gr","c":"GR","p":"patent","q":"derived","k":"river"},"geometry":{"type":"LineString","coordinates":[[9.58511,46.70428],[9.58302,46.70237],[9.58159,46.70202],[9.58036,46.70096],[9.57854,46.70106],[9.57728,46.70146],[9.57523,46.70096],[9.57303,46.70069],[9.57085,46.70106],[9.56932,46.70154],[9.56745,46.70146],[9.56626,46.70185],[9.56528,46.70193],[9.56365,46.70281],[9.5619,46.70334],[9.557,46.7034],[9.55452,46.70444],[9.55389,46.7042],[9.55129,46.70384],[9.54985,46.70391],[9.54957,46.70413]]}},{"type":"Feature","properties":{"id":"aua-da-sanaspans-gr","c":"GR","p":"patent","q":"derived","k":"river"},"geometry":{"type":"LineString","coordinates":[[9.59994,46.71823],[9.59983,46.71865],[9.5994,46.71898],[9.59701,46.71895],[9.59491,46.72045],[9.59416,46.72131],[9.59301,46.72195],[9.59209,46.72199],[9.59119,46.72244],[9.58998,46.72272],[9.58789,46.72271],[9.58711,46.72327],[9.58507,46.72376],[9.58386,46.72504],[9.58268,46.72501],[9.58154,46.72535],[9.58063,46.72527],[9.57901,46.72606],[9.57745,46.72611],[9.57633,46.72544],[9.57506,46.72553],[9.57275,46.72502],[9.57204,46.72519],[9.57069,46.72503],[9.56815,46.7253],[9.56676,46.72504],[9.56482,46.72546],[9.56356,46.72522],[9.56102,46.72549],[9.5606,46.72566],[9.55939,46.72565],[9.55738,46.7254],[9.55481,46.72458]]}},{"type":"Feature","properties":{"id":"stirvabach-gr","c":"GR","p":"patent","q":"derived","k":"river"},"geometry":{"type":"LineString","coordinates":[[9.51109,46.63365],[9.51184,46.63573],[9.5116,46.63723],[9.51334,46.63881],[9.51387,46.64006],[9.5136,46.64243],[9.51408,46.64429],[9.51511,46.64505],[9.51641,46.6465],[9.51691,46.64669],[9.51766,46.64664],[9.51828,46.6469],[9.51893,46.64759],[9.51915,46.64869],[9.52014,46.64975],[9.52301,46.6509],[9.52385,46.65052],[9.52461,46.6509],[9.52532,46.65156],[9.5301,46.65277],[9.53097,46.65334],[9.5321,46.65366],[9.53304,46.65448],[9.53423,46.65484],[9.53456,46.65524],[9.53684,46.65667],[9.5386,46.65673],[9.53985,46.65722],[9.54059,46.65786],[9.5408,46.65875],[9.54133,46.65918],[9.54265,46.65957],[9.54329,46.66016],[9.54456,46.66064],[9.54903,46.66299],[9.54969,46.66353],[9.54984,46.664],[9.55222,46.66665],[9.55367,46.66684],[9.5552,46.66747]]}},{"type":"Feature","properties":{"id":"valmalabach-gr","c":"GR","p":"patent","q":"derived","k":"river"},"geometry":{"type":"LineString","coordinates":[[9.55893,46.69148],[9.56032,46.68994],[9.56168,46.68895],[9.56284,46.68719],[9.56312,46.6858],[9.56312,46.68398],[9.56433,46.68259],[9.56495,46.68134],[9.56637,46.68055],[9.56705,46.68036],[9.56691,46.67914],[9.56614,46.67847],[9.56636,46.67611],[9.56597,46.67533],[9.56497,46.6746],[9.56484,46.67403],[9.56343,46.67319],[9.5634,46.67282],[9.56289,46.67223],[9.56349,46.67091],[9.56344,46.66924],[9.56371,46.66901],[9.5646,46.66881],[9.56497,46.66842],[9.5652,46.66701],[9.56469,46.66632],[9.56359,46.66591],[9.56238,46.66512],[9.56213,46.66457]]}},{"type":"Feature","properties":{"id":"munterbach-gr","c":"GR","p":"patent","q":"derived","k":"river"},"geometry":{"type":"LineString","coordinates":[[9.51759,46.63278],[9.51921,46.63295],[9.52029,46.63334],[9.52043,46.63361],[9.52082,46.63374],[9.52298,46.63378],[9.52387,46.63398],[9.52484,46.6337],[9.52655,46.63402],[9.52798,46.63388],[9.52852,46.63409],[9.52854,46.6343],[9.52805,46.63471],[9.5277,46.63614],[9.52814,46.63642],[9.52873,46.63748],[9.52896,46.63768],[9.52983,46.63772],[9.53066,46.63819],[9.53202,46.6395],[9.53529,46.64202],[9.53584,46.64322],[9.53753,46.64469],[9.53783,46.6456],[9.53906,46.64724],[9.53908,46.64763],[9.54064,46.64816],[9.54284,46.64844],[9.54431,46.64966],[9.54498,46.64973],[9.54581,46.65013],[9.54686,46.65013],[9.54907,46.65073],[9.5505,46.6514],[9.55269,46.65333],[9.55362,46.65452],[9.55428,46.6564],[9.55499,46.65745],[9.55796,46.65837],[9.55993,46.65853],[9.56052,46.659],[9.56025,46.66],[9.56091,46.66037],[9.56286,46.66075],[9.56476,46.66022],[9.56576,46.66065],[9.56627,46.66158],[9.56723,46.6622],[9.56758,46.66267],[9.56727,46.66314],[9.56725,46.66375]]}},{"type":"Feature","properties":{"id":"val-digl-guert-gr","c":"GR","p":"patent","q":"derived","k":"river"},"geometry":{"type":"LineString","coordinates":[[9.62243,46.72155],[9.62299,46.72094],[9.62322,46.71909],[9.62449,46.71773],[9.62756,46.71589],[9.62904,46.7141],[9.629,46.71338],[9.62953,46.71296],[9.62991,46.71214],[9.63005,46.71115],[9.63169,46.70985],[9.63281,46.70833],[9.63283,46.70761],[9.63325,46.70678],[9.63303,46.70607],[9.63426,46.70268],[9.6341,46.7014],[9.63466,46.7002],[9.63456,46.69977],[9.63513,46.69936],[9.63438,46.69818],[9.63539,46.69638],[9.63551,46.69501],[9.63723,46.69239],[9.63719,46.69127],[9.6364,46.69062],[9.63569,46.69033],[9.63549,46.68965],[9.63482,46.68924],[9.63474,46.68886],[9.63488,46.6884],[9.63568,46.68789],[9.63661,46.68649],[9.63527,46.68499],[9.63509,46.6842],[9.63552,46.68371],[9.63676,46.68297],[9.63718,46.68222],[9.63727,46.68039],[9.63775,46.67857],[9.6372,46.67784],[9.63612,46.67738],[9.63464,46.67604],[9.6345,46.67499],[9.63404,46.67462],[9.634,46.67402],[9.63362,46.67355],[9.63238,46.67312],[9.63079,46.6719],[9.62907,46.66913],[9.62947,46.66813],[9.63079,46.66728],[9.63175,46.66624],[9.63396,46.6648],[9.63456,46.66411]]}},{"type":"Feature","properties":{"id":"selabach-gr","c":"GR","p":"patent","q":"derived","k":"river"},"geometry":{"type":"MultiLineString","coordinates":[[[9.68953,46.62866],[9.68891,46.62954],[9.68933,46.63018],[9.68927,46.63054],[9.68795,46.6319],[9.68748,46.63285],[9.68663,46.63369],[9.68674,46.63502],[9.68717,46.6354],[9.68691,46.63616],[9.6856,46.6372],[9.68559,46.63832],[9.6851,46.63985],[9.68416,46.64138],[9.68406,46.64356],[9.6821,46.64531],[9.68185,46.64613],[9.68079,46.64711],[9.68085,46.6482],[9.6813,46.64953],[9.68096,46.65044],[9.68104,46.65273],[9.68188,46.65488],[9.68304,46.65646],[9.68345,46.65742],[9.68382,46.65786],[9.68451,46.65813],[9.68492,46.6588],[9.68419,46.65994],[9.68405,46.66086],[9.6835,46.66129],[9.68193,46.66189],[9.68032,46.66181],[9.67965,46.66198],[9.67738,46.66326],[9.67442,46.66357],[9.67338,46.66386],[9.67208,46.66384],[9.66975,46.66442],[9.66853,46.66513],[9.66736,46.6655],[9.66666,46.66637],[9.6649,46.66681],[9.66374,46.6681],[9.66232,46.66919]],[[9.69098,46.61925],[9.69149,46.62068],[9.69242,46.62228],[9.69184,46.62448],[9.69104,46.62582],[9.69033,46.62642],[9.68957,46.62854]]]}},{"type":"Feature","properties":{"id":"schmittnerbach-gr","c":"GR","p":"patent","q":"derived","k":"river"},"geometry":{"type":"LineString","coordinates":[[9.65265,46.71114],[9.65539,46.70995],[9.65769,46.70935],[9.65832,46.70932],[9.65903,46.70895],[9.66116,46.70841],[9.66173,46.70713],[9.66306,46.70523],[9.6637,46.70338],[9.6636,46.70233],[9.66602,46.70116],[9.66742,46.70022],[9.66973,46.69952],[9.6704,46.69902],[9.67051,46.6984],[9.67006,46.69721],[9.6707,46.69545],[9.6706,46.69428],[9.67092,46.69363],[9.67043,46.69292],[9.67151,46.69098],[9.67148,46.68832],[9.67004,46.68563],[9.66896,46.6851],[9.6687,46.68365],[9.66906,46.68253],[9.66887,46.68207],[9.6696,46.68106],[9.67063,46.68061],[9.67119,46.6796],[9.6719,46.67932],[9.67236,46.67888],[9.67363,46.67862]]}},{"type":"Feature","properties":{"id":"brueggentobelbach-gr","c":"GR","p":"patent","q":"derived","k":"river"},"geometry":{"type":"LineString","coordinates":[[9.69386,46.73561],[9.69528,46.73517],[9.69687,46.73371],[9.69863,46.73254],[9.69889,46.73201],[9.70271,46.73098],[9.7037,46.7295],[9.70491,46.72834],[9.70622,46.72767],[9.70718,46.72639],[9.70842,46.72541],[9.7092,46.7252],[9.71005,46.72528],[9.71132,46.72464],[9.71153,46.72435],[9.7114,46.72408],[9.71012,46.72253],[9.70886,46.72147],[9.70998,46.72045],[9.70944,46.71974],[9.70917,46.7167],[9.70961,46.71631],[9.71112,46.71559],[9.71826,46.71037],[9.71909,46.71017],[9.72006,46.70951],[9.72044,46.70893],[9.72036,46.70861],[9.72077,46.70838],[9.72152,46.70851],[9.72193,46.70825],[9.72238,46.70637],[9.72175,46.70555],[9.72197,46.70473],[9.7224,46.70431],[9.72354,46.70211],[9.72464,46.70181],[9.72489,46.70159],[9.72416,46.70068],[9.72444,46.69997],[9.72367,46.69975]]}},{"type":"Feature","properties":{"id":"oberalpbach-gr","c":"GR","p":"patent","q":"derived","k":"river"},"geometry":{"type":"LineString","coordinates":[[9.8117,46.70448],[9.81023,46.70424],[9.80925,46.70368],[9.80849,46.70259],[9.80584,46.70166],[9.80504,46.70162],[9.80391,46.70197],[9.80103,46.70231],[9.79987,46.70166],[9.79753,46.70125],[9.79605,46.70168],[9.79338,46.70306],[9.79308,46.70375],[9.79163,46.7044],[9.79039,46.70583],[9.78799,46.70695],[9.78684,46.70844],[9.78553,46.7092],[9.78315,46.70995],[9.78187,46.71078],[9.77967,46.71069],[9.77811,46.71007],[9.77448,46.7098],[9.77331,46.70932],[9.77075,46.70892]]}},{"type":"Feature","properties":{"id":"leidbach-gr","c":"GR","p":"patent","q":"derived","k":"river"},"geometry":{"type":"LineString","coordinates":[[9.80337,46.72069],[9.80226,46.72222],[9.80139,46.72481],[9.80018,46.72561],[9.79967,46.72636],[9.79763,46.72833],[9.79721,46.72905],[9.79513,46.73057],[9.79457,46.73124],[9.79394,46.73271],[9.79335,46.73326],[9.7906,46.73491],[9.78969,46.73507],[9.78837,46.7357],[9.78738,46.73643],[9.78599,46.73694],[9.78204,46.73753],[9.78007,46.73826],[9.77753,46.7386],[9.77672,46.73913],[9.77628,46.7389]]}},{"type":"Feature","properties":{"id":"baerentalerbach-gr","c":"GR","p":"patent","q":"derived","k":"river"},"geometry":{"type":"LineString","coordinates":[[9.72672,46.75506],[9.72719,46.75455],[9.72713,46.75351],[9.73111,46.7513],[9.73147,46.75067],[9.73324,46.74903],[9.7356,46.74836],[9.73743,46.7482],[9.7403,46.74691],[9.74121,46.74695],[9.7419,46.74669],[9.74393,46.74669],[9.74568,46.74639],[9.74864,46.74657],[9.75037,46.74548],[9.75237,46.74507],[9.75401,46.74521],[9.75524,46.74571],[9.75613,46.74584],[9.75728,46.74513],[9.75988,46.74421],[9.76075,46.74362],[9.76183,46.74332],[9.76318,46.74343],[9.7652,46.74408],[9.76655,46.74428],[9.76761,46.74406],[9.76821,46.74415],[9.76979,46.74368],[9.77173,46.74382],[9.77251,46.74364],[9.77354,46.74266],[9.7753,46.74187],[9.77769,46.74135]]}},{"type":"Feature","properties":{"id":"chummerbach-gr","c":"GR","p":"patent","q":"derived","k":"river"},"geometry":{"type":"LineString","coordinates":[[9.73562,46.77263],[9.73575,46.77211],[9.73694,46.7713],[9.73946,46.76883],[9.74167,46.76784],[9.74353,46.76593],[9.74406,46.765],[9.74531,46.76456],[9.74592,46.76389],[9.74723,46.76301],[9.74881,46.76229],[9.75001,46.76137],[9.75555,46.75969],[9.75664,46.75916],[9.75965,46.75884],[9.76086,46.7583],[9.76515,46.75767],[9.76686,46.75708],[9.76766,46.75659],[9.76897,46.75622],[9.77041,46.75632],[9.77338,46.75608],[9.77456,46.75562],[9.77642,46.75527],[9.77879,46.75379],[9.77988,46.75277],[9.78152,46.7523],[9.78221,46.75185],[9.78263,46.7511],[9.7832,46.75063]]}},{"type":"Feature","properties":{"id":"stuzibach-gr","c":"GR","p":"patent","q":"derived","k":"river"},"geometry":{"type":"LineString","coordinates":[[9.75756,46.79042],[9.75817,46.78963],[9.7585,46.78815],[9.75908,46.78759],[9.75849,46.78578],[9.75912,46.7853],[9.75922,46.78458],[9.75974,46.78393],[9.76247,46.78203],[9.76352,46.7819],[9.76503,46.78128],[9.76728,46.78117],[9.76835,46.78071],[9.76913,46.77952],[9.76932,46.77862],[9.769,46.77777],[9.76917,46.77644],[9.77145,46.77449],[9.77468,46.77254],[9.77712,46.77147],[9.77765,46.77082],[9.77866,46.77063],[9.77885,46.77028],[9.77927,46.77021],[9.78052,46.76924],[9.78224,46.769],[9.78268,46.76909],[9.78369,46.76773],[9.78491,46.76672],[9.78639,46.76604],[9.7871,46.76593],[9.78764,46.76555],[9.79185,46.76523],[9.79599,46.7644],[9.79697,46.76466],[9.79926,46.76441]]}},{"type":"Feature","properties":{"id":"frauenbach-gr","c":"GR","p":"patent","q":"derived","k":"river"},"geometry":{"type":"LineString","coordinates":[[9.77356,46.7879],[9.7735,46.78672],[9.77435,46.78592],[9.77621,46.78471],[9.77806,46.78396],[9.77871,46.78399],[9.77981,46.78341],[9.77978,46.7832],[9.78077,46.78263],[9.78176,46.78154],[9.78463,46.77928],[9.78615,46.77632],[9.78848,46.77497],[9.78978,46.77465],[9.79124,46.77361],[9.79276,46.77194],[9.79333,46.77062],[9.79565,46.77022],[9.79782,46.76926],[9.79981,46.76965],[9.80109,46.77025]]}},{"type":"Feature","properties":{"id":"chueealpbach-gr","c":"GR","p":"patent","q":"derived","k":"river"},"geometry":{"type":"LineString","coordinates":[[9.88671,46.68686],[9.88768,46.68771],[9.88836,46.6892],[9.88736,46.69064],[9.88745,46.69142],[9.8871,46.69177],[9.88699,46.69242],[9.88564,46.6944],[9.8846,46.69485],[9.88426,46.69526],[9.88427,46.69588],[9.88307,46.69692],[9.8824,46.69894],[9.88164,46.69976],[9.88065,46.70157],[9.88028,46.70173],[9.88013,46.70236],[9.87923,46.70288],[9.87907,46.70349],[9.87784,46.70456],[9.8777,46.705],[9.87525,46.70632],[9.87379,46.70791],[9.87247,46.70843],[9.87153,46.70857],[9.87089,46.7092],[9.86926,46.71007],[9.86644,46.71053],[9.86518,46.71099],[9.86342,46.71131],[9.85991,46.7113],[9.85832,46.7119],[9.85804,46.71223],[9.85628,46.7122],[9.85582,46.71316],[9.85488,46.71407],[9.85441,46.71427],[9.85425,46.71466],[9.85367,46.71491]]}},{"type":"Feature","properties":{"id":"ducanbach-gr","c":"GR","p":"patent","q":"derived","k":"river"},"geometry":{"type":"LineString","coordinates":[[9.82461,46.68504],[9.82658,46.68745],[9.8277,46.68824],[9.8301,46.68925],[9.83262,46.68987],[9.83413,46.69075],[9.83532,46.69091],[9.83584,46.69126],[9.83683,46.69147],[9.83799,46.693],[9.83872,46.69317],[9.83949,46.69384],[9.84075,46.69589],[9.84185,46.69668],[9.84333,46.69707],[9.84488,46.69857],[9.84632,46.69887],[9.84664,46.69926],[9.8477,46.69988],[9.84923,46.70045],[9.85006,46.70129],[9.85205,46.70199],[9.85273,46.70255],[9.85304,46.70326],[9.8529,46.70381],[9.85335,46.70429],[9.85337,46.70471],[9.85393,46.70517],[9.85405,46.70566],[9.85385,46.7063],[9.85268,46.70686],[9.85208,46.70773],[9.85273,46.70957],[9.8537,46.71063],[9.85379,46.71317],[9.85319,46.71442],[9.85367,46.71491]]}},{"type":"Feature","properties":{"id":"albertibach-gr","c":"GR","p":"patent","q":"derived","k":"river"},"geometry":{"type":"LineString","coordinates":[[9.78239,46.79575],[9.78516,46.79566],[9.78559,46.79589],[9.78704,46.7961],[9.79079,46.79598],[9.79379,46.79684],[9.79848,46.79732],[9.80242,46.79706],[9.80734,46.79498],[9.81033,46.79441],[9.81271,46.79306],[9.81344,46.79231],[9.8139,46.79077],[9.81564,46.78939],[9.81665,46.78705]]}},{"type":"Feature","properties":{"id":"guggerbach-gr","c":"GR","p":"patent","q":"derived","k":"river"},"geometry":{"type":"LineString","coordinates":[[9.79042,46.80632],[9.79077,46.80678],[9.79168,46.80693],[9.79352,46.80659],[9.79388,46.80618],[9.79525,46.80567],[9.79597,46.80513],[9.7966,46.80533],[9.79982,46.80557],[9.80187,46.80522],[9.80266,46.80493],[9.80525,46.8046],[9.80754,46.8033],[9.8094,46.80318],[9.80974,46.80339],[9.81006,46.80334],[9.811,46.8029],[9.81124,46.80166],[9.81178,46.80092],[9.81304,46.79999],[9.8134,46.79936],[9.8145,46.79861],[9.81466,46.79824],[9.81576,46.79757],[9.81714,46.79554],[9.81778,46.79544],[9.81969,46.79567],[9.82119,46.79558],[9.82259,46.79515],[9.82487,46.79392]]}},{"type":"Feature","properties":{"id":"rueedischbach-gr","c":"GR","p":"patent","q":"derived","k":"river"},"geometry":{"type":"LineString","coordinates":[[9.87456,46.74249],[9.87672,46.74289],[9.87762,46.74358],[9.87766,46.74423],[9.87708,46.74627],[9.87629,46.74669],[9.87589,46.7475],[9.87505,46.7477],[9.87458,46.74802],[9.87422,46.7485],[9.8742,46.74908],[9.87352,46.74976],[9.87352,46.75048],[9.8738,46.75083],[9.87356,46.75174],[9.87388,46.75272],[9.87475,46.75401],[9.87556,46.75433],[9.87563,46.75467],[9.87636,46.75532],[9.87846,46.75692],[9.87968,46.75745],[9.88044,46.7596],[9.881,46.76021],[9.88182,46.76051],[9.88247,46.76121],[9.88417,46.76127],[9.88619,46.76173],[9.88661,46.76209],[9.88686,46.76288],[9.88887,46.76388]]}},{"type":"Feature","properties":{"id":"rinerbach-gr","c":"GR","p":"patent","q":"derived","k":"river"},"geometry":{"type":"LineString","coordinates":[[9.89027,46.71985],[9.88914,46.72095],[9.88902,46.72186],[9.88725,46.72313],[9.88629,46.72432],[9.8858,46.72584],[9.88611,46.72649],[9.88563,46.72699],[9.88586,46.7271],[9.88581,46.72777],[9.88602,46.728],[9.88581,46.72838],[9.88619,46.72857],[9.88603,46.72883],[9.88674,46.72943],[9.88667,46.73],[9.88716,46.73043],[9.88699,46.73056],[9.88729,46.73135],[9.88718,46.73174],[9.88797,46.73282],[9.88831,46.7343],[9.88975,46.73596],[9.89299,46.73816],[9.89564,46.73892],[9.89663,46.73898],[9.89884,46.73951],[9.89987,46.7405],[9.90263,46.74177],[9.90465,46.7424],[9.90526,46.74341],[9.90604,46.74352]]}},{"type":"Feature","properties":{"id":"furggabach-gr","c":"GR","p":"patent","q":"derived","k":"river"},"geometry":{"type":"LineString","coordinates":[[9.95178,46.71344],[9.95092,46.71268],[9.94933,46.7123],[9.94859,46.71245],[9.94678,46.71231],[9.94482,46.71132],[9.94397,46.71127],[9.94243,46.71167],[9.93908,46.71086],[9.93819,46.71035],[9.93677,46.70989],[9.93558,46.70986],[9.93494,46.71007],[9.93302,46.70998],[9.93203,46.71071],[9.93169,46.71132],[9.93074,46.71169],[9.93017,46.71228],[9.92916,46.71249],[9.92871,46.71318],[9.92797,46.71361],[9.92786,46.71393],[9.92812,46.71455],[9.92751,46.71515],[9.92719,46.71592],[9.92653,46.71621],[9.92633,46.71686],[9.92571,46.71742],[9.92381,46.71859],[9.92358,46.71896],[9.92354,46.7203],[9.92306,46.72042]]}},{"type":"Feature","properties":{"id":"dorfbach-gr","c":"GR","p":"patent","q":"derived","k":"river"},"geometry":{"type":"LineString","coordinates":[[9.81324,46.82698],[9.8142,46.8262],[9.8143,46.82564],[9.81533,46.82496],[9.81688,46.82295],[9.81802,46.82193],[9.81905,46.82012],[9.8203,46.81976],[9.82205,46.81737],[9.82331,46.81611],[9.82512,46.81501],[9.8275,46.81295],[9.82872,46.81253],[9.83111,46.81269],[9.8331,46.81229],[9.83823,46.81196],[9.83931,46.81176],[9.84005,46.81101],[9.84144,46.81042],[9.84277,46.81096],[9.84305,46.81073]]}},{"type":"Feature","properties":{"id":"ava-da-stugl-gr","c":"GR","p":"patent","q":"derived","k":"river"},"geometry":{"type":"LineString","coordinates":[[9.814,46.67676],[9.8128,46.67652],[9.81045,46.67564],[9.80916,46.67551],[9.80758,46.67478],[9.8063,46.67332],[9.80631,46.67278],[9.80576,46.67161],[9.8034,46.67062],[9.80109,46.66933],[9.79944,46.66891],[9.79866,46.66801],[9.7961,46.66719],[9.79405,46.66611],[9.79164,46.66532],[9.78943,46.66424],[9.78643,46.6636],[9.78501,46.66356],[9.78364,46.66296],[9.78315,46.66247],[9.78175,46.66165],[9.77867,46.66073],[9.77664,46.65989],[9.77498,46.65993],[9.77449,46.65963],[9.77357,46.65962],[9.77169,46.65915],[9.76983,46.65908],[9.76892,46.65857],[9.76701,46.65828],[9.76545,46.65762],[9.76438,46.65747],[9.7624,46.65735],[9.76083,46.65761],[9.7598,46.65743],[9.7587,46.65747],[9.75831,46.6572],[9.75738,46.65755],[9.75645,46.6573],[9.755,46.65732],[9.75317,46.65707],[9.75158,46.65717],[9.74918,46.6581],[9.74762,46.65831],[9.74654,46.65821],[9.74363,46.65895],[9.73963,46.65938],[9.73816,46.65939],[9.73749,46.65969],[9.73646,46.65967],[9.73616,46.65937],[9.73502,46.65928],[9.73376,46.65891],[9.73208,46.65936],[9.73075,46.65808],[9.73005,46.65793],[9.72916,46.65725],[9.72844,46.65701],[9.72764,46.65626],[9.72568,46.65556],[9.72469,46.65495],[9.72081,46.65477],[9.71926,46.65373],[9.71844,46.65128]]}},{"type":"Feature","properties":{"id":"ava-da-plazbi-gr","c":"GR","p":"patent","q":"derived","k":"river"},"geometry":{"type":"LineString","coordinates":[[9.84202,46.6035],[9.84177,46.60555],[9.8404,46.609],[9.84072,46.60985],[9.84064,46.61134],[9.84092,46.61186],[9.84064,46.61212],[9.84049,46.61374],[9.83989,46.61567],[9.84,46.6161],[9.84039,46.61637],[9.83931,46.61778],[9.83954,46.61974],[9.83935,46.62008],[9.83993,46.62101],[9.83858,46.62276],[9.8382,46.62376],[9.83818,46.62495],[9.83719,46.62625],[9.83669,46.6265],[9.83653,46.62713],[9.83592,46.62752],[9.83519,46.62975],[9.83442,46.63051],[9.83309,46.63261],[9.83286,46.63369],[9.83303,46.63405],[9.83254,46.63452],[9.83256,46.63506],[9.83221,46.63552],[9.83249,46.63695],[9.83072,46.63829],[9.82939,46.63894],[9.82896,46.6397],[9.82664,46.64124],[9.82518,46.64307],[9.8242,46.64341],[9.82359,46.64411],[9.82315,46.64404],[9.82251,46.64471]]}},{"type":"Feature","properties":{"id":"ava-da-salect-gr","c":"GR","p":"patent","q":"derived","k":"river"},"geometry":{"type":"LineString","coordinates":[[9.87668,46.64208],[9.87612,46.64194],[9.87492,46.64207],[9.87399,46.64185],[9.87231,46.64187],[9.87072,46.64253],[9.86974,46.64253],[9.86739,46.64193],[9.8665,46.64189],[9.86492,46.64224],[9.86339,46.64173],[9.86275,46.64193],[9.85848,46.6412],[9.85736,46.64156],[9.85663,46.64213],[9.85446,46.64195],[9.85354,46.64257],[9.85138,46.64314],[9.8496,46.64305],[9.84696,46.64349],[9.84366,46.6432],[9.84322,46.6434],[9.84287,46.64397],[9.84126,46.64426],[9.84005,46.64408],[9.83744,46.64434],[9.83566,46.64376],[9.83456,46.64396],[9.83361,46.64389],[9.83171,46.6445],[9.83036,46.64465],[9.82919,46.64504],[9.82833,46.64488],[9.82784,46.64503]]}},{"type":"Feature","properties":{"id":"ava-da-ravis-ch-gr","c":"GR","p":"patent","q":"derived","k":"river"},"geometry":{"type":"LineString","coordinates":[[9.86364,46.68024],[9.8616,46.68046],[9.86111,46.68065],[9.8603,46.68064],[9.85847,46.67985],[9.85768,46.67918],[9.85555,46.67813],[9.85427,46.67615],[9.85229,46.67445],[9.8523,46.67402],[9.85149,46.67261],[9.85114,46.66968],[9.8492,46.6674],[9.84679,46.66543],[9.84628,46.66433],[9.84541,46.66325],[9.84399,46.66267],[9.84369,46.66234],[9.84289,46.66222],[9.84183,46.66165],[9.84099,46.66035],[9.8397,46.65975],[9.83913,46.65885],[9.8379,46.65796],[9.83687,46.65752],[9.83458,46.65557],[9.83376,46.65457],[9.83389,46.65366],[9.8335,46.65213],[9.83286,46.65159],[9.83255,46.65083],[9.83127,46.64924],[9.83107,46.64786],[9.82838,46.64531],[9.82784,46.64503]]}},{"type":"Feature","properties":{"id":"stuetzbach-gr","c":"GR","p":"patent","q":"derived","k":"river"},"geometry":{"type":"MultiLineString","coordinates":[[[9.82045,46.8427],[9.82193,46.84368],[9.82244,46.84495],[9.82201,46.8462],[9.82193,46.84749]],[[9.8221,46.84762],[9.82326,46.84828],[9.82473,46.84851],[9.8253,46.84889],[9.82583,46.84898],[9.82634,46.84871],[9.82722,46.84882],[9.8287,46.84811],[9.83043,46.84809],[9.831,46.84765],[9.8323,46.84746],[9.83256,46.84693],[9.83325,46.84645],[9.83487,46.84583],[9.83651,46.84568],[9.8378,46.84533],[9.83979,46.84548],[9.84071,46.84588],[9.84106,46.84587],[9.84266,46.84545],[9.8438,46.84535],[9.84453,46.84494],[9.84555,46.84478],[9.84686,46.84407],[9.8478,46.84314],[9.84917,46.84229],[9.84999,46.84121],[9.85241,46.84037],[9.85315,46.84032],[9.85437,46.83971],[9.85705,46.83956],[9.85814,46.84044],[9.85877,46.84057],[9.85969,46.84057],[9.86221,46.83998],[9.86508,46.84039],[9.86619,46.84],[9.86796,46.83979],[9.86819,46.8389],[9.87021,46.83815],[9.87097,46.83827],[9.87137,46.83863],[9.8723,46.83887],[9.87326,46.83893],[9.87432,46.83934],[9.87578,46.83953],[9.87656,46.84009],[9.8774,46.84041],[9.87788,46.84094],[9.8778,46.84145],[9.8801,46.84306],[9.88057,46.84384],[9.88118,46.84398],[9.88188,46.84443],[9.88315,46.84599],[9.8848,46.84662],[9.88538,46.84711],[9.88512,46.84806],[9.88444,46.84858],[9.88456,46.84949],[9.88427,46.84995],[9.88475,46.85047],[9.88493,46.85166],[9.88546,46.85204],[9.88608,46.85216],[9.88638,46.85285],[9.8859,46.85383],[9.88508,46.85384],[9.88472,46.85404],[9.88475,46.85599],[9.88351,46.85714],[9.88287,46.85862],[9.88156,46.85911],[9.88042,46.86015],[9.88045,46.86096],[9.88087,46.86127],[9.88078,46.86187],[9.88186,46.86238],[9.88265,46.86435],[9.88249,46.866]]]}},{"type":"Feature","properties":{"id":"ava-da-tisch-gr","c":"GR","p":"patent","q":"derived","k":"river"},"geometry":{"type":"LineString","coordinates":[[9.82077,46.60494],[9.82048,46.60506],[9.81923,46.60498],[9.81811,46.6054],[9.81683,46.60642],[9.81557,46.60671],[9.81486,46.60746],[9.81231,46.60786],[9.81135,46.60828],[9.80989,46.60851],[9.80891,46.60839],[9.80774,46.60784],[9.80723,46.60787],[9.80502,46.60842],[9.80438,46.60901],[9.80242,46.60985],[9.80101,46.61025],[9.7982,46.61063],[9.79731,46.61119],[9.79557,46.61183],[9.79478,46.61173],[9.79379,46.61203],[9.79253,46.61196],[9.79091,46.61224],[9.78996,46.61218],[9.78869,46.61235],[9.7873,46.61278],[9.78665,46.61268],[9.78558,46.61292],[9.78496,46.61281],[9.78301,46.61317],[9.77951,46.61309],[9.77849,46.6135],[9.77792,46.61326],[9.77743,46.61326],[9.77451,46.61445],[9.7734,46.61445],[9.77237,46.6148],[9.77011,46.61644],[9.76818,46.61684],[9.76766,46.61715],[9.76659,46.61739],[9.76234,46.6179],[9.76062,46.61754],[9.75928,46.61751],[9.7575,46.61696],[9.75656,46.61706],[9.755,46.61657],[9.75417,46.61661]]}},{"type":"Feature","properties":{"id":"ovel-da-zavretta-gr","c":"GR","p":"patent","q":"derived","k":"river"},"geometry":{"type":"LineString","coordinates":[[9.82156,46.593],[9.81999,46.59287],[9.81893,46.59252],[9.81711,46.59259],[9.81384,46.59179],[9.80976,46.59332],[9.80763,46.59371],[9.80676,46.59416],[9.80518,46.59449],[9.80377,46.59446],[9.80208,46.59382],[9.79949,46.59347],[9.79773,46.59358],[9.79605,46.59393],[9.79422,46.59359],[9.79332,46.59301],[9.79066,46.59296],[9.78969,46.59256],[9.78731,46.59259],[9.78595,46.59216],[9.78147,46.59182],[9.77819,46.59073],[9.77641,46.59037],[9.77459,46.58933],[9.77246,46.58943],[9.77164,46.58892]]}},{"type":"Feature","properties":{"id":"ava-da-tschitta-gr","c":"GR","p":"patent","q":"derived","k":"river"},"geometry":{"type":"LineString","coordinates":[[9.71237,46.58657],[9.71277,46.58695],[9.71428,46.58709],[9.71547,46.58785],[9.71656,46.58797],[9.71713,46.58832],[9.7182,46.58839],[9.71847,46.58861],[9.719,46.58857],[9.71912,46.58813],[9.7198,46.58799],[9.72484,46.58925],[9.7266,46.58806],[9.72747,46.58721],[9.72895,46.58634],[9.73183,46.58724],[9.73245,46.58703],[9.73676,46.58701],[9.73796,46.58671],[9.73965,46.58593],[9.74043,46.5858],[9.74133,46.58515],[9.74304,46.58476],[9.74332,46.58425],[9.74384,46.584],[9.74413,46.58357],[9.74493,46.58368],[9.74554,46.58353],[9.74656,46.58383],[9.7475,46.58358],[9.74901,46.58375],[9.74939,46.58365],[9.74976,46.58315],[9.75031,46.58286],[9.75117,46.58281],[9.75226,46.5831]]}},{"type":"Feature","properties":{"id":"ava-da-mulix-gr","c":"GR","p":"patent","q":"derived","k":"river"},"geometry":{"type":"MultiLineString","coordinates":[[[9.73023,46.56484],[9.73047,46.5651],[9.73158,46.5653],[9.73434,46.56501],[9.73501,46.56534],[9.73619,46.56475]],[[9.73707,46.56455],[9.73806,46.56414],[9.74057,46.56445],[9.74307,46.56404],[9.74359,46.56418],[9.74437,46.56406],[9.74544,46.56433],[9.74559,46.56474],[9.74508,46.56618],[9.74522,46.5666],[9.74678,46.56768],[9.74685,46.56804],[9.74832,46.56841],[9.74995,46.56922],[9.7503,46.56978],[9.7494,46.57115],[9.74943,46.57141],[9.75022,46.57215],[9.74999,46.57353],[9.74962,46.57408],[9.74995,46.57758],[9.75032,46.57813],[9.74992,46.57922],[9.75226,46.5831]]]}},{"type":"Feature","properties":{"id":"adont-gr","c":"GR","p":"patent","q":"derived","k":"river"},"geometry":{"type":"LineString","coordinates":[[9.51147,46.61075],[9.51321,46.61058],[9.51517,46.61069],[9.51699,46.6102],[9.51864,46.61015],[9.51947,46.60965],[9.52043,46.60943],[9.52105,46.60949],[9.52228,46.60889],[9.52484,46.60849],[9.52725,46.60754],[9.52848,46.60669],[9.53008,46.60637],[9.532,46.6056],[9.53353,46.60588],[9.53376,46.60633],[9.53369,46.60692],[9.53464,46.60725],[9.53576,46.60712],[9.53635,46.60683],[9.53767,46.60686],[9.53873,46.60651],[9.54093,46.60706],[9.54177,46.60673],[9.54268,46.60666],[9.54334,46.60606],[9.54397,46.60624],[9.54485,46.60614],[9.54567,46.60634],[9.54659,46.60686],[9.54855,46.60702],[9.55011,46.60814],[9.55136,46.60777],[9.55214,46.60775],[9.55317,46.60733],[9.55396,46.60728],[9.55467,46.60748],[9.55473,46.60779],[9.55547,46.60806],[9.5566,46.60808],[9.55693,46.60847],[9.55779,46.60873],[9.55843,46.60929],[9.56236,46.61029],[9.56374,46.61095],[9.56426,46.61091],[9.56613,46.61162],[9.56702,46.61175],[9.57115,46.61393],[9.5749,46.61411],[9.57665,46.61456],[9.57758,46.61445],[9.5787,46.61497],[9.57998,46.61496],[9.58279,46.61597],[9.58348,46.61594],[9.58364,46.61622],[9.58505,46.6166],[9.58529,46.61684],[9.5859,46.61684],[9.58604,46.61712],[9.58729,46.6175],[9.58923,46.61763],[9.58922,46.61848]]}},{"type":"Feature","properties":{"id":"parsonzbach-gr","c":"GR","p":"patent","q":"derived","k":"river"},"geometry":{"type":"LineString","coordinates":[[9.54716,46.59129],[9.54803,46.59155],[9.54858,46.59226],[9.54948,46.59286],[9.54949,46.59349],[9.55071,46.5952],[9.5509,46.59598],[9.55208,46.59664],[9.55395,46.59821],[9.55564,46.59908],[9.55694,46.60042],[9.55818,46.60096],[9.55892,46.60173],[9.55865,46.60262],[9.55944,46.60278],[9.56049,46.60334],[9.56076,46.60406],[9.56051,46.60541],[9.56113,46.60636],[9.56287,46.60688],[9.56388,46.60799],[9.5651,46.60851],[9.56617,46.61025],[9.56787,46.61109],[9.56889,46.61219],[9.5684,46.61244]]}},{"type":"Feature","properties":{"id":"lungbach-gr","c":"GR","p":"patent","q":"derived","k":"river"},"geometry":{"type":"LineString","coordinates":[[9.50147,46.5766],[9.50101,46.57895],[9.50174,46.58078],[9.50157,46.58151],[9.50188,46.58216],[9.50302,46.58285],[9.50688,46.58343],[9.50848,46.5835],[9.50958,46.58333],[9.51142,46.58335],[9.51348,46.58296],[9.514,46.58307],[9.51502,46.58452],[9.51524,46.58544],[9.51601,46.58587],[9.51626,46.58634],[9.51612,46.58688],[9.51689,46.58865],[9.51792,46.5892],[9.51811,46.58969],[9.51914,46.59081],[9.51958,46.59094],[9.52002,46.59182],[9.52074,46.59229],[9.52164,46.59407],[9.52323,46.59614],[9.52454,46.59712],[9.52559,46.59747],[9.52604,46.59802],[9.52775,46.59839],[9.53048,46.59987],[9.53099,46.60036],[9.53173,46.60054],[9.53179,46.60077],[9.53232,46.601],[9.53289,46.60093],[9.53337,46.6012],[9.53377,46.60264],[9.53468,46.60296],[9.53544,46.60365],[9.53531,46.60446],[9.53646,46.60445],[9.53748,46.60486],[9.53774,46.60579],[9.53873,46.60651]]}},{"type":"Feature","properties":{"id":"savogninbach-gr","c":"GR","p":"patent","q":"derived","k":"river"},"geometry":{"type":"LineString","coordinates":[[9.6266,46.61035],[9.62345,46.6095],[9.6213,46.60863],[9.61942,46.60869],[9.61816,46.60839],[9.61601,46.60706],[9.61376,46.60634],[9.61204,46.60556],[9.61031,46.6053],[9.60927,46.60469],[9.60696,46.604],[9.60532,46.60371],[9.6036,46.60244],[9.6035,46.6014],[9.60272,46.60009],[9.6007,46.59781],[9.60001,46.59735],[9.6,46.59699],[9.59845,46.59568],[9.59751,46.59554],[9.59701,46.59508]]}},{"type":"Feature","properties":{"id":"radonsbach-gr","c":"GR","p":"patent","q":"derived","k":"river"},"geometry":{"type":"LineString","coordinates":[[9.5198,46.56646],[9.52198,46.56604],[9.52257,46.56569],[9.52307,46.56571],[9.52366,46.56497],[9.52502,46.5644],[9.52738,46.56472],[9.52943,46.56423],[9.53169,46.56317],[9.53284,46.56219],[9.53345,46.5621],[9.53453,46.56152],[9.53853,46.56113],[9.54073,46.56128],[9.54235,46.56168],[9.54361,46.56162],[9.54491,46.56133],[9.54627,46.56062],[9.54897,46.56016],[9.55117,46.55956],[9.55278,46.55999],[9.55424,46.55997],[9.55496,46.55919],[9.55598,46.55868],[9.55732,46.55884],[9.55876,46.55939]]}},{"type":"Feature","properties":{"id":"ava-da-schmorras-gr","c":"GR","p":"patent","q":"derived","k":"river"},"geometry":{"type":"LineString","coordinates":[[9.50839,46.52329],[9.51051,46.52526],[9.51171,46.5258],[9.51249,46.52659],[9.51273,46.52724],[9.51273,46.52866],[9.51316,46.52988],[9.51384,46.53086],[9.51394,46.53183],[9.51439,46.53251],[9.51669,46.53465],[9.51684,46.53541],[9.51711,46.53566],[9.51734,46.53813],[9.51842,46.53961],[9.51839,46.54057],[9.51901,46.54096],[9.52013,46.54224],[9.52117,46.54413],[9.52204,46.54435],[9.52206,46.5446],[9.52336,46.54541],[9.52407,46.5461],[9.5247,46.54643],[9.52519,46.54636],[9.52961,46.54935],[9.5301,46.54949],[9.53028,46.54987],[9.53144,46.55069],[9.53302,46.55125],[9.53375,46.55138],[9.53518,46.55105],[9.53642,46.55105],[9.53669,46.55085],[9.538,46.55086],[9.53991,46.5517],[9.5407,46.55148],[9.54131,46.55089],[9.54192,46.55111],[9.54478,46.55121],[9.54587,46.55164],[9.54841,46.55147],[9.5487,46.55164],[9.54869,46.55199],[9.54926,46.55224]]}},{"type":"Feature","properties":{"id":"carolsbach-gr","c":"GR","p":"patent","q":"derived","k":"river"},"geometry":{"type":"LineString","coordinates":[[9.67682,46.56209],[9.67559,46.56262],[9.67404,46.56276],[9.67165,46.56359],[9.66965,46.56365],[9.66871,46.56427],[9.66742,46.56479],[9.6668,46.56535],[9.66466,46.56652],[9.66428,46.56703],[9.66264,46.56811],[9.66097,46.57042],[9.659,46.57164],[9.65808,46.57279],[9.65705,46.57309],[9.65615,46.57361],[9.65573,46.57426],[9.65425,46.57529],[9.65224,46.57611],[9.65026,46.57789],[9.64706,46.57972],[9.64666,46.58046],[9.64485,46.58145],[9.64227,46.58219],[9.64084,46.58206],[9.63959,46.58131],[9.63817,46.58129]]}},{"type":"Feature","properties":{"id":"ava-da-natons-gr","c":"GR","p":"patent","q":"derived","k":"river"},"geometry":{"type":"LineString","coordinates":[[9.68806,46.4912],[9.68725,46.49219],[9.68727,46.49356],[9.6868,46.49449],[9.68735,46.49571],[9.68684,46.49624],[9.68541,46.49711],[9.68269,46.49788],[9.68208,46.49784],[9.68158,46.49748],[9.6809,46.49759],[9.67824,46.4974],[9.67583,46.49747],[9.67501,46.49771],[9.67475,46.49759],[9.67389,46.49807],[9.67213,46.49863],[9.67163,46.49908],[9.67061,46.49949],[9.66878,46.49934],[9.6672,46.49859],[9.6659,46.49857],[9.66556,46.49886],[9.66395,46.49842],[9.66317,46.49862],[9.66283,46.49902],[9.66121,46.49917],[9.65996,46.49878],[9.65916,46.49876],[9.65843,46.49834],[9.6562,46.49806],[9.65447,46.49721],[9.65408,46.49674],[9.65221,46.49601],[9.65107,46.49503],[9.65017,46.49492],[9.64979,46.4947],[9.64878,46.49472],[9.64671,46.49434],[9.64565,46.49434],[9.64506,46.49451]]}},{"type":"Feature","properties":{"id":"ragn-digl-plaz-gr","c":"GR","p":"patent","q":"derived","k":"river"},"geometry":{"type":"LineString","coordinates":[[9.6676,46.54677],[9.66648,46.54717],[9.66538,46.54714],[9.66512,46.54759],[9.66451,46.54783],[9.66179,46.54814],[9.66068,46.54887],[9.65972,46.54902],[9.65937,46.54932],[9.6577,46.54911],[9.65712,46.54923],[9.65475,46.55105],[9.65463,46.55154],[9.65504,46.55196],[9.65457,46.55266],[9.65264,46.55337],[9.65111,46.55342],[9.64874,46.55434],[9.64783,46.5544],[9.6467,46.55477],[9.64517,46.55553],[9.64454,46.55629],[9.64354,46.55675],[9.64103,46.55678],[9.63983,46.55722],[9.63785,46.55758],[9.63657,46.55835],[9.63578,46.55848],[9.63513,46.55844],[9.6339,46.55804],[9.63167,46.55856],[9.63112,46.55824],[9.63024,46.55819],[9.62935,46.55749],[9.62764,46.55769],[9.62622,46.55871],[9.62599,46.55982],[9.6249,46.56073],[9.62476,46.56109],[9.62442,46.56122]]}},{"type":"Feature","properties":{"id":"ava-dallas-cuorts-gr","c":"GR","p":"patent","q":"derived","k":"river"},"geometry":{"type":"LineString","coordinates":[[9.67024,46.53752],[9.6686,46.53763],[9.66723,46.53741],[9.66659,46.53756],[9.66538,46.53746],[9.66446,46.5367],[9.66456,46.53632],[9.66419,46.53601],[9.66236,46.53605],[9.66131,46.53571],[9.6593,46.53572],[9.65802,46.53553],[9.65756,46.53522],[9.6568,46.53504],[9.65577,46.53501],[9.65484,46.5342],[9.65397,46.53393],[9.65322,46.53301],[9.65237,46.53247],[9.65135,46.53214],[9.64966,46.53243],[9.64678,46.53184],[9.64521,46.53098],[9.64485,46.53024],[9.64413,46.52985],[9.64154,46.52928],[9.6409,46.52842],[9.64069,46.52759],[9.64019,46.52711],[9.63918,46.52677],[9.63847,46.52629],[9.63752,46.52605],[9.63563,46.52471],[9.6331,46.52366],[9.63117,46.52235],[9.63045,46.52221],[9.62966,46.52169],[9.62917,46.5217],[9.62814,46.52212],[9.62675,46.52167],[9.62635,46.52202],[9.62575,46.52213]]}},{"type":"Feature","properties":{"id":"tomilser-bach-gr","c":"GR","p":"patent","q":"derived","k":"river"},"geometry":{"type":"LineString","coordinates":[[9.49438,46.78567],[9.49188,46.78645],[9.49177,46.78897],[9.48874,46.78996],[9.48729,46.78988],[9.48669,46.78966],[9.48403,46.79018],[9.48304,46.78988],[9.48126,46.78879],[9.47942,46.78905],[9.47815,46.78875],[9.4771,46.78816],[9.4767,46.78769],[9.47546,46.78722],[9.47498,46.78622],[9.47333,46.78557],[9.47275,46.78477],[9.47113,46.7838],[9.46868,46.7828],[9.4667,46.78218],[9.46561,46.78206],[9.46503,46.78171],[9.4647,46.78123],[9.46331,46.7809],[9.4625,46.78013],[9.46122,46.77975],[9.46026,46.77843],[9.45914,46.77773],[9.45758,46.77608],[9.45577,46.77542],[9.45462,46.77449],[9.45323,46.77429],[9.45222,46.77345],[9.45051,46.77302],[9.44948,46.77254],[9.44858,46.77103],[9.44681,46.77005],[9.44521,46.76861],[9.44213,46.76692],[9.4414,46.76579],[9.44035,46.76524],[9.43978,46.76461],[9.43941,46.7646],[9.43834,46.76514],[9.43797,46.76514],[9.43717,46.76479],[9.43685,46.76414],[9.43554,46.76333],[9.43463,46.76303],[9.43123,46.76275],[9.42974,46.76228],[9.42671,46.76226],[9.42274,46.76138]]}},{"type":"Feature","properties":{"id":"beiva-gr","c":"GR","p":"patent","q":"derived","k":"river"},"geometry":{"type":"MultiLineString","coordinates":[[[9.60876,46.43819],[9.60962,46.43666],[9.61008,46.43672]],[[9.61084,46.43676],[9.6115,46.43685],[9.61249,46.43618],[9.61316,46.43665],[9.61411,46.43689],[9.61624,46.43802],[9.61752,46.43845],[9.61927,46.43975],[9.6212,46.44167],[9.62201,46.44301],[9.62251,46.4432],[9.62279,46.44436],[9.62377,46.44517],[9.624,46.44575],[9.62642,46.4465],[9.62731,46.44708],[9.62792,46.44721],[9.62872,46.44844],[9.62921,46.44865],[9.62955,46.45094],[9.63121,46.45253],[9.63141,46.45379],[9.63188,46.45407],[9.63185,46.45483],[9.63334,46.45561],[9.63377,46.45605],[9.63381,46.45723],[9.63466,46.45785],[9.63484,46.45851],[9.6352,46.45856],[9.63579,46.45828],[9.63604,46.45874],[9.63665,46.45917],[9.63775,46.45897],[9.63867,46.46011],[9.63929,46.46048],[9.63937,46.46118],[9.63987,46.46116],[9.64112,46.46173],[9.64151,46.46216],[9.64353,46.46328],[9.64454,46.46453],[9.64439,46.46524],[9.64642,46.4657],[9.64664,46.46626],[9.64713,46.46638],[9.64747,46.46778],[9.64949,46.46846],[9.65089,46.47049],[9.65077,46.47084]]]}},{"type":"Feature","properties":{"id":"eva-da-valetta-gr","c":"GR","p":"patent","q":"derived","k":"river"},"geometry":{"type":"LineString","coordinates":[[9.60303,46.44469],[9.6036,46.44639],[9.60373,46.44938],[9.60396,46.44963],[9.60494,46.44962],[9.60688,46.45181],[9.60945,46.4535],[9.61132,46.45394],[9.61168,46.45455],[9.61342,46.45491],[9.61385,46.45486],[9.61471,46.45514],[9.61536,46.45502],[9.61531,46.45476],[9.61552,46.4547],[9.61648,46.45531],[9.61745,46.45511],[9.61792,46.45469],[9.6189,46.45492],[9.61967,46.4547],[9.62181,46.45526],[9.62291,46.45514],[9.62353,46.45477],[9.62449,46.45536],[9.62704,46.45575],[9.62891,46.45535],[9.62991,46.45535],[9.63151,46.45565],[9.63267,46.45611],[9.63383,46.45685]]}},{"type":"Feature","properties":{"id":"eva-dal-sett-gr","c":"GR","p":"patent","q":"derived","k":"river"},"geometry":{"type":"LineString","coordinates":[[9.64204,46.42612],[9.64238,46.4264],[9.64248,46.42686],[9.64407,46.42693],[9.64536,46.42775],[9.64611,46.42868],[9.64602,46.42952],[9.64682,46.43027],[9.64699,46.43076],[9.64758,46.43104],[9.64798,46.43173],[9.64914,46.43245],[9.64978,46.43381],[9.65038,46.43393],[9.65129,46.43607],[9.65107,46.43681],[9.65125,46.43748],[9.65227,46.43874],[9.65241,46.43953],[9.65337,46.43977],[9.65407,46.43973],[9.65426,46.44026],[9.65514,46.4408],[9.65595,46.44103],[9.6567,46.44219],[9.65661,46.44261],[9.65696,46.44289],[9.65658,46.44328],[9.6568,46.44365],[9.65666,46.44502],[9.65727,46.44587],[9.65696,46.44635],[9.65707,46.44725],[9.65788,46.448],[9.65726,46.44895],[9.6575,46.44943],[9.6572,46.45027],[9.65763,46.45082],[9.65656,46.45158],[9.65626,46.45246],[9.65706,46.45333],[9.65726,46.45427],[9.65771,46.45445],[9.65748,46.45564],[9.65928,46.45694],[9.65888,46.45813],[9.65935,46.45862],[9.65969,46.45946],[9.66077,46.46012],[9.6608,46.46084],[9.66049,46.46143]]}},{"type":"Feature","properties":{"id":"taellibach-gr","c":"GR","p":"patent","q":"derived","k":"river"},"geometry":{"type":"LineString","coordinates":[[9.29728,46.74465],[9.29933,46.74383],[9.30119,46.74253],[9.30202,46.74248],[9.30285,46.74219],[9.30379,46.74238],[9.30578,46.74217],[9.30644,46.74243],[9.30734,46.74229],[9.30829,46.7424],[9.30899,46.7423],[9.31037,46.74151],[9.3135,46.74104],[9.31469,46.74115],[9.31599,46.74077],[9.31739,46.74072],[9.31796,46.74085],[9.31948,46.74059],[9.32073,46.7407],[9.32223,46.74047],[9.32546,46.74049],[9.32619,46.73952],[9.32837,46.73772],[9.33057,46.73664],[9.33377,46.73623],[9.33585,46.73484],[9.33681,46.73453],[9.33717,46.73424],[9.33839,46.73201]]}},{"type":"Feature","properties":{"id":"treuschbach-gr","c":"GR","p":"patent","q":"derived","k":"river"},"geometry":{"type":"LineString","coordinates":[[9.30396,46.72746],[9.30518,46.72739],[9.30557,46.7271],[9.30853,46.72418],[9.30912,46.72302],[9.30909,46.72245],[9.31076,46.72061],[9.31157,46.72028],[9.31286,46.71888],[9.31516,46.71745],[9.31914,46.71617],[9.32103,46.71511],[9.32426,46.71396],[9.32562,46.71394],[9.3266,46.71328],[9.32857,46.71245],[9.32948,46.71176],[9.33122,46.71136],[9.33227,46.71152],[9.33299,46.71192]]}},{"type":"Feature","properties":{"id":"vereinabach-gr","c":"GR","p":"patent","q":"derived","k":"river"},"geometry":{"type":"LineString","coordinates":[[9.969,46.77971],[9.96953,46.78212],[9.97038,46.78288],[9.97052,46.78359],[9.97189,46.78531],[9.97204,46.78593],[9.97486,46.78901],[9.97561,46.7892],[9.97647,46.7899],[9.9768,46.79092],[9.9774,46.79144],[9.97754,46.79312],[9.97798,46.7935],[9.97805,46.79386],[9.97892,46.7941],[9.97928,46.7944],[9.97925,46.79501],[9.97961,46.79549],[9.97864,46.79645],[9.97857,46.79715],[9.97875,46.79814],[9.97944,46.79912],[9.97944,46.7997],[9.97988,46.80023],[9.9801,46.80108],[9.97893,46.80176],[9.97903,46.80229],[9.97975,46.80315],[9.97985,46.80382],[9.98154,46.80512],[9.983,46.80588],[9.98381,46.80801],[9.98416,46.80829],[9.98416,46.80887],[9.98334,46.80971],[9.98308,46.81044],[9.9821,46.81106],[9.98233,46.8116],[9.9819,46.81234],[9.98186,46.81292],[9.98063,46.81425],[9.97987,46.81576],[9.97944,46.81597],[9.97853,46.81697],[9.9784,46.81742],[9.97876,46.81776],[9.97836,46.81794],[9.97774,46.81792],[9.97707,46.81883],[9.97596,46.81906],[9.97532,46.81961],[9.97422,46.81996],[9.97334,46.82074],[9.97255,46.82092],[9.97084,46.82222],[9.97031,46.82366],[9.97053,46.82382],[9.97143,46.82387],[9.97087,46.82465],[9.97082,46.82526],[9.96967,46.82609],[9.96832,46.82653],[9.96541,46.82823],[9.96506,46.82884],[9.96541,46.8295],[9.96531,46.83007],[9.96313,46.83078],[9.96278,46.83107],[9.96286,46.83222],[9.9642,46.83269],[9.96533,46.83367],[9.96476,46.83424],[9.96472,46.83529],[9.96279,46.83585],[9.96321,46.83686],[9.96291,46.83724],[9.96309,46.83778],[9.96271,46.83862],[9.96285,46.83959],[9.96267,46.84063],[9.96227,46.84125],[9.96247,46.84196],[9.96144,46.84301],[9.96028,46.84339],[9.95985,46.8445],[9.95972,46.84529],[9.96022,46.84597],[9.96043,46.84744],[9.95968,46.84817],[9.95855,46.84875],[9.95778,46.84942],[9.95508,46.85039],[9.95466,46.85121]]}},{"type":"Feature","properties":{"id":"wannatobelbach-gr","c":"GR","p":"patent","q":"derived","k":"river"},"geometry":{"type":"LineString","coordinates":[[9.24287,46.60046],[9.24338,46.60086],[9.24384,46.60179],[9.24549,46.6031],[9.24551,46.60366],[9.24707,46.604],[9.24803,46.60446],[9.25242,46.60484],[9.25296,46.60521],[9.2537,46.60673],[9.25421,46.60713],[9.25727,46.6078],[9.26111,46.6075],[9.26328,46.60786],[9.26444,46.60846],[9.26521,46.60843],[9.26702,46.60899],[9.26768,46.60938],[9.26841,46.61037],[9.27287,46.612],[9.27462,46.61222],[9.27718,46.61205]]}},{"type":"Feature","properties":{"id":"ual-da-reischen-gr","c":"GR","p":"patent","q":"derived","k":"river"},"geometry":{"type":"LineString","coordinates":[[9.49077,46.61379],[9.49145,46.61481],[9.49134,46.61526],[9.49045,46.61561],[9.48973,46.61555],[9.48932,46.61569],[9.48835,46.61755],[9.48856,46.61828],[9.48825,46.61882],[9.48737,46.61931],[9.48669,46.61932],[9.48639,46.61966],[9.48612,46.61964],[9.48539,46.62066],[9.48524,46.62143],[9.48454,46.622],[9.48486,46.6234],[9.48453,46.62368],[9.48449,46.6245],[9.48407,46.62506],[9.48415,46.62573],[9.48316,46.62647],[9.4832,46.62695],[9.48204,46.62761],[9.48016,46.62821],[9.47976,46.62869],[9.47864,46.62934],[9.47634,46.63005],[9.47528,46.63104],[9.47473,46.63121],[9.4743,46.6332],[9.47361,46.63402],[9.47317,46.63618],[9.47281,46.63635],[9.47289,46.63669],[9.47209,46.63763],[9.47105,46.63817],[9.46998,46.63917],[9.46878,46.63945],[9.46766,46.63995],[9.46591,46.64022],[9.46306,46.64006],[9.46217,46.6402],[9.46125,46.64071],[9.45972,46.6408],[9.45873,46.64046],[9.45757,46.64102],[9.45629,46.64086],[9.45376,46.64127],[9.4532,46.64119],[9.45229,46.64153],[9.45075,46.64152],[9.44888,46.64216],[9.44595,46.64252],[9.44541,46.64289],[9.44512,46.64382]]}},{"type":"Feature","properties":{"id":"valtschiel-gr","c":"GR","p":"patent","q":"derived","k":"river"},"geometry":{"type":"LineString","coordinates":[[9.35562,46.63035],[9.35668,46.63052],[9.35807,46.63102],[9.3587,46.6308],[9.35943,46.63095],[9.36172,46.63218],[9.36346,46.63239],[9.36447,46.63272],[9.36614,46.63235],[9.36885,46.63236],[9.36994,46.63198],[9.37136,46.63227],[9.3723,46.63199],[9.37435,46.63197],[9.37519,46.63175],[9.37615,46.63193],[9.37893,46.63091],[9.37925,46.63054],[9.38044,46.63006],[9.38172,46.62984],[9.38215,46.62991],[9.38266,46.62969],[9.38631,46.62951],[9.38713,46.62916],[9.38808,46.62963],[9.39125,46.62974],[9.39162,46.62996],[9.39306,46.63013],[9.39399,46.63051],[9.39627,46.63079],[9.39742,46.6315],[9.39887,46.63174],[9.40008,46.63264],[9.40186,46.63268],[9.403,46.63242],[9.40413,46.63172],[9.40474,46.63109],[9.4055,46.63096],[9.40711,46.63108],[9.41086,46.62962],[9.41323,46.62921],[9.41555,46.62944],[9.41612,46.62968],[9.41651,46.63033],[9.41722,46.63037],[9.41834,46.63094],[9.41907,46.63068],[9.4194,46.63011],[9.421,46.63005],[9.42163,46.62965],[9.42247,46.62954],[9.42304,46.62922],[9.42369,46.6292],[9.42446,46.62876],[9.42672,46.62841],[9.42874,46.62648],[9.4291,46.62586]]}},{"type":"Feature","properties":{"id":"val-mirrer-bach-gr","c":"GR","p":"patent","q":"derived","k":"river"},"geometry":{"type":"LineString","coordinates":[[9.37249,46.65009],[9.37329,46.64997],[9.37396,46.64965],[9.37568,46.6494],[9.37657,46.64905],[9.37755,46.64818],[9.37888,46.64741],[9.37972,46.64638],[9.38095,46.64392],[9.38201,46.64383],[9.38377,46.6432],[9.38629,46.64276],[9.38796,46.64189],[9.39014,46.63997],[9.39282,46.63941],[9.39452,46.63723],[9.39617,46.63588],[9.39716,46.63436],[9.39848,46.63386],[9.3991,46.63317],[9.40008,46.63264]]}},{"type":"Feature","properties":{"id":"raptgusa-gr","c":"GR","p":"patent","q":"derived","k":"river"},"geometry":{"type":"LineString","coordinates":[[9.33102,46.60696],[9.33318,46.60744],[9.33399,46.6078],[9.33485,46.60768],[9.33574,46.60681],[9.33636,46.60687],[9.33678,46.60722],[9.3377,46.60744],[9.33784,46.60722],[9.33882,46.60724],[9.34011,46.60791],[9.34063,46.60851],[9.34162,46.6088],[9.34213,46.60872],[9.34327,46.60938],[9.34405,46.60937],[9.34518,46.60989],[9.34638,46.6098],[9.34757,46.61003],[9.34838,46.60997],[9.34881,46.60976],[9.34934,46.60985],[9.3505,46.60951],[9.35099,46.60956],[9.35188,46.60925],[9.35349,46.60921],[9.35577,46.60849],[9.35692,46.60849],[9.35735,46.60917],[9.35808,46.60939],[9.35814,46.60978],[9.35851,46.61009],[9.35857,46.61089],[9.3603,46.61219],[9.36081,46.61294],[9.36181,46.61316],[9.36253,46.61358],[9.36328,46.61367],[9.36496,46.6155]]}},{"type":"Feature","properties":{"id":"ual-da-pignia-gr","c":"GR","p":"patent","q":"derived","k":"river"},"geometry":{"type":"LineString","coordinates":[[9.49033,46.59057],[9.49056,46.5916],[9.49,46.59232],[9.48908,46.59259],[9.48871,46.59292],[9.48746,46.59323],[9.48643,46.59386],[9.48545,46.59484],[9.48266,46.5952],[9.48171,46.59556],[9.47964,46.59737],[9.47867,46.59751],[9.47737,46.59836],[9.47695,46.59835],[9.47548,46.59897],[9.47426,46.59977],[9.47426,46.60008],[9.47392,46.60028],[9.47222,46.60102],[9.47115,46.60107],[9.47077,46.60143],[9.47008,46.60149],[9.46956,46.6019],[9.46895,46.60209],[9.46814,46.60313],[9.46652,46.60398],[9.46623,46.60396],[9.46558,46.60498],[9.46511,46.60498],[9.46466,46.60535],[9.46345,46.60538],[9.46181,46.60444],[9.4607,46.60447],[9.4599,46.605],[9.45953,46.6055],[9.45647,46.6061],[9.45545,46.60594],[9.45256,46.60741],[9.45123,46.60878],[9.44967,46.60933],[9.4493,46.61027],[9.44827,46.61089],[9.44586,46.61114],[9.44285,46.61176],[9.44099,46.61167],[9.43904,46.61197],[9.43538,46.61218],[9.43178,46.61215],[9.43025,46.61293],[9.42949,46.61313],[9.42926,46.6134]]}},{"type":"Feature","properties":{"id":"aua-granda-gr","c":"GR","p":"patent","q":"derived","k":"river"},"geometry":{"type":"LineString","coordinates":[[9.48862,46.56955],[9.48818,46.57008],[9.48694,46.57033],[9.48638,46.57122],[9.48489,46.57252],[9.48244,46.57408],[9.48103,46.5758],[9.48061,46.5759],[9.48048,46.57679],[9.47887,46.57706],[9.47755,46.57782],[9.47618,46.57798],[9.47538,46.57784],[9.474,46.57843],[9.47314,46.57843],[9.47124,46.57914],[9.46973,46.57894],[9.46846,46.57906],[9.4678,46.57879],[9.4663,46.57904],[9.46444,46.57898],[9.46378,46.57876],[9.46306,46.57885],[9.46273,46.57858],[9.46211,46.57845],[9.46164,46.57779],[9.46096,46.57785],[9.46082,46.57754],[9.45885,46.57751],[9.45808,46.57712],[9.45695,46.57635],[9.4554,46.57411],[9.4546,46.57361],[9.45284,46.57309],[9.45198,46.57252],[9.44834,46.5718],[9.44743,46.57121],[9.44655,46.57107],[9.44528,46.57109],[9.44452,46.57079],[9.44318,46.57088],[9.43915,46.57047],[9.4385,46.57056]]}},{"type":"Feature","properties":{"id":"ava-da-mulegn-gr","c":"GR","p":"patent","q":"derived","k":"river"},"geometry":{"type":"LineString","coordinates":[[9.48444,46.53131],[9.48618,46.53174],[9.48657,46.53368],[9.48769,46.53511],[9.49065,46.5367],[9.49055,46.53727],[9.49146,46.53787],[9.49151,46.5384],[9.49204,46.53885],[9.49217,46.53953],[9.49306,46.54032],[9.49314,46.54181],[9.49282,46.54244],[9.49242,46.54268],[9.49223,46.54411],[9.49185,46.54429],[9.49019,46.54429],[9.48913,46.54472],[9.48786,46.54466],[9.48701,46.54491],[9.48614,46.54677],[9.48474,46.54717],[9.48352,46.5486],[9.48218,46.54938],[9.48063,46.54964],[9.4802,46.54996],[9.47922,46.54992],[9.47872,46.55022],[9.47723,46.55033],[9.47668,46.55063],[9.47561,46.55085],[9.47417,46.55042],[9.47257,46.55065],[9.47097,46.55027],[9.47051,46.54996],[9.46951,46.55004],[9.46375,46.55168],[9.46333,46.55203],[9.46242,46.55231],[9.46212,46.55268],[9.46113,46.55276],[9.46085,46.55315],[9.46007,46.55315],[9.45967,46.55352],[9.45823,46.55368],[9.4579,46.55399],[9.45661,46.55452],[9.45642,46.55509],[9.45543,46.55553],[9.45507,46.5555],[9.4545,46.55506],[9.45342,46.55513],[9.45239,46.55491],[9.45148,46.55507],[9.45071,46.55495],[9.45024,46.55464],[9.44885,46.55482],[9.44785,46.55441],[9.44703,46.55429],[9.44523,46.55284],[9.44259,46.55318],[9.4413,46.55445],[9.43793,46.55506]]}},{"type":"Feature","properties":{"id":"ual-da-niemet-gr","c":"GR","p":"patent","q":"derived","k":"river"},"geometry":{"type":"MultiLineString","coordinates":[[[9.39726,46.47305],[9.39736,46.47377],[9.39825,46.47521],[9.39829,46.47724],[9.39733,46.47828],[9.39796,46.47912],[9.39761,46.47962],[9.39772,46.4809]],[[9.40052,46.48652],[9.40108,46.48749],[9.40297,46.48787],[9.40296,46.48859],[9.40431,46.48959],[9.40431,46.49058],[9.40465,46.49086],[9.4052,46.49094],[9.40556,46.492],[9.40618,46.49238],[9.40593,46.49299],[9.40663,46.49385],[9.40622,46.49432],[9.40617,46.49473],[9.40694,46.49466],[9.40757,46.49489],[9.40868,46.49572],[9.40941,46.49669],[9.41059,46.49736],[9.41178,46.49989],[9.41311,46.5013],[9.41411,46.50195],[9.41441,46.50282],[9.41518,46.50326],[9.41572,46.50413],[9.41704,46.50441],[9.41714,46.50534],[9.41824,46.50703],[9.41937,46.50751],[9.41951,46.50814],[9.42026,46.50898],[9.42025,46.50962],[9.42101,46.51016],[9.42095,46.51072],[9.42176,46.51221],[9.42301,46.51316],[9.42367,46.51334],[9.42525,46.51486],[9.42538,46.51548],[9.42685,46.51667],[9.427,46.51711],[9.42769,46.51724],[9.42832,46.51874],[9.42981,46.51951],[9.43164,46.51981],[9.43335,46.52067],[9.43404,46.52075],[9.43599,46.52235],[9.43727,46.52305],[9.4391,46.52347]]]}},{"type":"Feature","properties":{"id":"starlerabach-gr","c":"GR","p":"patent","q":"derived","k":"river"},"geometry":{"type":"LineString","coordinates":[[9.52459,46.50337],[9.52333,46.50457],[9.5226,46.5046],[9.52129,46.50572],[9.52036,46.50594],[9.51936,46.50644],[9.51881,46.50728],[9.51819,46.50751],[9.51782,46.50805],[9.51583,46.50962],[9.51512,46.51002],[9.51408,46.51014],[9.51336,46.51052],[9.5129,46.51035],[9.51235,46.51053],[9.50723,46.51026],[9.50538,46.50975],[9.50454,46.50992],[9.50301,46.50952],[9.50157,46.50836],[9.50079,46.50848],[9.50011,46.50817],[9.49736,46.50822],[9.49639,46.50846],[9.49539,46.50837],[9.4942,46.50917],[9.49234,46.50899],[9.49141,46.50935],[9.4904,46.5093],[9.48659,46.5103],[9.48579,46.51074],[9.4844,46.51095],[9.48392,46.51127],[9.48279,46.51143],[9.48199,46.51111],[9.48137,46.51138],[9.48078,46.5114],[9.47834,46.51104],[9.47754,46.51051],[9.47544,46.51108],[9.47456,46.51114],[9.4725,46.51077],[9.47094,46.51093],[9.46981,46.51048],[9.46932,46.50996],[9.46867,46.50996],[9.46659,46.50909]]}},{"type":"Feature","properties":{"id":"maleggabach-gr","c":"GR","p":"patent","q":"derived","k":"river"},"geometry":{"type":"LineString","coordinates":[[9.53889,46.48377],[9.54101,46.48185],[9.54298,46.47918],[9.54439,46.4788],[9.54557,46.47786],[9.54693,46.47612],[9.54658,46.47477],[9.54541,46.47422],[9.54414,46.47407],[9.54201,46.47418],[9.53707,46.47359],[9.53531,46.47357],[9.53446,46.4733],[9.5336,46.47334],[9.53181,46.473],[9.53099,46.47256],[9.52905,46.47222],[9.52652,46.47119],[9.52522,46.47023],[9.51953,46.46712]]}},{"type":"Feature","properties":{"id":"puerderbach-gr","c":"GR","p":"patent","q":"derived","k":"river"},"geometry":{"type":"LineString","coordinates":[[9.51467,46.43922],[9.51545,46.43973],[9.51662,46.44239],[9.51809,46.44389],[9.5183,46.44514],[9.51868,46.44537],[9.51984,46.44555],[9.51989,46.44621],[9.52069,46.44743],[9.52209,46.44873],[9.52224,46.44972],[9.52356,46.4524],[9.52356,46.45363],[9.52311,46.45501],[9.52339,46.45829],[9.52447,46.46159],[9.52498,46.46185],[9.52533,46.46278],[9.526,46.46337],[9.52597,46.46372]]}},{"type":"Feature","properties":{"id":"ragn-da-ferrera-gr","c":"GR","p":"patent","q":"derived","k":"river"},"geometry":{"type":"MultiLineString","coordinates":[[[9.43689,46.52668],[9.4341,46.5279],[9.43299,46.52878],[9.4332,46.52928],[9.43524,46.53037],[9.43567,46.53101],[9.43474,46.53283],[9.43534,46.53403],[9.43529,46.53959],[9.43482,46.54189],[9.43519,46.5426],[9.4354,46.54447],[9.43439,46.54735],[9.4348,46.5481],[9.43468,46.54968],[9.4353,46.55066],[9.43509,46.55155],[9.43652,46.55248],[9.43719,46.55331],[9.43785,46.55488],[9.43628,46.55667],[9.4365,46.55874],[9.43782,46.56042],[9.43791,46.56178],[9.43862,46.56361],[9.43857,46.56401],[9.4382,46.56432],[9.43833,46.5652],[9.43793,46.56639],[9.4378,46.56785],[9.43733,46.56833],[9.4387,46.56942],[9.4381,46.57148],[9.43823,46.57275],[9.43726,46.5739],[9.43682,46.57485],[9.43551,46.57537],[9.43466,46.57599],[9.43435,46.57684],[9.4336,46.57738],[9.43318,46.5782],[9.43271,46.57853],[9.43128,46.57917],[9.43031,46.57906],[9.42661,46.57973],[9.42577,46.58051],[9.42441,46.58103],[9.42336,46.58266],[9.42253,46.58296]],[[9.58986,46.41563],[9.59543,46.41836],[9.59589,46.41923],[9.59579,46.41979],[9.59617,46.42053],[9.59599,46.42159],[9.59659,46.42295],[9.59644,46.42384],[9.5969,46.42444],[9.59683,46.42517],[9.59538,46.42785],[9.59448,46.42892],[9.5942,46.43001],[9.59374,46.43031],[9.59366,46.431],[9.59302,46.4316],[9.59281,46.43206],[9.59302,46.43237],[9.59293,46.43313],[9.59138,46.43458],[9.59133,46.43509],[9.59043,46.43605],[9.58985,46.43713],[9.58908,46.43801],[9.58831,46.43813],[9.58764,46.4386],[9.5875,46.43904],[9.58411,46.44165],[9.58261,46.44316],[9.57995,46.44391],[9.57915,46.4445],[9.57663,46.44497],[9.57563,46.44588],[9.5752,46.44577],[9.5738,46.4459],[9.57236,46.44662],[9.56731,46.4462],[9.56592,46.44654],[9.56323,46.44676],[9.56278,46.44703],[9.56174,46.44693],[9.56077,46.44727],[9.55989,46.44713],[9.55941,46.44739],[9.55851,46.44753],[9.55759,46.44732],[9.55661,46.44746],[9.55537,46.44711],[9.55426,46.44645],[9.55225,46.44631],[9.55221,46.44684],[9.55166,46.4477],[9.55068,46.44852],[9.54876,46.44928],[9.5463,46.45188],[9.54514,46.45238],[9.54475,46.45233],[9.54355,46.45297],[9.54193,46.45442],[9.54118,46.45475],[9.54045,46.45482],[9.54024,46.45538],[9.53912,46.45598],[9.53796,46.45696],[9.53623,46.45724],[9.53572,46.45787],[9.53487,46.4583],[9.53453,46.4588],[9.53363,46.45917],[9.53347,46.45959],[9.5316,46.46034],[9.53109,46.46079],[9.52958,46.46154],[9.52895,46.46217],[9.52725,46.46275],[9.52625,46.46359],[9.52488,46.46402],[9.52403,46.46501],[9.52283,46.46535],[9.52115,46.46641],[9.51999,46.46677],[9.51784,46.46841],[9.51538,46.46927],[9.51372,46.47044],[9.51164,46.47057],[9.51013,46.47041],[9.5091,46.47108],[9.50872,46.47179],[9.50769,46.47205],[9.50631,46.472],[9.50595,46.4726],[9.50435,46.47323],[9.50315,46.47435],[9.5008,46.47524],[9.49746,46.4773],[9.49596,46.47738],[9.49414,46.47781],[9.49218,46.47778],[9.49102,46.47801],[9.48917,46.47747],[9.48786,46.47685],[9.48721,46.47695],[9.48671,46.47727],[9.48459,46.47711],[9.48405,46.47728],[9.48368,46.47763],[9.48309,46.47943],[9.48182,46.48092],[9.47889,46.48288],[9.47879,46.48384],[9.47803,46.48457],[9.47808,46.48586],[9.47662,46.48642],[9.47634,46.48673],[9.47647,46.48731],[9.47608,46.48802],[9.47684,46.48938],[9.47679,46.48966],[9.47609,46.48994],[9.47441,46.49009],[9.47372,46.4912],[9.47382,46.49158],[9.47467,46.49215],[9.47474,46.49242],[9.47379,46.49406],[9.47407,46.49501],[9.47308,46.49885],[9.47354,46.50041],[9.47284,46.50219],[9.47179,46.50271],[9.4718,46.50353],[9.47073,46.50447],[9.46964,46.5049],[9.46906,46.50543],[9.46839,46.50557],[9.46697,46.50627],[9.46543,46.50653],[9.46488,46.50703],[9.46488,46.50793],[9.4663,46.50912],[9.46604,46.5098],[9.46486,46.51061],[9.46294,46.51137],[9.46217,46.51214],[9.46047,46.51242],[9.45961,46.51333],[9.45869,46.51383],[9.45795,46.51391],[9.45615,46.51348],[9.45513,46.51239],[9.45345,46.51235],[9.45257,46.5126],[9.4509,46.51458],[9.45074,46.51531],[9.44986,46.51541],[9.44872,46.51582],[9.44794,46.51667],[9.44653,46.51749],[9.44627,46.51802],[9.44513,46.51908],[9.44118,46.52031],[9.44027,46.52102]]]}},{"type":"Feature","properties":{"id":"steilerbach-gr","c":"GR","p":"patent","q":"derived","k":"river"},"geometry":{"type":"MultiLineString","coordinates":[[[9.31884,46.59303],[9.31975,46.59309],[9.32112,46.59254],[9.32241,46.59074],[9.32221,46.59019],[9.324,46.58935],[9.32577,46.58876],[9.32778,46.58835],[9.32917,46.58815],[9.33007,46.58847],[9.33068,46.58822],[9.33231,46.58826],[9.33362,46.5878],[9.33504,46.58757],[9.3367,46.58652],[9.33734,46.58591],[9.33755,46.58539],[9.33977,46.58441],[9.34036,46.58379],[9.34319,46.58343],[9.34396,46.58376],[9.34456,46.58343],[9.34551,46.58355],[9.34736,46.58324],[9.34892,46.58252],[9.35049,46.5806],[9.35343,46.58056],[9.35548,46.58006],[9.35619,46.57947],[9.35833,46.57885],[9.35944,46.57809],[9.36045,46.57694],[9.36156,46.57408],[9.36151,46.57363],[9.36182,46.57341],[9.36231,46.57352],[9.36324,46.57288],[9.3638,46.57117],[9.36491,46.57033],[9.36492,46.57005],[9.36394,46.56936]],[[9.36424,46.5689],[9.36499,46.56795]]]}},{"type":"Feature","properties":{"id":"surettabach-gr","c":"GR","p":"patent","q":"derived","k":"river"},"geometry":{"type":"LineString","coordinates":[[9.37287,46.52178],[9.37358,46.52247],[9.37376,46.52322],[9.37438,46.52372],[9.37603,46.52396],[9.37757,46.52503],[9.37957,46.52572],[9.37984,46.52605],[9.3805,46.52609],[9.38173,46.52777],[9.38185,46.52883],[9.38309,46.52981],[9.38346,46.53118],[9.38444,46.53219],[9.38471,46.5329],[9.38531,46.53325],[9.38542,46.53394],[9.38494,46.53458],[9.38547,46.53536],[9.38525,46.536],[9.38582,46.53731],[9.38541,46.53766],[9.38555,46.53851],[9.38701,46.54026],[9.38639,46.54113],[9.38677,46.54154],[9.38665,46.54215],[9.38707,46.54279],[9.38736,46.54407],[9.38706,46.54471],[9.38747,46.54535],[9.3872,46.54706],[9.38854,46.54808],[9.38869,46.54967],[9.38906,46.5505],[9.38969,46.55118],[9.39027,46.55291],[9.38998,46.5532],[9.3907,46.55375],[9.3908,46.55417],[9.39119,46.55436],[9.39113,46.5551],[9.39175,46.55579],[9.39172,46.55696],[9.39082,46.55764],[9.39077,46.55884],[9.38988,46.56034],[9.38898,46.56116],[9.38856,46.56265],[9.38823,46.56306],[9.38837,46.56369],[9.38716,46.56684],[9.3871,46.56809]]}},{"type":"Feature","properties":{"id":"strahlentobelbach-gr","c":"GR","p":"patent","q":"derived","k":"river"},"geometry":{"type":"MultiLineString","coordinates":[[[9.34656,46.53812],[9.34618,46.53867],[9.34653,46.53975],[9.34632,46.54103],[9.34419,46.54299],[9.34422,46.54391],[9.345,46.54497],[9.3447,46.54581],[9.34488,46.54644],[9.34288,46.54824],[9.34266,46.54919],[9.34217,46.54977],[9.34133,46.55026],[9.34008,46.55162],[9.33912,46.55216],[9.33725,46.55265],[9.33581,46.55346],[9.33545,46.55434],[9.33559,46.55476],[9.33515,46.55504],[9.3351,46.55555]],[[9.35179,46.53851],[9.34894,46.53843],[9.34826,46.53815]],[[9.35476,46.5362],[9.35424,46.53625]],[[9.35512,46.53502],[9.35539,46.5352]],[[9.3585,46.52823],[9.35861,46.52879],[9.35925,46.52943],[9.35904,46.53009],[9.35841,46.53075],[9.35592,46.53175],[9.35612,46.53216],[9.35603,46.53313],[9.3554,46.53378]]]}},{"type":"Feature","properties":{"id":"huescherenbach-gr","c":"GR","p":"patent","q":"derived","k":"river"},"geometry":{"type":"LineString","coordinates":[[9.34423,46.51026],[9.34187,46.51078],[9.34073,46.51176],[9.33674,46.51235],[9.33524,46.51328],[9.33413,46.51352],[9.33314,46.51493],[9.33145,46.51985],[9.33063,46.52143],[9.33095,46.52199],[9.33051,46.52251],[9.33064,46.52285],[9.32986,46.52351],[9.3308,46.52405],[9.33071,46.52472],[9.32963,46.52552],[9.32901,46.5266],[9.32907,46.52707],[9.32794,46.52795],[9.32823,46.52878],[9.32696,46.5302],[9.32712,46.53094],[9.32624,46.53219],[9.3265,46.53265],[9.32618,46.53355],[9.32674,46.53561],[9.32669,46.53748],[9.32715,46.53856],[9.32616,46.53955],[9.3261,46.53988],[9.32634,46.54076],[9.32676,46.541],[9.32684,46.54158],[9.32829,46.5423],[9.32851,46.54285],[9.32762,46.54372],[9.32645,46.54389],[9.32606,46.54468],[9.32531,46.54515],[9.32472,46.54632],[9.32299,46.54799],[9.32302,46.5486],[9.32269,46.54901],[9.32293,46.55022],[9.32153,46.55146],[9.32134,46.552]]}},{"type":"Feature","properties":{"id":"tambobach-gr","c":"GR","p":"patent","q":"derived","k":"river"},"geometry":{"type":"LineString","coordinates":[[9.29961,46.51831],[9.30146,46.51849],[9.30251,46.51919],[9.3019,46.51964],[9.30203,46.52034],[9.30302,46.52115],[9.30314,46.52187],[9.304,46.52223],[9.3039,46.52284],[9.30489,46.52324],[9.30601,46.52444],[9.30657,46.5258],[9.30683,46.52737],[9.30569,46.52966],[9.30503,46.53009],[9.30479,46.53077],[9.30417,46.53094],[9.30423,46.53155],[9.30342,46.53246],[9.30346,46.53291],[9.30267,46.53399],[9.303,46.53448],[9.30297,46.53669],[9.30361,46.53744],[9.30319,46.53876],[9.30349,46.53965],[9.30334,46.54123],[9.30357,46.54217],[9.30228,46.54387],[9.30136,46.54447],[9.30008,46.54489]]}},{"type":"Feature","properties":{"id":"fueggschtobelbach-gr","c":"GR","p":"patent","q":"derived","k":"river"},"geometry":{"type":"LineString","coordinates":[[9.23687,46.57056],[9.23785,46.57021],[9.2385,46.56951],[9.24114,46.56902],[9.24245,46.56812],[9.24378,46.56787],[9.24674,46.56658],[9.24833,46.56544],[9.25223,46.56422],[9.25308,46.56371],[9.25434,46.56332],[9.25586,46.56233],[9.25719,46.56195],[9.25829,46.56129],[9.26096,46.55866],[9.26121,46.55802],[9.26421,46.55574],[9.26493,46.55498],[9.26626,46.55449],[9.26699,46.55397],[9.26752,46.55324],[9.26803,46.5529],[9.2675,46.55156],[9.26771,46.55083],[9.2673,46.55008],[9.26697,46.54766],[9.26748,46.54708],[9.27033,46.54524],[9.27145,46.54327],[9.27202,46.54277],[9.27294,46.54089]]}},{"type":"Feature","properties":{"id":"kappelbach-gr","c":"GR","p":"patent","q":"derived","k":"river"},"geometry":{"type":"LineString","coordinates":[[9.22552,46.515],[9.22258,46.51714],[9.2212,46.51751],[9.21983,46.51742],[9.21926,46.5171],[9.21781,46.517],[9.21634,46.51724],[9.21552,46.51983],[9.21543,46.52085],[9.21497,46.52161],[9.2152,46.52239],[9.21506,46.5228],[9.21472,46.52295],[9.21487,46.52431],[9.2145,46.52484],[9.21476,46.52592],[9.21529,46.5264],[9.21527,46.52861],[9.21454,46.5295],[9.21391,46.52953],[9.21356,46.52988],[9.21242,46.53005],[9.2118,46.53123]]}},{"type":"Feature","properties":{"id":"sertigbach-gr","c":"GR","p":"patent","q":"derived","k":"river"},"geometry":{"type":"LineString","coordinates":[[9.85367,46.71491],[9.85306,46.71626],[9.85242,46.71698],[9.85135,46.71755],[9.85029,46.71889],[9.84959,46.71929],[9.84935,46.72109],[9.84902,46.72148],[9.84922,46.72235],[9.84866,46.7231],[9.84778,46.72368],[9.84752,46.72409],[9.84637,46.72414],[9.84558,46.72466],[9.84573,46.72591],[9.84499,46.72642],[9.84486,46.72736],[9.84588,46.72933],[9.84503,46.73015],[9.84454,46.73125],[9.84397,46.73153],[9.84367,46.732],[9.84235,46.73307],[9.84317,46.73385],[9.84297,46.73426],[9.84226,46.73479],[9.84234,46.73544],[9.84268,46.73585],[9.84198,46.73659],[9.84071,46.73726],[9.84086,46.73782],[9.84044,46.73815],[9.83997,46.73914],[9.83931,46.73967],[9.83925,46.7402],[9.83824,46.74052],[9.83779,46.74111],[9.83794,46.74166],[9.83774,46.74216],[9.83689,46.74301],[9.83697,46.74353],[9.83607,46.7443],[9.83591,46.74718],[9.83526,46.74754],[9.83473,46.74837],[9.83398,46.74874],[9.83312,46.74884],[9.83294,46.74907],[9.83188,46.74949],[9.83166,46.74983],[9.83156,46.75157],[9.83116,46.75187],[9.83009,46.75382],[9.82804,46.75532],[9.82753,46.756],[9.8268,46.75714],[9.82633,46.75902],[9.82531,46.75954],[9.82512,46.75987],[9.82371,46.76036],[9.82309,46.76102],[9.82214,46.76122],[9.82067,46.76187],[9.81989,46.76279],[9.8184,46.7635],[9.81727,46.76377],[9.81527,46.76458],[9.815,46.76493],[9.81406,46.76505],[9.81248,46.76588],[9.81151,46.76607],[9.81068,46.76656],[9.81025,46.76713],[9.80921,46.76772],[9.80627,46.76869],[9.80561,46.76843],[9.80492,46.76872],[9.80364,46.76865],[9.80303,46.76834],[9.80119,46.76807]]}},{"type":"Feature","properties":{"id":"val-casti-gr","c":"GR","p":"patent","q":"derived","k":"river"},"geometry":{"type":"LineString","coordinates":[[9.25989,46.76154],[9.25836,46.76347],[9.25617,46.76486],[9.25422,46.76499],[9.25341,46.76593],[9.25152,46.76646],[9.24951,46.76838],[9.24759,46.76879],[9.24625,46.76989],[9.24556,46.77102],[9.24532,46.77195],[9.24353,46.77346],[9.24315,46.77452],[9.244,46.77623],[9.24386,46.77779],[9.24649,46.77973],[9.2468,46.78071],[9.24747,46.78114],[9.24756,46.78205],[9.24826,46.78275]]}},{"type":"Feature","properties":{"id":"schlueinbach-gr","c":"GR","p":"patent","q":"derived","k":"river"},"geometry":{"type":"LineString","coordinates":[[9.18783,46.83818],[9.18882,46.83794],[9.19044,46.83667],[9.19173,46.83685],[9.1945,46.83639],[9.19596,46.83585],[9.19591,46.83559],[9.19637,46.83539],[9.19735,46.83446],[9.19725,46.83422],[9.19787,46.83385],[9.19805,46.83343],[9.19905,46.8329],[9.19946,46.83245],[9.19998,46.8324],[9.20055,46.83179],[9.2022,46.83116],[9.20269,46.83045],[9.20285,46.82946],[9.20385,46.82865],[9.20511,46.82695],[9.20601,46.82629],[9.20636,46.82574],[9.20696,46.82441],[9.20693,46.82343],[9.20773,46.82267],[9.20814,46.82199],[9.20797,46.82149],[9.20903,46.82057],[9.20971,46.81914],[9.21135,46.81907],[9.21241,46.81875],[9.21279,46.81809],[9.2125,46.81692],[9.21294,46.81612],[9.21438,46.81557],[9.21516,46.81563],[9.21583,46.81538],[9.2158,46.81466],[9.21647,46.81463],[9.217,46.81404],[9.2171,46.81366],[9.21626,46.81331],[9.21623,46.81258],[9.21737,46.81043],[9.21756,46.80921],[9.21669,46.80784],[9.21662,46.80629],[9.21691,46.80554],[9.2166,46.80488],[9.21657,46.80361],[9.21574,46.80225],[9.21566,46.80097],[9.21677,46.79995],[9.21676,46.79868],[9.21795,46.79676],[9.21864,46.79597],[9.21986,46.79538],[9.2208,46.79391],[9.22014,46.79327],[9.22025,46.79258],[9.22092,46.79171],[9.22128,46.79068],[9.22175,46.79025],[9.22243,46.79004],[9.22491,46.78968],[9.22566,46.78937],[9.22714,46.78794],[9.22913,46.78671],[9.23134,46.78441],[9.23492,46.7824],[9.23538,46.7818]]}},{"type":"Feature","properties":{"id":"dadobach-gr","c":"GR","p":"patent","q":"derived","k":"river"},"geometry":{"type":"LineString","coordinates":[[9.22101,46.8213],[9.22246,46.82077],[9.22282,46.82],[9.22437,46.8191],[9.22549,46.81767],[9.22659,46.81675],[9.22688,46.81607],[9.22628,46.81567],[9.22599,46.81439],[9.22709,46.81362],[9.22711,46.81192],[9.22765,46.81151],[9.22687,46.81098],[9.22515,46.81066],[9.22427,46.81012],[9.22476,46.8086],[9.22331,46.80746],[9.22362,46.80699],[9.22344,46.8065],[9.22359,46.80491],[9.22428,46.80459],[9.22492,46.80382],[9.22871,46.8026],[9.22894,46.80202],[9.22848,46.80093],[9.22597,46.79965],[9.22459,46.79941],[9.22333,46.79879],[9.22201,46.7975],[9.22117,46.79706],[9.22078,46.79635],[9.21969,46.79551]]}},{"type":"Feature","properties":{"id":"val-casura-gr","c":"GR","p":"patent","q":"derived","k":"river"},"geometry":{"type":"LineString","coordinates":[[9.25314,46.75807],[9.25012,46.75794],[9.24894,46.75872],[9.24709,46.75914],[9.24533,46.7599],[9.24461,46.76076],[9.24393,46.76111],[9.24182,46.76178],[9.24112,46.76218],[9.23781,46.76297],[9.23723,46.76378],[9.23642,46.76397],[9.23577,46.76474],[9.23361,46.76528],[9.2328,46.76598],[9.23128,46.76668],[9.22951,46.76857],[9.22846,46.77065],[9.22574,46.77282],[9.22379,46.774],[9.22315,46.77498],[9.22312,46.77525],[9.22376,46.77549],[9.22468,46.77634],[9.22531,46.77654],[9.22566,46.77727],[9.22616,46.77737],[9.22637,46.77768]]}},{"type":"Feature","properties":{"id":"ual-da-mulin-gr","c":"GR","p":"patent","q":"derived","k":"river"},"geometry":{"type":"LineString","coordinates":[[9.16234,46.86712],[9.16342,46.86473],[9.16321,46.8638],[9.16253,46.86332],[9.16276,46.86228],[9.16258,46.86179],[9.16288,46.86093],[9.1625,46.86026],[9.16277,46.85932],[9.16247,46.85881],[9.16282,46.85819],[9.16262,46.85781],[9.16285,46.85707],[9.16234,46.85595],[9.16213,46.85439],[9.16179,46.85399],[9.16183,46.85341],[9.16131,46.85281],[9.16238,46.85114],[9.16127,46.84956],[9.16164,46.84888],[9.1612,46.84776],[9.16191,46.84728],[9.16195,46.84687],[9.16024,46.84437],[9.1591,46.84402],[9.1571,46.84399],[9.15653,46.84369],[9.15659,46.84327],[9.15581,46.84305],[9.15536,46.84256],[9.15564,46.84204],[9.1546,46.84137],[9.15406,46.84052],[9.15486,46.83855],[9.1544,46.83734],[9.15572,46.83562],[9.15568,46.83528],[9.15613,46.8349],[9.15677,46.83363],[9.15877,46.83224],[9.15981,46.832],[9.16209,46.83058],[9.16301,46.83024],[9.1642,46.82862],[9.16468,46.82839],[9.165,46.82775],[9.16724,46.82602],[9.16778,46.82502],[9.16777,46.82461],[9.16825,46.82396],[9.16855,46.82232],[9.16828,46.82128],[9.16831,46.8194],[9.1676,46.81858],[9.16748,46.81695],[9.16856,46.81637],[9.16906,46.81453],[9.16906,46.81318],[9.16964,46.81276],[9.16965,46.81205],[9.17044,46.8112],[9.17041,46.81074],[9.17104,46.80986],[9.17052,46.8084],[9.17078,46.80759],[9.17057,46.80704],[9.17004,46.80659],[9.17049,46.80611],[9.17043,46.80571],[9.17076,46.80507],[9.1718,46.80414],[9.17163,46.80369],[9.1719,46.8034],[9.17203,46.80216],[9.1719,46.80086],[9.17252,46.80028],[9.1726,46.79851],[9.17303,46.79733],[9.17295,46.79666],[9.17353,46.79571],[9.1739,46.79444],[9.17378,46.79348],[9.17415,46.79301],[9.17415,46.79261],[9.17495,46.79205],[9.17498,46.79106],[9.17564,46.78995],[9.17506,46.78867],[9.17505,46.78777],[9.17457,46.78693],[9.17468,46.78654],[9.17422,46.78574],[9.17446,46.78507],[9.17417,46.78455],[9.17419,46.78344],[9.17467,46.78259],[9.17458,46.78175],[9.17494,46.78105],[9.17475,46.78039],[9.1737,46.77827],[9.17298,46.77748],[9.17174,46.77661],[9.17061,46.77472]]}},{"type":"Feature","properties":{"id":"flem-gr-2","c":"GR","p":"patent","q":"derived","k":"river"},"geometry":{"type":"MultiLineString","coordinates":[[[8.97464,46.79286],[8.97604,46.79369],[8.97819,46.79428],[8.9791,46.79435],[8.9817,46.79524],[8.98418,46.79534],[8.98611,46.79605],[8.98742,46.79706],[8.99005,46.79831],[8.99137,46.79853],[8.99531,46.79835],[8.99667,46.79898],[8.99851,46.79925],[8.99901,46.79978],[8.99986,46.80001],[9.00199,46.80006],[9.00306,46.80057],[9.00417,46.80085],[9.00662,46.80115],[9.00906,46.80229],[9.01221,46.80265],[9.01424,46.8033],[9.01508,46.80316],[9.01625,46.80373],[9.02163,46.8047],[9.02263,46.8051],[9.02466,46.80496],[9.02481,46.80542],[9.02544,46.80543],[9.02577,46.8057],[9.02674,46.80588],[9.02745,46.80736],[9.02928,46.80746],[9.03173,46.8083],[9.03217,46.80826],[9.03289,46.80805],[9.03506,46.80683],[9.03635,46.80653],[9.03804,46.8057],[9.03937,46.80415],[9.04019,46.80166],[9.04093,46.80153],[9.04133,46.80123],[9.04136,46.80072],[9.04227,46.80051],[9.04341,46.79966],[9.04667,46.79659],[9.04716,46.79587],[9.04855,46.79485],[9.04916,46.79359],[9.04919,46.79289],[9.05118,46.78945],[9.05182,46.78739],[9.05262,46.78619],[9.05411,46.78496],[9.05544,46.78478],[9.05616,46.78448],[9.05745,46.78293],[9.05803,46.78267],[9.06071,46.78018],[9.06143,46.77834],[9.06128,46.77744],[9.0616,46.77698],[9.06105,46.77553],[9.0612,46.77484],[9.06099,46.7745],[9.06153,46.77348],[9.06246,46.77263],[9.06409,46.77183],[9.06541,46.77154],[9.06762,46.7714]],[[9.07427,46.77188],[9.07451,46.77193],[9.07468,46.77231]],[[9.07506,46.77244],[9.07693,46.77276],[9.07822,46.77233],[9.08059,46.77262],[9.08287,46.77227],[9.08402,46.77245],[9.08895,46.77258],[9.09059,46.77327],[9.09194,46.77338],[9.09263,46.77395],[9.09376,46.77388],[9.09407,46.7742],[9.09511,46.77423],[9.09573,46.77471],[9.09702,46.77464],[9.0976,46.77497],[9.09897,46.77488],[9.09955,46.77513],[9.10009,46.77501],[9.10212,46.7751],[9.10392,46.77543],[9.10483,46.77542],[9.10734,46.7763],[9.10806,46.77627],[9.1087,46.77595],[9.10892,46.7753],[9.10879,46.77465],[9.11014,46.77457],[9.11202,46.77535],[9.11285,46.77533],[9.11326,46.77575],[9.11401,46.77585],[9.11526,46.77655],[9.11611,46.77665],[9.11669,46.77719],[9.11739,46.77748],[9.11827,46.77757],[9.11852,46.778],[9.11911,46.77799],[9.11956,46.77818],[9.11934,46.77851],[9.11944,46.77879],[9.11994,46.77896],[9.1207,46.77893],[9.12096,46.77916],[9.12077,46.77984],[9.12094,46.78019],[9.12211,46.78043],[9.12259,46.78106],[9.12302,46.78132],[9.12407,46.78147],[9.1247,46.78203],[9.12545,46.78213],[9.12581,46.78177],[9.12669,46.78153],[9.12849,46.78134]]]}},{"type":"Feature","properties":{"id":"taschinasbach-gr","c":"GR","p":"patent","q":"derived","k":"river"},"geometry":{"type":"LineString","coordinates":[[9.6353,47.03577],[9.63616,47.03567],[9.63663,47.03621],[9.63852,47.03629],[9.64382,47.0346],[9.6447,47.03453],[9.64602,47.0336],[9.64639,47.03286],[9.64729,47.03224],[9.64865,47.02919],[9.64868,47.0283],[9.64754,47.02767],[9.64757,47.02718],[9.64922,47.02633],[9.64878,47.02572],[9.64889,47.02539],[9.64984,47.02552],[9.64977,47.02506],[9.65038,47.02504],[9.65076,47.02466],[9.65103,47.02351],[9.65178,47.02326],[9.65197,47.02277],[9.65186,47.02149],[9.65235,47.02117],[9.65306,47.02121],[9.6533,47.02106],[9.65335,47.02062],[9.65278,47.01983],[9.65297,47.01779],[9.65257,47.01632],[9.65196,47.01559],[9.65285,47.01494],[9.65212,47.01296],[9.65302,47.01141],[9.65372,47.011],[9.65335,47.01006],[9.65356,47.00966],[9.65426,47.00922],[9.65397,47.00779],[9.65304,47.0065],[9.65371,47.00554],[9.65357,47.00509],[9.65435,47.00405],[9.65362,47.00324],[9.65279,47.00304],[9.65276,47.0028],[9.65346,47.00234],[9.65329,47.00168],[9.65268,47.00141],[9.65171,47.00138],[9.65099,47.00055],[9.64978,46.99974],[9.6502,46.99836],[9.65108,46.99777],[9.65099,46.99712],[9.65062,46.99677],[9.65102,46.9961],[9.65165,46.99561],[9.6515,46.99485],[9.65113,46.99449],[9.65115,46.99386],[9.6524,46.99316],[9.65202,46.99214],[9.6509,46.99194],[9.65036,46.99116],[9.64844,46.99112],[9.64696,46.99048],[9.64766,46.98856],[9.64629,46.98755],[9.64606,46.98636],[9.64447,46.9847],[9.64513,46.98418],[9.64509,46.9836],[9.64615,46.98227],[9.64613,46.98181],[9.6326,46.97424],[9.63227,46.9739]]}},{"type":"Feature","properties":{"id":"ual-da-ladral-gr","c":"GR","p":"patent","q":"derived","k":"river"},"geometry":{"type":"LineString","coordinates":[[9.0621,46.83426],[9.06376,46.83306],[9.06619,46.83191],[9.06655,46.83061],[9.06825,46.83067],[9.06892,46.8302],[9.06952,46.83027],[9.07011,46.8299],[9.07035,46.82966],[9.07032,46.82925],[9.06962,46.82892],[9.06947,46.82856],[9.0698,46.82798],[9.07069,46.82757],[9.07132,46.82687],[9.07255,46.82624],[9.07452,46.82593],[9.07546,46.82542],[9.07786,46.82243],[9.07956,46.82116],[9.0797,46.82074],[9.07923,46.81995],[9.07984,46.81901],[9.07979,46.81809],[9.08054,46.81749],[9.08053,46.81701],[9.08114,46.81655],[9.08268,46.81672],[9.08476,46.8157],[9.08484,46.81549],[9.08417,46.81467],[9.08508,46.8132],[9.08603,46.81276],[9.08616,46.81247],[9.08752,46.8115],[9.08869,46.80972],[9.08974,46.80925],[9.09245,46.80718],[9.09249,46.80686],[9.09164,46.80616],[9.09205,46.80504],[9.09194,46.80462],[9.0922,46.80433],[9.09203,46.8041],[9.09303,46.80342],[9.09346,46.80286],[9.09352,46.8022],[9.09403,46.80199],[9.09373,46.80167],[9.09444,46.80092],[9.09513,46.79896],[9.09453,46.7983],[9.09438,46.79761],[9.09547,46.79636],[9.09543,46.79516],[9.09608,46.79406],[9.09605,46.79327],[9.09693,46.79177],[9.09782,46.79104],[9.0977,46.79064],[9.09844,46.78998],[9.0992,46.78846],[9.0991,46.78734],[9.09973,46.7863],[9.09969,46.78566],[9.09995,46.78532],[9.1006,46.78506],[9.10056,46.78208],[9.10182,46.78108],[9.10182,46.78038],[9.10229,46.77985],[9.10456,46.77848],[9.10506,46.77795],[9.10531,46.77723],[9.10569,46.77707],[9.10671,46.77722],[9.10819,46.77811],[9.10951,46.77834],[9.11059,46.77898],[9.11294,46.77912],[9.11446,46.77961],[9.1166,46.77998],[9.11835,46.77992],[9.12052,46.78035],[9.12094,46.78019]]}},{"type":"Feature","properties":{"id":"ual-murter-gr","c":"GR","p":"patent","q":"derived","k":"river"},"geometry":{"type":"LineString","coordinates":[[9.05052,46.83255],[9.0528,46.83001],[9.05326,46.82896],[9.05612,46.82851],[9.05648,46.82803],[9.05769,46.82745],[9.0587,46.82586],[9.0588,46.82527],[9.06065,46.8232],[9.06156,46.82254],[9.06172,46.82208],[9.06266,46.82163],[9.06295,46.82069],[9.06421,46.8198],[9.06564,46.81816],[9.066,46.81801],[9.06676,46.81806],[9.06718,46.81783],[9.06776,46.81714],[9.06788,46.81665],[9.06857,46.81622],[9.0699,46.81614],[9.07084,46.81576],[9.07212,46.8158],[9.07303,46.81553],[9.07472,46.81559],[9.07679,46.81479],[9.0781,46.81471],[9.0785,46.8145],[9.07963,46.81436],[9.08062,46.81453],[9.08265,46.81451],[9.08344,46.81479],[9.08417,46.81467]]}},{"type":"Feature","properties":{"id":"ual-da-foppas-gr","c":"GR","p":"patent","q":"derived","k":"river"},"geometry":{"type":"LineString","coordinates":[[9.07106,46.79649],[9.07188,46.79645],[9.07345,46.79595],[9.0767,46.79439],[9.07781,46.79334],[9.0785,46.79305],[9.07868,46.79217],[9.07916,46.7915],[9.07982,46.79128],[9.08073,46.78984],[9.08154,46.78912],[9.08258,46.78866],[9.0844,46.78732],[9.08658,46.78515],[9.08759,46.78502],[9.08881,46.78447],[9.08985,46.78281],[9.09075,46.78239],[9.09241,46.78103],[9.09262,46.7803],[9.09352,46.77981],[9.09386,46.77938],[9.09512,46.77906],[9.09767,46.77672],[9.09873,46.77644],[9.09976,46.77653],[9.10079,46.77638],[9.10161,46.77589],[9.10221,46.77585],[9.10329,46.77535]]}},{"type":"Feature","properties":{"id":"ual-da-ranasca-gr","c":"GR","p":"patent","q":"derived","k":"river"},"geometry":{"type":"LineString","coordinates":[[9.12632,46.8492],[9.1254,46.84867],[9.12464,46.8477],[9.12465,46.84679],[9.12511,46.84571],[9.12462,46.84426],[9.12394,46.84365],[9.12255,46.84303],[9.12077,46.84083],[9.12143,46.83965],[9.12137,46.83922],[9.12217,46.83849],[9.12211,46.83815],[9.12259,46.83735],[9.12236,46.83638],[9.12284,46.83478],[9.12238,46.83348],[9.12256,46.83322],[9.12241,46.83271],[9.12206,46.83226],[9.12158,46.83214],[9.12109,46.8317],[9.1206,46.83072],[9.11864,46.82803],[9.1171,46.82698],[9.11682,46.82583],[9.11424,46.82429],[9.11352,46.82339],[9.11358,46.8227],[9.11252,46.82228],[9.11203,46.82179]]}},{"type":"Feature","properties":{"id":"aua-dil-mer-gr","c":"GR","p":"patent","q":"derived","k":"river"},"geometry":{"type":"LineString","coordinates":[[9.09433,46.86419],[9.09596,46.8632],[9.09643,46.86244],[9.09804,46.86139],[9.09848,46.86076],[9.09849,46.86031],[9.10014,46.85893],[9.10024,46.8583],[9.09957,46.85733],[9.09755,46.85646],[9.09697,46.856],[9.09632,46.85586],[9.09548,46.85523],[9.09464,46.85539],[9.09408,46.85529],[9.09351,46.8546],[9.09228,46.85423],[9.09224,46.85391],[9.09294,46.85356],[9.09361,46.85231],[9.09456,46.85165],[9.09682,46.85128],[9.09762,46.85051],[9.09828,46.85025],[9.09951,46.84805],[9.10237,46.84607],[9.10241,46.84565],[9.10293,46.84541],[9.10313,46.845],[9.10316,46.8441],[9.1025,46.84358],[9.10246,46.84309],[9.10321,46.84237],[9.10319,46.84123],[9.1038,46.8396],[9.10305,46.83911],[9.10163,46.8388],[9.10114,46.83784],[9.10021,46.83763],[9.09938,46.83636]]}},{"type":"Feature","properties":{"id":"tscharbach-gr","c":"GR","p":"patent","q":"derived","k":"river"},"geometry":{"type":"MultiLineString","coordinates":[[[9.01734,46.68404],[9.018,46.68404],[9.01854,46.6833]],[[9.01962,46.68275],[9.02067,46.68227],[9.02208,46.682],[9.02262,46.68164],[9.0252,46.68191],[9.02664,46.68165],[9.02861,46.68198],[9.02952,46.68183],[9.02992,46.68141],[9.02992,46.68082],[9.03048,46.68029],[9.03103,46.68009],[9.03112,46.67956],[9.03167,46.67932],[9.03239,46.67911],[9.03502,46.67932],[9.03765,46.67903],[9.04012,46.67963],[9.04143,46.6795],[9.04189,46.6798],[9.04279,46.67972],[9.04352,46.68014],[9.04668,46.67984],[9.0502,46.68068],[9.05253,46.68186],[9.05277,46.68223],[9.05381,46.68278],[9.05515,46.68331],[9.05604,46.68345],[9.05638,46.68407],[9.05914,46.6851],[9.06123,46.68637],[9.06151,46.68692],[9.06107,46.68717],[9.06109,46.68773],[9.06149,46.68812],[9.06184,46.68902],[9.06364,46.69103],[9.06427,46.69252],[9.06427,46.69341],[9.06505,46.69478],[9.06472,46.69584],[9.06491,46.69635],[9.06426,46.69836],[9.06366,46.69927],[9.06347,46.70125],[9.06375,46.70165],[9.0633,46.70301],[9.06388,46.70386],[9.06385,46.70442],[9.06475,46.70631],[9.06469,46.70735],[9.06539,46.708],[9.06521,46.70854],[9.06576,46.70937],[9.06608,46.71147],[9.06731,46.71233],[9.068,46.71315],[9.06764,46.71382],[9.06867,46.71542],[9.06879,46.71757],[9.06923,46.71815],[9.069,46.71856],[9.06973,46.71998],[9.06972,46.7209],[9.06891,46.72295],[9.06979,46.72469],[9.06964,46.7251],[9.06996,46.72659],[9.07058,46.727],[9.07092,46.72792],[9.07134,46.72827],[9.07107,46.72868],[9.07148,46.72979],[9.0712,46.73025],[9.07127,46.7316],[9.07105,46.73202],[9.07164,46.73245],[9.072,46.73434],[9.07159,46.7353],[9.07148,46.73698],[9.07177,46.73765],[9.07283,46.73825],[9.07453,46.7383],[9.07553,46.73883],[9.07497,46.73965],[9.07486,46.74158],[9.07459,46.74185],[9.07418,46.74183],[9.07332,46.74263],[9.0729,46.74539],[9.0724,46.74571],[9.07194,46.74671],[9.07054,46.74711],[9.07045,46.74765],[9.0699,46.74827],[9.06879,46.74866],[9.0686,46.7495],[9.06774,46.75022],[9.06765,46.75104],[9.06727,46.75174],[9.06737,46.75321],[9.06755,46.75387],[9.0687,46.75535]]]}},{"type":"Feature","properties":{"id":"alpettlibach-gr","c":"GR","p":"patent","q":"derived","k":"river"},"geometry":{"type":"LineString","coordinates":[[9.08426,46.68605],[9.0855,46.68626],[9.08631,46.68718],[9.08731,46.68786],[9.08763,46.68933],[9.08617,46.69076],[9.08618,46.69121],[9.08839,46.69294],[9.08899,46.69315],[9.08902,46.69346],[9.08933,46.69378],[9.08974,46.69388],[9.09099,46.69545],[9.09107,46.69605],[9.09167,46.69703],[9.09159,46.69735],[9.09187,46.69747],[9.09229,46.69864],[9.09255,46.69878],[9.09247,46.69914],[9.09274,46.6994],[9.09256,46.69986],[9.09334,46.70178],[9.0928,46.70215],[9.0928,46.70316],[9.09255,46.70334],[9.09212,46.70332],[9.09158,46.70383],[9.09115,46.70386],[9.09103,46.70438],[9.09043,46.70465],[9.08955,46.70544],[9.08908,46.70564],[9.08853,46.70559],[9.08837,46.70591],[9.08712,46.70595],[9.08671,46.70639],[9.08601,46.70645],[9.08504,46.70806],[9.08461,46.70816],[9.08449,46.70846],[9.08361,46.7086],[9.08337,46.70909],[9.08229,46.70998],[9.08103,46.71067],[9.0807,46.71144],[9.08015,46.71141],[9.07891,46.71211],[9.07833,46.71223],[9.07751,46.71336],[9.0767,46.71375],[9.075,46.71382],[9.07407,46.71425],[9.07362,46.71477],[9.0727,46.7176],[9.06913,46.71833]]}},{"type":"Feature","properties":{"id":"lochlitobel-gr","c":"GR","p":"patent","q":"derived","k":"river"},"geometry":{"type":"LineString","coordinates":[[9.0476,46.72336],[9.05142,46.7243],[9.05176,46.72516],[9.05294,46.72581],[9.05433,46.72628],[9.05529,46.72736],[9.05604,46.72772],[9.05663,46.72839],[9.05762,46.72866],[9.05721,46.73035],[9.05753,46.7314],[9.05734,46.7324],[9.05898,46.73368],[9.05958,46.73447],[9.06091,46.73526],[9.06184,46.7362],[9.06257,46.73651],[9.06356,46.73751],[9.06375,46.74009],[9.06324,46.74061],[9.06315,46.74104],[9.06348,46.74214],[9.06249,46.74319],[9.06222,46.74387],[9.06299,46.74544],[9.06295,46.7464],[9.06324,46.74689],[9.06291,46.74845],[9.06211,46.74905],[9.06258,46.75039],[9.0619,46.75104],[9.06182,46.75176],[9.0613,46.75217],[9.06105,46.7529],[9.06001,46.75409]]}},{"type":"Feature","properties":{"id":"cuschinabach-gr","c":"GR","p":"patent","q":"derived","k":"river"},"geometry":{"type":"LineString","coordinates":[[9.02397,46.77006],[9.02658,46.76976],[9.028,46.77017],[9.02993,46.77019],[9.0308,46.76991],[9.03158,46.76928],[9.03478,46.76932],[9.03641,46.76905],[9.03774,46.76855],[9.043,46.76907],[9.04649,46.76791],[9.04796,46.76671],[9.04923,46.76531],[9.04934,46.76446],[9.05011,46.76341],[9.05026,46.76219],[9.04992,46.76141],[9.04987,46.75833],[9.05078,46.75848],[9.05212,46.75818],[9.05299,46.75727],[9.05273,46.75612],[9.05297,46.75538],[9.05341,46.75507],[9.05412,46.75499],[9.05593,46.75331]]}},{"type":"Feature","properties":{"id":"tiraunbach-gr","c":"GR","p":"patent","q":"derived","k":"river"},"geometry":{"type":"LineString","coordinates":[[8.99074,46.77739],[8.99164,46.77668],[8.99255,46.77527],[8.99346,46.77358],[8.99388,46.77202],[8.9948,46.77065],[8.99505,46.76968],[8.99657,46.76916],[8.99699,46.76883],[8.9993,46.76861],[9.00017,46.76776],[9.00141,46.76569],[9.00134,46.76515],[8.99979,46.76303],[8.99983,46.76227],[9.00101,46.76129],[9.00202,46.75882],[9.00245,46.75617],[9.00213,46.75512],[9.00248,46.75476],[9.00227,46.75327],[9.00331,46.75232],[9.00279,46.75087],[9.00305,46.74848],[9.00494,46.74567],[9.00589,46.74497]]}},{"type":"Feature","properties":{"id":"zavragia-gr","c":"GR","p":"patent","q":"derived","k":"river"},"geometry":{"type":"LineString","coordinates":[[9.01269,46.69205],[9.01292,46.69339],[9.01232,46.69475],[9.01263,46.69648],[9.01234,46.69727],[9.01247,46.69846],[9.01147,46.70003],[9.01108,46.70158],[9.01165,46.70305],[9.01258,46.70416],[9.01276,46.70492],[9.01323,46.70541],[9.01318,46.70629],[9.01362,46.70661],[9.01364,46.70716],[9.01447,46.70824],[9.01398,46.7094],[9.01421,46.70985],[9.0139,46.7108],[9.01414,46.71216],[9.01275,46.71557],[9.01058,46.71708],[9.01021,46.71964],[9.00982,46.72008],[9.00776,46.72115],[9.00719,46.72204],[9.00721,46.72273],[9.00672,46.72345],[9.00553,46.72426],[9.00549,46.72653],[9.00465,46.72721],[9.00473,46.72796],[9.00415,46.72859],[9.00373,46.73014],[9.00396,46.73073],[9.00334,46.73288],[9.00337,46.73357],[9.00503,46.73478],[9.00469,46.73517],[9.00536,46.73549],[9.00658,46.73795],[9.00541,46.74257],[9.00465,46.74447]]}},{"type":"Feature","properties":{"id":"luven-gr","c":"GR","p":"patent","q":"derived","k":"river"},"geometry":{"type":"LineString","coordinates":[[8.92791,46.76003],[8.92842,46.75929],[8.92833,46.75665],[8.92872,46.75586],[8.92975,46.75491],[8.93058,46.75485],[8.93191,46.75403],[8.93269,46.75396],[8.93344,46.75363],[8.93761,46.75306],[8.9394,46.75241],[8.94086,46.75146],[8.94198,46.74895],[8.94294,46.74841],[8.94481,46.7462],[8.94754,46.74396],[8.9468,46.7417],[8.94746,46.74041],[8.94841,46.73947],[8.95021,46.73864],[8.95188,46.73677],[8.95345,46.73628],[8.95394,46.73594],[8.95562,46.73384],[8.95617,46.73192],[8.9559,46.73115],[8.95659,46.73009],[8.95811,46.73002],[8.95845,46.72977],[8.96021,46.72938]]}},{"type":"Feature","properties":{"id":"aua-da-vallesa-gr","c":"GR","p":"patent","q":"derived","k":"river"},"geometry":{"type":"LineString","coordinates":[[8.92664,46.66737],[8.92959,46.66722],[8.93294,46.66819],[8.9335,46.66923],[8.93407,46.66975],[8.93599,46.67097],[8.93695,46.67229],[8.93859,46.67349],[8.93942,46.67385],[8.94013,46.67446],[8.94053,46.67525],[8.94119,46.67558],[8.94129,46.6763],[8.94206,46.67746],[8.94165,46.6783],[8.94221,46.6797],[8.94193,46.67989],[8.9423,46.68055],[8.94201,46.68131],[8.94266,46.68179],[8.94287,46.68278],[8.94257,46.68325],[8.94372,46.68453],[8.9436,46.68494],[8.9439,46.68571],[8.9448,46.68605],[8.9453,46.68652],[8.94529,46.68749],[8.94553,46.68791],[8.94605,46.68818],[8.94609,46.689],[8.94649,46.68901],[8.94675,46.6893]]}},{"type":"Feature","properties":{"id":"aua-da-nadel-gr","c":"GR","p":"patent","q":"derived","k":"river"},"geometry":{"type":"LineString","coordinates":[[8.99397,46.69594],[8.99208,46.69606],[8.99166,46.69629],[8.99084,46.69638],[8.98887,46.69595],[8.98657,46.69606],[8.98487,46.69518],[8.98199,46.69498],[8.97965,46.6938],[8.97801,46.69347],[8.97592,46.69404],[8.97326,46.69403],[8.97187,46.69325],[8.97109,46.69301],[8.97017,46.69301],[8.96948,46.69273],[8.96895,46.6922],[8.96791,46.69173],[8.96741,46.69093],[8.96651,46.69125],[8.96601,46.6911],[8.96543,46.69011],[8.96492,46.68987],[8.96453,46.68938],[8.96319,46.68901],[8.96148,46.68739]]}},{"type":"Feature","properties":{"id":"aua-falens-gr","c":"GR","p":"patent","q":"derived","k":"river"},"geometry":{"type":"LineString","coordinates":[[8.9081,46.69524],[8.90827,46.69638],[8.90902,46.69784],[8.9098,46.69861],[8.90988,46.69929],[8.90943,46.70035],[8.90876,46.70091],[8.90795,46.70225],[8.90817,46.70262],[8.909,46.70306],[8.91006,46.7048],[8.90993,46.70541],[8.91088,46.70643],[8.91119,46.7089],[8.9111,46.70993],[8.91064,46.71069],[8.90955,46.71169],[8.90957,46.71261],[8.90931,46.71311],[8.90832,46.714],[8.9079,46.71492],[8.9068,46.71586],[8.90675,46.71699],[8.90772,46.71944],[8.90895,46.72053],[8.90959,46.72182]]}},{"type":"Feature","properties":{"id":"val-da-mulin-gr","c":"GR","p":"patent","q":"derived","k":"river"},"geometry":{"type":"LineString","coordinates":[[9.26549,46.81652],[9.26588,46.81615],[9.2659,46.81543],[9.26643,46.81468],[9.26638,46.814],[9.26494,46.81321],[9.26476,46.81259],[9.26412,46.81204],[9.2639,46.81128],[9.26336,46.81085],[9.26271,46.80968],[9.26268,46.80882],[9.26192,46.80715],[9.26107,46.80608],[9.26102,46.80589],[9.26204,46.80502],[9.26209,46.8036],[9.2616,46.80265],[9.26272,46.80234],[9.2634,46.80186],[9.26377,46.80026],[9.26428,46.80008],[9.2641,46.79986],[9.2646,46.7992],[9.2645,46.79859],[9.26474,46.7982],[9.26449,46.79792],[9.26457,46.79701],[9.26509,46.79673],[9.26501,46.79654],[9.26585,46.79541],[9.26582,46.79475],[9.2661,46.79411],[9.26721,46.79341],[9.26779,46.79326],[9.26938,46.79343],[9.27243,46.79331],[9.2736,46.79293],[9.27477,46.79213]]}},{"type":"Feature","properties":{"id":"aua-russein-gr","c":"GR","p":"patent","q":"derived","k":"river"},"geometry":{"type":"MultiLineString","coordinates":[[[8.90022,46.80333],[8.89611,46.80298],[8.89451,46.80257],[8.8944,46.80232],[8.89371,46.80199],[8.89335,46.80144],[8.89158,46.80042],[8.89086,46.79951],[8.88995,46.79915],[8.88977,46.79838],[8.8902,46.7977],[8.88989,46.79673],[8.88929,46.79627],[8.88914,46.79573],[8.88938,46.79437],[8.88996,46.79348],[8.88972,46.79295],[8.88983,46.79175],[8.88925,46.79084],[8.88933,46.7905],[8.88788,46.78915],[8.88768,46.78829],[8.8873,46.7879],[8.88518,46.78623],[8.88388,46.78549],[8.88305,46.78382],[8.88269,46.78368],[8.88286,46.78261],[8.88225,46.78181],[8.88226,46.78109],[8.88279,46.78037],[8.8827,46.77942],[8.88332,46.7792],[8.8838,46.77806],[8.88363,46.77658],[8.88515,46.77571],[8.88459,46.77494],[8.88465,46.77434],[8.88417,46.7728],[8.88476,46.77167],[8.88371,46.77088],[8.88314,46.76991],[8.88322,46.76903],[8.88253,46.76809],[8.88215,46.76783],[8.88146,46.76784],[8.87991,46.76678],[8.87843,46.76403],[8.87768,46.76316],[8.8779,46.76262],[8.8795,46.76137],[8.88096,46.76086],[8.88195,46.76027],[8.88343,46.75818],[8.88517,46.75771],[8.88554,46.75746],[8.88583,46.7566],[8.88666,46.75603],[8.88667,46.75554],[8.88825,46.7549],[8.88912,46.75318],[8.89141,46.7515],[8.89224,46.75015],[8.89312,46.74923],[8.89357,46.74785],[8.89432,46.74702],[8.89458,46.74634],[8.89436,46.74436],[8.89482,46.74356],[8.895,46.74258],[8.89653,46.742],[8.89679,46.74097],[8.89649,46.74046]],[[8.89725,46.73883],[8.89682,46.73835],[8.89665,46.73704],[8.89723,46.73682],[8.89715,46.73665],[8.89768,46.73631],[8.89805,46.7357],[8.89771,46.73444],[8.89809,46.73301],[8.89738,46.73279],[8.89686,46.73231],[8.89718,46.7313],[8.8963,46.72977],[8.89652,46.72763],[8.89615,46.72651],[8.89575,46.72621],[8.89557,46.7255],[8.89487,46.72497],[8.89476,46.72453],[8.89522,46.72367],[8.8951,46.72323],[8.89605,46.72263],[8.89643,46.72141],[8.89732,46.7208],[8.89764,46.72022],[8.89875,46.71981]]]}},{"type":"Feature","properties":{"id":"aua-da-cavrein-gr","c":"GR","p":"patent","q":"derived","k":"river"},"geometry":{"type":"LineString","coordinates":[[8.83813,46.78363],[8.83978,46.78292],[8.84238,46.77966],[8.84235,46.77871],[8.84314,46.77758],[8.8443,46.77474],[8.84478,46.77462],[8.84726,46.77288],[8.84954,46.77062],[8.85009,46.7705],[8.85063,46.76975],[8.85204,46.76952],[8.85203,46.76929],[8.85292,46.76921],[8.85336,46.76874],[8.85434,46.76866],[8.8554,46.76818],[8.85584,46.76746],[8.85582,46.76701],[8.85626,46.76666],[8.85778,46.76612],[8.8585,46.76617],[8.86001,46.76577],[8.86351,46.76393],[8.86418,46.76297],[8.8663,46.76269],[8.86704,46.76284],[8.86824,46.76268],[8.86958,46.76222],[8.87002,46.76182],[8.87296,46.76139],[8.87513,46.76185],[8.8758,46.76239],[8.87868,46.76205]]}},{"type":"Feature","properties":{"id":"cavardiras-gr","c":"GR","p":"patent","q":"derived","k":"river"},"geometry":{"type":"LineString","coordinates":[[8.81935,46.75228],[8.81982,46.75093],[8.8212,46.74879],[8.82318,46.74768],[8.82499,46.74728],[8.82689,46.74744],[8.8279,46.74725],[8.82883,46.74759],[8.83039,46.74776],[8.83221,46.74836],[8.83368,46.74843],[8.83519,46.74903],[8.83948,46.74971],[8.84107,46.75093],[8.84288,46.7516],[8.84567,46.7532],[8.84672,46.75433],[8.8479,46.75454],[8.84859,46.7553],[8.85271,46.75622],[8.8575,46.75782],[8.85948,46.75909],[8.8601,46.75988],[8.86135,46.76054],[8.86187,46.76134],[8.86241,46.76172],[8.86301,46.76197],[8.86377,46.76197],[8.86431,46.7624],[8.86545,46.76234],[8.8663,46.76269]]}},{"type":"Feature","properties":{"id":"gliems-gr","c":"GR","p":"patent","q":"derived","k":"river"},"geometry":{"type":"LineString","coordinates":[[8.92333,46.78679],[8.92268,46.78637],[8.92237,46.78521],[8.92164,46.78455],[8.92116,46.78342],[8.92019,46.78216],[8.91937,46.78149],[8.91856,46.78121],[8.91788,46.77952],[8.91649,46.77847],[8.91592,46.77826],[8.91553,46.77764],[8.91359,46.77626],[8.91123,46.77488],[8.90918,46.77448],[8.90803,46.77475],[8.90638,46.7748],[8.90564,46.77494],[8.9052,46.77533],[8.90286,46.77539],[8.9007,46.77649],[8.89866,46.7764],[8.89839,46.77655],[8.8983,46.77701],[8.89677,46.77685],[8.89396,46.77609],[8.89305,46.77597],[8.89234,46.77611],[8.89053,46.77576],[8.88793,46.77472],[8.88691,46.77535],[8.88586,46.77522],[8.88491,46.77531]]}},{"type":"Feature","properties":{"id":"lumpegna-gr","c":"GR","p":"patent","q":"derived","k":"river"},"geometry":{"type":"LineString","coordinates":[[8.85709,46.73961],[8.85881,46.74038],[8.86052,46.74019],[8.86092,46.74034],[8.86203,46.74008],[8.86375,46.73889],[8.86406,46.73815],[8.86575,46.73681],[8.86748,46.73578],[8.86808,46.73575],[8.86905,46.73518],[8.87105,46.73255],[8.8734,46.73103],[8.87453,46.72967],[8.87542,46.72936],[8.87692,46.72816],[8.87792,46.72591],[8.87877,46.72516],[8.87898,46.7246],[8.88056,46.72297],[8.88246,46.72164],[8.88375,46.72042],[8.88417,46.71981],[8.88397,46.71938],[8.88438,46.71818],[8.88428,46.71755],[8.88514,46.71579],[8.88553,46.71551],[8.88555,46.71512],[8.88711,46.71384]]}},{"type":"Feature","properties":{"id":"aua-sogn-placi-gr","c":"GR","p":"patent","q":"derived","k":"river"},"geometry":{"type":"LineString","coordinates":[[8.84386,46.73565],[8.84323,46.73518],[8.84327,46.73485],[8.8444,46.7324],[8.84416,46.73163],[8.84315,46.73087],[8.84372,46.72968],[8.84503,46.72892],[8.84689,46.72846],[8.84975,46.72743],[8.85102,46.7275],[8.85381,46.72694],[8.85608,46.72584],[8.857,46.72471],[8.8566,46.72397],[8.85691,46.72253],[8.85773,46.72182],[8.85807,46.72107],[8.85858,46.72079],[8.8589,46.71999],[8.85856,46.71781],[8.85797,46.71674],[8.85829,46.71546],[8.85911,46.71387],[8.86083,46.71141],[8.86176,46.7108],[8.86435,46.708],[8.86524,46.70749],[8.86679,46.70603],[8.86885,46.70554]]}},{"type":"Feature","properties":{"id":"clavaniev-gr","c":"GR","p":"patent","q":"derived","k":"river"},"geometry":{"type":"LineString","coordinates":[[8.82304,46.72942],[8.82372,46.72873],[8.82438,46.7284],[8.82464,46.72737],[8.82527,46.72679],[8.82617,46.72501],[8.82708,46.72456],[8.82867,46.72254],[8.82917,46.72237],[8.83182,46.72011],[8.83255,46.71867],[8.83321,46.71829],[8.83323,46.71767],[8.83464,46.71543],[8.83526,46.71483],[8.8358,46.71292],[8.83692,46.71091],[8.83742,46.70864],[8.83833,46.70739],[8.84165,46.7049],[8.84313,46.70325],[8.84724,46.70091],[8.84773,46.70084]]}},{"type":"Feature","properties":{"id":"aua-magriel-gr","c":"GR","p":"patent","q":"derived","k":"river"},"geometry":{"type":"LineString","coordinates":[[8.78683,46.71414],[8.78729,46.71386],[8.78743,46.71323],[8.78824,46.71297],[8.78784,46.7125],[8.78835,46.71218],[8.78827,46.71172],[8.78868,46.71122],[8.78856,46.71094],[8.78896,46.71058],[8.78998,46.71041],[8.79148,46.70972],[8.79311,46.70925],[8.7939,46.70861],[8.79548,46.7079],[8.79656,46.70801],[8.79657,46.70762],[8.7971,46.70715],[8.79946,46.70685],[8.80121,46.70625],[8.80374,46.706],[8.80803,46.70608],[8.80882,46.70639],[8.80978,46.70633],[8.81125,46.70687],[8.81698,46.707],[8.81865,46.70656],[8.82474,46.70582],[8.82814,46.70654],[8.83124,46.70614]]}},{"type":"Feature","properties":{"id":"segnas-gr","c":"GR","p":"patent","q":"derived","k":"river"},"geometry":{"type":"MultiLineString","coordinates":[[[8.77884,46.71047],[8.77976,46.70941],[8.7804,46.70825],[8.78042,46.70733],[8.78161,46.70658],[8.78208,46.70663],[8.78199,46.70639],[8.7825,46.70616],[8.78251,46.70501],[8.78339,46.7042],[8.78421,46.70387],[8.7844,46.70332]],[[8.78485,46.70292],[8.78766,46.7023],[8.79243,46.70059],[8.79354,46.70055],[8.79447,46.70092],[8.79535,46.70102],[8.7966,46.7016],[8.79827,46.70128],[8.80159,46.69966],[8.80339,46.69923],[8.80455,46.69853],[8.80673,46.69777],[8.81047,46.6971],[8.81118,46.69716],[8.812,46.6968],[8.81289,46.69676],[8.81478,46.69714],[8.81509,46.69734],[8.81715,46.6974],[8.81853,46.69699],[8.8228,46.69701],[8.8262,46.69603],[8.82846,46.69567],[8.83095,46.69565],[8.83222,46.69592],[8.83364,46.69599],[8.8361,46.69531],[8.83746,46.69471],[8.83927,46.69443],[8.84116,46.6945],[8.84218,46.69419],[8.84265,46.69376],[8.84371,46.69356]]]}},{"type":"Feature","properties":{"id":"aua-da-gierm-gr","c":"GR","p":"patent","q":"derived","k":"river"},"geometry":{"type":"LineString","coordinates":[[8.79073,46.6324],[8.79078,46.63599],[8.79252,46.6375],[8.79256,46.63795],[8.79327,46.6385],[8.79307,46.63968],[8.79406,46.6398],[8.79534,46.63917],[8.79679,46.63903],[8.79706,46.6384],[8.79824,46.63851],[8.79855,46.63823],[8.79906,46.63828],[8.7993,46.63808],[8.79969,46.63809],[8.79986,46.63766],[8.80021,46.6375],[8.80069,46.63769],[8.80158,46.6385],[8.80164,46.6418],[8.80218,46.6425],[8.80225,46.64304],[8.80282,46.64351],[8.80379,46.64626],[8.80324,46.64792],[8.80282,46.64842],[8.80343,46.64953],[8.80391,46.65155],[8.80368,46.65489],[8.80382,46.65576],[8.80448,46.65686],[8.80455,46.65819],[8.80427,46.65911],[8.80372,46.65961],[8.80381,46.6618],[8.80346,46.66246],[8.80387,46.66287],[8.80409,46.6644],[8.80375,46.666],[8.80403,46.66676],[8.804,46.66756],[8.80339,46.66894],[8.80417,46.67008],[8.80435,46.67304],[8.80361,46.67451],[8.80258,46.67541],[8.80284,46.67566],[8.80386,46.67559],[8.80465,46.67596],[8.80462,46.67642],[8.80556,46.67696],[8.80779,46.67779],[8.80816,46.67834]]}},{"type":"Feature","properties":{"id":"rein-da-nalps-gr","c":"GR","p":"patent","q":"derived","k":"river"},"geometry":{"type":"MultiLineString","coordinates":[[[8.73417,46.57744],[8.73483,46.57775],[8.73856,46.57836],[8.73965,46.57929],[8.7408,46.57969],[8.74085,46.58013],[8.74163,46.58082],[8.74143,46.58118],[8.74156,46.58176],[8.74255,46.58293],[8.74344,46.58353],[8.74327,46.58463],[8.74373,46.58639],[8.74363,46.58706],[8.74455,46.58738],[8.74454,46.58787],[8.74533,46.58883],[8.74488,46.58966],[8.74496,46.59036],[8.74571,46.59092],[8.74629,46.59212],[8.74686,46.59247],[8.74712,46.59342],[8.74817,46.59422],[8.74818,46.59479],[8.74867,46.59525],[8.74838,46.59578],[8.74958,46.59671],[8.74965,46.59848],[8.75016,46.59935],[8.75003,46.59998],[8.75062,46.60254],[8.75109,46.603],[8.75119,46.60415],[8.75203,46.60491],[8.75165,46.60619],[8.75217,46.60688],[8.75233,46.60791],[8.75269,46.6085],[8.75265,46.60911],[8.75306,46.6097],[8.75398,46.61021],[8.75384,46.61093],[8.75439,46.6127],[8.75586,46.61418],[8.75624,46.61562],[8.75693,46.61595],[8.75746,46.61662],[8.75729,46.6171],[8.75754,46.61799],[8.75781,46.61827],[8.75843,46.61842],[8.758,46.61909],[8.75818,46.61948],[8.75923,46.61965],[8.76063,46.62074]],[[8.76212,46.63904],[8.76356,46.64191],[8.763,46.64253],[8.76346,46.64287],[8.76339,46.64376],[8.76415,46.64449],[8.76393,46.64515],[8.76502,46.64552],[8.767,46.64548],[8.76752,46.64582],[8.76846,46.646],[8.76927,46.6472],[8.7717,46.6479],[8.77193,46.64857],[8.7729,46.6497],[8.77263,46.65059],[8.77303,46.65145],[8.77295,46.65253],[8.77329,46.65343],[8.7729,46.65453],[8.77347,46.65529],[8.77351,46.6559],[8.77323,46.65647],[8.7736,46.65807],[8.77335,46.65899],[8.77362,46.65929],[8.77295,46.66],[8.77276,46.66142],[8.77404,46.66243],[8.77726,46.66346],[8.7771,46.664],[8.77792,46.66435],[8.77883,46.66523],[8.77881,46.66563],[8.77842,46.66598],[8.77822,46.66741],[8.77902,46.66788],[8.78117,46.66827],[8.78167,46.66922],[8.78255,46.66978],[8.78235,46.67009],[8.78282,46.67052],[8.78415,46.67096],[8.78464,46.67165],[8.78594,46.67201],[8.7862,46.6726],[8.7855,46.67281],[8.78542,46.67299],[8.78612,46.67345],[8.78637,46.67465],[8.78739,46.67585],[8.78931,46.67594],[8.79041,46.67668],[8.7916,46.67685],[8.79285,46.67743],[8.79466,46.67757]]]}},{"type":"Feature","properties":{"id":"strem-gr","c":"GR","p":"patent","q":"derived","k":"river"},"geometry":{"type":"LineString","coordinates":[[8.76665,46.73346],[8.76428,46.7312],[8.76361,46.73081],[8.76183,46.73018],[8.76012,46.72992],[8.75922,46.72997],[8.75862,46.72978],[8.75694,46.72644],[8.75699,46.72557],[8.75633,46.72447],[8.75658,46.72416],[8.75686,46.72265],[8.75606,46.722],[8.75597,46.72134],[8.75647,46.72034],[8.7564,46.7199],[8.75681,46.71938],[8.75599,46.71855],[8.75586,46.71799],[8.75615,46.71581],[8.75559,46.71479],[8.75614,46.71429],[8.75641,46.71361],[8.75705,46.7132],[8.75674,46.7127],[8.75701,46.71232],[8.75665,46.71212],[8.75712,46.7115],[8.75697,46.71101],[8.75716,46.71059],[8.75685,46.71027],[8.75717,46.70962],[8.75708,46.70912],[8.75763,46.70881],[8.75784,46.7084],[8.75795,46.70741],[8.75869,46.70659],[8.76021,46.70601],[8.76129,46.70501],[8.76145,46.7029],[8.76127,46.70189],[8.76261,46.69934],[8.76278,46.69784],[8.76329,46.69719],[8.76331,46.69641],[8.76396,46.69582],[8.76385,46.69474],[8.76442,46.69368],[8.76428,46.69311],[8.76476,46.69163],[8.76445,46.69108],[8.76482,46.69067],[8.76472,46.68981],[8.76566,46.68881],[8.76544,46.68826],[8.76566,46.68763],[8.76483,46.68553],[8.76496,46.68366],[8.76442,46.68279],[8.76353,46.68227],[8.76403,46.68134],[8.76324,46.68089],[8.76237,46.67999],[8.76308,46.67892],[8.76254,46.67835],[8.76295,46.67658],[8.76443,46.67562],[8.76524,46.67478],[8.76612,46.67455]]}},{"type":"Feature","properties":{"id":"aua-da-mila-gr","c":"GR","p":"patent","q":"derived","k":"river"},"geometry":{"type":"LineString","coordinates":[[8.72406,46.70433],[8.72476,46.70372],[8.72521,46.70359],[8.72584,46.7028],[8.72807,46.70212],[8.72944,46.70112],[8.72993,46.69966],[8.73063,46.69844],[8.73147,46.69785],[8.73217,46.69636],[8.73287,46.69595],[8.73379,46.69391],[8.73481,46.69319],[8.73518,46.69209],[8.7365,46.69058],[8.73652,46.68994],[8.73815,46.68733],[8.73813,46.68661],[8.73929,46.68402],[8.74025,46.68326],[8.7406,46.68259],[8.74418,46.6792],[8.74494,46.67872],[8.74572,46.67753],[8.74607,46.67645],[8.74855,46.67463],[8.75007,46.67389],[8.75065,46.67323],[8.75215,46.67272],[8.75309,46.67209]]}},{"type":"Feature","properties":{"id":"aua-da-val-giuv-gr","c":"GR","p":"patent","q":"derived","k":"river"},"geometry":{"type":"LineString","coordinates":[[8.69759,46.69617],[8.69973,46.69514],[8.70086,46.69425],[8.70222,46.69264],[8.703,46.69149],[8.70348,46.68998],[8.70424,46.68864],[8.70549,46.68777],[8.70718,46.68515],[8.70761,46.68494],[8.70863,46.68372],[8.70908,46.68238],[8.71053,46.68002],[8.71157,46.67921],[8.7121,46.67837],[8.71225,46.6775],[8.71341,46.67647],[8.71406,46.67499],[8.71518,46.67369],[8.71698,46.67347],[8.71753,46.67317],[8.71819,46.67309],[8.71832,46.67279],[8.71901,46.67245],[8.71937,46.67184],[8.72324,46.67048],[8.72452,46.67053],[8.72519,46.67073],[8.72616,46.67046],[8.72853,46.67041],[8.73009,46.67076],[8.73334,46.67041],[8.73457,46.67073],[8.7351,46.67106],[8.73738,46.67135],[8.73771,46.67171],[8.73817,46.67184],[8.74214,46.67179],[8.74466,46.67197],[8.74585,46.67144],[8.74823,46.67074],[8.74871,46.67026]]}},{"type":"Feature","properties":{"id":"aua-da-nual-gr","c":"GR","p":"patent","q":"derived","k":"river"},"geometry":{"type":"LineString","coordinates":[[8.73885,46.64035],[8.73904,46.64069],[8.73875,46.64158],[8.73929,46.64206],[8.73963,46.64281],[8.7407,46.64309],[8.74099,46.6442],[8.74068,46.64499],[8.74139,46.64529],[8.74111,46.64591],[8.74043,46.64639],[8.7377,46.64642],[8.73734,46.64769],[8.73621,46.64822],[8.73582,46.65004],[8.73609,46.65041],[8.73582,46.65095],[8.73601,46.65225],[8.73705,46.6541],[8.73727,46.65835],[8.73791,46.65927],[8.73843,46.65957],[8.73843,46.66008],[8.73829,46.66035],[8.73743,46.66069],[8.73716,46.66149],[8.73596,46.66214],[8.73544,46.66291]]}},{"type":"Feature","properties":{"id":"rein-da-maighels-gr","c":"GR","p":"patent","q":"derived","k":"river"},"geometry":{"type":"LineString","coordinates":[[8.69254,46.58733],[8.68832,46.58984],[8.68655,46.59041],[8.68535,46.5912],[8.68476,46.59202],[8.68518,46.5927],[8.6851,46.59343],[8.68592,46.59508],[8.68623,46.59679],[8.68672,46.59753],[8.68643,46.59823],[8.68679,46.59865],[8.68677,46.59968],[8.68714,46.6002],[8.68721,46.60189],[8.6881,46.60277],[8.68767,46.60358],[8.68776,46.60418],[8.68748,46.60445],[8.68798,46.6054],[8.68792,46.60587],[8.6884,46.6062],[8.68791,46.60781],[8.68837,46.60882],[8.68808,46.60925],[8.68822,46.60977],[8.68782,46.61034],[8.68782,46.61118],[8.68659,46.61173],[8.68666,46.61212],[8.68736,46.61248],[8.68818,46.61392],[8.68928,46.61393],[8.68968,46.61421],[8.68972,46.61449],[8.68882,46.61542],[8.68995,46.61601],[8.68968,46.61648],[8.69034,46.61784],[8.69001,46.61878],[8.69051,46.61923],[8.6907,46.61987],[8.69143,46.62029],[8.69123,46.62057],[8.69225,46.62182],[8.69441,46.62301],[8.69534,46.62309],[8.69804,46.62495],[8.70134,46.62609],[8.70466,46.6263],[8.70715,46.62605]]}},{"type":"Feature","properties":{"id":"aua-da-val-gr","c":"GR","p":"patent","q":"derived","k":"river"},"geometry":{"type":"LineString","coordinates":[[8.68288,46.6821],[8.68332,46.68147],[8.68526,46.68005],[8.68573,46.67905],[8.68674,46.67882],[8.68743,46.67752],[8.68674,46.6765],[8.68667,46.67577],[8.68883,46.67124],[8.68841,46.67038],[8.68851,46.66862],[8.68819,46.66806],[8.68887,46.66652],[8.6891,46.66511],[8.68968,46.66432],[8.69072,46.66384],[8.69093,46.66344],[8.69153,46.66336],[8.693,46.66215],[8.69298,46.66182],[8.69361,46.66146],[8.69357,46.66126],[8.69435,46.66081],[8.69456,46.66045],[8.69599,46.66047],[8.69671,46.66011],[8.69767,46.65813],[8.69886,46.65728],[8.69997,46.6559],[8.70201,46.65473],[8.70295,46.65348]]}},{"type":"Feature","properties":{"id":"aua-dalla-val-uffiern-gr","c":"GR","p":"patent","q":"derived","k":"river"},"geometry":{"type":"LineString","coordinates":[[8.91021,46.59581],[8.9097,46.59561],[8.90943,46.59513],[8.90862,46.59493],[8.90786,46.59444],[8.90474,46.59469],[8.90349,46.59451],[8.90242,46.59487],[8.89754,46.59538],[8.89528,46.59494],[8.89407,46.59436],[8.89167,46.59407],[8.88705,46.59307],[8.88555,46.59301],[8.88083,46.59348],[8.87901,46.59349],[8.8783,46.59375],[8.87705,46.59353],[8.87598,46.59389],[8.87442,46.594],[8.87355,46.59433],[8.87195,46.59438],[8.87103,46.59423],[8.86846,46.59305],[8.86647,46.59336],[8.86479,46.59261],[8.86323,46.59265],[8.86174,46.59307],[8.86035,46.59305]]}},{"type":"Feature","properties":{"id":"moenchalpbach-gr","c":"GR","p":"patent","q":"derived","k":"river"},"geometry":{"type":"LineString","coordinates":[[9.93312,46.81766],[9.93044,46.81778],[9.92823,46.81742],[9.92644,46.81602],[9.92581,46.81581],[9.92458,46.81606],[9.92026,46.81622],[9.91814,46.81651],[9.91582,46.8174],[9.91444,46.81752],[9.91313,46.81732],[9.91179,46.81771],[9.91054,46.81754],[9.90999,46.81765],[9.90955,46.81846],[9.9096,46.81905],[9.91061,46.82078],[9.91054,46.82199],[9.90987,46.82206],[9.909,46.82259],[9.90828,46.82277],[9.90783,46.82327],[9.90779,46.82381],[9.90692,46.82433],[9.90651,46.82508],[9.90325,46.82684],[9.90127,46.8285],[9.89915,46.83081],[9.89741,46.83179],[9.89726,46.83206],[9.8968,46.8321],[9.89614,46.83306],[9.89462,46.8336],[9.8936,46.83423],[9.89229,46.83427],[9.89155,46.83466],[9.88845,46.83564],[9.88708,46.83654],[9.88515,46.83743],[9.88035,46.84066],[9.87914,46.84079],[9.8778,46.84145]]}},{"type":"Feature","properties":{"id":"rein-da-fuorns-gr","c":"GR","p":"patent","q":"derived","k":"river"},"geometry":{"type":"LineString","coordinates":[[8.88481,46.62628],[8.8818,46.62692],[8.87979,46.62772],[8.87913,46.62934],[8.87769,46.63028],[8.87693,46.63138],[8.87617,46.63176],[8.876,46.63214],[8.87547,46.63246],[8.87573,46.63465],[8.87515,46.63572],[8.8749,46.63684],[8.87399,46.63797],[8.87236,46.63823],[8.87039,46.63779],[8.86851,46.63783],[8.86536,46.63854],[8.86305,46.63874],[8.86161,46.63845],[8.85972,46.63862],[8.8588,46.63853],[8.85759,46.63893],[8.85693,46.63872],[8.85608,46.63881],[8.85509,46.63836],[8.85389,46.63812],[8.85318,46.63817],[8.85182,46.63888],[8.84862,46.63832],[8.84736,46.6385],[8.84667,46.63885]]}},{"type":"Feature","properties":{"id":"rein-da-plattas-gr","c":"GR","p":"patent","q":"derived","k":"river"},"geometry":{"type":"LineString","coordinates":[[8.89672,46.62852],[8.8963,46.62903],[8.8944,46.63012],[8.89381,46.63104],[8.89246,46.63194],[8.89152,46.6331],[8.89137,46.63447],[8.89159,46.63539],[8.89103,46.63614],[8.89074,46.63716],[8.88968,46.63779],[8.88912,46.63875],[8.89003,46.64162],[8.88904,46.64228],[8.88919,46.64312],[8.88766,46.64477],[8.8874,46.64547],[8.88748,46.64657],[8.88889,46.64769],[8.88983,46.64905],[8.88921,46.64965],[8.88826,46.65005],[8.88822,46.65144],[8.88793,46.6522],[8.88842,46.65388],[8.88715,46.65451],[8.88618,46.65529],[8.88615,46.65579],[8.88518,46.65669],[8.88249,46.6577],[8.88223,46.65798],[8.8809,46.65828],[8.8789,46.65956],[8.87826,46.66084],[8.8771,46.66174],[8.8768,46.66241],[8.87608,46.66287],[8.87578,46.66464],[8.87481,46.66566],[8.87489,46.66635],[8.87417,46.66708],[8.8741,46.66788],[8.8728,46.66884],[8.87216,46.67012],[8.87094,46.67039],[8.87067,46.67302],[8.86895,46.67534],[8.8682,46.6754],[8.86726,46.67574],[8.86628,46.67578],[8.8659,46.67564],[8.86432,46.676],[8.86324,46.67567],[8.86141,46.67574],[8.86062,46.67539],[8.85741,46.67549],[8.85577,46.67481],[8.85489,46.67477],[8.854,46.67509]]}},{"type":"Feature","properties":{"id":"aua-dalla-val-masauna-gr","c":"GR","p":"patent","q":"derived","k":"river"},"geometry":{"type":"LineString","coordinates":[[8.90597,46.68346],[8.90257,46.68355],[8.90046,46.68392],[8.89579,46.6833],[8.89469,46.68335],[8.89345,46.68392],[8.89243,46.68376],[8.89011,46.68388],[8.8884,46.68331],[8.88804,46.68339],[8.88607,46.6829],[8.88503,46.68213],[8.88314,46.68236],[8.88242,46.68212],[8.88131,46.68211],[8.87995,46.68155],[8.87866,46.68195],[8.87826,46.68192],[8.87702,46.6815],[8.87557,46.68053],[8.87515,46.67973],[8.8746,46.67928],[8.8747,46.67879],[8.87351,46.67854],[8.87324,46.67815],[8.87283,46.67816],[8.87138,46.67755],[8.86932,46.67733],[8.8688,46.6768],[8.86588,46.67619],[8.86544,46.67577]]}},{"type":"Feature","properties":{"id":"furnerbach-gr","c":"GR","p":"patent","q":"derived","k":"river"},"geometry":{"type":"LineString","coordinates":[[9.64392,46.87107],[9.64532,46.87121],[9.64682,46.87099],[9.64801,46.87122],[9.6504,46.87369],[9.6547,46.87402],[9.65679,46.87453],[9.65794,46.87461],[9.65923,46.87511],[9.65982,46.87516],[9.66039,46.87494],[9.66184,46.8753],[9.66341,46.87533],[9.66452,46.87565],[9.66517,46.87608],[9.66947,46.87728],[9.67241,46.87855],[9.67445,46.87915],[9.67675,46.88104],[9.67918,46.88205],[9.6807,46.88325],[9.68213,46.88519],[9.68251,46.88717],[9.68301,46.88784],[9.6851,46.88896],[9.68655,46.89122],[9.68786,46.89208],[9.68858,46.89306],[9.68842,46.89393],[9.68903,46.89562],[9.68914,46.89695],[9.69057,46.90004],[9.69016,46.90095],[9.68948,46.90124],[9.68923,46.90169],[9.68992,46.90223],[9.68921,46.90268],[9.689,46.9032],[9.68825,46.90374],[9.68768,46.90526],[9.68707,46.90599],[9.68719,46.90693],[9.68662,46.90822],[9.6867,46.90905],[9.68637,46.91016],[9.6857,46.91118],[9.68636,46.91162],[9.68718,46.91317],[9.68803,46.91353],[9.6875,46.91407],[9.68651,46.91394],[9.68615,46.9146],[9.6856,46.91504],[9.68541,46.91607],[9.68427,46.917],[9.68393,46.91761],[9.68397,46.91954],[9.68498,46.91985],[9.68424,46.92066],[9.68346,46.92072],[9.68283,46.92155],[9.68315,46.92258],[9.68193,46.92317],[9.68204,46.92448],[9.68257,46.9249],[9.68285,46.92555],[9.68229,46.92598],[9.68227,46.92633],[9.68407,46.92752],[9.68518,46.92787],[9.68575,46.92838],[9.68684,46.92869],[9.68805,46.92846],[9.68944,46.92927],[9.68978,46.9296],[9.69015,46.93072],[9.68921,46.93179],[9.68989,46.93211],[9.6904,46.93311],[9.69144,46.93328],[9.69385,46.93421],[9.69406,46.93562],[9.69643,46.93664],[9.69775,46.9382],[9.69854,46.93864],[9.70015,46.93875],[9.70133,46.93815],[9.7021,46.93811],[9.70293,46.93829],[9.70596,46.93837],[9.71145,46.93909]]}},{"type":"Feature","properties":{"id":"val-uastg-gr","c":"GR","p":"patent","q":"derived","k":"river"},"geometry":{"type":"LineString","coordinates":[[9.24231,46.66304],[9.24295,46.66443],[9.24279,46.66483],[9.24294,46.6656],[9.24385,46.6667],[9.24379,46.66759],[9.2446,46.66974],[9.24488,46.67137],[9.24632,46.67319],[9.24647,46.67465],[9.24749,46.67666],[9.24757,46.67821],[9.24717,46.67981],[9.24574,46.68283],[9.24515,46.68307],[9.24466,46.68416],[9.2408,46.68727],[9.23979,46.6891],[9.23909,46.68974],[9.23854,46.69063],[9.23808,46.69098],[9.23759,46.69109],[9.23758,46.69149],[9.2363,46.69152],[9.23559,46.69209],[9.235,46.69216],[9.23462,46.69289],[9.23378,46.69362],[9.23321,46.69386],[9.23303,46.69468],[9.23271,46.69502],[9.23272,46.69562],[9.23245,46.69577],[9.23209,46.69571],[9.23232,46.69633],[9.2308,46.69738],[9.22982,46.69761],[9.22947,46.69865],[9.22848,46.69962],[9.22797,46.69987],[9.22721,46.70098],[9.22722,46.70132],[9.22674,46.7016],[9.22651,46.70234],[9.22487,46.70404],[9.22297,46.70502],[9.22285,46.7054],[9.22305,46.70592],[9.22243,46.70641],[9.22092,46.70708],[9.22094,46.70759],[9.22056,46.70828],[9.21945,46.70835],[9.21625,46.70927],[9.2139,46.7106],[9.21344,46.71046],[9.21245,46.7111],[9.21056,46.7115],[9.20998,46.71207],[9.20926,46.71206],[9.20892,46.71254],[9.20891,46.71305],[9.20781,46.71312],[9.20578,46.71426],[9.20453,46.71428],[9.20359,46.71506],[9.20289,46.71535],[9.20199,46.71634],[9.20142,46.7165],[9.20118,46.71685],[9.20019,46.71728]]}},{"type":"Feature","properties":{"id":"mughels-bach-gr","c":"GR","p":"patent","q":"derived","k":"river"},"geometry":{"type":"LineString","coordinates":[[9.21637,46.86926],[9.2163,46.86901],[9.2156,46.86887],[9.21515,46.86854],[9.21481,46.86776],[9.21495,46.8673],[9.21593,46.86656],[9.2165,46.86644],[9.21737,46.86593],[9.21899,46.86564],[9.21985,46.86461],[9.22001,46.86406],[9.2205,46.86379],[9.22059,46.86322],[9.22141,46.86272],[9.22123,46.86229],[9.22141,46.86195],[9.22201,46.86162],[9.22195,46.86112],[9.22299,46.86069],[9.22383,46.85983],[9.22396,46.85946],[9.22372,46.85893],[9.22395,46.85792],[9.22351,46.85738],[9.22282,46.85702],[9.22318,46.85535],[9.22217,46.85424],[9.22256,46.85288],[9.22244,46.85244],[9.22319,46.85169],[9.22315,46.85129],[9.22277,46.85106],[9.22336,46.85077],[9.22437,46.8492],[9.22489,46.84886],[9.22482,46.84857],[9.22558,46.8479],[9.22877,46.84739],[9.23086,46.84546]]}},{"type":"Feature","properties":{"id":"staetzerbach-gr","c":"GR","p":"patent","q":"derived","k":"river"},"geometry":{"type":"LineString","coordinates":[[9.52105,46.76288],[9.52227,46.7632],[9.52289,46.76306],[9.52399,46.76314],[9.52508,46.76287],[9.52627,46.76296],[9.52796,46.76244],[9.52895,46.76243],[9.52943,46.76216],[9.53066,46.76197],[9.53149,46.76129],[9.533,46.76099],[9.5348,46.76106],[9.53595,46.7614],[9.53733,46.76134],[9.53992,46.76167],[9.54165,46.7615],[9.54383,46.76127],[9.54462,46.76051],[9.54656,46.76053],[9.54941,46.75983],[9.55023,46.75987],[9.55182,46.75951],[9.55261,46.75956],[9.55321,46.76024],[9.55313,46.76051],[9.55436,46.76187],[9.5546,46.76317],[9.55438,46.76417],[9.55307,46.76711],[9.55302,46.76887],[9.55337,46.76959],[9.55264,46.77045]]}},{"type":"Feature","properties":{"id":"sapuenerbach-gr","c":"GR","p":"patent","q":"derived","k":"river"},"geometry":{"type":"LineString","coordinates":[[9.76084,46.81408],[9.75989,46.81442],[9.75935,46.81508],[9.75774,46.8159],[9.75443,46.81638],[9.75226,46.81608],[9.75135,46.81628],[9.74956,46.81633],[9.74784,46.81679],[9.74709,46.81663],[9.7453,46.8171],[9.74481,46.81707],[9.74417,46.81737],[9.74358,46.8173],[9.74255,46.81773],[9.7411,46.81768],[9.74032,46.81792],[9.73996,46.81894],[9.73912,46.81934],[9.73864,46.81936],[9.73642,46.81855],[9.73445,46.81889],[9.73146,46.81877],[9.72592,46.82024],[9.72487,46.82026],[9.72414,46.82072],[9.72359,46.82082],[9.72204,46.82067],[9.72011,46.82011],[9.71716,46.82029],[9.7165,46.82015],[9.71593,46.82026],[9.71519,46.81981],[9.71411,46.81999],[9.71272,46.81904],[9.71194,46.81894],[9.71025,46.81792],[9.70882,46.81768],[9.70796,46.81718],[9.70623,46.81734],[9.70499,46.81782]]}},{"type":"Feature","properties":{"id":"carnusbach-gr","c":"GR","p":"patent","q":"derived","k":"river"},"geometry":{"type":"MultiLineString","coordinates":[[[9.31316,46.63402],[9.31403,46.63468],[9.3151,46.63439],[9.31851,46.6358],[9.32158,46.63611],[9.32576,46.63721],[9.32754,46.63863],[9.32761,46.63903],[9.32679,46.63983],[9.32709,46.64054],[9.32796,46.64093],[9.32867,46.6408],[9.33059,46.64099],[9.33109,46.64195],[9.3337,46.64282],[9.33509,46.64413],[9.33574,46.64447],[9.3358,46.64504],[9.33629,46.6455],[9.33618,46.64611],[9.33715,46.64653],[9.33904,46.64684],[9.33978,46.64735],[9.3397,46.64856],[9.3402,46.64932],[9.34041,46.65053],[9.33978,46.65182],[9.33986,46.65227],[9.34007,46.65272],[9.34149,46.65359],[9.34167,46.65399],[9.34143,46.65605],[9.34044,46.65654],[9.34111,46.65709],[9.3412,46.65833],[9.34195,46.65894],[9.34265,46.66043],[9.34218,46.6618],[9.34245,46.66317],[9.34203,46.66367],[9.34205,46.66429],[9.341,46.66566],[9.34089,46.66612],[9.34033,46.66678],[9.33867,46.66763],[9.337,46.66959],[9.3358,46.67027],[9.33535,46.67105],[9.33466,46.67142],[9.33361,46.6725],[9.33294,46.67234],[9.3316,46.67289],[9.33111,46.67336],[9.33009,46.67367],[9.32987,46.67427],[9.32872,46.67468],[9.32827,46.67515],[9.32714,46.67518],[9.32664,46.67493],[9.32428,46.67475],[9.32187,46.67637],[9.32058,46.67671],[9.31939,46.67732],[9.3181,46.67743],[9.31766,46.67793]],[[9.31714,46.67878],[9.31706,46.67892]]]}},{"type":"Feature","properties":{"id":"caznerbach-gr","c":"GR","p":"patent","q":"derived","k":"river"},"geometry":{"type":"MultiLineString","coordinates":[[[9.37433,46.70006],[9.37448,46.69998],[9.37545,46.7003],[9.37575,46.70063],[9.37673,46.70049],[9.3778,46.70089],[9.3789,46.7004],[9.37976,46.70031],[9.3807,46.70052],[9.38251,46.69932],[9.3857,46.69951],[9.38588,46.69877],[9.38709,46.69849],[9.39024,46.69939],[9.39377,46.69931]],[[9.39458,46.69928],[9.39606,46.69932],[9.39702,46.70018],[9.39758,46.70019],[9.39819,46.69991],[9.39944,46.70006],[9.40188,46.70081],[9.40256,46.70134],[9.40579,46.70106],[9.40802,46.70136],[9.40969,46.70138],[9.41299,46.70191],[9.41619,46.70206],[9.41971,46.70185],[9.4201,46.70162],[9.42148,46.70161],[9.42209,46.70127],[9.42428,46.70156],[9.42542,46.70112],[9.42649,46.70119],[9.42743,46.70092],[9.42835,46.70131],[9.43082,46.70126],[9.43105,46.70209],[9.43071,46.70435],[9.42887,46.70667],[9.42961,46.70746],[9.42974,46.70793],[9.43079,46.70862],[9.43004,46.71097],[9.43021,46.71179],[9.43488,46.7122],[9.44377,46.71523],[9.44433,46.71545],[9.44515,46.71632]]]}},{"type":"Feature","properties":{"id":"plattera-gr","c":"GR","p":"patent","q":"derived","k":"river"},"geometry":{"type":"LineString","coordinates":[[9.40464,46.659],[9.41039,46.65794],[9.41103,46.65803],[9.41186,46.65783],[9.41283,46.65731],[9.41479,46.65675],[9.41739,46.65537],[9.42058,46.65441],[9.42117,46.6538],[9.42373,46.65264],[9.42512,46.65118],[9.42654,46.65059],[9.4267,46.65023],[9.42963,46.64778],[9.43038,46.64601],[9.43094,46.64564],[9.43129,46.64492],[9.43098,46.6445],[9.43088,46.64374],[9.43166,46.64326],[9.43164,46.64294],[9.43221,46.64271],[9.43363,46.64149],[9.43498,46.64091],[9.43719,46.64082],[9.43855,46.64018],[9.43925,46.6401],[9.44072,46.64048],[9.44131,46.64147]]}},{"type":"Feature","properties":{"id":"valater-bach-gr","c":"GR","p":"patent","q":"derived","k":"river"},"geometry":{"type":"LineString","coordinates":[[9.13145,46.72948],[9.1312,46.73207],[9.13127,46.73365],[9.13161,46.73414],[9.1313,46.73457],[9.13127,46.73538],[9.1321,46.73667],[9.13282,46.73724],[9.13287,46.73764],[9.13183,46.74011],[9.12997,46.74089],[9.12801,46.74313],[9.12744,46.74481],[9.1276,46.74562],[9.12685,46.74678],[9.12738,46.74795],[9.12723,46.7487],[9.12588,46.74975],[9.12559,46.75023],[9.12561,46.7507],[9.12648,46.75143],[9.12658,46.75249],[9.12559,46.75354],[9.12473,46.75378],[9.12465,46.7541],[9.12609,46.75498],[9.12622,46.75545],[9.12591,46.75584],[9.12593,46.75635],[9.12725,46.75687],[9.12785,46.7576],[9.12831,46.75775],[9.12878,46.7575],[9.12949,46.75789],[9.13028,46.75797],[9.13066,46.75864],[9.13152,46.75868],[9.13189,46.75911],[9.1327,46.75896],[9.13367,46.75969],[9.13371,46.76023],[9.13327,46.76105],[9.13333,46.7614],[9.13389,46.76189],[9.13381,46.76236],[9.13342,46.7626],[9.13332,46.76303],[9.13208,46.76456],[9.13091,46.76512],[9.13091,46.7656],[9.13155,46.76589],[9.13159,46.76618],[9.13037,46.76719],[9.13037,46.76797],[9.12953,46.7699],[9.12924,46.77014],[9.12851,46.77024],[9.12793,46.7716],[9.12855,46.77212],[9.13059,46.77252],[9.13366,46.77419]]}},{"type":"Feature","properties":{"id":"st-peters-bach-gr","c":"GR","p":"patent","q":"derived","k":"river"},"geometry":{"type":"LineString","coordinates":[[9.10869,46.71452],[9.10825,46.71546],[9.1085,46.71593],[9.10804,46.71664],[9.10823,46.71773],[9.10857,46.71794],[9.10919,46.7191],[9.10912,46.72165],[9.10945,46.72301],[9.10908,46.72387],[9.10915,46.72573],[9.10873,46.72704],[9.10733,46.72822],[9.10676,46.72842],[9.10615,46.72963],[9.10508,46.73061],[9.10518,46.73093],[9.10482,46.73167],[9.10421,46.73208],[9.10343,46.73229],[9.10269,46.73313],[9.10265,46.73478],[9.10303,46.73536],[9.10118,46.73679],[9.10123,46.73706],[9.10051,46.73817],[9.10071,46.73871],[9.10049,46.73956],[9.09998,46.73988],[9.10012,46.74053],[9.09883,46.74138],[9.09873,46.74224],[9.09911,46.74301],[9.09787,46.74434],[9.09794,46.74497],[9.09748,46.74566],[9.09703,46.74587],[9.09705,46.74665],[9.09512,46.74782],[9.09526,46.74885],[9.09411,46.74936],[9.09407,46.74987],[9.09441,46.75005],[9.09462,46.75054],[9.09326,46.75242],[9.09402,46.75365],[9.09424,46.75473],[9.09409,46.75554],[9.09334,46.75616],[9.09275,46.75728],[9.09174,46.75775],[9.09081,46.75786],[9.09021,46.75889]]}},{"type":"Feature","properties":{"id":"pilacbach-gr","c":"GR","p":"patent","q":"derived","k":"river"},"geometry":{"type":"LineString","coordinates":[[9.16553,46.74478],[9.16626,46.74536],[9.16774,46.74557],[9.16905,46.74608],[9.17141,46.74818],[9.17221,46.74949],[9.17334,46.75002],[9.17469,46.75118],[9.17684,46.7518],[9.17789,46.75187],[9.17817,46.75212],[9.17881,46.75226],[9.17978,46.75317],[9.18149,46.75362],[9.18319,46.7554],[9.18563,46.75587],[9.18688,46.75567],[9.18869,46.75605],[9.19048,46.75683],[9.19348,46.75779],[9.19592,46.75905],[9.19653,46.75897],[9.19994,46.75967],[9.20133,46.75919],[9.20215,46.75916],[9.20314,46.75946],[9.20463,46.75953],[9.20596,46.76021],[9.20786,46.76002],[9.20819,46.76037],[9.20888,46.76052],[9.209,46.76103],[9.20991,46.76131]]}},{"type":"Feature","properties":{"id":"rieinbach-gr","c":"GR","p":"patent","q":"derived","k":"river"},"geometry":{"type":"LineString","coordinates":[[9.28145,46.73531],[9.27986,46.73587],[9.27924,46.73587],[9.27707,46.73645],[9.27586,46.73707],[9.27488,46.73673],[9.27433,46.73679],[9.27152,46.73794],[9.26957,46.73829],[9.26865,46.73878],[9.26796,46.73975],[9.26643,46.73961],[9.26513,46.73983],[9.26384,46.73951],[9.2598,46.74013],[9.25938,46.74042],[9.25941,46.74083],[9.25907,46.74128],[9.25813,46.74165],[9.2547,46.74099],[9.25067,46.73969],[9.2503,46.73982],[9.24996,46.74036],[9.24939,46.7405],[9.24847,46.74007],[9.24825,46.73968],[9.24554,46.73929],[9.24416,46.73861],[9.24264,46.73856],[9.24021,46.73751],[9.23922,46.73822],[9.23812,46.73798],[9.23644,46.73817],[9.23593,46.73805],[9.23536,46.73823],[9.23379,46.7382],[9.23298,46.73759],[9.23261,46.73765],[9.23249,46.73789],[9.23149,46.73781],[9.22997,46.7373],[9.22949,46.73779],[9.2291,46.73782],[9.22609,46.73704],[9.22482,46.73604],[9.22401,46.73575],[9.2222,46.73573],[9.22159,46.73597],[9.22131,46.73637],[9.22032,46.73664],[9.22017,46.73766],[9.21924,46.73821],[9.21859,46.73934],[9.21822,46.73946]]}},{"type":"Feature","properties":{"id":"cabienabach-gr","c":"GR","p":"patent","q":"derived","k":"river"},"geometry":{"type":"LineString","coordinates":[[9.27657,46.71957],[9.27621,46.72002],[9.27477,46.72088],[9.27215,46.72068],[9.26947,46.72098],[9.26673,46.72205],[9.26519,46.72204],[9.26422,46.72225],[9.264,46.72258],[9.26394,46.72411],[9.2637,46.72437],[9.2624,46.72448],[9.2606,46.72543],[9.25879,46.72603],[9.25789,46.72614],[9.2568,46.72685],[9.25556,46.72689],[9.2533,46.72797],[9.25298,46.72854],[9.25149,46.72902],[9.25061,46.72995],[9.24924,46.73058],[9.249,46.73145],[9.2482,46.73202],[9.2475,46.73331],[9.24689,46.73357],[9.24584,46.73449],[9.24348,46.73561],[9.24301,46.7364],[9.24246,46.73673],[9.24223,46.7375],[9.24119,46.73786]]}},{"type":"Feature","properties":{"id":"val-da-pitas-gr","c":"GR","p":"patent","q":"derived","k":"river"},"geometry":{"type":"LineString","coordinates":[[9.28126,46.7117],[9.28077,46.71119],[9.27874,46.71016],[9.27701,46.70843],[9.27587,46.70816],[9.27479,46.70757],[9.27347,46.70723],[9.27233,46.70721],[9.27153,46.70671],[9.26961,46.70626],[9.26857,46.70631],[9.26652,46.7068],[9.26449,46.70653],[9.26012,46.70796],[9.25688,46.70804],[9.25586,46.70777],[9.25424,46.70798],[9.25208,46.70751],[9.24988,46.70782],[9.24514,46.71038],[9.24325,46.71077],[9.24285,46.7112],[9.24212,46.71142],[9.24141,46.71199],[9.24025,46.71209],[9.23866,46.71294],[9.23641,46.71316],[9.23379,46.7141],[9.2327,46.71418],[9.23196,46.71452],[9.23086,46.71546],[9.22971,46.71534],[9.22779,46.71674],[9.22648,46.71692],[9.22627,46.71731],[9.2254,46.7175],[9.22446,46.71796],[9.22382,46.7188],[9.22306,46.71927],[9.2209,46.72252],[9.21854,46.7247],[9.21813,46.72548],[9.21742,46.72586],[9.21743,46.72651],[9.21685,46.72671],[9.21603,46.72668],[9.21554,46.72742],[9.21507,46.72767],[9.21219,46.72764],[9.21031,46.72818],[9.20801,46.72916]]}},{"type":"Feature","properties":{"id":"ava-da-tuors-gr","c":"GR","p":"patent","q":"derived","k":"river"},"geometry":{"type":"MultiLineString","coordinates":[[[9.76073,46.6308],[9.75736,46.63046],[9.75656,46.63056],[9.75347,46.63155],[9.75247,46.63096],[9.75109,46.63071],[9.74962,46.62969],[9.74813,46.63002],[9.7468,46.62959],[9.74568,46.62988],[9.74391,46.63111],[9.74066,46.63125]],[[9.82784,46.64503],[9.82486,46.64466],[9.82414,46.64483],[9.82171,46.64475],[9.81793,46.64437],[9.81666,46.64409],[9.81572,46.64352],[9.80969,46.64293],[9.80761,46.64339],[9.80436,46.64358],[9.8021,46.64272],[9.80058,46.64238],[9.79855,46.64208],[9.7971,46.64227],[9.79651,46.64219],[9.79585,46.64197],[9.79494,46.64131],[9.79389,46.6411],[9.79319,46.64067],[9.79145,46.64087],[9.79023,46.64025],[9.78895,46.64016],[9.78825,46.63976],[9.78774,46.63982],[9.78673,46.63928],[9.78426,46.63883],[9.78344,46.63836],[9.78159,46.63799],[9.77992,46.63795],[9.77937,46.63759],[9.77838,46.63744],[9.77736,46.63772],[9.77616,46.63712],[9.77382,46.63655],[9.77306,46.63644],[9.77248,46.63657],[9.77148,46.63631],[9.76982,46.63547],[9.76833,46.6353],[9.76757,46.63483],[9.76706,46.63273],[9.76419,46.63168],[9.76141,46.631]]]}},{"type":"Feature","properties":{"id":"villabach-gr","c":"GR","p":"patent","q":"derived","k":"river"},"geometry":{"type":"LineString","coordinates":[[9.14881,46.7301],[9.15046,46.73005],[9.15164,46.72912],[9.15237,46.72906],[9.15397,46.72851],[9.15537,46.72856],[9.15782,46.72592],[9.15923,46.72556],[9.1608,46.72471],[9.16168,46.7246],[9.16271,46.7249],[9.16342,46.72456],[9.16423,46.72457],[9.16536,46.72431],[9.16667,46.72291],[9.16767,46.72256],[9.17082,46.72029],[9.17203,46.71989],[9.1729,46.71851],[9.1732,46.71741],[9.17366,46.71686],[9.17409,46.71674],[9.17422,46.7162],[9.17491,46.71589],[9.17792,46.71622],[9.18055,46.71691],[9.18153,46.71677],[9.18199,46.71641],[9.18242,46.71647],[9.1835,46.71604],[9.18531,46.71646],[9.18636,46.71589],[9.18758,46.71485],[9.18916,46.71448],[9.1927,46.71297]]}},{"type":"Feature","properties":{"id":"chischnersbach-gr","c":"GR","p":"patent","q":"derived","k":"river"},"geometry":{"type":"LineString","coordinates":[[9.15971,46.73561],[9.16012,46.73524],[9.16012,46.73435],[9.16066,46.73398],[9.16195,46.73351],[9.16283,46.73281],[9.16467,46.73237],[9.16658,46.73093],[9.16878,46.73061],[9.16914,46.73043],[9.16925,46.72939],[9.16894,46.729],[9.16897,46.7282],[9.17007,46.72633],[9.1698,46.72579],[9.16938,46.72565],[9.17048,46.72435],[9.17296,46.7238],[9.17374,46.72225],[9.17679,46.71977],[9.17876,46.71857],[9.18019,46.71816],[9.18177,46.71704],[9.18253,46.71692],[9.18324,46.7164],[9.18411,46.71618]]}},{"type":"Feature","properties":{"id":"degenbach-gr","c":"GR","p":"patent","q":"derived","k":"river"},"geometry":{"type":"LineString","coordinates":[[9.13704,46.72509],[9.13934,46.72451],[9.13978,46.72413],[9.14019,46.72294],[9.14204,46.72222],[9.14265,46.72154],[9.14437,46.72082],[9.14526,46.72075],[9.14639,46.72029],[9.147,46.71947],[9.14852,46.71883],[9.14945,46.71808],[9.14977,46.71749],[9.15138,46.71622],[9.15304,46.71572],[9.15342,46.71453],[9.15563,46.71289],[9.15635,46.71206],[9.15702,46.71194],[9.15837,46.71098],[9.16011,46.71069],[9.16081,46.7101],[9.16384,46.70967],[9.16597,46.70844],[9.16764,46.70817],[9.16938,46.70763],[9.17093,46.7066],[9.17123,46.70612],[9.17232,46.70554],[9.17356,46.7053],[9.17419,46.70561],[9.17578,46.70584],[9.17614,46.7055],[9.17701,46.70527],[9.17738,46.70453],[9.17864,46.70439],[9.17943,46.70393],[9.18058,46.70373],[9.18078,46.70348]]}},{"type":"Feature","properties":{"id":"aua-da-tiarm-gr","c":"GR","p":"patent","q":"derived","k":"river"},"geometry":{"type":"LineString","coordinates":[[9.12405,46.71208],[9.12601,46.71178],[9.12634,46.71148],[9.12683,46.7114],[9.12937,46.71124],[9.13091,46.71133],[9.13293,46.71038],[9.13389,46.7102],[9.13633,46.70891],[9.13822,46.70878],[9.14121,46.70713],[9.14353,46.70687],[9.1445,46.70623],[9.14569,46.70597],[9.14743,46.70519],[9.1496,46.70573],[9.151,46.70496],[9.15292,46.70447],[9.1541,46.70438],[9.15555,46.70359],[9.15715,46.70342],[9.15754,46.70356],[9.15944,46.70328],[9.16067,46.70268],[9.16208,46.70277],[9.1639,46.70339],[9.16682,46.70356],[9.16762,46.70418],[9.16862,46.70441],[9.16976,46.70442],[9.17121,46.7039],[9.17143,46.7035],[9.17229,46.70308],[9.17273,46.70245],[9.1741,46.70225],[9.17628,46.70135]]}},{"type":"Feature","properties":{"id":"aua-da-vinogn-gr","c":"GR","p":"patent","q":"derived","k":"river"},"geometry":{"type":"LineString","coordinates":[[9.11905,46.70471],[9.12022,46.70461],[9.12084,46.70505],[9.12132,46.70507],[9.12239,46.70456],[9.12377,46.7042],[9.12393,46.7035],[9.12526,46.70249],[9.12798,46.70172],[9.129,46.702],[9.1309,46.70199],[9.1334,46.70164],[9.13452,46.70172],[9.13708,46.70093],[9.1396,46.70109],[9.14122,46.70074],[9.14371,46.70087],[9.14768,46.69981],[9.14858,46.69916],[9.15331,46.69781],[9.1538,46.69788],[9.15546,46.69758],[9.15734,46.69826],[9.15912,46.69811],[9.15987,46.69741],[9.16175,46.69692],[9.16459,46.69495],[9.16608,46.6946],[9.16638,46.69421]]}},{"type":"Feature","properties":{"id":"aua-da-lumbrein-gr","c":"GR","p":"patent","q":"derived","k":"river"},"geometry":{"type":"LineString","coordinates":[[9.09653,46.68857],[9.09813,46.68895],[9.10078,46.68926],[9.10331,46.68904],[9.1047,46.68966],[9.10743,46.69007],[9.10978,46.68976],[9.11168,46.68898],[9.11513,46.68818],[9.11822,46.68855],[9.1211,46.68805],[9.12323,46.68847],[9.12482,46.68797],[9.1257,46.68818],[9.12685,46.68802],[9.12885,46.68674],[9.13069,46.68696],[9.13121,46.68665],[9.13197,46.68568],[9.13199,46.68539],[9.1315,46.68488],[9.13171,46.68403],[9.13111,46.68306],[9.13175,46.68124],[9.13282,46.68004],[9.13348,46.67974],[9.13357,46.6794],[9.13312,46.6781],[9.13327,46.67748]]}},{"type":"Feature","properties":{"id":"aua-da-sigin-gr","c":"GR","p":"patent","q":"derived","k":"river"},"geometry":{"type":"LineString","coordinates":[[9.1503,46.65062],[9.15,46.65075],[9.14954,46.65158],[9.14924,46.65341],[9.14812,46.6548],[9.14712,46.6556],[9.14609,46.65681],[9.14378,46.65709],[9.14351,46.65727],[9.14238,46.65937],[9.14034,46.66156],[9.13996,46.66242],[9.13833,46.66399],[9.13657,46.66498],[9.13431,46.66722],[9.13374,46.66853],[9.13382,46.6695],[9.13335,46.66996],[9.13315,46.67093],[9.13283,46.67129],[9.13272,46.67246],[9.13166,46.67351],[9.13155,46.6743],[9.13087,46.67457],[9.13054,46.67506],[9.12986,46.67508]]}},{"type":"Feature","properties":{"id":"aua-da-serenastga-gr","c":"GR","p":"patent","q":"derived","k":"river"},"geometry":{"type":"MultiLineString","coordinates":[[[9.13731,46.63166],[9.13568,46.63304],[9.13562,46.63374],[9.13597,46.63495],[9.13555,46.6353],[9.135,46.6353],[9.13456,46.63556],[9.13458,46.63696],[9.13415,46.63731],[9.1331,46.63743],[9.13286,46.63809],[9.13101,46.64047],[9.12996,46.64065],[9.12938,46.64094],[9.12845,46.64224],[9.12791,46.64355],[9.12615,46.64465],[9.12529,46.64575],[9.12424,46.64627],[9.12411,46.64691],[9.12178,46.64763],[9.12062,46.65112],[9.12015,46.65137],[9.11875,46.65309],[9.11724,46.65412],[9.11668,46.65524],[9.11494,46.65758],[9.11418,46.65931],[9.11283,46.65973],[9.11079,46.66003]],[[9.1352,46.6285],[9.13614,46.62973],[9.13715,46.63031],[9.13745,46.63099],[9.13737,46.63153]]]}},{"type":"Feature","properties":{"id":"monsteinerbach-gr","c":"GR","p":"patent","q":"derived","k":"river"},"geometry":{"type":"LineString","coordinates":[[9.81006,46.68353],[9.80911,46.68411],[9.80784,46.68435],[9.80504,46.68415],[9.80379,46.68357],[9.80294,46.68371],[9.80028,46.68483],[9.79907,46.68485],[9.79821,46.68513],[9.79741,46.68504],[9.79535,46.68536],[9.79298,46.68657],[9.7919,46.68654],[9.78997,46.68715],[9.78921,46.68762],[9.78888,46.68858],[9.78835,46.68892],[9.78768,46.69006],[9.78619,46.69097],[9.78436,46.6925],[9.78333,46.69512],[9.78255,46.69543],[9.78231,46.69604],[9.78165,46.69655],[9.78134,46.69737],[9.78135,46.69826],[9.78024,46.69873],[9.77887,46.69976],[9.7786,46.70051],[9.77734,46.70116],[9.77537,46.70361],[9.77451,46.70402],[9.77355,46.70491],[9.77295,46.70555],[9.77273,46.70659],[9.77215,46.70714],[9.77204,46.70761],[9.77116,46.7083],[9.77075,46.70892],[9.77002,46.70937],[9.76664,46.71059],[9.76506,46.71142],[9.76453,46.71209],[9.76246,46.71237],[9.76205,46.71272],[9.76202,46.71342],[9.76156,46.71366],[9.76015,46.71373],[9.75823,46.71434]]}},{"type":"Feature","properties":{"id":"aua-da-cavel-gr","c":"GR","p":"patent","q":"derived","k":"river"},"geometry":{"type":"LineString","coordinates":[[9.02234,46.66934],[9.02295,46.66835],[9.02479,46.66768],[9.02511,46.66724],[9.02702,46.66604],[9.02725,46.66564],[9.02776,46.6655],[9.02898,46.66459],[9.03022,46.66257],[9.03255,46.66221],[9.03336,46.66186],[9.03452,46.66186],[9.03724,46.66134],[9.04121,46.66125],[9.04187,46.6615],[9.04422,46.66181],[9.04623,46.66247],[9.04741,46.66254],[9.04886,46.66291],[9.04976,46.66321],[9.05001,46.66372],[9.051,46.66433],[9.05166,46.66568],[9.0541,46.66615],[9.05465,46.66636],[9.05519,46.66695],[9.05694,46.66722],[9.06011,46.66828],[9.06058,46.66824],[9.0609,46.66853],[9.062,46.66855],[9.06251,46.66833],[9.06323,46.66876],[9.06405,46.66887],[9.06518,46.66853],[9.06651,46.6688],[9.06828,46.66889],[9.06867,46.66912],[9.06934,46.66873],[9.07002,46.66913],[9.0722,46.66895],[9.07391,46.66917],[9.07467,46.6689],[9.07584,46.66874],[9.07766,46.66878],[9.07832,46.66856],[9.07891,46.6687],[9.08103,46.66855],[9.08152,46.66866],[9.0848,46.66851],[9.08532,46.66834],[9.08636,46.6684],[9.08954,46.66746],[9.0903,46.66742],[9.09063,46.66767],[9.09249,46.66778],[9.09513,46.66746],[9.09564,46.66718],[9.09694,46.66719],[9.09784,46.66701],[9.09895,46.66628],[9.10088,46.66626],[9.10188,46.66593],[9.10526,46.66643],[9.10586,46.66627],[9.10791,46.66651],[9.1101,46.66636]]}},{"type":"Feature","properties":{"id":"aua-diesrut-gr","c":"GR","p":"patent","q":"derived","k":"river"},"geometry":{"type":"LineString","coordinates":[[9.03401,46.62305],[9.03651,46.62365],[9.03798,46.6245],[9.03846,46.625],[9.03925,46.62534],[9.0404,46.62548],[9.04242,46.62644],[9.04386,46.62671],[9.04491,46.62743],[9.04524,46.62805],[9.0459,46.62835],[9.04749,46.62844],[9.04919,46.62814],[9.05075,46.62831],[9.05199,46.62825],[9.05458,46.62873],[9.05508,46.62913],[9.05619,46.62947],[9.05672,46.62998],[9.05821,46.6304],[9.05927,46.63111],[9.0604,46.63156],[9.06081,46.63209],[9.06095,46.63282],[9.06231,46.63347],[9.06241,46.63402],[9.0633,46.63418],[9.06369,46.6347],[9.06562,46.63566],[9.0665,46.63648],[9.06682,46.63641],[9.06777,46.6368],[9.06848,46.63666],[9.06977,46.6369],[9.07035,46.63721],[9.0715,46.63746],[9.07248,46.63741],[9.07309,46.63761],[9.07357,46.63807],[9.07577,46.6383],[9.07698,46.63891],[9.07806,46.63908],[9.07901,46.63964],[9.08147,46.63975],[9.08194,46.64007],[9.0854,46.64078],[9.08576,46.64136],[9.08655,46.64154],[9.08761,46.64149]]}},{"type":"Feature","properties":{"id":"aua-da-ramosa-gr","c":"GR","p":"patent","q":"derived","k":"river"},"geometry":{"type":"LineString","coordinates":[[9.03023,46.64906],[9.03338,46.64881],[9.03449,46.64893],[9.03535,46.64847],[9.03548,46.6482],[9.03648,46.64778],[9.03967,46.64755],[9.04045,46.64719],[9.04334,46.64646],[9.04374,46.64618],[9.04687,46.64597],[9.0479,46.64509],[9.04896,46.64454],[9.04976,46.64444],[9.0503,46.64455],[9.05289,46.64371],[9.0559,46.64327],[9.05661,46.64299],[9.05948,46.6425],[9.06038,46.64193],[9.06156,46.64163],[9.06188,46.64104],[9.06384,46.63983],[9.06485,46.63888],[9.06724,46.63808],[9.06866,46.63784],[9.07053,46.63788],[9.07132,46.63742]]}},{"type":"Feature","properties":{"id":"aua-da-blengias-gr","c":"GR","p":"patent","q":"derived","k":"river"},"geometry":{"type":"LineString","coordinates":[[9.03584,46.60954],[9.03622,46.60998],[9.03687,46.61022],[9.03783,46.61146],[9.03855,46.61203],[9.03895,46.61273],[9.04029,46.6129],[9.04136,46.6138],[9.04317,46.61428],[9.04428,46.61405],[9.0487,46.61492],[9.05012,46.61491],[9.05136,46.61532],[9.05518,46.61546],[9.05614,46.61533],[9.05727,46.61492],[9.05866,46.61301],[9.05987,46.61272],[9.06104,46.61198],[9.06107,46.61144],[9.06156,46.61083],[9.06297,46.61024],[9.06341,46.60949],[9.06429,46.60888],[9.06454,46.60816],[9.06562,46.60743],[9.06588,46.607],[9.06693,46.60661],[9.06803,46.60633],[9.06881,46.60644],[9.07042,46.60608],[9.07104,46.60627],[9.0716,46.60616],[9.07198,46.60636],[9.07212,46.60695],[9.07244,46.60723],[9.07415,46.60734],[9.07656,46.60788]]}},{"type":"Feature","properties":{"id":"ronggtobelbach-gr","c":"GR","p":"patent","q":"derived","k":"river"},"geometry":{"type":"LineString","coordinates":[[9.22647,46.66019],[9.22448,46.66152],[9.22444,46.66231],[9.22404,46.66266],[9.22391,46.66358],[9.22303,46.66462],[9.22186,46.66491],[9.22088,46.66456],[9.22043,46.66502],[9.21924,46.6655],[9.21835,46.66624],[9.21787,46.66628],[9.21676,46.66617],[9.2152,46.66542],[9.2134,46.6649],[9.21261,46.66489],[9.20948,46.66417],[9.20845,46.66363],[9.20729,46.66343],[9.2062,46.66277],[9.20403,46.66214],[9.20305,46.66229],[9.19954,46.66184],[9.19838,46.66134],[9.19786,46.6613],[9.19629,46.66125],[9.19408,46.66155],[9.1927,46.66131],[9.19107,46.66144],[9.1894,46.66121],[9.18848,46.66075],[9.18805,46.66083]]}},{"type":"Feature","properties":{"id":"traeitobelbach-gr","c":"GR","p":"patent","q":"derived","k":"river"},"geometry":{"type":"LineString","coordinates":[[9.23234,46.63328],[9.23145,46.6345],[9.23141,46.63528],[9.23048,46.63611],[9.2296,46.63659],[9.22955,46.63843],[9.22843,46.63849],[9.22784,46.63928],[9.22745,46.63945],[9.2252,46.63935],[9.22397,46.6397],[9.22257,46.63975],[9.2215,46.64019],[9.21998,46.64146],[9.21904,46.64172],[9.21692,46.64152],[9.21419,46.64235],[9.21188,46.64206],[9.20971,46.64272],[9.20792,46.64266],[9.20594,46.64308],[9.20529,46.64341],[9.20288,46.6436],[9.19943,46.64298],[9.19713,46.64229],[9.19614,46.64242],[9.19483,46.64215],[9.1929,46.64204],[9.19022,46.64289],[9.18782,46.64276],[9.18714,46.64224],[9.18599,46.64195]]}},{"type":"Feature","properties":{"id":"tomuelbach-gr","c":"GR","p":"patent","q":"derived","k":"river"},"geometry":{"type":"LineString","coordinates":[[9.22968,46.5865],[9.22953,46.58695],[9.22916,46.58697],[9.22919,46.5877],[9.22865,46.58837],[9.22875,46.58877],[9.22794,46.58959],[9.228,46.5902],[9.22731,46.5909],[9.22658,46.59215],[9.22596,46.59241],[9.22493,46.594],[9.22387,46.59507],[9.22342,46.59532],[9.22283,46.59502],[9.22254,46.59515],[9.22244,46.59623],[9.22409,46.59734],[9.22401,46.59838],[9.22327,46.59887],[9.22269,46.59958],[9.22327,46.6007],[9.22326,46.60123],[9.22384,46.60151],[9.22384,46.60199],[9.22339,46.60233],[9.22357,46.6036],[9.22309,46.60414],[9.22302,46.60542],[9.22256,46.60608],[9.22173,46.60631],[9.22175,46.60676],[9.22135,46.60745],[9.22091,46.60777],[9.21999,46.60756],[9.21965,46.60859],[9.21753,46.60873],[9.21673,46.60897],[9.21664,46.60964],[9.21617,46.61029],[9.21656,46.61067],[9.2156,46.61072],[9.21559,46.61099],[9.21533,46.61103],[9.21434,46.61103],[9.21397,46.61162],[9.21357,46.61172],[9.21293,46.61233],[9.21279,46.61314],[9.21157,46.61423],[9.2089,46.61599],[9.20655,46.61678],[9.20579,46.61801],[9.20381,46.61959],[9.20348,46.62074],[9.20218,46.62169],[9.20073,46.62239],[9.19906,46.6242],[9.19891,46.62496],[9.19836,46.62592],[9.19883,46.62645],[9.19871,46.62665],[9.19644,46.62738],[9.19533,46.62876],[9.19411,46.62921],[9.19175,46.62931],[9.19064,46.62898],[9.18869,46.629],[9.18794,46.62875],[9.18696,46.62894]]}},{"type":"Feature","properties":{"id":"baerenhornbach-gr","c":"GR","p":"patent","q":"derived","k":"river"},"geometry":{"type":"LineString","coordinates":[[9.22879,46.57317],[9.22754,46.57238],[9.22523,46.57218],[9.22471,46.57186],[9.22403,46.57173],[9.22244,46.57177],[9.22086,46.5713],[9.21887,46.57213],[9.21815,46.57196],[9.21665,46.57221],[9.21583,46.57274],[9.21517,46.57369],[9.21545,46.57466],[9.21521,46.57509],[9.21444,46.57572],[9.21239,46.57653],[9.21187,46.57696],[9.21112,46.57698],[9.2085,46.58013],[9.20753,46.58039],[9.20663,46.58098],[9.20531,46.58132],[9.20443,46.58195],[9.20245,46.58235],[9.20085,46.58312],[9.19952,46.58345]]}},{"type":"Feature","properties":{"id":"schwarzhornbach-gr","c":"GR","p":"patent","q":"derived","k":"river"},"geometry":{"type":"LineString","coordinates":[[9.10608,46.60244],[9.10747,46.60246],[9.10899,46.60181],[9.1093,46.60187],[9.10946,46.60077],[9.10989,46.60069],[9.11727,46.60236],[9.12145,46.60361],[9.12379,46.60411],[9.12513,46.6048],[9.12849,46.60575],[9.13077,46.60618],[9.13184,46.60604],[9.13201,46.60622],[9.13273,46.60625],[9.13402,46.60679],[9.14124,46.60806],[9.14801,46.60739],[9.1494,46.60696],[9.1509,46.60699],[9.15205,46.60669],[9.15326,46.60667],[9.15689,46.6081],[9.15873,46.60832],[9.16065,46.60831],[9.16189,46.60805],[9.16389,46.60808],[9.16563,46.60765],[9.16605,46.60708],[9.16726,46.60668]]}},{"type":"Feature","properties":{"id":"breitengradbach-gr","c":"GR","p":"patent","q":"derived","k":"river"},"geometry":{"type":"LineString","coordinates":[[9.1342,46.62146],[9.13823,46.62244],[9.14041,46.62219],[9.14195,46.62243],[9.14406,46.62178],[9.1466,46.62208],[9.14887,46.62152],[9.1495,46.62109],[9.14995,46.6193],[9.15305,46.61662],[9.15353,46.61569],[9.15354,46.6148],[9.1546,46.61433],[9.15514,46.6133],[9.15635,46.61279],[9.15831,46.61098],[9.15931,46.61057],[9.15963,46.61],[9.16028,46.60981],[9.1616,46.60899],[9.16211,46.60804]]}},{"type":"Feature","properties":{"id":"sampuoirbach-gr","c":"GR","p":"patent","q":"derived","k":"river"},"geometry":{"type":"LineString","coordinates":[[10.39726,46.91273],[10.39632,46.91277],[10.39414,46.91367],[10.3926,46.91378],[10.39104,46.91436],[10.3909,46.91467],[10.39129,46.91614],[10.39116,46.91664],[10.39241,46.91906],[10.39254,46.91997],[10.39394,46.92109],[10.39641,46.92481],[10.39734,46.92557],[10.39856,46.92709],[10.3986,46.92869],[10.39896,46.93008],[10.3985,46.9314],[10.39873,46.93166],[10.39865,46.93292],[10.39934,46.93436],[10.39926,46.93527],[10.39953,46.93603],[10.40065,46.93695],[10.40066,46.93743],[10.40174,46.93859],[10.4019,46.93932],[10.40275,46.94024],[10.40346,46.94167],[10.40358,46.94265],[10.40476,46.94368],[10.40578,46.94419],[10.40631,46.94506],[10.40824,46.94608],[10.40911,46.94623],[10.41208,46.94803],[10.41468,46.94928],[10.41639,46.94986],[10.4212,46.95038],[10.42189,46.95069],[10.42478,46.95118],[10.42567,46.95162],[10.42754,46.9521],[10.42817,46.95211],[10.42856,46.95245],[10.42956,46.9527],[10.4315,46.9538],[10.43258,46.95402],[10.43295,46.95445],[10.43326,46.95552],[10.43397,46.95628]]}},{"type":"Feature","properties":{"id":"muelbach-gr-2","c":"GR","p":"patent","q":"derived","k":"river"},"geometry":{"type":"MultiLineString","coordinates":[[[10.34598,46.97672],[10.34733,46.97666],[10.35024,46.97692],[10.35124,46.97658],[10.35349,46.97717],[10.35458,46.97718],[10.3571,46.9765],[10.35834,46.97596],[10.35912,46.97661],[10.36058,46.97691],[10.36216,46.97695],[10.3635,46.9774],[10.36832,46.97746],[10.3697,46.97719],[10.37427,46.97823],[10.37502,46.97815],[10.37557,46.97781],[10.3771,46.97806],[10.37896,46.97747],[10.37998,46.97758],[10.38103,46.97742],[10.38166,46.97762],[10.38263,46.9775]],[[10.3831,46.97739],[10.38445,46.97713],[10.38544,46.97721],[10.38613,46.97698],[10.3869,46.97709],[10.38741,46.97691],[10.38939,46.97491],[10.39199,46.97394],[10.39228,46.97366],[10.39263,46.97162],[10.39327,46.97089],[10.3932,46.97004],[10.394,46.9686],[10.39388,46.96686],[10.39434,46.96577],[10.39495,46.96516],[10.39502,46.96392],[10.39676,46.96195],[10.39713,46.96124],[10.39705,46.95997],[10.3975,46.95894]]]}},{"type":"Feature","properties":{"id":"aval-val-fenga-gr","c":"GR","p":"patent","q":"derived","k":"river"},"geometry":{"type":"MultiLineString","coordinates":[[[10.24732,46.8771],[10.24801,46.87717],[10.24909,46.87799],[10.25115,46.87863],[10.25193,46.87922],[10.25222,46.88001],[10.25349,46.88099],[10.25309,46.88158],[10.25203,46.88231],[10.2514,46.88341],[10.25011,46.8842],[10.24996,46.88469],[10.2502,46.88621],[10.25136,46.88748],[10.25211,46.8877],[10.25371,46.88729],[10.25488,46.88729],[10.25611,46.8877],[10.25844,46.88785],[10.25989,46.88829],[10.26084,46.88882],[10.26114,46.88966],[10.26086,46.88996],[10.26085,46.89102],[10.26062,46.89139],[10.26072,46.89239],[10.25997,46.89309],[10.25966,46.89402],[10.25891,46.89441],[10.25895,46.89513],[10.25817,46.89639],[10.25831,46.89708],[10.25801,46.89759],[10.2583,46.89833],[10.25872,46.89873],[10.25849,46.89979],[10.2597,46.90139],[10.26104,46.90184],[10.26294,46.90193],[10.26322,46.90218],[10.26238,46.90385],[10.26326,46.90496],[10.26305,46.90609],[10.26273,46.90658],[10.26197,46.90698],[10.26191,46.90776],[10.26101,46.9082],[10.26132,46.90876]],[[10.26123,46.90921],[10.26108,46.91014],[10.26005,46.91038],[10.25953,46.91082],[10.2588,46.91084],[10.25865,46.9119],[10.25943,46.91322],[10.25929,46.91374],[10.25957,46.91434],[10.26035,46.91476],[10.26047,46.91588],[10.26091,46.91632],[10.26118,46.91716],[10.26118,46.91763],[10.26079,46.91817],[10.26012,46.92019],[10.26041,46.92138],[10.25995,46.92168],[10.25997,46.92312],[10.26265,46.9259],[10.26309,46.92709],[10.26285,46.92794],[10.26324,46.92845],[10.26341,46.92922]]]}},{"type":"Feature","properties":{"id":"maseggbach-gr","c":"GR","p":"patent","q":"derived","k":"river"},"geometry":{"type":"LineString","coordinates":[[9.15745,46.50094],[9.15924,46.5014],[9.15964,46.502],[9.16171,46.50236],[9.16286,46.50223],[9.16383,46.50277],[9.16462,46.5027],[9.16611,46.50326],[9.16667,46.50326],[9.16698,46.50313],[9.16745,46.50174],[9.16818,46.5006],[9.16958,46.49996],[9.16961,46.49965],[9.17034,46.49914],[9.17191,46.4983],[9.17285,46.49823],[9.17451,46.49729],[9.17553,46.49753],[9.17568,46.49794],[9.17622,46.49794],[9.17605,46.4989],[9.17648,46.4999],[9.17716,46.50072],[9.17682,46.50194],[9.177,46.50272],[9.17685,46.50332],[9.17725,46.50356],[9.1786,46.50377],[9.17859,46.50441],[9.17906,46.50527],[9.17989,46.50575],[9.17994,46.50668],[9.18031,46.50744],[9.1801,46.50812],[9.18056,46.50967],[9.18111,46.5104],[9.18185,46.51068],[9.18201,46.51094],[9.18168,46.51168],[9.18214,46.51216],[9.18185,46.51247],[9.18187,46.51322],[9.18355,46.51463],[9.18354,46.51522],[9.18306,46.51596],[9.18237,46.51636],[9.18201,46.51721],[9.18117,46.51776],[9.18155,46.51914],[9.18115,46.51942],[9.18094,46.52039],[9.18009,46.52087],[9.17899,46.52209]]}},{"type":"Feature","properties":{"id":"raeppierbach-gr","c":"GR","p":"patent","q":"derived","k":"river"},"geometry":{"type":"LineString","coordinates":[[9.16678,46.54163],[9.16801,46.54192],[9.169,46.54185],[9.17166,46.54262],[9.17231,46.54263],[9.17325,46.54231],[9.17412,46.54238],[9.17569,46.54305],[9.17699,46.54329],[9.17785,46.54298],[9.17852,46.54314],[9.17999,46.54284],[9.18143,46.54118],[9.18273,46.54081],[9.18415,46.54077],[9.18478,46.54043],[9.18546,46.54039],[9.18819,46.54098],[9.18957,46.54068],[9.19216,46.54107],[9.19398,46.54074],[9.19469,46.54021],[9.19601,46.54004],[9.1968,46.53906],[9.19753,46.53873],[9.19817,46.53745],[9.19829,46.53609],[9.19899,46.53589],[9.19939,46.53525],[9.20059,46.53467],[9.20139,46.53401],[9.20161,46.53234],[9.20267,46.53088],[9.2028,46.52973],[9.20324,46.52879]]}},{"type":"Feature","properties":{"id":"val-da-mot-gr","c":"GR","p":"patent","q":"derived","k":"river"},"geometry":{"type":"LineString","coordinates":[[10.44153,46.9008],[10.44266,46.89979],[10.44504,46.89867],[10.44636,46.89844],[10.45082,46.89841],[10.4554,46.89984],[10.45648,46.90044],[10.46016,46.90188],[10.46335,46.90175],[10.46627,46.90225],[10.46769,46.9031],[10.46832,46.90401],[10.47016,46.90491],[10.4731,46.90458],[10.4744,46.9041],[10.47549,46.90408],[10.47744,46.90342]]}},{"type":"Feature","properties":{"id":"aval-resgia-gr","c":"GR","p":"patent","q":"derived","k":"river"},"geometry":{"type":"LineString","coordinates":[[10.41583,46.89913],[10.41639,46.89819],[10.418,46.89706],[10.41928,46.89493],[10.41981,46.89331],[10.42143,46.89086],[10.42183,46.88944],[10.4235,46.88805],[10.42545,46.88726],[10.42852,46.88519],[10.42963,46.88468],[10.42982,46.88392],[10.43088,46.88295],[10.43232,46.88212],[10.4327,46.88163],[10.43472,46.88115],[10.43642,46.88182],[10.43771,46.88211],[10.43874,46.88226],[10.4395,46.88202],[10.44016,46.88247],[10.4408,46.88242],[10.44183,46.88273],[10.44253,46.88246],[10.44403,46.88304],[10.4469,46.88328],[10.44866,46.88307],[10.44935,46.88332],[10.45129,46.88322],[10.45226,46.88294],[10.45354,46.88184],[10.45586,46.88227],[10.45655,46.88212],[10.45775,46.88026],[10.45849,46.87961],[10.45945,46.87935]]}},{"type":"Feature","properties":{"id":"aval-chaflur-gr","c":"GR","p":"patent","q":"derived","k":"river"},"geometry":{"type":"LineString","coordinates":[[10.40509,46.89376],[10.40612,46.89284],[10.40633,46.89175],[10.40713,46.89076],[10.40753,46.88969],[10.40871,46.88864],[10.41011,46.88679],[10.41027,46.8861],[10.41119,46.88525],[10.41115,46.88453],[10.41261,46.88349],[10.41371,46.88232],[10.41639,46.88122],[10.4174,46.88107],[10.4179,46.88079],[10.41893,46.8807],[10.42098,46.87996],[10.42103,46.87966],[10.4217,46.87905],[10.42219,46.87769],[10.42413,46.87591],[10.42485,46.87587],[10.42577,46.8753],[10.42624,46.87433],[10.42848,46.87387],[10.42952,46.87294],[10.43322,46.87131],[10.43372,46.87076],[10.43526,46.87026],[10.43661,46.86788],[10.43918,46.8654],[10.43936,46.86486],[10.4401,46.86444]]}},{"type":"Feature","properties":{"id":"altnerschbach-gr","c":"GR","p":"patent","q":"derived","k":"river"},"geometry":{"type":"LineString","coordinates":[[9.21605,46.55939],[9.2182,46.55836],[9.21935,46.55734],[9.21976,46.55663],[9.22149,46.55567],[9.22408,46.55377],[9.22516,46.55341],[9.22566,46.55292],[9.22667,46.55261],[9.22688,46.5519],[9.22739,46.55149],[9.22773,46.55073],[9.2277,46.54991],[9.22804,46.54914],[9.23122,46.54826],[9.23211,46.54718],[9.23266,46.54716],[9.23356,46.54671],[9.23417,46.54547],[9.23407,46.545],[9.23534,46.54424],[9.23611,46.54323],[9.23589,46.54121],[9.23622,46.54077],[9.2375,46.54014],[9.23838,46.53914],[9.23953,46.53656]]}},{"type":"Feature","properties":{"id":"areuabach-gr","c":"GR","p":"patent","q":"derived","k":"river"},"geometry":{"type":"LineString","coordinates":[[9.25257,46.46535],[9.25282,46.46571],[9.2527,46.46645],[9.25351,46.46765],[9.2534,46.468],[9.2538,46.46819],[9.254,46.46872],[9.25496,46.46873],[9.25568,46.46935],[9.25619,46.47112],[9.256,46.47179],[9.2568,46.47273],[9.25713,46.47377],[9.25563,46.47609],[9.25643,46.4789],[9.25595,46.47929],[9.25589,46.47991],[9.25496,46.48042],[9.25491,46.48123],[9.25428,46.4816],[9.25413,46.48203],[9.2545,46.48291],[9.25434,46.48363],[9.2535,46.48363],[9.25344,46.4847],[9.25428,46.48527],[9.2543,46.48626],[9.25521,46.48706],[9.25606,46.48827],[9.25631,46.48909],[9.25592,46.48991],[9.25617,46.49107],[9.25731,46.49217],[9.25758,46.49272],[9.2583,46.49302],[9.25839,46.49398],[9.25906,46.49447],[9.25956,46.49556],[9.25954,46.49655],[9.26011,46.49752],[9.25953,46.498],[9.25946,46.49898],[9.25868,46.49977],[9.25873,46.50013],[9.25825,46.5006],[9.25849,46.50143],[9.25819,46.50173],[9.25797,46.50256],[9.25802,46.50302],[9.25854,46.50341],[9.25862,46.50471],[9.25935,46.50571],[9.25929,46.50656],[9.25967,46.50702],[9.25937,46.5076],[9.25821,46.50851],[9.25758,46.50933],[9.25616,46.51032],[9.25728,46.51236],[9.25805,46.51272],[9.25775,46.51306],[9.25681,46.51339],[9.25689,46.51365],[9.25619,46.51425],[9.2565,46.51546],[9.2565,46.51773],[9.25564,46.51892],[9.25515,46.52016],[9.25279,46.52114],[9.25264,46.52216],[9.25283,46.52269],[9.25246,46.52302],[9.25245,46.52428],[9.25166,46.52456],[9.25135,46.52495],[9.25162,46.52564],[9.25149,46.52665],[9.25171,46.52752],[9.25119,46.52827],[9.25166,46.52909],[9.25052,46.53039],[9.25121,46.53137],[9.25111,46.53215],[9.25169,46.53296],[9.25122,46.53361],[9.25159,46.53501],[9.2531,46.5364],[9.25323,46.53737]]}},{"type":"Feature","properties":{"id":"canalbach-gr","c":"GR","p":"patent","q":"derived","k":"river"},"geometry":{"type":"LineString","coordinates":[[9.07703,46.51866],[9.07986,46.51973],[9.08161,46.52115],[9.08332,46.52354],[9.08436,46.52433],[9.08462,46.52528],[9.08538,46.52595],[9.08571,46.52662],[9.08697,46.52773],[9.08861,46.52812],[9.0892,46.52795],[9.08959,46.52809],[9.09095,46.52944],[9.09174,46.53001],[9.09249,46.53013],[9.09403,46.53172],[9.09585,46.53282],[9.09703,46.5342],[9.09758,46.53444],[9.09852,46.53606],[9.09917,46.53651],[9.09928,46.53693],[9.09974,46.53727],[9.10004,46.53805],[9.10073,46.53829],[9.10039,46.53988],[9.10136,46.54155],[9.1021,46.54478],[9.10151,46.54562],[9.10205,46.54667],[9.10148,46.54805],[9.10204,46.54919],[9.10206,46.54995],[9.10165,46.55087],[9.10192,46.55154],[9.10086,46.553]]}},{"type":"Feature","properties":{"id":"hornbach-gr","c":"GR","p":"patent","q":"derived","k":"river"},"geometry":{"type":"MultiLineString","coordinates":[[[9.06716,46.54587],[9.06668,46.54698],[9.06737,46.54724],[9.0683,46.54826],[9.06868,46.54847],[9.06972,46.54858],[9.07062,46.54919],[9.07109,46.54926],[9.07166,46.55054],[9.07344,46.55157],[9.07506,46.5521],[9.07563,46.55274],[9.07688,46.55311],[9.07867,46.5548],[9.07924,46.55507],[9.07977,46.55571],[9.07919,46.55696],[9.07928,46.55719],[9.08181,46.55963],[9.08247,46.55992],[9.08355,46.56088],[9.08502,46.56248],[9.08515,46.56287],[9.08659,46.56417]],[[9.06758,46.54566],[9.06751,46.54581]],[[9.06841,46.54343],[9.06918,46.54376],[9.06948,46.54463],[9.06895,46.54515],[9.06809,46.5453]]]}},{"type":"Feature","properties":{"id":"jufer-rhein-gr","c":"GR","p":"patent","q":"derived","k":"river"},"geometry":{"type":"LineString","coordinates":[[9.54918,46.39073],[9.54839,46.39581],[9.54872,46.39611],[9.54894,46.39691],[9.54989,46.39736],[9.55042,46.39873],[9.55095,46.39944],[9.55161,46.40143],[9.5514,46.40273],[9.54983,46.40549],[9.54981,46.40609],[9.54877,46.40678],[9.54826,46.40754],[9.54839,46.40805],[9.54952,46.40889],[9.54957,46.40955],[9.5493,46.40997],[9.54963,46.41025],[9.54969,46.41085],[9.55049,46.41183],[9.55051,46.41245],[9.55136,46.41336],[9.55108,46.41513],[9.55134,46.41566],[9.55119,46.41618],[9.55153,46.41673],[9.55119,46.41816],[9.55119,46.41949],[9.55078,46.42005],[9.55006,46.42053],[9.54934,46.42165],[9.54955,46.42209],[9.5495,46.42302],[9.54991,46.42402],[9.54958,46.42627],[9.54914,46.42734],[9.54932,46.42749],[9.54897,46.42801],[9.5493,46.42833],[9.54916,46.42973],[9.54999,46.43027],[9.54909,46.43091],[9.55,46.43168],[9.55137,46.4353],[9.55208,46.43644],[9.55132,46.43806],[9.55189,46.43933],[9.55185,46.43977],[9.55212,46.44007],[9.55317,46.44053],[9.55293,46.44261],[9.55335,46.44422],[9.55296,46.44569],[9.55225,46.44631]]}},{"type":"Feature","properties":{"id":"nolla-gr","c":"GR","p":"patent","q":"derived","k":"river"},"geometry":{"type":"LineString","coordinates":[[9.37436,46.67915],[9.3771,46.67886],[9.37862,46.67813],[9.37931,46.67805],[9.38316,46.67834],[9.38474,46.67874],[9.38624,46.67855],[9.38732,46.67817],[9.38784,46.67825],[9.38859,46.67869],[9.39066,46.67893],[9.3922,46.67976],[9.39608,46.68078],[9.39778,46.68084],[9.39876,46.68051],[9.40112,46.68118],[9.40214,46.68117],[9.40469,46.68215],[9.40601,46.68384],[9.40763,46.6848],[9.40895,46.68516],[9.41019,46.68595],[9.41321,46.68671],[9.41568,46.68764],[9.4168,46.68782],[9.41722,46.68823],[9.41824,46.68842],[9.4194,46.68835],[9.42027,46.68915],[9.42041,46.68963],[9.42135,46.6902],[9.4219,46.69098],[9.42405,46.69226],[9.4248,46.69221],[9.42576,46.69115],[9.42766,46.69079],[9.42859,46.6911],[9.4294,46.6911],[9.43131,46.69144],[9.43212,46.69198],[9.4344,46.69192],[9.43612,46.69245],[9.43714,46.69246],[9.43992,46.69304],[9.44092,46.6936],[9.44148,46.69423],[9.44303,46.69453]]}},{"type":"Feature","properties":{"id":"schmuer-gr","c":"GR","p":"patent","q":"derived","k":"river"},"geometry":{"type":"MultiLineString","coordinates":[[[9.06541,46.85839],[9.06653,46.85807],[9.06671,46.85779]],[[9.06668,46.85742],[9.06648,46.85683],[9.06735,46.85597],[9.06831,46.85437]],[[9.06941,46.85396],[9.07024,46.85315],[9.07028,46.85268],[9.07085,46.85187],[9.07156,46.85135],[9.0724,46.84973],[9.07315,46.84902],[9.07282,46.84853],[9.07333,46.84786],[9.07342,46.84719],[9.07625,46.84427],[9.07749,46.84344],[9.08113,46.83917],[9.08131,46.83859],[9.08186,46.83797],[9.08582,46.8381],[9.08651,46.83789],[9.08715,46.83727],[9.08784,46.83706],[9.08936,46.83688],[9.0899,46.83708],[9.09039,46.83658],[9.09337,46.83623],[9.09562,46.83545]],[[9.11001,46.82498],[9.11047,46.82347],[9.11128,46.82235],[9.11202,46.82188],[9.11196,46.82139],[9.11133,46.82103],[9.11159,46.82052],[9.11133,46.82013],[9.11051,46.81974],[9.10952,46.81631],[9.10992,46.81555],[9.10975,46.8151],[9.11025,46.8138],[9.11075,46.81342],[9.11059,46.81293],[9.1111,46.81264],[9.11165,46.81184],[9.11191,46.8086],[9.11307,46.80828],[9.11307,46.80751],[9.11359,46.80698],[9.11438,46.80689],[9.11578,46.80593],[9.11663,46.80568],[9.11736,46.8034],[9.11822,46.80264],[9.1185,46.80202],[9.11956,46.80121],[9.11985,46.8004],[9.1208,46.79935],[9.12156,46.79778],[9.12126,46.79657],[9.12197,46.79564],[9.12207,46.79461],[9.12187,46.79409],[9.12213,46.79308],[9.12275,46.79244],[9.1228,46.79138],[9.1232,46.79104],[9.12321,46.79016],[9.12405,46.7891],[9.124,46.78796],[9.12354,46.78761],[9.12371,46.787],[9.12511,46.78584],[9.12515,46.78527],[9.12562,46.78472],[9.12682,46.78413],[9.12655,46.78351],[9.1266,46.78292],[9.12746,46.78238],[9.12786,46.78178],[9.12843,46.78141]],[[9.12849,46.78134],[9.12949,46.78132],[9.13019,46.78189],[9.13185,46.78222],[9.13297,46.78179],[9.13418,46.78193],[9.13647,46.78173],[9.13728,46.78184],[9.13794,46.78166],[9.14036,46.78157],[9.14144,46.78119],[9.14183,46.78047],[9.14238,46.78013],[9.14222,46.7789],[9.14347,46.77751],[9.14321,46.77695],[9.14368,46.77625],[9.14355,46.7754],[9.14401,46.774]]]}},{"type":"Feature","properties":{"id":"ova-chamuera-gr","c":"GR","p":"patent","q":"derived","k":"river"},"geometry":{"type":"LineString","coordinates":[[10.03879,46.48559],[10.03658,46.48479],[10.03574,46.48361],[10.03332,46.48235],[10.03094,46.48246],[10.02701,46.48405],[10.02589,46.4863],[10.02667,46.4886],[10.02612,46.48972],[10.02686,46.49107],[10.02598,46.49296],[10.02622,46.4935],[10.02604,46.49429],[10.02536,46.49546],[10.02559,46.49669],[10.02543,46.49706],[10.02484,46.49757],[10.0243,46.49847],[10.02331,46.49921],[10.02081,46.50011],[10.01963,46.5012],[10.01863,46.50143],[10.01851,46.50216],[10.01782,46.50261],[10.01671,46.50418],[10.01608,46.50427],[10.01536,46.50499],[10.0121,46.50655],[10.01071,46.50765],[10.0094,46.50813],[10.00881,46.50885],[10.00862,46.5095],[10.00717,46.51124],[10.00671,46.51142],[10.00677,46.51192],[10.00597,46.5126],[10.0052,46.51414],[10.00453,46.5145],[10.00366,46.51616],[10.00271,46.51679],[10.00261,46.51732],[10.00192,46.51818],[10.00192,46.5186],[10.00092,46.51883],[10.00121,46.51923],[10.0012,46.51986],[9.99989,46.52058],[9.99839,46.52194],[9.99706,46.52255],[9.99644,46.5232],[9.99551,46.52367],[9.99492,46.52476],[9.99442,46.52486],[9.99424,46.52517],[9.99376,46.52536],[9.99396,46.52585],[9.99336,46.52618],[9.99342,46.52681],[9.99305,46.52752],[9.99158,46.52917],[9.9918,46.53061],[9.9913,46.53136],[9.9915,46.53172],[9.99108,46.53261],[9.9904,46.53334],[9.99065,46.5343],[9.99037,46.535],[9.99081,46.53573],[9.98928,46.53722],[9.98943,46.53872],[9.98866,46.54],[9.98885,46.54067],[9.98814,46.54187],[9.98879,46.54257],[9.9886,46.54333],[9.98689,46.54422],[9.98617,46.54526],[9.98421,46.54599],[9.98319,46.54673],[9.98218,46.547],[9.97924,46.54934],[9.97883,46.54947],[9.97838,46.54926],[9.97795,46.54968],[9.97601,46.55024],[9.97345,46.55086],[9.97267,46.55088],[9.97214,46.5513],[9.9721,46.55189],[9.97151,46.5523],[9.96647,46.55312],[9.9656,46.55312],[9.96378,46.55372],[9.96199,46.55358],[9.96035,46.55393],[9.95966,46.55442],[9.95895,46.55419],[9.95844,46.55426],[9.95805,46.55459],[9.95687,46.55494],[9.95646,46.5556],[9.95469,46.55566],[9.95233,46.55644],[9.94975,46.55695],[9.94917,46.55747],[9.9485,46.55759],[9.94597,46.55911],[9.94396,46.56005],[9.9432,46.56066],[9.9425,46.56161],[9.94159,46.56209],[9.94003,46.56387],[9.9386,46.56465],[9.9381,46.56525],[9.93753,46.56645],[9.93742,46.56742],[9.93607,46.56925],[9.93652,46.57061],[9.93594,46.57154],[9.9349,46.57256],[9.93148,46.5747],[9.92524,46.57793]]}},{"type":"Feature","properties":{"id":"inn-gr","c":"GR","p":"patent","q":"derived","k":"river"},"geometry":{"type":"MultiLineString","coordinates":[[[9.66671,46.41542],[9.66772,46.41597],[9.66897,46.4161],[9.66988,46.41651],[9.67115,46.41747],[9.67215,46.4174]],[[9.67633,46.41679],[9.67711,46.41632],[9.67805,46.41649],[9.67854,46.41626],[9.67974,46.41645],[9.6803,46.41578],[9.68,46.41487],[9.68025,46.41414],[9.68132,46.41386],[9.68292,46.41387],[9.68506,46.41341],[9.68582,46.41304],[9.68619,46.41244],[9.68727,46.41196],[9.68743,46.41114],[9.68775,46.41083],[9.68925,46.40995],[9.68954,46.40932],[9.68922,46.40837],[9.68969,46.40782],[9.68966,46.40749],[9.69021,46.40722],[9.6917,46.40694],[9.69274,46.40753],[9.69286,46.40796],[9.69544,46.40848],[9.69637,46.40851],[9.69709,46.40766],[9.69727,46.40709],[9.69809,46.40698],[9.69815,46.40668],[9.6989,46.40651],[9.7001,46.40679],[9.70283,46.40819],[9.70386,46.40825]],[[9.75503,46.43494],[9.75706,46.43596],[9.75821,46.4362]],[[9.76319,46.43768],[9.77437,46.44216]],[[9.81314,46.47175],[9.81664,46.47397],[9.8162,46.47492],[9.81663,46.47557],[9.81769,46.47598],[9.8204,46.47659],[9.82228,46.4776],[9.82421,46.47831],[9.82857,46.48081],[9.82918,46.48151],[9.8303,46.48201],[9.8314,46.48343],[9.8339,46.48461],[9.83627,46.48757],[9.83841,46.48945]],[[9.84836,46.49814],[9.84987,46.49967],[9.85049,46.49985],[9.85204,46.50102],[9.85246,46.5016],[9.85341,46.50214],[9.85612,46.50501],[9.85664,46.50519],[9.8575,46.50598],[9.86271,46.5088],[9.8637,46.50976],[9.8638,46.51064],[9.86352,46.51114],[9.86381,46.51243],[9.86305,46.51345],[9.86366,46.51397],[9.86561,46.51501],[9.86581,46.5161],[9.86496,46.51705],[9.86328,46.51751],[9.86304,46.5181],[9.86214,46.51894],[9.86197,46.52069],[9.8633,46.52308],[9.8656,46.52485],[9.86711,46.52736],[9.86832,46.52889],[9.87036,46.53045],[9.87444,46.53226],[9.87969,46.53568],[9.88054,46.53605],[9.88216,46.53633],[9.88354,46.53757],[9.88398,46.53829],[9.88845,46.54213],[9.89763,46.54539],[9.89944,46.54635],[9.89988,46.54715],[9.90092,46.55546],[9.9014,46.5564],[9.90698,46.56138],[9.90823,46.56287],[9.90957,46.56501],[9.91045,46.56588],[9.92396,46.57675],[9.92777,46.58115],[9.92968,46.58275],[9.93145,46.58373],[9.93508,46.58449],[9.94017,46.58475],[9.94191,46.58541],[9.94397,46.58735],[9.94521,46.58808],[9.94699,46.59011],[9.94828,46.59113],[9.96205,46.59631],[9.96331,46.59751],[9.96461,46.5999],[9.96502,46.60024],[9.9675,46.60109],[9.97131,46.60167],[9.97316,46.60225],[9.97453,46.60351],[9.9754,46.6048],[9.97616,46.60546],[9.97712,46.60842],[9.97849,46.60977],[9.98092,46.60976],[9.98318,46.61013],[9.9864,46.61178],[9.99007,46.61309],[9.99139,46.6142],[9.99431,46.6146],[9.99469,46.61481],[9.99483,46.61531],[9.99451,46.61735],[9.99485,46.61766],[9.99584,46.61786],[9.997,46.61769],[9.99877,46.61662],[10.00017,46.61626],[10.00418,46.61755],[10.00438,46.61782],[10.00369,46.61864],[10.00419,46.61897],[10.00533,46.61929],[10.00579,46.61972],[10.00549,46.62057],[10.00636,46.62107],[10.00717,46.62321],[10.00818,46.62411],[10.00824,46.62472],[10.00761,46.62557],[10.00845,46.62712],[10.01018,46.6282],[10.01165,46.62831],[10.01238,46.62881],[10.01399,46.62945],[10.01474,46.63035],[10.0154,46.63172],[10.01731,46.63292],[10.01876,46.63471],[10.01997,46.63533],[10.02285,46.63631],[10.02558,46.63568],[10.02636,46.63623],[10.02717,46.63718],[10.02729,46.6381],[10.02552,46.63909],[10.02517,46.63962],[10.02606,46.64066],[10.02612,46.64196],[10.02562,46.64299],[10.02568,46.64499],[10.0254,46.64558],[10.02653,46.64695],[10.02769,46.64761],[10.0284,46.64837],[10.02964,46.64883],[10.03064,46.64952],[10.03102,46.65044],[10.03275,46.65162],[10.0336,46.65161],[10.03508,46.65198],[10.03705,46.65288],[10.03785,46.65416],[10.03817,46.65559],[10.03985,46.65588],[10.04055,46.6571],[10.0417,46.65747],[10.04348,46.65862],[10.04382,46.66007],[10.04422,46.66056],[10.0455,46.66119],[10.04593,46.66213],[10.04603,46.66308],[10.04648,46.66367],[10.04822,46.66512],[10.04975,46.66528],[10.05114,46.66606],[10.05255,46.66828],[10.05391,46.66871],[10.05523,46.66866],[10.05673,46.67071],[10.05896,46.67099],[10.05925,46.67142],[10.05934,46.67237],[10.06021,46.67326],[10.0625,46.67408],[10.06434,46.67527],[10.06465,46.67653],[10.06515,46.67739],[10.06548,46.67748],[10.06702,46.67711],[10.06838,46.67773],[10.07004,46.67785],[10.07074,46.67819],[10.07205,46.67928],[10.07448,46.67979],[10.07661,46.68073],[10.07834,46.68186],[10.07999,46.68403],[10.08121,46.68717],[10.08239,46.68812],[10.08379,46.68892],[10.08434,46.6896],[10.08601,46.69087],[10.08783,46.69271],[10.08854,46.69378],[10.08848,46.69489],[10.08783,46.69582],[10.08491,46.69755],[10.08481,46.69839],[10.08507,46.69893],[10.08565,46.69951],[10.08922,46.70055],[10.09038,46.70113],[10.09282,46.70361],[10.09306,46.70413],[10.09298,46.70476],[10.09266,46.70511],[10.09186,46.70542],[10.09021,46.70554],[10.08953,46.70579],[10.08904,46.7061],[10.08875,46.7066],[10.08878,46.70769],[10.09025,46.70948],[10.09031,46.70983],[10.08979,46.71042],[10.08822,46.7112],[10.08745,46.71185],[10.08729,46.71325],[10.08789,46.71424],[10.0879,46.71493],[10.08722,46.71532],[10.08568,46.71566],[10.083,46.71552],[10.08209,46.7162],[10.08034,46.71662],[10.07949,46.71701],[10.07841,46.71779],[10.07802,46.71911],[10.07728,46.72035],[10.07753,46.72252],[10.07799,46.72337],[10.0786,46.72383],[10.07999,46.72405],[10.08057,46.72457],[10.07946,46.72778],[10.07964,46.73055],[10.07902,46.73269],[10.07901,46.73544],[10.07962,46.73668],[10.08002,46.73858],[10.08072,46.73969],[10.08126,46.74184],[10.08245,46.74312],[10.08334,46.74375],[10.08395,46.74469],[10.08365,46.74509],[10.08057,46.74616],[10.07962,46.74705],[10.07945,46.74786],[10.07995,46.74838],[10.08009,46.7495],[10.08176,46.75161],[10.0818,46.75346],[10.08218,46.75415],[10.08263,46.75455],[10.08487,46.75487],[10.08649,46.75594],[10.08939,46.75646],[10.08984,46.75733],[10.08949,46.75878],[10.09013,46.75965],[10.09093,46.75998],[10.09276,46.76018],[10.09509,46.7611],[10.09748,46.76282],[10.09901,46.76345],[10.10087,46.76347],[10.1043,46.76306],[10.10615,46.76239],[10.10708,46.76163],[10.10755,46.76159],[10.10902,46.76254],[10.11026,46.76307],[10.1108,46.76401],[10.11118,46.76571],[10.11463,46.76853],[10.11558,46.76858],[10.11783,46.76771],[10.11913,46.76768],[10.11967,46.76787],[10.12018,46.76838],[10.12098,46.76999],[10.12196,46.77015],[10.12262,46.77002],[10.12467,46.76896],[10.12664,46.76863],[10.12704,46.76879],[10.12851,46.7704],[10.12972,46.77085],[10.13269,46.77132],[10.1353,46.77092],[10.13898,46.77009],[10.13991,46.76961],[10.14125,46.76842],[10.14183,46.76819],[10.14414,46.76804],[10.1462,46.76908],[10.14718,46.76917],[10.14903,46.76875],[10.15069,46.76765],[10.1525,46.76747],[10.15381,46.76763],[10.15519,46.76745],[10.15663,46.76795],[10.157,46.76838],[10.15736,46.76982],[10.15784,46.77031],[10.159,46.77082],[10.16089,46.77134],[10.16218,46.77112],[10.16437,46.76994],[10.16515,46.76976],[10.16701,46.76991],[10.17108,46.76969],[10.17206,46.76992],[10.17327,46.77079],[10.17629,46.77086],[10.17916,46.77159],[10.18084,46.77138],[10.18182,46.77155],[10.18361,46.77082],[10.18613,46.77036],[10.18745,46.76961],[10.18888,46.76977],[10.19039,46.76971],[10.19257,46.76925],[10.19332,46.76923],[10.19566,46.76996],[10.19755,46.77008],[10.19891,46.77002],[10.2012,46.76915],[10.20344,46.76925],[10.20728,46.76995],[10.20965,46.77012],[10.2127,46.7702],[10.21511,46.76986],[10.21846,46.77114],[10.21907,46.77207],[10.22074,46.77361],[10.22149,46.77412],[10.22308,46.77436],[10.22505,46.77619],[10.22569,46.77649],[10.22656,46.77652],[10.22877,46.7758],[10.23006,46.77552],[10.23092,46.77554],[10.23237,46.77601],[10.23652,46.77639],[10.23796,46.7767],[10.23873,46.77717],[10.23953,46.77837],[10.24003,46.77858],[10.2413,46.77865],[10.24368,46.77828],[10.24599,46.77847],[10.24797,46.77974],[10.24838,46.78133],[10.25067,46.78284],[10.2517,46.78391],[10.25231,46.78405],[10.2546,46.78344],[10.25566,46.78369],[10.25643,46.78418],[10.25693,46.78501],[10.25831,46.78559],[10.26237,46.786],[10.26553,46.78721],[10.2691,46.78712],[10.26998,46.78755],[10.27121,46.78857],[10.27206,46.78893],[10.27331,46.789],[10.27516,46.78876],[10.27639,46.78899],[10.27876,46.78897],[10.28156,46.7894],[10.28342,46.78904],[10.28503,46.78846],[10.28655,46.78826],[10.28783,46.78868],[10.2892,46.79001],[10.29014,46.79009],[10.2911,46.78969],[10.29214,46.78951],[10.29335,46.78954],[10.29401,46.78987],[10.29483,46.79095],[10.29581,46.79338],[10.2965,46.79389],[10.29712,46.79408],[10.29819,46.7941],[10.2991,46.79381],[10.30027,46.79224],[10.30155,46.79171],[10.30253,46.79177],[10.30564,46.79257],[10.3071,46.79335],[10.30847,46.79322],[10.30942,46.79366],[10.31007,46.79429],[10.31113,46.79612],[10.31152,46.79762]],[[10.31152,46.79762],[10.31323,46.79772],[10.31542,46.79807],[10.3159,46.79829]],[[10.31152,46.79762],[10.31211,46.79826],[10.313,46.79858],[10.31368,46.79862],[10.3159,46.79829]],[[10.3159,46.79829],[10.31779,46.79871],[10.31893,46.79934]],[[10.32902,46.80484],[10.33066,46.80593],[10.33192,46.80627],[10.33301,46.80613],[10.33737,46.80437],[10.34262,46.80559],[10.34358,46.80625],[10.34416,46.80836],[10.34506,46.8094],[10.34692,46.80988],[10.34842,46.81048],[10.35281,46.81155],[10.35636,46.8133],[10.36042,46.8133],[10.36179,46.8137],[10.36215,46.81428],[10.36206,46.81481],[10.36065,46.81559],[10.36036,46.81613],[10.36049,46.81679],[10.36235,46.81775],[10.36459,46.81842],[10.36858,46.82044],[10.37061,46.82221],[10.37255,46.82349],[10.37604,46.82499],[10.37814,46.82714],[10.37903,46.82763],[10.37973,46.8277],[10.38038,46.8275],[10.38236,46.82534],[10.38298,46.8252],[10.38367,46.82531],[10.38635,46.82634],[10.39194,46.82904],[10.39439,46.83074],[10.39824,46.83169],[10.39966,46.83175],[10.40176,46.8322],[10.40354,46.83311],[10.406,46.83494],[10.40967,46.83573],[10.41268,46.83575],[10.41411,46.83617],[10.41529,46.83681],[10.41609,46.83769],[10.41559,46.83939],[10.41586,46.84],[10.41706,46.84089],[10.41734,46.84138],[10.41912,46.84281],[10.42033,46.84431],[10.42268,46.84631],[10.42309,46.8476],[10.42314,46.85077],[10.42338,46.85132],[10.42418,46.85191],[10.42452,46.85308],[10.42384,46.85537],[10.42412,46.8563],[10.42405,46.85752],[10.42458,46.85858],[10.4262,46.85927],[10.43025,46.8594],[10.4309,46.85956],[10.43326,46.86105],[10.43574,46.86173],[10.43771,46.86293],[10.43945,46.86366],[10.44066,46.8648],[10.44397,46.86719],[10.44466,46.86792],[10.44531,46.86993],[10.44597,46.87044],[10.44781,46.87126],[10.44985,46.8717],[10.45143,46.87171],[10.45644,46.87335],[10.4584,46.87555],[10.45898,46.87651],[10.45949,46.87902],[10.46143,46.88176],[10.46195,46.88238],[10.46326,46.88309],[10.4644,46.88405],[10.46912,46.88918]],[[10.47924,46.91097],[10.48226,46.91198],[10.48344,46.91257],[10.48414,46.91356],[10.48579,46.91484]]]}},{"type":"Feature","properties":{"id":"clemgia-gr","c":"GR","p":"patent","q":"derived","k":"river"},"geometry":{"type":"MultiLineString","coordinates":[[[10.39086,46.64553],[10.38952,46.64508],[10.38826,46.64499],[10.38565,46.64649],[10.38459,46.64754],[10.38335,46.64821],[10.38219,46.64859],[10.3815,46.6491],[10.38085,46.64914],[10.38013,46.64945],[10.37935,46.64997],[10.37892,46.65055],[10.37509,46.65052],[10.37154,46.65011],[10.37017,46.65072],[10.3678,46.65107],[10.36656,46.65161],[10.36623,46.65218],[10.36638,46.65333],[10.36585,46.65369],[10.3658,46.65414],[10.36547,46.65435],[10.36562,46.65459],[10.36428,46.65511],[10.36333,46.65619],[10.36315,46.65681],[10.36187,46.65735],[10.36078,46.65815],[10.35958,46.65818],[10.3589,46.65859],[10.35907,46.65886],[10.35869,46.6591],[10.35894,46.65919],[10.35795,46.65962],[10.35786,46.65992],[10.35724,46.66024],[10.35637,46.6612],[10.35635,46.66146],[10.35569,46.6619],[10.35537,46.66253],[10.35465,46.66291],[10.3546,46.66337],[10.35407,46.66373],[10.3542,46.66419],[10.35301,46.66587],[10.35173,46.66681],[10.35112,46.66688],[10.35115,46.668],[10.35067,46.66856],[10.35096,46.66963],[10.35043,46.66974],[10.35061,46.6702],[10.34993,46.67047],[10.35064,46.67094],[10.35048,46.67152],[10.35084,46.67168],[10.3509,46.67192],[10.35058,46.67239],[10.35089,46.67252],[10.3507,46.67285],[10.35117,46.67311],[10.35134,46.67394],[10.35175,46.67403],[10.35162,46.67424],[10.35294,46.6747],[10.35286,46.67513],[10.35339,46.67579],[10.35541,46.67662],[10.35622,46.6777],[10.35626,46.67886],[10.3568,46.67906],[10.35676,46.68031],[10.35748,46.68099],[10.35909,46.68189],[10.35867,46.68283],[10.35886,46.68308],[10.35874,46.68329],[10.35903,46.68357],[10.35914,46.6842],[10.35972,46.6846],[10.35986,46.68561],[10.36051,46.68594],[10.36036,46.68649],[10.36073,46.68726],[10.36028,46.68853],[10.36047,46.68999],[10.36076,46.69041],[10.36024,46.69143],[10.36039,46.69233],[10.35966,46.69345],[10.35976,46.69397],[10.35951,46.69454],[10.35983,46.69482],[10.35991,46.6953],[10.35943,46.69601],[10.35978,46.69749],[10.35879,46.69828],[10.35855,46.69882],[10.35764,46.6994],[10.3568,46.69944],[10.35626,46.70002],[10.3562,46.70049],[10.35561,46.70102],[10.35541,46.70166],[10.35446,46.70193],[10.3543,46.70232],[10.3529,46.70308],[10.35296,46.70384],[10.35081,46.70653],[10.34971,46.70742],[10.34929,46.70756],[10.34893,46.70806],[10.34691,46.70852],[10.34671,46.70944],[10.34573,46.71028],[10.34539,46.71031],[10.34437,46.71116],[10.34305,46.71196],[10.34218,46.71221],[10.34054,46.71333],[10.33549,46.71489],[10.33295,46.71506],[10.33216,46.71494],[10.32979,46.71569],[10.32896,46.71565],[10.32847,46.71601],[10.32772,46.71604],[10.32689,46.71679],[10.32589,46.71708],[10.32513,46.71819],[10.32427,46.71854],[10.3233,46.71928],[10.31973,46.72092],[10.31915,46.721],[10.31874,46.72082],[10.31814,46.7212],[10.31642,46.72161],[10.31566,46.72258],[10.31492,46.72291],[10.31483,46.72341],[10.31249,46.72426],[10.31182,46.72532],[10.31113,46.72565],[10.30889,46.7262],[10.30802,46.7268],[10.30744,46.72684],[10.3071,46.72706],[10.30586,46.72688],[10.30501,46.72722],[10.30473,46.72783],[10.30564,46.72947],[10.30536,46.72986],[10.30524,46.73218],[10.30492,46.73253],[10.30498,46.73433],[10.30454,46.73494],[10.30485,46.73536],[10.30428,46.73605],[10.30462,46.73671],[10.30437,46.73743],[10.30457,46.73811],[10.3042,46.73905],[10.30442,46.73938],[10.3044,46.74037],[10.30279,46.74189],[10.30277,46.74368],[10.30238,46.74476],[10.30275,46.74538],[10.30256,46.7475],[10.30229,46.74892],[10.30185,46.74977],[10.30192,46.75073],[10.30067,46.75291],[10.30076,46.7534],[10.30034,46.75384],[10.29988,46.75566],[10.30015,46.75622],[10.29897,46.75698],[10.29841,46.75765],[10.29835,46.75818],[10.29762,46.75872],[10.29712,46.7596],[10.29742,46.76045],[10.29716,46.76104],[10.29767,46.76187],[10.29762,46.76205],[10.29679,46.76237],[10.29645,46.76366],[10.29676,46.76468],[10.29611,46.76532],[10.29669,46.76587],[10.29649,46.76722],[10.29605,46.76757],[10.29308,46.76803],[10.29242,46.76962],[10.29289,46.77007],[10.29278,46.77044],[10.29386,46.77201],[10.29359,46.77227],[10.29372,46.77297],[10.29505,46.77421],[10.29621,46.77493],[10.29613,46.77565],[10.29535,46.77683],[10.29582,46.77733],[10.29647,46.77747],[10.29632,46.77775],[10.29585,46.77787],[10.29585,46.77865],[10.29729,46.77937],[10.29627,46.77997],[10.29622,46.78032],[10.29654,46.78043],[10.29665,46.78073],[10.29615,46.78266],[10.29619,46.78335],[10.29565,46.78402],[10.29676,46.78539],[10.2964,46.78666],[10.29676,46.78705],[10.29639,46.78758],[10.29704,46.78876],[10.29676,46.78903],[10.29607,46.78912],[10.29576,46.78949],[10.29475,46.78943],[10.29418,46.78973]],[[10.39204,46.64526],[10.39168,46.64552],[10.39118,46.64554]],[[10.39625,46.64537],[10.39486,46.64481],[10.39341,46.64494]]]}},{"type":"Feature","properties":{"id":"ova-da-bernina-gr","c":"GR","p":"patent","q":"derived","k":"river"},"geometry":{"type":"MultiLineString","coordinates":[[[9.92624,46.46846],[9.92549,46.4701],[9.92506,46.47251],[9.92235,46.47484],[9.92254,46.47548],[9.92233,46.47612],[9.92033,46.47688],[9.91856,46.47894],[9.91577,46.48013],[9.91391,46.48201],[9.91294,46.48267],[9.91188,46.48306],[9.91021,46.48406],[9.90901,46.48413],[9.90785,46.48452],[9.90746,46.48526],[9.90651,46.4861],[9.90613,46.48722],[9.9053,46.48773],[9.90313,46.48988],[9.90158,46.49088],[9.90019,46.49247]],[[10.00355,46.41927],[10.00258,46.41967],[10.00203,46.42017],[10.00215,46.42141],[10.00188,46.42185],[10.0006,46.42237],[10.00009,46.423],[9.99918,46.42324],[9.9987,46.42419],[9.99756,46.42526],[9.99768,46.42633],[9.99732,46.42657],[9.99719,46.42725],[9.9979,46.42907],[9.99706,46.43116],[9.99744,46.43234],[9.99697,46.43242],[9.99597,46.43209],[9.99484,46.43267],[9.99476,46.43331],[9.994,46.43378],[9.99069,46.43452],[9.99018,46.43529],[9.98849,46.43692],[9.98688,46.43738],[9.98592,46.43953],[9.98563,46.44115],[9.98435,46.44169],[9.98299,46.44317],[9.98241,46.44418],[9.98119,46.44429],[9.98012,46.44341],[9.97904,46.44356],[9.97882,46.44341],[9.97802,46.44338],[9.97588,46.44357],[9.97472,46.44398],[9.97399,46.44472],[9.97252,46.44508],[9.9712,46.44608],[9.97019,46.44621],[9.96888,46.44609],[9.9678,46.44627],[9.96656,46.44597],[9.96536,46.44605],[9.96111,46.44768],[9.95941,46.44791],[9.95888,46.44779],[9.95776,46.44827],[9.95417,46.45024],[9.95267,46.45181],[9.95183,46.45237],[9.94771,46.45207],[9.94695,46.45181],[9.94523,46.45262],[9.94398,46.45226],[9.94309,46.4523],[9.94248,46.45209],[9.94193,46.45237],[9.94098,46.45223],[9.94044,46.45296],[9.93936,46.45384],[9.93743,46.45503],[9.9366,46.45525],[9.93595,46.45655],[9.93455,46.45765],[9.93301,46.45842],[9.93176,46.45975]],[[10.00558,46.41746],[10.00503,46.41838],[10.0044,46.41858]]]}},{"type":"Feature","properties":{"id":"val-fraissen-bach-gr","c":"GR","p":"patent","q":"derived","k":"river"},"geometry":{"type":"MultiLineString","coordinates":[[[9.23163,46.81997],[9.23432,46.81889],[9.23445,46.81779],[9.23488,46.8174],[9.23531,46.81565],[9.23581,46.81508],[9.23708,46.81474],[9.23785,46.81403],[9.23799,46.81374],[9.23758,46.81319],[9.24069,46.81299],[9.24384,46.81078],[9.24525,46.81063],[9.24607,46.81073],[9.24741,46.81022],[9.24813,46.81015],[9.24925,46.81049],[9.2518,46.81063],[9.25293,46.81018],[9.25356,46.81024],[9.25553,46.80949],[9.25726,46.8095],[9.25772,46.80883]],[[9.25712,46.8067],[9.25786,46.80611],[9.25853,46.80588],[9.25875,46.8042],[9.26081,46.80372],[9.26152,46.80341],[9.26175,46.80298]]]}},{"type":"Feature","properties":{"id":"ova-da-roseg-gr","c":"GR","p":"patent","q":"derived","k":"river"},"geometry":{"type":"MultiLineString","coordinates":[[[9.85326,46.40736],[9.85334,46.40798],[9.85402,46.40851],[9.85348,46.40946],[9.85333,46.41075],[9.85459,46.41152],[9.85469,46.41262],[9.8553,46.41303],[9.85557,46.41386],[9.85649,46.41413],[9.85659,46.41638],[9.8575,46.41746],[9.85742,46.4184],[9.85851,46.41942],[9.85831,46.42048]],[[9.85831,46.42048],[9.85943,46.42068],[9.85985,46.42144],[9.86059,46.42147],[9.86138,46.42179],[9.86229,46.42246],[9.863,46.42348],[9.8632,46.42485],[9.86285,46.42546],[9.86309,46.42647],[9.86267,46.42695],[9.86299,46.42798],[9.86236,46.42878],[9.86215,46.42981],[9.86229,46.43027]],[[9.85831,46.42048],[9.85844,46.42175],[9.85955,46.42307],[9.85944,46.42434],[9.86012,46.42514],[9.85997,46.42624],[9.8602,46.42731],[9.86114,46.42863],[9.86092,46.42925],[9.8617,46.43016],[9.86229,46.43027]],[[9.86229,46.43027],[9.86277,46.43045],[9.86385,46.43182],[9.86501,46.43273],[9.86485,46.43325],[9.86514,46.43381],[9.86696,46.43467],[9.86723,46.43518],[9.86686,46.43576],[9.867,46.43622],[9.86842,46.43688]],[[9.8685,46.4369],[9.86965,46.43755]],[[9.86966,46.43764],[9.87037,46.43855],[9.87103,46.43869],[9.87381,46.44431],[9.87387,46.44572],[9.87471,46.44729],[9.87601,46.44848],[9.87632,46.44993],[9.87585,46.45116],[9.87611,46.45249],[9.87665,46.45325],[9.87648,46.45409],[9.87665,46.45455],[9.87798,46.45608],[9.87952,46.45642],[9.88048,46.45689],[9.88086,46.458],[9.88165,46.45902],[9.88264,46.45939],[9.88336,46.45996],[9.88361,46.46185],[9.88401,46.46222],[9.88432,46.46346],[9.88501,46.46432],[9.88496,46.46538],[9.88569,46.46642],[9.88535,46.4677],[9.88489,46.46814],[9.88484,46.46852],[9.88519,46.46893],[9.88583,46.46918],[9.88631,46.4699],[9.88599,46.47192],[9.88734,46.47289],[9.88758,46.47341],[9.88897,46.47402],[9.88899,46.47484],[9.88958,46.47564],[9.88966,46.47642],[9.89056,46.47735],[9.89088,46.47824],[9.89193,46.47909],[9.89218,46.48002],[9.89262,46.48055],[9.8952,46.48236],[9.89585,46.48355],[9.89773,46.48409],[9.89781,46.48455],[9.89736,46.4853],[9.89728,46.4861],[9.89801,46.48709],[9.89778,46.49188],[9.8983,46.49242],[9.8998,46.49226],[9.90019,46.49247]]]}},{"type":"Feature","properties":{"id":"ova-dal-fuorn-gr","c":"GR","p":"patent","q":"derived","k":"river"},"geometry":{"type":"LineString","coordinates":[[10.27534,46.68502],[10.27484,46.68444],[10.27396,46.68409],[10.273,46.68287],[10.27341,46.68235],[10.27355,46.68147],[10.27261,46.67967],[10.27314,46.67857],[10.2731,46.67794],[10.27518,46.67636],[10.27533,46.67559],[10.27606,46.67524],[10.27646,46.67467],[10.27914,46.6738],[10.28011,46.67377],[10.28109,46.67352],[10.28352,46.67205],[10.28359,46.67058],[10.28518,46.66924],[10.28487,46.66822],[10.2851,46.66765],[10.28607,46.66677],[10.28631,46.66558],[10.28686,46.66475],[10.28656,46.66421],[10.2867,46.66368],[10.28612,46.66227],[10.28603,46.66093],[10.2856,46.65996],[10.28574,46.65936],[10.28551,46.65873],[10.28446,46.65804],[10.28393,46.65723],[10.28396,46.65681],[10.28288,46.65572],[10.28207,46.65534],[10.27912,46.65296],[10.27727,46.65218],[10.27563,46.64943],[10.27598,46.64866],[10.27484,46.64818],[10.27283,46.64807],[10.27141,46.64763],[10.2692,46.6474],[10.26859,46.64716],[10.26603,46.64761],[10.26541,46.64784],[10.26527,46.64833],[10.26468,46.64887],[10.26412,46.64908],[10.26378,46.64952],[10.2609,46.6508],[10.25776,46.65137],[10.25592,46.65242],[10.25524,46.65272],[10.25465,46.65277],[10.25329,46.65342],[10.25011,46.65348],[10.24865,46.65381],[10.24821,46.65439],[10.24816,46.65515],[10.2467,46.65587],[10.24621,46.65587],[10.24532,46.65626],[10.24474,46.65619],[10.2431,46.65677],[10.23932,46.65757],[10.23855,46.65793],[10.23728,46.65791],[10.23599,46.65842],[10.23389,46.65887],[10.23271,46.65942],[10.23183,46.65943],[10.23056,46.66017],[10.22797,46.66056],[10.22596,46.66028],[10.2238,46.66034],[10.22138,46.66152],[10.22041,46.66146],[10.21992,46.66232],[10.21844,46.66281],[10.21738,46.66282],[10.21645,46.66248],[10.21552,46.66251],[10.21416,46.66317],[10.21302,46.66315],[10.21133,46.66382],[10.21014,46.66407],[10.20845,46.66401],[10.20794,46.66422],[10.20741,46.66405],[10.20464,46.66409],[10.20404,46.66396],[10.20246,46.66416],[10.20128,46.6635],[10.2006,46.6634],[10.19933,46.66154],[10.19713,46.66149],[10.19659,46.66076],[10.19668,46.6602],[10.19602,46.65981],[10.1954,46.65897],[10.19252,46.65684],[10.19156,46.65688],[10.19085,46.65604],[10.19032,46.65597],[10.18991,46.65521],[10.18992,46.65467],[10.18923,46.65422],[10.18882,46.65339],[10.18652,46.65245],[10.18516,46.65275],[10.18367,46.65239],[10.18217,46.65249],[10.18084,46.65231],[10.17962,46.65243],[10.17908,46.65276],[10.17764,46.65288],[10.1772,46.65392],[10.17557,46.65526],[10.17467,46.65518],[10.174,46.65589],[10.17333,46.65603],[10.17246,46.6568],[10.17085,46.65732],[10.16866,46.65834]]}},{"type":"Feature","properties":{"id":"riale-di-march-gr","c":"GR","p":"patent","q":"derived","k":"river"},"geometry":{"type":"LineString","coordinates":[[9.13196,46.19266],[9.13199,46.1936],[9.1313,46.19442],[9.13005,46.19757],[9.13065,46.19855],[9.13262,46.20009],[9.13297,46.20125],[9.13292,46.20216],[9.13195,46.2036],[9.132,46.20438],[9.13168,46.20523],[9.13183,46.20623],[9.13122,46.20719],[9.13217,46.20841],[9.13207,46.20913],[9.13314,46.21219],[9.13248,46.21307],[9.13293,46.21353],[9.13279,46.21462],[9.13337,46.21543],[9.13425,46.21603],[9.13532,46.21643],[9.13547,46.21693],[9.13681,46.21761],[9.13802,46.21778],[9.13818,46.21885],[9.13747,46.21943],[9.13751,46.22005],[9.1383,46.22039],[9.13899,46.2211],[9.13861,46.22157],[9.13903,46.22194],[9.13928,46.22262],[9.13928,46.22347]]}},{"type":"Feature","properties":{"id":"riale-albionasca-gr","c":"GR","p":"patent","q":"derived","k":"river"},"geometry":{"type":"LineString","coordinates":[[9.15804,46.17911],[9.15528,46.18124],[9.1534,46.18107],[9.15231,46.18176],[9.15085,46.18337],[9.15114,46.18392],[9.15091,46.18448],[9.15112,46.18511],[9.1505,46.18598],[9.15045,46.18724],[9.15077,46.18853],[9.15062,46.18986],[9.15117,46.19199],[9.151,46.19339],[9.15148,46.19494],[9.15095,46.19625],[9.15186,46.19839],[9.15222,46.20138],[9.15274,46.20205],[9.15246,46.20312],[9.15347,46.20458],[9.15357,46.20518],[9.15466,46.20616],[9.15639,46.20713],[9.15689,46.20777],[9.1569,46.20837],[9.15761,46.20865],[9.15815,46.20975],[9.15915,46.20978],[9.16006,46.21008]]}},{"type":"Feature","properties":{"id":"riale-di-buseno-gr","c":"GR","p":"patent","q":"derived","k":"river"},"geometry":{"type":"LineString","coordinates":[[9.06315,46.28356],[9.06421,46.28327],[9.0647,46.28292],[9.06637,46.28068],[9.06718,46.28042],[9.06847,46.28059],[9.06911,46.281],[9.06952,46.28177],[9.07046,46.28254],[9.07173,46.28282],[9.07252,46.28393],[9.07363,46.28397],[9.07323,46.28516],[9.07347,46.28568],[9.07398,46.28631],[9.07542,46.28679],[9.07574,46.2872],[9.0767,46.28722],[9.07706,46.28705],[9.07777,46.28715],[9.07941,46.28633],[9.08006,46.28619],[9.08261,46.28644],[9.0836,46.28555],[9.08601,46.28473],[9.08741,46.2849],[9.08852,46.28459],[9.08919,46.28413],[9.09039,46.28383],[9.09153,46.28233],[9.09207,46.28077],[9.09277,46.28043],[9.09289,46.27966],[9.09253,46.27924],[9.09263,46.27876],[9.09354,46.27802],[9.09367,46.2776],[9.09457,46.27702],[9.09462,46.27654],[9.09635,46.27628],[9.09865,46.27524],[9.09913,46.27495],[9.09939,46.27438],[9.10121,46.27433],[9.1022,46.2736],[9.10321,46.2733],[9.10432,46.27236],[9.1049,46.27248],[9.10551,46.27238],[9.10891,46.27157]]}},{"type":"Feature","properties":{"id":"riale-grono-gr","c":"GR","p":"patent","q":"derived","k":"river"},"geometry":{"type":"LineString","coordinates":[[9.20688,46.21691],[9.20673,46.21758],[9.20601,46.21866],[9.20617,46.21901],[9.20408,46.22045],[9.20336,46.22152],[9.20227,46.22254],[9.20231,46.22357],[9.20191,46.22454],[9.19954,46.22585],[9.19901,46.22585],[9.19734,46.22779],[9.19491,46.22866],[9.19358,46.22879],[9.19253,46.22917],[9.19163,46.22992],[9.19043,46.23055],[9.18863,46.23028],[9.18724,46.23108],[9.18621,46.2313],[9.18507,46.23122],[9.18437,46.23162],[9.18277,46.23201],[9.18097,46.23166],[9.18016,46.23194],[9.17856,46.23199],[9.17717,46.23264],[9.17637,46.23261],[9.17581,46.23316],[9.17299,46.2342],[9.17064,46.23568],[9.16872,46.2365],[9.16782,46.23665],[9.16652,46.23742],[9.16544,46.23777],[9.16488,46.23853],[9.16413,46.23884],[9.16375,46.2393],[9.16124,46.23993],[9.16012,46.24001],[9.16004,46.24059],[9.15906,46.24092],[9.15907,46.24114],[9.15771,46.2422],[9.15728,46.2433],[9.15713,46.2452],[9.1562,46.2468]]}},{"type":"Feature","properties":{"id":"ria-de-val-leggia-gr","c":"GR","p":"patent","q":"derived","k":"river"},"geometry":{"type":"LineString","coordinates":[[9.20615,46.24478],[9.20398,46.24603],[9.2026,46.24594],[9.20207,46.2466],[9.20145,46.2464],[9.20081,46.24645],[9.19948,46.24803],[9.19866,46.24809],[9.19725,46.24853],[9.19668,46.24887],[9.19613,46.2497],[9.19465,46.25053],[9.19378,46.25056],[9.19202,46.24985],[9.18964,46.24993],[9.18779,46.24916],[9.18655,46.24919],[9.18384,46.24854],[9.18063,46.24847],[9.1796,46.24801],[9.17837,46.24777],[9.17753,46.24829],[9.17546,46.24891],[9.17442,46.24873],[9.17379,46.24823],[9.17265,46.24864],[9.17153,46.24864],[9.17074,46.24904],[9.17028,46.2496],[9.16978,46.24956],[9.16957,46.24931],[9.16845,46.24918],[9.16758,46.24955],[9.16656,46.24962],[9.16018,46.25256]]}},{"type":"Feature","properties":{"id":"ria-de-val-cama-gr","c":"GR","p":"patent","q":"derived","k":"river"},"geometry":{"type":"MultiLineString","coordinates":[[[9.22429,46.25831],[9.22414,46.25873],[9.21913,46.26286],[9.21837,46.26399],[9.21785,46.26398],[9.21716,46.2637],[9.21553,46.26376],[9.21453,46.26356],[9.21399,46.26398],[9.21312,46.26405],[9.21205,46.26461],[9.2111,46.26466],[9.2104,46.26526],[9.20905,46.2657],[9.2079,46.26583],[9.20726,46.26616],[9.20499,46.26596],[9.2031,46.26521],[9.20215,46.26518],[9.20115,46.26555],[9.20036,46.26548],[9.19876,46.26568],[9.19709,46.2663],[9.19629,46.26616],[9.19591,46.26629],[9.19481,46.26606],[9.19439,46.26638],[9.19297,46.26671],[9.19035,46.26633],[9.18969,46.2659],[9.18882,46.26591],[9.18781,46.26515],[9.18673,46.26484],[9.18662,46.26422],[9.18584,46.26424],[9.18494,46.26397],[9.18328,46.26431],[9.18251,46.26406],[9.18125,46.2645],[9.17977,46.26472],[9.17925,46.2653],[9.17817,46.26545],[9.17709,46.26627],[9.17652,46.26625],[9.1754,46.26661],[9.17386,46.26634],[9.17279,46.26664],[9.17049,46.26774],[9.16781,46.26771]],[[9.23276,46.2352],[9.23172,46.23674],[9.23189,46.23852],[9.23149,46.23972],[9.23194,46.24097],[9.23283,46.24169],[9.23321,46.24236],[9.23349,46.24393],[9.23419,46.24526],[9.23408,46.24636],[9.23309,46.24789],[9.23297,46.24869],[9.23145,46.24958],[9.23143,46.25107],[9.23165,46.25137],[9.23049,46.25213],[9.23054,46.25247],[9.22992,46.25321]]]}},{"type":"Feature","properties":{"id":"riale-molera-gr","c":"GR","p":"patent","q":"derived","k":"river"},"geometry":{"type":"LineString","coordinates":[[9.15551,46.3108],[9.15674,46.31075],[9.15766,46.31029],[9.1594,46.30993],[9.16052,46.30867],[9.16046,46.30788],[9.16101,46.30595],[9.16184,46.30536],[9.16338,46.30287],[9.16418,46.30218],[9.1647,46.2998],[9.16664,46.29789],[9.16762,46.29727],[9.16835,46.29612],[9.16914,46.29537],[9.17032,46.29497],[9.17164,46.29361],[9.17432,46.29271],[9.17489,46.29299],[9.17683,46.29334],[9.1791,46.29416],[9.18027,46.2941],[9.18097,46.29369]]}},{"type":"Feature","properties":{"id":"ria-de-rode-gr","c":"GR","p":"patent","q":"derived","k":"river"},"geometry":{"type":"LineString","coordinates":[[9.0806,46.33669],[9.08303,46.33674],[9.08485,46.33645],[9.08693,46.33677],[9.08837,46.33729],[9.08987,46.33699],[9.09224,46.33809],[9.09453,46.33801],[9.09531,46.3383],[9.09659,46.33833],[9.09705,46.33851],[9.09836,46.33814],[9.09926,46.33815],[9.10031,46.33871],[9.10294,46.33904],[9.10396,46.33957],[9.10574,46.33974],[9.10651,46.34029],[9.10915,46.34008],[9.11201,46.34182],[9.11379,46.34244],[9.11493,46.34306],[9.11539,46.34308],[9.11565,46.34271],[9.11805,46.34331],[9.11952,46.34301]]}},{"type":"Feature","properties":{"id":"ria-del-frott-gr","c":"GR","p":"patent","q":"derived","k":"river"},"geometry":{"type":"LineString","coordinates":[[9.16682,46.36035],[9.16479,46.36037],[9.16329,46.36009],[9.1617,46.36064],[9.16061,46.3605],[9.15997,46.36017],[9.15823,46.35994],[9.15703,46.35929],[9.15605,46.35905],[9.15397,46.35898],[9.15167,46.35918],[9.15039,46.35894],[9.14903,46.35902],[9.14831,46.35928],[9.14613,46.3609],[9.14414,46.3615],[9.14314,46.36223],[9.14216,46.36199],[9.1415,46.36224],[9.14095,46.36187],[9.13984,46.36264],[9.13859,46.3628],[9.13707,46.36334],[9.13599,46.3635],[9.13463,46.36328],[9.13376,46.36347],[9.13328,46.36404],[9.13212,46.36431],[9.13126,46.36437],[9.12999,46.36416],[9.1288,46.36446]]}},{"type":"Feature","properties":{"id":"ria-di-ri-gr","c":"GR","p":"patent","q":"derived","k":"river"},"geometry":{"type":"LineString","coordinates":[[9.16343,46.37987],[9.16343,46.37961],[9.16249,46.37871],[9.16082,46.37795],[9.15988,46.37779],[9.1545,46.37987],[9.15292,46.38001],[9.15058,46.37969],[9.14985,46.37904],[9.14971,46.37844],[9.14852,46.37817],[9.14762,46.37765],[9.14682,46.37664],[9.14478,46.3757],[9.14214,46.3754],[9.14145,46.37562],[9.1406,46.37552],[9.13997,46.37499],[9.13883,46.37474],[9.13726,46.37473],[9.1327,46.37332],[9.13096,46.3736],[9.12935,46.37332],[9.12804,46.37449],[9.12592,46.37521]]}},{"type":"Feature","properties":{"id":"ria-de-campalesc-gr","c":"GR","p":"patent","q":"derived","k":"river"},"geometry":{"type":"LineString","coordinates":[[9.1687,46.40781],[9.17014,46.40755],[9.17108,46.40773],[9.17253,46.40703],[9.17335,46.40701],[9.17404,46.40664],[9.17449,46.40664],[9.17573,46.40508],[9.17498,46.40449],[9.17506,46.40402],[9.17422,46.40287],[9.17221,46.40184],[9.17,46.40126],[9.16722,46.39985],[9.1654,46.39923],[9.16382,46.39831],[9.16216,46.39862],[9.16143,46.3985],[9.16042,46.39802],[9.15927,46.39834],[9.15871,46.39825],[9.15809,46.39839],[9.1573,46.39811],[9.15528,46.39832],[9.15322,46.39799],[9.15199,46.39827],[9.15135,46.39822],[9.14922,46.39918],[9.14853,46.39921],[9.14807,46.39946],[9.14684,46.39942],[9.14653,46.39965],[9.14526,46.39975],[9.14482,46.39996],[9.14253,46.39975],[9.14191,46.39999],[9.14006,46.40006],[9.13935,46.40026],[9.13776,46.3999],[9.13673,46.40019],[9.13472,46.40118],[9.13278,46.40127]]}},{"type":"Feature","properties":{"id":"riale-groven-gr","c":"GR","p":"patent","q":"derived","k":"river"},"geometry":{"type":"LineString","coordinates":[[9.16357,46.33524],[9.16389,46.33462],[9.16528,46.33429],[9.16588,46.33432],[9.16734,46.33379],[9.16811,46.33302],[9.16981,46.33221],[9.1725,46.33173],[9.1761,46.33072],[9.17892,46.32956],[9.17969,46.32945],[9.18241,46.3285],[9.18388,46.32847],[9.18631,46.32785],[9.18729,46.32702],[9.19034,46.3266],[9.1916,46.32554],[9.19276,46.32538],[9.19378,46.32462],[9.19435,46.32489],[9.19518,46.32466],[9.19553,46.32429],[9.19758,46.32416],[9.19836,46.32445],[9.19929,46.32447],[9.2018,46.32523],[9.20269,46.32477],[9.20317,46.32412],[9.20505,46.32356],[9.20576,46.32229]]}},{"type":"Feature","properties":{"id":"montogna-gr","c":"GR","p":"patent","q":"derived","k":"river"},"geometry":{"type":"LineString","coordinates":[[9.25885,46.29069],[9.25955,46.29157],[9.26026,46.2918],[9.2602,46.29265],[9.26062,46.29284],[9.2614,46.29446],[9.26244,46.2953],[9.26286,46.29707],[9.2635,46.29766],[9.26371,46.29838],[9.26374,46.29916],[9.2635,46.29944],[9.26367,46.30058],[9.26402,46.30098],[9.26375,46.30145],[9.26384,46.30219],[9.26418,46.30237],[9.26406,46.30381],[9.26375,46.30435],[9.26409,46.30494],[9.26355,46.30545],[9.26344,46.30606],[9.2626,46.30671],[9.26253,46.30756],[9.26278,46.30801],[9.26242,46.30865],[9.26299,46.30941],[9.26296,46.31011],[9.26119,46.31212],[9.26107,46.31284],[9.26135,46.31313],[9.26142,46.31384],[9.26099,46.31422],[9.25964,46.31474],[9.25877,46.31534],[9.25843,46.31574],[9.2586,46.31619],[9.25811,46.31714],[9.25683,46.31795],[9.25694,46.31866],[9.25593,46.31929],[9.25483,46.31953],[9.25383,46.32005],[9.25267,46.32127],[9.25164,46.32156],[9.25108,46.32214],[9.25014,46.32252],[9.24936,46.32262],[9.24878,46.32431],[9.24618,46.32582],[9.24477,46.32699],[9.24334,46.32729],[9.24215,46.3282],[9.24063,46.32886],[9.23897,46.33121],[9.23818,46.33139],[9.2361,46.33138],[9.23368,46.33268],[9.23297,46.33243],[9.23281,46.33205],[9.23231,46.33199],[9.23187,46.33248],[9.23043,46.33219],[9.22963,46.33257],[9.22825,46.33198],[9.22728,46.33072],[9.22627,46.33024],[9.22601,46.32969],[9.22516,46.32981],[9.22345,46.33082],[9.22311,46.33141],[9.22242,46.33161],[9.21897,46.33367],[9.21802,46.33477],[9.21611,46.33622],[9.21577,46.33732],[9.2153,46.33767],[9.21466,46.33783]]}},{"type":"Feature","properties":{"id":"val-d-arbola-gr","c":"GR","p":"patent","q":"derived","k":"river"},"geometry":{"type":"MultiLineString","coordinates":[[[9.22826,46.32115],[9.22756,46.32178],[9.22648,46.32211],[9.22663,46.32316],[9.22565,46.32375],[9.2252,46.32448],[9.22522,46.32494],[9.22484,46.3252],[9.22433,46.32613],[9.22451,46.32737],[9.22529,46.328],[9.22497,46.32851],[9.22528,46.3291],[9.22516,46.32981]],[[9.24214,46.28206],[9.24098,46.28312],[9.24018,46.28323],[9.24009,46.28481],[9.23958,46.28566],[9.23956,46.28649],[9.23927,46.287],[9.23873,46.28727],[9.23843,46.28789],[9.23859,46.28838],[9.23824,46.28902],[9.2385,46.28964],[9.23816,46.29047],[9.23774,46.2906],[9.23267,46.31274],[9.23141,46.31524],[9.23173,46.31578],[9.23124,46.31638],[9.23111,46.31692],[9.23136,46.31734],[9.23096,46.31835],[9.23072,46.31868],[9.22983,46.31904],[9.22962,46.31941]]]}},{"type":"Feature","properties":{"id":"buffalora-gr","c":"GR","p":"patent","q":"derived","k":"river"},"geometry":{"type":"LineString","coordinates":[[9.16288,46.34863],[9.16506,46.34928],[9.16621,46.34895],[9.17429,46.34995],[9.17845,46.34941],[9.18117,46.34924],[9.18166,46.34961],[9.1828,46.34982],[9.18332,46.35043],[9.18437,46.35046],[9.18575,46.35107],[9.1876,46.35123],[9.18828,46.35099],[9.18945,46.35112],[9.191,46.35083],[9.19155,46.35109],[9.19206,46.35103],[9.19527,46.34937],[9.19638,46.35019],[9.19778,46.34982],[9.20024,46.35055],[9.20207,46.35026],[9.20256,46.3499],[9.2044,46.34959],[9.20569,46.34903],[9.20673,46.34905],[9.20863,46.34821],[9.20965,46.3481],[9.21132,46.34826],[9.21259,46.34793],[9.21506,46.34828],[9.2158,46.34799],[9.21602,46.3476]]}},{"type":"Feature","properties":{"id":"riale-de-la-forcola-gr","c":"GR","p":"patent","q":"derived","k":"river"},"geometry":{"type":"LineString","coordinates":[[9.2912,46.32403],[9.29077,46.32462],[9.29044,46.32579],[9.29096,46.32675],[9.29054,46.32752],[9.28867,46.3286],[9.28759,46.32975],[9.28677,46.32995],[9.28632,46.33023],[9.2862,46.33056],[9.28509,46.3309],[9.28284,46.33233],[9.28219,46.33328],[9.28028,46.3341],[9.27985,46.33465],[9.27848,46.33531],[9.2778,46.33623],[9.27718,46.33644],[9.27585,46.33803],[9.26199,46.3464],[9.26116,46.34708],[9.26098,46.34775],[9.25958,46.34907],[9.25784,46.34979],[9.25624,46.35133],[9.25532,46.35139],[9.25411,46.3521],[9.25396,46.35295],[9.25293,46.35399],[9.25144,46.35434],[9.25023,46.35426],[9.24886,46.35449],[9.24704,46.35517],[9.24591,46.35517],[9.24521,46.35541],[9.24035,46.35564],[9.23851,46.35627],[9.23824,46.3566],[9.23658,46.35656],[9.23593,46.35684],[9.23484,46.35641],[9.234,46.35638],[9.23221,46.35701],[9.23125,46.35661],[9.23045,46.35664],[9.22999,46.35713],[9.22836,46.35759],[9.22627,46.35729],[9.22377,46.35628],[9.22209,46.35494],[9.22173,46.35443]]}},{"type":"Feature","properties":{"id":"riale-de-portueira-gr","c":"GR","p":"patent","q":"derived","k":"river"},"geometry":{"type":"LineString","coordinates":[[9.19282,46.36762],[9.19331,46.36774],[9.19376,46.36867],[9.19628,46.36994],[9.19688,46.37002],[9.19801,46.37064],[9.19921,46.37075],[9.20085,46.37134],[9.20209,46.37206],[9.20395,46.37237],[9.20614,46.37345],[9.20816,46.37319],[9.20882,46.37328],[9.20999,46.37297],[9.21112,46.37303],[9.21364,46.37186],[9.21459,46.37166],[9.21725,46.37058],[9.2195,46.37053],[9.22022,46.37083],[9.2217,46.3707],[9.2242,46.36963],[9.22596,46.36835]]}},{"type":"Feature","properties":{"id":"ri-de-verbi-gr","c":"GR","p":"patent","q":"derived","k":"river"},"geometry":{"type":"LineString","coordinates":[[9.19159,46.3829],[9.19293,46.38236],[9.1939,46.38232],[9.19641,46.38152],[9.19815,46.38036],[9.20124,46.38044],[9.20382,46.37999],[9.20535,46.38008],[9.20596,46.38033],[9.20716,46.38029],[9.20871,46.37991],[9.21078,46.37876],[9.21138,46.3787],[9.21187,46.37843],[9.21413,46.37807],[9.21494,46.3782],[9.216,46.37752],[9.21787,46.37719],[9.21962,46.37611],[9.22101,46.37598],[9.22228,46.37553],[9.22303,46.37486],[9.22538,46.37431],[9.22658,46.37336],[9.22726,46.37163]]}},{"type":"Feature","properties":{"id":"ri-de-anzon-gr","c":"GR","p":"patent","q":"derived","k":"river"},"geometry":{"type":"LineString","coordinates":[[9.18895,46.40224],[9.18969,46.40201],[9.19093,46.40199],[9.19213,46.40227],[9.19359,46.40215],[9.19706,46.40259],[9.19805,46.40253],[9.19869,46.40273],[9.20406,46.40206],[9.2066,46.40269],[9.2076,46.40327],[9.21386,46.40195],[9.21469,46.40117],[9.21608,46.40096],[9.21646,46.40109],[9.21745,46.40068],[9.21903,46.40054],[9.22077,46.40086],[9.22146,46.40011],[9.22269,46.39931],[9.22453,46.39855],[9.22577,46.39843],[9.22747,46.39898],[9.23006,46.39863],[9.23132,46.39813],[9.23243,46.3963],[9.23439,46.39634]]}},{"type":"Feature","properties":{"id":"riale-passit-gr","c":"GR","p":"patent","q":"derived","k":"river"},"geometry":{"type":"LineString","coordinates":[[9.16526,46.44032],[9.16492,46.44021],[9.16472,46.43985],[9.16375,46.43961],[9.16266,46.43905],[9.16167,46.43896],[9.16122,46.43833],[9.15975,46.43827],[9.15831,46.43781],[9.15763,46.43787],[9.15582,46.43747],[9.15489,46.43768],[9.15444,46.43753],[9.1531,46.43759],[9.15242,46.43783],[9.1504,46.43751],[9.14855,46.43761],[9.14579,46.43714],[9.1449,46.43674],[9.14091,46.43588],[9.14039,46.43545],[9.13977,46.43537],[9.13902,46.43489],[9.13897,46.43436],[9.13838,46.43433],[9.13714,46.43387],[9.13613,46.43298],[9.13521,46.43267],[9.13346,46.43145],[9.13043,46.43079],[9.1295,46.42977],[9.12927,46.42854]]}},{"type":"Feature","properties":{"id":"ri-de-gratela-gr","c":"GR","p":"patent","q":"derived","k":"river"},"geometry":{"type":"LineString","coordinates":[[9.27438,46.39928],[9.27415,46.39952],[9.27417,46.40018],[9.27322,46.40136],[9.27291,46.40256],[9.27239,46.40322],[9.27244,46.40381],[9.27161,46.4043],[9.2707,46.40439],[9.26851,46.40566],[9.26777,46.40589],[9.26678,46.40597],[9.26275,46.4056],[9.26169,46.40591],[9.26093,46.40579],[9.25985,46.40595],[9.2596,46.40624],[9.25799,46.40699],[9.25715,46.40686],[9.25663,46.40651],[9.25417,46.40644],[9.25217,46.40557],[9.25017,46.40573],[9.24981,46.40564],[9.24922,46.40508],[9.24858,46.40543],[9.24783,46.40542],[9.24694,46.40512],[9.24509,46.40537],[9.24458,46.40568],[9.24251,46.40614],[9.24129,46.40687],[9.24049,46.40711],[9.23951,46.40687],[9.23913,46.40644],[9.23836,46.40621],[9.23769,46.40559],[9.23516,46.4048]]}},{"type":"Feature","properties":{"id":"ri-de-seda-gr","c":"GR","p":"patent","q":"derived","k":"river"},"geometry":{"type":"LineString","coordinates":[[9.24804,46.4359],[9.24772,46.4359],[9.24706,46.43639],[9.24574,46.43617],[9.24502,46.43626],[9.2441,46.43604],[9.24349,46.43556],[9.2422,46.43528],[9.24101,46.43468],[9.23933,46.43533],[9.23871,46.43507],[9.2381,46.4351],[9.23676,46.43457],[9.23615,46.43454],[9.2352,46.43373],[9.23395,46.4332],[9.23196,46.43184],[9.22877,46.43153],[9.2265,46.43045],[9.22535,46.42921],[9.22539,46.42863],[9.22498,46.42819],[9.22511,46.42729],[9.22367,46.42613],[9.22336,46.42498],[9.22351,46.42421],[9.22511,46.42143],[9.22498,46.41912]]}},{"type":"Feature","properties":{"id":"riale-de-spina-gr","c":"GR","p":"patent","q":"derived","k":"river"},"geometry":{"type":"LineString","coordinates":[[9.21302,46.45373],[9.21323,46.45269],[9.2129,46.45219],[9.21321,46.45177],[9.21229,46.45091],[9.21231,46.4505],[9.21202,46.45024],[9.21227,46.44919],[9.21196,46.44859],[9.21176,46.44657],[9.21228,46.44581],[9.21219,46.44444],[9.21257,46.44372],[9.21261,46.44238],[9.21159,46.44093],[9.21163,46.44028],[9.21126,46.4396],[9.2119,46.43903],[9.21198,46.43786],[9.21394,46.43558],[9.2143,46.43485],[9.21421,46.43398],[9.21471,46.43371],[9.21478,46.43346],[9.21337,46.43182],[9.21211,46.43112],[9.2095,46.43052],[9.20913,46.43026],[9.20891,46.42971]]}},{"type":"Feature","properties":{"id":"ri-de-confin-gr","c":"GR","p":"patent","q":"derived","k":"river"},"geometry":{"type":"MultiLineString","coordinates":[[[9.14939,46.44907],[9.15026,46.44929],[9.15156,46.45009],[9.152,46.45163],[9.15248,46.45229],[9.15312,46.4527],[9.15416,46.4527],[9.15582,46.45356],[9.1575,46.45389],[9.16115,46.45598],[9.16282,46.45607],[9.16501,46.45576],[9.16626,46.45641],[9.16773,46.45625],[9.16839,46.45641],[9.17106,46.45801],[9.17217,46.45823],[9.1736,46.4595],[9.17443,46.45969],[9.17649,46.46105],[9.17694,46.46083],[9.17764,46.46102],[9.17837,46.46081],[9.17917,46.46105],[9.17975,46.46062],[9.18019,46.46074],[9.18087,46.46047],[9.18334,46.46066],[9.18421,46.46053],[9.18449,46.46168],[9.18472,46.46206],[9.18519,46.4623],[9.18676,46.46226],[9.18817,46.46171]],[[9.18996,46.46095],[9.19154,46.46057],[9.1921,46.46023]]]}},{"type":"Feature","properties":{"id":"ri-de-fontanalba-gr","c":"GR","p":"patent","q":"derived","k":"river"},"geometry":{"type":"LineString","coordinates":[[9.23744,46.49861],[9.23676,46.4986],[9.23616,46.49828],[9.23532,46.49824],[9.23425,46.49846],[9.23299,46.49814],[9.23101,46.49841],[9.22924,46.49795],[9.22862,46.49757],[9.22516,46.49669],[9.22336,46.49578],[9.22308,46.49523],[9.2236,46.49505],[9.22312,46.49486],[9.22264,46.49494],[9.22308,46.49457],[9.22227,46.49447],[9.2224,46.49423],[9.2219,46.49399],[9.22203,46.49327],[9.22182,46.493],[9.22087,46.49261],[9.21983,46.49141],[9.21751,46.49114],[9.217,46.49045],[9.2164,46.49024],[9.21608,46.48974],[9.21549,46.48953],[9.21452,46.48881],[9.21406,46.48872],[9.21319,46.48892],[9.21082,46.48767],[9.20986,46.48658],[9.20954,46.48529],[9.20833,46.48466],[9.20784,46.48409],[9.20787,46.48353],[9.20728,46.48199],[9.20579,46.48154],[9.20357,46.48018],[9.20258,46.48012],[9.20201,46.47971],[9.20117,46.47964],[9.20045,46.47935],[9.19972,46.4783],[9.19985,46.47803],[9.1995,46.47747],[9.19983,46.47725],[9.19907,46.47525],[9.19923,46.47452],[9.19767,46.47264],[9.19804,46.4722],[9.19818,46.47149],[9.19795,46.47094],[9.19722,46.46981],[9.19523,46.46931],[9.19427,46.46791],[9.19375,46.46756],[9.19414,46.46575],[9.19334,46.46556],[9.19199,46.46457],[9.19174,46.46379],[9.19122,46.46339]]}},{"type":"Feature","properties":{"id":"ri-de-pescion-gr","c":"GR","p":"patent","q":"derived","k":"river"},"geometry":{"type":"LineString","coordinates":[[9.18606,46.4944],[9.18536,46.49379],[9.18463,46.49375],[9.18442,46.49321],[9.18477,46.49296],[9.18418,46.49269],[9.18482,46.49187],[9.18468,46.49138],[9.18497,46.49035],[9.1861,46.4896],[9.18731,46.48996],[9.18794,46.48852],[9.18775,46.48844],[9.18848,46.48787],[9.1887,46.48716],[9.19068,46.48659],[9.19058,46.48423],[9.19127,46.48323],[9.19167,46.48315],[9.19142,46.48251],[9.19175,46.48222],[9.19172,46.48178],[9.19284,46.48085],[9.19315,46.47991],[9.19418,46.47895],[9.19367,46.47823],[9.19352,46.47697],[9.19229,46.47409],[9.19252,46.47249],[9.19212,46.47214],[9.19211,46.47155],[9.19289,46.47069],[9.1923,46.46974],[9.19182,46.46939],[9.19082,46.46744],[9.19092,46.46661],[9.19168,46.46647],[9.19174,46.46599],[9.19204,46.46585],[9.19177,46.46524],[9.19218,46.4647]]}},{"type":"Feature","properties":{"id":"spoel-gr","c":"GR","p":"patent","q":"derived","k":"river"},"geometry":{"type":"MultiLineString","coordinates":[[[10.1441,46.6784],[10.14223,46.67914],[10.14173,46.6798],[10.142,46.68216],[10.141,46.68329],[10.14003,46.68526],[10.14008,46.6857],[10.14083,46.68623],[10.1406,46.68694],[10.13902,46.6873],[10.13825,46.68712],[10.13689,46.68772],[10.13493,46.68782],[10.13395,46.68766],[10.13262,46.68796],[10.12963,46.68811],[10.1284,46.68845],[10.12655,46.69026],[10.12642,46.69108],[10.12596,46.69183],[10.12491,46.69184],[10.12337,46.69138],[10.12258,46.69138],[10.12208,46.69189],[10.12101,46.69233],[10.12054,46.69315],[10.1182,46.69357],[10.11699,46.69476],[10.11548,46.69504],[10.11494,46.6957],[10.11236,46.69683],[10.11163,46.69695],[10.11017,46.69684],[10.10964,46.69723],[10.10888,46.69742],[10.10703,46.69731],[10.10481,46.69636],[10.10139,46.69573],[10.09682,46.69354],[10.09488,46.69306],[10.09253,46.69295],[10.0909,46.6931],[10.08962,46.69335],[10.08854,46.69378]],[[10.19359,46.62365],[10.19313,46.62481],[10.1941,46.62602],[10.19428,46.62774],[10.195,46.63007],[10.19428,46.63107],[10.19456,46.63246],[10.19426,46.63289],[10.19349,46.63332],[10.19336,46.63397],[10.19125,46.63482],[10.18921,46.63502],[10.18793,46.63497],[10.1854,46.63417],[10.18464,46.63422],[10.18411,46.63451],[10.18322,46.63562],[10.182,46.63637],[10.18198,46.63744],[10.18095,46.63816],[10.17919,46.63876],[10.17838,46.64033],[10.17836,46.64126],[10.17879,46.6422],[10.17733,46.64236],[10.17718,46.64329],[10.17573,46.64348],[10.1732,46.64435],[10.17294,46.64521],[10.17191,46.64533],[10.17151,46.64555],[10.17146,46.64661],[10.17012,46.64695],[10.1693,46.64771],[10.16893,46.64901],[10.16759,46.64935],[10.16733,46.65009],[10.16896,46.65145],[10.16883,46.65193]]]}},{"type":"Feature","properties":{"id":"rom-gr","c":"GR","p":"patent","q":"derived","k":"river"},"geometry":{"type":"MultiLineString","coordinates":[[[10.32769,46.63098],[10.33069,46.6299],[10.33102,46.62968],[10.3312,46.62905],[10.33211,46.62831],[10.33339,46.62782],[10.33364,46.62742],[10.33453,46.62716],[10.33499,46.62671],[10.33828,46.62547],[10.34032,46.62431],[10.34212,46.62418],[10.34331,46.6237],[10.34416,46.62365],[10.34458,46.62332],[10.34516,46.6233],[10.34523,46.62304],[10.346,46.62273],[10.3477,46.62241],[10.34814,46.62249],[10.35017,46.62077],[10.35101,46.61986],[10.35107,46.6195]],[[10.35192,46.61865],[10.35759,46.61455],[10.36078,46.61336],[10.36133,46.61337],[10.36464,46.61449],[10.36966,46.61479],[10.37034,46.61463],[10.37206,46.61312],[10.37286,46.6127],[10.37471,46.61219],[10.37515,46.61229],[10.37587,46.61199],[10.37599,46.61099],[10.37564,46.61077],[10.37607,46.61048],[10.37606,46.60977],[10.37671,46.60965],[10.37729,46.60884],[10.37807,46.60829],[10.37837,46.6084],[10.37909,46.60795],[10.37916,46.60718],[10.37949,46.60697],[10.38064,46.60713],[10.38134,46.60676],[10.38157,46.6069],[10.3823,46.60676],[10.38257,46.60696],[10.38388,46.60643],[10.38509,46.60686],[10.38625,46.60706],[10.38659,46.60692],[10.38794,46.60723],[10.39009,46.60631],[10.39068,46.60561],[10.39203,46.60505],[10.39288,46.60494],[10.39704,46.60364],[10.3982,46.60377],[10.39885,46.60364],[10.40328,46.60233],[10.40412,46.60219],[10.40553,46.60248],[10.40688,46.6024],[10.40887,46.60263],[10.41051,46.6023],[10.41239,46.60235],[10.41527,46.60302],[10.41734,46.60392],[10.41801,46.60387],[10.41919,46.60429],[10.41984,46.60419],[10.42038,46.60455],[10.42084,46.60454],[10.42122,46.60488],[10.42201,46.60498],[10.42316,46.60551],[10.42475,46.60581],[10.42536,46.60647],[10.42685,46.60669],[10.4275,46.6073],[10.42839,46.60752],[10.42908,46.60746],[10.42967,46.6081],[10.43375,46.6095],[10.43495,46.61087],[10.4367,46.61175],[10.43717,46.61242],[10.4384,46.61342],[10.43911,46.6136],[10.43939,46.61418],[10.44095,46.61442],[10.44199,46.61439],[10.44374,46.61522],[10.44493,46.61551],[10.44639,46.61646],[10.44682,46.61696],[10.44762,46.61722],[10.44799,46.61843],[10.44864,46.61895],[10.44917,46.62022],[10.45022,46.62161],[10.45099,46.62602],[10.45158,46.62739],[10.45311,46.62953],[10.45384,46.63011],[10.45447,46.63019],[10.4555,46.63001],[10.45746,46.63117],[10.45964,46.63126],[10.46049,46.63215],[10.46153,46.63264],[10.46227,46.63325]]]}},{"type":"Feature","properties":{"id":"rus-gr","c":"GR","p":"patent","q":"derived","k":"river"},"geometry":{"type":"LineString","coordinates":[[9.37837,46.88402],[9.37934,46.88303],[9.38084,46.88067],[9.38176,46.88026],[9.38225,46.87976],[9.383,46.87965],[9.3835,46.87924],[9.38394,46.87928],[9.38441,46.87902],[9.38531,46.87888],[9.38622,46.87817],[9.38884,46.87721],[9.39156,46.87721],[9.3923,46.87756],[9.39349,46.8776],[9.3941,46.87745],[9.39641,46.87793],[9.39832,46.878],[9.40079,46.87718],[9.40198,46.8772],[9.40302,46.87645],[9.40438,46.87607],[9.40484,46.87576],[9.40619,46.87582],[9.40744,46.87534],[9.40845,46.87526],[9.40929,46.87493],[9.41025,46.87518],[9.41144,46.87507],[9.41222,46.87564],[9.41288,46.87576],[9.41385,46.87634],[9.41418,46.87629],[9.41432,46.87652],[9.41549,46.877],[9.41627,46.87755],[9.41694,46.87874],[9.4182,46.87979],[9.41894,46.88101]]}},{"type":"Feature","properties":{"id":"aval-val-torta-gr","c":"GR","p":"patent","q":"derived","k":"river"},"geometry":{"type":"LineString","coordinates":[[10.45386,46.84361],[10.45333,46.84629],[10.45259,46.84771],[10.45109,46.84897],[10.44995,46.85055],[10.44929,46.85091],[10.44812,46.8522],[10.4475,46.85223],[10.44634,46.85276],[10.44571,46.85254],[10.4437,46.85377],[10.44107,46.85384],[10.43808,46.85454],[10.43755,46.85483],[10.43705,46.85481],[10.43623,46.85404],[10.43544,46.85401],[10.43381,46.85356],[10.43238,46.85378],[10.43119,46.85345],[10.4303,46.85351],[10.42762,46.85431],[10.4248,46.85476],[10.42444,46.85468]]}},{"type":"Feature","properties":{"id":"aval-val-ruinains-gr","c":"GR","p":"patent","q":"derived","k":"river"},"geometry":{"type":"LineString","coordinates":[[10.39002,46.89262],[10.38952,46.89177],[10.38964,46.89096],[10.38879,46.88991],[10.38847,46.88796],[10.38787,46.88671],[10.38785,46.88593],[10.38656,46.88396],[10.38648,46.88318],[10.38618,46.88283],[10.38637,46.88251],[10.3862,46.88209],[10.38685,46.88155],[10.38706,46.88012],[10.38827,46.8778],[10.38957,46.87608],[10.39129,46.87465],[10.39425,46.87305],[10.39501,46.87121],[10.39733,46.86999],[10.39799,46.86874],[10.39917,46.86783],[10.39956,46.8673],[10.39984,46.86596],[10.39978,46.86461],[10.40101,46.86278],[10.40107,46.86229],[10.4022,46.86208],[10.40361,46.86043],[10.40467,46.86],[10.40531,46.85937],[10.40628,46.85776],[10.40593,46.85727],[10.40617,46.85605],[10.40737,46.85544],[10.40903,46.85504],[10.41202,46.85381],[10.41319,46.85376],[10.41449,46.85328],[10.41632,46.85322],[10.41745,46.8535],[10.41993,46.85354],[10.42201,46.85328],[10.423,46.85274],[10.42425,46.85259]]}},{"type":"Feature","properties":{"id":"assa-gr","c":"GR","p":"patent","q":"derived","k":"river"},"geometry":{"type":"LineString","coordinates":[[10.43896,46.80288],[10.43842,46.80464],[10.43746,46.80496],[10.43683,46.80564],[10.43649,46.80653],[10.43652,46.80737],[10.43575,46.80848],[10.43566,46.81242],[10.43626,46.81432],[10.43572,46.81593],[10.43477,46.81676],[10.43457,46.81719],[10.43292,46.81761],[10.43249,46.8175],[10.43129,46.81768],[10.42886,46.81769],[10.42777,46.8174],[10.42655,46.81741],[10.42565,46.81777],[10.42277,46.8199],[10.42172,46.82043],[10.41952,46.82112],[10.41865,46.82184],[10.41833,46.82319],[10.4175,46.82398],[10.4172,46.82545],[10.41602,46.82603],[10.41385,46.82642],[10.41323,46.82707],[10.41348,46.82876],[10.4133,46.82942],[10.41281,46.82971],[10.41207,46.8298],[10.41171,46.83023],[10.40904,46.83129],[10.40926,46.83245],[10.40969,46.83321],[10.40766,46.83518]]}},{"type":"Feature","properties":{"id":"la-brancla-gr","c":"GR","p":"patent","q":"derived","k":"river"},"geometry":{"type":"LineString","coordinates":[[10.29129,46.91979],[10.28949,46.91766],[10.28889,46.91749],[10.28815,46.91774],[10.28758,46.91746],[10.287,46.91614],[10.28709,46.91515],[10.28827,46.9138],[10.28783,46.91213],[10.28826,46.91141],[10.28789,46.91022],[10.28836,46.90945],[10.29098,46.90791],[10.29341,46.90568],[10.29385,46.90488],[10.29528,46.9046],[10.29767,46.90449],[10.29875,46.90395],[10.30042,46.90372],[10.30191,46.90311],[10.30457,46.90143],[10.30662,46.90093],[10.3085,46.89979],[10.30907,46.89922],[10.30912,46.89858],[10.30964,46.89771],[10.31072,46.89652],[10.31055,46.89584],[10.31156,46.89492],[10.31229,46.89471],[10.31329,46.89376],[10.31667,46.89197],[10.31675,46.89157],[10.31786,46.8907],[10.31915,46.89049],[10.31985,46.89009],[10.32052,46.88947],[10.32055,46.88904],[10.32168,46.88831],[10.32204,46.88783],[10.32195,46.88752],[10.32224,46.88709],[10.32288,46.88673],[10.32303,46.88627],[10.3239,46.88598],[10.32467,46.88597],[10.32612,46.88521],[10.32609,46.88435],[10.32851,46.88208],[10.32838,46.88131],[10.32922,46.88063],[10.32885,46.87769],[10.33001,46.87587],[10.33101,46.87518],[10.33114,46.87488],[10.33084,46.87435],[10.33135,46.87355],[10.33127,46.87299],[10.33312,46.87207],[10.33279,46.87133],[10.33313,46.87087],[10.33292,46.87021],[10.33159,46.86923],[10.33199,46.86851],[10.33187,46.86802],[10.33206,46.86759],[10.33101,46.86664],[10.33107,46.86644],[10.3318,46.86635],[10.33144,46.86583],[10.33263,46.86477],[10.33276,46.86352],[10.33328,46.86305],[10.3332,46.86281],[10.33356,46.86222],[10.335,46.86105],[10.3342,46.85996],[10.33484,46.85782],[10.33464,46.857],[10.3349,46.8567],[10.3348,46.85514],[10.33503,46.85415],[10.33535,46.85391],[10.3354,46.85324],[10.33623,46.85299],[10.33681,46.85195],[10.33767,46.85131],[10.33832,46.8499],[10.33877,46.84978],[10.33921,46.84908],[10.34029,46.84854],[10.3406,46.84779],[10.34128,46.84731],[10.34175,46.84624],[10.34224,46.84572],[10.34229,46.84538],[10.34193,46.84496],[10.34272,46.84432],[10.34282,46.84393],[10.34323,46.84373],[10.34365,46.84395],[10.34403,46.84389],[10.34424,46.84342],[10.34514,46.84297],[10.34546,46.84224],[10.34602,46.84213],[10.34642,46.84158],[10.34741,46.84166],[10.34784,46.84188],[10.34952,46.84066],[10.3503,46.84062],[10.35125,46.84004],[10.35216,46.84015],[10.35271,46.83987],[10.3548,46.83964],[10.35617,46.83925],[10.35723,46.83856],[10.35952,46.83872],[10.36034,46.83832],[10.36101,46.83825],[10.36116,46.83776],[10.3619,46.83732],[10.3615,46.83681],[10.36237,46.83644],[10.36303,46.83654],[10.36359,46.83686],[10.36497,46.83621],[10.36553,46.8347],[10.3676,46.83387],[10.37033,46.83305],[10.3722,46.83332],[10.37367,46.83324],[10.3744,46.83303],[10.37451,46.83262],[10.37565,46.83207],[10.37715,46.83093],[10.37832,46.83083],[10.37946,46.82975],[10.38101,46.82959],[10.38109,46.8293],[10.3822,46.82842],[10.38253,46.82737],[10.3834,46.82643],[10.38453,46.82576]]}},{"type":"Feature","properties":{"id":"aval-laver-gr","c":"GR","p":"patent","q":"derived","k":"river"},"geometry":{"type":"LineString","coordinates":[[10.29051,46.86963],[10.29209,46.8702],[10.29389,46.87121],[10.29506,46.87234],[10.29651,46.87273],[10.29746,46.87324],[10.30251,46.87269],[10.30307,46.8729],[10.30438,46.87302],[10.30468,46.87331],[10.30581,46.87322],[10.30721,46.87216],[10.30884,46.87201],[10.30958,46.87222],[10.31027,46.87203],[10.31057,46.87184],[10.31068,46.87121],[10.31097,46.87098],[10.3114,46.871],[10.31211,46.87168],[10.31293,46.87115],[10.31434,46.87078],[10.31593,46.87161],[10.31893,46.87167],[10.32138,46.87229],[10.32213,46.87198],[10.32315,46.87198],[10.3246,46.87124],[10.32671,46.871],[10.32881,46.86985],[10.3297,46.86964],[10.33056,46.86917],[10.33049,46.8686],[10.33133,46.868],[10.33072,46.86671],[10.33107,46.86644]]}},{"type":"Feature","properties":{"id":"aval-tiral-gr","c":"GR","p":"patent","q":"derived","k":"river"},"geometry":{"type":"LineString","coordinates":[[10.26722,46.85007],[10.26916,46.85101],[10.2715,46.85116],[10.27279,46.85161],[10.27372,46.85245],[10.27386,46.85297],[10.2745,46.85358],[10.2743,46.85484],[10.27493,46.85543],[10.2748,46.85622],[10.27528,46.85764],[10.27746,46.85876],[10.27775,46.8593],[10.28038,46.86016],[10.28204,46.86143],[10.28239,46.86193],[10.28412,46.8629],[10.2845,46.86334],[10.28524,46.86555],[10.28612,46.86651],[10.28628,46.86721],[10.28811,46.86809],[10.29051,46.86963]]}},{"type":"Feature","properties":{"id":"aval-mains-gr","c":"GR","p":"patent","q":"derived","k":"river"},"geometry":{"type":"LineString","coordinates":[[10.36417,46.87848],[10.36176,46.87714],[10.35949,46.87545],[10.35518,46.87312],[10.35447,46.87256],[10.35261,46.87169],[10.35138,46.87169],[10.34521,46.87057],[10.34244,46.87046],[10.33791,46.86963],[10.33743,46.86902],[10.33596,46.86822],[10.33436,46.86688],[10.33377,46.86607],[10.33358,46.86501],[10.33304,46.86445],[10.3326,46.86443]]}},{"type":"Feature","properties":{"id":"aval-tiatscha-gr","c":"GR","p":"patent","q":"derived","k":"river"},"geometry":{"type":"LineString","coordinates":[[10.36101,46.8915],[10.35915,46.89168],[10.35674,46.8914],[10.35404,46.89011],[10.35263,46.89009],[10.35097,46.88974],[10.35005,46.88982],[10.34866,46.88959],[10.34722,46.8887],[10.34498,46.88844],[10.34388,46.88795],[10.34375,46.88758],[10.34042,46.88486],[10.33809,46.88398],[10.33721,46.88332],[10.33464,46.88244],[10.33267,46.88065],[10.32961,46.87925],[10.32896,46.8786]]}},{"type":"Feature","properties":{"id":"aval-val-guestina-gr","c":"GR","p":"patent","q":"derived","k":"river"},"geometry":{"type":"LineString","coordinates":[[10.29761,46.84727],[10.29722,46.84457],[10.29604,46.84327],[10.29597,46.84227],[10.29837,46.84116],[10.29892,46.84059],[10.29913,46.83891],[10.30051,46.83786],[10.30352,46.8365],[10.30384,46.83656],[10.30579,46.83538],[10.3062,46.83452],[10.30732,46.83358],[10.30847,46.83155],[10.30828,46.83043],[10.30851,46.82972],[10.30794,46.82857],[10.30816,46.82826],[10.30883,46.82792],[10.30916,46.8275],[10.31099,46.82685],[10.31221,46.82601],[10.31338,46.8257],[10.31392,46.82578],[10.31448,46.82564],[10.31643,46.82398],[10.31671,46.82305],[10.31791,46.82163],[10.31799,46.82109],[10.31884,46.82038],[10.32025,46.82001],[10.32087,46.82003],[10.32179,46.82041],[10.32293,46.82017],[10.32464,46.82021],[10.32681,46.81989],[10.32723,46.81965],[10.32832,46.81781],[10.3287,46.81615],[10.33132,46.81461],[10.33284,46.81453],[10.33393,46.81244],[10.33473,46.81185],[10.3353,46.81105],[10.33509,46.80868],[10.33568,46.80656],[10.33482,46.80547]]}},{"type":"Feature","properties":{"id":"uina-gr-2","c":"GR","p":"patent","q":"derived","k":"river"},"geometry":{"type":"LineString","coordinates":[[10.42151,46.74476],[10.42088,46.74455],[10.42058,46.74464],[10.41961,46.74659],[10.41695,46.74819],[10.41687,46.74936],[10.41582,46.75016],[10.41562,46.75083],[10.4146,46.75171],[10.41494,46.75253],[10.41463,46.75278],[10.41471,46.7532],[10.41432,46.75328],[10.4144,46.75361],[10.41371,46.75411],[10.41329,46.75419],[10.41268,46.7553],[10.41319,46.75579],[10.4135,46.75667],[10.41418,46.757],[10.41398,46.75766],[10.415,46.75886],[10.41556,46.76002],[10.41538,46.76117],[10.4144,46.76172],[10.41414,46.76256],[10.41443,46.76338],[10.41571,46.76441],[10.4148,46.76741],[10.41547,46.76975],[10.41512,46.77087],[10.41443,46.77127],[10.41366,46.77219],[10.41265,46.77253],[10.41054,46.77407],[10.41027,46.77479],[10.40869,46.77613],[10.40888,46.77702],[10.40864,46.7779],[10.40805,46.77805],[10.40773,46.77835],[10.40626,46.77838],[10.40448,46.77921],[10.40446,46.77966],[10.40287,46.78008],[10.40279,46.7807],[10.40164,46.78163],[10.40074,46.78179],[10.40045,46.78257],[10.39659,46.78337],[10.39431,46.78311],[10.39309,46.78318],[10.39289,46.78389],[10.39225,46.78449],[10.39214,46.78495],[10.39145,46.78532],[10.39108,46.78592],[10.38982,46.78692],[10.38963,46.78742],[10.38976,46.78801],[10.38795,46.78931],[10.38803,46.78981],[10.38742,46.79018],[10.38693,46.79151],[10.38571,46.79269],[10.3847,46.79298],[10.3844,46.79337],[10.38377,46.79489],[10.38347,46.79719],[10.38261,46.79871],[10.38154,46.79927],[10.38109,46.79992],[10.38052,46.79997],[10.38039,46.80024],[10.37902,46.80056],[10.37899,46.80133],[10.37854,46.8017],[10.37855,46.80214],[10.37812,46.80226],[10.37828,46.80278],[10.37686,46.80422],[10.37681,46.80451],[10.37576,46.80537],[10.37459,46.8057],[10.37307,46.80695],[10.37253,46.80714],[10.37217,46.80807],[10.37104,46.80901],[10.37098,46.80977],[10.36939,46.81071],[10.36954,46.81111],[10.36934,46.81153],[10.36886,46.81154],[10.36776,46.81204],[10.3678,46.81261],[10.36708,46.81363],[10.36713,46.81403],[10.36632,46.81508],[10.36302,46.81578],[10.36117,46.81534]]}},{"type":"Feature","properties":{"id":"clozza-gr","c":"GR","p":"patent","q":"derived","k":"river"},"geometry":{"type":"LineString","coordinates":[[10.25795,46.83924],[10.25843,46.83727],[10.2582,46.83575],[10.2584,46.83495],[10.25799,46.83452],[10.25795,46.83409],[10.25839,46.83323],[10.259,46.83292],[10.25978,46.83214],[10.26165,46.83124],[10.26382,46.82986],[10.2639,46.82945],[10.26492,46.8283],[10.26502,46.82769],[10.2665,46.82636],[10.26725,46.82508],[10.26969,46.82419],[10.27019,46.82331],[10.27124,46.82308],[10.27255,46.82346],[10.27392,46.82355],[10.27542,46.82286],[10.27626,46.82299],[10.27714,46.82281],[10.27793,46.82202],[10.27808,46.82127],[10.27916,46.82019],[10.27898,46.81991],[10.27997,46.8185],[10.2806,46.81663],[10.28149,46.81591],[10.28156,46.81512],[10.28211,46.81424],[10.28314,46.81402],[10.28484,46.81289],[10.28672,46.81225],[10.2875,46.81148],[10.28856,46.81095],[10.28965,46.80958],[10.29151,46.80853],[10.29506,46.80759],[10.29609,46.80708],[10.29675,46.80626],[10.29906,46.80542],[10.2999,46.80481],[10.30042,46.80358],[10.30109,46.80304],[10.30131,46.80246],[10.30116,46.80196],[10.30202,46.80039],[10.30285,46.79946],[10.30284,46.79866],[10.30378,46.79769],[10.30388,46.79506],[10.30452,46.79371],[10.30433,46.79306],[10.30486,46.79251]]}},{"type":"Feature","properties":{"id":"aval-val-minger-gr","c":"GR","p":"patent","q":"derived","k":"river"},"geometry":{"type":"LineString","coordinates":[[10.27631,46.71085],[10.27652,46.71128],[10.27749,46.71173],[10.27975,46.7117],[10.28074,46.71249],[10.28146,46.71274],[10.28156,46.71318],[10.28222,46.71365],[10.28364,46.71394],[10.28467,46.71481],[10.28694,46.71519],[10.28821,46.71573],[10.28886,46.71623],[10.2911,46.71668],[10.29276,46.71749],[10.29371,46.7184],[10.29742,46.72005],[10.29835,46.72103],[10.29892,46.7212],[10.29906,46.72174],[10.30027,46.72271],[10.30038,46.72301],[10.30133,46.7232],[10.30204,46.72366],[10.30308,46.72511],[10.30435,46.7262],[10.30504,46.72718]]}},{"type":"Feature","properties":{"id":"aval-foraz-gr","c":"GR","p":"patent","q":"derived","k":"river"},"geometry":{"type":"LineString","coordinates":[[10.28776,46.69549],[10.28944,46.6958],[10.28979,46.69672],[10.29078,46.69764],[10.29185,46.69977],[10.29379,46.70157],[10.29537,46.70199],[10.29627,46.70309],[10.2984,46.70475],[10.29979,46.70703],[10.29985,46.70739],[10.29959,46.70769],[10.30002,46.70842],[10.3001,46.70919],[10.2996,46.71145],[10.30017,46.7131],[10.29911,46.71733],[10.29874,46.72109]]}},{"type":"Feature","properties":{"id":"aval-tavrue-gr","c":"GR","p":"patent","q":"derived","k":"river"},"geometry":{"type":"LineString","coordinates":[[10.31316,46.68899],[10.31279,46.68921],[10.31289,46.68952],[10.31236,46.69058],[10.31055,46.69277],[10.31031,46.69356],[10.31049,46.69497],[10.31113,46.69644],[10.31087,46.69697],[10.31096,46.69771],[10.31247,46.70028],[10.31191,46.70195],[10.31442,46.70457],[10.31473,46.70518],[10.31728,46.70727],[10.31918,46.70988],[10.32149,46.71119],[10.32295,46.7131],[10.32362,46.71527],[10.3232,46.71582],[10.32331,46.71649],[10.32306,46.71717],[10.32184,46.71887],[10.32186,46.71992]]}},{"type":"Feature","properties":{"id":"aval-s-charl-gr","c":"GR","p":"patent","q":"derived","k":"river"},"geometry":{"type":"LineString","coordinates":[[10.3995,46.72336],[10.3985,46.72341],[10.39622,46.72305],[10.39546,46.72277],[10.39408,46.72267],[10.3936,46.72287],[10.39186,46.72282],[10.39144,46.72317],[10.38947,46.72393],[10.38692,46.72398],[10.38611,46.7238],[10.38563,46.72339],[10.38502,46.72338],[10.38482,46.72359],[10.38461,46.72344],[10.38442,46.7237],[10.38401,46.72368],[10.38423,46.72387],[10.38337,46.72386],[10.3831,46.72413],[10.38303,46.72397],[10.38268,46.72421],[10.38243,46.72416],[10.38087,46.72498],[10.37928,46.72529],[10.37839,46.72572],[10.37761,46.7256],[10.37679,46.72571],[10.3761,46.7254],[10.37491,46.7254],[10.37402,46.7252],[10.37322,46.72539],[10.37247,46.72521],[10.37198,46.72536],[10.37137,46.72515],[10.36932,46.72512],[10.36645,46.72579],[10.36454,46.72714],[10.36312,46.72762],[10.36247,46.72817],[10.36249,46.72874],[10.3614,46.72958],[10.36036,46.72988],[10.35992,46.72973],[10.3594,46.72914],[10.35713,46.72864],[10.35304,46.72869],[10.3525,46.72819],[10.35202,46.72805],[10.3522,46.72748],[10.35171,46.72667],[10.3506,46.72608],[10.34895,46.72561],[10.34795,46.72412],[10.34655,46.72369],[10.34572,46.72315],[10.34302,46.72235],[10.34268,46.72206],[10.34227,46.72086],[10.34149,46.72025],[10.33991,46.71969],[10.33962,46.71934],[10.33673,46.71778],[10.33579,46.71766],[10.33524,46.71709],[10.33375,46.71625],[10.33083,46.71539]]}},{"type":"Feature","properties":{"id":"aval-val-puezza-gr","c":"GR","p":"patent","q":"derived","k":"river"},"geometry":{"type":"LineString","coordinates":[[10.24915,46.8127],[10.24822,46.81121],[10.24753,46.80941],[10.24862,46.80758],[10.24862,46.80587],[10.24819,46.80519],[10.24899,46.80464],[10.24942,46.80341],[10.24869,46.80165],[10.24883,46.80113],[10.24778,46.80026],[10.24748,46.79933],[10.24774,46.79882],[10.24858,46.79852],[10.24914,46.79802],[10.24964,46.79671],[10.24948,46.79556],[10.24998,46.79448],[10.24975,46.79354],[10.25077,46.79188],[10.25038,46.79113],[10.25032,46.79034],[10.2512,46.78946],[10.25411,46.78743],[10.25415,46.78631],[10.2537,46.78545],[10.25396,46.78484],[10.25366,46.78374]]}},{"type":"Feature","properties":{"id":"aval-plavna-gr","c":"GR","p":"patent","q":"derived","k":"river"},"geometry":{"type":"LineString","coordinates":[[10.26713,46.69126],[10.26603,46.69121],[10.26355,46.69277],[10.26168,46.69337],[10.26095,46.69333],[10.26036,46.69384],[10.2586,46.69459],[10.25735,46.69492],[10.25546,46.69509],[10.25422,46.69559],[10.25367,46.69607],[10.25352,46.69658],[10.25187,46.69736],[10.25111,46.69873],[10.24984,46.69968],[10.2497,46.70054],[10.24935,46.70097],[10.24758,46.70204],[10.24671,46.70227],[10.2456,46.70293],[10.2451,46.70452],[10.24547,46.7064],[10.24504,46.70857],[10.24531,46.70915],[10.24541,46.71076],[10.24425,46.71158],[10.24338,46.71331],[10.24235,46.71411],[10.24191,46.71536],[10.2406,46.71735],[10.2409,46.71822],[10.23933,46.72001],[10.23922,46.72094],[10.23941,46.72133],[10.23918,46.72225],[10.23795,46.72402],[10.23825,46.7248],[10.23785,46.72686],[10.23503,46.73011],[10.23485,46.73086],[10.23448,46.73106],[10.23419,46.73193],[10.23423,46.73259],[10.23388,46.73282],[10.23399,46.73308],[10.23358,46.73374],[10.23419,46.73477],[10.23416,46.73543],[10.23399,46.73585],[10.2331,46.73661],[10.23281,46.73726],[10.23306,46.73878],[10.23244,46.73963],[10.23286,46.7404],[10.23261,46.74097],[10.2331,46.74204],[10.23319,46.74421],[10.23409,46.74547],[10.23405,46.74664],[10.23544,46.74818],[10.23554,46.74883],[10.23525,46.74965],[10.23596,46.75037],[10.23633,46.75114],[10.23682,46.75133],[10.23779,46.75248],[10.23922,46.75313],[10.23938,46.75369],[10.24058,46.7542],[10.24094,46.75454],[10.24131,46.75629],[10.24249,46.75715],[10.2427,46.75845],[10.24384,46.75973],[10.24493,46.76047],[10.24537,46.76111],[10.24719,46.76261],[10.24707,46.76311],[10.24655,46.76359],[10.24677,46.76435],[10.24981,46.76601],[10.25051,46.7671],[10.25107,46.76726],[10.2513,46.76767],[10.25148,46.76902],[10.25004,46.76946],[10.24788,46.77285],[10.24691,46.77305],[10.24637,46.77347],[10.24553,46.77366],[10.24495,46.77425],[10.2454,46.77597],[10.24521,46.77643],[10.24534,46.77699],[10.24478,46.77824]]}},{"type":"Feature","properties":{"id":"tasnan-gr","c":"GR","p":"patent","q":"derived","k":"river"},"geometry":{"type":"MultiLineString","coordinates":[[[10.23801,46.86132],[10.2367,46.86054],[10.23573,46.86031],[10.2353,46.85917],[10.23454,46.85877],[10.23386,46.8577],[10.23207,46.85613],[10.23134,46.85503],[10.23118,46.85421],[10.22997,46.85319],[10.22846,46.85295],[10.22777,46.85267],[10.22748,46.85189],[10.22682,46.85173],[10.22527,46.85067],[10.22438,46.85046],[10.22376,46.84987],[10.22263,46.84928],[10.22116,46.84894],[10.21997,46.84813],[10.2188,46.84811],[10.2177,46.84787],[10.21689,46.84808],[10.21629,46.84793],[10.21492,46.84711],[10.2127,46.84703],[10.21061,46.84593],[10.20975,46.8451],[10.20928,46.84425],[10.20876,46.84377],[10.20757,46.84317],[10.20662,46.84187],[10.20569,46.84138],[10.20488,46.84016],[10.20424,46.83962],[10.20315,46.83923],[10.20239,46.83869],[10.20134,46.83653],[10.20055,46.83601],[10.19986,46.83424],[10.20043,46.83199],[10.20184,46.82994],[10.20133,46.82922],[10.20161,46.82824],[10.20246,46.82712],[10.20265,46.82615],[10.20396,46.8242],[10.20392,46.82287],[10.2029,46.82221],[10.20304,46.82187],[10.20232,46.82092],[10.20202,46.81983],[10.20236,46.81909],[10.20199,46.81854],[10.20192,46.81729],[10.20151,46.81685],[10.20238,46.81626],[10.20236,46.81585],[10.20289,46.81496],[10.20375,46.81434],[10.20449,46.81311],[10.20451,46.81223],[10.20482,46.8118],[10.20456,46.81089],[10.205,46.8102],[10.20488,46.80906],[10.20621,46.80697],[10.20593,46.80522],[10.20641,46.80475],[10.20579,46.80393],[10.2062,46.8035],[10.20628,46.80265],[10.20576,46.80088],[10.2066,46.79994],[10.20726,46.79953],[10.20762,46.79852],[10.20853,46.79782],[10.20859,46.79632],[10.21084,46.79391],[10.21084,46.79285],[10.21116,46.79238],[10.21088,46.7914],[10.21161,46.78969],[10.21219,46.78908],[10.21349,46.78856],[10.21376,46.78819],[10.21382,46.7874],[10.2155,46.78636],[10.21654,46.78539],[10.21715,46.78515],[10.21834,46.78515],[10.21967,46.78565],[10.22055,46.78545],[10.22166,46.78382],[10.22308,46.783],[10.22383,46.78189],[10.22548,46.78061],[10.22585,46.77867],[10.22566,46.77838],[10.22608,46.77793],[10.22629,46.77665]],[[10.2472,46.86578],[10.24538,46.86547],[10.24456,46.8655],[10.24301,46.86499],[10.23922,46.86323],[10.23873,46.86215]]]}},{"type":"Feature","properties":{"id":"aval-grond-gr","c":"GR","p":"patent","q":"derived","k":"river"},"geometry":{"type":"LineString","coordinates":[[10.23892,46.81491],[10.23857,46.81329],[10.23922,46.81006],[10.23881,46.80857],[10.23977,46.80757],[10.2396,46.80695],[10.24006,46.8063],[10.23998,46.80583],[10.2382,46.80483],[10.23789,46.80367],[10.23656,46.80322],[10.23566,46.80263],[10.23527,46.80192],[10.23414,46.80088],[10.2342,46.80052],[10.23369,46.80019],[10.23366,46.79948],[10.23311,46.79898],[10.232,46.79644],[10.23236,46.79544],[10.23197,46.79455],[10.23248,46.79412],[10.23257,46.79356],[10.23321,46.79291],[10.23338,46.79183],[10.23289,46.7909],[10.23188,46.79009],[10.23205,46.78961],[10.23095,46.7896],[10.23,46.7891],[10.22983,46.78816],[10.22926,46.78795],[10.229,46.78727],[10.22832,46.78699],[10.22799,46.7855],[10.22657,46.78364],[10.22692,46.78264],[10.22563,46.78209],[10.22475,46.78131]]}},{"type":"Feature","properties":{"id":"aua-d-urezzas-gr","c":"GR","p":"patent","q":"derived","k":"river"},"geometry":{"type":"LineString","coordinates":[[10.17198,46.84662],[10.17271,46.84479],[10.17265,46.843],[10.1742,46.83975],[10.17341,46.83793],[10.17374,46.83742],[10.17357,46.83704],[10.17372,46.83615],[10.17437,46.83501],[10.17571,46.83363],[10.17716,46.83343],[10.17911,46.83271],[10.18043,46.83154],[10.18295,46.83079],[10.18327,46.83048],[10.18572,46.83082],[10.18646,46.83052],[10.18698,46.83068],[10.18933,46.8305],[10.1923,46.83072],[10.19397,46.83024],[10.19638,46.83053],[10.1974,46.83019],[10.20016,46.83003],[10.20136,46.8293]]}},{"type":"Feature","properties":{"id":"aval-sampuoir-gr","c":"GR","p":"patent","q":"derived","k":"river"},"geometry":{"type":"LineString","coordinates":[[10.2141,46.70016],[10.21274,46.70053],[10.21249,46.70085],[10.21257,46.70127],[10.21202,46.70169],[10.21145,46.70177],[10.21131,46.70214],[10.21041,46.70246],[10.20873,46.70267],[10.20581,46.70471],[10.2051,46.70491],[10.20435,46.70486],[10.20322,46.70524],[10.20161,46.7069],[10.20171,46.70737],[10.20076,46.70795],[10.19994,46.70785],[10.19894,46.70828],[10.19816,46.70922],[10.19711,46.70994],[10.19686,46.7114],[10.195,46.71284],[10.1947,46.71398],[10.19363,46.71413],[10.19298,46.71491],[10.19267,46.71586],[10.19263,46.71634],[10.19328,46.71764],[10.1933,46.71827],[10.19265,46.71944],[10.19178,46.71984],[10.19149,46.72068],[10.19161,46.72237],[10.19135,46.72298],[10.19187,46.72348],[10.19236,46.72676],[10.19328,46.72792],[10.19407,46.72854],[10.19436,46.72934],[10.194,46.73005],[10.19418,46.73112],[10.19402,46.7316],[10.19477,46.73547],[10.19441,46.73597],[10.19442,46.73723],[10.1955,46.73882],[10.19556,46.73964],[10.19729,46.743],[10.19826,46.74398],[10.19921,46.74399],[10.20016,46.74484],[10.2014,46.74829],[10.20254,46.74928],[10.20268,46.75011],[10.20417,46.75209],[10.20431,46.75283],[10.20406,46.75336],[10.20354,46.75377],[10.20378,46.75467],[10.20322,46.75554],[10.20363,46.75648],[10.20352,46.75689],[10.20261,46.75846],[10.20177,46.75941],[10.20169,46.76],[10.20015,46.76131],[10.1999,46.76301],[10.19854,46.76435],[10.19864,46.76484],[10.19818,46.76633],[10.19667,46.76787],[10.19587,46.76829],[10.19525,46.76976]]}},{"type":"Feature","properties":{"id":"aval-nuna-gr","c":"GR","p":"patent","q":"derived","k":"river"},"geometry":{"type":"LineString","coordinates":[[10.15607,46.7366],[10.15818,46.73847],[10.15918,46.74179],[10.1595,46.74202],[10.15957,46.74264],[10.16037,46.74335],[10.16044,46.74391],[10.16013,46.74443],[10.16027,46.74499],[10.16095,46.74576],[10.16176,46.74709],[10.16172,46.74768],[10.1621,46.74798],[10.1619,46.74952],[10.16225,46.74996],[10.16243,46.75131],[10.16233,46.75302],[10.16293,46.75704],[10.16298,46.7599],[10.1628,46.76182],[10.16254,46.7623],[10.16273,46.76353],[10.16239,46.76439],[10.15733,46.76724],[10.15626,46.76764]]}},{"type":"Feature","properties":{"id":"clozza-gr-2","c":"GR","p":"patent","q":"derived","k":"river"},"geometry":{"type":"LineString","coordinates":[[10.14607,46.84213],[10.14522,46.84192],[10.14392,46.84102],[10.14292,46.8397],[10.14197,46.83944],[10.14189,46.83908],[10.14235,46.83859],[10.14149,46.83832],[10.14013,46.83755],[10.13969,46.83674],[10.13858,46.83644],[10.13685,46.83672],[10.13573,46.8367],[10.1345,46.83633],[10.13324,46.83537],[10.13269,46.83437],[10.13128,46.83329],[10.13188,46.83213],[10.13123,46.82978],[10.1322,46.82678],[10.13316,46.82492],[10.13338,46.82378],[10.13323,46.82347],[10.13345,46.82326],[10.13328,46.82279],[10.13358,46.82232],[10.13337,46.82138],[10.13378,46.82094],[10.13372,46.82038],[10.13406,46.82004],[10.13394,46.8197],[10.13424,46.81899],[10.13404,46.81747],[10.13433,46.81695],[10.13486,46.81671],[10.13479,46.81632],[10.13603,46.81552],[10.13661,46.81441],[10.13711,46.81249],[10.13861,46.81076],[10.13938,46.81012],[10.14023,46.80977],[10.14083,46.80898],[10.14151,46.80717],[10.14246,46.80625],[10.143,46.80489],[10.14342,46.80454],[10.14314,46.80425],[10.14339,46.80356],[10.14331,46.80248],[10.14423,46.80122],[10.1442,46.80102],[10.14353,46.80064],[10.14332,46.7986],[10.14376,46.7979],[10.14371,46.79568],[10.14461,46.79455],[10.1446,46.79399],[10.14488,46.79361],[10.14461,46.79285],[10.14396,46.79255],[10.14382,46.79196],[10.14394,46.79122],[10.14471,46.79071],[10.14487,46.78938],[10.14438,46.78877],[10.14443,46.78801],[10.14412,46.7873],[10.14423,46.78692],[10.14479,46.78678],[10.14512,46.7862],[10.14518,46.78574],[10.14462,46.78438],[10.14539,46.78291],[10.14479,46.78254],[10.14399,46.78239],[10.14391,46.78198],[10.1431,46.78142],[10.1426,46.77998],[10.14301,46.77857],[10.14232,46.7767],[10.14188,46.77612],[10.14208,46.77481],[10.14247,46.77453],[10.1428,46.77374],[10.14185,46.77214],[10.14224,46.7707],[10.14196,46.77034],[10.1403,46.76956]]}},{"type":"Feature","properties":{"id":"aval-zeznina-gr","c":"GR","p":"patent","q":"derived","k":"river"},"geometry":{"type":"LineString","coordinates":[[10.13978,46.74325],[10.13775,46.74348],[10.13675,46.74378],[10.13453,46.74384],[10.13358,46.7448],[10.13239,46.74515],[10.13199,46.74676],[10.13152,46.74754],[10.13161,46.74815],[10.13128,46.74849],[10.13175,46.74916],[10.13133,46.7526],[10.13155,46.75314],[10.13236,46.75357],[10.13289,46.75416],[10.13305,46.75701],[10.1328,46.75775],[10.13187,46.7584],[10.13139,46.75922],[10.13134,46.76019],[10.1304,46.76289],[10.13053,46.76392],[10.131,46.76481],[10.13052,46.76532],[10.13032,46.76631],[10.12969,46.76719],[10.12781,46.76785],[10.12719,46.76863]]}},{"type":"Feature","properties":{"id":"lavinuoz-gr","c":"GR","p":"patent","q":"derived","k":"river"},"geometry":{"type":"LineString","coordinates":[[10.08945,46.82788],[10.08853,46.82495],[10.08888,46.82461],[10.0885,46.82413],[10.08804,46.82182],[10.08668,46.81852],[10.08666,46.81787],[10.08703,46.81736],[10.087,46.81611],[10.0864,46.81455],[10.08699,46.81432],[10.08775,46.81334],[10.08731,46.81177],[10.08804,46.81065],[10.08813,46.8099],[10.0888,46.80835],[10.08867,46.80726],[10.08933,46.80671],[10.08932,46.80607],[10.08969,46.80573],[10.09088,46.80321],[10.09068,46.80188],[10.09121,46.80099],[10.09116,46.80024],[10.09203,46.79925],[10.09211,46.79831],[10.09323,46.79619],[10.09297,46.79531],[10.09327,46.79487],[10.09313,46.79337],[10.09351,46.79216],[10.09511,46.7904],[10.09506,46.78805],[10.09574,46.78724],[10.09605,46.78624],[10.09757,46.78408],[10.09794,46.78242],[10.09862,46.78143],[10.10109,46.77896],[10.10304,46.77821],[10.10346,46.77753],[10.10356,46.77682],[10.10485,46.77574],[10.1054,46.77553],[10.10615,46.77433],[10.10598,46.77042],[10.10625,46.76989],[10.10755,46.76905],[10.1086,46.76877],[10.1092,46.76817],[10.10966,46.76726],[10.11044,46.76702],[10.11232,46.76692]]}},{"type":"Feature","properties":{"id":"aval-sagliains-gr","c":"GR","p":"patent","q":"derived","k":"river"},"geometry":{"type":"LineString","coordinates":[[10.05899,46.80929],[10.05756,46.80849],[10.05678,46.80692],[10.05454,46.8056],[10.05391,46.8049],[10.05144,46.80416],[10.0503,46.80252],[10.05009,46.80152],[10.0494,46.80099],[10.04914,46.79985],[10.04965,46.79912],[10.04991,46.79809],[10.04989,46.79674],[10.051,46.79436],[10.05092,46.793],[10.05155,46.79138],[10.05234,46.79023],[10.0532,46.78954],[10.05398,46.78832],[10.05472,46.78797],[10.05476,46.78757],[10.05411,46.78662],[10.05658,46.784],[10.05695,46.78319],[10.05689,46.78247],[10.05733,46.78213],[10.0575,46.78149],[10.06066,46.7791],[10.0614,46.77896],[10.06221,46.778],[10.06646,46.77674],[10.06902,46.77552],[10.06945,46.77558],[10.06987,46.77541],[10.07098,46.77462],[10.07166,46.77451],[10.07245,46.774],[10.07387,46.77348],[10.07473,46.7733],[10.07573,46.7727],[10.07733,46.77206],[10.07947,46.77056],[10.08156,46.76982],[10.08211,46.76923],[10.08294,46.76896],[10.08362,46.76805],[10.08489,46.76742],[10.0861,46.7664],[10.09025,46.76402],[10.09158,46.7635],[10.09457,46.76108]]}},{"type":"Feature","properties":{"id":"susasca-gr","c":"GR","p":"patent","q":"derived","k":"river"},"geometry":{"type":"MultiLineString","coordinates":[[[9.95276,46.74649],[9.9535,46.74654],[9.95615,46.74591],[9.95736,46.74593],[9.9598,46.74512]],[[9.96003,46.74501],[9.96253,46.74426],[9.96327,46.74439],[9.96378,46.74404],[9.96462,46.74397],[9.96549,46.74333],[9.96677,46.74325],[9.96738,46.74343],[9.96887,46.74317],[9.96959,46.74319],[9.97045,46.74366],[9.97228,46.74362],[9.97297,46.74394],[9.97611,46.74351],[9.97668,46.74401],[9.97808,46.744],[9.97913,46.7444],[9.97957,46.74415],[9.97987,46.74451],[9.98153,46.7443],[9.98317,46.7444],[9.98408,46.7436],[9.9841,46.74306],[9.98431,46.7429],[9.98567,46.74258],[9.9882,46.74272],[9.98975,46.74209],[9.99024,46.74156],[9.99224,46.74279],[9.99334,46.74311],[9.99398,46.74294],[9.99448,46.74303],[9.99477,46.74339],[9.99599,46.74385],[9.99618,46.74439],[9.9972,46.7446],[9.9981,46.74525],[9.99982,46.74586],[10.00075,46.74656],[10.00173,46.74658],[10.00367,46.74786],[10.00657,46.74876],[10.00783,46.74957],[10.0103,46.75006],[10.01082,46.75],[10.01368,46.75068],[10.01532,46.75046],[10.01781,46.75106],[10.01849,46.75092],[10.02022,46.75154],[10.02209,46.75153],[10.02264,46.75209],[10.02416,46.75246],[10.02487,46.75289],[10.02662,46.75327],[10.02751,46.75332],[10.0297,46.75298]],[[10.03592,46.75255],[10.0372,46.75257],[10.03756,46.75235],[10.04066,46.75186],[10.04179,46.75137],[10.0433,46.7516],[10.04463,46.7513],[10.04591,46.75072],[10.04671,46.75099],[10.04753,46.75037],[10.04975,46.74954],[10.05212,46.74978],[10.0531,46.74947],[10.05485,46.74978],[10.05652,46.75042],[10.05827,46.75015],[10.0595,46.74976],[10.06082,46.75005],[10.06175,46.7498],[10.06328,46.75002],[10.06415,46.74997],[10.06667,46.75074],[10.06964,46.75027],[10.07251,46.7494],[10.07402,46.74942],[10.07455,46.74957],[10.07883,46.74937],[10.08005,46.74979]]]}},{"type":"Feature","properties":{"id":"aval-fless-gr","c":"GR","p":"patent","q":"derived","k":"river"},"geometry":{"type":"MultiLineString","coordinates":[[[10.01834,46.79291],[10.01742,46.79216],[10.01664,46.79229],[10.0153,46.79199],[10.0139,46.79116],[10.01274,46.79084],[10.01217,46.79027],[10.01157,46.79003],[10.01079,46.78913],[10.00971,46.78884],[10.00834,46.78788],[10.00675,46.78707],[10.0059,46.78593],[10.0044,46.78462],[10.0032,46.78328],[10.00249,46.78168],[10.00266,46.78054],[10.00229,46.77887],[10.00274,46.77638],[10.00329,46.77576],[10.00393,46.77444],[10.00508,46.77417],[10.00643,46.77355],[10.00755,46.77253],[10.00921,46.7718],[10.01003,46.77163],[10.01083,46.77072],[10.01226,46.77021],[10.01293,46.76956],[10.01459,46.76843],[10.01538,46.76811],[10.01711,46.76683],[10.01799,46.76678],[10.01959,46.76508],[10.02078,46.76435],[10.02148,46.76334],[10.02246,46.7626],[10.02255,46.76207],[10.02308,46.76159],[10.02343,46.76004],[10.02329,46.75972],[10.02375,46.75935],[10.02371,46.75645],[10.02416,46.75515],[10.02467,46.75441],[10.02577,46.75362],[10.02618,46.75352],[10.02745,46.75372],[10.02797,46.75324]],[[10.02745,46.78966],[10.02615,46.79053],[10.02548,46.79078],[10.02474,46.79081],[10.02396,46.79124],[10.02338,46.7911],[10.02145,46.7911],[10.02006,46.7915],[10.01926,46.79205],[10.01897,46.79299]]]}},{"type":"Feature","properties":{"id":"ova-da-sarsura-gr","c":"GR","p":"patent","q":"derived","k":"river"},"geometry":{"type":"LineString","coordinates":[[10.01856,46.70798],[10.01854,46.70774],[10.01943,46.70685],[10.02022,46.70666],[10.02202,46.70668],[10.02382,46.70618],[10.02436,46.70621],[10.02667,46.70755],[10.02859,46.70836],[10.0302,46.70845],[10.031,46.70875],[10.03126,46.7087],[10.03141,46.70825],[10.03255,46.70769],[10.03406,46.70755],[10.03456,46.70779],[10.03511,46.70875],[10.03576,46.70907],[10.03726,46.71083],[10.03949,46.7114],[10.03991,46.71207],[10.04123,46.71241],[10.04264,46.71243],[10.04355,46.71283],[10.04457,46.71384],[10.04529,46.71406],[10.04573,46.71486],[10.04628,46.71692],[10.04879,46.71829],[10.05086,46.72002],[10.05195,46.72035],[10.05334,46.72021],[10.05523,46.72081],[10.05619,46.72131],[10.0571,46.72134],[10.05938,46.72211],[10.06345,46.72243],[10.06704,46.72382],[10.06799,46.72388],[10.06913,46.72432],[10.07179,46.72458],[10.07276,46.72439],[10.07367,46.72391],[10.07395,46.72314],[10.07462,46.72293],[10.0758,46.72201],[10.0774,46.72196]]}},{"type":"Feature","properties":{"id":"ova-sparsa-gr","c":"GR","p":"patent","q":"derived","k":"river"},"geometry":{"type":"LineString","coordinates":[[10.04756,46.70543],[10.04772,46.70582],[10.04848,46.70644],[10.0495,46.70678],[10.05077,46.70667],[10.05126,46.7068],[10.05216,46.70638],[10.0536,46.70633],[10.05606,46.70726],[10.05726,46.70796],[10.05856,46.71011],[10.06067,46.7122],[10.0614,46.71245],[10.06314,46.71355],[10.06473,46.71415],[10.06586,46.71444],[10.06742,46.71451],[10.06788,46.71478],[10.06811,46.71527],[10.06925,46.71605],[10.07028,46.71651],[10.07368,46.71748],[10.0747,46.71816],[10.07543,46.7184],[10.07622,46.71915],[10.07753,46.7196]]}},{"type":"Feature","properties":{"id":"ova-da-cluozza-gr","c":"GR","p":"patent","q":"derived","k":"river"},"geometry":{"type":"LineString","coordinates":[[10.12845,46.63598],[10.12795,46.63739],[10.12734,46.6378],[10.12706,46.63834],[10.1273,46.63885],[10.12692,46.63944],[10.12572,46.63954],[10.12452,46.64076],[10.12374,46.64076],[10.12363,46.64136],[10.12391,46.64196],[10.12368,46.64269],[10.124,46.64324],[10.1238,46.64435],[10.12479,46.64565],[10.12421,46.64708],[10.12429,46.64806],[10.12324,46.64911],[10.12324,46.65012],[10.12225,46.65165],[10.12183,46.65183],[10.12193,46.65221],[10.12158,46.6528],[10.12103,46.65337],[10.1201,46.65352],[10.11992,46.65369],[10.11958,46.65442],[10.11964,46.65502],[10.11919,46.65542],[10.11904,46.65657],[10.11866,46.65707],[10.11886,46.65797],[10.11846,46.65854],[10.11842,46.65903],[10.11747,46.66029],[10.11703,46.66163],[10.11596,46.66296],[10.11576,46.66404],[10.11527,46.66486],[10.11446,46.66543],[10.11343,46.66669],[10.11341,46.66774],[10.11395,46.6684],[10.11364,46.66969],[10.11221,46.67094],[10.11218,46.67143],[10.11144,46.67242],[10.11088,46.67289],[10.11039,46.67298],[10.11022,46.67324],[10.11037,46.67555],[10.11002,46.6758],[10.10998,46.67698],[10.11064,46.67889],[10.11104,46.67914],[10.11237,46.68161],[10.11252,46.68334],[10.11365,46.68478],[10.11395,46.68659],[10.11546,46.68761],[10.11525,46.68892],[10.11623,46.68924],[10.11644,46.69011],[10.11758,46.69047],[10.11785,46.69097],[10.11853,46.69127],[10.11829,46.69177],[10.11851,46.6921],[10.11816,46.69265],[10.1184,46.69338]]}},{"type":"Feature","properties":{"id":"ova-da-laschadura-gr","c":"GR","p":"patent","q":"derived","k":"river"},"geometry":{"type":"LineString","coordinates":[[10.18347,46.7074],[10.18173,46.70874],[10.18041,46.70909],[10.17917,46.70915],[10.1782,46.70946],[10.17656,46.7091],[10.17612,46.70876],[10.17556,46.70872],[10.17489,46.70892],[10.17359,46.70847],[10.17168,46.70894],[10.17096,46.70887],[10.16839,46.70923],[10.16691,46.70904],[10.16576,46.70866],[10.16483,46.70902],[10.16279,46.70895],[10.16237,46.70856],[10.1612,46.70804],[10.15834,46.70697],[10.15744,46.70628],[10.15709,46.70568],[10.1554,46.70536],[10.15403,46.70445],[10.15274,46.70387],[10.15166,46.70297],[10.15116,46.70166],[10.15002,46.70104],[10.14967,46.70023],[10.14921,46.7001],[10.14828,46.69934],[10.1473,46.69905],[10.14655,46.69835],[10.14383,46.69781],[10.14337,46.69742],[10.1431,46.69615],[10.14194,46.6952],[10.14139,46.69424],[10.14087,46.69387],[10.13958,46.69335],[10.13654,46.69166],[10.13477,46.69119],[10.13421,46.69065],[10.1333,46.69072],[10.13306,46.6906],[10.13233,46.68923],[10.13177,46.68891],[10.13218,46.68806]]}},{"type":"Feature","properties":{"id":"ova-da-val-ftur-gr","c":"GR","p":"patent","q":"derived","k":"river"},"geometry":{"type":"LineString","coordinates":[[10.20943,46.68701],[10.20823,46.68654],[10.20226,46.68535],[10.201,46.6834],[10.19954,46.68261],[10.19877,46.68196],[10.1957,46.67883],[10.19503,46.67687],[10.19403,46.67579],[10.19364,46.6734],[10.1925,46.67196],[10.19245,46.6716],[10.19293,46.67125],[10.19283,46.66936],[10.1939,46.66877],[10.19503,46.66692],[10.19574,46.66635],[10.19613,46.66552],[10.19662,46.66522],[10.19829,46.66307],[10.19983,46.66218]]}},{"type":"Feature","properties":{"id":"val-dal-botsch-gr","c":"GR","p":"patent","q":"derived","k":"river"},"geometry":{"type":"LineString","coordinates":[[10.24451,46.68477],[10.24319,46.68382],[10.24251,46.68224],[10.24182,46.68142],[10.23959,46.67963],[10.23799,46.67906],[10.23732,46.67862],[10.23682,46.6771],[10.23548,46.67611],[10.23501,46.67516],[10.23242,46.67263],[10.23159,46.67121],[10.23106,46.66951],[10.22996,46.66781],[10.22867,46.66651],[10.22781,46.6646],[10.22776,46.66426],[10.22814,46.66385],[10.22813,46.66302],[10.22796,46.66236],[10.22754,46.66203],[10.22707,46.66111],[10.2275,46.66047]]}},{"type":"Feature","properties":{"id":"ova-da-buffalora-gr","c":"GR","p":"patent","q":"derived","k":"river"},"geometry":{"type":"LineString","coordinates":[[10.26866,46.61857],[10.2688,46.61888],[10.26846,46.61984],[10.26696,46.62124],[10.26629,46.62152],[10.26448,46.62165],[10.26304,46.62121],[10.26263,46.62161],[10.26221,46.6217],[10.26162,46.62154],[10.26063,46.62066],[10.25868,46.62122],[10.25742,46.62209],[10.25764,46.62209],[10.2574,46.62272],[10.25784,46.62296],[10.25756,46.62309],[10.25793,46.62378],[10.25934,46.62445],[10.25922,46.62462],[10.26087,46.62441],[10.2609,46.62522],[10.26078,46.62535],[10.26061,46.62524],[10.26068,46.62538],[10.26042,46.62547],[10.26057,46.62566],[10.2603,46.62568],[10.26053,46.62584],[10.26012,46.62598],[10.26051,46.62619],[10.26026,46.62618],[10.26042,46.62642],[10.2601,46.62653],[10.26031,46.62816],[10.26012,46.62957],[10.26094,46.6309],[10.26101,46.63158],[10.26228,46.63299],[10.26559,46.63416],[10.2672,46.63428],[10.26783,46.63449],[10.26981,46.63456],[10.2701,46.63482],[10.2708,46.63495],[10.27194,46.63487],[10.27235,46.63509],[10.2729,46.63483],[10.27411,46.63482],[10.27344,46.63602],[10.27325,46.63719],[10.27263,46.63775],[10.27213,46.63865],[10.27313,46.63939],[10.2733,46.64049],[10.2739,46.64047],[10.27404,46.64072],[10.27484,46.64093],[10.27528,46.64135],[10.27595,46.64249],[10.27587,46.64287],[10.27487,46.64409],[10.27404,46.6445],[10.27196,46.6449],[10.26926,46.64489],[10.26741,46.64539],[10.26606,46.64655],[10.26498,46.64862]]}},{"type":"Feature","properties":{"id":"aval-val-pisch-gr","c":"GR","p":"patent","q":"derived","k":"river"},"geometry":{"type":"LineString","coordinates":[[10.4691,46.59222],[10.46882,46.59333],[10.46835,46.594],[10.46828,46.59488],[10.46557,46.5983],[10.46516,46.5992],[10.46502,46.60067],[10.46373,46.6024],[10.45906,46.60556],[10.45633,46.60857],[10.45384,46.6096],[10.45029,46.60979],[10.44799,46.61071],[10.44705,46.61151],[10.44709,46.61214],[10.44653,46.61256],[10.44641,46.61306],[10.44706,46.61563],[10.44651,46.61657]]}},{"type":"Feature","properties":{"id":"muranzina-gr","c":"GR","p":"patent","q":"derived","k":"river"},"geometry":{"type":"MultiLineString","coordinates":[[[10.42419,46.59511],[10.42381,46.59588],[10.42478,46.59703],[10.42504,46.59767],[10.42452,46.59861],[10.42454,46.59994],[10.42375,46.60107],[10.42246,46.60518]],[[10.43841,46.54886],[10.43839,46.54989],[10.43865,46.55038],[10.43834,46.55182],[10.43793,46.55235],[10.43819,46.55326],[10.43808,46.55385],[10.43733,46.55401],[10.43715,46.55424],[10.43699,46.55507],[10.43632,46.55579],[10.43655,46.55684],[10.43584,46.55774],[10.43553,46.55862],[10.43511,46.55906],[10.43447,46.55932],[10.43394,46.56042],[10.43422,46.56115],[10.43559,46.56296],[10.43676,46.56534],[10.43653,46.56638],[10.43664,46.56865],[10.43739,46.56927],[10.43762,46.56974],[10.43731,46.57076],[10.43739,46.57157],[10.43856,46.5737],[10.43974,46.57763],[10.44015,46.57801],[10.44016,46.57886],[10.43993,46.57925],[10.439,46.57969],[10.43725,46.58196],[10.43578,46.58315],[10.43499,46.58353],[10.43404,46.58441],[10.43311,46.58477],[10.43242,46.58533],[10.43267,46.58595],[10.43082,46.58831],[10.43001,46.58891],[10.42885,46.59137],[10.42679,46.59318],[10.42503,46.59424],[10.42437,46.59486]],[[10.44239,46.53514],[10.4405,46.53779],[10.43977,46.53927],[10.43981,46.54039],[10.43952,46.54107],[10.43971,46.54129],[10.43949,46.54164],[10.43984,46.54338],[10.4398,46.54496],[10.43939,46.546],[10.4387,46.5465],[10.43866,46.54756]]]}},{"type":"Feature","properties":{"id":"aval-prasuera-gr","c":"GR","p":"patent","q":"derived","k":"river"},"geometry":{"type":"LineString","coordinates":[[10.4679,46.54593],[10.46634,46.54557],[10.46501,46.5466],[10.46388,46.54676],[10.46318,46.55025],[10.46224,46.55118],[10.46235,46.55186],[10.46202,46.55327],[10.46253,46.5541],[10.46255,46.55521],[10.46363,46.55772],[10.46279,46.5589],[10.46318,46.56223],[10.46292,46.56251],[10.46303,46.563],[10.4626,46.56344],[10.46272,46.56445],[10.46318,46.56511],[10.46287,46.56706],[10.46313,46.56836],[10.46248,46.56917],[10.4609,46.57034],[10.46052,46.57089],[10.46068,46.57137],[10.46029,46.5715],[10.46031,46.57239],[10.45998,46.57241],[10.45975,46.57275],[10.45938,46.5728],[10.45916,46.57304],[10.4584,46.57306],[10.45747,46.57351],[10.45703,46.5734],[10.45671,46.57361],[10.45635,46.57358],[10.45419,46.57452],[10.45309,46.57526],[10.44975,46.57595],[10.44829,46.57668],[10.44753,46.57747],[10.44693,46.57779],[10.44718,46.57876],[10.44573,46.5797],[10.4447,46.58083],[10.44249,46.58107],[10.44116,46.58086],[10.44015,46.57969],[10.43956,46.57935]]}},{"type":"Feature","properties":{"id":"aval-vau-gr","c":"GR","p":"patent","q":"derived","k":"river"},"geometry":{"type":"LineString","coordinates":[[10.37172,46.55664],[10.37127,46.55732],[10.36868,46.55904],[10.36576,46.56008],[10.36433,46.56079],[10.36124,46.56429],[10.36067,46.56563],[10.36099,46.56599],[10.36175,46.56629],[10.36356,46.56808],[10.36378,46.56869],[10.36341,46.56964],[10.3638,46.56984],[10.36541,46.57003],[10.36588,46.5706],[10.36595,46.57105],[10.3672,46.57182],[10.36799,46.57194],[10.36882,46.57246],[10.3705,46.57293],[10.37231,46.57378],[10.37522,46.57442],[10.37717,46.57539],[10.37819,46.57615],[10.38117,46.57649],[10.38242,46.57687],[10.38474,46.57696],[10.38624,46.57755],[10.38745,46.57774],[10.38824,46.58015],[10.39017,46.58157],[10.3914,46.58212],[10.39185,46.58258],[10.39156,46.58402],[10.39171,46.58508],[10.39215,46.58588],[10.39359,46.58729],[10.3969,46.58805],[10.39797,46.58887],[10.4001,46.58959],[10.40122,46.58973],[10.40363,46.59101],[10.40384,46.59167],[10.40696,46.5924],[10.40737,46.59293],[10.4074,46.59339],[10.40773,46.59364],[10.40914,46.5937],[10.41087,46.59434],[10.41277,46.59593],[10.4132,46.59677],[10.41288,46.59822],[10.41303,46.59894],[10.41338,46.59916],[10.41408,46.60032],[10.41426,46.60178],[10.41512,46.603]]}},{"type":"Feature","properties":{"id":"aval-rims-gr","c":"GR","p":"patent","q":"derived","k":"river"},"geometry":{"type":"MultiLineString","coordinates":[[[10.38766,46.56792],[10.38765,46.56897],[10.38672,46.57068],[10.38712,46.57188],[10.38666,46.57334],[10.38749,46.57462],[10.38843,46.57495],[10.3894,46.57559],[10.38753,46.57797]],[[10.39779,46.54908],[10.3962,46.55023],[10.3935,46.55279],[10.39334,46.55488],[10.39223,46.5563],[10.39174,46.55777],[10.39199,46.55852],[10.39185,46.55968],[10.38892,46.56166],[10.38815,46.56331]]]}},{"type":"Feature","properties":{"id":"aval-laider-gr","c":"GR","p":"patent","q":"derived","k":"river"},"geometry":{"type":"LineString","coordinates":[[10.36846,46.63908],[10.36697,46.63938],[10.36375,46.64088],[10.36142,46.64113],[10.3601,46.64094],[10.35961,46.64121],[10.35886,46.64082],[10.35752,46.63909],[10.35627,46.63849],[10.35473,46.63818],[10.35432,46.63776],[10.35378,46.63605],[10.3517,46.63404],[10.35106,46.63131],[10.34802,46.62912],[10.34796,46.62772],[10.34679,46.62673],[10.34684,46.62563],[10.34618,46.62492],[10.34576,46.62383],[10.34638,46.62267]]}},{"type":"Feature","properties":{"id":"aua-da-val-mora-gr","c":"GR","p":"patent","q":"derived","k":"river"},"geometry":{"type":"LineString","coordinates":[[10.34246,46.56744],[10.34278,46.56898],[10.34267,46.56978],[10.3421,46.57019],[10.34103,46.57009],[10.34062,46.5702],[10.3407,46.57066],[10.34011,46.57107],[10.33837,46.57095],[10.33783,46.57118],[10.3372,46.57105],[10.33566,46.57156],[10.33376,46.57158],[10.33314,46.57197],[10.33252,46.57343],[10.33206,46.5737],[10.3303,46.57391],[10.32981,46.57356],[10.32766,46.57337],[10.32468,46.57371],[10.32324,46.57456],[10.32327,46.57487],[10.32299,46.57511],[10.32219,46.57492],[10.32142,46.57535],[10.32098,46.57537],[10.32069,46.57574],[10.32022,46.57602],[10.31977,46.57604],[10.31917,46.57654],[10.3177,46.57642],[10.31579,46.57765],[10.3152,46.57771],[10.31385,46.57838],[10.3131,46.57909],[10.31258,46.58005],[10.31253,46.58188],[10.31143,46.58227],[10.31058,46.58363],[10.30966,46.58418],[10.30952,46.58457],[10.30853,46.58509],[10.30708,46.5854],[10.3052,46.58622],[10.30422,46.58634],[10.3034,46.58705],[10.3026,46.58711],[10.29977,46.58807],[10.29871,46.58918],[10.29702,46.5895],[10.29649,46.58992],[10.29532,46.59002],[10.29385,46.59127],[10.29279,46.59167],[10.29235,46.59215],[10.29126,46.5923],[10.29092,46.59263],[10.28934,46.59284],[10.28844,46.59323],[10.28782,46.59323],[10.28599,46.59386],[10.28525,46.59393],[10.28469,46.59456],[10.28378,46.59514],[10.28249,46.59549],[10.28209,46.59605],[10.28058,46.59636],[10.28009,46.597],[10.27857,46.59768],[10.27767,46.59791],[10.27716,46.5978],[10.27645,46.59811],[10.27553,46.59777],[10.27438,46.59774],[10.27352,46.59815],[10.27082,46.59881],[10.26872,46.5985],[10.26747,46.59796],[10.26583,46.59778],[10.26347,46.59647],[10.26262,46.5955],[10.261,46.59532],[10.26039,46.59455],[10.25958,46.59435],[10.25886,46.59375],[10.25816,46.59294],[10.25804,46.59223],[10.25601,46.59151],[10.25605,46.59117],[10.25544,46.59049],[10.25532,46.58997],[10.25457,46.58952],[10.25465,46.58896],[10.25387,46.58799],[10.25355,46.58668],[10.25256,46.58558],[10.25243,46.58488],[10.25179,46.58444],[10.2514,46.58279],[10.25014,46.58089],[10.24968,46.57975],[10.24857,46.57907],[10.24764,46.57809],[10.24737,46.57725],[10.24675,46.57648],[10.24575,46.57596]]}},{"type":"Feature","properties":{"id":"val-schumbraida-gr","c":"GR","p":"patent","q":"derived","k":"river"},"geometry":{"type":"LineString","coordinates":[[10.3453,46.55449],[10.34423,46.55521],[10.34306,46.55535],[10.34186,46.55597],[10.34014,46.55564],[10.3392,46.55597],[10.3381,46.55565],[10.33687,46.55572],[10.33596,46.55647],[10.33409,46.55734],[10.33347,46.55783],[10.33346,46.55966],[10.33307,46.56093],[10.33233,46.56167],[10.33269,46.56285],[10.33322,46.56321],[10.33285,46.5647],[10.33193,46.56592],[10.33198,46.56635],[10.3334,46.56818],[10.33332,46.56944],[10.33263,46.56989],[10.33255,46.57094],[10.33218,46.57136],[10.33112,46.57157],[10.32962,46.57245],[10.32802,46.57301],[10.32766,46.57337]]}},{"type":"Feature","properties":{"id":"valasela-gr","c":"GR","p":"patent","q":"derived","k":"river"},"geometry":{"type":"LineString","coordinates":[[10.11408,46.31575],[10.11301,46.31595],[10.11145,46.31655],[10.10981,46.31678],[10.10539,46.31549],[10.10447,46.31548],[10.10021,46.31338],[10.09861,46.31181],[10.09732,46.31156],[10.09657,46.31124],[10.09627,46.31085],[10.09571,46.31082],[10.09398,46.31012],[10.09301,46.31008],[10.0918,46.3097],[10.09067,46.30992],[10.08881,46.30965],[10.0876,46.30925],[10.08621,46.30926],[10.08439,46.30842],[10.0829,46.30827],[10.08229,46.30759],[10.08042,46.30681],[10.07924,46.30664],[10.07517,46.30511],[10.07424,46.30519],[10.07378,46.30506],[10.07203,46.30412],[10.07296,46.30262],[10.07294,46.30108],[10.07488,46.29876]]}},{"type":"Feature","properties":{"id":"val-pednal-gr","c":"GR","p":"patent","q":"derived","k":"river"},"geometry":{"type":"LineString","coordinates":[[9.99745,46.28969],[9.9986,46.29032],[9.99952,46.2906],[10.00189,46.29209],[10.00244,46.29262],[10.00253,46.2934],[10.00399,46.29441],[10.00541,46.29465],[10.00646,46.29462],[10.00854,46.29422],[10.00959,46.29442],[10.0114,46.29432],[10.01211,46.29466],[10.01405,46.29442],[10.01506,46.29456],[10.01803,46.29451],[10.01895,46.29478],[10.02145,46.29465],[10.02374,46.29572],[10.02512,46.29543],[10.0258,46.29591],[10.02573,46.29693],[10.02633,46.29774],[10.02683,46.29789],[10.02758,46.29779],[10.02915,46.29834],[10.03342,46.3006],[10.03488,46.30097],[10.03568,46.30077],[10.038,46.30135],[10.03884,46.30126],[10.03926,46.30157],[10.03988,46.3016],[10.04054,46.30188],[10.04103,46.30222],[10.0412,46.30275],[10.0418,46.303],[10.04244,46.30361],[10.04233,46.30398],[10.04469,46.30511],[10.04498,46.30544],[10.0457,46.30558],[10.04617,46.30595],[10.04626,46.30635],[10.04698,46.3069],[10.04741,46.30711],[10.04829,46.30711],[10.0497,46.30801],[10.05187,46.30874],[10.05232,46.30923],[10.05343,46.30976],[10.05583,46.30964],[10.05719,46.30898],[10.06033,46.30929],[10.06309,46.30874],[10.06608,46.3084]]}},{"type":"Feature","properties":{"id":"val-d-urse-gr","c":"GR","p":"patent","q":"derived","k":"river"},"geometry":{"type":"MultiLineString","coordinates":[[[9.99055,46.32881],[9.99216,46.32879],[9.99257,46.32897],[9.9969,46.32811],[9.99773,46.32843],[9.99838,46.32845],[10.00036,46.32782],[10.00118,46.32785],[10.00213,46.32747],[10.00426,46.3281],[10.00571,46.32808],[10.00688,46.32777],[10.00811,46.32774],[10.00933,46.32742],[10.01002,46.32691],[10.01198,46.32647],[10.0134,46.32671],[10.01414,46.32637],[10.01521,46.32638],[10.01644,46.32567],[10.01757,46.32544],[10.01907,46.32453],[10.02135,46.32424],[10.02299,46.32371],[10.02601,46.32316],[10.02779,46.32247],[10.02865,46.32262],[10.02956,46.32231],[10.03026,46.32255],[10.03253,46.32277],[10.03489,46.32219],[10.03728,46.3226],[10.03858,46.3226],[10.03931,46.32236],[10.04074,46.32247],[10.04156,46.32219],[10.04258,46.32214],[10.04466,46.3217],[10.04526,46.32141],[10.04609,46.32143],[10.04763,46.32115],[10.04814,46.32085],[10.0489,46.32084],[10.0507,46.32025],[10.05313,46.31909]],[[10.05356,46.31889],[10.05637,46.31878],[10.05712,46.31856],[10.05897,46.31874]]]}},{"type":"Feature","properties":{"id":"acqua-da-pila-gr","c":"GR","p":"patent","q":"derived","k":"river"},"geometry":{"type":"LineString","coordinates":[[10.03079,46.39235],[10.03223,46.39117],[10.0334,46.38978],[10.03382,46.38904],[10.03369,46.38835],[10.03446,46.38767],[10.03497,46.38679],[10.03785,46.38666],[10.03818,46.38618],[10.04004,46.38529],[10.04049,46.38467],[10.04083,46.38251],[10.04114,46.38218],[10.04096,46.38153],[10.04124,46.38115],[10.04148,46.37977],[10.04135,46.37863],[10.04195,46.37759],[10.04228,46.37614],[10.04206,46.37517],[10.04261,46.37446],[10.04276,46.37358],[10.04244,46.37255],[10.04262,46.37176],[10.04227,46.37053],[10.04257,46.36972],[10.04251,46.36878],[10.04225,46.36738],[10.04181,46.36687],[10.04205,46.36562],[10.04189,46.36389]]}},{"type":"Feature","properties":{"id":"cavagliasch-gr","c":"GR","p":"patent","q":"derived","k":"river"},"geometry":{"type":"MultiLineString","coordinates":[[[10.00141,46.3725],[10.00196,46.37304],[10.00265,46.37327],[10.0038,46.37282],[10.00505,46.37292],[10.00687,46.37272],[10.00825,46.373],[10.00962,46.37304],[10.01058,46.37346],[10.01305,46.37339],[10.01369,46.37294],[10.01458,46.37315],[10.0152,46.37287],[10.0163,46.37314],[10.01756,46.37312],[10.01977,46.37352],[10.02057,46.37327],[10.02199,46.37337],[10.02343,46.37234]],[[10.02469,46.37166],[10.02619,46.37156],[10.02611,46.37107],[10.02653,46.37086],[10.02674,46.37024],[10.02933,46.36854],[10.0298,46.36776],[10.03059,46.36797],[10.03127,46.36788],[10.03172,46.36812],[10.03279,46.36806],[10.03539,46.36706],[10.03666,46.36715],[10.03771,46.36572],[10.03921,46.36535],[10.03986,46.36485],[10.04146,46.36414],[10.0423,46.3632],[10.04399,46.36307],[10.0461,46.3621],[10.04939,46.36009],[10.04846,46.35843],[10.04778,46.35777],[10.04888,46.35657],[10.04987,46.35592],[10.05135,46.35418],[10.05304,46.35318],[10.05486,46.3527],[10.05519,46.35214],[10.05661,46.35152],[10.05708,46.3507],[10.05689,46.34929],[10.05736,46.34916],[10.05828,46.34755],[10.05918,46.34701],[10.05992,46.34619],[10.0601,46.3455],[10.05992,46.34474]]]}},{"type":"Feature","properties":{"id":"val-dal-teo-gr","c":"GR","p":"patent","q":"derived","k":"river"},"geometry":{"type":"MultiLineString","coordinates":[[[10.11033,46.36321],[10.10976,46.36271],[10.10814,46.36245],[10.10684,46.36257],[10.10557,46.36311],[10.1046,46.36323],[10.10389,46.36353],[10.10199,46.36506],[10.10127,46.36549],[10.09885,46.36634],[10.09823,46.36692],[10.09545,46.36725],[10.09469,46.36702],[10.0936,46.36727],[10.09275,46.36726],[10.09056,46.36628],[10.08949,46.36555],[10.08891,46.36548],[10.08699,46.36407],[10.08399,46.36254],[10.08367,46.3621],[10.08217,46.36117],[10.07991,46.3608],[10.07659,46.36079],[10.07508,46.36038],[10.07249,46.36002],[10.07198,46.36011],[10.07073,46.3598],[10.06983,46.35986]],[[10.11554,46.36549],[10.11478,46.36574],[10.11322,46.36461]]]}},{"type":"Feature","properties":{"id":"val-da-camp-gr","c":"GR","p":"patent","q":"derived","k":"river"},"geometry":{"type":"MultiLineString","coordinates":[[[10.10817,46.39022],[10.10635,46.38972],[10.10593,46.38872],[10.10526,46.38865],[10.10368,46.38715],[10.10139,46.38769],[10.10072,46.38733],[10.10065,46.3868],[10.10025,46.3865],[10.09708,46.3862],[10.09608,46.38574],[10.0943,46.38596],[10.09361,46.38583],[10.09271,46.38623],[10.0914,46.38609],[10.09082,46.38657],[10.08968,46.38679],[10.08827,46.38633],[10.08806,46.38555],[10.08767,46.38509],[10.08519,46.3847],[10.08225,46.38554],[10.08136,46.38503],[10.07981,46.38548],[10.07917,46.38519],[10.07825,46.38578],[10.07743,46.38564],[10.07652,46.38577],[10.0755,46.38511],[10.07483,46.3853],[10.07344,46.38461],[10.07227,46.38449],[10.07183,46.38406],[10.07178,46.38367],[10.07079,46.3835]],[[10.11993,46.39419],[10.12,46.39374],[10.11939,46.3934],[10.1187,46.39342],[10.1178,46.39242],[10.11666,46.39235],[10.11565,46.39175],[10.11447,46.39162],[10.11332,46.39108],[10.11312,46.3907],[10.11253,46.3906],[10.11079,46.39083],[10.10948,46.39034]],[[10.12496,46.39847],[10.12438,46.39851],[10.12394,46.39835],[10.12369,46.39802],[10.12291,46.39792],[10.12231,46.39733],[10.12215,46.39538],[10.12133,46.39454],[10.11996,46.39431]]]}},{"type":"Feature","properties":{"id":"val-mera-gr","c":"GR","p":"patent","q":"derived","k":"river"},"geometry":{"type":"LineString","coordinates":[[10.09333,46.41707],[10.09355,46.41644],[10.09458,46.4152],[10.09449,46.41392],[10.09543,46.41288],[10.09563,46.4122],[10.09595,46.41194],[10.09801,46.41184],[10.09885,46.41149],[10.09924,46.41109],[10.10101,46.41059],[10.10134,46.41018],[10.10206,46.4101],[10.10316,46.4096],[10.10495,46.40948],[10.1055,46.40901],[10.1064,46.40873],[10.10679,46.40808],[10.10863,46.40787],[10.10978,46.40734],[10.1124,46.40553],[10.11282,46.40494],[10.11437,46.40454],[10.11564,46.40459],[10.11632,46.40442],[10.11709,46.40406],[10.11795,46.40327],[10.11876,46.40148],[10.11774,46.40022],[10.11779,46.39979],[10.11827,46.39927],[10.11824,46.39788],[10.11796,46.3963],[10.1172,46.39557],[10.11684,46.39452],[10.11666,46.39333],[10.11688,46.39237]]}},{"type":"Feature","properties":{"id":"ova-da-puelschezza-gr","c":"GR","p":"patent","q":"derived","k":"river"},"geometry":{"type":"LineString","coordinates":[[10.02795,46.69705],[10.02869,46.69719],[10.0294,46.69768],[10.03056,46.69801],[10.03373,46.69808],[10.03547,46.69763],[10.03585,46.69699],[10.03566,46.69632],[10.03595,46.69566],[10.03708,46.69542],[10.03767,46.69506],[10.03843,46.69407],[10.0382,46.69356],[10.03906,46.69331],[10.03958,46.69288],[10.03974,46.69226],[10.04038,46.69137],[10.04005,46.68993],[10.04146,46.68775],[10.04535,46.68488],[10.04592,46.68465],[10.04704,46.68329],[10.04888,46.68209],[10.05119,46.67879],[10.05158,46.67855],[10.05233,46.67854],[10.05348,46.67784],[10.05435,46.67777],[10.05607,46.67663],[10.05691,46.67588],[10.05771,46.67368],[10.05933,46.67265]]}},{"type":"Feature","properties":{"id":"ova-da-tantermozza-gr","c":"GR","p":"patent","q":"derived","k":"river"},"geometry":{"type":"LineString","coordinates":[[10.07155,46.62822],[10.07242,46.62916],[10.0724,46.62992],[10.07284,46.63114],[10.07392,46.63191],[10.07572,46.63198],[10.07674,46.63235],[10.07746,46.63305],[10.07901,46.63401],[10.07946,46.63461],[10.0797,46.63588],[10.08024,46.63664],[10.08052,46.63818],[10.08132,46.64023],[10.08148,46.64275],[10.08082,46.64379],[10.07822,46.64601],[10.07791,46.64649],[10.07786,46.64782],[10.07868,46.65342],[10.07936,46.65459],[10.07987,46.65488],[10.08035,46.65555],[10.08084,46.65659],[10.08089,46.65754],[10.08058,46.65849],[10.08136,46.65974],[10.08048,46.66059],[10.08032,46.66157],[10.0793,46.66224],[10.07838,46.66357],[10.07796,46.66373],[10.07711,46.66473],[10.07564,46.66528],[10.07439,46.66638],[10.07381,46.6674],[10.07235,46.66855],[10.06913,46.669],[10.0667,46.6689],[10.06558,46.66868],[10.06431,46.66908],[10.06389,46.66977],[10.06268,46.67038],[10.06196,46.67172],[10.06005,46.67307]]}},{"type":"Feature","properties":{"id":"ova-da-barlas-ch-gr","c":"GR","p":"patent","q":"derived","k":"river"},"geometry":{"type":"LineString","coordinates":[[9.98538,46.68681],[9.98509,46.68522],[9.98531,46.68435],[9.98621,46.6833],[9.98696,46.68283],[9.98789,46.68239],[9.99137,46.6818],[9.99232,46.68089],[9.99444,46.68009],[9.99612,46.6797],[9.99768,46.67883],[9.99963,46.67834],[10.00216,46.67693],[10.00463,46.67694],[10.00804,46.67556],[10.00884,46.67545],[10.00995,46.67489],[10.01222,46.67428],[10.01252,46.67399],[10.01311,46.67388],[10.01376,46.67309],[10.01427,46.67285],[10.01516,46.67296],[10.01805,46.67269],[10.01904,46.67279],[10.02053,46.67251],[10.02245,46.67245],[10.0266,46.67123],[10.02929,46.66875],[10.03007,46.6675],[10.03011,46.66674],[10.03056,46.6662],[10.03134,46.66546],[10.03206,46.6653],[10.0337,46.6639],[10.03425,46.66233],[10.03524,46.6616],[10.03562,46.66069],[10.03901,46.6587],[10.04004,46.65734],[10.04049,46.65722]]}},{"type":"Feature","properties":{"id":"ova-da-punt-ota-gr","c":"GR","p":"patent","q":"derived","k":"river"},"geometry":{"type":"LineString","coordinates":[[9.97241,46.68148],[9.97255,46.68097],[9.97337,46.68048],[9.97427,46.68039],[9.97492,46.68063],[9.97542,46.68028],[9.97641,46.68033],[9.97733,46.68011],[9.97771,46.67896],[9.97765,46.67838],[9.97709,46.67751],[9.97611,46.67673],[9.97617,46.67488],[9.97677,46.67383],[9.97796,46.67297],[9.97813,46.67226],[9.97849,46.67195],[9.97969,46.6714],[9.98085,46.67136],[9.98374,46.67052],[9.98621,46.66885],[9.98744,46.66848],[9.98786,46.66804],[9.98948,46.66773],[9.98958,46.66741],[9.99093,46.66692],[9.99104,46.66661],[9.99163,46.6666],[9.99214,46.666],[9.99368,46.66558],[9.99564,46.66466],[9.99833,46.66281],[9.99895,46.66209],[9.99967,46.66188],[10.00076,46.661],[10.00134,46.6609],[10.00259,46.65987],[10.00453,46.65868],[10.00514,46.65801],[10.00883,46.6562],[10.01086,46.65554],[10.01315,46.65517],[10.01406,46.65444],[10.01521,46.65423],[10.01664,46.65363],[10.01765,46.65275],[10.02251,46.65138],[10.02363,46.65134],[10.02601,46.65073],[10.02673,46.65074],[10.0296,46.65014],[10.03036,46.64947]]}},{"type":"Feature","properties":{"id":"vallember-gr","c":"GR","p":"patent","q":"derived","k":"river"},"geometry":{"type":"LineString","coordinates":[[9.92416,46.69048],[9.92228,46.69006],[9.92132,46.68937],[9.92062,46.6892],[9.92017,46.68886],[9.92018,46.68791],[9.92115,46.68688],[9.92051,46.68655],[9.92056,46.68614],[9.92154,46.68477],[9.92162,46.68405],[9.9209,46.68302],[9.9211,46.68195],[9.9208,46.68119],[9.92122,46.68042],[9.92013,46.67994],[9.91924,46.6785],[9.91959,46.67772],[9.91916,46.67688],[9.91936,46.67569],[9.92174,46.6734],[9.92229,46.67233],[9.92331,46.67237],[9.92516,46.6714],[9.92494,46.67067],[9.92529,46.66992],[9.92583,46.66958],[9.92603,46.66803],[9.92707,46.66562],[9.92945,46.66413],[9.93341,46.6626],[9.93421,46.66182],[9.93595,46.66132],[9.93639,46.66101],[9.93655,46.65837],[9.93724,46.65817],[9.93782,46.6577],[9.93856,46.65597],[9.93945,46.65507],[9.94026,46.6549],[9.94275,46.65371],[9.943,46.65335],[9.94433,46.65266],[9.94554,46.65239],[9.94644,46.65162],[9.94786,46.65103],[9.94878,46.65081],[9.95173,46.65079],[9.95432,46.64995],[9.95521,46.64923],[9.95614,46.64924],[9.95675,46.64892],[9.95724,46.64889],[9.9579,46.64916],[9.95835,46.64877],[9.95849,46.64794],[9.95928,46.64805],[9.96002,46.64768],[9.96073,46.64767],[9.96158,46.64695],[9.96403,46.64605],[9.9657,46.64607],[9.96627,46.64593],[9.97072,46.64388],[9.97134,46.64288],[9.97214,46.64231],[9.97442,46.64194],[9.97569,46.64101],[9.97679,46.64096],[9.97818,46.64065],[9.97901,46.64109],[9.97949,46.64107],[9.98051,46.6403],[9.98168,46.63986],[9.98246,46.63971],[9.98352,46.63978],[9.98521,46.63904],[9.98558,46.63816],[9.98646,46.63779],[9.98641,46.63711],[9.98744,46.63624],[9.99009,46.63522],[9.99122,46.63538],[9.99235,46.63513],[9.99539,46.63521],[9.99731,46.63437],[9.99925,46.63421],[10.00052,46.63417],[10.00167,46.63454],[10.00445,46.63426],[10.00818,46.63275],[10.00935,46.63285],[10.01032,46.63244],[10.01138,46.63273],[10.01498,46.63305],[10.01592,46.63346],[10.01757,46.63321]]}},{"type":"Feature","properties":{"id":"ova-da-viluoch-gr","c":"GR","p":"patent","q":"derived","k":"river"},"geometry":{"type":"LineString","coordinates":[[9.91079,46.6388],[9.91328,46.63659],[9.91399,46.6364],[9.91702,46.63689],[9.9189,46.63617],[9.92315,46.63583],[9.92644,46.63686],[9.92796,46.63749],[9.92852,46.63806],[9.92981,46.63858],[9.93032,46.63908],[9.93028,46.63972],[9.93138,46.64006],[9.93274,46.6408],[9.93388,46.64168],[9.9341,46.64215],[9.93673,46.64434],[9.93752,46.64588],[9.93749,46.64655],[9.93813,46.64724],[9.93965,46.64877],[9.94141,46.64959],[9.94175,46.65027],[9.94375,46.65169],[9.94456,46.6526]]}},{"type":"Feature","properties":{"id":"ova-funtauna-gr","c":"GR","p":"patent","q":"derived","k":"river"},"geometry":{"type":"LineString","coordinates":[[9.89189,46.63823],[9.89006,46.63861],[9.88836,46.63926],[9.88766,46.64005],[9.88589,46.64054],[9.88491,46.64103],[9.88482,46.64139],[9.88316,46.64268],[9.88306,46.64358],[9.88245,46.64437],[9.88127,46.64517],[9.88102,46.64574],[9.88115,46.64687],[9.88084,46.64754],[9.88057,46.64787],[9.87998,46.64797],[9.8802,46.64882],[9.87957,46.64933],[9.87964,46.65056],[9.87918,46.6531],[9.87984,46.65402],[9.88061,46.65465],[9.8808,46.65575],[9.88184,46.65669],[9.88261,46.65779],[9.88259,46.65862],[9.88307,46.66003],[9.88372,46.66062],[9.88387,46.6617],[9.8847,46.66211],[9.88713,46.66257],[9.8881,46.66337],[9.88928,46.66363],[9.88957,46.66424],[9.8934,46.66497],[9.89399,46.66489],[9.89461,46.66451],[9.89617,46.665],[9.8974,46.66485],[9.89791,46.6657],[9.89857,46.66582],[9.89976,46.66562],[9.90141,46.66612],[9.90298,46.66713],[9.90411,46.66743],[9.90548,46.66825],[9.90742,46.6688],[9.90765,46.6694],[9.90829,46.6699],[9.9099,46.6701],[9.91069,46.67086],[9.91147,46.67089],[9.91237,46.67129],[9.91715,46.67205],[9.91791,46.6724],[9.91856,46.67234],[9.92093,46.67293],[9.92213,46.67253]]}},{"type":"Feature","properties":{"id":"ova-da-varusch-gr","c":"GR","p":"patent","q":"derived","k":"river"},"geometry":{"type":"LineString","coordinates":[[10.08162,46.59195],[10.07955,46.59303],[10.07621,46.59589],[10.07451,46.59688],[10.07291,46.59741],[10.07073,46.59889],[10.06993,46.59918],[10.06914,46.59924],[10.0678,46.59985],[10.06566,46.60008],[10.0646,46.60068],[10.06394,46.60058],[10.06155,46.60121],[10.06097,46.60155],[10.0607,46.60215],[10.05965,46.60267],[10.05901,46.60296],[10.05807,46.60305],[10.05664,46.60392],[10.05576,46.60404],[10.05534,46.60438],[10.05454,46.60447],[10.05228,46.60554],[10.04778,46.60573],[10.04571,46.60617],[10.04534,46.60647],[10.04347,46.60636],[10.04195,46.60664],[10.04145,46.60644],[10.03951,46.60669],[10.03692,46.60666],[10.03517,46.60686],[10.03411,46.60665],[10.03156,46.60758],[10.02995,46.60792],[10.02933,46.60836],[10.02819,46.60869],[10.02729,46.6093],[10.02628,46.60967],[10.02382,46.60993],[10.02202,46.61048],[10.02094,46.61035],[10.02013,46.61096],[10.01856,46.61143],[10.0184,46.6118],[10.01744,46.61238],[10.01622,46.61274],[10.01634,46.61308],[10.01583,46.61341],[10.01443,46.61348],[10.01413,46.61462],[10.01341,46.61528],[10.01356,46.61575],[10.01334,46.61632],[10.01187,46.61691],[10.01284,46.61815],[10.01189,46.61858],[10.0114,46.61929],[10.01055,46.61948],[10.00839,46.62108],[10.00863,46.62186],[10.00842,46.6222],[10.00713,46.62255]]}},{"type":"Feature","properties":{"id":"ova-da-chaschauna-gr","c":"GR","p":"patent","q":"derived","k":"river"},"geometry":{"type":"LineString","coordinates":[[10.04184,46.55154],[10.04286,46.5517],[10.04335,46.55129],[10.04513,46.55092],[10.04764,46.55105],[10.04837,46.55054],[10.04987,46.54997],[10.05194,46.55098],[10.05287,46.55124],[10.05584,46.55127],[10.05633,46.55154],[10.05684,46.55218],[10.05713,46.55497],[10.05852,46.55726],[10.05888,46.55744],[10.05907,46.55798],[10.05958,46.55839],[10.06031,46.56024],[10.06065,46.56427],[10.06045,46.56477],[10.06047,46.56649],[10.06001,46.56675],[10.05914,46.56851],[10.05682,46.57116],[10.05629,46.57258],[10.05447,46.57428],[10.05389,46.5745],[10.05331,46.57524],[10.05339,46.57577],[10.05287,46.57605],[10.05194,46.57726],[10.05106,46.57755],[10.05094,46.57811],[10.0505,46.57844],[10.05025,46.57902],[10.0498,46.57915],[10.04885,46.58024],[10.04789,46.58091],[10.04671,46.58148],[10.04442,46.58173],[10.04387,46.5821],[10.04314,46.58189],[10.0415,46.58233],[10.04009,46.58234],[10.03938,46.58281],[10.03841,46.58299],[10.03708,46.58355],[10.03673,46.58401],[10.03489,46.58409],[10.03483,46.58453],[10.03417,46.58463],[10.03336,46.58522],[10.03239,46.58535],[10.03106,46.58602],[10.02982,46.58696],[10.02937,46.58812],[10.02968,46.58844],[10.02961,46.58919],[10.02837,46.59034],[10.02825,46.59093],[10.02755,46.59171],[10.02758,46.59241],[10.02708,46.59312],[10.02522,46.59416],[10.0251,46.59467],[10.02433,46.59508],[10.02395,46.5956],[10.02374,46.59673],[10.0241,46.5973],[10.02396,46.59819],[10.02457,46.59886],[10.02436,46.59941],[10.02456,46.59963],[10.02449,46.60018],[10.02571,46.60336],[10.02554,46.60575],[10.0249,46.60702],[10.02566,46.60825],[10.02535,46.60894],[10.02583,46.60925],[10.02596,46.60975]]}},{"type":"Feature","properties":{"id":"ova-da-vaueglia-gr","c":"GR","p":"patent","q":"derived","k":"river"},"geometry":{"type":"LineString","coordinates":[[10.00192,46.56278],[10.00287,46.56288],[10.0045,46.56426],[10.00615,46.56495],[10.00889,46.56649],[10.01106,46.56701],[10.01102,46.56754],[10.01165,46.56817],[10.01361,46.5692],[10.01476,46.57018],[10.01591,46.57064],[10.01739,46.57497],[10.01705,46.57544],[10.01714,46.57575],[10.01898,46.57698],[10.01907,46.57858],[10.01858,46.57936],[10.01863,46.57968],[10.0201,46.58091],[10.0208,46.58123],[10.02226,46.58282],[10.02473,46.58432],[10.02641,46.5858],[10.02786,46.58754],[10.02895,46.58817],[10.02937,46.58812]]}},{"type":"Feature","properties":{"id":"ova-da-mueschauns-gr","c":"GR","p":"patent","q":"derived","k":"river"},"geometry":{"type":"LineString","coordinates":[[10.09367,46.60964],[10.09263,46.60985],[10.09145,46.61039],[10.09058,46.61236],[10.08995,46.61271],[10.08922,46.61349],[10.0871,46.61447],[10.086,46.61562],[10.08575,46.61672],[10.08505,46.61731],[10.08489,46.61777],[10.08421,46.61823],[10.08355,46.61812],[10.08248,46.61754],[10.08141,46.61771],[10.07672,46.61738],[10.07611,46.61748],[10.07357,46.61691],[10.07183,46.61696],[10.07123,46.61682],[10.07082,46.61644],[10.06983,46.61635],[10.06911,46.61542],[10.06818,46.6149],[10.06641,46.61321],[10.06492,46.61223],[10.06455,46.61139],[10.06382,46.61099],[10.06346,46.61047],[10.06267,46.60989],[10.06035,46.6088],[10.05999,46.60795],[10.05941,46.6076],[10.05866,46.60746],[10.05781,46.60671],[10.05782,46.60629],[10.05612,46.60481],[10.05534,46.60438]]}},{"type":"Feature","properties":{"id":"ova-d-arpiglia-gr","c":"GR","p":"patent","q":"derived","k":"river"},"geometry":{"type":"LineString","coordinates":[[9.99041,46.57282],[9.99138,46.57458],[9.9909,46.57519],[9.99024,46.57546],[9.98962,46.57642],[9.98976,46.57696],[9.98928,46.57838],[9.9892,46.57998],[9.98966,46.58049],[9.9897,46.58126],[9.98881,46.58349],[9.98919,46.5845],[9.98899,46.5852],[9.98599,46.58681],[9.98463,46.58809],[9.98268,46.58871],[9.9804,46.58878],[9.97937,46.5883],[9.97689,46.58817],[9.97336,46.58938],[9.97248,46.59098],[9.97133,46.59144],[9.97102,46.59199],[9.97111,46.59237],[9.9704,46.59312],[9.96956,46.59341],[9.96703,46.59534],[9.96531,46.59626],[9.96385,46.59757],[9.96378,46.59785]]}},{"type":"Feature","properties":{"id":"ova-da-fuschina-gr","c":"GR","p":"patent","q":"derived","k":"river"},"geometry":{"type":"LineString","coordinates":[[9.93448,46.61573],[9.93559,46.61421],[9.93807,46.61179],[9.94021,46.61027],[9.94359,46.60898],[9.94417,46.60859],[9.94501,46.60712],[9.94656,46.60604],[9.94774,46.60454],[9.94847,46.60418],[9.94998,46.60256],[9.95023,46.60266],[9.95074,46.6023],[9.95254,46.60193],[9.95391,46.60136],[9.95773,46.60089],[9.95997,46.60028],[9.96063,46.59983],[9.96419,46.59955]]}},{"type":"Feature","properties":{"id":"ova-d-es-cha-gr","c":"GR","p":"patent","q":"derived","k":"river"},"geometry":{"type":"MultiLineString","coordinates":[[[9.89808,46.62112],[9.89849,46.62111]],[[9.89903,46.62095],[9.90287,46.61832],[9.9034,46.61704],[9.90263,46.61623],[9.90243,46.61522],[9.90321,46.61461],[9.90343,46.61405],[9.90384,46.61372],[9.90378,46.61333],[9.90498,46.61216],[9.90499,46.61151],[9.90542,46.61138]],[[9.90576,46.61126],[9.90672,46.61051],[9.90763,46.61029],[9.90801,46.60988],[9.9095,46.60925],[9.91077,46.60819],[9.91162,46.6069],[9.91213,46.6041],[9.91367,46.60139],[9.9118,46.59987],[9.91291,46.5987],[9.91501,46.59803],[9.91521,46.59731],[9.91689,46.59576],[9.91752,46.59563],[9.91795,46.59518],[9.91852,46.59504],[9.91924,46.59444],[9.91991,46.5934],[9.92054,46.59301],[9.92213,46.59251],[9.92356,46.59238],[9.92483,46.59195],[9.92784,46.59214],[9.92875,46.59263],[9.92973,46.59241],[9.93056,46.59176],[9.93078,46.59038],[9.93205,46.58907],[9.93332,46.58817],[9.93414,46.58725],[9.93639,46.58643],[9.93653,46.58471]]]}},{"type":"Feature","properties":{"id":"ova-d-alvra-gr","c":"GR","p":"patent","q":"derived","k":"river"},"geometry":{"type":"MultiLineString","coordinates":[[[9.83588,46.59267],[9.83484,46.5909],[9.8341,46.59038],[9.83457,46.58785],[9.8366,46.58718],[9.83833,46.58618],[9.84004,46.58603],[9.84094,46.58574],[9.8413,46.58522],[9.84187,46.58495],[9.84274,46.58379],[9.84388,46.58373],[9.84555,46.58335],[9.84607,46.58346]],[[9.85093,46.58534],[9.85339,46.58585],[9.85419,46.58587],[9.85519,46.58643],[9.85591,46.58731],[9.85671,46.58732],[9.85736,46.5878],[9.85871,46.58801],[9.85992,46.58798],[9.86135,46.58755],[9.86332,46.58786],[9.86426,46.58817],[9.86599,46.58806],[9.86742,46.58835],[9.86928,46.5883],[9.87,46.58798],[9.87215,46.58832],[9.8739,46.58835],[9.87451,46.58811],[9.87583,46.58822],[9.87665,46.58779],[9.87916,46.5879],[9.87961,46.58764],[9.88076,46.58791],[9.88121,46.58767],[9.88319,46.58765],[9.88386,46.58742],[9.88505,46.58767],[9.88589,46.58814],[9.88639,46.58804],[9.88737,46.58848],[9.88837,46.58852],[9.88947,46.5883],[9.89052,46.58767],[9.89122,46.58794],[9.89171,46.58774],[9.89396,46.58759],[9.89506,46.58707],[9.89764,46.58655],[9.89828,46.58615],[9.90054,46.5859],[9.90117,46.58543],[9.90105,46.58481],[9.90154,46.58438],[9.90222,46.58421],[9.90275,46.58353],[9.90365,46.58308],[9.9048,46.58284],[9.90549,46.58235],[9.90633,46.5823],[9.90677,46.58198],[9.90779,46.58192],[9.90908,46.58137],[9.90944,46.581],[9.9117,46.5814],[9.91296,46.58116],[9.91364,46.58057],[9.91516,46.58102],[9.91608,46.58088],[9.91728,46.58101],[9.91804,46.58049],[9.91957,46.57996],[9.92298,46.58039],[9.92494,46.58003],[9.9262,46.57957]]]}},{"type":"Feature","properties":{"id":"ova-pischa-gr","c":"GR","p":"patent","q":"derived","k":"river"},"geometry":{"type":"LineString","coordinates":[[9.87475,46.61433],[9.87547,46.61396],[9.87606,46.61324],[9.87741,46.61281],[9.87892,46.61112],[9.87885,46.61015],[9.87787,46.60929],[9.87811,46.60878],[9.87867,46.60874],[9.87889,46.60828],[9.87974,46.60766],[9.88119,46.60738],[9.88511,46.60526],[9.88707,46.6052],[9.88771,46.60535],[9.88892,46.60464],[9.8896,46.60447],[9.89009,46.6046],[9.89089,46.60422],[9.89165,46.60431],[9.89353,46.60404],[9.89422,46.60357],[9.89551,46.60342],[9.89699,46.60268],[9.89921,46.60238],[9.90044,46.60199],[9.90181,46.60194],[9.90347,46.60126],[9.90448,46.60116],[9.90496,46.60073],[9.90619,46.60077],[9.90662,46.60062],[9.90709,46.60083],[9.90811,46.6003],[9.91047,46.60009],[9.91077,46.59984],[9.91139,46.59981],[9.91206,46.59948]]}},{"type":"Feature","properties":{"id":"ova-burdun-gr","c":"GR","p":"patent","q":"derived","k":"river"},"geometry":{"type":"MultiLineString","coordinates":[[[9.95631,46.52123],[9.95673,46.5213],[9.95698,46.52181],[9.9589,46.52284]],[[9.95894,46.52394],[9.9598,46.52453],[9.96147,46.52479],[9.96224,46.52522],[9.96229,46.52565],[9.96148,46.52689],[9.96156,46.52774],[9.96123,46.52889],[9.96134,46.53153],[9.9615,46.5322],[9.9624,46.53246],[9.96316,46.53366],[9.96318,46.53519],[9.96214,46.53591],[9.96352,46.5398],[9.96492,46.54131],[9.9657,46.54181],[9.96628,46.54278],[9.96777,46.54425],[9.96893,46.54679],[9.97208,46.54851],[9.97227,46.54916],[9.97336,46.55021],[9.97278,46.55082]]]}},{"type":"Feature","properties":{"id":"ova-lavirun-gr","c":"GR","p":"patent","q":"derived","k":"river"},"geometry":{"type":"LineString","coordinates":[[10.04709,46.52158],[10.04356,46.52281],[10.04275,46.52287],[10.03894,46.52226],[10.03824,46.52272],[10.03719,46.52299],[10.03608,46.52421],[10.03468,46.52501],[10.03384,46.52588],[10.03287,46.5264],[10.03267,46.52678],[10.03108,46.52758],[10.03045,46.52815],[10.02975,46.52963],[10.02981,46.53012],[10.02891,46.5306],[10.02831,46.5313],[10.02654,46.53215],[10.02635,46.53266],[10.02551,46.53318],[10.02431,46.53445],[10.02338,46.535],[10.02269,46.53605],[10.02183,46.53645],[10.02137,46.53697],[10.01996,46.53761],[10.01894,46.53843],[10.01791,46.53853],[10.01726,46.53882],[10.01461,46.53855],[10.01329,46.53885],[10.01277,46.53953],[10.01205,46.53945],[10.01089,46.53987],[10.00906,46.53978],[10.00744,46.54008],[10.00599,46.53975],[10.00434,46.53998],[10.00307,46.5399],[10.00236,46.54009],[10.00167,46.54004],[9.99738,46.54104],[9.9956,46.5419],[9.99464,46.54164],[9.99356,46.54233],[9.9925,46.54268],[9.99183,46.54268],[9.98998,46.54206],[9.98901,46.54191],[9.98874,46.54248]]}},{"type":"Feature","properties":{"id":"ova-pruena-gr","c":"GR","p":"patent","q":"derived","k":"river"},"geometry":{"type":"LineString","coordinates":[[9.97053,46.48406],[9.97144,46.48419],[9.97207,46.48455],[9.97234,46.48566],[9.97399,46.48929],[9.97395,46.48991],[9.97332,46.4904],[9.97289,46.49111],[9.97325,46.49175],[9.97269,46.49423],[9.97187,46.49509],[9.97141,46.49645],[9.97086,46.49692],[9.9709,46.49809],[9.9701,46.49917],[9.9707,46.50074],[9.97043,46.50211],[9.97134,46.50358],[9.97204,46.50401],[9.97228,46.505],[9.97299,46.50613],[9.97365,46.50782],[9.97347,46.50893],[9.97374,46.5097],[9.97459,46.51118],[9.97506,46.51138],[9.97573,46.51224],[9.97641,46.51353],[9.97633,46.51385],[9.97744,46.51487],[9.97796,46.51596],[9.97885,46.51659],[9.97946,46.51742],[9.98129,46.51856],[9.98163,46.5192],[9.98252,46.51957],[9.98345,46.52041],[9.98414,46.52072],[9.98492,46.52162],[9.98561,46.52175],[9.98603,46.52216],[9.98608,46.52308],[9.98717,46.52316],[9.98742,46.52342],[9.98744,46.52426],[9.98902,46.52542],[9.99004,46.52673],[9.99059,46.52703],[9.99181,46.52707],[9.99237,46.52819]]}},{"type":"Feature","properties":{"id":"ova-pruenella-gr","c":"GR","p":"patent","q":"derived","k":"river"},"geometry":{"type":"LineString","coordinates":[[9.9958,46.48109],[9.99699,46.48036],[9.99778,46.48044],[9.99902,46.48163],[10.00005,46.48193],[10.001,46.48317],[10.00113,46.48567],[10.00076,46.48633],[10.00086,46.48737],[10.00007,46.48935],[10.00006,46.49019],[9.99913,46.49173],[9.99908,46.49319],[9.9991,46.49402],[9.99949,46.49491],[9.99937,46.49589],[9.99974,46.49657],[9.9997,46.49761],[10.00046,46.50026],[10.00125,46.50182],[10.00183,46.50234],[10.00196,46.50306],[10.00278,46.50347],[10.00349,46.5041],[10.00401,46.50537],[10.00472,46.5059],[10.00459,46.50626],[10.00533,46.5068],[10.0068,46.50736],[10.00803,46.50851],[10.00845,46.50856],[10.00881,46.50885]]}},{"type":"Feature","properties":{"id":"beverin-gr","c":"GR","p":"patent","q":"derived","k":"river"},"geometry":{"type":"MultiLineString","coordinates":[[[9.71945,46.5157],[9.71923,46.51614],[9.71857,46.51613],[9.71716,46.51702],[9.71643,46.51726]],[[9.71669,46.51863],[9.71862,46.52098],[9.71884,46.52147],[9.71874,46.52208],[9.71952,46.52256],[9.72098,46.52204],[9.72288,46.52228],[9.7246,46.52356],[9.72602,46.52391],[9.72735,46.5249],[9.7289,46.52572],[9.73076,46.52537],[9.73194,46.52491],[9.73344,46.52476],[9.73527,46.52488],[9.73836,46.52638],[9.73879,46.52678],[9.73959,46.52704],[9.74033,46.52703],[9.74045,46.52746],[9.74137,46.52799],[9.74243,46.52904],[9.74262,46.52963],[9.74368,46.5304],[9.74485,46.53224],[9.74629,46.53349],[9.74821,46.53463],[9.74858,46.53553],[9.74823,46.53594],[9.74884,46.53641],[9.7493,46.53732],[9.75021,46.53793],[9.75038,46.5383],[9.752,46.53911],[9.75321,46.54001],[9.75408,46.54032],[9.75676,46.54223],[9.75751,46.54235],[9.7589,46.54309],[9.76134,46.5434],[9.76185,46.54367],[9.76497,46.54367],[9.76724,46.5442],[9.76841,46.54499],[9.76911,46.5449],[9.76952,46.54523],[9.77006,46.54532],[9.77039,46.54572],[9.77077,46.54577],[9.77091,46.54611],[9.77124,46.54611],[9.77191,46.54656],[9.77302,46.54678],[9.77356,46.54751],[9.77398,46.54735],[9.77466,46.54804],[9.77533,46.54824],[9.77503,46.54889],[9.77601,46.54977],[9.77811,46.54972],[9.77861,46.55078],[9.78035,46.5515],[9.78182,46.55142],[9.78299,46.55174],[9.78587,46.55215],[9.78646,46.55277],[9.7882,46.55386],[9.79097,46.55483],[9.7921,46.55493],[9.79391,46.55565],[9.79466,46.55554],[9.79587,46.55599],[9.79733,46.55679],[9.79732,46.55791],[9.79944,46.55814],[9.80238,46.55937],[9.80291,46.55976],[9.80569,46.56041],[9.80661,46.56114],[9.80739,46.56146],[9.80799,46.56158],[9.80912,46.56123],[9.81132,46.56192],[9.81339,46.56186],[9.81449,46.56228],[9.81495,46.56275],[9.8168,46.56252],[9.81859,46.56306],[9.81979,46.56277],[9.82049,46.56278],[9.82096,46.56302],[9.82331,46.56267],[9.82708,46.56285],[9.82967,46.56213],[9.83118,46.56232],[9.83187,46.56197],[9.83286,46.56197],[9.83368,46.56168],[9.83533,46.56166],[9.83683,46.5608],[9.8383,46.56123],[9.83925,46.5605],[9.84031,46.56029],[9.84111,46.55977],[9.8422,46.5598],[9.84298,46.55943],[9.84541,46.56008],[9.84781,46.55989],[9.84957,46.55901],[9.85034,46.55915],[9.85158,46.55904],[9.8526,46.55819],[9.85349,46.55798],[9.8538,46.55753],[9.85661,46.55711],[9.85813,46.55635],[9.85915,46.5562],[9.85933,46.55582],[9.85979,46.55558],[9.86078,46.55541],[9.86166,46.55565],[9.86268,46.55537],[9.86477,46.55555],[9.86539,46.55545],[9.86601,46.55509],[9.86677,46.55506],[9.86745,46.5544],[9.86892,46.55367],[9.86963,46.55353],[9.87069,46.55299],[9.87174,46.55291],[9.87204,46.55243],[9.87248,46.55226],[9.87455,46.55202],[9.87825,46.55244],[9.87979,46.5521],[9.88108,46.5521],[9.88238,46.55109],[9.88789,46.54898],[9.89484,46.54786],[9.89764,46.54767],[9.89997,46.54792]]]}},{"type":"Feature","properties":{"id":"valletta-da-bever-gr","c":"GR","p":"patent","q":"derived","k":"river"},"geometry":{"type":"LineString","coordinates":[[9.82372,46.53791],[9.82542,46.53729],[9.82672,46.53715],[9.82698,46.53725],[9.82785,46.53698],[9.82938,46.53685],[9.8299,46.53729],[9.83525,46.53994],[9.83574,46.54],[9.83683,46.53973],[9.83773,46.53995],[9.8382,46.54035],[9.8382,46.5407],[9.83918,46.54148],[9.83911,46.54209],[9.83991,46.54369],[9.8396,46.54438],[9.84151,46.54564],[9.84189,46.54628],[9.84346,46.54771],[9.84459,46.55029],[9.84479,46.55213],[9.84605,46.55374],[9.84591,46.55433],[9.84614,46.55496],[9.84712,46.55631],[9.8477,46.5576],[9.84753,46.55823],[9.84802,46.55836],[9.84929,46.55827],[9.84981,46.55847],[9.85146,46.55816],[9.85241,46.55822]]}},{"type":"Feature","properties":{"id":"ova-da-val-champagna-gr","c":"GR","p":"patent","q":"derived","k":"river"},"geometry":{"type":"MultiLineString","coordinates":[[[9.9389,46.51435],[9.93739,46.51504],[9.93682,46.51571],[9.93559,46.51611],[9.93473,46.51672],[9.93283,46.51735],[9.93144,46.51763],[9.93061,46.51759],[9.92949,46.51807],[9.92787,46.51969],[9.92646,46.52009],[9.92504,46.52116],[9.92351,46.52167],[9.92167,46.52331],[9.91981,46.52384],[9.91908,46.52483],[9.91603,46.52618],[9.91291,46.52821],[9.91199,46.52858],[9.91143,46.52912],[9.90963,46.52981],[9.90872,46.53092],[9.90781,46.53134],[9.90256,46.53479],[9.90219,46.5352],[9.90204,46.53606],[9.90144,46.53681],[9.90066,46.53713],[9.90035,46.53781],[9.89966,46.53823],[9.89887,46.53924],[9.89385,46.54073],[9.89321,46.54151],[9.89308,46.54266]],[[9.8963,46.54408],[9.89655,46.54422],[9.89846,46.54435],[9.89958,46.54467],[9.89994,46.54451]],[[9.90032,46.5478],[9.90011,46.54801]]]}},{"type":"Feature","properties":{"id":"ova-da-suvretta-gr","c":"GR","p":"patent","q":"derived","k":"river"},"geometry":{"type":"LineString","coordinates":[[9.77843,46.50984],[9.77569,46.51],[9.77432,46.50951],[9.77365,46.50979],[9.77192,46.50974],[9.76979,46.51073],[9.76974,46.51102],[9.76994,46.51212],[9.77014,46.51257],[9.77058,46.51281],[9.77157,46.51586],[9.77162,46.51748],[9.77229,46.51949],[9.77216,46.52035],[9.77251,46.52145],[9.77288,46.52178],[9.77259,46.52275],[9.77403,46.52442],[9.77397,46.52567],[9.7746,46.52605],[9.77454,46.52652],[9.7751,46.52807],[9.77631,46.5293],[9.77667,46.53019],[9.77657,46.53117],[9.77695,46.53322],[9.77638,46.53483],[9.77651,46.53567],[9.77576,46.53608],[9.77548,46.53778],[9.77475,46.53833],[9.77471,46.53906],[9.77398,46.54017],[9.77372,46.54153],[9.77459,46.54213],[9.77431,46.54245],[9.77472,46.54284],[9.77431,46.54337],[9.77477,46.54406],[9.77456,46.54471],[9.77511,46.54529],[9.77482,46.54649],[9.77561,46.5471],[9.77533,46.54824]]}},{"type":"Feature","properties":{"id":"ova-da-muragl-gr","c":"GR","p":"patent","q":"derived","k":"river"},"geometry":{"type":"LineString","coordinates":[[9.93878,46.50806],[9.93762,46.5078],[9.9367,46.5073],[9.93534,46.5079],[9.93343,46.50834],[9.9312,46.50846],[9.92873,46.50833],[9.92459,46.50916],[9.92266,46.51052],[9.92008,46.51131],[9.91973,46.51177],[9.91699,46.51228],[9.91629,46.5126],[9.91557,46.51335],[9.9129,46.51435],[9.91027,46.51582],[9.90854,46.51642],[9.90715,46.51662],[9.90619,46.51643],[9.90499,46.51644],[9.90409,46.51613],[9.90156,46.51623],[9.9001,46.51608],[9.89557,46.51505],[9.89157,46.51327],[9.89001,46.5118],[9.8875,46.51147],[9.88667,46.51115],[9.88518,46.51002],[9.88253,46.50858],[9.88223,46.50815]]}},{"type":"Feature","properties":{"id":"ovel-da-languard-gr","c":"GR","p":"patent","q":"derived","k":"river"},"geometry":{"type":"LineString","coordinates":[[9.96075,46.47401],[9.9602,46.47456],[9.95975,46.47591],[9.9566,46.47783],[9.95553,46.47803],[9.95425,46.47718],[9.9527,46.47672],[9.95022,46.47777],[9.94947,46.47851],[9.94885,46.47853],[9.94767,46.4782],[9.94719,46.47831],[9.94571,46.47812],[9.94407,46.47877],[9.94415,46.47924],[9.94359,46.47972],[9.94292,46.47995],[9.94253,46.4799],[9.94137,46.48059],[9.94044,46.48086],[9.93974,46.48139],[9.93829,46.48167],[9.93734,46.48214],[9.93656,46.48196],[9.93617,46.48234],[9.9344,46.48287],[9.93338,46.48357],[9.93206,46.48399],[9.93012,46.48505],[9.92788,46.48584],[9.92576,46.48577],[9.92519,46.48607],[9.92457,46.48603],[9.92296,46.48652],[9.92117,46.48617],[9.91839,46.48452],[9.91729,46.48318],[9.91479,46.48132]]}},{"type":"Feature","properties":{"id":"ova-da-morteratsch-gr","c":"GR","p":"patent","q":"derived","k":"river"},"geometry":{"type":"MultiLineString","coordinates":[[[9.93458,46.42691],[9.93484,46.4279],[9.93577,46.42865],[9.93564,46.42926]],[[9.93649,46.43503],[9.93628,46.4359],[9.93657,46.43693],[9.93638,46.43749],[9.93663,46.43803],[9.93715,46.43834],[9.93705,46.43914],[9.9382,46.43991],[9.93829,46.4405],[9.93923,46.44095],[9.93897,46.44202],[9.93995,46.44296],[9.9407,46.44329],[9.94082,46.44417],[9.94209,46.44573],[9.94206,46.44609],[9.94133,46.44697],[9.94182,46.44743],[9.94219,46.44833],[9.94111,46.44968],[9.94139,46.4513],[9.94098,46.45223]]]}},{"type":"Feature","properties":{"id":"ova-da-la-val-da-fain-gr","c":"GR","p":"patent","q":"derived","k":"river"},"geometry":{"type":"LineString","coordinates":[[10.04509,46.46289],[10.04433,46.46299],[10.04284,46.46387],[10.04124,46.46403],[10.0401,46.46442],[10.0393,46.46503],[10.03849,46.46507],[10.03725,46.46556],[10.03686,46.46601],[10.03584,46.46648],[10.03485,46.4667],[10.03289,46.46693],[10.03243,46.46681],[10.03174,46.46705],[10.03013,46.46691],[10.02953,46.46647],[10.02882,46.46664],[10.02841,46.46639],[10.02704,46.46641],[10.02373,46.46697],[10.02275,46.46688],[10.02215,46.46726],[10.02011,46.46741],[10.0198,46.46728],[10.01911,46.46736],[10.01543,46.46662],[10.01477,46.46614],[10.01424,46.46505],[10.01338,46.46501],[10.01266,46.46454],[10.01162,46.4646],[10.0114,46.46425],[10.01091,46.46406],[10.00519,46.46298],[10.00436,46.46257],[10.00318,46.46273],[10.0025,46.46225],[10.00102,46.46232],[10.00022,46.46177],[9.99906,46.46186],[9.99891,46.46168],[9.99923,46.46112],[9.99786,46.4608],[9.99632,46.46082],[9.99619,46.45987],[9.9948,46.45938],[9.99418,46.45874],[9.99266,46.45847],[9.99246,46.45784],[9.99159,46.45711],[9.99122,46.45711],[9.9913,46.45664],[9.98984,46.45507],[9.98876,46.4549],[9.98878,46.4544],[9.98819,46.45352],[9.98768,46.45326],[9.98773,46.45284],[9.98717,46.45222],[9.98706,46.45141],[9.98643,46.45087],[9.98584,46.45076],[9.98472,46.4495],[9.98414,46.44803],[9.98305,46.44711],[9.98331,46.44636],[9.98238,46.44614],[9.98151,46.44561],[9.98106,46.44501],[9.98111,46.44424]]}},{"type":"Feature","properties":{"id":"schlattain-gr","c":"GR","p":"patent","q":"derived","k":"river"},"geometry":{"type":"MultiLineString","coordinates":[[[9.7897,46.51213],[9.78957,46.51152],[9.78995,46.51111],[9.79105,46.51059],[9.79322,46.51018],[9.79656,46.51143],[9.79817,46.51137],[9.7989,46.51109],[9.80364,46.51157],[9.80519,46.51202],[9.8058,46.51258],[9.80674,46.51293],[9.80713,46.51346]],[[9.80735,46.51402],[9.80784,46.51454],[9.80805,46.51519],[9.81116,46.51627],[9.81503,46.51598],[9.81695,46.51629],[9.81788,46.51607],[9.81957,46.5163],[9.82144,46.5161],[9.82435,46.5163],[9.82512,46.51659],[9.82685,46.51621],[9.82857,46.51614],[9.83045,46.51685],[9.83245,46.51703],[9.83463,46.51768],[9.83601,46.51748],[9.83737,46.51684],[9.83913,46.51703],[9.83978,46.51769],[9.84071,46.51807],[9.84353,46.51853],[9.84476,46.51898],[9.84686,46.51911],[9.84792,46.51948],[9.85421,46.51826],[9.85574,46.51679],[9.85748,46.51664],[9.86246,46.51666]],[[9.86275,46.51684],[9.86362,46.51704]]]}},{"type":"Feature","properties":{"id":"ovel-da-la-resgia-gr","c":"GR","p":"patent","q":"derived","k":"river"},"geometry":{"type":"LineString","coordinates":[[9.80677,46.50442],[9.80767,46.50424],[9.81065,46.50438],[9.81126,46.50371],[9.81271,46.50326],[9.81336,46.50284],[9.81467,46.50234],[9.81577,46.50233],[9.81637,46.50164],[9.81746,46.50112],[9.81809,46.50123],[9.8194,46.50213],[9.82142,46.50231],[9.82321,46.5022],[9.82397,46.50174],[9.82417,46.50139],[9.82499,46.50104],[9.82707,46.50127],[9.82766,46.50119],[9.82849,46.50073],[9.82902,46.50002],[9.8301,46.49936],[9.83192,46.49891],[9.83301,46.49888],[9.83371,46.4985],[9.83531,46.49808],[9.83806,46.49664],[9.83943,46.49679],[9.83994,46.49595],[9.84062,46.4957]]}},{"type":"Feature","properties":{"id":"ova-da-surlej-gr","c":"GR","p":"patent","q":"derived","k":"river"},"geometry":{"type":"LineString","coordinates":[[9.8332,46.43011],[9.83343,46.43123],[9.8325,46.43227],[9.83248,46.43273],[9.83314,46.43358],[9.83287,46.43489],[9.83189,46.43596],[9.83119,46.43616],[9.83043,46.43742],[9.82976,46.43793],[9.82968,46.43922],[9.82913,46.44004],[9.82853,46.44037],[9.82875,46.44091],[9.82815,46.44226],[9.82711,46.44363],[9.8261,46.44432],[9.82597,46.44479],[9.821,46.4458],[9.82007,46.44616],[9.81906,46.44684],[9.81774,46.44713],[9.8166,46.4469],[9.81554,46.44636],[9.81492,46.4464],[9.81303,46.44736],[9.81229,46.4482],[9.81066,46.44915],[9.8103,46.44963],[9.80945,46.45002],[9.80807,46.45036],[9.80728,46.45014],[9.80653,46.45018]]}},{"type":"Feature","properties":{"id":"ova-dal-vallun-gr","c":"GR","p":"patent","q":"derived","k":"river"},"geometry":{"type":"LineString","coordinates":[[9.72835,46.47135],[9.72909,46.47149],[9.72993,46.47114],[9.73153,46.4717],[9.73468,46.472],[9.73542,46.47177],[9.73583,46.47116],[9.73607,46.47115],[9.7376,46.47204],[9.73958,46.4719],[9.74012,46.47163],[9.74016,46.47124],[9.74105,46.47081],[9.74353,46.47045],[9.74427,46.47063],[9.74713,46.47235],[9.74925,46.4723],[9.74969,46.47219],[9.74981,46.47157],[9.75021,46.47116],[9.75105,46.47075],[9.75187,46.47059],[9.75246,46.47083],[9.7547,46.47031],[9.75544,46.47038],[9.75791,46.46968],[9.75862,46.46904],[9.75948,46.46924],[9.75983,46.46876],[9.76077,46.4687],[9.76125,46.4683],[9.76211,46.46883],[9.7628,46.46895],[9.76674,46.46815],[9.76818,46.46775],[9.76829,46.46742],[9.76864,46.46739],[9.76917,46.46692],[9.76949,46.46605],[9.77025,46.46581],[9.7711,46.46501],[9.77233,46.46473],[9.77291,46.46414],[9.77354,46.46426],[9.77418,46.46414],[9.77519,46.46329],[9.77577,46.46323],[9.77639,46.46287],[9.77711,46.46276],[9.77764,46.46292],[9.7789,46.46242],[9.77999,46.46239],[9.78097,46.4621],[9.78172,46.46222],[9.78449,46.46172],[9.7853,46.46173],[9.79053,46.4603],[9.79278,46.46017],[9.79334,46.45881],[9.79359,46.45528]]}},{"type":"Feature","properties":{"id":"valletta-dal-gueglia-gr","c":"GR","p":"patent","q":"derived","k":"river"},"geometry":{"type":"LineString","coordinates":[[9.73438,46.50203],[9.73631,46.50089],[9.73702,46.50024],[9.73896,46.50097],[9.74016,46.50091],[9.74073,46.49959],[9.74064,46.49907],[9.74094,46.49883],[9.74099,46.4976],[9.74221,46.49581],[9.74312,46.49346],[9.74296,46.49295],[9.74323,46.49212],[9.74265,46.49151],[9.7428,46.49045],[9.7426,46.48934],[9.74361,46.48746],[9.74339,46.48652],[9.74354,46.48551],[9.74328,46.4845],[9.74331,46.48294],[9.7428,46.48256],[9.74226,46.48167],[9.74098,46.4807],[9.74085,46.47999],[9.73994,46.47856],[9.73999,46.47792],[9.74051,46.47716],[9.74009,46.47645],[9.73974,46.47499],[9.74143,46.47073]]}},{"type":"Feature","properties":{"id":"ova-da-la-rabgiusa-gr","c":"GR","p":"patent","q":"derived","k":"river"},"geometry":{"type":"MultiLineString","coordinates":[[[9.7979,46.42128],[9.79832,46.42182],[9.79834,46.42237],[9.79769,46.42391],[9.79807,46.42532],[9.79795,46.42577],[9.79948,46.42653],[9.79986,46.42644],[9.80038,46.42681],[9.80019,46.42694],[9.80043,46.42706],[9.80023,46.42729],[9.80047,46.42871],[9.79986,46.43019],[9.79756,46.43232],[9.79576,46.43297],[9.79463,46.43379],[9.79379,46.43449],[9.79342,46.43552],[9.79184,46.43625],[9.78921,46.43842],[9.78742,46.43927],[9.78643,46.43926],[9.78577,46.43974]],[[9.79737,46.41649],[9.797,46.41739],[9.79914,46.41786],[9.79934,46.41824],[9.79894,46.41905],[9.7976,46.42015]]]}},{"type":"Feature","properties":{"id":"ova-da-la-resgia-gr","c":"GR","p":"patent","q":"derived","k":"river"},"geometry":{"type":"LineString","coordinates":[[9.79028,46.41666],[9.78994,46.41667],[9.78917,46.41835],[9.78867,46.4188],[9.78865,46.41947],[9.78764,46.42116],[9.78753,46.4226],[9.78711,46.42294],[9.78481,46.42379],[9.78007,46.42656],[9.77844,46.42711],[9.77794,46.42815],[9.77787,46.42896],[9.77576,46.4297],[9.77424,46.43135],[9.77252,46.43627],[9.77287,46.43662],[9.77629,46.43828]]}},{"type":"Feature","properties":{"id":"fedacla-gr","c":"GR","p":"patent","q":"derived","k":"river"},"geometry":{"type":"LineString","coordinates":[[9.79516,46.35745],[9.79489,46.35775],[9.79493,46.35939],[9.79462,46.36037],[9.79529,46.3617],[9.79481,46.36292],[9.79484,46.36372],[9.79452,46.36417],[9.79455,46.36514],[9.7943,46.36555],[9.79469,46.36642],[9.79465,46.36716],[9.79445,46.36776],[9.79272,46.3696],[9.7924,46.3712],[9.79128,46.37249],[9.79123,46.37312],[9.79068,46.37392],[9.79089,46.37603],[9.79075,46.37677],[9.78965,46.37865],[9.78893,46.37906],[9.78982,46.38025],[9.78894,46.38218],[9.78931,46.3835],[9.78878,46.38513],[9.787,46.3872],[9.78615,46.38776],[9.78349,46.38778],[9.78302,46.38843],[9.78206,46.38898],[9.78178,46.38974],[9.78193,46.39054],[9.77731,46.39586],[9.77629,46.39842],[9.77438,46.39966],[9.77425,46.40054],[9.77293,46.4013],[9.77317,46.40255],[9.77219,46.40341],[9.77174,46.4044],[9.77076,46.40475],[9.77069,46.40523],[9.77122,46.40608],[9.76993,46.40657],[9.77009,46.40744],[9.7697,46.40906],[9.76841,46.40997],[9.76812,46.41042],[9.76781,46.41144],[9.76798,46.41262],[9.76763,46.41293],[9.76661,46.41321],[9.76741,46.4138],[9.76745,46.41404],[9.76676,46.41495],[9.76529,46.41526],[9.76558,46.41663],[9.7652,46.41739],[9.76428,46.41774],[9.7619,46.41773],[9.76177,46.41867],[9.76098,46.41894],[9.76072,46.4193],[9.75999,46.4193],[9.75993,46.41957],[9.75934,46.41995],[9.75975,46.42131],[9.7595,46.42266],[9.76004,46.42343],[9.76129,46.42383],[9.76227,46.42448],[9.76247,46.42509],[9.76235,46.42606],[9.76293,46.42684],[9.76266,46.42763],[9.76303,46.42824],[9.76372,46.42859],[9.76443,46.42938],[9.76456,46.43014],[9.76627,46.43412],[9.76627,46.43611],[9.7667,46.43703],[9.77618,46.44101]]}},{"type":"Feature","properties":{"id":"aua-da-fedoz-gr","c":"GR","p":"patent","q":"derived","k":"river"},"geometry":{"type":"LineString","coordinates":[[9.75674,46.36313],[9.75636,46.36489],[9.75685,46.36668],[9.7563,46.36798],[9.75626,46.36953],[9.75585,46.37046],[9.75575,46.37161],[9.75653,46.37276],[9.75684,46.37491],[9.75678,46.37523],[9.75557,46.37621],[9.75631,46.38019],[9.75598,46.38078],[9.75608,46.38176],[9.75579,46.38312],[9.75508,46.38414],[9.75463,46.3855],[9.75484,46.38726],[9.75405,46.38865],[9.75401,46.39036],[9.75152,46.39505],[9.75177,46.39585],[9.75175,46.39718],[9.75114,46.39804],[9.75008,46.39877],[9.74925,46.3997],[9.74928,46.40142],[9.74907,46.40214],[9.7494,46.40277],[9.74892,46.40431],[9.74801,46.40495],[9.74791,46.40547],[9.74731,46.40596],[9.74662,46.40739],[9.74573,46.40816],[9.74491,46.40972],[9.7437,46.4107],[9.74302,46.41067],[9.74226,46.41088],[9.7407,46.41141],[9.74027,46.41175],[9.74003,46.41289],[9.74133,46.41389],[9.74311,46.41489],[9.74361,46.41576],[9.7432,46.41642],[9.74338,46.41684],[9.74251,46.41735],[9.7428,46.41758],[9.74276,46.41831],[9.74166,46.41874]]}},{"type":"Feature","properties":{"id":"ova-dal-mulin-gr","c":"GR","p":"patent","q":"derived","k":"river"},"geometry":{"type":"LineString","coordinates":[[9.68924,46.4207],[9.69032,46.42126],[9.69063,46.42167],[9.69166,46.42198],[9.69238,46.42254],[9.69379,46.42328],[9.69484,46.42353],[9.69582,46.42419],[9.6969,46.42438],[9.69814,46.42428],[9.69884,46.42462],[9.69976,46.42427],[9.70034,46.42345],[9.70133,46.4232],[9.70326,46.42142],[9.70369,46.42137],[9.70553,46.42042],[9.70627,46.42035],[9.70739,46.41934],[9.70881,46.41906],[9.70976,46.41917],[9.7105,46.41998],[9.71147,46.42014],[9.71244,46.41999],[9.71308,46.42025],[9.71359,46.42018],[9.7141,46.41986],[9.71551,46.41977],[9.71604,46.41957],[9.717,46.41964],[9.71791,46.42049],[9.71968,46.42087],[9.71927,46.42147],[9.71977,46.42158],[9.71985,46.42176],[9.72049,46.42188],[9.72244,46.42179],[9.723,46.422],[9.7247,46.42168],[9.72575,46.42198],[9.72616,46.42236],[9.72689,46.42257]]}},{"type":"Feature","properties":{"id":"bondasca-gr","c":"GR","p":"patent","q":"derived","k":"river"},"geometry":{"type":"MultiLineString","coordinates":[[[9.56464,46.32675],[9.56415,46.32792],[9.56318,46.32852],[9.56264,46.32921],[9.56162,46.32978],[9.56038,46.33137],[9.55906,46.33229],[9.55791,46.33281],[9.55758,46.33416],[9.55618,46.33591],[9.55407,46.33753]],[[9.61042,46.30555],[9.60984,46.30598],[9.60869,46.3063],[9.6078,46.30687],[9.60438,46.30776],[9.60324,46.31004],[9.60222,46.31072],[9.60159,46.3114],[9.60115,46.31312],[9.60046,46.31388],[9.6004,46.31491],[9.59938,46.31597],[9.59925,46.31639],[9.59817,46.3171],[9.59817,46.31802],[9.59776,46.31822],[9.59732,46.31884],[9.59598,46.31889],[9.59546,46.31913],[9.59481,46.32011],[9.59406,46.32047],[9.59335,46.3207],[9.59091,46.32055],[9.58871,46.32081],[9.5879,46.3211],[9.58705,46.32183],[9.58644,46.32199],[9.58506,46.3217],[9.5825,46.32171],[9.57972,46.32253],[9.57868,46.32302],[9.57559,46.32372],[9.57375,46.32384],[9.57239,46.32358],[9.57081,46.32395],[9.56996,46.32435],[9.56941,46.32492],[9.56815,46.32527],[9.56714,46.32586],[9.56655,46.32584],[9.56549,46.32617],[9.56495,46.32655]]]}},{"type":"Feature","properties":{"id":"valer-gr","c":"GR","p":"patent","q":"derived","k":"river"},"geometry":{"type":"LineString","coordinates":[[9.58213,46.36824],[9.58213,46.36747],[9.58311,46.36587],[9.58309,46.36497],[9.58431,46.36328],[9.58465,46.36207],[9.58446,46.36142],[9.58491,46.36031],[9.58474,46.3597],[9.58516,46.35919],[9.58523,46.35871],[9.58584,46.35807],[9.58588,46.35737],[9.5853,46.35682],[9.58526,46.35583],[9.58558,46.35474],[9.58528,46.35338],[9.58554,46.35279],[9.58524,46.35217],[9.58574,46.35164],[9.58537,46.3512],[9.58536,46.34978],[9.58444,46.34827],[9.58454,46.34791],[9.5841,46.34683],[9.58171,46.34487],[9.58181,46.34379],[9.5812,46.34162],[9.58134,46.34115]]}},{"type":"Feature","properties":{"id":"albigna-gr","c":"GR","p":"patent","q":"derived","k":"river"},"geometry":{"type":"LineString","coordinates":[[9.64735,46.33739],[9.64741,46.33837],[9.64793,46.33904],[9.64859,46.34063],[9.65043,46.34193],[9.65022,46.34275],[9.64895,46.34329],[9.64866,46.34485],[9.64872,46.34593],[9.64929,46.34679],[9.64922,46.3479],[9.64973,46.34928],[9.6492,46.35076],[9.65027,46.35185],[9.65028,46.35255],[9.65087,46.353],[9.6511,46.35371],[9.65091,46.35435],[9.65138,46.3558],[9.65113,46.35733],[9.65084,46.3576],[9.64983,46.35794],[9.64903,46.35794],[9.64867,46.35819],[9.64715,46.35832],[9.64613,46.35779],[9.64472,46.35663],[9.64488,46.35583],[9.6447,46.35527],[9.64336,46.35501],[9.64251,46.35458],[9.641,46.35417],[9.64,46.35356],[9.63967,46.35355],[9.63785,46.35224],[9.63644,46.35221],[9.63612,46.35195],[9.6361,46.35154],[9.63454,46.35071],[9.63094,46.35006],[9.62991,46.35023],[9.62752,46.35],[9.62656,46.35031],[9.62539,46.35021],[9.6242,46.34986],[9.62258,46.34983],[9.62089,46.34986],[9.61689,46.35036]]}},{"type":"Feature","properties":{"id":"orlegna-gr","c":"GR","p":"patent","q":"derived","k":"river"},"geometry":{"type":"MultiLineString","coordinates":[[[9.71311,46.36351],[9.7134,46.36413],[9.71407,46.36404],[9.71451,46.36438],[9.71444,46.36571],[9.71531,46.36707],[9.71487,46.36905],[9.7151,46.36941],[9.71504,46.36985],[9.71433,46.3712],[9.71364,46.37181],[9.71293,46.37324],[9.71234,46.37371],[9.7126,46.37441],[9.71247,46.37506],[9.71033,46.37845],[9.71103,46.37958],[9.71064,46.38001],[9.71035,46.38207],[9.70979,46.38343],[9.70735,46.3856],[9.70743,46.38607],[9.70698,46.38661],[9.70631,46.38855],[9.70561,46.38891],[9.70557,46.38933],[9.70516,46.3893],[9.70375,46.39021],[9.70331,46.39023],[9.70216,46.38972],[9.70125,46.39018],[9.6996,46.39043],[9.69901,46.39095],[9.69795,46.39139],[9.69679,46.39153],[9.69519,46.39241],[9.69273,46.39193],[9.69114,46.39279],[9.69034,46.39288],[9.68999,46.3935],[9.68795,46.39528],[9.68813,46.39644],[9.68669,46.3969],[9.68528,46.39764],[9.68346,46.39785],[9.6816,46.39768],[9.67978,46.39634],[9.67752,46.39542],[9.67696,46.39466],[9.67535,46.39426],[9.6746,46.39434],[9.67326,46.39409],[9.67201,46.39364],[9.67028,46.39357],[9.66966,46.39336],[9.66746,46.3914],[9.66644,46.38624],[9.66563,46.38562],[9.66423,46.38403],[9.66214,46.38318],[9.66085,46.38297],[9.66033,46.38245],[9.65978,46.38244]],[[9.70244,46.35051],[9.70294,46.35207],[9.70289,46.35317],[9.70472,46.35507],[9.70534,46.35531],[9.70563,46.35606],[9.70641,46.35671],[9.70679,46.35744],[9.70826,46.35842],[9.70886,46.35986],[9.70974,46.36064],[9.70942,46.36125],[9.71038,46.36194],[9.71041,46.36241],[9.71185,46.36317]]]}},{"type":"Feature","properties":{"id":"acletta-gr","c":"GR","p":"patent","q":"derived","k":"river"},"geometry":{"type":"LineString","coordinates":[[8.80868,46.73003],[8.80879,46.72911],[8.80844,46.72798],[8.80866,46.72737],[8.80971,46.72626],[8.81004,46.72535],[8.81066,46.72464],[8.81187,46.72245],[8.81308,46.72123],[8.81429,46.72067],[8.81471,46.72027],[8.81536,46.71898],[8.81539,46.71815],[8.81616,46.71671],[8.81583,46.71549],[8.81609,46.71502],[8.81981,46.71272],[8.82101,46.71261],[8.82241,46.71194],[8.82402,46.71025],[8.82516,46.70979],[8.82732,46.70766],[8.82885,46.70734],[8.83312,46.70537],[8.83429,46.70391],[8.83461,46.70369],[8.83572,46.70355],[8.83686,46.70222],[8.83868,46.70153],[8.8394,46.70163],[8.84101,46.70079],[8.84173,46.7006],[8.8434,46.70039],[8.84461,46.70037],[8.84566,46.70055],[8.84639,46.70046],[8.84743,46.70058],[8.84773,46.70084],[8.84962,46.70132],[8.85134,46.70152],[8.85376,46.70287],[8.85468,46.7036],[8.85931,46.70423],[8.86082,46.7047],[8.86328,46.70439],[8.86411,46.70459],[8.86492,46.70431],[8.86516,46.70405]]}},{"type":"Feature","properties":{"id":"fondeierbach-gr","c":"GR","p":"patent","q":"derived","k":"river"},"geometry":{"type":"LineString","coordinates":[[9.79775,46.84953],[9.79734,46.84944],[9.79729,46.84973],[9.79697,46.84973],[9.79652,46.8501],[9.79618,46.84981],[9.79597,46.85012],[9.79539,46.85011],[9.79518,46.85035],[9.79474,46.85012],[9.79455,46.85029],[9.79427,46.85015],[9.79328,46.85026],[9.79297,46.85072],[9.7913,46.85198],[9.79098,46.85186],[9.79009,46.85205],[9.78868,46.85204],[9.78777,46.8523],[9.78664,46.85226],[9.78379,46.85432],[9.78173,46.85478],[9.77946,46.8546],[9.77904,46.85475],[9.77729,46.85454],[9.77682,46.85359],[9.77574,46.8533],[9.77557,46.85287],[9.77454,46.85212],[9.77348,46.85213],[9.77303,46.85188],[9.77202,46.85212],[9.7717,46.85189],[9.77078,46.85183],[9.76981,46.85205],[9.76728,46.8515],[9.76694,46.85114],[9.76572,46.85076],[9.76508,46.8501],[9.76423,46.8498],[9.76285,46.84876],[9.7587,46.84743],[9.75795,46.84619],[9.75721,46.84576],[9.75649,46.84581],[9.75496,46.84489],[9.75247,46.84408],[9.75175,46.84366],[9.75037,46.84351],[9.74987,46.84327],[9.74924,46.84345],[9.74831,46.84314],[9.7483,46.84281],[9.74775,46.84218],[9.7481,46.84171],[9.74723,46.84146],[9.74654,46.8405],[9.74655,46.83946],[9.74578,46.83847],[9.74571,46.83758],[9.74533,46.83691],[9.74467,46.83631],[9.74453,46.83586],[9.74361,46.83515],[9.74322,46.83427],[9.74256,46.83395],[9.74182,46.8326],[9.74056,46.83153],[9.74047,46.83119],[9.73979,46.83082],[9.73887,46.82983],[9.73776,46.82925],[9.7375,46.82863],[9.73691,46.82805],[9.7371,46.82746],[9.73682,46.82693],[9.73539,46.82602],[9.73278,46.82566],[9.73218,46.82482],[9.73103,46.8239],[9.72916,46.8231],[9.72751,46.82295],[9.72749,46.82238],[9.72722,46.82205],[9.72599,46.82167],[9.72615,46.82098],[9.72554,46.82049],[9.72432,46.82062]]}},{"type":"Feature","properties":{"id":"aval-grialetsch-gr","c":"GR","p":"patent","q":"derived","k":"river"},"geometry":{"type":"LineString","coordinates":[[9.96727,46.70076],[9.96859,46.70282],[9.96864,46.70489],[9.97001,46.70641],[9.96993,46.70813],[9.9702,46.70871],[9.96947,46.70968],[9.96944,46.71011],[9.96957,46.71074],[9.97047,46.71148],[9.97086,46.71246],[9.97365,46.71498],[9.97459,46.71483],[9.97529,46.71508],[9.97632,46.7151],[9.97806,46.71626],[9.97936,46.71662],[9.98128,46.71751],[9.98155,46.71819],[9.98292,46.71907],[9.9839,46.72016],[9.98499,46.72243],[9.98489,46.72376],[9.98525,46.72534],[9.98622,46.72604],[9.98686,46.72687],[9.98655,46.72746],[9.9873,46.72938],[9.98707,46.72992],[9.98729,46.73057],[9.98704,46.73107],[9.98731,46.73172],[9.98702,46.73256],[9.98765,46.73453],[9.98755,46.73514],[9.98828,46.73559],[9.98823,46.7362],[9.98877,46.73672],[9.98873,46.73774],[9.98944,46.7384],[9.9894,46.73912],[9.98976,46.73958],[9.98957,46.74001],[9.99008,46.74037],[9.99074,46.74037],[9.99128,46.74088],[9.99217,46.74205],[9.99199,46.74268]]}},{"type":"Feature","properties":{"id":"salaaserbach-gr","c":"GR","p":"patent","q":"derived","k":"river"},"geometry":{"type":"LineString","coordinates":[[10.34387,46.96903],[10.34503,46.96954],[10.34579,46.96935],[10.34642,46.96946],[10.34697,46.96984],[10.34726,46.97035],[10.34862,46.97067],[10.35131,46.96978],[10.35161,46.96942],[10.35205,46.96929],[10.35353,46.96942],[10.3551,46.96919],[10.35649,46.96958],[10.35774,46.96908],[10.35839,46.96903],[10.35914,46.96935],[10.36025,46.96908],[10.36062,46.9673],[10.3605,46.9669],[10.36197,46.96625],[10.36357,46.96609],[10.36442,46.96525],[10.366,46.965],[10.36698,46.96439],[10.36929,46.96359],[10.36962,46.96329],[10.36965,46.96226],[10.37029,46.96162],[10.37076,46.96056],[10.37137,46.95999],[10.3721,46.95978],[10.37223,46.95934],[10.37316,46.95884],[10.37537,46.95832],[10.37691,46.95736],[10.37796,46.95632],[10.37966,46.95568],[10.38051,46.95497]]}},{"type":"Feature","properties":{"id":"maisasbach-gr","c":"GR","p":"patent","q":"derived","k":"river"},"geometry":{"type":"LineString","coordinates":[[10.37056,46.9081],[10.36956,46.90883],[10.36794,46.90936],[10.36588,46.90976],[10.36468,46.9107],[10.36366,46.91113],[10.36327,46.91182],[10.36207,46.91262],[10.36056,46.91459],[10.36016,46.91849],[10.36116,46.92154],[10.36097,46.92184],[10.36115,46.92271],[10.36178,46.92337],[10.36191,46.92431],[10.3615,46.92516],[10.36187,46.92762],[10.36173,46.9294],[10.36248,46.93078],[10.36239,46.93157],[10.36185,46.93235],[10.36236,46.93346],[10.36177,46.93419],[10.36226,46.9351],[10.3619,46.93585],[10.36211,46.93896],[10.36178,46.93998],[10.36196,46.943],[10.36149,46.94387],[10.36249,46.94637],[10.36216,46.9472]]}},{"type":"Feature","properties":{"id":"val-da-terman-gr","c":"GR","p":"patent","q":"derived","k":"river"},"geometry":{"type":"LineString","coordinates":[[10.12612,46.29698],[10.12379,46.29784],[10.12209,46.29815],[10.12162,46.29843],[10.12061,46.29845],[10.11872,46.29887],[10.11784,46.29946],[10.11694,46.29962],[10.11371,46.29932],[10.11251,46.29936],[10.11116,46.29969],[10.11015,46.29938],[10.10857,46.29929],[10.10684,46.29861],[10.10508,46.29701],[10.10322,46.2964],[10.10171,46.29617],[10.09769,46.29333],[10.09606,46.29239],[10.09506,46.29216],[10.09421,46.29164],[10.09274,46.29116],[10.09118,46.29036]]}},{"type":"Feature","properties":{"id":"crodaloec-gr","c":"GR","p":"patent","q":"derived","k":"river"},"geometry":{"type":"LineString","coordinates":[[10.06769,46.25385],[10.06981,46.25321],[10.07107,46.25321],[10.07198,46.25297],[10.07274,46.25309],[10.07347,46.25287],[10.0754,46.2532],[10.07589,46.25347],[10.07624,46.25404],[10.07609,46.25555],[10.07563,46.25621],[10.07591,46.25718],[10.07575,46.25864],[10.07649,46.26072],[10.07773,46.26265],[10.0788,46.26376],[10.08111,46.26526],[10.08172,46.26601],[10.08232,46.26643],[10.08337,46.26669],[10.08444,46.26743],[10.08549,46.26869],[10.08543,46.26926],[10.0862,46.26987],[10.08736,46.2715],[10.08788,46.27338],[10.08845,46.27429],[10.08966,46.27445],[10.09077,46.27511],[10.09221,46.27566]]}},{"type":"Feature","properties":{"id":"saent-gr","c":"GR","p":"patent","q":"derived","k":"river"},"geometry":{"type":"MultiLineString","coordinates":[[[10.06707,46.23041],[10.06905,46.22982],[10.06992,46.22992],[10.07067,46.23059],[10.07072,46.231],[10.07118,46.23142],[10.07192,46.23158]],[[10.07221,46.23168],[10.07461,46.23178],[10.07695,46.23238],[10.07957,46.23221],[10.08148,46.23269],[10.08203,46.23291],[10.08274,46.23363],[10.08449,46.23456],[10.08557,46.23477],[10.08823,46.23624],[10.08885,46.23634],[10.08983,46.23683],[10.09052,46.23734],[10.09193,46.23765],[10.09293,46.23817],[10.09473,46.2382],[10.0962,46.23858],[10.09736,46.23863],[10.09832,46.23905],[10.10321,46.24009],[10.10471,46.24075],[10.10649,46.24116],[10.10774,46.24117],[10.10946,46.24194],[10.11181,46.24251],[10.11241,46.24288],[10.11297,46.24298],[10.11442,46.2426],[10.11623,46.24302],[10.11674,46.24366],[10.11978,46.24399],[10.12206,46.24392],[10.12454,46.24491],[10.12571,46.24498],[10.12706,46.24542],[10.12834,46.24529],[10.12896,46.24491]]]}},{"type":"Feature","properties":{"id":"stutzbach-gr","c":"GR","p":"patent","q":"derived","k":"river"},"geometry":{"type":"LineString","coordinates":[[9.24927,46.57467],[9.251,46.57486],[9.25195,46.57404],[9.25817,46.57261],[9.26017,46.57282],[9.26204,46.57268],[9.26293,46.57289],[9.26404,46.57256],[9.2658,46.57292],[9.26648,46.57284],[9.26848,46.57305],[9.27128,46.57249],[9.2725,46.57289],[9.27341,46.57266],[9.27573,46.5732],[9.27629,46.5735],[9.27702,46.57335],[9.27734,46.57357],[9.27912,46.57362],[9.28024,46.5741],[9.28309,46.57447],[9.28564,46.57403],[9.28745,46.57397],[9.2892,46.5736],[9.29102,46.57376],[9.29257,46.5734],[9.29644,46.57196],[9.29704,46.5719],[9.30012,46.57025],[9.30282,46.56924],[9.30382,46.56856],[9.30529,46.56797],[9.30551,46.56747],[9.30632,46.56713],[9.30782,46.56548],[9.30953,46.56503],[9.3104,46.56455],[9.31077,46.56356],[9.31223,46.56175],[9.31302,46.56131],[9.31351,46.56066],[9.31444,46.56026],[9.3149,46.5603],[9.31599,46.55949],[9.31722,46.55908],[9.31785,46.55851],[9.32072,46.55728],[9.32137,46.5565],[9.32139,46.55528],[9.32238,46.55432],[9.32338,46.55373],[9.32387,46.55273]]}},{"type":"Feature","properties":{"id":"aua-dalla-vatgira-gr","c":"GR","p":"patent","q":"derived","k":"river"},"geometry":{"type":"LineString","coordinates":[[8.77827,46.60621],[8.77966,46.6057],[8.78005,46.60486],[8.78284,46.60472],[8.78372,46.60392],[8.78585,46.60444],[8.78732,46.60428],[8.78933,46.60507],[8.78981,46.60497],[8.79266,46.60563],[8.79321,46.60552],[8.79369,46.60489],[8.79436,46.60455],[8.79444,46.60418],[8.79505,46.60401],[8.79509,46.60333],[8.79555,46.60319],[8.79594,46.60267],[8.79588,46.60224],[8.79618,46.60188],[8.79557,46.60043],[8.79624,46.59984],[8.7964,46.59909],[8.798,46.59853],[8.80116,46.59604],[8.80551,46.59408]]}},{"type":"Feature","properties":{"id":"ferrerabach-gr","c":"GR","p":"patent","q":"derived","k":"river"},"geometry":{"type":"MultiLineString","coordinates":[[[8.95369,46.78545],[8.95241,46.78465],[8.95203,46.78407],[8.95246,46.78359],[8.95257,46.78228],[8.95301,46.78184],[8.95289,46.78108],[8.95336,46.78059],[8.95325,46.77975],[8.95349,46.77944],[8.95322,46.77818],[8.9538,46.77761],[8.95563,46.7774],[8.95581,46.77709],[8.95578,46.77488],[8.95624,46.77468],[8.95792,46.77473],[8.96111,46.77366],[8.96168,46.77239],[8.96223,46.77197],[8.96255,46.77122],[8.96425,46.77042],[8.96491,46.76986],[8.96633,46.76793],[8.96861,46.76753],[8.96913,46.76699],[8.96934,46.76609],[8.97383,46.76304],[8.97473,46.76293],[8.97801,46.76039],[8.9792,46.75987],[8.98023,46.75799],[8.98073,46.75535],[8.98192,46.75191],[8.98256,46.75116],[8.9834,46.74905],[8.98379,46.74862],[8.98368,46.74798],[8.98441,46.74791],[8.98555,46.74728],[8.98591,46.74669],[8.98589,46.74449],[8.98692,46.74341],[8.98707,46.74248],[8.98744,46.74187],[8.98851,46.74079],[8.98915,46.74081]],[[8.98986,46.74097],[8.99074,46.74169],[8.99223,46.7421],[8.993,46.74209],[8.9957,46.74271],[8.997,46.74244],[8.99745,46.74285],[8.99905,46.74285]]]}},{"type":"Feature","properties":{"id":"ova-da-suvretta-gr-2","c":"GR","p":"patent","q":"derived","k":"river"},"geometry":{"type":"MultiLineString","coordinates":[[[9.76773,46.50627],[9.76753,46.50578],[9.76703,46.50559],[9.767,46.50501],[9.76736,46.5044],[9.76899,46.50402],[9.77017,46.50343],[9.77085,46.50245],[9.77098,46.50175],[9.77373,46.50072],[9.77467,46.50019],[9.77499,46.50023],[9.77551,46.49961],[9.77653,46.49912],[9.77707,46.49798],[9.77932,46.49623],[9.77936,46.49561],[9.77981,46.49489],[9.7805,46.49425],[9.78102,46.49405],[9.78133,46.49412],[9.78201,46.49358]],[[9.78245,46.49338],[9.78359,46.49351],[9.78415,46.49329],[9.78489,46.49264],[9.78646,46.49226],[9.78732,46.49237],[9.7877,46.49214],[9.78971,46.49174],[9.79077,46.49184],[9.79219,46.49098],[9.79253,46.49057],[9.79412,46.49012],[9.795,46.49005],[9.79632,46.489],[9.79807,46.48858],[9.79963,46.48789],[9.80032,46.48733],[9.80302,46.48718],[9.80534,46.4857],[9.80561,46.48544],[9.8058,46.4844],[9.80776,46.48294],[9.80808,46.48215],[9.8085,46.48175],[9.81014,46.48087],[9.81037,46.47983],[9.80988,46.47918],[9.81051,46.47843],[9.81315,46.47756],[9.81624,46.47595],[9.81693,46.47596],[9.81717,46.47578]]]}},{"type":"Feature","properties":{"id":"riale-di-arbeola-gr","c":"GR","p":"patent","q":"derived","k":"river"},"geometry":{"type":"LineString","coordinates":[[9.16171,46.41523],[9.16272,46.41511],[9.1644,46.41564],[9.16724,46.41606],[9.16839,46.41593],[9.17153,46.41835],[9.17308,46.41855],[9.17536,46.41809],[9.17647,46.4183],[9.17694,46.41864],[9.17759,46.41875],[9.17924,46.41977],[9.18088,46.42024],[9.18235,46.42139],[9.18278,46.42252],[9.18347,46.42275],[9.18526,46.42293],[9.18642,46.42358],[9.18727,46.42499],[9.1881,46.42562],[9.1884,46.42642],[9.19003,46.42706],[9.19051,46.42771],[9.19115,46.42774],[9.193,46.42836],[9.19495,46.42919],[9.19581,46.42933],[9.19684,46.42988],[9.19767,46.42971],[9.19831,46.42923],[9.19973,46.42904],[9.20001,46.42916],[9.20025,46.42897],[9.20256,46.42837],[9.20551,46.42888],[9.20596,46.42956]]}},{"type":"Feature","properties":{"id":"las-muotas-gr","c":"GR","p":"patent","q":"derived","k":"river"},"geometry":{"type":"LineString","coordinates":[[9.20251,46.87495],[9.20336,46.87316],[9.20247,46.87217],[9.203,46.87111],[9.2029,46.87038],[9.20366,46.86976],[9.20345,46.86942],[9.20418,46.869],[9.20451,46.86847],[9.20586,46.86818],[9.20628,46.86759],[9.20617,46.86728],[9.20721,46.86669],[9.20709,46.86639],[9.20788,46.86586],[9.20785,46.86519],[9.20811,46.86478],[9.20759,46.86464],[9.20716,46.86414],[9.20758,46.86405],[9.20794,46.86339],[9.20799,46.8626],[9.20757,46.86224],[9.20782,46.86155],[9.207,46.8606],[9.2078,46.86036],[9.2081,46.85994],[9.20758,46.85919],[9.20702,46.85879],[9.20665,46.85795],[9.20803,46.85727],[9.20815,46.85687],[9.21046,46.85521],[9.21241,46.85321],[9.21358,46.85252],[9.21345,46.85217],[9.21587,46.85019],[9.21791,46.84886],[9.21938,46.84864],[9.21979,46.84825]]}},{"type":"Feature","properties":{"id":"rein-da-sumvitg-gr","c":"GR","p":"patent","q":"derived","k":"river"},"geometry":{"type":"MultiLineString","coordinates":[[[8.96732,46.68026],[8.96561,46.68126],[8.96456,46.68416],[8.96303,46.68531],[8.96156,46.68734],[8.96036,46.68844],[8.95912,46.68878],[8.95916,46.69059],[8.96038,46.69118],[8.96071,46.69182],[8.96041,46.69223],[8.96014,46.69394],[8.95948,46.6953],[8.9582,46.69576],[8.95744,46.6962],[8.95722,46.69661],[8.95728,46.69765],[8.95771,46.69821],[8.95741,46.69886],[8.95791,46.69982],[8.95736,46.7012],[8.95641,46.70247],[8.95646,46.70326],[8.95602,46.70369],[8.95583,46.70434],[8.95584,46.70561],[8.95637,46.70635],[8.95685,46.70659],[8.95646,46.70716],[8.95694,46.7081],[8.95644,46.70891],[8.95582,46.70917],[8.95579,46.70956],[8.95665,46.71049],[8.95606,46.71073],[8.95628,46.71161],[8.95581,46.71242],[8.95373,46.71344],[8.9543,46.71483],[8.95335,46.71538],[8.95303,46.71693],[8.95469,46.71954],[8.95463,46.72077],[8.95527,46.72146],[8.95545,46.72258],[8.9568,46.72469],[8.957,46.72545],[8.95782,46.72645],[8.95873,46.72711],[8.95903,46.72801]],[[8.96128,46.62679],[8.96185,46.62484],[8.96131,46.62362]],[[8.96137,46.62333],[8.96244,46.62086],[8.9628,46.62051],[8.96529,46.62009],[8.96594,46.61933],[8.96855,46.61808],[8.96892,46.61739],[8.97013,46.61687],[8.97032,46.61624],[8.97235,46.61523],[8.97238,46.61484],[8.97366,46.61453],[8.9743,46.61408],[8.97553,46.61403],[8.9755,46.61308],[8.97661,46.61322],[8.97783,46.61365],[8.97921,46.61355],[8.97985,46.61401],[8.98047,46.61414],[8.98109,46.61404],[8.98302,46.61495],[8.98421,46.61516],[8.98526,46.61495],[8.98667,46.61513],[8.98758,46.61493],[8.98882,46.61499],[8.98953,46.61472],[8.99041,46.61477],[8.99115,46.61435],[8.9922,46.6145],[8.99279,46.61414],[8.99428,46.61469],[8.99535,46.61463],[8.99778,46.6151],[8.99879,46.61601],[8.99982,46.6178],[9.00161,46.61866],[9.00242,46.61972],[9.00392,46.62027],[9.00467,46.62131],[9.0059,46.62212],[9.00758,46.62271],[9.00769,46.6234],[9.00809,46.62393],[9.00999,46.62532],[9.01044,46.62637],[9.01131,46.62716],[9.0125,46.62951],[9.01271,46.63079],[9.01401,46.63278],[9.01372,46.63305],[9.01387,46.6342],[9.01362,46.63434],[9.0101,46.63458],[9.00799,46.63524],[9.00199,46.63602],[9.0025,46.63682],[9.0025,46.63727],[9.00162,46.63918],[9.00169,46.64084],[9.00204,46.64154],[9.00239,46.6417],[9.00259,46.64267],[9.00241,46.64332],[9.00175,46.64422],[9.00225,46.64461],[9.00185,46.64581],[9.00162,46.64597],[9.00054,46.64599],[9.0002,46.64621],[8.99844,46.64579],[8.99642,46.64638],[8.99549,46.64777],[8.9931,46.64859],[8.99125,46.64952],[8.99052,46.65006],[8.99054,46.65042],[8.98964,46.65082],[8.98894,46.65205],[8.98894,46.65312],[8.98824,46.65374],[8.98805,46.65448],[8.98744,46.65511],[8.98584,46.65523],[8.98547,46.65553],[8.98536,46.6563],[8.98591,46.65678],[8.98598,46.6575],[8.98499,46.659],[8.98508,46.65978],[8.98555,46.66066],[8.98484,46.66208],[8.98358,46.6633],[8.98258,46.66493],[8.98132,46.66603],[8.98119,46.6671],[8.98066,46.668],[8.97979,46.66831],[8.9786,46.66914],[8.9784,46.67085],[8.97707,46.67164],[8.97651,46.67294],[8.97502,46.67369],[8.97493,46.6747],[8.97445,46.67524],[8.9724,46.67634]]]}},{"type":"Feature","properties":{"id":"rein-da-medel-gr","c":"GR","p":"patent","q":"derived","k":"river"},"geometry":{"type":"MultiLineString","coordinates":[[[8.79977,46.58726],[8.80039,46.58818],[8.80248,46.59033],[8.80312,46.59253],[8.80382,46.59263],[8.8047,46.59324],[8.80586,46.59433],[8.80664,46.59568],[8.80721,46.59582],[8.80821,46.59651],[8.81032,46.597],[8.81153,46.59873],[8.8127,46.59916],[8.81379,46.60093],[8.81436,46.60122],[8.81571,46.60272],[8.81583,46.60477],[8.81801,46.60648],[8.81837,46.60709],[8.81848,46.60816],[8.81936,46.60884],[8.81922,46.6096]],[[8.81922,46.6096],[8.81959,46.6107],[8.81932,46.61204]],[[8.81922,46.6096],[8.81858,46.61079],[8.81888,46.61172],[8.81932,46.61204]],[[8.81932,46.61204],[8.81954,46.61268],[8.82072,46.61287],[8.82095,46.61305],[8.82076,46.61398],[8.82009,46.61492],[8.82004,46.61577],[8.82052,46.6164],[8.82187,46.61688],[8.82213,46.61714],[8.82266,46.61831],[8.82218,46.61967],[8.82225,46.62041],[8.82277,46.62104],[8.82294,46.62218],[8.82374,46.6231],[8.82729,46.62412],[8.82795,46.62446],[8.82841,46.62488],[8.82842,46.62587],[8.8295,46.62644],[8.83273,46.62663],[8.83293,46.62698],[8.8352,46.62826],[8.83541,46.62917],[8.83618,46.63052],[8.83769,46.6311],[8.83855,46.63214],[8.83905,46.63239],[8.84143,46.6328],[8.84414,46.63372],[8.84583,46.63454],[8.84668,46.63574],[8.8465,46.63746],[8.84673,46.63806],[8.84636,46.63938],[8.84673,46.63978],[8.84783,46.64023],[8.84799,46.64108],[8.84766,46.64238],[8.84827,46.6436],[8.8483,46.64433],[8.84921,46.64487],[8.84994,46.64582],[8.84993,46.64641],[8.84932,46.64756],[8.85006,46.64847],[8.85013,46.65048],[8.84981,46.65069],[8.84992,46.65097],[8.84959,46.65112],[8.84826,46.65125],[8.84871,46.65336],[8.84947,46.65402],[8.85044,46.65417],[8.85056,46.65466],[8.85149,46.65547],[8.85142,46.65584],[8.85058,46.65659],[8.85058,46.6569],[8.85105,46.65729],[8.85158,46.65743],[8.85262,46.65874],[8.85254,46.65938],[8.85199,46.65981],[8.85268,46.6604],[8.8521,46.66085],[8.85231,46.66225],[8.85277,46.66257],[8.85454,46.66309],[8.85516,46.66389],[8.85441,46.66666],[8.85224,46.66874],[8.85299,46.66995],[8.85286,46.67063],[8.85327,46.671],[8.85459,46.67351],[8.85371,46.67559],[8.8543,46.67822],[8.85478,46.67905],[8.85627,46.68027],[8.85561,46.68102],[8.85598,46.68181],[8.85564,46.6836],[8.8564,46.68388],[8.85706,46.68453],[8.85697,46.68514],[8.85632,46.68567],[8.85603,46.68679],[8.85497,46.68751],[8.85441,46.68817],[8.85446,46.68878],[8.85497,46.68924]],[[8.85533,46.68983],[8.85498,46.69089],[8.85622,46.69157],[8.85651,46.69213],[8.85571,46.69249],[8.85529,46.69291],[8.85624,46.69439],[8.85534,46.69514],[8.8551,46.69606]],[[8.85495,46.68938],[8.85513,46.68974]]]}},{"type":"Feature","properties":{"id":"rein-da-vigliuts-gr","c":"GR","p":"patent","q":"derived","k":"river"},"geometry":{"type":"LineString","coordinates":[[8.91915,46.63655],[8.92091,46.63714],[8.92238,46.63828],[8.92271,46.63965],[8.92225,46.64071],[8.9238,46.64173],[8.92661,46.64211],[8.92677,46.64231],[8.92823,46.64274],[8.92938,46.64275],[8.93149,46.64362],[8.93196,46.6436],[8.93244,46.64384],[8.93315,46.64379],[8.93356,46.64403],[8.93467,46.64424],[8.93604,46.64509],[8.9379,46.64544],[8.93992,46.64618],[8.94116,46.64621],[8.94227,46.6466],[8.94292,46.64652],[8.94493,46.64677],[8.94717,46.64722],[8.94893,46.64784],[8.94968,46.64829],[8.95405,46.64955],[8.95551,46.64952],[8.9588,46.65032],[8.96073,46.65048],[8.9627,46.65016],[8.96352,46.65021],[8.96445,46.64955],[8.96552,46.64927],[8.96729,46.64904],[8.96916,46.64932],[8.97318,46.65171],[8.97369,46.6523],[8.9743,46.6524],[8.97646,46.65336],[8.97757,46.65331],[8.97832,46.65378],[8.9797,46.65411],[8.98093,46.65471],[8.98215,46.65482],[8.9836,46.65554],[8.98384,46.65603],[8.98536,46.6563]]}},{"type":"Feature","properties":{"id":"ova-da-la-val-minor-gr","c":"GR","p":"patent","q":"derived","k":"river"},"geometry":{"type":"MultiLineString","coordinates":[[[10.03004,46.43817],[10.02865,46.439],[10.02738,46.43907],[10.02656,46.43932],[10.02581,46.43924],[10.02297,46.44046],[10.02057,46.44068],[10.01813,46.44034],[10.01715,46.43986],[10.01526,46.4398],[10.01478,46.43994],[10.01343,46.43981],[10.00966,46.43886],[10.00726,46.43799],[10.0065,46.4379],[10.00566,46.43741],[10.0052,46.43738],[10.00351,46.43639],[10.00301,46.43628],[10.00253,46.4364],[10.0018,46.43619],[10.00034,46.43516],[9.99856,46.43462],[9.99827,46.43474],[9.99703,46.43466],[9.99649,46.43542],[9.99605,46.43561],[9.99484,46.43545],[9.99334,46.4357],[9.99207,46.43547],[9.99052,46.43553],[9.98969,46.43577]],[[10.03491,46.4356],[10.03245,46.43693]],[[10.03542,46.43518],[10.03513,46.4353]],[[10.03559,46.43442],[10.03545,46.43459]],[[10.03698,46.42971],[10.03801,46.43056],[10.03801,46.43131],[10.03832,46.43195],[10.0372,46.43312]]]}},{"type":"Feature","properties":{"id":"calancasca-gr","c":"GR","p":"patent","q":"derived","k":"river"},"geometry":{"type":"MultiLineString","coordinates":[[[9.11141,46.47554],[9.11122,46.47468],[9.11141,46.47342],[9.11281,46.47271],[9.11345,46.47043],[9.11426,46.47017],[9.11542,46.46895],[9.11548,46.46795],[9.11644,46.4671],[9.11682,46.46636],[9.1167,46.46601],[9.11699,46.46526],[9.11826,46.46466],[9.11818,46.46406],[9.11853,46.46334],[9.11931,46.46274],[9.11998,46.46012],[9.12074,46.45957],[9.12128,46.45834],[9.1214,46.45712],[9.12103,46.4569],[9.1214,46.45653],[9.12079,46.4542],[9.1198,46.45309],[9.11962,46.4525],[9.11911,46.45225],[9.11835,46.45107],[9.11765,46.4505],[9.11736,46.44936],[9.11747,46.44878],[9.1167,46.4485],[9.11635,46.44806],[9.11647,46.44733],[9.11723,46.4462],[9.1175,46.44458],[9.11722,46.44429],[9.11727,46.44392],[9.11788,46.44324],[9.11776,46.44258],[9.11693,46.44206],[9.11685,46.44139],[9.11644,46.44099],[9.11675,46.44059],[9.11643,46.43939],[9.11723,46.4383],[9.1188,46.43712],[9.11845,46.43628],[9.11856,46.43573],[9.11911,46.43515],[9.12071,46.43472],[9.12071,46.43402],[9.12182,46.43338],[9.12275,46.43246],[9.12527,46.43136],[9.12675,46.43107],[9.12796,46.42923],[9.12927,46.42854],[9.12918,46.42777],[9.13061,46.42619],[9.1311,46.42402],[9.13148,46.42374],[9.13206,46.42268],[9.13321,46.42191],[9.13363,46.42043],[9.13249,46.41849],[9.1325,46.41707],[9.13204,46.41539],[9.13318,46.41274],[9.13264,46.41104],[9.13299,46.40965],[9.13251,46.40894],[9.13185,46.40407],[9.13235,46.40333],[9.13225,46.40252],[9.13295,46.40202],[9.13303,46.40174],[9.13262,46.40102],[9.13259,46.3999],[9.13203,46.39846],[9.13135,46.39733],[9.13073,46.3969],[9.13014,46.39609],[9.13095,46.39423],[9.13043,46.39315],[9.12959,46.39229],[9.12913,46.39115],[9.12782,46.39056],[9.12749,46.38979],[9.12646,46.38919],[9.12661,46.38839],[9.12606,46.38767],[9.12616,46.38697],[9.12519,46.38446],[9.12558,46.38249],[9.12628,46.38163],[9.1262,46.37976],[9.12681,46.37934],[9.12672,46.37865],[9.12702,46.37826],[9.12647,46.37793],[9.12623,46.37716],[9.12654,46.37578],[9.12632,46.37545],[9.12536,46.3749],[9.12516,46.37396],[9.12609,46.37153],[9.12739,46.37092],[9.12712,46.36756],[9.12858,46.3649],[9.12884,46.36367],[9.12844,46.36258],[9.12652,46.36051],[9.12581,46.35902],[9.12541,46.35731],[9.1242,46.35652],[9.12396,46.35538],[9.12338,46.35458],[9.12355,46.35425],[9.12423,46.35389],[9.12471,46.35287],[9.1252,46.34966],[9.12436,46.34892],[9.12282,46.34844],[9.12204,46.34845],[9.12148,46.34818],[9.12074,46.34713],[9.12016,46.34036],[9.11896,46.33827],[9.11872,46.33717],[9.11976,46.33369],[9.12034,46.33303],[9.12114,46.33265],[9.1219,46.33171],[9.12166,46.32991],[9.11901,46.32549],[9.11907,46.32061],[9.11869,46.31996],[9.11748,46.31921],[9.11721,46.31623],[9.11617,46.31492],[9.11593,46.31429],[9.1158,46.31257],[9.11655,46.31131],[9.11625,46.30994],[9.11574,46.30902],[9.1158,46.3086],[9.11495,46.30723],[9.11532,46.30572],[9.11475,46.30447],[9.11476,46.30378],[9.115,46.30265],[9.11577,46.30109],[9.11486,46.30001],[9.11506,46.29728],[9.11532,46.29681],[9.1165,46.29594],[9.11721,46.29455],[9.1168,46.29353],[9.11811,46.2892],[9.11763,46.28541],[9.11828,46.28378],[9.11636,46.28187],[9.11482,46.28128],[9.11425,46.28066],[9.11326,46.28047],[9.1122,46.27764],[9.11146,46.27691],[9.10993,46.27607],[9.10965,46.27206]],[[9.10986,46.26775],[9.11059,46.26744],[9.11112,46.26684],[9.11138,46.2657],[9.11242,46.26367],[9.11257,46.26244],[9.1136,46.26188],[9.1137,46.26085],[9.11585,46.25948],[9.11678,46.25944],[9.11754,46.25905],[9.11865,46.25897],[9.11958,46.25797],[9.12042,46.25774],[9.12176,46.25696],[9.12363,46.25633],[9.12468,46.25547],[9.13115,46.25453],[9.13471,46.25297],[9.13609,46.25196],[9.13734,46.25176],[9.13886,46.25101],[9.14153,46.25062],[9.14279,46.25006],[9.14308,46.24978],[9.14317,46.24902],[9.14258,46.24785],[9.14252,46.24691],[9.14155,46.24416],[9.14229,46.23874],[9.14189,46.23792],[9.14092,46.23692]]]}},{"type":"Feature","properties":{"id":"moesa-gr","c":"GR","p":"patent","q":"derived","k":"river"},"geometry":{"type":"MultiLineString","coordinates":[[[9.20431,46.42941],[9.20488,46.42962],[9.2058,46.42953],[9.20763,46.42991],[9.20907,46.42965],[9.21002,46.42794],[9.21056,46.42747],[9.21155,46.42719],[9.21308,46.42635],[9.21461,46.42588],[9.21798,46.42439],[9.22197,46.4218],[9.2259,46.41834],[9.22576,46.41677],[9.22533,46.41613],[9.22633,46.41523],[9.22799,46.41505],[9.22829,46.41445],[9.22877,46.41425],[9.22987,46.41316],[9.23076,46.41075],[9.23124,46.41038],[9.23182,46.40836],[9.2324,46.40747],[9.23397,46.40584],[9.23527,46.40521],[9.23466,46.40421],[9.23359,46.4034],[9.233,46.40213],[9.23295,46.40146],[9.23394,46.39953],[9.2346,46.39636],[9.23485,46.39356],[9.23554,46.39167],[9.2354,46.39025],[9.23626,46.38855],[9.23592,46.38785],[9.23622,46.38733],[9.2358,46.38698],[9.23581,46.38618],[9.23612,46.38575],[9.23593,46.38472],[9.23561,46.3844],[9.23479,46.3842],[9.23457,46.38377],[9.23495,46.38205],[9.2359,46.3814],[9.23601,46.38113],[9.23554,46.37986],[9.23561,46.37816],[9.23524,46.37722],[9.23389,46.37635],[9.23234,46.37674],[9.2317,46.37707],[9.23057,46.37693],[9.23013,46.37621],[9.2298,46.37411],[9.22904,46.37352],[9.22855,46.3724],[9.22759,46.3719],[9.22676,46.371],[9.22663,46.37049],[9.2269,46.36969],[9.22573,46.3678],[9.22629,46.36604],[9.22559,46.36527],[9.22488,46.36321],[9.22427,46.36267],[9.22303,46.36203],[9.22262,46.36106],[9.22189,46.36066],[9.22184,46.35969],[9.22058,46.35858],[9.22011,46.35739],[9.2203,46.35556],[9.22184,46.35425],[9.22183,46.35369],[9.22124,46.35247],[9.22117,46.35117],[9.21933,46.35021],[9.21441,46.34607],[9.21383,46.34522],[9.21379,46.34444],[9.21413,46.34327],[9.21567,46.34106],[9.21652,46.34027],[9.21651,46.33925],[9.2153,46.33824],[9.21326,46.33726],[9.21164,46.33532],[9.20866,46.33375],[9.20781,46.33215],[9.20681,46.33167],[9.20682,46.33076],[9.20718,46.33043],[9.20719,46.3297],[9.20757,46.32885],[9.20679,46.32865],[9.20659,46.32831],[9.20635,46.32712],[9.20644,46.32342],[9.20613,46.32262],[9.18804,46.29967],[9.18652,46.29812],[9.1807,46.29316],[9.17998,46.29161],[9.18048,46.29028],[9.18039,46.28981],[9.18015,46.28947],[9.17917,46.28922],[9.17869,46.28891],[9.17821,46.28764],[9.17755,46.28681],[9.17762,46.28591],[9.17609,46.28583],[9.17476,46.28497],[9.17464,46.28454],[9.17503,46.28276],[9.17379,46.28214],[9.1737,46.28191],[9.1748,46.28035],[9.17499,46.27965],[9.17378,46.27789],[9.17321,46.27514],[9.17148,46.27325],[9.1711,46.27136],[9.16906,46.26951],[9.16662,46.26616],[9.16579,46.26383],[9.16416,46.26224],[9.16264,46.25978],[9.1618,46.25872],[9.16019,46.25727],[9.15958,46.25636],[9.15926,46.25499],[9.15909,46.25094],[9.15838,46.24922],[9.15747,46.24812],[9.15303,46.24467],[9.15226,46.24376],[9.15101,46.24138],[9.15035,46.24112],[9.14901,46.2411],[9.14684,46.24072],[9.1458,46.24001],[9.14473,46.23836],[9.14375,46.23774],[9.14086,46.23662],[9.13843,46.23615],[9.13466,46.2361],[9.13365,46.23632],[9.13175,46.23766],[9.13006,46.23816],[9.12035,46.23856],[9.11894,46.23829],[9.11662,46.2373],[9.11192,46.23476],[9.11075,46.23383],[9.10912,46.23212],[9.10715,46.2308],[9.10602,46.23021],[9.10338,46.22944],[9.09748,46.2298],[9.09399,46.22976],[9.09213,46.23012],[9.08956,46.23021],[9.08326,46.23125],[9.08174,46.23128],[9.08052,46.23098]],[[9.16373,46.4981],[9.16515,46.49859],[9.16811,46.49753],[9.16927,46.49753],[9.16958,46.49732],[9.17106,46.49702],[9.17101,46.49615],[9.17065,46.49574]],[[9.17081,46.49097],[9.17092,46.49027],[9.17032,46.49004],[9.17053,46.48961],[9.1703,46.48911],[9.17068,46.48895],[9.17131,46.48811],[9.1712,46.48732],[9.17146,46.48699],[9.17115,46.48648],[9.17261,46.48435],[9.17246,46.48353],[9.17175,46.48234],[9.17059,46.48181],[9.16986,46.48168],[9.16941,46.4812],[9.16942,46.4809],[9.17065,46.48011],[9.17087,46.47902],[9.17168,46.47795],[9.17425,46.4768],[9.17507,46.47669],[9.17623,46.47622],[9.17712,46.47554],[9.1772,46.47511],[9.17771,46.47462],[9.1779,46.47354],[9.17834,46.47303],[9.17958,46.47296],[9.18034,46.47263],[9.18107,46.47266],[9.18181,46.47246],[9.18208,46.47221],[9.18207,46.47149],[9.18392,46.47035],[9.18433,46.47016],[9.18445,46.47053],[9.18467,46.47052],[9.18495,46.47002],[9.18591,46.46995],[9.18744,46.46914],[9.18803,46.46827],[9.18799,46.46778],[9.18833,46.46729],[9.18816,46.46699],[9.18849,46.46663],[9.18842,46.46584],[9.18875,46.46549],[9.18908,46.46445],[9.18982,46.46382],[9.19062,46.46391],[9.19121,46.46353],[9.19048,46.46267],[9.19044,46.46197],[9.19188,46.46087],[9.19212,46.46]],[[9.18976,46.44528],[9.18931,46.444],[9.18971,46.44357],[9.18977,46.44256],[9.19037,46.44201],[9.19062,46.44134],[9.19063,46.44037],[9.19007,46.4403],[9.18997,46.44013],[9.19054,46.43976],[9.19129,46.43873],[9.19233,46.43692]],[[9.1927,46.43647],[9.19336,46.43643],[9.19386,46.43603],[9.19455,46.43587],[9.19503,46.43522],[9.19495,46.43472],[9.19575,46.43404],[9.19652,46.43249],[9.19743,46.432],[9.19794,46.43136],[9.19859,46.43101],[9.19911,46.43122],[9.20014,46.43111],[9.20166,46.43137],[9.20199,46.43129],[9.20214,46.43108],[9.20196,46.43051],[9.20301,46.42944]]]}},{"type":"Feature","properties":{"id":"caroggia-gr","c":"GR","p":"patent","q":"derived","k":"river"},"geometry":{"type":"LineString","coordinates":[[9.52833,46.35961],[9.52692,46.358],[9.52669,46.35718],[9.52684,46.35641],[9.52631,46.35583],[9.52672,46.35502],[9.52651,46.3545],[9.52712,46.35296],[9.52814,46.35126],[9.52855,46.35093],[9.52891,46.34986],[9.53015,46.34866],[9.53024,46.34792],[9.53112,46.34738],[9.53139,46.34626],[9.53119,46.34608],[9.53257,46.34456],[9.53311,46.3432],[9.53296,46.34228],[9.53194,46.34175],[9.53163,46.34101],[9.53231,46.33966],[9.53129,46.33899],[9.53129,46.33828],[9.52994,46.33859],[9.5292,46.3385],[9.52873,46.3381],[9.52831,46.33756],[9.528,46.33642],[9.52712,46.33588],[9.52734,46.33423],[9.52698,46.33368],[9.52626,46.33326]]}},{"type":"Feature","properties":{"id":"mera-gr","c":"GR","p":"patent","q":"derived","k":"river"},"geometry":{"type":"MultiLineString","coordinates":[[[9.65813,46.37473],[9.65836,46.37151],[9.65788,46.37111],[9.65668,46.37081],[9.65575,46.36995],[9.65465,46.36984],[9.6547,46.36895],[9.6551,46.36825],[9.65481,46.36747],[9.65356,46.36698],[9.65279,46.36629],[9.65203,46.36509],[9.65126,46.36468],[9.64891,46.36397],[9.64675,46.36285],[9.64488,46.36247],[9.64274,46.36124],[9.64264,46.36079],[9.64239,46.36074],[9.64199,46.36011],[9.64072,46.35932],[9.64071,46.35905],[9.63932,46.35792],[9.63839,46.35786],[9.63736,46.3572],[9.63529,46.3567],[9.63472,46.35634],[9.63318,46.35617],[9.63216,46.3557],[9.63113,46.35548],[9.6308,46.35519],[9.62846,46.35564],[9.62684,46.35568],[9.62566,46.35496],[9.62362,46.35278],[9.62239,46.35216],[9.61842,46.35073],[9.61642,46.35027],[9.61512,46.35011],[9.61365,46.35019],[9.61271,46.34993],[9.61189,46.34999],[9.61072,46.35038],[9.60784,46.35049],[9.60444,46.34967],[9.60259,46.34891],[9.60216,46.34743],[9.6016,46.34706],[9.59971,46.34685],[9.59826,46.34709],[9.59729,46.34705],[9.59565,46.34611],[9.59431,46.3449],[9.5925,46.34452],[9.59172,46.34411],[9.5904,46.34378],[9.58841,46.34227],[9.58764,46.34212],[9.58648,46.34227],[9.58519,46.34219],[9.58219,46.34104],[9.58139,46.34104],[9.57969,46.34036],[9.57824,46.3402],[9.57775,46.34045],[9.57629,46.34056],[9.57561,46.34042],[9.57466,46.3407],[9.574,46.34067],[9.57336,46.34033],[9.57257,46.34033],[9.57136,46.34089],[9.56998,46.34092],[9.56925,46.34156],[9.56848,46.34177],[9.56818,46.34175],[9.56793,46.34142],[9.56706,46.34132],[9.56554,46.34219],[9.56429,46.34201],[9.56382,46.34157],[9.5631,46.34139],[9.56196,46.34188],[9.55983,46.34199],[9.55912,46.34176],[9.55836,46.34184],[9.55753,46.34133],[9.55765,46.34056],[9.55732,46.33986],[9.55619,46.33907],[9.55505,46.33789],[9.5545,46.33764],[9.55144,46.33714],[9.55002,46.3364],[9.54735,46.33648],[9.54432,46.3363],[9.54346,46.33608],[9.54119,46.3348],[9.53889,46.33448],[9.53737,46.33377],[9.53653,46.33377],[9.5352,46.33436],[9.53351,46.33407],[9.5317,46.33279],[9.52849,46.33304],[9.52747,46.33291],[9.52478,46.3335],[9.52125,46.33386],[9.51882,46.33355],[9.51745,46.33262],[9.51568,46.33267],[9.51427,46.33232]],[[9.57362,46.39793],[9.57369,46.39857],[9.575,46.39947],[9.57638,46.3992]],[[9.57698,46.39968],[9.57733,46.40012],[9.57831,46.40001],[9.5803,46.39953],[9.58163,46.39864],[9.58271,46.39844],[9.58359,46.39747],[9.58391,46.39637],[9.58479,46.39583],[9.58529,46.39523],[9.58573,46.39434],[9.58555,46.39395],[9.58574,46.39383],[9.59003,46.3938],[9.59117,46.39353],[9.59277,46.39372],[9.59335,46.39363],[9.59383,46.39331],[9.59685,46.3924],[9.6003,46.39181],[9.60248,46.39124],[9.60339,46.39136],[9.604,46.39184],[9.60573,46.39227],[9.60704,46.39161],[9.60774,46.39158],[9.60817,46.39104],[9.60897,46.39091],[9.60994,46.38984],[9.61195,46.3895],[9.61254,46.3896],[9.61387,46.39031],[9.6155,46.39023],[9.61624,46.38975],[9.61702,46.38994],[9.61759,46.3898],[9.62199,46.3914],[9.62319,46.39132],[9.62492,46.39149],[9.62606,46.39201],[9.62696,46.39271],[9.6272,46.39315],[9.62863,46.39346],[9.62929,46.39428],[9.63293,46.39499],[9.6342,46.39571],[9.63582,46.39571],[9.63718,46.39637],[9.63866,46.3967],[9.64111,46.3965],[9.64293,46.39612],[9.64483,46.39603],[9.64632,46.39574],[9.64785,46.39523],[9.64819,46.39486],[9.65023,46.39465],[9.65175,46.39404],[9.65264,46.39395],[9.65364,46.39354],[9.65854,46.39236],[9.65932,46.39164],[9.65923,46.3913],[9.65993,46.3907],[9.66062,46.38952],[9.66002,46.38841],[9.65981,46.3845],[9.65903,46.38367],[9.65978,46.38244],[9.65926,46.38234],[9.6592,46.38187],[9.6584,46.38087],[9.65915,46.38001],[9.65887,46.37969]]]}},{"type":"Feature","properties":{"id":"rein-da-curnera-gr","c":"GR","p":"patent","q":"derived","k":"river"},"geometry":{"type":"MultiLineString","coordinates":[[[8.71298,46.63563],[8.71258,46.63653],[8.71278,46.63715],[8.71218,46.63811],[8.71206,46.63896],[8.7116,46.63955],[8.71154,46.64026],[8.711,46.64075],[8.71111,46.64101],[8.7106,46.64221],[8.71072,46.64254],[8.7103,46.64296],[8.71024,46.64364],[8.70937,46.64402],[8.70933,46.6445],[8.70817,46.64517],[8.70821,46.64532],[8.70856,46.64536],[8.70868,46.64574],[8.70799,46.64616],[8.70615,46.64653],[8.70577,46.64686],[8.70582,46.64802],[8.70616,46.64893],[8.70807,46.64985],[8.70866,46.65057],[8.70982,46.651],[8.7098,46.65173],[8.71207,46.65268]],[[8.71887,46.577],[8.71796,46.57729],[8.71541,46.57919],[8.7142,46.57974],[8.71549,46.58163],[8.71563,46.58406],[8.71618,46.58488],[8.71705,46.58564],[8.71768,46.58702],[8.71805,46.58944],[8.71852,46.58987],[8.71816,46.5908],[8.71847,46.5913],[8.71832,46.59158],[8.71869,46.59188],[8.71911,46.5928],[8.71845,46.59556],[8.71889,46.59616],[8.71918,46.598],[8.71886,46.59884],[8.71906,46.59953],[8.71881,46.60003],[8.71906,46.6005],[8.71833,46.60278],[8.71765,46.60371],[8.7179,46.60492],[8.71738,46.6063],[8.71787,46.60747],[8.71756,46.60812],[8.7177,46.60905],[8.71701,46.60966],[8.71672,46.61065],[8.71632,46.61105],[8.71639,46.61175],[8.71593,46.61238],[8.71576,46.61349],[8.71511,46.61418],[8.71537,46.61519],[8.71514,46.61554]]]}},{"type":"Feature","properties":{"id":"rein-da-cristallina-gr","c":"GR","p":"patent","q":"derived","k":"river"},"geometry":{"type":"LineString","coordinates":[[8.84852,46.5684],[8.84902,46.56923],[8.84867,46.57002],[8.84876,46.57084],[8.84941,46.57227],[8.85021,46.5732],[8.85005,46.57347],[8.85027,46.57486],[8.84951,46.5755],[8.84971,46.57601],[8.84947,46.57712],[8.85001,46.57777],[8.85004,46.57834],[8.85187,46.58009],[8.85187,46.58095],[8.85351,46.58357],[8.85412,46.58533],[8.85463,46.58568],[8.85567,46.5872],[8.85809,46.58916],[8.85816,46.58952],[8.8595,46.59104],[8.85983,46.59221],[8.86035,46.59305],[8.85969,46.59325],[8.85908,46.59436],[8.85816,46.59496],[8.85784,46.59607],[8.85621,46.59858],[8.8554,46.5994],[8.85546,46.6006],[8.85524,46.60103],[8.85432,46.60172],[8.85405,46.60281],[8.85225,46.60423],[8.8512,46.60599],[8.8491,46.60841],[8.84887,46.60903],[8.84791,46.60994],[8.84708,46.61171],[8.84716,46.61364],[8.8469,46.61504],[8.84488,46.61756],[8.84492,46.61842],[8.84198,46.62174],[8.84193,46.62235],[8.84068,46.62375],[8.84065,46.62416],[8.8392,46.62521],[8.83842,46.6262],[8.83695,46.62684],[8.8368,46.62723],[8.83532,46.62839]]}},{"type":"Feature","properties":{"id":"turnigla-gr","c":"GR","p":"patent","q":"derived","k":"river"},"geometry":{"type":"LineString","coordinates":[[9.33344,46.89019],[9.33296,46.88948],[9.33094,46.88838],[9.32987,46.88742],[9.32938,46.88687],[9.32935,46.88647],[9.32827,46.88562],[9.32749,46.8845],[9.32624,46.88423],[9.32591,46.88399],[9.32529,46.88328],[9.32502,46.8822],[9.32441,46.88207],[9.32402,46.88161],[9.32402,46.88041],[9.32436,46.87923],[9.32533,46.87781],[9.32429,46.87651],[9.32378,46.87432],[9.32307,46.87366],[9.3228,46.87277],[9.32294,46.87224],[9.32269,46.87115],[9.32301,46.86991],[9.32254,46.86913],[9.32209,46.86697],[9.32144,46.86587],[9.32187,46.86488],[9.32153,46.86428],[9.32154,46.86344],[9.3207,46.86296],[9.32067,46.86166],[9.3207,46.86067],[9.32118,46.85929],[9.32245,46.85809],[9.32418,46.85721],[9.32487,46.85705],[9.32599,46.85609],[9.32727,46.85628],[9.32831,46.85613],[9.3304,46.85483],[9.33122,46.853],[9.33224,46.85201],[9.33204,46.85152],[9.33214,46.85072],[9.33181,46.84993],[9.3329,46.84966],[9.33363,46.8488],[9.33465,46.84817],[9.33575,46.84774],[9.33673,46.84761],[9.33808,46.84598],[9.33898,46.84415],[9.3395,46.84379],[9.34063,46.84214],[9.34088,46.84077],[9.34154,46.84018],[9.34118,46.83972],[9.34125,46.83895],[9.3404,46.83694],[9.34047,46.8351],[9.34012,46.83353],[9.33967,46.83289],[9.33963,46.83211],[9.33852,46.83076],[9.33725,46.83021],[9.3353,46.82891]]}},{"type":"Feature","properties":{"id":"poschiavino-gr","c":"GR","p":"patent","q":"derived","k":"river"},"geometry":{"type":"MultiLineString","coordinates":[[[10.05263,46.43573],[10.05224,46.43479],[10.0505,46.43295],[10.05046,46.43258],[10.05062,46.4317],[10.05119,46.43125],[10.05165,46.43048],[10.05218,46.42773],[10.05167,46.42604],[10.05147,46.42403],[10.05179,46.42375],[10.05162,46.42312],[10.05209,46.42161],[10.05189,46.41846],[10.05226,46.41776],[10.05268,46.41748],[10.05227,46.41683],[10.05286,46.41627],[10.05289,46.41563],[10.05394,46.41404],[10.0568,46.41181],[10.05774,46.41139],[10.0603,46.4088],[10.06098,46.40834],[10.06234,46.40795],[10.06261,46.40731],[10.06209,46.40614],[10.06223,46.40593],[10.06322,46.40526],[10.06383,46.40537],[10.06415,46.40513],[10.0656,46.4049],[10.06651,46.40401],[10.06657,46.40255],[10.06738,46.40068],[10.06714,46.40043],[10.06718,46.39726],[10.06742,46.39677],[10.06722,46.39592],[10.06755,46.39542],[10.06834,46.3948],[10.06906,46.39473],[10.06997,46.39543],[10.07107,46.39545]],[[10.07238,46.39455],[10.07303,46.39449],[10.07447,46.39327],[10.07453,46.39288],[10.07423,46.39253],[10.07437,46.39202],[10.07367,46.39139],[10.07317,46.39128],[10.07259,46.39037],[10.07188,46.38993],[10.07234,46.38895],[10.07171,46.38652],[10.07127,46.38606],[10.07147,46.38476],[10.07066,46.38384],[10.07079,46.3835],[10.0696,46.38296],[10.06904,46.38228],[10.0691,46.38188],[10.07041,46.38068],[10.06951,46.38026],[10.06966,46.37962],[10.06951,46.37937],[10.06731,46.37818],[10.06597,46.37636],[10.06576,46.37563],[10.06598,46.37493],[10.06559,46.37411],[10.06577,46.37315],[10.06505,46.37137],[10.06596,46.36982],[10.0671,46.36903],[10.06788,46.36752],[10.06917,46.36629],[10.06964,46.36551],[10.06986,46.36493],[10.0695,46.36391],[10.07001,46.36234],[10.06969,46.36163],[10.0699,46.36017],[10.06976,46.3597],[10.06883,46.3588],[10.06862,46.35793],[10.06814,46.35733],[10.06826,46.35627],[10.06803,46.35527],[10.06679,46.35395],[10.0656,46.35184],[10.06543,46.35047],[10.06602,46.34931],[10.06575,46.34818],[10.06352,46.34677],[10.06241,46.34636],[10.06084,46.34513],[10.05992,46.34474],[10.05982,46.34353],[10.05851,46.34275],[10.05804,46.34069],[10.05762,46.33999],[10.05785,46.33976],[10.05995,46.33896],[10.05998,46.33797],[10.06091,46.33724],[10.06096,46.33536],[10.06074,46.33431],[10.05873,46.33135],[10.05788,46.32869],[10.0571,46.32761],[10.05699,46.32626],[10.0563,46.32393],[10.05701,46.32102],[10.05757,46.32038],[10.05883,46.31974],[10.05917,46.31775],[10.06071,46.31632],[10.06046,46.3152],[10.06251,46.31306],[10.06359,46.31135],[10.06472,46.31052],[10.06538,46.30906],[10.06716,46.30756],[10.0673,46.30694],[10.06698,46.30617],[10.0672,46.30554],[10.06764,46.30523],[10.07077,46.30415],[10.07129,46.30382],[10.07212,46.30126],[10.0742,46.29904],[10.07652,46.29816],[10.07886,46.2968],[10.08066,46.29485],[10.08362,46.29413],[10.0866,46.29244]],[[10.10169,46.27341],[10.10343,46.27267],[10.1044,46.27171],[10.10882,46.27063],[10.10895,46.27041],[10.10964,46.27021],[10.11002,46.26968],[10.11127,46.26928],[10.11184,46.26838],[10.11264,46.26812],[10.11513,46.26653],[10.1162,46.26428],[10.11707,46.26333],[10.11678,46.2626],[10.11725,46.26195],[10.11818,46.26171],[10.11947,46.26019],[10.12231,46.25883],[10.1226,46.25836],[10.12522,46.25661],[10.12536,46.25609],[10.12594,46.25548],[10.12539,46.25432],[10.12624,46.25288],[10.12625,46.25085],[10.12649,46.25055],[10.12719,46.25028],[10.12784,46.24913],[10.12805,46.24807],[10.12912,46.24715],[10.12914,46.24675],[10.1286,46.24611],[10.12904,46.2454],[10.12927,46.24439],[10.13208,46.24181],[10.13387,46.24074],[10.13489,46.23974],[10.1362,46.23701],[10.13797,46.23596],[10.1401,46.23526],[10.14111,46.23439],[10.14275,46.23395],[10.14371,46.23349],[10.14466,46.23144],[10.14584,46.23046]]]}},{"type":"Feature","properties":{"id":"schergenbach-gr","c":"GR","p":"patent","q":"derived","k":"river"},"geometry":{"type":"MultiLineString","coordinates":[[[10.3114,46.93895],[10.31262,46.93934],[10.31315,46.93972],[10.3149,46.94021],[10.31624,46.94086],[10.31721,46.94149],[10.31911,46.94327],[10.32041,46.94335],[10.3207,46.94336],[10.32176,46.94245],[10.3256,46.94264],[10.32689,46.94217],[10.32708,46.94186],[10.32761,46.94163],[10.32845,46.94001],[10.32896,46.93977],[10.33165,46.93975],[10.33493,46.94001],[10.33617,46.93982],[10.33804,46.93996],[10.34009,46.93976],[10.34188,46.93906],[10.34384,46.93906],[10.34624,46.93969],[10.3484,46.93989],[10.35031,46.94036],[10.3512,46.94097],[10.35227,46.94137],[10.35508,46.94191],[10.35619,46.94232],[10.35707,46.94291],[10.35838,46.94342],[10.35945,46.94442],[10.36107,46.94548],[10.36201,46.94669],[10.36202,46.94711],[10.36252,46.94756],[10.36853,46.94995],[10.37057,46.95045]],[[10.37144,46.95055],[10.37232,46.95078],[10.37721,46.95289],[10.37839,46.95385],[10.37931,46.95417],[10.37997,46.95485],[10.3807,46.95501],[10.38134,46.95563],[10.38313,46.95615],[10.38482,46.95609],[10.38703,46.95715],[10.38855,46.95728],[10.39099,46.95784],[10.39159,46.95822],[10.39473,46.95846],[10.39518,46.95867],[10.39756,46.95895],[10.39918,46.95848],[10.40206,46.9587],[10.40307,46.95796],[10.40358,46.95782],[10.40555,46.95829],[10.40628,46.95925],[10.40946,46.9604],[10.41016,46.96045],[10.41108,46.96078],[10.41115,46.96129],[10.41211,46.96191],[10.41373,46.96232],[10.41573,46.96198],[10.41672,46.96199],[10.41784,46.96157],[10.41828,46.96111],[10.41961,46.96104],[10.4202,46.96042],[10.42131,46.96037],[10.42216,46.96005]],[[10.43397,46.95635],[10.43613,46.95581],[10.43752,46.95589],[10.4382,46.95534],[10.43867,46.95454]],[[10.44508,46.95363],[10.44718,46.95312]],[[10.44793,46.95295],[10.44845,46.95283],[10.44908,46.95234],[10.45048,46.95248],[10.45137,46.95236],[10.45527,46.95291]]]}},{"type":"Feature","properties":{"id":"traversagna-gr","c":"GR","p":"patent","q":"derived","k":"river"},"geometry":{"type":"MultiLineString","coordinates":[[[9.16701,46.20439],[9.16582,46.2052],[9.16498,46.20633],[9.16436,46.20643],[9.16408,46.20697],[9.16327,46.20746],[9.16298,46.20828],[9.16178,46.2085],[9.16133,46.2091],[9.1613,46.20986],[9.16068,46.20976],[9.16007,46.21005],[9.16007,46.21144],[9.15977,46.21225],[9.15763,46.21474],[9.15672,46.215],[9.1558,46.21442],[9.15459,46.21457],[9.1544,46.21538],[9.15383,46.2158],[9.15342,46.21684],[9.15252,46.21698],[9.15217,46.21734],[9.1511,46.21782],[9.15102,46.21845],[9.15073,46.21875],[9.149,46.21872],[9.14867,46.21814],[9.14795,46.21817],[9.14706,46.21866],[9.14649,46.21988],[9.14581,46.21981],[9.14552,46.21947],[9.14495,46.2193],[9.14425,46.21952],[9.14356,46.22],[9.14342,46.22046],[9.14211,46.22103],[9.142,46.22189],[9.1412,46.22222],[9.14113,46.22269],[9.14056,46.22271],[9.13952,46.22342],[9.13857,46.22358],[9.13821,46.22423],[9.13724,46.22438],[9.13725,46.22512],[9.13599,46.22597],[9.1357,46.2266],[9.13437,46.22656],[9.13387,46.22719],[9.13274,46.22794],[9.13183,46.22822],[9.13174,46.22892],[9.13075,46.22984],[9.1295,46.22981],[9.12926,46.22994],[9.12891,46.23045],[9.12892,46.23116],[9.12995,46.23226],[9.13176,46.23303],[9.13242,46.23394],[9.1327,46.23548],[9.13329,46.23647]],[[9.177,46.17888],[9.17718,46.18209],[9.17777,46.18389],[9.1773,46.18633],[9.17667,46.18695],[9.17555,46.18928],[9.17529,46.19074],[9.17436,46.19177],[9.17408,46.19241],[9.17303,46.19301],[9.17207,46.19514],[9.17116,46.19623],[9.17111,46.19695],[9.16967,46.19931],[9.16976,46.19985],[9.16893,46.2013],[9.1689,46.2023]]]}},{"type":"Feature","properties":{"id":"varunasch-gr","c":"GR","p":"patent","q":"derived","k":"river"},"geometry":{"type":"LineString","coordinates":[[9.99822,46.35295],[9.99889,46.35249],[10.00192,46.35149],[10.00627,46.35111],[10.01034,46.3505],[10.01131,46.35012],[10.01251,46.35004],[10.01326,46.34962],[10.01381,46.34902],[10.01536,46.34852],[10.01569,46.34794],[10.01798,46.34741],[10.01972,46.34636],[10.02143,46.34602],[10.02248,46.3465],[10.02382,46.34569],[10.02455,46.34553],[10.02605,46.34563],[10.02623,46.34548],[10.02614,46.34501],[10.0266,46.34469],[10.03044,46.34386],[10.03344,46.34262],[10.03486,46.3423],[10.03929,46.3422],[10.04049,46.34191],[10.04168,46.34133],[10.04315,46.34115],[10.0442,46.34063],[10.0451,46.34042],[10.04552,46.33977],[10.04623,46.33937],[10.04888,46.33887],[10.04975,46.33854],[10.0504,46.33796],[10.05205,46.3373],[10.05684,46.33442],[10.05794,46.3336],[10.05853,46.33277],[10.05859,46.33143]]}},{"type":"Feature","properties":{"id":"fulhornbach-gr","c":"GR","p":"patent","q":"derived","k":"river"},"geometry":{"type":"LineString","coordinates":[[9.50671,46.77057],[9.50859,46.77096],[9.51302,46.77253],[9.51627,46.77443],[9.51725,46.77462],[9.51805,46.77508],[9.52227,46.77665],[9.52369,46.77771],[9.52665,46.77894],[9.52949,46.77969],[9.53192,46.77989],[9.5331,46.77977],[9.53433,46.77997],[9.53498,46.78062],[9.53691,46.78153],[9.53859,46.7832],[9.53905,46.78467],[9.53897,46.7851],[9.5395,46.78598],[9.53923,46.78756],[9.53944,46.78802],[9.53984,46.78827]]}},{"type":"Feature","properties":{"id":"flaz-gr","c":"GR","p":"patent","q":"derived","k":"river"},"geometry":{"type":"LineString","coordinates":[[9.90019,46.49247],[9.89927,46.49395],[9.89751,46.49564],[9.89708,46.49684],[9.8966,46.49747],[9.89429,46.49852],[9.89303,46.49946],[9.89051,46.49999],[9.88961,46.50067],[9.88899,46.50151],[9.88725,46.50223],[9.8869,46.50253],[9.88676,46.50333],[9.88483,46.50642],[9.88214,46.50807],[9.87992,46.50893],[9.87903,46.50949],[9.87781,46.51131],[9.87842,46.51403],[9.87951,46.51642],[9.87952,46.51924],[9.88013,46.52066],[9.88174,46.52275],[9.88428,46.52517],[9.88691,46.52875],[9.89095,46.53364],[9.891,46.53471],[9.8898,46.5367],[9.88965,46.53822],[9.89164,46.5412],[9.89228,46.54348]]}}]}