{"type":"FeatureCollection","features":[{"type":"Feature","properties":{"id":"aabach-bei-boeschenrot-lu","c":"LU","p":"pacht","q":"derived","k":"river"},"geometry":{"type":"LineString","coordinates":[[8.46762,47.11865],[8.46693,47.11845],[8.46667,47.11798],[8.4661,47.11802],[8.46629,47.11748],[8.46588,47.11706],[8.46482,47.11701],[8.46471,47.11677],[8.46444,47.11686],[8.46047,47.11601],[8.4554,47.11342]]}},{"type":"Feature","properties":{"id":"aabach-bei-mosen-ermensee-lu","c":"LU","p":"pacht","q":"derived","k":"river"},"geometry":{"type":"LineString","coordinates":[[8.22836,47.24665],[8.23164,47.24116],[8.23465,47.23886],[8.23579,47.23667],[8.23637,47.23368],[8.23728,47.23148],[8.23909,47.22978],[8.24076,47.22889],[8.24134,47.22835],[8.242,47.22738],[8.24213,47.22603],[8.2427,47.22534]]}},{"type":"Feature","properties":{"id":"altdorfbach-bei-vitznau-lu","c":"LU","p":"pacht","q":"derived","k":"river"},"geometry":{"type":"LineString","coordinates":[[8.48285,47.0071],[8.48461,47.00768],[8.48616,47.00758],[8.48818,47.00827],[8.48916,47.00803],[8.49062,47.00806],[8.49207,47.00744],[8.49356,47.00727],[8.49465,47.00652],[8.49614,47.00686],[8.49682,47.00793],[8.49785,47.00808],[8.49815,47.00879],[8.49929,47.00941],[8.50242,47.01172],[8.50245,47.01219],[8.50449,47.01414],[8.5048,47.01457],[8.50473,47.01596],[8.50525,47.01741],[8.50633,47.0187],[8.50646,47.01979],[8.50699,47.02083],[8.50719,47.02114],[8.50816,47.02149],[8.5094,47.02317]]}},{"type":"Feature","properties":{"id":"altwiser-u-haemikoner-dorfbach-lu","c":"LU","p":"pacht","q":"derived","k":"river"},"geometry":{"type":"LineString","coordinates":[[8.22818,47.24704],[8.22856,47.24702],[8.2323,47.24485],[8.23893,47.24245],[8.24267,47.24129],[8.2446,47.24116],[8.24805,47.24003],[8.24879,47.24006],[8.25137,47.23958],[8.25278,47.23961],[8.25529,47.23998],[8.2557,47.24026],[8.2568,47.24039],[8.25728,47.24029],[8.25843,47.24061],[8.26147,47.24047],[8.26272,47.24074],[8.2635,47.24122],[8.26453,47.24155],[8.26589,47.24126],[8.26643,47.24084],[8.2675,47.24121],[8.26866,47.2411],[8.2709,47.23967],[8.27176,47.23946],[8.27371,47.23941],[8.27458,47.23896],[8.27533,47.23805],[8.276,47.23812],[8.27679,47.23769],[8.27732,47.23671],[8.27796,47.23671],[8.27849,47.23634],[8.27892,47.23631],[8.2793,47.23566],[8.27988,47.23526],[8.28052,47.23527],[8.28122,47.23464],[8.28152,47.23396],[8.28192,47.23401],[8.28207,47.23358],[8.28272,47.23298],[8.28236,47.23277],[8.28383,47.23067],[8.28543,47.22929],[8.28642,47.22918],[8.2882,47.22988],[8.28976,47.23059],[8.29004,47.2311],[8.29081,47.23147]]}},{"type":"Feature","properties":{"id":"bihlbach-i-ts-lu","c":"LU","p":"pacht","q":"derived","k":"river"},"geometry":{"type":"LineString","coordinates":[[8.10271,47.05614],[8.10191,47.05591],[8.10131,47.05631],[8.10074,47.05707],[8.09933,47.05686],[8.0964,47.05775],[8.09521,47.05848],[8.09506,47.06047],[8.09722,47.06151],[8.09807,47.06251],[8.09827,47.06331],[8.09796,47.06451],[8.09747,47.06496],[8.09775,47.06576],[8.09754,47.06632],[8.09806,47.0666],[8.09806,47.06703],[8.09851,47.06737],[8.09865,47.068],[8.10405,47.07051],[8.10399,47.07132],[8.10496,47.07175],[8.10459,47.07285],[8.10512,47.07366],[8.10502,47.07459],[8.10558,47.07534],[8.10646,47.07586],[8.10766,47.07612],[8.10797,47.07657],[8.10863,47.07645],[8.1091,47.07655],[8.11023,47.07793],[8.11143,47.0784],[8.11366,47.07981],[8.11487,47.08028],[8.11569,47.08024],[8.11659,47.08064],[8.11896,47.08105],[8.12089,47.08098],[8.12151,47.08072],[8.12231,47.08005],[8.12307,47.08013]]}},{"type":"Feature","properties":{"id":"bihlbach-ii-ts-lu","c":"LU","p":"pacht","q":"derived","k":"river"},"geometry":{"type":"LineString","coordinates":[[8.12307,47.08013],[8.12366,47.0802],[8.1254,47.07985],[8.12789,47.08016],[8.12878,47.07972],[8.12943,47.07893],[8.1308,47.07819],[8.13075,47.07774],[8.13111,47.07729],[8.13223,47.07674],[8.13332,47.07584],[8.13546,47.07495],[8.13625,47.075],[8.13668,47.07483],[8.13947,47.07303],[8.14095,47.07275],[8.14158,47.07232],[8.1424,47.07239],[8.14336,47.07208],[8.14407,47.07119],[8.14705,47.07038],[8.14998,47.06925],[8.15171,47.06748],[8.15662,47.06678],[8.15747,47.06638],[8.15774,47.06537],[8.15974,47.06293],[8.16,47.06232],[8.161,47.06176],[8.1626,47.05978],[8.16403,47.05879],[8.1646,47.05735],[8.16378,47.05607],[8.16375,47.05564],[8.16401,47.05546],[8.16385,47.05512],[8.16422,47.05444],[8.16389,47.05357],[8.16334,47.05304],[8.16251,47.05282],[8.16148,47.05208],[8.1608,47.05085],[8.1599,47.04993],[8.15916,47.04948],[8.15842,47.04942]]}},{"type":"Feature","properties":{"id":"buchwigger-lu","c":"LU","p":"pacht","q":"derived","k":"river"},"geometry":{"type":"LineString","coordinates":[[7.99895,47.12446],[7.99832,47.12389],[7.99692,47.12129],[7.99623,47.11906],[7.9968,47.11618],[7.99783,47.11433],[7.99759,47.11423],[7.99816,47.11129],[7.99683,47.10954],[7.99657,47.10821],[7.99606,47.10765],[7.99601,47.10724],[7.99502,47.10648],[7.99419,47.10527],[7.99304,47.10425],[7.991,47.10344],[7.98995,47.10218],[7.98957,47.1013],[7.98806,47.10062],[7.98712,47.09992],[7.98656,47.09857],[7.98562,47.09782],[7.98549,47.09555],[7.98472,47.09411],[7.98517,47.09202],[7.98513,47.09081],[7.98566,47.08997],[7.98501,47.0893],[7.98603,47.08812],[7.98566,47.08718],[7.98607,47.0863],[7.9857,47.08576],[7.98608,47.08519],[7.98623,47.08393],[7.98553,47.08278],[7.98437,47.08215],[7.98487,47.08184],[7.98495,47.08152],[7.98464,47.08096],[7.98414,47.08084],[7.98413,47.08057],[7.98449,47.08038],[7.98398,47.0799],[7.98381,47.07918],[7.98347,47.07914],[7.98339,47.07871],[7.98273,47.0784],[7.9825,47.07806],[7.98161,47.07766],[7.98168,47.07718],[7.98092,47.07505],[7.9812,47.07408],[7.98056,47.07356],[7.98078,47.07255],[7.98008,47.07178],[7.98081,47.07118],[7.98105,47.07034],[7.98169,47.07018],[7.98285,47.06914],[7.98273,47.068],[7.98234,47.06713],[7.9824,47.06623],[7.98204,47.06563],[7.98216,47.06489],[7.98281,47.06285],[7.98446,47.06054],[7.98455,47.05964],[7.98557,47.05753],[7.98635,47.05499],[7.98615,47.05424],[7.98345,47.05187],[7.98274,47.05091],[7.98122,47.04952],[7.97956,47.04724],[7.97931,47.04624],[7.97936,47.04485],[7.98036,47.043],[7.98123,47.04253]]}},{"type":"Feature","properties":{"id":"bumbach-lu","c":"LU","p":"pacht","q":"derived","k":"river"},"geometry":{"type":"LineString","coordinates":[[7.91525,46.82305],[7.91572,46.82416],[7.91708,46.82486],[7.91742,46.82523],[7.91826,46.82552],[7.92034,46.82771],[7.9216,46.82859],[7.92229,46.82868],[7.92425,46.82959],[7.92443,46.83016],[7.92503,46.83081],[7.92536,46.83197],[7.92655,46.83302],[7.92715,46.83421],[7.92855,46.8344],[7.92887,46.83459]]}},{"type":"Feature","properties":{"id":"burgbach-bei-wolfetschwil-lu","c":"LU","p":"pacht","q":"derived","k":"river"},"geometry":{"type":"LineString","coordinates":[[8.25206,47.19981],[8.24954,47.19906],[8.24891,47.19865],[8.24855,47.19792],[8.24802,47.19762],[8.24794,47.19736],[8.24755,47.19716],[8.24714,47.19725],[8.24619,47.1968],[8.24597,47.19618],[8.2455,47.19599],[8.2454,47.19564],[8.24447,47.19547],[8.24399,47.19512],[8.24107,47.19419],[8.23912,47.19283],[8.23797,47.19236],[8.23749,47.19229],[8.23676,47.19246],[8.23583,47.19228],[8.23501,47.19161],[8.23256,47.19049],[8.2306,47.19022]]}},{"type":"Feature","properties":{"id":"baerselbach-bei-salwiden-fluehli-lu","c":"LU","p":"pacht","q":"derived","k":"river"},"geometry":{"type":"LineString","coordinates":[[7.95078,46.79963],[7.95123,46.7999],[7.95129,46.80035],[7.95228,46.80084],[7.95249,46.80138],[7.95366,46.80181],[7.95416,46.80237],[7.95513,46.80285],[7.95604,46.80287],[7.95666,46.80314],[7.95786,46.80306],[7.95789,46.80332],[7.95844,46.80356],[7.9602,46.80341],[7.96122,46.80371],[7.96177,46.80368],[7.96281,46.80415],[7.96463,46.80397],[7.96659,46.8041],[7.96757,46.80363],[7.96882,46.80356],[7.97058,46.8038],[7.97178,46.80444],[7.97305,46.80447],[7.97363,46.80468],[7.97305,46.80615],[7.97338,46.80648],[7.97409,46.80655],[7.97466,46.80684],[7.9752,46.80764],[7.9763,46.80812],[7.97683,46.80879],[7.9798,46.80938],[7.98066,46.80904],[7.98161,46.8092],[7.98397,46.81031],[7.98531,46.81032],[7.98599,46.81087],[7.98628,46.8107],[7.98621,46.81039],[7.98653,46.81027],[7.98726,46.81044],[7.98809,46.81039],[7.98823,46.81078],[7.98916,46.81073],[7.98954,46.81118],[7.99041,46.81094],[7.99083,46.81111],[7.99101,46.81062],[7.99178,46.81026],[7.99208,46.80958],[7.99265,46.80952],[7.99336,46.80976],[7.99321,46.80883],[7.99412,46.80845],[7.99461,46.80752],[7.99542,46.80713],[7.99799,46.80519],[7.99781,46.80459],[7.99839,46.80413],[7.99823,46.80399],[7.99758,46.80403],[7.99738,46.80367],[7.99834,46.8026],[7.998,46.80202],[7.99868,46.80172],[7.99817,46.80156],[7.99808,46.80121],[7.99878,46.80081],[7.99847,46.80013],[7.99912,46.80006],[7.99939,46.79985],[7.99935,46.79894],[7.99983,46.79869],[8.00014,46.79791],[8.00072,46.79774],[8.00129,46.7972],[8.00129,46.79656],[8.00204,46.7959],[8.00176,46.79571]]}},{"type":"Feature","properties":{"id":"doerflibach-bei-meggen-lu","c":"LU","p":"pacht","q":"derived","k":"river"},"geometry":{"type":"LineString","coordinates":[[8.39495,47.05398],[8.39447,47.05433],[8.39376,47.05434],[8.39221,47.05487],[8.3919,47.05534],[8.39027,47.05658],[8.38977,47.05764]]}},{"type":"Feature","properties":{"id":"eicher-und-wilibach-lu","c":"LU","p":"pacht","q":"derived","k":"river"},"geometry":{"type":"MultiLineString","coordinates":[[[8.1663,47.14943],[8.16908,47.1515],[8.16929,47.15197],[8.17143,47.15269],[8.17295,47.15265],[8.17595,47.15297],[8.17642,47.15342],[8.17691,47.15344],[8.17827,47.15429],[8.18013,47.15484],[8.18127,47.15553],[8.18148,47.15594],[8.18136,47.15624],[8.18355,47.1577],[8.18556,47.15768],[8.18662,47.15808],[8.18802,47.15827],[8.19081,47.15923],[8.19439,47.15966]],[[8.17296,47.14661],[8.17348,47.14719],[8.17321,47.14739],[8.17349,47.14789],[8.1747,47.14906],[8.17491,47.14975],[8.17695,47.15114],[8.1793,47.15177],[8.18339,47.15223],[8.18431,47.15327],[8.18635,47.15406],[8.18721,47.15491]]]}},{"type":"Feature","properties":{"id":"eigentobelbach-lu","c":"LU","p":"pacht","q":"derived","k":"river"},"geometry":{"type":"LineString","coordinates":[[8.26735,47.182],[8.26689,47.18145],[8.26614,47.18104],[8.2648,47.18073],[8.26322,47.18002],[8.25928,47.17871],[8.25847,47.17811],[8.25766,47.17781],[8.25312,47.17713],[8.2522,47.1764],[8.24982,47.17539],[8.24944,47.17505],[8.24964,47.17383],[8.24942,47.17329],[8.24817,47.17298],[8.2469,47.1721],[8.24594,47.17246],[8.24494,47.17326]]}},{"type":"Feature","properties":{"id":"elbach-lu","c":"LU","p":"pacht","q":"derived","k":"river"},"geometry":{"type":"LineString","coordinates":[[7.91363,47.08745],[7.91262,47.08673],[7.91296,47.08545],[7.91199,47.08404],[7.91171,47.08312],[7.90969,47.08103],[7.90827,47.08054],[7.90242,47.07963],[7.90012,47.079],[7.89811,47.07785],[7.8964,47.0765],[7.89483,47.07413],[7.89318,47.07283],[7.89238,47.07127],[7.89143,47.07042],[7.89084,47.06919],[7.88959,47.06814],[7.88909,47.06687],[7.88936,47.06635],[7.88919,47.06605],[7.88716,47.06437],[7.88689,47.06285],[7.88712,47.06233],[7.88688,47.06186],[7.88705,47.0604],[7.8862,47.05809],[7.88632,47.05728],[7.88602,47.05623],[7.88542,47.05557],[7.8841,47.05477],[7.88395,47.05398],[7.88252,47.05323],[7.88122,47.05203],[7.87938,47.04959],[7.87884,47.04777],[7.87726,47.04587],[7.87728,47.04501],[7.87612,47.04428],[7.87585,47.04205]]}},{"type":"Feature","properties":{"id":"enziwigger-i-ts-lu","c":"LU","p":"pacht","q":"derived","k":"river"},"geometry":{"type":"LineString","coordinates":[[7.99274,47.12192],[7.98988,47.12108],[7.98849,47.12046],[7.98678,47.12033],[7.9849,47.11985],[7.98299,47.11968],[7.98137,47.11907],[7.98041,47.11811],[7.97959,47.11655],[7.97895,47.11644],[7.97569,47.11412],[7.97528,47.11334],[7.97379,47.11188],[7.97325,47.11097],[7.97211,47.11061],[7.97076,47.10969],[7.9699,47.10902],[7.96927,47.10779],[7.96758,47.1069],[7.96729,47.10649],[7.96635,47.10601],[7.96453,47.10456],[7.964,47.10375],[7.96388,47.10238],[7.96325,47.10151],[7.96326,47.10088]]}},{"type":"Feature","properties":{"id":"enziwigger-ii-ts-lu","c":"LU","p":"pacht","q":"derived","k":"river"},"geometry":{"type":"LineString","coordinates":[[7.96326,47.10088],[7.96328,47.10003],[7.96481,47.09917],[7.96521,47.09773],[7.9648,47.09589],[7.96508,47.09503],[7.96496,47.09159],[7.96462,47.09099],[7.96333,47.09054],[7.96259,47.08859],[7.96095,47.0884],[7.95966,47.08766],[7.95729,47.08446],[7.95667,47.08272],[7.95561,47.0817],[7.95545,47.08115]]}},{"type":"Feature","properties":{"id":"enziwigger-iii-ts-lu","c":"LU","p":"pacht","q":"derived","k":"river"},"geometry":{"type":"LineString","coordinates":[[7.95545,47.08115],[7.95529,47.08046],[7.95552,47.07984],[7.95489,47.07917],[7.95411,47.07874],[7.95246,47.07571],[7.95265,47.07484],[7.95364,47.07322],[7.9539,47.07207],[7.95274,47.0707],[7.95303,47.06964],[7.95239,47.06816],[7.95382,47.0648],[7.95352,47.06425],[7.95386,47.06405],[7.95397,47.06343],[7.95379,47.06174],[7.95427,47.06127],[7.95349,47.06051],[7.95305,47.05971],[7.95344,47.05907],[7.95272,47.05863],[7.9521,47.0539],[7.95215,47.05334],[7.95286,47.05291],[7.95275,47.05197],[7.95338,47.05157],[7.95609,47.04879],[7.95654,47.04773],[7.95711,47.04706],[7.95749,47.04607],[7.95733,47.04478],[7.95765,47.04451],[7.95763,47.04332],[7.95723,47.04247],[7.9575,47.04165],[7.95464,47.03729],[7.95356,47.03513],[7.95261,47.03411],[7.95246,47.03314],[7.95181,47.03201],[7.95166,47.0309],[7.95066,47.02911],[7.94926,47.02505],[7.94788,47.0236],[7.9445,47.02109],[7.94261,47.01809],[7.94302,47.01612],[7.94238,47.01338],[7.94287,47.01162],[7.94399,47.01014],[7.94444,47.00903],[7.94426,47.00647],[7.94454,47.00568]]}},{"type":"Feature","properties":{"id":"erli-u-laubbach-bei-meierskappel-lu","c":"LU","p":"pacht","q":"derived","k":"river"},"geometry":{"type":"MultiLineString","coordinates":[[[8.41025,47.09361],[8.41024,47.09428],[8.40974,47.09479],[8.40965,47.09527],[8.40902,47.09574],[8.409,47.09682],[8.40833,47.09733],[8.40907,47.09797],[8.4091,47.09871],[8.40829,47.09952],[8.40445,47.10085]],[[8.44785,47.11109],[8.44561,47.11125],[8.44493,47.11146],[8.44348,47.11144],[8.4429,47.11163],[8.44266,47.11141],[8.44192,47.11142],[8.44094,47.11061],[8.44051,47.11077],[8.44039,47.11061],[8.43998,47.11067],[8.43992,47.11029],[8.43931,47.11008],[8.43913,47.10982],[8.43872,47.10992],[8.43832,47.10949],[8.43794,47.10955],[8.43715,47.10896],[8.43704,47.10794],[8.43678,47.10758],[8.43772,47.10674],[8.43726,47.10664],[8.43738,47.10625],[8.43695,47.10616],[8.43632,47.10626],[8.43617,47.10651],[8.43558,47.10637],[8.43529,47.1065],[8.43498,47.10603],[8.43429,47.1061],[8.43365,47.10574],[8.43309,47.10606],[8.43256,47.10609],[8.43276,47.10591],[8.43251,47.10571],[8.43152,47.10578],[8.43112,47.10543],[8.43054,47.10541],[8.42958,47.10499],[8.429,47.10513],[8.42793,47.10457],[8.42635,47.10443],[8.42566,47.1041],[8.42424,47.10382],[8.42261,47.10299],[8.42129,47.10201],[8.42058,47.1018],[8.41865,47.10189],[8.41804,47.10241],[8.41825,47.10269],[8.41789,47.10306],[8.41832,47.10361],[8.41824,47.10463],[8.41769,47.10505],[8.41719,47.10595],[8.41615,47.1065],[8.41569,47.10705],[8.41453,47.10753],[8.41385,47.10712],[8.41304,47.10721]],[[8.45408,47.11337],[8.45423,47.11409],[8.45349,47.11585],[8.45246,47.11672],[8.45244,47.11842],[8.45081,47.11906],[8.45152,47.12095],[8.45098,47.12383],[8.45048,47.12375],[8.4503,47.12339],[8.44987,47.1232],[8.44989,47.12287],[8.44928,47.12268],[8.44804,47.12273],[8.44676,47.12256],[8.44637,47.12236],[8.44515,47.1228],[8.44407,47.12227],[8.44314,47.12225],[8.44223,47.12171],[8.44148,47.12094]]]}},{"type":"Feature","properties":{"id":"eschlisbach-lu","c":"LU","p":"pacht","q":"derived","k":"river"},"geometry":{"type":"LineString","coordinates":[[7.9084,46.89541],[7.91042,46.89652],[7.91387,46.89756],[7.91669,46.89778],[7.91775,46.8984],[7.92009,46.8993],[7.92135,46.89921],[7.92337,46.90011],[7.92415,46.90099],[7.9264,46.90109],[7.92584,46.90202],[7.92749,46.90252],[7.92783,46.90314],[7.92893,46.90367],[7.93074,46.90513],[7.93127,46.90573],[7.93148,46.90688],[7.93259,46.90847]]}},{"type":"Feature","properties":{"id":"geuenseerbach-lu","c":"LU","p":"pacht","q":"derived","k":"river"},"geometry":{"type":"LineString","coordinates":[[8.08865,47.19549],[8.09746,47.19415],[8.10111,47.19545],[8.10427,47.19683],[8.10585,47.19713],[8.10674,47.1975],[8.10725,47.19958],[8.10881,47.20102],[8.10924,47.20121],[8.11001,47.20117],[8.11135,47.20146],[8.112,47.20223],[8.11252,47.20245],[8.11272,47.20304],[8.11411,47.20378],[8.11458,47.20385],[8.11522,47.20523],[8.11594,47.20597],[8.11613,47.20671],[8.11723,47.20807],[8.11845,47.20849],[8.1211,47.20832],[8.12203,47.20846],[8.12287,47.20954],[8.12419,47.21007],[8.12705,47.21031],[8.12858,47.21016],[8.12948,47.20918]]}},{"type":"Feature","properties":{"id":"greuel-und-schenkonerbach-lu","c":"LU","p":"pacht","q":"derived","k":"river"},"geometry":{"type":"MultiLineString","coordinates":[[[8.13085,47.17187],[8.13126,47.17255],[8.1327,47.17356],[8.13369,47.17404],[8.13473,47.17404],[8.13569,47.17476],[8.13565,47.17612],[8.13609,47.17646],[8.13787,47.17716],[8.13891,47.1773],[8.13995,47.17783],[8.14309,47.17854],[8.14411,47.1786],[8.14484,47.17909],[8.14547,47.18013],[8.14603,47.18035],[8.14698,47.17986],[8.14724,47.17924],[8.14794,47.17928],[8.14834,47.17911],[8.14894,47.17929],[8.14901,47.17906],[8.14949,47.17906],[8.15,47.17834],[8.14993,47.17804],[8.15065,47.17752],[8.15273,47.17722],[8.15598,47.17541],[8.15748,47.17499],[8.15809,47.17543],[8.16038,47.17579],[8.16115,47.17553],[8.16219,47.17564],[8.16591,47.17466],[8.16668,47.17427],[8.16793,47.17499],[8.16863,47.17567]],[[8.13414,47.16989],[8.13977,47.17241],[8.14057,47.17243],[8.14074,47.17257],[8.1419,47.17234],[8.14298,47.17157],[8.1439,47.17145],[8.14425,47.17083],[8.14518,47.17033],[8.14628,47.17002],[8.14743,47.16993],[8.14792,47.16964],[8.14866,47.16962],[8.14995,47.17027],[8.15101,47.17035],[8.15143,47.17061],[8.15174,47.17052],[8.15198,47.17077],[8.15241,47.17071],[8.15261,47.17096],[8.15348,47.17125],[8.15536,47.17113],[8.15637,47.1707],[8.1589,47.17055],[8.16039,47.17002],[8.16157,47.16898],[8.16328,47.16802],[8.16484,47.16751],[8.16486,47.16733],[8.16581,47.1674],[8.16611,47.16709],[8.17114,47.16688],[8.17171,47.16667],[8.17483,47.16748],[8.17524,47.16746],[8.17555,47.16712],[8.176,47.1672],[8.17621,47.16756],[8.17673,47.1677],[8.17725,47.16751],[8.17791,47.16756],[8.17812,47.1673],[8.17889,47.1673],[8.17886,47.16764],[8.18013,47.16723],[8.18032,47.16732],[8.18056,47.16709],[8.18197,47.16707],[8.18246,47.16689],[8.18432,47.16701],[8.18503,47.16723],[8.18736,47.16727],[8.18851,47.16687],[8.19011,47.1651],[8.19142,47.16479],[8.19252,47.16536]]]}},{"type":"Feature","properties":{"id":"grosse-emme-rechtes-ufer-lu","c":"LU","p":"pacht","q":"derived","k":"river"},"geometry":{"type":"LineString","coordinates":[[7.95078,46.79963],[7.95218,46.79727],[7.95392,46.79573]]}},{"type":"Feature","properties":{"id":"grosse-entlen-i-ts-lu","c":"LU","p":"pacht","q":"derived","k":"river"},"geometry":{"type":"LineString","coordinates":[[8.05978,46.99545],[8.06033,46.99408],[8.06009,46.99341],[8.05911,46.99221],[8.05913,46.99139],[8.05962,46.98844],[8.0604,46.98751],[8.06073,46.98673],[8.06072,46.98465],[8.06177,46.98266],[8.06341,46.98196],[8.06389,46.98015],[8.06516,46.97916],[8.06543,46.97854],[8.06624,46.978],[8.06664,46.97743],[8.06727,46.97572],[8.06771,46.97523],[8.06778,46.97455],[8.06849,46.97371],[8.06874,46.97276],[8.06994,46.97227],[8.07086,46.97151],[8.07189,46.9716],[8.07356,46.97093],[8.07462,46.97086],[8.07707,46.97021],[8.07783,46.96977],[8.07835,46.96843],[8.07925,46.96801],[8.08593,46.96821],[8.08723,46.96845],[8.09137,46.96836],[8.09223,46.96806],[8.09265,46.96741]]}},{"type":"Feature","properties":{"id":"grosse-entlen-ii-ts-lu","c":"LU","p":"pacht","q":"derived","k":"river"},"geometry":{"type":"LineString","coordinates":[[8.09265,46.96741],[8.09416,46.96668],[8.09647,46.96667],[8.09734,46.96589],[8.09869,46.96593],[8.0992,46.96537],[8.09981,46.96507],[8.10159,46.96468],[8.10216,46.96428],[8.10311,46.96426],[8.10426,46.96382],[8.10757,46.96308],[8.10817,46.96302],[8.10872,46.96328],[8.10918,46.96324],[8.11047,46.96256],[8.11164,46.96241],[8.1151,46.96151],[8.11595,46.96156],[8.11747,46.96116],[8.11873,46.96126],[8.12052,46.95956],[8.1215,46.95952],[8.12199,46.95881],[8.1227,46.9583],[8.12331,46.95797],[8.1243,46.95792],[8.12467,46.95697],[8.12621,46.95601],[8.12588,46.9551],[8.12624,46.95462],[8.12614,46.95322],[8.12686,46.95184],[8.12872,46.94964],[8.13113,46.9479],[8.13207,46.94693],[8.13279,46.94592],[8.13288,46.94479],[8.1332,46.94439],[8.13411,46.94395],[8.1353,46.94373],[8.13549,46.943],[8.13526,46.94209],[8.13538,46.94127],[8.1347,46.94048],[8.13373,46.94015],[8.13338,46.9395],[8.13267,46.93923],[8.13127,46.93741],[8.129,46.9362],[8.12823,46.93523],[8.12691,46.93475],[8.12631,46.93344],[8.12532,46.93288],[8.12526,46.93177],[8.1236,46.9315],[8.12276,46.93078],[8.12245,46.93016],[8.12127,46.92967],[8.11998,46.92846],[8.11876,46.92833],[8.11732,46.92763],[8.11493,46.92792],[8.1142,46.92825],[8.11285,46.92786],[8.11183,46.92803],[8.11099,46.92724],[8.10928,46.92656],[8.10688,46.92646],[8.10656,46.92568],[8.10621,46.92556],[8.10526,46.9258],[8.10391,46.92503],[8.10267,46.92332],[8.10159,46.92324],[8.10029,46.92259],[8.0994,46.92281],[8.09908,46.92228],[8.0977,46.92175],[8.09716,46.92225],[8.09654,46.92174],[8.09552,46.92196],[8.09475,46.92182],[8.09426,46.92144],[8.09356,46.92136],[8.09265,46.92081],[8.0918,46.92061],[8.09018,46.91928],[8.08885,46.91901],[8.08784,46.91818],[8.08674,46.91798],[8.08588,46.91758],[8.08526,46.91684],[8.08321,46.9165],[8.08285,46.91583],[8.08106,46.91492],[8.08137,46.91393],[8.08122,46.91302],[8.08072,46.91205],[8.07998,46.91148],[8.07931,46.91018],[8.07768,46.90961],[8.07767,46.90932],[8.077,46.90905],[8.0762,46.90826],[8.07545,46.90824],[8.07451,46.90744],[8.07414,46.90748],[8.07412,46.90708],[8.07338,46.90703],[8.07276,46.90759],[8.07202,46.90718],[8.07231,46.90623],[8.07196,46.90592],[8.07092,46.90557],[8.07065,46.90524],[8.07024,46.9045],[8.07057,46.904],[8.07049,46.90353],[8.0677,46.90157],[8.06804,46.90055],[8.06799,46.89971]]}},{"type":"Feature","properties":{"id":"grosse-fontannen-i-ts-lu","c":"LU","p":"pacht","q":"derived","k":"river"},"geometry":{"type":"LineString","coordinates":[[8.06754,47.03247],[8.06564,47.03205],[8.06405,47.03192],[8.06329,47.03136],[8.06214,47.03086],[8.06136,47.03019],[8.06047,47.03001],[8.05695,47.02821],[8.05581,47.02726],[8.05458,47.02749],[8.05406,47.0274],[8.05221,47.02559],[8.05183,47.02481],[8.05069,47.02427],[8.04981,47.02335],[8.0489,47.02338],[8.04823,47.02321],[8.04807,47.02296],[8.04723,47.02268],[8.04655,47.02191],[8.04596,47.02164],[8.04514,47.02156],[8.04355,47.02199],[8.04252,47.02148],[8.04218,47.02079],[8.04156,47.02056],[8.04029,47.02127],[8.03965,47.02125],[8.03943,47.01972],[8.03905,47.01919],[8.03803,47.01821],[8.03747,47.01808],[8.03689,47.01765],[8.03574,47.01649],[8.03503,47.01622],[8.03499,47.01597],[8.03548,47.01563],[8.03578,47.01481],[8.03438,47.01338],[8.03399,47.0127],[8.03301,47.01239],[8.03227,47.01185],[8.03154,47.01047],[8.03159,47.00972],[8.03137,47.00929],[8.03201,47.0084],[8.0326,47.00681],[8.03389,47.00634],[8.03362,47.00571],[8.03444,47.00459],[8.03421,47.00359],[8.03445,47.00203],[8.03525,47.00145],[8.03459,46.99737],[8.03499,46.99653],[8.03462,46.99573],[8.03483,46.9948],[8.03455,46.99412],[8.03346,46.99323],[8.03393,46.99272],[8.03383,46.99239],[8.03201,46.99216],[8.03178,46.99195],[8.03191,46.99141],[8.03057,46.99074],[8.03026,46.98991],[8.02951,46.98956],[8.02866,46.98957]]}},{"type":"Feature","properties":{"id":"grosse-fontannen-ii-ts-lu","c":"LU","p":"pacht","q":"derived","k":"river"},"geometry":{"type":"LineString","coordinates":[[8.02866,46.98957],[8.0273,46.98976],[8.02661,46.98866],[8.01969,46.98635],[8.01763,46.98451],[8.017,46.98325],[8.01627,46.98294],[8.01617,46.98258],[8.01554,46.98229],[8.01532,46.98195],[8.01378,46.98192],[8.01246,46.98124],[8.01163,46.9811],[8.01061,46.9806],[8.00789,46.9802],[8.00678,46.97986],[8.00617,46.97885],[8.00537,46.97807],[8.00223,46.97619],[8.00045,46.97566],[7.99979,46.97576],[7.99897,46.97619],[7.99707,46.97583],[7.99561,46.97625],[7.99426,46.97619],[7.99403,46.97568],[7.99311,46.9752],[7.99103,46.97431],[7.98876,46.97366],[7.98635,46.97166],[7.98307,46.97111],[7.98103,46.97111],[7.97791,46.97064],[7.97677,46.97003],[7.97284,46.96858],[7.97165,46.96887],[7.96733,46.96922],[7.96462,46.96964],[7.96365,46.97026],[7.9628,46.97051],[7.96071,46.97192],[7.96057,46.97224],[7.95934,46.97253],[7.95545,46.97249],[7.95429,46.97269],[7.95341,46.97337],[7.94992,46.97487],[7.9487,46.97565],[7.94751,46.9757],[7.94524,46.97646]]}},{"type":"Feature","properties":{"id":"grosse-sempacher-aa-lu","c":"LU","p":"pacht","q":"derived","k":"river"},"geometry":{"type":"LineString","coordinates":[[8.18747,47.12538],[8.19465,47.12144],[8.19694,47.12083],[8.1977,47.1209],[8.19898,47.12046],[8.19934,47.12081],[8.19999,47.12099],[8.2006,47.1202],[8.20046,47.11978],[8.20093,47.1189],[8.2022,47.11835],[8.20306,47.11753],[8.20453,47.11698],[8.20494,47.11666],[8.20663,47.11612],[8.20697,47.11573],[8.2077,47.1154],[8.20767,47.11484],[8.20853,47.11467],[8.2086,47.11406],[8.20931,47.1139],[8.20967,47.1135]]}},{"type":"Feature","properties":{"id":"gruendelbach-kulmerauer-dorfbach-lu","c":"LU","p":"pacht","q":"derived","k":"river"},"geometry":{"type":"LineString","coordinates":[[8.06684,47.2549],[8.06808,47.25409],[8.07038,47.25416],[8.07178,47.25447],[8.07336,47.25427],[8.07387,47.2544],[8.07437,47.25379],[8.07488,47.25385],[8.07679,47.25299],[8.07875,47.25337],[8.07997,47.25331],[8.08205,47.25393],[8.08314,47.25388],[8.08485,47.2543],[8.08581,47.25499],[8.08688,47.25505],[8.08802,47.25374],[8.08925,47.25357],[8.08991,47.2537],[8.09209,47.25332],[8.09626,47.25318],[8.09735,47.2526],[8.09776,47.25213],[8.09851,47.25196],[8.09983,47.25088]]}},{"type":"Feature","properties":{"id":"goelpibach-bei-baldegg-lu","c":"LU","p":"pacht","q":"derived","k":"river"},"geometry":{"type":"LineString","coordinates":[[8.27198,47.19375],[8.27678,47.19584],[8.28112,47.19651],[8.28325,47.19639],[8.28461,47.19716],[8.28572,47.19811],[8.28688,47.1983],[8.28977,47.20004],[8.29175,47.20087],[8.2937,47.20107],[8.29599,47.20052],[8.29798,47.2016],[8.2984,47.20205],[8.30047,47.20239],[8.30272,47.20319],[8.30308,47.20394],[8.3037,47.20425],[8.3043,47.20439],[8.30608,47.20398],[8.30691,47.20407],[8.30776,47.20444],[8.3081,47.20497],[8.30894,47.2053],[8.31059,47.2064],[8.31093,47.20682],[8.31275,47.20762],[8.31359,47.20836],[8.31435,47.20864],[8.31577,47.20866],[8.3166,47.2092],[8.31736,47.20933],[8.31813,47.20991],[8.31956,47.21042],[8.32041,47.21053]]}},{"type":"Feature","properties":{"id":"henggelertobelbach-lu","c":"LU","p":"pacht","q":"derived","k":"river"},"geometry":{"type":"LineString","coordinates":[[8.17916,47.14347],[8.18037,47.14412],[8.18148,47.14593],[8.18302,47.14634]]}},{"type":"Feature","properties":{"id":"hilfern-lu","c":"LU","p":"pacht","q":"derived","k":"river"},"geometry":{"type":"LineString","coordinates":[[7.91021,46.87847],[7.91305,46.87501],[7.91474,46.87408],[7.91673,46.87211],[7.91731,46.87124],[7.91952,46.86989],[7.92104,46.86985],[7.92197,46.86954],[7.92279,46.86953],[7.92352,46.86913],[7.92538,46.86867],[7.92558,46.86809],[7.92596,46.86791],[7.92664,46.86791],[7.92793,46.86837],[7.92882,46.86814],[7.93089,46.86826],[7.93217,46.86757],[7.93308,46.86748],[7.93585,46.86567],[7.9363,46.86515],[7.93694,46.8651],[7.93799,46.86461],[7.93918,46.86435],[7.94338,46.86427],[7.94488,46.86393],[7.94567,46.86421],[7.94639,46.864],[7.951,46.86443],[7.95223,46.86433],[7.95373,46.86504],[7.95466,46.86451],[7.9556,46.86554],[7.95657,46.86563],[7.9571,46.86541],[7.95779,46.86558],[7.95879,46.86656],[7.95984,46.86663],[7.96069,46.86724],[7.9616,46.86719],[7.96266,46.8676],[7.96269,46.86796],[7.96309,46.86825],[7.96442,46.86846],[7.96447,46.86874],[7.96388,46.86905],[7.9641,46.86931],[7.9656,46.86982],[7.96704,46.86971],[7.96743,46.86982],[7.96768,46.87002],[7.96774,46.87066],[7.96837,46.87028],[7.96893,46.87019],[7.9696,46.87041],[7.97002,46.87034],[7.97101,46.87105],[7.97153,46.87091],[7.97266,46.87106],[7.97356,46.87195],[7.97398,46.87314],[7.97558,46.87395],[7.97456,46.8746],[7.97445,46.87501],[7.97299,46.87544],[7.97226,46.87634],[7.97254,46.87701],[7.97231,46.8775],[7.97239,46.87838],[7.97391,46.87932],[7.97392,46.87982],[7.97424,46.8801],[7.97498,46.88193],[7.9742,46.8823],[7.97268,46.88384],[7.97171,46.88416],[7.97041,46.88433],[7.96818,46.88529],[7.96759,46.88596],[7.96629,46.88847]]}},{"type":"Feature","properties":{"id":"hiltigbach-bei-inwil-lu","c":"LU","p":"pacht","q":"derived","k":"river"},"geometry":{"type":"MultiLineString","coordinates":[[[8.35162,47.11737],[8.34747,47.11868],[8.34207,47.1214],[8.34207,47.1219],[8.34313,47.12282],[8.34288,47.12309],[8.34211,47.12325],[8.34068,47.12501],[8.34126,47.12519],[8.34101,47.12614],[8.34042,47.12622],[8.34012,47.12651],[8.33947,47.12636],[8.33894,47.12648],[8.33854,47.12737],[8.33807,47.12745],[8.33779,47.12777],[8.33728,47.12776],[8.33574,47.12861],[8.33623,47.12958],[8.33611,47.13005],[8.33549,47.13023],[8.33497,47.13137],[8.33316,47.13222],[8.33271,47.13213],[8.3322,47.13252],[8.33165,47.13251],[8.33133,47.13286],[8.33006,47.13274],[8.32985,47.13318],[8.32923,47.13353],[8.32943,47.13423],[8.32984,47.13447],[8.32898,47.13552],[8.32899,47.13568],[8.32976,47.13605],[8.32895,47.13654],[8.32929,47.13729],[8.32906,47.13798],[8.3295,47.13866],[8.33082,47.13885],[8.33091,47.13908],[8.33055,47.13935],[8.32947,47.1394],[8.32924,47.1396],[8.32997,47.14032],[8.32936,47.14079],[8.33075,47.14141],[8.33131,47.14138],[8.33238,47.14193],[8.33254,47.1421],[8.33213,47.14272],[8.33269,47.1428],[8.33291,47.14307],[8.33209,47.14343],[8.33157,47.14322],[8.33123,47.14327],[8.32936,47.14481],[8.32896,47.1449],[8.32801,47.14598],[8.32722,47.14737],[8.32713,47.1479],[8.32789,47.14915],[8.32761,47.15085],[8.32794,47.15207],[8.3274,47.1524],[8.32738,47.1526],[8.32811,47.15336],[8.32876,47.1533],[8.32984,47.15377],[8.33007,47.15481],[8.33073,47.15542],[8.33028,47.15636],[8.32803,47.15862],[8.33059,47.16042],[8.33501,47.1607],[8.33543,47.16085],[8.33603,47.16223],[8.33489,47.16359],[8.33554,47.16423],[8.33709,47.16441],[8.3389,47.16432],[8.34109,47.16509]],[[8.35162,47.11737],[8.35161,47.1174]],[[8.35331,47.11687],[8.35162,47.11737]],[[8.35331,47.11687],[8.35323,47.11686]],[[8.35729,47.11718],[8.35331,47.11687]]]}},{"type":"Feature","properties":{"id":"hinter-widen-u-friedbach-horw-lu","c":"LU","p":"pacht","q":"derived","k":"river"},"geometry":{"type":"MultiLineString","coordinates":[[[8.3125,46.99842],[8.31043,46.99824],[8.30652,46.99966],[8.30453,46.9994],[8.30332,46.99896],[8.30262,46.99902],[8.30158,46.9988],[8.3009,46.9983],[8.29866,46.99836],[8.29711,46.9979],[8.29648,46.99788],[8.29569,46.99829],[8.29377,46.99809],[8.29202,46.99829],[8.29153,46.99855],[8.29049,46.99846],[8.28979,46.9987],[8.28782,46.99859],[8.28641,46.99886],[8.28407,46.99886],[8.28252,46.99976],[8.28022,47.00037],[8.2782,46.99977]],[[8.30587,47.00721],[8.30439,47.0077],[8.30313,47.0078],[8.30234,47.00757],[8.30178,47.00774],[8.29989,47.00737],[8.29883,47.00678],[8.29686,47.0064],[8.29219,47.00611],[8.29086,47.00638],[8.28942,47.00633],[8.28794,47.00576],[8.28537,47.00528],[8.2826,47.00548]],[[8.30896,47.0039],[8.30742,47.00325],[8.30724,47.00294],[8.30607,47.0024]]]}},{"type":"Feature","properties":{"id":"hofbach-bei-oberkirch-lu","c":"LU","p":"pacht","q":"derived","k":"river"},"geometry":{"type":"LineString","coordinates":[[8.11106,47.16156],[8.10886,47.1607],[8.10883,47.16046],[8.10768,47.16002],[8.10662,47.15912],[8.10619,47.15823],[8.10712,47.15735],[8.10752,47.15581],[8.10831,47.15515],[8.10885,47.15438],[8.11031,47.15338],[8.11109,47.15244],[8.11116,47.15205],[8.11012,47.15135],[8.10998,47.1501],[8.10919,47.14927],[8.10977,47.14832],[8.11084,47.14767],[8.1113,47.14675],[8.11136,47.14608],[8.11167,47.14582],[8.11136,47.14578],[8.11134,47.14561],[8.11183,47.14479],[8.11196,47.14372],[8.11248,47.14326],[8.11268,47.14236],[8.11301,47.14201],[8.11277,47.14108],[8.1131,47.14082],[8.11227,47.14035],[8.11223,47.13978],[8.11285,47.13945],[8.11431,47.1369],[8.11524,47.13639],[8.11669,47.13499],[8.11744,47.13468],[8.11795,47.13403],[8.11899,47.13346],[8.11923,47.1326],[8.11924,47.1324],[8.11611,47.12902],[8.11548,47.12926],[8.11307,47.12804]]}},{"type":"Feature","properties":{"id":"horwer-dorfbach-lu","c":"LU","p":"pacht","q":"derived","k":"river"},"geometry":{"type":"LineString","coordinates":[[8.31279,47.01063],[8.30921,47.016],[8.31034,47.01872],[8.31038,47.01964],[8.30795,47.02321],[8.30546,47.02541],[8.30536,47.02692],[8.30602,47.0306],[8.30687,47.03317],[8.30768,47.03389],[8.30882,47.03406],[8.31018,47.03468],[8.31113,47.03489]]}},{"type":"Feature","properties":{"id":"huernbach-lu","c":"LU","p":"pacht","q":"derived","k":"river"},"geometry":{"type":"LineString","coordinates":[[7.97677,47.2199],[7.98122,47.21768],[7.98403,47.21677],[7.98531,47.21557],[7.98719,47.21495],[7.98778,47.21424],[7.98866,47.21399],[7.99032,47.21299],[7.99136,47.21185],[7.99262,47.21145],[7.99345,47.21071],[7.99492,47.21048],[7.99783,47.20892],[7.99821,47.20891],[8.00107,47.20983],[8.00256,47.20949],[8.00484,47.20931],[8.00718,47.2087],[8.01279,47.20647],[8.01711,47.20506],[8.02454,47.20486],[8.03108,47.20399],[8.03307,47.20219],[8.03566,47.2005],[8.04243,47.19939],[8.05123,47.19832],[8.05741,47.19709],[8.05954,47.19567],[8.06041,47.19484],[8.06075,47.19372],[8.06181,47.19298]]}},{"type":"Feature","properties":{"id":"huettenbach-lu","c":"LU","p":"pacht","q":"derived","k":"river"},"geometry":{"type":"LineString","coordinates":[[8.06454,47.24164],[8.06285,47.2409],[8.06121,47.23959],[8.05817,47.23892],[8.05675,47.23837],[8.05434,47.23883],[8.05304,47.23857],[8.05057,47.23839],[8.0498,47.23778],[8.04858,47.23756],[8.04835,47.23709],[8.0477,47.23662],[8.04796,47.23493],[8.04649,47.2339],[8.0454,47.23209],[8.04405,47.23151],[8.04322,47.23148],[8.04224,47.23116],[8.04048,47.23035],[8.04043,47.23007],[8.04117,47.2285],[8.0416,47.22818],[8.04219,47.22665]]}},{"type":"Feature","properties":{"id":"ilfis-lu","c":"LU","p":"pacht","q":"derived","k":"river"},"geometry":{"type":"LineString","coordinates":[[7.88305,46.90664],[7.88734,46.90536],[7.89003,46.90428],[7.89582,46.90296],[7.89726,46.90114],[7.89974,46.90043],[7.90034,46.90006],[7.9015,46.89781],[7.90253,46.89676],[7.90397,46.8963],[7.90651,46.89638],[7.9084,46.89541],[7.90893,46.89449],[7.91083,46.88821],[7.91356,46.88575],[7.9141,46.88489],[7.91437,46.88357],[7.9144,46.88208],[7.91384,46.8812],[7.91052,46.879],[7.91014,46.87847]]}},{"type":"Feature","properties":{"id":"kleine-emme-lu","c":"LU","p":"pacht","q":"derived","k":"river"},"geometry":{"type":"MultiLineString","coordinates":[[[8.16398,47.03792],[8.16248,47.03744],[8.16048,47.03724],[8.15028,47.03937]],[[8.28848,47.06714],[8.28432,47.06695],[8.28283,47.06699],[8.28211,47.06717],[8.27928,47.06856],[8.27547,47.07175],[8.27431,47.07217],[8.27345,47.07227],[8.27161,47.07205],[8.26963,47.07089],[8.25627,47.05986],[8.25366,47.05733],[8.25324,47.05678],[8.25304,47.05588],[8.25388,47.05279],[8.25393,47.05173],[8.25353,47.05088],[8.2528,47.05035],[8.23592,47.04697],[8.22041,47.04481]]]}},{"type":"Feature","properties":{"id":"kleine-emme-ii-ts-lu","c":"LU","p":"pacht","q":"derived","k":"river"},"geometry":{"type":"LineString","coordinates":[[8.22041,47.04481],[8.20826,47.0434],[8.19893,47.04263],[8.19605,47.04255],[8.17865,47.04294],[8.17449,47.04275],[8.17243,47.0421],[8.16856,47.03956],[8.16398,47.03792]]}},{"type":"Feature","properties":{"id":"kleine-emme-iii-ts-lu","c":"LU","p":"pacht","q":"derived","k":"river"},"geometry":{"type":"LineString","coordinates":[[8.15028,47.03937],[8.14151,47.04068],[8.13683,47.04251],[8.12864,47.04453],[8.12701,47.04473],[8.1239,47.04458],[8.1212,47.04468],[8.11769,47.04558],[8.11608,47.04667],[8.11412,47.04987],[8.11248,47.05132],[8.11186,47.05141],[8.11089,47.05104],[8.10932,47.04926],[8.10875,47.04919],[8.10821,47.04946],[8.10479,47.05273],[8.10389,47.05552],[8.10321,47.05627],[8.10263,47.05605],[8.10254,47.05528],[8.10198,47.05451],[8.10169,47.0545],[8.09905,47.05572],[8.09841,47.05555],[8.09626,47.054],[8.09507,47.05372],[8.0893,47.05363],[8.08394,47.05427],[8.08107,47.05362],[8.08034,47.05361],[8.0792,47.05394]]}},{"type":"Feature","properties":{"id":"kleine-emme-iv-ts-lu","c":"LU","p":"pacht","q":"derived","k":"river"},"geometry":{"type":"LineString","coordinates":[[8.0792,47.05394],[8.07721,47.05472],[8.07299,47.05748],[8.07174,47.05783],[8.07043,47.05789],[8.06931,47.05755],[8.06888,47.05723],[8.06924,47.05476],[8.06899,47.05374],[8.06819,47.0528],[8.06573,47.05092],[8.06544,47.04991],[8.06815,47.04351],[8.06913,47.04205],[8.06889,47.03948],[8.06803,47.03695],[8.06816,47.03582]]}},{"type":"Feature","properties":{"id":"kleine-emme-v-ts-lu","c":"LU","p":"pacht","q":"derived","k":"river"},"geometry":{"type":"LineString","coordinates":[[8.06816,47.03582],[8.0682,47.0334],[8.06743,47.03234],[8.06727,47.03175],[8.06665,47.02662],[8.06669,47.02436],[8.06743,47.02028],[8.06737,47.01926],[8.06632,47.01731],[8.06374,47.01417],[8.06347,47.01222],[8.06127,47.00743],[8.0605,47.00674],[8.06039,47.00615],[8.05952,47.00541],[8.05891,47.00429],[8.05869,47.00263],[8.058,47.00104],[8.05812,47.00075],[8.05885,47.00026],[8.06024,46.99987],[8.0612,47.00008],[8.0616,47.00068],[8.06265,47.00075],[8.06313,47.00059],[8.06385,46.99978],[8.06322,46.99676],[8.06287,46.99629],[8.06049,46.99592],[8.05916,46.99509],[8.05783,46.9935],[8.05796,46.9925],[8.05555,46.99145],[8.0552,46.9903],[8.05364,46.98878],[8.05231,46.98793],[8.05216,46.98699],[8.0517,46.98613],[8.05086,46.9858],[8.04834,46.9853],[8.04695,46.98449],[8.04685,46.98406],[8.04762,46.9829],[8.04634,46.98141],[8.04577,46.98115]]}},{"type":"Feature","properties":{"id":"kleine-emme-vi-ts-a-lu","c":"LU","p":"pacht","q":"derived","k":"river"},"geometry":{"type":"LineString","coordinates":[[8.04577,46.98115],[8.04498,46.9805],[8.04484,46.97939],[8.04125,46.97782],[8.03987,46.97572],[8.03937,46.97417],[8.0376,46.97288],[8.03785,46.97205],[8.03855,46.97122],[8.03853,46.97073],[8.03687,46.97032],[8.03282,46.96993],[8.03169,46.96947],[8.02844,46.9675],[8.02638,46.96664],[8.02423,46.96437],[8.02241,46.96333]]}},{"type":"Feature","properties":{"id":"kleine-emme-vi-ts-b-lu","c":"LU","p":"pacht","q":"derived","k":"river"},"geometry":{"type":"LineString","coordinates":[[8.02241,46.96333],[8.01909,46.96181],[8.01843,46.9611],[8.0171,46.95712],[8.01738,46.95458],[8.01718,46.95388]]}},{"type":"Feature","properties":{"id":"kleine-emme-vii-ts-lu","c":"LU","p":"pacht","q":"derived","k":"river"},"geometry":{"type":"LineString","coordinates":[[8.01718,46.95388],[8.01495,46.95244],[8.01164,46.95106],[8.01071,46.95045],[8.00771,46.94761],[8.00651,46.94511],[8.00656,46.9382],[8.00725,46.93698],[8.00939,46.93574],[8.01013,46.93407],[8.01026,46.93355],[8.00992,46.93157],[8.01105,46.92775]]}},{"type":"Feature","properties":{"id":"kleine-fontannen-lu","c":"LU","p":"pacht","q":"derived","k":"river"},"geometry":{"type":"LineString","coordinates":[[8.05799,47.02878],[8.05601,47.02952],[8.05431,47.0298],[8.05373,47.03099],[8.05162,47.03138],[8.05114,47.03226],[8.04897,47.03286],[8.04794,47.03371],[8.04686,47.03416],[8.04544,47.03519],[8.0448,47.03543],[8.0429,47.03545],[8.04246,47.03564],[8.04211,47.03627],[8.04158,47.03646],[8.03994,47.03566],[8.03828,47.03585],[8.03731,47.03513],[8.03669,47.03496],[8.03576,47.03513],[8.03475,47.03585],[8.03404,47.03602],[8.0327,47.03549],[8.03081,47.03529],[8.02924,47.03423],[8.02698,47.0335],[8.02645,47.03307],[8.0256,47.03174],[8.02509,47.03141],[8.02353,47.03092],[8.02269,47.02981],[8.02256,47.02927],[8.02079,47.02736],[8.01588,47.02551],[8.01536,47.02545],[8.01344,47.02587],[8.01258,47.02634],[8.00971,47.0269],[8.00884,47.02681],[8.00834,47.02703],[8.00593,47.02682],[8.00376,47.02696],[8.00223,47.02737],[8.00084,47.02744],[7.99741,47.02673],[7.99645,47.0271],[7.99546,47.02716],[7.99353,47.02764],[7.99285,47.02762],[7.98995,47.02837],[7.98808,47.02911],[7.98701,47.02986],[7.98567,47.03018],[7.98488,47.03024],[7.98256,47.02993],[7.98225,47.02974],[7.98084,47.02744],[7.97951,47.02609],[7.97798,47.02462],[7.9753,47.02275],[7.97338,47.02093],[7.97235,47.01965],[7.97019,47.0182],[7.9689,47.01707],[7.96783,47.01669],[7.96592,47.01655],[7.9647,47.0162],[7.9626,47.01487],[7.96228,47.01451],[7.96183,47.01308],[7.96077,47.01215],[7.96048,47.01115],[7.9576,47.00792],[7.9577,47.00726],[7.95723,47.00598]]}},{"type":"Feature","properties":{"id":"kleine-sermpacher-aa-lu","c":"LU","p":"pacht","q":"derived","k":"river"},"geometry":{"type":"LineString","coordinates":[[8.19137,47.12752],[8.19373,47.12653],[8.19459,47.1254],[8.19555,47.12512],[8.19557,47.12463],[8.19853,47.1234],[8.19884,47.12306],[8.1995,47.12332],[8.20138,47.12226],[8.20247,47.12115],[8.20442,47.12047],[8.20599,47.11916],[8.20659,47.11903],[8.20817,47.11981],[8.2108,47.12054],[8.21161,47.12109],[8.2125,47.12326],[8.21316,47.12339],[8.2136,47.12387],[8.21414,47.12401],[8.21468,47.12477],[8.21562,47.1255],[8.21629,47.12714],[8.21989,47.12879],[8.22053,47.12933],[8.22129,47.12945],[8.22179,47.12996],[8.22328,47.13074],[8.22444,47.13111],[8.22772,47.12978],[8.23152,47.12898],[8.23241,47.12853],[8.23209,47.12789],[8.23533,47.1267],[8.23565,47.12537],[8.23851,47.12382],[8.23919,47.12067],[8.23838,47.11897]]}},{"type":"Feature","properties":{"id":"kommelnbach-lu","c":"LU","p":"pacht","q":"derived","k":"river"},"geometry":{"type":"LineString","coordinates":[[8.11013,47.18526],[8.11318,47.1851],[8.11518,47.18459],[8.11781,47.18364],[8.11976,47.18327],[8.12151,47.1827],[8.12365,47.18159],[8.12464,47.18134],[8.12617,47.18126],[8.13038,47.17943],[8.13429,47.17932],[8.13685,47.17995],[8.13808,47.18085],[8.1388,47.18104],[8.13891,47.18136],[8.13986,47.18158],[8.14107,47.18215],[8.14522,47.18289],[8.14687,47.18257],[8.14808,47.18277],[8.14971,47.18402],[8.14939,47.18428],[8.15037,47.18486],[8.15036,47.18523],[8.15093,47.18518],[8.15099,47.18558],[8.15141,47.18563],[8.1516,47.18626],[8.15211,47.18652],[8.15263,47.18649],[8.15286,47.18627],[8.15441,47.18645],[8.15527,47.18709],[8.15547,47.18837],[8.1559,47.18889],[8.15769,47.18967],[8.15938,47.18989],[8.15996,47.18972],[8.16005,47.18952],[8.16094,47.18949],[8.16227,47.18914],[8.16435,47.18799],[8.16484,47.1872],[8.16565,47.18693],[8.16664,47.18561],[8.16635,47.18512],[8.16708,47.1846],[8.16733,47.18411],[8.16693,47.1837],[8.16729,47.18312],[8.16901,47.18196]]}},{"type":"Feature","properties":{"id":"krien-renggbach-lu","c":"LU","p":"pacht","q":"derived","k":"river"},"geometry":{"type":"MultiLineString","coordinates":[[[8.23813,47.04735],[8.23836,47.04615],[8.23951,47.04344],[8.24078,47.04146],[8.24068,47.041],[8.24088,47.04065],[8.24037,47.0397],[8.23924,47.03926],[8.24015,47.03813],[8.23996,47.03778],[8.24016,47.03718],[8.24054,47.03686],[8.24018,47.03643],[8.24058,47.03547],[8.24192,47.02431],[8.24166,47.02337],[8.24071,47.02267],[8.24005,47.02182],[8.24033,47.02025],[8.23973,47.01913],[8.23904,47.01852],[8.23691,47.01731],[8.2366,47.01695],[8.23663,47.01649],[8.23724,47.01601],[8.24009,47.01553],[8.24018,47.01487],[8.23903,47.01341],[8.23936,47.01289],[8.23919,47.01204],[8.24163,47.01186],[8.24232,47.01112],[8.24183,47.01062],[8.24154,47.00972],[8.24044,47.00896],[8.2399,47.00817],[8.23999,47.00614],[8.23918,47.00546],[8.23876,47.00435],[8.23774,47.00378],[8.23785,47.00303],[8.23727,47.00221],[8.2361,47.00122],[8.23606,47.00051],[8.23635,46.99989],[8.23609,46.99927],[8.23619,46.99884],[8.23749,46.99786],[8.23798,46.997],[8.24037,46.99578],[8.24231,46.99402],[8.24331,46.99349],[8.24371,46.99266],[8.24345,46.99168],[8.24346,46.99038],[8.24387,46.98983],[8.24483,46.98933]],[[8.27273,47.03292],[8.27154,47.03264],[8.27029,47.03207],[8.26865,47.03202],[8.26748,47.03218],[8.26553,47.03185],[8.26429,47.03084],[8.26192,47.02986],[8.26121,47.02896],[8.26096,47.02799],[8.26101,47.02711],[8.26178,47.02649],[8.26218,47.02553],[8.26186,47.02372]]]}},{"type":"Feature","properties":{"id":"lielibach-lu","c":"LU","p":"pacht","q":"derived","k":"river"},"geometry":{"type":"LineString","coordinates":[[8.26914,47.19666],[8.27328,47.19801],[8.27417,47.19786],[8.27517,47.19803],[8.27645,47.199],[8.27744,47.19938],[8.27873,47.19931],[8.28002,47.19957],[8.28085,47.19921],[8.28182,47.19908],[8.28516,47.19993],[8.28574,47.20082],[8.28567,47.20108],[8.28604,47.20118],[8.28609,47.20157],[8.28653,47.20157],[8.28676,47.20197],[8.28725,47.202],[8.28812,47.20251],[8.28891,47.20355],[8.28963,47.20376],[8.29152,47.20546],[8.29237,47.20575],[8.29257,47.20644],[8.29314,47.20705],[8.29462,47.20765],[8.29507,47.20754],[8.29668,47.20788],[8.2983,47.20775],[8.2985,47.20744],[8.2989,47.20746],[8.30005,47.20787],[8.30072,47.20845],[8.30266,47.20866],[8.3026,47.2091],[8.30282,47.20925],[8.30616,47.21007],[8.30772,47.21075],[8.30878,47.21053],[8.31033,47.21058],[8.31088,47.21027]]}},{"type":"Feature","properties":{"id":"lippenruetibach-lu","c":"LU","p":"pacht","q":"derived","k":"river"},"geometry":{"type":"LineString","coordinates":[[8.18231,47.11849],[8.1831,47.11816],[8.18613,47.11611],[8.19042,47.11405],[8.19148,47.11275],[8.19189,47.11256],[8.19199,47.11209],[8.19274,47.11193],[8.19329,47.11084],[8.1943,47.11021],[8.19414,47.10843],[8.19525,47.10772],[8.19557,47.10718],[8.19496,47.10613],[8.19502,47.10536],[8.19473,47.10518],[8.19419,47.10528],[8.19427,47.10494],[8.19398,47.10465],[8.19175,47.10368],[8.19181,47.10283],[8.19059,47.1014],[8.19071,47.10048],[8.18982,47.09906],[8.18814,47.09721]]}},{"type":"Feature","properties":{"id":"luthern-i-ts-lu","c":"LU","p":"pacht","q":"derived","k":"river"},"geometry":{"type":"LineString","coordinates":[[7.97416,47.19113],[7.97403,47.18996],[7.97467,47.1889],[7.9737,47.18596],[7.97265,47.18535],[7.97211,47.1848],[7.97079,47.18262],[7.96958,47.18172],[7.96879,47.18071],[7.96872,47.17804],[7.96829,47.17704],[7.96864,47.17521],[7.96815,47.17449],[7.96781,47.17322],[7.96795,47.17246],[7.9677,47.17159],[7.96787,47.17094],[7.96976,47.16995],[7.9702,47.16906],[7.97095,47.16848],[7.97335,47.16539],[7.97451,47.16482],[7.97614,47.16302],[7.97742,47.162],[7.97756,47.16094],[7.9771,47.15999],[7.97627,47.15928],[7.97466,47.15863]]}},{"type":"Feature","properties":{"id":"luthern-ii-ts-lu","c":"LU","p":"pacht","q":"derived","k":"river"},"geometry":{"type":"LineString","coordinates":[[7.97466,47.15863],[7.9715,47.15806],[7.96525,47.15621],[7.96479,47.1558],[7.96391,47.15373],[7.96415,47.15265],[7.96686,47.14971],[7.96715,47.14898],[7.96751,47.14557],[7.96805,47.14477],[7.96958,47.14355],[7.96956,47.14319],[7.96763,47.14189],[7.9667,47.1415],[7.96285,47.14054],[7.96019,47.13968],[7.95906,47.13877],[7.95636,47.13749],[7.94983,47.13641]]}},{"type":"Feature","properties":{"id":"luthern-iii-ts-lu","c":"LU","p":"pacht","q":"derived","k":"river"},"geometry":{"type":"LineString","coordinates":[[7.94983,47.13641],[7.9477,47.13584],[7.94539,47.13624],[7.94331,47.1362],[7.93918,47.13758],[7.93369,47.13725],[7.93196,47.13868],[7.93007,47.13936],[7.92895,47.13855],[7.92847,47.13843],[7.92709,47.13854],[7.92504,47.13741],[7.92255,47.13698],[7.92084,47.13706],[7.91658,47.1355],[7.91336,47.13499],[7.91093,47.13386],[7.90836,47.13346],[7.90776,47.13293],[7.90766,47.1319]]}},{"type":"Feature","properties":{"id":"luthern-iv-ts-lu","c":"LU","p":"pacht","q":"derived","k":"river"},"geometry":{"type":"LineString","coordinates":[[7.90766,47.1319],[7.90895,47.13055],[7.91009,47.12875],[7.91168,47.12776],[7.91275,47.12676],[7.91308,47.12594],[7.91382,47.12517],[7.91406,47.12427],[7.91499,47.12359],[7.91555,47.12212],[7.91687,47.12143],[7.91774,47.12016],[7.9168,47.11829],[7.91678,47.11782],[7.91715,47.11649],[7.91868,47.11436],[7.91979,47.11105],[7.91877,47.10908],[7.91896,47.10672],[7.91844,47.10452],[7.91862,47.10407],[7.91959,47.10333],[7.91962,47.09932],[7.91945,47.09898],[7.9182,47.09829]]}},{"type":"Feature","properties":{"id":"luthern-v-ts-lu","c":"LU","p":"pacht","q":"derived","k":"river"},"geometry":{"type":"LineString","coordinates":[[7.9182,47.09829],[7.91766,47.09778],[7.91747,47.09692],[7.91618,47.09608],[7.91585,47.09485],[7.91472,47.0936],[7.91427,47.09273],[7.9146,47.09082],[7.91356,47.08981],[7.91366,47.08887],[7.91341,47.08799],[7.91382,47.08715],[7.9147,47.08686],[7.91508,47.08655],[7.91643,47.08339],[7.91715,47.08273],[7.91722,47.08049],[7.91701,47.07968],[7.91744,47.07876],[7.91741,47.07763],[7.91984,47.07529],[7.91976,47.07402],[7.92028,47.07205],[7.92082,47.07106],[7.92072,47.07056],[7.92007,47.06998],[7.9203,47.06874],[7.91943,47.0673],[7.91753,47.06302],[7.91737,47.06211],[7.91758,47.06143],[7.91715,47.06064],[7.91762,47.05958],[7.91836,47.05886],[7.91837,47.05786],[7.91908,47.05644],[7.91986,47.05581],[7.92022,47.05397],[7.92128,47.05346],[7.92127,47.05284],[7.92163,47.05233],[7.92257,47.05179],[7.92378,47.05172],[7.92452,47.05082],[7.92447,47.0501],[7.92496,47.04928],[7.92525,47.04802],[7.92509,47.04763],[7.92581,47.04651],[7.92505,47.04538],[7.92611,47.04347],[7.92631,47.04226],[7.92593,47.04128],[7.92643,47.04041],[7.9261,47.03931],[7.92531,47.03834],[7.92506,47.03544],[7.92403,47.03424],[7.92368,47.03259],[7.92403,47.03064],[7.92389,47.02988],[7.92457,47.02922],[7.92456,47.02787],[7.9249,47.02681],[7.92733,47.02607],[7.92882,47.02498],[7.92976,47.02458],[7.93016,47.02392],[7.93012,47.02347],[7.9307,47.0227],[7.93314,47.02082],[7.93353,47.02038],[7.93402,47.01905],[7.93493,47.01815],[7.93676,47.01765],[7.93797,47.01755],[7.93832,47.01397],[7.93882,47.01271],[7.93999,47.01113]]}},{"type":"Feature","properties":{"id":"maienbach-bei-nottwil-lu","c":"LU","p":"pacht","q":"derived","k":"river"},"geometry":{"type":"LineString","coordinates":[[8.15985,47.12776],[8.15743,47.12597],[8.15493,47.12485],[8.15484,47.12449],[8.15412,47.12413],[8.15314,47.12324],[8.15329,47.12301],[8.15307,47.12283],[8.15333,47.12246],[8.1541,47.12197],[8.15404,47.12172],[8.15439,47.12164],[8.15446,47.12133],[8.1553,47.12072],[8.15562,47.1202],[8.15528,47.11946],[8.15547,47.11925],[8.15524,47.119],[8.15528,47.11827],[8.1544,47.11764],[8.15271,47.11717]]}},{"type":"Feature","properties":{"id":"muehlebach-bei-fischbach-lu","c":"LU","p":"pacht","q":"derived","k":"river"},"geometry":{"type":"LineString","coordinates":[[7.88262,47.17197],[7.88356,47.17087],[7.88356,47.17047],[7.88524,47.16967],[7.88537,47.16938],[7.8862,47.16888],[7.88645,47.16883],[7.88712,47.16918],[7.88802,47.16885],[7.8887,47.16881],[7.89023,47.16732],[7.89157,47.16721],[7.89227,47.16553],[7.89538,47.16411],[7.89853,47.16321],[7.9006,47.16155],[7.90262,47.16118],[7.9034,47.16074],[7.90396,47.15993],[7.90451,47.15773],[7.90445,47.15702],[7.9055,47.15601],[7.90596,47.15492],[7.90758,47.15251],[7.9076,47.15152],[7.90894,47.14972],[7.90894,47.14937],[7.90954,47.14883]]}},{"type":"Feature","properties":{"id":"muehlebach-bei-greppen-lu","c":"LU","p":"pacht","q":"derived","k":"river"},"geometry":{"type":"LineString","coordinates":[[8.42734,47.05401],[8.42832,47.05443],[8.42895,47.05503],[8.42936,47.05511],[8.4311,47.0546],[8.4322,47.05379],[8.4322,47.0529],[8.43053,47.05132],[8.43061,47.05097],[8.43129,47.05058],[8.43109,47.04958],[8.43067,47.04878],[8.42879,47.04671],[8.42935,47.04516]]}},{"type":"Feature","properties":{"id":"muehlebach-bei-retschwil-lu","c":"LU","p":"pacht","q":"derived","k":"river"},"geometry":{"type":"MultiLineString","coordinates":[[[8.24577,47.18668],[8.24375,47.18622],[8.24245,47.18517],[8.24089,47.18472],[8.24009,47.18481],[8.23957,47.18462],[8.23859,47.18481],[8.23731,47.1845],[8.23353,47.18422],[8.23286,47.18382],[8.23259,47.1832]],[[8.24577,47.18668],[8.24577,47.18662]],[[8.25606,47.19483],[8.25479,47.19392],[8.25446,47.19345],[8.25353,47.19297],[8.25289,47.19193],[8.25247,47.19174],[8.25235,47.19097],[8.25125,47.19031],[8.25085,47.18972],[8.24933,47.18884],[8.24908,47.18815],[8.24825,47.18771],[8.24725,47.18762],[8.24638,47.1873],[8.24577,47.18668]]]}},{"type":"Feature","properties":{"id":"muehletalbach-bei-sempach-lu","c":"LU","p":"pacht","q":"derived","k":"river"},"geometry":{"type":"LineString","coordinates":[[8.18179,47.14181],[8.18271,47.14224],[8.18532,47.14163],[8.1864,47.14154],[8.18744,47.14106],[8.18847,47.14091],[8.19089,47.13905],[8.19175,47.13915],[8.19234,47.13896],[8.19537,47.13991],[8.19639,47.14012],[8.19684,47.14003],[8.19778,47.14052],[8.20004,47.14059],[8.20125,47.14021],[8.20208,47.14022],[8.20206,47.13987],[8.20285,47.13917],[8.20382,47.13899],[8.20429,47.13859],[8.20579,47.13812],[8.20698,47.13843],[8.20823,47.13823],[8.21045,47.1394],[8.21061,47.14013],[8.21106,47.14058],[8.21219,47.14128],[8.2131,47.14131],[8.21322,47.14154],[8.21399,47.14186],[8.2143,47.14235],[8.21432,47.14301],[8.21679,47.14547],[8.21756,47.1458],[8.21761,47.14718],[8.21689,47.14887],[8.21722,47.14949]]}},{"type":"Feature","properties":{"id":"nottwiler-dorfbach-lu","c":"LU","p":"pacht","q":"derived","k":"river"},"geometry":{"type":"LineString","coordinates":[[8.14243,47.13695],[8.14034,47.13656],[8.13873,47.13649],[8.13786,47.13594],[8.1378,47.13564],[8.13724,47.13545],[8.13659,47.13447],[8.13692,47.13272],[8.13887,47.13124],[8.13989,47.12939],[8.1409,47.12839],[8.13842,47.12711],[8.13761,47.12587],[8.13786,47.1252],[8.13828,47.12491],[8.138,47.1245],[8.13811,47.12434],[8.13853,47.12391],[8.13928,47.12359],[8.13958,47.12318],[8.13914,47.12249],[8.13826,47.122],[8.13637,47.11994],[8.13601,47.11979],[8.13532,47.12006],[8.13481,47.12002],[8.13333,47.1192],[8.13297,47.11858],[8.13318,47.11796],[8.1324,47.11713],[8.13489,47.11541]]}},{"type":"Feature","properties":{"id":"ober-u-unterlauf-muehletalbach-lu","c":"LU","p":"pacht","q":"derived","k":"river"},"geometry":{"type":"LineString","coordinates":[[7.97217,47.11697],[7.96925,47.1156],[7.96514,47.11479],[7.96485,47.11461],[7.96026,47.11501],[7.95753,47.1156],[7.95355,47.11616],[7.95091,47.11556],[7.95008,47.11507],[7.94862,47.11364],[7.94496,47.11262],[7.94396,47.11217],[7.94383,47.11118],[7.94329,47.11044],[7.94204,47.10975],[7.94113,47.10882],[7.93996,47.10825],[7.93921,47.10758],[7.93709,47.10471],[7.93516,47.10392],[7.93257,47.10173],[7.92935,47.10063]]}},{"type":"Feature","properties":{"id":"oberwasserkanal-ew-rathausen-lu","c":"LU","p":"pacht","q":"derived","k":"river"},"geometry":{"type":"MultiLineString","coordinates":[[[8.30184,47.07469],[8.30224,47.07459],[8.30263,47.07475],[8.31277,47.08119]],[[8.31277,47.08119],[8.31275,47.08119]],[[8.3142,47.08146],[8.31277,47.08119]]]}},{"type":"Feature","properties":{"id":"oberwasserkanal-ew-torenberg-lu","c":"LU","p":"pacht","q":"derived","k":"river"},"geometry":{"type":"LineString","coordinates":[[8.24821,47.05301],[8.24784,47.053],[8.24701,47.05252],[8.24437,47.05182],[8.24019,47.05156],[8.23807,47.05087],[8.23369,47.05063],[8.23074,47.04966],[8.22913,47.04849],[8.22878,47.0467],[8.22808,47.04633],[8.22652,47.04608],[8.22637,47.04569]]}},{"type":"Feature","properties":{"id":"ostergauer-rotbach-lu","c":"LU","p":"pacht","q":"derived","k":"river"},"geometry":{"type":"LineString","coordinates":[[8.01349,47.11506],[8.01813,47.11329],[8.02337,47.11338],[8.02565,47.11321],[8.02813,47.11258],[8.03432,47.11202],[8.03515,47.11175],[8.03617,47.11073],[8.03761,47.10729],[8.03963,47.1057],[8.04015,47.10372],[8.04309,47.10231],[8.04355,47.10187],[8.04388,47.10078],[8.04291,47.09924],[8.04302,47.0989],[8.0437,47.09834],[8.04585,47.09738],[8.04637,47.09696],[8.04714,47.0968],[8.04747,47.09645],[8.04797,47.09537],[8.04683,47.09416],[8.04759,47.09305],[8.04838,47.09298],[8.04988,47.09236],[8.05096,47.09216],[8.05198,47.09236],[8.05264,47.0923],[8.05393,47.09097],[8.05369,47.0903],[8.05513,47.08965],[8.05653,47.08968],[8.05744,47.08995],[8.05803,47.08979],[8.05821,47.08945],[8.05807,47.08873],[8.05894,47.08668],[8.05965,47.08627],[8.06175,47.08569],[8.0639,47.08447],[8.06483,47.08369],[8.06619,47.08203],[8.06697,47.08187],[8.06892,47.08222],[8.07267,47.08222],[8.07453,47.08183],[8.0758,47.08025],[8.07761,47.07864],[8.08241,47.07717],[8.08266,47.07675],[8.0845,47.07558],[8.08432,47.07504],[8.08477,47.07406],[8.08358,47.07304]]}},{"type":"Feature","properties":{"id":"pfaffnern-lu","c":"LU","p":"pacht","q":"derived","k":"river"},"geometry":{"type":"LineString","coordinates":[[7.8942,47.24252],[7.89448,47.24051],[7.89411,47.2398],[7.89409,47.23854],[7.89501,47.2373],[7.89506,47.23516],[7.89459,47.23307],[7.89528,47.23188],[7.8968,47.23056],[7.89725,47.22689],[7.89634,47.22509],[7.89606,47.22356],[7.89619,47.22285],[7.89355,47.21944],[7.89312,47.21841],[7.89155,47.21711],[7.89085,47.21558],[7.89054,47.21301],[7.8901,47.21264],[7.88989,47.21158],[7.88997,47.2107],[7.89111,47.20971],[7.8933,47.20857],[7.89312,47.20749],[7.89356,47.20702],[7.89392,47.20572],[7.89511,47.20513],[7.89649,47.20545],[7.89772,47.2052],[7.89817,47.20491],[7.89824,47.20435],[7.89855,47.20408],[7.89938,47.20378],[7.89997,47.20377],[7.90059,47.20325],[7.90273,47.20249],[7.90323,47.20199]]}},{"type":"Feature","properties":{"id":"reuss-lu","c":"LU","p":"pacht","q":"derived","k":"river"},"geometry":{"type":"LineString","coordinates":[[8.40525,47.13751],[8.40248,47.13606],[8.40119,47.13501],[8.39902,47.13263],[8.39807,47.13048],[8.39625,47.1248],[8.39569,47.12385],[8.3945,47.12237],[8.39015,47.11876],[8.38833,47.11785],[8.38502,47.11711],[8.38159,47.11722],[8.37433,47.11817],[8.36939,47.11838],[8.36801,47.11829],[8.36467,47.11785],[8.361,47.11686],[8.35971,47.11625],[8.35647,47.11404],[8.3521,47.10956],[8.3504,47.10703],[8.34874,47.10362],[8.34644,47.10156],[8.3443,47.10039],[8.33931,47.09816],[8.3373,47.09698],[8.33254,47.09329],[8.32823,47.09121],[8.32663,47.09014],[8.32557,47.08938],[8.32402,47.08781],[8.31406,47.08247],[8.30037,47.07377],[8.28621,47.06575]]}},{"type":"Feature","properties":{"id":"ronbach-bei-ebikon-lu","c":"LU","p":"pacht","q":"derived","k":"river"},"geometry":{"type":"LineString","coordinates":[[8.39115,47.11952],[8.39105,47.11891],[8.3901,47.11773],[8.38821,47.11705],[8.38831,47.11661],[8.38783,47.11613],[8.38754,47.11438],[8.3866,47.11351],[8.3839,47.11171],[8.37768,47.10916],[8.37383,47.10631],[8.36895,47.10343],[8.36661,47.10117],[8.36238,47.09874],[8.35915,47.09579],[8.35744,47.09455],[8.35447,47.09262],[8.35005,47.09044],[8.3444,47.0867],[8.34078,47.08526],[8.3314,47.0787]]}},{"type":"Feature","properties":{"id":"ronbach-bei-hochdorf-i-ts-lu","c":"LU","p":"pacht","q":"derived","k":"river"},"geometry":{"type":"LineString","coordinates":[[8.27386,47.18116],[8.27434,47.18041],[8.28026,47.17421],[8.28247,47.16567],[8.28385,47.16416],[8.28319,47.16209],[8.28449,47.1578],[8.28339,47.15542]]}},{"type":"Feature","properties":{"id":"ronbach-bei-hochdorf-ii-ts-lu","c":"LU","p":"pacht","q":"derived","k":"river"},"geometry":{"type":"MultiLineString","coordinates":[[[8.28394,47.15423],[8.28469,47.15309],[8.28525,47.15266],[8.28624,47.15291],[8.28733,47.15228],[8.28785,47.15237],[8.28919,47.15189],[8.29006,47.1523],[8.29096,47.15241],[8.29192,47.1513],[8.2923,47.15029],[8.29223,47.14946],[8.29149,47.14921],[8.2906,47.14837],[8.29084,47.14806],[8.29149,47.14807],[8.29179,47.14754],[8.29258,47.14727],[8.29394,47.14606],[8.29435,47.14433],[8.29421,47.14365],[8.29452,47.14338],[8.29439,47.14307],[8.2946,47.1427],[8.29423,47.14064],[8.29436,47.13981],[8.29374,47.1393],[8.29382,47.13883],[8.29302,47.13845],[8.2935,47.1376],[8.29324,47.13726],[8.29336,47.13681],[8.29284,47.13591],[8.29221,47.13539],[8.2914,47.13522],[8.29135,47.1349],[8.29098,47.13464],[8.29002,47.13482],[8.2886,47.13453],[8.28816,47.13472],[8.28513,47.13382],[8.28451,47.13287],[8.28371,47.13282],[8.28348,47.13241],[8.28314,47.13275],[8.28286,47.1327],[8.2828,47.13235],[8.28209,47.1325],[8.28248,47.1322],[8.28176,47.13188],[8.28139,47.13193],[8.28126,47.13226],[8.28039,47.13199],[8.27952,47.13204],[8.27906,47.13227],[8.2786,47.13212],[8.27804,47.1322],[8.27726,47.13262],[8.27715,47.13316],[8.27603,47.13311],[8.27572,47.13283],[8.27493,47.13277],[8.27463,47.13245],[8.27384,47.13259],[8.27369,47.13302],[8.27342,47.13302],[8.2731,47.13262],[8.27269,47.13273],[8.27274,47.13231],[8.27245,47.13209],[8.27191,47.13241],[8.27142,47.13232],[8.2707,47.13268],[8.26975,47.13257],[8.26929,47.1329],[8.26849,47.13265],[8.26793,47.13267],[8.26737,47.13309],[8.2666,47.13303],[8.26582,47.13341],[8.26478,47.13357],[8.26447,47.13349],[8.26433,47.13309],[8.26377,47.1331],[8.26234,47.13397],[8.26053,47.13399],[8.26007,47.13416],[8.2587,47.13402],[8.25809,47.13433],[8.25797,47.13462],[8.25553,47.13539],[8.25438,47.13619],[8.25423,47.13653],[8.25451,47.13698],[8.25361,47.13782],[8.25294,47.13761],[8.25243,47.13775],[8.25111,47.1376],[8.25071,47.13786],[8.25002,47.1377],[8.24955,47.13784],[8.24861,47.13766],[8.24779,47.13773],[8.24728,47.13798],[8.24693,47.13874],[8.24632,47.13894],[8.24592,47.13868],[8.24526,47.13871],[8.24455,47.13898],[8.24375,47.13998],[8.24122,47.14038],[8.24091,47.14113],[8.24017,47.14142],[8.24005,47.14252],[8.23953,47.14314],[8.23885,47.14363],[8.23741,47.14402],[8.23692,47.14436],[8.23624,47.14558],[8.23611,47.14654],[8.23541,47.14708],[8.23338,47.14809],[8.23293,47.14816],[8.23257,47.14797],[8.23196,47.14808],[8.23196,47.14845],[8.23098,47.14951],[8.23063,47.15051],[8.22955,47.1512],[8.22905,47.15382],[8.2293,47.15403],[8.22986,47.15407],[8.23017,47.15451],[8.2321,47.15568],[8.23311,47.15681],[8.23473,47.15749],[8.23534,47.16055]],[[8.28394,47.15423],[8.28338,47.1554]]]}},{"type":"Feature","properties":{"id":"ronkanal-lu","c":"LU","p":"pacht","q":"derived","k":"river"},"geometry":{"type":"LineString","coordinates":[[7.99333,47.1789],[7.99449,47.17686],[7.99519,47.17631],[8.00115,47.17449],[8.0033,47.1731],[8.02954,47.17292],[8.03269,47.17325],[8.03817,47.17178],[8.04168,47.17049],[8.04328,47.17017],[8.04457,47.17018],[8.04685,47.16859],[8.04801,47.16809],[8.04899,47.16812],[8.05017,47.16856],[8.05347,47.17185],[8.05477,47.17359],[8.05573,47.17403],[8.0619,47.17258],[8.06443,47.17174],[8.0709,47.17053]]}},{"type":"Feature","properties":{"id":"rotbach-bei-ettiswil-i-ts-lu","c":"LU","p":"pacht","q":"derived","k":"river"},"geometry":{"type":"LineString","coordinates":[[8.00185,47.15963],[8.00294,47.15923],[8.00404,47.15906],[8.00485,47.15858],[8.00705,47.15858],[8.00827,47.15819],[8.0091,47.15751],[8.01299,47.15596],[8.01541,47.15429],[8.01721,47.15409],[8.02077,47.15207],[8.02368,47.15107],[8.02581,47.1481],[8.02649,47.1467],[8.02647,47.14589],[8.02709,47.14495],[8.02749,47.14473],[8.02954,47.14455],[8.0313,47.14393],[8.03185,47.14188],[8.03302,47.14191]]}},{"type":"Feature","properties":{"id":"rotbach-bei-ettiswil-ii-ts-lu","c":"LU","p":"pacht","q":"derived","k":"river"},"geometry":{"type":"LineString","coordinates":[[8.03302,47.14191],[8.0343,47.14169],[8.03513,47.14123],[8.0362,47.13855],[8.03671,47.13813],[8.03893,47.13772],[8.03994,47.13703],[8.04137,47.13721],[8.04222,47.13711],[8.04381,47.13609],[8.04708,47.13488],[8.04741,47.13489],[8.04857,47.13566],[8.04894,47.1357],[8.04938,47.13557],[8.04988,47.13491],[8.05192,47.1346]]}},{"type":"Feature","properties":{"id":"rotbach-bei-ettiswil-iii-ts-lu","c":"LU","p":"pacht","q":"derived","k":"river"},"geometry":{"type":"LineString","coordinates":[[8.05192,47.1346],[8.05354,47.1349],[8.05405,47.13463],[8.05418,47.13346],[8.05564,47.12961],[8.05825,47.12585],[8.05961,47.12452],[8.06046,47.12394],[8.0614,47.12367],[8.067,47.12267]]}},{"type":"Feature","properties":{"id":"rotbach-bei-fluehli-lu","c":"LU","p":"pacht","q":"derived","k":"river"},"geometry":{"type":"MultiLineString","coordinates":[[[8.01554,46.87612],[8.0156,46.87571],[8.01899,46.87259],[8.02041,46.87169],[8.02259,46.87083],[8.02482,46.87067],[8.02712,46.87005],[8.02931,46.8698],[8.03118,46.86988],[8.03501,46.86921],[8.03767,46.86963],[8.03968,46.87047],[8.04247,46.87002]],[[8.04247,46.87002],[8.04265,46.86942],[8.04226,46.86872],[8.04267,46.868],[8.04382,46.86771],[8.04519,46.8679],[8.04613,46.86759],[8.04835,46.86745],[8.04919,46.86603],[8.05073,46.86555],[8.05101,46.8651],[8.05169,46.86482],[8.0521,46.86424],[8.05341,46.86347],[8.05418,46.86273],[8.05546,46.86247],[8.05636,46.86149],[8.05774,46.86081],[8.05795,46.85871],[8.05754,46.85729],[8.05854,46.85699],[8.05738,46.85591],[8.05791,46.85545],[8.05839,46.85383],[8.05888,46.85336]],[[8.04247,46.87002],[8.0425,46.87002]]]}},{"type":"Feature","properties":{"id":"rotbach-bei-rothenburg-i-ts-lu","c":"LU","p":"pacht","q":"derived","k":"river"},"geometry":{"type":"LineString","coordinates":[[8.31587,47.09945],[8.31756,47.09927],[8.31841,47.10019],[8.31896,47.10042],[8.31953,47.10006],[8.32046,47.10008],[8.32101,47.09967],[8.32259,47.09966],[8.32301,47.10061],[8.32384,47.10111],[8.32699,47.10166],[8.32793,47.10287],[8.32956,47.10353],[8.33032,47.10425],[8.33252,47.10552],[8.33248,47.10589],[8.33287,47.10631],[8.33253,47.10718],[8.33295,47.10749],[8.33299,47.10788],[8.33338,47.10828],[8.33399,47.10859],[8.33401,47.10895],[8.33493,47.11006],[8.335,47.11043],[8.33549,47.11061],[8.33566,47.1109],[8.33704,47.11109],[8.33817,47.11092],[8.33851,47.11129],[8.33914,47.1115],[8.33969,47.11119],[8.34118,47.11108],[8.34179,47.11066],[8.34214,47.11066],[8.3431,47.11117],[8.3437,47.11126],[8.34464,47.11221],[8.34617,47.11231],[8.34712,47.11204],[8.34894,47.11311],[8.35024,47.11289],[8.35064,47.11297],[8.35113,47.11354],[8.35183,47.1136],[8.35264,47.11393],[8.35363,47.11535],[8.35597,47.11598],[8.35729,47.11718],[8.35911,47.11726],[8.36258,47.11861],[8.36452,47.1184],[8.36734,47.11869],[8.36892,47.11867]]}},{"type":"Feature","properties":{"id":"rotbach-bei-rothenburg-ii-ts-lu","c":"LU","p":"pacht","q":"derived","k":"river"},"geometry":{"type":"LineString","coordinates":[[8.31587,47.09945],[8.31441,47.09968],[8.31193,47.09974],[8.30991,47.09951],[8.30549,47.09853],[8.30428,47.09806],[8.30373,47.09709],[8.30289,47.09643],[8.3019,47.09622],[8.3015,47.09572],[8.30021,47.09554],[8.29915,47.09486],[8.29755,47.09443],[8.29602,47.09535],[8.29558,47.09633],[8.29422,47.09647],[8.29392,47.09691],[8.29401,47.09758],[8.29354,47.09775],[8.29332,47.09836],[8.29269,47.09865],[8.29196,47.09867],[8.29036,47.09806],[8.28949,47.09828],[8.28923,47.09746],[8.28836,47.09711],[8.28711,47.09749],[8.28633,47.09712],[8.28552,47.09716],[8.28493,47.09682],[8.28395,47.09658],[8.28329,47.09655],[8.28275,47.0968],[8.28231,47.096],[8.28117,47.09567],[8.28146,47.09442],[8.28055,47.09432],[8.27929,47.09348],[8.27883,47.09342],[8.27856,47.09364],[8.27733,47.09385],[8.27507,47.09356],[8.27395,47.09293],[8.27335,47.09282],[8.27291,47.09229],[8.27144,47.0914],[8.26937,47.09166],[8.26842,47.09136],[8.26615,47.09004],[8.26488,47.08975],[8.26419,47.08917],[8.26012,47.08734]]}},{"type":"Feature","properties":{"id":"rotbach-bei-rothenburg-iii-ts-lu","c":"LU","p":"pacht","q":"derived","k":"river"},"geometry":{"type":"LineString","coordinates":[[8.26012,47.08734],[8.2593,47.08716],[8.25928,47.08625],[8.25828,47.08612],[8.25829,47.08581],[8.25766,47.08512],[8.25691,47.08366],[8.25651,47.08351],[8.25582,47.08368],[8.25483,47.08352],[8.25445,47.08272],[8.25413,47.08253],[8.25308,47.08302],[8.25224,47.08176],[8.25147,47.0817],[8.24906,47.08198],[8.24874,47.08139],[8.24772,47.08154],[8.24772,47.08107],[8.24746,47.08091],[8.24639,47.08157],[8.24588,47.08174],[8.24524,47.08159],[8.24505,47.08188],[8.24407,47.08214],[8.24356,47.08175],[8.24368,47.08137],[8.24341,47.08109],[8.24219,47.0812],[8.24081,47.08091],[8.2398,47.07982],[8.23991,47.07963],[8.24069,47.07973],[8.2409,47.07956],[8.24051,47.07863],[8.2397,47.07851],[8.23922,47.07879],[8.23859,47.07885],[8.23804,47.07884],[8.2374,47.07857],[8.23671,47.0786],[8.23598,47.07812],[8.23565,47.0765],[8.23461,47.07574],[8.23338,47.07548],[8.23166,47.07466],[8.23107,47.07489],[8.23061,47.07481],[8.23095,47.07366],[8.23051,47.07373],[8.22935,47.07352],[8.22942,47.07278],[8.2287,47.07274],[8.22834,47.07295],[8.22776,47.07218],[8.22629,47.07256],[8.22482,47.07378],[8.22439,47.07445],[8.22235,47.07597],[8.22111,47.07608],[8.21982,47.07536],[8.21896,47.07542],[8.2183,47.07527],[8.21752,47.07471],[8.21549,47.07519],[8.21418,47.07485],[8.21326,47.07482],[8.21284,47.07532],[8.21184,47.07534],[8.21124,47.07515],[8.2105,47.07525],[8.21019,47.07499],[8.20972,47.07493],[8.20793,47.07322],[8.20662,47.07263],[8.20651,47.07206],[8.2069,47.07131],[8.20627,47.07113],[8.20569,47.07019],[8.20221,47.0696],[8.20129,47.0699],[8.2002,47.06932],[8.19995,47.06893],[8.19955,47.069],[8.19833,47.06874],[8.19769,47.06899],[8.19647,47.06888],[8.19566,47.06834],[8.19384,47.06775],[8.19317,47.068],[8.19201,47.06647],[8.1913,47.06612],[8.19105,47.06566],[8.19116,47.06533],[8.19038,47.06526],[8.18983,47.06456],[8.18909,47.06444],[8.18855,47.06401],[8.18472,47.06296],[8.17967,47.0631],[8.17716,47.0639],[8.17552,47.06398],[8.17174,47.06454],[8.16974,47.06509]]}},{"type":"Feature","properties":{"id":"rykenbach-bei-ebersecken-lu","c":"LU","p":"pacht","q":"derived","k":"river"},"geometry":{"type":"LineString","coordinates":[[7.96871,47.17799],[7.96806,47.17748],[7.96624,47.17692],[7.96479,47.17683],[7.96275,47.17705],[7.96216,47.17646],[7.96074,47.1767],[7.96032,47.17738],[7.95994,47.17758],[7.95906,47.17742],[7.95724,47.17757],[7.95398,47.17688],[7.95208,47.17713],[7.95093,47.17676],[7.94675,47.17802],[7.94094,47.17937],[7.94062,47.17925],[7.94041,47.17946],[7.93966,47.17961],[7.93868,47.17941],[7.93791,47.17946],[7.93713,47.17988],[7.93614,47.18011],[7.93575,47.18044],[7.93475,47.18058],[7.93398,47.1813],[7.933,47.18165],[7.93164,47.18259],[7.92991,47.18301],[7.92632,47.18307],[7.92231,47.18408],[7.91789,47.18467],[7.91618,47.18471],[7.91471,47.18546],[7.91279,47.18587],[7.90748,47.18465],[7.90356,47.18472],[7.90263,47.18422],[7.90148,47.18258],[7.90054,47.18198],[7.8995,47.18083],[7.9004,47.17908],[7.89987,47.17629]]}},{"type":"Feature","properties":{"id":"roellbach-lu","c":"LU","p":"pacht","q":"derived","k":"river"},"geometry":{"type":"LineString","coordinates":[[8.17911,47.11789],[8.17938,47.1172],[8.17915,47.1166],[8.17922,47.11534],[8.17892,47.11481],[8.17803,47.1141],[8.17783,47.11352],[8.17802,47.11303],[8.17879,47.11242],[8.17921,47.11234],[8.17938,47.11127],[8.17915,47.11108],[8.17861,47.11109],[8.17798,47.11062],[8.17719,47.10875],[8.17684,47.10857],[8.17736,47.10781],[8.17709,47.10774],[8.17678,47.10725],[8.17631,47.1071],[8.17665,47.10642],[8.17595,47.105],[8.17511,47.10402],[8.17464,47.103],[8.17354,47.10211],[8.17309,47.10037],[8.17213,47.09972],[8.17174,47.09819],[8.16887,47.09739],[8.16837,47.09715],[8.16802,47.09657],[8.16651,47.09594],[8.16592,47.09589],[8.16543,47.09553]]}},{"type":"Feature","properties":{"id":"ruemlig-i-ts-lu","c":"LU","p":"pacht","q":"derived","k":"river"},"geometry":{"type":"LineString","coordinates":[[8.15026,47.03937],[8.14927,47.03874],[8.14788,47.03546],[8.14556,47.03284],[8.14511,47.03184],[8.14519,47.03056],[8.14456,47.0302],[8.14248,47.02952],[8.1422,47.02918],[8.14261,47.02697],[8.1423,47.02603],[8.14104,47.02508],[8.13977,47.02324],[8.13865,47.02273],[8.13742,47.02025],[8.1356,47.01921],[8.13472,47.017],[8.13365,47.0166],[8.13243,47.01655],[8.13131,47.01605],[8.13173,47.01482],[8.12995,47.01397],[8.12927,47.01281],[8.12711,47.01111],[8.12854,47.01034],[8.12877,47.00964],[8.12841,47.00936],[8.12932,47.00925],[8.12941,47.00838],[8.12998,47.00813],[8.13025,47.00734],[8.13108,47.0062],[8.13204,47.00539],[8.13428,47.00475],[8.13561,47.00479],[8.13688,47.00513],[8.1393,47.0046],[8.14044,47.00368],[8.14101,47.0036],[8.14088,47.0029],[8.14127,47.00254],[8.14252,47.00225],[8.14362,47.00226],[8.14422,47.00205]]}},{"type":"Feature","properties":{"id":"ruemlig-ii-ts-lu","c":"LU","p":"pacht","q":"derived","k":"river"},"geometry":{"type":"LineString","coordinates":[[8.14422,47.00205],[8.14596,47.00167],[8.14656,47.00177],[8.14726,47.00226],[8.14871,47.00194],[8.14984,47.0022],[8.15129,47.00225],[8.15177,47.00252],[8.15338,47.00275],[8.15395,47.00361],[8.15501,47.00303],[8.15696,47.00383],[8.15741,47.00386],[8.15759,47.00359],[8.15704,47.00286],[8.1575,47.00274],[8.15844,47.00318],[8.16052,47.00303],[8.1625,47.00358],[8.1654,47.00392],[8.16623,47.00444],[8.16736,47.0061],[8.16877,47.00669],[8.16895,47.00792],[8.16924,47.00811],[8.17019,47.00811],[8.17045,47.00825],[8.17051,47.00959],[8.17078,47.00964],[8.17167,47.00933],[8.17244,47.01023],[8.17369,47.01075],[8.17587,47.01025],[8.17699,47.01012],[8.17745,47.01023],[8.17788,47.0109],[8.17871,47.01154],[8.17972,47.01175],[8.18017,47.01231],[8.1814,47.01255],[8.18202,47.01314],[8.18206,47.01447],[8.18267,47.01479],[8.18345,47.01472],[8.18374,47.01488],[8.18369,47.01579],[8.1844,47.01614],[8.18697,47.01644],[8.189,47.01578],[8.19023,47.01571],[8.19187,47.01467],[8.19315,47.01467],[8.19438,47.01402],[8.19447,47.01379],[8.19382,47.01334],[8.19366,47.01254],[8.19269,47.01168],[8.19251,47.01109],[8.19331,47.00992]]}},{"type":"Feature","properties":{"id":"ruemlig-iii-ts-lu","c":"LU","p":"pacht","q":"derived","k":"river"},"geometry":{"type":"LineString","coordinates":[[8.19331,47.00992],[8.19411,47.00952],[8.19573,47.00964],[8.19825,47.00932],[8.19957,47.00964],[8.20056,47.00935],[8.20162,47.00849],[8.20236,47.00834],[8.20382,47.00768],[8.20545,47.0076],[8.20926,47.00614],[8.21031,47.0059],[8.21384,47.00581],[8.21656,47.00518],[8.21915,47.00485],[8.21984,47.00448]]}},{"type":"Feature","properties":{"id":"ruemlig-iv-ts-lu","c":"LU","p":"pacht","q":"derived","k":"river"},"geometry":{"type":"LineString","coordinates":[[8.21984,47.00448],[8.2216,47.00302],[8.2242,47.00127],[8.22543,46.99972],[8.22624,46.99828],[8.22676,46.9952],[8.2278,46.99395],[8.22808,46.99254],[8.22801,46.99202],[8.22655,46.98983],[8.22482,46.9885],[8.22475,46.98793],[8.22388,46.9874],[8.22338,46.98628],[8.22145,46.98433],[8.22089,46.98303],[8.21989,46.98256],[8.21908,46.98172],[8.21836,46.98138],[8.21734,46.98029],[8.21611,46.97946],[8.21523,46.97893],[8.2134,46.97854],[8.21282,46.97808],[8.21186,46.97834],[8.21066,46.9782],[8.2102,46.97798],[8.20695,46.97829],[8.20625,46.978],[8.20425,46.9778],[8.20344,46.97798],[8.20328,46.97817],[8.20279,46.97812],[8.2022,46.97875],[8.19995,46.97831],[8.19868,46.9786],[8.19824,46.97892],[8.19631,46.97898],[8.19546,46.97923],[8.19294,46.97929],[8.19204,46.9798]]}},{"type":"Feature","properties":{"id":"schonbach-lu","c":"LU","p":"pacht","q":"derived","k":"river"},"geometry":{"type":"LineString","coordinates":[[7.91014,46.87847],[7.90952,46.87733],[7.90714,46.87454],[7.90481,46.8705],[7.90361,46.86837],[7.90079,46.86186],[7.90011,46.86101],[7.8989,46.86017],[7.89854,46.85968],[7.89878,46.85883],[7.89799,46.85634],[7.89866,46.85418],[7.89729,46.8517],[7.8963,46.85102],[7.895,46.85092],[7.89433,46.85042],[7.89416,46.84973],[7.89388,46.8495],[7.89267,46.84923],[7.891,46.84821],[7.89034,46.84695],[7.88956,46.84647],[7.88903,46.84582],[7.88919,46.84498],[7.88828,46.84406],[7.88808,46.84255],[7.88645,46.84202],[7.88578,46.84073],[7.8841,46.84014],[7.88365,46.83956],[7.88302,46.83932],[7.88263,46.83891],[7.88057,46.83798],[7.87911,46.83642]]}},{"type":"Feature","properties":{"id":"schongauer-dorfbach-lu","c":"LU","p":"pacht","q":"derived","k":"river"},"geometry":{"type":"LineString","coordinates":[[8.2498,47.28473],[8.25005,47.28441],[8.24996,47.28384],[8.25057,47.28291],[8.25106,47.28268],[8.25223,47.28273],[8.25288,47.28258],[8.25302,47.28205],[8.25475,47.28027],[8.25494,47.27947],[8.25529,47.27915],[8.25537,47.2783],[8.25596,47.27775],[8.25657,47.27773],[8.25782,47.27606],[8.25827,47.27584],[8.25873,47.27385],[8.25974,47.27343],[8.26024,47.27219],[8.26008,47.27189],[8.26036,47.27141],[8.2603,47.26946],[8.25951,47.26921],[8.25996,47.26828],[8.26412,47.26781],[8.26581,47.2674],[8.26671,47.26766],[8.26804,47.26773],[8.26936,47.26759],[8.27216,47.26773],[8.27301,47.26735],[8.27441,47.26707],[8.27476,47.26646],[8.27572,47.26606],[8.27714,47.26385],[8.27768,47.26226],[8.27817,47.26213],[8.27849,47.26013],[8.27832,47.25918],[8.27989,47.2584]]}},{"type":"Feature","properties":{"id":"schaerligbach-lu","c":"LU","p":"pacht","q":"derived","k":"river"},"geometry":{"type":"LineString","coordinates":[[7.88873,46.90476],[7.8879,46.90381],[7.88692,46.90311],[7.88644,46.90224],[7.88698,46.9003],[7.88669,46.8986],[7.88795,46.89388],[7.8887,46.89246],[7.88951,46.89177],[7.8901,46.89044],[7.89176,46.88982],[7.89316,46.88873],[7.89281,46.88771],[7.89359,46.88703],[7.89343,46.8864],[7.89374,46.88566],[7.89329,46.88511],[7.89375,46.88332],[7.89339,46.87889],[7.89375,46.87836],[7.89384,46.87743],[7.89465,46.87666],[7.89398,46.87621],[7.89333,46.87413],[7.89219,46.87243],[7.89156,46.87193],[7.89034,46.87161],[7.889,46.87157],[7.88848,46.87113],[7.88822,46.87011],[7.88729,46.86974],[7.8865,46.86965],[7.88494,46.86845],[7.88222,46.86722],[7.88104,46.86641],[7.88021,46.86283],[7.87985,46.86206],[7.87909,46.86145],[7.87943,46.86103],[7.87895,46.85941],[7.87776,46.8584],[7.87593,46.85729],[7.87571,46.85656],[7.87459,46.85557],[7.87344,46.85376],[7.87343,46.8532],[7.87283,46.85208],[7.87323,46.85132],[7.87309,46.85085],[7.87256,46.85018],[7.87118,46.84948]]}},{"type":"Feature","properties":{"id":"seewag-i-ts-lu","c":"LU","p":"pacht","q":"derived","k":"river"},"geometry":{"type":"LineString","coordinates":[[8.00193,47.12573],[8.00099,47.12324],[8.00219,47.12126],[8.00489,47.11934],[8.01124,47.11594],[8.01349,47.11505]]}},{"type":"Feature","properties":{"id":"seewag-ii-ts-lu","c":"LU","p":"pacht","q":"derived","k":"river"},"geometry":{"type":"LineString","coordinates":[[8.01349,47.11505],[8.01416,47.11441],[8.01436,47.11389],[8.01317,47.10895],[8.01715,47.09689],[8.01735,47.09503],[8.01718,47.09465],[8.01755,47.09428]]}},{"type":"Feature","properties":{"id":"seewag-iii-ts-lu","c":"LU","p":"pacht","q":"derived","k":"river"},"geometry":{"type":"MultiLineString","coordinates":[[[8.01755,47.09428],[8.01803,47.09353],[8.02135,47.09107],[8.02425,47.08989],[8.02649,47.08872],[8.02734,47.08856],[8.02888,47.08908],[8.03459,47.08891],[8.03512,47.08877],[8.03971,47.08472]],[[8.03972,47.08472],[8.04229,47.08307],[8.04198,47.08239],[8.0447,47.08015],[8.0459,47.07988],[8.04971,47.07808],[8.0515,47.07633],[8.05162,47.07608],[8.05126,47.07521],[8.0517,47.07449]],[[8.05771,47.07257],[8.05404,47.07354],[8.05175,47.07449]]]}},{"type":"Feature","properties":{"id":"sellenbodenbach-lu","c":"LU","p":"pacht","q":"derived","k":"river"},"geometry":{"type":"LineString","coordinates":[[8.20967,47.1135],[8.20959,47.11315],[8.21005,47.11274],[8.20947,47.11241],[8.20912,47.11247],[8.20906,47.11193],[8.20946,47.11123],[8.20829,47.1099],[8.20826,47.10941],[8.20856,47.10894],[8.20837,47.10739],[8.20785,47.10703],[8.20724,47.10694],[8.20606,47.10499],[8.20541,47.10444],[8.20606,47.10437],[8.20785,47.10361],[8.20861,47.10247],[8.21097,47.10082],[8.21118,47.10048],[8.21487,47.09871],[8.21576,47.09768],[8.21705,47.09692],[8.21771,47.09688],[8.21853,47.09718],[8.21887,47.097],[8.21918,47.0965],[8.21887,47.09612],[8.21893,47.09567],[8.21948,47.09481],[8.21813,47.09344],[8.2165,47.09245],[8.21644,47.09202],[8.21587,47.09161],[8.21598,47.09087],[8.21649,47.0901],[8.21571,47.08968],[8.21497,47.08884],[8.21485,47.08802],[8.21424,47.08692],[8.21481,47.08599],[8.21413,47.08544],[8.21407,47.08438],[8.21365,47.08353],[8.2125,47.08224],[8.21205,47.08083],[8.21112,47.08013],[8.20949,47.07804],[8.20671,47.07864],[8.20308,47.07886],[8.20274,47.0782],[8.20178,47.07783],[8.20041,47.07829],[8.19932,47.07834],[8.1982,47.07818],[8.19727,47.0778],[8.19475,47.07764],[8.19305,47.07841],[8.19271,47.07823],[8.19247,47.07737],[8.19102,47.0771],[8.18984,47.07754]]}},{"type":"Feature","properties":{"id":"spittlisbach-lu","c":"LU","p":"pacht","q":"derived","k":"river"},"geometry":{"type":"LineString","coordinates":[[8.27508,47.18861],[8.28,47.18923],[8.28133,47.18976],[8.28479,47.19047],[8.28542,47.1905],[8.28681,47.19017],[8.29013,47.19044],[8.29083,47.19089],[8.29269,47.19155],[8.29331,47.19196],[8.29402,47.193],[8.29574,47.19359],[8.29756,47.19507],[8.29876,47.19523],[8.29974,47.19498],[8.30112,47.19518],[8.30192,47.19505],[8.3041,47.19609],[8.30538,47.19568],[8.30662,47.19648],[8.30721,47.19731],[8.30804,47.19762],[8.30832,47.19756],[8.30861,47.19785],[8.31006,47.19836],[8.31158,47.1977],[8.3129,47.19608],[8.31655,47.19802],[8.31888,47.19639],[8.3204,47.19609],[8.32131,47.19627],[8.32294,47.19775],[8.32366,47.19798],[8.32434,47.19797],[8.32527,47.19856],[8.32664,47.19894],[8.32773,47.19889]]}},{"type":"Feature","properties":{"id":"stampfibach-bei-vordermeggen-lu","c":"LU","p":"pacht","q":"derived","k":"river"},"geometry":{"type":"LineString","coordinates":[[8.3724,47.0404],[8.37207,47.04075],[8.37135,47.04086],[8.37132,47.04124],[8.37061,47.04154],[8.36821,47.04339],[8.367,47.04318],[8.36467,47.04358],[8.36239,47.0436],[8.36206,47.04377],[8.36164,47.04546],[8.36097,47.04601],[8.36081,47.0465]]}},{"type":"Feature","properties":{"id":"steinbach-bei-st-urban-lu","c":"LU","p":"pacht","q":"derived","k":"river"},"geometry":{"type":"LineString","coordinates":[[7.85128,47.22172],[7.85126,47.22145],[7.85175,47.22111],[7.85657,47.21923],[7.85823,47.21892],[7.86029,47.21897],[7.86088,47.21872],[7.86163,47.21741],[7.86339,47.2158],[7.86377,47.21517],[7.86425,47.21206],[7.86375,47.20909],[7.86503,47.20752],[7.86771,47.20606],[7.86896,47.20498],[7.87087,47.20488],[7.87502,47.20396],[7.87634,47.20123],[7.87762,47.20079],[7.87934,47.20071],[7.87995,47.20041],[7.87971,47.19956],[7.87998,47.19887],[7.88057,47.19825],[7.88156,47.19801],[7.88173,47.19752],[7.88258,47.19697],[7.88365,47.19568],[7.88437,47.19542],[7.88442,47.19525],[7.88631,47.19499],[7.88766,47.19539],[7.88914,47.19541],[7.88978,47.19482],[7.89055,47.19461],[7.89189,47.19458],[7.89294,47.19422],[7.89488,47.19392],[7.89653,47.19386],[7.89733,47.19402],[7.89739,47.19421],[7.89826,47.1945],[7.89893,47.19618]]}},{"type":"Feature","properties":{"id":"steinmaettelibach-bei-retschwil-lu","c":"LU","p":"pacht","q":"derived","k":"river"},"geometry":{"type":"LineString","coordinates":[[8.24518,47.20737],[8.24425,47.20688],[8.24424,47.20638],[8.24357,47.20594],[8.24129,47.20538],[8.24052,47.20481],[8.24006,47.20477],[8.2381,47.20381],[8.23653,47.20232],[8.23554,47.20218],[8.23499,47.20182],[8.23408,47.20168],[8.23258,47.20105],[8.23156,47.20089],[8.22987,47.19915]]}},{"type":"Feature","properties":{"id":"staegbach-bei-baldegg-lu","c":"LU","p":"pacht","q":"derived","k":"river"},"geometry":{"type":"LineString","coordinates":[[8.27565,47.18318],[8.27643,47.18301],[8.27823,47.18341],[8.27855,47.18363],[8.27996,47.18355],[8.28092,47.18417],[8.28185,47.18403],[8.28305,47.18454],[8.28392,47.18466],[8.28664,47.18447],[8.29014,47.18564],[8.29096,47.18534],[8.29209,47.18309],[8.29172,47.18174],[8.29241,47.17994],[8.29358,47.17908],[8.29545,47.17536],[8.29608,47.17343],[8.29739,47.1729],[8.30268,47.17289],[8.30404,47.17198],[8.30437,47.17076],[8.30426,47.16977],[8.30708,47.16802],[8.30784,47.16533],[8.30777,47.16403],[8.30859,47.16324],[8.30894,47.16217],[8.30944,47.16155],[8.30983,47.15998],[8.30953,47.1598]]}},{"type":"Feature","properties":{"id":"suhre-bei-sursee-i-ts-lu","c":"LU","p":"pacht","q":"derived","k":"river"},"geometry":{"type":"LineString","coordinates":[[8.08916,47.19408],[8.09089,47.19303],[8.09167,47.19212],[8.09162,47.19008],[8.09117,47.18888],[8.0918,47.18756],[8.09264,47.18687],[8.09432,47.18465],[8.0959,47.18331],[8.09891,47.18173],[8.10233,47.18053],[8.10426,47.17919],[8.10462,47.17841],[8.10447,47.17746],[8.1047,47.17589],[8.10527,47.17513]]}},{"type":"Feature","properties":{"id":"suhre-bei-sursee-ii-ts-lu","c":"LU","p":"pacht","q":"derived","k":"river"},"geometry":{"type":"LineString","coordinates":[[8.10527,47.17513],[8.10727,47.17346],[8.10801,47.17242],[8.10887,47.17222],[8.10968,47.17171],[8.11048,47.1705],[8.11182,47.16971],[8.11331,47.16835],[8.11328,47.16744],[8.11298,47.16696],[8.11238,47.16657],[8.10912,47.16549],[8.10884,47.16519],[8.1078,47.16479],[8.10752,47.1644],[8.10827,47.16354],[8.11004,47.16266],[8.11058,47.16215],[8.11157,47.16085],[8.11145,47.16025],[8.11166,47.1596],[8.11301,47.15811],[8.11469,47.15736],[8.11625,47.15724],[8.11978,47.1608],[8.12038,47.1619],[8.12077,47.16219]]}},{"type":"Feature","properties":{"id":"tiefen-oder-aeschbach-lu","c":"LU","p":"pacht","q":"derived","k":"river"},"geometry":{"type":"LineString","coordinates":[[8.22852,47.27342],[8.22961,47.27348],[8.23109,47.27399],[8.23299,47.27393],[8.23331,47.27384],[8.23339,47.27346],[8.2347,47.27284],[8.24203,47.27227],[8.24245,47.2723],[8.2427,47.27263],[8.24407,47.27261],[8.24538,47.27202],[8.24663,47.27098],[8.24785,47.2691],[8.24841,47.26895],[8.2493,47.26906],[8.25182,47.26876],[8.25254,47.2683],[8.25451,47.26797],[8.2557,47.26754],[8.25722,47.26603],[8.25897,47.26471],[8.25974,47.26367]]}},{"type":"Feature","properties":{"id":"tobelbach-bei-gelfingen-lu","c":"LU","p":"pacht","q":"derived","k":"river"},"geometry":{"type":"LineString","coordinates":[[8.26272,47.2129],[8.26403,47.2133],[8.26532,47.21408],[8.26555,47.21477],[8.26733,47.21686],[8.26819,47.21702],[8.26954,47.21678],[8.2702,47.21742],[8.27126,47.2176],[8.27149,47.21788],[8.27335,47.21749],[8.27522,47.21654],[8.27557,47.21653],[8.27592,47.21609],[8.27674,47.21595],[8.27694,47.21613],[8.27737,47.2161],[8.27892,47.21656],[8.28025,47.21663],[8.2809,47.21714],[8.28291,47.21763],[8.28484,47.21739],[8.28626,47.2175],[8.2885,47.2186],[8.28948,47.21875],[8.29103,47.21945],[8.29175,47.22078],[8.29271,47.22136],[8.29416,47.22186],[8.29678,47.22156],[8.29821,47.22199],[8.30011,47.2211],[8.30146,47.2209],[8.30206,47.2206],[8.30305,47.22057],[8.30483,47.22097],[8.30572,47.22163],[8.3063,47.22176],[8.30721,47.2223],[8.30958,47.22216],[8.31099,47.22178],[8.3124,47.22172],[8.31439,47.2227],[8.31674,47.22289],[8.31829,47.22337]]}},{"type":"Feature","properties":{"id":"troeleten-und-hinterdorfbach-lu","c":"LU","p":"pacht","q":"derived","k":"river"},"geometry":{"type":"MultiLineString","coordinates":[[[8.2274,47.25163],[8.23011,47.25243],[8.2323,47.25369],[8.23363,47.25396],[8.23555,47.25478],[8.23821,47.25562],[8.23967,47.25553],[8.24078,47.25583],[8.24308,47.25571],[8.24441,47.25545],[8.24635,47.2554],[8.24689,47.25528],[8.24725,47.2549],[8.24774,47.25483],[8.2501,47.25519],[8.25207,47.25496],[8.25264,47.25455],[8.25496,47.254],[8.25542,47.25432],[8.25956,47.25415],[8.26131,47.25459],[8.26202,47.25447],[8.26253,47.25461],[8.26429,47.25363],[8.26474,47.25409],[8.26576,47.25379],[8.26712,47.25384],[8.26765,47.25369],[8.26805,47.25313],[8.26931,47.25264],[8.27021,47.25171],[8.27299,47.25191],[8.2739,47.25155],[8.27477,47.25144],[8.27576,47.25161],[8.27658,47.25139],[8.27851,47.2504],[8.27845,47.25018],[8.27885,47.24993],[8.27961,47.2499],[8.28105,47.24923],[8.28187,47.24952],[8.28357,47.24865],[8.28377,47.24828],[8.28507,47.24772],[8.28613,47.24781],[8.28722,47.2474],[8.28822,47.24761],[8.28886,47.24753],[8.29143,47.24802],[8.29231,47.24857],[8.29389,47.24896],[8.29525,47.24883],[8.29601,47.24843],[8.29663,47.24768]],[[8.23125,47.26068],[8.23469,47.26019],[8.23567,47.25986],[8.23789,47.25862],[8.24006,47.25812],[8.24115,47.25818],[8.24328,47.25788],[8.24601,47.25795],[8.24673,47.25839],[8.24725,47.25838],[8.24928,47.25894],[8.25008,47.25951],[8.25179,47.26018],[8.25277,47.26019],[8.25506,47.26084],[8.2566,47.26173],[8.25783,47.26203],[8.26191,47.26196],[8.26258,47.26177],[8.26334,47.26208],[8.26581,47.26175],[8.26714,47.26209],[8.26781,47.26198],[8.26944,47.26272]]]}},{"type":"Feature","properties":{"id":"uerkenbach-linkes-ufer-lu","c":"LU","p":"pacht","q":"derived","k":"river"},"geometry":{"type":"LineString","coordinates":[[8.00399,47.27502],[8.00407,47.2747],[8.00493,47.27413],[8.00491,47.2733],[8.00433,47.27258],[8.00524,47.27028],[8.00538,47.26915],[8.00766,47.26735],[8.00879,47.26616],[8.00945,47.26505],[8.01045,47.26412],[8.01154,47.2638],[8.01197,47.26326],[8.01298,47.26276],[8.01459,47.2613],[8.01519,47.26046],[8.01671,47.25944],[8.01693,47.2591],[8.01631,47.25828],[8.01639,47.25736],[8.01655,47.25705],[8.01714,47.257],[8.01752,47.25592],[8.01708,47.25508],[8.01658,47.25521],[8.01628,47.25463],[8.01652,47.25439],[8.01665,47.25337],[8.01662,47.25075],[8.01696,47.25003],[8.01575,47.24772],[8.01608,47.24648],[8.01574,47.24604],[8.01587,47.24411],[8.01436,47.24206],[8.01432,47.24074],[8.01485,47.23961],[8.01692,47.23714],[8.01786,47.23658],[8.01867,47.23656],[8.01995,47.23586],[8.02041,47.23396],[8.02069,47.23367],[8.02137,47.23336],[8.02331,47.23302],[8.02416,47.23255],[8.02594,47.23251]]}},{"type":"Feature","properties":{"id":"vorderer-dieselbach-bei-meggen-lu","c":"LU","p":"pacht","q":"derived","k":"river"},"geometry":{"type":"LineString","coordinates":[[8.37912,47.0448],[8.37654,47.04654]]}},{"type":"Feature","properties":{"id":"waldemme-i-ts-lu","c":"LU","p":"pacht","q":"derived","k":"river"},"geometry":{"type":"LineString","coordinates":[[8.01105,46.92775],[8.01231,46.92675],[8.01438,46.92566],[8.01534,46.92468],[8.01526,46.92377],[8.01566,46.92232],[8.015,46.92036],[8.01566,46.91907],[8.01462,46.91709],[8.01461,46.91654],[8.01406,46.9159],[8.01544,46.91457],[8.0146,46.91365],[8.01505,46.91294],[8.01452,46.91153],[8.01484,46.91128]]}},{"type":"Feature","properties":{"id":"waldemme-ii-ts-lu","c":"LU","p":"pacht","q":"derived","k":"river"},"geometry":{"type":"LineString","coordinates":[[8.01484,46.91128],[8.01515,46.91095],[8.01473,46.91005],[8.01251,46.90767],[8.01229,46.90658],[8.01238,46.90429],[8.01274,46.89939],[8.01415,46.89593],[8.01442,46.89396],[8.01501,46.88696],[8.01469,46.88301],[8.0163,46.87972],[8.01557,46.87616],[8.01427,46.87535],[8.014,46.87485],[8.01426,46.87426],[8.01501,46.87384],[8.01526,46.87341],[8.01463,46.87291],[8.01469,46.87226],[8.01512,46.8719],[8.01626,46.87147],[8.01645,46.87114],[8.0165,46.86936],[8.01698,46.86836],[8.01734,46.86552]]}},{"type":"Feature","properties":{"id":"waldemme-iii-ts-lu","c":"LU","p":"pacht","q":"derived","k":"river"},"geometry":{"type":"LineString","coordinates":[[8.01734,46.86552],[8.01722,46.86385],[8.01746,46.86289],[8.01701,46.86196],[8.017,46.86093],[8.01626,46.85962],[8.01544,46.85646],[8.01442,46.85589],[8.01455,46.85511],[8.01601,46.85243],[8.01563,46.85158],[8.01602,46.85023],[8.01557,46.84954],[8.01618,46.84897],[8.01574,46.84826],[8.01568,46.84634],[8.01469,46.84264],[8.01328,46.83967],[8.0135,46.83743],[8.014,46.83709],[8.01438,46.83575],[8.01516,46.83549],[8.01549,46.83433],[8.01593,46.83415],[8.01617,46.83378],[8.01618,46.83304],[8.01722,46.83248],[8.01714,46.832],[8.01756,46.83079],[8.01821,46.83031],[8.01856,46.82958],[8.01899,46.82936],[8.01886,46.82817],[8.01932,46.82786],[8.02251,46.8267],[8.02322,46.82581],[8.0254,46.82517],[8.02611,46.82511],[8.02695,46.82432],[8.02913,46.82358],[8.03008,46.82286],[8.03079,46.82276],[8.03195,46.82221],[8.03368,46.82188],[8.03569,46.81984],[8.03629,46.8197],[8.03725,46.81892],[8.03917,46.8186],[8.04124,46.81722],[8.04551,46.81648],[8.04708,46.81591],[8.04735,46.81558],[8.04832,46.81551],[8.04978,46.8142],[8.05189,46.81345],[8.05277,46.81352],[8.05309,46.81296],[8.05344,46.81279],[8.05576,46.81293],[8.05717,46.81239],[8.0579,46.81145],[8.05897,46.81122],[8.05919,46.81102],[8.05909,46.81041],[8.05962,46.80931],[8.06002,46.80919],[8.06081,46.80926],[8.06147,46.80966],[8.06206,46.80906],[8.06248,46.80889],[8.06297,46.80894],[8.06347,46.80837],[8.06429,46.80808]]}},{"type":"Feature","properties":{"id":"weiher-od-tobelbach-bei-schlierb-lu","c":"LU","p":"pacht","q":"derived","k":"river"},"geometry":{"type":"LineString","coordinates":[[8.08348,47.20632],[8.08597,47.20777],[8.08756,47.20771],[8.08941,47.2088],[8.09198,47.21068],[8.09256,47.21226],[8.09459,47.21386],[8.0957,47.21408],[8.0961,47.21476],[8.0978,47.2156],[8.09818,47.21613],[8.09885,47.21608],[8.10109,47.21668],[8.10196,47.21768],[8.10303,47.21808],[8.10325,47.21851],[8.10432,47.21892],[8.10434,47.21912],[8.105,47.21892],[8.1055,47.21924],[8.10622,47.21924],[8.10712,47.21952],[8.10875,47.21953],[8.10991,47.21907],[8.11043,47.2186],[8.11228,47.21836],[8.11494,47.21927],[8.11635,47.22016],[8.11708,47.221],[8.11695,47.22205],[8.11785,47.22302],[8.11741,47.22349],[8.11743,47.22419],[8.11828,47.22483],[8.1169,47.22628],[8.11675,47.22677],[8.11875,47.22827],[8.1193,47.22891],[8.11969,47.2308],[8.11938,47.23182],[8.11863,47.23236],[8.11739,47.23253],[8.11596,47.23248],[8.11359,47.23305],[8.11254,47.23449],[8.11246,47.23651],[8.11215,47.23775],[8.11185,47.23806],[8.11056,47.23794],[8.10927,47.23845],[8.10852,47.23912],[8.10776,47.23909],[8.10703,47.23963],[8.10622,47.23977],[8.10466,47.24102],[8.10468,47.24132],[8.10406,47.24182]]}},{"type":"Feature","properties":{"id":"widenbach-bei-ried-greppen-lu","c":"LU","p":"pacht","q":"derived","k":"river"},"geometry":{"type":"LineString","coordinates":[[8.42813,47.06093],[8.42972,47.06015],[8.43036,47.05935],[8.43206,47.05982],[8.43494,47.06247],[8.43551,47.06242],[8.43588,47.06217],[8.43754,47.06218],[8.4382,47.06157],[8.43818,47.06132],[8.43852,47.06125],[8.43961,47.06164],[8.43989,47.06152],[8.44037,47.06165],[8.44107,47.06204],[8.44153,47.06265],[8.44259,47.06243]]}},{"type":"Feature","properties":{"id":"wigger-i-ts-lu","c":"LU","p":"pacht","q":"derived","k":"river"},"geometry":{"type":"LineString","coordinates":[[7.9557,47.2506],[7.95587,47.24958],[7.95726,47.24598],[7.96032,47.24311],[7.9637,47.24068],[7.96592,47.23759],[7.96737,47.2348],[7.96924,47.23286]]}},{"type":"Feature","properties":{"id":"wigger-ii-ts-lu","c":"LU","p":"pacht","q":"derived","k":"river"},"geometry":{"type":"LineString","coordinates":[[7.96924,47.23286],[7.97254,47.23031],[7.97414,47.22947],[7.97608,47.22677],[7.97737,47.22224],[7.97743,47.2213],[7.9761,47.21894],[7.97571,47.21648],[7.97509,47.21571]]}},{"type":"Feature","properties":{"id":"wigger-iii-ts-lu","c":"LU","p":"pacht","q":"derived","k":"river"},"geometry":{"type":"LineString","coordinates":[[7.97509,47.21571],[7.97457,47.21498],[7.9747,47.21375],[7.97392,47.21036],[7.97387,47.20883],[7.97333,47.20728],[7.97192,47.20568],[7.97358,47.20114],[7.97383,47.19458],[7.97359,47.19343],[7.97416,47.19113],[7.97641,47.18985],[7.97704,47.18867],[7.97955,47.18618]]}},{"type":"Feature","properties":{"id":"wigger-iv-ts-lu","c":"LU","p":"pacht","q":"derived","k":"river"},"geometry":{"type":"LineString","coordinates":[[7.97955,47.18618],[7.98101,47.1843],[7.98277,47.18338],[7.98512,47.18326],[7.98704,47.18292],[7.98951,47.18286],[7.99306,47.18176],[7.99382,47.18113],[7.99414,47.17996],[7.99288,47.17826],[7.99271,47.17692],[7.99364,47.17498],[7.9934,47.17311],[7.99436,47.17035],[7.99464,47.16866],[7.99454,47.16727],[7.99694,47.16454],[8.00077,47.16218],[8.00117,47.16145],[8.00126,47.1602],[8.00186,47.15963]]}},{"type":"Feature","properties":{"id":"wigger-v-ts-lu","c":"LU","p":"pacht","q":"derived","k":"river"},"geometry":{"type":"LineString","coordinates":[[8.00186,47.15963],[8.00264,47.15879],[8.00296,47.15803],[8.00271,47.15665],[8.00187,47.1544],[8.00236,47.15194],[8.00215,47.15038],[8.00282,47.14963],[8.00294,47.14776],[8.00376,47.14611],[8.00366,47.14239],[8.00411,47.13997],[8.00333,47.13899],[8.00138,47.13759],[8.0012,47.13727]]}},{"type":"Feature","properties":{"id":"wigger-vi-ts-lu","c":"LU","p":"pacht","q":"derived","k":"river"},"geometry":{"type":"LineString","coordinates":[[8.0012,47.13727],[8.00263,47.13324],[8.0021,47.13077],[8.00331,47.12928],[8.00284,47.12705],[8.00186,47.12568],[7.99988,47.12503],[7.99895,47.12446],[7.9981,47.12433],[7.99606,47.12359],[7.99518,47.12277],[7.99274,47.12192]]}},{"type":"Feature","properties":{"id":"wiggernbach-bei-wolhusen-lu","c":"LU","p":"pacht","q":"derived","k":"river"},"geometry":{"type":"LineString","coordinates":[[8.07721,47.05472],[8.07646,47.05587],[8.07517,47.057],[8.07429,47.05723],[8.07174,47.0589],[8.07326,47.0614],[8.07285,47.06222],[8.07175,47.06303],[8.07065,47.06355],[8.06676,47.06399],[8.06544,47.06391],[8.06477,47.06357],[8.0631,47.06355],[8.06258,47.0626],[8.06187,47.06206],[8.06207,47.06142],[8.0612,47.06092],[8.05989,47.06061],[8.05944,47.06027],[8.05678,47.06015],[8.05557,47.06031],[8.05297,47.06015],[8.04827,47.05916],[8.0455,47.0581],[8.04427,47.05817],[8.04206,47.05765],[8.04083,47.057],[8.04027,47.05717],[8.03832,47.05684],[8.03642,47.05679],[8.03569,47.05708],[8.03447,47.05709],[8.033,47.05797],[8.03227,47.05805],[8.03169,47.0585],[8.03121,47.0584],[8.0307,47.05852],[8.02923,47.05926],[8.02697,47.05938],[8.02575,47.05988],[8.02172,47.06031],[8.01926,47.06136],[8.0183,47.06119],[8.01777,47.06158],[8.01732,47.06165],[8.01503,47.0619],[8.01387,47.06179],[8.00984,47.06077],[8.0067,47.05934],[8.00483,47.05764],[8.0037,47.05701],[8.00157,47.05534],[8.00025,47.05472]]}},{"type":"Feature","properties":{"id":"wissemme-i-ts-lu","c":"LU","p":"pacht","q":"derived","k":"river"},"geometry":{"type":"LineString","coordinates":[[8.00663,46.94052],[7.99987,46.93626],[7.99641,46.93536],[7.99086,46.93491],[7.98908,46.93422],[7.98621,46.9325],[7.98395,46.93223],[7.98223,46.93177]]}},{"type":"Feature","properties":{"id":"wissemme-ii-ts-lu","c":"LU","p":"pacht","q":"derived","k":"river"},"geometry":{"type":"LineString","coordinates":[[7.98223,46.93177],[7.97934,46.93138],[7.97542,46.93019],[7.97485,46.92996],[7.97437,46.92932],[7.97049,46.92936],[7.96959,46.92872],[7.96954,46.92797],[7.96913,46.92768],[7.96853,46.92775],[7.96796,46.92817],[7.96746,46.92828],[7.96691,46.92806],[7.96264,46.92809],[7.96108,46.92777],[7.95686,46.92631],[7.95205,46.9241],[7.9509,46.92378],[7.94753,46.9233],[7.94524,46.9223],[7.9432,46.92194],[7.94254,46.92204],[7.94186,46.92244],[7.94249,46.92309],[7.94131,46.92405],[7.93994,46.92447],[7.93956,46.92488],[7.93921,46.92595],[7.94018,46.92792],[7.93954,46.92919],[7.93789,46.93017],[7.93734,46.93026],[7.93609,46.93109],[7.93487,46.93151],[7.93264,46.93314],[7.93073,46.93373],[7.92861,46.93565],[7.92848,46.93777],[7.92868,46.93841],[7.92832,46.93867],[7.92663,46.94355],[7.92627,46.94394],[7.92417,46.94483],[7.92364,46.94562]]}},{"type":"Feature","properties":{"id":"wuerzenbach-bei-luzern-adligenswil-lu","c":"LU","p":"pacht","q":"derived","k":"river"},"geometry":{"type":"LineString","coordinates":[[8.33552,47.04967],[8.34057,47.05137],[8.34111,47.05199],[8.34417,47.05373],[8.34469,47.05387],[8.34502,47.0544],[8.34556,47.0546],[8.34643,47.05529],[8.34727,47.05539],[8.34819,47.05503],[8.34927,47.05522],[8.35048,47.05601],[8.35059,47.05667],[8.35116,47.05678],[8.35156,47.05731],[8.35221,47.05748],[8.35295,47.05743],[8.35654,47.05915],[8.35638,47.06012],[8.35703,47.06085],[8.35761,47.06085],[8.35804,47.06064],[8.3585,47.06071],[8.35951,47.06124],[8.35964,47.06158],[8.36021,47.06159],[8.36103,47.06206],[8.36155,47.06263],[8.36228,47.06251],[8.36284,47.06216],[8.36323,47.06223],[8.36308,47.06274],[8.36457,47.06313],[8.36498,47.06358],[8.36505,47.06411],[8.36536,47.06389],[8.36566,47.06392],[8.36562,47.06441],[8.36758,47.06548],[8.36792,47.06625],[8.36855,47.06673],[8.36906,47.06688],[8.36995,47.06675],[8.37125,47.06701],[8.37188,47.0675],[8.37293,47.06749],[8.37508,47.06827],[8.37631,47.06904],[8.3768,47.069],[8.37742,47.06928],[8.37755,47.06953],[8.37726,47.06988],[8.37783,47.07058],[8.37867,47.07068],[8.3787,47.07085],[8.37933,47.07074],[8.38215,47.07194],[8.38206,47.07363],[8.38244,47.07421],[8.38329,47.07437],[8.38365,47.07425],[8.38442,47.07483],[8.38509,47.07461],[8.38548,47.0747],[8.38643,47.0755],[8.38801,47.07633],[8.38931,47.07752],[8.39007,47.07858],[8.39159,47.07856],[8.39289,47.07894],[8.39356,47.07935],[8.39479,47.07915],[8.39563,47.0785],[8.39622,47.07862],[8.39777,47.07982],[8.39776,47.0803],[8.39918,47.0814],[8.39921,47.08176],[8.4004,47.08223],[8.40054,47.08295],[8.40314,47.08515],[8.40331,47.0855],[8.40335,47.08625],[8.40294,47.08658],[8.40224,47.08668],[8.40206,47.08694],[8.40209,47.08759],[8.4017,47.08859],[8.40095,47.08859],[8.40049,47.08883],[8.39965,47.08945],[8.39954,47.08989],[8.40027,47.09062],[8.40127,47.09116],[8.401,47.09247],[8.40269,47.094],[8.40424,47.09491],[8.40468,47.09584],[8.40447,47.0964],[8.40392,47.09671],[8.40321,47.09757],[8.40194,47.09812],[8.40154,47.09804],[8.40114,47.09832]]}},{"type":"Feature","properties":{"id":"revier-flaeche-109-lu","c":"LU","p":"pacht","q":"derived","k":"pond"},"geometry":{"type":"Polygon","coordinates":[[[8.02507,47.206],[8.0253,47.2061],[8.02521,47.20644],[8.02534,47.20675],[8.02487,47.20737],[8.02453,47.20732],[8.02429,47.20747],[8.02369,47.20715],[8.02346,47.20686],[8.02445,47.20651],[8.02463,47.20623],[8.02507,47.206]]]}},{"type":"Feature","properties":{"id":"revier-flaeche-109-lu-2","c":"LU","p":"pacht","q":"derived","k":"pond"},"geometry":{"type":"Polygon","coordinates":[[[8.02329,47.20508],[8.02411,47.20511],[8.02427,47.20549],[8.02448,47.20557],[8.02488,47.20543],[8.02491,47.20586],[8.02375,47.20632],[8.02337,47.20607],[8.02309,47.20545],[8.02309,47.20517],[8.02329,47.20508]]]}},{"type":"Feature","properties":{"id":"revier-flaeche-109-lu-3","c":"LU","p":"pacht","q":"derived","k":"pond"},"geometry":{"type":"Polygon","coordinates":[[[8.02022,47.20536],[8.02046,47.20547],[8.02054,47.20595],[8.02011,47.20581],[8.02004,47.20542],[8.02022,47.20536]]]}},{"type":"Feature","properties":{"id":"huernbach-flaeche-36-lu","c":"LU","p":"pacht","q":"derived","k":"pond"},"geometry":{"type":"Polygon","coordinates":[[[8.0248,47.20338],[8.02527,47.20366],[8.02552,47.20401],[8.02533,47.20425],[8.02478,47.20412],[8.0249,47.20438],[8.02474,47.20461],[8.02431,47.20468],[8.02361,47.20436],[8.02305,47.20457],[8.02245,47.20419],[8.02245,47.2041],[8.02275,47.20408],[8.02331,47.20432],[8.02331,47.20395],[8.0248,47.20338]]]}},{"type":"Feature","properties":{"id":"ostergauer-rotbach-flaeche-67-lu","c":"LU","p":"pacht","q":"derived","k":"pond"},"geometry":{"type":"Polygon","coordinates":[[[8.02913,47.11282],[8.02933,47.11399],[8.02954,47.11399],[8.02985,47.11314],[8.03003,47.11313],[8.03011,47.1134],[8.03024,47.11326],[8.03016,47.11306],[8.03054,47.11305],[8.03054,47.11359],[8.03031,47.11376],[8.03037,47.11414],[8.02999,47.1145],[8.0289,47.11443],[8.02895,47.11282],[8.02913,47.11282]]]}},{"type":"Feature","properties":{"id":"revier-flaeche-103-lu","c":"LU","p":"pacht","q":"derived","k":"pond"},"geometry":{"type":"Polygon","coordinates":[[[8.02806,47.11297],[8.02826,47.1132],[8.02819,47.11391],[8.0288,47.11397],[8.02868,47.11427],[8.02627,47.11407],[8.02653,47.11329],[8.02681,47.11339],[8.02767,47.11333],[8.02769,47.1131],[8.02806,47.11297]]]}},{"type":"Feature","properties":{"id":"revier-flaeche-104-lu","c":"LU","p":"pacht","q":"derived","k":"pond"},"geometry":{"type":"Polygon","coordinates":[[[8.02614,47.11346],[8.02626,47.11354],[8.026,47.11409],[8.02426,47.11394],[8.0243,47.11355],[8.02506,47.11365],[8.02513,47.11383],[8.02544,47.11384],[8.02542,47.11368],[8.02507,47.1135],[8.02606,47.11357],[8.02614,47.11346]]]}},{"type":"Feature","properties":{"id":"revier-flaeche-105-lu","c":"LU","p":"pacht","q":"derived","k":"pond"},"geometry":{"type":"Polygon","coordinates":[[[8.02574,47.11209],[8.02612,47.11222],[8.02624,47.11274],[8.02562,47.11292],[8.02562,47.11305],[8.02536,47.11312],[8.02443,47.11307],[8.02431,47.11241],[8.02473,47.11233],[8.02505,47.11243],[8.02535,47.11218],[8.02574,47.11209]]]}},{"type":"Feature","properties":{"id":"revier-flaeche-102-lu","c":"LU","p":"pacht","q":"derived","k":"pond"},"geometry":{"type":"Polygon","coordinates":[[[8.03246,47.1126],[8.03331,47.11266],[8.03338,47.11292],[8.0329,47.11279],[8.03273,47.11307],[8.03206,47.11304],[8.03215,47.1127],[8.03246,47.1126]]]}},{"type":"Feature","properties":{"id":"revier-flaeche-107-lu","c":"LU","p":"pacht","q":"derived","k":"pond"},"geometry":{"type":"Polygon","coordinates":[[[8.05949,47.07112],[8.06024,47.07128],[8.06051,47.07168],[8.05944,47.07215],[8.05964,47.07214],[8.0598,47.07249],[8.05963,47.07288],[8.05915,47.07302],[8.05785,47.07284],[8.05764,47.07266],[8.05797,47.07207],[8.0588,47.07206],[8.05879,47.07189],[8.05908,47.07164],[8.05906,47.07136],[8.05927,47.07137],[8.05949,47.07112]]]}},{"type":"Feature","properties":{"id":"sempachersee-lu","c":"LU","p":"patent","q":"derived","k":"lake","fr":1,"ns":1},"geometry":{"type":"Polygon","coordinates":[[[8.12339,47.17331],[8.12454,47.17387],[8.12596,47.1737],[8.12744,47.17285],[8.12752,47.17249],[8.12667,47.17214],[8.1264,47.17189],[8.1269,47.1713],[8.12739,47.17098],[8.12869,47.17143],[8.12905,47.17169],[8.12886,47.17215],[8.12916,47.17226],[8.12972,47.17206],[8.12982,47.17257],[8.13018,47.17264],[8.1306,47.1724],[8.13091,47.17179],[8.13163,47.17205],[8.13199,47.17182],[8.13263,47.17167],[8.13296,47.17136],[8.13366,47.1712],[8.13422,47.16977],[8.13554,47.16941],[8.13573,47.16921],[8.1355,47.16878],[8.13564,47.16871],[8.13663,47.16895],[8.13746,47.16841],[8.138,47.16876],[8.13959,47.16847],[8.14022,47.16797],[8.14041,47.1674],[8.14092,47.16708],[8.14106,47.16669],[8.14168,47.16662],[8.14257,47.16621],[8.14322,47.16551],[8.14362,47.16534],[8.14361,47.16519],[8.14427,47.16456],[8.14523,47.16394],[8.14574,47.1633],[8.1478,47.16164],[8.1482,47.16147],[8.14937,47.16052],[8.15089,47.15984],[8.15382,47.15769],[8.15403,47.15735],[8.1543,47.15732],[8.15488,47.15673],[8.15455,47.15637],[8.15507,47.15612],[8.15529,47.15581],[8.15723,47.155],[8.15778,47.15461],[8.15899,47.15407],[8.15961,47.15355],[8.16308,47.15221],[8.16503,47.15109],[8.1652,47.15112],[8.16546,47.15033],[8.16678,47.14893],[8.16808,47.1484],[8.1691,47.14887],[8.16947,47.14879],[8.17155,47.14773],[8.17296,47.14661],[8.17374,47.14629],[8.17437,47.14619],[8.17879,47.14401],[8.17913,47.1435],[8.17978,47.14324],[8.18052,47.14269],[8.18093,47.14254],[8.18181,47.14179],[8.18193,47.14185],[8.18221,47.1416],[8.18221,47.14141],[8.18292,47.1411],[8.185,47.13939],[8.18507,47.1391],[8.18578,47.1384],[8.18604,47.1379],[8.18773,47.13665],[8.18802,47.13616],[8.18868,47.13567],[8.18913,47.13438],[8.18937,47.13443],[8.18969,47.13425],[8.18991,47.13354],[8.1904,47.13294],[8.19128,47.13109],[8.1915,47.13022],[8.19197,47.12982],[8.19199,47.12879],[8.1916,47.12789],[8.19066,47.12658],[8.18891,47.1256],[8.18786,47.12557],[8.18744,47.12537],[8.18723,47.12546],[8.18679,47.1243],[8.18643,47.12402],[8.18579,47.12388],[8.18566,47.1237],[8.18592,47.12332],[8.18635,47.12316],[8.18667,47.12265],[8.18669,47.12228],[8.1864,47.12152],[8.1859,47.12093],[8.18505,47.1203],[8.18415,47.11928],[8.18305,47.11867],[8.1821,47.11838],[8.1819,47.118],[8.18133,47.11787],[8.1813,47.11821],[8.18103,47.11836],[8.18038,47.1181],[8.17979,47.1181],[8.1792,47.1179],[8.17872,47.11792],[8.1783,47.1182],[8.17738,47.11821],[8.17655,47.11912],[8.17576,47.11952],[8.17458,47.11963],[8.17354,47.11952],[8.17327,47.11962],[8.17189,47.1204],[8.1716,47.12038],[8.16999,47.12147],[8.16888,47.12255],[8.16777,47.12308],[8.16693,47.12426],[8.16637,47.12434],[8.16594,47.12457],[8.16464,47.12492],[8.16332,47.12554],[8.16135,47.1261],[8.1599,47.12721],[8.15985,47.12776],[8.15921,47.12763],[8.15753,47.12785],[8.1564,47.12813],[8.15577,47.12841],[8.15396,47.12979],[8.15304,47.1303],[8.15221,47.13144],[8.15116,47.13216],[8.14902,47.13286],[8.14772,47.13348],[8.14339,47.13629],[8.14272,47.13644],[8.14236,47.13702],[8.1416,47.13709],[8.14076,47.13755],[8.13935,47.13862],[8.13901,47.13914],[8.13755,47.13991],[8.13681,47.14101],[8.13546,47.14197],[8.13433,47.14318],[8.13099,47.14525],[8.13017,47.14624],[8.1295,47.14678],[8.12924,47.14729],[8.12812,47.14819],[8.1275,47.14891],[8.12701,47.14908],[8.12661,47.14951],[8.12558,47.15005],[8.12409,47.15159],[8.12371,47.15287],[8.12263,47.15481],[8.12284,47.15533],[8.12361,47.15607],[8.12373,47.1565],[8.12377,47.15695],[8.12316,47.15834],[8.12325,47.15891],[8.12362,47.15941],[8.12353,47.15997],[8.12282,47.16074],[8.12219,47.16198],[8.12194,47.16215],[8.12137,47.16224],[8.12135,47.16234],[8.122,47.16252],[8.12225,47.16284],[8.12277,47.16403],[8.12241,47.16502],[8.1225,47.16556],[8.12272,47.16581],[8.12267,47.16618],[8.12324,47.16704],[8.12391,47.1676],[8.12397,47.16816],[8.1243,47.16857],[8.12412,47.16889],[8.12318,47.16965],[8.12311,47.17],[8.12408,47.17023],[8.12567,47.16938],[8.12627,47.16996],[8.1251,47.17086],[8.123,47.17162],[8.12211,47.17234],[8.12212,47.17271],[8.12235,47.173],[8.12285,47.17328],[8.12339,47.17331]],[[8.12658,47.16775],[8.12656,47.16788],[8.12637,47.16793],[8.12637,47.16775],[8.12658,47.16775]]]}},{"type":"Feature","properties":{"id":"mauensee-lu","c":"LU","p":"patent","q":"derived","k":"lake","ns":1},"geometry":{"type":"Polygon","coordinates":[[[8.07405,47.17472],[8.07399,47.17498],[8.07417,47.17536],[8.07476,47.17567],[8.07518,47.17607],[8.07598,47.17627],[8.07626,47.17619],[8.07725,47.17578],[8.07794,47.17523],[8.07948,47.17516],[8.08011,47.17454],[8.08039,47.17353],[8.08157,47.17283],[8.08196,47.17244],[8.08191,47.17145],[8.08118,47.17079],[8.08088,47.17084],[8.08072,47.17074],[8.08035,47.17093],[8.07961,47.17171],[8.07855,47.17166],[8.07842,47.17157],[8.07875,47.17125],[8.07864,47.17117],[8.07907,47.17098],[8.0792,47.17076],[8.07914,47.17026],[8.0789,47.17013],[8.07971,47.16918],[8.07967,47.16846],[8.07937,47.16828],[8.07971,47.16819],[8.0796,47.16789],[8.07906,47.16771],[8.0787,47.16744],[8.07791,47.16725],[8.07735,47.16688],[8.07595,47.16701],[8.07469,47.16783],[8.07376,47.16811],[8.07322,47.16804],[8.07279,47.16783],[8.07189,47.16789],[8.07143,47.16806],[8.07098,47.16844],[8.07074,47.16893],[8.07031,47.16918],[8.07012,47.16946],[8.07019,47.16978],[8.07076,47.17011],[8.0709,47.17057],[8.07143,47.17082],[8.07144,47.17099],[8.07211,47.17148],[8.07164,47.17177],[8.07173,47.17221],[8.07196,47.17236],[8.07242,47.17235],[8.07271,47.17258],[8.07282,47.17294],[8.07257,47.17335],[8.07286,47.17393],[8.07364,47.17438],[8.07404,47.17429],[8.07423,47.17399],[8.07453,47.17405],[8.0745,47.17437],[8.07405,47.17472]],[[8.07396,47.16866],[8.07496,47.16891],[8.07519,47.16927],[8.07489,47.16956],[8.07358,47.16977],[8.07315,47.16939],[8.07318,47.16905],[8.07352,47.16868],[8.07396,47.16866]],[[8.07712,47.17229],[8.07723,47.17258],[8.07707,47.17271],[8.07693,47.17232],[8.07712,47.17229]],[[8.07767,47.1677],[8.07766,47.16794],[8.07758,47.16798],[8.07746,47.16779],[8.07767,47.1677]],[[8.0769,47.16883],[8.07688,47.16901],[8.0768,47.16904],[8.07664,47.16887],[8.0769,47.16883]]]}},{"type":"Feature","properties":{"id":"soppensee-lu","c":"LU","p":"patent","q":"derived","k":"lake","ns":1},"geometry":{"type":"Polygon","coordinates":[[[8.08221,47.09201],[8.08274,47.09171],[8.08279,47.09051],[8.08389,47.08919],[8.084,47.0885],[8.08357,47.08786],[8.08347,47.08683],[8.08288,47.08666],[8.0825,47.08636],[8.08205,47.08656],[8.07962,47.0884],[8.07788,47.09022],[8.07616,47.09137],[8.07579,47.0918],[8.07601,47.09209],[8.07689,47.09252],[8.07844,47.09265],[8.07921,47.09262],[8.08088,47.09213],[8.08221,47.09201]]]}},{"type":"Feature","properties":{"id":"hallwilersee-lu","c":"LU","p":"patent","q":"derived","k":"lake","ns":1},"geometry":{"type":"Polygon","coordinates":[[[8.2284,47.27281],[8.22923,47.27115],[8.23093,47.26938],[8.23184,47.26701],[8.23276,47.26564],[8.23316,47.26433],[8.23296,47.26339],[8.2332,47.26173],[8.23276,47.26124],[8.2312,47.26064],[8.23149,47.25996],[8.23143,47.25973],[8.22969,47.25824],[8.22961,47.25637],[8.22875,47.25542],[8.22869,47.25491],[8.22833,47.25451],[8.22815,47.2535],[8.22852,47.25327],[8.22808,47.25289],[8.22792,47.2525],[8.22734,47.25219],[8.22781,47.25192],[8.22728,47.25151],[8.22731,47.25138],[8.22803,47.25141],[8.22858,47.2511],[8.22942,47.251],[8.22973,47.25069],[8.22984,47.24982],[8.22964,47.24935],[8.2295,47.24793],[8.22908,47.2476],[8.22849,47.24747],[8.22816,47.247],[8.22829,47.24667],[8.22788,47.24649],[8.22779,47.24601],[8.22692,47.24576],[8.22467,47.24554],[8.22439,47.24562],[8.22421,47.246],[8.22358,47.24653],[8.22288,47.24806],[8.22227,47.24878],[8.22154,47.24912],[8.22096,47.25014],[8.22102,47.25051],[8.22063,47.25086],[8.22058,47.25125],[8.21983,47.25234],[8.2284,47.27281]]]}},{"type":"Feature","properties":{"id":"baldeggersee-lu","c":"LU","p":"patent","q":"derived","k":"lake","ns":1},"geometry":{"type":"Polygon","coordinates":[[[8.25063,47.21685],[8.25154,47.21657],[8.25213,47.21684],[8.25342,47.2168],[8.25377,47.2166],[8.25372,47.21621],[8.25399,47.21593],[8.25442,47.21594],[8.25492,47.21578],[8.25585,47.21598],[8.2562,47.21628],[8.25647,47.2163],[8.25688,47.21611],[8.25799,47.21649],[8.2589,47.21644],[8.25933,47.21608],[8.25973,47.21622],[8.26012,47.21613],[8.26053,47.21589],[8.26106,47.2152],[8.26171,47.21492],[8.26301,47.21395],[8.26307,47.2135],[8.26245,47.21332],[8.26272,47.2129],[8.26332,47.21295],[8.26366,47.2127],[8.26447,47.21245],[8.2656,47.21138],[8.26555,47.21115],[8.26599,47.21085],[8.26636,47.21029],[8.26652,47.20956],[8.26694,47.20876],[8.26678,47.20804],[8.26706,47.20619],[8.26669,47.20438],[8.26726,47.20303],[8.26768,47.20245],[8.26783,47.20119],[8.26896,47.19952],[8.26928,47.19784],[8.26902,47.19723],[8.26916,47.19699],[8.26909,47.19667],[8.26967,47.19665],[8.2712,47.19518],[8.27124,47.19458],[8.27184,47.19424],[8.27198,47.1936],[8.27287,47.19311],[8.27374,47.19108],[8.27462,47.19044],[8.27501,47.19001],[8.27505,47.18969],[8.27544,47.18938],[8.27547,47.18913],[8.2751,47.18854],[8.27574,47.18845],[8.27608,47.18791],[8.27617,47.18701],[8.27604,47.1868],[8.27686,47.18518],[8.27681,47.18451],[8.27652,47.18403],[8.27576,47.18349],[8.27565,47.18318],[8.27538,47.18298],[8.2759,47.18256],[8.27601,47.18118],[8.2753,47.18082],[8.27442,47.18081],[8.27432,47.18148],[8.27408,47.18163],[8.27387,47.18116],[8.27377,47.18132],[8.27326,47.18119],[8.27264,47.18066],[8.27214,47.18073],[8.27239,47.17947],[8.27286,47.17907],[8.2727,47.17825],[8.27121,47.17751],[8.27023,47.17829],[8.27021,47.17938],[8.2698,47.17937],[8.26947,47.17956],[8.2692,47.17933],[8.26855,47.17937],[8.26849,47.17986],[8.26792,47.18015],[8.2674,47.18084],[8.26732,47.18129],[8.26766,47.18164],[8.26733,47.18202],[8.26655,47.18195],[8.26626,47.18221],[8.26599,47.1828],[8.26355,47.18323],[8.26272,47.18352],[8.26253,47.18388],[8.26287,47.18458],[8.26204,47.18565],[8.26102,47.18616],[8.26092,47.18665],[8.26042,47.18679],[8.25958,47.18752],[8.25965,47.18829],[8.25932,47.18929],[8.25804,47.19026],[8.25774,47.19068],[8.25714,47.19086],[8.25664,47.19159],[8.25652,47.19261],[8.25666,47.19334],[8.25601,47.19447],[8.2561,47.19479],[8.2554,47.1948],[8.25465,47.19506],[8.25391,47.19602],[8.25377,47.19673],[8.25205,47.19844],[8.2522,47.19885],[8.25204,47.19988],[8.2519,47.2],[8.25146,47.20003],[8.25112,47.20082],[8.24962,47.20199],[8.24898,47.20218],[8.24889,47.2025],[8.24775,47.20324],[8.2475,47.20368],[8.24753,47.20403],[8.24696,47.20415],[8.24654,47.20445],[8.24589,47.20556],[8.24539,47.20598],[8.24562,47.20668],[8.245,47.20705],[8.24511,47.20745],[8.24419,47.20735],[8.24317,47.20815],[8.24312,47.20846],[8.24354,47.20904],[8.24364,47.2097],[8.24406,47.20987],[8.2438,47.20996],[8.24378,47.21021],[8.24404,47.21046],[8.24388,47.2107],[8.24408,47.21119],[8.24457,47.21148],[8.24544,47.21136],[8.24611,47.21105],[8.24632,47.21104],[8.24641,47.21115],[8.24616,47.21189],[8.24567,47.21236],[8.24583,47.21289],[8.24532,47.21339],[8.24521,47.21399],[8.24546,47.21476],[8.24534,47.21551],[8.24575,47.21576],[8.24549,47.2161],[8.24567,47.21672],[8.24601,47.21706],[8.24671,47.21742],[8.2479,47.21711],[8.24792,47.21677],[8.24842,47.21613],[8.24941,47.21638],[8.24992,47.21638],[8.25064,47.21668],[8.25063,47.21685]]]}},{"type":"Feature","properties":{"id":"zugersee-lu","c":"LU","p":"patent","q":"derived","k":"lake","ns":1},"geometry":{"type":"Polygon","coordinates":[[[8.47636,47.10611],[8.47738,47.10635],[8.47786,47.10636],[8.48018,47.10721],[8.48103,47.10733],[8.48228,47.10789],[8.48324,47.10851],[8.48588,47.10913],[8.48603,47.10934],[8.48657,47.10962],[8.4873,47.11054],[8.48711,47.11094],[8.48718,47.11128],[8.48746,47.11153],[8.48735,47.11225],[8.48797,47.1126],[8.48753,47.11345],[8.48765,47.11356],[8.48703,47.11432],[8.48724,47.11446],[8.48718,47.11466],[8.48687,47.11479],[8.48633,47.11473],[8.485,47.11511],[8.48476,47.11503],[8.48424,47.11529],[8.48315,47.1155],[8.4825,47.11526],[8.48131,47.11453],[8.4806,47.11469],[8.47892,47.11438],[8.47689,47.11446],[8.47645,47.11476],[8.47673,47.11503],[8.47537,47.11467],[8.47498,47.11437],[8.47455,47.11438],[8.47403,47.11467],[8.47343,47.11457],[8.4724,47.11489],[8.47209,47.11519],[8.4721,47.11564],[8.47172,47.11565],[8.47139,47.11589],[8.471,47.11587],[8.46903,47.11659],[8.46907,47.11673],[8.46816,47.1174],[8.46769,47.1186],[8.46711,47.11882],[8.48038,47.12633],[8.49374,47.11373],[8.49305,47.10018],[8.47636,47.10611]]]}},{"type":"Feature","properties":{"id":"vierwaldstaettersee-lu","c":"LU","p":"patent","q":"derived","k":"lake","fr":1,"ns":1},"geometry":{"type":"Polygon","coordinates":[[[8.43044,47.06514],[8.4303,47.06445],[8.43016,47.06446],[8.43006,47.06363],[8.43047,47.06296],[8.43038,47.06219],[8.42833,47.06135],[8.42752,47.05966],[8.42677,47.05918],[8.42677,47.05903],[8.42692,47.05902],[8.42704,47.05802],[8.42681,47.05699],[8.42718,47.05445],[8.42698,47.05431],[8.42735,47.05413],[8.42748,47.05344],[8.42764,47.0534],[8.42705,47.05239],[8.42519,47.05119],[8.4246,47.051],[8.42355,47.04996],[8.42293,47.04955],[8.42273,47.04955],[8.4228,47.04932],[8.41981,47.04631],[8.4184,47.04423],[8.41746,47.0439],[8.41698,47.0442],[8.41565,47.04342],[8.41477,47.04254],[8.41438,47.04233],[8.41348,47.04206],[8.41246,47.04203],[8.41164,47.04184],[8.40899,47.04015],[8.40673,47.03949],[8.40369,47.03739],[8.40114,47.03541],[8.40085,47.03495],[8.40068,47.03419],[8.40082,47.03331],[8.39968,47.03265],[8.39869,47.03273],[8.39818,47.03182],[8.3975,47.03162],[8.39711,47.0313],[8.39717,47.03051],[8.39678,47.03004],[8.39682,47.02986],[8.3964,47.02958],[8.3962,47.0298],[8.39616,47.02946],[8.39557,47.02908],[8.39595,47.02825],[8.39624,47.02781],[8.39646,47.0278],[8.39656,47.02761],[8.39634,47.0275],[8.39642,47.02733],[8.3966,47.02729],[8.39663,47.02711],[8.39709,47.02702],[8.39696,47.02691],[8.39705,47.02683],[8.39741,47.02682],[8.39767,47.02704],[8.39895,47.02758],[8.39903,47.02751],[8.39917,47.02767],[8.40074,47.02834],[8.40141,47.02792],[8.40125,47.02733],[8.40067,47.02673],[8.40063,47.02652],[8.40082,47.02623],[8.4014,47.02615],[8.40274,47.02672],[8.40327,47.02669],[8.40329,47.02682],[8.40363,47.02694],[8.40373,47.0268],[8.40422,47.02697],[8.40584,47.0279],[8.40736,47.02828],[8.4079,47.02853],[8.40832,47.02942],[8.40932,47.03007],[8.40947,47.02997],[8.4105,47.0301],[8.41117,47.0298],[8.41111,47.02958],[8.41287,47.02901],[8.41325,47.02901],[8.41355,47.02921],[8.41466,47.02919],[8.41732,47.02896],[8.41823,47.02877],[8.42054,47.02878],[8.42067,47.02866],[8.42139,47.02874],[8.42134,47.0289],[8.42441,47.03085],[8.42478,47.03085],[8.42509,47.03102],[8.42518,47.03093],[8.42587,47.03136],[8.42695,47.0311],[8.42769,47.03156],[8.42813,47.03163],[8.42801,47.0317],[8.42871,47.03174],[8.42874,47.03183],[8.42967,47.03156],[8.42943,47.03133],[8.42958,47.03116],[8.43017,47.03115],[8.4317,47.0317],[8.433,47.03162],[8.43304,47.03139],[8.43342,47.03142],[8.43342,47.03151],[8.43463,47.03192],[8.43526,47.03199],[8.43528,47.03208],[8.43573,47.03195],[8.4358,47.03213],[8.43612,47.032],[8.43598,47.03189],[8.43643,47.03162],[8.43672,47.03175],[8.43721,47.03133],[8.43792,47.03106],[8.43804,47.0312],[8.43818,47.03115],[8.43898,47.03059],[8.43957,47.0304],[8.44032,47.03067],[8.44021,47.03076],[8.44039,47.03085],[8.44049,47.03076],[8.44143,47.0311],[8.44211,47.03111],[8.44295,47.03082],[8.44283,47.03065],[8.44314,47.0305],[8.44322,47.0306],[8.44336,47.03053],[8.44374,47.03015],[8.44543,47.02974],[8.446,47.0295],[8.44797,47.02798],[8.44812,47.02765],[8.44867,47.02757],[8.44979,47.02669],[8.44989,47.02676],[8.45004,47.02666],[8.44994,47.02658],[8.45047,47.02632],[8.45053,47.02639],[8.45153,47.02614],[8.45249,47.02555],[8.45365,47.02466],[8.45403,47.02398],[8.45438,47.0237],[8.45527,47.02358],[8.45576,47.02365],[8.45589,47.02352],[8.45668,47.02336],[8.45789,47.02336],[8.45938,47.02413],[8.46002,47.02429],[8.4601,47.02415],[8.46029,47.02426],[8.46115,47.02427],[8.46114,47.02441],[8.46133,47.02449],[8.46274,47.02442],[8.46428,47.0234],[8.4648,47.0233],[8.46576,47.02327],[8.46713,47.02362],[8.46788,47.02356],[8.46827,47.02328],[8.46823,47.02234],[8.46845,47.02148],[8.47046,47.01989],[8.47061,47.01955],[8.47208,47.01905],[8.47224,47.01802],[8.47296,47.0175],[8.47333,47.01686],[8.47536,47.01652],[8.47548,47.0166],[8.47633,47.0163],[8.47624,47.01616],[8.4773,47.01478],[8.47762,47.01459],[8.48117,47.01421],[8.48168,47.01403],[8.48199,47.01373],[8.48185,47.01371],[8.4822,47.01312],[8.48236,47.01308],[8.48221,47.01306],[8.48223,47.01285],[8.48247,47.01279],[8.48235,47.01277],[8.48241,47.01229],[8.48203,47.01082],[8.48246,47.0104],[8.48246,47.01059],[8.48263,47.01057],[8.4827,47.01024],[8.48274,47.00998],[8.48253,47.00998],[8.48239,47.00929],[8.4827,47.00718],[8.4835,47.00646],[8.48357,47.00615],[8.48375,47.0061],[8.48387,47.00518],[8.48401,47.00511],[8.48446,47.00384],[8.48528,47.00274],[8.48528,47.00234],[8.48493,47.00195],[8.48432,47.00188],[8.48415,47.00146],[8.48315,47.00106],[8.4827,47.00106],[8.4823,47.00067],[8.48065,47.00026],[8.48005,47.00027],[8.4798,46.99997],[8.47899,46.99968],[8.47851,46.99924],[8.47782,46.99925],[8.47766,46.99903],[8.47722,46.99909],[8.47668,46.99894],[8.47679,46.99864],[8.47722,46.99834],[8.47722,46.99803],[8.47635,46.99736],[8.47603,46.99665],[8.47555,46.99635],[8.47414,46.99596],[8.4736,46.99555],[8.46817,46.99652],[8.46907,47.00929],[8.42799,47.01721],[8.42678,47.00223],[8.42617,47.00247],[8.42472,47.00247],[8.42248,47.00208],[8.42138,47.00217],[8.4207,47.00194],[8.42051,47.00198],[8.42021,47.00177],[8.41946,47.00175],[8.41818,47.00215],[8.41353,47.00248],[8.41136,47.0029],[8.40945,47.00342],[8.4078,47.00369],[8.40502,47.00369],[8.40238,47.00339],[8.40142,47.0037],[8.39872,47.00375],[8.39828,47.00392],[8.39697,47.00403],[8.39114,47.00402],[8.38957,47.00363],[8.38894,47.00369],[8.38694,47.00357],[8.38463,47.00281],[8.3838,47.01772],[8.36851,47.01995],[8.33446,46.98901],[8.31885,46.99957],[8.31252,46.99839],[8.31214,46.99861],[8.31202,46.99878],[8.31214,46.99889],[8.312,47.00046],[8.3114,47.00159],[8.30959,47.00309],[8.30945,47.00354],[8.30883,47.00402],[8.30815,47.00448],[8.30712,47.00465],[8.30659,47.00487],[8.30567,47.00577],[8.30555,47.0063],[8.30571,47.00701],[8.30595,47.00748],[8.30614,47.0075],[8.30643,47.00777],[8.30616,47.00829],[8.30644,47.00853],[8.30643,47.00874],[8.30869,47.00953],[8.30899,47.00956],[8.30924,47.0094],[8.30954,47.00948],[8.31049,47.01009],[8.31212,47.00996],[8.31287,47.01076],[8.31308,47.01071],[8.31316,47.01054],[8.3136,47.01104],[8.31385,47.01101],[8.31401,47.01075],[8.31439,47.01093],[8.31489,47.01072],[8.31558,47.01175],[8.31581,47.01177],[8.31583,47.0116],[8.3165,47.01158],[8.31655,47.01178],[8.31672,47.01178],[8.31678,47.01162],[8.3175,47.01125],[8.31868,47.00978],[8.31856,47.00958],[8.31914,47.00929],[8.31923,47.00873],[8.31987,47.00817],[8.31975,47.00799],[8.32004,47.00676],[8.3206,47.00584],[8.32065,47.00516],[8.32089,47.00494],[8.32086,47.00463],[8.321,47.00433],[8.32118,47.00432],[8.32111,47.00416],[8.32131,47.00393],[8.32213,47.0034],[8.32252,47.00349],[8.32295,47.00323],[8.32317,47.00324],[8.32318,47.003],[8.32476,47.00287],[8.32541,47.00264],[8.32636,47.00162],[8.32719,47.00112],[8.32808,47.00075],[8.3281,47.00064],[8.3294,47.00033],[8.32993,47.00043],[8.33049,47.0006],[8.3312,47.001],[8.33112,47.00112],[8.33136,47.00112],[8.33212,47.00162],[8.33338,47.00187],[8.33372,47.00221],[8.33383,47.0026],[8.33412,47.00246],[8.33485,47.00295],[8.33503,47.00359],[8.33567,47.00365],[8.33592,47.00381],[8.33727,47.00417],[8.33752,47.00409],[8.33788,47.0042],[8.33783,47.00433],[8.33858,47.00475],[8.33871,47.00469],[8.33903,47.00478],[8.3398,47.00524],[8.34013,47.00532],[8.34138,47.00521],[8.34155,47.0053],[8.34165,47.00577],[8.34106,47.00685],[8.34107,47.00825],[8.34062,47.00991],[8.34055,47.01117],[8.34103,47.01267],[8.34095,47.01298],[8.34214,47.01401],[8.3417,47.01416],[8.34141,47.01454],[8.34107,47.01465],[8.3408,47.01546],[8.34054,47.01543],[8.33931,47.01581],[8.33902,47.0164],[8.33929,47.01695],[8.34057,47.01739],[8.34113,47.01771],[8.34259,47.01807],[8.34207,47.01875],[8.34137,47.01894],[8.34073,47.02005],[8.34055,47.02005],[8.33998,47.02066],[8.34004,47.0208],[8.33944,47.0208],[8.33871,47.02099],[8.33828,47.0214],[8.33738,47.02183],[8.33682,47.02263],[8.33645,47.02423],[8.33668,47.02476],[8.33618,47.02535],[8.33651,47.02712],[8.33725,47.02852],[8.33917,47.03007],[8.33969,47.03081],[8.33902,47.03089],[8.33879,47.03104],[8.33885,47.03132],[8.33851,47.0316],[8.33857,47.03177],[8.33831,47.03188],[8.33839,47.03285],[8.33737,47.03272],[8.33714,47.03281],[8.3367,47.03368],[8.33619,47.03381],[8.33613,47.03408],[8.33631,47.03437],[8.33546,47.03464],[8.33502,47.03455],[8.33369,47.03549],[8.3333,47.03634],[8.33189,47.03686],[8.33168,47.03708],[8.33136,47.03699],[8.33149,47.03722],[8.33091,47.03765],[8.33075,47.0383],[8.33085,47.039],[8.33,47.03996],[8.33024,47.04014],[8.32998,47.04026],[8.33004,47.04069],[8.33026,47.04094],[8.33057,47.04096],[8.33033,47.04124],[8.33078,47.04189],[8.33049,47.04277],[8.33031,47.04292],[8.32949,47.04294],[8.32826,47.04263],[8.32696,47.04258],[8.32577,47.0423],[8.32541,47.04228],[8.32489,47.04246],[8.32453,47.04286],[8.32457,47.04327],[8.3239,47.04369],[8.32319,47.04367],[8.32105,47.04516],[8.32133,47.04526],[8.32087,47.04526],[8.32069,47.04544],[8.32072,47.04552],[8.32207,47.04546],[8.32314,47.04554],[8.32336,47.0457],[8.32215,47.04601],[8.3211,47.04706],[8.32077,47.04714],[8.32041,47.04744],[8.31902,47.04658],[8.31791,47.04735],[8.31871,47.0479],[8.3184,47.04831],[8.31805,47.04811],[8.31813,47.04794],[8.31622,47.04742],[8.31576,47.04803],[8.31547,47.04809],[8.31443,47.04878],[8.31446,47.04894],[8.3149,47.04922],[8.314,47.05031],[8.31335,47.05006],[8.31298,47.05032],[8.31275,47.05069],[8.31343,47.0509],[8.31338,47.05101],[8.3127,47.05079],[8.31255,47.05098],[8.31316,47.05118],[8.31308,47.05128],[8.31251,47.05109],[8.31229,47.05145],[8.312,47.05146],[8.31209,47.05127],[8.31162,47.05122],[8.31158,47.05141],[8.31128,47.0513],[8.30932,47.05118],[8.30903,47.05272],[8.30927,47.05341],[8.30972,47.0536],[8.30992,47.05356],[8.31011,47.05378],[8.31181,47.05442],[8.31313,47.05413],[8.31328,47.05427],[8.31838,47.05485],[8.31861,47.05474],[8.31864,47.05486],[8.31909,47.05489],[8.32243,47.05496],[8.32247,47.05484],[8.32435,47.05484],[8.32531,47.0542],[8.32657,47.05408],[8.32659,47.05391],[8.32732,47.05389],[8.32801,47.05414],[8.3292,47.0549],[8.33242,47.05436],[8.33317,47.05387],[8.33325,47.0534],[8.33357,47.05332],[8.33393,47.05303],[8.33413,47.05244],[8.33455,47.05189],[8.33474,47.05111],[8.33504,47.05077],[8.33502,47.05065],[8.33474,47.05056],[8.33476,47.0501],[8.33584,47.04951],[8.33652,47.04947],[8.33898,47.0489],[8.3404,47.04886],[8.34088,47.04872],[8.34248,47.0471],[8.34285,47.04685],[8.34384,47.04658],[8.34474,47.04562],[8.34728,47.04494],[8.34801,47.04425],[8.3496,47.04266],[8.34988,47.04201],[8.35,47.04204],[8.35015,47.04146],[8.35049,47.04123],[8.35097,47.04019],[8.3512,47.04002],[8.35161,47.03997],[8.35171,47.03942],[8.35143,47.03923],[8.35221,47.03918],[8.35288,47.03862],[8.35328,47.03862],[8.3538,47.03782],[8.35332,47.03654],[8.35309,47.0363],[8.35276,47.03621],[8.35313,47.03593],[8.35318,47.03562],[8.35309,47.03456],[8.35292,47.03429],[8.35355,47.03424],[8.35364,47.0341],[8.35345,47.03397],[8.35427,47.03393],[8.35435,47.03381],[8.3542,47.0337],[8.35477,47.03366],[8.35488,47.03343],[8.35661,47.03349],[8.35816,47.03342],[8.35847,47.0333],[8.36003,47.03371],[8.36253,47.03329],[8.36425,47.03474],[8.3656,47.03529],[8.36649,47.03589],[8.36664,47.03581],[8.36813,47.03651],[8.36906,47.03743],[8.36922,47.03742],[8.36929,47.03778],[8.37038,47.03846],[8.37011,47.03845],[8.37002,47.03861],[8.37118,47.04002],[8.37206,47.04041],[8.37259,47.04033],[8.37304,47.04078],[8.37512,47.04145],[8.37528,47.0417],[8.37547,47.0417],[8.37555,47.04144],[8.37596,47.04156],[8.37598,47.04174],[8.37656,47.04203],[8.37643,47.04215],[8.37664,47.04234],[8.37649,47.04241],[8.37661,47.04264],[8.37643,47.04275],[8.37653,47.04301],[8.37675,47.04315],[8.37687,47.04304],[8.37794,47.04353],[8.37771,47.04364],[8.37876,47.04468],[8.37914,47.0448],[8.37948,47.0446],[8.37985,47.04575],[8.38025,47.04619],[8.38094,47.04666],[8.38217,47.04729],[8.38261,47.04723],[8.38273,47.04751],[8.38417,47.04834],[8.38505,47.04925],[8.38608,47.04979],[8.38677,47.05],[8.38761,47.04998],[8.38804,47.05036],[8.3881,47.05066],[8.39236,47.05257],[8.39406,47.0537],[8.39427,47.05356],[8.39492,47.05395],[8.39791,47.05664],[8.3978,47.05673],[8.3985,47.05743],[8.39954,47.05899],[8.40042,47.05967],[8.43024,47.06542],[8.43044,47.06514]],[[8.36279,47.03216],[8.36327,47.0326],[8.36285,47.03289],[8.36263,47.0325],[8.36198,47.03225],[8.36279,47.03216]],[[8.3229,47.04435],[8.32337,47.04435],[8.32389,47.04404],[8.32404,47.04408],[8.32399,47.04431],[8.3236,47.04452],[8.32301,47.04454],[8.3229,47.04435]],[[8.32259,47.04431],[8.32335,47.04385],[8.32378,47.04385],[8.32378,47.04402],[8.32338,47.04411],[8.3228,47.0444],[8.32259,47.04431]],[[8.35794,47.03326],[8.35775,47.03321],[8.3578,47.03314],[8.35794,47.03326]],[[8.35741,47.03308],[8.35762,47.0331],[8.35754,47.03316],[8.35741,47.03308]],[[8.34195,47.00566],[8.34185,47.00574],[8.34182,47.00566],[8.34195,47.00566]],[[8.4681,47.02138],[8.46818,47.02145],[8.4681,47.02143],[8.4681,47.02138]]]}},{"type":"Feature","properties":{"id":"rotsee-lu","c":"LU","p":"patent","q":"derived","k":"lake","ns":1},"geometry":{"type":"Polygon","coordinates":[[[8.3256,47.07566],[8.32578,47.07556],[8.32629,47.07556],[8.32772,47.07614],[8.32801,47.07616],[8.3276,47.07571],[8.32681,47.07524],[8.32687,47.07501],[8.32656,47.07508],[8.32639,47.07497],[8.32644,47.07482],[8.32559,47.07431],[8.32484,47.07415],[8.32465,47.07387],[8.32237,47.0726],[8.31969,47.07117],[8.31575,47.06933],[8.31509,47.06883],[8.3133,47.06808],[8.31228,47.06818],[8.31176,47.06811],[8.31007,47.0667],[8.30718,47.06564],[8.30445,47.06444],[8.30361,47.06428],[8.30326,47.06414],[8.30306,47.06384],[8.30178,47.06332],[8.30091,47.06315],[8.30014,47.06368],[8.29997,47.06418],[8.30068,47.06466],[8.30384,47.06629],[8.30451,47.06637],[8.30506,47.06673],[8.30635,47.06707],[8.3079,47.06792],[8.31108,47.06927],[8.31283,47.07024],[8.31447,47.07138],[8.31506,47.07145],[8.31547,47.07189],[8.31709,47.07246],[8.3185,47.07327],[8.31988,47.07385],[8.32071,47.07415],[8.32131,47.07419],[8.32193,47.07459],[8.32434,47.07547],[8.3256,47.07566]]]}},{"type":"Feature","properties":{"id":"lombach-lu","c":"LU","p":"unknown","q":"stub","k":"river"},"geometry":{"type":"LineString","coordinates":[[7.91641,46.93117],[7.91499,46.92961],[7.91497,46.92895],[7.91336,46.92591],[7.91268,46.92269],[7.91213,46.92178],[7.91235,46.92018],[7.91353,46.91798],[7.91432,46.91718],[7.91826,46.91595],[7.92235,46.91573],[7.92412,46.91542],[7.92607,46.91543],[7.92681,46.91523],[7.92924,46.9157],[7.93166,46.91541],[7.93209,46.91506],[7.93215,46.91456],[7.93363,46.91319],[7.93381,46.91277],[7.93307,46.91118],[7.93346,46.91052],[7.93269,46.90978],[7.93263,46.90919]]}},{"type":"Feature","properties":{"id":"groenbach-lu","c":"LU","p":"unknown","q":"stub","k":"river"},"geometry":{"type":"LineString","coordinates":[[8.06126,46.90414],[8.06029,46.90273],[8.05861,46.90195],[8.05745,46.90019],[8.05582,46.89907],[8.05518,46.89822],[8.05412,46.89746],[8.05311,46.89733],[8.05194,46.89643],[8.05162,46.89565],[8.05227,46.89552],[8.05231,46.89509],[8.05139,46.89388],[8.05159,46.89359],[8.05067,46.89266],[8.05085,46.8922],[8.0503,46.89159],[8.05,46.89037],[8.04944,46.8898],[8.04958,46.88887],[8.0494,46.88846],[8.04984,46.88798],[8.04912,46.88649],[8.04967,46.88599],[8.04954,46.88534],[8.04997,46.88503],[8.05011,46.8838],[8.05111,46.88294],[8.05124,46.88236],[8.05073,46.88177],[8.05139,46.88126],[8.05126,46.88048],[8.05172,46.88032],[8.05183,46.87991],[8.05072,46.87864],[8.05114,46.87836],[8.05106,46.87807],[8.05132,46.8778],[8.05076,46.87662],[8.05094,46.87633],[8.05008,46.87585],[8.04999,46.87447],[8.04893,46.87345],[8.04925,46.87203],[8.04743,46.8713],[8.04703,46.87063],[8.0459,46.87045],[8.04551,46.87025],[8.04539,46.86986],[8.04481,46.8699],[8.04461,46.86943],[8.0437,46.86946]]}},{"type":"Feature","properties":{"id":"reidenbach-lu","c":"LU","p":"unknown","q":"stub","k":"river"},"geometry":{"type":"LineString","coordinates":[[8.00951,47.24526],[8.00577,47.24564],[8.00485,47.24588],[8.00359,47.24655],[8.00316,47.24711],[8.00255,47.24733],[8.0026,47.2475],[8.00034,47.24834],[8.0004,47.24855],[7.9996,47.24884],[7.9993,47.24864],[7.9983,47.24868],[7.99821,47.24837],[7.9971,47.24817],[7.99654,47.24823],[7.99641,47.24869],[7.99262,47.24879],[7.99052,47.24929],[7.98846,47.24951],[7.98702,47.24943],[7.98462,47.24971],[7.98068,47.24898],[7.9787,47.24885],[7.97618,47.24807],[7.97596,47.24778],[7.97502,47.24738],[7.97345,47.24705],[7.97045,47.24737],[7.96974,47.24804],[7.9657,47.24771],[7.96539,47.2479],[7.96504,47.24785],[7.9629,47.25087],[7.96301,47.25182],[7.96135,47.25475],[7.96048,47.25542],[7.95899,47.25619]]}},{"type":"Feature","properties":{"id":"schlimmbach-lu","c":"LU","p":"unknown","q":"stub","k":"river"},"geometry":{"type":"LineString","coordinates":[[8.27081,47.01143],[8.27319,47.01379],[8.27345,47.01417],[8.2737,47.01599],[8.27507,47.01705],[8.27538,47.01783],[8.27598,47.01838],[8.27726,47.01892],[8.27924,47.02123],[8.28068,47.02218],[8.28156,47.02418],[8.28255,47.02528],[8.28398,47.0262],[8.28419,47.02665],[8.2846,47.02679],[8.28506,47.0274],[8.28594,47.02769],[8.28749,47.02774],[8.28926,47.02682],[8.29048,47.02588],[8.29103,47.0251],[8.29128,47.02507],[8.29189,47.02384],[8.29234,47.02391],[8.29379,47.02353],[8.29457,47.02298],[8.29506,47.02214],[8.29748,47.02163],[8.29855,47.02088],[8.2995,47.02085],[8.30161,47.02031],[8.30334,47.02011],[8.30473,47.0185]]}},{"type":"Feature","properties":{"id":"steinibach-lu","c":"LU","p":"unknown","q":"stub","k":"river"},"geometry":{"type":"LineString","coordinates":[[8.27384,46.99755],[8.27607,46.99895],[8.27584,47.00283],[8.27759,47.00393],[8.27838,47.0042],[8.27905,47.00487],[8.27907,47.0054],[8.27941,47.00573],[8.27933,47.00673],[8.27967,47.00781],[8.28092,47.00929],[8.28226,47.01002],[8.28442,47.01063],[8.28636,47.01079],[8.28741,47.01063],[8.28941,47.01094],[8.29055,47.01184],[8.29082,47.01261],[8.2923,47.01368],[8.29387,47.01343],[8.29448,47.01355],[8.29501,47.01399],[8.2958,47.01377],[8.29665,47.01386],[8.29721,47.01364],[8.29761,47.01379],[8.29871,47.01359],[8.30015,47.01388],[8.30069,47.01536],[8.30346,47.01814]]}},{"type":"Feature","properties":{"id":"chrachenbach-lu","c":"LU","p":"unknown","q":"stub","k":"river"},"geometry":{"type":"LineString","coordinates":[[7.94905,47.01103],[7.94867,47.0119],[7.94857,47.01321],[7.94898,47.01404],[7.94958,47.0174],[7.95021,47.01903],[7.95352,47.02096],[7.95579,47.02185],[7.95692,47.02207],[7.95879,47.02336],[7.95974,47.02374],[7.96089,47.0245],[7.96282,47.02671],[7.96449,47.02757],[7.96583,47.02887],[7.96794,47.02934],[7.96839,47.02963],[7.9706,47.02964],[7.97278,47.02987],[7.9756,47.02907],[7.97665,47.029],[7.97905,47.02924],[7.98025,47.02976],[7.98122,47.02987]]}},{"type":"Feature","properties":{"id":"geissbach-lu","c":"LU","p":"unknown","q":"stub","k":"river"},"geometry":{"type":"LineString","coordinates":[[8.25065,47.14333],[8.25221,47.14249],[8.25552,47.14308],[8.25693,47.14303],[8.25765,47.1426],[8.25858,47.1414],[8.25931,47.14129],[8.26123,47.14148],[8.26204,47.14188],[8.26403,47.14198],[8.26509,47.14221],[8.26539,47.14207],[8.26585,47.1423],[8.26621,47.14209],[8.26771,47.142],[8.26799,47.1423],[8.26878,47.1422],[8.26922,47.14244],[8.27055,47.14256],[8.27093,47.14218],[8.27136,47.14239],[8.27231,47.14232],[8.27258,47.14252],[8.27307,47.14255],[8.27289,47.14276],[8.27334,47.14301],[8.27355,47.14352],[8.2738,47.14354],[8.27397,47.14383],[8.27429,47.1438],[8.27572,47.14534],[8.27642,47.14576],[8.27833,47.14585],[8.27852,47.14599],[8.27904,47.14582],[8.28072,47.14594],[8.28139,47.14613],[8.28209,47.14685],[8.28283,47.14689],[8.28285,47.14855],[8.28338,47.14922],[8.28355,47.15032],[8.28412,47.15049],[8.28419,47.15087],[8.28529,47.15194]]}},{"type":"Feature","properties":{"id":"voremstegbach-lu","c":"LU","p":"unknown","q":"stub","k":"river"},"geometry":{"type":"LineString","coordinates":[[8.17111,47.08469],[8.17216,47.08452],[8.17406,47.08476],[8.17473,47.08522],[8.17633,47.08548],[8.17668,47.086],[8.17775,47.08591],[8.17816,47.08615],[8.17835,47.08658],[8.17957,47.08701],[8.18003,47.0869],[8.18043,47.08705],[8.18299,47.08638],[8.18365,47.08654],[8.18551,47.08646],[8.1863,47.0866],[8.18826,47.08643],[8.18882,47.08686],[8.18878,47.08716],[8.19014,47.08771],[8.1921,47.08888],[8.19321,47.08886],[8.19431,47.08851],[8.19649,47.08906],[8.19761,47.08892],[8.19788,47.08905],[8.19926,47.08899],[8.19974,47.08941],[8.20035,47.08955],[8.20135,47.08874],[8.20345,47.08876],[8.20452,47.08964],[8.2047,47.09042],[8.20511,47.09097],[8.20495,47.09135],[8.20522,47.09189],[8.20486,47.09254],[8.2056,47.09278],[8.20482,47.09373],[8.20504,47.09411],[8.20594,47.09431],[8.20579,47.09474],[8.20606,47.09552],[8.20563,47.09584],[8.20601,47.09633],[8.20614,47.09744],[8.20717,47.09783],[8.20778,47.09859],[8.20817,47.09868],[8.20868,47.09839],[8.21024,47.09873],[8.21091,47.09975]]}},{"type":"Feature","properties":{"id":"luterenbaechli-lu","c":"LU","p":"unknown","q":"stub","k":"river"},"geometry":{"type":"LineString","coordinates":[[8.02719,47.22939],[8.025,47.22947],[8.02433,47.22968],[8.02013,47.23006],[8.01648,47.22971],[8.01521,47.22982],[8.01407,47.22968],[8.01049,47.23057],[8.00901,47.23065],[8.00703,47.2303],[8.00598,47.23051],[8.00336,47.22979],[8.00236,47.22915],[7.99853,47.22811],[7.99778,47.22772],[7.99696,47.2282],[7.99328,47.22781],[7.99205,47.22705],[7.99048,47.22696],[7.98855,47.22656],[7.97965,47.22432],[7.97729,47.22612]]}},{"type":"Feature","properties":{"id":"warmisbach-lu","c":"LU","p":"unknown","q":"stub","k":"river"},"geometry":{"type":"LineString","coordinates":[[7.89079,47.08587],[7.8911,47.08648],[7.89166,47.08668],[7.89242,47.08729],[7.89332,47.08872],[7.89417,47.08906],[7.89532,47.08997],[7.89589,47.09009],[7.8962,47.09058],[7.89687,47.09068],[7.89945,47.09192],[7.90047,47.09349],[7.90194,47.0952],[7.90209,47.09577],[7.90292,47.09685],[7.90486,47.09836],[7.90611,47.09889],[7.90751,47.10064],[7.90766,47.10155],[7.90906,47.10329],[7.90946,47.1051],[7.90866,47.10653],[7.9084,47.10891],[7.90792,47.10994],[7.90831,47.11056],[7.90785,47.11219],[7.90826,47.1138],[7.90816,47.11495],[7.9093,47.11806],[7.90905,47.1198],[7.90969,47.12154],[7.90902,47.12261],[7.90844,47.12269],[7.90584,47.12505],[7.9046,47.12791],[7.90423,47.12824]]}},{"type":"Feature","properties":{"id":"cholerlochbach-lu","c":"LU","p":"unknown","q":"stub","k":"river"},"geometry":{"type":"LineString","coordinates":[[7.8854,47.09464],[7.88684,47.09579],[7.88791,47.09727],[7.88796,47.09823],[7.88823,47.09867],[7.88805,47.09978],[7.88853,47.10095],[7.88862,47.10211],[7.88936,47.10294],[7.89055,47.10653],[7.89177,47.10829],[7.89421,47.11106],[7.89482,47.11223],[7.89565,47.11316],[7.89602,47.11344],[7.89713,47.11371],[7.89965,47.11342],[7.9025,47.11279],[7.90433,47.11274],[7.90508,47.11291],[7.90641,47.1138],[7.90764,47.11422],[7.90816,47.11495]]}},{"type":"Feature","properties":{"id":"schwarzenbach-lu","c":"LU","p":"unknown","q":"stub","k":"river"},"geometry":{"type":"LineString","coordinates":[[7.88635,47.04431],[7.8889,47.04664],[7.89342,47.0489],[7.89489,47.04934],[7.89789,47.05116],[7.89903,47.05228],[7.90027,47.05267],[7.90028,47.05298],[7.901,47.05388],[7.90226,47.05464],[7.90292,47.05547],[7.90402,47.05616],[7.90425,47.05663],[7.90513,47.05728],[7.9067,47.05736],[7.91002,47.05793],[7.91096,47.05852],[7.91424,47.05853],[7.91544,47.05918],[7.91631,47.06005]]}},{"type":"Feature","properties":{"id":"wilmisbach-lu","c":"LU","p":"unknown","q":"stub","k":"river"},"geometry":{"type":"LineString","coordinates":[[7.8979,47.03237],[7.89826,47.0338],[7.89885,47.03497],[7.90057,47.03676],[7.90265,47.03801],[7.90683,47.03935],[7.90776,47.03993],[7.90957,47.04041],[7.90945,47.04082],[7.91023,47.04153],[7.91171,47.04244],[7.91245,47.04261],[7.91297,47.04313],[7.91301,47.04395],[7.91356,47.04414],[7.91451,47.0451],[7.91592,47.04598],[7.91738,47.04732],[7.91708,47.04755],[7.91739,47.04818],[7.91819,47.04868],[7.91974,47.05049],[7.92059,47.05104],[7.9209,47.05182]]}},{"type":"Feature","properties":{"id":"aenzibach-lu","c":"LU","p":"unknown","q":"stub","k":"river"},"geometry":{"type":"LineString","coordinates":[[7.90151,47.00854],[7.90091,47.01078],[7.90127,47.0121],[7.90268,47.01265],[7.90614,47.01498],[7.90739,47.01651],[7.91028,47.01916],[7.91159,47.01946],[7.9126,47.02003],[7.91273,47.02033],[7.91247,47.02091],[7.91361,47.02209],[7.91516,47.02322],[7.91533,47.02472],[7.91576,47.02556],[7.91539,47.0276],[7.91625,47.0293],[7.91754,47.03013],[7.91777,47.03129],[7.92014,47.03252],[7.92083,47.03253],[7.92147,47.03282],[7.92264,47.0327]]}},{"type":"Feature","properties":{"id":"rot-lu","c":"LU","p":"unknown","q":"stub","k":"river"},"geometry":{"type":"LineString","coordinates":[[8.15152,47.09463],[8.15179,47.09536],[8.15286,47.09654],[8.15281,47.09706],[8.15232,47.09733],[8.15201,47.09809],[8.14938,47.0983],[8.14824,47.0988],[8.14767,47.09974],[8.14758,47.10042],[8.14849,47.10266],[8.14873,47.10278],[8.14792,47.10334],[8.14811,47.10372],[8.14787,47.10401],[8.14735,47.10403],[8.14729,47.10542],[8.14781,47.10581],[8.14742,47.10598],[8.14778,47.10634],[8.14743,47.10701],[8.14661,47.10719],[8.14525,47.10813],[8.144,47.10871],[8.14275,47.10877],[8.14232,47.10908],[8.14081,47.10877],[8.13949,47.10874],[8.13691,47.10895],[8.13478,47.10788],[8.13366,47.10761],[8.13334,47.10791],[8.13258,47.10815],[8.13082,47.10804],[8.13107,47.10864],[8.13048,47.10853],[8.12978,47.10894],[8.12866,47.10885],[8.12759,47.10828],[8.12628,47.10822],[8.12582,47.10846],[8.12497,47.10841],[8.12441,47.10886],[8.12323,47.1092],[8.1224,47.10924],[8.12161,47.10964],[8.12109,47.10938],[8.11927,47.10924],[8.1175,47.10939],[8.11578,47.10914],[8.11539,47.1093],[8.11479,47.10915],[8.114,47.10924],[8.11331,47.10914],[8.11301,47.10866],[8.11186,47.10811],[8.1114,47.10754],[8.11032,47.1072],[8.11019,47.10688],[8.10958,47.10695],[8.10868,47.1065],[8.10832,47.1065],[8.10814,47.10596],[8.10731,47.10505],[8.10666,47.10513],[8.10477,47.10433],[8.1019,47.10393],[8.09824,47.10389],[8.09718,47.10353],[8.09502,47.10342],[8.09104,47.10227],[8.08959,47.10216],[8.0885,47.10189],[8.08564,47.10247],[8.0755,47.10532],[8.07455,47.10597],[8.0712,47.11126],[8.06814,47.11828],[8.06751,47.12204]]}},{"type":"Feature","properties":{"id":"buttisholzbach-lu","c":"LU","p":"unknown","q":"stub","k":"river"},"geometry":{"type":"LineString","coordinates":[[8.12563,47.119],[8.12392,47.11863],[8.12186,47.11891],[8.12045,47.11823],[8.11892,47.11774],[8.11864,47.11779],[8.11846,47.11745],[8.11771,47.11735],[8.11761,47.11702],[8.11686,47.11674],[8.11666,47.1164],[8.11567,47.1164],[8.11508,47.11605],[8.11337,47.11638],[8.11238,47.11735],[8.11186,47.11725],[8.1106,47.11758],[8.11013,47.11757],[8.10957,47.11707],[8.1086,47.1171],[8.10733,47.11629],[8.10586,47.11594],[8.10473,47.11592],[8.10376,47.11655],[8.10207,47.11652],[8.10155,47.11597],[8.09953,47.11524],[8.09815,47.1145],[8.09553,47.11413],[8.09486,47.11411],[8.09408,47.11435],[8.0919,47.11395],[8.08335,47.11385],[8.08123,47.11346],[8.07848,47.11458],[8.07751,47.11467],[8.07467,47.11407],[8.07272,47.11436],[8.07187,47.11468]]}},{"type":"Feature","properties":{"id":"seebach-lu","c":"LU","p":"unknown","q":"stub","k":"river"},"geometry":{"type":"LineString","coordinates":[[8.07528,47.09194],[8.07409,47.09209],[8.07379,47.09237],[8.07404,47.09465],[8.07191,47.09523],[8.06811,47.09552],[8.06626,47.09632],[8.06511,47.0973],[8.06214,47.09896],[8.06169,47.0995],[8.06155,47.10046],[8.0611,47.10087],[8.05656,47.10196],[8.05558,47.10266],[8.05525,47.10338],[8.0543,47.10393],[8.05355,47.10479],[8.05001,47.10686],[8.05143,47.10752],[8.05521,47.10821],[8.05818,47.10838],[8.07205,47.10815],[8.07277,47.1088]]}},{"type":"Feature","properties":{"id":"nollentalbach-lu","c":"LU","p":"unknown","q":"stub","k":"river"},"geometry":{"type":"LineString","coordinates":[[7.92749,47.07779],[7.9282,47.07882],[7.93114,47.08145],[7.9327,47.08398],[7.93449,47.08603],[7.93533,47.08654],[7.93714,47.0882],[7.93768,47.08898],[7.93859,47.08952],[7.93892,47.09006],[7.94014,47.09071],[7.94043,47.0914],[7.94179,47.09176],[7.94225,47.09247],[7.94692,47.09519],[7.94926,47.09577],[7.95,47.09618],[7.9557,47.09731],[7.95656,47.09784],[7.95881,47.0987],[7.9607,47.10061],[7.96116,47.10077],[7.96218,47.10074]]}},{"type":"Feature","properties":{"id":"riedtalbach-lu","c":"LU","p":"unknown","q":"stub","k":"river"},"geometry":{"type":"LineString","coordinates":[[8.01071,47.07483],[8.0129,47.07584],[8.01335,47.07625],[8.01345,47.07771],[8.01271,47.07913],[8.01443,47.08191],[8.01405,47.08278],[8.0128,47.08393],[8.01282,47.08457],[8.01222,47.08604],[8.01218,47.08768],[8.01174,47.0884],[8.01182,47.08917],[8.01108,47.09009],[8.01095,47.09061],[8.01219,47.09382],[8.01222,47.09653],[8.0127,47.09716],[8.01281,47.09864],[8.0149,47.10026]]}},{"type":"Feature","properties":{"id":"churzenbach-lu","c":"LU","p":"unknown","q":"stub","k":"river"},"geometry":{"type":"MultiLineString","coordinates":[[[7.85866,46.87143],[7.85957,46.87183],[7.86061,46.87261],[7.86141,46.87375],[7.86112,46.87431],[7.86133,46.87462],[7.86348,46.87499],[7.86402,46.87526],[7.86467,46.87697],[7.86575,46.87769],[7.86586,46.87828],[7.86683,46.87897],[7.86706,46.87971],[7.8679,46.88034],[7.87,46.88094],[7.87031,46.88187],[7.87087,46.88236],[7.87283,46.88239],[7.87566,46.8832],[7.87682,46.88309],[7.88128,46.88381],[7.88493,46.88329]],[[7.88855,46.88489],[7.8898,46.88602],[7.89016,46.88681],[7.89115,46.88758],[7.89176,46.88768]]]}},{"type":"Feature","properties":{"id":"steiglenbach-lu","c":"LU","p":"unknown","q":"stub","k":"river"},"geometry":{"type":"LineString","coordinates":[[7.94257,46.83443],[7.94159,46.83494],[7.93968,46.83654],[7.93813,46.83705],[7.93605,46.8382],[7.93535,46.83814],[7.9348,46.83858],[7.93372,46.83882],[7.93313,46.83937],[7.93254,46.83905],[7.93156,46.83949],[7.93095,46.83956],[7.9296,46.83916],[7.92908,46.83879],[7.92795,46.83891],[7.92771,46.83871],[7.92725,46.83882],[7.9269,46.83861],[7.92651,46.83868],[7.92639,46.83903],[7.92438,46.83873],[7.92388,46.83884],[7.92277,46.83871],[7.92198,46.83893],[7.92086,46.83985],[7.91998,46.84029],[7.91913,46.84149],[7.91687,46.8426],[7.91641,46.84363],[7.91586,46.84391],[7.91588,46.84429],[7.91557,46.84463],[7.91304,46.84674],[7.91223,46.84786],[7.91114,46.84835],[7.91073,46.8488],[7.91066,46.84942],[7.90942,46.84996],[7.90859,46.85075],[7.90845,46.85158],[7.90688,46.85196],[7.90658,46.85312],[7.90458,46.8541],[7.90349,46.85532],[7.89964,46.85818]]}},{"type":"Feature","properties":{"id":"gerligenbach-lu","c":"LU","p":"unknown","q":"stub","k":"river"},"geometry":{"type":"LineString","coordinates":[[8.32411,47.17612],[8.32366,47.17533],[8.32373,47.17397],[8.32311,47.17312],[8.32257,47.1729],[8.32328,47.17211],[8.32339,47.17159],[8.32272,47.17126],[8.32338,47.16997],[8.32425,47.16956],[8.32503,47.16885],[8.32479,47.16855],[8.32516,47.16771],[8.32487,47.16743],[8.32534,47.16605],[8.32491,47.16522],[8.32434,47.16505],[8.32283,47.16403],[8.32312,47.1632],[8.32161,47.16245],[8.31998,47.16007],[8.31978,47.15843],[8.32058,47.15745],[8.32063,47.15702],[8.32035,47.15565],[8.32048,47.155],[8.3197,47.15364],[8.31973,47.15343],[8.32287,47.15289],[8.32468,47.15308],[8.32633,47.15267]]}},{"type":"Feature","properties":{"id":"inwiler-bach-lu","c":"LU","p":"unknown","q":"stub","k":"river"},"geometry":{"type":"LineString","coordinates":[[8.36062,47.1498],[8.36063,47.1493],[8.35938,47.14851],[8.35927,47.14642],[8.35772,47.14602],[8.35714,47.14566],[8.35666,47.14491],[8.35412,47.14311],[8.35296,47.14311],[8.35151,47.14277],[8.35142,47.14232],[8.35187,47.14121],[8.35145,47.14047],[8.35123,47.13899],[8.3505,47.13818],[8.34838,47.13732],[8.34704,47.13529],[8.34696,47.13475],[8.34643,47.1343],[8.34627,47.1337],[8.34667,47.13331],[8.34737,47.13295],[8.34849,47.13312],[8.34905,47.13302],[8.34993,47.13226],[8.34998,47.13176],[8.3517,47.1312],[8.35234,47.13028]]}},{"type":"Feature","properties":{"id":"waldibach-lu","c":"LU","p":"unknown","q":"stub","k":"river"},"geometry":{"type":"LineString","coordinates":[[8.2563,47.12142],[8.25721,47.12086],[8.25923,47.12046],[8.25946,47.12068],[8.26011,47.12059],[8.26089,47.12094],[8.26354,47.12058],[8.26373,47.12097],[8.26414,47.12114],[8.26435,47.12097],[8.26491,47.12104],[8.26536,47.12087],[8.26595,47.12102],[8.26606,47.12134],[8.26662,47.12162],[8.26698,47.12132],[8.26754,47.12147],[8.26772,47.1213],[8.26815,47.12138],[8.26888,47.12176],[8.27102,47.12167],[8.272,47.12132],[8.27316,47.1214],[8.27391,47.12215],[8.2742,47.12211],[8.27422,47.12193],[8.27533,47.12245],[8.27632,47.1225],[8.27717,47.12306],[8.27924,47.12254],[8.27997,47.1229],[8.27982,47.12323],[8.28098,47.12353],[8.2822,47.1233],[8.28345,47.12346],[8.28373,47.12324],[8.28372,47.12343],[8.28433,47.1237],[8.28508,47.12337],[8.28535,47.12366],[8.28505,47.12366],[8.2851,47.12382],[8.28609,47.12366],[8.28638,47.12317],[8.2861,47.12276],[8.28734,47.1215],[8.28689,47.12061],[8.28611,47.12011],[8.28587,47.11966],[8.28634,47.11884],[8.28859,47.11798],[8.28909,47.11756],[8.28947,47.11751],[8.29002,47.11779],[8.2906,47.11764],[8.29146,47.1169],[8.2916,47.11647],[8.29131,47.11614],[8.29254,47.11558],[8.29291,47.115],[8.29371,47.11458],[8.29452,47.11484],[8.29544,47.11459],[8.29534,47.11436],[8.29553,47.11428],[8.29629,47.11478],[8.29656,47.11443],[8.2969,47.11445],[8.29727,47.11417],[8.29757,47.11474],[8.29813,47.11498],[8.29901,47.11485],[8.29981,47.11511],[8.30074,47.11478],[8.3015,47.11485],[8.30182,47.11504],[8.30336,47.11499],[8.30412,47.11518],[8.30456,47.11476],[8.30507,47.11483],[8.30566,47.11423],[8.30567,47.11392],[8.30752,47.11256],[8.31011,47.11217],[8.30948,47.11137],[8.30949,47.11099],[8.30912,47.1109],[8.30924,47.11064],[8.30869,47.1101],[8.30899,47.10878],[8.30934,47.10854],[8.30956,47.10781],[8.31031,47.10788],[8.31182,47.10727],[8.31254,47.10725],[8.31314,47.10655]]}},{"type":"Feature","properties":{"id":"krienbach-lu","c":"LU","p":"unknown","q":"stub","k":"river"},"geometry":{"type":"LineString","coordinates":[[8.24906,47.02514],[8.24913,47.02649],[8.24942,47.02706],[8.25095,47.02806],[8.25267,47.03042],[8.25304,47.03165],[8.25406,47.03245],[8.25485,47.03268],[8.25558,47.0341],[8.25786,47.03482],[8.25996,47.03505],[8.26133,47.03469],[8.26317,47.03466],[8.26615,47.03383],[8.26853,47.03344],[8.26975,47.03367],[8.27706,47.03404],[8.28223,47.03549],[8.28364,47.03713],[8.28496,47.03734],[8.28801,47.03719],[8.28963,47.03758],[8.29127,47.03708],[8.29218,47.03757],[8.29478,47.0384],[8.30007,47.03947],[8.30089,47.0399],[8.30211,47.04116],[8.3034,47.0431],[8.30382,47.04447],[8.30412,47.0466],[8.30391,47.04762],[8.30263,47.04966],[8.30304,47.05102]]}},{"type":"Feature","properties":{"id":"rotbach-lu","c":"LU","p":"unknown","q":"stub","k":"river"},"geometry":{"type":"LineString","coordinates":[[8.26765,47.00206],[8.26701,47.00319],[8.26674,47.00468],[8.26603,47.00606],[8.26511,47.00754],[8.26355,47.00864],[8.26356,47.00933],[8.26219,47.01019],[8.26182,47.01071],[8.26094,47.01116],[8.25965,47.01085],[8.25874,47.01103],[8.25834,47.01143],[8.25805,47.01299],[8.2564,47.01405],[8.25594,47.01406],[8.25555,47.01384],[8.25471,47.01436],[8.25388,47.01398],[8.25247,47.01433],[8.24858,47.01463],[8.24729,47.01531],[8.24666,47.01541],[8.24588,47.01598],[8.24411,47.01614],[8.24348,47.01648],[8.24253,47.01665],[8.24117,47.01728],[8.24008,47.01827]]}},{"type":"Feature","properties":{"id":"fischenbach-lu","c":"LU","p":"unknown","q":"stub","k":"river"},"geometry":{"type":"LineString","coordinates":[[8.09724,46.98811],[8.09675,46.98892],[8.0967,46.9902],[8.0961,46.99074],[8.09619,46.99139],[8.09594,46.99169],[8.09665,46.99216],[8.09682,46.99271],[8.09736,46.99294],[8.09785,46.99359],[8.09842,46.9952],[8.098,46.9959],[8.09813,46.99648],[8.09768,46.99681],[8.09823,46.99754],[8.09748,46.99792],[8.09793,46.99863],[8.09737,46.99905],[8.09752,46.99927],[8.09846,46.99963],[8.09848,47.00017],[8.09793,47.00087],[8.09828,47.00209],[8.09896,47.00228],[8.09901,47.00289],[8.09966,47.00321],[8.09991,47.0036],[8.09985,47.00474],[8.10008,47.00519],[8.09946,47.006],[8.09936,47.00664],[8.09958,47.00725],[8.10031,47.00781],[8.10021,47.00834],[8.10051,47.00852],[8.1012,47.00855],[8.10254,47.0092],[8.10297,47.0099],[8.10367,47.01022],[8.10402,47.01097],[8.10515,47.01119],[8.10519,47.0114],[8.10471,47.01187],[8.10478,47.01212],[8.10594,47.01261],[8.1066,47.01335],[8.10724,47.01347],[8.10723,47.01406],[8.10828,47.01402],[8.10872,47.01452],[8.10938,47.01465],[8.10941,47.01504],[8.11003,47.01561],[8.11089,47.01589],[8.11076,47.01655],[8.11164,47.01661],[8.11202,47.01697],[8.11263,47.01707],[8.1133,47.01746],[8.11432,47.01763],[8.11503,47.01817],[8.11739,47.0188],[8.11919,47.01889],[8.11999,47.01915],[8.12054,47.01889],[8.12184,47.01951],[8.12473,47.02011],[8.12632,47.01993],[8.12716,47.02017],[8.12902,47.02026],[8.13043,47.02074],[8.13371,47.021],[8.13475,47.02139],[8.13552,47.02134],[8.13665,47.02094]]}},{"type":"Feature","properties":{"id":"fischenbach-lu-2","c":"LU","p":"unknown","q":"stub","k":"river"},"geometry":{"type":"LineString","coordinates":[[8.14588,46.96077],[8.14562,46.96138],[8.14586,46.96223],[8.14671,46.96299],[8.14611,46.96381],[8.14653,46.96452],[8.14617,46.96547],[8.14708,46.96711],[8.14704,46.96743],[8.14654,46.96765],[8.14638,46.9681],[8.14659,46.96918],[8.14619,46.97006],[8.146,46.97175],[8.14512,46.97251],[8.14466,46.97325],[8.14431,46.97424],[8.1443,46.97525],[8.14284,46.97715],[8.14327,46.97923],[8.14266,46.98162],[8.14352,46.98263],[8.14238,46.98366],[8.14196,46.98443],[8.14215,46.98547],[8.14144,46.986],[8.14105,46.98673],[8.1412,46.98762],[8.14193,46.9881],[8.14185,46.98948],[8.14101,46.99055],[8.14105,46.99103],[8.14037,46.9913],[8.14063,46.99188],[8.14046,46.99236],[8.14061,46.99297],[8.14131,46.99395],[8.14124,46.99488],[8.14214,46.99507],[8.14226,46.99627],[8.14299,46.99667],[8.14245,46.99696],[8.14237,46.99723],[8.14333,46.99759],[8.14314,46.99856],[8.1442,46.99956],[8.14354,47.00023],[8.14406,47.00055],[8.14376,47.00107],[8.14423,47.00125]]}},{"type":"Feature","properties":{"id":"laengerlenbach-lu","c":"LU","p":"unknown","q":"stub","k":"river"},"geometry":{"type":"LineString","coordinates":[[8.17137,46.97555],[8.17155,46.97612],[8.17128,46.97724],[8.17148,46.97792],[8.17038,46.97896],[8.16963,46.98043],[8.16972,46.98106],[8.17025,46.98147],[8.17044,46.98198],[8.1703,46.98253],[8.17052,46.98308],[8.17028,46.98364],[8.16943,46.98451],[8.16973,46.98522],[8.1707,46.98624],[8.17105,46.98734],[8.17219,46.98822],[8.17216,46.98842],[8.17301,46.98919],[8.17317,46.98992],[8.17388,46.99094],[8.17414,46.99176],[8.17525,46.99246],[8.17624,46.99435],[8.17659,46.99512],[8.17569,46.99796],[8.17625,46.99997],[8.17679,47.00064],[8.17616,47.00242],[8.17538,47.00325],[8.17326,47.00417],[8.17291,47.0049],[8.17123,47.00464],[8.17041,47.00491],[8.16892,47.00485],[8.16793,47.00514]]}},{"type":"Feature","properties":{"id":"giselbach-lu","c":"LU","p":"unknown","q":"stub","k":"river"},"geometry":{"type":"LineString","coordinates":[[8.19633,46.98775],[8.19712,46.98838],[8.19743,46.98896],[8.19663,46.98983],[8.19578,46.99164],[8.19364,46.99273],[8.19236,46.99304],[8.18981,46.99466],[8.18946,46.99601],[8.18976,46.99767],[8.1905,46.9995],[8.19108,46.99968],[8.19123,46.99991],[8.1905,47.0003],[8.19044,47.00117],[8.18971,47.00148],[8.18959,47.00202],[8.18908,47.0026],[8.18761,47.00355],[8.18699,47.00375],[8.18658,47.00426],[8.18586,47.00453],[8.18561,47.00512],[8.18414,47.00635],[8.18369,47.00651],[8.18364,47.00701],[8.18214,47.00708],[8.18172,47.00768],[8.181,47.00778],[8.17994,47.0087],[8.17935,47.00878],[8.1781,47.00967]]}},{"type":"Feature","properties":{"id":"sulzigtobelbach-lu","c":"LU","p":"unknown","q":"stub","k":"river"},"geometry":{"type":"LineString","coordinates":[[8.10655,47.02665],[8.10463,47.02829],[8.10454,47.02895],[8.10381,47.02992],[8.1027,47.03038],[8.10221,47.03098],[8.09984,47.03174],[8.09922,47.03236],[8.09814,47.03258],[8.09682,47.03341],[8.09187,47.03447],[8.09044,47.03581],[8.09022,47.03644],[8.08957,47.03696],[8.08892,47.03809],[8.08878,47.03926],[8.08906,47.04017],[8.09068,47.04193],[8.09121,47.04224],[8.09217,47.04446],[8.09315,47.04533],[8.09343,47.04653],[8.09431,47.04691],[8.09497,47.04782],[8.09501,47.04836],[8.09561,47.04878],[8.09634,47.0507],[8.09613,47.05195],[8.09695,47.05274],[8.09791,47.05299],[8.09869,47.0535],[8.09966,47.05363],[8.10033,47.05428]]}},{"type":"Feature","properties":{"id":"goldbach-lu","c":"LU","p":"unknown","q":"stub","k":"river"},"geometry":{"type":"LineString","coordinates":[[7.96252,47.00249],[7.96352,47.00175],[7.96472,47.00146],[7.96636,47.00149],[7.96857,47.00188],[7.97025,47.00251],[7.97315,47.00273],[7.97401,47.00298],[7.97513,47.00273],[7.97805,47.00394],[7.98056,47.00415],[7.98205,47.00378],[7.98414,47.00383],[7.98532,47.00366],[7.9867,47.00404],[7.98775,47.00392],[7.9894,47.00409],[7.99054,47.00398],[7.99135,47.00364],[7.99316,47.00359],[7.99557,47.003],[7.99835,47.00266],[7.99938,47.00199],[7.99961,47.00097],[7.99937,46.99989],[7.99836,46.99899],[7.99815,46.9979],[7.99748,46.99658],[7.99749,46.996],[7.99687,46.99541],[7.99729,46.99485],[7.99735,46.99365],[7.99806,46.99285],[7.99759,46.99039],[7.99712,46.98922],[7.99787,46.98791],[7.99833,46.98775],[7.99795,46.98666],[7.99825,46.98617],[7.99825,46.9855],[7.99774,46.98466]]}},{"type":"Feature","properties":{"id":"gretenbach-lu","c":"LU","p":"unknown","q":"stub","k":"river"},"geometry":{"type":"LineString","coordinates":[[8.05768,46.94489],[8.05754,46.9457],[8.05691,46.94639],[8.05562,46.94701],[8.05459,46.94801],[8.05487,46.94981],[8.05431,46.95073],[8.05369,46.95096],[8.05315,46.95263],[8.05266,46.95306],[8.05284,46.9533],[8.05271,46.95378],[8.05371,46.95546],[8.05507,46.95625],[8.055,46.9569],[8.05422,46.95697],[8.0536,46.95759],[8.05435,46.95804],[8.05468,46.95862],[8.05671,46.95967],[8.05888,46.95996],[8.06026,46.95986],[8.06098,46.96003],[8.06136,46.96035],[8.06157,46.96094],[8.06222,46.96119],[8.06239,46.96171],[8.06351,46.96271],[8.06585,46.96287],[8.06747,46.96397],[8.06813,46.9642],[8.06803,46.96467],[8.06863,46.96595],[8.06818,46.96743],[8.06886,46.96831],[8.0687,46.96883],[8.06989,46.96972],[8.06966,46.97128]]}},{"type":"Feature","properties":{"id":"kleine-entlen-lu","c":"LU","p":"unknown","q":"stub","k":"river"},"geometry":{"type":"LineString","coordinates":[[8.06503,46.9343],[8.0649,46.93476],[8.06593,46.93515],[8.06655,46.93582],[8.06731,46.936],[8.0684,46.93657],[8.06859,46.93702],[8.06948,46.93745],[8.07016,46.93827],[8.07208,46.93881],[8.07205,46.93941],[8.07244,46.94002],[8.07356,46.94002],[8.07474,46.94042],[8.07607,46.94055],[8.07682,46.94272],[8.07804,46.94392],[8.07811,46.94499],[8.07842,46.94549],[8.08022,46.9465],[8.08166,46.9464],[8.08284,46.94742],[8.08368,46.94761],[8.08375,46.94912],[8.08411,46.94949],[8.08607,46.94974],[8.08726,46.95007],[8.08749,46.95133],[8.08904,46.95206],[8.08923,46.95307],[8.09027,46.95321],[8.09053,46.95345],[8.09125,46.95579],[8.09098,46.95614],[8.0902,46.95641]]}},{"type":"Feature","properties":{"id":"rotbach-lu-2","c":"LU","p":"unknown","q":"stub","k":"river"},"geometry":{"type":"LineString","coordinates":[[8.10818,46.89456],[8.10906,46.8956],[8.10891,46.89602],[8.10912,46.89674],[8.10997,46.89764],[8.11026,46.89837],[8.10996,46.89904],[8.11037,46.90027],[8.10983,46.90136],[8.11049,46.90244],[8.11008,46.90329],[8.1119,46.906],[8.11229,46.90861],[8.11204,46.90911],[8.11266,46.9094],[8.11347,46.91076],[8.1143,46.9113],[8.11538,46.91281],[8.11602,46.91314],[8.11657,46.9144],[8.11711,46.91491],[8.11858,46.91745],[8.11991,46.9191],[8.12062,46.91957],[8.12031,46.92047],[8.12069,46.92144],[8.12036,46.92193],[8.12121,46.92497],[8.12071,46.92551],[8.12102,46.92618],[8.12066,46.92657],[8.12095,46.92735],[8.12079,46.928]]}},{"type":"Feature","properties":{"id":"biberen-lu","c":"LU","p":"unknown","q":"stub","k":"river"},"geometry":{"type":"LineString","coordinates":[[8.0456,46.94134],[8.0458,46.94314],[8.04737,46.94484],[8.0479,46.94612],[8.0475,46.9468],[8.04577,46.94735],[8.04448,46.94828],[8.04415,46.94873],[8.04408,46.94949],[8.04296,46.94968],[8.04266,46.94995],[8.04275,46.9508],[8.04429,46.95203],[8.04449,46.95403],[8.04398,46.95468],[8.0434,46.95498],[8.04344,46.95555],[8.0438,46.95618],[8.04441,46.95654],[8.04427,46.95715],[8.0449,46.95756],[8.04458,46.95833],[8.04461,46.95944],[8.04641,46.96048],[8.04737,46.96175],[8.04725,46.96232],[8.04756,46.96274],[8.0476,46.96346],[8.04849,46.96471],[8.04904,46.96494],[8.04916,46.96536],[8.05016,46.96617],[8.05053,46.96686],[8.05037,46.96803],[8.05054,46.96853],[8.05265,46.97011],[8.05302,46.97165],[8.05337,46.97201],[8.05314,46.97247],[8.05353,46.97281],[8.05399,46.97282],[8.05405,46.9732],[8.05445,46.97352],[8.05432,46.97456],[8.05489,46.97509],[8.05497,46.97566],[8.05445,46.97777],[8.05398,46.97794],[8.05374,46.97846],[8.05356,46.97905],[8.05372,46.97969],[8.05124,46.97989],[8.04853,46.97965],[8.04606,46.98039]]}},{"type":"Feature","properties":{"id":"bocken-lu","c":"LU","p":"unknown","q":"stub","k":"river"},"geometry":{"type":"LineString","coordinates":[[7.93702,46.96161],[7.93701,46.95918],[7.93823,46.95746],[7.94082,46.95583],[7.94315,46.95489],[7.9439,46.9544],[7.9449,46.95431],[7.94616,46.95446],[7.94835,46.95423],[7.94893,46.95433],[7.9491,46.95413],[7.94969,46.95413],[7.95266,46.9522],[7.95388,46.95167],[7.95406,46.95138],[7.95571,46.95106],[7.9571,46.95099],[7.958,46.95119],[7.95845,46.95101],[7.96053,46.94936],[7.96076,46.94853],[7.96191,46.9474],[7.96234,46.94647],[7.96331,46.94612],[7.9646,46.94533],[7.96506,46.94493],[7.96516,46.94404],[7.9671,46.94321],[7.96753,46.94258],[7.96852,46.94213],[7.96866,46.9415],[7.9691,46.94144],[7.96911,46.94081],[7.97009,46.93994],[7.97187,46.93897],[7.97277,46.93918],[7.97399,46.93885],[7.97472,46.93744],[7.97457,46.93687],[7.97638,46.93458],[7.97695,46.93432],[7.98067,46.93452],[7.98176,46.93339],[7.98214,46.93249]]}},{"type":"Feature","properties":{"id":"aebnitbach-lu","c":"LU","p":"unknown","q":"stub","k":"river"},"geometry":{"type":"LineString","coordinates":[[7.95644,46.90406],[7.95573,46.90494],[7.95545,46.9062],[7.95486,46.90688],[7.95488,46.90888],[7.95464,46.90964],[7.95424,46.91003],[7.95398,46.91173],[7.95339,46.91203],[7.95342,46.91237],[7.95299,46.91275],[7.95223,46.91439],[7.95192,46.91643],[7.95246,46.91783],[7.95358,46.91902],[7.95427,46.91924],[7.95516,46.91926],[7.95589,46.91959],[7.95727,46.92064],[7.95974,46.92154],[7.96067,46.92224],[7.96063,46.9227],[7.96143,46.92277],[7.96151,46.92314],[7.96266,46.92356],[7.96258,46.92397],[7.96281,46.92437],[7.96244,46.92529],[7.96334,46.92649],[7.96292,46.92736]]}},{"type":"Feature","properties":{"id":"staubbach-lu","c":"LU","p":"unknown","q":"stub","k":"river"},"geometry":{"type":"LineString","coordinates":[[8.04851,46.92276],[8.04749,46.92211],[8.04631,46.92055],[8.04411,46.91999],[8.0436,46.91951],[8.04268,46.91914],[8.0414,46.91798],[8.04066,46.91773],[8.04041,46.91745],[8.03976,46.91764],[8.03914,46.91751],[8.03825,46.91769],[8.03783,46.91743],[8.03626,46.91791],[8.03504,46.9187],[8.03473,46.91936],[8.03356,46.91992],[8.03327,46.92043],[8.03216,46.92076],[8.03158,46.92121],[8.03076,46.92108],[8.02665,46.92159],[8.02573,46.92144],[8.02455,46.92163],[8.01873,46.92127],[8.01819,46.92158],[8.01808,46.92212],[8.01766,46.92243],[8.01716,46.92248],[8.01671,46.92228]]}},{"type":"Feature","properties":{"id":"steinibach-lu-2","c":"LU","p":"unknown","q":"stub","k":"river"},"geometry":{"type":"LineString","coordinates":[[8.03884,46.91277],[8.037,46.911],[8.03559,46.91068],[8.03488,46.9102],[8.03446,46.90933],[8.03332,46.90858],[8.03217,46.90855],[8.03177,46.90826],[8.03098,46.9082],[8.02889,46.90685],[8.02752,46.90681],[8.02447,46.90551],[8.02098,46.90513],[8.02027,46.90492],[8.01784,46.90552],[8.01638,46.90544],[8.01339,46.90565]]}},{"type":"Feature","properties":{"id":"hellschwandbach-lu","c":"LU","p":"unknown","q":"stub","k":"river"},"geometry":{"type":"LineString","coordinates":[[7.97237,46.8944],[7.97359,46.89399],[7.97529,46.89305],[7.97598,46.8929],[7.97663,46.89297],[7.97701,46.89237],[7.9786,46.89169],[7.97918,46.89106],[7.98211,46.89001],[7.98316,46.88918],[7.98467,46.88943],[7.98514,46.88921],[7.98671,46.88966],[7.98684,46.88986],[7.98786,46.89012],[7.98975,46.89103],[7.99194,46.89293],[7.99303,46.89352],[7.99385,46.8948],[7.99569,46.89461],[7.99985,46.89617],[8.00134,46.89634],[8.00203,46.89658],[8.00251,46.8965],[8.00366,46.89702],[8.00581,46.89705],[8.00724,46.89684],[8.00767,46.89712],[8.00813,46.89792],[8.00902,46.89811],[8.00986,46.89891],[8.01096,46.89948],[8.01165,46.89963]]}},{"type":"Feature","properties":{"id":"suedelgraben-lu","c":"LU","p":"unknown","q":"stub","k":"river"},"geometry":{"type":"LineString","coordinates":[[7.99798,46.82097],[7.99877,46.8215],[8.00056,46.82223],[8.00198,46.82334],[8.00285,46.82543],[8.00279,46.82615],[8.00324,46.82678],[8.00337,46.82801],[8.00401,46.82843],[8.00395,46.829],[8.00432,46.82957],[8.00502,46.82983],[8.0048,46.83036],[8.00568,46.83064],[8.00711,46.83192],[8.00787,46.83201],[8.00856,46.83258],[8.00938,46.83261],[8.00976,46.83296],[8.00976,46.83348],[8.0106,46.83352],[8.01,46.83407],[8.01051,46.83454],[8.01015,46.83502],[8.01116,46.8353],[8.01139,46.83552],[8.01123,46.83611],[8.01142,46.83653],[8.01089,46.83703],[8.0113,46.83856],[8.01087,46.8394],[8.01132,46.84129],[8.01096,46.84198],[8.01208,46.84261],[8.01216,46.84298],[8.0119,46.84389],[8.01125,46.84429],[8.01174,46.84455],[8.01185,46.84486],[8.0115,46.84555],[8.01082,46.84599],[8.01084,46.84678],[8.01048,46.84745],[8.01094,46.84833],[8.01069,46.84961],[8.01168,46.8508],[8.01306,46.85168],[8.0126,46.85378],[8.01297,46.85405],[8.01286,46.85468],[8.01356,46.85488]]}},{"type":"Feature","properties":{"id":"reuss-lu-2","c":"LU","p":"unknown","q":"stub","k":"river"},"geometry":{"type":"LineString","coordinates":[[8.30866,47.05188],[8.30597,47.05128],[8.30473,47.05112],[8.30334,47.05117],[8.29935,47.05287],[8.29724,47.05438],[8.29669,47.05458],[8.29394,47.05509],[8.29089,47.05522],[8.28828,47.0562],[8.28728,47.05806],[8.28651,47.06201],[8.28529,47.06412],[8.2856,47.06516]]}},{"type":"Feature","properties":{"id":"flueebach-lu","c":"LU","p":"unknown","q":"stub","k":"river"},"geometry":{"type":"LineString","coordinates":[[7.99414,47.04282],[7.9958,47.04358],[7.99702,47.04459],[7.99818,47.04522],[8.00059,47.04629],[8.00428,47.04661],[8.00726,47.0454],[8.00848,47.0452],[8.0097,47.04461],[8.01148,47.04438],[8.01321,47.04377],[8.01451,47.04304],[8.01592,47.04242],[8.01676,47.04225],[8.01737,47.04187],[8.02043,47.04114],[8.02126,47.04059],[8.02302,47.0403],[8.0246,47.03982],[8.0254,47.03904],[8.02609,47.03873],[8.02925,47.03758],[8.0324,47.03696],[8.03273,47.03639]]}},{"type":"Feature","properties":{"id":"suhre-lu","c":"LU","p":"unknown","q":"stub","k":"river"},"geometry":{"type":"MultiLineString","coordinates":[[[8.06448,47.24236],[8.06424,47.24484],[8.06349,47.24656],[8.06302,47.24664],[8.05839,47.25107]],[[8.08305,47.20698],[8.07921,47.21282],[8.07771,47.21694],[8.07528,47.22054],[8.07389,47.22644],[8.07355,47.23012],[8.07246,47.23134],[8.0676,47.23474],[8.06505,47.23911],[8.06462,47.24084]],[[8.08847,47.1962],[8.08745,47.20247],[8.08556,47.20476],[8.08417,47.20571]]]}},{"type":"Feature","properties":{"id":"seeblibach-lu","c":"LU","p":"unknown","q":"stub","k":"river"},"geometry":{"type":"LineString","coordinates":[[7.96867,46.98734],[7.96945,46.98727],[7.97121,46.98615],[7.97266,46.98549],[7.97738,46.98682],[7.97814,46.9875],[7.97937,46.98815],[7.98106,46.98812],[7.98144,46.98762],[7.98276,46.98724],[7.98397,46.98654],[7.98549,46.98657],[7.99192,46.98806],[7.99455,46.9866],[7.9955,46.98575],[7.99764,46.98476],[7.99984,46.98281],[8.00094,46.98209],[8.00348,46.98125],[8.00424,46.98067],[8.0058,46.98011]]}},{"type":"Feature","properties":{"id":"wyna-lu","c":"LU","p":"unknown","q":"stub","k":"river"},"geometry":{"type":"LineString","coordinates":[[8.18656,47.17704],[8.18759,47.17675],[8.18898,47.17687],[8.19072,47.17742],[8.19214,47.17887],[8.19285,47.17897],[8.19432,47.18002],[8.19711,47.18149],[8.19763,47.18225],[8.19843,47.18254],[8.19945,47.18262],[8.20048,47.18303],[8.20125,47.18403],[8.20228,47.18434],[8.20305,47.18408],[8.20647,47.18456],[8.20728,47.18494],[8.2012,47.19452],[8.19944,47.19631],[8.19849,47.19696],[8.19751,47.19731],[8.19266,47.19719],[8.19098,47.19781],[8.19036,47.19834],[8.19033,47.19879],[8.19119,47.20102],[8.19053,47.20268],[8.19111,47.20379],[8.19102,47.2045],[8.19133,47.20537],[8.19287,47.20591],[8.19352,47.20664],[8.1952,47.2065],[8.19702,47.20679],[8.19819,47.20656],[8.20008,47.20693],[8.20101,47.20786],[8.20077,47.20847],[8.20165,47.20831],[8.20215,47.20875],[8.20142,47.20953],[8.20145,47.21],[8.20107,47.21041],[8.20005,47.21067],[8.19941,47.21123],[8.19842,47.21101],[8.19817,47.21179],[8.19722,47.21242],[8.19752,47.21289],[8.19748,47.21392],[8.19718,47.21424],[8.19738,47.21561],[8.19572,47.21638],[8.19633,47.21808],[8.19457,47.21906],[8.19482,47.21941],[8.19468,47.22005],[8.19512,47.22076],[8.19437,47.2214],[8.19319,47.22187],[8.19298,47.2227],[8.19245,47.22327],[8.19254,47.22351],[8.19326,47.2238],[8.19335,47.22467],[8.19306,47.22596]]}},{"type":"Feature","properties":{"id":"huebbach-lu","c":"LU","p":"unknown","q":"stub","k":"river"},"geometry":{"type":"LineString","coordinates":[[7.95398,47.22039],[7.95479,47.22065],[7.95552,47.22121],[7.95635,47.22262],[7.95841,47.22367],[7.95909,47.22359],[7.95959,47.22381],[7.96013,47.22498],[7.96137,47.22555],[7.96116,47.22583],[7.96188,47.22745],[7.96291,47.22851],[7.9623,47.22922],[7.96196,47.2305],[7.96111,47.23147],[7.95921,47.23239],[7.95866,47.2329],[7.95513,47.2379],[7.95449,47.23915],[7.95416,47.24094],[7.95437,47.24559],[7.95422,47.24604],[7.95319,47.24676],[7.95292,47.24724],[7.95372,47.24934]]}},{"type":"Feature","properties":{"id":"dorfbach-gontenschwil-lu","c":"LU","p":"unknown","q":"stub","k":"river"},"geometry":{"type":"LineString","coordinates":[[8.14868,47.20292],[8.14917,47.2037],[8.14861,47.20464],[8.14811,47.20725],[8.14872,47.20848],[8.15033,47.21069],[8.15077,47.21476],[8.15216,47.21973],[8.15301,47.22188],[8.15306,47.22277],[8.15272,47.2243],[8.15236,47.22528],[8.14981,47.22761],[8.14865,47.2294],[8.14796,47.23008],[8.14723,47.2303],[8.14452,47.23034],[8.14248,47.23116],[8.14197,47.23166],[8.14164,47.23256],[8.14014,47.23423],[8.1396,47.23593],[8.13977,47.23637],[8.13942,47.23783],[8.1392,47.23812],[8.13832,47.23841],[8.13879,47.23973],[8.13782,47.24106],[8.13821,47.24159],[8.13811,47.2422],[8.13784,47.24287],[8.13724,47.24277],[8.13649,47.24355],[8.13633,47.24397],[8.13658,47.24567],[8.13592,47.24611],[8.1356,47.24694]]}},{"type":"Feature","properties":{"id":"reuss-kanal-lu","c":"LU","p":"unknown","q":"stub","k":"river"},"geometry":{"type":"LineString","coordinates":[[8.3498,47.10359],[8.35709,47.10678],[8.35786,47.10715],[8.35778,47.10744],[8.36844,47.11115],[8.36944,47.11179],[8.3747,47.11379],[8.38057,47.1148],[8.38442,47.11639]]}}]}