{"type":"FeatureCollection","features":[{"type":"Feature","properties":{"id":"zuerichsee-sg","c":"SG","p":"patent","q":"derived","k":"lake"},"geometry":{"type":"Polygon","coordinates":[[[8.79585,47.23909],[8.7969,47.23967],[8.79959,47.23981],[8.80006,47.23961],[8.79983,47.23949],[8.80003,47.23932],[8.80053,47.23936],[8.80032,47.23902],[8.80084,47.23894],[8.80117,47.23865],[8.80089,47.23817],[8.80039,47.23795],[8.80048,47.23789],[8.80399,47.23776],[8.80508,47.23735],[8.8059,47.23745],[8.80591,47.23754],[8.80622,47.23749],[8.8063,47.23768],[8.80671,47.23762],[8.80798,47.23779],[8.80804,47.23765],[8.80858,47.2374],[8.80962,47.2372],[8.81019,47.23727],[8.81019,47.23699],[8.81053,47.2371],[8.81051,47.23697],[8.81094,47.23662],[8.8117,47.23657],[8.8145,47.23689],[8.8167,47.23633],[8.81702,47.23587],[8.81729,47.23496],[8.81783,47.23504],[8.81787,47.23492],[8.81734,47.23483],[8.81758,47.2344],[8.81744,47.23437],[8.8177,47.23346],[8.81805,47.23343],[8.8181,47.2332],[8.81797,47.23317],[8.81802,47.2317],[8.8178,47.23082],[8.81799,47.22948],[8.81718,47.22866],[8.81717,47.22845],[8.81674,47.22823],[8.81335,47.2275],[8.81124,47.22688],[8.81334,47.22624],[8.81345,47.22611],[8.81363,47.22524],[8.81339,47.22448],[8.81404,47.2259],[8.81473,47.22572],[8.81496,47.22558],[8.81497,47.22538],[8.81517,47.22535],[8.81533,47.22487],[8.81437,47.22472],[8.81308,47.22371],[8.81325,47.22351],[8.81387,47.22359],[8.81454,47.2239],[8.81497,47.22376],[8.81511,47.22327],[8.81572,47.22252],[8.81646,47.2223],[8.81652,47.22254],[8.81728,47.22259],[8.81771,47.22224],[8.82001,47.22166],[8.82095,47.22166],[8.82156,47.22198],[8.82292,47.22224],[8.82421,47.222],[8.82425,47.22172],[8.82503,47.22134],[8.8245,47.22193],[8.82537,47.22199],[8.82562,47.22178],[8.82559,47.2215],[8.82629,47.22113],[8.82704,47.22017],[8.82761,47.21986],[8.82875,47.21858],[8.82988,47.21822],[8.83106,47.21743],[8.83112,47.21719],[8.83146,47.2171],[8.83171,47.21681],[8.83345,47.21658],[8.83505,47.21685],[8.8361,47.21664],[8.83787,47.21671],[8.83823,47.21639],[8.84084,47.2163],[8.84095,47.21639],[8.84241,47.21639],[8.84283,47.21619],[8.8432,47.21528],[8.8435,47.2151],[8.8445,47.21652],[8.84461,47.21649],[8.84453,47.21615],[8.84413,47.21576],[8.84414,47.21519],[8.84432,47.21525],[8.84428,47.21547],[8.84477,47.21561],[8.84485,47.21594],[8.84726,47.21578],[8.84727,47.21587],[8.84551,47.21611],[8.84566,47.21646],[8.84601,47.21659],[8.84662,47.21646],[8.84706,47.21654],[8.84821,47.21645],[8.8485,47.21713],[8.84944,47.21712],[8.84972,47.21729],[8.84991,47.21717],[8.85055,47.21724],[8.85115,47.21717],[8.8514,47.21695],[8.85147,47.21638],[8.85158,47.21653],[8.85149,47.21737],[8.85099,47.21739],[8.85085,47.21729],[8.84964,47.21755],[8.84949,47.21821],[8.84915,47.21832],[8.84838,47.21818],[8.84821,47.21872],[8.848,47.21884],[8.84808,47.21926],[8.84895,47.21987],[8.84945,47.2205],[8.84941,47.22116],[8.84965,47.22147],[8.84949,47.22168],[8.8496,47.22177],[8.8502,47.22172],[8.85046,47.22134],[8.85075,47.22121],[8.85135,47.2213],[8.85147,47.22097],[8.85227,47.22123],[8.85332,47.22121],[8.85382,47.22131],[8.85431,47.22151],[8.85446,47.22172],[8.85465,47.22152],[8.8555,47.2216],[8.85575,47.22173],[8.85585,47.22144],[8.85607,47.22191],[8.85651,47.22209],[8.85919,47.22216],[8.86042,47.22184],[8.86057,47.22157],[8.86097,47.22152],[8.86136,47.2213],[8.86261,47.21999],[8.86401,47.21915],[8.86546,47.21848],[8.86677,47.21818],[8.86732,47.21834],[8.86997,47.21836],[8.87057,47.21805],[8.87103,47.21816],[8.87268,47.21772],[8.8728,47.2179],[8.87346,47.21787],[8.87346,47.21806],[8.87375,47.21805],[8.87373,47.21784],[8.87519,47.2177],[8.87628,47.21726],[8.87688,47.21625],[8.87611,47.21596],[8.87663,47.21591],[8.87736,47.2161],[8.87733,47.21574],[8.87756,47.21563],[8.87907,47.21602],[8.88013,47.21583],[8.88236,47.21597],[8.8822,47.21632],[8.88247,47.2164],[8.88271,47.21628],[8.88312,47.21639],[8.8831,47.21659],[8.88399,47.21673],[8.88481,47.21671],[8.88512,47.2169],[8.88526,47.2172],[8.88625,47.21751],[8.88765,47.21776],[8.88846,47.21818],[8.88925,47.21838],[8.89005,47.21846],[8.89047,47.21831],[8.89112,47.21868],[8.89487,47.21896],[8.89547,47.21928],[8.89561,47.21968],[8.89627,47.22004],[8.89688,47.22025],[8.89789,47.22034],[8.89939,47.22086],[8.90177,47.22119],[8.90269,47.2211],[8.90378,47.22121],[8.90519,47.22115],[8.90634,47.22152],[8.90686,47.22229],[8.90823,47.22285],[8.90867,47.2228],[8.90943,47.22242],[8.91033,47.2225],[8.91112,47.22303],[8.91263,47.22316],[8.91484,47.22314],[8.91624,47.22329],[8.91649,47.22346],[8.91708,47.22359],[8.91574,47.22443],[8.91592,47.22493],[8.91617,47.22498],[8.91652,47.22539],[8.91686,47.22486],[8.91732,47.22505],[8.91744,47.22496],[8.91866,47.22497],[8.91858,47.22516],[8.91811,47.2251],[8.91802,47.22532],[8.91824,47.22537],[8.9182,47.22552],[8.91875,47.22562],[8.91868,47.22587],[8.91888,47.22573],[8.9191,47.22588],[8.92371,47.22584],[8.92406,47.22578],[8.92415,47.22551],[8.92545,47.22557],[8.92548,47.22546],[8.92563,47.22548],[8.92559,47.2257],[8.9261,47.22581],[8.92669,47.22581],[8.92669,47.22567],[8.92723,47.22582],[8.92981,47.22582],[8.93445,47.22552],[8.93467,47.22562],[8.93524,47.22561],[8.93727,47.22537],[8.9373,47.2252],[8.94028,47.22474],[8.94035,47.22488],[8.94148,47.22468],[8.94158,47.22492],[8.94268,47.22489],[8.94279,47.22473],[8.94335,47.22479],[8.94459,47.22467],[8.9447,47.22476],[8.94476,47.22467],[8.9479,47.22435],[8.94786,47.22414],[8.94701,47.22421],[8.94759,47.22404],[8.94775,47.22328],[8.94769,47.22318],[8.94728,47.22312],[8.94715,47.22254],[8.94685,47.22254],[8.94704,47.22297],[8.94686,47.22304],[8.94651,47.22236],[8.94602,47.22196],[8.94625,47.22179],[8.94607,47.22151],[8.94418,47.22183],[8.94397,47.22179],[8.94379,47.22153],[8.94305,47.22135],[8.94069,47.22119],[8.94079,47.21996],[8.9411,47.21945],[8.94082,47.21913],[8.94113,47.21895],[8.94167,47.21906],[8.94176,47.21892],[8.94178,47.21874],[8.94132,47.21838],[8.94128,47.21812],[8.9378,47.21776],[8.93673,47.21794],[8.93639,47.21762],[8.84693,47.20835],[8.84116,47.20817],[8.83562,47.20852],[8.83212,47.20902],[8.82871,47.20972],[8.82483,47.21079],[8.82228,47.21168],[8.81924,47.21295],[8.81634,47.21442],[8.8137,47.21601],[8.81172,47.21741],[8.80906,47.21966],[8.81226,47.22234],[8.8123,47.22265],[8.81181,47.22282],[8.80855,47.22018],[8.79585,47.23909]],[[8.94618,47.22434],[8.94659,47.22387],[8.94664,47.22337],[8.94649,47.2231],[8.94702,47.22313],[8.94682,47.22422],[8.94618,47.22434]],[[8.81288,47.22175],[8.81396,47.222],[8.81477,47.22233],[8.81192,47.2218],[8.81195,47.2217],[8.81288,47.22175]],[[8.85239,47.21833],[8.8528,47.21879],[8.85265,47.21893],[8.85206,47.21824],[8.85239,47.21833]],[[8.8529,47.21939],[8.85358,47.21957],[8.85337,47.21976],[8.8529,47.21957],[8.8526,47.21959],[8.8529,47.21939]],[[8.81572,47.22226],[8.81565,47.2224],[8.81469,47.22256],[8.81478,47.22243],[8.81572,47.22226]],[[8.85562,47.22058],[8.85616,47.22084],[8.85624,47.22106],[8.85571,47.22073],[8.85522,47.22072],[8.85562,47.22058]],[[8.8519,47.21789],[8.85186,47.21816],[8.85159,47.21758],[8.85163,47.21758],[8.8519,47.21789]],[[8.8486,47.21545],[8.84885,47.21559],[8.84871,47.21592],[8.84851,47.2156],[8.8486,47.21545]],[[8.85471,47.21964],[8.85473,47.21985],[8.85435,47.2198],[8.85449,47.21964],[8.85471,47.21964]],[[8.84819,47.21564],[8.84826,47.21602],[8.84818,47.21608],[8.848,47.21567],[8.84819,47.21564]]]}},{"type":"Feature","properties":{"id":"chapfensee-sg","c":"SG","p":"pacht","q":"derived","k":"lake"},"geometry":{"type":"Polygon","coordinates":[[[9.3824,47.04812],[9.38303,47.04827],[9.38367,47.04781],[9.38487,47.04772],[9.38612,47.04746],[9.38658,47.04726],[9.38693,47.04618],[9.38596,47.04619],[9.38562,47.04641],[9.38358,47.04705],[9.38279,47.04699],[9.38263,47.04686],[9.38271,47.04667],[9.38373,47.04579],[9.38377,47.04558],[9.38355,47.04549],[9.38299,47.04575],[9.38274,47.04569],[9.3827,47.04587],[9.38252,47.0459],[9.3818,47.04582],[9.3819,47.04557],[9.38153,47.04584],[9.38199,47.04661],[9.38191,47.04678],[9.38098,47.04678],[9.38061,47.04666],[9.38041,47.04708],[9.38018,47.04722],[9.37793,47.04775],[9.37713,47.04775],[9.37706,47.04747],[9.37682,47.04747],[9.37676,47.0478],[9.37705,47.04791],[9.37644,47.04805],[9.37662,47.04815],[9.37717,47.04808],[9.37793,47.04824],[9.37908,47.04827],[9.37978,47.04813],[9.38079,47.0482],[9.3824,47.04812]],[[9.3821,47.04703],[9.38196,47.04719],[9.38129,47.04746],[9.38107,47.04744],[9.38113,47.04727],[9.3821,47.04703]],[[9.38664,47.04672],[9.38654,47.04692],[9.38587,47.04708],[9.38647,47.04675],[9.38664,47.04672]]]}},{"type":"Feature","properties":{"id":"walensee-sg","c":"SG","p":"patent","q":"derived","k":"lake"},"geometry":{"type":"Polygon","coordinates":[[[9.11561,47.13958],[9.12102,47.13916],[9.1231,47.13946],[9.12489,47.13928],[9.12569,47.13907],[9.12657,47.13925],[9.12768,47.13896],[9.12885,47.13889],[9.13146,47.13788],[9.1331,47.13795],[9.13385,47.13818],[9.13471,47.13796],[9.13722,47.13808],[9.14024,47.1374],[9.14081,47.13744],[9.1412,47.13733],[9.14203,47.13742],[9.14408,47.13692],[9.14458,47.13596],[9.14497,47.13568],[9.14466,47.13538],[9.14481,47.13493],[9.1456,47.13476],[9.1459,47.13445],[9.14814,47.13482],[9.15061,47.13571],[9.15336,47.13577],[9.15375,47.13556],[9.15561,47.13536],[9.1577,47.13456],[9.15843,47.13392],[9.15973,47.13371],[9.16131,47.13369],[9.1619,47.13356],[9.16245,47.13363],[9.16275,47.13384],[9.1654,47.13357],[9.16753,47.1335],[9.16803,47.13358],[9.17008,47.13338],[9.17135,47.13365],[9.17262,47.13353],[9.173,47.13365],[9.17401,47.13353],[9.17492,47.13359],[9.17531,47.13341],[9.17758,47.13296],[9.17918,47.13283],[9.18082,47.13286],[9.18206,47.13303],[9.18386,47.13281],[9.18399,47.13272],[9.18504,47.1329],[9.18653,47.13271],[9.18851,47.13278],[9.19076,47.13231],[9.19197,47.13238],[9.19639,47.13145],[9.19746,47.13148],[9.19909,47.13112],[9.20069,47.13108],[9.20163,47.13068],[9.20236,47.13064],[9.20274,47.13041],[9.20404,47.13047],[9.20451,47.13031],[9.20514,47.12989],[9.20738,47.12973],[9.20859,47.12929],[9.21187,47.12923],[9.21247,47.12911],[9.21254,47.12892],[9.21277,47.12883],[9.2136,47.12898],[9.21393,47.12874],[9.21559,47.12876],[9.21649,47.12911],[9.21653,47.12899],[9.21773,47.12908],[9.21773,47.12916],[9.22024,47.12886],[9.22222,47.12914],[9.22293,47.12949],[9.22327,47.12952],[9.22372,47.12943],[9.22494,47.12887],[9.22706,47.1286],[9.22851,47.12899],[9.23001,47.12974],[9.23138,47.1298],[9.23319,47.12975],[9.23466,47.12955],[9.2348,47.12942],[9.23528,47.1294],[9.23572,47.12901],[9.23586,47.12907],[9.23574,47.12923],[9.23595,47.12915],[9.2368,47.12928],[9.23914,47.12917],[9.24305,47.12989],[9.24389,47.12983],[9.24488,47.12998],[9.24629,47.12945],[9.24718,47.12938],[9.2478,47.12952],[9.24901,47.13035],[9.25031,47.1305],[9.25144,47.1302],[9.25261,47.13035],[9.25373,47.13016],[9.25612,47.12945],[9.25848,47.12949],[9.25895,47.12934],[9.25945,47.12937],[9.26028,47.12911],[9.2607,47.12915],[9.26075,47.12927],[9.26143,47.12915],[9.26246,47.1293],[9.26318,47.12917],[9.26424,47.12919],[9.26426,47.12928],[9.26487,47.12943],[9.26571,47.12951],[9.26788,47.1293],[9.26939,47.12893],[9.27255,47.12893],[9.27454,47.12923],[9.27486,47.12938],[9.27579,47.12936],[9.27705,47.12958],[9.27829,47.12964],[9.27881,47.12957],[9.27949,47.12929],[9.28048,47.12947],[9.28154,47.12941],[9.28245,47.1295],[9.2832,47.12942],[9.28365,47.12923],[9.28465,47.12914],[9.29095,47.12934],[9.29229,47.12884],[9.29275,47.12855],[9.29378,47.12829],[9.29437,47.12838],[9.2954,47.12877],[9.29653,47.12896],[9.29751,47.12883],[9.29964,47.12891],[9.30022,47.12881],[9.30116,47.12835],[9.30174,47.12768],[9.30244,47.1272],[9.30242,47.12699],[9.30195,47.12708],[9.30226,47.12555],[9.30201,47.1247],[9.30054,47.12331],[9.29935,47.12156],[9.29948,47.12103],[9.2998,47.12097],[9.29934,47.12082],[9.29905,47.12055],[9.29919,47.12039],[9.30041,47.11996],[9.30065,47.11946],[9.30046,47.11934],[9.2994,47.11989],[9.29925,47.11979],[9.29906,47.1189],[9.29926,47.11869],[9.29918,47.11885],[9.29972,47.11884],[9.29975,47.11892],[9.29999,47.11823],[9.29949,47.11665],[9.29912,47.11618],[9.29771,47.11545],[9.29557,47.11495],[9.29459,47.11502],[9.29246,47.11548],[9.29029,47.11566],[9.2898,47.11559],[9.28903,47.11523],[9.28816,47.11432],[9.28709,47.11388],[9.28703,47.11375],[9.28597,47.11382],[9.28515,47.11366],[9.2839,47.11364],[9.28119,47.11315],[9.27977,47.11315],[9.27908,47.11294],[9.27786,47.11301],[9.27743,47.11307],[9.27675,47.11352],[9.27653,47.11337],[9.27647,47.11358],[9.27621,47.11352],[9.2759,47.11361],[9.27467,47.11445],[9.27414,47.11464],[9.27324,47.11475],[9.27159,47.11427],[9.27113,47.11425],[9.26956,47.11476],[9.26897,47.11507],[9.2677,47.11541],[9.26671,47.11592],[9.26591,47.11609],[9.26361,47.11563],[9.26269,47.11566],[9.26078,47.11526],[9.26055,47.11531],[9.2599,47.11587],[9.25981,47.11632],[9.25893,47.11626],[9.25714,47.11635],[9.25559,47.1161],[9.2555,47.11628],[9.25522,47.11628],[9.25522,47.11613],[9.25493,47.116],[9.25485,47.11571],[9.25497,47.11567],[9.25437,47.11471],[9.25391,47.11475],[9.25391,47.11458],[9.25363,47.11446],[9.25273,47.11455],[9.25245,47.11434],[9.25239,47.11403],[9.25132,47.11363],[9.25113,47.11391],[9.25075,47.11379],[9.25083,47.11351],[9.25065,47.11338],[9.2504,47.11333],[9.25017,47.1137],[9.24969,47.1134],[9.24796,47.11322],[9.24769,47.11331],[9.24679,47.11315],[9.24681,47.11304],[9.24638,47.1129],[9.24589,47.11285],[9.24558,47.11258],[9.24388,47.11259],[9.24214,47.11281],[9.24216,47.11293],[9.24101,47.11302],[9.23846,47.11265],[9.2355,47.11253],[9.23329,47.11194],[9.23187,47.11178],[9.23069,47.11184],[9.22888,47.11154],[9.228,47.11151],[9.22682,47.11178],[9.22556,47.11157],[9.2229,47.11173],[9.22106,47.11227],[9.21987,47.11313],[9.21945,47.11379],[9.21883,47.11407],[9.21797,47.11472],[9.21778,47.11465],[9.21662,47.11516],[9.21576,47.11537],[9.21567,47.11552],[9.21476,47.11557],[9.21365,47.11512],[9.21356,47.11475],[9.21164,47.11324],[9.21098,47.11319],[9.21081,47.11344],[9.21059,47.11345],[9.20922,47.11319],[9.209,47.11326],[9.20853,47.11308],[9.20527,47.11301],[9.20364,47.11331],[9.19934,47.11439],[9.19519,47.11449],[9.19088,47.11569],[9.18882,47.11599],[9.18988,47.1237],[9.1477,47.12892],[9.13592,47.13198],[9.11543,47.13275],[9.11293,47.13224],[9.10981,47.13143],[9.10816,47.13132],[9.10676,47.13147],[9.10522,47.13186],[9.10169,47.13322],[9.10097,47.13321],[9.09998,47.13278],[9.09924,47.13265],[9.0987,47.1328],[9.09879,47.13314],[9.09832,47.13382],[9.09849,47.13424],[9.09903,47.13476],[9.09982,47.13452],[9.09975,47.13479],[9.09932,47.13491],[9.10035,47.13532],[9.10126,47.13517],[9.10158,47.13483],[9.1015,47.13475],[9.10179,47.13466],[9.10351,47.13457],[9.10462,47.1337],[9.10524,47.1335],[9.10539,47.13328],[9.10553,47.13328],[9.10551,47.13351],[9.10565,47.13356],[9.10579,47.13331],[9.10595,47.13387],[9.10633,47.13412],[9.10712,47.13435],[9.10772,47.13515],[9.10931,47.13529],[9.11068,47.13612],[9.11092,47.13705],[9.11222,47.13845],[9.11435,47.13954],[9.11561,47.13958]],[[9.28831,47.11847],[9.28759,47.11853],[9.28753,47.11843],[9.2882,47.11835],[9.28831,47.11847]]]}},{"type":"Feature","properties":{"id":"voralpsee-sg","c":"SG","p":"pacht","q":"derived","k":"lake"},"geometry":{"type":"Polygon","coordinates":[[[9.37752,47.158],[9.37833,47.15874],[9.3785,47.15863],[9.37884,47.15866],[9.37942,47.15732],[9.37988,47.15666],[9.37993,47.1563],[9.37915,47.15561],[9.37837,47.15533],[9.37696,47.15546],[9.37578,47.15437],[9.37553,47.15388],[9.37477,47.15386],[9.37342,47.15467],[9.37282,47.15481],[9.37262,47.15571],[9.37378,47.15685],[9.37423,47.15697],[9.3749,47.15698],[9.37752,47.158]]]}},{"type":"Feature","properties":{"id":"oberer-murgsee-sg","c":"SG","p":"pacht","q":"derived","k":"lake"},"geometry":{"type":"Polygon","coordinates":[[[9.15103,47.03914],[9.15142,47.03966],[9.15124,47.04042],[9.15147,47.04066],[9.15328,47.04106],[9.15475,47.04168],[9.15573,47.0419],[9.15612,47.04183],[9.15685,47.04124],[9.15761,47.04105],[9.15757,47.04054],[9.15832,47.03995],[9.15808,47.0398],[9.15756,47.03981],[9.15696,47.03958],[9.15664,47.03871],[9.15609,47.03838],[9.1562,47.03818],[9.15646,47.03811],[9.1564,47.03791],[9.15581,47.03764],[9.15574,47.03724],[9.15551,47.03697],[9.15509,47.03701],[9.15483,47.03677],[9.15428,47.03699],[9.15388,47.03674],[9.15367,47.03701],[9.15338,47.03705],[9.15287,47.03679],[9.15207,47.03713],[9.15154,47.0386],[9.15103,47.03914]]]}},{"type":"Feature","properties":{"id":"gigerwaldsee-sg","c":"SG","p":"pacht","q":"derived","k":"lake"},"geometry":{"type":"Polygon","coordinates":[[[9.35875,46.92011],[9.36003,46.91969],[9.36167,46.91964],[9.36324,46.91917],[9.36421,46.9192],[9.36432,46.91938],[9.36518,46.9187],[9.36573,46.91785],[9.36605,46.91763],[9.36647,46.91744],[9.36732,46.91729],[9.3683,46.91691],[9.36835,46.91674],[9.37142,46.91623],[9.37352,46.9163],[9.37475,46.91575],[9.37521,46.91573],[9.37574,46.91544],[9.37596,46.91547],[9.37617,46.9153],[9.37891,46.91508],[9.38111,46.91422],[9.38443,46.91405],[9.38607,46.91458],[9.38743,46.91459],[9.38911,46.91445],[9.39155,46.91399],[9.39177,46.91391],[9.39132,46.91333],[9.3912,46.91259],[9.39148,46.91194],[9.39222,46.91125],[9.39001,46.91091],[9.38919,46.91095],[9.38828,46.91078],[9.3866,46.91093],[9.38586,46.91084],[9.38345,46.9113],[9.3831,46.91161],[9.38273,46.91173],[9.38029,46.91181],[9.3795,46.91196],[9.37941,46.91211],[9.37964,46.91244],[9.37966,46.91303],[9.37935,46.91333],[9.37884,46.91346],[9.37613,46.91311],[9.37545,46.9134],[9.37424,46.91332],[9.37127,46.9135],[9.37058,46.91361],[9.37004,46.91393],[9.36911,46.91383],[9.36869,46.91391],[9.36765,46.915],[9.36661,46.91535],[9.36542,46.91655],[9.3632,46.91783],[9.36178,46.91809],[9.36162,46.91829],[9.36098,46.91855],[9.35944,46.9186],[9.35823,46.91955],[9.35732,46.91963],[9.35619,46.9199],[9.35546,46.92035],[9.35662,46.9201],[9.35732,46.9203],[9.35843,46.92032],[9.35875,46.92011]]]}},{"type":"Feature","properties":{"id":"bodensee-sg","c":"SG","p":"patent","q":"derived","k":"lake"},"geometry":{"type":"Polygon","coordinates":[[[9.56221,47.49514],[9.56124,47.49728],[9.56029,47.49875],[9.55939,47.49835],[9.55936,47.49819],[9.55822,47.49735],[9.55784,47.49761],[9.55789,47.49771],[9.55668,47.49852],[9.55742,47.49911],[9.5555,47.5001],[9.55492,47.50019],[9.55476,47.49973],[9.55503,47.49946],[9.55487,47.49916],[9.5539,47.49829],[9.55451,47.49758],[9.55511,47.49726],[9.55515,47.49693],[9.55497,47.49692],[9.55481,47.49661],[9.5549,47.49607],[9.55465,47.49578],[9.55434,47.49586],[9.55418,47.49579],[9.55418,47.49536],[9.55267,47.49489],[9.5525,47.49423],[9.55215,47.49407],[9.55147,47.49429],[9.55124,47.49399],[9.55046,47.49369],[9.54989,47.49307],[9.54993,47.49248],[9.54929,47.49259],[9.54915,47.49215],[9.54853,47.49172],[9.54821,47.49174],[9.54787,47.49156],[9.54802,47.49131],[9.54828,47.49133],[9.54828,47.49124],[9.5473,47.49106],[9.54644,47.49119],[9.54638,47.4911],[9.54694,47.49062],[9.54731,47.49062],[9.54775,47.49079],[9.548,47.49051],[9.54766,47.49035],[9.54789,47.49022],[9.54766,47.49029],[9.54753,47.49018],[9.54819,47.49],[9.54807,47.48976],[9.54764,47.4899],[9.54622,47.49105],[9.54608,47.49103],[9.54574,47.48988],[9.54548,47.48985],[9.54514,47.48932],[9.5455,47.48933],[9.54567,47.4896],[9.54592,47.48948],[9.54574,47.48916],[9.54516,47.48904],[9.54436,47.488],[9.54438,47.4876],[9.54465,47.48746],[9.54434,47.48658],[9.54408,47.48648],[9.54386,47.48588],[9.54416,47.48581],[9.54329,47.48492],[9.54331,47.48459],[9.54255,47.48445],[9.54253,47.48475],[9.54202,47.48417],[9.54178,47.48423],[9.54157,47.48402],[9.54029,47.48365],[9.54012,47.48349],[9.54039,47.48294],[9.54022,47.48268],[9.53812,47.48186],[9.5381,47.48173],[9.53788,47.48213],[9.53345,47.4812],[9.53337,47.48131],[9.53303,47.48123],[9.53265,47.48155],[9.53196,47.48288],[9.53139,47.48269],[9.53236,47.48124],[9.53136,47.48069],[9.53053,47.48051],[9.53077,47.48033],[9.5305,47.48027],[9.53033,47.4808],[9.53,47.48084],[9.5299,47.48074],[9.53009,47.48022],[9.52997,47.48019],[9.52859,47.48011],[9.52844,47.48068],[9.52943,47.48081],[9.5295,47.48069],[9.52991,47.48113],[9.52931,47.48163],[9.52953,47.48126],[9.52941,47.48109],[9.52817,47.48086],[9.5274,47.48017],[9.5267,47.48017],[9.52637,47.4805],[9.52575,47.48047],[9.52535,47.48078],[9.52481,47.48067],[9.52459,47.48041],[9.52405,47.48029],[9.5175,47.47966],[9.51743,47.48016],[9.51648,47.48004],[9.51606,47.47972],[9.51507,47.47961],[9.50913,47.47929],[9.50761,47.4794],[9.50606,47.47933],[9.50594,47.47918],[9.50672,47.47923],[9.50674,47.47906],[9.50579,47.479],[9.50593,47.47933],[9.50561,47.47931],[9.50527,47.47914],[9.50382,47.47883],[9.50195,47.47858],[9.50201,47.47833],[9.49916,47.47811],[9.49888,47.47829],[9.49851,47.47809],[9.49437,47.47907],[9.49283,47.47885],[9.49222,47.47908],[9.49239,47.47934],[9.49128,47.47966],[9.48707,47.47989],[9.48526,47.48021],[9.48535,47.48044],[9.48472,47.4807],[9.48291,47.4812],[9.48269,47.48102],[9.48164,47.48125],[9.47934,47.48274],[9.47932,47.48292],[9.47896,47.48316],[9.47874,47.48379],[9.47889,47.48402],[9.47846,47.48464],[9.47792,47.48511],[9.47775,47.48509],[9.47866,47.48403],[9.47836,47.48376],[9.47739,47.48476],[9.47721,47.48508],[9.47727,47.48515],[9.47759,47.48505],[9.47766,47.48519],[9.47704,47.48575],[9.47682,47.48644],[9.47681,47.48728],[9.4771,47.48799],[9.47691,47.48876],[9.47719,47.48887],[9.47741,47.48963],[9.47638,47.48926],[9.47625,47.48933],[9.47843,47.49032],[9.48355,47.49377],[9.47197,47.50173],[9.45756,47.50725],[9.44944,47.50143],[9.44905,47.50163],[9.44914,47.50129],[9.44864,47.50104],[9.44775,47.50178],[9.44749,47.50229],[9.44797,47.50249],[9.44828,47.5025],[9.44869,47.50234],[9.44945,47.50168],[9.44954,47.50201],[9.44925,47.50233],[9.44842,47.50277],[9.44739,47.50287],[9.44696,47.50275],[9.44685,47.50291],[9.44708,47.50306],[9.44683,47.50342],[9.44664,47.50466],[9.44674,47.50529],[9.44581,47.5058],[9.44536,47.50583],[9.445,47.50563],[9.44494,47.5057],[9.44428,47.50551],[9.44389,47.50554],[9.44369,47.50535],[9.44333,47.50547],[9.44289,47.50542],[9.44245,47.50499],[9.44224,47.50502],[9.44213,47.5049],[9.44019,47.50519],[9.43858,47.50492],[9.43679,47.50574],[9.43583,47.50647],[9.43434,47.50615],[9.43561,47.50651],[9.44697,47.51131],[9.50695,47.54974],[9.55872,47.54189],[9.56183,47.50456],[9.5613,47.50008],[9.5613,47.49855],[9.56168,47.49703],[9.56224,47.49587],[9.56221,47.49514]],[[9.56018,47.49885],[9.55822,47.50025],[9.55621,47.50105],[9.55565,47.50111],[9.5551,47.501],[9.55514,47.5006],[9.55442,47.50048],[9.55551,47.50033],[9.55755,47.49925],[9.55771,47.49934],[9.55917,47.49841],[9.56018,47.49885]],[[9.54304,47.48507],[9.5437,47.48546],[9.54366,47.48562],[9.54304,47.48507]]]}},{"type":"Feature","properties":{"id":"guebsensee-sg","c":"SG","p":"pacht","q":"derived","k":"lake"},"geometry":{"type":"Polygon","coordinates":[[[9.32129,47.40024],[9.32192,47.39951],[9.32023,47.39896],[9.31924,47.39842],[9.3145,47.39826],[9.31379,47.39816],[9.3124,47.39769],[9.30978,47.39769],[9.30728,47.39713],[9.30711,47.39718],[9.30678,47.39855],[9.30838,47.39892],[9.30943,47.39909],[9.31121,47.39902],[9.31175,47.39915],[9.31235,47.39951],[9.31548,47.39993],[9.31679,47.39979],[9.31788,47.39945],[9.31874,47.39941],[9.32129,47.40024]]]}},{"type":"Feature","properties":{"id":"bettenauer-weiher-sg","c":"SG","p":"pacht","q":"derived","k":"lake"},"geometry":{"type":"Polygon","coordinates":[[[9.09918,47.42791],[9.09885,47.42817],[9.09883,47.42849],[9.09929,47.42926],[9.1006,47.42949],[9.10141,47.43022],[9.10439,47.43087],[9.10612,47.43101],[9.10679,47.43118],[9.10731,47.43111],[9.106,47.42944],[9.10503,47.42957],[9.10339,47.42934],[9.1029,47.42923],[9.10235,47.42889],[9.10169,47.42883],[9.10066,47.42834],[9.09918,47.42791]]]}},{"type":"Feature","properties":{"id":"mapraggsee-sg","c":"SG","p":"pacht","q":"derived","k":"lake"},"geometry":{"type":"Polygon","coordinates":[[[9.4802,46.94621],[9.47956,46.94643],[9.47956,46.94698],[9.48033,46.94771],[9.48032,46.94788],[9.48063,46.94809],[9.48205,46.94807],[9.48215,46.94757],[9.48263,46.94699],[9.48288,46.9462],[9.48254,46.94507],[9.4814,46.94426],[9.48176,46.94336],[9.48102,46.94258],[9.47915,46.94147],[9.47868,46.9407],[9.47773,46.94011],[9.47709,46.93931],[9.47693,46.93881],[9.47622,46.93799],[9.47593,46.93729],[9.47484,46.93621],[9.47456,46.93561],[9.47283,46.93457],[9.47215,46.93369],[9.47159,46.93323],[9.47065,46.93309],[9.47032,46.93245],[9.47021,46.93246],[9.47011,46.9325],[9.47057,46.93325],[9.47111,46.93338],[9.47138,46.93357],[9.47215,46.93475],[9.47363,46.93568],[9.47397,46.9363],[9.47442,46.93658],[9.47517,46.93743],[9.47521,46.93783],[9.47553,46.93822],[9.47663,46.94071],[9.47718,46.94142],[9.47712,46.94167],[9.47768,46.94172],[9.47793,46.94209],[9.47786,46.94234],[9.47888,46.94425],[9.47912,46.94511],[9.47931,46.94532],[9.48044,46.94562],[9.48061,46.94579],[9.4802,46.94621]]]}},{"type":"Feature","properties":{"id":"grabser-bach-sg","c":"SG","p":"pacht","q":"derived","k":"river"},"geometry":{"type":"MultiLineString","coordinates":[[[9.43627,47.18002],[9.43679,47.18036],[9.43816,47.18068],[9.43881,47.18149],[9.44099,47.18289],[9.44294,47.18332],[9.44459,47.18341],[9.44695,47.18387]],[[9.4482,47.18425],[9.4512,47.18547],[9.46972,47.19],[9.47279,47.19052],[9.47373,47.19107],[9.47661,47.1944]]]}},{"type":"Feature","properties":{"id":"walchenbach-sg","c":"SG","p":"pacht","q":"derived","k":"river"},"geometry":{"type":"MultiLineString","coordinates":[[[9.38014,47.17884],[9.3811,47.17812],[9.38136,47.177],[9.38271,47.17658],[9.38339,47.17614],[9.38455,47.17608],[9.38518,47.17507],[9.38598,47.1749],[9.38667,47.17412],[9.38769,47.17404],[9.3898,47.17347],[9.39058,47.17268],[9.39182,47.17196],[9.39273,47.17077],[9.39499,47.17049],[9.3962,47.16974],[9.39704,47.16883],[9.39819,47.16895],[9.4006,47.1701],[9.40324,47.17041],[9.40415,47.17013],[9.40625,47.17082],[9.40755,47.17107],[9.40824,47.17096],[9.40888,47.17143],[9.40974,47.1715],[9.4111,47.17202],[9.41212,47.1719],[9.4138,47.172],[9.41617,47.17269],[9.41786,47.17281],[9.41874,47.17256],[9.42025,47.17286],[9.42198,47.17377],[9.42271,47.17343],[9.42358,47.1737],[9.42438,47.17358],[9.42694,47.17486],[9.42799,47.17482],[9.43018,47.17558]],[[9.43044,47.17567],[9.43105,47.17613],[9.43138,47.17722],[9.43222,47.17805],[9.43328,47.17812],[9.43536,47.17902],[9.43627,47.18002]]]}},{"type":"Feature","properties":{"id":"rietaach-sg","c":"SG","p":"pacht","q":"derived","k":"river"},"geometry":{"type":"MultiLineString","coordinates":[[[9.52006,47.33968],[9.52351,47.33993],[9.52417,47.3402],[9.52508,47.34016],[9.52644,47.3408],[9.52718,47.34067],[9.52786,47.34085],[9.52862,47.34118],[9.52917,47.34191],[9.5301,47.34196],[9.5315,47.34231],[9.53416,47.34399],[9.53512,47.34495]],[[9.53578,47.34562],[9.5382,47.34886],[9.54024,47.35089],[9.54919,47.35746],[9.5637,47.36704],[9.56822,47.36924],[9.58809,47.37822],[9.59837,47.38538],[9.6073,47.38949],[9.61284,47.39164],[9.61537,47.39182],[9.62208,47.3917]]]}},{"type":"Feature","properties":{"id":"giessen-sg","c":"SG","p":"pacht","q":"derived","k":"river"},"geometry":{"type":"LineString","coordinates":[[9.47807,47.16194],[9.47748,47.16381],[9.4784,47.16724],[9.47753,47.16833],[9.47641,47.17042],[9.4756,47.17257],[9.47361,47.17443],[9.47092,47.18207],[9.47105,47.18327],[9.47152,47.18425],[9.4736,47.18627],[9.47417,47.18713],[9.47684,47.19386]]}},{"type":"Feature","properties":{"id":"saarkanal-sg","c":"SG","p":"pacht","q":"derived","k":"river"},"geometry":{"type":"MultiLineString","coordinates":[[[9.45292,47.11805],[9.45525,47.11744],[9.45792,47.1182],[9.45926,47.11828],[9.46042,47.119],[9.4614,47.1193],[9.46268,47.11896],[9.46359,47.11908],[9.46515,47.11868],[9.46646,47.11778],[9.4673,47.11753],[9.46938,47.11849],[9.47018,47.11871],[9.47122,47.11866],[9.47208,47.11943],[9.4732,47.11983],[9.47367,47.12084],[9.4733,47.12186],[9.47351,47.12229]],[[9.47324,47.12263],[9.47334,47.12295],[9.4742,47.12326],[9.47488,47.12452],[9.47581,47.1247],[9.47629,47.12522],[9.47793,47.12557]],[[9.47863,47.12598],[9.48138,47.12778],[9.48192,47.12849],[9.48367,47.1417],[9.48341,47.14511],[9.48287,47.14559],[9.48091,47.14622],[9.48038,47.1469],[9.4806,47.149],[9.47989,47.15151],[9.48107,47.15353],[9.48087,47.15601],[9.47807,47.16194]]]}},{"type":"Feature","properties":{"id":"valaisbach-sg","c":"SG","p":"pacht","q":"derived","k":"river"},"geometry":{"type":"LineString","coordinates":[[9.42331,46.9794],[9.42283,46.98014],[9.42314,46.98086],[9.42284,46.98117],[9.42325,46.98156],[9.42362,46.98164],[9.42304,46.98283],[9.42277,46.98416],[9.42334,46.98514],[9.4241,46.98543],[9.42433,46.9868],[9.424,46.98764],[9.42412,46.99022],[9.42386,46.99144],[9.42405,46.99213],[9.42362,46.99299],[9.42365,46.99348],[9.42303,46.99401],[9.42357,46.99442],[9.42468,46.99591],[9.4249,46.99727],[9.42515,46.99762],[9.42889,47.00059],[9.42951,47.00179],[9.4315,47.00448],[9.43168,47.00534]]}},{"type":"Feature","properties":{"id":"vilterser-bach-sg","c":"SG","p":"pacht","q":"derived","k":"river"},"geometry":{"type":"MultiLineString","coordinates":[[[9.43168,47.00534],[9.43186,47.00589],[9.43343,47.00806],[9.4334,47.00889],[9.43378,47.00999],[9.43351,47.01069],[9.43448,47.01198],[9.43485,47.01418],[9.43568,47.01495],[9.43758,47.01583],[9.43772,47.01628],[9.43857,47.01706],[9.43906,47.01789],[9.43978,47.01804],[9.44062,47.01849],[9.44059,47.01951],[9.44137,47.02009],[9.44192,47.02025],[9.44191,47.02066],[9.4433,47.02144],[9.44345,47.02172],[9.44529,47.02212],[9.44768,47.02326],[9.44893,47.0247],[9.44963,47.02595],[9.44957,47.02798],[9.44831,47.02993],[9.44755,47.03038]],[[9.44638,47.03095],[9.44573,47.03134]]]}},{"type":"Feature","properties":{"id":"schindlerenbach-sg","c":"SG","p":"pacht","q":"derived","k":"river"},"geometry":{"type":"MultiLineString","coordinates":[[[9.48922,47.28595],[9.49077,47.28569],[9.49274,47.28491],[9.49573,47.28316],[9.4972,47.28196],[9.49982,47.28212],[9.50246,47.28199],[9.50419,47.28233],[9.50512,47.28277],[9.50827,47.28322],[9.50999,47.28326],[9.51095,47.28238],[9.51224,47.28178],[9.51251,47.2802],[9.51369,47.27826],[9.51364,47.2771]],[[9.51339,47.27669],[9.51348,47.27609],[9.51479,47.27469],[9.51701,47.27302]],[[9.51748,47.27265],[9.51776,47.27255]]]}},{"type":"Feature","properties":{"id":"steinen-bach-sg","c":"SG","p":"pacht","q":"derived","k":"river"},"geometry":{"type":"MultiLineString","coordinates":[[[9.48155,47.27584],[9.48261,47.27591],[9.48475,47.27494],[9.486,47.27481],[9.48722,47.27424],[9.48894,47.27426],[9.48993,47.27389],[9.49387,47.26914],[9.49405,47.26757],[9.49487,47.26658],[9.49539,47.26547],[9.49455,47.26429]],[[9.49449,47.26423],[9.49444,47.26355],[9.49475,47.26273],[9.49605,47.261]],[[9.49655,47.26058],[9.49764,47.25984],[9.50268,47.2574]],[[9.50388,47.25679],[9.50455,47.25643]]]}},{"type":"Feature","properties":{"id":"plonerbach-sg","c":"SG","p":"pacht","q":"derived","k":"river"},"geometry":{"type":"LineString","coordinates":[[9.49716,47.29274],[9.49836,47.29233],[9.4991,47.29166],[9.50031,47.29135],[9.50241,47.2913],[9.50564,47.29033],[9.50834,47.29015],[9.51008,47.28878],[9.51123,47.28827],[9.51181,47.28741],[9.51231,47.28726],[9.51259,47.2867],[9.51382,47.28592],[9.51667,47.28631],[9.51755,47.28658],[9.52033,47.28792],[9.52113,47.28893],[9.52403,47.28966],[9.52466,47.29023],[9.52466,47.2907],[9.52503,47.29091],[9.52926,47.29244],[9.52996,47.29307],[9.53117,47.29334],[9.53262,47.29405],[9.53361,47.29487],[9.53412,47.2948],[9.53543,47.29505]]}},{"type":"Feature","properties":{"id":"dorfbach-sg","c":"SG","p":"pacht","q":"derived","k":"river"},"geometry":{"type":"MultiLineString","coordinates":[[[9.21767,47.44999],[9.21424,47.45088],[9.21504,47.4516],[9.21491,47.45224],[9.21433,47.45277],[9.21486,47.45316],[9.21492,47.45359],[9.21368,47.45543],[9.21357,47.45594],[9.21219,47.4562],[9.21108,47.45679],[9.21085,47.45747],[9.20935,47.45832],[9.20932,47.45872],[9.20859,47.45969],[9.20817,47.45977],[9.20759,47.45948],[9.20704,47.45965],[9.20654,47.46025],[9.20703,47.46083],[9.20707,47.46257],[9.20614,47.46434],[9.2055,47.46496],[9.20297,47.46585],[9.19905,47.46896],[9.19845,47.47015],[9.19848,47.47194]],[[9.2264,47.44471],[9.22559,47.44488],[9.22551,47.44541],[9.22484,47.44576],[9.22472,47.44623],[9.22435,47.44642],[9.22389,47.44716],[9.22401,47.44778],[9.22307,47.44836],[9.22242,47.44841],[9.22186,47.44879],[9.21828,47.44998]]]}},{"type":"Feature","properties":{"id":"linth-nebengraben-2-sg","c":"SG","p":"pacht","q":"derived","k":"river"},"geometry":{"type":"LineString","coordinates":[[9.00872,47.17241],[8.99565,47.18173],[8.99374,47.18353],[8.972,47.21762],[8.97143,47.21799]]}},{"type":"Feature","properties":{"id":"steinenbach-sg","c":"SG","p":"pacht","q":"derived","k":"river"},"geometry":{"type":"LineString","coordinates":[[8.97143,47.21799],[8.97018,47.21833],[8.96861,47.21837],[8.95583,47.21687],[8.9423,47.2187]]}},{"type":"Feature","properties":{"id":"rhein-sg","c":"SG","p":"patent","q":"derived","k":"river"},"geometry":{"type":"MultiLineString","coordinates":[[[9.47593,47.05171],[9.47184,47.06131],[9.47165,47.06351],[9.47253,47.06528],[9.47347,47.06603],[9.47506,47.06696],[9.47818,47.06825]],[[9.48704,47.03842],[9.48018,47.04574]],[[9.49369,47.20259],[9.49965,47.21147],[9.50158,47.22023],[9.50412,47.22455],[9.52005,47.2432],[9.52987,47.26192],[9.53027,47.26434],[9.53028,47.26955],[9.53076,47.2708],[9.53167,47.27199],[9.53263,47.27273],[9.54317,47.27821]],[[9.50791,47.01625],[9.50642,47.01836],[9.50442,47.02009],[9.48998,47.03538]],[[9.54557,46.97658],[9.5421,46.97958]],[[9.55459,47.29564],[9.55522,47.29719],[9.55599,47.2981],[9.56585,47.30434],[9.57853,47.30963],[9.58091,47.31067],[9.58215,47.31142],[9.58337,47.31239],[9.58882,47.31808]],[[9.59228,47.32697],[9.59899,47.34425],[9.60062,47.34688],[9.60482,47.35114],[9.63168,47.3718],[9.63795,47.37804],[9.6433,47.38492],[9.64556,47.38869],[9.64766,47.39307],[9.64939,47.39749],[9.65094,47.4019],[9.65162,47.4046]]]}},{"type":"Feature","properties":{"id":"giessbach-sg","c":"SG","p":"pacht","q":"derived","k":"river"},"geometry":{"type":"LineString","coordinates":[[9.30252,47.45931],[9.30447,47.45993],[9.30508,47.46068],[9.30528,47.46154],[9.307,47.46172],[9.30879,47.46218],[9.30941,47.46256],[9.3104,47.46255],[9.31134,47.46341],[9.31249,47.46352],[9.31365,47.46395],[9.31547,47.46533],[9.31757,47.46562],[9.31852,47.46715],[9.31924,47.46727],[9.32019,47.46779],[9.32127,47.46794],[9.32155,47.46825],[9.32235,47.46842],[9.32372,47.46913],[9.3243,47.46979],[9.32533,47.47028],[9.32595,47.47027],[9.32794,47.47232],[9.32856,47.47337],[9.32921,47.47375],[9.32921,47.47492],[9.32867,47.47531],[9.32878,47.47671],[9.32913,47.47702],[9.32936,47.47785],[9.32938,47.4794],[9.32874,47.47981],[9.32892,47.48002],[9.32872,47.48026],[9.32817,47.48041],[9.32802,47.48069],[9.32724,47.48085],[9.32533,47.48307],[9.32488,47.48338],[9.32407,47.48345],[9.32402,47.48403],[9.32312,47.48434],[9.32322,47.48468],[9.32267,47.48478],[9.32228,47.48523]]}},{"type":"Feature","properties":{"id":"sorenbach-sg","c":"SG","p":"pacht","q":"derived","k":"river"},"geometry":{"type":"LineString","coordinates":[[9.24563,47.47903],[9.24415,47.47889],[9.24198,47.47665],[9.24212,47.47609],[9.24173,47.4755],[9.23731,47.47298],[9.23688,47.47297],[9.23516,47.47358],[9.23351,47.47377],[9.23221,47.47314],[9.22956,47.47259],[9.22881,47.47275],[9.22824,47.47171],[9.22746,47.47156],[9.22663,47.47095],[9.22043,47.47029],[9.21931,47.47069],[9.21824,47.47033],[9.21533,47.47211],[9.20956,47.47412],[9.20746,47.47572],[9.20683,47.47664]]}},{"type":"Feature","properties":{"id":"rueerenbaechli-sg","c":"SG","p":"pacht","q":"derived","k":"river"},"geometry":{"type":"LineString","coordinates":[[9.29057,47.45458],[9.2904,47.45476],[9.2891,47.455],[9.28764,47.45476],[9.28636,47.45517],[9.2852,47.45514],[9.2845,47.45533],[9.28233,47.45548],[9.2811,47.45534],[9.28068,47.45507],[9.27921,47.45532],[9.27382,47.45495],[9.27255,47.45551],[9.27197,47.45629],[9.27163,47.45644],[9.27149,47.45685],[9.27168,47.45702],[9.27005,47.45832],[9.269,47.45824],[9.26796,47.45889],[9.26758,47.45995],[9.26714,47.46012],[9.26643,47.46082],[9.2661,47.46156],[9.26569,47.46152],[9.26518,47.4618],[9.26351,47.46157],[9.2631,47.46129],[9.26242,47.46145],[9.26169,47.46121],[9.26067,47.4616],[9.26013,47.46228],[9.25987,47.46406],[9.25994,47.46436],[9.26031,47.46428],[9.2606,47.46444],[9.26081,47.46492],[9.2608,47.46585],[9.26014,47.46751],[9.26035,47.46808],[9.26012,47.46855],[9.26037,47.46996],[9.26073,47.46982],[9.26093,47.47005],[9.26005,47.47167],[9.25943,47.47233],[9.258,47.47279],[9.25756,47.47434],[9.25785,47.47477]]}},{"type":"Feature","properties":{"id":"dorfbach-sg-2","c":"SG","p":"pacht","q":"derived","k":"river"},"geometry":{"type":"LineString","coordinates":[[9.48719,47.44532],[9.4857,47.44561],[9.4843,47.44679],[9.48419,47.44694],[9.48495,47.44794],[9.48495,47.4483],[9.48462,47.44863],[9.48483,47.44886],[9.48474,47.4492],[9.48375,47.44968],[9.48318,47.45035],[9.48324,47.45076],[9.48204,47.45147],[9.48165,47.45218],[9.48057,47.45319],[9.47911,47.45405],[9.47858,47.45498],[9.47595,47.45692],[9.47493,47.45817],[9.47391,47.45876],[9.47374,47.45939],[9.47319,47.45998],[9.47302,47.46085],[9.4724,47.46124],[9.47266,47.46186],[9.4717,47.46221],[9.47166,47.46289],[9.4711,47.46306],[9.47129,47.46332],[9.47032,47.4644],[9.47054,47.46493],[9.47009,47.46497],[9.46937,47.46538],[9.46807,47.46562],[9.46757,47.46731],[9.46677,47.46751],[9.46646,47.46796],[9.46659,47.46821],[9.46635,47.46849],[9.46672,47.4696],[9.46617,47.47041],[9.4659,47.47127],[9.46609,47.47171],[9.46545,47.47311],[9.46617,47.47599],[9.46732,47.47722],[9.4689,47.47812],[9.46967,47.47789],[9.47005,47.47814],[9.47113,47.47806],[9.47195,47.47909],[9.47339,47.48011],[9.47535,47.48088],[9.47706,47.48309],[9.47806,47.48346]]}},{"type":"Feature","properties":{"id":"freibach-sg","c":"SG","p":"pacht","q":"derived","k":"river"},"geometry":{"type":"LineString","coordinates":[[9.55295,47.46401],[9.55405,47.46451],[9.55556,47.46475],[9.55741,47.46589],[9.56188,47.4669],[9.56488,47.46698],[9.5666,47.46721],[9.56787,47.46671],[9.56914,47.46684],[9.56996,47.4665],[9.57228,47.4662],[9.57354,47.46684],[9.57458,47.46714],[9.57876,47.46734],[9.58724,47.46978],[9.58946,47.47081]]}},{"type":"Feature","properties":{"id":"fallbach-sg","c":"SG","p":"pacht","q":"derived","k":"river"},"geometry":{"type":"LineString","coordinates":[[9.5924,47.42314],[9.59326,47.42318],[9.5941,47.42355],[9.5952,47.42332],[9.59676,47.42364],[9.5974,47.42349],[9.60033,47.42355],[9.60162,47.42339],[9.60219,47.42356],[9.6042,47.42359],[9.60521,47.42337],[9.60551,47.4229],[9.60679,47.42333],[9.60769,47.42302],[9.60854,47.42345],[9.6105,47.42262],[9.61114,47.42281],[9.61158,47.42269],[9.61501,47.42278],[9.61722,47.42237],[9.62018,47.42227],[9.62161,47.42344],[9.6227,47.42592],[9.62428,47.42823],[9.63073,47.43409],[9.63142,47.43441],[9.63596,47.43467],[9.64024,47.43765],[9.64186,47.43823],[9.64241,47.43822]]}},{"type":"Feature","properties":{"id":"laenderenaach-sg","c":"SG","p":"pacht","q":"derived","k":"river"},"geometry":{"type":"MultiLineString","coordinates":[[[9.57355,47.3876],[9.57455,47.38665]],[[9.57505,47.38643],[9.57786,47.38506],[9.57933,47.38514],[9.58656,47.38864],[9.59595,47.39392],[9.59962,47.39547],[9.60107,47.39593],[9.60455,47.39613],[9.61865,47.40047],[9.62012,47.40119],[9.62771,47.40611],[9.6303,47.40939],[9.63138,47.41031],[9.63524,47.4121],[9.63747,47.41258],[9.64046,47.41295]]]}},{"type":"Feature","properties":{"id":"scheibenbach-sg","c":"SG","p":"pacht","q":"derived","k":"river"},"geometry":{"type":"MultiLineString","coordinates":[[[9.63103,47.36905],[9.63747,47.37482],[9.64092,47.37858],[9.64406,47.3826],[9.64844,47.38969],[9.65092,47.39583]],[[9.65113,47.39625],[9.65165,47.39749],[9.65268,47.39842],[9.65733,47.40011]]]}},{"type":"Feature","properties":{"id":"chesselbach-sg","c":"SG","p":"pacht","q":"derived","k":"river"},"geometry":{"type":"MultiLineString","coordinates":[[[9.52061,47.39628],[9.51998,47.39511],[9.52005,47.39458],[9.52072,47.3937],[9.52058,47.39323],[9.52236,47.39167],[9.52251,47.39114],[9.52302,47.39086],[9.52321,47.39035],[9.52433,47.3898],[9.52513,47.38901],[9.52527,47.38855],[9.52498,47.38834],[9.52548,47.38819],[9.52574,47.38771],[9.527,47.38733],[9.52726,47.38705],[9.52828,47.38703],[9.52929,47.38653],[9.53003,47.38544],[9.53342,47.3844],[9.53553,47.38421],[9.53662,47.38437],[9.53785,47.38424],[9.53844,47.38374],[9.54008,47.38332],[9.54173,47.38317],[9.54457,47.38336],[9.54571,47.38308],[9.54733,47.38191],[9.55045,47.38212]],[[9.55105,47.3821],[9.55191,47.38192],[9.56458,47.38176],[9.56549,47.38137],[9.56713,47.38107],[9.58006,47.37924],[9.59226,47.38122]]]}},{"type":"Feature","properties":{"id":"duerrenbach-sg","c":"SG","p":"pacht","q":"derived","k":"river"},"geometry":{"type":"MultiLineString","coordinates":[[[9.51699,47.33066],[9.51829,47.33079],[9.52061,47.33203],[9.52413,47.33446],[9.52999,47.33709]],[[9.5316,47.33749],[9.55642,47.34279],[9.56051,47.34338],[9.56265,47.34336],[9.56518,47.34308],[9.56732,47.34255],[9.57272,47.34066],[9.57599,47.34011],[9.57948,47.33982]]]}},{"type":"Feature","properties":{"id":"kobelwiserbach-sg","c":"SG","p":"pacht","q":"derived","k":"river"},"geometry":{"type":"MultiLineString","coordinates":[[[9.49299,47.31107],[9.49414,47.31179],[9.49479,47.31316],[9.49601,47.31403],[9.49632,47.3145],[9.4981,47.31517],[9.50007,47.31563],[9.50339,47.31718],[9.50561,47.31737],[9.50654,47.31791],[9.50775,47.31732],[9.50881,47.31709],[9.50918,47.31722],[9.50981,47.31713],[9.51175,47.31633],[9.5161,47.31738],[9.51659,47.31734],[9.51741,47.31693],[9.51848,47.31808],[9.51971,47.31854],[9.51966,47.3193],[9.52081,47.32032],[9.52212,47.32087],[9.52261,47.32153],[9.52409,47.32259],[9.52511,47.3231],[9.52557,47.32306],[9.52617,47.32356],[9.52622,47.32394],[9.52696,47.32422],[9.52721,47.32457],[9.52881,47.3251],[9.53131,47.32524],[9.53167,47.32506],[9.53211,47.32525],[9.53261,47.32518],[9.53303,47.32555],[9.53393,47.32526],[9.53417,47.32563],[9.53653,47.32579]],[[9.53683,47.32598],[9.53929,47.32674],[9.54057,47.32679],[9.54289,47.32783],[9.54386,47.32862],[9.5449,47.33021],[9.54592,47.33109]],[[9.54651,47.33159],[9.55676,47.33986],[9.55944,47.3433]]]}},{"type":"Feature","properties":{"id":"wisenbach-sg","c":"SG","p":"pacht","q":"derived","k":"river"},"geometry":{"type":"MultiLineString","coordinates":[[[9.2982,47.41145],[9.29939,47.41134],[9.30067,47.41149],[9.30311,47.41231],[9.30504,47.4126],[9.30656,47.41261],[9.30976,47.41478],[9.31251,47.41544],[9.31507,47.41663],[9.3172,47.41647],[9.32108,47.41715],[9.32356,47.41775],[9.32408,47.41805],[9.325,47.4182],[9.32562,47.41805],[9.32586,47.41831]],[[9.32671,47.41877],[9.32735,47.41882],[9.32778,47.4195],[9.32912,47.41958]],[[9.3318,47.4212],[9.33291,47.42189],[9.33296,47.42214],[9.33475,47.42318],[9.33595,47.42335],[9.33686,47.42379],[9.33845,47.42383]]]}},{"type":"Feature","properties":{"id":"andwiler-bach-sg","c":"SG","p":"pacht","q":"derived","k":"river"},"geometry":{"type":"LineString","coordinates":[[9.28646,47.44945],[9.28479,47.44896],[9.2821,47.44726],[9.28159,47.44639],[9.28183,47.44594],[9.28177,47.44476],[9.2812,47.44459],[9.28107,47.44358],[9.28002,47.44285],[9.27999,47.44203],[9.2792,47.44092],[9.27863,47.44038],[9.27764,47.44029],[9.27749,47.43942],[9.27698,47.43852],[9.2761,47.43842],[9.27557,47.43704],[9.27472,47.43628],[9.27432,47.43469],[9.27349,47.4338],[9.27214,47.43134],[9.27248,47.43055],[9.27286,47.4304],[9.27315,47.42912],[9.27242,47.4286],[9.27194,47.4276],[9.27205,47.42638],[9.2718,47.42644],[9.27185,47.42625],[9.27145,47.42609],[9.27109,47.42562],[9.27131,47.42464],[9.27104,47.42414],[9.27033,47.42357],[9.27031,47.42308],[9.26939,47.42216],[9.26872,47.41785]]}},{"type":"Feature","properties":{"id":"chellenbach-sg","c":"SG","p":"pacht","q":"derived","k":"river"},"geometry":{"type":"LineString","coordinates":[[9.31214,47.44815],[9.31163,47.44787],[9.31071,47.44633],[9.30933,47.44534],[9.30668,47.44405],[9.30589,47.44385],[9.30392,47.44266],[9.30425,47.44241],[9.30434,47.44198],[9.30333,47.44066],[9.30331,47.43957],[9.30301,47.43896],[9.30332,47.43831],[9.30319,47.43802],[9.3037,47.4379],[9.30359,47.43753],[9.30429,47.43736],[9.3043,47.43698],[9.30361,47.43628],[9.30344,47.43533],[9.30247,47.43477],[9.30197,47.43494],[9.30154,47.43454],[9.30134,47.43465],[9.30057,47.43453],[9.29925,47.43394],[9.29852,47.43402],[9.29845,47.43379],[9.29876,47.43358],[9.29863,47.43329],[9.29894,47.43305],[9.29854,47.4329],[9.29848,47.43252],[9.29815,47.43241],[9.29831,47.43217],[9.29704,47.43183],[9.29708,47.4312],[9.29667,47.43078],[9.29585,47.43072],[9.29636,47.43043],[9.2954,47.43018],[9.29514,47.42984],[9.29454,47.42976],[9.29344,47.42925],[9.29351,47.42889],[9.29229,47.42848],[9.29209,47.42799],[9.29146,47.4281],[9.29146,47.42748],[9.29076,47.42724],[9.29106,47.42691],[9.29053,47.42684],[9.29034,47.42634],[9.28995,47.42636],[9.28981,47.42611],[9.28895,47.42577],[9.28888,47.42524],[9.28767,47.42465],[9.28682,47.4239],[9.28517,47.42351],[9.28516,47.4227],[9.28434,47.42253],[9.28447,47.42206],[9.28362,47.42182],[9.28344,47.42133],[9.28281,47.42089],[9.28338,47.4205],[9.28335,47.4202],[9.28213,47.42],[9.28208,47.41952],[9.28101,47.41914],[9.28089,47.41957],[9.28056,47.41975],[9.28019,47.4194],[9.27957,47.41924],[9.27822,47.4192],[9.27757,47.41948],[9.27728,47.41898],[9.2762,47.41904],[9.27367,47.41802],[9.27307,47.41837],[9.27215,47.41859],[9.2713,47.41853],[9.27049,47.41812],[9.26872,47.41785]]}},{"type":"Feature","properties":{"id":"goldbach-sg","c":"SG","p":"pacht","q":"derived","k":"river"},"geometry":{"type":"MultiLineString","coordinates":[[[9.18705,47.38127],[9.18777,47.38207],[9.1879,47.38285],[9.18834,47.38327],[9.18952,47.38367],[9.19076,47.38442],[9.19129,47.38448],[9.19227,47.38527],[9.19391,47.3885],[9.19377,47.38937],[9.19406,47.39025],[9.19526,47.39069],[9.19549,47.39107],[9.1971,47.39138],[9.19826,47.3924],[9.19777,47.39433],[9.19719,47.39484],[9.19813,47.39615],[9.19741,47.39747],[9.19721,47.39907],[9.19691,47.39932],[9.19743,47.40016],[9.19677,47.40208],[9.19521,47.40239],[9.19379,47.40365],[9.19295,47.40392],[9.19301,47.40421],[9.19217,47.40465],[9.19222,47.40485],[9.19025,47.40514],[9.18992,47.40496],[9.18922,47.40532],[9.18826,47.40536],[9.18778,47.4052],[9.1867,47.40681],[9.1864,47.40698],[9.18616,47.40677],[9.18579,47.40678],[9.18566,47.40707],[9.18524,47.40722],[9.18541,47.40773],[9.18505,47.40806],[9.18511,47.40896],[9.18469,47.40929],[9.18488,47.41018],[9.18624,47.4109],[9.18813,47.41226],[9.18925,47.41243],[9.18957,47.41223]],[[9.19164,47.41352],[9.19244,47.41406],[9.19219,47.41446],[9.19236,47.41488],[9.19366,47.41527],[9.19436,47.41567],[9.19578,47.415],[9.1982,47.41564]]]}},{"type":"Feature","properties":{"id":"botsberger-bach-sg","c":"SG","p":"pacht","q":"derived","k":"river"},"geometry":{"type":"LineString","coordinates":[[9.13744,47.39682],[9.13755,47.39758],[9.13431,47.40147],[9.13411,47.40238],[9.13341,47.40318],[9.13294,47.40417],[9.13449,47.40461],[9.13566,47.40517],[9.13574,47.40551],[9.13682,47.40603],[9.14038,47.40709],[9.1417,47.40783],[9.14254,47.40808],[9.14348,47.40801],[9.1461,47.407],[9.14718,47.40696],[9.14842,47.40627],[9.14997,47.40593],[9.15278,47.40713],[9.15594,47.40919],[9.15725,47.40918],[9.15845,47.40953],[9.16098,47.4103],[9.16572,47.41216],[9.16695,47.41309],[9.16604,47.41422],[9.16655,47.41472],[9.16755,47.41521],[9.16878,47.41536],[9.16977,47.41575],[9.17,47.41624],[9.17102,47.41624],[9.17269,47.41659],[9.17351,47.41665],[9.17977,47.41536],[9.18152,47.41516],[9.18316,47.4147],[9.186,47.41345],[9.18652,47.41291],[9.18835,47.41275],[9.18925,47.41243]]}},{"type":"Feature","properties":{"id":"bruebach-sg","c":"SG","p":"pacht","q":"derived","k":"river"},"geometry":{"type":"MultiLineString","coordinates":[[[9.12347,47.46325],[9.12298,47.46301],[9.12329,47.46259],[9.1228,47.46215],[9.12267,47.46167]],[[9.17276,47.47978],[9.17046,47.47946],[9.16993,47.47959],[9.16944,47.4802],[9.16919,47.48116],[9.16811,47.4818],[9.1675,47.48192],[9.16347,47.48135],[9.16006,47.48152],[9.15904,47.48108],[9.15498,47.48033],[9.15283,47.47964],[9.15256,47.47974],[9.14606,47.47672],[9.14529,47.47661],[9.14104,47.47455],[9.14045,47.47322],[9.13986,47.47276],[9.13644,47.47117],[9.13554,47.47039],[9.13488,47.46929],[9.13321,47.46893],[9.13013,47.46659],[9.1266,47.46514],[9.12599,47.46504],[9.12471,47.46386],[9.12397,47.46353]]]}},{"type":"Feature","properties":{"id":"rindalbach-sg","c":"SG","p":"pacht","q":"derived","k":"river"},"geometry":{"type":"LineString","coordinates":[[9.1233,47.40384],[9.12257,47.40368],[9.12049,47.40421],[9.11927,47.40529],[9.11717,47.4064],[9.11566,47.40628],[9.1105,47.4052],[9.10988,47.40533],[9.10723,47.40506],[9.10528,47.40537],[9.10467,47.40519],[9.10258,47.40527],[9.10178,47.40509],[9.1001,47.40551],[9.09851,47.40665],[9.09695,47.40658],[9.09502,47.40707],[9.09445,47.40678],[9.09408,47.40693],[9.09336,47.40688],[9.09274,47.40722],[9.09167,47.40688],[9.09078,47.40751],[9.0902,47.40754],[9.09011,47.40788],[9.08931,47.40843],[9.08876,47.40851],[9.08819,47.40884],[9.08775,47.40999],[9.08651,47.41],[9.08649,47.41033],[9.08427,47.41022],[9.08361,47.41049],[9.08254,47.41],[9.08034,47.40968],[9.07967,47.40988],[9.07864,47.40976],[9.07812,47.41006]]}},{"type":"Feature","properties":{"id":"hoerachbach-sg","c":"SG","p":"pacht","q":"derived","k":"river"},"geometry":{"type":"LineString","coordinates":[[8.99431,47.39068],[8.99472,47.39141],[8.99555,47.39205],[8.99555,47.39237],[8.9967,47.39298],[8.99755,47.394],[8.99878,47.39434],[9.00076,47.3958],[9.00333,47.39581],[9.00409,47.3966],[9.00511,47.39687],[9.00681,47.39691],[9.00781,47.39718],[9.01137,47.39746],[9.01268,47.39812],[9.01396,47.39805],[9.01485,47.39753],[9.01538,47.39769],[9.01616,47.39756],[9.01655,47.39722],[9.01717,47.39729],[9.01758,47.39701],[9.01784,47.39706],[9.01869,47.39666],[9.01919,47.39673],[9.01958,47.39649],[9.02023,47.39669],[9.0208,47.39647],[9.0212,47.39687],[9.02229,47.39694],[9.02213,47.39719],[9.02247,47.39743],[9.0231,47.39731],[9.02377,47.39772],[9.02427,47.39777],[9.02553,47.39717],[9.02656,47.39729],[9.02694,47.3971],[9.02767,47.39731],[9.02885,47.39716],[9.02947,47.39742],[9.03086,47.39698],[9.03207,47.39711],[9.03236,47.39701],[9.03222,47.39657],[9.03348,47.39632],[9.03367,47.39586],[9.03415,47.39593],[9.03515,47.39563],[9.03592,47.3957],[9.03623,47.39547],[9.03922,47.39454],[9.04133,47.3947],[9.04265,47.39526],[9.04283,47.39493],[9.0432,47.39483],[9.04334,47.39539],[9.04507,47.39559],[9.04552,47.39642],[9.0466,47.3968],[9.04768,47.39641],[9.04795,47.39689],[9.04867,47.39656],[9.04991,47.39748],[9.05041,47.39733],[9.05038,47.39689],[9.05129,47.39737],[9.05247,47.39747],[9.05419,47.39695],[9.05474,47.39698],[9.05565,47.39752],[9.05612,47.397],[9.05691,47.39696],[9.0582,47.39743],[9.05961,47.39765],[9.05985,47.39883],[9.06062,47.39955],[9.0601,47.40057],[9.06072,47.40113],[9.06095,47.40197],[9.06157,47.40232],[9.06149,47.40282],[9.06116,47.40306],[9.06134,47.40329],[9.06121,47.40376],[9.0624,47.40474],[9.06282,47.40589],[9.06375,47.40685],[9.0644,47.40699],[9.06519,47.40691],[9.06562,47.40742],[9.06599,47.40742],[9.06663,47.40701],[9.0666,47.40628],[9.068,47.4059],[9.0703,47.40576],[9.07169,47.4053]]}},{"type":"Feature","properties":{"id":"muehlruetibach-sg","c":"SG","p":"pacht","q":"derived","k":"river"},"geometry":{"type":"LineString","coordinates":[[8.97087,47.36112],[8.97126,47.36153],[8.97151,47.36279],[8.97244,47.36379],[8.97262,47.36444],[8.97509,47.36521],[8.97592,47.36609],[8.97614,47.36601],[8.97706,47.36638],[8.97741,47.36677],[8.97848,47.36725],[8.97964,47.36808],[8.9797,47.36788],[8.9801,47.36821],[8.98167,47.36878],[8.98309,47.36876],[8.98446,47.36954],[8.98964,47.37086],[8.99071,47.37126],[8.99127,47.37167],[8.99374,47.37128],[8.9945,47.37104],[8.99473,47.37068],[8.99516,47.37052],[8.99768,47.37045],[8.99832,47.37012],[9.0021,47.37086],[9.00276,47.37076],[9.00556,47.37092],[9.00854,47.37049],[9.0092,47.37005],[9.01085,47.37048],[9.01323,47.37062],[9.01382,47.36984]]}},{"type":"Feature","properties":{"id":"jomerbach-sg","c":"SG","p":"pacht","q":"derived","k":"river"},"geometry":{"type":"LineString","coordinates":[[9.16598,47.38675],[9.16647,47.3885],[9.16711,47.38895],[9.1681,47.39063],[9.16792,47.39195],[9.16745,47.39229],[9.16615,47.39254],[9.16459,47.3933],[9.16295,47.39323],[9.16134,47.39349],[9.16001,47.39335],[9.15914,47.39344],[9.15834,47.39375],[9.15732,47.39358],[9.15437,47.39388],[9.15312,47.39341],[9.15284,47.39361],[9.15215,47.39337],[9.15176,47.39279],[9.15149,47.39272],[9.15168,47.39229],[9.15146,47.39202],[9.15105,47.39215],[9.15089,47.39153],[9.15058,47.39136],[9.15066,47.39091],[9.14827,47.38869],[9.14764,47.38829],[9.14652,47.3884],[9.14545,47.38802],[9.14525,47.38766],[9.14469,47.38768],[9.1434,47.38704],[9.14272,47.38642],[9.14218,47.38548],[9.14123,47.3856],[9.14013,47.38448],[9.13864,47.38441],[9.13797,47.38421],[9.13736,47.38359],[9.13662,47.3835],[9.13538,47.38291],[9.13227,47.38267],[9.13107,47.38187],[9.12972,47.38205],[9.12936,47.38201],[9.12871,47.38153],[9.12794,47.38169],[9.12784,47.38071],[9.12694,47.38024],[9.127,47.37942],[9.12736,47.3789],[9.12871,47.37852],[9.1292,47.37802],[9.12863,47.37764],[9.12751,47.37736],[9.126,47.37754]]}},{"type":"Feature","properties":{"id":"dorfbach-buetschwil-sg","c":"SG","p":"pacht","q":"derived","k":"river"},"geometry":{"type":"LineString","coordinates":[[9.02507,47.35166],[9.02643,47.35176],[9.02747,47.35225],[9.02828,47.35347],[9.03141,47.35519],[9.03377,47.35568],[9.03549,47.35539],[9.03787,47.35538],[9.04019,47.35474],[9.04157,47.35462],[9.0422,47.3543],[9.04388,47.35441],[9.04442,47.35459],[9.04585,47.35444],[9.04614,47.35425],[9.04683,47.35441],[9.04698,47.35412],[9.0474,47.35429],[9.04838,47.3542],[9.04945,47.35383],[9.05138,47.35353],[9.05169,47.35382],[9.05267,47.35358],[9.053,47.3538],[9.05363,47.35383],[9.05408,47.35372],[9.0543,47.35344],[9.05541,47.35334],[9.05665,47.35363],[9.05731,47.35338],[9.05772,47.35355],[9.05857,47.35332],[9.05965,47.35344],[9.06064,47.35318],[9.06134,47.35277],[9.06448,47.35443],[9.06415,47.35462],[9.06487,47.35512],[9.06474,47.35543],[9.06553,47.35691],[9.06587,47.35701],[9.06708,47.35673],[9.06876,47.35733],[9.06892,47.35767],[9.06867,47.35809],[9.06978,47.35935],[9.07037,47.35987],[9.07096,47.35995],[9.07256,47.36122],[9.07309,47.3615],[9.075,47.36178],[9.07797,47.36187],[9.07855,47.36251],[9.0796,47.36296]]}},{"type":"Feature","properties":{"id":"niderwilbach-sg","c":"SG","p":"pacht","q":"derived","k":"river"},"geometry":{"type":"LineString","coordinates":[[9.15196,47.28493],[9.1503,47.2876],[9.14853,47.28912],[9.14845,47.29052],[9.14949,47.29182],[9.14871,47.29284],[9.14777,47.29327],[9.1468,47.29412],[9.14691,47.29483],[9.14597,47.29547],[9.14577,47.29652],[9.1451,47.29772],[9.14477,47.29789],[9.14464,47.2986],[9.14657,47.29987],[9.14683,47.30022],[9.14786,47.30031],[9.14846,47.30014],[9.15331,47.3018],[9.15364,47.30225],[9.15461,47.30259],[9.15521,47.30325],[9.15685,47.30413],[9.15682,47.30442],[9.15716,47.30445],[9.15974,47.30596],[9.16058,47.30691],[9.16084,47.30802],[9.16077,47.30823],[9.15958,47.30833],[9.15974,47.30868]]}},{"type":"Feature","properties":{"id":"schnebelhornbach-sg","c":"SG","p":"pacht","q":"derived","k":"river"},"geometry":{"type":"LineString","coordinates":[[8.98214,47.32558],[8.98275,47.32467],[8.9849,47.3232],[8.98627,47.32296],[8.98843,47.32386],[8.98995,47.32421],[8.99158,47.32428],[8.99301,47.32464],[8.99348,47.32447],[8.99443,47.32468],[8.99562,47.32456],[8.99754,47.32489],[8.99855,47.3247],[9.00198,47.3249],[9.00313,47.32511],[9.00341,47.32497],[9.00497,47.32537],[9.00532,47.32524],[9.00543,47.32541],[9.00583,47.32524],[9.007,47.32541],[9.0094,47.32533],[9.01059,47.32574],[9.01222,47.32586],[9.01315,47.32613],[9.01459,47.32609],[9.01516,47.32563],[9.01551,47.32557],[9.01718,47.32632],[9.01797,47.32721],[9.019,47.32757],[9.01974,47.3276],[9.02078,47.32699],[9.02114,47.32705],[9.02256,47.32664]]}},{"type":"Feature","properties":{"id":"schwindelbach-sg","c":"SG","p":"pacht","q":"derived","k":"river"},"geometry":{"type":"MultiLineString","coordinates":[[[9.20634,47.3392],[9.20617,47.33889],[9.20633,47.33863],[9.20558,47.33854],[9.2051,47.3376],[9.20263,47.33736],[9.20047,47.33679],[9.20004,47.33691],[9.19811,47.33665],[9.19724,47.33673],[9.19692,47.33698],[9.19546,47.33642],[9.1943,47.33662],[9.19363,47.33654],[9.19254,47.33583],[9.19229,47.33526],[9.19149,47.33482],[9.19122,47.33427],[9.19038,47.33421],[9.18933,47.33367],[9.18884,47.33298],[9.18778,47.33258],[9.18645,47.3326],[9.18519,47.33086],[9.18498,47.32989],[9.18384,47.32978],[9.18325,47.32935],[9.18267,47.32924],[9.18139,47.32926],[9.18098,47.32953],[9.17889,47.32912],[9.17783,47.3286],[9.17713,47.32751],[9.17587,47.32635],[9.1738,47.32569],[9.17385,47.32527],[9.17306,47.32515],[9.17164,47.32403],[9.17117,47.32443],[9.17087,47.32433],[9.16963,47.32278],[9.16876,47.32263]],[[9.21919,47.34218],[9.21541,47.34164],[9.21311,47.34045],[9.2123,47.34048],[9.21101,47.34102],[9.21036,47.34072]]]}},{"type":"Feature","properties":{"id":"zwislerbach-sg","c":"SG","p":"pacht","q":"derived","k":"river"},"geometry":{"type":"LineString","coordinates":[[9.21721,47.30045],[9.21489,47.29931],[9.21425,47.2992],[9.21371,47.29942],[9.21302,47.29936],[9.21265,47.29888],[9.21181,47.2985],[9.211,47.29867],[9.21066,47.2985],[9.20986,47.29885],[9.2095,47.29879],[9.20918,47.29836],[9.20821,47.29843],[9.20745,47.29879],[9.20602,47.29888],[9.20478,47.29868],[9.20262,47.29745],[9.20182,47.29599],[9.19979,47.29566],[9.19829,47.29597],[9.19671,47.29575],[9.19503,47.29611],[9.19425,47.29671],[9.19439,47.29737],[9.19333,47.29772],[9.19177,47.29875],[9.19134,47.29874],[9.19044,47.29831],[9.18953,47.29854],[9.18893,47.29843],[9.18834,47.29907],[9.18664,47.29839]]}},{"type":"Feature","properties":{"id":"starkenbach-sg","c":"SG","p":"pacht","q":"derived","k":"river"},"geometry":{"type":"LineString","coordinates":[[9.20284,47.2666],[9.20124,47.26751],[9.19809,47.26684],[9.19726,47.26683],[9.19667,47.26713],[9.1963,47.26774],[9.19582,47.26804],[9.19576,47.26887],[9.19491,47.27002],[9.19334,47.27059],[9.19197,47.27044],[9.19182,47.27078],[9.19201,47.27105],[9.19168,47.27131],[9.19114,47.2714],[9.19056,47.27261],[9.18945,47.2733],[9.18964,47.27472],[9.19013,47.27474],[9.19031,47.27515],[9.19011,47.27568],[9.19033,47.27625],[9.19006,47.27652],[9.1906,47.27684],[9.19036,47.27754],[9.19076,47.27832],[9.19014,47.27881],[9.1904,47.27896],[9.19041,47.27929],[9.18906,47.27975],[9.18984,47.28181],[9.18937,47.28222],[9.18948,47.28276],[9.18739,47.28392],[9.18753,47.28477],[9.18831,47.28505],[9.1884,47.28569],[9.18913,47.28571],[9.18915,47.28597]]}},{"type":"Feature","properties":{"id":"krinauerbach-sg","c":"SG","p":"pacht","q":"derived","k":"river"},"geometry":{"type":"MultiLineString","coordinates":[[[9.03788,47.31144],[9.03863,47.31256],[9.03858,47.3133],[9.03931,47.31417],[9.0405,47.31492],[9.04171,47.31639],[9.04555,47.31656],[9.04682,47.317],[9.05132,47.31708],[9.05216,47.31759],[9.05412,47.31812],[9.05451,47.31839]],[[9.05474,47.31862],[9.0571,47.31974],[9.05778,47.31985],[9.05941,47.31973],[9.06022,47.32042],[9.06042,47.32086],[9.06084,47.3208],[9.06101,47.32108],[9.06149,47.3212],[9.06182,47.32186],[9.06363,47.32254],[9.06343,47.32365],[9.06489,47.32461],[9.06429,47.32579],[9.06423,47.32675],[9.06568,47.32766],[9.06884,47.32835],[9.06899,47.32868],[9.06939,47.32843],[9.06973,47.32846],[9.07009,47.32885],[9.07086,47.32874],[9.07192,47.32901],[9.07298,47.3299],[9.07353,47.32975],[9.07429,47.32996],[9.07462,47.32987],[9.0748,47.3301],[9.07524,47.32995],[9.07629,47.33007],[9.0783,47.33083],[9.07969,47.33072],[9.0803,47.3315],[9.08121,47.33192]]]}},{"type":"Feature","properties":{"id":"lederbach-sg","c":"SG","p":"pacht","q":"derived","k":"river"},"geometry":{"type":"LineString","coordinates":[[9.11585,47.31893],[9.11287,47.31993],[9.11086,47.32097],[9.11042,47.32174],[9.10809,47.32432],[9.10816,47.32511],[9.10789,47.32536],[9.10608,47.32531],[9.10553,47.32582],[9.10381,47.32599],[9.10329,47.32621],[9.10286,47.32607],[9.10219,47.32622],[9.1017,47.32664],[9.10128,47.32659],[9.10028,47.32599],[9.09927,47.32616],[9.09774,47.32565],[9.09708,47.32593],[9.09482,47.32579],[9.09464,47.32597],[9.09413,47.326],[9.09305,47.32556],[9.09245,47.32567],[9.09148,47.32533],[9.08936,47.32515],[9.08726,47.32435],[9.08643,47.32442],[9.0845,47.32344]]}},{"type":"Feature","properties":{"id":"feldbach-sg","c":"SG","p":"pacht","q":"derived","k":"river"},"geometry":{"type":"LineString","coordinates":[[9.02422,47.29694],[9.02482,47.29708],[9.0254,47.29752],[9.02542,47.29784],[9.02609,47.29805],[9.02663,47.29858],[9.02883,47.29956],[9.03007,47.2992],[9.03108,47.29931],[9.03182,47.29893],[9.0327,47.29912],[9.03389,47.29879],[9.03474,47.29816],[9.03521,47.29733],[9.0348,47.2966],[9.03483,47.29594],[9.03573,47.29524],[9.03595,47.29431],[9.03627,47.29397],[9.03755,47.29349],[9.0386,47.29341],[9.04085,47.29401],[9.04235,47.29408],[9.04379,47.29466],[9.0454,47.29474],[9.04638,47.29508],[9.04701,47.29547],[9.04707,47.29572],[9.04906,47.29635],[9.04977,47.29629],[9.05221,47.29667],[9.05356,47.29657],[9.05404,47.29692],[9.05586,47.29725],[9.05714,47.29712],[9.05819,47.29738],[9.05994,47.29699],[9.06055,47.29708],[9.06218,47.29699],[9.06276,47.29677],[9.06317,47.29686],[9.06385,47.29655],[9.0655,47.29643],[9.06606,47.29655],[9.06642,47.29624],[9.06703,47.29634],[9.06851,47.29602],[9.06922,47.29625],[9.06957,47.29607],[9.07042,47.29611],[9.07192,47.29648],[9.07389,47.29731],[9.07505,47.29755],[9.07571,47.29799],[9.0785,47.29913],[9.07874,47.2994],[9.08017,47.29959],[9.08052,47.30014],[9.08114,47.30007],[9.08171,47.30036],[9.08249,47.30024],[9.08295,47.30063],[9.08358,47.30062],[9.08393,47.30081],[9.08405,47.30135],[9.08521,47.30173],[9.08539,47.30197]]}},{"type":"Feature","properties":{"id":"dorfbach-wattwil-sg","c":"SG","p":"pacht","q":"derived","k":"river"},"geometry":{"type":"LineString","coordinates":[[9.13451,47.3073],[9.13357,47.30763],[9.13196,47.30882],[9.13088,47.30829],[9.1287,47.30806],[9.12692,47.30726],[9.12488,47.30675],[9.12169,47.30681],[9.12099,47.30644],[9.12046,47.30649],[9.12013,47.30617],[9.11943,47.30597],[9.11738,47.30613],[9.11653,47.30591],[9.11561,47.30598],[9.11515,47.30579],[9.11316,47.3057],[9.11149,47.30519],[9.11081,47.30562],[9.10965,47.30591],[9.10787,47.30564],[9.10741,47.30572],[9.10703,47.30603],[9.10559,47.30593],[9.10324,47.30497],[9.10162,47.30452],[9.10064,47.30451],[9.10018,47.30394],[9.09774,47.30313],[9.09672,47.30322],[9.09462,47.30459],[9.09353,47.30483],[9.09078,47.30396],[9.08964,47.30403],[9.08894,47.30366],[9.08913,47.30314],[9.08722,47.30214]]}},{"type":"Feature","properties":{"id":"gerenbach-sg","c":"SG","p":"pacht","q":"derived","k":"river"},"geometry":{"type":"LineString","coordinates":[[9.14385,47.28189],[9.14162,47.28108],[9.13975,47.28129],[9.13794,47.28087],[9.13639,47.28084],[9.13503,47.28023],[9.13403,47.27942],[9.13351,47.27949],[9.13313,47.2793],[9.13152,47.27958],[9.13011,47.27939],[9.12673,47.27966],[9.12437,47.27949],[9.12315,47.27919],[9.12173,47.27966],[9.12116,47.27949],[9.11971,47.27947],[9.11778,47.2787],[9.11689,47.27855],[9.11538,47.27734],[9.11398,47.27713],[9.11355,47.27687],[9.11322,47.27687],[9.11294,47.2771],[9.11258,47.27693],[9.11086,47.2771],[9.10869,47.27668],[9.10718,47.27777],[9.10602,47.27831],[9.10278,47.27789]]}},{"type":"Feature","properties":{"id":"stelzbach-sg","c":"SG","p":"pacht","q":"derived","k":"river"},"geometry":{"type":"LineString","coordinates":[[9.09153,47.24234],[9.09292,47.2427],[9.09387,47.24353],[9.09527,47.24384],[9.0962,47.24479],[9.09664,47.24588],[9.09917,47.24742],[9.09963,47.24819],[9.09988,47.25005],[9.10168,47.2518],[9.10169,47.25226],[9.10313,47.25252],[9.10354,47.25315],[9.10436,47.25347],[9.10717,47.25554],[9.10739,47.25605],[9.10692,47.25693],[9.10732,47.25771],[9.11074,47.25894],[9.11113,47.25938],[9.1119,47.25929],[9.1122,47.25966],[9.11354,47.26023],[9.11348,47.26048],[9.1143,47.26058],[9.11526,47.26113],[9.11795,47.26142],[9.11849,47.26133],[9.12012,47.2621]]}},{"type":"Feature","properties":{"id":"schmittlibach-sg","c":"SG","p":"pacht","q":"derived","k":"river"},"geometry":{"type":"LineString","coordinates":[[9.15361,47.27419],[9.14845,47.27247],[9.14354,47.27164],[9.14323,47.27175],[9.14039,47.27088],[9.13913,47.2698],[9.13842,47.26969],[9.13616,47.2684],[9.13533,47.2676],[9.13499,47.26677],[9.13293,47.26542],[9.13001,47.26441],[9.12675,47.26385],[9.12642,47.26357],[9.12626,47.26255],[9.12549,47.26192],[9.12134,47.26122]]}},{"type":"Feature","properties":{"id":"steintaler-bach-sg","c":"SG","p":"pacht","q":"derived","k":"river"},"geometry":{"type":"LineString","coordinates":[[9.1273,47.19115],[9.12812,47.19159],[9.12837,47.19205],[9.12823,47.19239],[9.12745,47.19283],[9.12721,47.19331],[9.12744,47.19349],[9.12694,47.19391],[9.12711,47.19507],[9.12677,47.19591],[9.12761,47.19687],[9.12745,47.19719],[9.12774,47.19759],[9.12694,47.19802],[9.12688,47.19945],[9.12735,47.19959],[9.12718,47.19966],[9.12785,47.20143],[9.12772,47.20158],[9.12704,47.2015],[9.12684,47.20164],[9.12705,47.20181],[9.12776,47.20177],[9.12809,47.20193],[9.12824,47.20307],[9.12909,47.20435],[9.12945,47.20454],[9.13012,47.20441],[9.13047,47.20458],[9.13046,47.20605],[9.13018,47.20674],[9.13046,47.20709],[9.13145,47.20691],[9.13183,47.20723],[9.1317,47.20746],[9.1305,47.2075],[9.13024,47.20774],[9.13098,47.2079],[9.13118,47.20906],[9.13249,47.20979],[9.13208,47.21061],[9.133,47.21086],[9.13346,47.21168],[9.13397,47.21178],[9.13453,47.21297],[9.13647,47.21305],[9.13644,47.21355],[9.13718,47.2143],[9.13802,47.21607],[9.13794,47.21659],[9.13932,47.21855],[9.13899,47.21962],[9.13844,47.22013],[9.13849,47.22044],[9.13932,47.22063],[9.14019,47.22253],[9.13942,47.22396],[9.13876,47.22454],[9.13807,47.22477],[9.13812,47.22634],[9.13678,47.22709],[9.13726,47.22811],[9.13669,47.22859],[9.13545,47.229],[9.13502,47.22996],[9.13433,47.23048],[9.13403,47.23119],[9.1342,47.23212],[9.13252,47.23271],[9.1319,47.23399],[9.13122,47.23427],[9.13002,47.23548],[9.1301,47.23827],[9.13073,47.23892],[9.13066,47.23941],[9.13115,47.23964],[9.13104,47.24022],[9.13175,47.24058],[9.13191,47.24091],[9.13156,47.24335],[9.13163,47.24453],[9.13089,47.24579],[9.13155,47.24781],[9.13041,47.24839],[9.13065,47.24888],[9.13026,47.24945],[9.13014,47.25034],[9.12859,47.25171],[9.12882,47.2522],[9.12978,47.2527],[9.13003,47.25305],[9.13021,47.25629],[9.13078,47.25658],[9.13098,47.25724],[9.13043,47.25834]]}},{"type":"Feature","properties":{"id":"nestenbergbach-sg","c":"SG","p":"pacht","q":"derived","k":"river"},"geometry":{"type":"LineString","coordinates":[[9.10924,47.22639],[9.11009,47.22709],[9.1109,47.2273],[9.11188,47.22723],[9.11288,47.22789],[9.11301,47.22844],[9.11267,47.22912],[9.11287,47.22948],[9.11249,47.23035],[9.11201,47.23049],[9.11233,47.23071],[9.11194,47.23084],[9.11236,47.23105],[9.11211,47.23189],[9.11286,47.23237],[9.11235,47.23286],[9.11295,47.23329],[9.11364,47.23467],[9.11355,47.2355],[9.11227,47.23703],[9.1124,47.2374],[9.11215,47.23783],[9.11269,47.2385],[9.11279,47.23903],[9.11334,47.23939],[9.11564,47.24009],[9.11735,47.2425],[9.11786,47.24261],[9.11817,47.24328],[9.11974,47.24483],[9.1199,47.24561],[9.12032,47.24589],[9.1199,47.24623],[9.12032,47.247],[9.12047,47.24793],[9.12092,47.24826],[9.12174,47.24848],[9.12181,47.24898],[9.12227,47.24923],[9.12252,47.24966],[9.12253,47.25058],[9.12292,47.251],[9.12387,47.25121],[9.12414,47.25166],[9.12563,47.25249],[9.12707,47.25277],[9.12716,47.25291],[9.12665,47.25326],[9.12689,47.25428],[9.12755,47.25504],[9.12872,47.25523],[9.12879,47.25559],[9.12919,47.25586],[9.13013,47.2556]]}},{"type":"Feature","properties":{"id":"geissbach-sg","c":"SG","p":"pacht","q":"derived","k":"river"},"geometry":{"type":"LineString","coordinates":[[9.10936,47.21354],[9.11177,47.21438],[9.1134,47.21423],[9.11468,47.21364],[9.11615,47.2138],[9.1174,47.21372],[9.11857,47.21392],[9.11874,47.21409],[9.11985,47.21396],[9.12124,47.21405],[9.12189,47.21426],[9.12222,47.21418],[9.1261,47.21506],[9.12938,47.21493],[9.13017,47.21464],[9.13271,47.21449],[9.13443,47.21498],[9.13471,47.21527],[9.13636,47.21517],[9.13706,47.21544],[9.13772,47.21545]]}},{"type":"Feature","properties":{"id":"luetisbach-sg","c":"SG","p":"pacht","q":"derived","k":"river"},"geometry":{"type":"MultiLineString","coordinates":[[[9.20518,47.26168],[9.20412,47.26232],[9.20179,47.26262],[9.20073,47.26348],[9.20019,47.26364],[9.1988,47.26367],[9.19728,47.2631],[9.19612,47.26299],[9.19563,47.26343],[9.1942,47.26401],[9.19318,47.26415],[9.19258,47.26391],[9.19151,47.26393],[9.19054,47.26473],[9.19017,47.2646],[9.19001,47.26504],[9.18947,47.26531],[9.18788,47.26488],[9.18567,47.26473],[9.18435,47.26441],[9.18282,47.26444],[9.18133,47.26387],[9.18095,47.26351],[9.17837,47.26281],[9.17677,47.26211],[9.17502,47.26227],[9.17346,47.26095],[9.17372,47.26059],[9.17319,47.26012],[9.17326,47.25935],[9.17134,47.25786],[9.1693,47.25798],[9.16851,47.25749],[9.16785,47.25634],[9.16652,47.25544],[9.16678,47.25436],[9.16567,47.2535],[9.16522,47.25258],[9.16462,47.25239],[9.16438,47.25164]],[[9.16442,47.25106],[9.16523,47.24912]]]}},{"type":"Feature","properties":{"id":"stigenbach-sg","c":"SG","p":"pacht","q":"derived","k":"river"},"geometry":{"type":"LineString","coordinates":[[9.20901,47.25847],[9.20792,47.25822],[9.20628,47.25716],[9.2031,47.25691],[9.20229,47.25644],[9.20077,47.25626],[9.19999,47.256],[9.19974,47.25573],[9.19903,47.25578],[9.19809,47.25559],[9.1971,47.25586],[9.19538,47.2566],[9.19469,47.25665],[9.19468,47.25694],[9.19415,47.25724],[9.19206,47.25783],[9.1906,47.25736],[9.18806,47.25599],[9.1873,47.25455],[9.18717,47.2529],[9.18779,47.25141],[9.18742,47.24995],[9.18847,47.2485],[9.18844,47.24822],[9.18921,47.24754],[9.18929,47.24705],[9.18977,47.24659],[9.18938,47.24615],[9.18959,47.24532],[9.19034,47.24502],[9.19082,47.24364],[9.19166,47.2429],[9.19182,47.24196],[9.19267,47.24124],[9.19196,47.24086],[9.19319,47.23992],[9.19253,47.23788],[9.19213,47.23753],[9.1922,47.23705],[9.19178,47.23665],[9.19061,47.2363],[9.18989,47.2351],[9.18995,47.23443],[9.18935,47.23436],[9.18881,47.23395],[9.18788,47.23388],[9.18755,47.23367],[9.18662,47.23478]]}},{"type":"Feature","properties":{"id":"luteren-sg","c":"SG","p":"pacht","q":"derived","k":"river"},"geometry":{"type":"LineString","coordinates":[[9.30841,47.24818],[9.30799,47.24893],[9.30588,47.24914],[9.3049,47.24953],[9.30475,47.24977],[9.30444,47.24968],[9.30407,47.24984],[9.3034,47.24965],[9.30313,47.24938],[9.30206,47.24948],[9.30054,47.24885],[9.29986,47.24877],[9.29877,47.24909],[9.298,47.24875],[9.29781,47.24889],[9.29726,47.24881],[9.2951,47.24925],[9.29462,47.24921],[9.29214,47.24816],[9.29114,47.24802],[9.28953,47.2475],[9.28893,47.24759],[9.289,47.24736],[9.28835,47.24722],[9.28821,47.2468],[9.28734,47.24638],[9.28705,47.24602],[9.28579,47.24651],[9.28531,47.24642],[9.28526,47.24622],[9.28258,47.24628],[9.28118,47.24582],[9.27948,47.24599],[9.27937,47.24581],[9.27825,47.24553],[9.27839,47.24529],[9.27807,47.24533],[9.27775,47.24513],[9.27715,47.24434],[9.27731,47.24407],[9.27606,47.2433],[9.27588,47.2429],[9.27473,47.24236],[9.27287,47.24191],[9.27191,47.24142],[9.26951,47.24092],[9.26762,47.24193],[9.26579,47.24223],[9.26452,47.24269],[9.26346,47.2427],[9.26068,47.24479],[9.25982,47.24479],[9.25919,47.24501],[9.25834,47.24483],[9.25723,47.24493],[9.25638,47.24456],[9.25587,47.24455],[9.25262,47.24546],[9.25131,47.24649],[9.2507,47.24618],[9.24989,47.24613],[9.2488,47.2458],[9.24498,47.24552],[9.2445,47.24518],[9.24337,47.24537],[9.24211,47.24498],[9.24191,47.24449],[9.2411,47.24434],[9.24046,47.24431],[9.2394,47.24469],[9.23848,47.24468],[9.2383,47.24485],[9.23846,47.2454],[9.23823,47.24555],[9.23776,47.24545],[9.236,47.24428],[9.23531,47.24493],[9.23444,47.24502],[9.23409,47.24478],[9.23329,47.24324],[9.23293,47.24331],[9.23148,47.24444],[9.23007,47.24356],[9.22901,47.24364],[9.22849,47.24423],[9.22681,47.24433],[9.22545,47.24379],[9.22521,47.24355],[9.22533,47.24309],[9.22472,47.24268],[9.22337,47.24295],[9.22216,47.24274],[9.2215,47.2429],[9.22024,47.24283],[9.21796,47.24184],[9.2175,47.2413],[9.21646,47.24074],[9.21616,47.24],[9.21547,47.23969],[9.21502,47.23895],[9.21404,47.23878],[9.21128,47.23693],[9.21106,47.23653],[9.21043,47.23654],[9.20974,47.23565],[9.20927,47.23559],[9.20881,47.23575],[9.20813,47.23559],[9.20682,47.23585],[9.20613,47.23578],[9.20505,47.23519],[9.20436,47.23415],[9.20337,47.23417],[9.20282,47.23372],[9.20164,47.23374],[9.20113,47.23324],[9.20108,47.23191],[9.19963,47.23105],[9.19884,47.23009],[9.19802,47.22981],[9.19527,47.22725],[9.1936,47.22697],[9.19279,47.22594],[9.19281,47.22504],[9.19205,47.22498],[9.19096,47.22526],[9.19021,47.225]]}},{"type":"Feature","properties":{"id":"chatzenbach-sg","c":"SG","p":"pacht","q":"derived","k":"river"},"geometry":{"type":"LineString","coordinates":[[9.2507,47.22342],[9.25145,47.22318],[9.25322,47.22353],[9.25382,47.22379],[9.25413,47.22428],[9.2552,47.22507],[9.25875,47.22634],[9.25955,47.22676],[9.26046,47.22766],[9.2624,47.22823],[9.26263,47.22843],[9.26254,47.22901],[9.26331,47.22946],[9.26465,47.23095],[9.26533,47.23118],[9.26615,47.2319],[9.26657,47.23379],[9.26723,47.23476],[9.2681,47.23548],[9.26803,47.23649],[9.26754,47.2368],[9.26759,47.23724],[9.26718,47.23769],[9.26728,47.23816],[9.26782,47.23836],[9.26787,47.23876],[9.26709,47.23911],[9.2672,47.23966],[9.26606,47.24071],[9.26548,47.2405],[9.2652,47.24057],[9.26547,47.24129],[9.26583,47.24153],[9.26428,47.24263]]}},{"type":"Feature","properties":{"id":"ijentaler-bach-sg","c":"SG","p":"pacht","q":"derived","k":"river"},"geometry":{"type":"LineString","coordinates":[[9.14726,47.19826],[9.14791,47.19864],[9.14868,47.19952],[9.15146,47.19931],[9.15258,47.19951],[9.15332,47.19997],[9.15446,47.19991],[9.15486,47.20023],[9.15539,47.20026],[9.1565,47.2007],[9.157,47.2006],[9.15777,47.20126],[9.15833,47.20109],[9.15995,47.20212],[9.16098,47.20341],[9.16168,47.20347],[9.16203,47.20414],[9.16314,47.20464],[9.16317,47.20512],[9.16555,47.20646],[9.1665,47.20755],[9.16715,47.20783],[9.16709,47.20833],[9.16882,47.20967],[9.16884,47.21022],[9.16944,47.21048],[9.16961,47.21121],[9.17054,47.21163],[9.17177,47.21165],[9.17302,47.21228],[9.17507,47.21458],[9.17666,47.21583],[9.17737,47.21601],[9.17758,47.21645],[9.1786,47.21676],[9.17857,47.21712],[9.17888,47.21728],[9.17889,47.21764],[9.1797,47.21867],[9.18142,47.21936],[9.18198,47.22012],[9.18313,47.22027],[9.18469,47.22179],[9.18596,47.22184],[9.18678,47.22253],[9.1881,47.22249],[9.18948,47.22299],[9.19031,47.22291],[9.19073,47.22247],[9.19255,47.22256],[9.19274,47.22315],[9.19334,47.22364]]}},{"type":"Feature","properties":{"id":"loechlibach-sg","c":"SG","p":"pacht","q":"derived","k":"river"},"geometry":{"type":"LineString","coordinates":[[9.234,47.23261],[9.23121,47.23202],[9.22812,47.23171],[9.22615,47.23109],[9.22576,47.23074],[9.2227,47.22994],[9.22141,47.22984],[9.21988,47.22936],[9.21862,47.22945],[9.21781,47.22975],[9.21629,47.22951],[9.21285,47.23001],[9.21163,47.22968],[9.21096,47.2297],[9.20899,47.229],[9.20845,47.22842],[9.20829,47.22752],[9.20736,47.22696],[9.2062,47.22537],[9.20521,47.22511],[9.20509,47.22477],[9.2038,47.22429],[9.20362,47.22381],[9.20237,47.22315],[9.2013,47.22328],[9.20013,47.22369],[9.1983,47.22376]]}},{"type":"Feature","properties":{"id":"diezisbach-sg","c":"SG","p":"pacht","q":"derived","k":"river"},"geometry":{"type":"LineString","coordinates":[[9.24614,47.22215],[9.24268,47.22011],[9.24084,47.21989],[9.23879,47.21914],[9.23749,47.21804],[9.23604,47.21566],[9.23563,47.21531],[9.23561,47.21498],[9.2331,47.21393],[9.23175,47.21234],[9.22999,47.211],[9.22985,47.21068],[9.22822,47.21],[9.22754,47.2088],[9.22685,47.2081],[9.22533,47.20701],[9.22443,47.20662],[9.22436,47.20628],[9.22376,47.20585],[9.22232,47.20556],[9.22101,47.20484],[9.21935,47.20508]]}},{"type":"Feature","properties":{"id":"wiss-thur-sg","c":"SG","p":"pacht","q":"derived","k":"river"},"geometry":{"type":"LineString","coordinates":[[9.13138,47.1831],[9.13301,47.18327],[9.13356,47.18318],[9.13795,47.18451],[9.13937,47.18462],[9.14053,47.1851],[9.14384,47.1859],[9.14574,47.18678],[9.14972,47.1874],[9.1543,47.18886],[9.15754,47.1896],[9.1581,47.18994],[9.15891,47.18994],[9.1597,47.18969],[9.16175,47.19028],[9.16274,47.19015],[9.16398,47.19061],[9.16469,47.19063],[9.16772,47.19194],[9.16934,47.19194],[9.16991,47.19224],[9.17046,47.19186],[9.17077,47.19186],[9.17246,47.19229],[9.17333,47.19208],[9.17395,47.19157],[9.17438,47.19148],[9.17597,47.19187],[9.17655,47.19222],[9.17814,47.19249],[9.17997,47.19198],[9.18348,47.19208],[9.18442,47.19257],[9.18637,47.19303],[9.18705,47.19413],[9.18802,47.19443],[9.18853,47.19495],[9.1894,47.19491],[9.19053,47.19519],[9.19298,47.19524],[9.1942,47.19479],[9.19578,47.19516],[9.19683,47.1949],[9.19724,47.19496],[9.19929,47.19583],[9.20049,47.19657],[9.2007,47.19703],[9.20111,47.19721],[9.2018,47.1972],[9.20247,47.19751],[9.20397,47.19735],[9.20467,47.19821],[9.20537,47.19832],[9.20574,47.19856],[9.20714,47.19859],[9.20752,47.19938],[9.20855,47.19952],[9.20979,47.2004],[9.21234,47.2015],[9.21667,47.20175],[9.2181,47.2014],[9.21891,47.20206],[9.21979,47.20234],[9.22009,47.20264]]}},{"type":"Feature","properties":{"id":"duerrenbach-sg-2","c":"SG","p":"pacht","q":"derived","k":"river"},"geometry":{"type":"LineString","coordinates":[[9.19656,47.17088],[9.19754,47.17116],[9.19859,47.1723],[9.19967,47.17264],[9.20127,47.17367],[9.20257,47.17529],[9.20248,47.177],[9.20286,47.17739],[9.20235,47.17762],[9.20235,47.17782],[9.2027,47.17806],[9.20348,47.17821],[9.20414,47.1787],[9.20461,47.17873],[9.20595,47.17978],[9.20596,47.18066],[9.20667,47.18132],[9.20654,47.18183],[9.20687,47.18258],[9.20672,47.18348],[9.20842,47.18527],[9.20901,47.18562],[9.20951,47.18634],[9.21103,47.18747],[9.212,47.18851],[9.21279,47.18884],[9.21453,47.18914],[9.21606,47.19032],[9.21649,47.19089],[9.21736,47.19137],[9.21775,47.19204],[9.21883,47.19283],[9.22022,47.19288],[9.22115,47.19337],[9.22504,47.19403],[9.22726,47.19535],[9.22874,47.19573],[9.22986,47.1964]]}},{"type":"Feature","properties":{"id":"leistbach-sg","c":"SG","p":"pacht","q":"derived","k":"river"},"geometry":{"type":"LineString","coordinates":[[9.21231,47.1545],[9.21279,47.15471],[9.214,47.15475],[9.21554,47.15556],[9.21619,47.15669],[9.21715,47.15704],[9.2176,47.15778],[9.21829,47.15769],[9.21906,47.15826],[9.21934,47.15875],[9.2194,47.15977],[9.22021,47.16015],[9.22013,47.16041],[9.22077,47.16165],[9.222,47.16256],[9.22149,47.16371],[9.22238,47.16479],[9.22309,47.16519],[9.22489,47.16514],[9.22675,47.16604],[9.22756,47.16611],[9.22788,47.16642],[9.22866,47.16659],[9.22925,47.16728],[9.23124,47.16792],[9.23186,47.16888],[9.23246,47.16902],[9.2329,47.16979],[9.23367,47.17015],[9.23437,47.1711],[9.23493,47.17126],[9.23498,47.17203],[9.23632,47.17275],[9.23711,47.17283],[9.23755,47.17337],[9.23813,47.17366],[9.23877,47.17488],[9.24026,47.17598],[9.24046,47.17734],[9.2415,47.178],[9.24249,47.17807],[9.2429,47.17854],[9.24401,47.17848],[9.24462,47.17925],[9.24596,47.17972],[9.24661,47.18046],[9.24813,47.18089],[9.24906,47.18209],[9.24976,47.1824],[9.24997,47.18305],[9.25051,47.18353],[9.24999,47.18421],[9.25009,47.18486],[9.24899,47.18653],[9.24867,47.18874]]}},{"type":"Feature","properties":{"id":"aubach-sg","c":"SG","p":"pacht","q":"derived","k":"river"},"geometry":{"type":"MultiLineString","coordinates":[[[9.51165,47.31621],[9.51254,47.31598],[9.51415,47.31492],[9.516,47.31484],[9.5176,47.31419],[9.51812,47.31372],[9.51921,47.31359],[9.52036,47.31251],[9.5218,47.31164],[9.52538,47.31005],[9.5258,47.31005],[9.52632,47.30968],[9.52746,47.30943],[9.52793,47.3095],[9.52933,47.30886],[9.53098,47.30839],[9.53133,47.30853],[9.53186,47.30841],[9.53231,47.30866],[9.53314,47.30831],[9.53377,47.30828],[9.53583,47.30861],[9.53717,47.30809],[9.53837,47.30799],[9.54113,47.30832],[9.54189,47.30822],[9.54248,47.30792],[9.54301,47.30716],[9.54412,47.30628],[9.54576,47.30588],[9.54644,47.3055],[9.54736,47.3057]],[[9.5477,47.30587],[9.54836,47.30723],[9.54865,47.30906],[9.54957,47.30995],[9.55232,47.31357],[9.55558,47.3169],[9.56034,47.31948],[9.56185,47.32058],[9.56701,47.32665],[9.56778,47.32692],[9.57616,47.32746],[9.57843,47.32799]]]}},{"type":"Feature","properties":{"id":"dreinamenbach-sg","c":"SG","p":"pacht","q":"derived","k":"river"},"geometry":{"type":"LineString","coordinates":[[9.41169,47.21387],[9.41508,47.21322],[9.41588,47.21276],[9.41623,47.21166],[9.41813,47.21092],[9.42034,47.21049],[9.42137,47.2101],[9.42315,47.21002],[9.42553,47.20964],[9.42585,47.20986],[9.42657,47.20979],[9.42736,47.21002],[9.4311,47.20945],[9.43273,47.20814],[9.43447,47.2071],[9.43526,47.20676],[9.43622,47.20688],[9.43681,47.20677],[9.4383,47.20555],[9.44685,47.20172],[9.44847,47.19961]]}},{"type":"Feature","properties":{"id":"schlussbach-sg","c":"SG","p":"pacht","q":"derived","k":"river"},"geometry":{"type":"LineString","coordinates":[[9.3893,47.1799],[9.38995,47.17991],[9.39109,47.17958],[9.39212,47.17881],[9.3928,47.17856],[9.39436,47.17871],[9.39524,47.17855],[9.39683,47.17875],[9.3974,47.17863],[9.3981,47.17883],[9.39907,47.17951],[9.40003,47.1797],[9.40069,47.17961],[9.40264,47.17979],[9.4051,47.1806],[9.40722,47.1804],[9.41016,47.18065],[9.41135,47.18051],[9.41252,47.1801],[9.41668,47.18075],[9.4184,47.18077],[9.42127,47.18155],[9.42243,47.18152],[9.42459,47.18183],[9.42556,47.1816],[9.42625,47.18168],[9.42797,47.18143],[9.42836,47.18106],[9.42987,47.18051],[9.43069,47.17995],[9.43175,47.17999],[9.43255,47.17972],[9.43407,47.17994],[9.43474,47.17981],[9.43571,47.18018],[9.43627,47.18002]]}},{"type":"Feature","properties":{"id":"loggnerbach-sg","c":"SG","p":"pacht","q":"derived","k":"river"},"geometry":{"type":"MultiLineString","coordinates":[[[9.43357,47.15214],[9.4337,47.15261],[9.43259,47.15389],[9.43194,47.15521],[9.43254,47.15735],[9.43386,47.15845],[9.43562,47.15907],[9.43617,47.15961],[9.43673,47.15976],[9.43692,47.1604],[9.4384,47.16121],[9.43988,47.16231],[9.44112,47.16359],[9.44182,47.16488],[9.44359,47.16574],[9.44406,47.16617],[9.44546,47.16645],[9.44625,47.1669],[9.44732,47.16694],[9.44805,47.16731],[9.44977,47.16759],[9.45198,47.16829],[9.45571,47.16979],[9.45967,47.17164]],[[9.45999,47.17198],[9.46077,47.17365],[9.46597,47.17418]]]}},{"type":"Feature","properties":{"id":"tobelbach-sg","c":"SG","p":"pacht","q":"derived","k":"river"},"geometry":{"type":"MultiLineString","coordinates":[[[9.4244,47.12121],[9.42362,47.12163],[9.42315,47.12384],[9.42422,47.12528],[9.4243,47.12698],[9.42526,47.12758],[9.42546,47.12793],[9.42651,47.12839],[9.42906,47.12867],[9.43044,47.12949],[9.43343,47.1326],[9.43426,47.13289],[9.43673,47.13486],[9.43797,47.1354],[9.44014,47.13728],[9.44103,47.13834],[9.44398,47.13986],[9.44526,47.14102],[9.4468,47.14123],[9.44836,47.14263],[9.44847,47.14309],[9.44956,47.14372],[9.4501,47.14461],[9.45146,47.14503],[9.45277,47.14687],[9.45352,47.14748],[9.45508,47.14835],[9.45595,47.14851],[9.45736,47.14975],[9.45804,47.14968],[9.4588,47.14996],[9.45942,47.15094],[9.4608,47.15134],[9.46122,47.152],[9.46174,47.15205],[9.46249,47.15246],[9.46253,47.15276],[9.46374,47.15343],[9.46433,47.15426],[9.46519,47.15458],[9.46541,47.15508],[9.46749,47.15547],[9.46789,47.15606],[9.4677,47.15704],[9.4673,47.15754],[9.46766,47.15897],[9.46822,47.15959],[9.46876,47.15983],[9.47605,47.16098]],[[9.47715,47.16127],[9.47807,47.16194]]]}},{"type":"Feature","properties":{"id":"sevelerbach-sg","c":"SG","p":"pacht","q":"derived","k":"river"},"geometry":{"type":"MultiLineString","coordinates":[[[9.43912,47.11151],[9.4421,47.11057],[9.44423,47.10947],[9.44623,47.10907],[9.44819,47.10926],[9.44942,47.10915],[9.45421,47.11026],[9.45657,47.11027],[9.45744,47.11076],[9.4599,47.1109],[9.4641,47.10947],[9.46606,47.10984],[9.46828,47.1099],[9.46973,47.11035],[9.47078,47.11019],[9.4725,47.1103],[9.47316,47.11068],[9.47391,47.11072],[9.47448,47.1112],[9.47588,47.11169],[9.47649,47.11228],[9.47714,47.1136],[9.47703,47.11494]],[[9.47719,47.11522],[9.47785,47.11569],[9.47779,47.11657],[9.47844,47.11727],[9.47964,47.11712],[9.48201,47.11789],[9.4832,47.11881],[9.48406,47.11903],[9.48701,47.12146],[9.48891,47.12121],[9.49062,47.1218],[9.49163,47.12366],[9.49023,47.12727],[9.49022,47.13137],[9.49078,47.13204],[9.49268,47.13258],[9.49375,47.13309],[9.49527,47.13459],[9.49574,47.13658],[9.49473,47.1386],[9.4948,47.14128],[9.4954,47.14288],[9.4973,47.14545]]]}},{"type":"Feature","properties":{"id":"luterbach-sg","c":"SG","p":"pacht","q":"derived","k":"river"},"geometry":{"type":"LineString","coordinates":[[9.42758,47.07864],[9.42888,47.07898],[9.42974,47.07892],[9.43064,47.07864],[9.43251,47.07732],[9.43535,47.07708],[9.43729,47.07636],[9.43834,47.07558],[9.44045,47.075],[9.44443,47.07488],[9.44487,47.07457],[9.44571,47.07447],[9.44607,47.07419],[9.44666,47.0741],[9.44884,47.07423],[9.45031,47.07343],[9.45155,47.07367],[9.45215,47.07339],[9.45532,47.07275],[9.45815,47.07279],[9.45888,47.07256],[9.45944,47.07263],[9.45958,47.07287],[9.45925,47.07335],[9.45928,47.07405],[9.45993,47.07521],[9.4607,47.07566],[9.46265,47.076],[9.46662,47.07553],[9.4674,47.07504],[9.46894,47.07472],[9.47053,47.0747]]}},{"type":"Feature","properties":{"id":"saar-sg","c":"SG","p":"pacht","q":"derived","k":"river"},"geometry":{"type":"MultiLineString","coordinates":[[[9.4416,46.98351],[9.44181,46.98409],[9.44144,46.98468],[9.44193,46.98627],[9.44371,46.98696],[9.44439,46.98701],[9.4448,46.98751],[9.44555,46.98787],[9.44528,46.98827],[9.44563,46.98851],[9.44563,46.98933],[9.44676,46.99051],[9.44696,46.9921],[9.4476,46.99243],[9.4478,46.99292],[9.44886,46.99328],[9.45039,46.99324],[9.45214,46.99373],[9.45255,46.99424],[9.45281,46.99533],[9.45382,46.99559],[9.45467,46.99628],[9.45477,46.99691],[9.45538,46.99778],[9.45561,46.99905],[9.45648,46.99985],[9.45643,47.00156],[9.45897,47.00389],[9.45862,47.0043],[9.45865,47.00502],[9.45945,47.00622],[9.45384,47.011],[9.45334,47.01174],[9.45342,47.01228],[9.45513,47.01331],[9.45581,47.0151],[9.45634,47.0154],[9.45854,47.01588],[9.46042,47.01597],[9.46157,47.01637],[9.46374,47.01636],[9.46485,47.01689],[9.4663,47.01706],[9.46684,47.01765]],[[9.46668,47.01833],[9.46602,47.01936],[9.4658,47.02091],[9.45922,47.02548],[9.45883,47.02616],[9.46105,47.03714],[9.46157,47.03815],[9.46201,47.04116],[9.46338,47.06182]]]}},{"type":"Feature","properties":{"id":"saschielbach-sg","c":"SG","p":"pacht","q":"derived","k":"river"},"geometry":{"type":"MultiLineString","coordinates":[[[9.48954,47.01073],[9.48763,47.01136],[9.48511,47.01256],[9.48206,47.0128],[9.47869,47.01377],[9.47629,47.01562],[9.47161,47.01713],[9.47387,47.02063],[9.47376,47.0211],[9.45979,47.03071]],[[9.46386,46.99136],[9.46519,46.99255],[9.46689,46.99504],[9.4681,46.99641],[9.46889,46.99674],[9.47069,46.99844],[9.47235,46.9991],[9.47571,47.00237],[9.47879,47.00289],[9.47911,47.00309],[9.4792,47.00365],[9.47958,47.00383],[9.48038,47.00375],[9.48143,47.00337],[9.48263,47.00335],[9.48427,47.00436],[9.48504,47.00526],[9.48698,47.00642],[9.48825,47.00746],[9.49101,47.00882],[9.48989,47.0106]]]}},{"type":"Feature","properties":{"id":"grossbach-sg","c":"SG","p":"pacht","q":"derived","k":"river"},"geometry":{"type":"MultiLineString","coordinates":[[[9.4161,46.9831],[9.41644,46.98361],[9.41607,46.98395],[9.41571,46.98499],[9.4141,46.98478],[9.41326,46.98446],[9.41201,46.98436],[9.41137,46.98495],[9.41132,46.98548],[9.41044,46.98612],[9.41132,46.98819],[9.41217,46.98913],[9.41205,46.99048],[9.41153,46.99113],[9.41096,46.99127],[9.41087,46.99173],[9.41102,46.9922],[9.41201,46.9932],[9.41317,46.99605],[9.41437,46.99683],[9.41496,46.99843],[9.41588,46.99942],[9.41588,46.99989],[9.41664,47.00066],[9.41651,47.00119],[9.4178,47.00177],[9.41763,47.00249],[9.41692,47.0031],[9.41631,47.00327],[9.41583,47.00382],[9.41607,47.0046],[9.41601,47.00646],[9.41659,47.00698],[9.41647,47.00761],[9.41694,47.00895],[9.41765,47.00979],[9.41765,47.01083],[9.418,47.01159],[9.41945,47.01284],[9.42057,47.01547],[9.42135,47.01755],[9.421,47.01856],[9.42146,47.01916],[9.42315,47.02015],[9.42326,47.02174],[9.42501,47.02314],[9.4265,47.02652],[9.42863,47.02772],[9.42986,47.02877],[9.43222,47.02929],[9.43716,47.02906],[9.43924,47.02939]],[[9.44023,47.02964],[9.44573,47.03134]]]}},{"type":"Feature","properties":{"id":"seebach-sg","c":"SG","p":"pacht","q":"derived","k":"river"},"geometry":{"type":"MultiLineString","coordinates":[[[9.43434,46.9884],[9.4345,46.98955],[9.43634,46.99301],[9.43661,46.99436],[9.43641,46.99482],[9.43661,46.99499],[9.4364,46.99612],[9.43655,46.99643],[9.43611,46.99673],[9.43606,46.99729],[9.43548,46.99748],[9.43493,46.99798],[9.4351,46.99836],[9.43591,46.99894],[9.43589,47.00105],[9.43322,47.00432],[9.43168,47.00534]],[[9.43266,46.97825],[9.43393,46.97864],[9.43361,46.97915],[9.43402,46.97947],[9.43383,46.9806],[9.43322,46.98256],[9.43334,46.98364],[9.43378,46.984],[9.43356,46.98554],[9.43403,46.98627],[9.43417,46.98738]]]}},{"type":"Feature","properties":{"id":"bergbach-sg","c":"SG","p":"pacht","q":"derived","k":"river"},"geometry":{"type":"MultiLineString","coordinates":[[[9.50936,47.00511],[9.50886,47.00706],[9.5069,47.00727]],[[9.51724,46.99297],[9.51783,46.99511],[9.51597,46.99856],[9.51424,46.99964],[9.51187,47.00006],[9.51102,47.0004]],[[9.51747,46.95904],[9.51696,46.95959],[9.51666,46.96072],[9.51574,46.96154],[9.51583,46.96205],[9.51668,46.96258],[9.51669,46.96301],[9.51528,46.96348],[9.51534,46.96378],[9.51475,46.96423],[9.51449,46.96497],[9.51406,46.96529],[9.51408,46.96577],[9.51378,46.96593],[9.51358,46.96687],[9.51384,46.96711],[9.5137,46.96854],[9.5143,46.96949],[9.51409,46.96964],[9.514,46.97167],[9.51341,46.97249],[9.5136,46.97269],[9.51315,46.97337],[9.51329,46.97371],[9.51285,46.97458],[9.51305,46.97462],[9.51308,46.97495],[9.51267,46.97584],[9.513,46.97672],[9.51262,46.97802],[9.51282,46.97824],[9.51195,46.97878],[9.51103,46.97878],[9.51054,46.97913],[9.50995,46.98012],[9.50908,46.98009],[9.5085,46.98074],[9.50806,46.98082],[9.50809,46.98128],[9.5069,46.98166],[9.506,46.98175],[9.5057,46.98198],[9.50497,46.98192],[9.50431,46.98274],[9.5045,46.98325],[9.50584,46.98454],[9.50577,46.98584],[9.50632,46.98685],[9.50584,46.9872],[9.50582,46.98756],[9.50473,46.98769],[9.50436,46.98903],[9.50493,46.98978],[9.5067,46.9908],[9.50768,46.99088],[9.50866,46.99057],[9.51039,46.99109],[9.51521,46.99161],[9.51644,46.99205],[9.51712,46.99264]]]}},{"type":"Feature","properties":{"id":"zanuzbach-sg","c":"SG","p":"pacht","q":"derived","k":"river"},"geometry":{"type":"LineString","coordinates":[[9.4468,46.98079],[9.44825,46.98109],[9.45108,46.9808],[9.45384,46.98098],[9.455,46.98077],[9.45791,46.98111],[9.46293,46.98127],[9.46454,46.98145],[9.4662,46.98216],[9.46916,46.98215],[9.47083,46.98247],[9.47462,46.98227],[9.47624,46.98186],[9.47757,46.98206],[9.47956,46.98175],[9.48215,46.98253],[9.4838,46.98254],[9.48439,46.98299],[9.48585,46.98348],[9.48888,46.98322]]}},{"type":"Feature","properties":{"id":"zanaibach-sg","c":"SG","p":"pacht","q":"derived","k":"river"},"geometry":{"type":"LineString","coordinates":[[9.40338,46.95703],[9.40439,46.95701],[9.40563,46.95656],[9.40645,46.95653],[9.40918,46.95655],[9.41087,46.95698],[9.41234,46.95679],[9.41377,46.95722],[9.41616,46.95701],[9.41786,46.95775],[9.41904,46.95994],[9.42055,46.96102],[9.42311,46.96089],[9.42522,46.96125],[9.42706,46.96073],[9.42889,46.961],[9.43026,46.96059],[9.43099,46.96076],[9.43223,46.96155],[9.43286,46.96174],[9.43383,46.96142],[9.43455,46.96032],[9.43522,46.95998],[9.43623,46.95995],[9.43728,46.95965],[9.43949,46.95967],[9.44218,46.96038],[9.4429,46.96091],[9.44369,46.96088],[9.44554,46.96121],[9.4475,46.96201],[9.44966,46.9616],[9.45415,46.96249],[9.45515,46.9629],[9.45951,46.96348],[9.4605,46.96326],[9.4615,46.96348],[9.46539,46.96381],[9.46658,46.96413],[9.46915,46.96391],[9.47005,46.96356],[9.47587,46.96422],[9.47715,46.96423],[9.47812,46.96392],[9.4787,46.96336],[9.48033,46.96278],[9.48071,46.96308],[9.48187,46.96339]]}},{"type":"Feature","properties":{"id":"valplonabach-sg","c":"SG","p":"pacht","q":"derived","k":"river"},"geometry":{"type":"LineString","coordinates":[[9.40607,46.97363],[9.4097,46.9744],[9.41308,46.9746],[9.41499,46.97517],[9.41755,46.97541],[9.42143,46.9752],[9.42214,46.97491],[9.423,46.97416],[9.42437,46.97372],[9.42503,46.97324],[9.42642,46.97199],[9.42671,46.97138],[9.42842,46.96953],[9.4296,46.96739],[9.42953,46.96508],[9.43081,46.96428],[9.43156,46.96222],[9.43223,46.96155]]}},{"type":"Feature","properties":{"id":"stigbaechli-sg","c":"SG","p":"pacht","q":"derived","k":"river"},"geometry":{"type":"LineString","coordinates":[[8.94369,47.25626],[8.94204,47.2562],[8.94009,47.25643],[8.93884,47.25601],[8.93808,47.25558],[8.93776,47.255],[8.93641,47.25453],[8.93391,47.25378],[8.92988,47.25304],[8.92179,47.25092],[8.92097,47.25087],[8.91894,47.2501],[8.91487,47.24937],[8.91411,47.24906],[8.90544,47.2473],[8.90452,47.24692],[8.89832,47.24572],[8.89651,47.2452],[8.89314,47.24465],[8.8916,47.24465],[8.89,47.24416],[8.88717,47.24362],[8.88592,47.24378],[8.88394,47.24298],[8.882,47.24306],[8.87825,47.24228],[8.87766,47.24229],[8.87711,47.24168],[8.8767,47.24159],[8.87675,47.24134],[8.87552,47.24095]]}},{"type":"Feature","properties":{"id":"hubertingerbaechli-sg","c":"SG","p":"pacht","q":"derived","k":"river"},"geometry":{"type":"LineString","coordinates":[[8.95835,47.26902],[8.95886,47.26821],[8.9592,47.26675],[8.95962,47.26618],[8.96016,47.26389],[8.96116,47.26213],[8.96107,47.26151],[8.96144,47.26066],[8.96077,47.26033],[8.95814,47.25954],[8.9546,47.2589],[8.95171,47.25902],[8.94994,47.25977],[8.94763,47.25992],[8.94732,47.26015],[8.94696,47.25986],[8.94593,47.25971],[8.94575,47.25948],[8.94503,47.25931],[8.94398,47.25937],[8.94291,47.25914],[8.94228,47.25895],[8.94188,47.25856],[8.93961,47.25821],[8.9385,47.25859],[8.9374,47.25854],[8.93653,47.25822],[8.93544,47.25829]]}},{"type":"Feature","properties":{"id":"bueelenbaechli-sg","c":"SG","p":"pacht","q":"derived","k":"river"},"geometry":{"type":"LineString","coordinates":[[9.05187,47.25203],[9.05145,47.25301],[9.05034,47.25384],[9.04779,47.25488],[9.04664,47.25566],[9.04438,47.2564],[9.04394,47.25686],[9.04179,47.25819],[9.04136,47.25869],[9.04019,47.25888],[9.03923,47.25928],[9.03802,47.25933],[9.03732,47.25853],[9.0366,47.2587],[9.0331,47.25808],[9.0328,47.25818],[9.03269,47.25861],[9.03216,47.25854],[9.03113,47.25759],[9.03043,47.25729],[9.03017,47.25657],[9.02939,47.25629],[9.02938,47.25608],[9.0291,47.25616],[9.02882,47.25593],[9.02857,47.25616],[9.02784,47.25584],[9.02697,47.25516],[9.02675,47.25461],[9.02705,47.2542],[9.02716,47.25303],[9.02773,47.25216]]}},{"type":"Feature","properties":{"id":"linthkanal-sg","c":"SG","p":"pacht","q":"derived","k":"river"},"geometry":{"type":"MultiLineString","coordinates":[[[9.06899,47.12981],[9.06786,47.13008],[9.06664,47.13065],[9.06403,47.13313],[9.05939,47.13599],[9.05502,47.13841],[8.99453,47.18195],[8.99374,47.18266],[8.99192,47.18523],[8.97283,47.21505],[8.97114,47.2166],[8.96933,47.21733],[8.96651,47.21756],[8.957,47.21636],[8.95545,47.21635],[8.94181,47.21808]],[[9.09835,47.13253],[9.09446,47.13185],[9.09011,47.13153]]]}},{"type":"Feature","properties":{"id":"haerrisbaechli-sg","c":"SG","p":"pacht","q":"derived","k":"river"},"geometry":{"type":"LineString","coordinates":[[9.04224,47.23802],[9.04158,47.2379],[9.04034,47.23711],[9.03843,47.23692],[9.03683,47.23628],[9.0347,47.23589],[9.03108,47.23365],[9.03012,47.23337],[9.02885,47.23269],[9.02807,47.23185],[9.02717,47.23172],[9.02591,47.23122],[9.02491,47.22999],[9.02359,47.22933],[9.02104,47.23054],[9.01925,47.23037],[9.01869,47.2306],[9.01737,47.23076],[9.01619,47.23052],[9.01271,47.23127],[9.01202,47.23119],[9.01113,47.23176],[9.01031,47.23176],[9.00905,47.23147],[9.00643,47.23178],[9.00492,47.2316],[9.00469,47.23192],[9.0042,47.23184],[9.00386,47.23199],[9.00368,47.23259],[9.0029,47.23271],[9.00106,47.23251]]}},{"type":"Feature","properties":{"id":"hintergraben-sg","c":"SG","p":"pacht","q":"derived","k":"river"},"geometry":{"type":"LineString","coordinates":[[9.00448,47.17421],[8.99421,47.18163],[8.99291,47.18295],[8.97357,47.2127]]}},{"type":"Feature","properties":{"id":"giegenbach-sg","c":"SG","p":"pacht","q":"derived","k":"river"},"geometry":{"type":"LineString","coordinates":[[9.08571,47.2451],[9.08409,47.24352],[9.08217,47.24258],[9.08209,47.24233],[9.07856,47.24117],[9.07846,47.24064],[9.07758,47.24006],[9.07596,47.2397],[9.0755,47.23975],[9.07474,47.23927],[9.0736,47.23905],[9.07139,47.23822],[9.07059,47.23834],[9.06972,47.23812],[9.06897,47.23825],[9.06782,47.23811],[9.06331,47.23646],[9.06135,47.23628],[9.06019,47.23558],[9.05934,47.23549],[9.05802,47.23486],[9.05737,47.23483],[9.05513,47.23412],[9.05436,47.23404],[9.05382,47.23419],[9.05311,47.23362],[9.05111,47.23354],[9.05101,47.23295],[9.04974,47.23283],[9.04964,47.23266],[9.05001,47.23242],[9.04983,47.23225],[9.04909,47.23208],[9.04816,47.23217],[9.04719,47.2316],[9.04713,47.23127],[9.0456,47.2311],[9.04558,47.23056],[9.04483,47.23039],[9.04386,47.22938],[9.04225,47.22841],[9.04058,47.22803],[9.03949,47.22825],[9.03827,47.22794],[9.03757,47.22799],[9.03719,47.22766],[9.03619,47.22754],[9.03591,47.22727],[9.03591,47.22686],[9.03485,47.22712],[9.03378,47.22642],[9.03301,47.22649],[9.03222,47.22545],[9.03106,47.22528],[9.03097,47.224],[9.03102,47.22338],[9.03196,47.22263],[9.03203,47.22206],[9.03336,47.22166],[9.03331,47.22129],[9.03238,47.22053],[9.03226,47.22011],[9.03152,47.21978],[9.02997,47.2183],[9.02919,47.21795],[9.02867,47.21623],[9.02819,47.21598],[9.02506,47.21247],[9.02229,47.21034],[9.01528,47.20725],[9.00859,47.20609],[9.00757,47.20632]]}},{"type":"Feature","properties":{"id":"waengibach-sg","c":"SG","p":"pacht","q":"derived","k":"river"},"geometry":{"type":"LineString","coordinates":[[9.11867,47.18912],[9.11674,47.18831],[9.11576,47.1882],[9.11516,47.18741],[9.11345,47.18643],[9.11279,47.1857],[9.11111,47.1849],[9.10936,47.18444],[9.10855,47.18458],[9.10774,47.1854],[9.10714,47.18552],[9.10709,47.18576],[9.10536,47.18557],[9.10513,47.18596],[9.10476,47.18589],[9.10416,47.18627],[9.10414,47.18747],[9.10292,47.18756],[9.10242,47.18823],[9.10243,47.18888],[9.10302,47.18946],[9.10261,47.18967],[9.10317,47.18988],[9.10324,47.19015],[9.10267,47.19034],[9.103,47.191],[9.1023,47.19128],[9.10212,47.19184],[9.10151,47.19203],[9.10136,47.19315],[9.09824,47.195],[9.09809,47.19568],[9.09739,47.19577],[9.09465,47.19712],[9.09446,47.19756],[9.09357,47.19822],[9.09329,47.19959],[9.09286,47.19961],[9.09237,47.2001],[9.09134,47.20018],[9.08993,47.20079],[9.08958,47.20127],[9.08979,47.20203],[9.08919,47.20221],[9.08907,47.20267],[9.0896,47.20349],[9.08908,47.20356],[9.0889,47.20411],[9.08815,47.20469],[9.08761,47.20552],[9.08677,47.20554],[9.08644,47.20575],[9.08634,47.2068],[9.08574,47.20783],[9.0849,47.208],[9.08482,47.20828],[9.08372,47.20856],[9.0836,47.20991],[9.0826,47.21072],[9.08121,47.21076],[9.08049,47.21127],[9.07959,47.21156],[9.07901,47.21232],[9.07757,47.2125],[9.07563,47.21368],[9.07569,47.2141],[9.07493,47.21447],[9.07486,47.2154],[9.07385,47.21804],[9.07269,47.21877],[9.07196,47.21866],[9.07164,47.21878],[9.07105,47.21961],[9.07023,47.21992],[9.07037,47.22041],[9.06858,47.22116]]}},{"type":"Feature","properties":{"id":"ramisbach-sg","c":"SG","p":"pacht","q":"derived","k":"river"},"geometry":{"type":"LineString","coordinates":[[9.08108,47.16642],[9.07626,47.16714],[9.07406,47.16802],[9.07284,47.16821],[9.06825,47.16838],[9.06616,47.16749],[9.06464,47.16743],[9.06291,47.1681],[9.06094,47.16841],[9.06003,47.16828],[9.05951,47.16854],[9.05954,47.16893],[9.05928,47.1691],[9.05846,47.16885],[9.05718,47.16878],[9.05607,47.16926],[9.05491,47.16924],[9.05374,47.16996],[9.05012,47.17041],[9.0413,47.17429]]}},{"type":"Feature","properties":{"id":"maseltrangerbach-sg","c":"SG","p":"pacht","q":"derived","k":"river"},"geometry":{"type":"LineString","coordinates":[[9.07475,47.20073],[9.07321,47.20063],[9.07184,47.20028],[9.07119,47.19991],[9.07029,47.19985],[9.06886,47.19947],[9.06785,47.19898],[9.06744,47.19856],[9.06541,47.19787],[9.06434,47.1972],[9.06323,47.1971],[9.06041,47.19605],[9.05984,47.1954],[9.05979,47.19489],[9.05812,47.19332],[9.05781,47.19318],[9.05712,47.19334],[9.05614,47.19272],[9.05485,47.19225],[9.05404,47.19226],[9.05326,47.19129],[9.05273,47.19121],[9.05048,47.19016],[9.04937,47.18991],[9.04638,47.1878],[9.03435,47.18107],[9.02943,47.17891]]}},{"type":"Feature","properties":{"id":"naessibach-sg","c":"SG","p":"pacht","q":"derived","k":"river"},"geometry":{"type":"LineString","coordinates":[[9.0814,47.19198],[9.08009,47.19209],[9.07922,47.19188],[9.07813,47.19194],[9.07756,47.1923],[9.07571,47.19267],[9.07442,47.19246],[9.07332,47.19254],[9.07167,47.19319],[9.07017,47.19287],[9.0693,47.19239],[9.06805,47.19215],[9.06641,47.19146],[9.06386,47.19108],[9.0632,47.19008],[9.06185,47.189],[9.06134,47.18891],[9.0598,47.18795],[9.05795,47.18739],[9.0567,47.18761],[9.0552,47.18729],[9.05476,47.18696],[9.05413,47.18718],[9.05351,47.18715],[9.05257,47.18666],[9.05095,47.18686],[9.04832,47.18791],[9.04624,47.18773]]}},{"type":"Feature","properties":{"id":"rappenbach-sg","c":"SG","p":"pacht","q":"derived","k":"river"},"geometry":{"type":"MultiLineString","coordinates":[[[9.05275,47.1616],[9.05065,47.16179],[9.04831,47.16141],[9.04464,47.1642],[9.03995,47.16702],[9.03615,47.16819],[9.01645,47.1734]],[[9.07351,47.16036],[9.07104,47.1617],[9.0688,47.16233],[9.06678,47.16255],[9.06616,47.16292],[9.06549,47.16301],[9.0643,47.16304],[9.06322,47.16254],[9.0623,47.16238],[9.06161,47.16166],[9.06031,47.1613],[9.0596,47.16069],[9.0581,47.16081],[9.05598,47.16026],[9.05508,47.1608],[9.0535,47.16108],[9.0531,47.16135]]]}},{"type":"Feature","properties":{"id":"ziegelbach-sg","c":"SG","p":"pacht","q":"derived","k":"river"},"geometry":{"type":"LineString","coordinates":[[9.08249,47.15718],[9.08023,47.15416],[9.07809,47.15258],[9.07523,47.15092],[9.07504,47.15043],[9.07254,47.14889],[9.07045,47.14726],[9.0696,47.14644],[9.06969,47.14589],[9.06876,47.14502],[9.06744,47.143],[9.06602,47.14203],[9.06526,47.14109],[9.06344,47.1401],[9.06283,47.13932],[9.06192,47.139],[9.0595,47.13747],[9.05684,47.13854],[9.05543,47.1384]]}},{"type":"Feature","properties":{"id":"flybach-sg","c":"SG","p":"pacht","q":"derived","k":"river"},"geometry":{"type":"LineString","coordinates":[[9.11484,47.17278],[9.11489,47.17237],[9.11446,47.17211],[9.11435,47.17176],[9.11442,47.17115],[9.11338,47.17082],[9.11325,47.17051],[9.11339,47.16945],[9.11313,47.16842],[9.11347,47.16792],[9.11317,47.16698],[9.11383,47.16688],[9.11392,47.16637],[9.11174,47.16468],[9.11194,47.16332],[9.11119,47.16276],[9.11123,47.1618],[9.11098,47.16113],[9.11042,47.16063],[9.10971,47.16033],[9.10899,47.15827],[9.10804,47.15779],[9.10784,47.15728],[9.10799,47.15682],[9.10754,47.15651],[9.10716,47.15547],[9.10688,47.15336],[9.10708,47.15254],[9.10678,47.15129],[9.10728,47.15024],[9.10652,47.14699],[9.10695,47.14636],[9.10604,47.14552],[9.10622,47.14497],[9.10606,47.14427],[9.10658,47.14297],[9.10623,47.14166],[9.10698,47.14091],[9.10718,47.14038],[9.10643,47.13968],[9.10563,47.13935],[9.10528,47.13887],[9.105,47.13477],[9.10543,47.13394]]}},{"type":"Feature","properties":{"id":"seerenbach-sg","c":"SG","p":"pacht","q":"derived","k":"river"},"geometry":{"type":"LineString","coordinates":[[9.20106,47.1502],[9.20039,47.14969],[9.19943,47.14947],[9.19881,47.14902],[9.19503,47.14776],[9.19372,47.14781],[9.19262,47.14761],[9.18999,47.14686],[9.1888,47.14676],[9.18759,47.14624],[9.18637,47.14611],[9.1855,47.14636],[9.18507,47.14593],[9.18322,47.14616],[9.1829,47.14591],[9.18194,47.14585],[9.18146,47.14491],[9.17968,47.14473],[9.17925,47.14444],[9.17908,47.14414],[9.17929,47.14363],[9.17781,47.14214],[9.17697,47.14197],[9.17615,47.14154],[9.1754,47.14165],[9.17486,47.1414],[9.17456,47.14088],[9.17269,47.1408],[9.17096,47.14115],[9.17016,47.14106],[9.17002,47.14072],[9.16931,47.14045],[9.16878,47.13997],[9.16754,47.13952],[9.16649,47.13951],[9.16496,47.13841],[9.16423,47.13714],[9.16338,47.13653],[9.16284,47.1342]]}},{"type":"Feature","properties":{"id":"talbach-mols-sg","c":"SG","p":"pacht","q":"derived","k":"river"},"geometry":{"type":"LineString","coordinates":[[9.26458,47.08397],[9.2653,47.08422],[9.26572,47.08484],[9.26728,47.0851],[9.26728,47.08533],[9.268,47.08575],[9.26858,47.08732],[9.26822,47.08795],[9.2675,47.0881],[9.26703,47.08856],[9.26557,47.08931],[9.26527,47.08999],[9.26515,47.09146],[9.26528,47.09346],[9.2642,47.09444],[9.2641,47.09532],[9.26346,47.09634],[9.26352,47.09691],[9.26477,47.09922],[9.26541,47.10109],[9.26629,47.1021],[9.26637,47.10264],[9.26739,47.10338],[9.26777,47.10421],[9.26873,47.1049],[9.26846,47.10639],[9.26954,47.10885],[9.26968,47.10994],[9.27246,47.11173],[9.27308,47.11183],[9.27508,47.11169],[9.27565,47.11182],[9.27665,47.11302]]}},{"type":"Feature","properties":{"id":"talbach-sg","c":"SG","p":"pacht","q":"derived","k":"river"},"geometry":{"type":"MultiLineString","coordinates":[[[9.24314,47.07983],[9.24444,47.07912]],[[9.24822,47.08026],[9.24824,47.08084]],[[9.24874,47.08179],[9.24916,47.08333],[9.24734,47.08413],[9.24657,47.08484],[9.24657,47.08516],[9.2474,47.08797],[9.24801,47.0885],[9.24858,47.08991],[9.24962,47.09077],[9.24919,47.09165],[9.24909,47.09269],[9.25033,47.09415],[9.2503,47.09515],[9.24909,47.09652],[9.24963,47.09731],[9.24899,47.09847],[9.25012,47.0997],[9.25151,47.10017],[9.25223,47.10082],[9.25212,47.10156],[9.25255,47.10196],[9.25267,47.10345],[9.25379,47.10584],[9.2531,47.10748],[9.25351,47.10835],[9.25353,47.11023],[9.25377,47.111],[9.25274,47.11271],[9.25274,47.11377]]]}},{"type":"Feature","properties":{"id":"berschnerbach-sg","c":"SG","p":"pacht","q":"derived","k":"river"},"geometry":{"type":"MultiLineString","coordinates":[[[9.33591,47.11472],[9.33456,47.11492],[9.32999,47.11607]],[[9.38943,47.11091],[9.38699,47.11002],[9.38598,47.11022],[9.38428,47.10965],[9.38356,47.10999],[9.38329,47.11065],[9.3824,47.11119],[9.38134,47.11241],[9.3809,47.11242],[9.38053,47.1128],[9.37734,47.1125],[9.37696,47.11282],[9.37581,47.1131],[9.3746,47.11238],[9.37324,47.11223],[9.37074,47.11163],[9.37022,47.11113],[9.36884,47.11037],[9.36787,47.10942],[9.36498,47.10887],[9.36423,47.10844],[9.36366,47.10724],[9.36281,47.10648],[9.36097,47.10613],[9.36026,47.10531],[9.35947,47.1052],[9.35838,47.10467],[9.35772,47.10465],[9.35667,47.10475],[9.35498,47.10555],[9.35386,47.10541],[9.35273,47.10598],[9.35165,47.10628],[9.35055,47.10607],[9.3501,47.10545],[9.34906,47.10564],[9.34757,47.10676],[9.34604,47.10959],[9.34548,47.11018],[9.34038,47.11156],[9.3368,47.1141]]]}},{"type":"Feature","properties":{"id":"milchbach-sg","c":"SG","p":"pacht","q":"derived","k":"river"},"geometry":{"type":"LineString","coordinates":[[9.39099,47.10086],[9.39065,47.1009],[9.3902,47.10058],[9.3884,47.10004],[9.38718,47.09986],[9.38652,47.09993],[9.38487,47.09971],[9.38293,47.09991],[9.38136,47.09887],[9.38052,47.09787],[9.37981,47.09757],[9.37834,47.0952],[9.37785,47.09479],[9.37604,47.09439],[9.37556,47.09371],[9.37426,47.09363],[9.37354,47.09338],[9.37288,47.09299],[9.37205,47.09187],[9.37071,47.09217],[9.37022,47.09183],[9.36872,47.09142],[9.36776,47.09156],[9.36691,47.09133],[9.36587,47.09143],[9.36357,47.0897],[9.36306,47.08956],[9.36201,47.09022],[9.36071,47.09231],[9.35999,47.09524],[9.35748,47.0971],[9.3558,47.09727],[9.35411,47.09921],[9.35104,47.10024],[9.3487,47.10206],[9.34631,47.10169],[9.34569,47.10191],[9.34495,47.10269],[9.34291,47.1031],[9.34243,47.10378],[9.34187,47.10365],[9.34083,47.10374],[9.33987,47.10324]]}},{"type":"Feature","properties":{"id":"tobelbach-sg-2","c":"SG","p":"pacht","q":"derived","k":"river"},"geometry":{"type":"LineString","coordinates":[[9.27423,47.08011],[9.27636,47.08153],[9.27781,47.08191],[9.27958,47.08368],[9.2806,47.08403],[9.28107,47.0845],[9.28218,47.08438],[9.28289,47.08462],[9.28302,47.08452],[9.2832,47.0847],[9.28399,47.08458],[9.28513,47.08509],[9.28532,47.08564],[9.28507,47.08578],[9.2854,47.08608],[9.28526,47.08644],[9.28652,47.08717],[9.2868,47.08798],[9.28721,47.08834],[9.28908,47.08836],[9.29168,47.08926],[9.29552,47.08961],[9.29914,47.09104],[9.3013,47.09405],[9.30231,47.09484],[9.30309,47.09513],[9.30365,47.09567],[9.30458,47.09745],[9.30677,47.09872],[9.30889,47.09876],[9.3112,47.09905],[9.31224,47.09885],[9.31311,47.09888],[9.31486,47.0994],[9.31589,47.09922],[9.32114,47.09926],[9.32148,47.09902],[9.32576,47.09856],[9.33034,47.09843],[9.33247,47.09865],[9.33284,47.09854],[9.3347,47.09949],[9.33543,47.10054]]}},{"type":"Feature","properties":{"id":"ruslenbach-sg","c":"SG","p":"pacht","q":"derived","k":"river"},"geometry":{"type":"LineString","coordinates":[[9.28247,47.07558],[9.28583,47.07545],[9.28775,47.07565],[9.28863,47.07632],[9.2904,47.07856],[9.29184,47.08107],[9.29307,47.08146],[9.29477,47.08246],[9.29617,47.08301],[9.29693,47.08374],[9.29819,47.08389],[9.30105,47.08465],[9.30174,47.0847],[9.30263,47.08408],[9.30351,47.08436],[9.30514,47.08444],[9.30696,47.08425],[9.30799,47.08451],[9.31054,47.08401],[9.31111,47.08413],[9.31196,47.08403],[9.31263,47.08426],[9.31506,47.08454],[9.31548,47.08448],[9.31615,47.08353],[9.31672,47.08313],[9.3185,47.08308],[9.32035,47.08243],[9.32154,47.08248],[9.32266,47.08225],[9.3251,47.083],[9.32696,47.08384],[9.32874,47.08397],[9.33052,47.08445]]}},{"type":"Feature","properties":{"id":"matossabach-sg","c":"SG","p":"pacht","q":"derived","k":"river"},"geometry":{"type":"LineString","coordinates":[[9.24229,47.03009],[9.24357,47.03046],[9.24497,47.03035],[9.24588,47.03],[9.24633,47.0301],[9.2467,47.03048],[9.24813,47.03091],[9.2484,47.03144],[9.24888,47.03172],[9.24887,47.03213],[9.24952,47.03273],[9.24972,47.03326],[9.25068,47.03387],[9.25209,47.03442],[9.25369,47.03699],[9.2544,47.03783],[9.25629,47.03902],[9.25717,47.04065],[9.25973,47.04176],[9.26039,47.04271],[9.26266,47.04382],[9.26347,47.04471],[9.26436,47.04519],[9.26517,47.04597],[9.26777,47.04698],[9.26809,47.04765],[9.27088,47.0485],[9.27231,47.04934],[9.27487,47.05017],[9.27518,47.05041],[9.27567,47.05029],[9.27762,47.05047],[9.27904,47.05076],[9.28023,47.05123]]}},{"type":"Feature","properties":{"id":"furschbach-sg","c":"SG","p":"pacht","q":"derived","k":"river"},"geometry":{"type":"LineString","coordinates":[[9.23258,47.04585],[9.23345,47.04577],[9.23378,47.04594],[9.23428,47.04664],[9.23548,47.04743],[9.23607,47.04808],[9.23673,47.04837],[9.23802,47.04958],[9.23874,47.04984],[9.23886,47.05021],[9.23918,47.05035],[9.23997,47.05017],[9.24087,47.05097],[9.24162,47.05096],[9.24164,47.05119],[9.24239,47.05141],[9.24294,47.0519],[9.24255,47.05295],[9.24311,47.05314],[9.24385,47.05388],[9.2448,47.05426],[9.24661,47.05369],[9.24854,47.0535],[9.25122,47.05379],[9.25222,47.05426],[9.25413,47.05389],[9.25559,47.05424],[9.25709,47.05427],[9.25765,47.05453],[9.25834,47.0544],[9.25953,47.0545],[9.26034,47.05414],[9.26144,47.05438],[9.26245,47.05391],[9.26374,47.05374],[9.26427,47.0534],[9.26602,47.05398],[9.26658,47.05364],[9.2679,47.05353],[9.26954,47.05297],[9.27038,47.0524],[9.27163,47.05255],[9.27208,47.05167],[9.27306,47.0514],[9.27347,47.05105],[9.27386,47.05104],[9.27518,47.05041]]}},{"type":"Feature","properties":{"id":"roellbach-sg","c":"SG","p":"pacht","q":"derived","k":"river"},"geometry":{"type":"LineString","coordinates":[[9.31092,47.04491],[9.31262,47.0446],[9.31302,47.04425],[9.31376,47.04411],[9.31457,47.04363],[9.31545,47.04349],[9.31624,47.04366],[9.3172,47.04426],[9.32076,47.04458],[9.32137,47.04493],[9.32259,47.04487],[9.32329,47.04506],[9.32487,47.04609],[9.32561,47.0461],[9.32807,47.04669],[9.32848,47.04717],[9.33074,47.04795],[9.3341,47.04942],[9.33691,47.05002],[9.33909,47.04981],[9.33957,47.05013],[9.34029,47.05024],[9.34091,47.05077],[9.3421,47.0512],[9.34301,47.05192],[9.34347,47.05303],[9.344,47.0534],[9.34505,47.05493],[9.34579,47.05683],[9.34706,47.05812],[9.35018,47.06003],[9.3501,47.06052],[9.35053,47.06098],[9.35352,47.06222],[9.35457,47.06236],[9.35626,47.0629],[9.35667,47.06315],[9.35659,47.06345],[9.35723,47.06361],[9.35763,47.06397],[9.35995,47.06427],[9.36017,47.06486],[9.36079,47.06535],[9.3608,47.06568],[9.36064,47.06606],[9.35919,47.06723],[9.35944,47.06778],[9.35924,47.06858],[9.35972,47.06896],[9.35873,47.07035],[9.359,47.07075],[9.3595,47.07072],[9.35965,47.07092],[9.35915,47.07145],[9.35761,47.07188],[9.35697,47.0723],[9.35561,47.07442],[9.35561,47.07476],[9.35685,47.07544],[9.35716,47.0759],[9.35672,47.07663],[9.35677,47.07697],[9.35619,47.07752],[9.3554,47.07893],[9.35499,47.08054],[9.35442,47.08139],[9.35497,47.08283],[9.35716,47.08392],[9.35768,47.0843],[9.35805,47.085]]}},{"type":"Feature","properties":{"id":"saxbach-sg","c":"SG","p":"pacht","q":"derived","k":"river"},"geometry":{"type":"LineString","coordinates":[[9.33122,47.05735],[9.33189,47.05868],[9.33286,47.05942],[9.33356,47.06089],[9.33488,47.06249],[9.33593,47.06329],[9.33581,47.06372],[9.33612,47.0642],[9.33801,47.06604],[9.34138,47.06843],[9.34169,47.0689],[9.34175,47.06975],[9.34242,47.07017],[9.34294,47.07026],[9.34305,47.07088],[9.34369,47.07163],[9.34357,47.07216],[9.34448,47.07271],[9.34473,47.07315],[9.34465,47.07467],[9.34748,47.07689],[9.34791,47.0779],[9.34769,47.07836],[9.34842,47.07897],[9.34823,47.07937],[9.34856,47.08004],[9.35001,47.08193],[9.35083,47.08239],[9.35156,47.08216],[9.35224,47.08261],[9.3551,47.08294]]}},{"type":"Feature","properties":{"id":"schreien-sg","c":"SG","p":"pacht","q":"derived","k":"river"},"geometry":{"type":"LineString","coordinates":[[9.39776,47.09963],[9.39794,47.09881],[9.39761,47.09787],[9.39629,47.09737],[9.39526,47.09613],[9.39518,47.09574],[9.39424,47.09483],[9.39411,47.09353],[9.39429,47.09304],[9.39278,47.09217],[9.39182,47.09201],[9.39102,47.09145],[9.38758,47.09012],[9.38603,47.08904],[9.38477,47.0888],[9.38328,47.08814],[9.38292,47.08629],[9.37934,47.084],[9.37904,47.08346],[9.37805,47.08308],[9.37621,47.08198],[9.37439,47.08157],[9.37353,47.08079],[9.37018,47.0797]]}},{"type":"Feature","properties":{"id":"hagerbach-sg","c":"SG","p":"pacht","q":"derived","k":"river"},"geometry":{"type":"LineString","coordinates":[[9.403,47.0989],[9.40291,47.0985],[9.40253,47.09821],[9.40354,47.09695],[9.40366,47.09561],[9.40288,47.09453],[9.40308,47.09417],[9.4027,47.09394],[9.4026,47.09332],[9.40289,47.09291],[9.40241,47.09271],[9.40248,47.09189],[9.40178,47.09075],[9.40161,47.0888],[9.40124,47.08804],[9.40128,47.08679],[9.40158,47.08624],[9.40207,47.08591],[9.40248,47.08427],[9.40188,47.08362],[9.40118,47.08324],[9.40047,47.08222],[9.39918,47.0818],[9.3994,47.08125],[9.39925,47.08105],[9.39835,47.0809],[9.39763,47.08041],[9.3978,47.07938],[9.39758,47.07833],[9.39679,47.07744],[9.39654,47.07601],[9.39494,47.07587],[9.3925,47.07537],[9.39094,47.07557],[9.38993,47.07546],[9.38345,47.07446],[9.37747,47.07874],[9.37467,47.07965],[9.37142,47.08]]}},{"type":"Feature","properties":{"id":"ragnatscher-bach-sg","c":"SG","p":"pacht","q":"derived","k":"river"},"geometry":{"type":"LineString","coordinates":[[9.41939,47.08969],[9.41714,47.08878],[9.41534,47.08698],[9.41407,47.0864],[9.41386,47.08569],[9.41323,47.08516],[9.41257,47.08479],[9.41016,47.08426],[9.40936,47.08336],[9.40845,47.08317],[9.40768,47.0826],[9.40725,47.08202],[9.40689,47.08015],[9.4061,47.07919],[9.40458,47.0779],[9.40146,47.07686],[9.39987,47.07566],[9.3981,47.075],[9.39724,47.07403],[9.39715,47.07342],[9.39761,47.07292],[9.39734,47.07198],[9.39622,47.07183],[9.39349,47.07074],[9.39252,47.07015],[9.39122,47.06967],[9.39076,47.06967],[9.38688,47.06813]]}},{"type":"Feature","properties":{"id":"lutzbach-sg","c":"SG","p":"pacht","q":"derived","k":"river"},"geometry":{"type":"LineString","coordinates":[[9.35169,47.02526],[9.3533,47.02668],[9.3543,47.02661],[9.35502,47.02733],[9.35541,47.02958],[9.35601,47.03061],[9.3575,47.03089],[9.35909,47.03176],[9.36067,47.03231],[9.36276,47.03264],[9.36459,47.03316],[9.36521,47.03346],[9.36535,47.03383],[9.36631,47.03443],[9.36697,47.03458],[9.36805,47.03517],[9.3687,47.03519],[9.36885,47.03558],[9.37002,47.03552],[9.37039,47.03589],[9.37189,47.0364],[9.37345,47.03753],[9.37533,47.03724],[9.37728,47.03735],[9.37806,47.03692],[9.3828,47.03626],[9.38391,47.03588],[9.38665,47.03542],[9.38889,47.03441]]}},{"type":"Feature","properties":{"id":"vermiibach-sg","c":"SG","p":"pacht","q":"derived","k":"river"},"geometry":{"type":"LineString","coordinates":[[9.39276,47.00219],[9.39202,47.00291],[9.39126,47.00305],[9.3903,47.0043],[9.39084,47.00616],[9.39071,47.00695],[9.39113,47.0078],[9.39002,47.01018],[9.3912,47.01044],[9.39156,47.01099],[9.39167,47.01223],[9.39356,47.01395],[9.39466,47.01434],[9.39552,47.01408],[9.39608,47.01411],[9.397,47.01467],[9.39735,47.01561],[9.39716,47.01638],[9.39597,47.01765],[9.39344,47.01819],[9.39202,47.0183],[9.39086,47.01894],[9.39048,47.01958],[9.38964,47.02006],[9.3884,47.02172],[9.38645,47.02315],[9.3852,47.02329],[9.38374,47.0237],[9.38083,47.02485]]}},{"type":"Feature","properties":{"id":"muelibach-sg","c":"SG","p":"pacht","q":"derived","k":"river"},"geometry":{"type":"LineString","coordinates":[[9.32562,47.0154],[9.32928,47.01573],[9.33039,47.01515],[9.33106,47.01509],[9.33223,47.01543],[9.33614,47.01498],[9.33747,47.01498],[9.33907,47.0146],[9.33991,47.01459],[9.34119,47.01403],[9.34269,47.01406],[9.34541,47.01338],[9.3506,47.01322],[9.35263,47.01257],[9.3552,47.01253],[9.35725,47.01228],[9.35937,47.01146],[9.36098,47.01022],[9.36266,47.0094],[9.36394,47.0091],[9.36494,47.00912],[9.36606,47.00939],[9.36687,47.00908]]}},{"type":"Feature","properties":{"id":"gafarrabach-sg","c":"SG","p":"pacht","q":"derived","k":"river"},"geometry":{"type":"LineString","coordinates":[[9.39125,46.97589],[9.39011,46.97601],[9.38907,46.97633],[9.3883,46.97683],[9.38693,46.97712],[9.3858,46.97763],[9.38521,46.97816],[9.38231,46.97805],[9.37959,46.97865],[9.37887,46.97913],[9.37815,46.97979],[9.37799,46.98051],[9.37739,46.98095],[9.37715,46.9816],[9.37608,46.98237],[9.37498,46.9838],[9.37341,46.98498],[9.37201,46.98687],[9.37083,46.98757],[9.37042,46.99063],[9.37061,46.99104],[9.3704,46.99153],[9.37051,46.99202],[9.36906,46.99284],[9.36935,46.99384],[9.36832,46.99438],[9.36799,46.99639],[9.36705,46.99715],[9.36659,46.99823],[9.3657,46.99881],[9.36495,46.99879],[9.36398,46.99909],[9.36335,46.99972],[9.36024,47.00088],[9.35908,47.00153],[9.35771,47.00155],[9.35726,47.0018]]}},{"type":"Feature","properties":{"id":"gufelbach-sg","c":"SG","p":"pacht","q":"derived","k":"river"},"geometry":{"type":"LineString","coordinates":[[9.3529,46.95842],[9.35258,46.95869],[9.35294,46.95928],[9.35307,46.96044],[9.35246,46.96178],[9.35257,46.96271],[9.35301,46.96317],[9.35279,46.96369],[9.35302,46.964],[9.35285,46.96533],[9.35394,46.9672],[9.35389,46.96774],[9.35431,46.96823],[9.35431,46.96924],[9.35348,46.97036],[9.35359,46.97121],[9.35331,46.97218],[9.35282,46.97271],[9.35242,46.97395],[9.3533,46.97482],[9.35337,46.97514],[9.35143,46.97682],[9.35101,46.97809],[9.3513,46.97933],[9.35115,46.97998],[9.35054,46.98101],[9.34822,46.98298],[9.34811,46.98336],[9.34849,46.98389],[9.3484,46.98423],[9.34799,46.98468],[9.34709,46.98511],[9.344,46.9885],[9.34257,46.98956],[9.34269,46.9903],[9.34233,46.99085]]}},{"type":"Feature","properties":{"id":"logsbach-sg","c":"SG","p":"pacht","q":"derived","k":"river"},"geometry":{"type":"LineString","coordinates":[[9.31335,47.01121],[9.31559,47.01075],[9.31622,47.01079],[9.31771,47.01015],[9.31902,47.00925],[9.31913,47.00859],[9.31874,47.00827],[9.31938,47.007],[9.32037,47.00599],[9.3198,47.00564],[9.31996,47.00468],[9.31967,47.00449],[9.3201,47.00316],[9.32055,47.00262],[9.32141,47.00217],[9.32213,47.0013],[9.32218,47.00067],[9.32287,46.99965],[9.32278,46.99898],[9.32317,46.99853],[9.32384,46.99611],[9.32455,46.9953],[9.32443,46.99413],[9.32386,46.99331],[9.32374,46.99248],[9.32422,46.98939],[9.3251,46.98787],[9.32614,46.98751],[9.32673,46.98691]]}},{"type":"Feature","properties":{"id":"naeserinabach-sg","c":"SG","p":"pacht","q":"derived","k":"river"},"geometry":{"type":"LineString","coordinates":[[9.29581,47.00339],[9.2967,47.0026],[9.29653,47.00236],[9.29725,47.0014],[9.29696,47.0012],[9.29885,47.00053],[9.30023,47.00051],[9.30251,46.99881],[9.30261,46.99818],[9.30224,46.99771],[9.30235,46.99743],[9.30549,46.99628],[9.30897,46.99387],[9.30932,46.99326],[9.31003,46.99296],[9.31053,46.99307],[9.31204,46.99262],[9.31288,46.99266],[9.31352,46.99205],[9.31453,46.99191],[9.31538,46.99107],[9.31561,46.99017],[9.31586,46.98992],[9.31637,46.98982],[9.31818,46.98756],[9.31985,46.98661],[9.32106,46.98644]]}},{"type":"Feature","properties":{"id":"scheubsbach-sg","c":"SG","p":"pacht","q":"derived","k":"river"},"geometry":{"type":"LineString","coordinates":[[9.29852,46.94375],[9.29909,46.94431],[9.29878,46.94545],[9.2995,46.94583],[9.29909,46.94669],[9.29919,46.94695],[9.2989,46.94717],[9.29964,46.94724],[9.3001,46.94769],[9.3,46.94806],[9.29948,46.94836],[9.29905,46.94928],[9.29901,46.95004],[9.2993,46.95025],[9.29999,46.95031],[9.30035,46.951],[9.29996,46.95168],[9.30021,46.95227],[9.29979,46.95298],[9.29991,46.9543],[9.29965,46.95574],[9.29931,46.95624],[9.29997,46.95726],[9.29988,46.95818],[9.30027,46.95864],[9.30066,46.95875],[9.30204,46.95985],[9.30352,46.96035],[9.30427,46.96102],[9.30486,46.9611],[9.30497,46.96134],[9.3055,46.96154],[9.30578,46.96214],[9.30638,46.9623],[9.30721,46.96291],[9.30701,46.96388],[9.30777,46.9648],[9.30745,46.9662],[9.30773,46.96771],[9.30743,46.96885],[9.30757,46.97024],[9.30672,46.97124],[9.30722,46.97202],[9.30736,46.9733],[9.30677,46.97373],[9.3066,46.97425],[9.30381,46.97459],[9.30369,46.97592],[9.30304,46.97628]]}},{"type":"Feature","properties":{"id":"siezbach-sg","c":"SG","p":"pacht","q":"derived","k":"river"},"geometry":{"type":"LineString","coordinates":[[9.26119,47.00489],[9.26165,47.00499],[9.2621,47.00463],[9.26309,47.00268],[9.26477,47.0005],[9.26486,46.9992],[9.2652,46.99845],[9.26577,46.99826],[9.26748,46.99817],[9.26793,46.99728],[9.26789,46.99644],[9.26649,46.99499],[9.2663,46.99383],[9.26664,46.99311],[9.26634,46.99233],[9.26663,46.99129],[9.26541,46.99042],[9.26413,46.98887],[9.26418,46.98754],[9.26557,46.98491],[9.26568,46.98304],[9.26609,46.9825],[9.26753,46.98163],[9.26813,46.98151],[9.26846,46.98105],[9.26881,46.98111],[9.26908,46.98084],[9.2704,46.98054],[9.27143,46.97979],[9.27157,46.97877],[9.27225,46.97743],[9.2719,46.97629],[9.27231,46.97584],[9.27208,46.97499],[9.27291,46.97414],[9.27292,46.9738],[9.27367,46.97355],[9.27405,46.97314],[9.27517,46.9729],[9.27629,46.97241],[9.27796,46.97236]]}},{"type":"Feature","properties":{"id":"radeinbach-sg","c":"SG","p":"pacht","q":"derived","k":"river"},"geometry":{"type":"LineString","coordinates":[[9.41821,46.9403],[9.42135,46.93962],[9.42557,46.93826],[9.42631,46.9382],[9.42798,46.93854],[9.42998,46.93756],[9.43254,46.93742],[9.43333,46.93763],[9.43489,46.93704],[9.43603,46.93687],[9.43715,46.93634],[9.43812,46.93546],[9.44139,46.93347],[9.44201,46.93266],[9.44279,46.93247],[9.44496,46.93254],[9.4459,46.9322],[9.44682,46.93154],[9.44761,46.93138],[9.44879,46.93045],[9.44985,46.93025],[9.45029,46.92994],[9.45137,46.92834],[9.45124,46.92733],[9.45195,46.92732],[9.45267,46.92691],[9.45412,46.92654],[9.45768,46.92482],[9.45808,46.92362],[9.45736,46.92255],[9.4573,46.92167],[9.45794,46.92113],[9.4586,46.92088],[9.45909,46.92089],[9.4598,46.92048],[9.46083,46.9192]]}},{"type":"Feature","properties":{"id":"goerbsbach-sg","c":"SG","p":"pacht","q":"derived","k":"river"},"geometry":{"type":"LineString","coordinates":[[9.42529,46.88769],[9.42712,46.88934],[9.42693,46.88985],[9.42715,46.8905],[9.42779,46.89106],[9.42737,46.89158],[9.42759,46.8922],[9.42745,46.89258],[9.42907,46.89395],[9.4292,46.8944],[9.42969,46.89467],[9.42983,46.89515],[9.43031,46.89548],[9.42998,46.89594],[9.43057,46.89645],[9.43068,46.89763],[9.43103,46.89837],[9.43055,46.89957],[9.43088,46.89991],[9.43421,46.90147],[9.43527,46.90339],[9.43609,46.90404],[9.43717,46.9041],[9.43804,46.90564],[9.4423,46.90892]]}},{"type":"Feature","properties":{"id":"tersolbach-sg","c":"SG","p":"pacht","q":"derived","k":"river"},"geometry":{"type":"LineString","coordinates":[[9.38996,46.94204],[9.39025,46.94127],[9.39128,46.94011],[9.39287,46.93745],[9.39301,46.93676],[9.39267,46.93567],[9.39293,46.93504],[9.39432,46.93425],[9.39476,46.93343],[9.39516,46.93327],[9.39517,46.93298],[9.39629,46.93227],[9.39664,46.93095],[9.39742,46.93066],[9.39855,46.92981],[9.39989,46.92639],[9.39967,46.92568],[9.4001,46.92449],[9.39951,46.92285],[9.40003,46.92201],[9.40199,46.92048],[9.40257,46.91901],[9.40343,46.91774],[9.40312,46.91733],[9.40315,46.91665],[9.40237,46.91586],[9.40255,46.91512],[9.40326,46.91414],[9.4049,46.91424],[9.40533,46.91411],[9.40572,46.91348],[9.40694,46.91262]]}},{"type":"Feature","properties":{"id":"thur-sg","c":"SG","p":"pacht","q":"derived","k":"river"},"geometry":{"type":"MultiLineString","coordinates":[[[9.34305,47.23467],[9.33915,47.23257],[9.33858,47.23195],[9.3359,47.23126],[9.33287,47.22879],[9.33121,47.22866],[9.3308,47.22802],[9.32976,47.2274],[9.32914,47.22725],[9.32666,47.22521],[9.32327,47.22457],[9.32215,47.22349],[9.32149,47.22329],[9.32087,47.22149],[9.32017,47.221],[9.32001,47.22057],[9.31916,47.2204],[9.31875,47.21982],[9.31728,47.21902],[9.31712,47.21849],[9.31784,47.21761],[9.31792,47.21714],[9.31702,47.21679],[9.31658,47.21643],[9.31653,47.21609],[9.31603,47.21617],[9.31575,47.21428],[9.31464,47.21353],[9.31497,47.21287],[9.31632,47.21257],[9.31719,47.21183],[9.31679,47.21129],[9.31696,47.21072],[9.31672,47.20954],[9.3158,47.20936],[9.31563,47.20894],[9.31477,47.20834],[9.31384,47.20855],[9.31322,47.20847],[9.3125,47.20777],[9.31181,47.20749],[9.31206,47.20687],[9.31194,47.20642],[9.31229,47.20611],[9.31267,47.205],[9.31181,47.2038],[9.31198,47.20295],[9.31171,47.20229],[9.31165,47.20054],[9.31114,47.19976],[9.31027,47.19941],[9.3101,47.19772],[9.30776,47.19693],[9.30723,47.19701],[9.3067,47.19747],[9.30633,47.19752],[9.30536,47.19684],[9.3029,47.1969],[9.30242,47.19661],[9.30234,47.1959],[9.30206,47.19556],[9.3001,47.19415],[9.29829,47.19453],[9.29698,47.19426],[9.2944,47.19441],[9.29306,47.19384],[9.29153,47.19394],[9.28972,47.19339],[9.28899,47.19354],[9.2871,47.19349],[9.28535,47.19401],[9.28323,47.19399],[9.28134,47.19323],[9.27892,47.19327],[9.27797,47.19286],[9.27639,47.19151],[9.27406,47.19139],[9.27354,47.19114],[9.27281,47.19047],[9.27179,47.18847],[9.27135,47.18834],[9.26989,47.18858],[9.26932,47.1885],[9.2693,47.18748],[9.26901,47.18729],[9.26766,47.18703],[9.26711,47.18724],[9.26717,47.18765],[9.26809,47.18849],[9.26779,47.18928],[9.26749,47.18937],[9.2642,47.18822],[9.26154,47.18654],[9.26019,47.18619],[9.25915,47.18624],[9.2582,47.18596],[9.25761,47.18597],[9.25705,47.18655],[9.25476,47.18625],[9.25337,47.18649],[9.25237,47.18713],[9.25173,47.18839],[9.25128,47.18867],[9.24929,47.18836],[9.24824,47.18908],[9.24747,47.1892],[9.24489,47.18841],[9.24422,47.18836],[9.24082,47.19005],[9.23771,47.19035],[9.23618,47.19067],[9.23411,47.19027],[9.23389,47.19042],[9.23333,47.19259],[9.23046,47.19348],[9.23028,47.19562],[9.22972,47.1969],[9.22795,47.1988],[9.22611,47.19928],[9.22576,47.19955],[9.22593,47.20093],[9.22298,47.20176],[9.22176,47.20241],[9.21987,47.20271],[9.21882,47.20344],[9.21883,47.20526],[9.21922,47.20578],[9.21928,47.20654],[9.21885,47.20717],[9.2176,47.20762],[9.21731,47.20789],[9.21667,47.20944],[9.21694,47.21095],[9.21647,47.21132],[9.21591,47.21228],[9.21531,47.21243],[9.21504,47.21369],[9.21398,47.21421],[9.21231,47.2155],[9.21088,47.21609],[9.21046,47.21665],[9.21079,47.21699],[9.20936,47.21752],[9.20853,47.21856],[9.20669,47.2186],[9.20346,47.22014],[9.20171,47.22044],[9.19999,47.22051],[9.19862,47.22032],[9.19725,47.21954],[9.19666,47.21958],[9.19629,47.22063],[9.19645,47.22166],[9.19671,47.22212],[9.19814,47.22334],[9.19806,47.22396],[9.19738,47.22402],[9.19591,47.22353],[9.19314,47.22383],[9.19165,47.22457],[9.18907,47.22542],[9.18811,47.22609],[9.18661,47.2266],[9.18603,47.22709],[9.18583,47.22775],[9.18751,47.22962],[9.18777,47.23026],[9.18723,47.23124],[9.18546,47.23222],[9.1851,47.23293],[9.1851,47.23323],[9.18634,47.23462],[9.18645,47.23504],[9.18404,47.2356],[9.18445,47.23686],[9.18398,47.23755],[9.18405,47.23821],[9.18365,47.23864],[9.1826,47.23921],[9.1797,47.23962],[9.17788,47.24037],[9.17756,47.2411],[9.178,47.24178],[9.17767,47.24251],[9.17776,47.24269],[9.17904,47.24318],[9.17763,47.24388],[9.17762,47.24476],[9.16782,47.24597],[9.16678,47.24718],[9.16667,47.24894],[9.16525,47.24913],[9.1642,47.24892],[9.16278,47.24965],[9.16043,47.25041],[9.15975,47.25105],[9.15939,47.25187],[9.15887,47.25228],[9.1579,47.25251],[9.1574,47.25236],[9.1564,47.25239],[9.15335,47.25292],[9.15272,47.25331],[9.15196,47.25423],[9.15016,47.25424],[9.14972,47.25465],[9.14817,47.25486],[9.14717,47.25428],[9.14634,47.25414],[9.14507,47.25477],[9.14464,47.25545],[9.14354,47.25618],[9.14239,47.25622],[9.14183,47.25647],[9.1394,47.25513],[9.13713,47.2549],[9.13587,47.25536],[9.13576,47.25644],[9.13401,47.25793],[9.13313,47.25826],[9.13109,47.25843],[9.12989,47.25829],[9.12848,47.2587],[9.12614,47.259],[9.12473,47.25886],[9.12314,47.25843],[9.12251,47.25859],[9.12138,47.25927],[9.12145,47.26008],[9.12113,47.26118],[9.11888,47.26343],[9.11827,47.26545],[9.1178,47.26556],[9.11491,47.26516],[9.11252,47.26686],[9.11009,47.2695],[9.10849,47.27216],[9.10654,47.27464],[9.10552,47.27649],[9.10466,47.27704],[9.10057,47.27877],[9.09916,47.28007],[9.09677,47.28145],[9.09608,47.28295],[9.09613,47.28385],[9.09685,47.28492],[9.0989,47.2864],[9.09925,47.28764],[9.09789,47.28947],[9.09687,47.29002],[9.09364,47.29114],[9.09253,47.292],[9.08975,47.29639],[9.08958,47.29778],[9.08986,47.29991],[9.08941,47.30095],[9.0887,47.30152],[9.0877,47.30193],[9.08513,47.30218],[9.08409,47.30251],[9.0832,47.30304],[9.08247,47.30381],[9.08234,47.30456],[9.08266,47.30542],[9.08366,47.30629],[9.08534,47.30725],[9.08569,47.30783],[9.08568,47.30851],[9.08507,47.30934],[9.08267,47.31062],[9.07934,47.31273],[9.07908,47.31322],[9.07926,47.31405],[9.07978,47.31516],[9.0809,47.31652],[9.08252,47.31724],[9.08569,47.31728],[9.08628,47.3178],[9.08656,47.31899],[9.0864,47.31972],[9.08552,47.32091],[9.08576,47.32229],[9.08461,47.32308],[9.08336,47.32323],[9.08185,47.32394],[9.08162,47.3243],[9.08208,47.32465]],[[9.08286,47.32662],[9.08213,47.32691],[9.08186,47.32729],[9.08257,47.32826],[9.08254,47.32863],[9.08103,47.32982],[9.08185,47.33138],[9.08116,47.3322],[9.0815,47.33357],[9.08339,47.33426],[9.08353,47.33447],[9.08327,47.33526],[9.08238,47.33627],[9.08134,47.33667],[9.07988,47.33685],[9.07886,47.33758],[9.07875,47.33851],[9.07923,47.33944],[9.08096,47.3403],[9.08016,47.34098],[9.08058,47.34196],[9.07969,47.34411],[9.08013,47.3449],[9.0811,47.3456],[9.08149,47.34746],[9.08267,47.34889],[9.08368,47.34937],[9.08492,47.34902],[9.08593,47.34912],[9.08667,47.34943],[9.0871,47.35],[9.08618,47.35051],[9.08386,47.35119],[9.08188,47.35351],[9.07952,47.35501],[9.07887,47.35572],[9.07871,47.35709],[9.07904,47.35752],[9.08191,47.35782],[9.08347,47.35756],[9.08414,47.35768],[9.08438,47.35792],[9.08395,47.35888],[9.08341,47.35938],[9.08196,47.36023],[9.0799,47.36109],[9.07966,47.36219],[9.08018,47.3634],[9.08016,47.36391],[9.07827,47.3659],[9.07806,47.36639],[9.07839,47.36686],[9.07898,47.36712],[9.08163,47.3675],[9.08258,47.36828],[9.08263,47.36914],[9.08207,47.36949],[9.07982,47.37021],[9.07968,47.37059],[9.08092,47.37152],[9.08229,47.37202],[9.08283,47.37243],[9.08304,47.37286],[9.0831,47.37561],[9.08263,47.37654],[9.0821,47.37677],[9.07909,47.37712],[9.07842,47.37767],[9.07827,47.37837],[9.07849,47.37911],[9.07892,47.37971],[9.08036,47.38072],[9.08065,47.38126],[9.08057,47.38265],[9.07998,47.38274],[9.07791,47.38237],[9.0763,47.38288],[9.07488,47.38362],[9.07465,47.38397],[9.07489,47.38453],[9.07545,47.38502],[9.07641,47.38553],[9.07789,47.386],[9.07908,47.38691],[9.07924,47.38742],[9.07902,47.38813],[9.07802,47.38927],[9.078,47.39013],[9.0786,47.39089],[9.08074,47.39186],[9.08129,47.39275],[9.0811,47.39318],[9.08034,47.39371],[9.07917,47.39388],[9.07751,47.39363],[9.07484,47.39223],[9.07409,47.39237],[9.07361,47.39295],[9.07386,47.39347],[9.07596,47.39524],[9.07768,47.39647],[9.08007,47.39766],[9.08072,47.39814],[9.08081,47.39848],[9.07986,47.39951],[9.07754,47.40017],[9.07649,47.40066],[9.07511,47.40236],[9.07315,47.40362],[9.07228,47.40487],[9.0721,47.40562],[9.07254,47.40631],[9.07478,47.40771],[9.07839,47.41077],[9.0782,47.41181],[9.07756,47.41256],[9.07647,47.41656],[9.07552,47.41807],[9.07543,47.41873],[9.076,47.41897],[9.07714,47.41865],[9.07903,47.41849],[9.08222,47.41972],[9.08294,47.42047],[9.08294,47.42104],[9.08169,47.42215],[9.08023,47.42271],[9.07813,47.42385],[9.07717,47.42422],[9.07516,47.42454],[9.07396,47.42523],[9.07471,47.4265],[9.07553,47.42886],[9.07546,47.42998],[9.07504,47.43056],[9.07375,47.43105],[9.07264,47.43091],[9.07104,47.43038],[9.06908,47.43062],[9.06677,47.43225],[9.06534,47.43525],[9.06229,47.43702],[9.06222,47.43744],[9.06289,47.43808],[9.06379,47.43858],[9.06644,47.43928],[9.0672,47.43977],[9.06748,47.44034],[9.06637,47.44278],[9.06532,47.44361],[9.06343,47.44453],[9.06284,47.44519],[9.06282,47.44563],[9.0695,47.453],[9.07188,47.45472],[9.07499,47.45628],[9.07781,47.45712],[9.08179,47.45789],[9.1091,47.46114],[9.11077,47.46154],[9.11325,47.46243],[9.11379,47.46332],[9.11512,47.46424],[9.11585,47.46448],[9.11795,47.46446],[9.12032,47.46369],[9.12181,47.46289],[9.12335,47.45866],[9.12381,47.45807],[9.12533,47.45706],[9.12669,47.4566],[9.13502,47.45484],[9.14809,47.45486],[9.15025,47.455],[9.15432,47.45582],[9.15536,47.45622],[9.15673,47.45818],[9.15842,47.46005],[9.15894,47.46053],[9.15948,47.46066],[9.1614,47.46037],[9.16366,47.45966],[9.1666,47.45833],[9.16814,47.45803],[9.16965,47.45796],[9.17256,47.45842],[9.17423,47.45898],[9.17565,47.4597],[9.18505,47.46523],[9.20543,47.47601],[9.20737,47.4775],[9.20898,47.48019]]]}},{"type":"Feature","properties":{"id":"beerenbach-sg","c":"SG","p":"pacht","q":"derived","k":"river"},"geometry":{"type":"LineString","coordinates":[[9.19903,47.16707],[9.1976,47.1666],[9.1955,47.16504],[9.19315,47.1637],[9.19187,47.16324],[9.19057,47.16162],[9.19066,47.1608],[9.18972,47.15926],[9.18689,47.15684],[9.18674,47.15638],[9.18628,47.15629],[9.18637,47.15601],[9.18599,47.15585],[9.18612,47.15567],[9.1856,47.1553],[9.18581,47.15497],[9.18497,47.15422],[9.185,47.15382],[9.18419,47.15341],[9.1843,47.1531],[9.18388,47.15288],[9.18325,47.15166],[9.18286,47.15143],[9.18286,47.15092],[9.18199,47.15029],[9.18193,47.14985],[9.18147,47.14962],[9.18125,47.14903],[9.18084,47.14886],[9.18106,47.14862],[9.18062,47.14844],[9.18076,47.14822],[9.18043,47.14784],[9.18074,47.14762],[9.18072,47.14713],[9.1804,47.14657],[9.18045,47.14615],[9.17967,47.14534],[9.17968,47.14473]]}},{"type":"Feature","properties":{"id":"wilerbach-sg","c":"SG","p":"pacht","q":"derived","k":"river"},"geometry":{"type":"LineString","coordinates":[[9.32818,47.51226],[9.32584,47.51312],[9.32464,47.51311],[9.32143,47.51381],[9.3204,47.51375],[9.31762,47.5144],[9.31654,47.51529],[9.31326,47.51609],[9.31209,47.51766],[9.31225,47.51835],[9.31195,47.5213],[9.31214,47.52176],[9.31274,47.52214]]}},{"type":"Feature","properties":{"id":"rofisbach-sg","c":"SG","p":"pacht","q":"derived","k":"river"},"geometry":{"type":"MultiLineString","coordinates":[[[9.415,47.23292],[9.41677,47.23176],[9.41804,47.23201],[9.42012,47.23166],[9.42145,47.23179],[9.42362,47.23155],[9.42544,47.23076],[9.42691,47.23047],[9.42861,47.23078],[9.4305,47.23029],[9.43136,47.23029],[9.43276,47.22931],[9.43488,47.22891],[9.43723,47.22753],[9.43799,47.22729],[9.43866,47.22674],[9.43949,47.22652],[9.44179,47.22656],[9.44329,47.2264],[9.44632,47.22729],[9.44735,47.22725],[9.44886,47.22679],[9.44982,47.2267],[9.45957,47.22779]],[[9.46089,47.22793],[9.46463,47.22844],[9.46754,47.22991]]]}},{"type":"Feature","properties":{"id":"gasenzenbach-sg","c":"SG","p":"pacht","q":"derived","k":"river"},"geometry":{"type":"LineString","coordinates":[[9.43713,47.21342],[9.4392,47.21293],[9.44059,47.21295],[9.44334,47.21369],[9.44526,47.21512],[9.44635,47.2156],[9.45494,47.21661],[9.45597,47.217],[9.45643,47.21676],[9.4613,47.21723],[9.46495,47.21736],[9.48908,47.21761]]}},{"type":"Feature","properties":{"id":"prechtbach-sg","c":"SG","p":"pacht","q":"derived","k":"river"},"geometry":{"type":"LineString","coordinates":[[9.39511,46.98568],[9.39515,46.98611],[9.39566,46.98647],[9.39632,46.98788],[9.39597,46.98806],[9.39603,46.98843],[9.39578,46.98855],[9.39603,46.98922],[9.39655,46.9894],[9.39626,46.99007],[9.39441,46.99162],[9.39108,46.99226],[9.3868,46.99342],[9.38595,46.99383],[9.38456,46.99501],[9.38413,46.99597],[9.38334,46.99656],[9.38164,46.99727],[9.38017,46.99844],[9.38018,46.99883],[9.37941,46.99947],[9.37864,47.00054],[9.37833,47.00135],[9.37849,47.00209],[9.37833,47.00241],[9.37564,47.00455],[9.37376,47.00577],[9.37119,47.0082],[9.37002,47.00902],[9.36953,47.00977],[9.3681,47.01062]]}},{"type":"Feature","properties":{"id":"sitter-sg","c":"SG","p":"pacht","q":"derived","k":"river"},"geometry":{"type":"LineString","coordinates":[[9.33971,47.39963],[9.33913,47.40001],[9.33821,47.40024],[9.33592,47.39914],[9.33535,47.39923],[9.33446,47.39992],[9.33392,47.39994],[9.33281,47.39953],[9.33227,47.39998],[9.33215,47.40056],[9.33048,47.40081],[9.32916,47.40136],[9.32733,47.40123],[9.32503,47.40053],[9.32307,47.4027],[9.32179,47.40368],[9.32155,47.40448],[9.3217,47.40558],[9.32228,47.40689],[9.32223,47.40745],[9.32044,47.40931],[9.32037,47.40983],[9.32141,47.41099],[9.32223,47.41128],[9.3235,47.41137],[9.32448,47.41122],[9.32511,47.41091],[9.32588,47.40925],[9.32668,47.40926],[9.32775,47.40978],[9.3284,47.41073],[9.32861,47.41251],[9.32772,47.41584],[9.32889,47.41655],[9.33055,47.41682],[9.33183,47.41665],[9.33371,47.41607],[9.33474,47.41619],[9.33486,47.41659],[9.33421,47.41831],[9.33486,47.41909],[9.33592,47.41938],[9.33674,47.41939],[9.339,47.41785],[9.33988,47.41772],[9.34055,47.41789],[9.34198,47.41921],[9.34256,47.42027],[9.34259,47.42085],[9.34186,47.42202],[9.33875,47.4239],[9.33855,47.42429],[9.33871,47.42516],[9.3394,47.42534],[9.34196,47.42438],[9.34257,47.42441],[9.34457,47.42604],[9.34859,47.42673],[9.35025,47.42808],[9.35144,47.42823],[9.35333,47.42877],[9.35488,47.42966],[9.35586,47.43051],[9.35704,47.43276],[9.3587,47.43363],[9.36021,47.43339],[9.36088,47.43369],[9.36136,47.4346],[9.36099,47.4363],[9.36025,47.43733],[9.35795,47.43935],[9.35803,47.4403],[9.35905,47.44189],[9.35858,47.44295],[9.35887,47.44357],[9.35959,47.44375],[9.36098,47.44328],[9.36192,47.44359],[9.36237,47.44414],[9.36219,47.44491],[9.36124,47.44644],[9.36086,47.4479],[9.36091,47.44879],[9.36208,47.45058],[9.36387,47.4518],[9.36421,47.45232],[9.36404,47.45262],[9.3635,47.4527],[9.3618,47.45165],[9.36083,47.45154],[9.36045,47.45166],[9.35981,47.45219],[9.35873,47.45389],[9.35836,47.45625],[9.35872,47.45671],[9.35954,47.45711],[9.36072,47.45738],[9.36138,47.45741],[9.3631,47.45706],[9.36719,47.45715],[9.36864,47.45786],[9.36905,47.4586],[9.36774,47.46044],[9.36681,47.46134],[9.36321,47.46256],[9.36281,47.46301],[9.36291,47.46365],[9.36429,47.46458],[9.36459,47.46513],[9.36466,47.46746],[9.36514,47.46909],[9.36455,47.46995],[9.36193,47.47059],[9.36109,47.47125],[9.36116,47.47242],[9.36314,47.47368],[9.36305,47.47442],[9.36192,47.47555],[9.36021,47.4763],[9.35884,47.47646],[9.35804,47.47629],[9.35718,47.47572],[9.35492,47.47284],[9.35418,47.47244],[9.35275,47.47235],[9.3522,47.47283],[9.35147,47.47498],[9.35147,47.47748],[9.35116,47.47888],[9.35072,47.47918],[9.34989,47.47936],[9.34825,47.47869],[9.34828,47.47771],[9.3495,47.47623],[9.34965,47.47556],[9.34897,47.47513],[9.34741,47.47519],[9.34644,47.4755],[9.34529,47.47635],[9.34326,47.47873],[9.34311,47.47927],[9.34345,47.48063],[9.34309,47.48123],[9.34201,47.48108],[9.34094,47.48062],[9.33944,47.4803],[9.33796,47.48014],[9.33706,47.48023],[9.33502,47.48187],[9.33185,47.48348],[9.32878,47.48359],[9.32816,47.48384],[9.32759,47.48428],[9.32683,47.4858],[9.32614,47.48646],[9.3256,47.48655],[9.32496,47.48639],[9.32144,47.48522],[9.32098,47.48537],[9.32,47.48597],[9.31967,47.48674],[9.32146,47.48798],[9.32167,47.48857],[9.32169,47.48914],[9.32094,47.49081]]}},{"type":"Feature","properties":{"id":"hofmuelibach-sg","c":"SG","p":"pacht","q":"derived","k":"river"},"geometry":{"type":"LineString","coordinates":[[9.04351,47.24985],[9.04251,47.25076],[9.04013,47.25167],[9.03992,47.25232],[9.039,47.25295],[9.03775,47.25318],[9.0366,47.25432],[9.0357,47.2547],[9.0354,47.25573],[9.03421,47.25588],[9.03153,47.25464],[9.03143,47.25414],[9.02829,47.25282],[9.02755,47.25192],[9.0262,47.25101],[9.02538,47.2509],[9.02516,47.25067],[9.02309,47.25006],[9.02243,47.24968],[9.02067,47.2496],[9.01996,47.2499],[9.01913,47.24956],[9.01881,47.24889],[9.01839,47.24872],[9.01697,47.24683],[9.01491,47.24688],[9.01469,47.24714],[9.01404,47.24692],[9.01286,47.247],[9.01251,47.24668],[9.01117,47.2464],[9.01012,47.24667],[9.00924,47.24645],[9.00857,47.24601],[9.00858,47.2457],[9.00802,47.24497],[9.0083,47.24448],[9.00793,47.24435],[9.00799,47.2439],[9.00702,47.24338],[9.0069,47.24295],[9.00369,47.24194],[9.00252,47.24189],[9.00142,47.24158],[9.00056,47.24105],[8.99934,47.24082],[8.99766,47.24096],[8.99729,47.24079],[8.9973,47.2402],[8.99631,47.24081],[8.99501,47.24071],[8.9948,47.24044],[8.9926,47.24074],[8.99244,47.24043],[8.9927,47.24013],[8.99268,47.23968],[8.99122,47.24044],[8.99076,47.24015],[8.99028,47.24046],[8.98798,47.24011],[8.98762,47.24033],[8.98553,47.24029],[8.98426,47.2407],[8.98249,47.2404],[8.98174,47.24066],[8.98122,47.24123],[8.98062,47.24115]]}},{"type":"Feature","properties":{"id":"goldach-sg","c":"SG","p":"pacht","q":"derived","k":"river"},"geometry":{"type":"LineString","coordinates":[[9.43502,47.43429],[9.43475,47.43446],[9.43469,47.43495],[9.43401,47.43555],[9.4311,47.43622],[9.43118,47.43674],[9.43045,47.43759],[9.43081,47.43845],[9.42989,47.43946],[9.4298,47.44039],[9.42948,47.44089],[9.42849,47.44167],[9.42954,47.44246],[9.43022,47.44379],[9.43106,47.44411],[9.43148,47.4445],[9.43129,47.44504],[9.42959,47.44726],[9.42973,47.44891],[9.4294,47.44975],[9.42956,47.45102],[9.43038,47.4517],[9.43189,47.45215],[9.43248,47.45335],[9.43373,47.45338],[9.43378,47.45428],[9.43445,47.45506],[9.4362,47.45535],[9.43752,47.45596],[9.43882,47.45621],[9.43942,47.45665],[9.43955,47.45709],[9.43856,47.45759],[9.43845,47.45783],[9.44061,47.45956],[9.44017,47.45998],[9.43906,47.46044],[9.44018,47.46117],[9.44149,47.46141],[9.44054,47.46234],[9.44131,47.46338],[9.44427,47.46463],[9.44438,47.46495],[9.44356,47.46561],[9.44363,47.4659],[9.44547,47.46703],[9.44765,47.46737],[9.44989,47.46798],[9.45089,47.46904],[9.45218,47.46936],[9.45303,47.47011],[9.45553,47.47044],[9.45607,47.47102],[9.45704,47.4716],[9.4586,47.47207],[9.45852,47.47296],[9.45902,47.47383],[9.45943,47.47402],[9.46041,47.47392],[9.46088,47.47407],[9.46081,47.47448],[9.45964,47.47515],[9.45944,47.47547],[9.45967,47.47587],[9.46072,47.47636],[9.46086,47.47706],[9.46035,47.4779],[9.45941,47.47869],[9.4593,47.47911],[9.46042,47.4801],[9.46126,47.48126],[9.46118,47.48197],[9.46173,47.48275],[9.46437,47.48414]]}},{"type":"Feature","properties":{"id":"lauftenbach-sg","c":"SG","p":"pacht","q":"derived","k":"river"},"geometry":{"type":"LineString","coordinates":[[9.29257,47.45823],[9.29205,47.45884],[9.29052,47.45906],[9.28989,47.45982],[9.28829,47.46081],[9.28814,47.46108],[9.28637,47.46192],[9.28598,47.46282],[9.28551,47.46324],[9.28494,47.46488],[9.28413,47.46552],[9.28486,47.46762],[9.28568,47.46868],[9.2854,47.46963],[9.28487,47.47017],[9.28675,47.47119],[9.28735,47.47213],[9.28709,47.4728],[9.28774,47.47355],[9.2877,47.47385],[9.28703,47.47443],[9.28708,47.47505],[9.2867,47.47549],[9.28735,47.47685],[9.28669,47.47728],[9.28642,47.47829],[9.28609,47.47851],[9.28654,47.47912],[9.28639,47.47977],[9.28681,47.4816]]}},{"type":"Feature","properties":{"id":"muelbach-sevelen-sg","c":"SG","p":"pacht","q":"derived","k":"river"},"geometry":{"type":"MultiLineString","coordinates":[[[9.46246,47.10023],[9.46482,47.10049],[9.46576,47.10009],[9.46768,47.09974],[9.46826,47.09979],[9.46928,47.09947],[9.46978,47.09892],[9.4702,47.09875],[9.47179,47.09847],[9.47368,47.09871],[9.4757,47.09796],[9.477,47.09806],[9.47815,47.09838],[9.47905,47.09836],[9.47949,47.09809],[9.48007,47.09726],[9.48057,47.09608],[9.48106,47.09579]],[[9.48132,47.09539],[9.48154,47.09513],[9.4828,47.09463],[9.4838,47.09314],[9.48378,47.09284],[9.48463,47.09183],[9.48414,47.09053],[9.48407,47.08909],[9.48482,47.08771],[9.48505,47.08671],[9.48563,47.08604],[9.48553,47.08441],[9.48577,47.08399],[9.48531,47.08332],[9.48552,47.08273],[9.48638,47.08181],[9.48818,47.08151],[9.48866,47.08102],[9.489,47.08097],[9.48943,47.08124],[9.49019,47.08116],[9.49114,47.08181],[9.49157,47.08268],[9.49385,47.08419],[9.49486,47.08433],[9.49623,47.08566],[9.49921,47.08599],[9.49972,47.08654],[9.50079,47.08681],[9.50151,47.08679],[9.50204,47.08704],[9.50264,47.08787],[9.50327,47.08821],[9.50394,47.08897],[9.50387,47.08964],[9.50459,47.09029],[9.50603,47.09015],[9.50678,47.08948],[9.50737,47.08933],[9.50821,47.08939],[9.50825,47.08979],[9.50748,47.09003],[9.50702,47.09051],[9.5069,47.09144],[9.50786,47.09207],[9.50868,47.09213],[9.50988,47.09189],[9.51027,47.09217],[9.51045,47.09321],[9.51023,47.09438],[9.50759,47.09519],[9.50619,47.096],[9.50582,47.09676],[9.50618,47.09847],[9.50755,47.10051],[9.50664,47.10163],[9.50681,47.10256],[9.50762,47.10376],[9.50763,47.10459],[9.50727,47.10623],[9.50642,47.10712]]]}},{"type":"Feature","properties":{"id":"necker-sg","c":"SG","p":"pacht","q":"derived","k":"river"},"geometry":{"type":"MultiLineString","coordinates":[[[9.20877,47.27552],[9.20845,47.27572],[9.20815,47.2756],[9.20642,47.27639],[9.20549,47.2765],[9.20396,47.27743],[9.20309,47.27722],[9.20252,47.27819],[9.20201,47.2784],[9.20175,47.27874],[9.20029,47.27869],[9.19966,47.27918],[9.19746,47.28003],[9.19721,47.28046],[9.19575,47.28124],[9.1957,47.2821],[9.19519,47.28223],[9.19505,47.28259],[9.19417,47.2834],[9.19353,47.28365],[9.19295,47.28441],[9.19186,47.28459],[9.19156,47.28513],[9.19014,47.28544],[9.18968,47.28606],[9.18915,47.28597],[9.18813,47.28651],[9.18717,47.28749],[9.1872,47.28802],[9.18695,47.28826],[9.18585,47.28801],[9.18559,47.28811],[9.18572,47.28909],[9.18503,47.28956],[9.18542,47.29044],[9.18524,47.29142],[9.18673,47.29278],[9.18573,47.29294],[9.18648,47.29365],[9.18522,47.29424],[9.18521,47.2956],[9.18558,47.29634],[9.18674,47.29686],[9.18659,47.29736],[9.18692,47.29802],[9.18562,47.29954],[9.18515,47.30088],[9.18533,47.30123],[9.18623,47.30152],[9.18667,47.30197],[9.18643,47.30259],[9.18546,47.30282],[9.18516,47.30307],[9.18559,47.3037],[9.18547,47.30449],[9.1859,47.30549],[9.18538,47.30566],[9.18461,47.30655],[9.18481,47.30724],[9.18447,47.30835],[9.18482,47.30884],[9.18483,47.30928],[9.18319,47.31041],[9.18369,47.31115],[9.18321,47.31186],[9.18329,47.31274],[9.18295,47.3131],[9.18167,47.31367],[9.17939,47.31393],[9.17926,47.31407],[9.1797,47.31466],[9.17918,47.31514],[9.17646,47.31551],[9.17562,47.31611],[9.1755,47.31664],[9.17521,47.31683],[9.17351,47.31718],[9.17291,47.31749],[9.17071,47.32126],[9.16941,47.32174],[9.16732,47.32394],[9.16683,47.32479],[9.1642,47.32632],[9.16265,47.32664],[9.1623,47.32643],[9.16186,47.32507],[9.1608,47.325],[9.16038,47.32518],[9.15909,47.32652],[9.15925,47.32718],[9.15895,47.32747],[9.15605,47.32615],[9.15368,47.32592],[9.15175,47.32699],[9.14987,47.32692],[9.14767,47.3275],[9.14737,47.32775],[9.14704,47.3291],[9.14662,47.32978],[9.14574,47.33023],[9.14464,47.33003],[9.14385,47.32936],[9.14202,47.32855],[9.14094,47.32855],[9.13956,47.32938],[9.13699,47.33018],[9.13553,47.33215],[9.13412,47.33333],[9.13246,47.33417],[9.13234,47.33479],[9.13304,47.33569],[9.13274,47.33617],[9.13264,47.33774],[9.13168,47.33826],[9.12988,47.3387],[9.1293,47.33929],[9.12943,47.34003],[9.13099,47.34122],[9.13105,47.34151],[9.12982,47.34289],[9.12755,47.34371],[9.12707,47.3443],[9.12794,47.3455],[9.12851,47.34594],[9.13034,47.34649],[9.13091,47.34732],[9.13086,47.34753],[9.1289,47.34856],[9.12877,47.34892],[9.1291,47.3507],[9.12987,47.3521],[9.13,47.35302],[9.12891,47.35384],[9.1287,47.35455],[9.12769,47.3555],[9.1275,47.35599],[9.1283,47.35653],[9.12866,47.35657],[9.13057,47.3561],[9.13166,47.35655],[9.13212,47.35717],[9.13193,47.35748],[9.1305,47.358],[9.12979,47.35878],[9.12905,47.3606],[9.12797,47.3608],[9.12579,47.36087],[9.12554,47.36098],[9.12557,47.36153],[9.12536,47.36168],[9.123,47.36236],[9.12299,47.36268],[9.12426,47.3632],[9.12455,47.3635],[9.12444,47.36395],[9.12245,47.36378],[9.12062,47.36495],[9.12019,47.3665],[9.1194,47.36808],[9.11949,47.36837],[9.11994,47.36857],[9.12185,47.36875],[9.12175,47.36917],[9.11975,47.3693],[9.11875,47.36913],[9.11832,47.36921],[9.11805,47.36948],[9.11877,47.37127],[9.11909,47.37135],[9.11985,47.37092],[9.12026,47.37133],[9.11997,47.37245],[9.12015,47.37304],[9.12224,47.37414],[9.12384,47.37459],[9.12432,47.37499],[9.12451,47.37593],[9.12588,47.37779],[9.12594,47.37822],[9.12559,47.37856],[9.12451,47.37846],[9.12081,47.37703],[9.11998,47.37724],[9.11846,47.37832],[9.11813,47.37823],[9.11755,47.37762],[9.11723,47.37761],[9.11585,47.37904],[9.11452,47.37911],[9.11412,47.37945],[9.11408,47.38052],[9.11514,47.38113],[9.11542,47.38153],[9.11381,47.38269],[9.11238,47.38302],[9.10959,47.38226],[9.10834,47.38338],[9.10727,47.38325],[9.1051,47.38342],[9.10436,47.38397],[9.10357,47.38544],[9.10297,47.38575],[9.10221,47.38585],[9.10179,47.38573],[9.1012,47.38441],[9.10077,47.38434],[9.09822,47.38512],[9.09688,47.38673],[9.09572,47.38729],[9.09476,47.38733],[9.09109,47.38676],[9.09041,47.38694],[9.09018,47.3871],[9.09029,47.38746],[9.09229,47.38868],[9.09227,47.38897],[9.09147,47.38954],[9.09096,47.39031],[9.09217,47.39223],[9.09106,47.39282],[9.09009,47.39274],[9.08794,47.39214],[9.08661,47.39203],[9.08586,47.39233],[9.08538,47.39318],[9.084,47.39393],[9.08312,47.39338],[9.08325,47.39256],[9.08397,47.39103],[9.08362,47.39051],[9.08224,47.39054],[9.08146,47.39096],[9.08074,47.39186]],[[9.21383,47.27277],[9.21314,47.27329]],[[9.25096,47.2655],[9.24881,47.26555],[9.24746,47.26602],[9.24269,47.26478],[9.24123,47.2646],[9.23783,47.26471],[9.23657,47.26508],[9.23463,47.26537],[9.23359,47.26535],[9.23228,47.26564],[9.22996,47.26695],[9.22785,47.2675],[9.22675,47.26732],[9.22522,47.26818],[9.22379,47.26845],[9.22243,47.26905],[9.2219,47.26905],[9.22024,47.27001]],[[9.27814,47.2548],[9.27722,47.25435],[9.27565,47.2545],[9.27454,47.25532],[9.27364,47.25548],[9.27143,47.25669],[9.27076,47.25674],[9.26944,47.25776],[9.26845,47.2582],[9.26786,47.25822],[9.26591,47.25778],[9.26499,47.25804],[9.26427,47.25773],[9.26291,47.25763],[9.26071,47.2583],[9.258,47.26071],[9.25697,47.26244],[9.25628,47.26299],[9.2563,47.26342]]]}},{"type":"Feature","properties":{"id":"alter-rhein-sg","c":"SG","p":"pacht","q":"derived","k":"river"},"geometry":{"type":"MultiLineString","coordinates":[[[9.50461,47.25639],[9.50917,47.25826],[9.5103,47.25894],[9.51478,47.26428],[9.51565,47.26507],[9.51739,47.26614],[9.52049,47.2676],[9.52491,47.27392],[9.52647,47.27786],[9.52813,47.28026],[9.53409,47.28638],[9.55246,47.30184],[9.55423,47.30302],[9.55656,47.30385],[9.56017,47.30444],[9.56202,47.30413],[9.56291,47.30438],[9.57134,47.31107],[9.57565,47.31558],[9.57721,47.31766],[9.57788,47.31967],[9.57915,47.33656],[9.58025,47.34303],[9.58254,47.34947],[9.58608,47.35589],[9.58946,47.36037],[9.59314,47.36441],[9.63628,47.40528],[9.63835,47.40783],[9.63955,47.40991],[9.64063,47.41325],[9.64068,47.4162],[9.63958,47.4265],[9.64255,47.4382],[9.64382,47.4399],[9.65382,47.44647],[9.65479,47.44772],[9.65579,47.4508],[9.6556,47.45161],[9.65432,47.45351],[9.65248,47.45453],[9.6437,47.45598],[9.63441,47.45643]],[[9.59387,47.46475],[9.58979,47.47089]],[[9.62517,47.45685],[9.62177,47.45773],[9.62094,47.45821],[9.6192,47.45975],[9.61651,47.46244],[9.6121,47.46898],[9.61071,47.47003]]]}},{"type":"Feature","properties":{"id":"chelenbach-sg","c":"SG","p":"pacht","q":"derived","k":"river"},"geometry":{"type":"LineString","coordinates":[[9.46973,47.26589],[9.4706,47.26556],[9.47221,47.26399],[9.47429,47.26314],[9.47662,47.26181],[9.478,47.26053],[9.47833,47.25996],[9.48087,47.25867],[9.48223,47.25733],[9.48286,47.25596],[9.48312,47.25474],[9.48501,47.25313],[9.48782,47.25317],[9.49125,47.25186],[9.49263,47.25174],[9.49509,47.25244],[9.49594,47.25299],[9.50461,47.25639]]}},{"type":"Feature","properties":{"id":"seez-sg","c":"SG","p":"pacht","q":"derived","k":"river"},"geometry":{"type":"LineString","coordinates":[[9.25747,46.93502],[9.25842,46.93633],[9.25898,46.93783],[9.26179,46.93967],[9.26287,46.94114],[9.26205,46.94298],[9.26307,46.94492],[9.26382,46.94521],[9.26422,46.94562],[9.26498,46.94748],[9.26478,46.94838],[9.26591,46.9513],[9.26558,46.95191],[9.26549,46.95422],[9.2655,46.95694],[9.26575,46.95777],[9.26559,46.95907],[9.26597,46.95958],[9.26568,46.96088],[9.26703,46.96123],[9.26759,46.96195],[9.26763,46.96243],[9.26813,46.96292],[9.26848,46.96421],[9.269,46.9648],[9.26949,46.96487],[9.26975,46.96516],[9.27035,46.96537],[9.27148,46.96561],[9.27229,46.96647],[9.27335,46.9669],[9.27371,46.96796],[9.27356,46.96868],[9.27524,46.96997],[9.27683,46.97042],[9.27772,46.97098],[9.27791,46.97163],[9.27771,46.97199],[9.27794,46.97234],[9.27826,46.97251],[9.27925,46.97248],[9.27989,46.97213],[9.28082,46.9722],[9.28161,46.97194],[9.28264,46.9723],[9.28344,46.97205],[9.28414,46.9724],[9.2853,46.97249],[9.28659,46.97287],[9.28774,46.97261],[9.28844,46.97275],[9.28911,46.97253],[9.2913,46.97324],[9.29206,46.97325],[9.29309,46.97356],[9.29366,46.97388],[9.29451,46.97383],[9.29548,46.97415],[9.29619,46.97485],[9.29712,46.97526],[9.29968,46.97543],[9.29965,46.97574],[9.30045,46.97648],[9.30304,46.97628],[9.30358,46.97738],[9.30471,46.97733],[9.30558,46.97755],[9.30631,46.97848],[9.30794,46.97941],[9.30817,46.98044],[9.30909,46.98067],[9.31128,46.98242],[9.31343,46.98264],[9.31473,46.98335],[9.31647,46.98396],[9.31719,46.98467],[9.31801,46.98479],[9.31871,46.98539],[9.32128,46.98653],[9.32357,46.98681],[9.32439,46.98665],[9.32528,46.98681],[9.32623,46.9867],[9.32679,46.98695],[9.32732,46.98757],[9.33032,46.98784],[9.33129,46.98835],[9.33359,46.98849],[9.33636,46.9883],[9.34082,46.9893],[9.34125,46.9903],[9.34228,46.99079],[9.34372,46.99228],[9.34455,46.99251],[9.34646,46.99368],[9.34726,46.99385],[9.34823,46.99481],[9.34936,46.99523],[9.35042,46.99607],[9.35223,46.99657],[9.35279,46.9973],[9.35294,46.99805],[9.35452,46.99916],[9.35463,46.99992],[9.35711,47.00143],[9.35737,47.00229],[9.35841,47.0036],[9.35966,47.00405],[9.3616,47.00554],[9.36234,47.00638],[9.36415,47.00716],[9.36459,47.00773],[9.36732,47.00938],[9.368,47.00999],[9.36821,47.01079],[9.36968,47.01175],[9.37028,47.01255],[9.37176,47.01346],[9.37248,47.01435],[9.37416,47.01568],[9.37608,47.01856],[9.37607,47.01947],[9.37656,47.02119],[9.37687,47.02146],[9.37788,47.02171],[9.37847,47.02218],[9.37884,47.02324],[9.37982,47.02382],[9.38003,47.02454],[9.38083,47.02485],[9.38065,47.02556],[9.38176,47.02657],[9.38214,47.0276],[9.38299,47.02831],[9.38319,47.02907],[9.38413,47.02929],[9.38445,47.03005],[9.38844,47.03416],[9.38911,47.03454],[9.3896,47.0361],[9.39046,47.03652],[9.39122,47.03635],[9.39199,47.03671],[9.3927,47.03801],[9.39325,47.03842],[9.39475,47.03879],[9.39619,47.03958],[9.39755,47.0396],[9.39808,47.04009],[9.39937,47.03996],[9.40103,47.03925],[9.4031,47.03931],[9.40347,47.04013],[9.40468,47.04134],[9.40641,47.04192],[9.40917,47.0424],[9.40984,47.04295],[9.4108,47.04326],[9.41169,47.04414],[9.41202,47.04418],[9.41275,47.0439],[9.41328,47.04397],[9.41496,47.04567],[9.41568,47.04595],[9.41746,47.04612],[9.41806,47.04651],[9.41831,47.04707],[9.41824,47.04784],[9.41733,47.05019],[9.41389,47.05238],[9.41273,47.05286],[9.41016,47.05331],[9.40927,47.05382],[9.40661,47.05452],[9.40399,47.05547],[9.4024,47.05639],[9.39959,47.05863],[9.39566,47.0602],[9.38949,47.06363],[9.38077,47.06752],[9.37895,47.0685],[9.3557,47.08688],[9.35427,47.08839],[9.35221,47.0924],[9.34018,47.10132],[9.33665,47.10315],[9.33239,47.10473],[9.30103,47.1192]]}},{"type":"Feature","properties":{"id":"entsumpfungskanal-sg","c":"SG","p":"pacht","q":"derived","k":"river"},"geometry":{"type":"LineString","coordinates":[[9.38688,47.06813],[9.38207,47.07088],[9.37716,47.07426],[9.32041,47.11828]]}},{"type":"Feature","properties":{"id":"simmi-sg","c":"SG","p":"pacht","q":"derived","k":"river"},"geometry":{"type":"MultiLineString","coordinates":[[[9.36668,47.20704],[9.36541,47.20672],[9.36439,47.20672],[9.36231,47.20584],[9.35957,47.20579],[9.35832,47.20531],[9.35926,47.20405],[9.35943,47.20324],[9.35928,47.20302],[9.35957,47.20258],[9.36023,47.20247],[9.36116,47.20195],[9.36157,47.20133],[9.36298,47.20058],[9.36602,47.20043],[9.36656,47.2006],[9.36823,47.20037],[9.36934,47.19984],[9.36992,47.19983],[9.37201,47.19901],[9.37383,47.19897],[9.37441,47.19874],[9.37496,47.19886],[9.37563,47.19812],[9.37671,47.19831],[9.37719,47.19808],[9.37834,47.19799],[9.38204,47.19848],[9.38393,47.1982],[9.38511,47.19862],[9.38636,47.19809],[9.3866,47.19771],[9.38763,47.19758],[9.38861,47.19651],[9.38925,47.19626],[9.39109,47.19625],[9.39159,47.196],[9.39223,47.19606],[9.39372,47.19563],[9.39511,47.19558],[9.39575,47.19535],[9.39665,47.19553],[9.39817,47.19537],[9.39893,47.19561],[9.40017,47.19554],[9.40052,47.1953],[9.40134,47.19524],[9.4026,47.19484],[9.40383,47.19416],[9.40625,47.19538],[9.40756,47.19569],[9.41075,47.19552],[9.4116,47.19576],[9.41236,47.19516],[9.41357,47.195],[9.41475,47.19545],[9.41628,47.19544],[9.41716,47.19599],[9.41798,47.19619],[9.41967,47.19614],[9.42046,47.19632],[9.42124,47.19561],[9.42118,47.19529],[9.42175,47.19421],[9.42415,47.19419],[9.42588,47.19372],[9.42685,47.19367],[9.42769,47.19317],[9.42797,47.19337],[9.42854,47.19341]],[[9.38519,47.21229],[9.38493,47.21108],[9.38411,47.2101],[9.38426,47.20947],[9.38379,47.20862],[9.38431,47.2077],[9.38405,47.20751],[9.38291,47.20725],[9.38092,47.20722],[9.37943,47.2067],[9.37728,47.20707],[9.37463,47.20684],[9.37098,47.20777],[9.36849,47.20759]],[[9.42939,47.19339],[9.43334,47.19391],[9.43816,47.1963],[9.44403,47.19879],[9.44579,47.19935]],[[9.44763,47.19953],[9.45552,47.1999],[9.45819,47.20039],[9.46043,47.20114],[9.46233,47.20207],[9.46387,47.20312],[9.47271,47.21041],[9.47406,47.21129],[9.48111,47.21442],[9.48256,47.21455],[9.48688,47.21432]]]}},{"type":"Feature","properties":{"id":"steinach-sg","c":"SG","p":"pacht","q":"derived","k":"river"},"geometry":{"type":"MultiLineString","coordinates":[[[9.4121,47.41686],[9.41155,47.41674],[9.41027,47.41698],[9.40927,47.41693],[9.40643,47.41623],[9.40393,47.41607],[9.40144,47.41532],[9.39971,47.41459],[9.39956,47.41481],[9.39842,47.41483],[9.39805,47.41457],[9.3976,47.41454],[9.39596,47.41504],[9.3934,47.41454],[9.39295,47.41428],[9.39164,47.41414],[9.38994,47.41473],[9.38707,47.41515],[9.38583,47.41569],[9.38503,47.41563],[9.38412,47.41595],[9.38303,47.41578],[9.38092,47.41911],[9.37991,47.41964],[9.37944,47.4194],[9.37893,47.4194],[9.37795,47.4204],[9.37785,47.42066],[9.3782,47.42112],[9.37749,47.42226],[9.37895,47.42316],[9.37956,47.42412],[9.38008,47.42451],[9.38123,47.42474],[9.38261,47.4266],[9.38401,47.42751],[9.38398,47.42823],[9.38446,47.42939],[9.38514,47.43013],[9.38523,47.43187],[9.38628,47.43304],[9.38709,47.43347],[9.39032,47.43412],[9.39418,47.43518],[9.39468,47.43598],[9.39662,47.43661],[9.39832,47.43663],[9.39888,47.4373],[9.39969,47.43765],[9.39939,47.43998],[9.3991,47.4407],[9.3985,47.4413],[9.39879,47.44226],[9.39782,47.44238],[9.39723,47.44303],[9.39751,47.44459],[9.39805,47.44508]],[[9.39959,47.44636],[9.40032,47.4474],[9.39996,47.44787],[9.39998,47.44909],[9.40097,47.45022],[9.40075,47.45091],[9.40189,47.45179],[9.40229,47.45321],[9.40334,47.45475],[9.4025,47.45519],[9.40239,47.45591],[9.40274,47.45657],[9.40206,47.45726],[9.40257,47.45765],[9.40274,47.45812],[9.40197,47.45865],[9.40222,47.45924],[9.40169,47.4597],[9.40227,47.46073],[9.40283,47.46101],[9.40284,47.4616],[9.40436,47.46427],[9.40396,47.46478],[9.40407,47.46635],[9.40383,47.4669],[9.40426,47.46707],[9.40498,47.4682],[9.40575,47.46836],[9.40701,47.46898],[9.40665,47.46955],[9.40873,47.46985],[9.40974,47.47092],[9.41194,47.4721],[9.41172,47.4729],[9.4124,47.47348],[9.41208,47.47393],[9.41089,47.47466],[9.41157,47.47493],[9.41117,47.47592],[9.41167,47.47679],[9.41194,47.47864],[9.41274,47.47881],[9.413,47.47952],[9.41511,47.47985],[9.41558,47.48097],[9.41671,47.48121],[9.41804,47.4811],[9.41813,47.48148],[9.4187,47.48204],[9.42044,47.48237],[9.42238,47.48327],[9.42377,47.48417],[9.42462,47.48425],[9.42543,47.48457],[9.42595,47.48399],[9.42643,47.48386],[9.42777,47.48445],[9.42858,47.48455],[9.42944,47.48501],[9.43029,47.48506],[9.43093,47.48557],[9.43111,47.48605],[9.43252,47.48765],[9.43391,47.48828],[9.43352,47.48978],[9.436,47.49115],[9.43653,47.49282],[9.4405,47.49853],[9.4465,47.50257]],[[9.42727,47.41077],[9.42722,47.41144],[9.42641,47.41295],[9.42639,47.41393],[9.42441,47.41691],[9.42398,47.41728],[9.4235,47.41734],[9.42373,47.41807],[9.42356,47.41839],[9.42179,47.41933],[9.41698,47.41937],[9.41607,47.41912]]]}},{"type":"Feature","properties":{"id":"tamina-sg","c":"SG","p":"pacht","q":"derived","k":"river"},"geometry":{"type":"MultiLineString","coordinates":[[[9.26596,46.91042],[9.26882,46.91181],[9.27142,46.91212],[9.27204,46.91249],[9.27274,46.91237],[9.27486,46.91265],[9.27517,46.91337],[9.27603,46.91384],[9.27722,46.9141],[9.27951,46.91404],[9.28002,46.91489],[9.28115,46.91578],[9.28146,46.91688],[9.28135,46.91746],[9.28212,46.91878],[9.28297,46.91895],[9.28425,46.91971],[9.28519,46.91957],[9.28562,46.91982],[9.28603,46.91982],[9.28682,46.92038],[9.28752,46.92053],[9.28822,46.92096],[9.28893,46.92096],[9.28993,46.92149],[9.29083,46.92142],[9.2918,46.92106],[9.29303,46.92138],[9.29384,46.92104],[9.29504,46.92125],[9.29693,46.92116],[9.29806,46.92168],[9.29961,46.92192],[9.29999,46.92247],[9.30094,46.9223],[9.30142,46.92238],[9.30184,46.92268],[9.30223,46.92259],[9.30261,46.92274],[9.30369,46.92244],[9.30436,46.92277],[9.30472,46.92255],[9.30577,46.92235],[9.3069,46.92292],[9.30774,46.92295],[9.30848,46.92336],[9.30956,46.92343],[9.3113,46.92298],[9.31278,46.92339],[9.31335,46.92327],[9.31388,46.92378],[9.31441,46.92391],[9.31635,46.92395],[9.31721,46.92434],[9.31834,46.92419],[9.31991,46.92534],[9.32243,46.92613],[9.32305,46.92591],[9.32437,46.92616],[9.32492,46.92602],[9.32554,46.9262],[9.32721,46.92536],[9.32758,46.9249],[9.32939,46.92388],[9.33067,46.92367],[9.33102,46.92335],[9.33224,46.92307],[9.33298,46.92321],[9.334,46.92286],[9.3354,46.92291],[9.3371,46.92271],[9.33903,46.92293],[9.34057,46.92363],[9.34156,46.92362],[9.34212,46.92349],[9.34262,46.92312],[9.34289,46.92209],[9.34515,46.92146],[9.34673,46.9212],[9.34867,46.92127],[9.34956,46.92153],[9.35189,46.92109],[9.3526,46.92078],[9.35502,46.92054]],[[9.39172,46.91263],[9.39364,46.91294],[9.39466,46.91363],[9.3958,46.91345],[9.39665,46.91353],[9.4005,46.91221],[9.40178,46.91222],[9.4027,46.91186],[9.4041,46.91195],[9.40493,46.91229],[9.40675,46.91262],[9.40951,46.91271],[9.41033,46.91304],[9.41168,46.91328],[9.41233,46.91302],[9.41292,46.91247],[9.41335,46.91239],[9.41461,46.91305],[9.41509,46.91312],[9.41588,46.91304],[9.41647,46.91266],[9.41711,46.91268],[9.41859,46.91225],[9.42312,46.91201],[9.42414,46.91141],[9.42526,46.91151],[9.42824,46.91132],[9.42868,46.91095],[9.42941,46.91079],[9.43088,46.90978],[9.43147,46.90896],[9.43359,46.90784],[9.43648,46.90796],[9.43806,46.9088],[9.44069,46.90934],[9.44119,46.90935],[9.44234,46.90896],[9.44286,46.90902],[9.44393,46.90952],[9.44776,46.91053],[9.44819,46.91108],[9.44834,46.912],[9.44943,46.91293],[9.4503,46.91338],[9.45113,46.91491],[9.4529,46.91569],[9.45372,46.9164],[9.45901,46.91869],[9.46201,46.91945],[9.46265,46.92061],[9.46281,46.92234],[9.46255,46.92294],[9.46265,46.92332],[9.46352,46.92379],[9.46482,46.92397],[9.46612,46.92601],[9.4677,46.92642],[9.46814,46.92703],[9.47017,46.92848],[9.47052,46.92955],[9.46995,46.93215]],[[9.48126,46.94844],[9.48119,46.94975],[9.48186,46.95057],[9.48181,46.9527],[9.48083,46.95409],[9.4809,46.95461],[9.48044,46.95562],[9.48006,46.95606],[9.47965,46.95618],[9.47929,46.95684],[9.47935,46.95713],[9.48027,46.95787],[9.47991,46.95849],[9.4801,46.95929],[9.4793,46.95966],[9.47908,46.96018],[9.47931,46.96051],[9.48009,46.96083],[9.48042,46.96189],[9.4815,46.96241],[9.48187,46.96339],[9.4831,46.96414],[9.48443,46.96419],[9.48507,46.96473],[9.48497,46.96543],[9.48526,46.96606],[9.48621,46.96674],[9.48617,46.96749],[9.48667,46.96803],[9.48802,46.9715],[9.48805,46.97229],[9.48859,46.97314],[9.48832,46.97416],[9.48875,46.97628],[9.48794,46.97727],[9.48638,46.97759],[9.48647,46.9786],[9.48614,46.97938],[9.48789,46.98022],[9.48852,46.98083],[9.48896,46.98408],[9.49012,46.98412],[9.49075,46.98432],[9.49224,46.98565],[9.48955,46.98745],[9.4898,46.98856],[9.48896,46.98923],[9.4893,46.99044],[9.49091,46.99107],[9.49274,46.99225],[9.49352,46.99299],[9.49474,46.99534],[9.49809,46.99722],[9.49867,46.99795],[9.49964,46.99865],[9.50091,47.00012],[9.50217,47.00237],[9.5093,47.00984],[9.51,47.0102]]]}},{"type":"Feature","properties":{"id":"vilterser-wangser-kanal-sg","c":"SG","p":"pacht","q":"derived","k":"river"},"geometry":{"type":"LineString","coordinates":[[9.44573,47.03134],[9.45068,47.04239],[9.45193,47.05324],[9.45213,47.05387],[9.45255,47.05428],[9.46669,47.06409],[9.4705,47.06628],[9.47709,47.06956],[9.47915,47.06996],[9.48328,47.07173],[9.48524,47.07215],[9.49095,47.07449],[9.50242,47.08081],[9.50315,47.08098],[9.50393,47.08088]]}},{"type":"Feature","properties":{"id":"wildhauser-thur-sg","c":"SG","p":"pacht","q":"derived","k":"river"},"geometry":{"type":"LineString","coordinates":[[9.35694,47.19184],[9.3578,47.19276],[9.35766,47.19342],[9.35784,47.19375],[9.35739,47.19419],[9.35734,47.19502],[9.3569,47.19551],[9.35602,47.19588],[9.35569,47.1967],[9.35299,47.19758],[9.35303,47.19921],[9.35047,47.19973],[9.34902,47.19917],[9.34658,47.19929],[9.34544,47.19877],[9.34402,47.19884],[9.34268,47.19861],[9.33982,47.19902],[9.3396,47.19881],[9.33881,47.1988],[9.33805,47.19852],[9.33729,47.1984],[9.3369,47.19851],[9.33647,47.19823],[9.33612,47.19851],[9.33569,47.19841],[9.33396,47.19873],[9.33274,47.19856],[9.33168,47.19887],[9.33063,47.19861],[9.32955,47.19889],[9.32621,47.19926],[9.32512,47.19919],[9.32426,47.199],[9.32362,47.19851],[9.32302,47.19847],[9.32291,47.19813],[9.32215,47.19807],[9.32179,47.19778],[9.32071,47.19753],[9.32049,47.19774],[9.31996,47.19774],[9.3184,47.1968],[9.31653,47.19688],[9.316,47.19655],[9.31385,47.19611],[9.3128,47.19616],[9.31222,47.19584],[9.31202,47.19549],[9.31062,47.19582],[9.31014,47.19576],[9.3098,47.19605],[9.30853,47.19549],[9.30646,47.19557],[9.30507,47.19594],[9.30368,47.19572],[9.30236,47.19605]]}},{"type":"Feature","properties":{"id":"wislen-sg","c":"SG","p":"pacht","q":"derived","k":"river"},"geometry":{"type":"LineString","coordinates":[[9.44679,47.24],[9.4478,47.23976],[9.44942,47.24011],[9.45118,47.24],[9.45166,47.23984],[9.4521,47.23939],[9.45276,47.23961],[9.45394,47.23929],[9.457,47.23974],[9.45926,47.23924],[9.46019,47.23942],[9.4625,47.2393],[9.46457,47.24028],[9.46541,47.24048],[9.46765,47.24057],[9.47005,47.24228],[9.47273,47.24169],[9.47424,47.24101],[9.48164,47.23471],[9.491,47.23261]]}},{"type":"Feature","properties":{"id":"werdenberger-binnenkanal-sg","c":"SG","p":"pacht","q":"derived","k":"river"},"geometry":{"type":"LineString","coordinates":[[9.50733,47.11052],[9.50839,47.11111],[9.50869,47.11154],[9.50878,47.11306],[9.51044,47.11404],[9.51093,47.11469],[9.51134,47.11547],[9.51126,47.11621],[9.50151,47.13947],[9.49752,47.14522],[9.49432,47.14847],[9.49377,47.14997],[9.49269,47.15107],[9.49075,47.15446],[9.49069,47.15594],[9.49028,47.15731],[9.48917,47.15913],[9.48765,47.16045],[9.48693,47.16148],[9.48628,47.16351],[9.48455,47.17536],[9.47667,47.19445],[9.47629,47.19646],[9.47647,47.19831],[9.47764,47.20102],[9.49591,47.22712],[9.51265,47.24058],[9.51393,47.24204],[9.51461,47.24438],[9.51741,47.26162],[9.51807,47.26309],[9.52315,47.27029],[9.52456,47.2712],[9.52842,47.27188],[9.53024,47.27261],[9.53456,47.27519],[9.53819,47.2767],[9.54196,47.27878],[9.54229,47.27879],[9.54317,47.27821]]}},{"type":"Feature","properties":{"id":"murgbach-sg","c":"SG","p":"pacht","q":"derived","k":"river"},"geometry":{"type":"MultiLineString","coordinates":[[[9.15157,47.03251],[9.15259,47.03275],[9.15387,47.03356],[9.15387,47.03382],[9.15316,47.03465],[9.15371,47.0364]],[[9.15719,47.03865],[9.15822,47.0383],[9.15859,47.03843]],[[9.16197,47.03951],[9.1624,47.03933],[9.16359,47.03931],[9.1651,47.04046],[9.1668,47.04063],[9.1679,47.04143]],[[9.17073,47.04265],[9.17265,47.04299],[9.17352,47.04403],[9.17549,47.04461],[9.17633,47.04444],[9.1776,47.04372],[9.17898,47.04392],[9.18157,47.04324],[9.18419,47.04403],[9.18447,47.04426],[9.18408,47.04505],[9.18506,47.04545],[9.1862,47.04624],[9.18657,47.04738],[9.18725,47.04832],[9.18927,47.04862],[9.19002,47.04925],[9.19203,47.04996],[9.19266,47.05079],[9.19332,47.05117],[9.19356,47.05209],[9.19531,47.05287],[9.19515,47.05449],[9.19683,47.05636],[9.1978,47.05945],[9.1976,47.06081],[9.19825,47.06299],[9.19699,47.06486],[9.19687,47.06557],[9.19627,47.06657],[9.19676,47.06694],[9.19723,47.06825],[9.19808,47.06906],[9.19835,47.07015],[9.19813,47.07067],[9.19717,47.07151],[9.19751,47.07295],[9.19638,47.07413],[9.19735,47.07455],[9.19725,47.0752],[9.19671,47.07576],[9.19834,47.07712],[9.19924,47.07726],[9.20012,47.07841],[9.19976,47.07977],[9.19983,47.08082],[9.20025,47.08193],[9.20232,47.08304],[9.20249,47.08437],[9.20301,47.08529],[9.2039,47.08587],[9.20482,47.08733],[9.20478,47.08777],[9.20538,47.08857],[9.20547,47.08906],[9.20636,47.09026],[9.2073,47.09064],[9.2083,47.09157],[9.20843,47.09208],[9.20814,47.09272],[9.20929,47.0938],[9.20955,47.09458],[9.21067,47.09547],[9.21078,47.09716],[9.21205,47.09818],[9.21212,47.09856],[9.21267,47.09909],[9.21264,47.10071],[9.21389,47.10197],[9.21465,47.1031],[9.21454,47.10392],[9.21499,47.10454],[9.21498,47.10594],[9.21478,47.10623],[9.21531,47.10841],[9.21657,47.10913],[9.21678,47.11039],[9.21645,47.11139],[9.21586,47.11191],[9.21571,47.11243],[9.21708,47.11266],[9.219,47.11356]],[[9.20848,47.09221],[9.20875,47.09263],[9.20853,47.09288]]]}},{"type":"Feature","properties":{"id":"schils-sg","c":"SG","p":"pacht","q":"derived","k":"river"},"geometry":{"type":"MultiLineString","coordinates":[[[9.24722,47.00248],[9.24754,47.00298],[9.24802,47.00316],[9.24907,47.00275],[9.24996,47.00278],[9.25015,47.00324],[9.24997,47.0039],[9.25049,47.00419],[9.25022,47.00467],[9.2507,47.00485],[9.25168,47.0047],[9.25198,47.0048],[9.2519,47.00506],[9.2524,47.00513],[9.25274,47.00561],[9.25292,47.00658],[9.25404,47.00689],[9.25425,47.00746],[9.25527,47.00817],[9.25525,47.00864],[9.25387,47.00939],[9.25313,47.01027],[9.25317,47.01076],[9.25223,47.01118],[9.25199,47.01152],[9.25245,47.01223],[9.25267,47.01349],[9.25243,47.01413],[9.25276,47.01465],[9.25243,47.01546],[9.25261,47.01563],[9.25304,47.01561],[9.25311,47.01585],[9.25209,47.01773],[9.25259,47.01876],[9.25339,47.01925],[9.25405,47.01932],[9.25467,47.01916],[9.25547,47.01948],[9.25639,47.01942],[9.25702,47.01957],[9.25833,47.02055],[9.2592,47.02094],[9.26222,47.02106],[9.26358,47.02138],[9.26471,47.02212],[9.26459,47.02263],[9.26479,47.02296],[9.2657,47.02338],[9.26721,47.02309],[9.26815,47.02395],[9.2689,47.0242],[9.26892,47.02453],[9.26956,47.02492],[9.27003,47.02589],[9.27102,47.02635],[9.2723,47.02789],[9.27402,47.02916],[9.27416,47.02956],[9.27553,47.03019],[9.2758,47.03063],[9.27572,47.03169],[9.2761,47.03346],[9.27577,47.03516],[9.27679,47.03654],[9.27758,47.0371],[9.27807,47.03797],[9.278,47.03829],[9.2784,47.03889],[9.27808,47.03916],[9.27792,47.03998],[9.27823,47.04022],[9.2782,47.0407],[9.27886,47.04187],[9.27891,47.04302],[9.28007,47.04431],[9.28092,47.04643],[9.28063,47.047],[9.28076,47.04803],[9.2804,47.04875],[9.28046,47.04941],[9.27994,47.05063],[9.28024,47.05115]],[[9.28023,47.05123],[9.28271,47.05357],[9.283,47.05427],[9.28431,47.05499],[9.28601,47.05538],[9.28682,47.05607],[9.28683,47.05655],[9.28765,47.05691],[9.28852,47.05768],[9.28868,47.05815],[9.29,47.05864],[9.29143,47.05976],[9.29506,47.06149],[9.297,47.06375],[9.29781,47.06414],[9.29883,47.06433],[9.29967,47.06419],[9.30118,47.06498],[9.30165,47.066]],[[9.30177,47.06605],[9.30299,47.0676]],[[9.30305,47.06767],[9.30548,47.06902],[9.30739,47.06966],[9.30798,47.0703],[9.30841,47.07046],[9.30882,47.07108],[9.31004,47.07125],[9.31058,47.07215],[9.3118,47.07266],[9.31238,47.07362],[9.31394,47.07473],[9.31543,47.0769],[9.31558,47.07744],[9.31643,47.07751],[9.31851,47.0784],[9.31924,47.07838],[9.32099,47.07891],[9.32145,47.07886],[9.32269,47.07957],[9.32398,47.07939],[9.32566,47.07968],[9.32604,47.08016],[9.32747,47.08094],[9.32845,47.08192],[9.33048,47.08304],[9.3312,47.08402],[9.33052,47.08445],[9.33142,47.08564],[9.3321,47.0857],[9.33245,47.08604],[9.33321,47.08615],[9.33451,47.08712],[9.33611,47.08769],[9.33662,47.08824],[9.33921,47.08852],[9.34015,47.08909],[9.34018,47.09058],[9.3377,47.09456],[9.33484,47.10206],[9.33467,47.10316],[9.33346,47.10435]]]}},{"type":"Feature","properties":{"id":"glatt-sg","c":"SG","p":"pacht","q":"derived","k":"river"},"geometry":{"type":"MultiLineString","coordinates":[[[9.21936,47.40197],[9.21865,47.40307],[9.21855,47.4037],[9.21763,47.40455],[9.21773,47.4053],[9.21831,47.40606],[9.21817,47.40786],[9.21684,47.41082],[9.21591,47.41177],[9.21394,47.4125],[9.2128,47.4126],[9.21241,47.41249],[9.21192,47.41201],[9.21239,47.41081],[9.21161,47.41066],[9.21104,47.41083],[9.20997,47.41237],[9.20951,47.41272],[9.20849,47.41271],[9.20819,47.41128],[9.20645,47.41227],[9.20625,47.4134],[9.2057,47.41336],[9.20543,47.41258],[9.20514,47.41251],[9.20424,47.4131],[9.2037,47.41444],[9.20324,47.4147],[9.20021,47.41407],[9.19928,47.41413],[9.1988,47.41442],[9.1979,47.41751],[9.19734,47.41798],[9.19595,47.41834],[9.19541,47.419],[9.19653,47.4193],[9.19695,47.41952],[9.19696,47.41975],[9.19425,47.42089],[9.19469,47.42145],[9.19462,47.4228],[9.1934,47.4234],[9.19197,47.42278],[9.19067,47.42367],[9.19079,47.42416],[9.192,47.42522],[9.19351,47.42564],[9.1935,47.42601],[9.1932,47.4262],[9.19163,47.42655],[9.18988,47.42595],[9.18891,47.42593],[9.18822,47.42631],[9.18726,47.42751],[9.18608,47.42746],[9.18447,47.42851],[9.18397,47.42843],[9.18258,47.42718],[9.18228,47.42716],[9.18075,47.42864],[9.17711,47.43004],[9.17627,47.43066],[9.17598,47.43161],[9.17621,47.43201],[9.17587,47.43227],[9.17552,47.43222],[9.17386,47.43114],[9.17238,47.43277],[9.17153,47.4331],[9.16859,47.43181],[9.16676,47.43205],[9.16627,47.43234],[9.16614,47.4327],[9.16691,47.43319],[9.16844,47.43371],[9.1683,47.43424],[9.16728,47.43471],[9.16644,47.43443],[9.16616,47.43416],[9.16617,47.43363],[9.1658,47.43335],[9.16523,47.43361],[9.16462,47.43439],[9.16425,47.43449],[9.16364,47.43426],[9.16312,47.43351],[9.1617,47.4326],[9.16076,47.43293],[9.16034,47.43385],[9.16176,47.43485],[9.16224,47.43606],[9.16208,47.43637],[9.16145,47.43634],[9.15995,47.43563],[9.15943,47.43573],[9.15914,47.436],[9.15903,47.4363],[9.1593,47.43677],[9.16061,47.43765],[9.1605,47.4379],[9.15929,47.43816],[9.15747,47.43754],[9.15694,47.43765],[9.15668,47.43804],[9.15784,47.43934],[9.15769,47.43964],[9.15655,47.43954],[9.15587,47.4393],[9.15455,47.43819],[9.15401,47.43826],[9.15386,47.43849],[9.1538,47.43922],[9.15415,47.43986],[9.15359,47.4401],[9.15342,47.4412],[9.15465,47.44282],[9.15484,47.44354],[9.1546,47.44408],[9.15327,47.44511],[9.15222,47.44646],[9.1509,47.45349],[9.15091,47.45513]],[[9.24025,47.39755],[9.23793,47.39654],[9.23635,47.39618],[9.23579,47.39638],[9.23508,47.39705],[9.23435,47.39704],[9.2342,47.39629],[9.23317,47.396],[9.23281,47.39624],[9.23326,47.39654],[9.23266,47.39714],[9.23266,47.39872],[9.23184,47.3987],[9.23056,47.39972],[9.22982,47.4],[9.22782,47.39976]],[[9.2488,47.39926],[9.24756,47.39894],[9.24714,47.39863]],[[9.25719,47.3993],[9.2563,47.40063],[9.25573,47.40087],[9.25457,47.40023],[9.2535,47.40066],[9.25268,47.40043],[9.25197,47.40071],[9.25165,47.40042],[9.25039,47.40027],[9.24924,47.3996]]]}},{"type":"Feature","properties":{"id":"uze-sg","c":"SG","p":"pacht","q":"derived","k":"river"},"geometry":{"type":"LineString","coordinates":[[9.12149,47.42861],[9.12145,47.42915],[9.12261,47.43009],[9.12298,47.43064],[9.12659,47.43115],[9.12917,47.43252],[9.13051,47.43368],[9.13457,47.43538],[9.13786,47.43814],[9.14083,47.44127],[9.14195,47.44193],[9.14216,47.4433],[9.14044,47.44478],[9.14014,47.44585],[9.14067,47.44789],[9.14054,47.44863],[9.14355,47.45023],[9.14729,47.45103],[9.14926,47.45464]]}},{"type":"Feature","properties":{"id":"dorfbach-zuzwil-sg","c":"SG","p":"pacht","q":"derived","k":"river"},"geometry":{"type":"LineString","coordinates":[[9.10022,47.48515],[9.10021,47.48482],[9.10078,47.48455],[9.10176,47.48361],[9.10298,47.48346],[9.10505,47.48271],[9.10643,47.48132],[9.10724,47.481],[9.10792,47.481],[9.1099,47.47989],[9.11002,47.47841],[9.11201,47.47727],[9.11238,47.4765],[9.1122,47.47618],[9.1113,47.4758],[9.11083,47.47479],[9.1074,47.4744],[9.10538,47.47283],[9.10565,47.47212],[9.10436,47.47011],[9.10507,47.46732],[9.10496,47.46683],[9.10524,47.4655],[9.10276,47.46288],[9.10304,47.46133],[9.10353,47.46067]]}},{"type":"Feature","properties":{"id":"hegibach-sg","c":"SG","p":"pacht","q":"derived","k":"river"},"geometry":{"type":"MultiLineString","coordinates":[[[9.33889,47.50037],[9.33865,47.5015]],[[9.36777,47.48485],[9.36646,47.48538],[9.36443,47.48686],[9.36233,47.48744],[9.36112,47.48798],[9.35986,47.48802],[9.35835,47.48841],[9.35771,47.48884],[9.35737,47.48949],[9.35416,47.49062],[9.35186,47.49205],[9.3515,47.49272],[9.35186,47.49278],[9.35189,47.49296],[9.35245,47.49301],[9.35258,47.4933],[9.35239,47.49346],[9.3534,47.49416],[9.35162,47.49619],[9.34987,47.4967],[9.34792,47.49755],[9.34624,47.49783],[9.34329,47.4989],[9.34292,47.49866],[9.34194,47.49887]],[[9.35349,47.51494],[9.35396,47.51531],[9.35461,47.5154],[9.35458,47.51575],[9.35518,47.51631]]]}},{"type":"Feature","properties":{"id":"steinlibach-sg","c":"SG","p":"pacht","q":"derived","k":"river"},"geometry":{"type":"MultiLineString","coordinates":[[[9.50998,47.44949],[9.51082,47.44962],[9.51119,47.44998],[9.5117,47.44964],[9.51424,47.44938],[9.51589,47.4504],[9.51739,47.45063],[9.51794,47.45144],[9.51934,47.4518],[9.52121,47.45175],[9.52225,47.45144],[9.52389,47.45138],[9.52474,47.45211],[9.52519,47.45225],[9.52554,47.45308],[9.52765,47.45389],[9.52807,47.45393],[9.52969,47.45349],[9.5305,47.45348]],[[9.54731,47.46546],[9.54875,47.46624],[9.55217,47.46714],[9.55301,47.46754],[9.55389,47.46827],[9.55598,47.46866],[9.55815,47.47],[9.55981,47.47044],[9.56245,47.47029],[9.56602,47.46968],[9.56791,47.46962],[9.56948,47.46982],[9.574,47.47095],[9.57571,47.47203],[9.57679,47.47372],[9.5772,47.47491],[9.57773,47.47548],[9.58035,47.47729],[9.58277,47.47832],[9.58328,47.47964],[9.58378,47.48006]]]}},{"type":"Feature","properties":{"id":"dorfbach-gossau-sg","c":"SG","p":"pacht","q":"derived","k":"river"},"geometry":{"type":"LineString","coordinates":[[9.26872,47.41785],[9.26737,47.41767],[9.26646,47.41578],[9.2656,47.41548],[9.26467,47.41558],[9.26162,47.41657],[9.25278,47.41454],[9.2483,47.41402],[9.24182,47.41179],[9.24058,47.41061],[9.23927,47.40987],[9.23182,47.40811],[9.23099,47.40847],[9.23079,47.4084],[9.23025,47.40777],[9.23081,47.40667],[9.22963,47.40608],[9.22715,47.40757],[9.22611,47.40733],[9.22453,47.40811],[9.22411,47.40869],[9.22456,47.40921],[9.2245,47.40947],[9.22264,47.4106],[9.22128,47.41116],[9.22017,47.41139],[9.21875,47.41135],[9.21776,47.41091],[9.21699,47.41081]]}},{"type":"Feature","properties":{"id":"tuefenbach-sg","c":"SG","p":"pacht","q":"derived","k":"river"},"geometry":{"type":"MultiLineString","coordinates":[[[9.2101,47.3211],[9.20883,47.31996],[9.20635,47.31997],[9.20551,47.31934],[9.20381,47.31914],[9.20341,47.3185],[9.20074,47.31767],[9.19949,47.31753],[9.19897,47.3171],[9.19796,47.31685],[9.19638,47.3169],[9.19415,47.31727],[9.19284,47.31693],[9.19111,47.31745],[9.18825,47.31637],[9.18741,47.31669],[9.18727,47.31761],[9.18628,47.31734],[9.18532,47.31738],[9.18473,47.31677],[9.18379,47.31626],[9.18357,47.31544],[9.18234,47.31494],[9.18158,47.31369]],[[9.23336,47.33204],[9.23276,47.33097],[9.22947,47.3294],[9.22868,47.32925],[9.22778,47.32936],[9.22711,47.32839],[9.22558,47.32824],[9.22536,47.32782],[9.22448,47.32753],[9.22447,47.32701],[9.22331,47.32718],[9.22268,47.32613],[9.22108,47.32586],[9.22067,47.32627],[9.22048,47.32623],[9.21985,47.32567],[9.21912,47.3257],[9.21836,47.32539],[9.21803,47.32518],[9.21798,47.32482],[9.21712,47.32444],[9.21626,47.32483],[9.21591,47.32479],[9.21481,47.32397],[9.21478,47.32281],[9.2144,47.32273],[9.21384,47.32298],[9.21328,47.32269]]]}},{"type":"Feature","properties":{"id":"josenbach-sg","c":"SG","p":"pacht","q":"derived","k":"river"},"geometry":{"type":"LineString","coordinates":[[9.1608,47.33712],[9.1599,47.33896],[9.15837,47.34041],[9.15649,47.34147],[9.15528,47.34248],[9.15453,47.34401],[9.15442,47.34511],[9.15329,47.34695],[9.15201,47.3477],[9.15151,47.34779],[9.15105,47.34826],[9.14979,47.34842],[9.14888,47.34832],[9.14577,47.34659],[9.14527,47.34654],[9.145,47.34684],[9.14441,47.3467],[9.14421,47.34691],[9.14325,47.34648],[9.14277,47.34647],[9.14189,47.34686],[9.14,47.34646],[9.13913,47.3458],[9.13804,47.34551],[9.13694,47.34632],[9.13643,47.3462],[9.13645,47.34642],[9.13589,47.34666],[9.13362,47.34635],[9.1326,47.34664],[9.13246,47.34626],[9.13216,47.34638],[9.13068,47.34621],[9.13029,47.34636]]}},{"type":"Feature","properties":{"id":"ruerbach-sg","c":"SG","p":"pacht","q":"derived","k":"river"},"geometry":{"type":"LineString","coordinates":[[9.1771,47.38214],[9.17638,47.38139],[9.17657,47.38101],[9.17575,47.38096],[9.17396,47.37997],[9.17357,47.37947],[9.17308,47.37942],[9.17316,47.37922],[9.1724,47.37897],[9.17231,47.37853],[9.17052,47.37806],[9.16957,47.37812],[9.16897,47.37789],[9.16838,47.37726],[9.16772,47.37704],[9.16645,47.37697],[9.16614,47.37715],[9.16533,47.37701],[9.16468,47.37666],[9.1642,47.37681],[9.16383,47.37636],[9.16339,47.37643],[9.16109,47.37575],[9.16046,47.37608],[9.15924,47.37595],[9.15798,47.37527],[9.15611,47.37476],[9.15566,47.37484],[9.1555,47.37526],[9.15504,47.37538],[9.15399,47.37463],[9.15302,47.37469],[9.15285,47.37436],[9.15236,47.37426],[9.15176,47.37436],[9.15156,47.37481],[9.14882,47.37413],[9.14652,47.37455],[9.14579,47.37339],[9.14532,47.37301],[9.14507,47.37217],[9.14395,47.37174],[9.14305,47.37029],[9.14243,47.37],[9.14029,47.36964],[9.13961,47.36916]]}},{"type":"Feature","properties":{"id":"aachbach-sg","c":"SG","p":"pacht","q":"derived","k":"river"},"geometry":{"type":"LineString","coordinates":[[9.19134,47.36248],[9.19071,47.36265],[9.19039,47.36341],[9.18978,47.36396],[9.18889,47.36448],[9.18766,47.36476],[9.18597,47.36397],[9.18608,47.36299],[9.18532,47.36184],[9.18343,47.36128],[9.18203,47.36154],[9.18079,47.36076],[9.17998,47.36112],[9.17962,47.36087],[9.17849,47.36057],[9.1782,47.36084],[9.17757,47.36073],[9.1767,47.36088],[9.17645,47.3612],[9.17585,47.36129],[9.17535,47.36182],[9.17494,47.36152],[9.17354,47.36161],[9.17293,47.36144],[9.17223,47.36227],[9.17155,47.36217],[9.17069,47.36234],[9.16984,47.36219],[9.16907,47.36242],[9.16888,47.36217],[9.16829,47.36199],[9.16782,47.36229],[9.16698,47.3617],[9.16451,47.3613],[9.16372,47.36157],[9.16279,47.36146],[9.16083,47.36174],[9.1611,47.36233],[9.15912,47.36366],[9.15865,47.36348],[9.15889,47.36293],[9.15869,47.36258],[9.15576,47.36031],[9.15256,47.36132],[9.15222,47.36196],[9.15121,47.36222],[9.15082,47.36252],[9.15123,47.36363],[9.1504,47.36393],[9.14994,47.3638],[9.14908,47.36401],[9.14896,47.36425],[9.14923,47.36468],[9.1487,47.36493],[9.14788,47.36495],[9.14651,47.36602],[9.14607,47.36603],[9.14576,47.36519],[9.14493,47.36504],[9.1419,47.36704],[9.14098,47.36709],[9.14023,47.36739],[9.1396,47.36834],[9.13973,47.3696],[9.13872,47.3699],[9.13853,47.37046],[9.13758,47.36921],[9.13456,47.3677],[9.13027,47.36797],[9.13001,47.36762],[9.12925,47.36728],[9.12869,47.3665],[9.12858,47.36578],[9.1282,47.36553],[9.12664,47.36568],[9.12527,47.3652],[9.12423,47.36537],[9.12369,47.36497],[9.12266,47.36486],[9.1205,47.36516]]}},{"type":"Feature","properties":{"id":"chrebsbach-sg","c":"SG","p":"pacht","q":"derived","k":"river"},"geometry":{"type":"LineString","coordinates":[[9.06199,47.47305],[9.05917,47.4714],[9.05724,47.46957],[9.05376,47.46973],[9.0493,47.46968],[9.04841,47.46922],[9.04664,47.46764],[9.04511,47.46244],[9.04497,47.46096],[9.0456,47.46009],[9.04567,47.4585],[9.04416,47.4537]]}},{"type":"Feature","properties":{"id":"widenbach-sg","c":"SG","p":"pacht","q":"derived","k":"river"},"geometry":{"type":"MultiLineString","coordinates":[[[9.49989,47.35816],[9.50088,47.35805],[9.50217,47.35825],[9.50408,47.3593],[9.50516,47.3592],[9.50803,47.35782],[9.50933,47.35767],[9.51063,47.35787],[9.51386,47.35771],[9.51554,47.35826],[9.51659,47.35891],[9.51782,47.35898],[9.52087,47.35991],[9.52154,47.36048],[9.52257,47.36023],[9.52599,47.36127],[9.52658,47.36175],[9.52761,47.36204],[9.53114,47.36261],[9.53775,47.36172]],[[9.53895,47.36159],[9.5516,47.3591]]]}},{"type":"Feature","properties":{"id":"tuefentobelbach-sg","c":"SG","p":"pacht","q":"derived","k":"river"},"geometry":{"type":"LineString","coordinates":[[9.32672,47.4535],[9.32835,47.45221],[9.32898,47.45135],[9.33027,47.4493],[9.33023,47.44823],[9.33174,47.44642],[9.33201,47.44536],[9.33289,47.44495],[9.3336,47.44426],[9.33529,47.44366],[9.33593,47.44297],[9.33653,47.44176],[9.33699,47.44185],[9.33754,47.44156],[9.33897,47.4417],[9.34037,47.44095],[9.34058,47.43986],[9.34027,47.43942],[9.3409,47.43903],[9.34133,47.43794],[9.34211,47.43745],[9.34309,47.43616],[9.3429,47.43433],[9.34251,47.43346],[9.34359,47.43184],[9.34509,47.43097],[9.34394,47.43066],[9.34367,47.43043],[9.34271,47.43028],[9.34124,47.42882],[9.34139,47.42808],[9.34203,47.42753],[9.34107,47.42709],[9.34154,47.4258],[9.3433,47.42547]]}},{"type":"Feature","properties":{"id":"risibach-sg","c":"SG","p":"pacht","q":"derived","k":"river"},"geometry":{"type":"LineString","coordinates":[[9.15394,47.21501],[9.15754,47.21493],[9.158,47.21573],[9.15934,47.21577],[9.16047,47.2161],[9.16064,47.21697],[9.16003,47.21742],[9.1599,47.21834],[9.15945,47.21931],[9.1592,47.21941],[9.15939,47.21955],[9.15909,47.22],[9.15974,47.22065],[9.15968,47.22172],[9.16011,47.2232],[9.16063,47.22354],[9.16092,47.22404],[9.16245,47.22511],[9.16258,47.22545],[9.16372,47.22583],[9.16408,47.22644],[9.16398,47.22678],[9.16454,47.22718],[9.1654,47.22743],[9.16724,47.22755],[9.16825,47.22804],[9.16919,47.22895],[9.171,47.22979],[9.17151,47.23037],[9.1742,47.23058],[9.17584,47.23107],[9.17693,47.23096],[9.17812,47.23147],[9.17885,47.23152],[9.17997,47.23228],[9.17991,47.23258],[9.18044,47.23305],[9.18137,47.23324],[9.18156,47.23345],[9.18236,47.23358],[9.18283,47.23332],[9.18353,47.23335],[9.18459,47.23272],[9.18455,47.23245],[9.18507,47.23239]]}},{"type":"Feature","properties":{"id":"schwendibach-sg","c":"SG","p":"pacht","q":"derived","k":"river"},"geometry":{"type":"LineString","coordinates":[[9.15425,47.28157],[9.15483,47.28128],[9.15562,47.28125],[9.15712,47.28075],[9.1599,47.2818],[9.16151,47.28198],[9.16243,47.28071],[9.16269,47.28071],[9.16261,47.2805],[9.16445,47.28108],[9.165,47.28106],[9.16533,47.28132],[9.16524,47.28174],[9.16465,47.28208],[9.16503,47.28249],[9.16472,47.28279],[9.16584,47.2831],[9.16563,47.28374],[9.1667,47.28415],[9.1668,47.2844],[9.16653,47.28507],[9.16531,47.28573],[9.16498,47.28645],[9.16559,47.28713],[9.16703,47.28761],[9.16741,47.28816],[9.16734,47.28872],[9.16776,47.28956],[9.16769,47.29051],[9.16683,47.29095],[9.16652,47.29178],[9.16792,47.29257],[9.1679,47.29293],[9.16906,47.29306],[9.16993,47.2942],[9.16998,47.29492],[9.17015,47.29504],[9.17057,47.29495],[9.17091,47.29533],[9.17077,47.29561],[9.17148,47.2971],[9.1711,47.29781],[9.17115,47.29855],[9.17005,47.30015],[9.16969,47.30126],[9.1681,47.30255],[9.16776,47.30328],[9.16559,47.30488],[9.16478,47.30601],[9.16474,47.30651],[9.16425,47.30687],[9.16423,47.30726],[9.16315,47.30789],[9.16221,47.30905],[9.16166,47.30872],[9.1611,47.30887],[9.15974,47.30868],[9.15981,47.3097],[9.15939,47.31025],[9.16069,47.31059],[9.16053,47.3111],[9.15913,47.31202],[9.1594,47.31255],[9.15871,47.31282],[9.15775,47.31425],[9.15713,47.31468],[9.15728,47.31515],[9.1571,47.31568],[9.15523,47.31659],[9.15519,47.317],[9.15463,47.31723],[9.15376,47.31849],[9.15428,47.31915],[9.1528,47.31972],[9.1531,47.32069],[9.15195,47.32076],[9.15195,47.32101],[9.15254,47.32141],[9.15224,47.32191],[9.15255,47.32239],[9.15183,47.32247],[9.1516,47.32272],[9.15257,47.32305],[9.15184,47.32372],[9.15251,47.32417],[9.15257,47.32454],[9.15305,47.32484],[9.15297,47.32534],[9.15361,47.32582]]}},{"type":"Feature","properties":{"id":"aubach-sg-2","c":"SG","p":"pacht","q":"derived","k":"river"},"geometry":{"type":"LineString","coordinates":[[9.04845,47.20879],[9.04584,47.20736],[9.04433,47.2072],[9.04397,47.20676],[9.04239,47.2058],[9.04206,47.20516],[9.04122,47.20446],[9.04094,47.20377],[9.03891,47.20216],[9.03838,47.20221],[9.03773,47.20159],[9.03728,47.20144],[9.03723,47.2011],[9.03803,47.20017],[9.03812,47.19884],[9.03749,47.19883],[9.03676,47.19841],[9.0367,47.1978],[9.03573,47.19677],[9.03458,47.19429],[9.03229,47.19133],[9.02405,47.18293],[9.01628,47.17349],[9.01601,47.17329],[9.01384,47.17281],[9.01163,47.17299],[9.00872,47.17241]]}},{"type":"Feature","properties":{"id":"wagnerbach-sg","c":"SG","p":"pacht","q":"derived","k":"river"},"geometry":{"type":"MultiLineString","coordinates":[[[8.92763,47.24432],[8.92715,47.24413],[8.92594,47.24406],[8.92498,47.2447],[8.92387,47.24459],[8.92327,47.24367],[8.92267,47.24337],[8.92096,47.24324],[8.92026,47.2428],[8.92092,47.24157],[8.92181,47.24124],[8.92258,47.2399],[8.92451,47.23877],[8.9251,47.23777],[8.9264,47.23647],[8.92696,47.2363],[8.92695,47.23583],[8.92657,47.23531],[8.92713,47.23461],[8.92685,47.23442],[8.92702,47.23405],[8.92551,47.23343],[8.92446,47.23364],[8.92407,47.23353],[8.92306,47.23364],[8.92058,47.23318],[8.91928,47.23239],[8.91962,47.23178],[8.91866,47.23162],[8.91665,47.23186],[8.91568,47.23247],[8.91446,47.23248],[8.9128,47.2321],[8.91181,47.23211],[8.91065,47.23176],[8.90955,47.23113],[8.90916,47.23109],[8.9089,47.23127],[8.90837,47.23103],[8.90512,47.23098],[8.90208,47.23032],[8.90127,47.23036],[8.89847,47.22977],[8.89815,47.22934],[8.89746,47.2291],[8.89625,47.22898],[8.89295,47.22817],[8.8918,47.22812],[8.89114,47.22854],[8.8906,47.22853],[8.88919,47.22934],[8.88828,47.22922],[8.8872,47.22948],[8.88589,47.22946],[8.88381,47.22935],[8.88241,47.22896],[8.87606,47.22881],[8.87358,47.2274],[8.87221,47.22695],[8.87068,47.22694],[8.86963,47.22668],[8.86768,47.22655],[8.86484,47.22711],[8.86381,47.22685],[8.86307,47.22698],[8.86165,47.22665],[8.85991,47.2266],[8.85965,47.22531],[8.86098,47.22239],[8.8609,47.22198]],[[8.93296,47.24525],[8.93076,47.24499],[8.93001,47.24465],[8.92859,47.24465]]]}},{"type":"Feature","properties":{"id":"gonzenbach-sg","c":"SG","p":"pacht","q":"derived","k":"river"},"geometry":{"type":"LineString","coordinates":[[8.98161,47.32912],[8.98276,47.3308],[8.98343,47.33109],[8.98341,47.3321],[8.98425,47.33275],[8.98562,47.33307],[8.98611,47.33336],[8.98649,47.3342],[8.98715,47.33458],[8.98821,47.33572],[8.9899,47.33668],[8.9915,47.33806],[8.99245,47.33924],[8.9941,47.34055],[8.99486,47.34154],[8.99769,47.34334],[8.99871,47.34429],[8.99968,47.34604],[8.99959,47.34653],[8.99904,47.34704],[8.99922,47.3474],[8.99985,47.34811],[9.00058,47.34814],[9.00157,47.34857],[9.0014,47.34934],[9.00223,47.35017],[9.00232,47.35059],[9.00187,47.35078],[9.00206,47.35116],[9.00171,47.3515],[9.00164,47.3521],[9.00172,47.35258],[9.00235,47.35345],[9.00218,47.35397],[9.00297,47.3545],[9.0051,47.35504],[9.00631,47.35554],[9.00696,47.35613],[9.00744,47.35609],[9.00782,47.35628],[9.00758,47.35733],[9.00768,47.35812],[9.00922,47.35961],[9.00907,47.36018],[9.00936,47.36079],[9.00927,47.36116],[9.01018,47.36162],[9.00987,47.36232],[9.01078,47.36287],[9.0103,47.36365],[9.01071,47.36431],[9.01039,47.36477],[9.01084,47.36589],[9.01213,47.36634],[9.01229,47.36724],[9.01324,47.36769],[9.01346,47.3686],[9.01396,47.36901],[9.01321,47.36928],[9.01321,47.36946],[9.01433,47.37041],[9.01569,47.3706],[9.01566,47.37127],[9.01726,47.37185],[9.01753,47.37233],[9.01814,47.37269],[9.01823,47.37423],[9.01869,47.37469],[9.0195,47.37495],[9.01881,47.37587],[9.01937,47.376],[9.02033,47.37565],[9.02117,47.37657],[9.02163,47.37669],[9.02263,47.37627],[9.02447,47.37624],[9.0273,47.37679],[9.02767,47.37668],[9.02808,47.37622],[9.02906,47.37594],[9.03216,47.37544],[9.0327,47.37569],[9.03379,47.37532],[9.03434,47.37534],[9.0352,47.37614],[9.03675,47.3756],[9.03713,47.3748],[9.03791,47.37533],[9.03892,47.37543],[9.03978,47.37531],[9.0407,47.37575],[9.04141,47.37581],[9.0417,47.37629],[9.04285,47.3753],[9.04322,47.37526],[9.0433,47.37556],[9.04271,47.37628],[9.04468,47.37589],[9.04527,47.3764],[9.04517,47.37703],[9.04652,47.37733],[9.04635,47.37839],[9.04713,47.37844],[9.04739,47.37982],[9.04907,47.38046],[9.05016,47.38158],[9.05179,47.38128],[9.05221,47.38142],[9.0521,47.38191],[9.0534,47.38288],[9.05337,47.38315],[9.05249,47.38351],[9.05282,47.3846],[9.05385,47.38569],[9.05419,47.38642],[9.0552,47.38685],[9.05578,47.38767],[9.05667,47.38772],[9.0573,47.38795],[9.05761,47.38905],[9.05993,47.38936],[9.06094,47.38989],[9.06101,47.39057],[9.06143,47.39048],[9.06211,47.38995],[9.0631,47.3905],[9.0639,47.39055],[9.06542,47.39145],[9.06719,47.39152],[9.06776,47.39197],[9.06915,47.39216],[9.0711,47.39186],[9.07181,47.39272],[9.07326,47.39276]]}},{"type":"Feature","properties":{"id":"jona-sg","c":"SG","p":"pacht","q":"derived","k":"river"},"geometry":{"type":"MultiLineString","coordinates":[[[8.85999,47.24395],[8.85994,47.24369],[8.85834,47.24324],[8.85632,47.24147],[8.85332,47.24092],[8.84942,47.23968],[8.84703,47.23959],[8.84473,47.2407],[8.84344,47.2418],[8.84202,47.24211],[8.84096,47.24187],[8.83697,47.23948],[8.83497,47.23923],[8.83474,47.23885],[8.83449,47.23743],[8.83471,47.23691],[8.8351,47.23677],[8.83572,47.23703],[8.83687,47.23683],[8.83762,47.2362],[8.83646,47.23338],[8.83566,47.23235],[8.83559,47.23192],[8.83816,47.22819],[8.83896,47.2276],[8.84686,47.22368],[8.84775,47.22264],[8.84784,47.22032],[8.84627,47.21884],[8.84479,47.21683]],[[8.85283,47.24924],[8.85292,47.24802],[8.85264,47.24666],[8.85319,47.24659],[8.85433,47.24605],[8.8542,47.24537],[8.85471,47.24514],[8.85529,47.24437],[8.85696,47.24497]]]}},{"type":"Feature","properties":{"id":"lattenbach-sg","c":"SG","p":"pacht","q":"derived","k":"river"},"geometry":{"type":"MultiLineString","coordinates":[[[8.93416,47.26004],[8.93456,47.25919],[8.9352,47.25898],[8.93559,47.2584],[8.93508,47.25805],[8.93352,47.25757],[8.93289,47.25755],[8.93252,47.25732],[8.93163,47.25731],[8.93035,47.25688],[8.92997,47.25702],[8.92847,47.25647],[8.92757,47.2564],[8.92677,47.25665],[8.92619,47.25629],[8.92582,47.25647],[8.92557,47.25626],[8.92274,47.25537],[8.92191,47.25562],[8.92187,47.25518],[8.92153,47.25503],[8.92103,47.25496],[8.92082,47.25537],[8.9205,47.2554],[8.92034,47.25481],[8.91945,47.25459],[8.91932,47.25474],[8.91961,47.25504],[8.91651,47.25425],[8.91574,47.25433],[8.91329,47.25346],[8.91261,47.25343],[8.91106,47.25275],[8.91082,47.25248],[8.90363,47.25079],[8.90189,47.24986],[8.90025,47.24936],[8.89898,47.24929],[8.89717,47.2487],[8.89324,47.24796],[8.89288,47.24766],[8.89124,47.24744],[8.88786,47.24655],[8.88559,47.24615],[8.88387,47.24649],[8.88317,47.24636],[8.88216,47.24648],[8.88092,47.24568],[8.88042,47.24563],[8.88049,47.24529],[8.87947,47.24468],[8.87953,47.24415],[8.8786,47.24421],[8.87698,47.2437],[8.87665,47.24378],[8.87666,47.24416],[8.87433,47.24336],[8.87426,47.24239],[8.87539,47.24141],[8.87552,47.24095],[8.87263,47.24017],[8.87183,47.24013],[8.8709,47.24059],[8.86958,47.24089],[8.86879,47.24065],[8.8677,47.24076],[8.86724,47.24029],[8.86684,47.24022],[8.8647,47.24018],[8.86426,47.2405],[8.86336,47.24026],[8.86318,47.23974],[8.86262,47.23972],[8.86176,47.23913],[8.86083,47.23918],[8.86038,47.23941],[8.85968,47.23912],[8.85926,47.23929],[8.85814,47.23914],[8.85753,47.23844],[8.85666,47.23853],[8.8553,47.23776],[8.85284,47.23733],[8.85202,47.23686],[8.8484,47.23674],[8.84796,47.2366],[8.84769,47.23679],[8.84777,47.23748],[8.84686,47.23736],[8.84663,47.2369],[8.84368,47.23667],[8.84319,47.23628],[8.84226,47.23595],[8.8414,47.23642],[8.83756,47.2359]],[[8.94703,47.27492],[8.94608,47.27444],[8.94509,47.27423],[8.9442,47.27356]],[[8.95143,47.28338],[8.94978,47.28242],[8.94813,47.28036],[8.94823,47.27982],[8.94777,47.27903],[8.94799,47.27784],[8.9475,47.27566]]]}},{"type":"Feature","properties":{"id":"trueebbach-sg","c":"SG","p":"pacht","q":"derived","k":"river"},"geometry":{"type":"LineString","coordinates":[[9.42928,47.08661],[9.43028,47.08653],[9.43207,47.08693],[9.43267,47.08689],[9.43356,47.08671],[9.43417,47.08629],[9.437,47.08609],[9.44464,47.08487],[9.44623,47.08511],[9.44676,47.08504],[9.44769,47.08533],[9.44899,47.08512],[9.45324,47.08368],[9.45467,47.08259],[9.45577,47.08222],[9.45789,47.08241],[9.46175,47.08243],[9.46292,47.0817],[9.46367,47.08147],[9.46424,47.08083],[9.46499,47.08052],[9.46568,47.07964],[9.46595,47.07849],[9.46725,47.07739],[9.46755,47.07642],[9.46841,47.07594],[9.46869,47.07516],[9.46982,47.0752],[9.47053,47.0747],[9.47165,47.07502],[9.47251,47.07455],[9.47367,47.07249],[9.47488,47.07178],[9.47547,47.07087],[9.47818,47.06825]]}},{"type":"Feature","properties":{"id":"cholschlagerbach-sg","c":"SG","p":"pacht","q":"derived","k":"river"},"geometry":{"type":"MultiLineString","coordinates":[[[9.30094,47.01268],[9.30201,47.01329],[9.30195,47.01383],[9.30136,47.01451],[9.30132,47.01632],[9.30414,47.0183],[9.30477,47.02009],[9.30583,47.02158],[9.30698,47.02146],[9.30747,47.02174],[9.30838,47.02181],[9.31063,47.02411],[9.31184,47.02464],[9.31479,47.02503],[9.31572,47.02548],[9.31719,47.02678],[9.31731,47.02826],[9.31712,47.02866],[9.31747,47.02912],[9.31742,47.02949],[9.31932,47.03145],[9.31924,47.0318],[9.31983,47.0323],[9.32185,47.0331],[9.32297,47.03422],[9.325,47.03446],[9.32658,47.03525],[9.32809,47.03564],[9.32987,47.03665],[9.33283,47.03719],[9.33384,47.03787],[9.33503,47.03792],[9.33684,47.03832],[9.33901,47.03922],[9.33974,47.03932],[9.33984,47.0396],[9.34209,47.04053]],[[9.34236,47.04076],[9.34316,47.04123],[9.34427,47.04146],[9.34451,47.04184],[9.34554,47.04217],[9.34683,47.0436],[9.34894,47.04469],[9.34953,47.04471],[9.34962,47.04498],[9.35002,47.04492],[9.35036,47.04517],[9.35147,47.04524],[9.35168,47.04543],[9.35155,47.04621],[9.35275,47.04713],[9.35446,47.04737],[9.35626,47.04816],[9.35734,47.04814],[9.35811,47.04856],[9.36107,47.04945],[9.36223,47.04958],[9.36344,47.04949],[9.36766,47.05041],[9.36846,47.05087],[9.36962,47.05194],[9.37161,47.05317],[9.37181,47.05423],[9.37298,47.05507],[9.37261,47.05542],[9.37252,47.05602],[9.37195,47.0562],[9.37081,47.05739],[9.37021,47.05856],[9.3709,47.0586],[9.37135,47.05886],[9.37197,47.05879],[9.37267,47.05896],[9.37384,47.05883],[9.37492,47.0584],[9.37584,47.05839],[9.37659,47.05862],[9.37726,47.05848],[9.37979,47.0597],[9.3805,47.05987],[9.38065,47.06052],[9.38108,47.06086],[9.38537,47.06042],[9.38734,47.06121],[9.3876,47.06144],[9.38758,47.0618],[9.38878,47.06241],[9.3896,47.06225],[9.3901,47.06248],[9.39035,47.06317]]]}},{"type":"Feature","properties":{"id":"stadtbach-sg","c":"SG","p":"pacht","q":"derived","k":"river"},"geometry":{"type":"MultiLineString","coordinates":[[[9.50318,47.37898],[9.50457,47.37934],[9.50506,47.3791],[9.50555,47.37922],[9.5068,47.3801],[9.50681,47.3804],[9.5072,47.38072],[9.50694,47.38139],[9.50715,47.38174],[9.50876,47.38225],[9.51077,47.38237],[9.51324,47.38177],[9.51479,47.38189],[9.51527,47.38143],[9.51838,47.38152],[9.51945,47.3813],[9.52011,47.38168],[9.52226,47.38186],[9.5233,47.38177],[9.52367,47.38202],[9.5249,47.3821],[9.52624,47.3818],[9.52723,47.38127],[9.52787,47.38125],[9.52846,47.38091],[9.53142,47.38067],[9.53317,47.38021],[9.53456,47.38031],[9.53588,47.37992],[9.53614,47.37966],[9.53613,47.37917],[9.53764,47.37768],[9.53808,47.37752],[9.53817,47.37706],[9.53855,47.37679],[9.5406,47.37671],[9.54136,47.37713],[9.54245,47.37713],[9.54302,47.37678],[9.54338,47.37613],[9.54417,47.37576],[9.54534,47.37553],[9.54708,47.37612],[9.54937,47.37615],[9.55016,47.37597],[9.55159,47.37509],[9.55228,47.37412],[9.55218,47.3734],[9.55396,47.37275],[9.55493,47.37271],[9.55548,47.3729],[9.55637,47.3726],[9.55846,47.37093],[9.56022,47.36917],[9.56175,47.36847]],[[9.56279,47.36812],[9.56406,47.36723]]]}},{"type":"Feature","properties":{"id":"rufibach-sg","c":"SG","p":"pacht","q":"derived","k":"river"},"geometry":{"type":"MultiLineString","coordinates":[[[9.04594,47.17572],[9.04386,47.17473],[9.0413,47.17429],[9.03816,47.17559],[9.03547,47.17706],[9.02943,47.17891],[9.01601,47.17329]],[[9.07057,47.18117],[9.06793,47.1809],[9.06729,47.1811],[9.0667,47.18143],[9.06659,47.18229],[9.06566,47.18288],[9.06499,47.18304],[9.06418,47.18288],[9.06338,47.18318],[9.06275,47.18313],[9.06206,47.18265],[9.06168,47.18262],[9.06004,47.18326],[9.05789,47.18339],[9.05721,47.18312],[9.05618,47.18327],[9.05407,47.1829],[9.05181,47.18196],[9.05146,47.1813],[9.05073,47.18084],[9.0508,47.18011],[9.04685,47.17634]]]}},{"type":"Feature","properties":{"id":"rickenbach-sg","c":"SG","p":"pacht","q":"derived","k":"river"},"geometry":{"type":"LineString","coordinates":[[9.04067,47.27207],[9.04057,47.27103],[9.03996,47.27071],[9.04018,47.27032],[9.03955,47.2696],[9.03981,47.26931],[9.04049,47.26946],[9.04048,47.26874],[9.04114,47.26864],[9.04091,47.26826],[9.04133,47.26816],[9.04143,47.26756],[9.04201,47.26708],[9.04186,47.26659],[9.04251,47.26617],[9.04263,47.26579],[9.04312,47.26558],[9.04366,47.26563],[9.04397,47.26536],[9.04491,47.26528],[9.04475,47.26471],[9.04516,47.26427],[9.04498,47.26396],[9.04546,47.2637],[9.04592,47.26308],[9.0468,47.26294],[9.04695,47.26328],[9.0473,47.26339],[9.04802,47.26306],[9.04844,47.2632],[9.04925,47.26316],[9.04962,47.26339],[9.04997,47.26406],[9.05006,47.26513],[9.05086,47.26594],[9.05092,47.26669],[9.05175,47.26671],[9.05387,47.2673],[9.05612,47.26761],[9.0568,47.2683],[9.0568,47.26892],[9.05748,47.26955],[9.0575,47.26991],[9.05999,47.27047],[9.06105,47.27099],[9.06148,47.27156],[9.06474,47.27369],[9.06572,47.27366],[9.06638,47.27409],[9.06735,47.27409],[9.06849,47.27489],[9.06939,47.27493],[9.06998,47.27528],[9.07068,47.27535],[9.07102,47.27607],[9.07169,47.2764],[9.07162,47.27684],[9.07195,47.27699],[9.07214,47.27742],[9.07315,47.27772],[9.07523,47.279],[9.07608,47.28016],[9.07749,47.28055],[9.07865,47.28049],[9.0795,47.28113],[9.08053,47.28097],[9.08351,47.28196],[9.08421,47.28187],[9.08443,47.28215],[9.08418,47.28316],[9.08601,47.28317],[9.08663,47.28429],[9.08918,47.28524],[9.08952,47.28601],[9.09087,47.28608],[9.09338,47.28571],[9.0935,47.28609],[9.09291,47.28689],[9.09288,47.28729],[9.09419,47.28795],[9.09477,47.28856],[9.0956,47.28956],[9.09548,47.29038]]}},{"type":"Feature","properties":{"id":"ernetschwilerbach-sg","c":"SG","p":"pacht","q":"derived","k":"river"},"geometry":{"type":"LineString","coordinates":[[9.0659,47.25016],[9.06384,47.24984],[9.05945,47.24862],[9.05613,47.24887],[9.05483,47.24847],[9.05448,47.24853],[9.05214,47.24772],[9.05096,47.24773],[9.04979,47.24729],[9.04898,47.24734],[9.0458,47.24694],[9.04387,47.24648],[9.04282,47.24595],[9.04261,47.24555],[9.04093,47.24476],[9.03686,47.24413],[9.03507,47.2433],[9.03395,47.24316],[9.03301,47.24265],[9.03192,47.24263],[9.03092,47.24231],[9.0298,47.24164],[9.029,47.24144],[9.0284,47.24097],[9.02769,47.24086],[9.02748,47.24065],[9.02583,47.24015],[9.02512,47.24003],[9.02388,47.24017],[9.02358,47.24053],[9.0229,47.24081],[9.02097,47.24007],[9.02057,47.24016],[9.01954,47.23985],[9.01915,47.23927],[9.01841,47.239],[9.01839,47.23869],[9.01757,47.23848],[9.01718,47.2378],[9.01546,47.23776],[9.01405,47.23733],[9.01364,47.23692],[9.01362,47.23656],[9.01305,47.23667],[9.01275,47.23619],[9.01216,47.23587],[9.01231,47.23528],[9.01156,47.23541],[9.01102,47.23487],[9.00952,47.23443],[9.00867,47.23475],[9.008,47.23435],[9.00759,47.23475],[9.00724,47.23439],[9.00673,47.23441],[9.00663,47.23417],[9.00582,47.23433],[9.00517,47.23394],[9.00473,47.23414],[9.0045,47.23393],[9.00413,47.23409],[9.00367,47.2339],[9.00311,47.23396],[9.00245,47.23355],[9.00251,47.23333],[9.00182,47.23341],[9.00188,47.23306],[9.00106,47.23251],[9.00024,47.23313],[8.99866,47.23321],[8.99811,47.23389],[8.99693,47.23425],[8.99572,47.23322],[8.99275,47.23245],[8.99226,47.23189],[8.99148,47.23185],[8.99086,47.23149],[8.9904,47.23164],[8.98975,47.23111],[8.98801,47.23134],[8.98725,47.23104],[8.98732,47.23062],[8.98683,47.23039],[8.98613,47.23058],[8.98463,47.23038],[8.98435,47.23053],[8.98462,47.23093],[8.98393,47.23125],[8.98015,47.23142],[8.97892,47.23118],[8.97857,47.23093],[8.97824,47.2314],[8.97767,47.23069],[8.97712,47.23064],[8.97569,47.22974],[8.97024,47.2197],[8.96925,47.21852]]}},{"type":"Feature","properties":{"id":"ranzach-sg","c":"SG","p":"pacht","q":"derived","k":"river"},"geometry":{"type":"LineString","coordinates":[[9.01598,47.27869],[9.01762,47.27549],[9.01732,47.27491],[9.01754,47.27425],[9.01804,47.27393],[9.0192,47.27243],[9.019,47.27028],[9.01796,47.26992],[9.01656,47.26975],[9.01579,47.2693],[9.01544,47.26933],[9.01421,47.26801],[9.01367,47.26791],[9.01349,47.26761],[9.01227,47.2669],[9.0123,47.26644],[9.01125,47.26604],[9.00988,47.26511],[9.00929,47.26542],[9.00845,47.26481],[9.00789,47.26348],[9.00735,47.26328],[9.00741,47.26298],[9.00434,47.26145],[9.00388,47.26084],[9.00322,47.26056],[9.00341,47.26006],[9.00288,47.25954],[9.001,47.25907],[9.00073,47.25859],[8.99977,47.25812],[8.99879,47.25794],[8.99859,47.25758],[8.99668,47.2571],[8.99633,47.25685],[8.99615,47.25617],[8.99493,47.25546],[8.99244,47.25476],[8.99269,47.25313],[8.99209,47.25218],[8.9925,47.25084],[8.99309,47.25023],[8.99248,47.24943],[8.99251,47.24877],[8.99099,47.24827],[8.9904,47.24727],[8.98964,47.24712],[8.9889,47.24648],[8.98751,47.24607],[8.9869,47.24566],[8.98559,47.24562],[8.9838,47.24514],[8.98342,47.24484],[8.98345,47.24402],[8.98244,47.24363],[8.98147,47.24282],[8.98049,47.24107],[8.97662,47.24018],[8.97638,47.23996],[8.97513,47.23973],[8.97431,47.23931],[8.9728,47.23943],[8.97169,47.23908],[8.97061,47.23928],[8.96726,47.23833],[8.96262,47.23748],[8.96144,47.23591]]}},{"type":"Feature","properties":{"id":"goldingerbach-sg","c":"SG","p":"pacht","q":"derived","k":"river"},"geometry":{"type":"MultiLineString","coordinates":[[[8.95063,47.24669],[8.95126,47.2462],[8.953,47.2456],[8.95357,47.24435],[8.95302,47.24408],[8.95181,47.24401],[8.9494,47.24335],[8.94863,47.24267],[8.94865,47.24225],[8.95062,47.24172],[8.95098,47.24128],[8.95108,47.24068],[8.95148,47.24052],[8.9527,47.2403],[8.95405,47.24067],[8.9551,47.24042],[8.95621,47.24067],[8.95716,47.24062],[8.95688,47.23965],[8.95756,47.23921],[8.95711,47.23809],[8.95723,47.23784],[8.959,47.2376],[8.9594,47.23584],[8.96017,47.23565],[8.96144,47.23591]],[[9.01996,47.29738],[9.01769,47.29501],[9.01636,47.2947],[9.01613,47.29442],[9.01619,47.29386],[9.01598,47.29375],[9.01612,47.2933],[9.01533,47.2929],[9.01524,47.29231],[9.014,47.2922],[9.01267,47.29123],[9.01153,47.29067],[9.01041,47.2906],[9.00913,47.29091],[9.00804,47.29066],[9.00594,47.29068],[9.00493,47.2909],[9.00374,47.29042],[9.00239,47.29053],[9.00153,47.29007],[9.0005,47.28975],[9.00023,47.28984],[8.99972,47.28949],[8.99905,47.28944],[8.9988,47.28912],[8.99821,47.28893],[8.99817,47.28826],[8.99743,47.28774],[8.99715,47.28712],[8.99494,47.28541],[8.99445,47.28534],[8.99342,47.28432],[8.99243,47.28408],[8.99093,47.28417],[8.98981,47.28379],[8.98884,47.28381],[8.98733,47.28312],[8.98621,47.28321],[8.98533,47.28287],[8.98465,47.28297],[8.98436,47.28245],[8.98333,47.28161],[8.98325,47.28045],[8.98255,47.28023],[8.98212,47.27933],[8.98215,47.27909],[8.98305,47.27866],[8.98295,47.27822],[8.9823,47.27754],[8.98145,47.27731],[8.98148,47.27667],[8.98063,47.27638],[8.98036,47.27588],[8.9794,47.27519],[8.97942,47.27484],[8.97896,47.2745],[8.97821,47.27441],[8.97773,47.27377],[8.97657,47.27341],[8.9762,47.27217],[8.97519,47.2706],[8.9745,47.27016],[8.97407,47.26921],[8.97298,47.26862],[8.97253,47.26793],[8.97311,47.26742],[8.97195,47.26646],[8.97149,47.26574],[8.97133,47.26444],[8.97169,47.26396],[8.9708,47.26297],[8.97134,47.2622],[8.97069,47.26122],[8.97124,47.26047],[8.97097,47.25955],[8.97273,47.25832],[8.97146,47.25801],[8.97139,47.25763],[8.97309,47.25741],[8.97307,47.25685],[8.9734,47.25623],[8.97283,47.25546],[8.97279,47.25468],[8.97152,47.25414],[8.97192,47.25329],[8.97226,47.25304],[8.97219,47.25249],[8.97026,47.25174],[8.96771,47.25125],[8.96692,47.25057],[8.96714,47.25034],[8.96699,47.25003],[8.96592,47.24953],[8.96549,47.24955],[8.96216,47.2487],[8.96163,47.24869],[8.96061,47.24919],[8.95998,47.24923],[8.95916,47.25016],[8.95846,47.25051],[8.95551,47.24976],[8.95473,47.25016],[8.95431,47.24973],[8.9531,47.2496],[8.95152,47.24911],[8.95109,47.2484],[8.95098,47.24748]]]}},{"type":"Feature","properties":{"id":"dietfurterbach-sg","c":"SG","p":"pacht","q":"derived","k":"river"},"geometry":{"type":"LineString","coordinates":[[9.0171,47.30306],[9.01612,47.30436],[9.01458,47.30806],[9.01479,47.30828],[9.01458,47.30938],[9.01391,47.30973],[9.01287,47.31088],[9.01248,47.31216],[9.01195,47.31254],[9.01198,47.31288],[9.01259,47.31315],[9.01167,47.31457],[9.01207,47.31519],[9.01218,47.31599],[9.01281,47.31669],[9.01374,47.31876],[9.0163,47.31987],[9.01725,47.32002],[9.01874,47.3211],[9.02009,47.32332],[9.02057,47.32356],[9.02191,47.32519],[9.02256,47.32664],[9.02464,47.32757],[9.02657,47.32811],[9.02759,47.32936],[9.02731,47.33028],[9.02787,47.33134],[9.0285,47.33149],[9.02882,47.33191],[9.02965,47.33209],[9.03379,47.33435],[9.03571,47.33508],[9.03859,47.33546],[9.03984,47.33599],[9.04102,47.33555],[9.04179,47.33566],[9.04254,47.33605],[9.04368,47.33608],[9.04523,47.33678],[9.04644,47.3376],[9.04821,47.33793],[9.04871,47.33852],[9.04969,47.33863],[9.05048,47.33835],[9.05281,47.33849],[9.05372,47.33833],[9.0555,47.33874],[9.05826,47.33867],[9.06164,47.33895],[9.06227,47.33875],[9.06331,47.33886],[9.06375,47.33912],[9.06527,47.34158],[9.06584,47.34184],[9.0671,47.34163],[9.0675,47.3418],[9.06797,47.343],[9.06896,47.3436],[9.06891,47.34391],[9.06819,47.34463],[9.06864,47.34505],[9.0702,47.34503],[9.0719,47.34442],[9.07463,47.34589],[9.0779,47.34557],[9.07995,47.34617],[9.08101,47.34616]]}},{"type":"Feature","properties":{"id":"rietholzbach-sg","c":"SG","p":"pacht","q":"derived","k":"river"},"geometry":{"type":"LineString","coordinates":[[8.98278,47.38154],[8.98394,47.38095],[8.98583,47.38081],[8.98669,47.38055],[8.98807,47.38079],[8.98947,47.38053],[8.98986,47.38013],[8.99139,47.37986],[8.99227,47.37988],[8.99268,47.38013],[8.99373,47.37959],[8.9947,47.37938],[8.99525,47.37954],[8.99562,47.37936],[8.99659,47.37949],[8.99896,47.37917],[9.00125,47.37953],[9.00185,47.37943],[9.00235,47.37972],[9.0036,47.37975],[9.00408,47.3794],[9.00583,47.37935],[9.00652,47.37886],[9.00725,47.37895],[9.00784,47.37856],[9.00845,47.37868],[9.00942,47.37752],[9.01099,47.37656],[9.01247,47.37606],[9.01418,47.37621],[9.01618,47.37612],[9.01637,47.37624],[9.01686,47.37588],[9.01828,47.37556],[9.01881,47.37587]]}},{"type":"Feature","properties":{"id":"murg-sg","c":"SG","p":"pacht","q":"derived","k":"river"},"geometry":{"type":"MultiLineString","coordinates":[[[8.96205,47.36687],[8.96303,47.36842],[8.96464,47.36983],[8.96537,47.37091],[8.96626,47.37141],[8.96693,47.37214],[8.96918,47.37261],[8.97204,47.37349],[8.97272,47.37348],[8.97396,47.37451],[8.97425,47.37503],[8.97392,47.37572],[8.97418,47.37652],[8.97379,47.37668],[8.97364,47.37699],[8.9738,47.37721],[8.97352,47.37734],[8.9737,47.37766],[8.97337,47.37822],[8.9734,47.3788],[8.97376,47.37896],[8.97382,47.37959],[8.9746,47.38075],[8.97454,47.38111],[8.97529,47.38184],[8.97524,47.38217],[8.97575,47.38295],[8.97552,47.38309],[8.97548,47.38381],[8.9743,47.38452],[8.97375,47.38463],[8.97248,47.38615],[8.97254,47.38711],[8.97205,47.38807],[8.97234,47.38849],[8.97175,47.38924],[8.9719,47.38988],[8.97149,47.39128]],[[8.97161,47.39159],[8.97168,47.39296],[8.97275,47.39456]],[[8.97437,47.40117],[8.97449,47.40145],[8.97392,47.40248],[8.97317,47.40272],[8.9731,47.40317],[8.97248,47.40358]]]}},{"type":"Feature","properties":{"id":"steinenbach-sg-2","c":"SG","p":"pacht","q":"derived","k":"river"},"geometry":{"type":"MultiLineString","coordinates":[[[9.01985,47.2025],[9.01756,47.20208],[9.01447,47.20199],[9.0127,47.20233],[9.01083,47.20309],[9.00305,47.21072],[8.98578,47.22314],[8.98524,47.22322],[8.98407,47.22298],[8.98209,47.22351],[8.97201,47.21809],[8.97143,47.21799]],[[9.04347,47.2102],[9.04315,47.20947],[9.04174,47.20888],[9.04052,47.20811],[9.03795,47.20718],[9.03587,47.20594],[9.03413,47.20536],[9.03081,47.20463],[9.02202,47.20366]],[[9.04412,47.21113],[9.04355,47.21081]],[[9.09767,47.2371],[9.09607,47.23662],[9.09475,47.23541],[9.09352,47.23495],[9.09247,47.23429],[9.09139,47.23332],[9.09103,47.23222],[9.08959,47.23149],[9.08891,47.23146],[9.08819,47.2311],[9.08797,47.23021],[9.08815,47.22997],[9.08731,47.22937],[9.08583,47.22916],[9.08476,47.22876],[9.08352,47.22798],[9.08244,47.22668],[9.08193,47.2266],[9.08124,47.22575],[9.07995,47.22523],[9.0791,47.22522],[9.07686,47.22376],[9.07599,47.22367],[9.07541,47.22293],[9.07487,47.22286],[9.07409,47.22305],[9.0738,47.22232],[9.07265,47.22267],[9.0715,47.22233],[9.07055,47.22237],[9.06963,47.2215],[9.0684,47.22114],[9.06759,47.22119],[9.06587,47.2219],[9.0642,47.22207],[9.0632,47.2217],[9.06254,47.22113],[9.06152,47.22066],[9.06101,47.22061],[9.06045,47.2208],[9.06009,47.22036],[9.0596,47.2202],[9.05679,47.22001],[9.05665,47.21954],[9.05686,47.21914],[9.05664,47.21883],[9.05428,47.21778],[9.05333,47.21675],[9.05249,47.21639],[9.04993,47.21361],[9.04858,47.21274],[9.04752,47.21263],[9.04699,47.21224],[9.04564,47.21207],[9.04501,47.21171]]]}},{"type":"Feature","properties":{"id":"alpbach-sg","c":"SG","p":"pacht","q":"derived","k":"river"},"geometry":{"type":"MultiLineString","coordinates":[[[9.02541,47.40556],[9.0255,47.40645],[9.02522,47.40685],[9.02547,47.40756],[9.02798,47.41049]],[[9.02831,47.41093],[9.0283,47.41141],[9.02931,47.41165],[9.03141,47.41279],[9.03214,47.41299],[9.03248,47.41337],[9.03247,47.41383],[9.03308,47.41411],[9.03322,47.4144],[9.03355,47.41436],[9.03406,47.41463],[9.03437,47.41576],[9.03502,47.41594],[9.03492,47.41623],[9.03543,47.41752],[9.03522,47.418],[9.03622,47.41828],[9.03603,47.41877],[9.03628,47.419],[9.03643,47.41884],[9.03664,47.41894],[9.03649,47.4196],[9.03718,47.42003],[9.03698,47.42055],[9.03738,47.42179],[9.03715,47.42191],[9.03729,47.42213],[9.03707,47.42281],[9.03731,47.42352],[9.03643,47.42406],[9.03603,47.4247],[9.03508,47.42516],[9.03536,47.42582],[9.03507,47.42637],[9.03533,47.42689],[9.03567,47.42693],[9.0354,47.42731],[9.03567,47.42801],[9.03612,47.42784],[9.03638,47.42822],[9.03732,47.42848],[9.03701,47.42874],[9.03769,47.42897],[9.03835,47.42959],[9.03932,47.43004],[9.0404,47.43032],[9.04097,47.43009],[9.0421,47.43057],[9.0429,47.43059],[9.04292,47.43105],[9.0439,47.43182],[9.04398,47.43245],[9.04316,47.43293],[9.04335,47.43316],[9.04319,47.43387],[9.04354,47.43385],[9.04342,47.43406],[9.04386,47.43415],[9.04388,47.4343],[9.04321,47.43449],[9.04289,47.43636],[9.0409,47.43743],[9.04067,47.43772],[9.04028,47.43756],[9.03924,47.43774],[9.03814,47.43823],[9.03797,47.43862],[9.03714,47.43912],[9.03658,47.43975]],[[9.05434,47.44932],[9.05512,47.4496],[9.05604,47.44947],[9.05726,47.45051],[9.05923,47.45036],[9.06444,47.45187],[9.0651,47.45172],[9.06617,47.45085],[9.06693,47.45053]]]}},{"type":"Feature","properties":{"id":"aeaecheli-sg","c":"SG","p":"pacht","q":"derived","k":"river"},"geometry":{"type":"LineString","coordinates":[[9.60406,47.41867],[9.60619,47.41884],[9.60761,47.41859],[9.6098,47.41866],[9.61089,47.41824],[9.61275,47.41807],[9.61365,47.41856],[9.61488,47.41867],[9.61579,47.41928],[9.61951,47.42032],[9.62212,47.42035],[9.62558,47.42007],[9.62758,47.42039],[9.62828,47.42067],[9.62848,47.42131],[9.62924,47.42197],[9.62999,47.42344],[9.63084,47.42368],[9.63147,47.42411],[9.63167,47.42515],[9.63205,47.4256],[9.63502,47.42644],[9.63628,47.42803],[9.63857,47.42834],[9.63984,47.42833]]}},{"type":"Feature","properties":{"id":"felsbach-sg","c":"SG","p":"pacht","q":"derived","k":"river"},"geometry":{"type":"LineString","coordinates":[[9.39792,47.21983],[9.39851,47.2197],[9.39974,47.21977],[9.40081,47.21944],[9.40207,47.21937],[9.40669,47.21754],[9.40828,47.21728],[9.4106,47.21723],[9.41287,47.21683],[9.41585,47.21694],[9.41677,47.2166],[9.41737,47.21663],[9.41764,47.21644],[9.41981,47.21707],[9.42067,47.21657],[9.4208,47.2161],[9.4226,47.21588],[9.42629,47.21466],[9.42913,47.21426],[9.43062,47.21428],[9.43125,47.21444],[9.43354,47.21391],[9.43433,47.2139],[9.43544,47.21317],[9.43628,47.21349],[9.43713,47.21342]]}},{"type":"Feature","properties":{"id":"muelbach-sg","c":"SG","p":"pacht","q":"derived","k":"river"},"geometry":{"type":"LineString","coordinates":[[9.46754,47.22991],[9.48578,47.22984],[9.48742,47.2303],[9.49065,47.23243],[9.49198,47.23297],[9.49418,47.2334],[9.49965,47.23364],[9.50713,47.23756],[9.50777,47.23775],[9.50883,47.23773]]}}]}