{"type":"FeatureCollection","features":[{"type":"Feature","properties":{"id":"allmendbach-1001-so","c":"SO","p":"private","q":"official","k":"river"},"geometry":{"type":"MultiLineString","coordinates":[[[7.56597,47.28503],[7.56465,47.2858],[7.56337,47.28555],[7.56253,47.28585],[7.56005,47.28487],[7.55761,47.28424],[7.55609,47.28366]],[[7.56597,47.28503],[7.56448,47.28416],[7.56365,47.28287],[7.56324,47.28264]],[[7.60282,47.29425],[7.6014,47.29392],[7.60008,47.29393],[7.59889,47.29434],[7.59576,47.29377],[7.59278,47.29279],[7.59145,47.29216],[7.59076,47.29205],[7.59016,47.29161],[7.58918,47.29154],[7.58404,47.29033],[7.5764,47.28835],[7.56726,47.28483],[7.56701,47.28478],[7.56673,47.28503],[7.56619,47.28499],[7.56597,47.28503]]]}},{"type":"Feature","properties":{"id":"duennern-und-zufluesse-1002-so","c":"SO","p":"private","q":"official","k":"river"},"geometry":{"type":"MultiLineString","coordinates":[[[7.59427,47.31755],[7.59082,47.31713],[7.58861,47.31718],[7.58805,47.31695],[7.58798,47.31674]],[[7.59657,47.30511],[7.59604,47.30516],[7.59578,47.30547],[7.59485,47.30578],[7.5933,47.30585],[7.59109,47.30681],[7.58877,47.30725]],[[7.60126,47.30986],[7.59881,47.30932],[7.59775,47.30937],[7.59661,47.30898],[7.59544,47.30905],[7.59481,47.30888],[7.59289,47.30939]],[[7.59427,47.31755],[7.59383,47.31821],[7.59398,47.3188]],[[7.60126,47.30986],[7.60107,47.31035],[7.59969,47.31167],[7.59914,47.31191],[7.59856,47.31249],[7.59813,47.31259],[7.59771,47.31311],[7.59654,47.31385],[7.59564,47.31561],[7.59493,47.31616],[7.59427,47.31755]],[[7.59657,47.30511],[7.59644,47.30582],[7.59681,47.3065],[7.59592,47.30722],[7.59515,47.30846]],[[7.60127,47.30425],[7.60022,47.30423],[7.59983,47.30446],[7.59657,47.30511]],[[7.61197,47.3016],[7.61077,47.30345],[7.60989,47.30383],[7.60957,47.30424],[7.60864,47.30446],[7.60806,47.3051],[7.60638,47.30596],[7.60522,47.30704],[7.60423,47.30739],[7.60387,47.30867],[7.60326,47.30913],[7.60126,47.30986]],[[7.60127,47.30425],[7.60108,47.30515],[7.60171,47.30577],[7.60168,47.3064]],[[7.61197,47.3016],[7.61103,47.30189],[7.61075,47.30223],[7.60989,47.30253],[7.60913,47.30255],[7.60888,47.30289],[7.60786,47.30312],[7.60692,47.30297],[7.60545,47.30314],[7.6031,47.30292],[7.60224,47.30306],[7.60186,47.30393],[7.60127,47.30425]],[[7.61805,47.2985],[7.61584,47.29798],[7.61447,47.29676],[7.61328,47.29618],[7.6107,47.29572],[7.6075,47.29541],[7.60282,47.29425]],[[7.61483,47.29846],[7.61333,47.30043],[7.61197,47.3016]],[[7.61805,47.2985],[7.6163,47.30108],[7.61545,47.30653],[7.6143,47.30712],[7.61403,47.30748],[7.61365,47.30838],[7.61413,47.30931],[7.61329,47.31062]],[[7.61861,47.29859],[7.61805,47.2985]]]}},{"type":"Feature","properties":{"id":"duennern-und-zufluesse-1003-so","c":"SO","p":"private","q":"official","k":"river"},"geometry":{"type":"MultiLineString","coordinates":[[[7.63197,47.30211],[7.62974,47.30463],[7.62956,47.30581],[7.62909,47.30687],[7.6279,47.30663],[7.62706,47.30708],[7.62614,47.30691],[7.62563,47.30714],[7.62428,47.3087],[7.62167,47.3095],[7.6201,47.3103],[7.61975,47.3107],[7.61964,47.31135],[7.61985,47.31286],[7.61909,47.31374],[7.61887,47.31437],[7.61836,47.31468],[7.6184,47.31535],[7.61782,47.31638],[7.61788,47.3169],[7.61753,47.31757],[7.61674,47.31793],[7.61649,47.31845],[7.61573,47.31885],[7.61542,47.31928],[7.61409,47.31989],[7.61315,47.32002],[7.61262,47.32041],[7.61245,47.32092],[7.61297,47.32187],[7.61285,47.3225],[7.61173,47.32388],[7.61,47.32507]],[[7.62273,47.29916],[7.62266,47.29839],[7.62233,47.29806],[7.62247,47.29666],[7.62176,47.29608],[7.62154,47.29518],[7.61969,47.29381],[7.61869,47.29247],[7.61671,47.29162]],[[7.62273,47.29916],[7.61861,47.29859]],[[7.63197,47.30211],[7.63051,47.30111],[7.62742,47.29981],[7.62273,47.29916]],[[7.62681,47.30709],[7.62392,47.30984],[7.62383,47.31045],[7.62488,47.31063],[7.626,47.31208],[7.62606,47.31289],[7.62565,47.3136],[7.62615,47.3141],[7.62604,47.31491],[7.62649,47.31517],[7.62643,47.3156],[7.62687,47.31651]],[[7.63676,47.31141],[7.63417,47.31178],[7.63375,47.31218],[7.63102,47.31297],[7.63025,47.31384]],[[7.63209,47.30219],[7.63197,47.30211]],[[7.64045,47.30608],[7.63484,47.30414],[7.63209,47.30219]],[[7.63209,47.30219],[7.63267,47.30048],[7.63237,47.30033],[7.63221,47.29946],[7.63298,47.29832],[7.63321,47.29632],[7.63389,47.29579]],[[7.63676,47.31141],[7.6364,47.31303],[7.63564,47.31355],[7.63556,47.31382],[7.63551,47.31507],[7.63594,47.31544]],[[7.63754,47.30989],[7.6373,47.31077],[7.63676,47.31141]],[[7.63975,47.30709],[7.63905,47.30719],[7.63754,47.30989]],[[7.63975,47.30709],[7.63754,47.30989]],[[7.64043,47.30608],[7.63975,47.30709]]]}},{"type":"Feature","properties":{"id":"oesch-und-luterbrunnen-oesch-1004-so","c":"SO","p":"private","q":"official","k":"river"},"geometry":{"type":"MultiLineString","coordinates":[[[7.60878,47.16149],[7.6085,47.16061],[7.60653,47.15958],[7.60461,47.15712],[7.60448,47.15621],[7.6053,47.1538],[7.60478,47.15268]],[[7.60557,47.1795],[7.6051,47.17864],[7.60306,47.17693],[7.6026,47.17602],[7.60126,47.17469],[7.60154,47.17285],[7.60136,47.1722],[7.60195,47.17086],[7.6019,47.16856],[7.60453,47.16504],[7.60878,47.16149],[7.61528,47.15681]]]}},{"type":"Feature","properties":{"id":"gewaesser-in-der-gemeinde-kienberg-1005-so","c":"SO","p":"private","q":"official","k":"river"},"geometry":{"type":"MultiLineString","coordinates":[[[7.95501,47.43869],[7.95453,47.43795],[7.95386,47.43747],[7.95344,47.43648],[7.95249,47.43641],[7.9505,47.43554]],[[7.95501,47.43869],[7.95372,47.43895]],[[7.96386,47.44217],[7.96285,47.44148],[7.96193,47.44138],[7.96172,47.44098],[7.95978,47.43983],[7.95826,47.43972],[7.9576,47.43944],[7.95587,47.43925],[7.95501,47.43869]],[[7.95773,47.45222],[7.95724,47.45229]],[[7.95773,47.45222],[7.9574,47.45239]],[[7.95963,47.4525],[7.95844,47.45212],[7.95773,47.45222]],[[7.95968,47.44804],[7.95911,47.44751],[7.95792,47.44733]],[[7.95968,47.44804],[7.95936,47.44833],[7.95845,47.44855]],[[7.95973,47.45483],[7.95963,47.4525]],[[7.95963,47.4525],[7.95985,47.45185],[7.95939,47.45158],[7.95929,47.45043],[7.95985,47.44922],[7.96051,47.44853],[7.96037,47.44822],[7.95994,47.44807]],[[7.95963,47.4525],[7.96161,47.45176],[7.96214,47.45189],[7.96266,47.45244],[7.96368,47.45268]],[[7.95994,47.44807],[7.95968,47.44804]],[[7.95994,47.44807],[7.96015,47.44695],[7.96216,47.44493]],[[7.96006,47.4491],[7.96143,47.44984]],[[7.96485,47.42796],[7.96117,47.42756]],[[7.96143,47.44984],[7.96264,47.44975],[7.96469,47.44919]],[[7.96143,47.44984],[7.96156,47.45008],[7.9635,47.45023],[7.96436,47.45076],[7.96485,47.45155]],[[7.96311,47.4257],[7.96214,47.42507],[7.96189,47.42457]],[[7.96216,47.44493],[7.96244,47.44458],[7.96219,47.44439],[7.9623,47.44415],[7.96296,47.44383]],[[7.96216,47.44493],[7.96291,47.44491],[7.96482,47.44518],[7.96559,47.44547],[7.96592,47.44582]],[[7.96297,47.42496],[7.96257,47.42477],[7.96252,47.42453]],[[7.96297,47.42496],[7.96272,47.42422]],[[7.96296,47.44383],[7.96404,47.44426],[7.96653,47.44468],[7.96736,47.44447]],[[7.96296,47.44383],[7.96411,47.44285],[7.96386,47.44217]],[[7.96372,47.42718],[7.96295,47.42708]],[[7.9633,47.42526],[7.96297,47.42496]],[[7.96454,47.4275],[7.96378,47.42721],[7.96372,47.42718],[7.96366,47.42712],[7.96311,47.4257]],[[7.96311,47.4257],[7.9633,47.42526]],[[7.9633,47.42526],[7.96345,47.42452]],[[7.96386,47.44217],[7.96475,47.44186]],[[7.96409,47.45053],[7.96492,47.45054]],[[7.96485,47.42796],[7.96454,47.4275]],[[7.96454,47.4275],[7.96465,47.42673],[7.96501,47.42655],[7.96529,47.4259]],[[7.96529,47.4259],[7.96477,47.42551],[7.96458,47.42476]],[[7.96475,47.44186],[7.96693,47.4424]],[[7.96475,47.44186],[7.96562,47.44006],[7.96682,47.43885],[7.96682,47.4381],[7.96743,47.4373],[7.96811,47.43696],[7.96915,47.43555]],[[7.96492,47.45054],[7.96572,47.45075]],[[7.96492,47.45054],[7.96535,47.45044]],[[7.96981,47.43118],[7.96873,47.43119],[7.96773,47.43056],[7.96702,47.43004],[7.96596,47.4285],[7.96485,47.42796]],[[7.96529,47.4259],[7.9656,47.42559]],[[7.9656,47.42559],[7.96544,47.42461]],[[7.9656,47.42559],[7.96589,47.42558],[7.96608,47.42523]],[[7.96915,47.43555],[7.96933,47.43486],[7.96992,47.43412],[7.96978,47.43369],[7.97028,47.4327],[7.96995,47.43177],[7.97026,47.43138]],[[7.96915,47.43555],[7.97093,47.43475],[7.97347,47.43425],[7.97752,47.43245],[7.97847,47.43248]],[[7.97026,47.43138],[7.96981,47.43118]],[[7.96981,47.43118],[7.97008,47.43004],[7.97073,47.42933]],[[7.97026,47.43138],[7.97197,47.43131]],[[7.97073,47.42933],[7.97092,47.42791],[7.97075,47.42705]],[[7.97073,47.42933],[7.97124,47.42887],[7.97221,47.42727]],[[7.97197,47.43131],[7.97296,47.4316]],[[7.97197,47.43131],[7.97354,47.4309],[7.97422,47.42978],[7.97508,47.42911]],[[7.97847,47.43248],[7.97866,47.43255],[7.98,47.4321],[7.98106,47.43155]],[[7.97847,47.43248],[7.97888,47.43225],[7.97919,47.43148]]]}},{"type":"Feature","properties":{"id":"inkwilersee-1006-so","c":"SO","p":"private","q":"official","k":"river"},"geometry":{"type":"LineString","coordinates":[[7.66084,47.19718],[7.66053,47.19806],[7.66192,47.19933],[7.66341,47.20023],[7.66466,47.20042],[7.66529,47.20025],[7.66581,47.19972],[7.66483,47.19927],[7.66549,47.19846],[7.66536,47.19791],[7.66406,47.19761],[7.66296,47.19681],[7.66188,47.19635],[7.66121,47.19661],[7.66084,47.19718]]}},{"type":"Feature","properties":{"id":"witibach-mit-zufluessen-und-giglerbach-101-so","c":"SO","p":"pacht","q":"official","k":"river"},"geometry":{"type":"MultiLineString","coordinates":[[[7.4046,47.18312],[7.40266,47.18309],[7.40151,47.18338],[7.40115,47.18327],[7.39867,47.18485],[7.39609,47.18575]],[[7.4046,47.18312],[7.40392,47.18414]],[[7.41367,47.18347],[7.4046,47.18312]],[[7.41367,47.18347],[7.40901,47.19052]],[[7.4261,47.18144],[7.42426,47.18138],[7.42281,47.18195],[7.41517,47.18338],[7.41429,47.18347],[7.41367,47.18347]],[[7.4261,47.18144],[7.42405,47.18295],[7.42354,47.18378],[7.42256,47.18462],[7.42118,47.18671],[7.42016,47.18969],[7.41861,47.19109],[7.41725,47.19373]],[[7.43346,47.18549],[7.43084,47.18756],[7.42975,47.18869],[7.42898,47.19109],[7.42741,47.19308],[7.42714,47.19462],[7.42562,47.19567],[7.42499,47.19649],[7.42473,47.19769],[7.42377,47.19902],[7.42374,47.19954],[7.42324,47.20041],[7.42333,47.20132],[7.42254,47.20236]],[[7.43007,47.18104],[7.42922,47.18083],[7.42807,47.18082],[7.42652,47.18143],[7.4261,47.18144]]]}},{"type":"Feature","properties":{"id":"leugenen-102-so","c":"SO","p":"pacht","q":"official","k":"river"},"geometry":{"type":"LineString","coordinates":[[7.39278,47.16079],[7.39259,47.16102],[7.39208,47.16112],[7.39029,47.16083],[7.38849,47.16028],[7.38729,47.16013],[7.3872,47.15967],[7.38696,47.15955],[7.38566,47.15999],[7.38396,47.16025],[7.38278,47.16105],[7.38209,47.16248],[7.3818,47.16376],[7.38227,47.16471],[7.38219,47.16512]]}},{"type":"Feature","properties":{"id":"eimattbach-und-westlicher-dorfbach-103-so","c":"SO","p":"pacht","q":"official","k":"river"},"geometry":{"type":"MultiLineString","coordinates":[[[7.50325,47.19587],[7.50263,47.19546],[7.49995,47.19483],[7.50217,47.19033],[7.499,47.19],[7.49559,47.18916],[7.49406,47.18846],[7.49335,47.18789],[7.4918,47.18707],[7.49086,47.18641],[7.48969,47.18559]],[[7.49086,47.18641],[7.49314,47.1844],[7.49232,47.18282],[7.49328,47.1818],[7.49348,47.1811],[7.49405,47.18052],[7.49473,47.1784]]]}},{"type":"Feature","properties":{"id":"wildmannsgraben-hunnenbach-104-so","c":"SO","p":"pacht","q":"official","k":"river"},"geometry":{"type":"LineString","coordinates":[[7.53189,47.20063],[7.5323,47.20039],[7.53236,47.1995],[7.53338,47.19867],[7.53324,47.19696],[7.53258,47.19636],[7.53171,47.19653],[7.53138,47.19636],[7.53136,47.19602],[7.53064,47.19596],[7.53028,47.19561],[7.53035,47.1954],[7.53154,47.19522],[7.53171,47.19506],[7.53051,47.19478],[7.53022,47.19445],[7.53025,47.19418],[7.53104,47.19369],[7.53123,47.19325],[7.53006,47.19196],[7.53088,47.19108],[7.53052,47.19059],[7.529,47.18945],[7.5289,47.18903],[7.52976,47.18773],[7.53068,47.18742],[7.53078,47.18668],[7.52997,47.18603],[7.52814,47.18577],[7.52784,47.18559],[7.52745,47.18469],[7.52753,47.18411],[7.52651,47.18201],[7.52435,47.18141],[7.52413,47.18117],[7.52289,47.18097],[7.52191,47.18125],[7.52038,47.18088]]}},{"type":"Feature","properties":{"id":"duerrbach-obach-105-so","c":"SO","p":"pacht","q":"official","k":"river"},"geometry":{"type":"LineString","coordinates":[[7.53321,47.20437],[7.53166,47.20482],[7.53128,47.20467],[7.53117,47.20418],[7.53071,47.20468],[7.5301,47.20443],[7.52972,47.20508],[7.52926,47.20514],[7.52915,47.20538],[7.52997,47.2057],[7.52982,47.20605],[7.52915,47.20642],[7.5285,47.20629],[7.52804,47.20647],[7.52737,47.20704],[7.52741,47.20728],[7.52645,47.20787],[7.52541,47.20791],[7.52544,47.20984],[7.52606,47.21044],[7.52665,47.2116],[7.52601,47.21201],[7.52585,47.21262],[7.52605,47.2131],[7.52542,47.21341],[7.52412,47.2167],[7.52428,47.21807],[7.52528,47.21873],[7.52519,47.22009],[7.52482,47.22121],[7.52425,47.2219],[7.5247,47.22241],[7.52441,47.22311],[7.52449,47.22378],[7.52557,47.22449],[7.5263,47.22526],[7.52616,47.22583],[7.52554,47.2265],[7.52274,47.22729],[7.52143,47.22794],[7.52168,47.22825],[7.52246,47.22806],[7.52252,47.22829]]}},{"type":"Feature","properties":{"id":"haagbach-106-so","c":"SO","p":"pacht","q":"official","k":"river"},"geometry":{"type":"MultiLineString","coordinates":[[[7.41985,47.2292],[7.41816,47.22958],[7.41738,47.22932],[7.417,47.22944],[7.41588,47.22928],[7.41279,47.22975]],[[7.41985,47.2292],[7.41911,47.22975],[7.41789,47.22994],[7.41711,47.23039],[7.41602,47.23158],[7.41508,47.23211],[7.4143,47.23217]],[[7.43591,47.20693],[7.43518,47.20704],[7.43151,47.20676],[7.42901,47.20629],[7.4277,47.20577],[7.42712,47.20598],[7.42678,47.20637],[7.42639,47.20638],[7.42513,47.20694],[7.42448,47.2075],[7.42287,47.20823],[7.42161,47.21022],[7.42046,47.21096],[7.41941,47.21198]],[[7.42132,47.22901],[7.41985,47.2292]],[[7.42132,47.22901],[7.42049,47.23109]],[[7.42435,47.22493],[7.42392,47.22526],[7.42412,47.22548],[7.42377,47.22591],[7.42293,47.2264],[7.42317,47.22691],[7.42246,47.22796],[7.42132,47.22901]],[[7.42442,47.2273],[7.42438,47.22849],[7.42258,47.22951],[7.42237,47.2299],[7.4225,47.23021],[7.42357,47.23106],[7.42344,47.23161],[7.42371,47.23237],[7.4233,47.23364]],[[7.42435,47.22493],[7.42456,47.22579],[7.42425,47.22686],[7.42442,47.2273]],[[7.43591,47.20693],[7.43547,47.20742],[7.4353,47.20828],[7.43629,47.20868],[7.43821,47.21044],[7.43861,47.21113],[7.44057,47.21163],[7.44101,47.21202],[7.44094,47.21232],[7.44036,47.21276],[7.44051,47.21345],[7.44017,47.21393],[7.44035,47.21415],[7.43966,47.21458],[7.43924,47.21557],[7.43913,47.21677],[7.43873,47.21688],[7.43819,47.21763],[7.43721,47.21816],[7.4371,47.2187],[7.43659,47.21904],[7.43654,47.21963],[7.43486,47.22115],[7.43417,47.22142],[7.43397,47.22194],[7.43322,47.22243],[7.43214,47.22281],[7.43061,47.22269],[7.42841,47.22345],[7.42643,47.22335],[7.42522,47.2237],[7.42435,47.22493]],[[7.42442,47.2273],[7.42543,47.22803]],[[7.43047,47.21036],[7.42806,47.21099],[7.42709,47.21104],[7.42538,47.21234]],[[7.43047,47.21036],[7.43082,47.21087],[7.43025,47.21247],[7.43049,47.21452]],[[7.43366,47.20696],[7.43306,47.20812],[7.43265,47.2081],[7.43099,47.20909],[7.43053,47.20979],[7.43047,47.21036]],[[7.437,47.20619],[7.43671,47.20665],[7.43591,47.20693]],[[7.437,47.20619],[7.43701,47.20631],[7.43898,47.20648],[7.44004,47.20702]],[[7.43713,47.20595],[7.437,47.20619]],[[7.45093,47.19198],[7.44938,47.19158],[7.44506,47.1958],[7.44401,47.1972],[7.44319,47.19939],[7.44246,47.19965],[7.43956,47.20149],[7.43841,47.20307],[7.43798,47.20515],[7.437,47.20619]],[[7.43713,47.20595],[7.43718,47.20596],[7.43729,47.20583]],[[7.43745,47.20557],[7.43725,47.20559],[7.43713,47.20595]],[[7.43729,47.20583],[7.43713,47.20595]],[[7.43732,47.20584],[7.43729,47.20583]],[[7.43729,47.20583],[7.43745,47.20557]],[[7.43827,47.20357],[7.43752,47.20476]]]}},{"type":"Feature","properties":{"id":"lochbach-107-so","c":"SO","p":"pacht","q":"official","k":"river"},"geometry":{"type":"MultiLineString","coordinates":[[[7.44795,47.20735],[7.4474,47.20719],[7.44684,47.20729],[7.44631,47.20784]],[[7.44754,47.21092],[7.4468,47.21137],[7.44669,47.21178]],[[7.44795,47.20735],[7.44713,47.20803]],[[7.44754,47.21092],[7.44766,47.21134],[7.44738,47.21203],[7.44768,47.21258],[7.44863,47.21321],[7.45109,47.21399]],[[7.45092,47.20773],[7.45098,47.20817],[7.45041,47.2095],[7.44961,47.2099],[7.44856,47.21003],[7.44754,47.21092]],[[7.45092,47.20773],[7.4503,47.20774],[7.44906,47.20731],[7.44853,47.20739],[7.44795,47.20735]],[[7.45125,47.20765],[7.45092,47.20773]],[[7.45094,47.19199],[7.45093,47.19198]],[[7.45094,47.19199],[7.4505,47.19214],[7.44843,47.19439],[7.44755,47.19569],[7.44735,47.19679],[7.44864,47.19905],[7.44993,47.2001],[7.45257,47.20126],[7.4556,47.20332],[7.45554,47.20385],[7.45459,47.20432],[7.45332,47.20541]],[[7.4535,47.18967],[7.45263,47.19053],[7.45214,47.19176],[7.45094,47.19199]],[[7.45125,47.20765],[7.45299,47.20799],[7.4536,47.20868],[7.45557,47.20998],[7.45635,47.2114],[7.45629,47.21266],[7.4569,47.21432],[7.45686,47.21458],[7.45596,47.21528],[7.45635,47.21705],[7.45615,47.2174],[7.45364,47.21901],[7.45343,47.2195]],[[7.45332,47.20541],[7.45295,47.2057],[7.45243,47.20567],[7.45212,47.20596],[7.45185,47.20714],[7.45139,47.20735],[7.45125,47.20765]],[[7.45332,47.20541],[7.45231,47.20558],[7.45192,47.2063],[7.45148,47.20646],[7.4516,47.20689],[7.45138,47.20716]],[[7.45669,47.21211],[7.4567,47.21228],[7.45712,47.21231],[7.45709,47.21213],[7.45669,47.21211]]]}},{"type":"Feature","properties":{"id":"baeche-in-der-gemeinde-bellach-108-so","c":"SO","p":"pacht","q":"official","k":"river"},"geometry":{"type":"MultiLineString","coordinates":[[[7.49376,47.20822],[7.49308,47.20938],[7.49095,47.21163],[7.48871,47.21225],[7.48707,47.21356],[7.4849,47.21379],[7.48345,47.21372],[7.48254,47.21413]],[[7.48986,47.2221],[7.48832,47.22191],[7.48643,47.22203]],[[7.48986,47.2221],[7.489,47.2227],[7.48864,47.22329],[7.4881,47.22341]],[[7.49522,47.22319],[7.49176,47.22239],[7.49052,47.22242],[7.48986,47.2221]],[[7.49522,47.22319],[7.4946,47.22365],[7.49273,47.22418]],[[7.49376,47.20822],[7.49451,47.20961]],[[7.49469,47.20437],[7.49454,47.20593],[7.49376,47.20822]],[[7.49451,47.20961],[7.49539,47.20988],[7.50266,47.21096],[7.50316,47.21169],[7.50327,47.21231],[7.50207,47.21334],[7.50213,47.21473],[7.50262,47.21538],[7.50388,47.21596],[7.50329,47.21792],[7.49878,47.22061],[7.49874,47.22096],[7.49811,47.22156],[7.49822,47.2218],[7.4973,47.2224],[7.49707,47.22283],[7.49643,47.2229],[7.49552,47.22327],[7.49528,47.22315],[7.49522,47.22319]],[[7.49451,47.20961],[7.49426,47.21053],[7.495,47.2106],[7.49596,47.21094],[7.49626,47.21123]]]}},{"type":"Feature","properties":{"id":"wildbach-109-so","c":"SO","p":"pacht","q":"official","k":"river"},"geometry":{"type":"LineString","coordinates":[[7.51646,47.2124],[7.51645,47.21288],[7.51687,47.21349],[7.5168,47.21389],[7.51508,47.21507],[7.51493,47.21594],[7.51534,47.21695],[7.51537,47.21784],[7.51457,47.21872],[7.51411,47.2188],[7.51381,47.21939],[7.5138,47.21969],[7.51473,47.22036],[7.51413,47.22184],[7.51408,47.2227],[7.51432,47.22302],[7.51328,47.22451],[7.51088,47.22618],[7.50426,47.22911],[7.5032,47.23029],[7.50108,47.23105],[7.49995,47.2319],[7.49971,47.23243],[7.4991,47.23244],[7.49717,47.23323],[7.49641,47.23419],[7.49635,47.23455],[7.49484,47.23545],[7.49398,47.23633],[7.49265,47.23676],[7.49171,47.23741],[7.4918,47.23828],[7.4916,47.23878],[7.49191,47.2394],[7.49174,47.24062],[7.49108,47.24118],[7.49081,47.24173],[7.48899,47.24232],[7.48738,47.24341],[7.48617,47.24368],[7.48548,47.24358]]}},{"type":"Feature","properties":{"id":"wildbach-110-so","c":"SO","p":"pacht","q":"official","k":"river"},"geometry":{"type":"LineString","coordinates":[[7.51276,47.197],[7.51132,47.19835],[7.50931,47.20893],[7.51358,47.20996],[7.51402,47.21033],[7.51556,47.211],[7.51625,47.21176],[7.51646,47.2124]]}},{"type":"Feature","properties":{"id":"st-katharinenbach-verenabach-111-so","c":"SO","p":"pacht","q":"official","k":"river"},"geometry":{"type":"MultiLineString","coordinates":[[[7.5118,47.23368],[7.51014,47.23356],[7.50941,47.2342],[7.5091,47.23497]],[[7.51473,47.24606],[7.51426,47.24622],[7.51097,47.24577],[7.50989,47.24608]],[[7.5118,47.23368],[7.51115,47.23416],[7.51116,47.23443]],[[7.52555,47.23189],[7.52421,47.23233],[7.52173,47.23211],[7.52036,47.23246],[7.51833,47.23258],[7.51425,47.23224],[7.5137,47.23339],[7.5118,47.23368]],[[7.51277,47.23355],[7.51311,47.23417],[7.51297,47.23545],[7.5121,47.23758]],[[7.51473,47.24606],[7.51561,47.24662],[7.52156,47.24852],[7.52654,47.25059],[7.52899,47.2515],[7.53336,47.25279],[7.53533,47.25368]],[[7.52555,47.23189],[7.52469,47.23392],[7.52139,47.2356],[7.52081,47.2365],[7.51947,47.23772],[7.51879,47.23957],[7.5183,47.24023],[7.5177,47.24056],[7.51774,47.24119],[7.51748,47.24137],[7.51679,47.24129],[7.51616,47.24164],[7.51515,47.24296],[7.51514,47.24327],[7.51461,47.24375],[7.51466,47.24443],[7.51527,47.24489],[7.5147,47.24543],[7.51473,47.24606]],[[7.53173,47.234],[7.52971,47.23321],[7.52846,47.23303],[7.52786,47.23248],[7.52707,47.23213],[7.52579,47.23177],[7.52555,47.23189]],[[7.53173,47.234],[7.53037,47.23644],[7.53019,47.23742],[7.53114,47.23778],[7.53057,47.23889],[7.53044,47.24045],[7.53069,47.24096]],[[7.53237,47.23097],[7.53197,47.23141],[7.53279,47.23196],[7.53278,47.23231],[7.53211,47.23374],[7.53173,47.234]],[[7.53237,47.23097],[7.53383,47.2324],[7.53424,47.23356],[7.53566,47.23432]],[[7.55154,47.21188],[7.55075,47.21205],[7.55042,47.21253],[7.54998,47.21338],[7.55039,47.21476],[7.54941,47.21537],[7.54842,47.21738],[7.54798,47.21738],[7.54761,47.21762],[7.54532,47.21967],[7.54521,47.22006],[7.54313,47.21992],[7.54233,47.22022],[7.54168,47.21985],[7.54073,47.22023],[7.54029,47.22064],[7.53906,47.22077],[7.53842,47.22114],[7.53828,47.22173],[7.53758,47.2223],[7.53582,47.22287],[7.53465,47.22346],[7.53456,47.22386],[7.53383,47.22452],[7.53376,47.22493],[7.53195,47.2261],[7.53111,47.22735],[7.53159,47.23016],[7.53187,47.23055],[7.53234,47.2307],[7.53237,47.23097]],[[7.53566,47.23432],[7.53525,47.23538],[7.53431,47.23644],[7.53418,47.23744]],[[7.53566,47.23432],[7.53898,47.23489],[7.54011,47.23666],[7.5402,47.23734]],[[7.53846,47.23754],[7.53775,47.23748],[7.53694,47.23783],[7.53595,47.23791]],[[7.53846,47.23754],[7.53803,47.23826],[7.53806,47.23934],[7.53745,47.23991],[7.53839,47.24053],[7.53858,47.24088],[7.53787,47.24139]],[[7.5402,47.23734],[7.53993,47.23759],[7.53929,47.23734],[7.53846,47.23754]],[[7.5402,47.23734],[7.54023,47.23775],[7.54256,47.23917],[7.54605,47.24002],[7.54743,47.24058],[7.54669,47.24156],[7.54621,47.24169],[7.54603,47.24218],[7.54513,47.24278],[7.5446,47.24343],[7.54405,47.24355],[7.54331,47.24439],[7.54237,47.24468]]]}},{"type":"Feature","properties":{"id":"siggern-und-zufluesse-112-so","c":"SO","p":"pacht","q":"official","k":"river"},"geometry":{"type":"MultiLineString","coordinates":[[[7.55393,47.26016],[7.55207,47.26074],[7.55145,47.26064],[7.55101,47.26077],[7.54656,47.25999],[7.54334,47.25838],[7.54238,47.25826],[7.53937,47.25853],[7.53611,47.25778],[7.53574,47.25756],[7.53394,47.25725]],[[7.54418,47.26106],[7.54384,47.26076],[7.54302,47.26067],[7.54223,47.26076],[7.54158,47.26107],[7.54131,47.26096],[7.54048,47.26217],[7.54004,47.26219],[7.53896,47.2627],[7.53771,47.26237],[7.5363,47.26223]],[[7.55647,47.25866],[7.55553,47.25834],[7.55427,47.25722],[7.55248,47.25621],[7.55097,47.25576],[7.54987,47.25552],[7.54943,47.25563],[7.54798,47.25552],[7.54622,47.25575],[7.54357,47.25556],[7.54059,47.25477]],[[7.54418,47.26106],[7.54349,47.26112],[7.54295,47.26139],[7.5425,47.2617],[7.54242,47.26206],[7.54092,47.26299]],[[7.54831,47.2616],[7.5475,47.26134],[7.54514,47.26134],[7.54418,47.26106]],[[7.5766,47.24475],[7.57056,47.24492],[7.56711,47.2462],[7.56438,47.2455],[7.56337,47.24503],[7.55994,47.24444],[7.55849,47.24365],[7.55754,47.2436],[7.55686,47.24326],[7.55593,47.24329],[7.55535,47.24299],[7.55468,47.24295],[7.55454,47.24311],[7.5536,47.24301],[7.55088,47.24203],[7.54999,47.24308],[7.54893,47.24344],[7.54837,47.24418],[7.54788,47.24441],[7.54743,47.24553],[7.54661,47.24588],[7.54648,47.24627],[7.54558,47.24716]],[[7.54831,47.2616],[7.54801,47.26237],[7.5474,47.26265],[7.5473,47.26314]],[[7.55375,47.26047],[7.55212,47.26103],[7.5514,47.26099],[7.54831,47.2616]],[[7.55297,47.26275],[7.55152,47.26457],[7.55042,47.26544],[7.54978,47.2656],[7.54845,47.26538]],[[7.55297,47.26275],[7.55147,47.26325]],[[7.55375,47.26047],[7.55412,47.26134],[7.55351,47.2626],[7.55297,47.26275]],[[7.55393,47.26016],[7.55375,47.26047]],[[7.55647,47.25866],[7.55502,47.25935],[7.55498,47.25956],[7.55456,47.25966],[7.55393,47.26016]],[[7.5602,47.25679],[7.55853,47.25767],[7.55742,47.25794],[7.55719,47.25847],[7.55647,47.25866]],[[7.56316,47.26376],[7.56304,47.26363],[7.56162,47.26383],[7.55984,47.2635]],[[7.5602,47.25679],[7.56143,47.25738],[7.56321,47.25876],[7.56243,47.26015],[7.56288,47.26125]],[[7.56856,47.25459],[7.56788,47.25459],[7.56692,47.25492],[7.56488,47.25494],[7.56356,47.25464],[7.56265,47.25471],[7.56178,47.25527],[7.56045,47.25549],[7.56057,47.25587],[7.5602,47.25679]],[[7.5709,47.24826],[7.57031,47.2489],[7.57036,47.24945],[7.56964,47.24996],[7.56634,47.25001],[7.56577,47.25056],[7.56497,47.25067],[7.56461,47.25119],[7.56402,47.25153],[7.56285,47.25133],[7.56198,47.25204],[7.56059,47.25268]],[[7.56316,47.26376],[7.56075,47.2644]],[[7.56375,47.2635],[7.56366,47.2632],[7.563,47.26307]],[[7.56375,47.2635],[7.56343,47.26345],[7.56316,47.26376]],[[7.56486,47.26584],[7.56446,47.26613],[7.56447,47.26702],[7.56412,47.26803],[7.56395,47.26829],[7.56354,47.26837]],[[7.56546,47.2685],[7.56359,47.26962]],[[7.56488,47.26328],[7.56375,47.2635]],[[7.56548,47.26872],[7.56484,47.2699]],[[7.56486,47.26584],[7.56501,47.26666],[7.56547,47.26717],[7.5653,47.26792],[7.56546,47.2685]],[[7.56488,47.26328],[7.56509,47.26426],[7.56486,47.26584]],[[7.56856,47.25459],[7.56858,47.25533],[7.56953,47.25716],[7.56941,47.25885],[7.5677,47.26089],[7.56749,47.26205],[7.56547,47.26219],[7.56488,47.26328]],[[7.56546,47.2685],[7.56548,47.26872]],[[7.56548,47.26872],[7.56611,47.26987]],[[7.5709,47.24826],[7.56946,47.24771],[7.56825,47.24754],[7.56706,47.24793],[7.56599,47.24786],[7.56563,47.24888]],[[7.58627,47.2467],[7.58593,47.24614],[7.58555,47.24624],[7.58493,47.24593],[7.58503,47.24559],[7.58474,47.24526],[7.58383,47.24607],[7.58346,47.24578],[7.5827,47.24576],[7.58242,47.24464],[7.58121,47.24478],[7.5794,47.24601],[7.5782,47.24649],[7.57804,47.24707],[7.57683,47.24779],[7.57597,47.24776],[7.57566,47.24794],[7.57559,47.2481],[7.57609,47.24837],[7.57584,47.24874],[7.57534,47.24875],[7.57494,47.24854],[7.57429,47.24885],[7.57384,47.24983],[7.57226,47.25071],[7.57189,47.25075],[7.57194,47.25115],[7.57161,47.25145],[7.57093,47.25154],[7.57019,47.2525],[7.57019,47.25287],[7.56957,47.25321],[7.56913,47.2542],[7.56873,47.25457],[7.56865,47.25459],[7.56856,47.25459]],[[7.58244,47.24788],[7.58066,47.24838],[7.58008,47.24911],[7.58038,47.25034],[7.57963,47.25128],[7.57986,47.25159],[7.57905,47.25318],[7.57895,47.25443],[7.57861,47.25529],[7.57786,47.2559],[7.57802,47.25674],[7.5769,47.25757],[7.5768,47.25803],[7.57735,47.25873],[7.57693,47.25989],[7.57663,47.26019],[7.57408,47.26134],[7.57341,47.26213],[7.57177,47.26264],[7.57071,47.26325],[7.57016,47.26394],[7.57015,47.26484],[7.56952,47.26564],[7.56979,47.26612]],[[7.5766,47.24475],[7.57614,47.24631],[7.57545,47.24669],[7.57547,47.24695],[7.57477,47.24749],[7.57312,47.24824],[7.57209,47.24818],[7.57134,47.24837],[7.57097,47.24826],[7.5709,47.24826]],[[7.58708,47.25953],[7.58693,47.25981],[7.58367,47.26114],[7.58228,47.26319],[7.58159,47.26359],[7.58054,47.26466],[7.58013,47.26544],[7.57916,47.26595],[7.57916,47.2662],[7.57825,47.26689],[7.57786,47.2676],[7.57709,47.26773],[7.57622,47.26816],[7.57517,47.26912],[7.57494,47.27024],[7.57542,47.27068],[7.57545,47.27103],[7.57518,47.27146]],[[7.58086,47.24498],[7.58058,47.24477],[7.57973,47.24479],[7.57916,47.24453],[7.5766,47.24475]],[[7.58678,47.2573],[7.58561,47.2574],[7.58495,47.25813],[7.5842,47.25851],[7.58381,47.25958],[7.58271,47.2606],[7.58083,47.26146],[7.58057,47.26333],[7.58007,47.26392]],[[7.58244,47.24788],[7.58253,47.24967],[7.58197,47.25135]],[[7.58627,47.2467],[7.58558,47.24712],[7.58518,47.24713],[7.58501,47.24737],[7.58389,47.24741],[7.58244,47.24788]],[[7.59051,47.24718],[7.58974,47.24725],[7.58918,47.24694],[7.58828,47.2471],[7.58767,47.2466],[7.58727,47.24675],[7.58668,47.24667],[7.58627,47.2467]],[[7.58633,47.26307],[7.58652,47.26385],[7.58753,47.26461],[7.58753,47.26518],[7.58793,47.26552],[7.58809,47.26623],[7.58869,47.26668],[7.58926,47.26753],[7.59054,47.2678]],[[7.58708,47.25953],[7.58633,47.26307]],[[7.58633,47.26307],[7.5877,47.26293],[7.58825,47.26254]],[[7.58678,47.2573],[7.58715,47.25817]],[[7.5869,47.25663],[7.58678,47.2573]],[[7.5869,47.25663],[7.58972,47.25788]],[[7.5911,47.24894],[7.59022,47.24964],[7.59043,47.24986],[7.58981,47.25055],[7.58979,47.25141],[7.5889,47.25262],[7.58872,47.25352],[7.58785,47.25403],[7.58714,47.25482],[7.58714,47.25532],[7.58684,47.25562],[7.5869,47.25663]],[[7.58728,47.25861],[7.58708,47.25953]],[[7.58715,47.25817],[7.58728,47.25861]],[[7.58715,47.25817],[7.58718,47.25817],[7.58733,47.25821],[7.58757,47.25833],[7.58808,47.25844]],[[7.58728,47.25861],[7.58794,47.25887]],[[7.58825,47.26254],[7.58899,47.26285],[7.58916,47.2634],[7.59021,47.26357]],[[7.58825,47.26254],[7.58899,47.26224],[7.59007,47.2625]],[[7.59007,47.2625],[7.5914,47.26258],[7.59333,47.26229],[7.59407,47.26249]],[[7.59007,47.2625],[7.59054,47.26296]],[[7.59051,47.24718],[7.59049,47.24792],[7.59088,47.24819],[7.59075,47.24873],[7.5911,47.24894]],[[7.59605,47.24618],[7.5952,47.24663],[7.59373,47.24658],[7.59231,47.24686],[7.5916,47.24671],[7.59051,47.24718]],[[7.5911,47.24894],[7.59241,47.24954],[7.59307,47.2509],[7.59278,47.25157],[7.59127,47.25261],[7.59171,47.25456],[7.59122,47.25621],[7.5946,47.25814],[7.59539,47.25838]],[[7.59407,47.26249],[7.59416,47.26297],[7.59497,47.26364]],[[7.59407,47.26249],[7.59421,47.26246],[7.59526,47.26288]],[[7.60562,47.24114],[7.60551,47.24184],[7.60482,47.24218],[7.60444,47.24293]],[[7.60705,47.23739],[7.60635,47.23897],[7.60521,47.23982],[7.60523,47.24024]],[[7.60705,47.23739],[7.60836,47.23773],[7.60827,47.2393]],[[7.60959,47.23154],[7.60914,47.23275],[7.60971,47.23375],[7.60969,47.23591],[7.60884,47.23633],[7.60734,47.23665],[7.60705,47.23739]]]}},{"type":"Feature","properties":{"id":"chalenbach-113-so","c":"SO","p":"pacht","q":"official","k":"river"},"geometry":{"type":"LineString","coordinates":[[7.47867,47.21377],[7.4741,47.21311],[7.47151,47.2131],[7.47117,47.21323],[7.47032,47.21304],[7.46901,47.21348],[7.46885,47.21371],[7.46645,47.21425],[7.46525,47.215],[7.46507,47.21533]]}},{"type":"Feature","properties":{"id":"mattenbaechli-inselibaechli-und-aarbaechli-114-so","c":"SO","p":"pacht","q":"official","k":"river"},"geometry":{"type":"MultiLineString","coordinates":[[[7.55557,47.22709],[7.55456,47.2268],[7.55339,47.22682],[7.55282,47.22713],[7.55167,47.22717],[7.55125,47.22735],[7.55246,47.23006],[7.55321,47.2308],[7.55362,47.2316],[7.55507,47.23274],[7.55509,47.23304],[7.55422,47.23404],[7.55421,47.23451],[7.55393,47.23455],[7.5536,47.23524],[7.55193,47.23618],[7.55081,47.23738],[7.55074,47.23774]],[[7.55379,47.23493],[7.55399,47.23522],[7.55388,47.2362]],[[7.57645,47.22512],[7.57607,47.22597],[7.57646,47.22759],[7.57589,47.22813],[7.57545,47.22823],[7.57365,47.22835],[7.57176,47.22812],[7.5698,47.22729],[7.56857,47.2272],[7.56647,47.22663],[7.56361,47.22747],[7.55782,47.22765]],[[7.57547,47.23913],[7.57265,47.23792],[7.57079,47.23794],[7.56923,47.2382]],[[7.57547,47.23913],[7.57304,47.2402],[7.57232,47.23998],[7.57161,47.23999]],[[7.59334,47.23042],[7.59271,47.23206],[7.59147,47.23352],[7.59051,47.23411],[7.59031,47.23446],[7.58892,47.23492],[7.58884,47.23518],[7.58821,47.23554],[7.58813,47.2359],[7.58673,47.23618],[7.58596,47.23679],[7.58635,47.23746],[7.58527,47.23854],[7.58478,47.24062],[7.58429,47.24128],[7.58358,47.24078],[7.58133,47.24043],[7.57963,47.23967],[7.57771,47.23961],[7.57668,47.23925],[7.57547,47.23913]]]}},{"type":"Feature","properties":{"id":"limpach-201-so","c":"SO","p":"pacht","q":"official","k":"river"},"geometry":{"type":"MultiLineString","coordinates":[[[7.45836,47.10742],[7.43405,47.10052]],[[7.45836,47.10742],[7.4595,47.10258],[7.46191,47.0998],[7.46201,47.09924],[7.4615,47.0987],[7.45593,47.09644],[7.45536,47.09599],[7.45533,47.09542],[7.45699,47.09192],[7.45672,47.09057],[7.45549,47.08929],[7.45525,47.08665],[7.45462,47.08589],[7.45478,47.08506],[7.45549,47.08418],[7.45557,47.08335],[7.4546,47.08229],[7.45452,47.08172],[7.45401,47.08131],[7.45357,47.08006],[7.45294,47.0797],[7.45152,47.07931],[7.45064,47.07862]],[[7.49223,47.11708],[7.45836,47.10742]]]}},{"type":"Feature","properties":{"id":"limpach-202-so","c":"SO","p":"pacht","q":"official","k":"river"},"geometry":{"type":"LineString","coordinates":[[7.52974,47.14875],[7.52541,47.14764],[7.52343,47.14588],[7.52289,47.14252],[7.51918,47.1405],[7.51587,47.13687],[7.51367,47.13317],[7.51379,47.13005],[7.50972,47.12556],[7.5046,47.12271],[7.49856,47.12143],[7.49223,47.11708]]}},{"type":"Feature","properties":{"id":"muelibach-203-so","c":"SO","p":"pacht","q":"official","k":"river"},"geometry":{"type":"MultiLineString","coordinates":[[[7.47772,47.13634],[7.47635,47.13611],[7.4741,47.13434],[7.46942,47.13297],[7.46629,47.13291],[7.46449,47.13242],[7.4624,47.13273],[7.46194,47.13296]],[[7.47772,47.13634],[7.478,47.13544],[7.47741,47.13444],[7.47722,47.1343],[7.477,47.13439],[7.47517,47.1327],[7.47089,47.12944]],[[7.47965,47.13861],[7.47922,47.13755],[7.4785,47.13749],[7.47772,47.13634]],[[7.5241,47.15402],[7.52058,47.15247],[7.51906,47.1515],[7.51754,47.15082],[7.51602,47.15056],[7.5155,47.15025],[7.51154,47.14899],[7.50991,47.14884],[7.50902,47.14935],[7.50788,47.14931],[7.50586,47.14974],[7.50405,47.14926],[7.50307,47.14876],[7.50299,47.14817],[7.50225,47.14777],[7.49833,47.14724],[7.49599,47.14785],[7.49595,47.14805],[7.49512,47.14815],[7.49396,47.14804],[7.49298,47.14724],[7.49221,47.14715],[7.49182,47.14742],[7.49134,47.14736],[7.49093,47.14666],[7.49042,47.14621],[7.48959,47.14598],[7.48778,47.14423],[7.48458,47.14279],[7.4839,47.14187],[7.484,47.14174],[7.48299,47.14088],[7.48115,47.13994]]]}},{"type":"Feature","properties":{"id":"baeche-in-der-gemeinde-schnottwil-204-so","c":"SO","p":"pacht","q":"official","k":"river"},"geometry":{"type":"MultiLineString","coordinates":[[[7.37195,47.1174],[7.37234,47.1173],[7.37443,47.11805]],[[7.37443,47.11805],[7.37483,47.11808],[7.37539,47.11785],[7.37939,47.11514]],[[7.37443,47.11805],[7.37631,47.11948],[7.37729,47.11997],[7.37732,47.12045]],[[7.37732,47.12045],[7.37688,47.12133],[7.37669,47.12342]],[[7.37732,47.12045],[7.3818,47.12241]],[[7.37939,47.11514],[7.38022,47.11449],[7.38263,47.11119],[7.38479,47.11002]],[[7.37939,47.11514],[7.38342,47.11498],[7.38956,47.11604],[7.39155,47.11705],[7.39308,47.1184],[7.39466,47.11929],[7.39557,47.11949]],[[7.3818,47.12241],[7.38295,47.12273],[7.38459,47.12411],[7.38496,47.12492],[7.38562,47.12547],[7.38626,47.12571]],[[7.3818,47.12241],[7.38314,47.12177],[7.38371,47.12102],[7.38482,47.1207],[7.3853,47.12094],[7.38748,47.12117]],[[7.38255,47.10182],[7.3822,47.10147],[7.38203,47.10049],[7.38222,47.1001],[7.3825,47.1001]],[[7.38479,47.11002],[7.3853,47.10854],[7.38505,47.10783],[7.38589,47.10697],[7.3858,47.10655],[7.38442,47.10492],[7.38255,47.10182]],[[7.38255,47.10182],[7.38257,47.10096],[7.38386,47.10081],[7.38507,47.10097]],[[7.39635,47.09836],[7.39346,47.09787],[7.39243,47.09781],[7.39169,47.09799],[7.38983,47.09764],[7.38639,47.09758],[7.3847,47.098],[7.38334,47.099]],[[7.38479,47.11002],[7.38796,47.10986]],[[7.38796,47.10986],[7.38822,47.10956],[7.38865,47.10959]],[[7.38796,47.10986],[7.38865,47.10959]],[[7.38865,47.10959],[7.3909,47.10871],[7.39167,47.10794],[7.39442,47.10679],[7.39626,47.10688],[7.39771,47.10665],[7.40088,47.10673],[7.40332,47.1075],[7.40432,47.10754]],[[7.39635,47.09836],[7.39445,47.09985],[7.39242,47.10055],[7.39147,47.10069]],[[7.39744,47.09686],[7.39714,47.09744],[7.39726,47.09789],[7.39635,47.09836]],[[7.39744,47.09686],[7.39797,47.09721],[7.39801,47.09753],[7.3988,47.09788],[7.39926,47.09847],[7.3994,47.0992],[7.40007,47.10019],[7.39968,47.101],[7.40048,47.10165]],[[7.39747,47.09369],[7.39739,47.09511],[7.39775,47.09648],[7.39744,47.09686]],[[7.40432,47.10754],[7.40432,47.10754]],[[7.40432,47.10754],[7.40602,47.10735],[7.40772,47.1079]]]}},{"type":"Feature","properties":{"id":"muelibach-205-so","c":"SO","p":"pacht","q":"official","k":"river"},"geometry":{"type":"LineString","coordinates":[[7.4288,47.12413],[7.43126,47.12407],[7.43132,47.12372],[7.43208,47.12375],[7.43354,47.12333],[7.43398,47.12265],[7.43384,47.12087],[7.43457,47.11941],[7.43547,47.11838],[7.44296,47.12142],[7.4479,47.12137]]}},{"type":"Feature","properties":{"id":"biberenbach-206-so","c":"SO","p":"pacht","q":"official","k":"river"},"geometry":{"type":"MultiLineString","coordinates":[[[7.43083,47.13078],[7.43083,47.13078]],[[7.43364,47.13288],[7.43299,47.13261],[7.43158,47.13155],[7.43119,47.13076],[7.43085,47.13081],[7.43083,47.13078]],[[7.43364,47.13288],[7.4328,47.1329],[7.43147,47.13228],[7.43092,47.13183],[7.43083,47.13078]],[[7.50009,47.15886],[7.49703,47.15792],[7.49016,47.15661],[7.48679,47.15627],[7.48175,47.15522],[7.48065,47.15478],[7.47868,47.15361],[7.47553,47.15284],[7.47264,47.15129],[7.46699,47.14987],[7.46194,47.14883],[7.46059,47.14795],[7.45924,47.14638],[7.45844,47.14579],[7.45318,47.14384],[7.45026,47.14228],[7.44723,47.14107],[7.44603,47.13961],[7.44567,47.13873],[7.44495,47.13821],[7.44212,47.13735],[7.43989,47.13613],[7.43729,47.13601],[7.4359,47.13557],[7.43491,47.13496],[7.43383,47.13346],[7.43364,47.13288]],[[7.43507,47.12793],[7.43558,47.12828],[7.43761,47.12816],[7.43818,47.12798],[7.43821,47.1275],[7.43859,47.12714],[7.4399,47.1268],[7.44168,47.12716],[7.44298,47.12764],[7.44372,47.12727],[7.44473,47.12763],[7.44516,47.12809],[7.44599,47.12843],[7.44867,47.12912],[7.4504,47.13023]]]}},{"type":"Feature","properties":{"id":"biberenbach-207-so","c":"SO","p":"pacht","q":"official","k":"river"},"geometry":{"type":"LineString","coordinates":[[7.5455,47.16804],[7.54249,47.16645],[7.54081,47.16577],[7.53821,47.165],[7.5329,47.16391],[7.53142,47.16306],[7.52688,47.16236],[7.52621,47.16244],[7.52524,47.16303],[7.52452,47.16318],[7.51991,47.16251],[7.51858,47.16283],[7.51236,47.16242],[7.51115,47.16212],[7.51087,47.16154],[7.50995,47.16075],[7.50811,47.16017],[7.50018,47.15888]]}},{"type":"Feature","properties":{"id":"dorfbach-in-biberist-208-so","c":"SO","p":"pacht","q":"official","k":"river"},"geometry":{"type":"LineString","coordinates":[[7.55809,47.18073],[7.5576,47.18026],[7.55639,47.1797],[7.55614,47.17903],[7.55487,47.17814],[7.5546,47.17663],[7.55378,47.17634],[7.55306,47.17565],[7.55214,47.17524],[7.55212,47.17483],[7.55255,47.17449],[7.55263,47.17355],[7.55202,47.17315],[7.55141,47.17301],[7.55061,47.17124],[7.5499,47.17048],[7.5455,47.16804]]}},{"type":"Feature","properties":{"id":"dorfbach-in-biberist-209-so","c":"SO","p":"pacht","q":"official","k":"river"},"geometry":{"type":"LineString","coordinates":[[7.57394,47.18815],[7.57222,47.18794],[7.57081,47.18727],[7.5699,47.18706],[7.56946,47.18673],[7.5686,47.18674],[7.5675,47.18624],[7.56636,47.18471],[7.56494,47.18425],[7.56329,47.18228],[7.56139,47.18114],[7.55995,47.18098],[7.55904,47.1812],[7.55819,47.18082]]}},{"type":"Feature","properties":{"id":"baerenbach-210-so","c":"SO","p":"pacht","q":"official","k":"river"},"geometry":{"type":"MultiLineString","coordinates":[[[7.51056,47.19597],[7.51081,47.19545],[7.51162,47.19506],[7.51155,47.19417],[7.51203,47.19383],[7.5116,47.19321],[7.51188,47.19253],[7.51182,47.19159],[7.51213,47.19136],[7.51319,47.19135],[7.51368,47.19116],[7.51425,47.19012]],[[7.51334,47.18863],[7.51339,47.18837],[7.51287,47.18798],[7.51297,47.18718],[7.51183,47.186],[7.51177,47.18534],[7.51222,47.18483],[7.5119,47.18398],[7.51114,47.18343],[7.5113,47.18312]],[[7.5113,47.18312],[7.51119,47.18254],[7.5119,47.18171],[7.51227,47.18074],[7.51274,47.18046],[7.51422,47.18011]],[[7.5113,47.18312],[7.51348,47.18179],[7.51422,47.1819]],[[7.51425,47.19012],[7.51438,47.18953],[7.51364,47.18928],[7.51334,47.18863]],[[7.51334,47.18863],[7.51401,47.18847]],[[7.51401,47.18847],[7.51523,47.18529],[7.51598,47.18484],[7.51599,47.18453],[7.5171,47.18351],[7.51716,47.18324]],[[7.51401,47.18847],[7.51441,47.1884],[7.51518,47.18857],[7.51618,47.18756]],[[7.51422,47.18011],[7.51579,47.18051]],[[7.51422,47.18011],[7.51474,47.17959],[7.51467,47.17899]],[[7.51425,47.19012],[7.51613,47.19032],[7.51849,47.1903],[7.51876,47.19017]],[[7.51618,47.18756],[7.51606,47.18726],[7.51634,47.18705]],[[7.51618,47.18756],[7.51756,47.18713]],[[7.51732,47.18309],[7.51829,47.18318],[7.5184,47.18301],[7.51788,47.18203],[7.51649,47.18111]],[[7.51716,47.18324],[7.51657,47.1824],[7.51696,47.1817],[7.51684,47.18155]],[[7.51716,47.18324],[7.51732,47.18309]],[[7.51732,47.18309],[7.51774,47.18239]],[[7.51876,47.19017],[7.52044,47.19041],[7.52133,47.18951]],[[7.51876,47.19017],[7.51875,47.18874],[7.51913,47.18791],[7.52054,47.18668],[7.52227,47.18565],[7.52269,47.18527],[7.52278,47.1848]],[[7.52133,47.18951],[7.52154,47.18923],[7.52286,47.18889]],[[7.52133,47.18951],[7.52162,47.18948],[7.52245,47.18955],[7.52352,47.18925]],[[7.52352,47.18925],[7.5238,47.18938],[7.52469,47.18921],[7.52555,47.18947]],[[7.52352,47.18925],[7.52379,47.18883]]]}},{"type":"Feature","properties":{"id":"sagibach-211-so","c":"SO","p":"pacht","q":"official","k":"river"},"geometry":{"type":"LineString","coordinates":[[7.56979,47.18126],[7.56862,47.17902],[7.56845,47.1782],[7.5688,47.17772],[7.56865,47.17721],[7.56905,47.17681],[7.57039,47.17649],[7.57161,47.17518]]}},{"type":"Feature","properties":{"id":"baeche-in-gerlafingen-212-so","c":"SO","p":"pacht","q":"official","k":"river"},"geometry":{"type":"MultiLineString","coordinates":[[[7.56779,47.17161],[7.56681,47.17154],[7.56691,47.17093],[7.56663,47.17074],[7.56484,47.17063],[7.56414,47.16934],[7.5632,47.16849]],[[7.56905,47.17383],[7.56905,47.17314],[7.57007,47.17293],[7.57006,47.1712],[7.56936,47.17052],[7.56964,47.16906],[7.56952,47.16857],[7.56865,47.16721],[7.5677,47.16676],[7.56699,47.16604],[7.56779,47.16517],[7.5676,47.16463],[7.56802,47.16424],[7.56842,47.16331],[7.56836,47.16283],[7.56808,47.16251],[7.56526,47.16157]],[[7.56779,47.17161],[7.56791,47.17046],[7.56708,47.16819],[7.56633,47.16733],[7.56624,47.16575],[7.56597,47.16558],[7.5655,47.16437]],[[7.56905,47.17383],[7.56867,47.17375],[7.56864,47.17262],[7.56787,47.17263],[7.56762,47.17249],[7.56779,47.17161]],[[7.57167,47.17511],[7.56972,47.1745],[7.56905,47.17383]],[[7.57105,47.16819],[7.57054,47.16693],[7.56953,47.16654],[7.56931,47.16625],[7.5695,47.16577],[7.56937,47.16463],[7.56978,47.16446],[7.56994,47.16402],[7.56954,47.1632],[7.56972,47.16245]],[[7.57359,47.17347],[7.57342,47.17254],[7.57364,47.17093],[7.57207,47.17067],[7.57233,47.16968],[7.57133,47.16914],[7.57105,47.16819]],[[7.57105,47.16819],[7.57249,47.16804],[7.57289,47.16751],[7.57416,47.1676],[7.57489,47.16629],[7.57353,47.16582],[7.57403,47.16509],[7.5741,47.16437]],[[7.57161,47.17518],[7.57167,47.17511]],[[7.57167,47.17511],[7.57278,47.17436],[7.57359,47.17347]],[[7.57359,47.17347],[7.57444,47.17304],[7.57636,47.17251],[7.57665,47.17197]]]}},{"type":"Feature","properties":{"id":"obergadenbach-und-verbindungsbach-in-derendingen-301-so","c":"SO","p":"pacht","q":"official","k":"river"},"geometry":{"type":"MultiLineString","coordinates":[[[7.57859,47.189],[7.57823,47.18804],[7.57882,47.18771]],[[7.57882,47.18771],[7.58054,47.18498],[7.58113,47.18455],[7.58204,47.18425]],[[7.57882,47.18771],[7.57988,47.18766],[7.58094,47.18798],[7.58172,47.18766],[7.58226,47.18716]],[[7.58117,47.19794],[7.58235,47.19766]]]}},{"type":"Feature","properties":{"id":"gruettbach-302-so","c":"SO","p":"pacht","q":"official","k":"river"},"geometry":{"type":"LineString","coordinates":[[7.58468,47.15765],[7.58432,47.15695],[7.5835,47.15615],[7.58416,47.15534],[7.58488,47.15493],[7.58547,47.15395],[7.58631,47.15043],[7.58589,47.14806]]}},{"type":"Feature","properties":{"id":"gruettbach-303-so","c":"SO","p":"pacht","q":"official","k":"river"},"geometry":{"type":"LineString","coordinates":[[7.58295,47.1661],[7.58291,47.16443],[7.58359,47.16226],[7.58397,47.1618],[7.58546,47.16149],[7.58509,47.16009],[7.58578,47.15912],[7.58468,47.15765]]}},{"type":"Feature","properties":{"id":"gruettbach-304-so","c":"SO","p":"pacht","q":"official","k":"river"},"geometry":{"type":"LineString","coordinates":[[7.57783,47.17747],[7.57611,47.17665],[7.57568,47.17605],[7.5757,47.17578],[7.57653,47.17547],[7.57673,47.17444],[7.57743,47.1735],[7.57696,47.17291],[7.57767,47.17217],[7.57912,47.17204],[7.57999,47.17121],[7.58054,47.17126],[7.58309,47.16777],[7.58295,47.1661]]}},{"type":"Feature","properties":{"id":"gruettbach-305-so","c":"SO","p":"pacht","q":"official","k":"river"},"geometry":{"type":"MultiLineString","coordinates":[[[7.58292,47.18907],[7.58289,47.18796],[7.58222,47.18707],[7.58265,47.18557],[7.58204,47.18435],[7.58232,47.18349],[7.58108,47.18254],[7.58094,47.18219],[7.57999,47.18187],[7.57955,47.18101],[7.57783,47.1801],[7.57759,47.17904],[7.57824,47.17831],[7.57812,47.17767],[7.57783,47.17747]],[[7.58649,47.19025],[7.58585,47.18929],[7.58417,47.18897],[7.5831,47.18914],[7.58292,47.18907]],[[7.58293,47.18913],[7.58292,47.18907]]]}},{"type":"Feature","properties":{"id":"gruettbach-306-so","c":"SO","p":"pacht","q":"official","k":"river"},"geometry":{"type":"MultiLineString","coordinates":[[[7.58494,47.19218],[7.58421,47.19146],[7.58293,47.18913]],[[7.58876,47.19584],[7.58554,47.19366],[7.58494,47.19218]],[[7.58494,47.19218],[7.58538,47.19186],[7.58578,47.19097],[7.58649,47.19025]]]}},{"type":"Feature","properties":{"id":"gruettbach-307-so","c":"SO","p":"pacht","q":"official","k":"river"},"geometry":{"type":"MultiLineString","coordinates":[[[7.59137,47.20235],[7.59115,47.20192],[7.59047,47.20139],[7.59047,47.20028],[7.58998,47.19966],[7.59008,47.19853],[7.58972,47.19798],[7.58928,47.19622],[7.58876,47.19584]],[[7.59215,47.20469],[7.59206,47.2038],[7.59147,47.2038],[7.59134,47.20366],[7.59137,47.20235]],[[7.59137,47.20235],[7.59206,47.20111],[7.59313,47.20073]]]}},{"type":"Feature","properties":{"id":"gruettbach-308-so","c":"SO","p":"pacht","q":"official","k":"river"},"geometry":{"type":"LineString","coordinates":[[7.5884,47.21507],[7.58911,47.21359],[7.589,47.21313],[7.59056,47.21047],[7.59196,47.20683],[7.59215,47.20469]]}},{"type":"Feature","properties":{"id":"gruettbach-309-so","c":"SO","p":"pacht","q":"official","k":"river"},"geometry":{"type":"MultiLineString","coordinates":[[[7.59048,47.22428],[7.59047,47.22186],[7.58977,47.22083],[7.58909,47.22019],[7.58747,47.22008],[7.5872,47.21979],[7.58722,47.21874],[7.5878,47.21786],[7.58772,47.21682]],[[7.58772,47.21682],[7.58779,47.2167]],[[7.58772,47.21682],[7.58783,47.21674],[7.58779,47.2167]],[[7.58779,47.2167],[7.58843,47.21593],[7.5884,47.21507]]]}},{"type":"Feature","properties":{"id":"gruettbach-310-so","c":"SO","p":"pacht","q":"official","k":"river"},"geometry":{"type":"MultiLineString","coordinates":[[[7.58878,47.22787],[7.58901,47.22771],[7.59026,47.22792]],[[7.59028,47.22902],[7.59063,47.2284],[7.59026,47.22792]],[[7.59026,47.22792],[7.58773,47.22722],[7.58771,47.22663],[7.58862,47.22458],[7.58943,47.2247],[7.59047,47.22425]],[[7.59026,47.22792],[7.59099,47.22666],[7.58984,47.22617],[7.58999,47.22567],[7.59071,47.22494],[7.59048,47.22428]]]}},{"type":"Feature","properties":{"id":"dorfbaeche-in-recherswil-311-so","c":"SO","p":"pacht","q":"official","k":"river"},"geometry":{"type":"MultiLineString","coordinates":[[[7.5948,47.16841],[7.59493,47.16693],[7.59571,47.16655],[7.59614,47.16594],[7.59608,47.16472]],[[7.598,47.16402],[7.59758,47.163],[7.59836,47.16137],[7.59827,47.16076],[7.59753,47.1604],[7.5971,47.15982],[7.59551,47.15971],[7.59482,47.15944],[7.5945,47.15867],[7.5949,47.15813],[7.59496,47.15736],[7.5957,47.15708],[7.59616,47.15627],[7.59566,47.15498],[7.59495,47.15435],[7.59506,47.15407],[7.59475,47.15356],[7.59501,47.15331],[7.59556,47.15335],[7.59614,47.15314],[7.59658,47.15274],[7.59711,47.15274]],[[7.61543,47.15671],[7.6154,47.15622],[7.61455,47.1555],[7.61449,47.15453]]]}},{"type":"Feature","properties":{"id":"dorfbach-in-kriegstetten-und-gerengraben-312-so","c":"SO","p":"pacht","q":"official","k":"river"},"geometry":{"type":"MultiLineString","coordinates":[[[7.59474,47.1824],[7.59655,47.18091],[7.5971,47.17995],[7.59714,47.17832],[7.59799,47.17499],[7.59788,47.17296]],[[7.59788,47.17296],[7.59763,47.17294],[7.59692,47.17143],[7.59518,47.1692],[7.5948,47.1684]],[[7.60301,47.18351],[7.60088,47.18186],[7.60067,47.1813],[7.60042,47.17945],[7.6008,47.17908],[7.60044,47.17571],[7.60094,47.17454],[7.59995,47.17437],[7.59897,47.17392],[7.59849,47.17313],[7.59788,47.17296]]]}},{"type":"Feature","properties":{"id":"dorfbach-in-derendingen-313-so","c":"SO","p":"pacht","q":"official","k":"river"},"geometry":{"type":"LineString","coordinates":[[7.58649,47.19025],[7.58857,47.18862],[7.58944,47.18818],[7.58947,47.18713],[7.59034,47.18634],[7.59101,47.18531],[7.59183,47.18509],[7.59247,47.18413],[7.59474,47.1824]]}},{"type":"Feature","properties":{"id":"kleine-oesch-314-so","c":"SO","p":"pacht","q":"official","k":"river"},"geometry":{"type":"LineString","coordinates":[[7.59888,47.18983],[7.59859,47.18912],[7.59875,47.18821],[7.59962,47.18693],[7.59984,47.18603],[7.6016,47.18505],[7.60292,47.18377],[7.60425,47.18131],[7.60434,47.17956]]}},{"type":"Feature","properties":{"id":"kleine-oesch-315-so","c":"SO","p":"pacht","q":"official","k":"river"},"geometry":{"type":"LineString","coordinates":[[7.59313,47.20073],[7.59294,47.20047],[7.59237,47.20037],[7.59181,47.19949],[7.59191,47.19915],[7.59286,47.19764],[7.59488,47.19707],[7.5956,47.19715],[7.59605,47.19652],[7.5969,47.19413],[7.59671,47.19379],[7.59771,47.19281],[7.59835,47.18995]]}},{"type":"Feature","properties":{"id":"ruetibach-316-so","c":"SO","p":"pacht","q":"official","k":"river"},"geometry":{"type":"LineString","coordinates":[[7.59402,47.22965],[7.59584,47.22587],[7.59423,47.22343],[7.59414,47.22023],[7.59276,47.21987],[7.59146,47.21927],[7.59246,47.21728],[7.5934,47.21346],[7.593,47.21246],[7.59398,47.21104],[7.59407,47.21052],[7.59337,47.2103],[7.59394,47.2086],[7.59412,47.20597],[7.59329,47.20508],[7.59294,47.20382],[7.59318,47.20332],[7.59277,47.20191],[7.59313,47.20073]]}},{"type":"Feature","properties":{"id":"maccaronibach-317-so","c":"SO","p":"pacht","q":"official","k":"river"},"geometry":{"type":"LineString","coordinates":[[7.61209,47.19288],[7.60957,47.19096],[7.60864,47.18857],[7.60734,47.18672],[7.60336,47.18352],[7.60326,47.1831]]}},{"type":"Feature","properties":{"id":"sagibach-318-so","c":"SO","p":"pacht","q":"official","k":"river"},"geometry":{"type":"LineString","coordinates":[[7.61668,47.20432],[7.61324,47.20343],[7.61338,47.20286],[7.61272,47.20262],[7.61304,47.20096],[7.61156,47.19991],[7.61215,47.19811],[7.61172,47.19666],[7.61268,47.19613],[7.61252,47.19521],[7.61286,47.19427],[7.61315,47.19406],[7.61209,47.19288]]}},{"type":"Feature","properties":{"id":"oesch-319-so","c":"SO","p":"pacht","q":"official","k":"river"},"geometry":{"type":"LineString","coordinates":[[7.6135,47.18717],[7.60949,47.1854],[7.6087,47.18485],[7.60829,47.18419],[7.60783,47.18181],[7.60589,47.18012],[7.60557,47.1795]]}},{"type":"Feature","properties":{"id":"oesch-320-so","c":"SO","p":"pacht","q":"official","k":"river"},"geometry":{"type":"LineString","coordinates":[[7.61594,47.19174],[7.6159,47.19049],[7.61525,47.18888],[7.61448,47.18787],[7.6135,47.18717]]}},{"type":"Feature","properties":{"id":"oesch-321-so","c":"SO","p":"pacht","q":"official","k":"river"},"geometry":{"type":"LineString","coordinates":[[7.61721,47.20294],[7.61761,47.20003],[7.61866,47.19894],[7.61875,47.19813],[7.61673,47.19518],[7.61594,47.19174]]}},{"type":"Feature","properties":{"id":"alte-oesch-322-so","c":"SO","p":"pacht","q":"official","k":"river"},"geometry":{"type":"LineString","coordinates":[[7.62293,47.21444],[7.62187,47.21374],[7.62101,47.21229],[7.61995,47.21197],[7.61952,47.21154],[7.61992,47.21082],[7.61997,47.2097],[7.61919,47.20786],[7.619,47.20677],[7.61999,47.20485],[7.62003,47.20397],[7.61971,47.20328],[7.61721,47.20294]]}},{"type":"Feature","properties":{"id":"alte-oesch-323-so","c":"SO","p":"pacht","q":"official","k":"river"},"geometry":{"type":"MultiLineString","coordinates":[[[7.62474,47.22032],[7.62437,47.22027],[7.6195,47.22121],[7.61808,47.22098],[7.6161,47.22012]],[[7.62474,47.22032],[7.62271,47.21881],[7.62197,47.2176],[7.62196,47.21718],[7.62243,47.21659],[7.62273,47.21635],[7.62357,47.21621],[7.62388,47.21562],[7.62384,47.21504],[7.62293,47.21444]],[[7.63519,47.2273],[7.62474,47.22032]]]}},{"type":"Feature","properties":{"id":"russbach-324-so","c":"SO","p":"pacht","q":"official","k":"river"},"geometry":{"type":"LineString","coordinates":[[7.6209,47.22896],[7.61424,47.22307],[7.61364,47.22231],[7.61341,47.22138],[7.61311,47.21824],[7.61327,47.21706],[7.61498,47.20918],[7.61719,47.20294]]}},{"type":"Feature","properties":{"id":"brunnbach-325-so","c":"SO","p":"pacht","q":"official","k":"river"},"geometry":{"type":"MultiLineString","coordinates":[[[7.61492,47.18314],[7.61326,47.18285],[7.61297,47.1822],[7.61094,47.18115],[7.6089,47.18088]],[[7.6178,47.19021],[7.61823,47.18975],[7.61882,47.1879],[7.61837,47.18702],[7.61721,47.18597],[7.61653,47.18576],[7.61511,47.18461],[7.61492,47.18314]],[[7.61492,47.18314],[7.6153,47.18256],[7.61598,47.18219]],[[7.61595,47.19069],[7.6178,47.19021]],[[7.6178,47.19021],[7.61783,47.19022]]]}},{"type":"Feature","properties":{"id":"oenz-326-so","c":"SO","p":"pacht","q":"official","k":"river"},"geometry":{"type":"MultiLineString","coordinates":[[[7.68924,47.1567],[7.68759,47.15613]],[[7.68924,47.1567],[7.68855,47.15698]],[[7.69292,47.15714],[7.69098,47.15727],[7.68924,47.1567]],[[7.69068,47.16475],[7.69038,47.16478],[7.68968,47.16442]],[[7.69068,47.16475],[7.69048,47.16449]],[[7.69207,47.1654],[7.69068,47.16475]],[[7.69724,47.15902],[7.69459,47.15887],[7.69286,47.15937],[7.69211,47.15941]],[[7.70071,47.16174],[7.6962,47.16191],[7.69526,47.1617],[7.69371,47.16225]],[[7.69724,47.15902],[7.69554,47.15748]],[[7.70027,47.16102],[7.69929,47.16086],[7.69724,47.15902]]]}},{"type":"Feature","properties":{"id":"bantlibach-und-duennern-402-so","c":"SO","p":"pacht","q":"official","k":"river"},"geometry":{"type":"MultiLineString","coordinates":[[[7.4384,47.25398],[7.43744,47.25377],[7.43683,47.25323],[7.43468,47.252],[7.43249,47.2512]],[[7.44414,47.25568],[7.44263,47.25559],[7.44133,47.25529],[7.44011,47.25492],[7.43992,47.25446],[7.4384,47.25398]],[[7.4384,47.25398],[7.43846,47.25328]],[[7.44392,47.25539],[7.44358,47.25524],[7.44328,47.25531],[7.44097,47.25447],[7.43997,47.25394],[7.43966,47.25331]],[[7.44405,47.25496],[7.44359,47.25437],[7.44234,47.25425]],[[7.44405,47.25496],[7.44409,47.25089],[7.4439,47.25061]],[[7.44414,47.25568],[7.44392,47.25539]],[[7.44392,47.25539],[7.44405,47.25496]],[[7.44604,47.25633],[7.44414,47.25568]],[[7.44939,47.25703],[7.44793,47.25697],[7.44604,47.25633]],[[7.44604,47.25633],[7.44726,47.25498],[7.44731,47.25403]],[[7.44939,47.25703],[7.44894,47.25596],[7.44899,47.25397],[7.44929,47.25338]],[[7.4632,47.26024],[7.46264,47.25999],[7.46149,47.25992],[7.46105,47.2596],[7.46039,47.25965],[7.45915,47.25927],[7.45833,47.25917],[7.45793,47.25928],[7.45676,47.25901],[7.45636,47.25873],[7.45582,47.25873],[7.45549,47.25846],[7.45505,47.25851],[7.45312,47.25775],[7.45215,47.25769],[7.45078,47.25724],[7.45025,47.25729],[7.44939,47.25703]],[[7.4632,47.26024],[7.46313,47.2598],[7.46367,47.25897],[7.46376,47.25831],[7.46329,47.25767],[7.46346,47.25634],[7.46273,47.25481],[7.4628,47.25439]],[[7.46572,47.26465],[7.46614,47.26421],[7.46696,47.26437],[7.46753,47.26418],[7.4677,47.26359],[7.46825,47.263],[7.46814,47.26268],[7.46779,47.26219],[7.46667,47.26138],[7.46515,47.26079],[7.46451,47.26095],[7.46401,47.26084],[7.46333,47.26054],[7.4632,47.26024]],[[7.4928,47.26966],[7.49141,47.26921],[7.49029,47.26913],[7.48367,47.26638],[7.48193,47.26598],[7.48197,47.26567],[7.47649,47.26423]]]}},{"type":"Feature","properties":{"id":"duennern-und-zufluesse-403-so","c":"SO","p":"pacht","q":"official","k":"river"},"geometry":{"type":"MultiLineString","coordinates":[[[7.49894,47.2713],[7.49825,47.27095],[7.49799,47.27058],[7.49707,47.2703],[7.4928,47.26966]],[[7.49585,47.27561],[7.49548,47.27528],[7.49377,47.27469]],[[7.49585,47.27561],[7.49408,47.27594]],[[7.4982,47.2762],[7.49735,47.27705],[7.49583,47.27706],[7.49477,47.27678],[7.49454,47.27709]],[[7.49534,47.26797],[7.49489,47.2679],[7.49454,47.26748]],[[7.49667,47.26902],[7.49541,47.26825],[7.49534,47.26797]],[[7.49534,47.26797],[7.49616,47.26687]],[[7.49838,47.27473],[7.49738,47.27537],[7.4963,47.2756],[7.49606,47.27562],[7.49585,47.27561]],[[7.49616,47.26687],[7.49612,47.26614]],[[7.49616,47.26687],[7.49673,47.26666],[7.49684,47.26617]],[[7.49755,47.26967],[7.49667,47.26902]],[[7.49667,47.26902],[7.49709,47.26855]],[[7.4982,47.2762],[7.49836,47.27639],[7.49803,47.27734],[7.49747,47.27784],[7.4975,47.27818]],[[7.49981,47.2709],[7.49875,47.27037],[7.4983,47.27036],[7.49755,47.26967]],[[7.49755,47.26967],[7.49793,47.26904]],[[7.49838,47.27473],[7.4982,47.2762]],[[7.49894,47.2713],[7.49825,47.27281],[7.49852,47.27447],[7.49838,47.27473]],[[7.49981,47.2709],[7.49929,47.27134],[7.49894,47.2713]],[[7.50233,47.27123],[7.49981,47.2709]],[[7.50028,47.27425],[7.50281,47.276],[7.50345,47.2762],[7.50377,47.27657]],[[7.50028,47.27425],[7.49969,47.27459],[7.49992,47.27542],[7.50062,47.27619],[7.50076,47.27671],[7.50185,47.27746],[7.50195,47.27885],[7.50238,47.27952],[7.50239,47.28017],[7.50313,47.28145],[7.50463,47.28295],[7.50453,47.28352]],[[7.50233,47.27123],[7.5023,47.27175],[7.50028,47.27425]],[[7.50277,47.28498],[7.50225,47.28531]],[[7.53002,47.28021],[7.52859,47.28001],[7.52739,47.27957],[7.52485,47.27783],[7.52173,47.27591],[7.52026,47.27464],[7.51935,47.2743],[7.51868,47.27435],[7.51736,47.27402],[7.51708,47.27363],[7.51671,47.27346],[7.51628,47.27355],[7.51588,47.27313],[7.51504,47.27314],[7.51438,47.27283],[7.51358,47.27297],[7.513,47.27242],[7.51245,47.27222],[7.51208,47.27254],[7.51184,47.27233],[7.51147,47.27252],[7.51046,47.27189],[7.5093,47.27158],[7.50858,47.27098],[7.5077,47.27102],[7.50742,47.27085],[7.50723,47.27125],[7.50562,47.271],[7.50478,47.27126],[7.50387,47.27115],[7.50355,47.27137],[7.50321,47.27114],[7.50313,47.27128],[7.50233,47.27123]],[[7.50277,47.28498],[7.50276,47.28549]],[[7.50453,47.28352],[7.50311,47.28449],[7.50277,47.28498]],[[7.50377,47.27657],[7.50316,47.27724],[7.50293,47.27942]],[[7.50377,47.27657],[7.50385,47.27657],[7.50406,47.27664],[7.50418,47.27677],[7.50437,47.27679],[7.5044,47.27688],[7.50456,47.27687],[7.50478,47.27743],[7.50454,47.27946],[7.50467,47.28007],[7.50517,47.28061]],[[7.50453,47.28352],[7.50545,47.28427]],[[7.51683,47.2736],[7.51652,47.27362],[7.51607,47.27403],[7.51454,47.27399],[7.51412,47.2743],[7.51162,47.2748],[7.5105,47.27485],[7.50968,47.27525]],[[7.51656,47.28466],[7.51589,47.2857],[7.51415,47.28642],[7.51366,47.2875],[7.51346,47.28754],[7.51355,47.28788],[7.51302,47.28832]],[[7.51656,47.28466],[7.51578,47.28444],[7.5144,47.28451],[7.51363,47.28425]],[[7.51701,47.28426],[7.51559,47.28374]],[[7.51701,47.28426],[7.51656,47.28466]],[[7.5261,47.27869],[7.52473,47.27947],[7.52216,47.28165],[7.52141,47.28253],[7.51905,47.2831],[7.51701,47.28426]],[[7.53002,47.28021],[7.52997,47.27906],[7.52959,47.27845],[7.52939,47.27709],[7.52951,47.27658],[7.52982,47.27636],[7.5296,47.27574],[7.53062,47.27402],[7.52994,47.27338],[7.52962,47.27236],[7.52915,47.27181],[7.52968,47.27091],[7.52939,47.27069],[7.52933,47.27012],[7.52997,47.26971]],[[7.53309,47.28018],[7.53179,47.28014],[7.53026,47.28021],[7.53002,47.28021]],[[7.53309,47.28018],[7.53273,47.28186],[7.5335,47.28277],[7.53287,47.28358],[7.53306,47.28406]],[[7.53522,47.27996],[7.53417,47.28022],[7.53309,47.28018]],[[7.53522,47.27996],[7.53394,47.27954],[7.53358,47.27805],[7.53456,47.27743],[7.53499,47.27569],[7.53672,47.27426],[7.53701,47.27335],[7.53838,47.27233],[7.53868,47.27164],[7.53953,47.27096],[7.54047,47.27062]],[[7.53696,47.28031],[7.53621,47.27985],[7.53522,47.27996]],[[7.55609,47.28366],[7.55516,47.28331],[7.55431,47.28326],[7.55293,47.28261],[7.5513,47.28222],[7.54943,47.28192],[7.54902,47.28215],[7.54795,47.28167],[7.54558,47.2814],[7.54451,47.28114],[7.54408,47.28126],[7.54336,47.28114],[7.5423,47.28072],[7.53696,47.28031]],[[7.53696,47.28031],[7.5363,47.28062],[7.53621,47.28087],[7.53703,47.28237]],[[7.54603,47.2814],[7.54603,47.28108]]]}},{"type":"Feature","properties":{"id":"duennern-404-so","c":"SO","p":"pacht","q":"official","k":"river"},"geometry":{"type":"MultiLineString","coordinates":[[[7.63162,47.32819],[7.62935,47.32928],[7.62855,47.32915],[7.62721,47.32925]],[[7.63232,47.33072],[7.63169,47.33135],[7.63111,47.33151]],[[7.63162,47.32819],[7.63166,47.32962],[7.63232,47.33072]],[[7.64678,47.32293],[7.6433,47.3238],[7.64188,47.32342],[7.64136,47.32281],[7.64056,47.32257],[7.63967,47.32249],[7.63829,47.32306],[7.63728,47.3232],[7.63674,47.32345],[7.63609,47.3242],[7.63445,47.32438],[7.63403,47.32456],[7.63343,47.32603],[7.63253,47.3267],[7.63162,47.32819]],[[7.63232,47.33072],[7.63411,47.33202],[7.63461,47.3327]],[[7.64797,47.31862],[7.64577,47.31848],[7.6447,47.31883],[7.64231,47.31914],[7.64049,47.31971],[7.6399,47.31965],[7.63918,47.32014],[7.63797,47.32054],[7.63753,47.3213]],[[7.64227,47.30667],[7.64045,47.30608]],[[7.64778,47.30818],[7.64227,47.30667]],[[7.64227,47.30667],[7.64417,47.30143],[7.64503,47.30013],[7.64688,47.2991]],[[7.65106,47.31463],[7.64977,47.31449],[7.6488,47.3147],[7.64757,47.31456],[7.64329,47.31501]],[[7.6483,47.31781],[7.64577,47.31757],[7.64505,47.3177]],[[7.64678,47.32293],[7.647,47.32351],[7.64751,47.32362],[7.64801,47.32402],[7.64804,47.3243],[7.6488,47.32495],[7.64934,47.32576],[7.64965,47.32569],[7.65018,47.32594],[7.65034,47.32687],[7.65102,47.32735],[7.65181,47.32848],[7.65268,47.32891],[7.6536,47.32912],[7.65402,47.32949],[7.6553,47.32976],[7.657,47.33048],[7.65935,47.33054],[7.66004,47.33125]],[[7.65106,47.31463],[7.65071,47.31562],[7.6503,47.31592],[7.64969,47.31589],[7.64951,47.31606],[7.64917,47.3167],[7.64916,47.31744],[7.6483,47.31781],[7.64821,47.31794],[7.6482,47.31831],[7.64797,47.31862],[7.64789,47.319],[7.6484,47.32121],[7.64772,47.32194],[7.64695,47.3224],[7.64678,47.32293]],[[7.66422,47.31129],[7.66025,47.31076],[7.64778,47.30818]],[[7.64778,47.30818],[7.64869,47.30544],[7.64957,47.30523],[7.65013,47.30331],[7.652,47.30295],[7.65244,47.30255],[7.65328,47.30252],[7.65474,47.30108],[7.65551,47.29907]],[[7.65358,47.3094],[7.65287,47.31021],[7.65183,47.31223],[7.65183,47.31288],[7.65106,47.31463]],[[7.66185,47.31103],[7.66114,47.31252],[7.66028,47.31252],[7.6605,47.31305],[7.65989,47.31454],[7.66007,47.31535],[7.65932,47.31649]],[[7.67052,47.30339],[7.66951,47.30364],[7.6687,47.30325],[7.66676,47.30307],[7.66515,47.30181],[7.6645,47.30169],[7.66372,47.30124],[7.66326,47.30075],[7.66175,47.30048]],[[7.66422,47.31129],[7.66356,47.3116],[7.66271,47.31158],[7.66255,47.31204],[7.66274,47.31286],[7.66226,47.31285],[7.66224,47.31311],[7.66183,47.31321],[7.66128,47.31379],[7.66235,47.31445],[7.66198,47.31593]],[[7.67361,47.31072],[7.66905,47.31132],[7.66422,47.31129]]]}},{"type":"Feature","properties":{"id":"duennern-und-zufluss-405-so","c":"SO","p":"pacht","q":"official","k":"river"},"geometry":{"type":"MultiLineString","coordinates":[[[7.68617,47.30777],[7.68574,47.30713],[7.67705,47.30665],[7.6742,47.30511],[7.672,47.30366],[7.67052,47.30339]],[[7.68617,47.30777],[7.67361,47.31072]],[[7.68892,47.30678],[7.68756,47.30741],[7.68617,47.30777]]]}},{"type":"Feature","properties":{"id":"rickenbaechlein-407-so","c":"SO","p":"pacht","q":"official","k":"river"},"geometry":{"type":"MultiLineString","coordinates":[[[7.61481,47.29832],[7.61065,47.29798],[7.60011,47.29609],[7.59529,47.29587],[7.59434,47.29613],[7.5933,47.29601],[7.59308,47.29619],[7.59246,47.29586],[7.59218,47.29653],[7.59142,47.29701],[7.59112,47.29756],[7.59197,47.29841],[7.59209,47.29924],[7.59177,47.30063],[7.59256,47.3016]],[[7.61565,47.29787],[7.61483,47.29846]]]}},{"type":"Feature","properties":{"id":"guldentalbach-408-so","c":"SO","p":"pacht","q":"official","k":"river"},"geometry":{"type":"MultiLineString","coordinates":[[[7.58587,47.33268],[7.58424,47.33151],[7.58389,47.33046]],[[7.58684,47.33379],[7.58407,47.33232]],[[7.59282,47.3364],[7.59019,47.33535],[7.58783,47.33483],[7.58764,47.33428],[7.58692,47.33387],[7.58691,47.33384],[7.58684,47.33379],[7.58682,47.33377],[7.5868,47.33371],[7.58668,47.33365],[7.58653,47.33332],[7.58587,47.33268]],[[7.58587,47.33268],[7.58601,47.33213],[7.58671,47.33157]],[[7.65855,47.34489],[7.65722,47.34513],[7.65705,47.34529],[7.65659,47.34522],[7.65648,47.34545],[7.65567,47.34566],[7.65479,47.34546],[7.65407,47.34569],[7.65324,47.34559],[7.65285,47.34583],[7.65246,47.34581],[7.65188,47.3463],[7.65095,47.34622],[7.65071,47.34658],[7.65033,47.34626],[7.64992,47.34654],[7.64959,47.3465],[7.64926,47.34708],[7.64848,47.34719],[7.64836,47.34761],[7.64776,47.34779],[7.6471,47.34883],[7.64673,47.34851],[7.64489,47.3486],[7.64395,47.3491],[7.64106,47.34945],[7.63989,47.34906],[7.63374,47.34834],[7.63311,47.34797],[7.631,47.34734],[7.63005,47.34753],[7.62869,47.34733],[7.62832,47.34693],[7.62759,47.34689],[7.62733,47.34706],[7.62674,47.34671],[7.62643,47.34683],[7.62589,47.34591],[7.62463,47.34609],[7.62417,47.34589],[7.62366,47.34605],[7.62195,47.34496],[7.62057,47.34459],[7.6196,47.34458],[7.61898,47.34438],[7.6186,47.34393],[7.61817,47.34378],[7.61717,47.34372],[7.61681,47.34389],[7.6155,47.34376],[7.61506,47.34341],[7.61353,47.34284],[7.61334,47.34251],[7.61196,47.34208],[7.61112,47.34211],[7.60752,47.341],[7.60633,47.34037],[7.60353,47.33942],[7.60301,47.33903],[7.60169,47.33916],[7.60056,47.33869],[7.59703,47.33802],[7.59644,47.3376],[7.59493,47.33734],[7.59373,47.33674],[7.59296,47.33657],[7.59287,47.33649],[7.59283,47.33643],[7.59282,47.3364],[7.59282,47.33639]]]}},{"type":"Feature","properties":{"id":"ramiswilerbach-409-so","c":"SO","p":"pacht","q":"official","k":"river"},"geometry":{"type":"LineString","coordinates":[[7.70372,47.34043],[7.70339,47.34057],[7.70297,47.34045],[7.70106,47.34066],[7.69819,47.34159],[7.69117,47.34305],[7.68979,47.34383],[7.68961,47.34424],[7.68871,47.34444],[7.68814,47.34431],[7.68755,47.34443],[7.68669,47.3449],[7.67982,47.34543],[7.67938,47.3456],[7.67842,47.34537],[7.67651,47.34618],[7.67549,47.3464],[7.67461,47.34642],[7.67412,47.34626],[7.6732,47.34651],[7.67295,47.34602],[7.67145,47.34605],[7.66955,47.34644],[7.66681,47.34641],[7.6647,47.34549],[7.66397,47.34501],[7.66399,47.34474],[7.66252,47.34423],[7.66087,47.34482],[7.65915,47.34508],[7.65855,47.34489]]}},{"type":"Feature","properties":{"id":"muemliswilerbach-410-so","c":"SO","p":"pacht","q":"official","k":"river"},"geometry":{"type":"LineString","coordinates":[[7.70856,47.31913],[7.70932,47.32135],[7.70878,47.32262],[7.7084,47.32299],[7.70831,47.32375],[7.70859,47.32439],[7.70778,47.32576],[7.71007,47.32661],[7.71065,47.32726],[7.71067,47.3276],[7.70956,47.32906],[7.70961,47.32985],[7.70893,47.33093],[7.70898,47.33222],[7.70818,47.33399],[7.70861,47.33449],[7.70855,47.33486],[7.70649,47.33735],[7.70446,47.33885],[7.70431,47.3392],[7.7045,47.33968],[7.70384,47.33997],[7.70372,47.34043]]}},{"type":"Feature","properties":{"id":"limmern-und-rickenbach-412-so","c":"SO","p":"pacht","q":"official","k":"river"},"geometry":{"type":"MultiLineString","coordinates":[[[7.70097,47.35852],[7.70082,47.35965],[7.70051,47.36],[7.69969,47.36027],[7.69832,47.3603],[7.69502,47.36129],[7.69449,47.362],[7.69411,47.36207],[7.69371,47.36261],[7.69326,47.36278],[7.69316,47.36321],[7.69193,47.36398],[7.69079,47.36388],[7.68914,47.36431],[7.68894,47.3646],[7.68831,47.36479],[7.68694,47.36477],[7.68588,47.36425],[7.68421,47.36399],[7.68341,47.36427],[7.67917,47.36453]],[[7.70164,47.35278],[7.70001,47.35388],[7.69866,47.35429],[7.69765,47.35522],[7.69533,47.35646],[7.69397,47.35653],[7.69242,47.3562],[7.69072,47.35624]],[[7.69971,47.36399],[7.69369,47.36427],[7.69212,47.36476],[7.69146,47.36526]],[[7.69488,47.36585],[7.69372,47.3659]],[[7.69488,47.36585],[7.69398,47.36671]],[[7.69991,47.36397],[7.69991,47.36467],[7.69725,47.36692],[7.69612,47.36723],[7.69488,47.36723]],[[7.69971,47.36399],[7.69968,47.36422],[7.69796,47.36561],[7.69488,47.36585]],[[7.69991,47.36397],[7.69971,47.36399]],[[7.70295,47.36198],[7.70285,47.36243],[7.702,47.36314],[7.70084,47.36375],[7.69991,47.36397]],[[7.70097,47.35852],[7.70196,47.35953],[7.70171,47.36112],[7.70128,47.36123],[7.70115,47.3615],[7.70295,47.36198]],[[7.70164,47.35278],[7.7021,47.35321],[7.70197,47.35367],[7.70224,47.35416],[7.70162,47.35525],[7.70145,47.35628],[7.70047,47.35687],[7.70034,47.35733],[7.70097,47.35852]],[[7.70498,47.33968],[7.70496,47.34126],[7.70417,47.3439],[7.70242,47.34792],[7.70198,47.34838],[7.7026,47.34892],[7.70198,47.3501],[7.70164,47.35278]],[[7.70295,47.36198],[7.70628,47.36206],[7.70747,47.36257],[7.70923,47.36264],[7.70985,47.36285]],[[7.70445,47.33943],[7.70498,47.33968]],[[7.70498,47.33968],[7.70726,47.34124],[7.70883,47.3413],[7.70984,47.34159],[7.71044,47.34196]],[[7.70985,47.36285],[7.71099,47.36378],[7.71172,47.36403],[7.71277,47.36397]],[[7.70985,47.36285],[7.71139,47.3625],[7.71228,47.36151],[7.71309,47.36114]],[[7.71044,47.34196],[7.71167,47.34208],[7.71223,47.34186],[7.71332,47.34204],[7.71445,47.34194],[7.71551,47.34215],[7.71714,47.34181],[7.7187,47.34178]],[[7.71044,47.34196],[7.71318,47.34499],[7.7143,47.34521],[7.71618,47.34513],[7.71918,47.34544],[7.72037,47.34583],[7.72236,47.34754],[7.72429,47.34741],[7.72477,47.34761],[7.72497,47.34815],[7.72682,47.34901],[7.72817,47.34912],[7.72902,47.34951],[7.73122,47.34955]],[[7.71277,47.36397],[7.71398,47.36486],[7.71618,47.3655],[7.71695,47.36599],[7.71769,47.366],[7.71775,47.36622],[7.71844,47.36652],[7.71963,47.36675],[7.72041,47.36652],[7.72164,47.36676],[7.72239,47.36661],[7.7234,47.36718],[7.72441,47.36738],[7.725,47.36791]],[[7.71277,47.36397],[7.71343,47.36327],[7.71466,47.36294],[7.71513,47.36262],[7.71607,47.36245]],[[7.71607,47.36245],[7.71709,47.36219],[7.71948,47.36198]],[[7.71607,47.36245],[7.71657,47.36198],[7.71764,47.36165],[7.71796,47.3609],[7.71937,47.35991],[7.72195,47.35854]],[[7.7187,47.34178],[7.72274,47.3423],[7.7254,47.34301]],[[7.7187,47.34178],[7.71941,47.34155],[7.71986,47.34046],[7.72151,47.33947],[7.72229,47.33934],[7.72587,47.33974]],[[7.71948,47.36198],[7.72021,47.36116],[7.72285,47.36107]],[[7.71948,47.36198],[7.72238,47.36179],[7.72262,47.36197],[7.7239,47.36217]],[[7.72285,47.36107],[7.72481,47.36075]],[[7.72285,47.36107],[7.72382,47.36157],[7.72719,47.36165]],[[7.7239,47.36217],[7.7239,47.36217]],[[7.7239,47.36217],[7.72469,47.36235],[7.72558,47.36285],[7.72674,47.36295]],[[7.7239,47.36217],[7.72477,47.36206],[7.72635,47.36233],[7.72838,47.36223],[7.72968,47.36158],[7.73134,47.36146],[7.73182,47.36107],[7.73226,47.36107]],[[7.73122,47.34955],[7.73161,47.35033],[7.73172,47.3515],[7.73115,47.3525],[7.73118,47.35318],[7.73304,47.35387],[7.73531,47.35403]],[[7.73122,47.34955],[7.73171,47.34951],[7.73393,47.35004],[7.73545,47.34978],[7.73577,47.34958],[7.73653,47.34958],[7.73681,47.34916],[7.73663,47.34851],[7.73725,47.3471],[7.7383,47.34689],[7.74074,47.34699]]]}},{"type":"Feature","properties":{"id":"baeche-in-der-gemeinde-holderbank-413-so","c":"SO","p":"pacht","q":"official","k":"river"},"geometry":{"type":"MultiLineString","coordinates":[[[7.72944,47.32401],[7.73112,47.32496],[7.7338,47.32717],[7.73503,47.32743],[7.73745,47.3295],[7.74027,47.33057]],[[7.74027,47.33057],[7.73963,47.33174],[7.73868,47.33258],[7.73797,47.33249],[7.73711,47.33284],[7.73604,47.33378],[7.73501,47.33431],[7.73488,47.33459],[7.73552,47.33542]],[[7.74027,47.33057],[7.74289,47.33189],[7.74497,47.33224]],[[7.74497,47.33224],[7.74536,47.33468],[7.74447,47.33523]],[[7.74497,47.33224],[7.74866,47.33314],[7.75068,47.3331],[7.75259,47.33255],[7.75355,47.33266],[7.75497,47.33306],[7.75598,47.33374],[7.75662,47.33376],[7.75733,47.33414],[7.75979,47.33469],[7.76041,47.33552],[7.7615,47.33609],[7.76695,47.33742]],[[7.748,47.33312],[7.74767,47.33413],[7.74774,47.33579],[7.74749,47.33665]],[[7.7624,47.34219],[7.76129,47.34257],[7.76025,47.34244],[7.75848,47.34266],[7.75758,47.34227],[7.75687,47.3422]],[[7.75892,47.33439],[7.75937,47.33396],[7.75965,47.33291],[7.76042,47.33216],[7.76134,47.33044],[7.76069,47.32966],[7.75977,47.32908]],[[7.7624,47.34219],[7.7628,47.34219]],[[7.7628,47.34219],[7.76277,47.34212],[7.7624,47.34219]],[[7.7628,47.34219],[7.76264,47.34215],[7.7624,47.34219]],[[7.7671,47.34245],[7.76522,47.34255],[7.7628,47.34219]],[[7.76695,47.33742],[7.76868,47.33846],[7.76897,47.33892]],[[7.76695,47.33742],[7.76896,47.3357],[7.76869,47.33528],[7.76928,47.33462],[7.76903,47.33446],[7.76914,47.33335],[7.76978,47.33213],[7.7701,47.33213],[7.77038,47.33174],[7.77221,47.33185],[7.77511,47.33258],[7.7775,47.3325],[7.78016,47.33282]],[[7.76897,47.33892],[7.76897,47.33896]],[[7.76897,47.33892],[7.77034,47.33877],[7.7729,47.33939],[7.77399,47.33948],[7.77621,47.33945],[7.77761,47.33919],[7.77866,47.33931],[7.7797,47.33919],[7.78239,47.33957],[7.78298,47.33932],[7.78525,47.33893]]]}},{"type":"Feature","properties":{"id":"augstbach-414-so","c":"SO","p":"pacht","q":"official","k":"river"},"geometry":{"type":"LineString","coordinates":[[7.68892,47.30678],[7.68812,47.3081],[7.68817,47.30989],[7.69249,47.31431],[7.69272,47.31504],[7.69317,47.3154],[7.6954,47.31539],[7.69726,47.31575],[7.69816,47.31619],[7.69965,47.31613],[7.70052,47.31662],[7.70892,47.31925],[7.71051,47.32001],[7.71429,47.32091],[7.71639,47.32185],[7.7201,47.32265],[7.72336,47.32377],[7.72725,47.32431],[7.7281,47.32421],[7.7284,47.32398],[7.72944,47.32401]]}},{"type":"Feature","properties":{"id":"schweissackerkanal-415-so","c":"SO","p":"pacht","q":"official","k":"river"},"geometry":{"type":"LineString","coordinates":[[7.81834,47.2774],[7.81653,47.27843],[7.8149,47.27877],[7.80844,47.27851],[7.80517,47.27725],[7.80044,47.2743],[7.79689,47.27314],[7.78011,47.27075],[7.77414,47.26869],[7.77275,47.26798],[7.77049,47.26736]]}},{"type":"Feature","properties":{"id":"mittelgaeubach-und-chrebskanal-416-so","c":"SO","p":"pacht","q":"official","k":"river"},"geometry":{"type":"MultiLineString","coordinates":[[[7.7429,47.28117],[7.7379,47.27838],[7.73757,47.27843],[7.73546,47.27954],[7.72735,47.28575],[7.72682,47.28642]],[[7.768,47.29421],[7.76549,47.29325],[7.76311,47.29276],[7.76243,47.29294],[7.76101,47.29292],[7.75702,47.29177],[7.74766,47.2856],[7.74463,47.28229],[7.7429,47.28117]],[[7.768,47.29421],[7.76789,47.294],[7.77047,47.29095],[7.76221,47.28855],[7.7571,47.28537],[7.75575,47.28513],[7.75333,47.28393],[7.75151,47.2827],[7.75061,47.28352],[7.74903,47.28311],[7.74391,47.28104],[7.7429,47.28117]],[[7.8155,47.30887],[7.81458,47.30853],[7.81294,47.30835],[7.81108,47.30744],[7.81136,47.30683],[7.80748,47.30504],[7.8002,47.30332],[7.79638,47.30319],[7.79449,47.30249],[7.79042,47.30219],[7.7866,47.30095],[7.78296,47.29955],[7.78441,47.29766],[7.78327,47.2973],[7.78123,47.297],[7.78001,47.2972],[7.77655,47.29621],[7.77431,47.29613],[7.77041,47.29367],[7.76942,47.29461],[7.768,47.29421]]]}},{"type":"Feature","properties":{"id":"haegendoerfer-bach-505-so","c":"SO","p":"pacht","q":"official","k":"river"},"geometry":{"type":"MultiLineString","coordinates":[[[7.80182,47.34318],[7.80034,47.3423],[7.79932,47.34208],[7.7977,47.34135],[7.79378,47.34055]],[[7.79815,47.34444],[7.79532,47.34499],[7.79501,47.34512],[7.79501,47.34536]],[[7.79678,47.34421],[7.79534,47.34337]],[[7.79678,47.34421],[7.7961,47.34413],[7.79557,47.34379]],[[7.79815,47.34444],[7.79728,47.34418],[7.79678,47.34421]],[[7.80028,47.34408],[7.79966,47.34446],[7.79878,47.3443],[7.79815,47.34444]],[[7.80028,47.34408],[7.79988,47.34413],[7.79888,47.34386]],[[7.8417,47.33475],[7.8413,47.33509],[7.83855,47.33566],[7.83712,47.33628],[7.8359,47.33725],[7.83627,47.33836],[7.83597,47.33868],[7.83335,47.3395],[7.83333,47.33979],[7.83235,47.34026],[7.83175,47.34178],[7.82998,47.34252],[7.82932,47.34328],[7.82652,47.34432],[7.82436,47.34407],[7.82367,47.34437],[7.82255,47.34423],[7.82174,47.34441],[7.82117,47.3442],[7.82055,47.3444],[7.81858,47.34417],[7.81739,47.34377],[7.81532,47.34375],[7.81455,47.34352],[7.81319,47.34346],[7.81246,47.34369],[7.81091,47.34378],[7.80644,47.34316],[7.80608,47.34328],[7.80448,47.34317],[7.8043,47.34335],[7.80293,47.3433],[7.80266,47.34314],[7.80182,47.34318],[7.80028,47.34408]]]}},{"type":"Feature","properties":{"id":"rickenbacher-dorfbach-506-so","c":"SO","p":"pacht","q":"official","k":"river"},"geometry":{"type":"MultiLineString","coordinates":[[[7.81772,47.35824],[7.81611,47.35935]],[[7.86234,47.33586],[7.86179,47.33593],[7.85985,47.33824],[7.85726,47.34003],[7.85597,47.34005],[7.85564,47.34033],[7.85527,47.34031],[7.85398,47.34092],[7.85301,47.34111],[7.8518,47.34172],[7.85076,47.34167],[7.84759,47.34296],[7.84701,47.34448],[7.84712,47.34481],[7.84619,47.34618],[7.84573,47.34621],[7.84461,47.3467],[7.84166,47.34673],[7.84092,47.34689],[7.84009,47.34843],[7.84003,47.34881],[7.84057,47.34949],[7.84039,47.34988],[7.83959,47.35067],[7.83816,47.35096],[7.838,47.35148],[7.83719,47.35201],[7.83256,47.3529],[7.83152,47.35266],[7.83002,47.35264],[7.8277,47.35319],[7.82725,47.35339],[7.82711,47.35415],[7.82772,47.3553],[7.82721,47.35572],[7.82711,47.35622],[7.82632,47.35679],[7.8256,47.35705],[7.82391,47.35707],[7.82348,47.3574],[7.82208,47.35741],[7.82092,47.35796],[7.82052,47.35793],[7.8196,47.35826],[7.81803,47.35829]]]}},{"type":"Feature","properties":{"id":"baeche-in-fulenbach-508-so","c":"SO","p":"pacht","q":"official","k":"river"},"geometry":{"type":"MultiLineString","coordinates":[[[7.83281,47.2682],[7.83172,47.26921],[7.83013,47.26885],[7.82916,47.26842],[7.82776,47.26818],[7.82666,47.26854],[7.82542,47.26952],[7.82365,47.27186],[7.82136,47.27355],[7.81807,47.27713],[7.81832,47.27741]],[[7.84048,47.27402],[7.83825,47.27469],[7.83933,47.27617],[7.83921,47.27635],[7.83855,47.27633],[7.8358,47.27504],[7.83533,47.27379],[7.83488,47.27343],[7.83337,47.27351],[7.8328,47.27311],[7.83201,47.27239],[7.8321,47.27197],[7.83175,47.2712],[7.8305,47.2695],[7.82769,47.26862],[7.82628,47.26949],[7.82363,47.27233],[7.82177,47.2736],[7.82065,47.27491],[7.82017,47.27586],[7.81834,47.2774]]]}},{"type":"Feature","properties":{"id":"bachmattbaechli-509-so","c":"SO","p":"pacht","q":"official","k":"river"},"geometry":{"type":"MultiLineString","coordinates":[[[7.98357,47.34608],[7.98365,47.34561],[7.98313,47.34472],[7.98354,47.34418],[7.98331,47.34397],[7.98267,47.34393],[7.98295,47.34373],[7.98289,47.34294],[7.98232,47.34226],[7.98196,47.3422],[7.98198,47.34192]],[[7.98606,47.36305],[7.98605,47.3629],[7.98521,47.36289],[7.98461,47.36223],[7.98413,47.36041],[7.98268,47.35825],[7.98095,47.35712],[7.98024,47.35625],[7.98067,47.35574],[7.98252,47.35467],[7.98385,47.35357],[7.98386,47.35212],[7.983,47.35142],[7.98419,47.35015],[7.98386,47.34882],[7.98438,47.34846],[7.9846,47.34756],[7.98357,47.34608]],[[7.98357,47.34608],[7.985,47.34571],[7.9872,47.34411],[7.98803,47.34374],[7.98835,47.34378]],[[7.98835,47.34378],[7.98846,47.34395],[7.98918,47.34393]],[[7.98835,47.34378],[7.98995,47.34316],[7.99022,47.34287]]]}},{"type":"Feature","properties":{"id":"gretzenbach-510-so","c":"SO","p":"pacht","q":"official","k":"river"},"geometry":{"type":"LineString","coordinates":[[7.99347,47.36299],[7.9936,47.36255],[7.99254,47.36211],[7.99224,47.36215],[7.99168,47.36168],[7.99212,47.36088],[7.99209,47.36031],[7.99268,47.35965],[7.99372,47.35902],[7.99381,47.35838],[7.99337,47.35786],[7.9936,47.35714],[7.99423,47.35694],[7.99534,47.35552],[7.99691,47.35488],[7.99753,47.3543],[7.99774,47.35395],[7.99736,47.35317],[7.99751,47.35277],[7.99967,47.351],[7.99924,47.35031],[7.99965,47.34875],[7.99948,47.34706],[7.99889,47.34581],[7.99975,47.34539],[7.99982,47.345],[7.99954,47.34462],[8.00035,47.34399],[7.99992,47.34338],[8.0005,47.34311],[8.00096,47.34243],[8.00071,47.3423],[8.0009,47.34197],[8.00143,47.34187],[8.00175,47.34154],[8.00259,47.33953],[8.00318,47.33892],[8.00314,47.33817],[8.00277,47.33667],[8.00238,47.33624],[8.00139,47.33603],[8.00056,47.33488],[7.99547,47.33322],[7.9916,47.33298],[7.9906,47.33276],[7.99032,47.33191],[7.9896,47.33108]]}},{"type":"Feature","properties":{"id":"trimbacher-bach-grabenbach-dorfbach-511-so","c":"SO","p":"pacht","q":"official","k":"river"},"geometry":{"type":"MultiLineString","coordinates":[[[7.84894,47.36782],[7.84783,47.36711],[7.846,47.36712],[7.84539,47.36683],[7.84269,47.36621],[7.84203,47.3657],[7.842,47.36487]],[[7.85108,47.36961],[7.84785,47.36988],[7.84691,47.36972],[7.84632,47.36915],[7.84503,47.36915]],[[7.84819,47.36723],[7.84814,47.36687],[7.84754,47.36653],[7.84741,47.36429],[7.8479,47.3636],[7.84837,47.3619]],[[7.86704,47.37136],[7.8654,47.37204],[7.86371,47.37212],[7.8614,47.37273],[7.85848,47.3727],[7.85797,47.37237],[7.8576,47.37159],[7.8569,47.37143],[7.85622,47.37098],[7.85444,47.37046],[7.85335,47.3704],[7.8512,47.36968],[7.85108,47.36961],[7.85103,47.36937],[7.85061,47.36919],[7.85018,47.36849],[7.84894,47.36782]],[[7.84894,47.36782],[7.84856,47.36729],[7.84847,47.36655],[7.85046,47.36428],[7.85038,47.36318]],[[7.85054,47.3628],[7.85014,47.36219]],[[7.85038,47.36318],[7.85054,47.3628]],[[7.85038,47.36318],[7.85122,47.36301],[7.85184,47.36241],[7.85183,47.36145]],[[7.85054,47.3628],[7.85095,47.36268]],[[7.86145,47.36851],[7.85953,47.36779],[7.85884,47.36723]],[[7.85937,47.36509],[7.8594,47.3649],[7.85888,47.3646]],[[7.85937,47.36509],[7.85897,47.36501]],[[7.86145,47.36851],[7.86078,47.36753],[7.86016,47.3657],[7.85937,47.36509]],[[7.86704,47.37136],[7.86652,47.37107],[7.86498,47.3707],[7.86321,47.36911],[7.86145,47.36851]],[[7.86355,47.3623],[7.86271,47.36236]],[[7.86363,47.36236],[7.86319,47.36265]],[[7.86355,47.3623],[7.8633,47.36216]],[[7.86363,47.36236],[7.86355,47.3623]],[[7.87294,47.3661],[7.87098,47.36539],[7.8697,47.36535],[7.8685,47.36449],[7.86858,47.3641],[7.86744,47.36309],[7.86363,47.36236]],[[7.87348,47.36906],[7.87287,47.36898],[7.87231,47.36951],[7.8712,47.36973],[7.87096,47.37],[7.86892,47.37092],[7.86704,47.37136]],[[7.87294,47.3661],[7.87238,47.36528],[7.87169,47.36507],[7.87051,47.36358]],[[7.87348,47.36906],[7.87305,47.36936],[7.87295,47.36975],[7.87331,47.37105],[7.87313,47.37127],[7.87339,47.3728],[7.87243,47.37417],[7.873,47.37462],[7.87265,47.37662],[7.87292,47.37767],[7.87114,47.37993],[7.87158,47.38005],[7.87177,47.38031]],[[7.87702,47.36828],[7.87649,47.36826],[7.8757,47.36737],[7.87478,47.36716],[7.87294,47.3661]],[[7.87702,47.36828],[7.87682,47.36846],[7.87552,47.36866],[7.87444,47.36905],[7.87348,47.36906]],[[7.88295,47.36556],[7.88236,47.36445],[7.8802,47.36389],[7.87516,47.36018],[7.87377,47.35967]],[[7.87834,47.368],[7.87702,47.36828]],[[7.87834,47.368],[7.87872,47.36838],[7.87853,47.36911],[7.87705,47.36963]],[[7.8792,47.36756],[7.87823,47.36716],[7.87749,47.36733]],[[7.8792,47.36756],[7.87834,47.368]],[[7.88191,47.36692],[7.8792,47.36756]],[[7.88191,47.36692],[7.88179,47.36718],[7.88312,47.36792],[7.88392,47.36901],[7.88409,47.37],[7.88343,47.37225]],[[7.89516,47.36383],[7.89416,47.36301],[7.89353,47.36315],[7.89244,47.36293],[7.89063,47.36361],[7.89035,47.36432],[7.88668,47.36573],[7.88635,47.3657],[7.88605,47.3654],[7.88467,47.36541],[7.88428,47.36526],[7.88354,47.36556],[7.88292,47.36557],[7.88256,47.36579],[7.88224,47.36677],[7.88191,47.36692]],[[7.88221,47.37592],[7.88253,47.37676],[7.88245,47.37735],[7.88221,47.37748],[7.88244,47.37803],[7.88307,47.37842],[7.88331,47.37947],[7.88428,47.38036],[7.88602,47.38067],[7.88666,47.38102],[7.88794,47.38081],[7.88866,47.38132]],[[7.88221,47.37509],[7.88221,47.37592]],[[7.88221,47.37509],[7.88231,47.37551],[7.88221,47.37592]],[[7.88221,47.37592],[7.88273,47.37524],[7.88255,47.37508],[7.88221,47.37509]],[[7.88343,47.37225],[7.88326,47.37307],[7.88275,47.37384],[7.88317,47.37417],[7.88234,47.37464],[7.88221,47.37509]],[[7.88343,47.37225],[7.88419,47.3731],[7.88397,47.37459]],[[7.88537,47.38057],[7.88543,47.38092],[7.88607,47.38094],[7.88664,47.38117]],[[7.90686,47.35863],[7.90636,47.35877],[7.90327,47.361],[7.90126,47.36206],[7.90001,47.36179],[7.89939,47.36202],[7.89795,47.36217],[7.89628,47.36341],[7.89561,47.36379],[7.89534,47.36383],[7.89516,47.36383]],[[7.89516,47.36383],[7.89436,47.36454],[7.8952,47.36609],[7.89535,47.36713],[7.89512,47.36764],[7.8959,47.36923],[7.89856,47.37114],[7.89882,47.37269]]]}},{"type":"Feature","properties":{"id":"baeche-in-der-gemeinde-wisen-512-so","c":"SO","p":"pacht","q":"official","k":"river"},"geometry":{"type":"MultiLineString","coordinates":[[[7.88734,47.38649],[7.88725,47.38616]],[[7.88801,47.39001],[7.88843,47.38944],[7.88744,47.38804],[7.88734,47.38649]],[[7.88734,47.38649],[7.88811,47.38582]],[[7.88801,47.39001],[7.88851,47.39006],[7.88907,47.3899],[7.89001,47.38927],[7.89085,47.38911],[7.89226,47.38832]],[[7.89614,47.3991],[7.8946,47.39834],[7.89311,47.39636],[7.89202,47.39569],[7.89137,47.39554],[7.89079,47.3949],[7.89027,47.39466],[7.88924,47.39346],[7.88909,47.39278],[7.88812,47.39216],[7.88716,47.3908],[7.88763,47.39015],[7.88801,47.39001]],[[7.89226,47.38832],[7.89352,47.38859],[7.89413,47.38843],[7.89546,47.38858],[7.89636,47.38894]],[[7.89226,47.38832],[7.89319,47.38704],[7.89423,47.38666],[7.89547,47.38601],[7.89618,47.3859]],[[7.8974,47.40252],[7.89684,47.40229],[7.89563,47.40243],[7.89337,47.4031]],[[7.89423,47.38666],[7.89441,47.38506]],[[7.89898,47.40168],[7.89761,47.40081],[7.89674,47.39946],[7.89614,47.3991]],[[7.89614,47.3991],[7.89703,47.3984],[7.90042,47.39707],[7.90242,47.39488]],[[7.89618,47.3859],[7.89618,47.38549]],[[7.89618,47.3859],[7.8973,47.38583],[7.89813,47.38609]]]}},{"type":"Feature","properties":{"id":"baeche-von-lostorf-und-obergoesgen-513-so","c":"SO","p":"pacht","q":"official","k":"river"},"geometry":{"type":"MultiLineString","coordinates":[[[7.91089,47.38961],[7.91061,47.38932],[7.908,47.38861]],[[7.91338,47.39131],[7.91138,47.39067],[7.91089,47.38961]],[[7.91089,47.38961],[7.91104,47.38917]],[[7.95497,47.37053],[7.94707,47.37186],[7.94165,47.37534],[7.94,47.37663],[7.9383,47.37738],[7.93757,47.37749],[7.93674,47.37808],[7.93528,47.37818],[7.93293,47.37943],[7.93091,47.3809],[7.92963,47.38136],[7.92477,47.38131],[7.91963,47.38092],[7.91685,47.38121],[7.91399,47.38067],[7.91291,47.37999],[7.91177,47.37959]],[[7.91331,47.39014],[7.91317,47.38999]],[[7.91338,47.39131],[7.91316,47.39041],[7.91331,47.39014]],[[7.91331,47.39014],[7.91347,47.38985]],[[7.91484,47.39193],[7.9143,47.39184],[7.91338,47.39131]],[[7.91484,47.39193],[7.91387,47.39188]],[[7.92762,47.39226],[7.92664,47.39221],[7.92495,47.39277],[7.92132,47.39324],[7.92048,47.39296],[7.91894,47.39291],[7.91763,47.39231],[7.91582,47.39208],[7.91546,47.39189],[7.91529,47.39195],[7.91484,47.39193]],[[7.92407,47.39279],[7.92346,47.39245],[7.9224,47.39235]],[[7.92762,47.39226],[7.92684,47.39297]],[[7.93887,47.39128],[7.93806,47.3921],[7.93683,47.39231],[7.93561,47.39227],[7.93505,47.392],[7.93414,47.39193],[7.93343,47.39206],[7.93074,47.39202],[7.92904,47.39224],[7.92882,47.39219],[7.92814,47.39231],[7.92762,47.39226]],[[7.93887,47.39128],[7.93907,47.39229]],[[7.95497,47.37053],[7.95453,47.37641],[7.94813,47.38558],[7.94587,47.38716],[7.9452,47.38724],[7.94485,47.38758],[7.94404,47.38787],[7.94255,47.38796],[7.94088,47.38981],[7.94008,47.38994],[7.93916,47.39036],[7.93912,47.391],[7.93887,47.39128]],[[7.93907,47.39229],[7.93946,47.3923],[7.9414,47.39468],[7.94456,47.39509],[7.94659,47.39642],[7.94877,47.39691],[7.94947,47.39728],[7.9498,47.39719],[7.95014,47.39733]],[[7.93907,47.39229],[7.93898,47.39382],[7.9395,47.39511]],[[7.95924,47.36776],[7.95827,47.36798],[7.95786,47.36842],[7.95676,47.36896],[7.9561,47.36896],[7.95497,47.37053]]]}},{"type":"Feature","properties":{"id":"baeche-von-stuesslingen-und-rohr-514-so","c":"SO","p":"pacht","q":"official","k":"river"},"geometry":{"type":"MultiLineString","coordinates":[[[7.93996,47.41028],[7.93822,47.40992]],[[7.94214,47.41089],[7.9419,47.41056],[7.94128,47.41031],[7.94047,47.4104],[7.93996,47.41028]],[[7.94214,47.41089],[7.93996,47.41028]],[[7.95453,47.37641],[7.95492,47.37687],[7.96173,47.38147],[7.96442,47.38253],[7.96911,47.38393],[7.97037,47.38456],[7.97133,47.38534],[7.97171,47.38609],[7.97176,47.38724],[7.9712,47.38902],[7.97038,47.39052],[7.97015,47.39206],[7.97061,47.39301],[7.97062,47.39376],[7.97035,47.39483],[7.9697,47.39581],[7.96892,47.3962],[7.96886,47.39665],[7.96829,47.39691],[7.96823,47.39718],[7.9656,47.39813],[7.96466,47.39803],[7.9649,47.39861],[7.96476,47.39922],[7.96431,47.39967],[7.96437,47.40003],[7.96322,47.40058],[7.96271,47.40182],[7.96112,47.40235],[7.95983,47.40314],[7.95636,47.40394],[7.95601,47.40415],[7.95541,47.40494],[7.95548,47.40651],[7.9551,47.4081],[7.95525,47.40858],[7.95518,47.40894],[7.95471,47.4093],[7.95188,47.41057],[7.94916,47.41083],[7.9484,47.41146],[7.94711,47.41156],[7.94417,47.41136],[7.94214,47.41089]],[[7.95076,47.41527],[7.95022,47.41558],[7.94776,47.41576]],[[7.95022,47.41558],[7.95033,47.41641]],[[7.95076,47.41527],[7.95104,47.41635]],[[7.95187,47.41057],[7.95163,47.41093],[7.9518,47.41195],[7.9514,47.41214],[7.9512,47.41263],[7.95162,47.41457],[7.95076,47.41527]],[[7.9552,47.40893],[7.95616,47.4096]],[[7.95616,47.4096],[7.95949,47.41041],[7.9616,47.41252]],[[7.95616,47.4096],[7.95634,47.41018],[7.95742,47.41074],[7.95851,47.41182],[7.95791,47.4143]],[[7.96548,47.3999],[7.96624,47.40104]]]}},{"type":"Feature","properties":{"id":"brunnbaechli-und-dubenmossbach-515-so","c":"SO","p":"pacht","q":"official","k":"river"},"geometry":{"type":"MultiLineString","coordinates":[[[8.00477,47.38557],[8.00356,47.38594],[8.00346,47.38659],[8.00395,47.38727],[8.00283,47.38806],[8.00076,47.3884],[7.99696,47.38851],[7.99584,47.3884],[7.99465,47.38806],[7.99264,47.38793],[7.9922,47.3876],[7.99025,47.38712],[7.98718,47.38537],[7.98674,47.38489]],[[8.00124,47.39895],[8.001,47.39869],[7.99936,47.3988],[7.99835,47.39869],[7.99518,47.39725],[7.992,47.39642]],[[8.00395,47.39498],[8.00345,47.39508],[8.00241,47.39423],[8.00056,47.39374],[8.00003,47.39337],[7.99898,47.39329],[7.99822,47.39346],[7.99778,47.39335],[7.99759,47.39296]],[[8.00124,47.39895],[8.00155,47.39903],[8.00164,47.39892]],[[8.00164,47.39892],[8.00161,47.39889],[8.00124,47.39895]],[[8.00164,47.39892],[8.00124,47.39895]],[[8.00944,47.38674],[8.00924,47.38721],[8.00938,47.39145],[8.00896,47.39349],[8.00853,47.39391],[8.00796,47.39385],[8.00766,47.3952],[8.00694,47.39628],[8.00665,47.3963],[8.00636,47.39664],[8.00578,47.39834],[8.00176,47.39858],[8.00164,47.39892]],[[8.00395,47.39498],[8.00345,47.39721]],[[8.00781,47.39409],[8.00715,47.39414],[8.00659,47.39462],[8.00615,47.39443],[8.00395,47.39498]]]}},{"type":"Feature","properties":{"id":"mittelgaeubach-und-boningerbach-516-so","c":"SO","p":"pacht","q":"official","k":"river"},"geometry":{"type":"MultiLineString","coordinates":[[[7.81589,47.30893],[7.8155,47.30887]],[[7.88532,47.34478],[7.88541,47.34451],[7.88636,47.34456],[7.8872,47.34347],[7.88938,47.34265],[7.89075,47.34032],[7.88771,47.33976],[7.88492,47.33901],[7.88224,47.33919],[7.88036,47.33863],[7.8763,47.33884],[7.87268,47.33715],[7.87145,47.33617],[7.87007,47.33546],[7.86652,47.33434],[7.8645,47.33425],[7.86349,47.33376],[7.86323,47.33332],[7.86361,47.33296],[7.86285,47.33226],[7.86296,47.33181],[7.86393,47.33107],[7.86093,47.32972],[7.85936,47.32844],[7.85708,47.32779],[7.85354,47.32584],[7.85193,47.32527],[7.84637,47.32204],[7.8445,47.32121],[7.84223,47.32098],[7.84104,47.3206],[7.83983,47.3208],[7.83898,47.32151],[7.83611,47.3208],[7.83475,47.32215],[7.83188,47.32176],[7.83127,47.32147],[7.83096,47.32026],[7.82463,47.31413],[7.82298,47.31341],[7.82099,47.31107],[7.81713,47.30981],[7.81647,47.30908],[7.81589,47.30893]],[[7.86206,47.30675],[7.85985,47.30784],[7.85923,47.30792],[7.85885,47.30759],[7.85864,47.30773],[7.85804,47.30768],[7.85707,47.30742],[7.85689,47.3072],[7.8549,47.30727],[7.85348,47.30683],[7.85174,47.30656],[7.85035,47.30662],[7.85028,47.30715],[7.84936,47.30795],[7.84724,47.30854],[7.84336,47.30809],[7.84325,47.30844],[7.84271,47.3084],[7.84057,47.30801],[7.83875,47.30827],[7.83604,47.30827],[7.83247,47.30735],[7.82352,47.30449],[7.82277,47.3047],[7.8191,47.30944],[7.8183,47.30939],[7.81772,47.30929],[7.81712,47.30915],[7.81596,47.30893],[7.81589,47.30893]]]}},{"type":"Feature","properties":{"id":"baeche-in-rodersdorf-601-so","c":"SO","p":"pacht","q":"official","k":"river"},"geometry":{"type":"MultiLineString","coordinates":[[[7.45558,47.48798],[7.45427,47.48858],[7.45332,47.48834],[7.45061,47.48706],[7.44942,47.48686],[7.44851,47.48698],[7.44674,47.48596],[7.44593,47.48596],[7.44445,47.48523],[7.44182,47.48491],[7.44049,47.48502],[7.43868,47.48485],[7.43696,47.48431],[7.4357,47.4842],[7.43449,47.48344],[7.4341,47.48279],[7.43237,47.48119]],[[7.45558,47.48798],[7.45349,47.48717],[7.45202,47.48623],[7.44601,47.48096],[7.44397,47.47817]],[[7.45709,47.48854],[7.45558,47.48798]]]}},{"type":"Feature","properties":{"id":"baeche-in-der-gemeinde-hofstetten-flueh-602-so","c":"SO","p":"pacht","q":"official","k":"river"},"geometry":{"type":"MultiLineString","coordinates":[[[7.50053,47.48242],[7.50084,47.48211],[7.49938,47.48173],[7.49883,47.48028],[7.49536,47.47814],[7.49454,47.47728],[7.49442,47.47655],[7.49339,47.47545],[7.49229,47.47455],[7.49069,47.47365],[7.49015,47.473],[7.48961,47.47152],[7.48749,47.4702],[7.48723,47.46903]],[[7.49823,47.48887],[7.49885,47.48832],[7.49906,47.48777],[7.49849,47.48658],[7.49798,47.48633],[7.49797,47.4859],[7.49829,47.48557],[7.49797,47.48504],[7.49806,47.48473],[7.49895,47.48454],[7.4996,47.48309],[7.50053,47.48242]],[[7.50053,47.48242],[7.50203,47.48125],[7.50224,47.48037],[7.50395,47.47916],[7.50558,47.47898],[7.50683,47.47861],[7.5083,47.47774],[7.51099,47.47749],[7.51158,47.47704],[7.51548,47.47568],[7.51528,47.47473],[7.51244,47.47394],[7.51174,47.46927],[7.51059,47.46887],[7.51035,47.46801],[7.51044,47.46668],[7.51079,47.46598],[7.51236,47.46413]],[[7.50871,47.47767],[7.5084,47.47324],[7.50693,47.47165],[7.50658,47.46922],[7.5061,47.46812],[7.50629,47.4662],[7.50732,47.46516],[7.50764,47.46255],[7.50792,47.46203],[7.50732,47.46121],[7.5055,47.46038]],[[7.51236,47.46413],[7.51272,47.46409],[7.51295,47.4638]],[[7.51236,47.46413],[7.51245,47.4636],[7.51312,47.4626]]]}},{"type":"Feature","properties":{"id":"baeche-in-der-gemeinde-baettwil-603-so","c":"SO","p":"pacht","q":"official","k":"river"},"geometry":{"type":"LineString","coordinates":[[7.51887,47.49478],[7.51832,47.49413],[7.51761,47.49384],[7.51499,47.49355],[7.51359,47.49361],[7.50893,47.49284],[7.50866,47.49226],[7.50746,47.49208],[7.505,47.49121],[7.50163,47.49058],[7.50041,47.48993],[7.49856,47.48958],[7.49823,47.48887]]}},{"type":"Feature","properties":{"id":"baeche-in-der-gemeinde-witterswil-604-so","c":"SO","p":"pacht","q":"official","k":"river"},"geometry":{"type":"MultiLineString","coordinates":[[[7.53257,47.49528],[7.53083,47.49486],[7.52733,47.49464],[7.5249,47.49472],[7.52165,47.49515],[7.51887,47.49478]],[[7.53669,47.48501],[7.53507,47.48528],[7.53439,47.48521],[7.53245,47.48574],[7.52726,47.486],[7.52681,47.48541],[7.52419,47.48575]]]}},{"type":"Feature","properties":{"id":"seebach-605-so","c":"SO","p":"pacht","q":"official","k":"river"},"geometry":{"type":"MultiLineString","coordinates":[[[7.6627,47.42671],[7.66327,47.42551],[7.6631,47.42516],[7.66352,47.42487],[7.66396,47.42407],[7.66389,47.42296],[7.66333,47.42239],[7.66425,47.41966],[7.66386,47.41886],[7.66405,47.41864],[7.66313,47.41745],[7.66251,47.41711],[7.66247,47.41646],[7.66202,47.4156],[7.66131,47.4155],[7.65961,47.41444],[7.65973,47.414],[7.65948,47.4134],[7.65987,47.41224],[7.65924,47.4116],[7.65752,47.41063],[7.6572,47.40912]],[[7.66155,47.42873],[7.66156,47.42872]],[[7.66156,47.42872],[7.66249,47.42877],[7.6627,47.42671]],[[7.6627,47.42671],[7.66282,47.42598],[7.66262,47.42551],[7.6613,47.42749],[7.66156,47.42872]],[[7.66156,47.42872],[7.6627,47.42671]],[[7.66436,47.41884],[7.66407,47.41862]]]}},{"type":"Feature","properties":{"id":"seebach-606-so","c":"SO","p":"pacht","q":"official","k":"river"},"geometry":{"type":"LineString","coordinates":[[7.616,47.43508],[7.61818,47.43445],[7.62086,47.43265],[7.62314,47.43245],[7.62651,47.43134],[7.62909,47.42984],[7.62984,47.42896],[7.63111,47.42876],[7.63649,47.4289],[7.63785,47.42909],[7.64405,47.43128],[7.64835,47.43264],[7.65036,47.43309],[7.65354,47.43344],[7.65947,47.4334],[7.66088,47.4312],[7.66207,47.43041],[7.66218,47.42924],[7.66155,47.42873]]}},{"type":"Feature","properties":{"id":"baeche-in-den-gemeinden-bueren-und-nuglar-st-pantaleon-607-so","c":"SO","p":"pacht","q":"official","k":"river"},"geometry":{"type":"MultiLineString","coordinates":[[[7.67024,47.44842],[7.66884,47.44851],[7.66838,47.44909],[7.66742,47.44893],[7.66639,47.44909],[7.66574,47.44863],[7.66526,47.44855],[7.6637,47.44878],[7.6634,47.44898],[7.66078,47.44826],[7.66002,47.44834],[7.6582,47.44791],[7.65634,47.44857],[7.65562,47.44934]],[[7.67024,47.44842],[7.66936,47.44779],[7.66983,47.44629]],[[7.678,47.449],[7.67775,47.44882],[7.67547,47.44931],[7.67497,47.44966],[7.67387,47.44946],[7.67224,47.44881],[7.67024,47.44842]],[[7.67441,47.48476],[7.67342,47.48425],[7.67305,47.4836],[7.67257,47.48336],[7.67239,47.48247],[7.67038,47.48091]],[[7.67441,47.48476],[7.6747,47.48438],[7.67707,47.48306],[7.67721,47.48234],[7.67672,47.48084],[7.67669,47.47994],[7.6757,47.47911],[7.67543,47.47834],[7.6747,47.47775],[7.67101,47.47669]],[[7.68198,47.44146],[7.677,47.43994],[7.67569,47.43926],[7.67516,47.43725],[7.67204,47.43586]],[[7.67441,47.48478],[7.67441,47.48476]],[[7.68637,47.45033],[7.68543,47.45032],[7.68292,47.44874],[7.67923,47.44912],[7.67841,47.44889],[7.67806,47.44901],[7.678,47.449]],[[7.678,47.449],[7.67774,47.45006],[7.67876,47.4515],[7.67842,47.45172]],[[7.68198,47.44146],[7.68232,47.44129],[7.68268,47.4406],[7.68244,47.43922],[7.68305,47.43854],[7.68146,47.43693],[7.67951,47.4359],[7.68012,47.43465],[7.67954,47.4336]],[[7.68637,47.45033],[7.68524,47.44886],[7.68375,47.44757],[7.68356,47.44688],[7.68374,47.44453],[7.68294,47.44296],[7.68288,47.44227],[7.68198,47.44146]],[[7.68826,47.47784],[7.6881,47.47797],[7.68736,47.47775],[7.68649,47.47785],[7.68583,47.47764],[7.68433,47.4771],[7.68332,47.47619]],[[7.68707,47.46451],[7.68688,47.46448],[7.68646,47.46517],[7.68558,47.46541],[7.68553,47.46569],[7.68518,47.46587],[7.68398,47.46614]],[[7.68707,47.46451],[7.687,47.46384],[7.68521,47.46314]],[[7.69929,47.46026],[7.69933,47.4601],[7.69863,47.45943],[7.69865,47.45873],[7.69922,47.45738],[7.6992,47.45673],[7.69889,47.45592],[7.69825,47.45535],[7.69734,47.45521],[7.69663,47.45531],[7.69562,47.45482],[7.69423,47.45481],[7.69265,47.45442],[7.69195,47.45398],[7.69108,47.4526],[7.69035,47.45199],[7.68716,47.45085],[7.68637,47.45033]],[[7.68826,47.47784],[7.68652,47.47715]],[[7.70232,47.46368],[7.70149,47.46373],[7.70113,47.46417],[7.6997,47.46461],[7.69861,47.46471],[7.69548,47.46594],[7.69427,47.46608],[7.69229,47.46589],[7.69059,47.46519],[7.68887,47.46501],[7.68707,47.46451]],[[7.70853,47.46951],[7.70828,47.47091],[7.7067,47.4734],[7.70482,47.47461],[7.70416,47.4748],[7.7017,47.47495],[7.70048,47.47541],[7.69994,47.4754],[7.69689,47.47682],[7.69551,47.47794],[7.69452,47.47816],[7.69353,47.47828],[7.6917,47.47811],[7.68958,47.47835],[7.68864,47.47783],[7.68826,47.47784]],[[7.69929,47.46026],[7.69915,47.46012],[7.69771,47.46026]],[[7.70167,47.46309],[7.70006,47.46218],[7.70022,47.46211],[7.69982,47.46168],[7.69997,47.46121],[7.69945,47.46096],[7.69929,47.46026]]]}},{"type":"Feature","properties":{"id":"birs-zufluesse-608-so","c":"SO","p":"pacht","q":"official","k":"river"},"geometry":{"type":"MultiLineString","coordinates":[[[7.60651,47.47641],[7.60799,47.47481],[7.61136,47.4744],[7.61453,47.47459],[7.61635,47.47504],[7.6171,47.47634],[7.6172,47.47739],[7.62097,47.47564],[7.62147,47.47522],[7.62206,47.47517],[7.62572,47.47605],[7.62724,47.47596],[7.62772,47.47589],[7.62767,47.47529],[7.62844,47.47527],[7.63038,47.47448],[7.63186,47.47457],[7.63339,47.47406]],[[7.60755,47.46998],[7.60777,47.47046],[7.60826,47.47041],[7.60899,47.46992],[7.61104,47.47007],[7.61308,47.46894],[7.61462,47.46865],[7.61473,47.4684],[7.61684,47.46759],[7.6193,47.46735],[7.62372,47.46419]],[[7.60845,47.48636],[7.61005,47.48645],[7.61154,47.48697],[7.61263,47.48707],[7.61471,47.48835],[7.61598,47.48846],[7.61693,47.48825],[7.61723,47.48841],[7.61755,47.4883],[7.61777,47.48851],[7.62046,47.4875],[7.62421,47.48666],[7.62727,47.48484],[7.62961,47.48426],[7.63025,47.48447]],[[7.63167,47.4745],[7.63157,47.4742],[7.63111,47.47399],[7.63119,47.47332],[7.63303,47.47238]],[[7.63339,47.47406],[7.63464,47.47422],[7.63597,47.47464],[7.63655,47.47512],[7.63669,47.47615],[7.63704,47.47643],[7.6375,47.47645],[7.63827,47.47617],[7.63855,47.47577],[7.64005,47.47551]],[[7.63339,47.47406],[7.6338,47.47344],[7.63428,47.47329],[7.63474,47.4728],[7.63542,47.47259],[7.63545,47.47229],[7.63582,47.47208],[7.63723,47.47202],[7.63909,47.47233],[7.6407,47.47237],[7.6427,47.47306],[7.64807,47.47287]],[[7.64005,47.47551],[7.64089,47.4761],[7.64225,47.47628]],[[7.64005,47.47551],[7.64021,47.47549],[7.64172,47.47563],[7.64221,47.47559],[7.64261,47.4757],[7.64463,47.47539]],[[7.64225,47.47628],[7.64255,47.47632]],[[7.64225,47.47628],[7.64248,47.47617]]]}},{"type":"Feature","properties":{"id":"luessel-zufluesse-700-so","c":"SO","p":"pacht","q":"official","k":"river"},"geometry":{"type":"MultiLineString","coordinates":[[[7.53002,47.3659],[7.52908,47.36552],[7.52823,47.36543],[7.52664,47.36552],[7.5252,47.36581],[7.5244,47.36573],[7.52382,47.36594]],[[7.53468,47.37632],[7.533,47.37621],[7.53081,47.37631],[7.52992,47.37616],[7.52819,47.37563],[7.527,47.37477],[7.52586,47.37437],[7.52497,47.37429]],[[7.53468,47.37632],[7.53247,47.3784],[7.53147,47.37892],[7.53035,47.37921],[7.5294,47.37916],[7.52846,47.37935],[7.52712,47.37925]],[[7.53002,47.3659],[7.52995,47.36518]],[[7.54195,47.37077],[7.53972,47.37052],[7.53857,47.36937],[7.53685,47.36824],[7.5349,47.36766],[7.53322,47.36751],[7.53164,47.36653],[7.53002,47.3659]],[[7.54162,47.37293],[7.54042,47.37271],[7.53836,47.37168],[7.53708,47.37155],[7.53637,47.37119],[7.53499,47.37098],[7.53308,47.37101],[7.53223,47.37063],[7.53008,47.37094]],[[7.53711,47.38789],[7.53548,47.38816],[7.53484,47.388],[7.53344,47.38811],[7.53124,47.3876],[7.53035,47.38716],[7.53021,47.38687]],[[7.53698,47.38251],[7.53651,47.38221],[7.53455,47.38238]],[[7.54024,47.37716],[7.53839,47.37617],[7.53595,47.37606],[7.53468,47.37632]],[[7.54438,47.3667],[7.54178,47.36515],[7.54137,47.36426],[7.54025,47.36306],[7.54012,47.36262],[7.5399,47.36259],[7.53963,47.36178],[7.53788,47.36145]],[[7.53874,47.38002],[7.53918,47.38027],[7.54028,47.38022],[7.54094,47.37962],[7.54258,47.37963],[7.54306,47.37993],[7.54382,47.37996],[7.54384,47.38019],[7.54442,47.3806],[7.54638,47.3811],[7.54744,47.38116],[7.54886,47.38195],[7.54951,47.38179],[7.55176,47.38216],[7.55318,47.38206]],[[7.53938,47.40076],[7.5399,47.40054],[7.54003,47.39965],[7.54209,47.39929]],[[7.54084,47.35226],[7.54073,47.35224],[7.5402,47.3523],[7.53939,47.35246]],[[7.54156,47.35206],[7.53958,47.35158],[7.53957,47.35141]],[[7.53973,47.37781],[7.54051,47.37787],[7.54129,47.37761],[7.54267,47.37796]],[[7.54084,47.35226],[7.54021,47.35245]],[[7.54156,47.35206],[7.54104,47.35227],[7.54084,47.35226]],[[7.54386,47.35067],[7.54279,47.35171],[7.54178,47.35206],[7.54168,47.35208],[7.54156,47.35206]],[[7.54386,47.35067],[7.54265,47.34967],[7.54159,47.34933]],[[7.54182,47.37468],[7.54272,47.37529],[7.54444,47.37499],[7.54567,47.37447],[7.54619,47.37378],[7.54769,47.3733],[7.54791,47.3729],[7.54907,47.37228],[7.55043,47.37214],[7.5526,47.37252],[7.55453,47.37339],[7.55587,47.37354],[7.5567,47.37388],[7.5591,47.37437]],[[7.54209,47.39929],[7.54203,47.39594],[7.5456,47.3952],[7.54846,47.39492]],[[7.54209,47.39929],[7.5473,47.39836],[7.54948,47.39765],[7.55215,47.39631],[7.55337,47.39612],[7.55716,47.39476],[7.55814,47.39408],[7.55945,47.39351],[7.56046,47.39147],[7.56052,47.39053]],[[7.54294,47.36851],[7.54351,47.36854],[7.54419,47.36886],[7.54633,47.36894],[7.54751,47.36966]],[[7.55547,47.35488],[7.55419,47.35506],[7.55066,47.35469],[7.55003,47.3543],[7.54915,47.35294],[7.54836,47.35258],[7.54829,47.35227],[7.54695,47.3516],[7.54618,47.35083],[7.54514,47.35051],[7.54386,47.35067]],[[7.54528,47.36625],[7.545,47.36573],[7.54428,47.3654],[7.54396,47.36484]],[[7.54768,47.36596],[7.54749,47.36425],[7.54786,47.36349],[7.54766,47.36285],[7.54735,47.36264]],[[7.54835,47.36598],[7.54863,47.36569],[7.54968,47.36538],[7.55046,47.36487],[7.55095,47.36336],[7.55086,47.36247]],[[7.54846,47.39492],[7.54844,47.39434],[7.54991,47.39188],[7.55066,47.39143]],[[7.54846,47.39492],[7.55014,47.39479],[7.55093,47.39438],[7.55277,47.39417],[7.55268,47.39363],[7.55304,47.39316],[7.55338,47.39097]],[[7.54978,47.36651],[7.54951,47.36715],[7.54974,47.3676],[7.54953,47.3681]],[[7.55086,47.36247],[7.55014,47.36169]],[[7.55086,47.36247],[7.55068,47.3622],[7.55084,47.3616]],[[7.55246,47.3668],[7.55261,47.3672],[7.55122,47.36865]],[[7.55318,47.38206],[7.55625,47.38253],[7.55802,47.38225],[7.55871,47.38246],[7.55966,47.38243],[7.56053,47.38206]],[[7.55318,47.38206],[7.55338,47.38201],[7.55304,47.38154],[7.55304,47.38045],[7.55351,47.38014],[7.55425,47.37996],[7.55489,47.37946]],[[7.55533,47.35468],[7.55405,47.35393],[7.55335,47.35316]],[[7.55623,47.35546],[7.55591,47.35558],[7.55557,47.3562],[7.55415,47.35719]],[[7.55547,47.35488],[7.55533,47.35468]],[[7.55533,47.35468],[7.55514,47.35326],[7.55574,47.35212],[7.55597,47.35077],[7.55555,47.35024],[7.55565,47.34973],[7.55753,47.34946],[7.5587,47.34952]],[[7.55623,47.35546],[7.55614,47.35513],[7.55547,47.35488]],[[7.56265,47.35645],[7.56196,47.35631],[7.56112,47.35639],[7.56027,47.35614],[7.55835,47.35623],[7.55623,47.35546]],[[7.56032,47.38131],[7.56172,47.38118],[7.56293,47.38063]],[[7.56053,47.38206],[7.56032,47.38131]],[[7.56032,47.38131],[7.56173,47.38065],[7.56257,47.37841],[7.56411,47.37727],[7.56525,47.37545]],[[7.56053,47.38206],[7.56104,47.38204],[7.5615,47.38213],[7.56246,47.38207],[7.56431,47.38266],[7.56549,47.38219],[7.56678,47.38235],[7.56844,47.38193],[7.57001,47.3818]],[[7.56823,47.36206],[7.56705,47.36135],[7.56567,47.36005],[7.56383,47.35977],[7.56347,47.35908],[7.56296,47.35873],[7.56343,47.35716],[7.56265,47.35645]],[[7.56265,47.35645],[7.56265,47.35519],[7.56388,47.35433],[7.56527,47.35387],[7.56587,47.3525],[7.56667,47.35195],[7.56746,47.35051],[7.56743,47.34995],[7.56772,47.34974]],[[7.56525,47.37545],[7.56501,47.3746]],[[7.56525,47.37545],[7.56554,47.37542]],[[7.56554,47.37542],[7.56615,47.37453]],[[7.56554,47.37542],[7.56802,47.37513]],[[7.56738,47.36425],[7.56781,47.3639],[7.56917,47.3641],[7.5697,47.36451],[7.57168,47.36514],[7.57352,47.36609],[7.57675,47.36714]],[[7.57696,47.34907],[7.57593,47.34779],[7.57476,47.34742],[7.57357,47.34754]],[[7.57696,47.34907],[7.57688,47.34786],[7.57572,47.34736]],[[7.57626,47.36103],[7.57777,47.3626],[7.58061,47.36413],[7.58321,47.36512]],[[7.57675,47.36714],[7.57781,47.36771],[7.57879,47.36782],[7.58067,47.36841],[7.58185,47.36841],[7.58323,47.36875],[7.58526,47.36952],[7.58639,47.37048]],[[7.57675,47.36714],[7.57622,47.36855],[7.57656,47.36959],[7.57632,47.37081],[7.57591,47.37137],[7.57617,47.37166],[7.5758,47.37293],[7.57593,47.37417],[7.57627,47.37509],[7.57838,47.37619]],[[7.57813,47.35143],[7.5774,47.35041],[7.57696,47.34907]],[[7.57868,47.36045],[7.57814,47.35988],[7.57824,47.35945],[7.57793,47.35894],[7.57809,47.35871],[7.57777,47.35722],[7.57797,47.3568],[7.57746,47.3561],[7.57786,47.35497],[7.5772,47.35285],[7.5778,47.35222],[7.57767,47.35169],[7.57813,47.35143]],[[7.57813,47.35143],[7.57993,47.35087],[7.58095,47.35025],[7.58291,47.34989]],[[7.58344,47.34809],[7.58065,47.34654]],[[7.58291,47.34989],[7.5846,47.35018]],[[7.58291,47.34989],[7.58357,47.34934],[7.58344,47.34809]],[[7.58344,47.34809],[7.58382,47.34726],[7.58445,47.34662],[7.5847,47.34595],[7.58457,47.34571]],[[7.58627,47.37177],[7.58465,47.37222],[7.58389,47.37314]],[[7.5846,47.35018],[7.58572,47.34999]],[[7.5846,47.35018],[7.58524,47.34986]],[[7.58627,47.37177],[7.5868,47.3723],[7.58826,47.37305],[7.58905,47.37326],[7.59013,47.37395],[7.5911,47.37409]],[[7.58643,47.37052],[7.58627,47.37177]],[[7.58639,47.37048],[7.58643,47.37052]],[[7.58639,47.37048],[7.58734,47.37026],[7.58841,47.36971]],[[7.58643,47.37052],[7.58658,47.37079],[7.58763,47.3714]],[[7.58763,47.3714],[7.5886,47.37217],[7.58981,47.37255]],[[7.58763,47.3714],[7.58995,47.37102],[7.5916,47.36993]],[[7.58981,47.37255],[7.58997,47.37267],[7.59099,47.37263]],[[7.58981,47.37255],[7.59015,47.37236],[7.59063,47.37238]],[[7.60671,47.35684],[7.60671,47.35497],[7.60698,47.35451],[7.60702,47.35357],[7.60716,47.35324],[7.60719,47.35302],[7.60788,47.35233],[7.60752,47.35154],[7.60687,47.35122],[7.60672,47.35064],[7.60582,47.35018],[7.60545,47.34978],[7.60441,47.34967],[7.60153,47.34878],[7.60051,47.34887],[7.59976,47.34872],[7.59888,47.34898],[7.59783,47.34902],[7.5968,47.34874],[7.59612,47.34876],[7.59433,47.3478],[7.59297,47.34751],[7.5916,47.34745],[7.59023,47.34706]],[[7.5911,47.37409],[7.5946,47.37438],[7.59519,47.37459]],[[7.5911,47.37409],[7.59284,47.37318]],[[7.59282,47.35923],[7.59197,47.3582],[7.59202,47.35794],[7.59161,47.35738],[7.59093,47.3568],[7.59127,47.35639]],[[7.593,47.35912],[7.59336,47.35918],[7.59392,47.35968],[7.59651,47.36114],[7.59672,47.36174],[7.59643,47.36317],[7.59667,47.36373],[7.59641,47.36383],[7.59621,47.36471],[7.59647,47.36514],[7.59776,47.36599]],[[7.59519,47.37459],[7.59581,47.37456],[7.59646,47.37427],[7.59832,47.37231]],[[7.59519,47.37459],[7.59589,47.37487]],[[7.59589,47.37487],[7.59883,47.37465],[7.60044,47.37486]],[[7.59589,47.37487],[7.59655,47.37553],[7.59823,47.37638]],[[7.59776,47.36599],[7.59769,47.36632],[7.59665,47.36727]],[[7.59776,47.36599],[7.59897,47.36714]],[[7.59897,47.36714],[7.59906,47.36745],[7.59869,47.3678]],[[7.59897,47.36714],[7.59991,47.36785],[7.60195,47.36871]],[[7.60073,47.35806],[7.60185,47.35847],[7.60227,47.36071],[7.6032,47.36141],[7.60383,47.36221],[7.60522,47.36319],[7.60543,47.36361],[7.60517,47.36396]],[[7.60124,47.34597],[7.60091,47.34517],[7.60093,47.34447]],[[7.60093,47.34447],[7.60119,47.34313]],[[7.60093,47.34447],[7.60279,47.34275]],[[7.60343,47.34928],[7.60312,47.3475],[7.60176,47.34674],[7.60124,47.34597]],[[7.60124,47.34597],[7.60208,47.34508],[7.60305,47.34458]],[[7.60195,47.36871],[7.6022,47.36974],[7.60168,47.37059]],[[7.60195,47.36871],[7.60215,47.36869],[7.60283,47.36886],[7.60363,47.36923],[7.60492,47.37013],[7.60555,47.37008],[7.60938,47.37083]],[[7.60703,47.35353],[7.60621,47.35193],[7.60539,47.35151],[7.60454,47.35147],[7.60387,47.35103],[7.60355,47.35107]],[[7.61961,47.37116],[7.61782,47.37101],[7.61671,47.37044]],[[7.62332,47.36816],[7.62172,47.3675],[7.62056,47.36742],[7.61966,47.36777],[7.61795,47.36762],[7.61724,47.36734]],[[7.61968,47.3728],[7.61839,47.37328]],[[7.61961,47.37116],[7.61864,47.37196]],[[7.61968,47.3728],[7.61957,47.37318]],[[7.62332,47.36816],[7.62311,47.36864],[7.62338,47.36954],[7.62266,47.37065],[7.62105,47.37116],[7.61961,47.37116]],[[7.6248,47.37032],[7.6223,47.37187],[7.62159,47.37168],[7.62042,47.37206],[7.62018,47.3725],[7.61968,47.3728]],[[7.62067,47.3613],[7.62267,47.36096],[7.62305,47.36077],[7.62376,47.35985],[7.62445,47.3596],[7.62549,47.35956]],[[7.62562,47.37379],[7.62356,47.37446],[7.62303,47.37488],[7.62098,47.37528]],[[7.62545,47.37184],[7.62521,47.37231],[7.62291,47.37235]],[[7.62446,47.36761],[7.62332,47.36816]],[[7.62446,47.36761],[7.62465,47.36783],[7.62457,47.36856],[7.62411,47.36896],[7.6248,47.37032]],[[7.62488,47.36464],[7.62535,47.36521],[7.62536,47.36563],[7.62457,47.36682],[7.62446,47.36761]],[[7.6248,47.37032],[7.62514,47.37071],[7.62545,47.37184]],[[7.62868,47.37914],[7.62817,47.37931],[7.62741,47.37925],[7.62515,47.37955]],[[7.62545,47.37184],[7.62591,47.37269],[7.6259,47.37343],[7.62562,47.37379]],[[7.62549,47.35956],[7.62658,47.35995],[7.62742,47.36001],[7.62866,47.36062],[7.62966,47.36067],[7.63114,47.36106]],[[7.62549,47.35956],[7.62609,47.35913],[7.6264,47.35806],[7.6277,47.35644],[7.6285,47.3562],[7.6287,47.35575],[7.62981,47.35517],[7.63082,47.35431]],[[7.62562,47.37379],[7.62711,47.37581],[7.62828,47.37656]],[[7.62828,47.37656],[7.62917,47.3767],[7.62977,47.37703],[7.63173,47.37655],[7.63242,47.37653],[7.63369,47.37712],[7.63546,47.37715]],[[7.62828,47.37656],[7.62802,47.37719],[7.62868,47.37914]],[[7.62868,47.37914],[7.62887,47.37923],[7.63015,47.37908],[7.63021,47.37972],[7.63125,47.38006],[7.63161,47.38037],[7.63167,47.38102],[7.63147,47.38119],[7.6318,47.38151],[7.63173,47.38177],[7.63219,47.38213]],[[7.63157,47.3813],[7.62928,47.38187]],[[7.63082,47.35431],[7.63079,47.35367],[7.63035,47.35289]],[[7.63219,47.38213],[7.63156,47.38278],[7.63089,47.38312]],[[7.63082,47.35431],[7.63177,47.35414]],[[7.63177,47.35414],[7.63289,47.35434]],[[7.63177,47.35414],[7.63248,47.35322]],[[7.63219,47.38213],[7.63351,47.38275]],[[7.63546,47.37715],[7.63796,47.37777],[7.6388,47.37777]],[[7.63546,47.37715],[7.63613,47.37712],[7.63694,47.37674]],[[7.63788,47.36773],[7.63811,47.36761],[7.63777,47.36643],[7.638,47.36602],[7.63955,47.36584],[7.64127,47.36526]],[[7.64127,47.36526],[7.6414,47.36384],[7.64205,47.36295],[7.64194,47.36276]],[[7.64127,47.36526],[7.64226,47.36499],[7.64316,47.36438],[7.64345,47.36377],[7.6446,47.36353],[7.645,47.36315],[7.64665,47.36301],[7.64761,47.36269],[7.6492,47.36272],[7.64972,47.3625],[7.64993,47.36215],[7.65029,47.3622],[7.65091,47.36198]],[[7.65091,47.36198],[7.65192,47.36219],[7.65259,47.36202]],[[7.65091,47.36198],[7.65142,47.36181]],[[7.65142,47.36181],[7.65141,47.36132],[7.65203,47.36052],[7.65494,47.36031],[7.65629,47.36005],[7.65701,47.36018],[7.6578,47.36069],[7.65829,47.3613],[7.65912,47.3617],[7.66047,47.36174],[7.6609,47.36139],[7.6615,47.36127],[7.66268,47.3615]],[[7.65142,47.36181],[7.65282,47.36123],[7.6543,47.36092],[7.65507,47.36096]],[[7.65259,47.36202],[7.65412,47.36253],[7.65477,47.36354]],[[7.65259,47.36202],[7.65504,47.36147],[7.65594,47.3616]]]}},{"type":"Feature","properties":{"id":"rattisbach-und-zufluesse-701-so","c":"SO","p":"pacht","q":"official","k":"river"},"geometry":{"type":"MultiLineString","coordinates":[[[7.60954,47.35641],[7.6097,47.3564],[7.60982,47.35505],[7.61118,47.35487],[7.61156,47.35463],[7.61091,47.35343],[7.61126,47.35293],[7.61111,47.35214],[7.61252,47.3499]],[[7.61252,47.3499],[7.61234,47.34923],[7.61197,47.34885],[7.61205,47.34862],[7.6101,47.34828]],[[7.61252,47.3499],[7.61328,47.34966],[7.61633,47.35002],[7.61993,47.35084],[7.62137,47.35163],[7.62282,47.35202]]]}},{"type":"Feature","properties":{"id":"ruetenenbach-702-so","c":"SO","p":"pacht","q":"official","k":"river"},"geometry":{"type":"MultiLineString","coordinates":[[[7.54133,47.40838],[7.54265,47.40795],[7.54315,47.40813],[7.54538,47.40792],[7.54544,47.40737],[7.54737,47.40663],[7.54736,47.40628],[7.54826,47.40575],[7.54884,47.40599],[7.54969,47.40594],[7.55021,47.40571],[7.55093,47.40567],[7.55123,47.40543]],[[7.55123,47.40543],[7.55236,47.406],[7.55256,47.4064],[7.55357,47.40633],[7.5537,47.40666],[7.55621,47.40715],[7.55772,47.40698]],[[7.55123,47.40543],[7.55123,47.40518],[7.55205,47.40476],[7.55296,47.40389],[7.55303,47.40339],[7.55392,47.40298],[7.55411,47.40249],[7.55534,47.40225],[7.55521,47.40194],[7.55583,47.40156],[7.55575,47.40131],[7.5564,47.40115],[7.55707,47.40042],[7.55789,47.40024],[7.55836,47.39967],[7.55952,47.39943],[7.56008,47.39889],[7.56054,47.39884],[7.5609,47.39814],[7.56118,47.39816],[7.56133,47.39793],[7.56172,47.39805],[7.56398,47.39795],[7.56529,47.39749],[7.5655,47.39708],[7.56592,47.39691]],[[7.56592,47.39691],[7.56643,47.39714],[7.56683,47.39763]],[[7.56592,47.39691],[7.56598,47.39642],[7.56686,47.39579]],[[7.56683,47.39763],[7.56691,47.39765]],[[7.56683,47.39763],[7.56803,47.39737],[7.56953,47.39732],[7.57187,47.39669],[7.57253,47.39669],[7.57388,47.39725],[7.57467,47.39737],[7.57578,47.39663],[7.57851,47.39565],[7.57927,47.39509],[7.58043,47.39479]],[[7.56686,47.39579],[7.56718,47.39588],[7.56775,47.39561],[7.56841,47.39474],[7.56931,47.3946],[7.56954,47.39406],[7.57057,47.39335],[7.57192,47.39286],[7.57291,47.39275],[7.57519,47.39165],[7.57568,47.39059],[7.5765,47.38998],[7.57646,47.38892],[7.57739,47.38846]],[[7.56686,47.39579],[7.56637,47.39416],[7.5667,47.3936],[7.56766,47.39302],[7.56826,47.39203],[7.56798,47.3908],[7.56812,47.39043]],[[7.56691,47.39765],[7.56733,47.39767],[7.56783,47.39811],[7.56859,47.39825],[7.56937,47.39875]],[[7.56691,47.39765],[7.56725,47.39776],[7.56785,47.39872],[7.56995,47.40004]]]}},{"type":"Feature","properties":{"id":"zullwilbach-meltingerbach-und-zufluesse-703-so","c":"SO","p":"pacht","q":"official","k":"river"},"geometry":{"type":"MultiLineString","coordinates":[[[7.58969,47.38812],[7.58758,47.38699],[7.58645,47.38671],[7.5845,47.3855],[7.58031,47.38376]],[[7.58655,47.37808],[7.58417,47.37725],[7.58321,47.37719],[7.58178,47.3768]],[[7.58655,47.37808],[7.58619,47.37726],[7.58568,47.37696]],[[7.59036,47.38737],[7.59046,47.38712],[7.58917,47.38593],[7.5892,47.38527],[7.58759,47.38479],[7.58748,47.38435],[7.5864,47.38407]],[[7.58738,47.37896],[7.58655,47.37808]],[[7.58833,47.38002],[7.58785,47.37979],[7.5868,47.37984]],[[7.58833,47.38002],[7.58823,47.37967],[7.58738,47.37896]],[[7.58738,47.37896],[7.58878,47.37742]],[[7.59086,47.38289],[7.58971,47.38113],[7.58859,47.38046],[7.58833,47.38002]],[[7.5919,47.39235],[7.59168,47.39097],[7.59052,47.38965],[7.58969,47.38812]],[[7.58969,47.38812],[7.59036,47.38737]],[[7.59036,47.38737],[7.59169,47.38662]],[[7.59169,47.38662],[7.59171,47.38475],[7.59158,47.38426],[7.59094,47.38364],[7.59086,47.38289]],[[7.59086,47.38289],[7.59132,47.3828],[7.59208,47.38202],[7.59372,47.38161],[7.5948,47.38095]],[[7.59169,47.38662],[7.59262,47.38651],[7.59387,47.38529],[7.59503,47.38481],[7.59461,47.38429],[7.59458,47.38382]],[[7.5919,47.39235],[7.59301,47.39188],[7.59608,47.39164],[7.59882,47.39094]],[[7.59453,47.3796],[7.59341,47.37861]],[[7.5948,47.38095],[7.59453,47.3796]],[[7.59453,47.3796],[7.59472,47.37899]],[[7.5948,47.38095],[7.5958,47.38048],[7.59655,47.37918]],[[7.59882,47.39094],[7.6019,47.3917],[7.60464,47.39205],[7.60547,47.39244],[7.6086,47.39214]],[[7.59882,47.39094],[7.59979,47.39075],[7.60104,47.38983],[7.6025,47.38927],[7.60289,47.38924],[7.60343,47.38961],[7.60393,47.38946],[7.60628,47.38939]],[[7.60532,47.37889],[7.60487,47.37864],[7.60236,47.37834]],[[7.60731,47.38454],[7.60618,47.38342],[7.6062,47.38157],[7.60531,47.38085],[7.60568,47.37985],[7.60532,47.37889]],[[7.60532,47.37889],[7.60558,47.37847],[7.60634,47.37805],[7.60646,47.37688],[7.60568,47.37572],[7.6065,47.37503],[7.60663,47.37466]],[[7.60628,47.38939],[7.60756,47.38935],[7.60772,47.38977],[7.60896,47.39055],[7.60999,47.39067],[7.6109,47.39053]],[[7.60628,47.38939],[7.60622,47.38901],[7.60694,47.3883],[7.60729,47.38738],[7.60716,47.38719],[7.60744,47.38684],[7.60692,47.38573],[7.60704,47.38485],[7.60731,47.38454]],[[7.60731,47.38454],[7.6084,47.38429],[7.60867,47.38401],[7.60842,47.38289],[7.60871,47.38217],[7.6093,47.38192],[7.61004,47.38195],[7.61013,47.38166],[7.61083,47.38145],[7.61143,47.38079],[7.6121,47.38048],[7.613,47.38045],[7.61412,47.38003],[7.61553,47.3798]],[[7.61568,47.37962],[7.61647,47.3786],[7.61647,47.37789],[7.61609,47.37768],[7.61577,47.37661],[7.61308,47.37359],[7.61292,47.37325],[7.61311,47.37287]],[[7.61553,47.3798],[7.61656,47.38001],[7.61695,47.38029]],[[7.61553,47.3798],[7.61568,47.37962]],[[7.61568,47.37962],[7.61671,47.37905],[7.61801,47.37896]]]}},{"type":"Feature","properties":{"id":"ibach-704-so","c":"SO","p":"pacht","q":"official","k":"river"},"geometry":{"type":"LineString","coordinates":[[7.56941,47.42095],[7.56946,47.42075],[7.57035,47.42038],[7.57158,47.41937],[7.57264,47.41917],[7.57328,47.41949],[7.57438,47.41949],[7.57585,47.41891],[7.57715,47.41803],[7.57851,47.41755],[7.57904,47.41712],[7.57948,47.41603],[7.58069,47.41485],[7.58098,47.41431],[7.58156,47.41401],[7.58386,47.41155],[7.58484,47.41137],[7.58469,47.41079],[7.58507,47.41041],[7.58496,47.41002],[7.58625,47.40924],[7.5862,47.40853],[7.58583,47.40793],[7.58614,47.40744],[7.58739,47.40688],[7.5873,47.40627],[7.58771,47.40589],[7.58612,47.40377],[7.58609,47.40242],[7.58709,47.40121],[7.58745,47.40036],[7.58817,47.39982],[7.58911,47.39798],[7.58915,47.3977],[7.58862,47.39721],[7.58933,47.39641],[7.58913,47.39546],[7.59159,47.39435],[7.59151,47.39403],[7.59213,47.3934],[7.5919,47.39235]]}},{"type":"Feature","properties":{"id":"baeche-in-der-gemeinde-nunningen-706-so","c":"SO","p":"pacht","q":"official","k":"river"},"geometry":{"type":"MultiLineString","coordinates":[[[7.61845,47.40476],[7.61895,47.40521]],[[7.6204,47.39361],[7.61949,47.39353],[7.61831,47.39427],[7.61682,47.39472],[7.61512,47.39579],[7.61555,47.39637],[7.61332,47.39739],[7.61096,47.39903],[7.61002,47.39929],[7.60961,47.40037],[7.60861,47.40075],[7.60822,47.40152],[7.60853,47.40176],[7.60843,47.40216],[7.60894,47.40209],[7.61171,47.4026],[7.61458,47.40384],[7.61653,47.40415],[7.6176,47.40463],[7.61845,47.40476]],[[7.61845,47.40476],[7.6198,47.40467],[7.62093,47.40344],[7.62311,47.40252],[7.62403,47.40255],[7.62504,47.40318],[7.62607,47.40342]],[[7.61895,47.40521],[7.61956,47.40514],[7.62018,47.4053],[7.62266,47.40682],[7.62408,47.40684],[7.62925,47.40802],[7.63043,47.40786],[7.63131,47.4082]],[[7.61895,47.40521],[7.61882,47.40577],[7.61945,47.40648],[7.61948,47.40681],[7.61917,47.40888]],[[7.62094,47.39274],[7.6196,47.39226],[7.61816,47.39139],[7.61967,47.38921]],[[7.6204,47.39361],[7.6252,47.39369],[7.62531,47.39344],[7.62564,47.39341],[7.62719,47.39366]],[[7.6204,47.39361],[7.62094,47.39274]],[[7.62094,47.39274],[7.62241,47.39198],[7.62225,47.39168],[7.62246,47.39132],[7.62256,47.39119],[7.62282,47.39128],[7.62362,47.39004],[7.62528,47.38863],[7.626,47.38827],[7.62633,47.38781]],[[7.62719,47.39366],[7.63019,47.39473]],[[7.62719,47.39366],[7.62763,47.39305],[7.62749,47.39206]],[[7.62749,47.39206],[7.62795,47.39023],[7.62747,47.38926]],[[7.62749,47.39206],[7.62827,47.39168],[7.62903,47.39094],[7.62961,47.39],[7.62983,47.38857],[7.63106,47.38711]],[[7.63019,47.39473],[7.63057,47.39364],[7.63152,47.39307]],[[7.63019,47.39473],[7.63025,47.39473],[7.63031,47.39474],[7.63041,47.39474]],[[7.63041,47.39474],[7.63044,47.39553],[7.63184,47.39579],[7.63202,47.39657],[7.63171,47.39846],[7.63202,47.39905],[7.63298,47.39954],[7.63447,47.39993]],[[7.63041,47.39474],[7.63048,47.39473],[7.63074,47.39476],[7.63114,47.39482],[7.63148,47.39483],[7.63177,47.39488],[7.6319,47.39487],[7.63202,47.3949],[7.63246,47.39492],[7.63523,47.39481],[7.63568,47.39496]],[[7.63152,47.39307],[7.63272,47.39141],[7.63258,47.39055]],[[7.63152,47.39307],[7.63283,47.39282],[7.63517,47.39049],[7.63486,47.38943],[7.63504,47.38906],[7.63439,47.3877]],[[7.63258,47.39055],[7.63213,47.39031],[7.63162,47.38938]],[[7.63258,47.39055],[7.63293,47.39004],[7.6324,47.38937]]]}},{"type":"Feature","properties":{"id":"baeche-in-den-gemeinden-baerschwil-und-grindel-710-so","c":"SO","p":"pacht","q":"official","k":"river"},"geometry":{"type":"MultiLineString","coordinates":[[[7.44125,47.40023],[7.442,47.39961],[7.44196,47.39907],[7.44134,47.39819],[7.44136,47.39789],[7.44314,47.39634],[7.44315,47.39585],[7.44278,47.3956],[7.44276,47.39515],[7.44241,47.39483],[7.4433,47.39101],[7.44297,47.39023],[7.44322,47.39005],[7.44325,47.38925],[7.44421,47.38826],[7.44387,47.38753],[7.44418,47.3867],[7.44299,47.38528],[7.44241,47.38501]],[[7.44241,47.38501],[7.44177,47.3845]],[[7.44241,47.38501],[7.44222,47.38423]],[[7.44955,47.38672],[7.44846,47.38675],[7.44752,47.38662],[7.44734,47.38645]],[[7.44955,47.38672],[7.44901,47.38652],[7.44901,47.38621],[7.44829,47.38604],[7.44817,47.38547]],[[7.45176,47.38679],[7.44955,47.38672]],[[7.45176,47.38679],[7.44998,47.38627],[7.4494,47.38553],[7.44934,47.38507],[7.44988,47.38392],[7.45015,47.38125],[7.44996,47.38084],[7.4504,47.37999],[7.45152,47.37882]],[[7.47051,47.3892],[7.47014,47.38929],[7.46893,47.38884],[7.46687,47.38917],[7.46088,47.38856],[7.45994,47.38824],[7.45727,47.38783],[7.45728,47.38769],[7.45641,47.38741],[7.45474,47.38708],[7.45223,47.3869],[7.45184,47.38679],[7.45176,47.38679]],[[7.46034,47.37552],[7.4597,47.37548],[7.45954,47.37534],[7.45837,47.3751],[7.45782,47.37483],[7.45463,47.37468]],[[7.46067,47.37568],[7.46026,47.37569],[7.45906,47.37628],[7.45673,47.37693]],[[7.45754,47.3741],[7.45772,47.37476],[7.45825,47.37504],[7.45802,47.374]],[[7.46007,47.37404],[7.45943,47.37347]],[[7.46009,47.37384],[7.45976,47.37337]],[[7.46009,47.37384],[7.4602,47.37309],[7.45984,47.37273]],[[7.46034,47.37552],[7.46007,47.37404]],[[7.46007,47.37404],[7.46009,47.37384]],[[7.46067,47.37568],[7.46034,47.37552]],[[7.46477,47.37622],[7.46268,47.37579],[7.46158,47.37587],[7.46067,47.37568]],[[7.46622,47.3839],[7.46411,47.38299],[7.46318,47.38283],[7.46116,47.38207]],[[7.46377,47.37274],[7.46334,47.37193]],[[7.46477,47.37622],[7.46449,47.37481],[7.46405,47.37435],[7.46377,47.37274]],[[7.46377,47.37274],[7.46397,47.37223]],[[7.46888,47.37742],[7.46729,47.3765],[7.46477,47.37622]],[[7.4687,47.37734],[7.46717,47.37751],[7.46501,47.3785]],[[7.46622,47.3839],[7.46587,47.38355]],[[7.4676,47.3858],[7.46609,47.38503]],[[7.4676,47.3858],[7.46622,47.3839]],[[7.46793,47.38655],[7.46803,47.38604],[7.4676,47.3858]],[[7.46793,47.38655],[7.46765,47.38657]],[[7.46816,47.37264],[7.46773,47.37231]],[[7.46895,47.38716],[7.46793,47.38655]],[[7.46922,47.3764],[7.46858,47.37518],[7.46816,47.37264]],[[7.46816,47.37264],[7.46844,47.37179]],[[7.47014,47.37911],[7.4697,47.37879],[7.46958,47.37793],[7.46888,47.37742]],[[7.46888,47.37742],[7.46931,47.37697],[7.46922,47.3764]],[[7.47051,47.3892],[7.46997,47.38873],[7.46933,47.38859],[7.46892,47.38795],[7.46895,47.38716]],[[7.46895,47.38716],[7.4709,47.38623],[7.47143,47.3857],[7.47168,47.38503],[7.47221,47.38475],[7.47238,47.38434],[7.47218,47.38359],[7.47288,47.38265],[7.47275,47.38235]],[[7.46922,47.3764],[7.46983,47.3759],[7.47064,47.37435],[7.47061,47.3725],[7.47103,47.3716]],[[7.47275,47.38235],[7.47222,47.38214],[7.47114,47.38109],[7.47093,47.38027],[7.47014,47.37911]],[[7.47014,47.37911],[7.47148,47.37756],[7.47167,47.37647],[7.47242,47.3755],[7.47297,47.37413],[7.47299,47.37293]],[[7.47747,47.39237],[7.47674,47.39165],[7.47573,47.39121],[7.4739,47.39087],[7.47138,47.39006],[7.47051,47.3892]],[[7.47275,47.38235],[7.47393,47.38156],[7.47529,47.38108],[7.47561,47.37993],[7.47516,47.37953],[7.47475,47.37863],[7.47478,47.37747],[7.47559,47.37692],[7.47588,47.37639]],[[7.47299,47.37293],[7.47359,47.37212]],[[7.47299,47.37293],[7.47339,47.37285],[7.47363,47.37251]],[[7.47687,47.39677],[7.47733,47.39624],[7.4785,47.3962]],[[7.47736,47.4012],[7.47709,47.39996],[7.47731,47.39857],[7.47682,47.39776],[7.47703,47.39705],[7.47638,47.39629],[7.4774,47.39522],[7.47726,47.39392],[7.47752,47.39359]],[[7.47752,47.39359],[7.4777,47.39283],[7.47747,47.39237]],[[7.47747,47.39237],[7.47771,47.39176],[7.47818,47.39137]],[[7.47752,47.39359],[7.47891,47.39373]],[[7.47818,47.39137],[7.47904,47.39144],[7.47991,47.39179]],[[7.47818,47.39137],[7.47835,47.39055],[7.47872,47.39041],[7.47906,47.38977],[7.48013,47.3896],[7.48037,47.38901],[7.48096,47.38888]],[[7.48316,47.38338],[7.48268,47.38296],[7.48177,47.38275],[7.48108,47.38218],[7.48044,47.38065]],[[7.48096,47.38888],[7.48078,47.3884],[7.48172,47.38786],[7.48151,47.38752],[7.48189,47.38685],[7.48286,47.38655],[7.48262,47.38627],[7.48398,47.38502],[7.48412,47.38412]],[[7.48096,47.38888],[7.48117,47.38879],[7.48366,47.38917],[7.48538,47.38874],[7.48616,47.38835],[7.48746,47.38826],[7.48851,47.38861],[7.48942,47.3894],[7.49167,47.39024]],[[7.48412,47.38412],[7.48316,47.38338]],[[7.48316,47.38338],[7.48297,47.38258],[7.48336,47.38154]],[[7.48412,47.38412],[7.48537,47.38377],[7.48635,47.38309],[7.48785,47.38246]],[[7.48785,47.38246],[7.4876,47.38203],[7.48747,47.37988],[7.48693,47.37943],[7.48682,47.37906],[7.48738,47.37792]],[[7.48785,47.38246],[7.48933,47.38198],[7.48999,47.38188],[7.49035,47.38191],[7.49073,47.38186],[7.49347,47.3812]],[[7.4903,47.3819],[7.49075,47.37931],[7.49178,47.37854],[7.49178,47.3782],[7.49217,47.37776],[7.49221,47.37708]],[[7.49347,47.3812],[7.49346,47.38059],[7.49393,47.37982],[7.49407,47.37904],[7.49449,47.37879],[7.49475,47.37766]],[[7.49347,47.3812],[7.49373,47.38116],[7.49505,47.38145],[7.49572,47.38126],[7.49723,47.38125],[7.49935,47.3805]],[[7.49935,47.3805],[7.50079,47.38067],[7.50202,47.38022]],[[7.49935,47.3805],[7.49994,47.37877],[7.50128,47.37693],[7.5013,47.37623]],[[7.50202,47.38022],[7.5026,47.379],[7.50304,47.37693],[7.50259,47.3762],[7.50234,47.37497]],[[7.50202,47.38022],[7.50288,47.38009]],[[7.50234,47.37497],[7.50211,47.3741],[7.50228,47.37368]],[[7.50234,47.37497],[7.50298,47.37392]],[[7.50577,47.38383],[7.50483,47.38338],[7.5047,47.38268],[7.50443,47.38242]],[[7.50874,47.38809],[7.50799,47.38783],[7.50603,47.38605],[7.50541,47.38437],[7.50577,47.38383]],[[7.50577,47.38383],[7.50659,47.38309],[7.50669,47.38249],[7.50774,47.3824],[7.50814,47.38216]],[[7.50814,47.38216],[7.50828,47.38149],[7.50978,47.38045],[7.51023,47.37932]],[[7.50814,47.38216],[7.5092,47.3819],[7.51129,47.38174],[7.51329,47.38053]],[[7.50899,47.38849],[7.50874,47.38809]],[[7.50874,47.38809],[7.5095,47.38706],[7.50955,47.38645],[7.51027,47.38611],[7.51034,47.38584]],[[7.50956,47.38881],[7.51071,47.38844],[7.51162,47.38841],[7.5127,47.38794],[7.51476,47.38766]],[[7.51023,47.37932],[7.50972,47.37895],[7.50939,47.37728],[7.50992,47.37559],[7.5099,47.37466],[7.51045,47.37358]],[[7.51023,47.37932],[7.51189,47.3784]],[[7.51189,47.3784],[7.51237,47.37787],[7.51245,47.37687],[7.51295,47.37605]],[[7.51189,47.3784],[7.51312,47.37812],[7.51393,47.3776],[7.51467,47.3759]],[[7.51476,47.38766],[7.51729,47.38724]],[[7.51476,47.38766],[7.51473,47.3874],[7.51633,47.38647]]]}},{"type":"Feature","properties":{"id":"aare-a1-a1-so","c":"SO","p":"patent","q":"official","k":"river"},"geometry":{"type":"MultiLineString","coordinates":[[[7.47853,47.19165],[7.47573,47.19065],[7.4742,47.19042],[7.46925,47.19036],[7.46665,47.19015],[7.45939,47.18906],[7.45581,47.18885],[7.45329,47.18891],[7.45119,47.18907],[7.4498,47.18959],[7.44882,47.18942],[7.44839,47.1888],[7.4484,47.1879],[7.44973,47.18515],[7.44995,47.18403],[7.44953,47.18285],[7.44871,47.18185],[7.44758,47.18106],[7.44597,47.18026],[7.44323,47.17926],[7.44183,47.17924],[7.44054,47.17982],[7.43988,47.18065],[7.43847,47.18432],[7.43734,47.18506],[7.43588,47.18532],[7.4346,47.18517],[7.43327,47.18473],[7.43174,47.1836],[7.43091,47.18247],[7.43089,47.1812],[7.43184,47.17874],[7.43156,47.17602],[7.43007,47.17456],[7.42784,47.17351],[7.42598,47.17299],[7.42205,47.17234],[7.4184,47.17116],[7.41737,47.17025],[7.41669,47.16907],[7.41651,47.16727],[7.41595,47.16538],[7.41344,47.16318],[7.41182,47.16243],[7.41021,47.16215],[7.40857,47.1621],[7.40302,47.16283],[7.40094,47.16285],[7.39894,47.1625],[7.39705,47.16191],[7.39289,47.16022]],[[7.48425,47.19733],[7.48071,47.19477],[7.47853,47.19165]],[[7.57134,47.21955],[7.56852,47.21764],[7.56709,47.21719],[7.56509,47.21709],[7.56214,47.2174],[7.56022,47.21733],[7.55739,47.21708],[7.55563,47.21654],[7.55418,47.21534],[7.55025,47.20818],[7.5492,47.20724],[7.54786,47.20688],[7.54195,47.20681],[7.53855,47.20624],[7.53505,47.20539],[7.53432,47.20489],[7.5322,47.20165],[7.52887,47.19883],[7.52599,47.19752],[7.52114,47.19615],[7.51857,47.19594],[7.512,47.19653],[7.50755,47.19626],[7.50342,47.19671],[7.50167,47.19789],[7.4973,47.20194],[7.49611,47.20289],[7.49492,47.20348],[7.49309,47.20416],[7.49103,47.20454],[7.49008,47.20457],[7.48784,47.20409],[7.48625,47.20341],[7.48544,47.20277],[7.48405,47.20074],[7.48386,47.19934],[7.48425,47.19733],[7.48523,47.1955],[7.48518,47.19432],[7.48472,47.19326],[7.48319,47.19211],[7.48209,47.19175],[7.48041,47.19148],[7.47853,47.19165]],[[7.61891,47.2296],[7.6151,47.23011],[7.61131,47.23091],[7.60724,47.23143],[7.59997,47.23108],[7.59592,47.23059],[7.59027,47.22902],[7.58628,47.2275],[7.58237,47.2265],[7.57622,47.22431],[7.57175,47.22023],[7.57134,47.21955]],[[7.57134,47.21955],[7.57127,47.21791],[7.57172,47.21694]]]}},{"type":"Feature","properties":{"id":"aare-a2-a2-so","c":"SO","p":"patent","q":"official","k":"river"},"geometry":{"type":"MultiLineString","coordinates":[[[7.7895,47.25896],[7.78706,47.25804],[7.78524,47.25685]],[[7.7895,47.25896],[7.78769,47.25792],[7.78618,47.25613]],[[7.92218,47.36478],[7.92135,47.3668],[7.92031,47.36822],[7.91915,47.36886],[7.91819,47.36883],[7.91635,47.36788],[7.91352,47.3656],[7.91015,47.36238],[7.9081,47.35996],[7.90681,47.35691],[7.90624,47.35382],[7.9052,47.35029],[7.90504,47.34872],[7.90626,47.34409],[7.90817,47.34094],[7.90816,47.33988],[7.90732,47.33889],[7.9045,47.33694],[7.90358,47.33608],[7.89935,47.33108],[7.89682,47.32758],[7.89612,47.32369],[7.89658,47.32191],[7.89791,47.32064],[7.89805,47.31975],[7.89595,47.31867],[7.89372,47.31691],[7.89137,47.31548],[7.89036,47.3141],[7.88983,47.31232],[7.88947,47.31186],[7.88786,47.31158],[7.88378,47.31154],[7.88262,47.31127],[7.87702,47.31191],[7.87534,47.31192],[7.87352,47.3117],[7.86934,47.30936],[7.86695,47.30837],[7.86371,47.30757],[7.86116,47.30618],[7.86051,47.30565],[7.85968,47.30439],[7.85834,47.30065],[7.85473,47.29574],[7.85368,47.29279],[7.8527,47.29124],[7.85219,47.29062],[7.84931,47.28856],[7.84861,47.28783],[7.84812,47.28716],[7.84757,47.28536],[7.84585,47.28331],[7.84472,47.28249],[7.84403,47.2806],[7.84386,47.27796],[7.84328,47.27661],[7.84081,47.27392],[7.83652,47.2709],[7.83325,47.26813],[7.8302,47.26705],[7.82642,47.26609],[7.82004,47.26342],[7.81935,47.26277],[7.81819,47.26215],[7.81478,47.26131],[7.80705,47.26326],[7.80631,47.26382],[7.80535,47.26504],[7.80525,47.26801],[7.80458,47.2684],[7.80352,47.26846],[7.80215,47.26828],[7.80021,47.26757],[7.79803,47.26608],[7.79378,47.26148],[7.7895,47.25896]]]}},{"type":"Feature","properties":{"id":"aare-a3-a3-so","c":"SO","p":"patent","q":"official","k":"river"},"geometry":{"type":"LineString","coordinates":[[7.99555,47.37018],[7.992,47.3687],[7.98953,47.36812],[7.98736,47.36793],[7.98347,47.36821],[7.97559,47.36967],[7.97264,47.36971],[7.9696,47.36931],[7.95978,47.36709],[7.95888,47.36659],[7.95558,47.36346],[7.95366,47.36234],[7.95049,47.36122],[7.9475,47.36076],[7.93572,47.36045],[7.93367,47.36067],[7.93242,47.36108],[7.92468,47.36477],[7.92182,47.36568]]}},{"type":"Feature","properties":{"id":"aare-a4-a4-so","c":"SO","p":"patent","q":"official","k":"river"},"geometry":{"type":"LineString","coordinates":[[8.01169,47.38535],[8.01086,47.38593],[8.00966,47.38632],[8.00854,47.38639],[8.00756,47.38625],[8.00533,47.38546],[8.0026,47.38315],[8.00164,47.38195],[8.00071,47.38021],[8.0008,47.37877],[7.99991,47.37509],[7.99904,47.37361],[7.99557,47.36961],[7.99447,47.36666],[7.99398,47.36374],[7.9934,47.36316],[7.99277,47.36287],[7.99029,47.36235],[7.98789,47.3626],[7.98055,47.36539],[7.97121,47.36788],[7.96994,47.36791],[7.96638,47.36752],[7.96518,47.36718],[7.96411,47.36591],[7.9636,47.36359],[7.96422,47.3618],[7.96624,47.35781],[7.96629,47.35731],[7.96545,47.35548],[7.96389,47.35463],[7.96346,47.35412],[7.96247,47.35379],[7.96126,47.35386],[7.95889,47.35451],[7.95573,47.35612],[7.95034,47.35834],[7.94666,47.35938],[7.93595,47.35812],[7.93192,47.35701],[7.93029,47.35706],[7.92826,47.35805],[7.9243,47.36067],[7.92336,47.36185],[7.92218,47.36478]]}},{"type":"Feature","properties":{"id":"aare-a5-a5-so","c":"SO","p":"patent","q":"official","k":"river"},"geometry":{"type":"MultiLineString","coordinates":[[[8.02708,47.39438],[8.02422,47.39371],[8.022,47.3925],[8.02114,47.39177],[8.01713,47.38692],[8.01615,47.38645],[8.01313,47.3858]],[[8.02717,47.394],[8.02446,47.39337],[8.02251,47.39235],[8.02159,47.39156],[8.01845,47.3876],[8.01735,47.38656],[8.01606,47.38604],[8.01332,47.3856]]]}},{"type":"Feature","properties":{"id":"aare-a6-a6-so","c":"SO","p":"patent","q":"official","k":"river"},"geometry":{"type":"LineString","coordinates":[[8.02743,47.39323],[8.02572,47.39294],[8.02398,47.39201],[8.02186,47.38712],[8.02125,47.38516],[8.02061,47.38423],[8.01969,47.38345],[8.01817,47.38297],[8.01624,47.38327],[8.01482,47.38373],[8.01169,47.38535]]}},{"type":"Feature","properties":{"id":"birs-b-so","c":"SO","p":"patent","q":"official","k":"river"},"geometry":{"type":"LineString","coordinates":[[7.60747,47.48842],[7.60804,47.48585],[7.60896,47.48353],[7.6082,47.48173],[7.60659,47.481],[7.60584,47.48013],[7.60571,47.47907],[7.60652,47.4767],[7.60631,47.47562]]}},{"type":"Feature","properties":{"id":"chastelbach-so","c":"SO","p":"patent","q":"official","k":"river"},"geometry":{"type":"LineString","coordinates":[[7.58011,47.4321],[7.57935,47.43023],[7.57831,47.42992],[7.57841,47.42902],[7.5781,47.42864],[7.57825,47.42787],[7.57878,47.42767],[7.57937,47.42687],[7.58035,47.42652],[7.58028,47.42604],[7.58096,47.42604],[7.58151,47.42563],[7.58168,47.42507],[7.58256,47.42442],[7.58264,47.42376],[7.58236,47.4232],[7.58274,47.42269],[7.58356,47.422],[7.58619,47.42161],[7.58666,47.42122],[7.5875,47.42104],[7.58882,47.41993],[7.58943,47.41857],[7.59159,47.4177],[7.59246,47.41644],[7.59292,47.41635],[7.59365,47.41661],[7.59478,47.41637],[7.59542,47.41653],[7.59631,47.41647],[7.59754,47.41591],[7.59731,47.41526],[7.59667,47.41458],[7.59679,47.4135],[7.59613,47.41303],[7.59575,47.41234],[7.59593,47.41216],[7.59551,47.41055],[7.59591,47.40967],[7.59675,47.40903],[7.59694,47.40823],[7.59782,47.40775],[7.59787,47.40721],[7.59817,47.40696],[7.59898,47.40675],[7.59918,47.40627],[7.59981,47.4059],[7.60004,47.40548],[7.60051,47.40552],[7.60163,47.40523],[7.60269,47.40455],[7.6055,47.40352],[7.60624,47.40286],[7.60729,47.40245],[7.60779,47.40253],[7.60843,47.40216]]}},{"type":"Feature","properties":{"id":"duennern-d-so","c":"SO","p":"patent","q":"official","k":"river"},"geometry":{"type":"LineString","coordinates":[[7.89154,47.34849],[7.8915,47.34796],[7.89101,47.34749],[7.88837,47.34607],[7.88532,47.34478],[7.88298,47.34427],[7.8821,47.34427],[7.88139,47.344],[7.88023,47.34404],[7.87641,47.3434],[7.87376,47.34253],[7.86413,47.33751],[7.86281,47.33642],[7.86007,47.33317],[7.85941,47.3327],[7.85382,47.33104],[7.85082,47.32919],[7.84879,47.32837],[7.84216,47.32672],[7.84082,47.32657],[7.83839,47.32678],[7.83507,47.32787],[7.83053,47.32742],[7.81785,47.32417],[7.8081,47.32212],[7.80629,47.32128],[7.80323,47.32109],[7.79839,47.31974],[7.78042,47.31151],[7.77926,47.31053],[7.77856,47.30936],[7.77798,47.30609],[7.77645,47.30473],[7.75391,47.29607],[7.72155,47.28457],[7.71992,47.28439],[7.71853,47.28453],[7.71753,47.28477],[7.71606,47.28547],[7.71288,47.28901],[7.71097,47.29033],[7.70783,47.29204],[7.70617,47.29529],[7.70566,47.29557],[7.70148,47.29666],[7.70056,47.29782],[7.70014,47.29924],[7.69734,47.30235],[7.69634,47.30304],[7.695,47.30338]]}},{"type":"Feature","properties":{"id":"emme-e-so","c":"SO","p":"patent","q":"official","k":"river"},"geometry":{"type":"LineString","coordinates":[[7.57172,47.21694],[7.57743,47.20574],[7.57772,47.20459],[7.57777,47.20218],[7.58095,47.19838],[7.58121,47.19782],[7.5812,47.19695],[7.5793,47.19187],[7.57863,47.19109],[7.56632,47.18313]]}},{"type":"Feature","properties":{"id":"emme-e-so-2","c":"SO","p":"patent","q":"official","k":"river"},"geometry":{"type":"LineString","coordinates":[[7.56456,47.1816],[7.5589,47.16809]]}},{"type":"Feature","properties":{"id":"emmekanal-so","c":"SO","p":"patent","q":"official","k":"river"},"geometry":{"type":"LineString","coordinates":[[7.57325,47.22047],[7.5731,47.21907],[7.57457,47.21433],[7.57661,47.21276],[7.57945,47.20643],[7.57936,47.20521],[7.5787,47.20439],[7.57828,47.20272],[7.58077,47.20002],[7.58229,47.19792],[7.58218,47.19531],[7.58276,47.19483],[7.58261,47.192],[7.5822,47.19124],[7.57968,47.18944],[7.57753,47.18867],[7.57532,47.1876],[7.57018,47.18414],[7.56574,47.18149],[7.56445,47.18128]]}},{"type":"Feature","properties":{"id":"luessel-so","c":"SO","p":"patent","q":"official","k":"river"},"geometry":{"type":"MultiLineString","coordinates":[[[7.54,47.4021],[7.53951,47.40149],[7.53898,47.39851],[7.53928,47.39781],[7.5387,47.39691],[7.53951,47.39577],[7.53826,47.39479],[7.53912,47.39406],[7.53885,47.39305],[7.53927,47.3907],[7.53851,47.3894],[7.53708,47.38782],[7.53719,47.38649],[7.5369,47.38594],[7.53729,47.38283],[7.53696,47.38259],[7.53755,47.38214],[7.538,47.38123],[7.53785,47.38043],[7.53908,47.37989],[7.53983,47.37901],[7.53962,47.37839],[7.53974,47.37769],[7.54094,47.37639],[7.54117,47.3755],[7.54213,47.3743],[7.54162,47.37293],[7.54206,47.37122],[7.5419,47.37025],[7.54243,47.3694],[7.54301,47.36911],[7.54302,47.36837],[7.54407,47.36808],[7.54387,47.36772],[7.54405,47.36686],[7.54488,47.36659],[7.54533,47.3662],[7.54835,47.36598],[7.54978,47.36651],[7.55246,47.3668],[7.55334,47.36615],[7.55419,47.366],[7.55523,47.36631],[7.55752,47.36658],[7.55922,47.36625],[7.56133,47.3648],[7.56226,47.36466],[7.56342,47.36473],[7.56496,47.36563],[7.56537,47.36539],[7.56714,47.36503],[7.5673,47.36396],[7.56819,47.36297],[7.5683,47.36182],[7.56944,47.3606],[7.56997,47.36036],[7.57181,47.36079],[7.57274,47.36128],[7.57542,47.36138],[7.57647,47.36092],[7.57795,47.36094],[7.57834,47.36053],[7.5796,47.36025],[7.58056,47.36087],[7.58231,47.36155],[7.58328,47.36165],[7.5835,47.36208],[7.58455,47.3621],[7.58583,47.36192],[7.58651,47.36151],[7.58786,47.36113],[7.58858,47.36074],[7.58888,47.36016],[7.59048,47.35959],[7.591,47.35947],[7.59181,47.35966],[7.59323,47.35898],[7.59397,47.35885],[7.5962,47.35766],[7.59719,47.35786],[7.59818,47.35773],[7.60073,47.35806],[7.60414,47.357],[7.60671,47.35684],[7.60783,47.35641],[7.60881,47.35651],[7.60932,47.35629],[7.60995,47.3568],[7.61133,47.35673],[7.61239,47.35711],[7.61395,47.35805],[7.61437,47.35865],[7.61474,47.35869],[7.61509,47.35897],[7.61707,47.35928],[7.61953,47.36031],[7.62111,47.36188]],[[7.54177,47.41392],[7.54269,47.41289],[7.54292,47.41204],[7.54222,47.40972],[7.54133,47.40838],[7.54152,47.4071]]]}},{"type":"Feature","properties":{"id":"luetzel-so","c":"SO","p":"patent","q":"official","k":"river"},"geometry":{"type":"MultiLineString","coordinates":[[[7.43417,47.42832],[7.43287,47.42786],[7.4317,47.42696],[7.42755,47.42568],[7.42469,47.42595],[7.42194,47.42545],[7.41916,47.42549],[7.41703,47.42586],[7.41419,47.42691],[7.41202,47.42659],[7.41149,47.42635],[7.41061,47.42574],[7.41104,47.4253],[7.41092,47.42518],[7.40906,47.42546],[7.40835,47.42511],[7.40753,47.42495],[7.40679,47.42513],[7.40505,47.4248],[7.40437,47.42447],[7.40365,47.4248],[7.402,47.42455],[7.40026,47.42511],[7.39955,47.42556],[7.39798,47.42475],[7.39692,47.42494],[7.39635,47.42464],[7.39555,47.42491],[7.39588,47.42536],[7.39498,47.42591],[7.39459,47.42711],[7.39345,47.42694],[7.39318,47.42822],[7.39244,47.42867],[7.39161,47.42836],[7.39104,47.42847],[7.39118,47.42922],[7.39061,47.42964],[7.3897,47.42984],[7.3887,47.42961],[7.38853,47.43016],[7.38819,47.43025],[7.38767,47.42987],[7.38572,47.42992],[7.38366,47.4315],[7.38184,47.43169]],[[7.45556,47.4277],[7.45222,47.4273],[7.45155,47.42752],[7.44953,47.42758],[7.44899,47.42774],[7.44732,47.42751],[7.44334,47.42892],[7.4426,47.4289],[7.44201,47.42859],[7.44121,47.42862],[7.44055,47.42916]]]}},{"type":"Feature","properties":{"id":"duennern-s1-so","c":"SO","p":"closed","q":"official","k":"river"},"geometry":{"type":"LineString","coordinates":[[7.90402,47.34909],[7.90298,47.34914],[7.89909,47.34851],[7.89801,47.34895],[7.8974,47.34954],[7.89604,47.34939],[7.89496,47.35047],[7.89386,47.35074],[7.89272,47.35042],[7.89154,47.34849]]}},{"type":"Feature","properties":{"id":"luessel-s2-so","c":"SO","p":"closed","q":"official","k":"river"},"geometry":{"type":"LineString","coordinates":[[7.54152,47.4071],[7.54154,47.40603],[7.54116,47.40452],[7.54063,47.40286],[7.54,47.4021]]}},{"type":"Feature","properties":{"id":"luetzel-s3-so","c":"SO","p":"closed","q":"official","k":"river"},"geometry":{"type":"LineString","coordinates":[[7.44055,47.42916],[7.4393,47.42867],[7.43597,47.42871],[7.43531,47.42863],[7.43519,47.42839],[7.43417,47.42832]]}},{"type":"Feature","properties":{"id":"aare-ruppoldingen-s4-so","c":"SO","p":"closed","q":"official","k":"river"},"geometry":{"type":"LineString","coordinates":[[7.89137,47.31548],[7.88951,47.315],[7.88928,47.31476],[7.88898,47.31486],[7.88841,47.31424],[7.88786,47.3141],[7.88781,47.31369],[7.88613,47.31286],[7.88585,47.3124],[7.88317,47.31231],[7.88242,47.31245],[7.88163,47.31222],[7.88115,47.31274],[7.87935,47.31263],[7.87732,47.31276],[7.87582,47.31261],[7.87534,47.31192]]}},{"type":"Feature","properties":{"id":"aare-schoenenwerd-s5-so","c":"SO","p":"closed","q":"official","k":"river"},"geometry":{"type":"LineString","coordinates":[[8.01341,47.38454],[8.01281,47.38396],[8.01214,47.384],[8.01147,47.38335],[8.01058,47.38348],[8.01017,47.38288],[8.00923,47.38244],[8.00918,47.38224],[8.00769,47.38195],[8.00658,47.38148],[8.00613,47.381],[8.00468,47.38079],[8.00425,47.38039],[8.00352,47.38031],[8.00119,47.38104]]}},{"type":"Feature","properties":{"id":"luessel-s6-so","c":"SO","p":"closed","q":"official","k":"river"},"geometry":{"type":"LineString","coordinates":[[7.62111,47.36188],[7.62175,47.36187],[7.62361,47.36318],[7.62521,47.36481],[7.62964,47.36573],[7.63485,47.368],[7.63671,47.36817],[7.63788,47.36773],[7.63915,47.36771],[7.63959,47.3669],[7.64413,47.36742]]}},{"type":"Feature","properties":{"id":"duennern-s7-so","c":"SO","p":"closed","q":"official","k":"river"},"geometry":{"type":"LineString","coordinates":[[7.695,47.30338],[7.69429,47.30359],[7.68892,47.30678]]}},{"type":"Feature","properties":{"id":"emme-s8-so","c":"SO","p":"closed","q":"official","k":"river"},"geometry":{"type":"LineString","coordinates":[[7.56632,47.18313],[7.56456,47.1816]]}},{"type":"Feature","properties":{"id":"burgaeschisee-so","c":"SO","p":"patent","q":"derived","k":"lake"},"geometry":{"type":"Polygon","coordinates":[[[7.66924,47.17242],[7.67001,47.17217],[7.67034,47.17157],[7.67067,47.16946],[7.67197,47.16875],[7.67209,47.16839],[7.66613,47.16837],[7.66565,47.16924],[7.66542,47.1704],[7.66562,47.17091],[7.66604,47.17133],[7.66754,47.17165],[7.66823,47.17199],[7.66832,47.17215],[7.66924,47.17242]]]}},{"type":"Feature","properties":{"id":"inkwilersee-so","c":"SO","p":"patent","q":"derived","k":"lake"},"geometry":{"type":"Polygon","coordinates":[[[7.66177,47.19655],[7.66113,47.19672],[7.66051,47.19783],[7.66069,47.1983],[7.66173,47.19923],[7.66241,47.19962],[7.6627,47.1988],[7.6624,47.19862],[7.66293,47.19851],[7.66404,47.19762],[7.66291,47.19683],[7.66177,47.19655]]]}}]}