{"type":"FeatureCollection","features":[{"type":"Feature","properties":{"id":"aahusbach-sz","c":"SZ","p":"patent","q":"derived","k":"river","ns":0},"geometry":{"type":"MultiLineString","coordinates":[[[8.41016,47.09076],[8.41089,47.09023],[8.41128,47.09029],[8.41258,47.08997]],[[8.41288,47.08992],[8.41346,47.08942],[8.4143,47.08928],[8.41629,47.0899],[8.41842,47.0902],[8.41896,47.09098],[8.41967,47.09129],[8.42028,47.09203],[8.42142,47.09211],[8.42188,47.09263],[8.42326,47.09307],[8.42287,47.09344],[8.42342,47.0935],[8.42463,47.09406],[8.42528,47.09394],[8.42689,47.09465],[8.42693,47.09578],[8.42752,47.0966],[8.42716,47.09722],[8.42737,47.0976],[8.42821,47.09792],[8.42804,47.09849],[8.42847,47.09869],[8.42881,47.0986],[8.42916,47.09897],[8.42991,47.09863],[8.43029,47.0988],[8.43041,47.0991],[8.43144,47.09952],[8.43221,47.09957],[8.4334,47.10016],[8.43634,47.10077],[8.43687,47.10116],[8.43744,47.1012],[8.43816,47.10156],[8.43872,47.10224],[8.44026,47.10305],[8.44122,47.10333],[8.44128,47.10352]],[[8.44194,47.10416],[8.44457,47.10608],[8.44587,47.1086],[8.44821,47.10993],[8.44887,47.11007],[8.44953,47.11065]]]}},{"type":"Feature","properties":{"id":"aarbach-sz","c":"SZ","p":"patent","q":"derived","k":"river","ns":0},"geometry":{"type":"LineString","coordinates":[[8.88425,47.17933],[8.88414,47.18029],[8.88119,47.18155],[8.879,47.18372],[8.87708,47.18426]]}},{"type":"Feature","properties":{"id":"aberenbach-sz","c":"SZ","p":"patent","q":"derived","k":"river","ns":0},"geometry":{"type":"LineString","coordinates":[[8.90627,47.05524],[8.90614,47.05572],[8.90689,47.058],[8.90651,47.05854],[8.90746,47.05945],[8.90695,47.06001],[8.90778,47.06121],[8.90847,47.06149],[8.90853,47.06183],[8.91004,47.06275],[8.91084,47.06361],[8.91244,47.06657]]}},{"type":"Feature","properties":{"id":"allmeindgraben-sz","c":"SZ","p":"patent","q":"derived","k":"river","ns":0},"geometry":{"type":"LineString","coordinates":[[8.94509,47.17985],[8.9453,47.18338]]}},{"type":"Feature","properties":{"id":"almigbach-sz","c":"SZ","p":"patent","q":"derived","k":"river","ns":0},"geometry":{"type":"LineString","coordinates":[[8.7979,47.14445],[8.79703,47.14451],[8.79579,47.14423],[8.79551,47.1437],[8.79572,47.14339],[8.79555,47.1431],[8.7947,47.14265],[8.79433,47.14216],[8.79393,47.1421],[8.79397,47.1419],[8.79266,47.14169],[8.7916,47.14083]]}},{"type":"Feature","properties":{"id":"alp-sz","c":"SZ","p":"patent","q":"derived","k":"river","ns":0},"geometry":{"type":"LineString","coordinates":[[8.72097,47.02616],[8.72007,47.02649],[8.71925,47.02648],[8.71851,47.02608],[8.71729,47.02594],[8.71634,47.02663],[8.71536,47.02676],[8.71467,47.02712],[8.71462,47.02732],[8.71417,47.02731],[8.71382,47.0275],[8.71389,47.02767],[8.71346,47.02802],[8.71394,47.02888],[8.71396,47.02959],[8.71471,47.02995],[8.71476,47.03043],[8.7153,47.03062],[8.71514,47.03083],[8.71536,47.03134],[8.71493,47.03173],[8.7153,47.03291],[8.7148,47.03354],[8.71457,47.03494],[8.71403,47.03559],[8.71429,47.03653],[8.71395,47.03765],[8.71322,47.03847],[8.7131,47.03905],[8.71168,47.04018],[8.70918,47.04123],[8.70936,47.04166],[8.70818,47.04233],[8.70704,47.04381],[8.70721,47.04426],[8.70704,47.04545],[8.70731,47.04602],[8.70698,47.04688],[8.7077,47.04785],[8.70856,47.04848],[8.70855,47.04868],[8.70787,47.04915],[8.70758,47.05071],[8.70783,47.05214],[8.70871,47.05416],[8.71104,47.05489],[8.71182,47.05585],[8.71218,47.0568],[8.71158,47.05908],[8.71171,47.0599],[8.71256,47.06174],[8.7153,47.06484],[8.71676,47.07093],[8.71778,47.07202],[8.7205,47.07375],[8.72312,47.0771],[8.72379,47.07962],[8.7234,47.08559],[8.72285,47.08706],[8.72279,47.08801],[8.72562,47.09129],[8.7263,47.09374],[8.72808,47.09723],[8.72873,47.10082],[8.72777,47.10291],[8.72798,47.10433],[8.73072,47.10786],[8.73257,47.11183],[8.73501,47.11489],[8.73553,47.12094],[8.73583,47.12184],[8.73815,47.12409],[8.74286,47.12733],[8.7437,47.12815],[8.74559,47.1311],[8.74622,47.13595],[8.74698,47.13938],[8.74882,47.14027],[8.75157,47.14291],[8.74993,47.14389],[8.74967,47.14425],[8.74966,47.14482],[8.75042,47.146],[8.75054,47.14673],[8.74986,47.14948],[8.74942,47.14994],[8.74807,47.15059],[8.74707,47.15177],[8.74611,47.15235],[8.74501,47.1526],[8.74409,47.15249],[8.74264,47.15178],[8.74077,47.15117],[8.73733,47.15053],[8.73605,47.14997],[8.73226,47.15008],[8.73165,47.15031],[8.7296,47.15239],[8.72741,47.15371],[8.72635,47.15503],[8.72579,47.15506],[8.72482,47.15475],[8.72327,47.15537],[8.72344,47.15571],[8.72482,47.15635],[8.72556,47.1584],[8.72696,47.15962],[8.72808,47.16005],[8.72913,47.16085],[8.72953,47.1631],[8.72943,47.16404],[8.73063,47.16642],[8.73131,47.16667],[8.7326,47.16642],[8.73384,47.16658],[8.73594,47.16656],[8.73646,47.16676]]}},{"type":"Feature","properties":{"id":"alt-linth-sz","c":"SZ","p":"patent","q":"derived","k":"river","ns":0},"geometry":{"type":"LineString","coordinates":[[8.94255,47.1992],[8.9416,47.20133],[8.94173,47.20192],[8.94224,47.20238],[8.9441,47.20296],[8.94786,47.20326],[8.94935,47.20356],[8.95906,47.20836],[8.96012,47.20859],[8.96186,47.20847],[8.96347,47.20934],[8.96615,47.21253],[8.96898,47.21428],[8.9699,47.21517],[8.96986,47.21584],[8.96933,47.21672],[8.96769,47.21711],[8.96611,47.21706],[8.95572,47.21578],[8.94476,47.21713]]}},{"type":"Feature","properties":{"id":"altmattbach-sz","c":"SZ","p":"patent","q":"derived","k":"river","ns":0},"geometry":{"type":"LineString","coordinates":[[8.69111,47.11756],[8.688,47.11853],[8.68713,47.11866],[8.6858,47.11834],[8.68391,47.11891],[8.68385,47.11991],[8.68338,47.12107],[8.68183,47.12158],[8.68095,47.12244],[8.67758,47.12316]]}},{"type":"Feature","properties":{"id":"aubach-sz","c":"SZ","p":"patent","q":"derived","k":"river","ns":0},"geometry":{"type":"MultiLineString","coordinates":[[[8.71501,47.13316],[8.71459,47.13344],[8.71436,47.13417],[8.71382,47.13473],[8.71329,47.13611],[8.71246,47.13664],[8.71208,47.13714],[8.71214,47.13753],[8.71153,47.13808],[8.71054,47.13837],[8.70838,47.13991],[8.70909,47.14059],[8.70966,47.14077],[8.71152,47.14066],[8.71203,47.14088],[8.7119,47.14146],[8.71299,47.14177],[8.71331,47.14198],[8.7131,47.14221],[8.71345,47.14247],[8.71463,47.14291],[8.71543,47.14357],[8.71573,47.14353],[8.71567,47.14386],[8.71612,47.14407],[8.71643,47.14453],[8.71712,47.14471],[8.71798,47.14467],[8.71826,47.14492],[8.72004,47.14552],[8.72066,47.14542],[8.72038,47.14606],[8.72074,47.14632],[8.72101,47.14697],[8.72149,47.14711],[8.72135,47.14756],[8.72194,47.14796],[8.72208,47.14834],[8.72145,47.14945],[8.72188,47.14973],[8.72094,47.15011],[8.7211,47.15037],[8.72167,47.1504],[8.72166,47.1508],[8.72219,47.15113],[8.72172,47.1515],[8.72131,47.15147],[8.72068,47.15248],[8.72007,47.15268]],[[8.7263,47.10918],[8.72664,47.10995],[8.72727,47.11062],[8.72781,47.11199],[8.72841,47.11229],[8.73041,47.11427],[8.73224,47.11519],[8.73271,47.11591],[8.73453,47.11756],[8.73448,47.11794],[8.73549,47.11882]]]}},{"type":"Feature","properties":{"id":"autisbach-sz","c":"SZ","p":"patent","q":"derived","k":"river","ns":0},"geometry":{"type":"LineString","coordinates":[[8.82838,47.16338],[8.82878,47.16375],[8.8294,47.16395],[8.82957,47.16441],[8.82935,47.16506],[8.82837,47.16526],[8.82782,47.16582],[8.82821,47.16702],[8.82754,47.16839],[8.82771,47.16953],[8.828,47.16986],[8.82808,47.17186],[8.82869,47.17337],[8.82824,47.17439],[8.82764,47.17458],[8.82697,47.17516],[8.82687,47.17603],[8.82709,47.17695],[8.8267,47.17728],[8.82698,47.17803],[8.82756,47.17816],[8.82898,47.17903],[8.8289,47.181]]}},{"type":"Feature","properties":{"id":"berglibach-sz","c":"SZ","p":"patent","q":"derived","k":"river","ns":0},"geometry":{"type":"LineString","coordinates":[[8.97112,47.16452],[8.97198,47.1652],[8.97263,47.16617],[8.97254,47.16692],[8.97309,47.16825],[8.97304,47.16883],[8.97454,47.16932]]}},{"type":"Feature","properties":{"id":"bettbach-sz","c":"SZ","p":"patent","q":"derived","k":"river","ns":0},"geometry":{"type":"MultiLineString","coordinates":[[[8.72031,46.98639],[8.71979,46.98458],[8.71926,46.98427],[8.71907,46.98381],[8.71851,46.98354],[8.71849,46.98307],[8.71801,46.98246]],[[8.73471,46.99222],[8.7337,46.99214],[8.73262,46.99179],[8.73201,46.99185],[8.73142,46.99149],[8.73062,46.99137],[8.73008,46.99103],[8.72946,46.99012],[8.72888,46.98985],[8.72853,46.98927],[8.72688,46.98825],[8.72452,46.98786],[8.72417,46.98756],[8.72355,46.98778],[8.72324,46.98821],[8.72191,46.988],[8.72142,46.98777],[8.72101,46.98704]]]}},{"type":"Feature","properties":{"id":"biber-sz","c":"SZ","p":"patent","q":"derived","k":"river","ns":0},"geometry":{"type":"LineString","coordinates":[[8.67944,47.09911],[8.67775,47.09852],[8.67695,47.09862],[8.6754,47.09941],[8.67389,47.09983],[8.67245,47.10085],[8.67231,47.10311],[8.67076,47.1065],[8.67107,47.10791],[8.66985,47.10871],[8.66944,47.10953],[8.66961,47.11366],[8.67,47.11441],[8.67114,47.11544],[8.67196,47.1157],[8.67163,47.11605],[8.67148,47.11589],[8.67121,47.11597],[8.67138,47.11653],[8.67092,47.1168],[8.67189,47.11686],[8.67126,47.1178],[8.67133,47.11802],[8.67178,47.1181],[8.67116,47.11829],[8.67091,47.11806],[8.67044,47.11822],[8.67121,47.11848],[8.67069,47.11912],[8.67148,47.11894],[8.67193,47.11903],[8.67191,47.11928],[8.67233,47.11931],[8.67198,47.11985],[8.67255,47.1201],[8.67254,47.12042],[8.67323,47.12053],[8.67353,47.12092],[8.67427,47.12066],[8.6742,47.12091],[8.67445,47.12114],[8.67486,47.1211],[8.67471,47.12143],[8.67569,47.12119],[8.67601,47.12148],[8.67572,47.1218],[8.67608,47.12215],[8.67642,47.12204],[8.67635,47.12246],[8.67708,47.12223],[8.67724,47.12248],[8.67736,47.12227],[8.67774,47.12232],[8.6768,47.12309],[8.67762,47.12308],[8.67731,47.1239],[8.67842,47.12459],[8.67948,47.12422],[8.68,47.12475],[8.68063,47.12488],[8.68112,47.12477],[8.6818,47.12503],[8.68147,47.12543],[8.68232,47.12582],[8.68225,47.12636],[8.68261,47.12654],[8.68224,47.12681],[8.68232,47.12704],[8.68269,47.12713],[8.68245,47.12764],[8.68353,47.12851],[8.68335,47.12901],[8.68479,47.12993],[8.68423,47.13017],[8.68445,47.13062],[8.68398,47.13066],[8.6846,47.13089],[8.68535,47.13063],[8.68607,47.13124],[8.68576,47.13144],[8.68512,47.13132],[8.68518,47.13168],[8.6844,47.13196],[8.68463,47.13217],[8.68508,47.13214],[8.68494,47.1325],[8.68447,47.13253],[8.68464,47.13293],[8.68438,47.13324],[8.68458,47.13342],[8.68528,47.13341],[8.68503,47.13381],[8.68552,47.13414],[8.68535,47.13431],[8.68618,47.13486],[8.68641,47.13484],[8.68661,47.13449],[8.6875,47.13447],[8.68711,47.1349],[8.68727,47.13523],[8.68635,47.13589],[8.68642,47.13614],[8.68709,47.13633],[8.68764,47.13708],[8.68723,47.1372],[8.68658,47.13708],[8.68529,47.13747],[8.68512,47.13831],[8.6846,47.13878],[8.68421,47.14006],[8.68478,47.14192],[8.68574,47.14235],[8.68685,47.1441],[8.68791,47.14506],[8.68835,47.14592],[8.69006,47.14702],[8.69049,47.14776],[8.69252,47.14807],[8.69343,47.14899],[8.69621,47.15012],[8.69771,47.15031],[8.69859,47.14952],[8.69911,47.15054],[8.70061,47.15097],[8.70405,47.15076],[8.70524,47.15028],[8.70576,47.1506],[8.70569,47.15154],[8.70962,47.15168],[8.71017,47.152],[8.7104,47.15266],[8.71216,47.15241],[8.71307,47.15297],[8.71391,47.15293],[8.71487,47.1523],[8.7165,47.15263],[8.71749,47.15194],[8.71914,47.15179],[8.71957,47.15197],[8.72029,47.15312],[8.7218,47.15366],[8.72325,47.15541]]}},{"type":"Feature","properties":{"id":"bleikenbach-sz","c":"SZ","p":"patent","q":"derived","k":"river","ns":0},"geometry":{"type":"LineString","coordinates":[[8.74714,47.17024],[8.74589,47.17032],[8.7447,47.17007],[8.74415,47.17045],[8.7429,47.17051],[8.74246,47.17032],[8.74243,47.17057],[8.74122,47.17093],[8.73963,47.17195]]}},{"type":"Feature","properties":{"id":"brandeggbach-sz","c":"SZ","p":"patent","q":"derived","k":"river","ns":0},"geometry":{"type":"LineString","coordinates":[[8.80739,47.15907],[8.80594,47.15864],[8.80518,47.15866],[8.8039,47.15832],[8.80303,47.15829],[8.80269,47.15799],[8.80047,47.15724],[8.79895,47.15698],[8.79697,47.15591],[8.79434,47.15647],[8.79228,47.15636],[8.79104,47.1561],[8.78762,47.15711],[8.78618,47.15855],[8.78546,47.15973],[8.78539,47.16114],[8.78409,47.1625],[8.78352,47.16259],[8.78328,47.16242],[8.78291,47.16254],[8.78181,47.16205]]}},{"type":"Feature","properties":{"id":"brueschhaldenbach-sz","c":"SZ","p":"patent","q":"derived","k":"river","ns":0},"geometry":{"type":"LineString","coordinates":[[8.44008,47.0979],[8.44106,47.10328]]}},{"type":"Feature","properties":{"id":"burgbach-sz","c":"SZ","p":"patent","q":"derived","k":"river","ns":0},"geometry":{"type":"LineString","coordinates":[[8.63602,47.04713],[8.63559,47.04695],[8.63534,47.04641],[8.63435,47.04546],[8.6342,47.04469],[8.63368,47.0442],[8.63356,47.0432]]}},{"type":"Feature","properties":{"id":"baerlauibach-sz","c":"SZ","p":"patent","q":"derived","k":"river","ns":0},"geometry":{"type":"LineString","coordinates":[[8.8459,47.10379],[8.84407,47.10222],[8.84095,47.10171],[8.84021,47.10137],[8.83891,47.1014],[8.83741,47.10058],[8.83659,47.10049]]}},{"type":"Feature","properties":{"id":"baerrichtibach-sz","c":"SZ","p":"patent","q":"derived","k":"river","ns":0},"geometry":{"type":"LineString","coordinates":[[8.85689,47.12419],[8.86173,47.12549],[8.8633,47.12547],[8.8644,47.12523],[8.86501,47.12548],[8.86584,47.12531],[8.86719,47.12551],[8.86805,47.12557],[8.86866,47.12541],[8.8695,47.12557],[8.87022,47.12539],[8.87097,47.12568],[8.87188,47.12565]]}},{"type":"Feature","properties":{"id":"bueelbach-sz","c":"SZ","p":"patent","q":"derived","k":"river","ns":0},"geometry":{"type":"MultiLineString","coordinates":[[[8.74621,47.17277],[8.74479,47.17225],[8.74305,47.17223],[8.74186,47.17182],[8.74118,47.17206],[8.74087,47.17191],[8.74014,47.17219],[8.73963,47.17195],[8.73892,47.17201],[8.73715,47.17164]],[[8.95745,47.17666],[8.95832,47.17958]]]}},{"type":"Feature","properties":{"id":"bueelweidbach-sz","c":"SZ","p":"patent","q":"derived","k":"river","ns":0},"geometry":{"type":"LineString","coordinates":[[8.74714,47.17024],[8.74589,47.17032],[8.7447,47.17007],[8.74415,47.17045],[8.7429,47.17051],[8.74246,47.17032],[8.74243,47.17057],[8.74122,47.17093],[8.73963,47.17195]]}},{"type":"Feature","properties":{"id":"buergelibach-sz","c":"SZ","p":"patent","q":"derived","k":"river","ns":0},"geometry":{"type":"LineString","coordinates":[[8.72449,46.95117],[8.72513,46.95144],[8.72554,46.9514],[8.72704,46.95268],[8.72775,46.95285],[8.72802,46.95331],[8.73064,46.95445],[8.73192,46.95523],[8.73695,46.9572],[8.73725,46.95764],[8.73784,46.95784],[8.73906,46.9589],[8.73979,46.95919],[8.74046,46.9592],[8.7424,46.96002],[8.74391,46.96022],[8.74448,46.9605],[8.74507,46.96032],[8.746,46.96056],[8.74641,46.96129],[8.74636,46.96177],[8.74712,46.96208],[8.74737,46.96264],[8.74678,46.96413],[8.74697,46.96469],[8.7468,46.96497],[8.74762,46.96607],[8.74737,46.96651],[8.74765,46.9668],[8.7474,46.96704],[8.7474,46.96765],[8.74957,46.96942],[8.74966,46.96969],[8.75025,46.97],[8.751,46.97101],[8.75237,46.97127],[8.7537,46.97254],[8.7536,46.97339],[8.75076,46.97412],[8.74967,46.97527],[8.74489,46.97704],[8.74386,46.97786],[8.74204,46.97839],[8.74059,46.97831],[8.73946,46.97802]]}},{"type":"Feature","properties":{"id":"chappelibach-sz","c":"SZ","p":"patent","q":"derived","k":"river","ns":0},"geometry":{"type":"LineString","coordinates":[[8.95745,47.17666],[8.95832,47.17958]]}},{"type":"Feature","properties":{"id":"chatzenbach-sz","c":"SZ","p":"patent","q":"derived","k":"river","ns":0},"geometry":{"type":"LineString","coordinates":[[8.83656,47.17222],[8.83708,47.17279],[8.83862,47.17338],[8.83841,47.17388],[8.83857,47.17447],[8.83829,47.17497],[8.83901,47.17669],[8.83896,47.17704],[8.83929,47.1773],[8.83937,47.17823],[8.83965,47.17838],[8.83953,47.17878],[8.83998,47.18051],[8.84067,47.18082],[8.84434,47.18129],[8.84528,47.18183],[8.84556,47.18272],[8.84711,47.18388],[8.84736,47.18482],[8.8478,47.18522],[8.84642,47.18635]]}},{"type":"Feature","properties":{"id":"chessibach-sz","c":"SZ","p":"patent","q":"derived","k":"river","ns":0},"geometry":{"type":"MultiLineString","coordinates":[[[8.81625,47.15967],[8.81574,47.16046],[8.81567,47.16146],[8.81674,47.16307],[8.81733,47.16534],[8.81804,47.16595],[8.81871,47.16788],[8.81945,47.16889],[8.82028,47.16918],[8.82063,47.16965],[8.82088,47.17064],[8.82061,47.17326],[8.82127,47.17392],[8.82165,47.17525],[8.82248,47.17571],[8.82223,47.17657],[8.82266,47.17678],[8.82268,47.17732],[8.82326,47.17766],[8.82355,47.17825],[8.82465,47.17901],[8.82441,47.17961],[8.82498,47.17992],[8.82504,47.18034],[8.82476,47.18087],[8.82518,47.1813]],[[8.82525,47.18155],[8.82504,47.18249],[8.82534,47.18335],[8.82533,47.18538],[8.82632,47.18781],[8.8261,47.18891],[8.82422,47.19081],[8.82301,47.19114],[8.82214,47.19159],[8.8217,47.19336],[8.81965,47.1951]]]}},{"type":"Feature","properties":{"id":"chlausenbach-sz","c":"SZ","p":"patent","q":"derived","k":"river","ns":0},"geometry":{"type":"MultiLineString","coordinates":[[[8.54076,47.08546],[8.5386,47.0855],[8.5376,47.08524],[8.53586,47.08515],[8.53446,47.0848],[8.5309,47.08459],[8.53069,47.08439],[8.52945,47.08416],[8.52861,47.08368],[8.52691,47.08326],[8.52602,47.08328],[8.52527,47.08369],[8.52343,47.08374],[8.52309,47.0842]],[[8.54506,47.03359],[8.54569,47.03329],[8.54839,47.03283],[8.54876,47.03224],[8.54952,47.03201],[8.55321,47.03265],[8.55386,47.03309],[8.55541,47.03358],[8.55637,47.03435],[8.55694,47.03425],[8.55804,47.03461],[8.55931,47.03468],[8.56015,47.03491],[8.56195,47.03682],[8.56108,47.03741],[8.56116,47.03825],[8.56265,47.03902],[8.56339,47.039],[8.56421,47.03932],[8.56523,47.03923],[8.56618,47.03945],[8.56686,47.04007],[8.56713,47.04116],[8.56846,47.04104],[8.56943,47.04133],[8.57017,47.0418],[8.57126,47.04173],[8.57235,47.04123],[8.57344,47.04157],[8.57515,47.04146],[8.57741,47.04091],[8.57768,47.04065],[8.57829,47.0407],[8.5797,47.03974],[8.57993,47.03911],[8.57984,47.0383],[8.58052,47.03762],[8.58205,47.03702],[8.58237,47.03671],[8.58273,47.0367],[8.58297,47.03639],[8.58407,47.03613],[8.58454,47.03624]],[[8.70427,47.11711],[8.70244,47.11782],[8.70157,47.1188],[8.7004,47.11944],[8.69911,47.11918],[8.69885,47.11946],[8.69804,47.11949],[8.69782,47.11972],[8.69751,47.11973],[8.69749,47.12004],[8.69695,47.12016],[8.69692,47.12064],[8.69642,47.12071],[8.69503,47.12158],[8.69517,47.12309],[8.69568,47.12385],[8.69635,47.12443],[8.69699,47.12545],[8.699,47.12669],[8.69891,47.12736],[8.69852,47.12734],[8.69842,47.12757],[8.69903,47.12807],[8.69905,47.12847],[8.69983,47.12858],[8.70002,47.12893],[8.69941,47.12984],[8.69979,47.12976],[8.69988,47.1299],[8.69937,47.13016],[8.69903,47.13002],[8.69868,47.1302],[8.69911,47.13086],[8.6987,47.13093],[8.69817,47.13071],[8.69807,47.13096],[8.69741,47.13123],[8.69762,47.1316],[8.69667,47.13219],[8.69729,47.13264],[8.69627,47.13331],[8.69621,47.1341],[8.69576,47.13417],[8.69555,47.13456],[8.69514,47.13445],[8.69442,47.1346],[8.69416,47.1349],[8.69368,47.13491],[8.69392,47.1354],[8.69364,47.13553],[8.69369,47.13593],[8.69319,47.13621],[8.69358,47.13644],[8.69299,47.1367],[8.69241,47.13645],[8.69146,47.13656],[8.69087,47.13614],[8.69037,47.13644],[8.69004,47.13606],[8.68913,47.13608],[8.68881,47.13627],[8.68805,47.13597],[8.68705,47.13632]]]}},{"type":"Feature","properties":{"id":"chli-aa-sz","c":"SZ","p":"patent","q":"derived","k":"river","ns":0},"geometry":{"type":"LineString","coordinates":[[8.8634,47.19147],[8.86455,47.19323],[8.86493,47.19487],[8.86469,47.19529],[8.85551,47.19952]]}},{"type":"Feature","properties":{"id":"chlimsenbach-sz","c":"SZ","p":"patent","q":"derived","k":"river","ns":0},"geometry":{"type":"LineString","coordinates":[[8.7182,47.15688],[8.71924,47.15673],[8.71956,47.1565],[8.72082,47.15666],[8.72211,47.15645]]}},{"type":"Feature","properties":{"id":"chlingentobelbach-sz","c":"SZ","p":"patent","q":"derived","k":"river","ns":0},"geometry":{"type":"LineString","coordinates":[[8.73108,47.00689],[8.72988,47.00698],[8.7279,47.00664],[8.72746,47.00685],[8.72689,47.00667],[8.72594,47.00681],[8.72565,47.00647],[8.72496,47.00644],[8.72343,47.00712],[8.72196,47.00697],[8.72107,47.00718],[8.72093,47.00704],[8.71997,47.00697],[8.71983,47.00674],[8.71324,47.00631],[8.7122,47.00668],[8.7105,47.00639],[8.71004,47.0061],[8.70645,47.0058],[8.70362,47.00488],[8.7032,47.00528],[8.70208,47.00507],[8.70108,47.00563],[8.69995,47.00583],[8.69861,47.00557],[8.69816,47.00568],[8.69714,47.00559],[8.69587,47.00505],[8.69546,47.00522],[8.69489,47.00519],[8.69434,47.00473],[8.69322,47.00462],[8.69196,47.00412],[8.69167,47.00331],[8.69211,47.00286],[8.69114,47.00206],[8.69012,47.00162],[8.68942,47.00078],[8.68961,47.00015],[8.68944,46.99996],[8.68559,46.99853],[8.6827,46.99804],[8.68057,46.99721],[8.68005,46.99656],[8.67951,46.99649],[8.6788,46.9961],[8.67775,46.99594],[8.67737,46.99526],[8.67653,46.99487],[8.67642,46.99436],[8.67572,46.9942],[8.67483,46.99333],[8.67476,46.99295],[8.67509,46.99241],[8.67443,46.99188]]}},{"type":"Feature","properties":{"id":"chlostermattbach-sz","c":"SZ","p":"patent","q":"derived","k":"river","ns":0},"geometry":{"type":"LineString","coordinates":[[8.58952,47.0276],[8.59096,47.02774],[8.59147,47.02811],[8.59234,47.02831],[8.59214,47.02854],[8.59222,47.02922],[8.59152,47.03022],[8.59141,47.0311]]}},{"type":"Feature","properties":{"id":"chlotterlibach-sz","c":"SZ","p":"patent","q":"derived","k":"river","ns":0},"geometry":{"type":"LineString","coordinates":[[8.72476,47.01671],[8.72415,47.01654],[8.72326,47.01527],[8.72219,47.01521],[8.72105,47.01433],[8.7208,47.01382],[8.7199,47.0135],[8.71911,47.01294],[8.71676,47.01263],[8.71491,47.01195],[8.7142,47.01191],[8.71237,47.01071],[8.71128,47.01051],[8.70956,47.00921],[8.70722,47.00841],[8.70454,47.00795],[8.70358,47.00818],[8.70294,47.0081],[8.70234,47.00822],[8.70186,47.00792],[8.70075,47.00795],[8.69823,47.00756],[8.69766,47.00777],[8.69654,47.00768],[8.69549,47.00847],[8.69482,47.00838],[8.69419,47.00868],[8.69337,47.0086],[8.69262,47.00818],[8.69103,47.00666],[8.69087,47.00562],[8.6903,47.0054],[8.69005,47.00508],[8.69146,47.00231]]}},{"type":"Feature","properties":{"id":"chloen-sz","c":"SZ","p":"patent","q":"derived","k":"river","ns":0},"geometry":{"type":"LineString","coordinates":[[8.87461,47.00995],[8.87541,47.01077],[8.87597,47.01091],[8.87609,47.01113],[8.87653,47.01122],[8.87836,47.0123],[8.87882,47.01223],[8.88003,47.01252],[8.88122,47.01219],[8.88282,47.01267],[8.88343,47.01342],[8.88433,47.0135],[8.88478,47.01379],[8.88571,47.01377],[8.88695,47.0144],[8.88695,47.01494],[8.88723,47.01516],[8.88888,47.01555],[8.88958,47.01632],[8.89232,47.01745],[8.89311,47.01736],[8.89392,47.01787],[8.89596,47.01831],[8.89677,47.01883],[8.89752,47.01892],[8.89835,47.01871],[8.89884,47.01919],[8.90022,47.01912],[8.90078,47.01936],[8.90148,47.01936],[8.9017,47.0197],[8.90214,47.01982],[8.90301,47.01975]]}},{"type":"Feature","properties":{"id":"chnuewegbach-sz","c":"SZ","p":"patent","q":"derived","k":"river","ns":0},"geometry":{"type":"LineString","coordinates":[[8.81545,47.15463],[8.8139,47.1542],[8.81317,47.1538],[8.81071,47.15366],[8.80953,47.15332],[8.80917,47.15297],[8.80841,47.15282],[8.80682,47.15281],[8.80632,47.15306],[8.80585,47.1528],[8.80493,47.15304],[8.80468,47.15286],[8.80417,47.15286],[8.80302,47.15339],[8.80257,47.1534],[8.80227,47.15371],[8.80083,47.15398],[8.79881,47.15503],[8.79785,47.15523],[8.79738,47.15577],[8.79698,47.15573],[8.79683,47.15591]]}},{"type":"Feature","properties":{"id":"chratzerlibach-sz","c":"SZ","p":"patent","q":"derived","k":"river","ns":0},"geometry":{"type":"LineString","coordinates":[[8.8669,47.10344],[8.86805,47.10451],[8.86886,47.10491],[8.87023,47.10651],[8.8702,47.10756],[8.86939,47.10946],[8.86997,47.11011],[8.86972,47.11133],[8.86991,47.11207],[8.86937,47.11248],[8.86965,47.11368],[8.86927,47.11451],[8.86931,47.11565],[8.87008,47.11888],[8.86933,47.12143],[8.8694,47.12185],[8.87036,47.12273],[8.87011,47.12369],[8.87064,47.12414],[8.8708,47.12475],[8.87205,47.12574],[8.87331,47.12593],[8.87357,47.12651],[8.87446,47.12683],[8.87505,47.12753],[8.87552,47.12768],[8.8768,47.12767],[8.87788,47.12828],[8.87899,47.12847],[8.87924,47.12884],[8.88107,47.12909],[8.88158,47.1294],[8.88505,47.1297],[8.8856,47.13004],[8.88574,47.13062],[8.88627,47.13113],[8.88731,47.13168]]}},{"type":"Feature","properties":{"id":"chrummfluebach-sz","c":"SZ","p":"patent","q":"derived","k":"river","ns":0},"geometry":{"type":"LineString","coordinates":[[8.85127,47.09591],[8.84993,47.0963],[8.8492,47.09615],[8.84877,47.09625],[8.84823,47.09667],[8.84754,47.09684],[8.84713,47.0974],[8.8465,47.09752],[8.84581,47.09811],[8.84492,47.09838],[8.8444,47.09819],[8.84311,47.09815],[8.84218,47.09761],[8.84141,47.09774],[8.84086,47.09763],[8.83984,47.09848],[8.83797,47.09898],[8.83765,47.09977],[8.83684,47.10038]]}},{"type":"Feature","properties":{"id":"chaelenbach-sz","c":"SZ","p":"patent","q":"derived","k":"river","ns":0},"geometry":{"type":"MultiLineString","coordinates":[[[8.8289,47.181],[8.82925,47.18123],[8.83082,47.18128],[8.83144,47.18163],[8.83296,47.18176],[8.83519,47.18247],[8.83586,47.18251],[8.83645,47.18231],[8.84177,47.18331],[8.84347,47.18417],[8.84415,47.18506],[8.84623,47.18587],[8.84642,47.18635]],[[8.94012,47.15334],[8.93987,47.15382],[8.93952,47.15391],[8.93931,47.15549],[8.93825,47.15793],[8.93837,47.1585],[8.93796,47.15879],[8.93855,47.16035],[8.93849,47.16084],[8.93887,47.16116],[8.93849,47.16191],[8.93804,47.16213],[8.93831,47.16292],[8.93759,47.16374],[8.93756,47.16427],[8.93727,47.16441],[8.93687,47.1656],[8.93665,47.1666],[8.93692,47.16724],[8.93655,47.16825],[8.93666,47.16862],[8.93804,47.1694],[8.94016,47.17006],[8.94125,47.17091],[8.94258,47.17127]]]}},{"type":"Feature","properties":{"id":"chaeppelibach-sz","c":"SZ","p":"patent","q":"derived","k":"river","ns":0},"geometry":{"type":"LineString","coordinates":[[8.60515,47.05895],[8.60632,47.05824],[8.60636,47.05805],[8.60666,47.05805],[8.60698,47.05761],[8.60738,47.05665],[8.60744,47.05567],[8.60779,47.05532],[8.60807,47.0544],[8.60797,47.05404],[8.60862,47.05261],[8.60854,47.05162],[8.60693,47.05005],[8.60564,47.05026],[8.60299,47.04893],[8.5974,47.0419],[8.59626,47.04115],[8.59457,47.04064]]}},{"type":"Feature","properties":{"id":"chaeswaldtobelbach-sz","c":"SZ","p":"patent","q":"derived","k":"river","ns":0},"geometry":{"type":"LineString","coordinates":[[8.77334,47.00719],[8.7743,47.00971],[8.77532,47.01047],[8.77502,47.01083],[8.7752,47.01134],[8.77503,47.01168],[8.77611,47.01275],[8.77586,47.0132],[8.77679,47.01356],[8.77698,47.01427],[8.77743,47.01449],[8.77707,47.015],[8.77748,47.01553],[8.77735,47.01594],[8.77647,47.01686],[8.77658,47.01718],[8.77615,47.01746],[8.77571,47.01827],[8.77597,47.01919],[8.7756,47.01948],[8.77567,47.01991],[8.77526,47.02027],[8.77558,47.02043],[8.77561,47.02117],[8.77368,47.02248],[8.77403,47.02273],[8.77351,47.02341],[8.77356,47.02387],[8.77309,47.02414],[8.77291,47.02458],[8.77356,47.02529],[8.77323,47.02594],[8.77397,47.02643],[8.77362,47.0267],[8.77374,47.02718],[8.77487,47.02811],[8.77489,47.02862],[8.77526,47.02889],[8.77562,47.02973],[8.77695,47.03039],[8.77777,47.03159],[8.77789,47.03281],[8.77763,47.03443],[8.77808,47.03517],[8.77736,47.03574],[8.77792,47.03617],[8.7775,47.03677],[8.77777,47.03806]]}},{"type":"Feature","properties":{"id":"dimmerbach-sz","c":"SZ","p":"patent","q":"derived","k":"river","ns":0},"geometry":{"type":"LineString","coordinates":[[8.82319,47.11959],[8.8207,47.12058],[8.81957,47.12125],[8.81805,47.12176],[8.8174,47.12228],[8.81629,47.12236],[8.81482,47.12277],[8.81331,47.12261],[8.81217,47.12274],[8.81201,47.12298],[8.81169,47.12289],[8.81139,47.12302],[8.81132,47.12332],[8.81094,47.1233],[8.81057,47.12374],[8.8097,47.12374],[8.80876,47.12422],[8.80846,47.12412],[8.80689,47.12438],[8.80693,47.12465],[8.80646,47.12491],[8.80594,47.12515],[8.80558,47.12508],[8.80516,47.12546],[8.80444,47.12551],[8.80426,47.12585],[8.8038,47.12598],[8.80317,47.12771],[8.80271,47.12776],[8.80253,47.12805],[8.80204,47.12807],[8.80009,47.12948],[8.79941,47.12972],[8.79866,47.12985],[8.79822,47.12975],[8.79395,47.12729]]}},{"type":"Feature","properties":{"id":"dorfbach-sz","c":"SZ","p":"patent","q":"derived","k":"river","ns":0},"geometry":{"type":"MultiLineString","coordinates":[[[8.40793,47.07202],[8.40802,47.07119],[8.40835,47.07069],[8.40814,47.06922],[8.40858,47.0687],[8.40863,47.06809],[8.40811,47.06755],[8.40857,47.06616],[8.40782,47.06532],[8.40867,47.0642]],[[8.4647,47.06954],[8.46416,47.0696],[8.46024,47.07173],[8.45782,47.0724],[8.4573,47.07235],[8.45642,47.07275],[8.45488,47.0731],[8.45467,47.07302],[8.45407,47.07349],[8.45228,47.07426],[8.45179,47.07493],[8.45203,47.07628],[8.45161,47.07659],[8.45184,47.07717],[8.4502,47.0783],[8.44974,47.07877],[8.44943,47.07974],[8.44905,47.07982],[8.44934,47.08088],[8.44984,47.08134],[8.44972,47.08232],[8.44885,47.08282],[8.44682,47.08292],[8.44427,47.08223],[8.44286,47.08249],[8.44216,47.08236],[8.44093,47.08252],[8.4396,47.0829],[8.43765,47.08303],[8.43723,47.08292]],[[8.56868,47.02538],[8.56864,47.02565],[8.5693,47.02604],[8.57177,47.02666],[8.57355,47.02807],[8.57482,47.02856],[8.57586,47.02923],[8.57678,47.03067],[8.57765,47.03139],[8.57964,47.0321],[8.57963,47.0327],[8.58004,47.03326],[8.5798,47.03381],[8.58031,47.03412],[8.58072,47.03492],[8.58201,47.03567],[8.58372,47.03579],[8.58414,47.03564]],[[8.69071,47.10934],[8.69004,47.10895],[8.68839,47.10853],[8.68698,47.1073],[8.68536,47.10692],[8.68385,47.10705],[8.68242,47.1066],[8.68052,47.10501],[8.67993,47.10512],[8.67941,47.105],[8.67865,47.10519],[8.67726,47.10504],[8.67661,47.10461],[8.67584,47.10458],[8.67493,47.10421],[8.67162,47.10459]]]}},{"type":"Feature","properties":{"id":"duliwaldbach-sz","c":"SZ","p":"patent","q":"derived","k":"river","ns":0},"geometry":{"type":"LineString","coordinates":[[8.87003,47.08296],[8.86983,47.08255],[8.8699,47.08122],[8.8689,47.07984],[8.86903,47.07933],[8.86838,47.07888],[8.86741,47.07725],[8.86688,47.07683],[8.86605,47.0752],[8.86397,47.07397],[8.86332,47.07329],[8.8601,47.07254],[8.8586,47.07181],[8.8584,47.07159],[8.8585,47.07111],[8.85906,47.07079],[8.85879,47.06993]]}},{"type":"Feature","properties":{"id":"duerrbach-sz","c":"SZ","p":"patent","q":"derived","k":"river","ns":0},"geometry":{"type":"LineString","coordinates":[[8.91946,47.16052],[8.9189,47.16239],[8.91898,47.16379],[8.91795,47.16562],[8.91814,47.16611],[8.91956,47.16774],[8.92015,47.17001],[8.92202,47.17155],[8.92478,47.17264],[8.92652,47.17284],[8.9279,47.17345],[8.9285,47.17343],[8.92859,47.17374],[8.92941,47.17436],[8.9299,47.17443],[8.93079,47.1758],[8.93783,47.1833]]}},{"type":"Feature","properties":{"id":"eichbaechli-sz","c":"SZ","p":"patent","q":"derived","k":"river","ns":0},"geometry":{"type":"LineString","coordinates":[[8.39881,47.0676],[8.39942,47.0672],[8.39966,47.06637],[8.4005,47.06557],[8.40055,47.06481],[8.40003,47.0641],[8.40058,47.06391],[8.40142,47.06393],[8.40179,47.06345],[8.40225,47.06333],[8.40417,47.06202]]}},{"type":"Feature","properties":{"id":"eigenbach-sz","c":"SZ","p":"patent","q":"derived","k":"river","ns":0},"geometry":{"type":"LineString","coordinates":[[8.71691,47.08988],[8.71775,47.08988],[8.71817,47.08963],[8.71933,47.08939],[8.72099,47.08841],[8.72159,47.08849],[8.72289,47.08823]]}},{"type":"Feature","properties":{"id":"eirischbach-sz","c":"SZ","p":"patent","q":"derived","k":"river","ns":0},"geometry":{"type":"LineString","coordinates":[[8.98244,47.15667],[8.98326,47.15845],[8.9842,47.15894],[8.984,47.15981],[8.98442,47.16063],[8.98432,47.16285],[8.98505,47.16369],[8.98506,47.16414],[8.9856,47.16483],[8.98603,47.16499],[8.98623,47.16582]]}},{"type":"Feature","properties":{"id":"erlibach-sz","c":"SZ","p":"patent","q":"derived","k":"river","ns":0},"geometry":{"type":"MultiLineString","coordinates":[[[8.42064,47.10183],[8.42135,47.10202],[8.42261,47.10299],[8.42423,47.1038],[8.42642,47.10443],[8.42793,47.10457],[8.42897,47.10512],[8.42954,47.105],[8.43109,47.10542],[8.43149,47.10574],[8.43257,47.10575],[8.43262,47.10609],[8.43367,47.10573],[8.43435,47.10611],[8.43504,47.10605],[8.43531,47.10649],[8.43592,47.10638],[8.43608,47.10653],[8.43634,47.10626],[8.43731,47.10623],[8.43726,47.10663],[8.43771,47.10672],[8.43715,47.10713],[8.43717,47.10733],[8.43681,47.10741],[8.43712,47.10892],[8.43793,47.10956],[8.43833,47.1095],[8.43877,47.10995],[8.4391,47.10981],[8.4393,47.11008],[8.43991,47.11028],[8.44,47.11068],[8.44041,47.11061],[8.44054,47.11076],[8.44092,47.1106],[8.44191,47.11142],[8.44267,47.11141],[8.4429,47.11163],[8.44348,47.11144],[8.44493,47.11146],[8.44559,47.11125],[8.44797,47.11109],[8.44953,47.11065],[8.45353,47.11313],[8.45481,47.11341]],[[8.63705,47.07327],[8.6361,47.07298],[8.63576,47.0727],[8.63467,47.07258],[8.63296,47.07262],[8.63175,47.07343],[8.63155,47.07323],[8.63015,47.07295],[8.62883,47.07296],[8.62827,47.07264],[8.62774,47.07266],[8.62717,47.07318],[8.62615,47.073],[8.62138,47.0699],[8.61985,47.06839],[8.6197,47.06788]],[[8.78237,47.18727],[8.78274,47.18788],[8.78243,47.1882],[8.78308,47.18917],[8.78408,47.18978],[8.78585,47.19044],[8.78641,47.19111]]]}},{"type":"Feature","properties":{"id":"eschenaubach-sz","c":"SZ","p":"patent","q":"derived","k":"river","ns":0},"geometry":{"type":"LineString","coordinates":[[8.85461,47.12799],[8.85576,47.12785],[8.85656,47.128],[8.85747,47.1276],[8.85964,47.12812],[8.86173,47.12808],[8.86283,47.12754],[8.86599,47.12716],[8.86633,47.12726],[8.86748,47.12659],[8.86943,47.12599],[8.86995,47.12561],[8.87049,47.12556]]}},{"type":"Feature","properties":{"id":"eubach-sz","c":"SZ","p":"patent","q":"derived","k":"river","ns":0},"geometry":{"type":"LineString","coordinates":[[8.83642,47.10047],[8.83318,47.1004],[8.83131,47.10007],[8.82943,47.10025],[8.8278,47.09933],[8.82476,47.09907],[8.82085,47.09806],[8.8185,47.09766],[8.81542,47.09742],[8.81353,47.09776],[8.81279,47.09742],[8.81224,47.09654]]}},{"type":"Feature","properties":{"id":"eulenbach-sz","c":"SZ","p":"patent","q":"derived","k":"river","ns":0},"geometry":{"type":"LineString","coordinates":[[8.72673,47.1912],[8.72671,47.19149],[8.72972,47.1927],[8.73019,47.19326],[8.73137,47.1938],[8.7365,47.19517],[8.73724,47.19562],[8.73829,47.19573],[8.73923,47.19622],[8.74096,47.19635],[8.74274,47.19695],[8.74343,47.19728],[8.74339,47.1976],[8.74369,47.19792],[8.7453,47.19808],[8.74523,47.19867],[8.74555,47.19911],[8.7478,47.19973],[8.7499,47.19999],[8.75198,47.20016],[8.75445,47.2001],[8.7594,47.20132],[8.76296,47.20281],[8.76499,47.20427],[8.76547,47.20474],[8.76652,47.2067]]}},{"type":"Feature","properties":{"id":"fallenbach-sz","c":"SZ","p":"patent","q":"derived","k":"river","ns":0},"geometry":{"type":"LineString","coordinates":[[8.76272,47.03344],[8.76312,47.03307],[8.76456,47.03295],[8.76622,47.03241],[8.76686,47.03261],[8.76775,47.03242],[8.76825,47.03266],[8.76851,47.0335],[8.76929,47.03353],[8.77006,47.03389]]}},{"type":"Feature","properties":{"id":"fischbach-sz","c":"SZ","p":"patent","q":"derived","k":"river","ns":0},"geometry":{"type":"LineString","coordinates":[[8.83768,47.1472],[8.83671,47.14666],[8.83499,47.14526],[8.83366,47.14269],[8.83193,47.14174],[8.83199,47.14129],[8.83127,47.14028],[8.82953,47.13945],[8.82903,47.13964],[8.82894,47.13927],[8.82742,47.13879],[8.82722,47.13828],[8.82629,47.13785],[8.82576,47.13731],[8.82525,47.13726],[8.82506,47.13698],[8.8241,47.13657],[8.82331,47.13665],[8.82301,47.13602],[8.82249,47.13593],[8.82119,47.13499],[8.82001,47.13336],[8.81884,47.1332],[8.81813,47.13344],[8.81722,47.133],[8.81626,47.13308],[8.81535,47.13295],[8.81351,47.13239]]}},{"type":"Feature","properties":{"id":"fischerbaechli-sz","c":"SZ","p":"patent","q":"derived","k":"river","ns":0},"geometry":{"type":"LineString","coordinates":[[8.70995,47.15677],[8.71154,47.15432],[8.71168,47.15374],[8.7115,47.15337],[8.71192,47.15263]]}},{"type":"Feature","properties":{"id":"fischerenbach-sz","c":"SZ","p":"patent","q":"derived","k":"river","ns":0},"geometry":{"type":"LineString","coordinates":[[8.70221,47.0421],[8.70354,47.04297],[8.70366,47.04343],[8.70404,47.04362],[8.7041,47.04433],[8.70482,47.045],[8.70472,47.04515],[8.70543,47.04526],[8.70539,47.04559],[8.70601,47.04599],[8.70665,47.04594],[8.70699,47.04655]]}},{"type":"Feature","properties":{"id":"fluebach-sz","c":"SZ","p":"patent","q":"derived","k":"river","ns":0},"geometry":{"type":"LineString","coordinates":[[8.45045,47.06137],[8.44923,47.06181],[8.44719,47.0629],[8.44577,47.06294],[8.44406,47.06226],[8.4425,47.06242]]}},{"type":"Feature","properties":{"id":"fridgrabenkanal-sz","c":"SZ","p":"patent","q":"derived","k":"river","ns":0},"geometry":{"type":"LineString","coordinates":[[8.96937,47.21165],[8.97023,47.21466],[8.9699,47.21535]]}},{"type":"Feature","properties":{"id":"faehribach-sz","c":"SZ","p":"patent","q":"derived","k":"river","ns":0},"geometry":{"type":"LineString","coordinates":[[8.91237,47.16355],[8.91185,47.16526],[8.91227,47.1666],[8.91319,47.16784],[8.91298,47.16941],[8.91407,47.17097],[8.91437,47.17187],[8.91282,47.17231],[8.9106,47.17371],[8.91087,47.17669],[8.91241,47.17836],[8.91506,47.17998],[8.91631,47.18176],[8.91757,47.18285],[8.91854,47.18315],[8.92062,47.18612],[8.92212,47.1875]]}},{"type":"Feature","properties":{"id":"ghuerschbach-sz","c":"SZ","p":"patent","q":"derived","k":"river","ns":0},"geometry":{"type":"LineString","coordinates":[[8.47568,47.06165],[8.47534,47.06238],[8.47424,47.06323],[8.47387,47.06383],[8.47332,47.06395],[8.47312,47.06528],[8.47229,47.066],[8.47105,47.06641],[8.47094,47.06683],[8.46985,47.06763],[8.46966,47.06914],[8.47018,47.07041],[8.47137,47.07144],[8.47257,47.07199],[8.47213,47.07305],[8.47345,47.07524],[8.47558,47.07638],[8.47741,47.07871],[8.47812,47.07908],[8.48195,47.08016],[8.48291,47.08129]]}},{"type":"Feature","properties":{"id":"giebelbach-sz","c":"SZ","p":"patent","q":"derived","k":"river","ns":0},"geometry":{"type":"LineString","coordinates":[[8.66419,47.00682],[8.66349,47.00677],[8.66264,47.00606],[8.66145,47.00547],[8.65858,47.00457],[8.65658,47.00421],[8.65614,47.00454],[8.65615,47.00509],[8.65577,47.00544],[8.65428,47.00537],[8.6539,47.00592],[8.65302,47.00617],[8.65293,47.00641],[8.65248,47.00656],[8.65237,47.00783],[8.65172,47.00849],[8.65158,47.00892],[8.65181,47.00945],[8.65155,47.00962],[8.65088,47.00962],[8.65076,47.01008]]}},{"type":"Feature","properties":{"id":"giessenbach-sz","c":"SZ","p":"patent","q":"derived","k":"river","ns":0},"geometry":{"type":"MultiLineString","coordinates":[[[8.45843,47.08394],[8.45778,47.08449],[8.45758,47.08555],[8.45674,47.0859],[8.45608,47.08658],[8.45629,47.08699],[8.45601,47.08773],[8.45552,47.08808],[8.45466,47.08805],[8.45422,47.08878],[8.45339,47.08945],[8.45226,47.08984],[8.4516,47.08982],[8.45107,47.09001],[8.4495,47.08979],[8.44825,47.09014],[8.44767,47.08987],[8.44649,47.09023],[8.44475,47.08885],[8.44006,47.08645],[8.43852,47.08412],[8.43665,47.08293],[8.43574,47.08203]],[[8.77429,47.17549],[8.77433,47.17626],[8.77604,47.17743],[8.77624,47.17855],[8.77703,47.17952],[8.77748,47.18062],[8.77964,47.18196],[8.77947,47.18239],[8.78012,47.18286],[8.78118,47.18305],[8.78341,47.1846],[8.78356,47.18485],[8.78327,47.18507],[8.78317,47.18605],[8.78355,47.18675],[8.78336,47.18739],[8.78404,47.18768],[8.78462,47.18933],[8.78613,47.19007],[8.78647,47.19056],[8.78727,47.19056],[8.78829,47.19121],[8.78884,47.19099],[8.78948,47.19121],[8.78974,47.19107]]]}},{"type":"Feature","properties":{"id":"giessenbach-ost-sz","c":"SZ","p":"patent","q":"derived","k":"river","ns":0},"geometry":{"type":"LineString","coordinates":[[8.74474,47.18261],[8.74448,47.18327],[8.7447,47.18377],[8.74433,47.18478],[8.74359,47.18483],[8.74269,47.1856],[8.74228,47.18634],[8.74229,47.18689],[8.74328,47.1872],[8.74363,47.18748],[8.7439,47.18814],[8.74354,47.18859],[8.74361,47.18983],[8.74571,47.1908],[8.74606,47.19126],[8.74722,47.19159],[8.74885,47.19158],[8.74915,47.19195],[8.74963,47.19189],[8.74999,47.19242],[8.75043,47.1926],[8.75544,47.1935],[8.75655,47.19405],[8.7576,47.19408],[8.75801,47.19447],[8.75867,47.19431],[8.75901,47.19448],[8.76021,47.19455],[8.76308,47.19552],[8.76336,47.19543],[8.76456,47.196],[8.76548,47.19607],[8.76586,47.19632],[8.76738,47.1963],[8.76811,47.19659],[8.76862,47.1966],[8.76871,47.19679],[8.76908,47.19662],[8.77039,47.19717],[8.77076,47.19708],[8.77161,47.19742],[8.77235,47.19738],[8.77244,47.19769],[8.77316,47.1977],[8.77375,47.19807],[8.77452,47.19809],[8.77537,47.19869],[8.77619,47.19856],[8.77641,47.19895],[8.77766,47.19932],[8.77764,47.19981],[8.77867,47.20028],[8.77852,47.2013],[8.77604,47.20231],[8.77494,47.20629],[8.77498,47.20698]]}},{"type":"Feature","properties":{"id":"gnipenbach-sz","c":"SZ","p":"patent","q":"derived","k":"river","ns":0},"geometry":{"type":"MultiLineString","coordinates":[[[8.56559,47.07246],[8.56572,47.07002],[8.56526,47.06833],[8.56508,47.06799],[8.56388,47.06739],[8.56336,47.06624],[8.5625,47.0653],[8.56248,47.06413],[8.56301,47.063],[8.56304,47.06235],[8.56226,47.0607],[8.56259,47.05799],[8.56304,47.05764],[8.56416,47.05742],[8.56484,47.05679],[8.56541,47.05531],[8.56519,47.0549],[8.56573,47.05412],[8.56627,47.05376],[8.56678,47.05269],[8.56731,47.05234],[8.56739,47.05193],[8.56843,47.05073],[8.56958,47.0504],[8.57,47.05006],[8.57003,47.04968],[8.57116,47.0484]],[[8.57126,47.04823],[8.57179,47.04775],[8.57229,47.0468],[8.57296,47.04647]]]}},{"type":"Feature","properties":{"id":"goldbach-sz","c":"SZ","p":"patent","q":"derived","k":"river","ns":0},"geometry":{"type":"MultiLineString","coordinates":[[[8.52013,47.03198],[8.52305,47.03356],[8.52514,47.03505],[8.52558,47.0355],[8.52628,47.03704],[8.52705,47.03799],[8.52792,47.03864],[8.52902,47.03882],[8.53011,47.03875],[8.53063,47.03898],[8.53215,47.03871],[8.53283,47.03834],[8.53332,47.03848],[8.53469,47.03833],[8.53506,47.03854],[8.53707,47.03873],[8.53788,47.03914],[8.54092,47.03996],[8.54382,47.04018],[8.54532,47.04003],[8.54544,47.04035],[8.5474,47.04032],[8.54804,47.04069],[8.54905,47.04064],[8.55232,47.0413],[8.55499,47.04359],[8.55575,47.04397],[8.55573,47.04433],[8.5565,47.04534],[8.55669,47.04638],[8.55646,47.04671],[8.5568,47.0471],[8.55826,47.04733],[8.55886,47.0479],[8.5596,47.04818],[8.56106,47.04823],[8.5627,47.04791],[8.56345,47.04808],[8.56439,47.04762],[8.56475,47.04761],[8.5649,47.04698],[8.56539,47.04651],[8.5671,47.04611],[8.56839,47.04603],[8.56867,47.04583],[8.56907,47.04597],[8.56991,47.04591],[8.57014,47.04636],[8.57158,47.0468],[8.57477,47.04614],[8.5776,47.04506],[8.57935,47.04504],[8.58052,47.04454],[8.58116,47.04465]],[[8.58137,47.04471],[8.58156,47.04461],[8.58237,47.04511],[8.58693,47.04642]]]}},{"type":"Feature","properties":{"id":"grisselenbach-sz","c":"SZ","p":"patent","q":"derived","k":"river","ns":0},"geometry":{"type":"LineString","coordinates":[[8.57235,47.06521],[8.57204,47.06402],[8.57218,47.0636],[8.57178,47.06258],[8.57076,47.06208],[8.57041,47.06146],[8.57046,47.06095],[8.56984,47.06058],[8.5699,47.05912],[8.56935,47.05801],[8.56871,47.05741],[8.5687,47.05593],[8.56819,47.0554],[8.56815,47.05495],[8.56956,47.05315],[8.56951,47.05189],[8.56921,47.05164],[8.56965,47.05041]]}},{"type":"Feature","properties":{"id":"grossbach-sz","c":"SZ","p":"patent","q":"derived","k":"river","ns":0},"geometry":{"type":"LineString","coordinates":[[8.75126,47.07108],[8.75134,47.07147],[8.7509,47.07231],[8.7513,47.07275],[8.75168,47.07396],[8.75096,47.07478],[8.7511,47.07658],[8.75189,47.07751],[8.75359,47.07869],[8.75412,47.07932],[8.75417,47.0796],[8.75373,47.07975],[8.75341,47.08023],[8.75438,47.08116],[8.7543,47.08169],[8.75373,47.08183],[8.75349,47.08214],[8.75378,47.08236],[8.75371,47.08267],[8.75311,47.08338],[8.75384,47.0848],[8.75375,47.08576],[8.75315,47.08612],[8.75316,47.08695],[8.75282,47.0871],[8.75211,47.08843],[8.75249,47.08916],[8.75295,47.08944],[8.75366,47.09126],[8.75342,47.0918],[8.75363,47.0921],[8.75336,47.09257],[8.75335,47.09356],[8.754,47.0944],[8.75408,47.09498],[8.75489,47.09531],[8.75571,47.09606],[8.75559,47.09681],[8.75593,47.09716],[8.75691,47.10022],[8.75757,47.10096],[8.75796,47.10181],[8.7591,47.10299],[8.76199,47.10451],[8.76282,47.10524],[8.76409,47.10538],[8.76503,47.10569],[8.76544,47.10627],[8.76557,47.10725],[8.76512,47.10867],[8.7652,47.10922],[8.76711,47.11042],[8.76842,47.11107],[8.77098,47.11159],[8.77486,47.11181],[8.77687,47.11221],[8.77939,47.11303],[8.78079,47.11372]]}},{"type":"Feature","properties":{"id":"grossmattbach-sz","c":"SZ","p":"patent","q":"derived","k":"river","ns":0},"geometry":{"type":"LineString","coordinates":[[8.66682,47.08649],[8.66519,47.08738],[8.66466,47.08808],[8.66378,47.08835]]}},{"type":"Feature","properties":{"id":"grotzenmuehlekanal-sz","c":"SZ","p":"patent","q":"derived","k":"river","ns":0},"geometry":{"type":"LineString","coordinates":[[8.73443,47.11751],[8.73342,47.11915],[8.73401,47.11963],[8.73418,47.12007],[8.73448,47.12155],[8.73421,47.12211],[8.73429,47.12255],[8.73576,47.12381],[8.73708,47.12543],[8.73772,47.12586],[8.7386,47.12574],[8.73898,47.12586],[8.7402,47.12554]]}},{"type":"Feature","properties":{"id":"gruendelisbach-sz","c":"SZ","p":"patent","q":"derived","k":"river","ns":0},"geometry":{"type":"LineString","coordinates":[[8.6476,47.05677],[8.6478,47.05647],[8.64766,47.05515],[8.64835,47.05368],[8.6491,47.05288],[8.64886,47.0523],[8.648,47.05167],[8.64795,47.05065],[8.64752,47.05011],[8.64714,47.04884],[8.64749,47.04818],[8.64453,47.0472],[8.6442,47.04668],[8.64337,47.04631],[8.6429,47.04583],[8.64222,47.04439],[8.64133,47.04339],[8.64007,47.04284],[8.63873,47.04157],[8.63714,47.04115],[8.63696,47.04053],[8.63629,47.03966],[8.63349,47.03934],[8.63262,47.03889],[8.63131,47.03906],[8.63032,47.03854],[8.6303,47.03784],[8.63153,47.03733],[8.63186,47.03699],[8.63159,47.03584],[8.62754,47.03357],[8.6258,47.03349],[8.62482,47.03232],[8.62418,47.03194],[8.62322,47.03164],[8.62132,47.03155]]}},{"type":"Feature","properties":{"id":"gschweighusbach-sz","c":"SZ","p":"patent","q":"derived","k":"river","ns":0},"geometry":{"type":"LineString","coordinates":[[8.45298,47.06851],[8.45121,47.06928],[8.45058,47.06938],[8.44912,47.06906],[8.44808,47.06903],[8.44705,47.06926],[8.44634,47.06963],[8.44544,47.06975],[8.44397,47.06967],[8.44322,47.06985],[8.4419,47.07028],[8.44095,47.07106],[8.44048,47.0712],[8.44056,47.07171],[8.44033,47.0718],[8.4384,47.07192],[8.43667,47.07128],[8.43511,47.0713],[8.43233,47.07268]]}},{"type":"Feature","properties":{"id":"gspaabach-sz","c":"SZ","p":"patent","q":"derived","k":"river","ns":0},"geometry":{"type":"LineString","coordinates":[[8.69973,47.0368],[8.70039,47.03768],[8.70036,47.0384],[8.70059,47.03883],[8.70224,47.03981],[8.70264,47.03987],[8.70332,47.04142],[8.70354,47.04297]]}},{"type":"Feature","properties":{"id":"gwalpetenbach-sz","c":"SZ","p":"patent","q":"derived","k":"river","ns":0},"geometry":{"type":"LineString","coordinates":[[8.84948,46.90963],[8.8493,46.91018],[8.84948,46.91115],[8.84878,46.91207],[8.84874,46.91266],[8.84812,46.91307],[8.84788,46.91351],[8.8473,46.91367],[8.84729,46.91395]]}},{"type":"Feature","properties":{"id":"gwerderbach-sz","c":"SZ","p":"patent","q":"derived","k":"river","ns":0},"geometry":{"type":"LineString","coordinates":[[8.67947,47.11434],[8.67992,47.11491],[8.67986,47.11614],[8.68024,47.11634],[8.68024,47.11657],[8.67972,47.11755],[8.67846,47.11825]]}},{"type":"Feature","properties":{"id":"gaemstafelbach-sz","c":"SZ","p":"patent","q":"derived","k":"river","ns":0},"geometry":{"type":"LineString","coordinates":[[8.83784,46.99517],[8.83746,46.99482],[8.83686,46.99302],[8.83635,46.99251],[8.83645,46.99156],[8.83567,46.99006],[8.83429,46.98926]]}},{"type":"Feature","properties":{"id":"gaetzibach-sz","c":"SZ","p":"patent","q":"derived","k":"river","ns":0},"geometry":{"type":"LineString","coordinates":[[8.87348,47.194],[8.87221,47.19518],[8.87168,47.19689],[8.86719,47.2005],[8.86522,47.20504]]}},{"type":"Feature","properties":{"id":"haltenbaechli-sz","c":"SZ","p":"patent","q":"derived","k":"river","ns":0},"geometry":{"type":"LineString","coordinates":[[8.6219,46.99772],[8.62027,46.99824],[8.61892,46.99968],[8.61794,46.9998],[8.61771,47.00033],[8.61779,47.00113],[8.61561,47.00145],[8.61367,47.0001],[8.61394,46.99889],[8.61355,46.99815],[8.61361,46.99721],[8.6133,46.99689],[8.61034,46.9962],[8.60974,46.99583],[8.60856,46.99571],[8.6078,46.99534]]}},{"type":"Feature","properties":{"id":"haltibach-sz","c":"SZ","p":"patent","q":"derived","k":"river","ns":0},"geometry":{"type":"LineString","coordinates":[[8.79145,47.16524],[8.7894,47.16512],[8.78743,47.16373],[8.78731,47.16338],[8.78622,47.1627],[8.78601,47.16227],[8.78487,47.16165]]}},{"type":"Feature","properties":{"id":"hammerbach-sz","c":"SZ","p":"patent","q":"derived","k":"river","ns":0},"geometry":{"type":"LineString","coordinates":[[8.60558,47.06574],[8.60552,47.06503],[8.60582,47.06457],[8.60632,47.06445],[8.60713,47.06388],[8.60805,47.06396],[8.60902,47.0643],[8.61027,47.06419],[8.611,47.06314],[8.61076,47.06216],[8.61124,47.06122],[8.61211,47.06046],[8.61448,47.05947]]}},{"type":"Feature","properties":{"id":"hasenbach-sz","c":"SZ","p":"patent","q":"derived","k":"river","ns":0},"geometry":{"type":"LineString","coordinates":[[8.58225,47.06358],[8.58277,47.06298],[8.58265,47.06212],[8.58326,47.06189],[8.58351,47.06145],[8.58331,47.06125],[8.58353,47.05996],[8.58431,47.05879],[8.58375,47.05756],[8.58477,47.05705],[8.58582,47.05677],[8.58629,47.05552],[8.58839,47.05422],[8.58894,47.05325],[8.58955,47.05302],[8.58939,47.05289],[8.58967,47.05215],[8.58998,47.05206],[8.59059,47.05134],[8.5905,47.05065],[8.59084,47.05019],[8.58934,47.04915],[8.58955,47.04844],[8.58853,47.04724],[8.58828,47.04655]]}},{"type":"Feature","properties":{"id":"hechtengraben-sz","c":"SZ","p":"patent","q":"derived","k":"river","ns":0},"geometry":{"type":"LineString","coordinates":[[8.60596,46.99821],[8.60427,46.99717],[8.60109,46.9947],[8.60052,46.99393]]}},{"type":"Feature","properties":{"id":"heilibach-sz","c":"SZ","p":"patent","q":"derived","k":"river","ns":0},"geometry":{"type":"LineString","coordinates":[[8.39434,47.06606],[8.39471,47.06484],[8.3952,47.06464],[8.39495,47.06326],[8.39542,47.06295],[8.39535,47.06266],[8.39578,47.06226],[8.39615,47.06215],[8.39677,47.06235],[8.39839,47.06232],[8.3987,47.06215],[8.39929,47.06225],[8.40016,47.06194],[8.40061,47.06201],[8.403,47.06085]]}},{"type":"Feature","properties":{"id":"helgenhueslibach-sz","c":"SZ","p":"patent","q":"derived","k":"river","ns":0},"geometry":{"type":"LineString","coordinates":[[8.8573,47.13994],[8.85841,47.13995],[8.85869,47.13979],[8.86063,47.14038],[8.86329,47.14057],[8.86433,47.1404],[8.86453,47.14059],[8.86668,47.14085],[8.86768,47.14049],[8.8682,47.1406],[8.87164,47.14021],[8.87217,47.1403],[8.87367,47.13964],[8.8746,47.13965],[8.87586,47.13911],[8.8767,47.1393],[8.87941,47.13931],[8.88014,47.13923],[8.88136,47.13873],[8.88263,47.13873],[8.8838,47.13839],[8.88517,47.1371],[8.88644,47.13684],[8.88702,47.13645],[8.88875,47.13654]]}},{"type":"Feature","properties":{"id":"hogglibach-sz","c":"SZ","p":"patent","q":"derived","k":"river","ns":0},"geometry":{"type":"LineString","coordinates":[[8.97922,47.15831],[8.97993,47.15916],[8.98058,47.15938],[8.98335,47.1613],[8.9836,47.16189],[8.98318,47.16267],[8.98357,47.16407],[8.98517,47.16504],[8.98552,47.16626]]}},{"type":"Feature","properties":{"id":"hogglibach-ost-sz","c":"SZ","p":"patent","q":"derived","k":"river","ns":0},"geometry":{"type":"LineString","coordinates":[[8.98244,47.15667],[8.98326,47.15845],[8.9842,47.15894],[8.984,47.15981],[8.98442,47.16063],[8.98432,47.16285],[8.98505,47.16369],[8.98506,47.16414],[8.9856,47.16483],[8.98603,47.16499],[8.98623,47.16582]]}},{"type":"Feature","properties":{"id":"hueberwaeldlibach-sz","c":"SZ","p":"patent","q":"derived","k":"river","ns":0},"geometry":{"type":"LineString","coordinates":[[8.91738,47.1914],[8.91642,47.18907],[8.92301,47.18721],[8.93196,47.18405],[8.9344,47.18356],[8.93783,47.1833]]}},{"type":"Feature","properties":{"id":"hundsbueelbach-sz","c":"SZ","p":"patent","q":"derived","k":"river","ns":0},"geometry":{"type":"LineString","coordinates":[[8.72222,47.01346],[8.72162,47.01283],[8.72148,47.01222],[8.72091,47.01146],[8.72011,47.01099],[8.71972,47.01034],[8.71921,47.01031],[8.71789,47.00883],[8.71709,47.00826],[8.71395,47.00746],[8.7122,47.00668]]}},{"type":"Feature","properties":{"id":"hundschottenbach-sz","c":"SZ","p":"patent","q":"derived","k":"river","ns":0},"geometry":{"type":"LineString","coordinates":[[8.67876,47.06127],[8.68086,47.06342],[8.681,47.06394],[8.68104,47.06537],[8.68018,47.0663],[8.68043,47.06667],[8.68019,47.06715],[8.68071,47.06821],[8.67997,47.06875],[8.67959,47.06953],[8.67954,47.07055],[8.68089,47.07243],[8.68088,47.0726],[8.6803,47.07281],[8.68053,47.07323],[8.68027,47.07386],[8.68037,47.0743],[8.67985,47.07472],[8.68067,47.07593],[8.68132,47.07632],[8.6813,47.07677],[8.68272,47.07757],[8.68285,47.07808],[8.68232,47.07928],[8.68164,47.07982],[8.68162,47.08047],[8.68109,47.08066],[8.6813,47.08122],[8.68059,47.08183],[8.68041,47.08238],[8.67981,47.08262],[8.67971,47.08314],[8.67866,47.0836],[8.67688,47.08485],[8.67664,47.08588],[8.67608,47.08613],[8.67622,47.08664],[8.67569,47.0869],[8.67528,47.08764],[8.67493,47.0892],[8.67424,47.08981],[8.67396,47.09047],[8.67302,47.0903],[8.67193,47.09078],[8.66986,47.0907],[8.66918,47.0903],[8.66835,47.09029],[8.668,47.09003],[8.66736,47.08994],[8.66589,47.08895],[8.66378,47.08835],[8.66247,47.08822],[8.66179,47.08795],[8.65804,47.08779],[8.65579,47.08699],[8.6548,47.08697],[8.65442,47.08635],[8.65398,47.08616],[8.6527,47.08617],[8.652,47.08656],[8.65059,47.08663],[8.6484,47.08564],[8.64757,47.08479],[8.64685,47.08459],[8.64577,47.08465],[8.64495,47.08492],[8.64402,47.08441],[8.64176,47.08376],[8.63989,47.08234],[8.63954,47.08142],[8.63804,47.08077],[8.63618,47.07847],[8.63457,47.07814],[8.63211,47.07703],[8.62904,47.07624],[8.62594,47.07508],[8.62412,47.07417],[8.62376,47.07319],[8.62318,47.073],[8.62262,47.07236],[8.62125,47.07169],[8.62058,47.07062],[8.61954,47.07007],[8.61888,47.0687],[8.6194,47.06794],[8.62032,47.0675],[8.62008,47.06691],[8.62037,47.06654],[8.61876,47.06371],[8.6179,47.06331],[8.6177,47.06259],[8.61796,47.06202],[8.61791,47.06132],[8.6173,47.06085],[8.6165,47.06076],[8.61572,47.06019],[8.61485,47.0599],[8.61419,47.05919],[8.61478,47.05866],[8.61449,47.05836],[8.61488,47.05759],[8.61442,47.05697],[8.61472,47.05642],[8.61391,47.05538],[8.61397,47.0545],[8.61353,47.05293],[8.61517,47.05105],[8.61516,47.05081],[8.61424,47.0505],[8.61342,47.04886],[8.61116,47.04661],[8.60753,47.0443],[8.60385,47.04291],[8.59832,47.03998]]}},{"type":"Feature","properties":{"id":"hungerbrunnen-sz","c":"SZ","p":"patent","q":"derived","k":"river","ns":0},"geometry":{"type":"LineString","coordinates":[[8.61219,47.08567],[8.61261,47.08558],[8.61314,47.0848],[8.61457,47.08403],[8.61475,47.08364],[8.61551,47.08336],[8.61749,47.08358],[8.61832,47.08313],[8.61978,47.08292],[8.62066,47.08253],[8.62143,47.08255],[8.62202,47.08228],[8.62238,47.08234],[8.62318,47.08298],[8.6247,47.08345],[8.62604,47.08329],[8.62694,47.08289],[8.62772,47.08277],[8.6277,47.08251],[8.62827,47.08223],[8.62822,47.08187],[8.6292,47.08096],[8.62957,47.08017],[8.62805,47.07924],[8.62789,47.07893],[8.62696,47.07848],[8.62692,47.07819],[8.62727,47.07782],[8.62689,47.0772],[8.62628,47.07713],[8.62535,47.07669],[8.62556,47.07616],[8.62503,47.07603],[8.62519,47.07536],[8.62419,47.07421]]}},{"type":"Feature","properties":{"id":"haenibach-sz","c":"SZ","p":"patent","q":"derived","k":"river","ns":0},"geometry":{"type":"LineString","coordinates":[[8.57312,47.05563],[8.57321,47.05512],[8.57162,47.05263],[8.57117,47.05117],[8.57086,47.05089],[8.57008,47.05086],[8.56962,47.05038]]}},{"type":"Feature","properties":{"id":"hoechweidbach-sz","c":"SZ","p":"patent","q":"derived","k":"river","ns":0},"geometry":{"type":"LineString","coordinates":[[8.84274,46.93318],[8.84157,46.93314],[8.84023,46.93386],[8.83992,46.93424],[8.83875,46.93421],[8.83794,46.93452]]}},{"type":"Feature","properties":{"id":"hoechweidgraben-sz","c":"SZ","p":"patent","q":"derived","k":"river","ns":0},"geometry":{"type":"LineString","coordinates":[[8.62327,47.0676],[8.62143,47.06691],[8.6214,47.06639],[8.6203,47.06637]]}},{"type":"Feature","properties":{"id":"hoelltobel-sz","c":"SZ","p":"patent","q":"derived","k":"river","ns":0},"geometry":{"type":"LineString","coordinates":[[8.65918,46.98842],[8.65889,46.98955],[8.65937,46.99011],[8.65874,46.9909],[8.6585,46.99174]]}},{"type":"Feature","properties":{"id":"hueribach-sz","c":"SZ","p":"patent","q":"derived","k":"river","ns":0},"geometry":{"type":"LineString","coordinates":[[8.77104,46.95498],[8.7714,46.95562],[8.77145,46.95629],[8.77206,46.95709],[8.7733,46.95794],[8.77345,46.95825],[8.77351,46.95874],[8.77296,46.95948],[8.7738,46.96244],[8.7738,46.96334],[8.77345,46.96365],[8.77374,46.96475],[8.77459,46.96611],[8.77455,46.96669],[8.77405,46.96742],[8.77425,46.9681],[8.77373,46.9687],[8.77363,46.96951],[8.77256,46.97128],[8.77253,46.9723],[8.77183,46.97276]]}},{"type":"Feature","properties":{"id":"huerlisbach-sz","c":"SZ","p":"patent","q":"derived","k":"river","ns":0},"geometry":{"type":"LineString","coordinates":[[8.7016,47.09486],[8.70344,47.0947],[8.70372,47.09476],[8.70382,47.09505],[8.70424,47.09507],[8.70447,47.09491],[8.70502,47.0951],[8.70547,47.09465],[8.70618,47.0948],[8.70744,47.09458],[8.70848,47.09409],[8.70991,47.09483],[8.71057,47.09492],[8.71184,47.09581],[8.71333,47.09629],[8.7142,47.09764],[8.71456,47.09783],[8.71467,47.09825],[8.71507,47.0986],[8.71614,47.09901],[8.7162,47.09921],[8.71982,47.09929],[8.72006,47.09947],[8.72167,47.09963],[8.72402,47.10065],[8.72493,47.102],[8.72653,47.10279],[8.72775,47.10309]]}},{"type":"Feature","properties":{"id":"ibach-sz","c":"SZ","p":"patent","q":"derived","k":"river","ns":0},"geometry":{"type":"LineString","coordinates":[[8.67975,47.01005],[8.67822,47.00968],[8.67728,47.00968],[8.6754,47.01023],[8.6749,47.00942],[8.67403,47.00877],[8.67289,47.00915],[8.67186,47.00922],[8.6706,47.00915],[8.66976,47.00886],[8.669,47.00906],[8.66846,47.00889],[8.6679,47.00903],[8.66744,47.00874],[8.666,47.00876],[8.66555,47.00854],[8.66326,47.00868],[8.66276,47.00845],[8.66178,47.00856],[8.66099,47.00897],[8.65975,47.00902],[8.65903,47.00859],[8.65774,47.00886],[8.65731,47.00972],[8.65577,47.00972],[8.65499,47.01027],[8.65375,47.00991],[8.65127,47.0103],[8.64983,47.00986],[8.64862,47.00989],[8.64731,47.00893],[8.64594,47.00861]]}},{"type":"Feature","properties":{"id":"ibergereggbach-sz","c":"SZ","p":"patent","q":"derived","k":"river","ns":0},"geometry":{"type":"LineString","coordinates":[[8.73878,47.01757],[8.73903,47.01807],[8.73977,47.01802],[8.73985,47.01771],[8.74032,47.01815],[8.74054,47.01789],[8.74063,47.01841],[8.74161,47.01858],[8.74224,47.0192],[8.74238,47.01972],[8.74336,47.01989],[8.74416,47.02044],[8.74501,47.02007],[8.74626,47.02016],[8.74724,47.02063],[8.74867,47.02059],[8.7509,47.02126],[8.75144,47.02198],[8.75209,47.02203]]}},{"type":"Feature","properties":{"id":"inner-dorfbach-sz","c":"SZ","p":"patent","q":"derived","k":"river","ns":0},"geometry":{"type":"LineString","coordinates":[[8.54687,47.01825],[8.54693,47.01775],[8.54636,47.01715],[8.54419,47.01653],[8.54353,47.01615],[8.54251,47.01528],[8.54214,47.01439],[8.54155,47.01424],[8.54135,47.01389],[8.54027,47.0133],[8.53966,47.01318],[8.53864,47.0121],[8.53796,47.01194],[8.5377,47.01128],[8.53672,47.01065],[8.53508,47.00882],[8.53457,47.00734],[8.53357,47.00651],[8.53311,47.00639],[8.53266,47.00557],[8.53251,47.00497],[8.53293,47.00441],[8.53275,47.00396],[8.531,47.003],[8.53111,47.00226],[8.53039,47.00203],[8.52977,47.00137],[8.5296,47.00061],[8.53005,47.00011],[8.52989,46.99966],[8.53043,46.99875],[8.52972,46.99788],[8.52964,46.99734],[8.5273,46.99583],[8.52702,46.99507],[8.52698,46.99367],[8.52422,46.99074]]}},{"type":"Feature","properties":{"id":"kettkanal-sz","c":"SZ","p":"patent","q":"derived","k":"river","ns":0},"geometry":{"type":"LineString","coordinates":[[8.73443,47.11751],[8.73342,47.11915],[8.73401,47.11963],[8.73418,47.12007],[8.73448,47.12155],[8.73421,47.12211],[8.73429,47.12255],[8.73576,47.12381],[8.73708,47.12543],[8.73772,47.12586],[8.7386,47.12574],[8.73898,47.12586],[8.7402,47.12554]]}},{"type":"Feature","properties":{"id":"kirchenbach-sz","c":"SZ","p":"patent","q":"derived","k":"river","ns":0},"geometry":{"type":"LineString","coordinates":[[8.94036,47.10663],[8.94026,47.10536],[8.93966,47.10458],[8.93947,47.10339],[8.93826,47.10261],[8.93773,47.10179],[8.93675,47.10151],[8.93596,47.10095],[8.93383,47.09999],[8.93095,47.09925],[8.92988,47.09823],[8.92862,47.09777],[8.92799,47.09732],[8.92508,47.09659]]}},{"type":"Feature","properties":{"id":"klosterbach-sz","c":"SZ","p":"patent","q":"derived","k":"river","ns":0},"geometry":{"type":"LineString","coordinates":[[8.6219,46.99772],[8.62027,46.99824],[8.61892,46.99968],[8.61794,46.9998],[8.61771,47.00033],[8.61779,47.00113],[8.61561,47.00145],[8.61367,47.0001],[8.61394,46.99889],[8.61355,46.99815],[8.61361,46.99721],[8.6133,46.99689],[8.61034,46.9962],[8.60974,46.99583],[8.60856,46.99571],[8.6078,46.99534]]}},{"type":"Feature","properties":{"id":"krebsbach-sz","c":"SZ","p":"patent","q":"derived","k":"river","ns":0},"geometry":{"type":"MultiLineString","coordinates":[[[8.68113,47.18348],[8.6825,47.18472],[8.68374,47.18451],[8.68417,47.1848],[8.68742,47.18544],[8.69013,47.18561]],[[8.69331,47.18613],[8.69366,47.18632],[8.69468,47.18617],[8.69544,47.18649],[8.69632,47.18645],[8.69731,47.18692],[8.69779,47.18697],[8.69817,47.1873],[8.69874,47.1873],[8.70035,47.18781],[8.70506,47.19002],[8.70589,47.19014],[8.70634,47.19011],[8.70677,47.18971],[8.70835,47.18938],[8.70968,47.18944],[8.71058,47.19007],[8.71114,47.19016],[8.71296,47.18954],[8.71354,47.18972],[8.71411,47.18967],[8.7158,47.19018],[8.71826,47.18973],[8.7189,47.18971],[8.71956,47.18994],[8.72006,47.1897],[8.7209,47.19],[8.72093,47.1911],[8.72203,47.19162],[8.72251,47.19229],[8.72034,47.19305],[8.72033,47.19369],[8.72136,47.19422],[8.72094,47.19465],[8.72162,47.19496],[8.72153,47.19518],[8.72199,47.19534],[8.72241,47.19592],[8.72341,47.19593],[8.72393,47.19623],[8.72448,47.19628]],[[8.72577,47.19651],[8.72599,47.19736],[8.72629,47.19745],[8.72648,47.19795],[8.72728,47.19831],[8.72744,47.19907],[8.72556,47.2],[8.72432,47.20087],[8.72352,47.20185]]]}},{"type":"Feature","properties":{"id":"langrainbach-sz","c":"SZ","p":"patent","q":"derived","k":"river","ns":0},"geometry":{"type":"LineString","coordinates":[[8.85369,47.11506],[8.85394,47.11572],[8.85366,47.11637],[8.85369,47.11733],[8.85384,47.11777],[8.85451,47.11826],[8.85511,47.11853],[8.85706,47.11845],[8.85923,47.11953],[8.86088,47.12008],[8.86135,47.1206],[8.86121,47.12104],[8.86193,47.12086],[8.86268,47.12124],[8.86341,47.12131],[8.86441,47.12237],[8.86654,47.1228],[8.86837,47.12361],[8.87011,47.12369]]}},{"type":"Feature","properties":{"id":"laubbach-sz","c":"SZ","p":"patent","q":"derived","k":"river","ns":0},"geometry":{"type":"LineString","coordinates":[[8.44814,47.10241],[8.44856,47.10353],[8.45011,47.10471],[8.44971,47.10572],[8.45099,47.10595],[8.45104,47.10743],[8.45145,47.10891],[8.45239,47.11101],[8.45383,47.11248],[8.45411,47.11337]]}},{"type":"Feature","properties":{"id":"lauitobelbach-sz","c":"SZ","p":"patent","q":"derived","k":"river","ns":0},"geometry":{"type":"LineString","coordinates":[[8.66074,47.05612],[8.65897,47.0583],[8.65693,47.05926],[8.656,47.06103],[8.65515,47.06207],[8.65434,47.06227],[8.65384,47.0622],[8.65374,47.06295],[8.65322,47.06353],[8.65331,47.06379],[8.65223,47.06448],[8.653,47.06626],[8.65287,47.06703],[8.65312,47.06788],[8.65382,47.0682],[8.6538,47.06848],[8.65341,47.06864],[8.65331,47.06913],[8.65426,47.07011],[8.6543,47.07092],[8.65377,47.07127],[8.65435,47.07177],[8.65439,47.07272],[8.65392,47.07409],[8.65333,47.07419],[8.65261,47.07459],[8.65144,47.0744],[8.65132,47.07479],[8.65066,47.07519],[8.65092,47.07624],[8.65051,47.0783],[8.65002,47.07858],[8.65075,47.07886],[8.65081,47.07908],[8.64998,47.07947],[8.64987,47.08047],[8.64889,47.08058],[8.64831,47.08122],[8.64766,47.08139],[8.64564,47.08288],[8.64464,47.08318],[8.64457,47.08365],[8.64288,47.08343],[8.6426,47.08354],[8.64253,47.08401]]}},{"type":"Feature","properties":{"id":"leewasser-sz","c":"SZ","p":"patent","q":"derived","k":"river","ns":0},"geometry":{"type":"LineString","coordinates":[[8.62431,47.0081],[8.62445,47.00774],[8.62382,47.00667],[8.6233,47.00634],[8.62275,47.00617],[8.62213,47.00631],[8.61985,47.00608],[8.61907,47.00571],[8.61868,47.00494],[8.6175,47.00446],[8.61715,47.00377],[8.61537,47.00333],[8.61502,47.00289],[8.61456,47.00275],[8.61379,47.00145],[8.61276,47.00083],[8.61274,46.99937],[8.6118,46.9986],[8.61163,46.99816],[8.61202,46.99734],[8.61193,46.99709],[8.61014,46.99721],[8.60941,46.99759],[8.60879,46.99756],[8.60805,46.99715],[8.60778,46.99516],[8.60756,46.9949],[8.60536,46.99486],[8.60288,46.99396],[8.60126,46.9938]]}},{"type":"Feature","properties":{"id":"lehtobelbach-sz","c":"SZ","p":"patent","q":"derived","k":"river","ns":0},"geometry":{"type":"LineString","coordinates":[[8.80031,47.04566],[8.79952,47.04604],[8.8003,47.04744],[8.80288,47.04847],[8.8037,47.04925],[8.80388,47.0502],[8.80532,47.05158],[8.80654,47.0537]]}},{"type":"Feature","properties":{"id":"linker-hintergraben-sz","c":"SZ","p":"patent","q":"derived","k":"river","ns":0},"geometry":{"type":"LineString","coordinates":[[8.97364,47.2126],[8.97193,47.21516],[8.97153,47.21543],[8.97048,47.21561],[8.96983,47.21593]]}},{"type":"Feature","properties":{"id":"lotenbaechli-sz","c":"SZ","p":"patent","q":"derived","k":"river","ns":0},"geometry":{"type":"LineString","coordinates":[[8.69123,47.00881],[8.69067,47.00844],[8.68925,47.00797],[8.68891,47.00744],[8.69017,47.0053]]}},{"type":"Feature","properties":{"id":"luempenenbach-sz","c":"SZ","p":"patent","q":"derived","k":"river","ns":0},"geometry":{"type":"LineString","coordinates":[[8.69792,47.0488],[8.69997,47.04786],[8.70248,47.04759],[8.70315,47.0477],[8.70352,47.04742],[8.7049,47.04698],[8.70567,47.04648],[8.70696,47.04663]]}},{"type":"Feature","properties":{"id":"luesibach-sz","c":"SZ","p":"patent","q":"derived","k":"river","ns":0},"geometry":{"type":"LineString","coordinates":[[8.7988,47.17853],[8.8008,47.17952],[8.80188,47.18143],[8.80125,47.1828],[8.8004,47.18308],[8.7997,47.18399],[8.79897,47.18453],[8.79943,47.18591],[8.79914,47.18621],[8.79862,47.18801],[8.79974,47.18894],[8.80003,47.18977],[8.79848,47.19196],[8.79905,47.19252],[8.79912,47.19317],[8.8004,47.19362],[8.80172,47.19378],[8.80356,47.19451],[8.80408,47.19497],[8.80463,47.19552],[8.80517,47.19674],[8.80528,47.19801]]}},{"type":"Feature","properties":{"id":"mettelbach-sz","c":"SZ","p":"patent","q":"derived","k":"river","ns":0},"geometry":{"type":"LineString","coordinates":[[8.7641,46.99612],[8.76239,46.99521],[8.76234,46.99482],[8.76048,46.99421],[8.75927,46.99352],[8.75843,46.99343],[8.75783,46.99312],[8.75581,46.99293],[8.75454,46.99242],[8.75329,46.99104],[8.75257,46.99099],[8.75205,46.9903],[8.75152,46.99035],[8.7512,46.99013],[8.75084,46.98921],[8.7499,46.98906],[8.74843,46.98928],[8.74812,46.98852],[8.74491,46.98896],[8.74403,46.98852],[8.74318,46.98855],[8.74256,46.98831],[8.74255,46.98785],[8.74359,46.9873],[8.74353,46.98661],[8.74252,46.98582],[8.7422,46.98525],[8.74152,46.98529],[8.7402,46.98479],[8.73959,46.98277],[8.73894,46.98219],[8.73872,46.98052],[8.73941,46.97984],[8.73997,46.97842]]}},{"type":"Feature","properties":{"id":"mieseggbach-sz","c":"SZ","p":"patent","q":"derived","k":"river","ns":0},"geometry":{"type":"LineString","coordinates":[[8.84344,47.13723],[8.84196,47.13648],[8.84073,47.13536],[8.84055,47.13383],[8.83995,47.133],[8.84012,47.13228],[8.83972,47.13175],[8.83992,47.13054],[8.83922,47.12969],[8.83737,47.12886],[8.8367,47.12903],[8.83501,47.12858],[8.83346,47.12902],[8.8316,47.12899],[8.83072,47.12958],[8.82962,47.12972],[8.82919,47.13012],[8.82871,47.13001],[8.82853,47.12975],[8.82786,47.12971],[8.82621,47.13054],[8.82471,47.13046],[8.82408,47.1302],[8.82357,47.13045],[8.82242,47.13047],[8.82192,47.13126],[8.8208,47.13144],[8.82027,47.13195],[8.81958,47.13187],[8.81787,47.13232],[8.81549,47.1319],[8.81447,47.13202],[8.81351,47.13239]]}},{"type":"Feature","properties":{"id":"milchbueelenbach-sz","c":"SZ","p":"patent","q":"derived","k":"river","ns":0},"geometry":{"type":"LineString","coordinates":[[8.86841,46.91489],[8.8668,46.91488],[8.86644,46.91524],[8.8654,46.91543],[8.86482,46.91506],[8.86329,46.9154],[8.86243,46.91457],[8.86171,46.91444],[8.86134,46.91405],[8.85859,46.9136],[8.85802,46.91418],[8.85677,46.91463],[8.85629,46.91512],[8.85572,46.91523],[8.85547,46.91553],[8.85396,46.91604],[8.85389,46.91622],[8.85168,46.91687],[8.85063,46.91667],[8.8497,46.91588],[8.84824,46.91523],[8.8476,46.9152],[8.84646,46.9155]]}},{"type":"Feature","properties":{"id":"minster-sz","c":"SZ","p":"patent","q":"derived","k":"river","ns":0},"geometry":{"type":"LineString","coordinates":[[8.7518,47.00817],[8.75155,47.01],[8.75193,47.01075],[8.75195,47.0115],[8.7514,47.01248],[8.75135,47.01319],[8.75061,47.01429],[8.75092,47.01516],[8.75032,47.01537],[8.74998,47.01744],[8.74939,47.01808],[8.74998,47.01879],[8.75,47.01915],[8.75077,47.01978],[8.75053,47.02042],[8.75141,47.02117],[8.75199,47.02111],[8.75172,47.02181],[8.75251,47.02219],[8.75293,47.02278],[8.75401,47.02309],[8.75481,47.02469],[8.75598,47.02526],[8.75675,47.02516],[8.75729,47.02537],[8.75749,47.02623],[8.75872,47.0267],[8.76012,47.02753],[8.76091,47.02764],[8.76072,47.02805],[8.76095,47.02836],[8.76257,47.02849],[8.76299,47.02918],[8.7639,47.02958],[8.76406,47.03025],[8.76604,47.03064],[8.76678,47.03104],[8.76858,47.03151],[8.76903,47.03193],[8.76929,47.0327],[8.77031,47.03315],[8.77006,47.03389],[8.77059,47.03428],[8.77088,47.03439],[8.77213,47.03424],[8.77261,47.03445],[8.77307,47.0367],[8.77348,47.03744],[8.77465,47.03781],[8.77565,47.03757],[8.77728,47.03771],[8.77772,47.03793],[8.77843,47.0396],[8.77837,47.04024],[8.77753,47.04054],[8.77745,47.0414],[8.77641,47.04238],[8.77541,47.04275],[8.77499,47.04343],[8.77521,47.04385],[8.77576,47.04394],[8.77576,47.04468],[8.77705,47.04528],[8.77701,47.04592],[8.77764,47.04673],[8.77749,47.04752],[8.77772,47.0477],[8.77779,47.04951],[8.77811,47.0506],[8.77872,47.05067],[8.77874,47.0502],[8.77915,47.05026],[8.77982,47.05071],[8.78019,47.05144],[8.78399,47.05262],[8.78642,47.05399],[8.78821,47.05437],[8.79062,47.05442],[8.79232,47.055],[8.79452,47.05543],[8.79637,47.05609],[8.79989,47.05608],[8.80642,47.05967],[8.81125,47.06284],[8.81564,47.06519],[8.81729,47.06667],[8.81774,47.06753],[8.81772,47.0683],[8.81653,47.07125],[8.81422,47.07464],[8.81405,47.07961],[8.81193,47.0842]]}},{"type":"Feature","properties":{"id":"mittlisbergbach-sz","c":"SZ","p":"patent","q":"derived","k":"river","ns":0},"geometry":{"type":"LineString","coordinates":[[8.80417,47.17091],[8.80435,47.17133],[8.80508,47.17149],[8.8063,47.17244],[8.80718,47.17277],[8.80848,47.17388],[8.80962,47.17654],[8.80961,47.17758],[8.80924,47.17836],[8.80933,47.17933],[8.80909,47.17948],[8.80948,47.17996],[8.80932,47.18017],[8.80989,47.18036],[8.81054,47.18168],[8.81124,47.18231],[8.81124,47.18262],[8.81181,47.1829],[8.81207,47.18378],[8.81277,47.1843],[8.81303,47.18562],[8.81458,47.18619],[8.81604,47.18701],[8.81703,47.18733],[8.81784,47.18734],[8.82019,47.18844],[8.82086,47.18905],[8.82129,47.1891],[8.8215,47.18968],[8.82252,47.19047],[8.82305,47.19064],[8.82319,47.19093],[8.82301,47.19114]]}},{"type":"Feature","properties":{"id":"moosbach-sz","c":"SZ","p":"patent","q":"derived","k":"river","ns":0},"geometry":{"type":"LineString","coordinates":[[8.6386,47.08792],[8.63612,47.08728],[8.63569,47.08698],[8.63548,47.0868],[8.63595,47.08587],[8.63592,47.08526],[8.63479,47.08423],[8.63311,47.08385],[8.63223,47.08307],[8.63167,47.082],[8.6303,47.08172],[8.6292,47.08096]]}},{"type":"Feature","properties":{"id":"mosenbach-sz","c":"SZ","p":"patent","q":"derived","k":"river","ns":0},"geometry":{"type":"LineString","coordinates":[[8.86595,47.15299],[8.8665,47.15381],[8.86656,47.15471],[8.86623,47.15504],[8.86781,47.15669],[8.86852,47.1582],[8.86841,47.1602],[8.86879,47.16078],[8.86891,47.16188],[8.87077,47.16366],[8.87136,47.16388],[8.87158,47.16444],[8.87228,47.16517],[8.87195,47.16635],[8.87282,47.16731],[8.87295,47.16931],[8.87334,47.16964],[8.87339,47.17053],[8.87444,47.17121],[8.87655,47.17176],[8.87781,47.17157],[8.87858,47.17216],[8.87942,47.17377],[8.87946,47.17438],[8.87924,47.17511],[8.87612,47.17991],[8.87729,47.1838],[8.87717,47.18417],[8.8719,47.18577],[8.87093,47.18787],[8.86914,47.19022],[8.86755,47.19103],[8.86568,47.1933],[8.86475,47.19396]]}},{"type":"Feature","properties":{"id":"mulfisbach-sz","c":"SZ","p":"patent","q":"derived","k":"river","ns":0},"geometry":{"type":"LineString","coordinates":[[8.58559,47.06824],[8.58588,47.06737],[8.58819,47.06486],[8.58753,47.06316],[8.5873,47.06307],[8.587,47.06019],[8.58591,47.05866],[8.58661,47.05777],[8.58684,47.05672],[8.58808,47.05562],[8.58889,47.05534],[8.59006,47.05434],[8.5925,47.05321],[8.59328,47.05254],[8.59416,47.05124],[8.59564,47.05079],[8.5973,47.05096]]}},{"type":"Feature","properties":{"id":"muota-sz","c":"SZ","p":"patent","q":"derived","k":"river","ns":0},"geometry":{"type":"MultiLineString","coordinates":[[[8.67269,46.99091],[8.67016,46.99117],[8.66806,46.99166],[8.6659,46.99242],[8.66516,46.99248],[8.66372,46.99226],[8.66269,46.99257],[8.66149,46.99189],[8.65934,46.99196],[8.65699,46.99144],[8.65601,46.9919],[8.65407,46.99164],[8.6543,46.99247],[8.65405,46.99337],[8.65266,46.99416],[8.65249,46.99482],[8.65193,46.99545],[8.65166,46.99656],[8.64782,46.9989],[8.6476,47.00033],[8.64906,47.00355],[8.64918,47.00448],[8.64872,47.00522],[8.64765,47.00591],[8.6472,47.00645],[8.64441,47.01105],[8.64322,47.01148],[8.63402,47.01185],[8.62777,47.01253],[8.62289,47.0119],[8.61995,47.01173],[8.61892,47.01142],[8.61835,47.01098],[8.6179,47.00861],[8.61738,47.00754],[8.61089,47.00366],[8.60996,47.00343],[8.60394,47.00286],[8.60184,47.00223],[8.59926,47.0009],[8.59547,47.00021],[8.59444,46.9994],[8.5939,46.9984],[8.59433,46.99529]],[[8.84298,46.91975],[8.84234,46.92073],[8.84129,46.92141],[8.84098,46.92226],[8.8404,46.92237],[8.84018,46.92262],[8.8399,46.92439],[8.8405,46.92507],[8.84019,46.92613],[8.8403,46.92759],[8.83967,46.92969],[8.83844,46.93067],[8.83843,46.93112],[8.83747,46.93175],[8.83777,46.93285],[8.83743,46.93358],[8.8378,46.93394],[8.83794,46.93452],[8.8364,46.93567],[8.83608,46.93615],[8.83616,46.9364],[8.83677,46.9366],[8.83684,46.93708],[8.83608,46.93785],[8.83621,46.93855],[8.83597,46.93912],[8.83561,46.93936],[8.83481,46.93946],[8.83432,46.94048],[8.83371,46.94084],[8.83358,46.94154],[8.83294,46.94263],[8.83308,46.94335],[8.83255,46.94484],[8.83051,46.94551],[8.82865,46.94675],[8.82753,46.94712],[8.82694,46.94884],[8.82612,46.94975],[8.82594,46.95061],[8.82497,46.9519],[8.82514,46.9542],[8.82466,46.9554],[8.82416,46.95582],[8.82371,46.95662],[8.82202,46.95747],[8.82003,46.95756],[8.81873,46.95789],[8.81744,46.9589],[8.81504,46.96006],[8.81434,46.9607],[8.81344,46.96207],[8.81273,46.96208],[8.81136,46.96258],[8.80986,46.96272],[8.80909,46.96349],[8.80706,46.9645],[8.80677,46.96491],[8.80688,46.9656],[8.8067,46.96577],[8.80577,46.96595],[8.80373,46.96695],[8.80101,46.96711],[8.7992,46.96765],[8.79721,46.96785],[8.79311,46.96868],[8.79214,46.96932],[8.79133,46.97025],[8.79079,46.9705],[8.78978,46.97061],[8.78912,46.9709],[8.77677,46.97373],[8.77527,46.97372],[8.77183,46.97276],[8.7706,46.97269],[8.76882,46.97311],[8.76616,46.97415],[8.75786,46.97582],[8.75446,46.97696],[8.74624,46.97779],[8.74166,46.97888],[8.74056,46.9788],[8.73833,46.97747],[8.73644,46.97743],[8.73411,46.97838],[8.73199,46.97892],[8.73055,46.97898],[8.72889,46.97987],[8.72774,46.98105],[8.72508,46.98199],[8.71583,46.98254],[8.714,46.98291],[8.71171,46.98387],[8.70767,46.98437],[8.70468,46.98658],[8.70308,46.98748],[8.68981,46.99175],[8.68718,46.99214],[8.68429,46.99164],[8.68209,46.99151]],[[8.84707,46.91413],[8.84633,46.9146],[8.84646,46.9155],[8.84599,46.91676],[8.8444,46.91813]]]}},{"type":"Feature","properties":{"id":"mutzenbuebach-sz","c":"SZ","p":"patent","q":"derived","k":"river","ns":0},"geometry":{"type":"LineString","coordinates":[[8.84794,47.15487],[8.84863,47.15563],[8.84904,47.1558],[8.84892,47.1564],[8.84927,47.15679],[8.84907,47.15709],[8.84941,47.15765],[8.84982,47.1578],[8.84943,47.15876],[8.84861,47.15963],[8.84856,47.15997],[8.84899,47.16089],[8.84895,47.16225],[8.84967,47.16392],[8.84953,47.16432]]}},{"type":"Feature","properties":{"id":"maechlerruns-sz","c":"SZ","p":"patent","q":"derived","k":"river","ns":0},"geometry":{"type":"LineString","coordinates":[[8.91946,47.16052],[8.9189,47.16239],[8.91898,47.16379],[8.91795,47.16562],[8.91814,47.16611],[8.91956,47.16774],[8.92015,47.17001],[8.92202,47.17155],[8.92478,47.17264],[8.92652,47.17284],[8.9279,47.17345],[8.9285,47.17343],[8.92859,47.17374],[8.92941,47.17436],[8.9299,47.17443],[8.93079,47.1758],[8.93783,47.1833]]}},{"type":"Feature","properties":{"id":"muehlebach-sz","c":"SZ","p":"patent","q":"derived","k":"river","ns":0},"geometry":{"type":"LineString","coordinates":[[8.51653,47.05547],[8.51747,47.05571],[8.52092,47.0557],[8.52211,47.05654],[8.52091,47.05799],[8.52021,47.05961],[8.51879,47.06165]]}},{"type":"Feature","properties":{"id":"muehlebachkanal-sz","c":"SZ","p":"patent","q":"derived","k":"river","ns":0},"geometry":{"type":"LineString","coordinates":[[8.89617,47.17558],[8.89571,47.17619],[8.89133,47.17998],[8.89012,47.18142],[8.89175,47.1858],[8.89455,47.19007],[8.89346,47.19063],[8.89171,47.19224],[8.89227,47.19315],[8.89317,47.19383],[8.89148,47.19447],[8.88812,47.19448],[8.88674,47.19536],[8.88591,47.19558],[8.88567,47.1962],[8.88321,47.19812],[8.88334,47.19988],[8.88499,47.20245],[8.88616,47.20339],[8.88737,47.2038],[8.88886,47.2047],[8.88887,47.20487]]}},{"type":"Feature","properties":{"id":"muelibach-sz","c":"SZ","p":"patent","q":"derived","k":"river","ns":0},"geometry":{"type":"LineString","coordinates":[[8.69423,47.19638],[8.69583,47.19671],[8.6979,47.19659],[8.70233,47.19796],[8.70341,47.1991],[8.70284,47.19976],[8.70304,47.20024],[8.70276,47.20067],[8.70292,47.2014],[8.70368,47.20177],[8.70397,47.20223]]}},{"type":"Feature","properties":{"id":"muelibachkanal-sz","c":"SZ","p":"patent","q":"derived","k":"river","ns":0},"geometry":{"type":"LineString","coordinates":[[8.91738,47.1914],[8.91642,47.18907],[8.92301,47.18721],[8.93196,47.18405],[8.9344,47.18356],[8.93783,47.1833]]}},{"type":"Feature","properties":{"id":"muellerenbach-sz","c":"SZ","p":"patent","q":"derived","k":"river","ns":0},"geometry":{"type":"LineString","coordinates":[[8.66782,47.10681],[8.66757,47.11001],[8.6688,47.11064]]}},{"type":"Feature","properties":{"id":"muellerenbodenbach-sz","c":"SZ","p":"patent","q":"derived","k":"river","ns":0},"geometry":{"type":"LineString","coordinates":[[8.66374,47.10924],[8.66454,47.10931],[8.66504,47.10975],[8.66791,47.11069],[8.66844,47.1108],[8.6688,47.11064]]}},{"type":"Feature","properties":{"id":"nageldbach-sz","c":"SZ","p":"patent","q":"derived","k":"river","ns":0},"geometry":{"type":"LineString","coordinates":[[8.6239,47.05782],[8.62166,47.05615],[8.62133,47.05534],[8.62147,47.05473],[8.62129,47.05398],[8.61929,47.05184],[8.61813,47.05117],[8.61773,47.05127],[8.61736,47.05165],[8.61573,47.05067],[8.6151,47.05055],[8.61468,47.05068]]}},{"type":"Feature","properties":{"id":"nidlaubach-sz","c":"SZ","p":"patent","q":"derived","k":"river","ns":0},"geometry":{"type":"LineString","coordinates":[[8.7721,47.06948],[8.77285,47.06955],[8.77418,47.06909],[8.77728,47.06922],[8.77757,47.06896],[8.77963,47.06881],[8.78164,47.0688],[8.78364,47.06915],[8.78498,47.0686],[8.78704,47.06826],[8.7891,47.0683],[8.78956,47.06808],[8.79096,47.06835],[8.79162,47.06786],[8.79244,47.06814],[8.79313,47.06815],[8.79451,47.06763],[8.79771,47.06787],[8.79942,47.06706],[8.80234,47.06507],[8.80396,47.06439],[8.80752,47.06345],[8.80992,47.06401],[8.81137,47.06468],[8.81664,47.06596]]}},{"type":"Feature","properties":{"id":"niederistmattbach-sz","c":"SZ","p":"patent","q":"derived","k":"river","ns":0},"geometry":{"type":"LineString","coordinates":[[8.62597,47.08947],[8.62917,47.0892],[8.63044,47.08972],[8.63267,47.08981]]}},{"type":"Feature","properties":{"id":"nietenbach-sz","c":"SZ","p":"patent","q":"derived","k":"river","ns":0},"geometry":{"type":"LineString","coordinates":[[8.6732,47.0456],[8.67278,47.04498],[8.67179,47.04422],[8.67171,47.0434],[8.66959,47.04199],[8.66704,47.04139],[8.66563,47.04045],[8.66294,47.03738],[8.66275,47.0366],[8.66102,47.0359],[8.65937,47.03486],[8.65837,47.03446],[8.65775,47.03361],[8.6564,47.03292],[8.65493,47.03156],[8.65457,47.03087],[8.65359,47.02999],[8.65179,47.02922],[8.65081,47.02833],[8.64919,47.02804],[8.64671,47.02611],[8.64189,47.02475],[8.63714,47.02219],[8.63498,47.02163],[8.62784,47.01809]]}},{"type":"Feature","properties":{"id":"noldisbach-sz","c":"SZ","p":"patent","q":"derived","k":"river","ns":0},"geometry":{"type":"LineString","coordinates":[[8.69111,47.11756],[8.688,47.11853],[8.68713,47.11866],[8.6858,47.11834],[8.68391,47.11891],[8.68385,47.11991],[8.68338,47.12107],[8.68183,47.12158],[8.68095,47.12244],[8.67758,47.12316]]}},{"type":"Feature","properties":{"id":"nuolenbach-sz","c":"SZ","p":"patent","q":"derived","k":"river","ns":0},"geometry":{"type":"LineString","coordinates":[[8.89617,47.17558],[8.89571,47.17619],[8.89133,47.17998],[8.89012,47.18142],[8.89175,47.1858],[8.89455,47.19007],[8.89346,47.19063],[8.89171,47.19224],[8.89227,47.19315],[8.89317,47.19383],[8.89148,47.19447],[8.88812,47.19448],[8.88674,47.19536],[8.88591,47.19558],[8.88567,47.1962],[8.88321,47.19812],[8.88334,47.19988],[8.88499,47.20245],[8.88616,47.20339],[8.88737,47.2038],[8.88886,47.2047],[8.88887,47.20487]]}},{"type":"Feature","properties":{"id":"oberes-bisisthal-sz","c":"SZ","p":"patent","q":"derived","k":"river","ns":0},"geometry":{"type":"LineString","coordinates":[[8.84264,46.93566],[8.841,46.93552],[8.83981,46.93586],[8.83919,46.93579],[8.83677,46.9366]]}},{"type":"Feature","properties":{"id":"oberruetibach-sz","c":"SZ","p":"patent","q":"derived","k":"river","ns":0},"geometry":{"type":"LineString","coordinates":[[8.58069,47.03108],[8.58251,47.03261],[8.58406,47.03279],[8.58505,47.0331]]}},{"type":"Feature","properties":{"id":"ottenbach-sz","c":"SZ","p":"patent","q":"derived","k":"river","ns":0},"geometry":{"type":"MultiLineString","coordinates":[[[8.52013,47.03198],[8.52305,47.03356],[8.52514,47.03505],[8.52558,47.0355],[8.52628,47.03704],[8.52705,47.03799],[8.52792,47.03864],[8.52902,47.03882],[8.53011,47.03875],[8.53063,47.03898],[8.53215,47.03871],[8.53283,47.03834],[8.53332,47.03848],[8.53469,47.03833],[8.53506,47.03854],[8.53707,47.03873],[8.53788,47.03914],[8.54092,47.03996],[8.54382,47.04018],[8.54532,47.04003],[8.54544,47.04035],[8.5474,47.04032],[8.54804,47.04069],[8.54905,47.04064],[8.55232,47.0413],[8.55499,47.04359],[8.55575,47.04397],[8.55573,47.04433],[8.5565,47.04534],[8.55669,47.04638],[8.55646,47.04671],[8.5568,47.0471],[8.55826,47.04733],[8.55886,47.0479],[8.5596,47.04818],[8.56106,47.04823],[8.5627,47.04791],[8.56345,47.04808],[8.56439,47.04762],[8.56475,47.04761],[8.5649,47.04698],[8.56539,47.04651],[8.5671,47.04611],[8.56839,47.04603],[8.56867,47.04583],[8.56907,47.04597],[8.56991,47.04591],[8.57014,47.04636],[8.57158,47.0468],[8.57477,47.04614],[8.5776,47.04506],[8.57935,47.04504],[8.58052,47.04454],[8.58116,47.04465]],[[8.58137,47.04471],[8.58156,47.04461],[8.58237,47.04511],[8.58693,47.04642]]]}},{"type":"Feature","properties":{"id":"paulihofbach-sz","c":"SZ","p":"patent","q":"derived","k":"river","ns":0},"geometry":{"type":"LineString","coordinates":[[8.92234,47.1225],[8.91929,47.123],[8.91773,47.12298],[8.91593,47.12261],[8.91475,47.12279],[8.91264,47.12262],[8.91194,47.12278],[8.91,47.12196],[8.90589,47.12072],[8.90434,47.12056],[8.90286,47.12069],[8.90152,47.12051]]}},{"type":"Feature","properties":{"id":"pelzhaltenbach-sz","c":"SZ","p":"patent","q":"derived","k":"river","ns":0},"geometry":{"type":"LineString","coordinates":[[8.66226,47.04263],[8.66133,47.04205],[8.66117,47.04117],[8.66071,47.0406],[8.6598,47.04012],[8.65835,47.03984],[8.65788,47.03953],[8.65694,47.03813],[8.656,47.03732],[8.6548,47.03702],[8.6527,47.03595],[8.64913,47.03535],[8.64833,47.0349],[8.64794,47.03416],[8.64613,47.03409]]}},{"type":"Feature","properties":{"id":"pfauentobel-sz","c":"SZ","p":"patent","q":"derived","k":"river","ns":0},"geometry":{"type":"LineString","coordinates":[[8.71477,47.08664],[8.71506,47.08659],[8.7165,47.08735],[8.71742,47.0875],[8.7182,47.08739],[8.71859,47.08758],[8.7196,47.08745],[8.72081,47.08669],[8.72218,47.08652],[8.72297,47.08678]]}},{"type":"Feature","properties":{"id":"poliruns-sz","c":"SZ","p":"patent","q":"derived","k":"river","ns":0},"geometry":{"type":"LineString","coordinates":[[8.83033,47.11073],[8.83165,47.10916],[8.83179,47.10819],[8.83018,47.10632],[8.82935,47.1061],[8.82883,47.10522],[8.82996,47.10402],[8.82989,47.10366],[8.83045,47.10317],[8.83055,47.10271],[8.8293,47.10156],[8.82791,47.10138],[8.8259,47.10044],[8.82425,47.09898]]}},{"type":"Feature","properties":{"id":"quellenbach-sz","c":"SZ","p":"patent","q":"derived","k":"river","ns":0},"geometry":{"type":"LineString","coordinates":[[8.55397,47.06634],[8.5543,47.06452],[8.55397,47.06417],[8.55397,47.06239],[8.55361,47.06053],[8.55417,47.05879],[8.55368,47.05788],[8.55303,47.05738],[8.55301,47.057],[8.55329,47.0568],[8.55269,47.05525],[8.55295,47.054],[8.55187,47.05292],[8.55006,47.05195],[8.54993,47.0516]]}},{"type":"Feature","properties":{"id":"rahmensbueelbach-sz","c":"SZ","p":"patent","q":"derived","k":"river","ns":0},"geometry":{"type":"LineString","coordinates":[[8.7132,47.18014],[8.71298,47.18262],[8.71355,47.18367],[8.71506,47.18452],[8.7158,47.18472],[8.71568,47.18551],[8.71589,47.18576],[8.71679,47.18599],[8.71763,47.18646],[8.71819,47.18811],[8.71874,47.18897],[8.71943,47.18941]]}},{"type":"Feature","properties":{"id":"rambach-sz","c":"SZ","p":"patent","q":"derived","k":"river","ns":0},"geometry":{"type":"LineString","coordinates":[[8.72183,46.96003],[8.72186,46.961],[8.72218,46.96136],[8.7216,46.96189],[8.7216,46.96219],[8.72195,46.96233],[8.72296,46.96358],[8.72349,46.96366],[8.72393,46.96449],[8.72437,46.9646],[8.72475,46.96545],[8.72542,46.96596],[8.72546,46.96628],[8.72712,46.96768],[8.72911,46.97075],[8.73023,46.97316],[8.7308,46.9739],[8.7307,46.97408],[8.73133,46.97455],[8.73153,46.97509],[8.73199,46.97536],[8.73204,46.97575],[8.73316,46.97647]]}},{"type":"Feature","properties":{"id":"rickentalbach-sz","c":"SZ","p":"patent","q":"derived","k":"river","ns":0},"geometry":{"type":"LineString","coordinates":[[8.81351,47.13239],[8.81262,47.13158],[8.81196,47.13133],[8.80904,47.13112],[8.80656,47.13177],[8.80501,47.13254],[8.80346,47.13299],[8.80293,47.13337],[8.80241,47.1343],[8.80205,47.13441],[8.80064,47.13388],[8.7994,47.1329],[8.79778,47.13253],[8.79307,47.13254],[8.79182,47.13231]]}},{"type":"Feature","properties":{"id":"riedbaechli-sz","c":"SZ","p":"patent","q":"derived","k":"river","ns":0},"geometry":{"type":"LineString","coordinates":[[8.71811,46.98714],[8.71659,46.98744],[8.71178,46.98716],[8.70911,46.98797],[8.70671,46.9876],[8.70471,46.98925],[8.7049,46.98966],[8.70472,46.98988],[8.70422,46.98999],[8.70381,46.98996],[8.70337,46.98967],[8.70263,46.98962],[8.70222,46.98926],[8.70013,46.98948],[8.69936,46.98863]]}},{"type":"Feature","properties":{"id":"riemenstaldnerbach-sz","c":"SZ","p":"patent","q":"derived","k":"river","ns":0},"geometry":{"type":"LineString","coordinates":[[8.70163,46.9464],[8.70149,46.94617],[8.70086,46.94594],[8.69972,46.94598],[8.69909,46.9453],[8.69823,46.94518],[8.69592,46.94576],[8.69407,46.94652],[8.69325,46.94667],[8.69267,46.94704],[8.69103,46.94692],[8.6901,46.94708],[8.68458,46.94549],[8.68371,46.94549],[8.68272,46.94581],[8.68181,46.94584],[8.68146,46.94617],[8.67993,46.94583],[8.67931,46.94599],[8.67712,46.9457],[8.6768,46.94536],[8.67574,46.94518],[8.67543,46.94492],[8.67369,46.94498],[8.672,46.9444],[8.67114,46.9444],[8.67067,46.94408],[8.66954,46.94406],[8.66851,46.94427],[8.66796,46.94466],[8.6666,46.94475],[8.66504,46.94555],[8.66219,46.94566],[8.66183,46.94593],[8.66038,46.94601],[8.65976,46.94633],[8.65928,46.94634],[8.65775,46.94579],[8.65689,46.94588],[8.65601,46.94638],[8.65182,46.94713],[8.65052,46.94765],[8.64714,46.94833],[8.64539,46.94903],[8.64311,46.94907],[8.64278,46.94923],[8.6418,46.94908],[8.64098,46.94957],[8.63761,46.94944],[8.63661,46.94983],[8.63582,46.94964],[8.6347,46.94989],[8.633,46.94973],[8.63239,46.94981],[8.6318,46.95014],[8.63153,46.94996],[8.63078,46.95012],[8.62806,46.94989]]}},{"type":"Feature","properties":{"id":"rieter-toebler-sz","c":"SZ","p":"patent","q":"derived","k":"river","ns":0},"geometry":{"type":"LineString","coordinates":[[8.67362,46.97986],[8.67485,46.97992],[8.67591,46.98055],[8.67675,46.98065],[8.67714,46.98046],[8.67782,46.98046],[8.67893,46.98076],[8.68017,46.98144],[8.68086,46.98153],[8.68137,46.98135]]}},{"type":"Feature","properties":{"id":"rigiaa-sz","c":"SZ","p":"patent","q":"derived","k":"river","ns":0},"geometry":{"type":"LineString","coordinates":[[8.47598,47.05141],[8.47789,47.04975],[8.47827,47.04798],[8.47931,47.04686],[8.48075,47.04647],[8.48115,47.04582],[8.48247,47.04489],[8.48282,47.04494],[8.48466,47.04418],[8.4865,47.04384],[8.48782,47.04322],[8.48952,47.0422],[8.4934,47.03865],[8.49415,47.03837],[8.49537,47.03844],[8.49731,47.03776],[8.50105,47.03755],[8.50244,47.03797],[8.50259,47.03828],[8.50373,47.03851],[8.50446,47.03894],[8.5047,47.03873],[8.50512,47.03897],[8.50728,47.03883],[8.50822,47.03919],[8.50897,47.03904],[8.50959,47.03924],[8.51034,47.03904],[8.51127,47.03916],[8.51195,47.03902],[8.51455,47.03965],[8.51589,47.04052],[8.51605,47.04111],[8.51677,47.0417],[8.51689,47.04223],[8.51816,47.04286],[8.51813,47.04315],[8.52019,47.04462],[8.52221,47.04454],[8.52356,47.04406],[8.52669,47.04398],[8.52734,47.04424],[8.5309,47.04371],[8.53377,47.04404],[8.53571,47.04495],[8.53625,47.04492],[8.53651,47.04508],[8.538,47.04527],[8.53842,47.04501],[8.53999,47.04472],[8.54014,47.04503],[8.54069,47.04515],[8.54144,47.0459],[8.54388,47.04673],[8.54448,47.04715],[8.54613,47.04947],[8.54631,47.05015],[8.54537,47.05165],[8.54299,47.05431],[8.54074,47.05466],[8.53818,47.05414],[8.53739,47.0534],[8.53638,47.05399],[8.53637,47.05433],[8.53765,47.05622],[8.53861,47.05697],[8.54023,47.05777],[8.54064,47.06089],[8.53953,47.06127],[8.53656,47.0629],[8.53535,47.06304],[8.53466,47.06357],[8.53301,47.06328],[8.5315,47.06443],[8.53042,47.06441],[8.52986,47.06458],[8.52898,47.06554],[8.52733,47.06642],[8.52741,47.06729],[8.5262,47.0676],[8.52546,47.06876]]}},{"type":"Feature","properties":{"id":"rigiacherbach-sz","c":"SZ","p":"patent","q":"derived","k":"river","ns":0},"geometry":{"type":"LineString","coordinates":[[8.45298,47.06851],[8.45121,47.06928],[8.45058,47.06938],[8.44912,47.06906],[8.44808,47.06903],[8.44705,47.06926],[8.44634,47.06963],[8.44544,47.06975],[8.44397,47.06967],[8.44322,47.06985],[8.4419,47.07028],[8.44095,47.07106],[8.44048,47.0712],[8.44056,47.07171],[8.44033,47.0718],[8.4384,47.07192],[8.43667,47.07128],[8.43511,47.0713],[8.43233,47.07268]]}},{"type":"Feature","properties":{"id":"rimibach-sz","c":"SZ","p":"patent","q":"derived","k":"river","ns":0},"geometry":{"type":"LineString","coordinates":[[8.52956,47.01769],[8.53029,47.01692],[8.53147,47.01648],[8.53217,47.01593],[8.53417,47.0149],[8.53433,47.01448],[8.53461,47.01446],[8.53498,47.01402],[8.53531,47.01318],[8.53599,47.01234],[8.53604,47.01154],[8.53672,47.01065]]}},{"type":"Feature","properties":{"id":"risletenbach-sz","c":"SZ","p":"patent","q":"derived","k":"river","ns":0},"geometry":{"type":"LineString","coordinates":[[8.87348,47.194],[8.87221,47.19518],[8.87168,47.19689],[8.86719,47.2005],[8.86522,47.20504]]}},{"type":"Feature","properties":{"id":"roosbach-sz","c":"SZ","p":"patent","q":"derived","k":"river","ns":0},"geometry":{"type":"LineString","coordinates":[[8.72578,47.17564],[8.72558,47.17589],[8.72583,47.1763],[8.72551,47.17671],[8.72531,47.17775],[8.72295,47.17933],[8.72137,47.17994],[8.72098,47.18064],[8.72091,47.18238],[8.72061,47.183],[8.72111,47.18378],[8.72096,47.18406],[8.72119,47.18548],[8.72088,47.18606],[8.72109,47.18635],[8.72035,47.18713],[8.72044,47.18789],[8.72011,47.18848],[8.72063,47.18992]]}},{"type":"Feature","properties":{"id":"rotbach-sz","c":"SZ","p":"patent","q":"derived","k":"river","ns":0},"geometry":{"type":"MultiLineString","coordinates":[[[8.75163,47.19147],[8.75119,47.19195],[8.75108,47.19265]],[[8.84642,47.18635],[8.84672,47.18903],[8.84636,47.19234]]]}},{"type":"Feature","properties":{"id":"rotenbach-sz","c":"SZ","p":"patent","q":"derived","k":"river","ns":0},"geometry":{"type":"LineString","coordinates":[[8.71712,47.12409],[8.71795,47.12382],[8.71864,47.12412],[8.71998,47.12408],[8.72026,47.12386],[8.72181,47.12378],[8.72329,47.12347],[8.72394,47.12381],[8.72549,47.12364],[8.72632,47.12395],[8.72688,47.12392],[8.7284,47.12471],[8.72938,47.12493],[8.73036,47.12661],[8.7335,47.13054],[8.73439,47.13133],[8.73606,47.13222],[8.73808,47.13278],[8.73935,47.13407],[8.74143,47.13473],[8.74254,47.13567],[8.74311,47.13674],[8.74488,47.13664],[8.74532,47.13747],[8.74576,47.13773],[8.74611,47.13895],[8.74692,47.13976],[8.74758,47.13979]]}},{"type":"Feature","properties":{"id":"rotenfluebach-sz","c":"SZ","p":"patent","q":"derived","k":"river","ns":0},"geometry":{"type":"LineString","coordinates":[[8.50776,47.02798],[8.50781,47.02845],[8.50806,47.02844],[8.50813,47.02881],[8.50841,47.02884],[8.50903,47.02946],[8.50907,47.02991],[8.5095,47.03023],[8.50965,47.03067],[8.51014,47.03084],[8.5105,47.03129],[8.51124,47.03274],[8.51125,47.0332],[8.51164,47.03359],[8.51175,47.03462],[8.51268,47.03611],[8.51288,47.03706],[8.5133,47.03712],[8.51423,47.03766],[8.51413,47.03838],[8.5146,47.03926],[8.51455,47.03965]]}},{"type":"Feature","properties":{"id":"rubelibach-sz","c":"SZ","p":"patent","q":"derived","k":"river","ns":0},"geometry":{"type":"LineString","coordinates":[[8.8463,47.07364],[8.84503,47.07383],[8.84253,47.07546],[8.84063,47.07643]]}},{"type":"Feature","properties":{"id":"ruestelbach-sz","c":"SZ","p":"patent","q":"derived","k":"river","ns":0},"geometry":{"type":"LineString","coordinates":[[8.9354,47.11198],[8.93507,47.1126],[8.9335,47.11343],[8.93236,47.11338],[8.9311,47.113],[8.92941,47.11293],[8.92787,47.1132],[8.92641,47.11312],[8.92376,47.11336],[8.92234,47.11403],[8.92112,47.11362],[8.92051,47.11362],[8.91904,47.11401],[8.91651,47.11364],[8.9166,47.11306],[8.91506,47.11303],[8.91453,47.11281],[8.91345,47.11335],[8.91154,47.11315],[8.91041,47.11366],[8.90993,47.11414],[8.91003,47.1149],[8.90931,47.11555],[8.90934,47.11608],[8.90901,47.11621],[8.90873,47.11599],[8.90716,47.11614],[8.90653,47.11604],[8.90568,47.11634],[8.90554,47.11666],[8.90471,47.1169],[8.9027,47.11855],[8.90173,47.1201],[8.90078,47.12079]]}},{"type":"Feature","properties":{"id":"rufibach-sz","c":"SZ","p":"patent","q":"derived","k":"river","ns":0},"geometry":{"type":"MultiLineString","coordinates":[[[8.55018,47.08309],[8.54894,47.08354],[8.54864,47.08399],[8.54836,47.08534],[8.54856,47.0873],[8.54921,47.08783],[8.55177,47.08881],[8.55224,47.08922],[8.55238,47.09003],[8.5521,47.09024],[8.5524,47.09062],[8.5523,47.09133],[8.55247,47.09192],[8.55296,47.09242],[8.55235,47.09398],[8.54963,47.09366],[8.5477,47.09367],[8.54679,47.09389],[8.54622,47.09434],[8.54468,47.09432],[8.54419,47.09447],[8.54323,47.09382],[8.5428,47.09379],[8.54146,47.0928],[8.54101,47.0927],[8.54091,47.09228],[8.54006,47.09204],[8.53687,47.09175],[8.53568,47.09208],[8.5342,47.09207],[8.53344,47.09181],[8.53162,47.09172],[8.53095,47.09149],[8.53003,47.09171],[8.52564,47.09164],[8.52523,47.09149],[8.52431,47.09038],[8.52384,47.09032],[8.52316,47.09049],[8.522,47.08989]],[[8.95277,47.14868],[8.95305,47.14895],[8.95308,47.14959],[8.95295,47.1501],[8.95226,47.15082],[8.95235,47.15138],[8.95284,47.15183],[8.95263,47.15316],[8.95412,47.15455],[8.95431,47.15501],[8.95415,47.15553],[8.95458,47.15661],[8.95431,47.15733],[8.95456,47.15782],[8.95376,47.15919],[8.95403,47.16151],[8.95372,47.1622],[8.95393,47.16282],[8.95369,47.16363],[8.95463,47.16434],[8.95467,47.16502],[8.95526,47.16588],[8.95679,47.16731],[8.9571,47.16795],[8.95684,47.16837],[8.95738,47.16905],[8.95736,47.16947],[8.95995,47.17112],[8.96087,47.1722],[8.96197,47.17448]],[[8.96226,47.17559],[8.96231,47.1758]]]}},{"type":"Feature","properties":{"id":"ruosalperbach-sz","c":"SZ","p":"patent","q":"derived","k":"river","ns":0},"geometry":{"type":"LineString","coordinates":[[8.84304,46.91016],[8.84398,46.91123],[8.84634,46.91225],[8.84671,46.91294],[8.84705,46.91311],[8.84694,46.91346],[8.8472,46.91378]]}},{"type":"Feature","properties":{"id":"rutzlibach-sz","c":"SZ","p":"patent","q":"derived","k":"river","ns":0},"geometry":{"type":"LineString","coordinates":[[8.8463,47.07364],[8.84503,47.07383],[8.84253,47.07546],[8.84063,47.07643]]}},{"type":"Feature","properties":{"id":"raetigsbach-sz","c":"SZ","p":"patent","q":"derived","k":"river","ns":0},"geometry":{"type":"LineString","coordinates":[[8.63495,47.04448],[8.6342,47.04362],[8.63329,47.04301],[8.63299,47.04093],[8.6324,47.03985],[8.63131,47.03906]]}},{"type":"Feature","properties":{"id":"raetschtalerbach-sz","c":"SZ","p":"patent","q":"derived","k":"river","ns":0},"geometry":{"type":"LineString","coordinates":[[8.83788,46.94995],[8.83634,46.94969],[8.83508,46.94925],[8.83452,46.94927],[8.83394,46.94887],[8.83194,46.94862],[8.83026,46.94878],[8.82981,46.94926],[8.82865,46.94978],[8.82758,46.94986],[8.82664,46.94967],[8.82611,46.9499]]}},{"type":"Feature","properties":{"id":"roessliweidbach-sz","c":"SZ","p":"patent","q":"derived","k":"river","ns":0},"geometry":{"type":"LineString","coordinates":[[8.66717,47.09935],[8.66962,47.09894],[8.6703,47.09905],[8.67115,47.09969]]}},{"type":"Feature","properties":{"id":"ruetelibach-sz","c":"SZ","p":"patent","q":"derived","k":"river","ns":0},"geometry":{"type":"LineString","coordinates":[[8.87301,47.17512],[8.8739,47.17518],[8.8742,47.17536],[8.8756,47.17507],[8.8763,47.17521],[8.877,47.1755],[8.87809,47.17683]]}},{"type":"Feature","properties":{"id":"ruetibach-sz","c":"SZ","p":"patent","q":"derived","k":"river","ns":0},"geometry":{"type":"MultiLineString","coordinates":[[[8.70044,47.16947],[8.69967,47.17074],[8.69999,47.1717],[8.70041,47.17201],[8.70109,47.1731],[8.70322,47.17474],[8.70324,47.17515]],[[8.97167,47.17447],[8.96258,47.17559],[8.96231,47.1758]],[[8.96667,47.14116],[8.9677,47.14428],[8.96855,47.14478],[8.96833,47.14507],[8.9686,47.14548],[8.96819,47.14581],[8.96787,47.14765],[8.9692,47.14939],[8.97007,47.15007],[8.97015,47.15117],[8.97152,47.15156],[8.97245,47.15267],[8.97273,47.15356],[8.9722,47.15465],[8.97226,47.15528],[8.97344,47.15688],[8.97443,47.15905],[8.97477,47.15938],[8.97557,47.15963],[8.97584,47.16003],[8.97539,47.16555],[8.97452,47.16921],[8.97566,47.17068],[8.97598,47.1726],[8.9753,47.17339],[8.97343,47.17386]]]}},{"type":"Feature","properties":{"id":"sagenbach-ost-sz","c":"SZ","p":"patent","q":"derived","k":"river","ns":0},"geometry":{"type":"LineString","coordinates":[[8.76308,47.18659],[8.76347,47.18709],[8.76332,47.18752],[8.76242,47.18798],[8.76232,47.1884],[8.76131,47.18919],[8.76119,47.19128],[8.76083,47.19169],[8.76089,47.19352],[8.76208,47.19432],[8.76218,47.19522]]}},{"type":"Feature","properties":{"id":"sagibaechli-sz","c":"SZ","p":"patent","q":"derived","k":"river","ns":0},"geometry":{"type":"LineString","coordinates":[[8.5835,47.02891],[8.58437,47.02904],[8.58475,47.02931],[8.58454,47.02959],[8.58465,47.03015],[8.58567,47.03194],[8.58628,47.03228]]}},{"type":"Feature","properties":{"id":"sandbach-sz","c":"SZ","p":"patent","q":"derived","k":"river","ns":0},"geometry":{"type":"LineString","coordinates":[[8.62589,47.00487],[8.62586,47.00454],[8.62477,47.00408],[8.6242,47.00424],[8.62354,47.00398],[8.62242,47.00404],[8.6226,47.00338],[8.62205,47.00308],[8.62003,47.00293],[8.61874,47.00338],[8.61827,47.00319],[8.61695,47.00316],[8.61593,47.0027],[8.61435,47.00248]]}},{"type":"Feature","properties":{"id":"sarenbach-sz","c":"SZ","p":"patent","q":"derived","k":"river","ns":0},"geometry":{"type":"LineString","coordinates":[[8.72673,47.1912],[8.72671,47.19149],[8.72972,47.1927],[8.73019,47.19326],[8.73137,47.1938],[8.7365,47.19517],[8.73724,47.19562],[8.73829,47.19573],[8.73923,47.19622],[8.74096,47.19635],[8.74274,47.19695],[8.74343,47.19728],[8.74339,47.1976],[8.74369,47.19792],[8.7453,47.19808],[8.74523,47.19867],[8.74555,47.19911],[8.7478,47.19973],[8.7499,47.19999],[8.75198,47.20016],[8.75445,47.2001],[8.7594,47.20132],[8.76296,47.20281],[8.76499,47.20427],[8.76547,47.20474],[8.76652,47.2067]]}},{"type":"Feature","properties":{"id":"schartenbaechli-sz","c":"SZ","p":"patent","q":"derived","k":"river","ns":0},"geometry":{"type":"LineString","coordinates":[[8.71968,47.14263],[8.71787,47.14366],[8.7178,47.14467]]}},{"type":"Feature","properties":{"id":"schleukbach-sz","c":"SZ","p":"patent","q":"derived","k":"river","ns":0},"geometry":{"type":"LineString","coordinates":[[8.6949,47.09961],[8.69246,47.09934],[8.69062,47.09993],[8.68922,47.09995],[8.68815,47.09974],[8.68728,47.09929],[8.68617,47.09924],[8.68463,47.09964],[8.68273,47.09934],[8.68048,47.09973],[8.6798,47.09964],[8.67944,47.09911]]}},{"type":"Feature","properties":{"id":"schlichenden-bruennen-sz","c":"SZ","p":"patent","q":"derived","k":"river","ns":0},"geometry":{"type":"LineString","coordinates":[[8.78541,46.97275],[8.78478,46.97309],[8.78368,46.973],[8.78307,46.97267],[8.78075,46.97327],[8.78003,46.97325],[8.77963,46.97304]]}},{"type":"Feature","properties":{"id":"schlierenbach-sz","c":"SZ","p":"patent","q":"derived","k":"river","ns":0},"geometry":{"type":"LineString","coordinates":[[8.89585,47.09195],[8.8977,47.09247],[8.89813,47.09308],[8.89953,47.0937],[8.90136,47.09352],[8.90424,47.09401],[8.90553,47.09475],[8.90872,47.09716]]}},{"type":"Feature","properties":{"id":"schlaengglibaechli-sz","c":"SZ","p":"patent","q":"derived","k":"river","ns":0},"geometry":{"type":"LineString","coordinates":[[8.7094,47.14741],[8.71043,47.14801],[8.71071,47.14845],[8.71175,47.14936],[8.71226,47.14956],[8.71261,47.15002],[8.71381,47.15064],[8.71362,47.15101],[8.71402,47.15105],[8.71445,47.15217],[8.7148,47.15232]]}},{"type":"Feature","properties":{"id":"schmalzgrubenbach-sz","c":"SZ","p":"patent","q":"derived","k":"river","ns":0},"geometry":{"type":"LineString","coordinates":[[8.81146,47.0747],[8.81145,47.07651],[8.81221,47.07732],[8.81381,47.07824],[8.81379,47.07964],[8.81303,47.08134],[8.81318,47.0816]]}},{"type":"Feature","properties":{"id":"schneeholzbach-sz","c":"SZ","p":"patent","q":"derived","k":"river","ns":0},"geometry":{"type":"LineString","coordinates":[[8.54582,47.01288],[8.5456,47.01303],[8.54516,47.01289],[8.54412,47.01217],[8.54327,47.01201],[8.54246,47.01135],[8.54175,47.01112],[8.54169,47.01081],[8.53966,47.01019],[8.53799,47.00912],[8.53562,47.00827],[8.535,47.00824]]}},{"type":"Feature","properties":{"id":"schorenbach-sz","c":"SZ","p":"patent","q":"derived","k":"river","ns":0},"geometry":{"type":"LineString","coordinates":[[8.67324,47.09313],[8.67296,47.09465],[8.67219,47.09541],[8.67229,47.09575],[8.67186,47.096],[8.67164,47.09701],[8.67091,47.09739],[8.67215,47.09888],[8.67142,47.09915]]}},{"type":"Feature","properties":{"id":"schornenbach-sz","c":"SZ","p":"patent","q":"derived","k":"river","ns":0},"geometry":{"type":"LineString","coordinates":[[8.63899,47.05505],[8.6374,47.05275],[8.63616,47.05194],[8.63582,47.05073],[8.63511,47.0501],[8.63462,47.04898],[8.6316,47.04596],[8.63077,47.046],[8.62951,47.04563],[8.62864,47.0462],[8.62799,47.0462],[8.62629,47.04679],[8.62536,47.04688],[8.62455,47.0466],[8.6239,47.04577],[8.62403,47.04422],[8.62357,47.04328],[8.62188,47.04286],[8.62067,47.04226],[8.61941,47.04201],[8.6191,47.04106],[8.61805,47.0397],[8.61652,47.03886],[8.61596,47.03868],[8.61543,47.03875],[8.61476,47.03844],[8.61379,47.03762],[8.61198,47.03683],[8.61008,47.03517]]}},{"type":"Feature","properties":{"id":"schuttbach-sz","c":"SZ","p":"patent","q":"derived","k":"river","ns":0},"geometry":{"type":"LineString","coordinates":[[8.55891,47.06471],[8.55876,47.0631],[8.55822,47.06228],[8.55825,47.06174],[8.55875,47.06106],[8.55881,47.06002],[8.55848,47.05975],[8.55874,47.05938],[8.55864,47.05906],[8.55918,47.05833],[8.55913,47.05673],[8.55899,47.05615],[8.55804,47.05547],[8.55686,47.0535],[8.55617,47.05334],[8.55599,47.05306],[8.55477,47.05281],[8.55371,47.05217],[8.54951,47.05152],[8.54825,47.05079],[8.5462,47.05041]]}},{"type":"Feature","properties":{"id":"schwandenbach-sz","c":"SZ","p":"patent","q":"derived","k":"river","ns":0},"geometry":{"type":"LineString","coordinates":[[8.51578,47.00628],[8.51642,47.00545],[8.51957,47.00334],[8.52033,47.00258],[8.52047,47.00215],[8.52162,47.00129],[8.52336,47.00072],[8.52541,47.00047]]}},{"type":"Feature","properties":{"id":"schwantenbach-sz","c":"SZ","p":"patent","q":"derived","k":"river","ns":0},"geometry":{"type":"LineString","coordinates":[[8.96677,47.13552],[8.96565,47.13582],[8.96512,47.13572],[8.96446,47.13622],[8.96417,47.13624],[8.96372,47.13684],[8.96283,47.13726],[8.95966,47.13728],[8.95906,47.1369],[8.95849,47.13602],[8.95759,47.13551],[8.95612,47.13504],[8.9551,47.13503],[8.95399,47.13426],[8.95397,47.13391],[8.95355,47.13348],[8.95239,47.133],[8.95126,47.13279],[8.94803,47.1329],[8.94723,47.13267],[8.94383,47.13271],[8.94086,47.13133],[8.94066,47.13108],[8.94076,47.13044],[8.94033,47.13014]]}},{"type":"Feature","properties":{"id":"schwarzenbach-sz","c":"SZ","p":"patent","q":"derived","k":"river","ns":0},"geometry":{"type":"LineString","coordinates":[[8.62326,47.06534],[8.6222,47.06534],[8.62107,47.06489],[8.61994,47.0648],[8.61934,47.06492]]}},{"type":"Feature","properties":{"id":"schwerzibach-sz","c":"SZ","p":"patent","q":"derived","k":"river","ns":0},"geometry":{"type":"MultiLineString","coordinates":[[[8.94258,47.17127],[8.9436,47.17197],[8.9447,47.17234],[8.94542,47.17237],[8.9457,47.17268],[8.94686,47.17257],[8.94778,47.17294],[8.94832,47.17445],[8.9498,47.17682]],[[8.9501,47.17726],[8.95058,47.1782],[8.95347,47.17967],[8.96151,47.17948],[8.96178,47.17963]]]}},{"type":"Feature","properties":{"id":"schwaendelenbach-sz","c":"SZ","p":"patent","q":"derived","k":"river","ns":0},"geometry":{"type":"LineString","coordinates":[[8.91831,47.14783],[8.9172,47.14754],[8.91639,47.14682],[8.91287,47.14584],[8.91156,47.14591],[8.91072,47.14618],[8.909,47.14596],[8.90854,47.14626],[8.90821,47.14619],[8.90791,47.14635],[8.90734,47.14619],[8.90613,47.14668],[8.90472,47.14617],[8.90157,47.14611],[8.90072,47.14534],[8.9,47.14534],[8.89972,47.14517],[8.89677,47.14565]]}},{"type":"Feature","properties":{"id":"schwaendelibach-sz","c":"SZ","p":"patent","q":"derived","k":"river","ns":0},"geometry":{"type":"LineString","coordinates":[[8.68141,47.09165],[8.68036,47.09244],[8.67978,47.09262],[8.67885,47.09378],[8.67709,47.09412],[8.67569,47.094],[8.67652,47.09599],[8.67709,47.09652],[8.677,47.09719],[8.67371,47.09871],[8.67215,47.09895]]}},{"type":"Feature","properties":{"id":"schwaendibach-sz","c":"SZ","p":"patent","q":"derived","k":"river","ns":0},"geometry":{"type":"LineString","coordinates":[[8.79078,47.17754],[8.79048,47.17776],[8.79051,47.17892],[8.78986,47.17961],[8.7902,47.18083],[8.79068,47.18119],[8.7904,47.18224],[8.79044,47.1827],[8.79079,47.18307],[8.79015,47.18368],[8.79061,47.18446],[8.79014,47.18556],[8.78894,47.18653],[8.78933,47.18746],[8.78949,47.18897],[8.7894,47.18971],[8.78885,47.19002],[8.78894,47.19057],[8.7896,47.19083],[8.78974,47.19107]]}},{"type":"Feature","properties":{"id":"schaefbodenbach-sz","c":"SZ","p":"patent","q":"derived","k":"river","ns":0},"geometry":{"type":"LineString","coordinates":[[8.60456,47.07621],[8.60572,47.07558],[8.60599,47.0752],[8.60732,47.07506],[8.60742,47.0749],[8.60831,47.07495],[8.60918,47.0744],[8.61011,47.07487],[8.61057,47.07491],[8.61171,47.07443],[8.61239,47.07437],[8.61291,47.07451],[8.61323,47.07427],[8.61377,47.07445],[8.61459,47.07386],[8.61483,47.07334],[8.61559,47.07319],[8.61559,47.07284],[8.61668,47.07119],[8.6176,47.07072],[8.61731,47.07005],[8.6175,47.06947],[8.61835,47.06909],[8.61852,47.06872],[8.61886,47.06857]]}},{"type":"Feature","properties":{"id":"schaeflibach-sz","c":"SZ","p":"patent","q":"derived","k":"river","ns":0},"geometry":{"type":"LineString","coordinates":[[8.98797,47.1581],[8.98925,47.15952],[8.98884,47.16133],[8.98697,47.16273],[8.98712,47.16315],[8.98819,47.16383],[8.98899,47.16492],[8.98876,47.16653],[8.99292,47.17283],[8.99699,47.17727]]}},{"type":"Feature","properties":{"id":"schoenbaechli-sz","c":"SZ","p":"patent","q":"derived","k":"river","ns":0},"geometry":{"type":"LineString","coordinates":[[8.8034,47.11022],[8.80083,47.11064],[8.799,47.1107],[8.79767,47.11029]]}},{"type":"Feature","properties":{"id":"seeweren-sz","c":"SZ","p":"patent","q":"derived","k":"river","ns":0},"geometry":{"type":"LineString","coordinates":[[8.62493,47.02918],[8.62607,47.02911],[8.628,47.02821],[8.6298,47.02681],[8.63013,47.02629],[8.63043,47.02496],[8.6289,47.02209],[8.62883,47.02105],[8.62802,47.01967],[8.62784,47.01809],[8.62303,47.01372],[8.61884,47.01213],[8.618,47.01079],[8.61748,47.00867],[8.61628,47.00722],[8.61191,47.00466],[8.61156,47.00484],[8.61089,47.00478],[8.60829,47.00382],[8.60658,47.0034]]}},{"type":"Feature","properties":{"id":"siechenbach-sz","c":"SZ","p":"patent","q":"derived","k":"river","ns":0},"geometry":{"type":"LineString","coordinates":[[8.66304,47.05054],[8.6621,47.0498],[8.66044,47.04913],[8.6601,47.0488],[8.65986,47.04789],[8.65939,47.04716],[8.65901,47.04709],[8.65898,47.04665],[8.65851,47.04616],[8.65838,47.04542],[8.65766,47.04495],[8.65654,47.04485],[8.65606,47.04428],[8.65522,47.04382],[8.65403,47.04378],[8.65292,47.04259],[8.65194,47.04237],[8.65126,47.04198],[8.6494,47.04175],[8.64868,47.04087],[8.64697,47.03987],[8.64647,47.03851],[8.64701,47.03744],[8.64575,47.03577],[8.64613,47.03409],[8.64544,47.03351],[8.64446,47.03328],[8.63711,47.03364],[8.63534,47.03294],[8.63181,47.0321],[8.628,47.03215],[8.62631,47.03134],[8.62299,47.03066],[8.6223,47.03019]]}},{"type":"Feature","properties":{"id":"sihl-sz","c":"SZ","p":"patent","q":"derived","k":"river","ns":0},"geometry":{"type":"MultiLineString","coordinates":[[[8.77969,47.15441],[8.7793,47.15492],[8.77852,47.15526],[8.77791,47.1552],[8.77709,47.15574],[8.77676,47.15681],[8.77753,47.15826],[8.77984,47.15934],[8.78046,47.15923],[8.78017,47.15823],[8.78032,47.15795],[8.78079,47.15792],[8.7814,47.15824],[8.78212,47.15927],[8.78193,47.16173],[8.78159,47.16238],[8.78,47.16367],[8.77955,47.16454],[8.77841,47.16559],[8.77804,47.1665],[8.77769,47.16681],[8.77714,47.16676],[8.77636,47.16591],[8.77601,47.16453],[8.77536,47.1641],[8.77397,47.16482],[8.77192,47.1673],[8.77039,47.16747],[8.76891,47.16804],[8.76793,47.16793],[8.76737,47.16767],[8.76668,47.16577],[8.76583,47.16556],[8.76481,47.16565],[8.764,47.1662],[8.7631,47.16837],[8.76276,47.16863],[8.76221,47.16871],[8.76062,47.16795],[8.75805,47.16795],[8.75335,47.16741],[8.75017,47.1666],[8.74793,47.16661],[8.74656,47.16604],[8.74457,47.16487],[8.744,47.16476],[8.74153,47.16474],[8.74023,47.16525],[8.7386,47.16496],[8.73729,47.16526],[8.73665,47.16595],[8.73649,47.16867],[8.73672,47.16932],[8.73762,47.17026],[8.73774,47.17078],[8.73715,47.17164],[8.73609,47.17209],[8.7348,47.17211],[8.73377,47.1718],[8.73262,47.1712],[8.7313,47.17014],[8.73062,47.16999],[8.72785,47.16994],[8.7264,47.17009],[8.72501,47.16996],[8.72358,47.17078],[8.7232,47.17082],[8.72069,47.17056],[8.71742,47.17077],[8.71558,47.17169],[8.714,47.17227],[8.71325,47.17236],[8.71265,47.17352],[8.71221,47.17392],[8.71125,47.17372],[8.7102,47.17284],[8.70828,47.1732],[8.706,47.17448],[8.70518,47.17471],[8.70426,47.17472],[8.70296,47.17522],[8.70175,47.17622],[8.70011,47.17669],[8.69892,47.17748],[8.69747,47.1777],[8.69538,47.17831],[8.69371,47.1797],[8.69284,47.18002],[8.69232,47.17998],[8.68762,47.17807],[8.6868,47.17797],[8.68458,47.1782],[8.68145,47.17731]],[[8.85214,47.01388],[8.85162,47.01419],[8.85096,47.01418],[8.85102,47.01468],[8.84936,47.01538],[8.84908,47.01605],[8.84825,47.01674],[8.84752,47.01701],[8.84669,47.01854],[8.84734,47.02013],[8.84826,47.02084],[8.84838,47.02197],[8.84944,47.02243],[8.84933,47.02307],[8.8502,47.02326],[8.85156,47.02471],[8.8518,47.02553],[8.85213,47.0257],[8.85235,47.02774],[8.85332,47.02888],[8.85294,47.03015],[8.85364,47.0306],[8.85345,47.03078],[8.85378,47.03149],[8.85584,47.03327],[8.85584,47.0339],[8.85681,47.03483],[8.85656,47.03552],[8.85676,47.03562],[8.85657,47.03591],[8.85667,47.03665],[8.85776,47.03784],[8.85782,47.03837],[8.8584,47.03885],[8.8586,47.03984],[8.85915,47.04041],[8.85934,47.0422],[8.86011,47.043],[8.86027,47.04367],[8.86162,47.04493],[8.86193,47.04649],[8.86086,47.04739],[8.8607,47.0485],[8.86125,47.049],[8.86042,47.051],[8.85917,47.05212],[8.85818,47.0526],[8.85697,47.0529],[8.85641,47.05332],[8.85604,47.05422],[8.85618,47.05516],[8.85558,47.05568],[8.85417,47.05613],[8.85261,47.05714],[8.84942,47.06148],[8.84827,47.06368],[8.84854,47.06472],[8.84977,47.06631],[8.85004,47.06727],[8.84431,47.07142],[8.8379,47.07702],[8.83206,47.0798],[8.82682,47.08295],[8.822,47.08416],[8.82129,47.08514],[8.8206,47.08798],[8.81983,47.08855],[8.81848,47.08907]]]}},{"type":"Feature","properties":{"id":"sihleggbach-sz","c":"SZ","p":"patent","q":"derived","k":"river","ns":0},"geometry":{"type":"LineString","coordinates":[[8.7132,47.18014],[8.71298,47.18262],[8.71355,47.18367],[8.71506,47.18452],[8.7158,47.18472],[8.71568,47.18551],[8.71589,47.18576],[8.71679,47.18599],[8.71763,47.18646],[8.71819,47.18811],[8.71874,47.18897],[8.71943,47.18941]]}},{"type":"Feature","properties":{"id":"silberbach-sz","c":"SZ","p":"patent","q":"derived","k":"river","ns":0},"geometry":{"type":"LineString","coordinates":[[8.79669,47.18546],[8.79783,47.18741],[8.79718,47.18929],[8.79757,47.1901],[8.79684,47.19175],[8.79733,47.19275],[8.7984,47.19283],[8.79909,47.19313]]}},{"type":"Feature","properties":{"id":"sitibach-sz","c":"SZ","p":"patent","q":"derived","k":"river","ns":0},"geometry":{"type":"LineString","coordinates":[[8.80741,47.043],[8.80621,47.04248],[8.80407,47.04255],[8.80201,47.04451]]}},{"type":"Feature","properties":{"id":"spreitenbach-sz","c":"SZ","p":"patent","q":"derived","k":"river","ns":0},"geometry":{"type":"LineString","coordinates":[[8.84953,47.16432],[8.84971,47.16483],[8.85014,47.16515],[8.85157,47.1653],[8.85151,47.16576],[8.85219,47.16634],[8.85187,47.16737],[8.85224,47.16765],[8.85231,47.16824],[8.85302,47.1684],[8.85325,47.16862],[8.85335,47.16945],[8.85309,47.16965],[8.85336,47.17002],[8.85397,47.17031],[8.85462,47.17029],[8.85527,47.17064],[8.85534,47.17098],[8.85443,47.17162],[8.85465,47.17206],[8.85529,47.17231],[8.85662,47.17249],[8.85691,47.17317],[8.8568,47.17431],[8.85713,47.17647],[8.85582,47.18006],[8.85573,47.18238],[8.85793,47.18664],[8.85888,47.18766],[8.86186,47.19012]]}},{"type":"Feature","properties":{"id":"staffelrietkanal-sz","c":"SZ","p":"patent","q":"derived","k":"river","ns":0},"geometry":{"type":"LineString","coordinates":[[8.96231,47.20264],[8.96668,47.2101],[8.96732,47.21066],[8.96877,47.21134]]}},{"type":"Feature","properties":{"id":"staldenbach-sz","c":"SZ","p":"patent","q":"derived","k":"river","ns":0},"geometry":{"type":"LineString","coordinates":[[8.74474,47.18261],[8.74448,47.18327],[8.7447,47.18377],[8.74433,47.18478],[8.74359,47.18483],[8.74269,47.1856],[8.74228,47.18634],[8.74229,47.18689],[8.74328,47.1872],[8.74363,47.18748],[8.7439,47.18814],[8.74354,47.18859],[8.74361,47.18983],[8.74571,47.1908],[8.74606,47.19126],[8.74722,47.19159],[8.74885,47.19158],[8.74915,47.19195],[8.74963,47.19189],[8.74999,47.19242],[8.75043,47.1926],[8.75544,47.1935],[8.75655,47.19405],[8.7576,47.19408],[8.75801,47.19447],[8.75867,47.19431],[8.75901,47.19448],[8.76021,47.19455],[8.76308,47.19552],[8.76336,47.19543],[8.76456,47.196],[8.76548,47.19607],[8.76586,47.19632],[8.76738,47.1963],[8.76811,47.19659],[8.76862,47.1966],[8.76871,47.19679],[8.76908,47.19662],[8.77039,47.19717],[8.77076,47.19708],[8.77161,47.19742],[8.77235,47.19738],[8.77244,47.19769],[8.77316,47.1977],[8.77375,47.19807],[8.77452,47.19809],[8.77537,47.19869],[8.77619,47.19856],[8.77641,47.19895],[8.77766,47.19932],[8.77764,47.19981],[8.77867,47.20028],[8.77852,47.2013],[8.77604,47.20231],[8.77494,47.20629],[8.77498,47.20698]]}},{"type":"Feature","properties":{"id":"starzlen-sz","c":"SZ","p":"patent","q":"derived","k":"river","ns":0},"geometry":{"type":"LineString","coordinates":[[8.86306,46.99229],[8.86277,46.99202],[8.86226,46.992],[8.86114,46.99117],[8.85928,46.99043],[8.8589,46.99044],[8.85831,46.99003],[8.85787,46.99005],[8.85759,46.98985],[8.85706,46.98998],[8.85679,46.98972],[8.85646,46.98975],[8.85633,46.9894],[8.85594,46.9894],[8.85539,46.98899],[8.85447,46.98904],[8.85406,46.98856],[8.85276,46.98856],[8.84997,46.98775],[8.84886,46.98785],[8.84821,46.98823],[8.84817,46.98867],[8.84762,46.98874],[8.84567,46.9884],[8.84517,46.98803],[8.8444,46.98803],[8.84393,46.98753],[8.8432,46.98764],[8.84247,46.98741],[8.83984,46.98757],[8.83921,46.98781],[8.838,46.98789],[8.8375,46.98852],[8.83691,46.98883],[8.83722,46.98935],[8.83693,46.98954],[8.8357,46.98914],[8.83469,46.98908],[8.83372,46.98958],[8.83325,46.98959],[8.83258,46.98926],[8.83178,46.98963],[8.83114,46.98963],[8.8304,46.98933],[8.83028,46.98906],[8.82948,46.98891],[8.82882,46.98856],[8.82748,46.98893],[8.82578,46.98871],[8.82486,46.98894],[8.82435,46.98874],[8.82353,46.98877],[8.82221,46.98929],[8.82126,46.98886],[8.8204,46.98882],[8.81885,46.98837],[8.8151,46.98807],[8.81437,46.98821],[8.81373,46.98868],[8.81187,46.989],[8.81151,46.98849],[8.80987,46.98794],[8.80914,46.98736],[8.8069,46.98686],[8.80534,46.98675],[8.80467,46.9865],[8.80355,46.98655],[8.80015,46.98505],[8.7956,46.98236],[8.79341,46.98203],[8.7922,46.98153],[8.79135,46.98083],[8.7907,46.9806],[8.79019,46.98065],[8.79002,46.98025],[8.78943,46.98008],[8.78916,46.9798],[8.78915,46.97936],[8.78843,46.97903],[8.78824,46.9787],[8.78713,46.97815],[8.78629,46.97804],[8.78599,46.97757],[8.78532,46.97722],[8.78443,46.97684],[8.78336,46.97666],[8.78258,46.97623],[8.78131,46.97613],[8.78003,46.97578],[8.77936,46.97507],[8.7789,46.97365],[8.77801,46.97343]]}},{"type":"Feature","properties":{"id":"steiner-aa-sz","c":"SZ","p":"patent","q":"derived","k":"river","ns":0},"geometry":{"type":"LineString","coordinates":[[8.67876,47.06127],[8.68086,47.06342],[8.681,47.06394],[8.68104,47.06537],[8.68018,47.0663],[8.68043,47.06667],[8.68019,47.06715],[8.68071,47.06821],[8.67997,47.06875],[8.67959,47.06953],[8.67954,47.07055],[8.68089,47.07243],[8.68088,47.0726],[8.6803,47.07281],[8.68053,47.07323],[8.68027,47.07386],[8.68037,47.0743],[8.67985,47.07472],[8.68067,47.07593],[8.68132,47.07632],[8.6813,47.07677],[8.68272,47.07757],[8.68285,47.07808],[8.68232,47.07928],[8.68164,47.07982],[8.68162,47.08047],[8.68109,47.08066],[8.6813,47.08122],[8.68059,47.08183],[8.68041,47.08238],[8.67981,47.08262],[8.67971,47.08314],[8.67866,47.0836],[8.67688,47.08485],[8.67664,47.08588],[8.67608,47.08613],[8.67622,47.08664],[8.67569,47.0869],[8.67528,47.08764],[8.67493,47.0892],[8.67424,47.08981],[8.67396,47.09047],[8.67302,47.0903],[8.67193,47.09078],[8.66986,47.0907],[8.66918,47.0903],[8.66835,47.09029],[8.668,47.09003],[8.66736,47.08994],[8.66589,47.08895],[8.66378,47.08835],[8.66247,47.08822],[8.66179,47.08795],[8.65804,47.08779],[8.65579,47.08699],[8.6548,47.08697],[8.65442,47.08635],[8.65398,47.08616],[8.6527,47.08617],[8.652,47.08656],[8.65059,47.08663],[8.6484,47.08564],[8.64757,47.08479],[8.64685,47.08459],[8.64577,47.08465],[8.64495,47.08492],[8.64402,47.08441],[8.64176,47.08376],[8.63989,47.08234],[8.63954,47.08142],[8.63804,47.08077],[8.63618,47.07847],[8.63457,47.07814],[8.63211,47.07703],[8.62904,47.07624],[8.62594,47.07508],[8.62412,47.07417],[8.62376,47.07319],[8.62318,47.073],[8.62262,47.07236],[8.62125,47.07169],[8.62058,47.07062],[8.61954,47.07007],[8.61888,47.0687],[8.6194,47.06794],[8.62032,47.0675],[8.62008,47.06691],[8.62037,47.06654],[8.61876,47.06371],[8.6179,47.06331],[8.6177,47.06259],[8.61796,47.06202],[8.61791,47.06132],[8.6173,47.06085],[8.6165,47.06076],[8.61572,47.06019],[8.61485,47.0599],[8.61419,47.05919],[8.61478,47.05866],[8.61449,47.05836],[8.61488,47.05759],[8.61442,47.05697],[8.61472,47.05642],[8.61391,47.05538],[8.61397,47.0545],[8.61353,47.05293],[8.61517,47.05105],[8.61516,47.05081],[8.61424,47.0505],[8.61342,47.04886],[8.61116,47.04661],[8.60753,47.0443],[8.60385,47.04291],[8.59832,47.03998]]}},{"type":"Feature","properties":{"id":"stollenbach-sz","c":"SZ","p":"patent","q":"derived","k":"river","ns":0},"geometry":{"type":"LineString","coordinates":[[8.7819,47.1881],[8.78194,47.18951],[8.78276,47.19039],[8.78444,47.19096],[8.78569,47.19094],[8.78696,47.19125],[8.78829,47.19121]]}},{"type":"Feature","properties":{"id":"stollenholzbach-sz","c":"SZ","p":"patent","q":"derived","k":"river","ns":0},"geometry":{"type":"LineString","coordinates":[[8.83068,47.15754],[8.83127,47.15761],[8.83211,47.15803],[8.83393,47.15823],[8.83577,47.15916],[8.83689,47.15924],[8.83915,47.15992],[8.84022,47.16046],[8.84114,47.16124],[8.84252,47.16158],[8.84509,47.16365],[8.84718,47.16398],[8.84797,47.16382],[8.84953,47.16432]]}},{"type":"Feature","properties":{"id":"stoosbach-sz","c":"SZ","p":"patent","q":"derived","k":"river","ns":0},"geometry":{"type":"LineString","coordinates":[[8.67984,46.97237],[8.67958,46.97308],[8.68003,46.97373],[8.67986,46.97405],[8.68051,46.97466],[8.67962,46.97543],[8.68,46.97662],[8.67955,46.97752],[8.6789,46.97782],[8.67814,46.97881],[8.67919,46.98013],[8.68043,46.98075],[8.68095,46.98129],[8.68196,46.9816],[8.68339,46.98086],[8.68421,46.98117],[8.68476,46.98094],[8.68511,46.98104],[8.68531,46.98136],[8.68856,46.98172],[8.68967,46.98205],[8.69049,46.98259],[8.6912,46.98255],[8.69185,46.98316],[8.69152,46.98364],[8.69216,46.98437],[8.69213,46.98512],[8.69333,46.98545],[8.69379,46.98632],[8.69472,46.9865],[8.69627,46.98622],[8.69669,46.98629],[8.69723,46.98702],[8.69809,46.98763],[8.69924,46.98799],[8.69987,46.98797],[8.7003,46.98836]]}},{"type":"Feature","properties":{"id":"stossbach-sz","c":"SZ","p":"patent","q":"derived","k":"river","ns":0},"geometry":{"type":"LineString","coordinates":[[8.73705,47.14562],[8.7366,47.14746],[8.73496,47.14784],[8.73439,47.14815],[8.734,47.14867],[8.7338,47.14908],[8.73388,47.15013]]}},{"type":"Feature","properties":{"id":"strubengraben-sz","c":"SZ","p":"patent","q":"derived","k":"river","ns":0},"geometry":{"type":"LineString","coordinates":[[8.98797,47.1581],[8.98925,47.15952],[8.98884,47.16133],[8.98697,47.16273],[8.98712,47.16315],[8.98819,47.16383],[8.98899,47.16492],[8.98876,47.16653],[8.99292,47.17283],[8.99699,47.17727]]}},{"type":"Feature","properties":{"id":"stoeckbaechli-sz","c":"SZ","p":"patent","q":"derived","k":"river","ns":0},"geometry":{"type":"LineString","coordinates":[[8.80351,47.0614],[8.8053,47.06128],[8.8087,47.06296],[8.81018,47.06302],[8.8106,47.06432]]}},{"type":"Feature","properties":{"id":"stoeckweidlibach-sz","c":"SZ","p":"patent","q":"derived","k":"river","ns":0},"geometry":{"type":"LineString","coordinates":[[8.87003,47.08296],[8.86983,47.08255],[8.8699,47.08122],[8.8689,47.07984],[8.86903,47.07933],[8.86838,47.07888],[8.86741,47.07725],[8.86688,47.07683],[8.86605,47.0752],[8.86397,47.07397],[8.86332,47.07329],[8.8601,47.07254],[8.8586,47.07181],[8.8584,47.07159],[8.8585,47.07111],[8.85906,47.07079],[8.85879,47.06993]]}},{"type":"Feature","properties":{"id":"sulzelbach-sz","c":"SZ","p":"patent","q":"derived","k":"river","ns":0},"geometry":{"type":"LineString","coordinates":[[8.80856,47.14574],[8.80737,47.1454],[8.80653,47.1455],[8.80433,47.14429],[8.80367,47.14465],[8.80329,47.14455],[8.80292,47.14487],[8.80276,47.14462],[8.80239,47.14478],[8.80213,47.14521],[8.80168,47.14515],[8.80161,47.14532],[8.80061,47.14561],[8.79974,47.14638],[8.79978,47.14726],[8.79924,47.14742],[8.79912,47.14778],[8.7985,47.14773],[8.79828,47.14787],[8.79821,47.14877],[8.79801,47.14894],[8.79819,47.14909],[8.79783,47.1492],[8.79778,47.14994],[8.79744,47.15038],[8.79662,47.15013],[8.79548,47.15059],[8.79395,47.15083],[8.79334,47.1507],[8.79236,47.15077],[8.79149,47.15107],[8.79062,47.15099]]}},{"type":"Feature","properties":{"id":"sumelenbach-sz","c":"SZ","p":"patent","q":"derived","k":"river","ns":0},"geometry":{"type":"LineString","coordinates":[[8.77417,47.18026],[8.77415,47.18109],[8.77349,47.18176],[8.77408,47.18196],[8.77418,47.18234],[8.77355,47.18286],[8.77327,47.18347],[8.77308,47.18451],[8.77338,47.18526],[8.77297,47.18614],[8.77177,47.18682],[8.77117,47.18749],[8.77062,47.18753],[8.77009,47.18808],[8.76914,47.18839],[8.76894,47.18871],[8.77023,47.19043],[8.76953,47.19093],[8.76961,47.19273],[8.76941,47.19346],[8.76997,47.19433],[8.77031,47.19556],[8.77077,47.19587],[8.77081,47.19618],[8.77042,47.19666],[8.77051,47.19697],[8.77023,47.1971]]}},{"type":"Feature","properties":{"id":"summereggbach-sz","c":"SZ","p":"patent","q":"derived","k":"river","ns":0},"geometry":{"type":"LineString","coordinates":[[8.82756,47.10826],[8.82775,47.10745],[8.8272,47.1062],[8.82792,47.1052],[8.82906,47.10501]]}},{"type":"Feature","properties":{"id":"summerholzbach-sz","c":"SZ","p":"patent","q":"derived","k":"river","ns":0},"geometry":{"type":"LineString","coordinates":[[8.80417,47.17091],[8.80435,47.17133],[8.80508,47.17149],[8.8063,47.17244],[8.80718,47.17277],[8.80848,47.17388],[8.80962,47.17654],[8.80961,47.17758],[8.80924,47.17836],[8.80933,47.17933],[8.80909,47.17948],[8.80948,47.17996],[8.80932,47.18017],[8.80989,47.18036],[8.81054,47.18168],[8.81124,47.18231],[8.81124,47.18262],[8.81181,47.1829],[8.81207,47.18378],[8.81277,47.1843],[8.81303,47.18562],[8.81458,47.18619],[8.81604,47.18701],[8.81703,47.18733],[8.81784,47.18734],[8.82019,47.18844],[8.82086,47.18905],[8.82129,47.1891],[8.8215,47.18968],[8.82252,47.19047],[8.82305,47.19064],[8.82319,47.19093],[8.82301,47.19114]]}},{"type":"Feature","properties":{"id":"surbrunnenbach-sz","c":"SZ","p":"patent","q":"derived","k":"river","ns":0},"geometry":{"type":"LineString","coordinates":[[8.77326,47.05122],[8.77617,47.05175],[8.77754,47.05163],[8.77804,47.05188],[8.77901,47.05202],[8.78012,47.052],[8.78101,47.05219],[8.7817,47.05198]]}},{"type":"Feature","properties":{"id":"taaschibach-sz","c":"SZ","p":"patent","q":"derived","k":"river","ns":0},"geometry":{"type":"LineString","coordinates":[[8.86841,46.91489],[8.8668,46.91488],[8.86644,46.91524],[8.8654,46.91543],[8.86482,46.91506],[8.86329,46.9154],[8.86243,46.91457],[8.86171,46.91444],[8.86134,46.91405],[8.85859,46.9136],[8.85802,46.91418],[8.85677,46.91463],[8.85629,46.91512],[8.85572,46.91523],[8.85547,46.91553],[8.85396,46.91604],[8.85389,46.91622],[8.85168,46.91687],[8.85063,46.91667],[8.8497,46.91588],[8.84824,46.91523],[8.8476,46.9152],[8.84646,46.9155]]}},{"type":"Feature","properties":{"id":"talacherbach-sz","c":"SZ","p":"patent","q":"derived","k":"river","ns":0},"geometry":{"type":"LineString","coordinates":[[8.60558,47.06574],[8.60552,47.06503],[8.60582,47.06457],[8.60632,47.06445],[8.60713,47.06388],[8.60805,47.06396],[8.60902,47.0643],[8.61027,47.06419],[8.611,47.06314],[8.61076,47.06216],[8.61124,47.06122],[8.61211,47.06046],[8.61448,47.05947]]}},{"type":"Feature","properties":{"id":"talbach-sz","c":"SZ","p":"patent","q":"derived","k":"river","ns":0},"geometry":{"type":"LineString","coordinates":[[8.78974,47.19107],[8.79021,47.19156],[8.79079,47.1915],[8.7918,47.19192],[8.79384,47.19238],[8.79448,47.1928],[8.79449,47.19304],[8.79527,47.19318],[8.79539,47.19343],[8.79594,47.19359],[8.79621,47.1941],[8.79705,47.19395],[8.7974,47.19425],[8.79916,47.19431],[8.79942,47.19456],[8.79985,47.19432],[8.8007,47.19464],[8.8009,47.19511],[8.80135,47.19513],[8.80192,47.19588],[8.80169,47.19673],[8.80238,47.19739],[8.80712,47.19836],[8.80831,47.19819],[8.80867,47.19836],[8.8129,47.19849],[8.81522,47.19891],[8.81575,47.19886]]}},{"type":"Feature","properties":{"id":"tannstofelbach-sz","c":"SZ","p":"patent","q":"derived","k":"river","ns":0},"geometry":{"type":"LineString","coordinates":[[8.8843,47.07894],[8.88399,47.0811],[8.88467,47.08164],[8.8845,47.08243],[8.88512,47.08354],[8.88593,47.08404],[8.88646,47.08526],[8.8869,47.08556],[8.88693,47.08633],[8.88772,47.08731],[8.88897,47.08775],[8.89001,47.08877],[8.89091,47.08876],[8.89233,47.08963],[8.89254,47.09013],[8.89393,47.09098],[8.89426,47.09144],[8.89585,47.09195]]}},{"type":"Feature","properties":{"id":"teubertsbach-sz","c":"SZ","p":"patent","q":"derived","k":"river","ns":0},"geometry":{"type":"LineString","coordinates":[[8.56073,47.02084],[8.56319,47.02212],[8.56359,47.02313],[8.564,47.02342],[8.56447,47.02462],[8.56502,47.02532],[8.56697,47.02633],[8.5678,47.02716],[8.56775,47.02802],[8.56714,47.02972],[8.56634,47.03097],[8.56635,47.03262],[8.56704,47.03484],[8.56776,47.03541],[8.56904,47.03588],[8.5703,47.03599],[8.57114,47.03636],[8.57273,47.03661],[8.57374,47.03808],[8.57426,47.03834],[8.57447,47.0387],[8.57618,47.03998],[8.57802,47.04066]]}},{"type":"Feature","properties":{"id":"tierfaederenbach-sz","c":"SZ","p":"patent","q":"derived","k":"river","ns":0},"geometry":{"type":"LineString","coordinates":[[8.83971,47.0506],[8.84011,47.05092],[8.84072,47.05083],[8.8423,47.05152],[8.84305,47.05239],[8.84463,47.05277]]}},{"type":"Feature","properties":{"id":"tobelbach-sz","c":"SZ","p":"patent","q":"derived","k":"river","ns":0},"geometry":{"type":"LineString","coordinates":[[8.69957,47.02556],[8.69726,47.02448],[8.696,47.02411],[8.6948,47.02325],[8.69244,47.02241],[8.69081,47.02131],[8.68932,47.02095],[8.68787,47.02087],[8.68329,47.0192],[8.68018,47.01701],[8.67872,47.01694],[8.67756,47.01738],[8.67213,47.01699],[8.67049,47.01718],[8.66836,47.01778],[8.66632,47.01783],[8.66536,47.01808],[8.66328,47.01772],[8.66204,47.01776],[8.66018,47.0181],[8.65687,47.01755],[8.65358,47.01581],[8.65029,47.0155],[8.64786,47.01426],[8.64723,47.01365],[8.64625,47.01347],[8.6452,47.01355],[8.64466,47.01324],[8.64457,47.0125],[8.64322,47.01148]]}},{"type":"Feature","properties":{"id":"tomisloch-sz","c":"SZ","p":"patent","q":"derived","k":"river","ns":0},"geometry":{"type":"LineString","coordinates":[[8.70995,47.15677],[8.71154,47.15432],[8.71168,47.15374],[8.7115,47.15337],[8.71192,47.15263]]}},{"type":"Feature","properties":{"id":"trehbach-sz","c":"SZ","p":"patent","q":"derived","k":"river","ns":0},"geometry":{"type":"LineString","coordinates":[[8.51619,47.05699],[8.51672,47.05759],[8.51643,47.05829],[8.51638,47.0601],[8.51569,47.06156]]}},{"type":"Feature","properties":{"id":"trepsenbach-sz","c":"SZ","p":"patent","q":"derived","k":"river","ns":0},"geometry":{"type":"LineString","coordinates":[[8.96513,47.11236],[8.96145,47.11208],[8.95993,47.11146],[8.95925,47.11146],[8.95765,47.11095],[8.95636,47.11077],[8.95468,47.11073],[8.95253,47.11097],[8.95206,47.11124],[8.95061,47.11152],[8.95026,47.11174],[8.95023,47.11214],[8.94969,47.11244],[8.94939,47.11421],[8.94876,47.11462],[8.94887,47.11536],[8.94732,47.11613],[8.9473,47.11638],[8.94683,47.11669],[8.94556,47.11829],[8.94416,47.11886],[8.94326,47.12008],[8.94316,47.12149],[8.9428,47.1225],[8.94294,47.1229],[8.94235,47.12464],[8.94255,47.12526],[8.94223,47.1262],[8.94231,47.12698],[8.94284,47.12759],[8.94266,47.12779],[8.94188,47.12791],[8.9419,47.12886],[8.94068,47.12948],[8.94046,47.1301],[8.93869,47.13011],[8.93731,47.13094],[8.93691,47.13155],[8.93565,47.13196],[8.9344,47.13188],[8.93219,47.13239],[8.9318,47.13319],[8.93064,47.13316],[8.93012,47.1336],[8.92996,47.13425],[8.92926,47.1346],[8.92922,47.13489],[8.92868,47.13536],[8.92877,47.13588],[8.9284,47.13621],[8.92751,47.13612],[8.92715,47.13626],[8.92667,47.13598],[8.92469,47.13612],[8.92337,47.13787],[8.92186,47.13841],[8.92082,47.13842],[8.92063,47.13897],[8.92021,47.13926],[8.91813,47.13904],[8.91778,47.13919],[8.91745,47.13972],[8.91656,47.14007],[8.91618,47.1405],[8.91475,47.14027],[8.91318,47.14104],[8.91213,47.1405],[8.9115,47.14132],[8.91023,47.14111],[8.90987,47.14199],[8.90961,47.14209],[8.90876,47.14166],[8.90825,47.14173],[8.9077,47.14217],[8.90731,47.14212],[8.90665,47.14189],[8.90658,47.14149],[8.90577,47.14095],[8.90443,47.1411],[8.90348,47.14078],[8.90262,47.14129],[8.90154,47.14133],[8.89963,47.14276],[8.89847,47.1427],[8.89813,47.143],[8.89831,47.14343],[8.89663,47.14403]]}},{"type":"Feature","properties":{"id":"trombach-sz","c":"SZ","p":"patent","q":"derived","k":"river","ns":0},"geometry":{"type":"MultiLineString","coordinates":[[[8.62666,47.09092],[8.62895,47.09082],[8.62932,47.09104],[8.631,47.0911],[8.63239,47.09136],[8.63264,47.09149],[8.63254,47.09181],[8.63338,47.09229]],[[8.63245,47.08827],[8.63157,47.08864],[8.63267,47.08981]],[[8.63284,47.08995],[8.63328,47.09032],[8.63334,47.09098],[8.6337,47.09108],[8.63384,47.09172],[8.63351,47.09223],[8.63364,47.09257]],[[8.63348,47.09251],[8.63364,47.09257]],[[8.63364,47.09257],[8.63381,47.09285],[8.63359,47.09321],[8.63382,47.09343]]]}},{"type":"Feature","properties":{"id":"troeligerbach-sz","c":"SZ","p":"patent","q":"derived","k":"river","ns":0},"geometry":{"type":"LineString","coordinates":[[8.71253,46.98011],[8.71269,46.98096],[8.71214,46.98217],[8.71236,46.98367]]}},{"type":"Feature","properties":{"id":"truebbach-sz","c":"SZ","p":"patent","q":"derived","k":"river","ns":0},"geometry":{"type":"LineString","coordinates":[[8.91738,47.1914],[8.91642,47.18907],[8.92301,47.18721],[8.93196,47.18405],[8.9344,47.18356],[8.93783,47.1833]]}},{"type":"Feature","properties":{"id":"tschuppelbach-sz","c":"SZ","p":"patent","q":"derived","k":"river","ns":0},"geometry":{"type":"LineString","coordinates":[[8.73627,46.98469],[8.73616,46.98383],[8.73499,46.98244],[8.73497,46.98185],[8.73355,46.98083],[8.73263,46.98065],[8.73178,46.97893]]}},{"type":"Feature","properties":{"id":"tubenmoosbach-sz","c":"SZ","p":"patent","q":"derived","k":"river","ns":0},"geometry":{"type":"LineString","coordinates":[[8.7946,47.02692],[8.79434,47.02811],[8.79385,47.02814],[8.7935,47.02843],[8.79318,47.02839],[8.79305,47.02866],[8.79316,47.02889],[8.79423,47.0291],[8.79472,47.02973],[8.79457,47.03],[8.79379,47.03031],[8.79397,47.03047]]}},{"type":"Feature","properties":{"id":"tuggenerkanal-sz","c":"SZ","p":"patent","q":"derived","k":"river","ns":0},"geometry":{"type":"LineString","coordinates":[[8.93783,47.1833],[8.9453,47.18338],[8.94616,47.18394],[8.94669,47.18549],[8.9467,47.18611],[8.94464,47.19039],[8.94255,47.1992]]}},{"type":"Feature","properties":{"id":"underibach-sz","c":"SZ","p":"patent","q":"derived","k":"river","ns":0},"geometry":{"type":"LineString","coordinates":[[8.65787,47.08402],[8.65769,47.0846],[8.65708,47.08518],[8.65706,47.08572],[8.65738,47.08599],[8.65624,47.08712]]}},{"type":"Feature","properties":{"id":"unterer-bollerenbach-sz","c":"SZ","p":"patent","q":"derived","k":"river","ns":0},"geometry":{"type":"LineString","coordinates":[[8.7401,47.10988],[8.73906,47.11027],[8.73911,47.11086],[8.7385,47.11155],[8.73619,47.11196],[8.73515,47.11254],[8.73471,47.11411],[8.73484,47.11448]]}},{"type":"Feature","properties":{"id":"usser-dorfbach-sz","c":"SZ","p":"patent","q":"derived","k":"river","ns":0},"geometry":{"type":"LineString","coordinates":[[8.52197,47.01851],[8.52327,47.01526],[8.52288,47.01405],[8.52302,47.01358],[8.52282,47.0131],[8.52308,47.01278],[8.52284,47.01234],[8.52348,47.00914],[8.52389,47.00839],[8.52436,47.00821],[8.52516,47.00723],[8.52575,47.00605],[8.52594,47.00441],[8.52672,47.00298],[8.52647,47.00275],[8.52553,47.00265],[8.52499,47.00185],[8.52605,46.99915],[8.52603,46.99865],[8.52542,46.99766],[8.52568,46.99679],[8.5251,46.99568],[8.52338,46.99492],[8.52295,46.99437],[8.51951,46.99321]]}},{"type":"Feature","properties":{"id":"vogelwaldbach-sz","c":"SZ","p":"patent","q":"derived","k":"river","ns":0},"geometry":{"type":"LineString","coordinates":[[8.71338,47.07583],[8.71408,47.07615],[8.71523,47.07634],[8.71645,47.07607],[8.71778,47.07611],[8.71852,47.07563],[8.71874,47.07509],[8.72027,47.07397]]}},{"type":"Feature","properties":{"id":"volgisriedbach-2-sz","c":"SZ","p":"patent","q":"derived","k":"river","ns":0},"geometry":{"type":"LineString","coordinates":[[8.46665,47.08262],[8.46742,47.08288],[8.46916,47.084],[8.47186,47.08701]]}},{"type":"Feature","properties":{"id":"waag-sz","c":"SZ","p":"patent","q":"derived","k":"river","ns":0},"geometry":{"type":"LineString","coordinates":[[8.80242,47.01449],[8.80521,47.01595],[8.80615,47.01618],[8.80688,47.01678],[8.80773,47.01694],[8.80931,47.01928],[8.80985,47.01955],[8.80972,47.02068],[8.80936,47.02144],[8.80958,47.02201],[8.81075,47.02244],[8.81088,47.02272],[8.81013,47.02339],[8.81064,47.02413],[8.80957,47.02499],[8.80887,47.02532],[8.80808,47.02543],[8.80775,47.02611],[8.80796,47.02699],[8.80777,47.02809],[8.80695,47.02902],[8.80718,47.02955],[8.80671,47.02992],[8.80648,47.03091],[8.80663,47.03177],[8.80576,47.03233],[8.80585,47.03333],[8.80519,47.03369],[8.80493,47.03441],[8.80573,47.03623],[8.80447,47.03657],[8.80229,47.03928],[8.80211,47.04132],[8.80162,47.04236],[8.80208,47.04432],[8.80132,47.04593],[8.80166,47.04643],[8.80342,47.04776],[8.80559,47.05115],[8.80654,47.0537],[8.80715,47.05453],[8.80735,47.05543],[8.80797,47.05654],[8.80848,47.05841],[8.80974,47.06014],[8.81065,47.06239]]}},{"type":"Feature","properties":{"id":"waagbaechlein-sz","c":"SZ","p":"patent","q":"derived","k":"river","ns":0},"geometry":{"type":"LineString","coordinates":[[8.80031,47.04566],[8.79952,47.04604],[8.8003,47.04744],[8.80288,47.04847],[8.8037,47.04925],[8.80388,47.0502],[8.80532,47.05158],[8.80654,47.0537]]}},{"type":"Feature","properties":{"id":"wassersprung-sz","c":"SZ","p":"patent","q":"derived","k":"river","ns":0},"geometry":{"type":"LineString","coordinates":[[8.76499,47.0997],[8.76533,47.10073],[8.76505,47.10169],[8.76479,47.10189],[8.76557,47.10384],[8.76478,47.10538]]}},{"type":"Feature","properties":{"id":"wicheltobelbach-sz","c":"SZ","p":"patent","q":"derived","k":"river","ns":0},"geometry":{"type":"LineString","coordinates":[[8.75999,46.97047],[8.75926,46.9706],[8.75841,46.97053],[8.75671,46.97081],[8.75479,46.97184],[8.75383,46.97201],[8.7537,46.97254]]}},{"type":"Feature","properties":{"id":"widenbach-sz","c":"SZ","p":"patent","q":"derived","k":"river","ns":0},"geometry":{"type":"LineString","coordinates":[[8.58985,47.06987],[8.58997,47.06926],[8.58953,47.06799],[8.58998,47.06749],[8.58969,47.06696],[8.59004,47.06556],[8.58992,47.06401],[8.59051,47.06386],[8.59085,47.06309],[8.59133,47.06298],[8.59195,47.06171],[8.59182,47.06135],[8.59259,47.06084],[8.59277,47.06039],[8.59334,47.05993],[8.59354,47.05928],[8.59506,47.05821],[8.59571,47.058],[8.59599,47.05754],[8.59653,47.05723],[8.59716,47.05598],[8.59655,47.05509],[8.59644,47.05453],[8.59734,47.05356],[8.59703,47.05161],[8.5973,47.05096],[8.59775,47.05069],[8.59762,47.05038],[8.59823,47.04969],[8.59902,47.04961],[8.59882,47.04844],[8.59687,47.04778],[8.59421,47.04625],[8.59184,47.0439]]}},{"type":"Feature","properties":{"id":"wildbachkanal-sz","c":"SZ","p":"patent","q":"derived","k":"river","ns":0},"geometry":{"type":"LineString","coordinates":[[8.96231,47.1758],[8.96232,47.17674],[8.96022,47.18837],[8.95593,47.20485],[8.95631,47.2055],[8.96186,47.20847]]}},{"type":"Feature","properties":{"id":"wilerbach-sz","c":"SZ","p":"patent","q":"derived","k":"river","ns":0},"geometry":{"type":"LineString","coordinates":[[8.62309,47.05213],[8.62278,47.05078],[8.61977,47.05022],[8.61918,47.04981],[8.61941,47.04864],[8.62047,47.04795],[8.62079,47.04744],[8.61947,47.04571],[8.61911,47.04473],[8.61941,47.04201]]}},{"type":"Feature","properties":{"id":"wintersriedkanal-sz","c":"SZ","p":"patent","q":"derived","k":"river","ns":0},"geometry":{"type":"LineString","coordinates":[[8.63573,47.01507],[8.63055,47.01553],[8.62869,47.01595],[8.62709,47.01662],[8.62596,47.01648]]}},{"type":"Feature","properties":{"id":"wisstannenbach-sz","c":"SZ","p":"patent","q":"derived","k":"river","ns":0},"geometry":{"type":"LineString","coordinates":[[8.85842,47.06989],[8.85767,47.06998],[8.85665,47.06948],[8.85587,47.06931],[8.85335,47.06914],[8.85189,47.068],[8.84976,47.06742]]}},{"type":"Feature","properties":{"id":"waegitaler-aa-sz","c":"SZ","p":"patent","q":"derived","k":"river","ns":0},"geometry":{"type":"MultiLineString","coordinates":[[[8.89737,47.1421],[8.89671,47.14308],[8.89661,47.14416],[8.89684,47.14479],[8.89677,47.14565],[8.89727,47.14693],[8.89583,47.14862],[8.89691,47.15145],[8.89671,47.15301],[8.89724,47.154],[8.89721,47.15495],[8.89578,47.15637],[8.89517,47.15793],[8.89527,47.15821],[8.89474,47.15892],[8.89483,47.15933],[8.89363,47.16006],[8.89316,47.16076],[8.89295,47.16159],[8.89318,47.16251],[8.89292,47.16292],[8.89163,47.16361],[8.89122,47.16452],[8.89138,47.16489],[8.89197,47.16516],[8.89243,47.1662],[8.89389,47.16674],[8.89504,47.16749],[8.89571,47.1687],[8.89629,47.16886],[8.8979,47.16882],[8.89842,47.16906],[8.89922,47.17016],[8.89949,47.17175],[8.89533,47.17593],[8.89041,47.17811],[8.88149,47.18322],[8.88051,47.18434],[8.87786,47.18848],[8.8701,47.19303],[8.86295,47.20024],[8.86165,47.20081],[8.85479,47.20198]],[[8.90406,47.10619],[8.90325,47.10657],[8.90179,47.10685],[8.9011,47.10725],[8.8998,47.11021],[8.89995,47.11122],[8.89915,47.11217],[8.89873,47.11331],[8.89893,47.11358],[8.89942,47.11361],[8.90004,47.11399],[8.89989,47.1152],[8.90074,47.11601],[8.90044,47.11667],[8.89903,47.11741],[8.89885,47.11774],[8.90003,47.11923],[8.89993,47.11997],[8.90078,47.12079],[8.90056,47.12135],[8.89979,47.12204],[8.89895,47.12226],[8.89784,47.12234],[8.89647,47.12211],[8.89586,47.12315],[8.8967,47.1246],[8.89653,47.1251],[8.89294,47.12583],[8.89239,47.12646],[8.89195,47.12784],[8.8909,47.1284],[8.88986,47.12852],[8.8877,47.12961],[8.88744,47.12997],[8.8879,47.13096],[8.88687,47.13237],[8.88655,47.13412],[8.88751,47.13551],[8.88854,47.13597],[8.88897,47.13685],[8.89019,47.13712],[8.89057,47.13772],[8.89107,47.13789],[8.89162,47.13843],[8.89347,47.13859],[8.89432,47.13906],[8.89484,47.13891],[8.89522,47.139]]]}},{"type":"Feature","properties":{"id":"waenibach-sz","c":"SZ","p":"patent","q":"derived","k":"river","ns":0},"geometry":{"type":"LineString","coordinates":[[8.74844,47.1105],[8.74766,47.11166],[8.7474,47.11282],[8.74684,47.1131],[8.74604,47.11474],[8.74503,47.11523],[8.74355,47.11523],[8.74304,47.11561],[8.74123,47.11563],[8.74052,47.11609],[8.7408,47.11788],[8.74186,47.11894],[8.74272,47.12033],[8.74252,47.12064],[8.74348,47.12217],[8.74331,47.12312],[8.74427,47.12522],[8.74497,47.12637],[8.74559,47.12666],[8.7454,47.12769],[8.74571,47.12829],[8.74548,47.12885],[8.74618,47.12997],[8.74547,47.13075]]}},{"type":"Feature","properties":{"id":"wuerzbach-sz","c":"SZ","p":"patent","q":"derived","k":"river","ns":0},"geometry":{"type":"LineString","coordinates":[[8.72807,47.17956],[8.72762,47.18005],[8.7265,47.18025],[8.72531,47.18021],[8.72514,47.18036],[8.725,47.18107],[8.72436,47.18157],[8.72406,47.18275],[8.72375,47.18291],[8.7236,47.18357],[8.72329,47.18385],[8.72339,47.18422],[8.72282,47.18559],[8.72307,47.18624],[8.722,47.18843],[8.72261,47.18885],[8.72329,47.19042],[8.72673,47.1912]]}},{"type":"Feature","properties":{"id":"wuerzbach-ost-sz","c":"SZ","p":"patent","q":"derived","k":"river","ns":0},"geometry":{"type":"LineString","coordinates":[[8.72661,47.18326],[8.72573,47.18397],[8.72543,47.18495],[8.7241,47.18596],[8.72421,47.18652],[8.72359,47.18726],[8.72244,47.18782]]}},{"type":"Feature","properties":{"id":"zauggenbach-sz","c":"SZ","p":"patent","q":"derived","k":"river","ns":0},"geometry":{"type":"LineString","coordinates":[[8.84449,47.14496],[8.84396,47.14602],[8.84284,47.14695],[8.84292,47.14895],[8.84271,47.14947],[8.8448,47.15109],[8.84518,47.15178],[8.84552,47.15184],[8.84611,47.15247],[8.84613,47.15279],[8.84665,47.15309],[8.84628,47.15365],[8.84654,47.15401],[8.84794,47.15487]]}},{"type":"Feature","properties":{"id":"ziegelhuettenbach-sz","c":"SZ","p":"patent","q":"derived","k":"river","ns":0},"geometry":{"type":"LineString","coordinates":[[8.6606,47.09407],[8.66248,47.09423],[8.66414,47.09407],[8.66527,47.09444],[8.66684,47.09428],[8.66832,47.09459],[8.67139,47.09903],[8.67117,47.09977],[8.67236,47.10099]]}},{"type":"Feature","properties":{"id":"zweerenbach-sz","c":"SZ","p":"patent","q":"derived","k":"river","ns":0},"geometry":{"type":"LineString","coordinates":[[8.72661,47.18326],[8.72573,47.18397],[8.72543,47.18495],[8.7241,47.18596],[8.72421,47.18652],[8.72359,47.18726],[8.72244,47.18782]]}},{"type":"Feature","properties":{"id":"zaellbach-sz","c":"SZ","p":"patent","q":"derived","k":"river","ns":0},"geometry":{"type":"LineString","coordinates":[[8.64238,47.07458],[8.64114,47.07529],[8.64074,47.07529],[8.64021,47.07558],[8.63961,47.07629],[8.63869,47.07658],[8.63782,47.07659],[8.63745,47.077],[8.63692,47.07707],[8.6358,47.07831]]}},{"type":"Feature","properties":{"id":"aenderenbach-sz","c":"SZ","p":"patent","q":"derived","k":"river","ns":0},"geometry":{"type":"LineString","coordinates":[[8.61219,47.08567],[8.61261,47.08558],[8.61314,47.0848],[8.61457,47.08403],[8.61475,47.08364],[8.61551,47.08336],[8.61749,47.08358],[8.61832,47.08313],[8.61978,47.08292],[8.62066,47.08253],[8.62143,47.08255],[8.62202,47.08228],[8.62238,47.08234],[8.62318,47.08298],[8.6247,47.08345],[8.62604,47.08329],[8.62694,47.08289],[8.62772,47.08277],[8.6277,47.08251],[8.62827,47.08223],[8.62822,47.08187],[8.6292,47.08096],[8.62957,47.08017],[8.62805,47.07924],[8.62789,47.07893],[8.62696,47.07848],[8.62692,47.07819],[8.62727,47.07782],[8.62689,47.0772],[8.62628,47.07713],[8.62535,47.07669],[8.62556,47.07616],[8.62503,47.07603],[8.62519,47.07536],[8.62419,47.07421]]}},{"type":"Feature","properties":{"id":"aengibach-sz","c":"SZ","p":"patent","q":"derived","k":"river","ns":0},"geometry":{"type":"LineString","coordinates":[[8.70119,47.15615],[8.70271,47.15373],[8.70418,47.15287],[8.70467,47.15291],[8.70491,47.15276],[8.7049,47.15233],[8.70547,47.15202],[8.70574,47.15156]]}},{"type":"Feature","properties":{"id":"aengibaechli-sz","c":"SZ","p":"patent","q":"derived","k":"river","ns":0},"geometry":{"type":"LineString","coordinates":[[8.70119,47.15615],[8.70271,47.15373],[8.70418,47.15287],[8.70467,47.15291],[8.70491,47.15276],[8.7049,47.15233],[8.70547,47.15202],[8.70574,47.15156]]}},{"type":"Feature","properties":{"id":"zuerichsee-sz","c":"SZ","p":"patent","q":"derived","k":"lake","fr":1,"ns":0},"geometry":{"type":"Polygon","coordinates":[[[8.94129,47.21805],[8.94124,47.21783],[8.94148,47.21769],[8.9448,47.21726],[8.94478,47.21702],[8.94319,47.21636],[8.94222,47.21613],[8.94206,47.21598],[8.94202,47.21537],[8.94162,47.21521],[8.94114,47.21528],[8.94068,47.2152],[8.94062,47.21504],[8.93984,47.21462],[8.93944,47.21464],[8.93909,47.21449],[8.93788,47.21457],[8.93794,47.21444],[8.93862,47.21417],[8.93854,47.214],[8.93788,47.21363],[8.93679,47.21354],[8.93611,47.21332],[8.93597,47.21344],[8.93558,47.2133],[8.93491,47.21335],[8.93486,47.21344],[8.93534,47.21361],[8.93555,47.21403],[8.93653,47.21441],[8.93659,47.21486],[8.9356,47.21498],[8.93493,47.21452],[8.93467,47.21379],[8.93439,47.21372],[8.9343,47.21384],[8.93465,47.21469],[8.93506,47.21507],[8.93414,47.21544],[8.93361,47.21522],[8.93374,47.21515],[8.93405,47.21525],[8.93409,47.21503],[8.93386,47.21459],[8.93357,47.21509],[8.93389,47.2141],[8.93342,47.21386],[8.93411,47.21337],[8.93421,47.21297],[8.9352,47.21309],[8.93404,47.21284],[8.93355,47.21292],[8.93353,47.21257],[8.93268,47.21226],[8.93242,47.2123],[8.93235,47.21216],[8.9317,47.21197],[8.93,47.21184],[8.92799,47.21139],[8.9258,47.21065],[8.92476,47.21046],[8.92245,47.20963],[8.91977,47.20907],[8.91858,47.20869],[8.91573,47.20824],[8.91231,47.20749],[8.9094,47.20739],[8.9082,47.20695],[8.9079,47.20689],[8.90758,47.20699],[8.90688,47.20684],[8.90617,47.20661],[8.90603,47.20638],[8.90571,47.20639],[8.9043,47.20589],[8.90242,47.20564],[8.90051,47.20512],[8.8996,47.20513],[8.89875,47.20491],[8.89786,47.20503],[8.8979,47.2048],[8.89778,47.2048],[8.89775,47.20502],[8.89757,47.20502],[8.8976,47.20469],[8.89724,47.20467],[8.89711,47.20471],[8.89786,47.2055],[8.89803,47.20602],[8.89784,47.20612],[8.89761,47.20595],[8.89744,47.20544],[8.89701,47.20489],[8.89596,47.2042],[8.89545,47.20452],[8.89559,47.20473],[8.89503,47.20444],[8.89511,47.20511],[8.89618,47.20603],[8.89688,47.20606],[8.89698,47.20618],[8.89594,47.20631],[8.89522,47.2058],[8.89341,47.20739],[8.89301,47.20749],[8.8925,47.20743],[8.89096,47.20814],[8.89051,47.20809],[8.89046,47.20784],[8.89196,47.20731],[8.89221,47.20672],[8.89232,47.20672],[8.89225,47.20708],[8.89239,47.20721],[8.89272,47.20675],[8.89434,47.20592],[8.89456,47.20562],[8.89428,47.20486],[8.89381,47.20462],[8.89359,47.20479],[8.8932,47.20486],[8.89273,47.20525],[8.89277,47.20578],[8.89256,47.20588],[8.89199,47.20585],[8.89162,47.20555],[8.89091,47.20587],[8.89065,47.20587],[8.8904,47.20568],[8.89045,47.20517],[8.88994,47.20487],[8.88945,47.20504],[8.88885,47.20497],[8.88874,47.20544],[8.88902,47.20586],[8.88877,47.20608],[8.88794,47.20623],[8.88781,47.2066],[8.88749,47.2069],[8.88756,47.20729],[8.88735,47.20787],[8.88763,47.20822],[8.88897,47.20802],[8.88948,47.20809],[8.88959,47.20822],[8.88847,47.20826],[8.88826,47.20835],[8.88827,47.20853],[8.88729,47.20886],[8.88596,47.20871],[8.88462,47.20826],[8.88414,47.208],[8.88369,47.2075],[8.88308,47.20724],[8.883,47.20706],[8.88209,47.20669],[8.88171,47.20678],[8.88138,47.20727],[8.88095,47.20747],[8.87899,47.20746],[8.87866,47.20733],[8.87852,47.20703],[8.87794,47.20693],[8.87782,47.20699],[8.87793,47.2071],[8.87852,47.20732],[8.87788,47.20724],[8.87697,47.20667],[8.87585,47.20644],[8.87596,47.20527],[8.87579,47.20503],[8.8755,47.20504],[8.87546,47.20548],[8.87516,47.20574],[8.87553,47.20652],[8.87543,47.20656],[8.87523,47.2064],[8.8729,47.20641],[8.87114,47.20662],[8.87028,47.2063],[8.86959,47.20621],[8.86881,47.20628],[8.86848,47.20619],[8.86833,47.20584],[8.8678,47.20592],[8.86742,47.20569],[8.86687,47.20574],[8.8665,47.20551],[8.86518,47.20547],[8.86512,47.2053],[8.86362,47.20541],[8.86317,47.20531],[8.86311,47.20524],[8.86335,47.20515],[8.86363,47.20477],[8.86448,47.20258],[8.86443,47.20209],[8.86363,47.20148],[8.86297,47.20154],[8.86289,47.20164],[8.86156,47.20496],[8.86055,47.20472],[8.86071,47.20411],[8.86133,47.20413],[8.86158,47.2031],[8.86127,47.20246],[8.86079,47.20225],[8.86084,47.20176],[8.86071,47.20166],[8.85994,47.20191],[8.86009,47.20251],[8.86086,47.20312],[8.86058,47.20352],[8.8597,47.20321],[8.85939,47.20295],[8.85887,47.20153],[8.85777,47.20177],[8.85783,47.20256],[8.85832,47.20291],[8.85822,47.20307],[8.85763,47.20324],[8.85761,47.20346],[8.85791,47.20371],[8.85974,47.20421],[8.85984,47.20435],[8.85969,47.20447],[8.8581,47.20447],[8.8567,47.20396],[8.8564,47.20359],[8.8564,47.20311],[8.85678,47.20211],[8.85664,47.20193],[8.85605,47.20212],[8.85593,47.20247],[8.85568,47.20251],[8.85572,47.2028],[8.85531,47.20338],[8.85496,47.20361],[8.85427,47.2034],[8.85436,47.20308],[8.85459,47.20296],[8.85458,47.20276],[8.85426,47.20277],[8.8541,47.2031],[8.85391,47.20308],[8.85356,47.20353],[8.8533,47.20335],[8.85286,47.20346],[8.85219,47.2033],[8.85287,47.20261],[8.85457,47.20208],[8.85452,47.20193],[8.85316,47.20223],[8.85095,47.20319],[8.85152,47.20277],[8.85143,47.20267],[8.85093,47.2027],[8.85122,47.20239],[8.85133,47.20143],[8.85172,47.20133],[8.85175,47.20107],[8.85201,47.20103],[8.85237,47.20118],[8.85238,47.20131],[8.85288,47.20135],[8.85315,47.20121],[8.85317,47.20139],[8.85396,47.20167],[8.85385,47.20127],[8.85337,47.2009],[8.8532,47.20091],[8.85314,47.20079],[8.85294,47.20089],[8.85277,47.20077],[8.85236,47.2008],[8.85234,47.20068],[8.85279,47.20065],[8.85286,47.20048],[8.85332,47.20033],[8.85346,47.20056],[8.85447,47.20032],[8.85429,47.2],[8.85544,47.19959],[8.85537,47.19944],[8.85416,47.19978],[8.85402,47.19953],[8.85303,47.19977],[8.85315,47.20004],[8.85275,47.20013],[8.85259,47.20004],[8.85261,47.19979],[8.8523,47.19952],[8.8523,47.19932],[8.85287,47.19922],[8.85298,47.19941],[8.85373,47.19924],[8.85362,47.19903],[8.85428,47.19866],[8.85416,47.19846],[8.85437,47.19842],[8.8543,47.19823],[8.85394,47.19821],[8.85392,47.19812],[8.85361,47.19818],[8.85354,47.19859],[8.85342,47.19835],[8.85287,47.1985],[8.85303,47.19881],[8.85224,47.19899],[8.85251,47.19868],[8.85252,47.1975],[8.85151,47.19672],[8.85065,47.19424],[8.85077,47.19414],[8.85144,47.19419],[8.85197,47.19404],[8.85112,47.19337],[8.85022,47.19375],[8.84994,47.1934],[8.85023,47.1932],[8.84951,47.19247],[8.84935,47.19244],[8.84924,47.1926],[8.84777,47.19251],[8.84697,47.19215],[8.8464,47.19241],[8.84566,47.19188],[8.84471,47.19165],[8.84416,47.19168],[8.84229,47.19147],[8.8422,47.19133],[8.84134,47.19143],[8.84103,47.19158],[8.84097,47.19142],[8.84014,47.19147],[8.83979,47.19159],[8.8395,47.19199],[8.83923,47.19211],[8.83909,47.19191],[8.83814,47.19217],[8.83692,47.19285],[8.83527,47.1934],[8.83395,47.1943],[8.83326,47.19455],[8.83306,47.19449],[8.83365,47.19422],[8.83349,47.19404],[8.83294,47.1943],[8.83275,47.19411],[8.83251,47.19423],[8.83289,47.19461],[8.83199,47.19526],[8.831,47.19522],[8.82975,47.19477],[8.82881,47.19467],[8.82711,47.19405],[8.82644,47.19394],[8.82523,47.19398],[8.82393,47.19466],[8.82257,47.19563],[8.82194,47.19546],[8.82175,47.19533],[8.82185,47.19515],[8.8214,47.1952],[8.82132,47.19561],[8.82114,47.19561],[8.82123,47.19511],[8.821,47.19513],[8.82085,47.1952],[8.82094,47.19543],[8.82072,47.19589],[8.81968,47.19541],[8.81958,47.19508],[8.81868,47.19538],[8.81872,47.19487],[8.81769,47.19503],[8.81705,47.19577],[8.81684,47.19582],[8.81639,47.19557],[8.81673,47.19594],[8.81616,47.19638],[8.81569,47.197],[8.81541,47.19776],[8.81578,47.19953],[8.81485,47.19953],[8.81427,47.20014],[8.81439,47.20025],[8.81501,47.20024],[8.81494,47.20033],[8.81425,47.20034],[8.8133,47.20073],[8.81306,47.20062],[8.81281,47.20083],[8.81268,47.20076],[8.81195,47.20105],[8.81123,47.20112],[8.81092,47.2014],[8.81007,47.20164],[8.80997,47.20156],[8.81072,47.20127],[8.81082,47.2011],[8.80891,47.20132],[8.80892,47.20153],[8.80962,47.20173],[8.80958,47.20187],[8.80895,47.20186],[8.80852,47.20158],[8.80775,47.20142],[8.80568,47.20159],[8.80487,47.20197],[8.80413,47.20199],[8.80238,47.20264],[8.80225,47.20287],[8.80244,47.20306],[8.80096,47.20424],[8.79957,47.20459],[8.79928,47.20482],[8.79885,47.20468],[8.7988,47.20393],[8.79905,47.20361],[8.79975,47.20318],[8.79943,47.20284],[8.79922,47.2028],[8.79884,47.20306],[8.79762,47.20314],[8.79726,47.20338],[8.79544,47.20345],[8.79548,47.20393],[8.79421,47.20405],[8.79419,47.20395],[8.794,47.20405],[8.79339,47.2037],[8.79296,47.20384],[8.79287,47.20426],[8.79309,47.20448],[8.79373,47.20444],[8.79371,47.20476],[8.79393,47.20483],[8.79405,47.20505],[8.79279,47.20558],[8.79382,47.20655],[8.79467,47.20635],[8.79479,47.20673],[8.79405,47.20727],[8.79195,47.20793],[8.79151,47.20688],[8.79092,47.20643],[8.79097,47.20635],[8.79063,47.20622],[8.78979,47.20618],[8.7882,47.20627],[8.78654,47.20662],[8.78372,47.20675],[8.78197,47.20701],[8.78067,47.2075],[8.77981,47.20762],[8.77873,47.20749],[8.77846,47.20729],[8.77784,47.20733],[8.77773,47.20745],[8.77589,47.20745],[8.77567,47.20742],[8.77567,47.20715],[8.77544,47.20712],[8.77523,47.20801],[8.77504,47.208],[8.77509,47.20764],[8.77451,47.20713],[8.77407,47.20636],[8.77391,47.20592],[8.77412,47.2057],[8.77402,47.20568],[8.77355,47.20603],[8.77265,47.20584],[8.77258,47.20612],[8.77207,47.20581],[8.77074,47.20578],[8.76888,47.20643],[8.76754,47.20646],[8.76639,47.20666],[8.76642,47.20677],[8.76565,47.20696],[8.76504,47.20667],[8.76317,47.207],[8.76165,47.20665],[8.75833,47.20745],[8.75838,47.20763],[8.75759,47.20815],[8.7574,47.20785],[8.75658,47.20791],[8.75657,47.20804],[8.75593,47.20795],[8.75588,47.20816],[8.7553,47.20824],[8.75509,47.20782],[8.75518,47.20774],[8.7549,47.20758],[8.75437,47.20753],[8.75414,47.20773],[8.75054,47.20739],[8.7504,47.20745],[8.75041,47.20785],[8.75009,47.20788],[8.75006,47.20749],[8.74922,47.2074],[8.74967,47.20704],[8.74951,47.20691],[8.74738,47.20661],[8.74724,47.20669],[8.74715,47.20727],[8.74697,47.20724],[8.74701,47.20713],[8.74664,47.2072],[8.74683,47.20643],[8.74665,47.20644],[8.74656,47.20679],[8.74521,47.20687],[8.74506,47.20698],[8.74502,47.20742],[8.74442,47.20765],[8.74472,47.20648],[8.7445,47.20646],[8.74436,47.20688],[8.744,47.20673],[8.74372,47.2068],[8.74373,47.2066],[8.74346,47.20644],[8.74275,47.20646],[8.74255,47.20582],[8.74189,47.20551],[8.74177,47.20583],[8.74156,47.20545],[8.74056,47.20536],[8.74014,47.20564],[8.73935,47.20537],[8.73893,47.2049],[8.73808,47.20489],[8.73767,47.20523],[8.73755,47.2058],[8.73732,47.20582],[8.73739,47.20605],[8.73698,47.20616],[8.73695,47.20642],[8.73744,47.20639],[8.73777,47.20661],[8.73773,47.20671],[8.73789,47.20662],[8.73849,47.20713],[8.73945,47.20749],[8.73961,47.20771],[8.74052,47.20754],[8.7416,47.20777],[8.74335,47.2078],[8.74251,47.2088],[8.74252,47.20906],[8.74285,47.2092],[8.74259,47.20963],[8.74173,47.20956],[8.74165,47.20962],[8.74191,47.20972],[8.74182,47.20981],[8.74072,47.20927],[8.7402,47.20934],[8.7394,47.20887],[8.739,47.20855],[8.73911,47.20833],[8.73881,47.20825],[8.73888,47.20802],[8.7391,47.20804],[8.73846,47.2076],[8.73824,47.2078],[8.73868,47.20794],[8.73866,47.2082],[8.73761,47.20811],[8.73747,47.20833],[8.73791,47.20851],[8.73781,47.20859],[8.73824,47.20871],[8.73843,47.20888],[8.73835,47.20899],[8.73814,47.20891],[8.73781,47.20909],[8.73673,47.20847],[8.7362,47.20838],[8.73608,47.20859],[8.73629,47.20886],[8.73732,47.20925],[8.73757,47.20948],[8.73628,47.20899],[8.73568,47.20851],[8.73524,47.20692],[8.73366,47.20535],[8.73205,47.20534],[8.73215,47.20523],[8.73196,47.20506],[8.73171,47.2042],[8.7321,47.20391],[8.73199,47.20381],[8.73113,47.2044],[8.73116,47.20491],[8.73079,47.20492],[8.73054,47.20473],[8.73078,47.20439],[8.7301,47.2041],[8.73084,47.2035],[8.7308,47.20319],[8.73029,47.20283],[8.73039,47.20271],[8.7302,47.2028],[8.72966,47.20266],[8.72967,47.20255],[8.72914,47.20251],[8.72911,47.20266],[8.72876,47.20275],[8.72862,47.20272],[8.7287,47.20255],[8.72837,47.20244],[8.7284,47.20225],[8.72719,47.20216],[8.72726,47.20194],[8.72704,47.20204],[8.7266,47.20197],[8.72663,47.20181],[8.72517,47.2015],[8.72461,47.20158],[8.72445,47.20169],[8.72459,47.20189],[8.72361,47.20198],[8.72347,47.2012],[8.72309,47.20093],[8.72317,47.20085],[8.72236,47.20056],[8.72127,47.2006],[8.7163,47.20139],[8.71597,47.20159],[8.71518,47.20174],[8.71331,47.20306],[8.71702,47.20354],[8.74054,47.21158],[8.7772,47.21885],[8.79338,47.22256],[8.80848,47.22011],[8.80817,47.21979],[8.80825,47.21972],[8.80858,47.21956],[8.80906,47.21966],[8.81269,47.2167],[8.81634,47.21442],[8.82105,47.21216],[8.82604,47.21042],[8.83006,47.20941],[8.83351,47.20879],[8.83703,47.20838],[8.84116,47.20817],[8.84549,47.20825],[8.84836,47.20848],[8.93639,47.21762],[8.93673,47.21794],[8.93709,47.21784],[8.93701,47.21764],[8.93751,47.21754],[8.93742,47.21727],[8.93764,47.21724],[8.93736,47.21705],[8.93738,47.21689],[8.93765,47.2169],[8.9377,47.21713],[8.93808,47.21719],[8.93861,47.21759],[8.93991,47.2174],[8.94115,47.21742],[8.94143,47.21725],[8.94205,47.21735],[8.94392,47.21715],[8.94139,47.21758],[8.94075,47.21789],[8.9378,47.21776],[8.94129,47.21805]],[[8.80769,47.21916],[8.80741,47.21916],[8.80628,47.21833],[8.80498,47.21814],[8.80343,47.21813],[8.80341,47.21795],[8.8028,47.21769],[8.80036,47.21575],[8.79976,47.21551],[8.79847,47.21566],[8.79796,47.21594],[8.7971,47.216],[8.79694,47.21576],[8.79586,47.21539],[8.79594,47.21559],[8.79644,47.21573],[8.7966,47.21591],[8.79688,47.21672],[8.79677,47.21689],[8.79658,47.21689],[8.79642,47.21667],[8.79619,47.21728],[8.79566,47.21725],[8.79472,47.21747],[8.79501,47.21718],[8.79579,47.21692],[8.79595,47.21656],[8.79519,47.21515],[8.79482,47.2149],[8.79408,47.21388],[8.79298,47.21308],[8.79324,47.21281],[8.7931,47.21268],[8.79321,47.21228],[8.79309,47.21187],[8.79324,47.2117],[8.79302,47.21155],[8.79302,47.21103],[8.79285,47.21088],[8.79295,47.21051],[8.7928,47.20989],[8.7925,47.2096],[8.79246,47.20908],[8.79202,47.20814],[8.79378,47.20761],[8.79508,47.20745],[8.79609,47.20842],[8.79675,47.20966],[8.79713,47.20972],[8.79711,47.20956],[8.7974,47.20948],[8.79788,47.21015],[8.79838,47.21046],[8.79848,47.21076],[8.79826,47.21099],[8.79841,47.2112],[8.79822,47.21127],[8.79871,47.21163],[8.79884,47.21181],[8.79865,47.2119],[8.79948,47.21266],[8.79993,47.21244],[8.79989,47.21179],[8.80018,47.21211],[8.80081,47.2123],[8.80134,47.21228],[8.80137,47.21244],[8.8012,47.21253],[8.80161,47.21264],[8.8017,47.21248],[8.80146,47.21241],[8.8015,47.21232],[8.80176,47.21237],[8.80192,47.21225],[8.80246,47.21249],[8.8026,47.21291],[8.80181,47.21322],[8.80195,47.21359],[8.80232,47.21359],[8.80255,47.21317],[8.80287,47.21335],[8.80361,47.21348],[8.80453,47.21351],[8.80491,47.21374],[8.80526,47.21374],[8.80522,47.21389],[8.80557,47.21389],[8.80596,47.21425],[8.80571,47.2143],[8.80572,47.21441],[8.80596,47.21447],[8.80607,47.21473],[8.80591,47.21493],[8.80636,47.21542],[8.80624,47.21553],[8.80603,47.21547],[8.8063,47.21564],[8.80592,47.21623],[8.80605,47.21678],[8.80626,47.21726],[8.80647,47.21734],[8.80641,47.21759],[8.80796,47.21888],[8.80769,47.21916]],[[8.7824,47.21835],[8.78143,47.21864],[8.78042,47.21862],[8.77677,47.21785],[8.77572,47.21715],[8.77623,47.21681],[8.77624,47.21647],[8.77523,47.21612],[8.77529,47.21603],[8.776,47.21593],[8.77647,47.21562],[8.77685,47.2157],[8.77778,47.21627],[8.77897,47.21607],[8.78115,47.2165],[8.78317,47.21753],[8.7824,47.21835]],[[8.79399,47.22155],[8.79383,47.22168],[8.79329,47.2217],[8.7917,47.22138],[8.79108,47.221],[8.791,47.22084],[8.79124,47.22051],[8.79108,47.22042],[8.79035,47.22042],[8.79011,47.22057],[8.78967,47.22031],[8.79153,47.22042],[8.79235,47.22035],[8.7939,47.22051],[8.7954,47.22086],[8.7954,47.22102],[8.79451,47.22159],[8.79399,47.22155]],[[8.79818,47.20652],[8.79783,47.20703],[8.79751,47.20711],[8.7975,47.20939],[8.79704,47.20943],[8.79695,47.20922],[8.79672,47.20923],[8.79657,47.20906],[8.79636,47.2082],[8.7952,47.2074],[8.79818,47.20652]],[[8.79806,47.20349],[8.79833,47.20371],[8.79834,47.20446],[8.79814,47.2047],[8.79839,47.2048],[8.79864,47.20473],[8.79885,47.20485],[8.79853,47.20515],[8.79846,47.20545],[8.79796,47.20536],[8.79771,47.20513],[8.79686,47.20495],[8.79633,47.20413],[8.79632,47.20379],[8.79656,47.20362],[8.79766,47.20343],[8.79806,47.20349]],[[8.7965,47.20516],[8.79664,47.20527],[8.79657,47.20562],[8.79687,47.20576],[8.79732,47.20582],[8.79762,47.20545],[8.79785,47.20541],[8.7984,47.20567],[8.79841,47.20585],[8.79542,47.20681],[8.79499,47.20683],[8.79491,47.20624],[8.79598,47.20584],[8.79612,47.2053],[8.7965,47.20516]],[[8.79418,47.20436],[8.7956,47.20445],[8.79577,47.20515],[8.79558,47.20567],[8.79487,47.20582],[8.79464,47.20571],[8.7945,47.20498],[8.79413,47.20452],[8.79418,47.20436]],[[8.93471,47.21574],[8.93548,47.21624],[8.93675,47.21782],[8.93461,47.2161],[8.93471,47.21574]],[[8.85227,47.19979],[8.85245,47.20015],[8.85213,47.20041],[8.8521,47.20014],[8.85227,47.19979]],[[8.79575,47.22071],[8.79651,47.22045],[8.79661,47.2205],[8.79583,47.2208],[8.79575,47.22071]],[[8.73825,47.20913],[8.73821,47.20925],[8.73789,47.20939],[8.73804,47.2092],[8.73825,47.20913]],[[8.73198,47.20551],[8.73229,47.20554],[8.73216,47.20563],[8.73198,47.20551]]]}},{"type":"Feature","properties":{"id":"zugersee-sz","c":"SZ","p":"patent","q":"derived","k":"lake","fr":1,"ns":0},"geometry":{"type":"Polygon","coordinates":[[[8.52192,47.08979],[8.52254,47.08976],[8.52319,47.08957],[8.52368,47.08922],[8.52362,47.08884],[8.52386,47.08863],[8.52385,47.08841],[8.52342,47.08803],[8.52351,47.08727],[8.52321,47.08679],[8.52284,47.08657],[8.52281,47.08631],[8.52305,47.0862],[8.52325,47.08567],[8.52322,47.08447],[8.52311,47.08423],[8.52239,47.08413],[8.52232,47.08397],[8.52318,47.08222],[8.5233,47.08175],[8.52317,47.0814],[8.52337,47.08126],[8.52388,47.08021],[8.52458,47.07952],[8.52483,47.07887],[8.52482,47.07841],[8.52519,47.07759],[8.52586,47.07657],[8.52678,47.07576],[8.52795,47.07374],[8.52809,47.07323],[8.52779,47.07217],[8.52803,47.07176],[8.52784,47.07054],[8.5273,47.06956],[8.52675,47.06899],[8.52523,47.06866],[8.5251,47.06831],[8.52524,47.06785],[8.52473,47.06707],[8.52465,47.06665],[8.52222,47.0646],[8.52234,47.06455],[8.52161,47.06364],[8.52149,47.06368],[8.52108,47.06277],[8.52073,47.06239],[8.52048,47.06227],[8.52041,47.06235],[8.51882,47.06165],[8.51808,47.06153],[8.51676,47.06148],[8.51573,47.06164],[8.51449,47.06154],[8.51411,47.06179],[8.51357,47.06263],[8.5126,47.06358],[8.51247,47.06403],[8.51182,47.06425],[8.5111,47.06533],[8.51011,47.06589],[8.5094,47.06799],[8.50869,47.06859],[8.50773,47.06879],[8.50676,47.06869],[8.50605,47.06879],[8.50539,47.06975],[8.50499,47.07001],[8.50345,47.07054],[8.50231,47.07058],[8.50068,47.07152],[8.50012,47.07212],[8.49935,47.07241],[8.49835,47.07237],[8.49713,47.07287],[8.49605,47.07342],[8.4943,47.07462],[8.4922,47.07545],[8.49044,47.07642],[8.48976,47.077],[8.48922,47.07793],[8.48849,47.07861],[8.48734,47.07889],[8.48649,47.07895],[8.4856,47.07929],[8.48367,47.08089],[8.48347,47.08173],[8.48295,47.08128],[8.48324,47.08176],[8.48243,47.08202],[8.48198,47.08264],[8.47865,47.08446],[8.47737,47.08571],[8.47631,47.08612],[8.47183,47.08705],[8.47038,47.08789],[8.46873,47.08931],[8.46788,47.09071],[8.46672,47.09215],[8.46552,47.09307],[8.46535,47.09339],[8.46518,47.09338],[8.46514,47.09356],[8.46531,47.09357],[8.46513,47.09454],[8.46402,47.09589],[8.46424,47.09692],[8.46409,47.09694],[8.4649,47.09771],[8.4658,47.09785],[8.46881,47.09942],[8.47003,47.1002],[8.47143,47.10072],[8.47339,47.10191],[8.4733,47.10212],[8.47353,47.10245],[8.47456,47.10331],[8.47499,47.10337],[8.47579,47.10376],[8.47586,47.10388],[8.4755,47.10438],[8.47558,47.10523],[8.47635,47.10611],[8.52172,47.09],[8.52192,47.08979]]]}},{"type":"Feature","properties":{"id":"vierwaldstaettersee-sz","c":"SZ","p":"patent","q":"derived","k":"lake","fr":1,"ns":0},"geometry":{"type":"MultiPolygon","coordinates":[[[[8.43428,47.08197],[8.4349,47.08212],[8.43576,47.08202],[8.43582,47.08164],[8.43715,47.08131],[8.43814,47.08073],[8.43868,47.08056],[8.43885,47.08042],[8.43855,47.0802],[8.43896,47.08002],[8.43872,47.07991],[8.43938,47.07952],[8.43925,47.07945],[8.43947,47.07911],[8.4394,47.07864],[8.43876,47.07795],[8.43835,47.07779],[8.43744,47.07763],[8.43652,47.07764],[8.43583,47.07727],[8.43537,47.07726],[8.43492,47.0771],[8.43535,47.07678],[8.43538,47.07603],[8.43524,47.07604],[8.4345,47.07427],[8.4342,47.07423],[8.43382,47.07367],[8.43285,47.07314],[8.43248,47.07278],[8.43244,47.07069],[8.43158,47.06948],[8.43172,47.06943],[8.43147,47.06933],[8.43166,47.06819],[8.43153,47.06764],[8.4309,47.06667],[8.43061,47.0665],[8.43072,47.06603],[8.43027,47.06542],[8.40042,47.05967],[8.40163,47.06063],[8.40311,47.06092],[8.40415,47.062],[8.40439,47.06259],[8.40507,47.06312],[8.40495,47.06321],[8.40546,47.06353],[8.40878,47.06426],[8.40904,47.0646],[8.40957,47.06477],[8.4103,47.06464],[8.41133,47.06423],[8.41124,47.06414],[8.41137,47.06401],[8.4124,47.06352],[8.41309,47.06345],[8.41412,47.06381],[8.41447,47.06381],[8.41439,47.06393],[8.41581,47.06443],[8.41745,47.06567],[8.41813,47.06605],[8.41852,47.0661],[8.41924,47.06676],[8.41954,47.06744],[8.41994,47.06786],[8.4202,47.06799],[8.42126,47.06793],[8.4214,47.06805],[8.4212,47.06899],[8.42128,47.0696],[8.42149,47.06985],[8.42173,47.07001],[8.42287,47.07027],[8.4233,47.07123],[8.42394,47.07202],[8.42454,47.07255],[8.42525,47.07264],[8.42629,47.0743],[8.42735,47.07515],[8.42774,47.0758],[8.42943,47.07695],[8.43006,47.07795],[8.43144,47.07919],[8.4316,47.07971],[8.43211,47.08029],[8.43266,47.08066],[8.43353,47.08161],[8.43377,47.08175],[8.43405,47.08163],[8.43441,47.08171],[8.43428,47.08197]],[[8.4196,47.06676],[8.4207,47.06772],[8.4207,47.0678],[8.42035,47.06785],[8.42006,47.06776],[8.41956,47.06713],[8.4196,47.06676]],[[8.41919,47.06632],[8.4196,47.06657],[8.4196,47.06667],[8.41913,47.0665],[8.41919,47.06632]]],[[[8.47368,46.99549],[8.47361,46.99538],[8.47467,46.99479],[8.47626,46.99463],[8.47756,46.99404],[8.47817,46.99409],[8.47905,46.99376],[8.48047,46.99348],[8.4812,46.99341],[8.48253,46.99402],[8.48371,46.9944],[8.4838,46.99433],[8.48422,46.9944],[8.48506,46.9941],[8.48611,46.99394],[8.48713,46.99346],[8.48777,46.99331],[8.48801,46.99304],[8.49073,46.99191],[8.49096,46.99201],[8.49128,46.99159],[8.49114,46.9914],[8.49251,46.99079],[8.49336,46.9906],[8.49471,46.99062],[8.49712,46.99025],[8.49792,46.99042],[8.49875,46.99089],[8.49943,46.99099],[8.50003,46.99155],[8.50135,46.99189],[8.5059,46.99225],[8.50689,46.9925],[8.50688,46.99259],[8.50835,46.99249],[8.50918,46.99265],[8.51166,46.99275],[8.51371,46.9932],[8.51522,46.99327],[8.51585,46.99347],[8.51676,46.99399],[8.51789,46.99388],[8.51824,46.99372],[8.51911,46.99375],[8.51925,46.9937],[8.51908,46.99358],[8.51926,46.99346],[8.51942,46.99355],[8.5196,46.99348],[8.51942,46.99328],[8.52107,46.99271],[8.5219,46.99267],[8.52196,46.99281],[8.52212,46.9928],[8.52214,46.9927],[8.523,46.99251],[8.52308,46.99224],[8.52326,46.99217],[8.52313,46.99191],[8.52406,46.99075],[8.5246,46.99073],[8.5246,46.99083],[8.52517,46.99066],[8.52572,46.99071],[8.52574,46.99059],[8.52654,46.99058],[8.52743,46.99073],[8.52971,46.99062],[8.53045,46.98991],[8.53199,46.98991],[8.53252,46.98971],[8.53275,46.98953],[8.53296,46.98894],[8.53433,46.98827],[8.53634,46.98808],[8.53746,46.98813],[8.53802,46.98796],[8.54112,46.98817],[8.54173,46.98834],[8.54308,46.98834],[8.54494,46.98864],[8.54892,46.98898],[8.5505,46.98954],[8.5512,46.98939],[8.55176,46.98949],[8.55246,46.99002],[8.5533,46.99021],[8.55607,46.99043],[8.55654,46.9906],[8.55699,46.99115],[8.5577,46.99128],[8.55816,46.99185],[8.56058,46.9928],[8.56093,46.99317],[8.56118,46.99324],[8.56113,46.99358],[8.56247,46.99403],[8.56363,46.99522],[8.56494,46.99603],[8.56554,46.9963],[8.5669,46.99639],[8.56762,46.99633],[8.5688,46.99649],[8.56938,46.99689],[8.56961,46.99717],[8.56941,46.99725],[8.57002,46.99792],[8.57347,46.9993],[8.57542,46.99979],[8.5759,46.99974],[8.57643,46.99948],[8.57752,46.9995],[8.57803,46.99982],[8.57836,47.00051],[8.57886,47.00072],[8.57987,47.00083],[8.58018,47.00066],[8.58106,47.00074],[8.58154,47.00062],[8.58186,47.00095],[8.58266,47.00075],[8.58268,47.00111],[8.58413,47.00112],[8.58561,47.00093],[8.58594,47.0012],[8.58705,47.00098],[8.58784,47.00067],[8.58794,47.0005],[8.58891,47.00002],[8.58974,46.99894],[8.59029,46.99859],[8.59027,46.99778],[8.59076,46.99764],[8.59011,46.99769],[8.58989,46.99792],[8.5898,46.99786],[8.59025,46.99717],[8.59162,46.99599],[8.59207,46.99533],[8.59343,46.99534],[8.59354,46.99563],[8.59389,46.99564],[8.59398,46.99531],[8.59465,46.99518],[8.59479,46.99482],[8.59663,46.99489],[8.59773,46.99476],[8.5979,46.99505],[8.59853,46.99505],[8.59919,46.99457],[8.59912,46.99445],[8.59949,46.9947],[8.59985,46.99452],[8.59976,46.99435],[8.60067,46.99387],[8.60068,46.99377],[8.59972,46.99372],[8.60018,46.99319],[8.60169,46.99325],[8.60177,46.99334],[8.60377,46.99336],[8.60394,46.99354],[8.6049,46.9936],[8.60511,46.99353],[8.6051,46.99332],[8.60578,46.99328],[8.60578,46.9934],[8.60552,46.99342],[8.60554,46.99354],[8.6062,46.99349],[8.60702,46.99314],[8.60784,46.99258],[8.60804,46.99261],[8.6085,46.99195],[8.61004,46.99097],[8.61036,46.99056],[8.61096,46.98852],[8.61155,46.98803],[8.61153,46.98762],[8.61177,46.98729],[8.61183,46.98583],[8.61167,46.98559],[8.61181,46.98525],[8.61168,46.9841],[8.61184,46.98345],[8.6116,46.98299],[8.6118,46.98286],[8.6118,46.98258],[8.61116,46.9811],[8.61119,46.98049],[8.61073,46.97965],[8.61131,46.97876],[8.61111,46.97832],[8.61129,46.97789],[8.61101,46.97676],[8.61109,46.97615],[8.61061,46.97484],[8.61073,46.97389],[8.61042,46.97326],[8.61048,46.97243],[8.61147,46.97163],[8.61189,46.97059],[8.6129,46.96917],[8.6129,46.96821],[8.61336,46.96727],[8.61347,46.96582],[8.61436,46.96205],[8.61459,46.96131],[8.6151,46.96065],[8.61477,46.96024],[8.61483,46.95996],[8.6145,46.95927],[8.61484,46.95913],[8.61573,46.95925],[8.61585,46.95833],[8.61628,46.95718],[8.61683,46.95647],[8.61791,46.95586],[8.61908,46.9555],[8.61922,46.95525],[8.61916,46.95462],[8.61991,46.95396],[8.62087,46.95273],[8.62088,46.9525],[8.6044,46.95196],[8.60351,46.96855],[8.60119,46.97524],[8.60414,46.98233],[8.60315,46.98684],[8.59715,46.99021],[8.58243,46.99341],[8.57105,46.99016],[8.5427,46.97959],[8.51937,46.97981],[8.49663,46.97643],[8.46524,46.98427],[8.46817,46.99652],[8.47368,46.99549]]]]}},{"type":"Feature","properties":{"id":"sihlsee-sz","c":"SZ","p":"patent","q":"derived","k":"lake","ns":0},"geometry":{"type":"Polygon","coordinates":[[[8.77916,47.15415],[8.78072,47.15462],[8.78129,47.15455],[8.78169,47.15407],[8.7834,47.15363],[8.78385,47.15299],[8.78372,47.15264],[8.78427,47.15226],[8.78459,47.15183],[8.7848,47.15105],[8.7846,47.15087],[8.78464,47.15061],[8.78565,47.14966],[8.786,47.14966],[8.78647,47.15005],[8.78751,47.15007],[8.78841,47.15029],[8.78867,47.15062],[8.78953,47.15116],[8.79055,47.15093],[8.79008,47.15038],[8.78999,47.14983],[8.79052,47.14945],[8.79064,47.14898],[8.79005,47.1486],[8.7894,47.14781],[8.78934,47.147],[8.7897,47.14608],[8.79108,47.14488],[8.79009,47.14534],[8.78956,47.14538],[8.78937,47.1453],[8.78866,47.14424],[8.78773,47.14362],[8.78747,47.14289],[8.78769,47.14254],[8.78812,47.14258],[8.78909,47.14183],[8.78974,47.14164],[8.78948,47.14115],[8.78945,47.1401],[8.78996,47.13951],[8.7905,47.13954],[8.79077,47.13905],[8.79101,47.13905],[8.79117,47.1392],[8.79108,47.13986],[8.79139,47.14055],[8.79163,47.14041],[8.79177,47.13982],[8.79166,47.13845],[8.79148,47.13839],[8.79117,47.13852],[8.79096,47.13821],[8.7915,47.13793],[8.79192,47.13711],[8.79128,47.13666],[8.79076,47.13648],[8.7898,47.13571],[8.78994,47.13509],[8.79042,47.13484],[8.79004,47.13463],[8.79035,47.134],[8.78805,47.1331],[8.78762,47.13327],[8.78709,47.1332],[8.78615,47.13254],[8.7863,47.13245],[8.78799,47.1326],[8.78933,47.13229],[8.79014,47.13239],[8.79119,47.13272],[8.79164,47.13259],[8.79188,47.13232],[8.79217,47.13021],[8.79228,47.13022],[8.79255,47.1292],[8.79297,47.12845],[8.79299,47.12765],[8.79308,47.12751],[8.79374,47.12743],[8.79388,47.12698],[8.79417,47.12692],[8.79526,47.12574],[8.79534,47.1252],[8.79584,47.12434],[8.79701,47.12356],[8.79703,47.12251],[8.79733,47.12107],[8.79708,47.12073],[8.79702,47.11988],[8.79649,47.11885],[8.79576,47.11841],[8.79598,47.11825],[8.79595,47.11816],[8.7957,47.11818],[8.7957,47.11678],[8.79536,47.11641],[8.79554,47.11581],[8.79573,47.11579],[8.7956,47.11576],[8.79567,47.11551],[8.79595,47.11552],[8.79578,47.11485],[8.79618,47.11376],[8.79669,47.11338],[8.79638,47.11301],[8.79648,47.11238],[8.79763,47.11129],[8.79742,47.11049],[8.79755,47.11026],[8.79747,47.10996],[8.79877,47.10788],[8.7999,47.10764],[8.80015,47.10733],[8.79989,47.1067],[8.79987,47.1052],[8.79869,47.10331],[8.79942,47.10215],[8.79961,47.10137],[8.80003,47.10113],[8.80096,47.10095],[8.80205,47.09947],[8.80271,47.09918],[8.80296,47.09932],[8.80349,47.09934],[8.80408,47.09916],[8.80526,47.09931],[8.80625,47.09862],[8.80763,47.09734],[8.80861,47.09712],[8.80979,47.09749],[8.81049,47.0974],[8.81066,47.09727],[8.81049,47.09507],[8.8116,47.09645],[8.81227,47.09656],[8.81256,47.09631],[8.81248,47.09614],[8.81117,47.09571],[8.81068,47.0949],[8.8112,47.09525],[8.81201,47.09519],[8.81243,47.09545],[8.81293,47.0954],[8.81305,47.09504],[8.81422,47.09442],[8.81448,47.09444],[8.8145,47.09481],[8.81463,47.09489],[8.81478,47.09409],[8.81508,47.09395],[8.81551,47.09396],[8.81585,47.09377],[8.81559,47.09366],[8.81564,47.09331],[8.81651,47.09276],[8.81664,47.09223],[8.81706,47.09217],[8.81743,47.09222],[8.81758,47.09237],[8.81771,47.09216],[8.8184,47.09191],[8.81898,47.09194],[8.81884,47.09162],[8.81897,47.09129],[8.81912,47.09137],[8.81916,47.09097],[8.81871,47.08993],[8.81864,47.08936],[8.81759,47.08764],[8.81732,47.08771],[8.81725,47.08748],[8.81679,47.08715],[8.81657,47.08713],[8.81354,47.08737],[8.81263,47.08705],[8.81175,47.0865],[8.81133,47.08646],[8.81125,47.08613],[8.81049,47.08659],[8.81069,47.08566],[8.81041,47.08506],[8.80978,47.08435],[8.80973,47.08454],[8.80946,47.08455],[8.80937,47.08479],[8.80881,47.08508],[8.8089,47.08533],[8.80876,47.0857],[8.80911,47.08573],[8.80936,47.08639],[8.80974,47.08651],[8.80958,47.08709],[8.80929,47.08743],[8.80941,47.08754],[8.80896,47.08814],[8.80834,47.08842],[8.80835,47.08859],[8.80778,47.0891],[8.80736,47.08924],[8.80665,47.08997],[8.80631,47.0901],[8.80492,47.09009],[8.80342,47.08983],[8.80302,47.08987],[8.80209,47.09034],[8.80224,47.09063],[8.80172,47.09156],[8.80056,47.09215],[8.79979,47.09236],[8.79937,47.09234],[8.7994,47.09296],[8.79882,47.09415],[8.79799,47.09512],[8.79755,47.09523],[8.79681,47.0957],[8.79665,47.09607],[8.79631,47.09632],[8.79635,47.09651],[8.79612,47.09669],[8.79594,47.09729],[8.79505,47.09815],[8.79461,47.09821],[8.79448,47.09855],[8.79488,47.09894],[8.79395,47.09881],[8.79368,47.09894],[8.79363,47.09916],[8.79318,47.09919],[8.79177,47.09979],[8.78774,47.10034],[8.78699,47.10135],[8.78704,47.1015],[8.7867,47.10208],[8.78583,47.10298],[8.78434,47.10371],[8.78255,47.10332],[8.78224,47.10356],[8.78167,47.10375],[8.78095,47.10508],[8.77976,47.10666],[8.77991,47.10717],[8.78077,47.10842],[8.78267,47.1096],[8.7829,47.11009],[8.7829,47.11091],[8.78313,47.11135],[8.7846,47.11267],[8.78512,47.11337],[8.78449,47.11328],[8.78413,47.11345],[8.78248,47.11351],[8.78187,47.1141],[8.7812,47.11379],[8.78108,47.11387],[8.78145,47.11439],[8.78092,47.11444],[8.77973,47.1153],[8.77931,47.11538],[8.77901,47.11531],[8.77586,47.11753],[8.77567,47.11752],[8.77531,47.11839],[8.77552,47.11949],[8.77492,47.12096],[8.77454,47.12128],[8.7748,47.12251],[8.77537,47.12301],[8.77522,47.12369],[8.77493,47.12394],[8.77453,47.125],[8.77404,47.12546],[8.77351,47.12647],[8.77324,47.12663],[8.77328,47.12688],[8.77274,47.12765],[8.77246,47.12856],[8.77115,47.12894],[8.77064,47.12883],[8.77075,47.12927],[8.77017,47.12993],[8.76973,47.13015],[8.76982,47.13039],[8.76925,47.13099],[8.76878,47.13222],[8.76804,47.13303],[8.76788,47.13353],[8.76715,47.13429],[8.76583,47.13504],[8.76524,47.13587],[8.76489,47.13586],[8.76492,47.13633],[8.76426,47.13724],[8.76422,47.13775],[8.76449,47.13869],[8.76436,47.13907],[8.76331,47.13955],[8.76259,47.14014],[8.76213,47.14019],[8.76021,47.13981],[8.75977,47.13967],[8.75959,47.13932],[8.75928,47.1396],[8.75881,47.13955],[8.75854,47.13982],[8.75774,47.14016],[8.75815,47.14138],[8.75892,47.14132],[8.75972,47.14157],[8.76022,47.14128],[8.76041,47.14202],[8.76102,47.14282],[8.76092,47.14429],[8.7612,47.1452],[8.76163,47.14577],[8.76352,47.1474],[8.76372,47.14789],[8.76406,47.14819],[8.76401,47.14889],[8.76445,47.14862],[8.76473,47.14891],[8.7653,47.14904],[8.76576,47.14933],[8.7662,47.14977],[8.76632,47.15019],[8.76675,47.14991],[8.76732,47.14983],[8.76755,47.14993],[8.76757,47.15018],[8.76775,47.15032],[8.76798,47.15022],[8.76834,47.15027],[8.76741,47.14924],[8.76744,47.14905],[8.76805,47.14906],[8.76884,47.14874],[8.76936,47.14886],[8.77039,47.14957],[8.77112,47.14962],[8.77211,47.14998],[8.77419,47.14977],[8.77561,47.15035],[8.77672,47.15],[8.7771,47.15004],[8.7775,47.15022],[8.77842,47.15136],[8.77831,47.15234],[8.77858,47.15285],[8.77849,47.15346],[8.77916,47.15415]]]}},{"type":"Feature","properties":{"id":"waegitalersee-sz","c":"SZ","p":"patent","q":"derived","k":"lake","ns":0},"geometry":{"type":"Polygon","coordinates":[[[8.9035,47.10579],[8.90521,47.10691],[8.90643,47.10669],[8.90766,47.10682],[8.90845,47.10667],[8.91225,47.10651],[8.91355,47.10635],[8.91538,47.10636],[8.91603,47.1062],[8.91729,47.10547],[8.91861,47.10519],[8.91878,47.10493],[8.9191,47.10503],[8.91961,47.10496],[8.91975,47.10475],[8.91958,47.10399],[8.92012,47.10334],[8.9205,47.1032],[8.92077,47.10246],[8.92092,47.10225],[8.92113,47.10222],[8.92218,47.10078],[8.92222,47.10017],[8.92345,47.09973],[8.92362,47.0993],[8.92315,47.09868],[8.92335,47.0984],[8.92315,47.09835],[8.92328,47.09802],[8.92412,47.09737],[8.92498,47.09708],[8.92496,47.0967],[8.92513,47.09664],[8.9256,47.09575],[8.92598,47.09541],[8.92739,47.09469],[8.92788,47.09457],[8.92801,47.09442],[8.92849,47.0944],[8.92893,47.09385],[8.93013,47.09313],[8.93009,47.09287],[8.93029,47.09283],[8.93028,47.09269],[8.92984,47.09246],[8.92985,47.09214],[8.92948,47.09152],[8.92943,47.0911],[8.92861,47.09079],[8.92808,47.09006],[8.92827,47.08966],[8.92881,47.08942],[8.92878,47.08928],[8.92942,47.08846],[8.92986,47.08847],[8.92982,47.08753],[8.92957,47.08663],[8.93014,47.08625],[8.92971,47.08622],[8.92948,47.08477],[8.92921,47.08472],[8.92856,47.08374],[8.92845,47.08327],[8.92809,47.0833],[8.92783,47.08302],[8.92783,47.0827],[8.92842,47.08232],[8.92838,47.08177],[8.92876,47.08142],[8.92876,47.08125],[8.92819,47.08065],[8.92692,47.08063],[8.92671,47.08038],[8.92653,47.07956],[8.92635,47.07948],[8.92632,47.07885],[8.92567,47.07855],[8.92601,47.07854],[8.92788,47.07777],[8.92773,47.07763],[8.92684,47.07752],[8.92613,47.07771],[8.92577,47.07742],[8.92548,47.0775],[8.92474,47.07693],[8.92422,47.07684],[8.92427,47.07674],[8.92471,47.07665],[8.92478,47.07638],[8.92447,47.07574],[8.92385,47.07529],[8.92364,47.07454],[8.92369,47.07403],[8.92323,47.07382],[8.92154,47.07224],[8.92052,47.07155],[8.91783,47.0702],[8.91621,47.06916],[8.91576,47.06907],[8.91483,47.06812],[8.91491,47.06795],[8.91513,47.0681],[8.91525,47.06797],[8.9148,47.06768],[8.91453,47.06768],[8.91423,47.06735],[8.91384,47.06751],[8.91362,47.06709],[8.91293,47.06688],[8.91249,47.06641],[8.91231,47.06646],[8.91239,47.06683],[8.91277,47.0671],[8.91307,47.06767],[8.9126,47.06815],[8.91316,47.06798],[8.91368,47.06815],[8.91371,47.06871],[8.91388,47.06891],[8.91352,47.06977],[8.91306,47.07024],[8.91305,47.07034],[8.91352,47.07038],[8.91332,47.07119],[8.91297,47.0713],[8.91309,47.07164],[8.91292,47.07207],[8.91343,47.07326],[8.91294,47.07371],[8.91285,47.07434],[8.91239,47.07454],[8.91258,47.07475],[8.91246,47.07569],[8.91265,47.07601],[8.91261,47.07643],[8.91313,47.07699],[8.91292,47.07726],[8.91325,47.07736],[8.91322,47.07773],[8.91349,47.07842],[8.91329,47.07876],[8.91377,47.07871],[8.91506,47.07937],[8.91548,47.07978],[8.91564,47.08032],[8.91633,47.08083],[8.9162,47.08098],[8.91658,47.08144],[8.91644,47.08161],[8.917,47.08251],[8.91693,47.08274],[8.91716,47.08274],[8.91727,47.08287],[8.91713,47.08297],[8.91711,47.08342],[8.91693,47.08356],[8.91695,47.08426],[8.91671,47.0848],[8.91686,47.08527],[8.91644,47.08613],[8.91612,47.08612],[8.9159,47.08669],[8.91609,47.087],[8.91601,47.08734],[8.91571,47.08774],[8.91522,47.08797],[8.91543,47.08891],[8.91537,47.08956],[8.91472,47.09126],[8.91484,47.09206],[8.91437,47.0924],[8.91424,47.09268],[8.91378,47.09282],[8.91376,47.09313],[8.91346,47.09329],[8.91348,47.09344],[8.91308,47.09357],[8.91274,47.09387],[8.91287,47.0941],[8.91259,47.09407],[8.91236,47.09427],[8.91244,47.09452],[8.91214,47.09463],[8.91205,47.09508],[8.91173,47.09524],[8.91177,47.09539],[8.91147,47.0955],[8.91124,47.09604],[8.91108,47.09602],[8.91074,47.09639],[8.91026,47.09659],[8.90918,47.09638],[8.90932,47.09665],[8.90899,47.0969],[8.90903,47.09707],[8.90875,47.09712],[8.90917,47.09776],[8.90897,47.09827],[8.90899,47.09887],[8.90859,47.09973],[8.90769,47.10018],[8.90765,47.09993],[8.90787,47.09969],[8.90766,47.09923],[8.90726,47.09935],[8.9069,47.09963],[8.90692,47.0999],[8.90632,47.10004],[8.90604,47.10034],[8.90556,47.10038],[8.90375,47.10183],[8.90357,47.10239],[8.90369,47.10281],[8.90343,47.10317],[8.90347,47.10363],[8.90206,47.10417],[8.90058,47.10416],[8.90065,47.10435],[8.9014,47.10465],[8.90147,47.10483],[8.90187,47.10506],[8.90321,47.10534],[8.9035,47.10579]]]}},{"type":"Feature","properties":{"id":"lauerzersee-sz","c":"SZ","p":"patent","q":"derived","k":"lake","fr":1,"ns":0},"geometry":{"type":"Polygon","coordinates":[[[8.58942,47.04702],[8.58997,47.0469],[8.59034,47.04649],[8.59088,47.04635],[8.59142,47.04598],[8.59178,47.04467],[8.59211,47.04485],[8.59211,47.04532],[8.59227,47.04535],[8.59233,47.04489],[8.59158,47.04412],[8.59171,47.04388],[8.59225,47.04387],[8.59353,47.04451],[8.59379,47.04453],[8.59455,47.04452],[8.59586,47.04385],[8.59597,47.04338],[8.59585,47.04271],[8.59509,47.0415],[8.59504,47.04097],[8.59446,47.0405],[8.59451,47.04027],[8.59429,47.04011],[8.59431,47.03989],[8.59578,47.03977],[8.59699,47.03982],[8.59732,47.03997],[8.59779,47.03993],[8.59827,47.04005],[8.59832,47.03994],[8.5977,47.03972],[8.59569,47.03953],[8.59403,47.03955],[8.59408,47.03931],[8.59347,47.03826],[8.59381,47.03772],[8.59353,47.03752],[8.59359,47.03737],[8.59395,47.0374],[8.594,47.03717],[8.59445,47.03709],[8.59498,47.03713],[8.59524,47.0373],[8.59576,47.03728],[8.59602,47.03756],[8.59643,47.03754],[8.59662,47.03734],[8.59879,47.03713],[8.59942,47.03722],[8.60051,47.0372],[8.60147,47.03746],[8.60249,47.03755],[8.60317,47.03795],[8.60403,47.03796],[8.60517,47.03763],[8.60843,47.03613],[8.60932,47.03615],[8.60977,47.03601],[8.61002,47.03582],[8.61018,47.03517],[8.61074,47.03521],[8.61186,47.03506],[8.61404,47.03536],[8.61678,47.0361],[8.61814,47.03626],[8.61967,47.03613],[8.62118,47.03496],[8.62167,47.03413],[8.62179,47.03336],[8.62167,47.03271],[8.62183,47.03237],[8.6216,47.03153],[8.62086,47.03099],[8.62106,47.031],[8.6214,47.03039],[8.62244,47.0301],[8.62321,47.02941],[8.62406,47.02926],[8.6249,47.02932],[8.62488,47.02911],[8.62456,47.029],[8.62266,47.02914],[8.62011,47.02901],[8.61623,47.0275],[8.61343,47.02705],[8.61173,47.02631],[8.60981,47.0263],[8.60809,47.02611],[8.60521,47.0271],[8.60416,47.028],[8.60402,47.0287],[8.60367,47.02913],[8.60277,47.02984],[8.60205,47.03015],[8.60193,47.03034],[8.60133,47.03033],[8.60062,47.03049],[8.59899,47.03043],[8.59687,47.03101],[8.59401,47.03129],[8.59206,47.03108],[8.59169,47.0312],[8.5901,47.03118],[8.58823,47.03141],[8.58671,47.03182],[8.58629,47.03232],[8.58543,47.03263],[8.58521,47.03306],[8.58483,47.03326],[8.58428,47.0339],[8.58389,47.03534],[8.58477,47.03638],[8.58409,47.03651],[8.58376,47.03675],[8.5835,47.03653],[8.58342,47.03664],[8.58355,47.03686],[8.58377,47.03688],[8.58382,47.03733],[8.58478,47.03828],[8.58519,47.03917],[8.58561,47.03957],[8.58634,47.04137],[8.58612,47.04287],[8.58637,47.0432],[8.58699,47.04341],[8.58671,47.04389],[8.58687,47.04419],[8.58642,47.04481],[8.58636,47.04515],[8.58645,47.04578],[8.58697,47.04649],[8.58608,47.04687],[8.58605,47.04699],[8.58748,47.04736],[8.58816,47.04655],[8.58841,47.04658],[8.58876,47.04692],[8.58942,47.04702]],[[8.59703,47.0322],[8.59855,47.03263],[8.59883,47.03282],[8.59748,47.03276],[8.59686,47.03258],[8.59666,47.03228],[8.59703,47.0322]],[[8.59926,47.03118],[8.59955,47.03135],[8.59933,47.03141],[8.59903,47.03132],[8.59926,47.03118]]]}},{"type":"Feature","properties":{"id":"glattalpsee-sz","c":"SZ","p":"patent","q":"derived","k":"lake","ns":0},"geometry":{"type":"Polygon","coordinates":[[[8.90309,46.92079],[8.90354,46.92091],[8.90445,46.92097],[8.90635,46.9208],[8.90832,46.9214],[8.90927,46.92133],[8.91016,46.92173],[8.91042,46.92145],[8.91043,46.92096],[8.9112,46.92095],[8.91098,46.9206],[8.91112,46.92021],[8.91082,46.92009],[8.91088,46.91988],[8.9106,46.91958],[8.90944,46.91926],[8.90876,46.91867],[8.90796,46.91867],[8.90613,46.91831],[8.90618,46.9185],[8.90592,46.91856],[8.9057,46.91853],[8.90582,46.91838],[8.90517,46.91823],[8.90445,46.91839],[8.90379,46.91826],[8.90332,46.9183],[8.90278,46.91821],[8.9027,46.91809],[8.90217,46.91815],[8.90139,46.91784],[8.90029,46.91764],[8.90018,46.91751],[8.8999,46.91765],[8.89982,46.91749],[8.89891,46.91733],[8.89854,46.91744],[8.89752,46.91729],[8.89752,46.91743],[8.89729,46.91742],[8.89551,46.91728],[8.89448,46.91704],[8.89354,46.91703],[8.89369,46.91715],[8.8935,46.91722],[8.8939,46.91756],[8.89499,46.91777],[8.89645,46.91851],[8.89713,46.91858],[8.89738,46.91878],[8.89745,46.91866],[8.89848,46.91873],[8.89862,46.91884],[8.8986,46.9192],[8.89879,46.91893],[8.89873,46.91871],[8.89896,46.91869],[8.89922,46.91898],[8.90047,46.91946],[8.90053,46.91967],[8.90092,46.91977],[8.90092,46.91992],[8.90168,46.92011],[8.90231,46.92049],[8.90278,46.92048],[8.90309,46.92079]]]}}]}