{"type":"FeatureCollection","features":[{"type":"Feature","properties":{"id":"freiangelrecht-chasperaeckerweiher-frauenfeld-tg","c":"TG","p":"freiangel","q":"official","k":"reach","fr":1,"ns":1},"geometry":{"type":"Polygon","coordinates":[[[8.85756,47.57237],[8.85754,47.57248],[8.85874,47.57249],[8.85875,47.57237],[8.85756,47.57237]]]}},{"type":"Feature","properties":{"id":"freiangelrecht-badeweiher-pfyn-tg","c":"TG","p":"freiangel","q":"official","k":"reach","fr":1,"ns":1},"geometry":{"type":"Polygon","coordinates":[[[8.95565,47.59344],[8.95641,47.59327],[8.95694,47.59327],[8.95699,47.59288],[8.95651,47.59271],[8.95584,47.59269],[8.95565,47.59344]]]}},{"type":"Feature","properties":{"id":"freiangelrecht-romanshorner-aach-tg","c":"TG","p":"freiangel","q":"official","k":"reach","fr":1,"ns":1},"geometry":{"type":"Polygon","coordinates":[[[9.37071,47.5561],[9.37353,47.5567],[9.37439,47.55653],[9.37551,47.55606],[9.37714,47.55643],[9.37893,47.55618],[9.3807,47.55633],[9.38058,47.55616],[9.37903,47.55606],[9.37713,47.55631],[9.37568,47.55595],[9.37398,47.55659],[9.37345,47.55664],[9.37075,47.556],[9.37071,47.5561]]]}},{"type":"Feature","properties":{"id":"schongebiet-1-tg","c":"TG","p":"closed","q":"official","k":"reach"},"geometry":{"type":"Polygon","coordinates":[[[9.0773,47.67065],[9.07833,47.67099],[9.07878,47.6714],[9.07949,47.67164],[9.07955,47.67157],[9.0802,47.67172],[9.08026,47.67197],[9.08052,47.67196],[9.08092,47.67234],[9.0812,47.67225],[9.08141,47.67254],[9.08165,47.67254],[9.08123,47.6727],[9.0816,47.67333],[9.08141,47.67342],[9.0816,47.67356],[9.08147,47.67373],[9.08164,47.67389],[9.08192,47.67383],[9.08232,47.67425],[9.08281,47.67452],[9.08288,47.67439],[9.08378,47.67452],[9.08386,47.67429],[9.08487,47.67439],[9.08533,47.67523],[9.08555,47.67529],[9.08528,47.67404],[9.08658,47.67383],[9.08665,47.6737],[9.08699,47.6737],[9.08699,47.67357],[9.08925,47.67345],[9.08978,47.67296],[9.08975,47.67254],[9.08984,47.67265],[9.09121,47.67126],[9.09136,47.66995],[9.09205,47.66927],[9.09222,47.6689],[9.09517,47.6666],[9.09625,47.66607],[9.09789,47.66594],[9.09884,47.66629],[9.10027,47.66651],[9.10059,47.66639],[9.10055,47.6662],[9.10074,47.66609],[9.10133,47.66609],[9.10146,47.66598],[9.10342,47.66568],[9.1037,47.66557],[9.10373,47.66532],[9.10597,47.66538],[9.10814,47.66581],[9.11003,47.66598],[9.11032,47.66581],[9.11045,47.66591],[9.11073,47.66586],[9.11082,47.66557],[9.11138,47.66555],[9.1115,47.66545],[9.11171,47.66563],[9.11286,47.66551],[9.11321,47.66566],[9.11352,47.66557],[9.11435,47.6656],[9.11464,47.66541],[9.1152,47.66534],[9.11669,47.66547],[9.11652,47.66553],[9.11643,47.66655],[9.11587,47.66668],[9.11546,47.66699],[9.11514,47.6677],[9.11379,47.66834],[9.10848,47.6693],[9.10698,47.66911],[9.10328,47.66948],[9.10151,47.67002],[9.10624,47.67474],[9.12786,47.66768],[9.12695,47.67284],[9.12571,47.67469],[9.12395,47.67611],[9.12064,47.67756],[9.11902,47.67863],[9.11427,47.68499],[9.11316,47.68581],[9.11093,47.68646],[9.11014,47.68635],[9.11,47.68677],[9.10967,47.68695],[9.10851,47.68687],[9.10797,47.68669],[9.1055,47.68671],[9.10392,47.68655],[9.10029,47.68599],[9.09983,47.68626],[9.09914,47.68635],[9.09859,47.68606],[9.09733,47.68595],[9.09649,47.68641],[9.09448,47.6871],[9.0922,47.68672],[9.09069,47.686],[9.08873,47.68551],[9.08828,47.68523],[9.08737,47.68504],[9.08642,47.68519],[9.0857,47.6851],[9.08525,47.68488],[9.08523,47.68456],[9.08349,47.68384],[9.08392,47.68376],[9.08232,47.68354],[9.08155,47.68316],[9.08094,47.68362],[9.0806,47.68409],[9.07732,47.68448],[9.0773,47.67065]]]}},{"type":"Feature","properties":{"id":"schongebiet-2-tg","c":"TG","p":"closed","q":"official","k":"reach"},"geometry":{"type":"Polygon","coordinates":[[[9.44519,47.50577],[9.44951,47.50802],[9.45,47.50757],[9.45173,47.50354],[9.45241,47.50316],[9.44952,47.50137],[9.44925,47.50162],[9.44951,47.50171],[9.44944,47.50215],[9.44849,47.50292],[9.44826,47.50295],[9.44827,47.50308],[9.44784,47.50311],[9.44742,47.50364],[9.44723,47.50363],[9.44678,47.50407],[9.44665,47.50466],[9.4468,47.50517],[9.44581,47.50582],[9.44519,47.50577]]]}},{"type":"Feature","properties":{"id":"schongebiet-3-tg","c":"TG","p":"closed","q":"official","k":"reach"},"geometry":{"type":"Polygon","coordinates":[[[9.47289,47.49137],[9.4751,47.4939],[9.47671,47.49279],[9.47948,47.49043],[9.47971,47.4901],[9.47983,47.48919],[9.48019,47.48834],[9.48016,47.48739],[9.48033,47.48699],[9.47686,47.48676],[9.47693,47.48724],[9.47714,47.48733],[9.4769,47.48877],[9.47717,47.48891],[9.47706,47.48898],[9.47721,47.48906],[9.47738,47.48963],[9.47696,47.48994],[9.47431,47.49069],[9.47289,47.49137]]]}},{"type":"Feature","properties":{"id":"schongebiet-4-tg","c":"TG","p":"closed","q":"official","k":"reach"},"geometry":{"type":"MultiPolygon","coordinates":[[[[9.29732,47.61479],[9.30534,47.61082],[9.31548,47.60441],[9.31261,47.60175],[9.31112,47.60269],[9.30817,47.60414],[9.30723,47.60531],[9.30595,47.60609],[9.30561,47.60657],[9.3056,47.60686],[9.30501,47.60689],[9.30471,47.60715],[9.3049,47.60732],[9.30463,47.60772],[9.30407,47.60801],[9.30391,47.60793],[9.30354,47.60821],[9.30335,47.60812],[9.303,47.6082],[9.30209,47.60901],[9.30118,47.60905],[9.30037,47.60968],[9.30008,47.6103],[9.29954,47.61058],[9.29807,47.61095],[9.298,47.6112],[9.29711,47.61152],[9.29698,47.61213],[9.29643,47.61261],[9.2963,47.6125],[9.2966,47.61236],[9.2969,47.61197],[9.29658,47.61146],[9.29572,47.6119],[9.29613,47.61231],[9.29566,47.61254],[9.29508,47.61201],[9.29458,47.61229],[9.29732,47.61479]]],[[[9.29732,47.61479],[9.29731,47.61479],[9.29734,47.61481],[9.29732,47.61479]]]]}},{"type":"Feature","properties":{"id":"schongebiet-5-tg","c":"TG","p":"closed","q":"official","k":"reach"},"geometry":{"type":"Polygon","coordinates":[[[9.38469,47.56189],[9.39175,47.54733],[9.38735,47.54614],[9.38651,47.54701],[9.38622,47.54791],[9.38648,47.54909],[9.38681,47.54917],[9.38683,47.55032],[9.38655,47.55056],[9.38525,47.54987],[9.38401,47.55087],[9.38381,47.55144],[9.38399,47.55163],[9.38375,47.55184],[9.38328,47.55187],[9.38286,47.5524],[9.38213,47.55259],[9.38178,47.55254],[9.38151,47.55292],[9.38121,47.55309],[9.38085,47.55311],[9.38051,47.55338],[9.38016,47.55394],[9.38018,47.55459],[9.38048,47.55492],[9.3808,47.55497],[9.38051,47.55552],[9.38071,47.55562],[9.38058,47.55616],[9.38088,47.55669],[9.38079,47.55687],[9.38095,47.55693],[9.38094,47.5576],[9.38135,47.55927],[9.38199,47.55945],[9.38163,47.55991],[9.38187,47.55994],[9.38217,47.56024],[9.38256,47.56144],[9.38362,47.56146],[9.38469,47.56189]]]}},{"type":"Feature","properties":{"id":"fischenz-privat-1-tg","c":"TG","p":"private","q":"official","k":"reach"},"geometry":{"type":"Polygon","coordinates":[[[9.19953,47.64727],[9.20107,47.64912],[9.20355,47.64859],[9.20577,47.64736],[9.20807,47.64651],[9.20884,47.64608],[9.21091,47.64562],[9.2136,47.64538],[9.21445,47.64505],[9.21985,47.64224],[9.22273,47.6411],[9.21955,47.63916],[9.21909,47.63923],[9.21709,47.64042],[9.21549,47.64099],[9.21459,47.6415],[9.21328,47.64287],[9.21324,47.64326],[9.21273,47.64349],[9.2127,47.64397],[9.2117,47.64494],[9.2119,47.64432],[9.2115,47.64406],[9.21035,47.64406],[9.20964,47.64352],[9.20863,47.64396],[9.20893,47.64448],[9.20937,47.64469],[9.20861,47.64462],[9.20816,47.64413],[9.20775,47.64403],[9.20609,47.64413],[9.20511,47.64457],[9.20452,47.64508],[9.20066,47.64656],[9.19953,47.64727]]]}},{"type":"Feature","properties":{"id":"fischenz-privat-2-tg","c":"TG","p":"private","q":"official","k":"reach"},"geometry":{"type":"Polygon","coordinates":[[[8.87416,47.65387],[8.87566,47.65385],[8.87506,47.65331],[8.87489,47.65287],[8.87379,47.6522],[8.87383,47.652],[8.87308,47.6519],[8.87234,47.65199],[8.87233,47.6536],[8.87416,47.65387]]]}},{"type":"Feature","properties":{"id":"fischenz-privat-3-tg","c":"TG","p":"private","q":"official","k":"reach"},"geometry":{"type":"Polygon","coordinates":[[[8.79884,47.67627],[8.79932,47.67565],[8.79856,47.67526],[8.79778,47.67499],[8.79347,47.67419],[8.79205,47.67422],[8.78945,47.67469],[8.78924,47.67483],[8.78814,47.67485],[8.78703,47.6751],[8.78556,47.6758],[8.78405,47.6759],[8.78365,47.67636],[8.78322,47.67641],[8.78276,47.67688],[8.78135,47.67731],[8.7792,47.67824],[8.77842,47.67891],[8.77787,47.67916],[8.77668,47.67937],[8.7755,47.67992],[8.77491,47.68],[8.77388,47.68042],[8.77229,47.68129],[8.77188,47.68174],[8.77054,47.68246],[8.77012,47.68307],[8.77011,47.68359],[8.76965,47.68399],[8.76713,47.68538],[8.76541,47.6861],[8.76386,47.68651],[8.76322,47.68692],[8.76022,47.68815],[8.75587,47.6892],[8.75601,47.68937],[8.75151,47.69049],[8.75065,47.69046],[8.74986,47.69061],[8.74951,47.69046],[8.74824,47.69048],[8.74601,47.69026],[8.74188,47.69071],[8.7397,47.69108],[8.7365,47.69211],[8.73548,47.69233],[8.73413,47.69243],[8.73036,47.69225],[8.72857,47.6924],[8.72485,47.69205],[8.72167,47.69144],[8.71907,47.69044],[8.71875,47.69012],[8.71774,47.6896],[8.71676,47.68928],[8.71191,47.68872],[8.70833,47.68865],[8.70407,47.6896],[8.70284,47.69056],[8.70049,47.69192],[8.69938,47.69202],[8.69825,47.69267],[8.69442,47.69363],[8.69335,47.69419],[8.69243,47.69427],[8.69096,47.69462],[8.69033,47.6946],[8.68947,47.6944],[8.68716,47.6919],[8.68544,47.69069],[8.68472,47.69],[8.68391,47.68974],[8.68207,47.68888],[8.67891,47.6869],[8.6778,47.68645],[8.67555,47.68584],[8.67264,47.68457],[8.67125,47.68416],[8.67068,47.68405],[8.66945,47.68412],[8.66946,47.68497],[8.67057,47.68483],[8.67356,47.68549],[8.67505,47.68626],[8.67892,47.68757],[8.68227,47.69002],[8.68323,47.69031],[8.6855,47.69159],[8.68682,47.69307],[8.68738,47.6943],[8.68988,47.69549],[8.69175,47.69525],[8.70074,47.69251],[8.70524,47.69016],[8.70836,47.68947],[8.71447,47.68976],[8.71622,47.69004],[8.71984,47.69143],[8.72219,47.69209],[8.72435,47.69249],[8.73193,47.69293],[8.73429,47.6928],[8.73647,47.69259],[8.7403,47.69163],[8.74286,47.69117],[8.74768,47.69092],[8.75031,47.69096],[8.75521,47.69007],[8.75775,47.68947],[8.75987,47.68877],[8.76281,47.68755],[8.76608,47.68653],[8.76821,47.68559],[8.76946,47.68472],[8.77095,47.68342],[8.77115,47.6829],[8.77408,47.68111],[8.78211,47.67773],[8.78796,47.67565],[8.79012,47.67516],[8.79245,47.67489],[8.79425,47.67504],[8.79649,47.67541],[8.79813,47.67587],[8.79884,47.67627]]]}},{"type":"Feature","properties":{"id":"fischenz-privat-4-tg","c":"TG","p":"private","q":"official","k":"reach"},"geometry":{"type":"Polygon","coordinates":[[[8.87696,47.65384],[8.87615,47.65398],[8.87566,47.65385],[8.87416,47.65387],[8.87233,47.6536],[8.87024,47.65431],[8.86889,47.65525],[8.86706,47.65597],[8.86533,47.6561],[8.86282,47.65492],[8.86183,47.6556],[8.86008,47.65717],[8.85808,47.65805],[8.85711,47.65833],[8.85664,47.6584],[8.85653,47.65831],[8.85465,47.65956],[8.85296,47.66021],[8.8517,47.66054],[8.85089,47.66051],[8.84963,47.66094],[8.84847,47.66166],[8.84834,47.66192],[8.84769,47.66216],[8.84658,47.66221],[8.84611,47.66211],[8.84469,47.66221],[8.84305,47.6628],[8.84256,47.66332],[8.84236,47.66338],[8.84211,47.66321],[8.84133,47.66333],[8.8408,47.66364],[8.84008,47.66443],[8.83716,47.66904],[8.83617,47.67035],[8.83369,47.67186],[8.83245,47.67223],[8.83156,47.67276],[8.83008,47.67403],[8.82701,47.67462],[8.82663,47.67449],[8.8247,47.67499],[8.82426,47.67529],[8.82082,47.67587],[8.81857,47.67681],[8.81818,47.67713],[8.81514,47.67723],[8.81337,47.67639],[8.81288,47.67627],[8.8097,47.67592],[8.8083,47.67601],[8.80732,47.67645],[8.80444,47.67738],[8.80247,47.67751],[8.80144,47.677],[8.79932,47.67565],[8.79884,47.67627],[8.80143,47.67775],[8.80286,47.67841],[8.80402,47.6785],[8.8055,47.67811],[8.80839,47.6769],[8.81051,47.6769],[8.81206,47.67736],[8.81468,47.67785],[8.8166,47.67784],[8.81885,47.67758],[8.82652,47.67497],[8.82981,47.67487],[8.83176,47.67415],[8.83426,47.67271],[8.83536,47.67224],[8.83849,47.67016],[8.84002,47.66881],[8.83961,47.66751],[8.83979,47.66672],[8.84071,47.6651],[8.84203,47.66424],[8.84684,47.6633],[8.85354,47.66123],[8.85457,47.66067],[8.85632,47.66027],[8.85819,47.65911],[8.85988,47.65843],[8.86119,47.65833],[8.86159,47.6585],[8.8633,47.65853],[8.86448,47.65834],[8.86619,47.65832],[8.8675,47.65797],[8.86726,47.65777],[8.86767,47.6577],[8.86806,47.65737],[8.86795,47.65718],[8.86964,47.65629],[8.87284,47.65589],[8.87423,47.656],[8.87543,47.65629],[8.87702,47.65627],[8.87762,47.65642],[8.87696,47.65384]]]}},{"type":"Feature","properties":{"id":"fischenz-privat-5-tg","c":"TG","p":"private","q":"official","k":"reach"},"geometry":{"type":"Polygon","coordinates":[[[9.11652,47.66553],[9.11643,47.66655],[9.11587,47.66668],[9.11546,47.66699],[9.11514,47.6677],[9.11379,47.66834],[9.10848,47.6693],[9.10698,47.66911],[9.10328,47.66948],[9.10151,47.67002],[9.10624,47.67474],[9.12517,47.6685],[9.12681,47.66809],[9.12913,47.66716],[9.13033,47.66684],[9.13363,47.66675],[9.13441,47.66646],[9.13491,47.66606],[9.13617,47.66562],[9.13796,47.66503],[9.13957,47.66475],[9.14146,47.66515],[9.14378,47.66621],[9.14511,47.6672],[9.14647,47.66791],[9.14801,47.66838],[9.14822,47.66883],[9.14899,47.6692],[9.14978,47.66911],[9.15025,47.66891],[9.15311,47.66983],[9.15464,47.66987],[9.15501,47.66952],[9.15727,47.66986],[9.1596,47.67115],[9.16147,47.67183],[9.16222,47.67156],[9.16381,47.67145],[9.16405,47.67115],[9.16595,47.67082],[9.16798,47.67081],[9.16858,47.67061],[9.17161,47.67009],[9.17308,47.66947],[9.17298,47.6693],[9.17424,47.66896],[9.17891,47.66686],[9.17796,47.66597],[9.17705,47.66635],[9.17692,47.66623],[9.17491,47.6672],[9.16951,47.66908],[9.16897,47.66907],[9.16521,47.66958],[9.16177,47.66935],[9.15959,47.66895],[9.15927,47.66874],[9.15871,47.66714],[9.15754,47.66647],[9.15721,47.66613],[9.15669,47.66607],[9.15563,47.6656],[9.15269,47.66543],[9.14942,47.66644],[9.14877,47.66653],[9.1479,47.66642],[9.14415,47.66426],[9.14354,47.66427],[9.14223,47.66382],[9.14199,47.66342],[9.13912,47.6631],[9.13694,47.66405],[9.13286,47.66523],[9.13278,47.66512],[9.13167,47.66518],[9.13044,47.66546],[9.1295,47.66554],[9.12753,47.66614],[9.12634,47.66634],[9.12496,47.6664],[9.12289,47.66585],[9.12093,47.66553],[9.11998,47.66558],[9.11902,47.66592],[9.11874,47.66588],[9.11875,47.6653],[9.11856,47.66513],[9.11765,47.66493],[9.11683,47.66507],[9.11683,47.66541],[9.11652,47.66553]]]}},{"type":"Feature","properties":{"id":"fischenz-privat-6-tg","c":"TG","p":"private","q":"official","k":"reach"},"geometry":{"type":"Polygon","coordinates":[[[8.86282,47.65492],[8.86533,47.6561],[8.86706,47.65597],[8.86889,47.65525],[8.87024,47.65431],[8.87233,47.6536],[8.87234,47.65199],[8.87194,47.65206],[8.87149,47.6518],[8.87083,47.65171],[8.87022,47.65181],[8.86965,47.65211],[8.86933,47.65256],[8.86928,47.65279],[8.86955,47.65315],[8.86943,47.65322],[8.8695,47.65354],[8.8693,47.65374],[8.86862,47.65392],[8.86728,47.65373],[8.86669,47.65351],[8.86623,47.65352],[8.8645,47.65412],[8.86282,47.65492]]]}},{"type":"Feature","properties":{"id":"bommerweiher-tg","c":"TG","p":"unknown","q":"stub","k":"lake"},"geometry":{"type":"Polygon","coordinates":[[[9.14955,47.61819],[9.15227,47.61795],[9.15302,47.61776],[9.15176,47.61754],[9.15067,47.61771],[9.15007,47.61724],[9.15003,47.61703],[9.1503,47.61673],[9.15019,47.6165],[9.14998,47.61646],[9.1476,47.61661],[9.14704,47.61653],[9.14659,47.6167],[9.14665,47.61732],[9.14687,47.6175],[9.14823,47.61764],[9.14938,47.61799],[9.14955,47.61819]]]}},{"type":"Feature","properties":{"id":"bodensee-tg","c":"TG","p":"mixed","q":"derived","k":"lake","fr":1,"ns":1},"geometry":{"type":"MultiPolygon","coordinates":[[[[9.47624,47.48939],[9.47701,47.48984],[9.4736,47.49081],[9.47244,47.49173],[9.47225,47.49172],[9.47138,47.49229],[9.47081,47.49246],[9.47066,47.49274],[9.46904,47.49399],[9.46888,47.49397],[9.4688,47.49425],[9.46891,47.4943],[9.46868,47.49469],[9.46743,47.49529],[9.46734,47.49514],[9.46722,47.49518],[9.46728,47.49552],[9.46708,47.49578],[9.46606,47.49629],[9.46532,47.49658],[9.46485,47.49663],[9.46473,47.49645],[9.4651,47.49643],[9.46471,47.49593],[9.46307,47.49624],[9.46313,47.49665],[9.46281,47.4968],[9.46255,47.49632],[9.46182,47.49649],[9.46206,47.49674],[9.46148,47.49681],[9.45885,47.49762],[9.45738,47.49823],[9.45688,47.49814],[9.45681,47.49841],[9.4548,47.4992],[9.45483,47.49949],[9.45455,47.49937],[9.45381,47.4994],[9.45354,47.49916],[9.4531,47.49908],[9.45352,47.49925],[9.45424,47.49986],[9.4536,47.49969],[9.4531,47.49979],[9.45323,47.49953],[9.45298,47.49929],[9.45278,47.49912],[9.45228,47.4991],[9.45108,47.49973],[9.45122,47.50004],[9.45152,47.50014],[9.45228,47.49996],[9.45337,47.49989],[9.45346,47.50035],[9.45331,47.5002],[9.45124,47.50051],[9.44953,47.50119],[9.44944,47.50143],[9.45756,47.50725],[9.47197,47.50173],[9.48355,47.49377],[9.47843,47.49032],[9.47624,47.48939]]],[[[9.43418,47.50615],[9.43565,47.50663],[9.43499,47.50778],[9.43467,47.50872],[9.43447,47.51068],[9.43482,47.51163],[9.43566,47.51231],[9.43637,47.51255],[9.43692,47.51291],[9.43707,47.51283],[9.43689,47.51262],[9.43725,47.51273],[9.43801,47.5123],[9.43863,47.51227],[9.43893,47.51239],[9.43906,47.51264],[9.43864,47.51234],[9.43809,47.51236],[9.43693,47.51301],[9.43775,47.51376],[9.44012,47.51248],[9.44049,47.51278],[9.43877,47.51373],[9.43866,47.51394],[9.43873,47.51425],[9.43946,47.51478],[9.4397,47.51534],[9.43983,47.51545],[9.43996,47.51538],[9.44038,47.51548],[9.4405,47.51562],[9.44033,47.51609],[9.44012,47.51605],[9.43963,47.51688],[9.43891,47.51764],[9.43803,47.51834],[9.43786,47.51824],[9.43758,47.51842],[9.43775,47.51859],[9.43642,47.51932],[9.43514,47.51962],[9.43388,47.52065],[9.43285,47.52107],[9.43206,47.52109],[9.43112,47.52087],[9.42959,47.52014],[9.42828,47.52049],[9.42563,47.52151],[9.42469,47.52222],[9.42478,47.52244],[9.42236,47.52328],[9.42121,47.52496],[9.41898,47.52654],[9.41644,47.52772],[9.41631,47.52794],[9.4166,47.5282],[9.41642,47.52834],[9.41519,47.52882],[9.41477,47.52885],[9.41404,47.52952],[9.41308,47.52968],[9.41293,47.53008],[9.40946,47.53193],[9.40832,47.53297],[9.40793,47.53311],[9.40808,47.53362],[9.40787,47.5339],[9.40757,47.53406],[9.40691,47.53414],[9.40637,47.53496],[9.40563,47.5351],[9.40541,47.5353],[9.40506,47.53612],[9.40477,47.53637],[9.40348,47.53666],[9.40326,47.53683],[9.40199,47.53722],[9.40145,47.53725],[9.40132,47.53766],[9.40105,47.5379],[9.40081,47.53801],[9.4002,47.53799],[9.40001,47.53821],[9.39902,47.53838],[9.39772,47.53917],[9.39721,47.53964],[9.39417,47.54116],[9.39228,47.5425],[9.39103,47.54313],[9.39086,47.54356],[9.38866,47.545],[9.38803,47.54565],[9.38729,47.54604],[9.38651,47.5462],[9.38586,47.54586],[9.38685,47.54646],[9.386,47.54809],[9.38615,47.54853],[9.38665,47.54891],[9.38692,47.55018],[9.38668,47.55039],[9.38525,47.54963],[9.38508,47.54974],[9.38554,47.55001],[9.3836,47.55112],[9.38334,47.55158],[9.38267,47.55182],[9.38147,47.55253],[9.38089,47.55318],[9.38016,47.55438],[9.38052,47.5549],[9.38083,47.55506],[9.38082,47.55525],[9.38053,47.5555],[9.38069,47.55575],[9.38058,47.55633],[9.38091,47.55635],[9.38081,47.55677],[9.38095,47.55762],[9.38151,47.55985],[9.38175,47.56007],[9.38188,47.56083],[9.3823,47.56084],[9.38252,47.56138],[9.38244,47.56445],[9.38328,47.5645],[9.38364,47.56415],[9.38413,47.56336],[9.38426,47.56224],[9.38456,47.5619],[9.38475,47.56193],[9.38476,47.56205],[9.3844,47.56246],[9.38421,47.56372],[9.38321,47.56498],[9.38313,47.56584],[9.38239,47.56528],[9.38238,47.56469],[9.37997,47.56469],[9.37994,47.56643],[9.38013,47.56682],[9.38052,47.56705],[9.382,47.56728],[9.38219,47.56728],[9.38224,47.56716],[9.38277,47.56717],[9.38277,47.56749],[9.38295,47.56763],[9.38378,47.56761],[9.38433,47.56728],[9.38437,47.56679],[9.38355,47.56635],[9.3837,47.56624],[9.38555,47.56695],[9.38557,47.56739],[9.38525,47.56752],[9.38527,47.56822],[9.38548,47.56862],[9.38524,47.56921],[9.38523,47.56998],[9.3843,47.57069],[9.38411,47.57062],[9.38417,47.57051],[9.38492,47.56992],[9.38484,47.56859],[9.38409,47.56871],[9.3832,47.56867],[9.38233,47.56999],[9.38192,47.5702],[9.38202,47.5707],[9.3825,47.57083],[9.38198,47.57082],[9.3817,47.57098],[9.38174,47.57207],[9.3799,47.57265],[9.37983,47.57255],[9.3788,47.5727],[9.37731,47.57333],[9.37707,47.57378],[9.37554,47.57422],[9.3724,47.57474],[9.37173,47.575],[9.37093,47.57511],[9.36971,47.57572],[9.36983,47.57607],[9.36966,47.57606],[9.36945,47.5758],[9.36748,47.57684],[9.36649,47.57716],[9.36236,47.57908],[9.35974,47.57989],[9.35983,47.58002],[9.35936,47.58019],[9.35923,47.58005],[9.35844,47.5803],[9.35643,47.58105],[9.35647,47.58122],[9.35624,47.58129],[9.35612,47.58114],[9.35572,47.58132],[9.3552,47.58135],[9.3484,47.58397],[9.34738,47.58443],[9.34719,47.58468],[9.34658,47.58499],[9.34658,47.58485],[9.34607,47.58516],[9.34619,47.58527],[9.34525,47.58594],[9.34534,47.5862],[9.34519,47.58624],[9.34497,47.5858],[9.34401,47.58569],[9.34391,47.58582],[9.3437,47.5858],[9.34336,47.586],[9.34369,47.58589],[9.34377,47.58598],[9.34321,47.58622],[9.34284,47.58618],[9.34256,47.58635],[9.34219,47.58634],[9.34057,47.58708],[9.34012,47.58742],[9.33771,47.5883],[9.33604,47.58927],[9.33394,47.59006],[9.33255,47.59084],[9.33,47.59182],[9.32771,47.59288],[9.32722,47.59295],[9.32547,47.59402],[9.32506,47.59406],[9.3248,47.59447],[9.32409,47.5947],[9.32416,47.59478],[9.32333,47.59519],[9.32292,47.59566],[9.32294,47.59584],[9.3225,47.59568],[9.32231,47.5958],[9.32262,47.59615],[9.32235,47.59603],[9.32188,47.59637],[9.32173,47.59629],[9.32072,47.59696],[9.321,47.59716],[9.32074,47.59731],[9.32057,47.59718],[9.31955,47.59755],[9.31942,47.59739],[9.31914,47.59751],[9.31618,47.59957],[9.31134,47.60259],[9.30818,47.60413],[9.30725,47.6053],[9.3067,47.60554],[9.30582,47.60627],[9.30558,47.60661],[9.3056,47.60686],[9.30499,47.60689],[9.30472,47.60716],[9.30493,47.60729],[9.30468,47.60747],[9.30464,47.60771],[9.30408,47.608],[9.30392,47.60793],[9.30355,47.6082],[9.30336,47.60811],[9.30315,47.60825],[9.30305,47.60818],[9.30224,47.60874],[9.30209,47.60903],[9.30115,47.60904],[9.30038,47.60967],[9.30001,47.61028],[9.29957,47.61056],[9.29832,47.61091],[9.29812,47.611],[9.29808,47.61122],[9.29716,47.61153],[9.29707,47.61205],[9.29648,47.61261],[9.29626,47.61252],[9.29656,47.61238],[9.29692,47.61185],[9.29659,47.61145],[9.29576,47.61188],[9.29619,47.61229],[9.29569,47.61255],[9.29509,47.61199],[9.29457,47.61231],[9.29441,47.6122],[9.29427,47.61228],[9.29438,47.61235],[9.29341,47.61293],[9.29283,47.613],[9.29187,47.61368],[9.29098,47.61383],[9.29025,47.61365],[9.2899,47.61374],[9.28916,47.61423],[9.28887,47.61421],[9.28897,47.61436],[9.28869,47.61457],[9.28856,47.61447],[9.28742,47.61496],[9.28521,47.61649],[9.28336,47.61696],[9.28284,47.61682],[9.28205,47.61702],[9.28108,47.6176],[9.28065,47.61763],[9.27976,47.61799],[9.27849,47.61895],[9.27733,47.61956],[9.27463,47.62054],[9.27328,47.62075],[9.27062,47.62188],[9.26844,47.62362],[9.26831,47.62393],[9.26789,47.62361],[9.26796,47.62353],[9.26811,47.62364],[9.26893,47.62316],[9.26827,47.62265],[9.267,47.62314],[9.26707,47.62336],[9.26688,47.6234],[9.26664,47.62306],[9.26625,47.62312],[9.26554,47.62343],[9.26545,47.62338],[9.2653,47.62354],[9.26479,47.62361],[9.26109,47.62486],[9.25799,47.62572],[9.25634,47.62659],[9.25524,47.62748],[9.25302,47.62794],[9.25213,47.6284],[9.24925,47.6305],[9.24735,47.63136],[9.24724,47.63127],[9.24644,47.6316],[9.24515,47.63183],[9.24396,47.63222],[9.24272,47.63221],[9.24154,47.63236],[9.24177,47.63276],[9.24126,47.63294],[9.23977,47.63288],[9.23928,47.63262],[9.23771,47.6325],[9.23672,47.63261],[9.23537,47.63296],[9.23353,47.63374],[9.23308,47.63428],[9.23307,47.63452],[9.23339,47.63492],[9.23276,47.63549],[9.23153,47.63582],[9.23045,47.63477],[9.22982,47.63461],[9.22801,47.63471],[9.22639,47.6352],[9.22552,47.63589],[9.22428,47.63625],[9.22309,47.63678],[9.22271,47.63714],[9.22282,47.63758],[9.22188,47.63778],[9.22091,47.63781],[9.22013,47.6381],[9.21942,47.63889],[9.21985,47.63912],[9.21987,47.63934],[9.2193,47.63932],[9.21822,47.63964],[9.21726,47.64027],[9.21663,47.64045],[9.21658,47.64059],[9.21563,47.64089],[9.21459,47.64142],[9.21389,47.64234],[9.21324,47.64283],[9.21296,47.64341],[9.21265,47.64348],[9.21221,47.64341],[9.21285,47.64369],[9.21263,47.64373],[9.21268,47.64391],[9.21219,47.64434],[9.21192,47.64481],[9.21179,47.64474],[9.21186,47.64431],[9.21156,47.64412],[9.21051,47.64415],[9.21,47.64386],[9.20942,47.64406],[9.2088,47.64399],[9.20821,47.64412],[9.20749,47.64395],[9.20649,47.64405],[9.20539,47.64458],[9.20476,47.64509],[9.20467,47.64543],[9.2041,47.64547],[9.20054,47.6466],[9.19906,47.64757],[9.19687,47.64761],[9.19583,47.64852],[9.19482,47.6489],[9.19446,47.6488],[9.19446,47.64871],[9.19532,47.64842],[9.19614,47.64794],[9.1962,47.64761],[9.19597,47.64725],[9.19499,47.64711],[9.19351,47.64732],[9.1925,47.64726],[9.19227,47.64749],[9.19218,47.64793],[9.19244,47.64889],[9.19423,47.64853],[9.19371,47.64901],[9.1921,47.64936],[9.19175,47.64935],[9.19159,47.64923],[9.19137,47.64776],[9.19115,47.64774],[9.19054,47.64804],[9.19144,47.6491],[9.19144,47.64929],[9.19058,47.64957],[9.18997,47.6496],[9.18915,47.64981],[9.1857,47.65268],[9.18539,47.65278],[9.18404,47.65217],[9.18314,47.65231],[9.1838,47.65272],[9.18444,47.65262],[9.1853,47.65288],[9.18436,47.65371],[9.18432,47.65395],[9.1839,47.65405],[9.18361,47.65426],[9.1834,47.65424],[9.18299,47.65347],[9.18355,47.65287],[9.18348,47.65259],[9.18309,47.65244],[9.18243,47.65264],[9.18191,47.65176],[9.1817,47.6517],[9.1812,47.65185],[9.18062,47.65248],[9.18143,47.65276],[9.18153,47.65328],[9.18233,47.65378],[9.18298,47.6546],[9.18226,47.65526],[9.18178,47.65595],[9.1871,47.65745],[9.20304,47.65533],[9.21483,47.6551],[9.25656,47.65871],[9.39471,47.62033],[9.4956,47.55146],[9.50695,47.54974],[9.44697,47.51131],[9.43561,47.50651],[9.43418,47.50615]],[[9.38389,47.57045],[9.38341,47.57047],[9.38323,47.57066],[9.38323,47.57037],[9.38392,47.57035],[9.38389,47.57045]],[[9.29491,47.61255],[9.29517,47.61284],[9.29549,47.61302],[9.29498,47.61289],[9.29484,47.61265],[9.29491,47.61255]],[[9.18391,47.65238],[9.18436,47.65248],[9.18443,47.65255],[9.18418,47.65256],[9.18391,47.65238]]]]}},{"type":"Feature","properties":{"id":"bommerweiher-tg-2","c":"TG","p":"unknown","q":"stub","k":"lake"},"geometry":{"type":"Polygon","coordinates":[[[9.15492,47.6198],[9.15515,47.61985],[9.1559,47.61965],[9.15719,47.61875],[9.15749,47.61883],[9.15773,47.61874],[9.15903,47.61789],[9.15997,47.61773],[9.16178,47.61796],[9.16197,47.61788],[9.16041,47.61757],[9.16045,47.61697],[9.15996,47.61754],[9.15833,47.61751],[9.15755,47.61707],[9.1567,47.61698],[9.15607,47.61701],[9.15536,47.61725],[9.15364,47.61733],[9.15338,47.61754],[9.15324,47.61834],[9.15492,47.6198]]]}},{"type":"Feature","properties":{"id":"nussbaumersee-tg","c":"TG","p":"unknown","q":"stub","k":"lake"},"geometry":{"type":"Polygon","coordinates":[[[8.81076,47.61545],[8.81186,47.61633],[8.81398,47.61649],[8.81417,47.61712],[8.81472,47.61742],[8.81548,47.6183],[8.81588,47.61833],[8.81657,47.61819],[8.81713,47.61786],[8.81728,47.61756],[8.81714,47.61719],[8.81784,47.61684],[8.81783,47.61642],[8.81895,47.61648],[8.81976,47.61603],[8.81995,47.61563],[8.82043,47.6153],[8.82071,47.61449],[8.82112,47.61503],[8.82176,47.61544],[8.82214,47.6156],[8.82265,47.61563],[8.82343,47.61558],[8.82377,47.61543],[8.82405,47.6143],[8.8237,47.61405],[8.82263,47.61378],[8.82134,47.61378],[8.82077,47.61412],[8.81986,47.61381],[8.819,47.61386],[8.8171,47.61481],[8.81603,47.61577],[8.8156,47.61579],[8.81534,47.61549],[8.8155,47.6147],[8.8159,47.61405],[8.81592,47.6136],[8.81563,47.6133],[8.815,47.61326],[8.81395,47.61353],[8.81181,47.61376],[8.81131,47.61501],[8.81076,47.61545]],[[8.81495,47.61616],[8.81498,47.61652],[8.81467,47.61654],[8.81464,47.61627],[8.81495,47.61616]]]}},{"type":"Feature","properties":{"id":"hasensee-tg","c":"TG","p":"unknown","q":"stub","k":"lake"},"geometry":{"type":"Polygon","coordinates":[[[8.82819,47.6071],[8.8271,47.60712],[8.82668,47.60735],[8.82649,47.6077],[8.8262,47.60781],[8.8261,47.60813],[8.82631,47.60851],[8.82619,47.60887],[8.82636,47.60916],[8.82688,47.60914],[8.82865,47.60875],[8.82888,47.60858],[8.82901,47.60817],[8.8293,47.60807],[8.82958,47.60822],[8.82991,47.60822],[8.83212,47.60787],[8.83432,47.60702],[8.83468,47.6066],[8.83466,47.60641],[8.83449,47.60615],[8.83374,47.60596],[8.8319,47.60613],[8.83034,47.60658],[8.82932,47.60728],[8.82917,47.60781],[8.82929,47.608],[8.82904,47.60809],[8.82876,47.60784],[8.82869,47.60733],[8.82819,47.6071]]]}},{"type":"Feature","properties":{"id":"huettwilersee-tg","c":"TG","p":"unknown","q":"stub","k":"lake"},"geometry":{"type":"Polygon","coordinates":[[[8.83613,47.61398],[8.83821,47.61329],[8.83889,47.61341],[8.84009,47.61308],[8.84491,47.61131],[8.84682,47.61112],[8.84699,47.61076],[8.84664,47.6104],[8.84762,47.60985],[8.84773,47.60934],[8.84701,47.60877],[8.84601,47.60714],[8.8448,47.60687],[8.84201,47.60697],[8.84161,47.60732],[8.84146,47.60809],[8.84096,47.60828],[8.84057,47.60864],[8.84077,47.6097],[8.84001,47.6112],[8.83962,47.61149],[8.83853,47.61184],[8.83802,47.61216],[8.83747,47.6122],[8.83621,47.61204],[8.83406,47.6125],[8.8337,47.61266],[8.83342,47.6133],[8.83292,47.6135],[8.83252,47.61413],[8.83271,47.61426],[8.83312,47.61428],[8.83373,47.61403],[8.83613,47.61398]]]}},{"type":"Feature","properties":{"id":"untersee-rhein-tg","c":"TG","p":"mixed","q":"derived","k":"lake","fr":1,"ns":1},"geometry":{"type":"Polygon","coordinates":[[[9.12597,47.66644],[9.12547,47.66623],[9.12466,47.66631],[9.12216,47.6655],[9.12062,47.66551],[9.12017,47.66541],[9.11899,47.66577],[9.11869,47.66537],[9.11895,47.66514],[9.11867,47.66514],[9.1183,47.66491],[9.11765,47.6649],[9.11696,47.66512],[9.11704,47.66537],[9.11681,47.66552],[9.11527,47.66535],[9.11328,47.6658],[9.11267,47.6654],[9.11172,47.6645],[9.11263,47.6655],[9.11195,47.66562],[9.11094,47.66551],[9.11036,47.66603],[9.10967,47.6659],[9.10892,47.66596],[9.10863,47.66581],[9.10699,47.66564],[9.10531,47.66529],[9.1041,47.66535],[9.10311,47.66579],[9.10067,47.66617],[9.10026,47.66659],[9.09879,47.66634],[9.09713,47.66629],[9.09564,47.66672],[9.09553,47.66693],[9.09372,47.66762],[9.09307,47.6682],[9.09143,47.66998],[9.09126,47.67126],[9.08979,47.6726],[9.08983,47.67289],[9.08937,47.67346],[9.08833,47.67345],[9.0882,47.67359],[9.08702,47.67364],[9.087,47.67374],[9.0866,47.67375],[9.0866,47.67387],[9.08532,47.67406],[9.08559,47.67529],[9.08537,47.67521],[9.08493,47.67437],[9.08464,47.67424],[9.08382,47.67423],[9.08373,47.67448],[9.08295,47.67438],[9.08279,47.67446],[9.08196,47.6738],[9.08171,47.67387],[9.08153,47.67371],[9.08165,47.6736],[9.08148,47.67341],[9.08167,47.67334],[9.08127,47.67267],[9.08146,47.67258],[9.08132,47.67231],[9.08101,47.67233],[9.08064,47.672],[9.08026,47.67193],[9.08027,47.67171],[9.07885,47.67141],[9.07814,47.67107],[9.07809,47.67086],[9.07668,47.67042],[9.07669,47.67051],[9.07618,47.67051],[9.07619,47.67067],[9.07515,47.6707],[9.07502,47.67088],[9.0733,47.67161],[9.07143,47.67263],[9.06967,47.67424],[9.06865,47.67459],[9.06765,47.67447],[9.06705,47.67402],[9.06618,47.67428],[9.06606,47.67416],[9.0655,47.67413],[9.06483,47.67382],[9.06378,47.67397],[9.06302,47.67383],[9.06077,47.67384],[9.05737,47.67443],[9.05649,47.67425],[9.05527,47.67378],[9.05418,47.67373],[9.05275,47.67383],[9.05273,47.67397],[9.05189,47.6741],[9.05193,47.67434],[9.0507,47.67439],[9.05068,47.67448],[9.05017,47.67456],[9.04936,47.67457],[9.04877,47.67443],[9.04846,47.67462],[9.04755,47.67407],[9.04742,47.67369],[9.04713,47.67358],[9.04704,47.67339],[9.04596,47.67282],[9.04426,47.6727],[9.04206,47.67301],[9.04126,47.67325],[9.04035,47.67363],[9.03918,47.6745],[9.03732,47.67486],[9.03721,47.67503],[9.03681,47.675],[9.03682,47.67487],[9.03623,47.67455],[9.03596,47.67422],[9.0345,47.67372],[9.03062,47.67338],[9.02847,47.67281],[9.02798,47.67289],[9.02773,47.67273],[9.02613,47.67272],[9.02511,47.67281],[9.02412,47.67309],[9.024,47.67328],[9.02323,47.6735],[9.02221,47.67415],[9.02259,47.67431],[9.02106,47.67514],[9.01982,47.67525],[9.01772,47.67497],[9.01773,47.67538],[9.01559,47.67466],[9.01566,47.67454],[9.01528,47.67382],[9.01459,47.67314],[9.01383,47.67268],[9.01304,47.67245],[9.01205,47.67234],[9.01111,47.67242],[9.00975,47.6721],[9.00777,47.67203],[9.00552,47.67155],[9.00292,47.67118],[9.00187,47.67114],[9.00062,47.67135],[8.99948,47.67131],[8.99771,47.67092],[8.99701,47.67058],[8.99188,47.66896],[8.98993,47.66871],[8.98996,47.6686],[8.98936,47.66848],[8.98921,47.66825],[8.9889,47.66817],[8.98867,47.66815],[8.98856,47.66829],[8.98738,47.66869],[8.98599,47.66937],[8.98503,47.66922],[8.98414,47.66936],[8.98272,47.66892],[8.98205,47.66847],[8.98148,47.66869],[8.98163,47.66846],[8.98101,47.66791],[8.98037,47.66702],[8.98023,47.66702],[8.98017,47.66617],[8.98047,47.66612],[8.98037,47.66565],[8.9801,47.66547],[8.9803,47.66537],[8.98016,47.66507],[8.97991,47.66517],[8.9791,47.6649],[8.97875,47.66473],[8.97898,47.66458],[8.97888,47.66452],[8.97811,47.66429],[8.978,47.66444],[8.97601,47.66463],[8.97476,47.66485],[8.97469,47.66498],[8.97304,47.66486],[8.97271,47.66452],[8.97266,47.66398],[8.97124,47.66196],[8.97171,47.66174],[8.97161,47.66142],[8.97206,47.66074],[8.97193,47.66012],[8.97176,47.66015],[8.97133,47.65975],[8.971,47.65967],[8.96997,47.65899],[8.96987,47.65907],[8.96891,47.65871],[8.9689,47.65859],[8.9672,47.65822],[8.96714,47.65809],[8.96547,47.6576],[8.96527,47.65733],[8.9643,47.65708],[8.96315,47.6565],[8.96215,47.65625],[8.96129,47.6562],[8.95777,47.65766],[8.95599,47.65662],[8.95614,47.65644],[8.95582,47.65627],[8.95592,47.6562],[8.95554,47.65582],[8.95559,47.65572],[8.95299,47.65434],[8.95181,47.65403],[8.95116,47.65397],[8.95046,47.65419],[8.9491,47.65497],[8.94763,47.65494],[8.94613,47.65382],[8.94535,47.65306],[8.94438,47.65251],[8.94381,47.65237],[8.94291,47.6523],[8.93966,47.65265],[8.93854,47.65197],[8.9372,47.6516],[8.93489,47.65195],[8.93324,47.65193],[8.93154,47.65232],[8.93124,47.65173],[8.931,47.65165],[8.93003,47.65079],[8.92937,47.64998],[8.9274,47.64915],[8.9265,47.64866],[8.92534,47.64774],[8.92413,47.64707],[8.92277,47.64653],[8.92166,47.64639],[8.91997,47.64689],[8.91954,47.64722],[8.91931,47.64703],[8.91787,47.6476],[8.91782,47.64831],[8.91692,47.64827],[8.91688,47.64835],[8.91531,47.64743],[8.91402,47.64768],[8.91359,47.64755],[8.91334,47.64717],[8.91275,47.64683],[8.91237,47.64688],[8.91119,47.64665],[8.91006,47.64602],[8.90841,47.64453],[8.9079,47.64449],[8.90688,47.64385],[8.90514,47.64359],[8.90421,47.64333],[8.90044,47.64354],[8.90001,47.64338],[8.89775,47.64336],[8.89613,47.64363],[8.89512,47.64415],[8.89416,47.64419],[8.89258,47.64391],[8.89121,47.64437],[8.88921,47.6461],[8.88895,47.64617],[8.88724,47.64743],[8.88652,47.64765],[8.88573,47.64821],[8.88357,47.65074],[8.88331,47.65169],[8.88291,47.65204],[8.88291,47.65235],[8.88185,47.65274],[8.87626,47.65385],[8.8759,47.6538],[8.87504,47.6534],[8.87511,47.65331],[8.87559,47.65334],[8.87559,47.65319],[8.87394,47.65228],[8.87391,47.65194],[8.8728,47.65194],[8.87217,47.65211],[8.87141,47.65177],[8.87052,47.65174],[8.86936,47.65222],[8.86923,47.6528],[8.86949,47.65339],[8.86923,47.65379],[8.8685,47.6539],[8.86773,47.65371],[8.86732,47.65344],[8.8663,47.65346],[8.86538,47.65374],[8.86282,47.65493],[8.86533,47.6561],[8.86706,47.65597],[8.87245,47.65395],[8.87556,47.65497],[8.87852,47.65505],[8.87976,47.65494],[8.88245,47.65431],[8.88524,47.65329],[8.89027,47.6499],[8.89174,47.64914],[8.8935,47.64844],[8.89512,47.64814],[8.89822,47.64817],[8.90051,47.64833],[8.90247,47.6487],[8.90525,47.65003],[8.9072,47.65062],[8.91213,47.65132],[8.91825,47.65278],[8.92153,47.65316],[8.9252,47.65479],[8.92655,47.65517],[8.93045,47.65557],[8.93711,47.6557],[8.94107,47.65616],[8.94244,47.65671],[8.94449,47.65863],[8.94606,47.6595],[8.94723,47.65985],[8.95041,47.66043],[8.95433,47.66246],[8.95573,47.66299],[8.96158,47.66426],[8.96352,47.66524],[8.96909,47.6677],[8.97057,47.66811],[8.97485,47.66898],[8.97564,47.66949],[8.97795,47.67226],[8.97905,47.67302],[8.98015,47.67351],[8.98351,47.6743],[8.98862,47.67494],[8.99008,47.67528],[8.99932,47.67826],[9.00274,47.67952],[9.00654,47.68122],[9.01259,47.68438],[9.01487,47.68532],[9.01857,47.68633],[9.02073,47.68666],[9.02294,47.68684],[9.02604,47.6868],[9.02867,47.68651],[9.03945,47.68431],[9.04862,47.68265],[9.05943,47.68103],[9.07153,47.67957],[9.07589,47.67862],[9.07798,47.67864],[9.08055,47.67885],[9.0857,47.67969],[9.08803,47.67992],[9.09116,47.67985],[9.0942,47.67942],[9.0994,47.67803],[9.10219,47.67703],[9.10487,47.67589],[9.10886,47.6738],[9.11394,47.67048],[9.11645,47.66927],[9.11839,47.66858],[9.12085,47.66793],[9.12299,47.66757],[9.12666,47.66715],[9.12597,47.66644]],[[8.86726,47.65489],[8.86756,47.65507],[8.86749,47.6553],[8.86696,47.65569],[8.86583,47.65596],[8.86554,47.65589],[8.86537,47.65504],[8.86603,47.65509],[8.86726,47.65489]]]}},{"type":"Feature","properties":{"id":"feilenbach-tg","c":"TG","p":"pacht","q":"derived","k":"river"},"geometry":{"type":"LineString","coordinates":[[9.34363,47.5202],[9.34426,47.51983],[9.34554,47.52031],[9.34679,47.52036],[9.35039,47.51995],[9.35307,47.51927],[9.35427,47.51937],[9.3553,47.51983],[9.35613,47.51981],[9.35655,47.51954],[9.35694,47.51979],[9.35752,47.51985],[9.35825,47.51936],[9.36041,47.51926],[9.36376,47.51833],[9.36782,47.51798],[9.36847,47.51825],[9.36883,47.5181],[9.37089,47.51801],[9.37452,47.51808],[9.3747,47.51829],[9.37714,47.51862],[9.37947,47.51851],[9.38015,47.51866],[9.38023,47.51883],[9.38215,47.51919],[9.38276,47.51906],[9.3831,47.51922],[9.38351,47.519],[9.38414,47.51896],[9.38455,47.51928],[9.38602,47.51936],[9.38643,47.51906],[9.38688,47.51913],[9.38704,47.51937],[9.38825,47.51921],[9.38832,47.51901],[9.38925,47.51892],[9.38965,47.51866],[9.39063,47.51902],[9.39107,47.51886],[9.39154,47.5194],[9.39227,47.51898],[9.39286,47.51919],[9.39324,47.51891],[9.39387,47.5188],[9.39431,47.519],[9.396,47.51883],[9.39691,47.51896],[9.39684,47.5187],[9.39847,47.51828],[9.3994,47.51826],[9.39982,47.51783],[9.40089,47.51821],[9.40103,47.51791],[9.40211,47.5175],[9.40215,47.51731],[9.40268,47.51768],[9.4031,47.51734],[9.40342,47.51732],[9.40336,47.51709],[9.40447,47.51658],[9.40495,47.51708],[9.40602,47.51644],[9.40734,47.51697],[9.40777,47.51676],[9.40799,47.51633],[9.40889,47.51592],[9.40908,47.51607],[9.40952,47.51592],[9.40949,47.51551],[9.40984,47.51517],[9.411,47.51484],[9.41102,47.5144],[9.412,47.51409],[9.41164,47.51389],[9.4118,47.51356],[9.41098,47.51332],[9.41048,47.51264],[9.41114,47.51201],[9.4115,47.51191],[9.41155,47.51211],[9.41211,47.51219],[9.4121,47.51161],[9.4127,47.51168],[9.41413,47.51131],[9.41613,47.51143]]}},{"type":"Feature","properties":{"id":"binnenkanal-tg","c":"TG","p":"pacht","q":"derived","k":"river"},"geometry":{"type":"MultiLineString","coordinates":[[[8.98796,47.59231],[8.98608,47.5924],[8.98247,47.5946],[8.98113,47.59383],[8.97953,47.59206],[8.97859,47.59166],[8.95481,47.59101],[8.94453,47.5899],[8.94035,47.58821]],[[8.99817,47.59205],[8.99798,47.5921]]]}},{"type":"Feature","properties":{"id":"chemibach-tg","c":"TG","p":"pacht","q":"derived","k":"river"},"geometry":{"type":"LineString","coordinates":[[9.1653,47.59075],[9.16359,47.59154],[9.16152,47.59191],[9.16124,47.59247],[9.15888,47.5932],[9.15817,47.59397],[9.15769,47.59539],[9.15711,47.596],[9.15707,47.59636],[9.15611,47.59689],[9.1556,47.59802],[9.15532,47.59795],[9.15451,47.59819],[9.15433,47.59857],[9.15393,47.59865],[9.15426,47.59882],[9.15401,47.59895],[9.15415,47.59936],[9.15393,47.59974],[9.15428,47.60041],[9.15371,47.60053],[9.15298,47.60134],[9.15312,47.6016],[9.15183,47.60172],[9.15142,47.60133],[9.1513,47.6015],[9.1509,47.60149],[9.14992,47.60229],[9.15012,47.60252],[9.14998,47.60265],[9.14955,47.60271],[9.14851,47.60352],[9.14738,47.60397],[9.14647,47.60407],[9.14576,47.60388],[9.14532,47.60421],[9.14178,47.60499],[9.14074,47.60442],[9.13874,47.6045],[9.13792,47.60436],[9.1363,47.60451],[9.13569,47.60409],[9.13459,47.60387],[9.13395,47.60405],[9.13184,47.60339],[9.13093,47.60341],[9.12836,47.60294],[9.12757,47.60322],[9.12742,47.60285],[9.12716,47.60282],[9.12633,47.60323],[9.12556,47.60319],[9.12514,47.60369],[9.1243,47.60349],[9.12401,47.60383],[9.1227,47.60388],[9.12223,47.60422],[9.12133,47.60424],[9.12046,47.6052],[9.11978,47.60516],[9.11931,47.6049],[9.11704,47.60592],[9.11647,47.60586],[9.11416,47.60626],[9.11277,47.60593],[9.11129,47.60596],[9.11069,47.60661],[9.10988,47.60633],[9.10924,47.60654],[9.10855,47.60614],[9.10755,47.60627],[9.10748,47.60574],[9.10652,47.60605],[9.10559,47.60596],[9.10508,47.6054],[9.10403,47.60594],[9.10344,47.60564],[9.10299,47.60513],[9.10281,47.60538],[9.10207,47.60537],[9.10204,47.60454],[9.10131,47.60452],[9.10074,47.6049],[9.10008,47.60449],[9.09933,47.60448],[9.09923,47.60371],[9.09646,47.60417],[9.09517,47.60381],[9.09402,47.60379],[9.09324,47.60351],[9.09207,47.60356],[9.09139,47.60385],[9.0906,47.60338],[9.08961,47.60353],[9.08867,47.60291],[9.08739,47.60304],[9.0865,47.60228],[9.08566,47.60217],[9.08407,47.60134],[9.07974,47.6011],[9.07771,47.6012],[9.07693,47.60104],[9.07601,47.60046],[9.07468,47.60035],[9.07355,47.59997],[9.07229,47.60057],[9.06975,47.60035],[9.06855,47.60059],[9.06722,47.59991],[9.0658,47.59856],[9.06359,47.59845],[9.06287,47.59763],[9.06099,47.59797],[9.05912,47.59875],[9.058,47.59879],[9.05619,47.59809],[9.05569,47.59764],[9.05563,47.59529],[9.05467,47.59277],[9.0543,47.59234],[9.05176,47.59084],[9.04973,47.59011],[9.04817,47.58931],[9.04705,47.5892],[9.04577,47.58934],[9.03661,47.59201],[9.03412,47.59369],[9.03254,47.59382],[9.02724,47.59481],[9.02514,47.59454],[9.0196,47.59129],[9.018,47.59077],[9.01606,47.59053],[9.01376,47.58995],[9.01194,47.58876],[9.00782,47.58778],[9.00499,47.58786]]}},{"type":"Feature","properties":{"id":"giessen-tg","c":"TG","p":"pacht","q":"derived","k":"river"},"geometry":{"type":"MultiLineString","coordinates":[[[9.17757,47.55785],[9.16983,47.55715],[9.15674,47.56059],[9.15279,47.56125],[9.13666,47.5607],[9.13217,47.56163],[9.13012,47.56153],[9.12937,47.56171],[9.12558,47.5635],[9.12422,47.56386],[9.11843,47.56372],[9.11675,47.56392],[9.111,47.56646],[9.10878,47.56795],[9.10704,47.56854],[9.1024,47.56884],[9.0993,47.56854],[9.09637,47.56873],[9.09481,47.56904],[9.08838,47.57097],[9.07925,47.57283],[9.06868,47.57062],[9.06713,47.57052],[9.06526,47.57101],[9.05917,47.57415],[9.05721,47.57375]],[[9.22328,47.56969],[9.22277,47.56975],[9.22181,47.56948],[9.21968,47.56851],[9.21901,47.5684],[9.21785,47.56777],[9.2166,47.56767],[9.21106,47.56453],[9.20835,47.56437],[9.20687,47.56377],[9.20457,47.56372],[9.20362,47.56341],[9.20203,47.56208],[9.20084,47.56214],[9.19939,47.56189],[9.19702,47.56184],[9.19653,47.5614],[9.19481,47.56143],[9.19311,47.56006],[9.19281,47.56002],[9.19206,47.55927],[9.18943,47.55837],[9.18867,47.55857],[9.18812,47.55846],[9.18723,47.55759],[9.18598,47.55685],[9.18558,47.55692],[9.18511,47.55676],[9.18271,47.55717],[9.1825,47.55745],[9.18196,47.5575],[9.18194,47.5578],[9.18128,47.55808],[9.1787,47.5578]]]}},{"type":"Feature","properties":{"id":"maettlibach-tg","c":"TG","p":"pacht","q":"derived","k":"river"},"geometry":{"type":"LineString","coordinates":[[9.21785,47.58424],[9.21527,47.58298],[9.21236,47.58254],[9.21034,47.58198],[9.20699,47.57928],[9.2051,47.57836],[9.2046,47.57792],[9.20246,47.57725],[9.20204,47.57684],[9.20126,47.57648],[9.19959,47.57487],[9.19836,47.57455],[9.19827,47.57424],[9.19755,47.57404],[9.19623,47.5733],[9.1955,47.57259],[9.19532,47.57197],[9.19564,47.57033],[9.19599,47.56984],[9.19547,47.56937],[9.19544,47.56888],[9.19459,47.56835],[9.19291,47.56772],[9.19272,47.56784],[9.19127,47.56752],[9.18988,47.56685],[9.18914,47.56671],[9.18875,47.56682],[9.18846,47.5664],[9.1881,47.56629],[9.18827,47.56609],[9.18771,47.56613],[9.18775,47.56582],[9.18708,47.56579],[9.18708,47.5656],[9.18596,47.56507],[9.18571,47.56515],[9.18561,47.56491],[9.1853,47.56507],[9.18491,47.56488],[9.18417,47.56497]]}},{"type":"Feature","properties":{"id":"geusenbach-tg","c":"TG","p":"pacht","q":"derived","k":"river"},"geometry":{"type":"MultiLineString","coordinates":[[[9.25116,47.60688],[9.25112,47.60715]],[[9.25144,47.6076],[9.25335,47.60863],[9.253,47.60914],[9.25187,47.60975],[9.2515,47.61024]],[[9.25152,47.61074],[9.25344,47.61195],[9.25393,47.61214],[9.25447,47.612],[9.25536,47.61234],[9.25701,47.61154],[9.25949,47.61119],[9.26256,47.61152],[9.26468,47.61092],[9.26561,47.61039],[9.26918,47.61095],[9.27877,47.60688],[9.28087,47.60616],[9.28235,47.60521],[9.2837,47.60514],[9.28482,47.60533],[9.28593,47.60488],[9.2866,47.60517],[9.28784,47.60456],[9.2884,47.60491],[9.28896,47.60501]],[[9.25247,47.60611],[9.25156,47.6068]]]}},{"type":"Feature","properties":{"id":"griesenbergtobelbach-tg","c":"TG","p":"pacht","q":"derived","k":"river"},"geometry":{"type":"MultiLineString","coordinates":[[[9.02247,47.56265],[9.02211,47.5633],[9.02215,47.56373],[9.02179,47.56378],[9.02153,47.56414],[9.02192,47.56482],[9.02137,47.56516],[9.02033,47.56529],[9.01968,47.56585],[9.01898,47.56611],[9.01784,47.56622],[9.01661,47.56664],[9.01524,47.56676],[9.01446,47.56723],[9.01384,47.56721],[9.01244,47.56753],[9.01206,47.56783],[9.00917,47.56886],[9.00921,47.56924],[9.00976,47.56976],[9.01022,47.5699],[9.01071,47.56974],[9.01076,47.57007],[9.01185,47.57118],[9.01161,47.57191],[9.01119,47.57205],[9.01097,47.57263],[9.01001,47.57325],[9.00984,47.57449],[9.01018,47.57554],[9.01054,47.57578],[9.00997,47.5767],[9.00841,47.57767],[9.00849,47.57796],[9.00722,47.57852],[9.00671,47.57944],[9.00665,47.58047],[9.00761,47.58154],[9.00821,47.58287],[9.00568,47.58492]],[[9.00517,47.55105],[9.00617,47.5504],[9.00718,47.55018],[9.01478,47.55146],[9.01614,47.55122],[9.0199,47.55207],[9.02097,47.55265],[9.02217,47.55368],[9.02438,47.55416],[9.02461,47.55439],[9.02425,47.55531],[9.02439,47.55663],[9.02304,47.55874],[9.022,47.56112]]]}},{"type":"Feature","properties":{"id":"rhein-tg","c":"TG","p":"mixed","q":"derived","k":"river","ns":0},"geometry":{"type":"MultiLineString","coordinates":[[[8.6774,47.68704],[8.67472,47.68621]],[[8.6989,47.69314],[8.69666,47.69367],[8.69325,47.69483],[8.69044,47.69541],[8.6889,47.69513],[8.68783,47.69441],[8.68644,47.69267],[8.68461,47.69108],[8.68381,47.69073]],[[8.72799,47.69278],[8.72564,47.69267],[8.72149,47.69194],[8.7179,47.6907]],[[8.77149,47.68271],[8.77001,47.68424],[8.76856,47.68515]],[[8.80294,47.67835],[8.80117,47.67761],[8.79938,47.67645],[8.79785,47.67578],[8.79403,47.67501],[8.79205,47.67485],[8.78774,47.67568],[8.78608,47.67638],[8.78462,47.67665],[8.7811,47.67817]],[[8.80619,47.67783],[8.80426,47.6784]],[[8.8395,47.6681],[8.83948,47.66867],[8.83902,47.66954],[8.83795,47.67059],[8.83511,47.67238],[8.83315,47.67313],[8.83021,47.67467],[8.82779,47.67486]],[[8.84734,47.66314],[8.84476,47.66342],[8.8429,47.66412],[8.84186,47.6643],[8.84071,47.66515]],[[9.14999,47.66758],[9.14825,47.66743],[9.14666,47.66679],[9.14271,47.66471],[9.14101,47.6641],[9.13962,47.66387],[9.13299,47.66574],[9.12982,47.66616],[9.12704,47.66689]]]}},{"type":"Feature","properties":{"id":"schlatterbach-tg","c":"TG","p":"pacht","q":"derived","k":"river"},"geometry":{"type":"LineString","coordinates":[[8.69977,47.65477],[8.70295,47.65511],[8.70463,47.6558],[8.70486,47.65607],[8.70307,47.65914],[8.70269,47.66049],[8.70266,47.6609],[8.70371,47.66221],[8.70369,47.66425],[8.7006,47.66983],[8.70023,47.67023],[8.69153,47.67538],[8.68983,47.67549],[8.68805,47.67604],[8.68624,47.67738],[8.68476,47.67787],[8.68399,47.67854],[8.68168,47.67992],[8.67835,47.68155],[8.67757,47.68228],[8.67732,47.68433],[8.67606,47.68487],[8.67521,47.68563]]}},{"type":"Feature","properties":{"id":"wildbach-tg","c":"TG","p":"pacht","q":"derived","k":"river"},"geometry":{"type":"MultiLineString","coordinates":[[[9.01875,47.67195],[9.01668,47.67389],[9.01607,47.67424]],[[9.04071,47.65477],[9.04094,47.65538],[9.04065,47.65599],[9.04138,47.65671],[9.04179,47.65766],[9.04172,47.65796],[9.04066,47.65851],[9.03994,47.65928],[9.03977,47.65968],[9.04016,47.66026],[9.03992,47.66052],[9.03923,47.66074],[9.03813,47.66148],[9.03709,47.66177],[9.03682,47.66223],[9.03514,47.66283],[9.03409,47.66291],[9.03368,47.66274],[9.03271,47.66273],[9.03217,47.66285],[9.03132,47.66355],[9.02829,47.66397],[9.02741,47.66464],[9.02729,47.66601],[9.0267,47.66654],[9.02578,47.66819],[9.02532,47.66848],[9.02516,47.66945],[9.02351,47.66969],[9.02318,47.67035],[9.02202,47.67105],[9.02148,47.67118],[9.02014,47.67111],[9.0188,47.67179]]]}},{"type":"Feature","properties":{"id":"anderbach-tg","c":"TG","p":"pacht","q":"derived","k":"river"},"geometry":{"type":"MultiLineString","coordinates":[[[9.08892,47.66031],[9.08859,47.66085],[9.08691,47.66147],[9.08586,47.66159],[9.08401,47.6614],[9.08308,47.66154],[9.08206,47.66253],[9.08176,47.6635],[9.08197,47.66496],[9.08102,47.66544],[9.08097,47.66592],[9.08157,47.66626],[9.08168,47.66701],[9.08145,47.66752],[9.08182,47.66779],[9.08252,47.66783],[9.08281,47.66829],[9.08265,47.66863],[9.08326,47.66951],[9.08386,47.66993],[9.08339,47.67088],[9.08319,47.67205],[9.08302,47.67224],[9.08198,47.67252]],[[9.09107,47.65729],[9.09061,47.65738],[9.09015,47.65775],[9.08956,47.65783],[9.08926,47.6589],[9.08937,47.65932],[9.08912,47.65961],[9.08929,47.65988],[9.08905,47.6599]],[[9.09462,47.64602],[9.09498,47.64657],[9.09522,47.64657],[9.09526,47.6468],[9.09575,47.64709],[9.09615,47.64707],[9.09627,47.64741],[9.09614,47.64803],[9.09544,47.64874],[9.09539,47.6494],[9.09502,47.64971],[9.09502,47.65038],[9.09536,47.65063],[9.0951,47.65094],[9.09568,47.65155],[9.09489,47.65274],[9.0952,47.65295],[9.09507,47.65337],[9.09542,47.65446],[9.09514,47.65498],[9.09454,47.65525],[9.09455,47.65541],[9.0915,47.65702]]]}},{"type":"Feature","properties":{"id":"dorfbach-tg","c":"TG","p":"pacht","q":"derived","k":"river"},"geometry":{"type":"LineString","coordinates":[[9.13424,47.64041],[9.13517,47.6407],[9.13571,47.64184],[9.13634,47.64251],[9.13653,47.6432],[9.13535,47.64713],[9.13553,47.64808],[9.13533,47.64947],[9.13571,47.6497],[9.13514,47.65082],[9.13518,47.65186],[9.13584,47.65269],[9.13622,47.65402],[9.13549,47.65413],[9.13496,47.65473],[9.13493,47.65523],[9.13469,47.65539],[9.13521,47.65646],[9.1337,47.65798],[9.13358,47.65836],[9.13378,47.65899],[9.13441,47.65957],[9.13444,47.66093],[9.13416,47.66201],[9.13461,47.66296],[9.13582,47.66331],[9.13688,47.66338],[9.13736,47.6637]]}},{"type":"Feature","properties":{"id":"allmendbach-tg","c":"TG","p":"pacht","q":"derived","k":"river"},"geometry":{"type":"LineString","coordinates":[[9.11593,47.63084],[9.1144,47.63098],[9.11341,47.63157],[9.11178,47.63166],[9.10986,47.6336],[9.10832,47.63463],[9.10851,47.63495],[9.10948,47.63537],[9.11056,47.63537],[9.1116,47.63574],[9.11299,47.63766],[9.11273,47.63894],[9.11197,47.63975],[9.11204,47.64045],[9.11167,47.64106],[9.11184,47.64135],[9.11129,47.64184],[9.11086,47.64282],[9.11133,47.64296],[9.11142,47.6433],[9.11193,47.64338],[9.1143,47.64465],[9.11455,47.64517],[9.11418,47.64586],[9.11428,47.64658],[9.11481,47.64711],[9.11588,47.64747],[9.11688,47.64866],[9.11687,47.6508],[9.11797,47.65167],[9.12056,47.65194],[9.1213,47.65217],[9.12324,47.65432],[9.12429,47.6546],[9.12475,47.65444],[9.12588,47.65465],[9.12798,47.65603],[9.12948,47.65659],[9.13069,47.65634],[9.13269,47.65548],[9.13469,47.65539]]}},{"type":"Feature","properties":{"id":"taegelbach-tg","c":"TG","p":"pacht","q":"derived","k":"river"},"geometry":{"type":"LineString","coordinates":[[8.86174,47.53437],[8.86165,47.53513],[8.86044,47.53668],[8.8578,47.53747],[8.85554,47.53767],[8.85362,47.53864],[8.85284,47.53853],[8.85123,47.53929],[8.84945,47.5393],[8.84786,47.5402],[8.84592,47.54073],[8.845,47.54118],[8.8449,47.54146],[8.84522,47.54194],[8.84437,47.54311],[8.84041,47.5468],[8.84208,47.54962],[8.84268,47.55024],[8.84342,47.55063],[8.85203,47.55274],[8.86059,47.55411],[8.86985,47.55714],[8.87072,47.55767],[8.87095,47.55845],[8.8705,47.55938],[8.86999,47.56156],[8.87091,47.56552],[8.87063,47.5668],[8.86272,47.57539],[8.85969,47.57691]]}},{"type":"Feature","properties":{"id":"muelitoebeli-tg","c":"TG","p":"pacht","q":"derived","k":"river"},"geometry":{"type":"LineString","coordinates":[[8.93043,47.55578],[8.93002,47.55565],[8.9294,47.55459],[8.92801,47.5539],[8.92514,47.55328],[8.92408,47.55326],[8.92208,47.55249],[8.92092,47.55244],[8.91946,47.55263],[8.91885,47.55284],[8.9182,47.5539],[8.9167,47.55506],[8.9137,47.55556],[8.91332,47.55593],[8.91225,47.55631],[8.91211,47.5566],[8.91083,47.55714],[8.91059,47.55758],[8.90991,47.55782],[8.9078,47.55804],[8.90737,47.55839],[8.90522,47.55871],[8.89807,47.56216]]}},{"type":"Feature","properties":{"id":"binnenkanal-tg-2","c":"TG","p":"pacht","q":"derived","k":"river"},"geometry":{"type":"MultiLineString","coordinates":[[[8.92536,47.58581],[8.91931,47.58573],[8.91779,47.58419],[8.91672,47.58388],[8.9158,47.58399],[8.91407,47.58468],[8.91352,47.58473],[8.89028,47.579],[8.88618,47.57878],[8.88489,47.5796]],[[8.93838,47.58641],[8.93382,47.58596],[8.92549,47.58581]]]}},{"type":"Feature","properties":{"id":"tebrunnertobelbach-tg","c":"TG","p":"pacht","q":"derived","k":"river"},"geometry":{"type":"LineString","coordinates":[[8.92875,47.61889],[8.92625,47.61626],[8.92628,47.61541],[8.92659,47.61508],[8.92574,47.61408],[8.92405,47.61284],[8.92424,47.61207],[8.92504,47.61153],[8.92493,47.61134],[8.92571,47.61057],[8.92635,47.60951],[8.92603,47.6089],[8.92456,47.60833],[8.92442,47.60799],[8.92384,47.6077],[8.9224,47.60744],[8.92215,47.60701],[8.92177,47.60696],[8.92186,47.60668],[8.92155,47.60656],[8.92109,47.60541],[8.9213,47.605],[8.9209,47.60495],[8.92131,47.60395],[8.92049,47.60203],[8.91935,47.60126],[8.91818,47.60099],[8.91775,47.60012],[8.9179,47.59942],[8.91689,47.59805],[8.91627,47.59776],[8.91558,47.59774],[8.91528,47.59739],[8.91493,47.59748],[8.91443,47.5973],[8.91414,47.59744],[8.91382,47.59693],[8.9134,47.59681],[8.91292,47.59632],[8.91261,47.59533],[8.91214,47.59498],[8.91236,47.59476],[8.91224,47.59425],[8.91111,47.5938]]}},{"type":"Feature","properties":{"id":"lauche-tg","c":"TG","p":"pacht","q":"derived","k":"river"},"geometry":{"type":"LineString","coordinates":[[9.08277,47.5198],[9.08314,47.52058],[9.08315,47.52217],[9.08269,47.52282],[9.08266,47.52331],[9.084,47.52473],[9.08433,47.52646],[9.08501,47.52739],[9.08463,47.52761],[9.08402,47.53],[9.08353,47.52998],[9.08309,47.5302],[9.08269,47.53061],[9.0826,47.53111],[9.0816,47.53138],[9.08053,47.53102],[9.07979,47.53122],[9.07788,47.53122],[9.07751,47.53142],[9.07659,47.53143],[9.07569,47.53178],[9.07388,47.53211],[9.07339,47.53258],[9.07381,47.53414],[9.07175,47.53702],[9.07119,47.53722],[9.06826,47.53731],[9.06723,47.53723],[9.06611,47.53679],[9.06326,47.53463],[9.0617,47.5337],[9.05965,47.53159],[9.05895,47.53125],[9.04998,47.52974],[9.0463,47.5293],[9.04312,47.52786],[9.03902,47.52715],[9.03533,47.52706],[9.03389,47.52677],[9.03328,47.52681],[9.03107,47.52815],[9.02878,47.53137],[9.02814,47.53175],[9.02715,47.53182],[9.02532,47.53124],[9.01245,47.52933],[9.01063,47.52878],[9.00156,47.52519],[8.99615,47.52333],[8.99119,47.52226],[8.98766,47.52223],[8.98729,47.52186],[8.98516,47.52091],[8.98281,47.52018],[8.97515,47.519],[8.97018,47.51905],[8.96528,47.51958],[8.96312,47.51946],[8.96066,47.51991],[8.95948,47.51986],[8.95833,47.52029],[8.95621,47.52048],[8.95449,47.52104],[8.95242,47.52099],[8.95126,47.52069],[8.9495,47.52126],[8.94851,47.5211],[8.94771,47.52163],[8.9474,47.52157],[8.94728,47.52121],[8.94696,47.52109],[8.94672,47.52014],[8.94623,47.51956],[8.94582,47.51972],[8.9455,47.52026],[8.94506,47.52049],[8.94459,47.52011],[8.94382,47.52006],[8.94359,47.51975],[8.94315,47.51982],[8.94234,47.51964],[8.94161,47.51924],[8.94094,47.51952],[8.93933,47.51903],[8.93694,47.51871],[8.93523,47.51921],[8.93418,47.51919],[8.93036,47.52008],[8.92973,47.52061]]}},{"type":"Feature","properties":{"id":"tuenbach-tg","c":"TG","p":"pacht","q":"derived","k":"river"},"geometry":{"type":"MultiLineString","coordinates":[[[8.92869,47.53622],[8.92921,47.53465],[8.92873,47.53396],[8.92808,47.53368],[8.92807,47.53329],[8.92737,47.53291],[8.92729,47.53206],[8.92668,47.53166],[8.92684,47.53129],[8.92807,47.53119],[8.92815,47.53053],[8.92874,47.53074],[8.92883,47.53051],[8.92944,47.53026],[8.92975,47.53037],[8.92974,47.53009],[8.93048,47.52917],[8.93133,47.52906],[8.93146,47.5287],[8.93207,47.5289],[8.93231,47.52829],[8.93284,47.52791],[8.93377,47.52794],[8.93416,47.52749],[8.93575,47.52682],[8.9362,47.52608],[8.9359,47.52553],[8.93634,47.52527],[8.93645,47.52454],[8.93759,47.52434],[8.93708,47.524],[8.93739,47.52314],[8.93683,47.52273],[8.93734,47.52205],[8.9355,47.52019],[8.935,47.51923]],[[8.95849,47.5435],[8.95807,47.54353],[8.95784,47.54328],[8.95722,47.54326],[8.95695,47.54298],[8.95659,47.54306],[8.9555,47.54261],[8.95447,47.54278],[8.95331,47.54258],[8.95234,47.54201],[8.95244,47.54126],[8.95171,47.54117],[8.95055,47.54029],[8.95002,47.54024],[8.94947,47.53995],[8.94884,47.54021],[8.94787,47.53984],[8.9476,47.54022],[8.94712,47.53994],[8.94695,47.54015],[8.94643,47.54019],[8.94617,47.53997],[8.94587,47.54006],[8.94601,47.54028],[8.94494,47.54002],[8.94339,47.54032],[8.94314,47.54072],[8.94288,47.54076],[8.94239,47.54048],[8.94158,47.54038],[8.94136,47.54],[8.93909,47.54043],[8.93802,47.54046],[8.93806,47.54084],[8.93699,47.54062],[8.93476,47.541],[8.93258,47.5409],[8.93238,47.54072],[8.93256,47.54037],[8.93173,47.54006],[8.93131,47.53969],[8.92982,47.53917],[8.92993,47.53894],[8.92962,47.53847],[8.92986,47.53819],[8.92962,47.53754],[8.92874,47.53681],[8.92873,47.5364]],[[8.98399,47.54325],[8.98222,47.54292],[8.98008,47.54308],[8.97868,47.54287],[8.97776,47.54314],[8.97518,47.54291],[8.97109,47.54404],[8.96993,47.544],[8.96765,47.54435],[8.96577,47.54421],[8.96343,47.54462],[8.9611,47.54445],[8.95985,47.54411],[8.95915,47.54347]],[[8.98533,47.54319],[8.9851,47.5432]],[[8.9867,47.54315],[8.98653,47.54317]],[[8.99831,47.54296],[8.99492,47.54343],[8.99456,47.54399],[8.99241,47.54389],[8.98947,47.54291],[8.98821,47.54281],[8.98743,47.54293]]]}},{"type":"Feature","properties":{"id":"hartenauer-bach-tg","c":"TG","p":"pacht","q":"derived","k":"river"},"geometry":{"type":"LineString","coordinates":[[9.09361,47.50597],[9.09181,47.50714],[9.08653,47.50602],[9.08561,47.50537],[9.08425,47.5048],[9.08326,47.50499],[9.08215,47.50496],[9.08138,47.50529],[9.07972,47.50515],[9.07888,47.50534],[9.07829,47.50563],[9.07731,47.50674],[9.07725,47.50813],[9.07668,47.50917],[9.07677,47.50968],[9.07651,47.50976],[9.07676,47.5099],[9.07613,47.51014],[9.07562,47.51079],[9.07494,47.51097],[9.07503,47.51118],[9.07433,47.51116],[9.07405,47.51139],[9.07346,47.5113],[9.07348,47.51163],[9.07309,47.51153],[9.07241,47.51181],[9.07245,47.51197],[9.0711,47.51298],[9.0706,47.51313],[9.07039,47.51291],[9.06968,47.51298],[9.06887,47.51383],[9.06724,47.51461],[9.0662,47.51455],[9.06562,47.51472],[9.06411,47.51398],[9.06184,47.51371],[9.06019,47.51446],[9.05945,47.51454],[9.05899,47.51433],[9.0578,47.51424],[9.05745,47.51453],[9.05681,47.51459],[9.0518,47.51407],[9.04985,47.5141],[9.04828,47.51352],[9.04665,47.51372],[9.04538,47.51341],[9.04477,47.5136],[9.04443,47.51335],[9.04154,47.51338],[9.04075,47.51315],[9.03957,47.51318],[9.03826,47.5129],[9.03814,47.51335],[9.03724,47.51346],[9.03554,47.51442],[9.03358,47.51571],[9.03315,47.5163],[9.03259,47.51856],[9.0336,47.52058],[9.03456,47.52152],[9.03582,47.52154],[9.03624,47.52172],[9.03733,47.5237],[9.03699,47.52427],[9.03396,47.52606],[9.03315,47.52686]]}},{"type":"Feature","properties":{"id":"littenheiderkanal-tg","c":"TG","p":"pacht","q":"derived","k":"river"},"geometry":{"type":"LineString","coordinates":[[9.026,47.44076],[9.01954,47.44456],[9.01886,47.44468],[9.01495,47.44371],[9.00868,47.44174],[9.00422,47.43919],[8.9986,47.44154],[8.99479,47.44354],[8.99336,47.44366],[8.9925,47.44335],[8.98931,47.43786],[8.98832,47.43722],[8.9874,47.43709],[8.98468,47.43829],[8.98236,47.44024],[8.98117,47.44198],[8.98005,47.44299],[8.97966,47.44551],[8.97895,47.44634]]}},{"type":"Feature","properties":{"id":"tanneggerbach-tg","c":"TG","p":"pacht","q":"derived","k":"river"},"geometry":{"type":"LineString","coordinates":[[8.9253,47.42011],[8.92662,47.42084],[8.92856,47.42129],[8.92948,47.4221],[8.92989,47.42217],[8.92995,47.42235],[8.93148,47.4231],[8.93309,47.42441],[8.93336,47.42513],[8.93326,47.42551],[8.93393,47.42588],[8.93439,47.42683],[8.93557,47.42732],[8.9357,47.42762],[8.93706,47.42833],[8.93715,47.42861],[8.93758,47.42881],[8.93787,47.42872],[8.93807,47.42896],[8.93846,47.42887],[8.93864,47.42921],[8.94028,47.42936],[8.94171,47.42914],[8.94162,47.42901],[8.94207,47.42868],[8.94347,47.42824],[8.94388,47.42772],[8.94465,47.42746],[8.94525,47.4269],[8.94587,47.42676],[8.94598,47.42631],[8.94671,47.42665],[8.94721,47.42715],[8.94792,47.4269],[8.94933,47.42729],[8.95009,47.42711],[8.95078,47.42716],[8.95106,47.42736],[8.95099,47.42774],[8.95187,47.42837],[8.9531,47.42788],[8.95353,47.4279],[8.9538,47.42865],[8.95482,47.42948],[8.95533,47.42942],[8.95589,47.42894],[8.95648,47.42941],[8.95746,47.42963],[8.95846,47.43032],[8.95923,47.43023],[8.9603,47.42971],[8.9613,47.42952],[8.96324,47.42968],[8.96381,47.4291],[8.96456,47.42885],[8.96477,47.42911],[8.96564,47.42919],[8.96592,47.42882],[8.96644,47.42859],[8.96677,47.42984],[8.96802,47.43046],[8.96808,47.43085],[8.96912,47.43203],[8.96919,47.43236],[8.97062,47.43236],[8.97096,47.43283]]}},{"type":"Feature","properties":{"id":"dorfbach-tg-2","c":"TG","p":"pacht","q":"derived","k":"river"},"geometry":{"type":"LineString","coordinates":[[9.06685,47.63956],[9.06465,47.63817],[9.06444,47.63606],[9.06381,47.63501],[9.06397,47.63462],[9.06189,47.63351],[9.06086,47.63336],[9.0604,47.63289],[9.05837,47.63166],[9.05773,47.63036],[9.05618,47.62972],[9.05479,47.62854],[9.05403,47.62831],[9.05425,47.62816],[9.054,47.62805],[9.05407,47.62774],[9.05373,47.62736],[9.05433,47.62669],[9.05381,47.62654],[9.05311,47.62581],[9.05258,47.62545],[9.05188,47.62528],[9.05177,47.62508],[9.05153,47.6252],[9.05042,47.62488],[9.04885,47.62413],[9.048,47.62427],[9.04754,47.62414],[9.04725,47.62431],[9.04701,47.62403],[9.0463,47.62404],[9.04617,47.62381],[9.04554,47.62363],[9.04426,47.62355],[9.04401,47.62332],[9.04286,47.62328],[9.04263,47.62342],[9.04132,47.62299],[9.04012,47.62295],[9.03936,47.62266],[9.03861,47.62283],[9.0383,47.6226],[9.03777,47.6227],[9.03723,47.62256],[9.03628,47.62286],[9.03523,47.62257],[9.03268,47.62266],[9.03021,47.62213],[9.02932,47.62221],[9.02902,47.62195],[9.02841,47.62201],[9.02636,47.6216],[9.02544,47.62174],[9.02485,47.62156],[9.0249,47.62137],[9.02424,47.62144],[9.02371,47.62108],[9.02264,47.62102],[9.02236,47.62062],[9.02216,47.62092],[9.02061,47.62083],[9.01867,47.61981],[9.0173,47.61998],[9.01666,47.61963],[9.01526,47.61981],[9.01357,47.6195],[9.0131,47.61992],[9.01167,47.61921],[9.01084,47.61911],[9.00986,47.61939],[9.00952,47.61883],[9.00881,47.61877],[9.00788,47.61765],[9.0093,47.61744],[9.00992,47.61689],[9.01138,47.61643],[9.01091,47.61575],[9.01024,47.61554],[9.01014,47.61528],[9.01105,47.61452],[9.0107,47.61418],[9.01156,47.61396],[9.01163,47.61332],[9.01242,47.61253],[9.01215,47.61109],[9.01064,47.61063],[9.011,47.60978],[9.01149,47.60925],[9.0121,47.60977],[9.01273,47.60971],[9.01271,47.60878],[9.01406,47.60865],[9.01371,47.60796],[9.0128,47.60731],[9.01224,47.60646],[9.01123,47.60612],[9.01116,47.60561],[9.00585,47.60445],[9.00537,47.60415],[9.00498,47.60345],[9.00349,47.60248],[9.0019,47.60046],[8.99922,47.59548],[8.99821,47.59209]]}},{"type":"Feature","properties":{"id":"beerenbach-tg","c":"TG","p":"pacht","q":"derived","k":"river"},"geometry":{"type":"MultiLineString","coordinates":[[[9.00207,47.62872],[9.00167,47.62848],[8.99972,47.6282],[8.9987,47.62826],[8.99776,47.62752],[8.99601,47.62737],[8.99469,47.62573],[8.99485,47.6254],[8.99522,47.62541],[8.9957,47.625],[8.99633,47.62488],[8.99893,47.62486],[9.0007,47.62507],[9.00154,47.62496],[9.00179,47.62465]],[[9.00194,47.62368],[9.00211,47.62325],[9.00169,47.62262],[9.00063,47.62207],[8.99964,47.62185],[8.99824,47.6219],[8.99702,47.62165],[8.99664,47.62176],[8.99582,47.62162],[8.99392,47.62111],[8.99353,47.62084],[8.9924,47.62075],[8.99101,47.62028],[8.99055,47.61945],[8.99065,47.61846],[8.991,47.61792],[8.99092,47.61679],[8.99117,47.61609],[8.99127,47.61436],[8.99104,47.61405],[8.99142,47.61367],[8.99082,47.61336],[8.98997,47.61214],[8.99047,47.61146],[8.99115,47.61131],[8.99254,47.61009],[8.99334,47.60904],[8.99421,47.60864],[8.99424,47.60823],[8.99531,47.60777],[8.99549,47.6074],[8.99538,47.60655],[8.99591,47.60503],[8.99939,47.60381],[9.00148,47.60232],[9.00243,47.60097]]]}},{"type":"Feature","properties":{"id":"mooswisenbach-tg","c":"TG","p":"pacht","q":"derived","k":"river"},"geometry":{"type":"MultiLineString","coordinates":[[[9.0837,47.6125],[9.08319,47.61211],[9.08063,47.61147],[9.07995,47.61081],[9.07986,47.60965],[9.07893,47.60842],[9.07761,47.60776],[9.07742,47.60738],[9.07666,47.60689],[9.07572,47.60687],[9.07272,47.60583],[9.07061,47.60582],[9.06896,47.60546],[9.06782,47.60559],[9.06728,47.60537],[9.06588,47.60554],[9.06402,47.60542],[9.063,47.60559],[9.06131,47.60513],[9.0588,47.60495],[9.05756,47.60507],[9.0562,47.60486],[9.05551,47.6052],[9.05449,47.60517],[9.05345,47.60463],[9.0529,47.60452],[9.05267,47.6047],[9.05156,47.60424],[9.05075,47.60181],[9.05019,47.60147],[9.04813,47.60118],[9.0465,47.60123],[9.0453,47.60087],[9.04319,47.60058],[9.04116,47.60074],[9.03928,47.60056],[9.03773,47.60079],[9.03773,47.60128],[9.03744,47.60143],[9.03586,47.60138],[9.03422,47.60196],[9.03279,47.60176],[9.03221,47.60183],[9.02826,47.60151],[9.02655,47.60075],[9.02576,47.60008],[9.02452,47.59965],[9.01476,47.59832],[9.01188,47.59886]],[[9.08919,47.61453],[9.0854,47.61438],[9.08369,47.6134],[9.08369,47.61294]]]}},{"type":"Feature","properties":{"id":"gillgraben-tg","c":"TG","p":"pacht","q":"derived","k":"river"},"geometry":{"type":"MultiLineString","coordinates":[[[9.08883,47.58879],[9.08786,47.58798],[9.08716,47.58774],[9.086,47.58768],[9.08241,47.5884],[9.08174,47.58867],[9.08019,47.58896],[9.0796,47.58891],[9.07742,47.58817],[9.07626,47.5869],[9.07569,47.58706],[9.07465,47.58694],[9.07178,47.58817],[9.07108,47.5877],[9.0689,47.58862],[9.06325,47.58946],[9.05571,47.59014]],[[9.09913,47.58775],[9.09637,47.58789],[9.09596,47.58805],[9.09538,47.58796],[9.09469,47.58851],[9.08927,47.58897]]]}},{"type":"Feature","properties":{"id":"tuefelstobel-tg","c":"TG","p":"pacht","q":"derived","k":"river"},"geometry":{"type":"LineString","coordinates":[[9.03457,47.63963],[9.03532,47.6392],[9.03564,47.63859],[9.03643,47.63794],[9.03653,47.63748],[9.03627,47.63657],[9.0353,47.63575],[9.03493,47.63498],[9.03389,47.6343],[9.03111,47.63363],[9.03084,47.63295],[9.03106,47.63212],[9.02975,47.63199],[9.02905,47.63172],[9.02876,47.63106],[9.02877,47.63008],[9.02818,47.62949],[9.02574,47.62827],[9.02547,47.62763],[9.02483,47.62712],[9.02381,47.62681],[9.02319,47.62632],[9.02293,47.6257],[9.02218,47.62549],[9.02165,47.62495],[9.01938,47.62465],[9.01888,47.62344],[9.01919,47.6234],[9.01962,47.62294],[9.01932,47.62228],[9.01949,47.62154],[9.02057,47.62108],[9.02074,47.62084]]}},{"type":"Feature","properties":{"id":"furtibach-tg","c":"TG","p":"pacht","q":"derived","k":"river"},"geometry":{"type":"LineString","coordinates":[[9.16888,47.60648],[9.16778,47.60649],[9.16522,47.60751],[9.16317,47.60737],[9.16292,47.60762],[9.16131,47.60802],[9.16057,47.6084],[9.16029,47.60801],[9.15843,47.6085],[9.15786,47.60822],[9.15683,47.60839],[9.15474,47.60931],[9.15431,47.60974],[9.15182,47.60997],[9.14899,47.60942],[9.14712,47.6078],[9.14615,47.60722],[9.14423,47.60716],[9.14162,47.60681],[9.13887,47.60637],[9.13811,47.60606],[9.13634,47.6061],[9.13605,47.60635],[9.13578,47.60617],[9.13533,47.60647],[9.13456,47.60637],[9.1336,47.60651],[9.13343,47.60627],[9.13297,47.60633],[9.13287,47.60619],[9.13255,47.60648],[9.13217,47.60636],[9.13176,47.60649],[9.13043,47.60586],[9.12961,47.6062],[9.12924,47.60616],[9.12913,47.60658],[9.12844,47.60652],[9.12816,47.60626],[9.12774,47.60633],[9.12785,47.60652],[9.12755,47.6066],[9.12685,47.60625],[9.12628,47.60554],[9.12516,47.60532],[9.12465,47.60554],[9.1247,47.60581],[9.1243,47.60576],[9.12437,47.60549],[9.12393,47.60535],[9.12385,47.60478],[9.12204,47.60529],[9.12144,47.60497],[9.12067,47.60512]]}},{"type":"Feature","properties":{"id":"maltbach-tg","c":"TG","p":"pacht","q":"derived","k":"river"},"geometry":{"type":"LineString","coordinates":[[9.02108,47.54675],[9.02348,47.54773],[9.02373,47.54749],[9.02536,47.54703],[9.02584,47.54628],[9.02638,47.54592],[9.0277,47.54553],[9.02962,47.54621],[9.03096,47.54692],[9.03219,47.54725],[9.03337,47.54844],[9.03556,47.54951],[9.03845,47.55007],[9.03894,47.54993],[9.03929,47.54933],[9.03984,47.54901],[9.04213,47.54942],[9.04295,47.54924],[9.04322,47.54945],[9.04389,47.54938],[9.04413,47.54914],[9.04652,47.54931],[9.04738,47.54914],[9.04747,47.54893],[9.04779,47.54896],[9.04805,47.5487],[9.04844,47.54881],[9.04878,47.54871],[9.05063,47.54919],[9.05339,47.54936],[9.05415,47.54966],[9.05501,47.54964],[9.05531,47.5494],[9.05622,47.54959],[9.05663,47.54987],[9.05879,47.55],[9.06029,47.55032],[9.06081,47.55101],[9.06042,47.55199],[9.06057,47.55322],[9.06094,47.55324],[9.06068,47.55354],[9.06116,47.55359],[9.06171,47.5544],[9.0621,47.55452],[9.0625,47.55574],[9.06275,47.55585],[9.0631,47.55573],[9.06321,47.55602],[9.06396,47.55605],[9.06399,47.55648],[9.06485,47.55671],[9.06554,47.55744],[9.06533,47.55777],[9.06583,47.55797],[9.06594,47.55834],[9.06557,47.55902],[9.06489,47.55927],[9.06395,47.55924]]}},{"type":"Feature","properties":{"id":"furtbach-tg","c":"TG","p":"pacht","q":"derived","k":"river"},"geometry":{"type":"LineString","coordinates":[[9.13074,47.49261],[9.13268,47.49302],[9.13348,47.49358],[9.13309,47.49402],[9.1328,47.49403],[9.13289,47.49526],[9.13434,47.49787],[9.134,47.4983],[9.13504,47.4989],[9.13529,47.49991],[9.13587,47.50042],[9.13562,47.50064],[9.13569,47.50097],[9.1343,47.50173],[9.13372,47.50233],[9.13305,47.50255],[9.13292,47.50303],[9.13212,47.50312],[9.13096,47.50395],[9.13062,47.50393],[9.13001,47.50432],[9.12957,47.50519],[9.12962,47.50681],[9.12908,47.50745],[9.12877,47.50927],[9.1276,47.51024],[9.12703,47.51036],[9.12663,47.51089],[9.12617,47.51085],[9.12581,47.51222],[9.1261,47.51254],[9.12601,47.51298],[9.12628,47.51312],[9.12641,47.5144],[9.12697,47.51515],[9.12605,47.51679],[9.12572,47.51691],[9.12526,47.51676],[9.12534,47.51705],[9.12481,47.51729],[9.12424,47.51809],[9.12379,47.51833],[9.12434,47.51971],[9.1244,47.5205],[9.12468,47.52062],[9.12459,47.5209],[9.12535,47.52172],[9.12514,47.52202],[9.12537,47.52324],[9.12515,47.52373],[9.12512,47.52659],[9.12412,47.52807],[9.12273,47.52883],[9.12249,47.52914],[9.12264,47.53112],[9.12002,47.5348],[9.12031,47.53575],[9.11728,47.5377],[9.11579,47.53783],[9.11545,47.5381],[9.11481,47.53798],[9.11423,47.53819],[9.11387,47.53808],[9.11327,47.53842],[9.11284,47.53818],[9.11264,47.53828],[9.11231,47.53816],[9.11161,47.5385],[9.10529,47.53951],[9.1041,47.54002],[9.10193,47.54136],[9.09586,47.54275],[9.09432,47.5434],[9.09265,47.54458],[9.09137,47.54625],[9.08716,47.5493],[9.08491,47.55157],[9.08364,47.55327],[9.08246,47.55609],[9.08176,47.55682],[9.08052,47.55782],[9.07638,47.55975],[9.07527,47.56052],[9.07362,47.56256],[9.06975,47.56494],[9.06671,47.56806],[9.06649,47.56856]]}},{"type":"Feature","properties":{"id":"walderbach-tg","c":"TG","p":"pacht","q":"derived","k":"river"},"geometry":{"type":"LineString","coordinates":[[9.09951,47.50591],[9.10041,47.50634],[9.10085,47.50678],[9.10123,47.50726],[9.10101,47.50778],[9.10216,47.50874],[9.10328,47.50923],[9.104,47.50989],[9.10499,47.50992],[9.10619,47.50962],[9.10674,47.51007],[9.10707,47.51077],[9.10901,47.51225],[9.10953,47.51476],[9.10927,47.51537],[9.10947,47.51639],[9.1089,47.51699],[9.10912,47.51813],[9.10888,47.51846],[9.10952,47.51944],[9.10926,47.51985],[9.10922,47.52075],[9.10981,47.52105],[9.11189,47.52139],[9.11207,47.5216],[9.11251,47.52336],[9.11295,47.5241],[9.11281,47.52512],[9.11322,47.52688],[9.11409,47.52739],[9.11506,47.52752],[9.11642,47.52742],[9.11692,47.5277],[9.11749,47.52759],[9.12179,47.52813],[9.12273,47.52883]]}},{"type":"Feature","properties":{"id":"tobelbach-tg","c":"TG","p":"pacht","q":"derived","k":"river"},"geometry":{"type":"MultiLineString","coordinates":[[[9.19118,47.57573],[9.19084,47.57522],[9.19086,47.57437],[9.19033,47.5736],[9.19023,47.5729],[9.19059,47.57243],[9.19025,47.57202],[9.19039,47.57136],[9.19003,47.57047],[9.189,47.57016],[9.18768,47.56914],[9.18713,47.56909],[9.18569,47.56819],[9.18496,47.56796],[9.18409,47.5666],[9.18434,47.5658],[9.18417,47.56497]],[[9.19278,47.59601],[9.19221,47.59492],[9.18935,47.59111],[9.1853,47.58936],[9.18536,47.5878],[9.1861,47.58731],[9.18596,47.58605],[9.18625,47.58576],[9.18606,47.58528],[9.18559,47.5853],[9.18544,47.58501],[9.18494,47.58507],[9.18488,47.5848],[9.18447,47.58459],[9.18468,47.58427],[9.18493,47.58436],[9.18515,47.58374],[9.1856,47.58405],[9.18617,47.58393],[9.18663,47.58408],[9.18852,47.58395],[9.18894,47.58369],[9.18915,47.58276],[9.18794,47.58139],[9.18802,47.58012],[9.18916,47.57879],[9.18901,47.57858],[9.19048,47.57754],[9.19097,47.57603]]]}},{"type":"Feature","properties":{"id":"otmarbach-tg","c":"TG","p":"pacht","q":"derived","k":"river"},"geometry":{"type":"LineString","coordinates":[[9.26705,47.58713],[9.27028,47.58688],[9.27217,47.5863],[9.27427,47.58733],[9.27478,47.58789],[9.27473,47.58825],[9.27891,47.59313],[9.27863,47.59337],[9.27823,47.59339],[9.27744,47.59403],[9.27707,47.59391],[9.27656,47.59482],[9.27811,47.59513],[9.27869,47.59595],[9.27961,47.59623],[9.28006,47.59664],[9.28165,47.59702],[9.28317,47.59811],[9.28459,47.60114],[9.28605,47.60203],[9.28707,47.60218],[9.28768,47.60283],[9.28896,47.60501]]}},{"type":"Feature","properties":{"id":"muehlebach-biessenhofen-tg","c":"TG","p":"pacht","q":"derived","k":"river"},"geometry":{"type":"MultiLineString","coordinates":[[[9.25056,47.53214],[9.2512,47.53382],[9.24944,47.53524],[9.24789,47.53536],[9.24762,47.53517],[9.2465,47.5352],[9.24331,47.53597],[9.24303,47.53621],[9.24123,47.53613],[9.24017,47.53668],[9.23876,47.53688],[9.23784,47.53747],[9.23812,47.53793],[9.24284,47.53938],[9.24264,47.53971],[9.24343,47.53986],[9.24506,47.53983],[9.24564,47.54022]],[[9.24946,47.54073],[9.25135,47.54075],[9.25183,47.54097]],[[9.25263,47.54056],[9.25358,47.54117],[9.25527,47.54185],[9.25565,47.54185],[9.25594,47.54212]],[[9.25657,47.5425],[9.25713,47.54324],[9.25972,47.54485],[9.26039,47.54576],[9.26191,47.54611],[9.26345,47.54592],[9.26384,47.54604],[9.26549,47.55423],[9.26696,47.55734]]]}},{"type":"Feature","properties":{"id":"tobelmuelibach-tg","c":"TG","p":"pacht","q":"derived","k":"river"},"geometry":{"type":"LineString","coordinates":[[9.34021,47.55965],[9.34403,47.56076],[9.34544,47.56226],[9.34574,47.56295],[9.34632,47.56323],[9.34658,47.56454],[9.34726,47.56491],[9.35088,47.56607],[9.3523,47.56796],[9.35397,47.5695],[9.35379,47.56996],[9.35223,47.57064],[9.35185,47.57107],[9.3517,47.57168],[9.35236,47.5727],[9.35237,47.5732],[9.35061,47.5746],[9.34986,47.57613],[9.35159,47.5769],[9.35315,47.57726],[9.35425,47.57847],[9.35585,47.57887],[9.35716,47.58038]]}},{"type":"Feature","properties":{"id":"hebbach-tg","c":"TG","p":"pacht","q":"derived","k":"river"},"geometry":{"type":"LineString","coordinates":[[9.2922,47.57983],[9.29325,47.57952],[9.29516,47.57987],[9.29629,47.57984],[9.29759,47.57893],[9.29848,47.57746],[9.30369,47.57753],[9.3047,47.57739],[9.30585,47.57665],[9.30646,47.57513],[9.30795,47.5739],[9.30712,47.57277],[9.3063,47.57226],[9.30455,47.56908],[9.30403,47.56885],[9.30267,47.56876],[9.30052,47.5689],[9.30012,47.56862],[9.2988,47.56855],[9.29782,47.56806],[9.29787,47.56727],[9.29746,47.56708],[9.29749,47.56641],[9.29717,47.566],[9.29712,47.56533],[9.2975,47.56492],[9.29742,47.56411],[9.29675,47.56292],[9.29699,47.56244],[9.29681,47.56178],[9.29721,47.5617],[9.29795,47.56088],[9.2983,47.56091],[9.29877,47.56061],[9.29906,47.56021],[9.29954,47.56027],[9.29986,47.56013],[9.30008,47.55994],[9.29988,47.55961],[9.3004,47.55942],[9.30058,47.55908],[9.30096,47.5591],[9.30225,47.5583],[9.30267,47.55764],[9.30254,47.55723],[9.30275,47.55677],[9.30295,47.55692],[9.30305,47.55673],[9.30489,47.55606],[9.30572,47.55609],[9.30657,47.55532]]}},{"type":"Feature","properties":{"id":"muehlebach-raeuchlisberg-tg","c":"TG","p":"pacht","q":"derived","k":"river"},"geometry":{"type":"MultiLineString","coordinates":[[[9.27627,47.53905],[9.27582,47.53905],[9.27592,47.53966],[9.27526,47.53992],[9.27488,47.5404],[9.2743,47.54169],[9.27442,47.54222],[9.27532,47.54288],[9.27751,47.54384],[9.27867,47.5437],[9.27885,47.54353],[9.27993,47.544],[9.28042,47.54509],[9.28196,47.54574],[9.28252,47.54617],[9.28258,47.54737],[9.28479,47.54758],[9.28685,47.5481],[9.28735,47.54857],[9.28689,47.54989],[9.288,47.55056],[9.28821,47.55126],[9.28969,47.55145],[9.2902,47.55184],[9.29167,47.55192],[9.29243,47.55214],[9.29265,47.55264],[9.29396,47.55396]],[[9.27679,47.53848],[9.27681,47.53861]],[[9.28389,47.53423],[9.28338,47.53439],[9.28328,47.53467],[9.28374,47.53487],[9.28229,47.53626],[9.28145,47.53658],[9.28069,47.53644],[9.2802,47.5365],[9.2802,47.53662],[9.27986,47.53657],[9.2799,47.53669],[9.27958,47.53663],[9.27954,47.53689],[9.27751,47.53743],[9.27749,47.53808],[9.277,47.53826]],[[9.282,47.53022],[9.28218,47.53006],[9.28349,47.53001],[9.28562,47.53027],[9.28688,47.53069],[9.28728,47.53114],[9.288,47.5314],[9.28799,47.53206],[9.28879,47.53269],[9.28781,47.53354],[9.28733,47.53342],[9.28644,47.53369],[9.28633,47.53397],[9.28585,47.53378],[9.28526,47.53391]]]}},{"type":"Feature","properties":{"id":"tobelbach-tg-2","c":"TG","p":"pacht","q":"derived","k":"river"},"geometry":{"type":"LineString","coordinates":[[9.23647,47.58335],[9.2375,47.58332],[9.2391,47.58256],[9.24221,47.58023],[9.24127,47.57957],[9.24078,47.57875],[9.24185,47.57606],[9.24153,47.57496],[9.2415,47.5735],[9.24072,47.57187],[9.23876,47.57092],[9.23794,47.57065],[9.23632,47.57062],[9.23468,47.57027],[9.23397,47.56923],[9.23486,47.56884],[9.23518,47.56744],[9.23591,47.56737],[9.23656,47.56705],[9.23587,47.56651],[9.23576,47.56614],[9.23529,47.56592],[9.23529,47.56621],[9.23508,47.56619],[9.23428,47.56567],[9.23311,47.56548],[9.2319,47.5646],[9.23109,47.56468],[9.23045,47.56435],[9.22996,47.56434],[9.22946,47.56393],[9.22939,47.56353],[9.2305,47.56341],[9.23109,47.56291],[9.23133,47.56296],[9.23219,47.56249],[9.23339,47.56121],[9.23336,47.56041],[9.23166,47.55983],[9.23022,47.55956],[9.22863,47.55898],[9.22821,47.55858],[9.22728,47.55841],[9.2269,47.55853],[9.22634,47.55826],[9.22609,47.55769],[9.22526,47.55733],[9.224,47.55718],[9.22369,47.5574],[9.22254,47.55687],[9.22252,47.55636],[9.22325,47.55621],[9.22381,47.55503],[9.22453,47.55447],[9.22432,47.55431],[9.22362,47.55433],[9.22353,47.55407],[9.22409,47.55379],[9.22478,47.55372],[9.22576,47.5528],[9.2258,47.55247],[9.22401,47.55088],[9.22453,47.5502],[9.22404,47.54943],[9.22428,47.54885]]}},{"type":"Feature","properties":{"id":"grenzbach-tg","c":"TG","p":"pacht","q":"derived","k":"river"},"geometry":{"type":"MultiLineString","coordinates":[[[9.17935,47.62997],[9.17801,47.63118],[9.17806,47.63171],[9.17754,47.63261],[9.1779,47.63374],[9.1778,47.63427],[9.17678,47.63582],[9.17798,47.6371],[9.17848,47.63733],[9.17844,47.63799],[9.17742,47.63866],[9.17581,47.64015],[9.17312,47.64165],[9.1714,47.64371]],[[9.19404,47.60411],[9.19131,47.60135],[9.19083,47.60129],[9.18989,47.60201],[9.18909,47.60477],[9.18865,47.60515],[9.18897,47.60557],[9.18711,47.6062],[9.1867,47.60651],[9.18573,47.60651],[9.18526,47.60631],[9.18298,47.6066],[9.18198,47.60729],[9.17926,47.60815],[9.17853,47.60896],[9.17836,47.60954],[9.17777,47.60981],[9.17726,47.61037],[9.17645,47.61183],[9.17638,47.61303],[9.17553,47.61409],[9.17521,47.61515],[9.17637,47.61554],[9.1771,47.61623],[9.17717,47.61648],[9.17617,47.61728],[9.17867,47.61833],[9.18049,47.61951],[9.18061,47.62033],[9.1815,47.62176],[9.18244,47.62314],[9.18362,47.62423],[9.18381,47.62512],[9.18495,47.62631],[9.1847,47.6269],[9.184,47.62749]]]}},{"type":"Feature","properties":{"id":"aach-romanshorn-tg","c":"TG","p":"pacht","q":"derived","k":"river"},"geometry":{"type":"LineString","coordinates":[[9.20225,47.54279],[9.20367,47.54349],[9.20574,47.54392],[9.20679,47.54444],[9.20651,47.5457],[9.20719,47.54677],[9.2079,47.5473],[9.2109,47.54866],[9.21576,47.54805],[9.21714,47.54821],[9.21768,47.54811],[9.22281,47.54892],[9.2247,47.54885],[9.22727,47.54915],[9.22923,47.55014],[9.2305,47.55309],[9.23324,47.5542],[9.23511,47.55471],[9.23801,47.55472],[9.23917,47.55426],[9.23965,47.55228],[9.24078,47.55128],[9.24368,47.55085],[9.24626,47.5509],[9.24742,47.5512],[9.25064,47.55258],[9.25083,47.55368],[9.25058,47.555],[9.25066,47.55551],[9.25103,47.55585],[9.25581,47.55736],[9.25771,47.55757],[9.25958,47.55734],[9.26266,47.5581],[9.26628,47.55731],[9.26906,47.55789],[9.27007,47.55784],[9.27135,47.55752],[9.27748,47.55827],[9.27847,47.5581],[9.28005,47.55833],[9.28358,47.55771],[9.28774,47.55591],[9.29396,47.55396],[9.30593,47.55539],[9.30843,47.55495],[9.31177,47.55501],[9.31245,47.55463],[9.31308,47.55465],[9.31325,47.55432],[9.31423,47.55408],[9.3155,47.55449],[9.31597,47.55448],[9.31623,47.55414],[9.31683,47.55399],[9.31726,47.5536],[9.31837,47.55374],[9.3192,47.55357],[9.32074,47.55391],[9.32111,47.55369],[9.32157,47.55268],[9.32209,47.55238],[9.32194,47.55203],[9.32261,47.55137],[9.32337,47.55111],[9.32469,47.55152],[9.3254,47.55201],[9.32565,47.552],[9.32587,47.55149],[9.3265,47.55137],[9.32677,47.55158],[9.32752,47.55162],[9.32773,47.55208],[9.32799,47.55213],[9.32815,47.55184],[9.3296,47.55102],[9.32925,47.55054],[9.32951,47.55015],[9.33006,47.54992],[9.33045,47.55012],[9.3308,47.54992],[9.33228,47.55036],[9.33241,47.54961],[9.33296,47.54978],[9.33281,47.55001],[9.33348,47.5501],[9.33365,47.54982],[9.33389,47.55008],[9.33423,47.54978],[9.33414,47.55064],[9.33375,47.55095],[9.33448,47.55095],[9.33454,47.55127],[9.33509,47.55143],[9.33616,47.55139],[9.33667,47.55109],[9.33772,47.55091],[9.3386,47.55141],[9.33991,47.55131],[9.34015,47.55143],[9.34514,47.55043],[9.34559,47.55073],[9.34674,47.55022],[9.34838,47.55003],[9.35039,47.55012],[9.35106,47.54971],[9.35295,47.54952],[9.35349,47.54968],[9.35402,47.55041],[9.35544,47.55027],[9.35548,47.55062],[9.35607,47.55071],[9.35728,47.55048],[9.35839,47.55055],[9.35914,47.55127],[9.35996,47.5516],[9.35962,47.5518],[9.3603,47.55212],[9.36003,47.55242],[9.36049,47.55242],[9.36042,47.5527],[9.36003,47.55275],[9.35975,47.55335],[9.35996,47.5538],[9.36239,47.55358],[9.36272,47.5541],[9.36354,47.55376],[9.36409,47.55387],[9.36383,47.55453],[9.36351,47.55476],[9.36371,47.5549],[9.36429,47.55474],[9.3645,47.55486],[9.36458,47.55533],[9.36404,47.55542],[9.36397,47.55558],[9.36411,47.55608],[9.36465,47.55624],[9.36533,47.5563],[9.36635,47.55597],[9.36667,47.55623],[9.36862,47.55591],[9.36943,47.5561],[9.36989,47.55567],[9.37084,47.55608],[9.37339,47.55662],[9.37411,47.55655],[9.37556,47.556],[9.37726,47.55635],[9.37881,47.55611],[9.38005,47.55625]]}},{"type":"Feature","properties":{"id":"thur-tg","c":"TG","p":"pacht","q":"derived","k":"river"},"geometry":{"type":"MultiLineString","coordinates":[[[9.14108,47.54964],[9.13988,47.54968],[9.13077,47.54866],[9.122,47.5493],[9.10806,47.55376],[9.10532,47.55515],[9.1023,47.55632],[9.08971,47.55857],[9.0861,47.55958],[9.07343,47.56501],[9.05983,47.57262],[9.05703,47.57383],[9.05385,47.57441],[9.04039,47.575],[9.03854,47.57523],[9.02023,47.58092],[9.00582,47.58509],[8.98721,47.58967],[8.98483,47.59006],[8.97837,47.59047],[8.95612,47.58985],[8.93384,47.58755],[8.92055,47.58742],[8.91748,47.58698],[8.91451,47.58631],[8.89093,47.58053],[8.88385,47.57972],[8.8538,47.57769],[8.8513,47.57776],[8.83822,47.57885],[8.8302,47.57844],[8.82651,47.57853],[8.76587,47.59252],[8.76126,47.59292],[8.75739,47.59294],[8.74826,47.59233]],[[9.18684,47.52439],[9.18573,47.52445],[9.18216,47.52548],[9.17892,47.5277],[9.17459,47.53225],[9.171,47.53815],[9.16425,47.54227],[9.16098,47.54316],[9.15913,47.54439],[9.15637,47.54511],[9.15299,47.54696],[9.15018,47.54777],[9.1494,47.54897],[9.14721,47.55014],[9.14424,47.55079],[9.14108,47.54964]],[[9.20898,47.48019],[9.21177,47.48564],[9.21269,47.48692],[9.21563,47.48956],[9.2159,47.49009],[9.21892,47.49154],[9.21953,47.49159],[9.22011,47.49147],[9.22359,47.48825],[9.22409,47.48808],[9.22564,47.48822],[9.22745,47.48865],[9.22988,47.49042],[9.23252,47.49189],[9.23353,47.49482],[9.23346,47.49564],[9.23288,47.49657],[9.23151,47.49752],[9.23019,47.4977],[9.22829,47.49751],[9.22631,47.49684],[9.22332,47.49515],[9.22247,47.49514],[9.22109,47.49556],[9.21979,47.49621],[9.21677,47.49866],[9.21391,47.4994],[9.2128,47.49999],[9.21233,47.50054],[9.21244,47.50413],[9.21191,47.50489],[9.21075,47.50582],[9.20758,47.50783],[9.20699,47.50844],[9.20668,47.50926],[9.20671,47.51102],[9.20737,47.51293],[9.2087,47.5151],[9.20874,47.51661],[9.20744,47.51942],[9.20603,47.52121],[9.20513,47.5219],[9.20023,47.52386],[9.1974,47.52457],[9.19513,47.52489],[9.19273,47.52499],[9.19013,47.52478],[9.18715,47.52402],[9.18405,47.52349],[9.1811,47.52385],[9.17951,47.52437],[9.17761,47.52554],[9.17621,47.52695],[9.16956,47.53475],[9.16809,47.53605],[9.16671,47.53671],[9.16082,47.53867],[9.14569,47.54827],[9.14334,47.54925],[9.14108,47.54964]]]}},{"type":"Feature","properties":{"id":"stichbach-tg","c":"TG","p":"pacht","q":"derived","k":"river"},"geometry":{"type":"LineString","coordinates":[[9.21857,47.5902],[9.22064,47.59097],[9.22191,47.59189],[9.22307,47.59237],[9.22422,47.59254],[9.22578,47.59107],[9.22686,47.591],[9.22837,47.59127],[9.22944,47.59124],[9.23232,47.59035],[9.23334,47.58971],[9.23834,47.58918],[9.23952,47.58948],[9.24116,47.58953],[9.24434,47.59007],[9.24495,47.58963],[9.24531,47.58963],[9.24687,47.59086],[9.24922,47.59144],[9.24949,47.59174],[9.25062,47.59167],[9.25098,47.59199],[9.25075,47.59251],[9.25028,47.59289],[9.2498,47.59559],[9.24476,47.60071],[9.24134,47.60345],[9.24109,47.60405],[9.23786,47.60616],[9.23847,47.60669],[9.23863,47.60723],[9.2382,47.60749],[9.23732,47.60753],[9.23668,47.60807],[9.23551,47.60836],[9.23482,47.60875],[9.23514,47.60916],[9.23462,47.61],[9.23385,47.61062],[9.23386,47.61118],[9.23258,47.61177],[9.2321,47.61237],[9.23151,47.6123],[9.23108,47.61245],[9.23026,47.61302],[9.23003,47.61352],[9.22848,47.61384],[9.22846,47.6143],[9.22807,47.61451],[9.2282,47.61479],[9.2272,47.61574],[9.22695,47.61651],[9.22628,47.61703],[9.2262,47.61734],[9.22545,47.61743],[9.22497,47.61718],[9.22413,47.61803],[9.22412,47.61869],[9.22317,47.61887],[9.22253,47.61958],[9.22143,47.61975],[9.2212,47.62004],[9.22026,47.62024],[9.22046,47.62068],[9.21977,47.62167],[9.21812,47.62192],[9.21658,47.6231],[9.21603,47.62317],[9.21565,47.62296],[9.21433,47.62339],[9.21447,47.62365],[9.2136,47.62365],[9.21371,47.62391],[9.21422,47.62404],[9.21326,47.62447],[9.2137,47.62512],[9.21299,47.62515],[9.21333,47.62572],[9.21304,47.62604],[9.21357,47.62632],[9.21307,47.62704],[9.21257,47.62723],[9.21249,47.62765],[9.21197,47.62807],[9.21209,47.62832],[9.21142,47.62816],[9.21042,47.62876],[9.21048,47.62901],[9.21018,47.62921],[9.20949,47.62933],[9.209,47.62968],[9.20753,47.6298],[9.20662,47.63098],[9.20607,47.63122],[9.20587,47.63171],[9.20527,47.63161],[9.20458,47.63232],[9.20383,47.63553],[9.2041,47.63584],[9.20523,47.63618],[9.20505,47.6366],[9.20589,47.63658],[9.2064,47.63715],[9.20577,47.63745],[9.20562,47.63789],[9.20646,47.63868],[9.20591,47.63979],[9.20634,47.63999],[9.20732,47.63996],[9.20707,47.64103],[9.20738,47.64167],[9.20828,47.64172],[9.20882,47.64092],[9.20914,47.64087],[9.20931,47.64167],[9.21076,47.64227],[9.21191,47.6431]]}},{"type":"Feature","properties":{"id":"ruetibach-tg","c":"TG","p":"pacht","q":"derived","k":"river"},"geometry":{"type":"LineString","coordinates":[[9.14982,47.49994],[9.14991,47.50112],[9.15051,47.50128],[9.15042,47.50157],[9.15064,47.50142],[9.15126,47.50153],[9.15223,47.50193],[9.15421,47.50213],[9.15466,47.50242],[9.15592,47.50236],[9.15683,47.50261],[9.15788,47.50322],[9.15907,47.50333],[9.16104,47.50381],[9.1621,47.50371],[9.16366,47.50429],[9.1648,47.50499],[9.16545,47.50652],[9.16604,47.50656],[9.16635,47.50713],[9.16615,47.50761],[9.16631,47.50848],[9.16807,47.50959],[9.1696,47.50947],[9.17155,47.50964],[9.172,47.50995],[9.17404,47.51031],[9.17593,47.51117],[9.17561,47.51224],[9.17578,47.5128],[9.17533,47.513],[9.17536,47.51346],[9.17472,47.51401],[9.17464,47.51436],[9.17433,47.51444],[9.17409,47.51504],[9.1735,47.51509],[9.17291,47.51558],[9.17212,47.51586],[9.1706,47.51626],[9.17011,47.5162],[9.16944,47.51673],[9.16893,47.51676],[9.16817,47.51642],[9.16472,47.51651],[9.16442,47.51621],[9.16389,47.51607],[9.16277,47.5162],[9.1619,47.51589],[9.1606,47.516],[9.15969,47.51554],[9.15941,47.51579],[9.15895,47.51586],[9.15884,47.51608],[9.15817,47.51609],[9.15787,47.51642],[9.15707,47.51662],[9.15746,47.51824],[9.15793,47.51841],[9.15799,47.51901],[9.15849,47.51955],[9.15791,47.51976],[9.15855,47.52021],[9.15946,47.52216],[9.15875,47.5231],[9.15872,47.52352],[9.16108,47.52575],[9.16231,47.52605],[9.16458,47.52602],[9.16574,47.52639],[9.16617,47.5267],[9.16407,47.53485],[9.16182,47.53806]]}},{"type":"Feature","properties":{"id":"wilerbach-tg","c":"TG","p":"pacht","q":"derived","k":"river"},"geometry":{"type":"LineString","coordinates":[[9.31274,47.52214],[9.31344,47.52341],[9.31363,47.52427],[9.31336,47.52601],[9.31199,47.52767],[9.31184,47.5282],[9.31032,47.52881],[9.30962,47.52934],[9.30948,47.53005],[9.31007,47.5308],[9.31012,47.53125],[9.31107,47.53155],[9.31134,47.5321],[9.31109,47.53246],[9.31008,47.5328],[9.31018,47.5333],[9.30979,47.53405],[9.30783,47.53538],[9.30536,47.53564],[9.3039,47.53618],[9.30307,47.53679],[9.30248,47.53657],[9.30173,47.53717],[9.30094,47.53723],[9.3001,47.53766],[9.29732,47.53818],[9.29355,47.5394],[9.29285,47.53998],[9.29102,47.54049],[9.29144,47.54083],[9.2911,47.54129],[9.2911,47.54173],[9.29244,47.54285],[9.29282,47.54348],[9.29482,47.54336],[9.29571,47.54312],[9.29639,47.54362],[9.29698,47.54364],[9.29777,47.54324],[9.29857,47.54325],[9.29988,47.54357],[9.30315,47.54394],[9.3045,47.54464],[9.30512,47.5443],[9.30577,47.5442],[9.30929,47.54457],[9.31637,47.54346],[9.31971,47.54216],[9.32224,47.54197],[9.32403,47.54214],[9.32475,47.54196],[9.32623,47.54235],[9.32686,47.54224],[9.32766,47.5424],[9.32844,47.54309],[9.32959,47.54314],[9.331,47.54416],[9.33368,47.5444],[9.33448,47.54426],[9.33456,47.54384],[9.33604,47.54397],[9.33733,47.54354],[9.33794,47.54283],[9.33878,47.54251],[9.34144,47.54207],[9.34212,47.54201],[9.34234,47.54213],[9.34291,47.54193],[9.34567,47.54205],[9.34616,47.5418],[9.34838,47.54157],[9.34907,47.54133],[9.34936,47.54143],[9.34956,47.54127],[9.34983,47.54143],[9.35039,47.54127],[9.35086,47.54142],[9.35098,47.5412],[9.35138,47.54121],[9.3514,47.54102],[9.35179,47.54087],[9.35229,47.541],[9.35386,47.54062],[9.35528,47.54059],[9.35689,47.53988],[9.35739,47.53992],[9.3577,47.54021],[9.35833,47.54023],[9.35934,47.53989],[9.36126,47.53969],[9.36528,47.54144],[9.36679,47.54166],[9.36726,47.54145],[9.36752,47.54101],[9.36699,47.54064],[9.36709,47.54045],[9.36786,47.54004],[9.37069,47.53984],[9.37136,47.53942],[9.37097,47.53934],[9.3713,47.53916],[9.37208,47.53926],[9.37259,47.53969],[9.37299,47.53968],[9.37315,47.54053],[9.374,47.54019],[9.37388,47.54052],[9.37435,47.54052],[9.37458,47.54073],[9.37492,47.54052],[9.37459,47.5403],[9.37466,47.54005],[9.3757,47.54021],[9.37594,47.54059],[9.37629,47.54063],[9.37634,47.54133],[9.37769,47.54168],[9.3782,47.54153],[9.37902,47.54158],[9.37877,47.54291],[9.37898,47.54334],[9.37937,47.54324],[9.37951,47.54335],[9.37923,47.54487],[9.37986,47.5453],[9.38002,47.54578],[9.38087,47.54656],[9.38059,47.54719],[9.38111,47.54734],[9.38153,47.54777],[9.38214,47.54783],[9.38286,47.54849],[9.38407,47.54895],[9.38476,47.54945]]}},{"type":"Feature","properties":{"id":"sitter-tg","c":"TG","p":"pacht","q":"derived","k":"river"},"geometry":{"type":"LineString","coordinates":[[9.32094,47.49081],[9.31934,47.49337],[9.31922,47.49436],[9.31994,47.49642],[9.31988,47.49736],[9.31838,47.49959],[9.31728,47.50054],[9.31579,47.50085],[9.31413,47.50048],[9.30969,47.49787],[9.30862,47.49766],[9.30804,47.49825],[9.30829,47.49902],[9.30933,47.50044],[9.30907,47.50115],[9.30671,47.50229],[9.30498,47.50216],[9.30335,47.5016],[9.30214,47.50037],[9.30194,47.49986],[9.30225,47.49866],[9.30382,47.49717],[9.30412,47.49672],[9.30399,47.49638],[9.30363,47.49629],[9.3002,47.4969],[9.29701,47.4978],[9.2963,47.49784],[9.29563,47.49771],[9.29441,47.49649],[9.29352,47.49627],[9.29278,47.49641],[9.28432,47.50048],[9.28344,47.50173],[9.28319,47.50256],[9.28353,47.50533],[9.2832,47.5058],[9.2823,47.50607],[9.28159,47.50595],[9.28009,47.50483],[9.27832,47.5025],[9.27704,47.50149],[9.27525,47.50055],[9.27425,47.5003],[9.27378,47.50032],[9.27344,47.50057],[9.2734,47.50093],[9.27388,47.50161],[9.2736,47.50181],[9.26509,47.50529],[9.2601,47.50306],[9.25905,47.50339],[9.25821,47.50408],[9.2575,47.50421],[9.25551,47.50322],[9.25323,47.50253],[9.25265,47.50256],[9.25231,47.50277],[9.25137,47.50443],[9.25005,47.50454],[9.24929,47.50418],[9.24793,47.50151],[9.2455,47.49831],[9.24429,47.49717],[9.24273,47.49686],[9.23945,47.49706],[9.23529,47.49818],[9.23426,47.49812],[9.23152,47.49751]]}},{"type":"Feature","properties":{"id":"furtibach-tg-2","c":"TG","p":"pacht","q":"derived","k":"river"},"geometry":{"type":"MultiLineString","coordinates":[[[9.13976,47.61722],[9.13889,47.61709],[9.1378,47.61656],[9.13606,47.61669],[9.13483,47.61635],[9.1334,47.61555],[9.1319,47.61415],[9.13166,47.6131],[9.13184,47.61285],[9.13143,47.61239],[9.1323,47.61188],[9.13242,47.61138],[9.13226,47.61074],[9.13171,47.61024],[9.1317,47.60959],[9.13195,47.60897],[9.13276,47.60833],[9.13287,47.60797],[9.13127,47.60721],[9.13119,47.60689],[9.13156,47.60642]],[[9.14115,47.61744],[9.14108,47.61742]],[[9.14608,47.61706],[9.14442,47.61754],[9.14385,47.61736],[9.1432,47.61746]],[[9.17531,47.6178],[9.17052,47.61686],[9.16523,47.61828],[9.16252,47.61797]]]}},{"type":"Feature","properties":{"id":"salbach-tg","c":"TG","p":"pacht","q":"derived","k":"river"},"geometry":{"type":"LineString","coordinates":[[9.38389,47.48199],[9.38839,47.48212],[9.38994,47.48164],[9.39076,47.48184],[9.39083,47.48223],[9.3897,47.48307],[9.38767,47.48407],[9.38479,47.48432],[9.38409,47.48454],[9.38327,47.48527],[9.38258,47.48629],[9.38157,47.48704],[9.38056,47.48737],[9.379,47.48739],[9.37832,47.48772],[9.37744,47.48935],[9.3766,47.4898],[9.3746,47.49029],[9.3741,47.49081],[9.37424,47.49115],[9.37406,47.49155],[9.37498,47.4923],[9.37569,47.49251],[9.37898,47.49221],[9.38175,47.49221],[9.38305,47.49248],[9.38346,47.49279],[9.38396,47.49271],[9.38434,47.49313],[9.38497,47.49312],[9.38532,47.49334],[9.38661,47.49335],[9.38702,47.49316],[9.38906,47.49367],[9.38902,47.49402],[9.38955,47.49458],[9.39113,47.49553],[9.39159,47.49556],[9.39165,47.49635],[9.39365,47.49713],[9.39468,47.50018],[9.3958,47.50071],[9.39602,47.5019],[9.39649,47.50249],[9.39762,47.50249],[9.40006,47.50299],[9.4035,47.50336],[9.40681,47.50268],[9.40832,47.50187],[9.41021,47.50263],[9.41179,47.50281],[9.4143,47.50242],[9.41792,47.5013],[9.42514,47.50158],[9.42581,47.50173],[9.42931,47.50345],[9.4302,47.50457],[9.4337,47.50599]]}},{"type":"Feature","properties":{"id":"hegibach-tg","c":"TG","p":"pacht","q":"derived","k":"river"},"geometry":{"type":"MultiLineString","coordinates":[[[9.33865,47.5015],[9.33891,47.50175],[9.33887,47.50227],[9.33955,47.50317],[9.34012,47.50317],[9.34194,47.50376],[9.34362,47.50493],[9.34382,47.50581],[9.34481,47.50597],[9.34523,47.50626],[9.34573,47.5061],[9.34616,47.50621],[9.34662,47.50593],[9.34695,47.50596],[9.34762,47.50608],[9.34848,47.50665],[9.3494,47.50664],[9.34984,47.50701],[9.35136,47.50738],[9.35165,47.50805],[9.35136,47.50871],[9.35183,47.50918],[9.35221,47.5091],[9.3532,47.50936],[9.35356,47.50926],[9.35465,47.50952],[9.35472,47.50981],[9.35446,47.50999],[9.35461,47.51023],[9.35426,47.5105],[9.3541,47.51102],[9.35344,47.51133],[9.35397,47.5121],[9.35424,47.5121],[9.35432,47.51245],[9.35333,47.51444],[9.35349,47.51494]],[[9.35518,47.51631],[9.35615,47.51631],[9.35979,47.51536],[9.3606,47.51575],[9.36275,47.51519],[9.36353,47.51517],[9.36401,47.51545],[9.36485,47.51501],[9.36572,47.51518],[9.36694,47.5149],[9.36806,47.51519],[9.36898,47.51493],[9.36965,47.51512],[9.37283,47.51473],[9.37316,47.51482],[9.37399,47.51454],[9.37388,47.5142],[9.37494,47.51384],[9.37477,47.51327],[9.37629,47.51242],[9.37764,47.51222],[9.37814,47.51254],[9.37963,47.51252],[9.38007,47.51237],[9.38026,47.51191],[9.38183,47.51171],[9.38233,47.51184],[9.38293,47.51161],[9.38341,47.51191],[9.38419,47.51192],[9.38761,47.51285],[9.38887,47.51267],[9.38929,47.51294],[9.39086,47.5127],[9.39251,47.51293],[9.396,47.51295],[9.39851,47.51261],[9.39951,47.51279],[9.40019,47.51322],[9.40112,47.51325],[9.40183,47.51294],[9.40335,47.51282],[9.40362,47.51322],[9.40388,47.51326],[9.40434,47.51321],[9.40435,47.51297],[9.40465,47.51291],[9.40431,47.51265],[9.40437,47.51239],[9.40597,47.51204],[9.40605,47.51177],[9.40689,47.51163],[9.40676,47.51099],[9.40745,47.51105],[9.40942,47.51071],[9.40957,47.51018],[9.41065,47.50972],[9.41152,47.50973],[9.41263,47.51004],[9.41329,47.51047],[9.41395,47.51018],[9.41408,47.51053],[9.41484,47.51062],[9.4153,47.51033],[9.41591,47.51068],[9.41623,47.51113]]]}},{"type":"Feature","properties":{"id":"binnenkanal-tg-3","c":"TG","p":"pacht","q":"derived","k":"river"},"geometry":{"type":"LineString","coordinates":[[9.00824,47.5827],[9.00617,47.58291],[9.00467,47.58336],[9.00102,47.584],[8.98531,47.58779],[8.97758,47.58761],[8.97695,47.58837],[8.97149,47.58859],[8.96671,47.58812],[8.9544,47.58794],[8.94887,47.58763],[8.9467,47.58768],[8.94339,47.58833]]}},{"type":"Feature","properties":{"id":"binnenkanal-thur-tg","c":"TG","p":"pacht","q":"derived","k":"river"},"geometry":{"type":"LineString","coordinates":[[8.88441,47.57815],[8.88317,47.57851],[8.85379,47.57653],[8.84965,47.5767],[8.8377,47.57764],[8.82774,47.57735],[8.82563,47.57763],[8.80555,47.58226]]}},{"type":"Feature","properties":{"id":"fabrikkanal-thur-tg","c":"TG","p":"pacht","q":"derived","k":"river"},"geometry":{"type":"MultiLineString","coordinates":[[[9.09787,47.56138],[9.09503,47.56254],[9.08453,47.56416],[9.07415,47.56495]],[[9.10519,47.55521],[9.10521,47.55604],[9.10487,47.55699]]]}},{"type":"Feature","properties":{"id":"dorfbach-tg-3","c":"TG","p":"pacht","q":"derived","k":"river"},"geometry":{"type":"LineString","coordinates":[[9.02467,47.64777],[9.02421,47.64722],[9.02336,47.64707],[9.02347,47.64668],[9.02435,47.64596],[9.02422,47.64456],[9.02396,47.64418],[9.02257,47.64374],[9.02206,47.64401],[9.02148,47.64406],[9.0186,47.64387],[9.01763,47.64361],[9.01566,47.64391],[9.01357,47.64374],[9.01312,47.64338],[9.0117,47.64291],[9.0108,47.64189],[9.00817,47.64206],[9.00624,47.64194],[9.00549,47.64172],[9.00419,47.64095],[9.00215,47.64037],[8.99737,47.64003],[8.99307,47.63925],[8.99068,47.63844],[8.9853,47.6354],[8.98391,47.63543],[8.98279,47.63522],[8.98164,47.63555],[8.9807,47.63559],[8.97811,47.63668],[8.97707,47.63683],[8.9759,47.63653],[8.97556,47.63613],[8.97516,47.63617],[8.97519,47.63586],[8.97392,47.6353],[8.97378,47.63488],[8.97424,47.63453],[8.97432,47.63353],[8.97478,47.63294],[8.97453,47.63275],[8.97455,47.6324],[8.97488,47.63202],[8.97401,47.62959],[8.97437,47.62924],[8.97444,47.6285],[8.97361,47.62781],[8.97285,47.62758],[8.97188,47.62654],[8.97236,47.62541],[8.97149,47.6236],[8.97095,47.62297],[8.9695,47.62225],[8.9697,47.62169],[8.96794,47.62081],[8.96789,47.62045],[8.9669,47.62044],[8.96659,47.62001],[8.96445,47.61934],[8.96421,47.61907],[8.96416,47.61793],[8.96254,47.61723],[8.96256,47.61668],[8.96169,47.61583],[8.96085,47.61561],[8.96052,47.61494],[8.95879,47.61477],[8.95778,47.61432],[8.95697,47.61419],[8.9566,47.61376],[8.95605,47.61361],[8.9558,47.61321],[8.95499,47.61317],[8.95478,47.61268],[8.95555,47.61218],[8.95533,47.61166],[8.95484,47.6113],[8.95531,47.61106],[8.95542,47.61059],[8.95588,47.61021],[8.95563,47.60977],[8.957,47.60937],[8.95712,47.60881],[8.9576,47.60866],[8.95727,47.60846],[8.95755,47.60811],[8.95739,47.60671],[8.95544,47.60671],[8.95511,47.60648],[8.95428,47.60668],[8.95317,47.60635],[8.95288,47.6059],[8.95235,47.60586],[8.95134,47.605],[8.95014,47.60431],[8.94941,47.60416],[8.94804,47.60329],[8.94843,47.6022],[8.94989,47.60118],[8.95016,47.60059],[8.95008,47.59977],[8.95053,47.59945],[8.95264,47.599],[8.95346,47.59831],[8.95268,47.5967],[8.95295,47.59641],[8.95388,47.59608],[8.95506,47.59512],[8.95554,47.59502],[8.95663,47.5953],[8.95835,47.59488],[8.96145,47.59517],[8.96222,47.59487],[8.96266,47.59446],[8.96273,47.5933],[8.9622,47.59256],[8.96101,47.59193],[8.95857,47.5915],[8.95799,47.59119]]}},{"type":"Feature","properties":{"id":"binnenkanal-tg-4","c":"TG","p":"pacht","q":"derived","k":"river"},"geometry":{"type":"LineString","coordinates":[[8.98247,47.5946],[8.98122,47.59488],[8.97066,47.59486],[8.96666,47.59369],[8.95973,47.59119]]}},{"type":"Feature","properties":{"id":"luetzelmurg-tg","c":"TG","p":"pacht","q":"derived","k":"river"},"geometry":{"type":"LineString","coordinates":[[8.96109,47.43333],[8.95863,47.43597],[8.95697,47.43654],[8.95319,47.43681],[8.95198,47.43664],[8.95144,47.43616],[8.94942,47.43591],[8.94747,47.43585],[8.9468,47.43608],[8.94583,47.43797],[8.94251,47.44017],[8.94088,47.44067],[8.93684,47.44312],[8.93406,47.44507],[8.93312,47.44618],[8.93288,47.44712],[8.93492,47.44969]]}},{"type":"Feature","properties":{"id":"kaabach-tg","c":"TG","p":"pacht","q":"derived","k":"river"},"geometry":{"type":"LineString","coordinates":[[9.04267,47.50166],[9.04112,47.50152],[9.04074,47.50164],[9.04018,47.50138],[9.03712,47.50112],[9.03693,47.50129],[9.03571,47.50148],[9.03447,47.50206],[9.03378,47.50213],[9.03207,47.5013],[9.03145,47.50144],[9.02833,47.50065],[9.02734,47.49969],[9.02652,47.49804],[9.01765,47.49735],[9.01387,47.49722],[9.00966,47.49956],[9.00726,47.50136],[9.00678,47.50151],[9.00461,47.50159],[9.00326,47.50135],[9.00136,47.50319],[9.00078,47.50336],[9.002,47.50474],[9.00312,47.5056],[9.00413,47.50604],[9.0041,47.50625],[9.00435,47.50619],[9.00436,47.50651],[9.00486,47.5068]]}},{"type":"Feature","properties":{"id":"murg-tg","c":"TG","p":"pacht","q":"derived","k":"river"},"geometry":{"type":"MultiLineString","coordinates":[[[8.97248,47.40358],[8.9722,47.40443],[8.97282,47.40502],[8.97192,47.40572],[8.97235,47.40672],[8.97173,47.40711],[8.97102,47.407],[8.97094,47.40802],[8.97036,47.40838],[8.96939,47.40848],[8.96812,47.4105],[8.967,47.41067],[8.9664,47.41099],[8.96687,47.41292],[8.96763,47.41283],[8.96822,47.41321],[8.96842,47.4139],[8.96775,47.41443],[8.96862,47.41471],[8.9689,47.415],[8.96815,47.41559],[8.9681,47.41593],[8.96854,47.41632],[8.96823,47.41709],[8.96867,47.41752],[8.9697,47.41777],[8.96988,47.41802],[8.96931,47.41882],[8.96935,47.41961],[8.96783,47.421],[8.96758,47.4219],[8.96658,47.42226],[8.96681,47.42292],[8.96733,47.42301],[8.96743,47.42318],[8.96635,47.42363],[8.96768,47.42452],[8.96769,47.4247],[8.96706,47.42502],[8.9674,47.42545],[8.96833,47.42555],[8.96836,47.42641],[8.96956,47.42657],[8.96978,47.42726],[8.97085,47.42839],[8.97104,47.42953],[8.97196,47.42977],[8.97225,47.43001],[8.97176,47.43066],[8.97195,47.43132],[8.97106,47.43215],[8.971,47.43316],[8.97188,47.43348],[8.97364,47.43304],[8.97434,47.43341],[8.97407,47.43398],[8.97149,47.43554],[8.97141,47.43607],[8.97337,47.43693],[8.97351,47.43821],[8.9749,47.43918],[8.97398,47.44041],[8.9749,47.44192],[8.97557,47.4425],[8.97567,47.44332],[8.97634,47.444],[8.97658,47.445],[8.97958,47.4468],[8.98022,47.44765],[8.98302,47.45006],[8.98332,47.4508],[8.98322,47.45155],[8.98433,47.45387],[8.9843,47.45691],[8.9855,47.45948],[8.9865,47.46042],[8.98874,47.46194],[8.98954,47.46384],[8.9902,47.46416],[8.99289,47.46474],[8.99355,47.46532],[8.99605,47.47471],[8.99678,47.47655],[8.99689,47.4777],[8.99772,47.47907],[8.99688,47.48338],[8.99739,47.48497],[8.99665,47.48596],[8.9969,47.48699],[8.99613,47.48871],[8.99645,47.49031],[8.99632,47.49072],[8.99558,47.4912],[8.98859,47.49268],[8.97811,47.49273],[8.97503,47.49298],[8.97293,47.49345],[8.96473,47.49359],[8.96296,47.49317],[8.96003,47.49384],[8.95924,47.49448],[8.95864,47.49469],[8.95608,47.49465],[8.95366,47.49491],[8.95295,47.49627],[8.9478,47.50091],[8.94716,47.50191],[8.9471,47.50332],[8.94457,47.50526],[8.94386,47.50625],[8.94298,47.50673],[8.94338,47.50792],[8.94217,47.50897],[8.94265,47.50992],[8.94244,47.51068],[8.94074,47.51164],[8.93786,47.51268],[8.93613,47.51311],[8.93518,47.51424],[8.93166,47.51619],[8.92993,47.51786],[8.92957,47.52109],[8.92894,47.52196],[8.92492,47.52402],[8.91868,47.52794],[8.91789,47.52889],[8.91522,47.53475],[8.91367,47.53753],[8.91275,47.53808],[8.90995,47.5389],[8.90923,47.53942],[8.90837,47.5408],[8.9076,47.54126],[8.90667,47.5415],[8.90588,47.5415],[8.89661,47.53942],[8.89608,47.5395],[8.89575,47.54005],[8.89687,47.54195],[8.89683,47.54376],[8.89606,47.54478],[8.89402,47.54588],[8.89364,47.54658],[8.89432,47.54729],[8.89637,47.54809],[8.89618,47.54853],[8.89633,47.55059],[8.89605,47.55102],[8.89402,47.55186],[8.89386,47.55229],[8.89518,47.55319],[8.89691,47.55363],[8.89727,47.55398],[8.89727,47.55435],[8.89687,47.55483],[8.89635,47.555],[8.89259,47.55572],[8.892,47.55632],[8.89212,47.55684],[8.89251,47.55722],[8.89756,47.56027],[8.89807,47.56106],[8.89799,47.56207],[8.89738,47.56332],[8.89566,47.5652],[8.89452,47.56883],[8.89122,47.57488],[8.88939,47.57641],[8.88499,47.57929],[8.88385,47.57972]],[[8.97149,47.39128],[8.97161,47.39159]],[[8.97275,47.39456],[8.97322,47.39528],[8.97365,47.3969],[8.97419,47.39759],[8.97421,47.39811],[8.97569,47.39928],[8.97511,47.40063],[8.97437,47.40117]]]}},{"type":"Feature","properties":{"id":"steinenbach-tg","c":"TG","p":"pacht","q":"derived","k":"river"},"geometry":{"type":"MultiLineString","coordinates":[[[8.91133,47.4014],[8.91069,47.40109],[8.90953,47.40135],[8.90864,47.40107],[8.90699,47.40104],[8.90644,47.40141],[8.90356,47.40195],[8.90342,47.40236]],[[8.91347,47.40105],[8.91318,47.40122],[8.91213,47.40095],[8.91155,47.40115]],[[8.92534,47.39714],[8.92492,47.39756],[8.92434,47.39758],[8.92288,47.39859],[8.92228,47.39869],[8.92059,47.39952],[8.91787,47.4],[8.91732,47.39988],[8.91623,47.40001],[8.91592,47.39986],[8.91539,47.39996],[8.91542,47.4002],[8.91437,47.40033],[8.91408,47.4006],[8.91349,47.40049]],[[8.93542,47.39044],[8.93389,47.39066],[8.93191,47.39148],[8.93115,47.39218],[8.93012,47.39263],[8.92991,47.39326],[8.9288,47.394],[8.92823,47.39396],[8.92737,47.39475]],[[8.94293,47.38612],[8.94145,47.3874],[8.94071,47.38753],[8.93808,47.38876],[8.93618,47.39024],[8.9357,47.39037]],[[8.94247,47.37655],[8.94242,47.37703],[8.94114,47.37819],[8.94021,47.37973],[8.94025,47.38013],[8.94085,47.38098]],[[8.94257,47.38259],[8.94355,47.38383],[8.94363,47.38481]]]}},{"type":"Feature","properties":{"id":"seebach-tg","c":"TG","p":"pacht","q":"derived","k":"river"},"geometry":{"type":"MultiLineString","coordinates":[[[8.82446,47.61486],[8.82909,47.61399],[8.83208,47.6139]],[[8.8474,47.60842],[8.8513,47.60681],[8.85215,47.60668],[8.85303,47.60694],[8.85685,47.60923],[8.85797,47.6094],[8.85872,47.60912],[8.86037,47.60772],[8.8616,47.60702],[8.86763,47.60584],[8.87522,47.6039],[8.87879,47.60223],[8.8787,47.6017],[8.87976,47.60069],[8.88038,47.60023],[8.88077,47.60026],[8.88127,47.59997],[8.88272,47.59997],[8.88364,47.59963],[8.88607,47.59915],[8.88646,47.59888],[8.88904,47.59868],[8.88997,47.59816],[8.89156,47.59854],[8.8939,47.59851],[8.8964,47.59817],[8.8969,47.59774],[8.89763,47.59767]],[[8.89971,47.59755],[8.9011,47.59747],[8.90341,47.59652],[8.9069,47.59615],[8.90739,47.59548],[8.90857,47.59541],[8.90871,47.59511],[8.9098,47.59492],[8.91002,47.59459],[8.91078,47.59439],[8.91113,47.59362],[8.91067,47.59343],[8.91088,47.59305],[8.9106,47.59289],[8.9113,47.59254],[8.91061,47.59259],[8.91111,47.59202],[8.91067,47.59169],[8.91134,47.59126],[8.91186,47.59129],[8.91191,47.59093],[8.91332,47.58944],[8.91243,47.58891],[8.91253,47.58832],[8.91184,47.5876],[8.91189,47.58723],[8.91283,47.58671],[8.91208,47.58594]]]}},{"type":"Feature","properties":{"id":"aspibach-tg","c":"TG","p":"pacht","q":"derived","k":"river"},"geometry":{"type":"MultiLineString","coordinates":[[[9.03569,47.60951],[9.03579,47.60857],[9.03384,47.60804],[9.03246,47.60803],[9.03206,47.60767],[9.03231,47.6075],[9.03228,47.60707],[9.03168,47.60691],[9.03184,47.60663],[9.03043,47.60626],[9.03033,47.60564],[9.02999,47.60533],[9.02948,47.60542],[9.02889,47.60463],[9.02809,47.6045],[9.02809,47.60481],[9.02658,47.60429],[9.02495,47.60403],[9.02475,47.60381],[9.0243,47.60417],[9.02301,47.60397],[9.02104,47.60334],[9.01989,47.60353],[9.01916,47.60324],[9.01789,47.60307],[9.01666,47.60254],[9.00649,47.59465],[9.00309,47.59268],[9.00183,47.59221],[8.99927,47.59292],[8.99831,47.59242]],[[9.04969,47.61659],[9.04829,47.61605],[9.04745,47.61619],[9.04679,47.61578],[9.04682,47.61563],[9.04706,47.61567],[9.04698,47.61549],[9.04626,47.61529],[9.04614,47.61489],[9.04509,47.61455],[9.0448,47.61413],[9.04334,47.61404],[9.04334,47.6137],[9.04259,47.61368],[9.04104,47.61326],[9.04042,47.61288],[9.03998,47.61298],[9.03918,47.61262],[9.03875,47.61276],[9.0382,47.61197],[9.03805,47.61082],[9.03675,47.61007],[9.03605,47.61003]]]}},{"type":"Feature","properties":{"id":"luetzelmurg-tg-2","c":"TG","p":"pacht","q":"derived","k":"river"},"geometry":{"type":"MultiLineString","coordinates":[[[8.89355,47.49398],[8.89403,47.49471],[8.89619,47.49569],[8.89656,47.49674],[8.89568,47.49796],[8.89563,47.49849],[8.89476,47.49905],[8.89373,47.49921],[8.89316,47.49985],[8.89355,47.50035],[8.89339,47.50054]],[[8.92037,47.44322],[8.9203,47.44365],[8.92059,47.44395],[8.92066,47.4446],[8.921,47.44488],[8.92117,47.44574],[8.92353,47.44788],[8.92381,47.44951],[8.92456,47.45088],[8.92598,47.45209],[8.9286,47.45096],[8.93004,47.45078],[8.93378,47.44966],[8.9351,47.44971],[8.93553,47.44995],[8.93662,47.45178],[8.93831,47.45257],[8.93971,47.4539],[8.93996,47.45482],[8.93872,47.45893],[8.93878,47.46119],[8.93795,47.46298],[8.93785,47.46433],[8.93756,47.465],[8.93692,47.46547],[8.93134,47.46752],[8.9308,47.46795],[8.92989,47.4681],[8.9296,47.46885],[8.92733,47.47016],[8.92659,47.47046],[8.92595,47.47042],[8.92373,47.47138],[8.92335,47.47172],[8.92284,47.47177],[8.91927,47.47341],[8.91827,47.4734],[8.91703,47.47385],[8.9133,47.47591],[8.9079,47.47968],[8.90644,47.48467],[8.90515,47.48676],[8.90431,47.48701],[8.90366,47.48761],[8.90192,47.48825],[8.90067,47.48832],[8.89989,47.48813],[8.8988,47.48895],[8.89697,47.48912],[8.89522,47.49011],[8.89449,47.49084],[8.89359,47.49096],[8.89324,47.49192]],[[8.89334,47.49249],[8.89382,47.49266],[8.89402,47.49295],[8.89352,47.49347]],[[8.89502,47.50273],[8.8958,47.50259],[8.8962,47.50273],[8.89702,47.50325],[8.89692,47.50357],[8.89782,47.50372],[8.89863,47.50405],[8.89903,47.50447],[8.89963,47.50454],[8.90012,47.50489],[8.90004,47.5054],[8.90059,47.50548],[8.9017,47.50601],[8.90156,47.50636],[8.9009,47.50653],[8.90044,47.50705],[8.90071,47.50745],[8.90031,47.50806],[8.90097,47.50863],[8.90003,47.50975],[8.9006,47.51046],[8.90031,47.51116],[8.90142,47.51173],[8.90252,47.51172],[8.90294,47.51156],[8.90329,47.51168],[8.90307,47.51226],[8.90352,47.51275],[8.90532,47.51355],[8.90525,47.51438],[8.90449,47.51473],[8.90479,47.51501],[8.90464,47.51519],[8.90496,47.51573],[8.9057,47.51622],[8.90492,47.51639],[8.90432,47.51631],[8.90399,47.51661],[8.9043,47.51713],[8.90577,47.51801],[8.90578,47.51904],[8.90619,47.51955],[8.90644,47.52065],[8.90736,47.5207],[8.90764,47.52031],[8.90856,47.51993],[8.90882,47.52042],[8.90988,47.52119],[8.91009,47.52086],[8.91087,47.52064],[8.91103,47.52027],[8.91217,47.52013],[8.91297,47.52027],[8.9133,47.5199],[8.91412,47.51995],[8.91459,47.5193],[8.91454,47.51892],[8.91556,47.51842],[8.9158,47.5185],[8.91547,47.51872],[8.91638,47.51905],[8.91711,47.51883],[8.9173,47.51909],[8.91782,47.51924],[8.91775,47.51965],[8.918,47.51984],[8.91883,47.51972],[8.91874,47.51938],[8.91892,47.51934],[8.92009,47.51948],[8.92112,47.51931],[8.92142,47.51944],[8.92387,47.5194],[8.92453,47.51899],[8.92511,47.5195],[8.92485,47.5197],[8.92493,47.52011],[8.92542,47.52045],[8.92654,47.52077],[8.92742,47.52152],[8.92645,47.52313]]]}},{"type":"Feature","properties":{"id":"geisslibach-tg","c":"TG","p":"pacht","q":"derived","k":"river"},"geometry":{"type":"LineString","coordinates":[[8.77501,47.64891],[8.77394,47.64991],[8.7751,47.65097],[8.7747,47.65407],[8.7736,47.65504],[8.77244,47.65744],[8.77235,47.65844],[8.77292,47.65911],[8.77415,47.65962],[8.77525,47.66059],[8.77558,47.66125],[8.77544,47.66198],[8.77503,47.66216],[8.77279,47.66235],[8.76989,47.66324],[8.76771,47.66321],[8.76677,47.6634],[8.76541,47.66417],[8.76254,47.66698],[8.75795,47.66884],[8.75616,47.66905],[8.75258,47.66873],[8.75109,47.66913],[8.75005,47.67008],[8.74666,47.67244],[8.74465,47.67433],[8.74307,47.67655],[8.7421,47.6774],[8.74119,47.67783],[8.7406,47.67878],[8.73812,47.68073],[8.73819,47.68161],[8.74074,47.68389],[8.74107,47.68522],[8.74165,47.68581],[8.74295,47.6863],[8.74609,47.68692],[8.74694,47.68782],[8.74771,47.68796],[8.74813,47.68825],[8.74797,47.68869],[8.747,47.68947],[8.74709,47.69094]]}},{"type":"Feature","properties":{"id":"dorfbach-tg-4","c":"TG","p":"pacht","q":"derived","k":"river"},"geometry":{"type":"MultiLineString","coordinates":[[[8.94619,47.57768],[8.94551,47.57847],[8.94352,47.57923],[8.94238,47.58084],[8.94247,47.58145],[8.94046,47.58506],[8.94005,47.5855],[8.93838,47.58641]],[[8.94628,47.56961],[8.9461,47.5711],[8.94666,47.57144],[8.94673,47.57227],[8.94635,47.57281],[8.94577,47.57484],[8.94641,47.5764],[8.94632,47.57745]],[[8.94687,47.56916],[8.94673,47.56922]],[[8.97793,47.55882],[8.97693,47.55906],[8.97467,47.55881],[8.97335,47.5591],[8.97082,47.56054],[8.96952,47.56202],[8.96712,47.56298],[8.96466,47.56323],[8.96408,47.56375],[8.96285,47.56424],[8.96131,47.56409],[8.95884,47.56315],[8.958,47.56321],[8.95651,47.56279],[8.95486,47.56274],[8.95317,47.56337],[8.9529,47.56404],[8.95198,47.56465],[8.9515,47.5661],[8.94898,47.56698],[8.94865,47.56722],[8.94824,47.56814],[8.94734,47.56895]]]}}]}