{"type":"FeatureCollection","features":[{"type":"Feature","properties":{"id":"luganersee-ti","c":"TI","p":"patent","q":"derived","k":"lake"},"geometry":{"type":"Polygon","coordinates":[[[9.02359,46.00053],[9.02349,46.00016],[9.02273,45.99995],[9.02245,45.99998],[9.02155,45.99955],[9.02039,45.99927],[9.02025,45.99908],[9.01972,45.99907],[9.01966,45.99894],[9.01865,45.99883],[9.01656,45.9983],[9.01389,45.99827],[9.01192,45.99785],[9.01059,45.9972],[9.01052,45.99661],[9.0097,45.99576],[9.00921,45.99561],[9.00792,45.99483],[9.0072,45.99418],[9.00521,45.99324],[9.00348,45.99266],[9.00244,45.99251],[9.00144,45.99256],[9.00057,45.9924],[8.99861,45.99135],[8.99656,45.99082],[8.99589,45.99076],[8.99514,45.99043],[8.99381,45.99022],[8.99321,45.98996],[8.99166,45.98992],[8.99021,45.98942],[8.98907,45.98923],[8.98822,45.9887],[8.98635,45.988],[8.98522,45.98786],[8.98493,45.98762],[8.98465,45.9876],[8.98398,45.98694],[8.98236,45.98662],[8.98062,45.98589],[8.98059,45.9855],[8.98005,45.98528],[8.97984,45.98505],[8.97893,45.98472],[8.97873,45.98429],[8.97825,45.98404],[8.97712,45.98305],[8.96708,45.98415],[8.96488,45.97982],[8.96415,45.97616],[8.96148,45.97236],[8.96096,45.97018],[8.95957,45.96791],[8.95854,45.96482],[8.96819,45.96305],[8.96718,45.96224],[8.9669,45.96136],[8.96668,45.95959],[8.9668,45.95959],[8.96638,45.95916],[8.96614,45.95861],[8.96539,45.95524],[8.96494,45.95484],[8.96473,45.95444],[8.96485,45.95443],[8.96456,45.95395],[8.96449,45.95344],[8.96377,45.95325],[8.96331,45.95166],[8.9638,45.95133],[8.96397,45.95104],[8.96448,45.94939],[8.96532,45.94905],[8.96549,45.94919],[8.96568,45.94909],[8.96557,45.94897],[8.96589,45.94867],[8.96586,45.94812],[8.96608,45.94739],[8.96578,45.94618],[8.96511,45.94488],[8.96503,45.94396],[8.96394,45.94228],[8.96386,45.94152],[8.9644,45.93983],[8.9659,45.9392],[8.96633,45.93917],[8.96703,45.93872],[8.96751,45.93863],[8.96803,45.93836],[8.96835,45.93805],[8.96855,45.93627],[8.96825,45.93577],[8.96849,45.93432],[8.96827,45.93392],[8.96802,45.93381],[8.96792,45.93344],[8.96877,45.93364],[8.96821,45.93335],[8.96828,45.93328],[8.96998,45.93226],[8.97089,45.9319],[8.97143,45.93123],[8.97247,45.93044],[8.97554,45.93013],[8.97604,45.92978],[8.9757,45.92767],[8.97604,45.9264],[8.97636,45.92594],[8.97651,45.92594],[8.97626,45.9257],[8.97622,45.92489],[8.97692,45.9243],[8.9777,45.92407],[8.97821,45.92375],[8.97986,45.92225],[8.98038,45.92153],[8.98093,45.92119],[8.98104,45.92083],[8.98125,45.92092],[8.98154,45.92041],[8.9823,45.92021],[8.98291,45.91953],[8.98304,45.91901],[8.98363,45.91863],[8.9838,45.91831],[8.98391,45.91727],[8.98301,45.91635],[8.98272,45.91577],[8.9828,45.91525],[8.98365,45.91386],[8.98353,45.91318],[8.9825,45.91138],[8.98216,45.9104],[8.98225,45.90891],[8.98214,45.90804],[8.98174,45.90722],[8.98048,45.90568],[8.97982,45.90534],[8.97857,45.90513],[8.97669,45.90521],[8.9765,45.90491],[8.97627,45.90487],[8.97624,45.90522],[8.97528,45.90535],[8.97501,45.90559],[8.97436,45.90702],[8.97398,45.90705],[8.97345,45.90663],[8.97252,45.90631],[8.97211,45.90653],[8.97206,45.9069],[8.97155,45.90713],[8.97146,45.90743],[8.97199,45.90814],[8.97209,45.90859],[8.97265,45.90946],[8.97302,45.91077],[8.97286,45.91152],[8.9715,45.91318],[8.97133,45.91368],[8.97073,45.91402],[8.9701,45.91421],[8.97076,45.91453],[8.9711,45.91609],[8.97091,45.91735],[8.9705,45.91835],[8.97039,45.91941],[8.97053,45.92027],[8.97105,45.92105],[8.97057,45.92172],[8.97016,45.92291],[8.97024,45.92336],[8.97009,45.92364],[8.96915,45.92436],[8.96785,45.92605],[8.96704,45.92657],[8.96625,45.92683],[8.9652,45.92761],[8.96079,45.92983],[8.95995,45.93041],[8.95973,45.9308],[8.95916,45.93125],[8.95657,45.93201],[8.9548,45.93297],[8.95224,45.93339],[8.95138,45.93416],[8.95015,45.93496],[8.94957,45.93574],[8.94901,45.93619],[8.94818,45.9362],[8.94793,45.93591],[8.94575,45.93455],[8.94391,45.93306],[8.94354,45.93255],[8.94211,45.93123],[8.94156,45.93103],[8.93918,45.93082],[8.93736,45.92955],[8.93701,45.92874],[8.93714,45.9278],[8.93667,45.92729],[8.93667,45.9269],[8.93616,45.92614],[8.93557,45.92563],[8.93489,45.92464],[8.93414,45.9243],[8.93302,45.92415],[8.93166,45.92359],[8.93045,45.92266],[8.92942,45.9216],[8.92953,45.92036],[8.92918,45.91969],[8.9282,45.91886],[8.92653,45.9184],[8.92594,45.91812],[8.92531,45.91704],[8.92478,45.91661],[8.92274,45.91584],[8.92189,45.91539],[8.91965,45.91503],[8.91864,45.91456],[8.91762,45.91381],[8.91672,45.91373],[8.91429,45.9178],[8.91246,45.91763],[8.90745,45.91779],[8.90402,45.92205],[8.90243,45.92324],[8.90165,45.92371],[8.90041,45.92413],[8.89757,45.92584],[8.89682,45.92645],[8.8961,45.92717],[8.89457,45.92954],[8.89332,45.93118],[8.89293,45.93234],[8.89272,45.93427],[8.8935,45.93739],[8.89514,45.93979],[8.89655,45.94143],[8.89797,45.9437],[8.8986,45.94626],[8.8985,45.94748],[8.89807,45.94936],[8.89714,45.9504],[8.89672,45.95134],[8.89665,45.95475],[8.89366,45.95898],[8.88709,45.95758],[8.87994,45.95675],[8.87821,45.95664],[8.8766,45.95752],[8.87509,45.95882],[8.8745,45.95914],[8.87242,45.95944],[8.87077,45.96016],[8.86973,45.96026],[8.8683,45.96062],[8.86761,45.96113],[8.86473,45.96546],[8.86301,45.96554],[8.86129,45.96588],[8.86013,45.96641],[8.85927,45.96701],[8.86026,45.96781],[8.86067,45.96945],[8.86119,45.96973],[8.86359,45.97039],[8.86468,45.97086],[8.86578,45.97095],[8.86701,45.97157],[8.86753,45.97202],[8.86866,45.97218],[8.86945,45.9716],[8.86969,45.97123],[8.87045,45.97068],[8.87112,45.97037],[8.8722,45.96929],[8.87291,45.96885],[8.87346,45.9678],[8.87419,45.96795],[8.87477,45.96857],[8.87459,45.96865],[8.87438,45.96841],[8.87412,45.96913],[8.87445,45.96908],[8.87453,45.9689],[8.87508,45.96862],[8.87437,45.96784],[8.87356,45.96766],[8.87354,45.96749],[8.87325,45.96726],[8.87318,45.96672],[8.87236,45.96603],[8.87049,45.96483],[8.87011,45.96319],[8.87017,45.96236],[8.86969,45.962],[8.86942,45.96133],[8.87006,45.96062],[8.87123,45.96026],[8.87201,45.95981],[8.87303,45.95957],[8.87429,45.95944],[8.87518,45.95909],[8.8762,45.95894],[8.8787,45.9592],[8.88141,45.95983],[8.88503,45.96022],[8.88679,45.96085],[8.88749,45.96147],[8.88838,45.96306],[8.88808,45.96332],[8.88748,45.96339],[8.88621,45.96476],[8.88513,45.96648],[8.88432,45.96734],[8.88372,45.9691],[8.88399,45.9698],[8.88426,45.97002],[8.88532,45.97054],[8.88796,45.97141],[8.88871,45.97183],[8.88929,45.97258],[8.89095,45.9727],[8.89252,45.97238],[8.89228,45.97264],[8.89285,45.97284],[8.89297,45.9733],[8.89356,45.97386],[8.89339,45.97456],[8.89449,45.97512],[8.89472,45.97563],[8.895,45.97587],[8.89475,45.97669],[8.89472,45.97761],[8.89435,45.97839],[8.8949,45.97987],[8.89451,45.98071],[8.89502,45.98142],[8.89475,45.98235],[8.89485,45.98272],[8.89467,45.98286],[8.89459,45.98388],[8.89438,45.9839],[8.89459,45.98395],[8.89384,45.98498],[8.89372,45.98578],[8.89278,45.98696],[8.8927,45.98733],[8.89305,45.98793],[8.89364,45.9886],[8.89519,45.98989],[8.89565,45.99065],[8.89613,45.99094],[8.89623,45.99133],[8.89676,45.99188],[8.89699,45.99249],[8.89774,45.99256],[8.89825,45.99234],[8.89884,45.9924],[8.89984,45.99189],[8.90016,45.99191],[8.90036,45.99168],[8.9008,45.9917],[8.90134,45.99195],[8.90124,45.99211],[8.90144,45.99234],[8.90205,45.99234],[8.9018,45.9926],[8.90206,45.99291],[8.9024,45.99292],[8.90315,45.99325],[8.90339,45.99355],[8.90417,45.99386],[8.90547,45.99405],[8.90583,45.99421],[8.90608,45.99487],[8.90635,45.99515],[8.90666,45.99521],[8.90746,45.99507],[8.90757,45.99521],[8.90774,45.99516],[8.90767,45.9945],[8.90784,45.99447],[8.90801,45.9948],[8.90836,45.99473],[8.9081,45.99401],[8.90914,45.99367],[8.90933,45.99349],[8.90921,45.99331],[8.9094,45.99314],[8.91004,45.99324],[8.91048,45.99306],[8.91073,45.99277],[8.91056,45.99194],[8.91086,45.99178],[8.91145,45.99068],[8.91213,45.99049],[8.91225,45.99033],[8.91185,45.98981],[8.91119,45.98815],[8.9111,45.98714],[8.91045,45.98634],[8.90935,45.98551],[8.90937,45.98469],[8.90873,45.98331],[8.90804,45.98273],[8.90778,45.98191],[8.9069,45.98068],[8.90651,45.9804],[8.90623,45.97988],[8.90457,45.97913],[8.90412,45.97861],[8.90416,45.9777],[8.90355,45.97734],[8.90284,45.97635],[8.90142,45.97568],[8.90125,45.97547],[8.90116,45.97487],[8.90135,45.97424],[8.90077,45.97366],[8.90006,45.97225],[8.89947,45.97028],[8.89802,45.96882],[8.89837,45.96802],[8.89948,45.96675],[8.89926,45.96588],[8.9,45.9646],[8.90019,45.96351],[8.89998,45.96218],[8.9003,45.96177],[8.9005,45.96174],[8.90136,45.96104],[8.90157,45.96063],[8.90156,45.96003],[8.90113,45.95901],[8.90143,45.95842],[8.90143,45.95767],[8.90182,45.95735],[8.90351,45.95663],[8.90405,45.95606],[8.90452,45.95503],[8.90408,45.95448],[8.90275,45.95356],[8.90265,45.95209],[8.90381,45.95067],[8.90428,45.95037],[8.90477,45.94978],[8.90461,45.94857],[8.90359,45.94782],[8.90334,45.94741],[8.90358,45.94617],[8.90306,45.94471],[8.90165,45.94205],[8.90035,45.93999],[8.89919,45.93713],[8.89872,45.93654],[8.89772,45.93385],[8.89765,45.93296],[8.89814,45.93293],[8.8985,45.93236],[8.89959,45.93146],[8.9006,45.93091],[8.90056,45.93083],[8.9018,45.93052],[8.90245,45.9295],[8.90268,45.92944],[8.90422,45.92823],[8.90604,45.92766],[8.90729,45.92695],[8.90765,45.92649],[8.90795,45.92635],[8.90813,45.92598],[8.9084,45.92585],[8.90886,45.92517],[8.90947,45.92486],[8.90984,45.92426],[8.9109,45.92321],[8.91309,45.92245],[8.91385,45.92229],[8.91678,45.92259],[8.91736,45.92279],[8.91965,45.92437],[8.9217,45.92636],[8.9244,45.92777],[8.92485,45.92831],[8.92618,45.92931],[8.9266,45.92978],[8.92688,45.92981],[8.92752,45.93035],[8.92856,45.93166],[8.92977,45.93248],[8.93077,45.93362],[8.93078,45.93394],[8.93143,45.93466],[8.93288,45.93572],[8.93343,45.93681],[8.93387,45.93706],[8.93416,45.93746],[8.93469,45.93771],[8.93532,45.93834],[8.93558,45.93902],[8.93692,45.93985],[8.93732,45.94056],[8.9373,45.94176],[8.93845,45.94299],[8.93857,45.94328],[8.93934,45.94373],[8.93988,45.94429],[8.93999,45.94498],[8.93969,45.94609],[8.93987,45.94668],[8.94074,45.94766],[8.94073,45.94808],[8.9413,45.94887],[8.94148,45.94956],[8.94206,45.95007],[8.94199,45.95015],[8.94256,45.95041],[8.94315,45.95102],[8.94326,45.95098],[8.94372,45.95138],[8.94449,45.95162],[8.94516,45.95163],[8.94561,45.95147],[8.94669,45.95198],[8.94674,45.95213],[8.94726,45.95241],[8.9474,45.95232],[8.94794,45.95286],[8.94881,45.95275],[8.94961,45.95242],[8.94996,45.95206],[8.95045,45.95199],[8.95109,45.95235],[8.95094,45.95252],[8.95049,45.95242],[8.9502,45.95252],[8.95018,45.95273],[8.95045,45.95294],[8.95079,45.95291],[8.95092,45.95272],[8.95287,45.95298],[8.9547,45.95277],[8.95526,45.95324],[8.95731,45.95318],[8.95769,45.95332],[8.95758,45.95397],[8.95383,45.95455],[8.95221,45.95494],[8.95,45.95573],[8.9496,45.95547],[8.94896,45.9557],[8.94809,45.95652],[8.94712,45.95885],[8.94754,45.96149],[8.94741,45.9633],[8.94756,45.96458],[8.94774,45.96501],[8.94865,45.96574],[8.94895,45.96626],[8.94883,45.96694],[8.9484,45.96739],[8.94858,45.96804],[8.94915,45.96898],[8.9495,45.9701],[8.95045,45.97115],[8.95123,45.97236],[8.95302,45.97344],[8.95391,45.97501],[8.95551,45.97661],[8.95622,45.97802],[8.95604,45.98001],[8.9557,45.98103],[8.95575,45.98199],[8.95604,45.98262],[8.95703,45.98276],[8.95716,45.98308],[8.95727,45.98297],[8.95736,45.98316],[8.95611,45.98394],[8.95617,45.98484],[8.9563,45.98484],[8.95636,45.98509],[8.95607,45.98541],[8.9561,45.98564],[8.95648,45.98591],[8.95626,45.98665],[8.95587,45.98704],[8.95622,45.98771],[8.95619,45.98804],[8.95491,45.98882],[8.95482,45.98917],[8.95441,45.98917],[8.95402,45.98938],[8.95385,45.98928],[8.95291,45.9899],[8.95279,45.98979],[8.95105,45.99059],[8.9511,45.99067],[8.94906,45.99128],[8.94835,45.99192],[8.94837,45.99211],[8.94792,45.99222],[8.94695,45.99298],[8.94653,45.99393],[8.94651,45.99469],[8.94716,45.99603],[8.94736,45.99615],[8.9473,45.99635],[8.94809,45.99785],[8.94997,45.99897],[8.94985,45.99981],[8.95007,46.00123],[8.95086,46.00264],[8.9526,46.00335],[8.95483,46.00356],[8.95497,46.0034],[8.95556,46.00349],[8.95562,46.00329],[8.95595,46.00333],[8.95593,46.00352],[8.9557,46.00351],[8.95668,46.00408],[8.95814,46.00417],[8.95867,46.0039],[8.95877,46.00398],[8.9589,46.00381],[8.95989,46.00362],[8.96062,46.00309],[8.9609,46.00226],[8.96116,46.00219],[8.96139,46.00236],[8.96229,46.00205],[8.96256,46.00261],[8.96244,46.00311],[8.96273,46.00358],[8.96259,46.00368],[8.96194,46.00348],[8.96186,46.00373],[8.96257,46.0039],[8.96263,46.00378],[8.96273,46.00382],[8.9626,46.00408],[8.96284,46.00389],[8.96331,46.00398],[8.96313,46.00437],[8.96348,46.00464],[8.96411,46.00488],[8.96482,46.00495],[8.96465,46.00512],[8.9654,46.00542],[8.96714,46.00541],[8.96834,46.00526],[8.96835,46.00543],[8.96852,46.00542],[8.96859,46.00528],[8.96997,46.00507],[8.97054,46.0048],[8.97041,46.00471],[8.97054,46.00424],[8.97109,46.00372],[8.97106,46.00288],[8.97155,46.0027],[8.9724,46.00276],[8.97264,46.00254],[8.97293,46.00161],[8.97371,46.00103],[8.97701,45.99994],[8.97966,45.99982],[8.98009,45.99987],[8.98016,45.99999],[8.98031,45.9999],[8.98143,45.99991],[8.98233,46.00029],[8.98263,46.00053],[8.98271,46.00041],[8.98434,46.00073],[8.98573,46.00113],[8.98574,46.00126],[8.98593,46.00116],[8.98641,46.00126],[8.98658,46.00144],[8.98765,46.00186],[8.98771,46.00178],[8.98846,46.00191],[8.98851,46.00203],[8.98865,46.00192],[8.98914,46.00218],[8.98975,46.0023],[8.98971,46.0024],[8.99055,46.00258],[8.99102,46.00312],[8.99179,46.00328],[8.99266,46.00379],[8.99366,46.00398],[8.99503,46.0039],[8.99676,46.00408],[8.99692,46.00436],[8.99908,46.00496],[8.99914,46.00473],[8.99959,46.0046],[9.00212,46.00481],[9.00466,46.00575],[9.00524,46.00633],[9.00669,46.00702],[9.00832,46.00799],[9.00985,46.0092],[9.01207,46.01067],[9.01312,46.01164],[9.01403,46.01205],[9.01441,46.01247],[9.01711,46.0136],[9.019,46.01468],[9.02064,46.01537],[9.02256,46.01668],[9.02451,46.00079],[9.02359,46.00053]],[[8.95851,45.95315],[8.96148,45.95279],[8.96325,45.95228],[8.96342,45.95233],[8.96362,45.95328],[8.96165,45.95361],[8.95863,45.95388],[8.95847,45.95379],[8.95851,45.95315]]]}},{"type":"Feature","properties":{"id":"lago-di-palagnedra-ti","c":"TI","p":"patent","q":"derived","k":"lake"},"geometry":{"type":"Polygon","coordinates":[[[8.62761,46.16067],[8.62863,46.16084],[8.62919,46.16037],[8.63011,46.16033],[8.62978,46.15988],[8.63017,46.15935],[8.62985,46.15916],[8.6297,46.15886],[8.62907,46.15867],[8.62788,46.15905],[8.62764,46.1584],[8.6278,46.15802],[8.62815,46.15784],[8.62763,46.15776],[8.62744,46.15761],[8.62756,46.15743],[8.62706,46.15736],[8.62647,46.15675],[8.6263,46.15634],[8.62585,46.15586],[8.62586,46.15564],[8.62566,46.15553],[8.62588,46.15508],[8.62535,46.15438],[8.62645,46.15419],[8.62633,46.15398],[8.62541,46.15387],[8.62451,46.15412],[8.62491,46.15502],[8.62466,46.15508],[8.62459,46.15535],[8.62348,46.15525],[8.62322,46.15485],[8.62247,46.15458],[8.62214,46.15472],[8.62141,46.1546],[8.6206,46.15467],[8.61946,46.15535],[8.6195,46.15553],[8.61995,46.15568],[8.61983,46.15602],[8.62004,46.15642],[8.61937,46.15641],[8.61922,46.15627],[8.61891,46.15648],[8.61838,46.15649],[8.61766,46.15597],[8.61743,46.15602],[8.61657,46.15584],[8.61598,46.15595],[8.61532,46.15549],[8.61447,46.15562],[8.61396,46.15542],[8.61389,46.1553],[8.61407,46.15508],[8.61449,46.15479],[8.61437,46.15471],[8.61448,46.15451],[8.61402,46.1541],[8.61394,46.15378],[8.61341,46.15312],[8.61235,46.15301],[8.61126,46.15274],[8.61038,46.15269],[8.60936,46.15274],[8.60771,46.15302],[8.60663,46.15335],[8.60525,46.15342],[8.60524,46.15365],[8.60629,46.15368],[8.60686,46.15358],[8.60759,46.15327],[8.60977,46.15306],[8.61117,46.1533],[8.61193,46.15358],[8.61284,46.15358],[8.61327,46.15381],[8.61345,46.1545],[8.61281,46.15536],[8.6133,46.15584],[8.61307,46.15604],[8.6139,46.15606],[8.61596,46.15654],[8.6165,46.15651],[8.61658,46.15667],[8.61727,46.1566],[8.6174,46.15664],[8.61734,46.15679],[8.61784,46.15689],[8.61794,46.15714],[8.61898,46.15731],[8.61931,46.1569],[8.61981,46.15681],[8.62044,46.15697],[8.62076,46.1569],[8.62062,46.15611],[8.62125,46.15567],[8.62164,46.15555],[8.62266,46.15581],[8.62264,46.15612],[8.623,46.15659],[8.62252,46.157],[8.62325,46.15693],[8.62341,46.15625],[8.62325,46.15608],[8.62358,46.15583],[8.62388,46.15591],[8.62462,46.15662],[8.62511,46.15678],[8.62507,46.15693],[8.62575,46.15759],[8.62555,46.15772],[8.62677,46.15867],[8.62635,46.15883],[8.62589,46.15874],[8.6255,46.15891],[8.62583,46.15916],[8.62565,46.15927],[8.62598,46.15972],[8.62599,46.15995],[8.62576,46.16007],[8.62586,46.16029],[8.62558,46.16057],[8.62566,46.16078],[8.62621,46.16099],[8.62627,46.16081],[8.62667,46.16061],[8.62718,46.16076],[8.62761,46.16067]]]}},{"type":"Feature","properties":{"id":"lago-del-naret-ti","c":"TI","p":"patent","q":"derived","k":"lake"},"geometry":{"type":"Polygon","coordinates":[[[8.57168,46.48262],[8.57191,46.48167],[8.57243,46.48109],[8.57326,46.48079],[8.57475,46.48068],[8.5747,46.47997],[8.57493,46.47977],[8.57545,46.47963],[8.57503,46.47822],[8.57523,46.47732],[8.57482,46.47735],[8.57447,46.477],[8.57456,46.47664],[8.57438,46.47636],[8.57462,46.47615],[8.57409,46.47578],[8.57291,46.47528],[8.57094,46.47422],[8.56984,46.47398],[8.56885,46.47397],[8.56747,46.47378],[8.56695,46.4735],[8.56675,46.47322],[8.56691,46.47287],[8.56657,46.47226],[8.565,46.47202],[8.56486,46.47217],[8.56497,46.47254],[8.5657,46.47291],[8.56644,46.47353],[8.56681,46.47355],[8.56717,46.47404],[8.56664,46.474],[8.56614,46.47374],[8.56478,46.47372],[8.56461,46.4738],[8.56429,46.47451],[8.56385,46.47461],[8.56408,46.47488],[8.56329,46.47487],[8.56267,46.47534],[8.56245,46.47572],[8.56114,46.47583],[8.56103,46.47706],[8.56166,46.47816],[8.56231,46.47856],[8.56237,46.47873],[8.56272,46.47885],[8.56326,46.47938],[8.56467,46.48001],[8.56548,46.48073],[8.5665,46.48102],[8.56697,46.48129],[8.56762,46.48131],[8.56928,46.48169],[8.56975,46.48168],[8.57168,46.48262]]]}},{"type":"Feature","properties":{"id":"lago-maggiore-ti","c":"TI","p":"patent","q":"derived","k":"lake"},"geometry":{"type":"Polygon","coordinates":[[[8.83428,46.17992],[8.83669,46.17913],[8.83978,46.17895],[8.8409,46.17828],[8.84076,46.17812],[8.84111,46.17808],[8.84118,46.17703],[8.84137,46.17705],[8.84154,46.17553],[8.84182,46.17526],[8.84212,46.17527],[8.84237,46.17481],[8.84261,46.1748],[8.8431,46.17431],[8.84319,46.17399],[8.84387,46.17417],[8.84386,46.17397],[8.84352,46.17387],[8.84367,46.17368],[8.84439,46.17315],[8.84473,46.17317],[8.84509,46.17243],[8.84674,46.17093],[8.84734,46.17093],[8.84796,46.17113],[8.84826,46.17099],[8.84763,46.17053],[8.84733,46.17052],[8.84725,46.17037],[8.84859,46.16974],[8.84901,46.16939],[8.85009,46.16768],[8.85182,46.16572],[8.85245,46.16518],[8.85446,46.1658],[8.85444,46.16652],[8.85536,46.16689],[8.85595,46.16649],[8.85632,46.16669],[8.8566,46.16696],[8.85691,46.168],[8.85747,46.16876],[8.85773,46.16946],[8.85793,46.16946],[8.85827,46.16992],[8.85859,46.17087],[8.85943,46.17087],[8.85968,46.17043],[8.85964,46.16999],[8.85939,46.16966],[8.85899,46.16949],[8.85849,46.16837],[8.85854,46.16816],[8.85818,46.16811],[8.85787,46.16776],[8.85777,46.16715],[8.85747,46.16666],[8.85787,46.16627],[8.85776,46.16583],[8.85732,46.16567],[8.85694,46.16518],[8.85669,46.1651],[8.85571,46.16522],[8.85547,46.16511],[8.856,46.16482],[8.85692,46.16493],[8.85757,46.16447],[8.85794,46.16468],[8.8583,46.1655],[8.85828,46.16491],[8.8581,46.16458],[8.85676,46.16344],[8.85551,46.16289],[8.85514,46.1629],[8.85468,46.16373],[8.85407,46.16386],[8.85349,46.16379],[8.85309,46.16361],[8.85317,46.16343],[8.85363,46.16337],[8.85372,46.16325],[8.85349,46.16311],[8.85425,46.16275],[8.85435,46.16264],[8.85423,46.16244],[8.8546,46.16189],[8.85491,46.16181],[8.85621,46.16228],[8.85656,46.16282],[8.85638,46.16236],[8.85756,46.16263],[8.8585,46.16303],[8.85913,46.16447],[8.86046,46.16517],[8.86037,46.16497],[8.85926,46.16433],[8.85882,46.16309],[8.86177,46.1643],[8.86182,46.16412],[8.86194,46.16412],[8.86262,46.16427],[8.86422,46.16432],[8.86428,46.16408],[8.86291,46.16394],[8.86137,46.16347],[8.8609,46.16344],[8.85922,46.16226],[8.86015,46.16259],[8.85996,46.16245],[8.85578,46.1603],[8.85482,46.16015],[8.85438,46.16031],[8.85402,46.16012],[8.85483,46.1596],[8.85502,46.15977],[8.85718,46.16052],[8.85895,46.16066],[8.8599,46.16108],[8.86077,46.16106],[8.86158,46.16054],[8.8625,46.16018],[8.8634,46.16039],[8.86332,46.16017],[8.86246,46.16],[8.86154,46.1604],[8.86145,46.16006],[8.86155,46.15966],[8.86236,46.15908],[8.8629,46.15798],[8.86288,46.15761],[8.86276,46.15759],[8.86232,46.1586],[8.86207,46.15781],[8.86191,46.15775],[8.86212,46.15893],[8.86127,46.1596],[8.86115,46.16055],[8.86076,46.16083],[8.86025,46.16089],[8.85933,46.16051],[8.85924,46.16037],[8.86038,46.15995],[8.86059,46.15979],[8.86054,46.1597],[8.85994,46.16004],[8.85902,46.16024],[8.85946,46.15927],[8.85957,46.15756],[8.85946,46.15728],[8.85978,46.15714],[8.85969,46.15707],[8.85896,46.15728],[8.85895,46.15787],[8.85915,46.1582],[8.85927,46.15904],[8.85901,46.15962],[8.85836,46.16015],[8.8576,46.16026],[8.85695,46.16016],[8.85532,46.1595],[8.85442,46.15947],[8.85441,46.15911],[8.85601,46.15831],[8.85579,46.15756],[8.85543,46.15746],[8.85469,46.15778],[8.85414,46.15781],[8.85417,46.1576],[8.85475,46.15732],[8.85417,46.15725],[8.85515,46.15701],[8.85717,46.15719],[8.8573,46.15712],[8.85703,46.15706],[8.85714,46.15698],[8.85893,46.15672],[8.86026,46.15677],[8.8608,46.15689],[8.86092,46.15703],[8.86118,46.15689],[8.8617,46.15687],[8.86194,46.156],[8.86233,46.15603],[8.86235,46.15559],[8.86221,46.1554],[8.85832,46.15521],[8.85759,46.15496],[8.85696,46.15491],[8.85573,46.15442],[8.8551,46.1543],[8.85487,46.15405],[8.85533,46.15376],[8.85534,46.15317],[8.85627,46.15208],[8.85605,46.15181],[8.85646,46.1517],[8.85637,46.15143],[8.85655,46.15099],[8.85834,46.15071],[8.8588,46.15042],[8.85951,46.15044],[8.86064,46.15071],[8.86198,46.15162],[8.86267,46.15246],[8.86276,46.1535],[8.86287,46.15352],[8.86296,46.15312],[8.86319,46.15338],[8.86342,46.1543],[8.86375,46.15472],[8.86362,46.15509],[8.86398,46.15521],[8.8637,46.15504],[8.86384,46.15473],[8.86441,46.15456],[8.86389,46.1545],[8.86369,46.15433],[8.86349,46.15337],[8.86306,46.15269],[8.86313,46.15238],[8.86365,46.1524],[8.86311,46.15226],[8.86298,46.1513],[8.86309,46.15113],[8.86364,46.151],[8.86399,46.1513],[8.86377,46.15142],[8.86382,46.15158],[8.86495,46.15153],[8.86538,46.15164],[8.86571,46.14979],[8.86355,46.14962],[8.86162,46.14931],[8.86038,46.14892],[8.85928,46.14892],[8.85856,46.14877],[8.85788,46.14879],[8.8574,46.14904],[8.85584,46.1495],[8.8553,46.14871],[8.8552,46.14818],[8.85388,46.147],[8.85369,46.14694],[8.85359,46.14702],[8.85228,46.14667],[8.85224,46.14657],[8.85002,46.14605],[8.84996,46.14614],[8.8493,46.14602],[8.8488,46.14577],[8.84889,46.14567],[8.84714,46.14502],[8.84649,46.14501],[8.84502,46.1446],[8.84285,46.14485],[8.84094,46.14471],[8.83849,46.14327],[8.83832,46.14249],[8.83812,46.14223],[8.83681,46.14166],[8.83475,46.14098],[8.82968,46.14056],[8.82662,46.1399],[8.82335,46.13993],[8.81987,46.13932],[8.81536,46.13815],[8.81444,46.13819],[8.81379,46.13794],[8.81365,46.13802],[8.81341,46.13784],[8.81344,46.13765],[8.81314,46.13723],[8.81204,46.13693],[8.81169,46.13689],[8.8116,46.13708],[8.81095,46.13695],[8.81103,46.13677],[8.81002,46.13662],[8.80755,46.13591],[8.80663,46.13544],[8.80529,46.13413],[8.80441,46.13359],[8.8042,46.13311],[8.80395,46.13293],[8.80256,46.13265],[8.80258,46.13257],[8.80154,46.13216],[8.80016,46.13141],[8.80014,46.13148],[8.79926,46.13121],[8.79886,46.13099],[8.79865,46.13075],[8.79852,46.12997],[8.79821,46.12967],[8.79797,46.12915],[8.79742,46.12898],[8.79524,46.1278],[8.79268,46.1271],[8.79193,46.12704],[8.79061,46.12653],[8.78915,46.12509],[8.78774,46.12424],[8.78672,46.12391],[8.7865,46.12364],[8.78658,46.12347],[8.78609,46.12333],[8.78587,46.12344],[8.78332,46.12342],[8.78235,46.12227],[8.7825,46.12129],[8.78222,46.12096],[8.77788,46.11828],[8.77693,46.11797],[8.77622,46.11748],[8.77349,46.11621],[8.77214,46.11502],[8.77178,46.11446],[8.77038,46.11366],[8.76972,46.11254],[8.76992,46.11245],[8.76968,46.11246],[8.76897,46.11157],[8.76783,46.11107],[8.76674,46.11],[8.76572,46.10975],[8.7643,46.10877],[8.76374,46.1079],[8.76228,46.10668],[8.75854,46.10474],[8.75641,46.10486],[8.75605,46.10478],[8.74234,46.12231],[8.73628,46.11879],[8.72833,46.11328],[8.72427,46.11021],[8.71774,46.10132],[8.7154,46.09918],[8.71399,46.09723],[8.69681,46.10195],[8.69675,46.1022],[8.69734,46.10288],[8.69728,46.10372],[8.69778,46.1045],[8.69834,46.10485],[8.69838,46.10521],[8.69879,46.10555],[8.69928,46.10559],[8.70003,46.10642],[8.69997,46.10653],[8.70029,46.10672],[8.7007,46.10766],[8.70094,46.10778],[8.70247,46.10968],[8.70301,46.11007],[8.70329,46.11054],[8.70435,46.11144],[8.70606,46.11175],[8.70693,46.11203],[8.70742,46.11278],[8.70726,46.11286],[8.7074,46.11311],[8.70758,46.1131],[8.70767,46.11329],[8.70744,46.11477],[8.70772,46.11498],[8.70878,46.1168],[8.70923,46.11707],[8.70982,46.11775],[8.70978,46.11789],[8.71048,46.11818],[8.71078,46.11815],[8.71254,46.11886],[8.71263,46.11909],[8.71298,46.11945],[8.71319,46.11947],[8.7138,46.12015],[8.7139,46.12097],[8.71334,46.12165],[8.71328,46.12259],[8.71415,46.1232],[8.71434,46.12313],[8.71506,46.12381],[8.71511,46.12445],[8.71543,46.12484],[8.71588,46.12597],[8.71583,46.12719],[8.71622,46.12837],[8.71679,46.12914],[8.71743,46.13093],[8.71827,46.13195],[8.71831,46.13228],[8.71883,46.13279],[8.7195,46.133],[8.71964,46.13321],[8.72013,46.13502],[8.72099,46.13592],[8.72204,46.13664],[8.72621,46.14008],[8.72655,46.14056],[8.72682,46.14045],[8.72879,46.14176],[8.72876,46.14197],[8.73009,46.14402],[8.73073,46.14428],[8.73059,46.14451],[8.73114,46.1449],[8.73153,46.14583],[8.73282,46.14645],[8.73347,46.14709],[8.73375,46.14718],[8.73447,46.14775],[8.73697,46.14851],[8.73816,46.14863],[8.73882,46.1489],[8.73989,46.14885],[8.74183,46.14937],[8.74252,46.14979],[8.74537,46.15026],[8.74645,46.1508],[8.74829,46.15107],[8.75023,46.15092],[8.75137,46.1512],[8.75183,46.15119],[8.75368,46.15175],[8.7546,46.15242],[8.75504,46.15245],[8.75581,46.15284],[8.75653,46.15293],[8.75679,46.15319],[8.75843,46.15332],[8.75927,46.15382],[8.76021,46.15418],[8.76173,46.15407],[8.762,46.1538],[8.76196,46.15332],[8.76229,46.15291],[8.76299,46.1528],[8.76343,46.15286],[8.76507,46.15376],[8.76578,46.1543],[8.76664,46.15461],[8.7668,46.15481],[8.76748,46.15445],[8.76737,46.15433],[8.768,46.15399],[8.76815,46.15411],[8.77052,46.15284],[8.77011,46.15272],[8.77064,46.15234],[8.77051,46.15226],[8.7711,46.15115],[8.77144,46.15117],[8.77246,46.15048],[8.77277,46.1502],[8.77265,46.15013],[8.77253,46.15023],[8.7724,46.15017],[8.77315,46.14961],[8.77325,46.14965],[8.77407,46.14917],[8.77402,46.14909],[8.77418,46.14903],[8.77431,46.14912],[8.77559,46.1488],[8.77678,46.14821],[8.7775,46.14851],[8.77759,46.1481],[8.77846,46.14805],[8.77923,46.14756],[8.77941,46.14741],[8.77923,46.14713],[8.78188,46.14618],[8.78194,46.14631],[8.78245,46.14621],[8.78325,46.14581],[8.78326,46.14562],[8.78361,46.14585],[8.78453,46.14549],[8.78498,46.14545],[8.78585,46.14576],[8.7869,46.14539],[8.78954,46.14571],[8.79002,46.14563],[8.79171,46.14603],[8.79202,46.14625],[8.79287,46.14605],[8.79292,46.14617],[8.79232,46.14627],[8.79203,46.14719],[8.7923,46.14788],[8.79453,46.14753],[8.79431,46.14788],[8.79377,46.14802],[8.794,46.14841],[8.7947,46.148],[8.79497,46.14818],[8.79518,46.14874],[8.79537,46.14871],[8.79528,46.14883],[8.79539,46.149],[8.79606,46.14902],[8.79728,46.14976],[8.79768,46.1496],[8.79782,46.15049],[8.79797,46.15033],[8.79847,46.15048],[8.79822,46.15141],[8.79864,46.151],[8.79873,46.15061],[8.79855,46.14968],[8.79892,46.14983],[8.79937,46.15064],[8.79972,46.15055],[8.79987,46.14996],[8.80045,46.15008],[8.8007,46.15022],[8.80112,46.15113],[8.80177,46.1519],[8.80268,46.15247],[8.80421,46.15291],[8.80433,46.15315],[8.80438,46.15386],[8.80417,46.15403],[8.80363,46.15417],[8.80255,46.15413],[8.80237,46.15372],[8.802,46.15374],[8.8017,46.15381],[8.80169,46.15392],[8.80177,46.15404],[8.80222,46.15413],[8.80198,46.15415],[8.80191,46.1543],[8.80176,46.15414],[8.80122,46.15431],[8.80106,46.15442],[8.80127,46.15451],[8.80087,46.15446],[8.80081,46.15479],[8.80084,46.15493],[8.80109,46.15498],[8.80131,46.15475],[8.80219,46.15454],[8.80365,46.15458],[8.80358,46.15481],[8.80398,46.15488],[8.80375,46.15504],[8.80364,46.1556],[8.80331,46.15584],[8.80268,46.15598],[8.80278,46.15611],[8.80341,46.15595],[8.80374,46.15618],[8.80374,46.15822],[8.80485,46.15837],[8.80481,46.15859],[8.80369,46.15835],[8.80408,46.15862],[8.80362,46.1588],[8.80271,46.15838],[8.80222,46.15853],[8.80237,46.15874],[8.80289,46.15885],[8.80329,46.15911],[8.80454,46.15933],[8.80456,46.15861],[8.80479,46.15864],[8.80467,46.15913],[8.80466,46.16317],[8.80449,46.16372],[8.80479,46.1638],[8.80458,46.1638],[8.80442,46.16431],[8.80358,46.16443],[8.80358,46.16452],[8.80451,46.16486],[8.80117,46.16937],[8.80093,46.16996],[8.80097,46.1701],[8.80123,46.17004],[8.80133,46.17023],[8.80114,46.17039],[8.80129,46.1706],[8.80153,46.17054],[8.80157,46.17062],[8.8014,46.17073],[8.80163,46.17066],[8.8018,46.17095],[8.80223,46.17107],[8.80239,46.17136],[8.80288,46.17145],[8.80383,46.17129],[8.80647,46.17139],[8.80679,46.1713],[8.80691,46.17096],[8.80742,46.1708],[8.80781,46.17092],[8.80786,46.17109],[8.8082,46.17123],[8.81027,46.17144],[8.81026,46.17157],[8.81045,46.17148],[8.81253,46.17202],[8.81251,46.1721],[8.81307,46.17201],[8.81311,46.17209],[8.81371,46.17208],[8.81461,46.17228],[8.81574,46.17231],[8.81851,46.17304],[8.81874,46.17305],[8.81885,46.17284],[8.81983,46.17329],[8.82118,46.17364],[8.82252,46.1746],[8.82398,46.17516],[8.82511,46.17519],[8.82617,46.17497],[8.82622,46.17529],[8.82662,46.17515],[8.82785,46.1761],[8.83047,46.17863],[8.8318,46.17946],[8.8325,46.17977],[8.83359,46.17994],[8.83428,46.17992]],[[8.73524,46.13312],[8.73541,46.13285],[8.73524,46.13281],[8.73499,46.13301],[8.73439,46.13194],[8.7338,46.13129],[8.73389,46.13097],[8.73451,46.13119],[8.73498,46.1316],[8.73575,46.13168],[8.73609,46.13186],[8.73585,46.13212],[8.7359,46.13243],[8.73659,46.13287],[8.73663,46.13302],[8.73595,46.13321],[8.73524,46.13312]],[[8.85981,46.14996],[8.85733,46.15014],[8.85718,46.14986],[8.85688,46.14976],[8.85694,46.14959],[8.85745,46.14942],[8.85816,46.14941],[8.85883,46.14953],[8.8597,46.14982],[8.85981,46.14996]],[[8.86225,46.15057],[8.86087,46.14987],[8.86087,46.14951],[8.86148,46.14952],[8.86253,46.14984],[8.8628,46.15009],[8.86281,46.15036],[8.86263,46.15037],[8.86263,46.15059],[8.86243,46.1506],[8.86241,46.15047],[8.86225,46.15057]],[[8.73526,46.13392],[8.73563,46.13384],[8.73594,46.13403],[8.73676,46.13504],[8.73669,46.13527],[8.73628,46.13526],[8.73522,46.13429],[8.73526,46.13392]],[[8.86507,46.15032],[8.86381,46.15042],[8.86317,46.14999],[8.86316,46.14986],[8.86368,46.14979],[8.86444,46.14984],[8.8647,46.15004],[8.86499,46.14998],[8.86507,46.15032]],[[8.86331,46.15097],[8.86286,46.15101],[8.86295,46.1508],[8.86316,46.15083],[8.86293,46.15061],[8.86303,46.15043],[8.86348,46.15053],[8.86331,46.15097]],[[8.85936,46.17072],[8.85937,46.17046],[8.85925,46.17046],[8.85919,46.16977],[8.85958,46.17026],[8.85936,46.17072]],[[8.85574,46.16399],[8.85584,46.16424],[8.85529,46.16424],[8.85538,46.16384],[8.85574,46.16399]],[[8.85879,46.15015],[8.85957,46.15021],[8.85945,46.15034],[8.8586,46.1503],[8.85879,46.15015]],[[8.85597,46.15691],[8.85678,46.15686],[8.85686,46.15695],[8.85663,46.15703],[8.85597,46.15691]]]}},{"type":"Feature","properties":{"id":"lago-tremorgio-ti","c":"TI","p":"patent","q":"derived","k":"lake"},"geometry":{"type":"Polygon","coordinates":[[[8.71619,46.48094],[8.71679,46.4818],[8.71852,46.48248],[8.7213,46.48203],[8.72366,46.48202],[8.72391,46.48187],[8.72395,46.48122],[8.72454,46.48109],[8.72552,46.48143],[8.72581,46.4812],[8.72571,46.48078],[8.72433,46.47979],[8.72405,46.47858],[8.72423,46.47794],[8.72367,46.47712],[8.72215,46.47664],[8.72133,46.47662],[8.72097,46.47634],[8.72057,46.47631],[8.71992,46.47606],[8.71829,46.47617],[8.71723,46.47644],[8.71676,46.47697],[8.7165,46.47768],[8.71618,46.47789],[8.716,46.47821],[8.71569,46.47834],[8.71558,46.47866],[8.71577,46.47921],[8.71595,46.47931],[8.71597,46.47966],[8.71577,46.47991],[8.7154,46.47999],[8.71526,46.48026],[8.71542,46.48061],[8.71619,46.48094]]]}},{"type":"Feature","properties":{"id":"lago-di-muzzano-ti","c":"TI","p":"patent","q":"derived","k":"lake"},"geometry":{"type":"Polygon","coordinates":[[[8.9318,45.99873],[8.93218,45.99854],[8.93226,45.9983],[8.93047,45.99648],[8.9304,45.99587],[8.93022,45.99572],[8.92765,45.99446],[8.9264,45.99437],[8.92563,45.99408],[8.92396,45.99437],[8.92379,45.9946],[8.92379,45.99528],[8.923,45.99594],[8.92333,45.99654],[8.92361,45.99675],[8.92548,45.99737],[8.92603,45.99737],[8.93032,45.99941],[8.93082,45.9994],[8.93143,45.99919],[8.9318,45.99873]]]}},{"type":"Feature","properties":{"id":"lago-nero-ti","c":"TI","p":"patent","q":"derived","k":"lake"},"geometry":{"type":"Polygon","coordinates":[[[8.53951,46.45111],[8.54162,46.45006],[8.54227,46.44915],[8.54288,46.44889],[8.5429,46.44857],[8.54245,46.44832],[8.54219,46.44838],[8.54249,46.44766],[8.54235,46.44756],[8.54162,46.44761],[8.54074,46.44792],[8.54021,46.44785],[8.53889,46.44815],[8.53822,46.44747],[8.53775,46.44745],[8.53776,46.44785],[8.53706,46.44804],[8.53676,46.44839],[8.5363,46.44847],[8.53632,46.44876],[8.53665,46.44901],[8.53716,46.44997],[8.53775,46.45036],[8.53823,46.4512],[8.53951,46.45111]]]}},{"type":"Feature","properties":{"id":"lago-di-robiei-ti","c":"TI","p":"patent","q":"derived","k":"lake"},"geometry":{"type":"Polygon","coordinates":[[[8.51746,46.44804],[8.51752,46.44773],[8.51839,46.44726],[8.51913,46.44707],[8.51927,46.44686],[8.51938,46.44603],[8.51977,46.44558],[8.51968,46.44493],[8.51982,46.44348],[8.51962,46.44304],[8.51977,46.44276],[8.51921,46.44252],[8.51838,46.44262],[8.51678,46.44235],[8.51435,46.44508],[8.51459,46.44512],[8.51474,46.44536],[8.51391,46.44572],[8.5128,46.44597],[8.51224,46.44589],[8.51215,46.44607],[8.51244,46.44621],[8.51227,46.44641],[8.51275,46.44747],[8.51363,46.44794],[8.51439,46.44821],[8.51518,46.44829],[8.51615,46.44813],[8.51712,46.44826],[8.51746,46.44804]]]}},{"type":"Feature","properties":{"id":"lago-di-vogorno-ti","c":"TI","p":"patent","q":"derived","k":"lake"},"geometry":{"type":"Polygon","coordinates":[[[8.84404,46.24096],[8.84492,46.24238],[8.84486,46.24289],[8.84505,46.24303],[8.84531,46.24267],[8.84526,46.2424],[8.84496,46.24187],[8.84498,46.2416],[8.8442,46.24057],[8.8441,46.24021],[8.8442,46.23969],[8.84385,46.23893],[8.84352,46.23874],[8.84323,46.23826],[8.84308,46.2371],[8.84343,46.23633],[8.84399,46.23582],[8.84438,46.23551],[8.84537,46.23515],[8.84589,46.23462],[8.84564,46.23349],[8.84602,46.23281],[8.84599,46.23196],[8.84615,46.23158],[8.84678,46.23114],[8.84725,46.23111],[8.84772,46.23127],[8.84779,46.23101],[8.84819,46.23107],[8.84854,46.23081],[8.85015,46.22879],[8.8516,46.22767],[8.85236,46.22655],[8.85261,46.22591],[8.854,46.22505],[8.85472,46.22437],[8.85564,46.22385],[8.85618,46.22371],[8.85621,46.22351],[8.85705,46.22302],[8.85787,46.22145],[8.85829,46.22126],[8.8583,46.22109],[8.85871,46.22095],[8.85916,46.2204],[8.85966,46.22012],[8.86058,46.22],[8.86109,46.21961],[8.86176,46.21941],[8.86232,46.21946],[8.86267,46.21928],[8.86313,46.21957],[8.86339,46.21953],[8.864,46.21971],[8.86398,46.21959],[8.8634,46.21923],[8.86377,46.21875],[8.86339,46.21859],[8.86199,46.21861],[8.86141,46.21848],[8.86101,46.21876],[8.86063,46.21885],[8.85975,46.21894],[8.85955,46.21873],[8.85923,46.21883],[8.8593,46.21853],[8.86007,46.21762],[8.85998,46.21698],[8.86021,46.21644],[8.85978,46.21633],[8.85949,46.21604],[8.85947,46.21583],[8.85918,46.21567],[8.85902,46.21501],[8.85922,46.21458],[8.85923,46.21312],[8.85909,46.21281],[8.85851,46.21235],[8.85843,46.21184],[8.85866,46.21162],[8.85868,46.21116],[8.85899,46.21062],[8.85899,46.20977],[8.8596,46.20931],[8.85923,46.20927],[8.85926,46.20881],[8.85813,46.20879],[8.85746,46.20818],[8.85802,46.2072],[8.85771,46.20634],[8.85701,46.20534],[8.85689,46.20474],[8.85759,46.20406],[8.85782,46.20357],[8.85756,46.20352],[8.85737,46.2031],[8.85711,46.20315],[8.85674,46.20302],[8.85613,46.20348],[8.85592,46.20309],[8.85501,46.20301],[8.85456,46.20275],[8.85308,46.20012],[8.85278,46.20003],[8.8518,46.19821],[8.85152,46.19797],[8.85146,46.19729],[8.85091,46.19673],[8.8508,46.19635],[8.85036,46.19586],[8.84975,46.19633],[8.84859,46.19669],[8.84737,46.19666],[8.84628,46.19633],[8.84652,46.19733],[8.84646,46.19781],[8.84616,46.19827],[8.84556,46.19867],[8.84478,46.1988],[8.84485,46.19892],[8.8447,46.199],[8.84318,46.19935],[8.84404,46.19948],[8.84463,46.19944],[8.84544,46.19916],[8.84579,46.19934],[8.84603,46.19976],[8.84643,46.19996],[8.84631,46.20042],[8.84665,46.20075],[8.84767,46.20261],[8.8483,46.20326],[8.84837,46.20365],[8.84801,46.20369],[8.84764,46.20404],[8.84732,46.20396],[8.84655,46.20449],[8.84583,46.20456],[8.84545,46.20499],[8.84402,46.20544],[8.84379,46.20595],[8.84325,46.20645],[8.84246,46.20666],[8.84327,46.20667],[8.84387,46.20632],[8.84583,46.20598],[8.84637,46.20597],[8.84697,46.20611],[8.8485,46.20574],[8.84915,46.20539],[8.8496,46.2055],[8.85025,46.20593],[8.85079,46.206],[8.85133,46.20627],[8.85134,46.20654],[8.85201,46.20684],[8.85256,46.20826],[8.85267,46.20896],[8.8525,46.20917],[8.85265,46.20936],[8.85256,46.20978],[8.85294,46.20982],[8.85334,46.21071],[8.85424,46.21109],[8.85433,46.21122],[8.8542,46.21147],[8.85466,46.21182],[8.85501,46.21236],[8.85547,46.2134],[8.85538,46.21386],[8.85611,46.21542],[8.85619,46.21601],[8.85582,46.21729],[8.85538,46.21744],[8.85521,46.21773],[8.85478,46.21914],[8.8551,46.21963],[8.85502,46.22006],[8.85406,46.22084],[8.85388,46.22142],[8.85314,46.22211],[8.85286,46.22224],[8.85245,46.22188],[8.85216,46.22187],[8.852,46.22214],[8.8522,46.22245],[8.85218,46.22314],[8.8499,46.22514],[8.84981,46.22564],[8.84963,46.22573],[8.84779,46.22848],[8.8461,46.22995],[8.84466,46.23044],[8.84468,46.23092],[8.84397,46.23228],[8.84425,46.23299],[8.84423,46.23356],[8.84469,46.23424],[8.8442,46.23468],[8.84389,46.23454],[8.84354,46.23459],[8.84373,46.23474],[8.8437,46.23507],[8.84331,46.23527],[8.84315,46.2356],[8.84259,46.236],[8.8422,46.23661],[8.84208,46.23759],[8.84267,46.23866],[8.84295,46.2388],[8.84295,46.23923],[8.84352,46.23954],[8.84366,46.24074],[8.84404,46.24096]]]}},{"type":"Feature","properties":{"id":"lago-sfundau-ti","c":"TI","p":"patent","q":"derived","k":"lake"},"geometry":{"type":"Polygon","coordinates":[[[8.52371,46.46507],[8.52507,46.46554],[8.52557,46.46551],[8.52642,46.46439],[8.5264,46.46404],[8.52602,46.46348],[8.52631,46.46244],[8.52571,46.46135],[8.52503,46.46087],[8.52443,46.46058],[8.5233,46.46028],[8.52285,46.46026],[8.52251,46.46049],[8.52282,46.46089],[8.52183,46.46096],[8.5222,46.4615],[8.52181,46.46163],[8.52171,46.46188],[8.52232,46.46286],[8.52274,46.46295],[8.52339,46.46359],[8.52313,46.46456],[8.52371,46.46507]]]}},{"type":"Feature","properties":{"id":"laghi-della-crosa-ti","c":"TI","p":"patent","q":"derived","k":"lake"},"geometry":{"type":"Polygon","coordinates":[[[8.48054,46.36971],[8.4808,46.37032],[8.48054,46.37056],[8.48013,46.37063],[8.48005,46.37081],[8.48048,46.37158],[8.48121,46.37221],[8.48214,46.37251],[8.48282,46.37258],[8.48497,46.37234],[8.48776,46.37222],[8.48646,46.37155],[8.48588,46.37103],[8.48278,46.36932],[8.48123,46.36876],[8.48029,46.36875],[8.47968,46.36858],[8.47936,46.36826],[8.48075,46.3683],[8.48108,46.36816],[8.48124,46.3679],[8.47915,46.36692],[8.47852,46.36699],[8.47775,46.36756],[8.47783,46.36782],[8.47846,46.36822],[8.47876,46.36877],[8.48009,46.36935],[8.48054,46.36971]]]}},{"type":"Feature","properties":{"id":"lago-d-alzasca-ti","c":"TI","p":"patent","q":"derived","k":"lake"},"geometry":{"type":"Polygon","coordinates":[[[8.58553,46.26436],[8.58446,46.26449],[8.58416,46.26463],[8.58299,46.26573],[8.58219,46.26608],[8.58179,46.26643],[8.58193,46.26675],[8.58203,46.26662],[8.5823,46.26661],[8.58262,46.26713],[8.58317,46.26721],[8.58368,46.26758],[8.58402,46.26766],[8.58485,46.26754],[8.58603,46.26709],[8.58679,46.26705],[8.58733,46.26633],[8.58708,46.26586],[8.58761,46.26527],[8.58701,46.26436],[8.58553,46.26436]]]}},{"type":"Feature","properties":{"id":"lago-dei-cavagnoeoe-ti","c":"TI","p":"patent","q":"derived","k":"lake"},"geometry":{"type":"Polygon","coordinates":[[[8.49647,46.45751],[8.49626,46.45856],[8.4964,46.45891],[8.49663,46.45898],[8.49806,46.45862],[8.49841,46.45834],[8.49921,46.45818],[8.50055,46.45739],[8.50236,46.45675],[8.50316,46.45657],[8.50356,46.4566],[8.50394,46.45641],[8.50418,46.45649],[8.5044,46.4563],[8.50528,46.45625],[8.50809,46.4554],[8.50817,46.45526],[8.50858,46.45517],[8.50757,46.45412],[8.5075,46.45371],[8.5078,46.45314],[8.50823,46.45284],[8.50593,46.45302],[8.50485,46.45273],[8.50434,46.45243],[8.5014,46.45193],[8.49984,46.45205],[8.49893,46.45194],[8.49878,46.45262],[8.49735,46.45278],[8.49633,46.45276],[8.49621,46.45295],[8.4967,46.45329],[8.4965,46.45338],[8.49664,46.45357],[8.49658,46.45387],[8.49619,46.45395],[8.49623,46.45421],[8.4958,46.45424],[8.4955,46.4544],[8.49548,46.45506],[8.49528,46.45552],[8.49602,46.45705],[8.49647,46.45751]]]}},{"type":"Feature","properties":{"id":"lago-del-zoett-ti","c":"TI","p":"patent","q":"derived","k":"lake"},"geometry":{"type":"Polygon","coordinates":[[[8.50292,46.43524],[8.50509,46.43583],[8.50494,46.43562],[8.50509,46.43538],[8.50605,46.43501],[8.50569,46.43461],[8.50585,46.43432],[8.50561,46.43384],[8.50537,46.43378],[8.50518,46.43347],[8.50468,46.43341],[8.50466,46.4331],[8.50509,46.43277],[8.50521,46.43231],[8.50491,46.43173],[8.50459,46.43149],[8.50388,46.43157],[8.50279,46.43123],[8.50267,46.43093],[8.50207,46.43099],[8.50193,46.43122],[8.50108,46.43163],[8.50104,46.43142],[8.50084,46.43137],[8.5007,46.43171],[8.50005,46.43232],[8.50028,46.43341],[8.50101,46.4336],[8.50102,46.43377],[8.50154,46.43422],[8.50292,46.43524]]]}},{"type":"Feature","properties":{"id":"lago-del-sambuco-ti","c":"TI","p":"patent","q":"derived","k":"lake"},"geometry":{"type":"Polygon","coordinates":[[[8.63168,46.47639],[8.63302,46.47604],[8.63408,46.4762],[8.63539,46.47594],[8.63628,46.47495],[8.63655,46.47505],[8.63695,46.4749],[8.63705,46.47465],[8.63794,46.47437],[8.63829,46.47445],[8.63852,46.47439],[8.63864,46.47402],[8.64188,46.47134],[8.64278,46.47083],[8.64368,46.47008],[8.6446,46.46972],[8.64571,46.46896],[8.64699,46.46838],[8.64973,46.4666],[8.65037,46.46643],[8.6506,46.46602],[8.6516,46.46538],[8.65189,46.46497],[8.65388,46.46343],[8.65494,46.4629],[8.65596,46.46271],[8.6572,46.46198],[8.65837,46.46108],[8.65932,46.46085],[8.66024,46.46004],[8.66061,46.45906],[8.66035,46.45833],[8.66102,46.45776],[8.66182,46.45607],[8.66077,46.45629],[8.65997,46.45625],[8.65887,46.45585],[8.65811,46.45522],[8.65696,46.45618],[8.65635,46.45623],[8.65598,46.45689],[8.65539,46.45737],[8.65488,46.45758],[8.65448,46.45794],[8.65384,46.45798],[8.65253,46.45893],[8.6519,46.45913],[8.65142,46.45962],[8.65106,46.45975],[8.65114,46.46013],[8.65066,46.46107],[8.6502,46.46147],[8.6496,46.46185],[8.64936,46.46187],[8.64904,46.46217],[8.64618,46.4633],[8.6448,46.4643],[8.64449,46.4644],[8.64375,46.46509],[8.64309,46.46538],[8.64123,46.46696],[8.64073,46.46707],[8.63971,46.46776],[8.6397,46.46799],[8.63818,46.46925],[8.63724,46.46967],[8.63714,46.47005],[8.63761,46.47057],[8.63768,46.4709],[8.63725,46.47108],[8.63717,46.47175],[8.63774,46.47222],[8.63774,46.47255],[8.63735,46.47275],[8.63692,46.4734],[8.63654,46.47349],[8.63608,46.47386],[8.636,46.47407],[8.63408,46.47478],[8.63396,46.47503],[8.63325,46.47535],[8.63254,46.47554],[8.63165,46.47612],[8.63145,46.47634],[8.63168,46.47639]]]}},{"type":"Feature","properties":{"id":"lagi-della-crosa-ti","c":"TI","p":"patent","q":"derived","k":"lake"},"geometry":{"type":"Polygon","coordinates":[[[8.49246,46.37461],[8.49317,46.3742],[8.49446,46.37417],[8.49541,46.37376],[8.4954,46.37353],[8.49466,46.37315],[8.49442,46.37263],[8.49155,46.37239],[8.49038,46.37276],[8.49019,46.37319],[8.4905,46.37371],[8.49007,46.37397],[8.48997,46.3746],[8.48968,46.37491],[8.48943,46.37566],[8.49074,46.37554],[8.49158,46.37481],[8.49246,46.37461]]]}},{"type":"Feature","properties":{"id":"lago-di-morghirolo-ti","c":"TI","p":"patent","q":"derived","k":"lake"},"geometry":{"type":"Polygon","coordinates":[[[8.71435,46.45248],[8.71515,46.4532],[8.71593,46.45311],[8.71718,46.45229],[8.71786,46.45164],[8.71875,46.45145],[8.71897,46.45128],[8.71854,46.45093],[8.71854,46.45076],[8.71911,46.4502],[8.71947,46.44943],[8.71927,46.44918],[8.719,46.44929],[8.71891,46.44912],[8.71853,46.44914],[8.71825,46.44897],[8.71837,46.44831],[8.71805,46.44828],[8.71767,46.44845],[8.71783,46.44873],[8.71767,46.44889],[8.71722,46.44855],[8.71715,46.44881],[8.71672,46.44916],[8.71493,46.45021],[8.71405,46.45191],[8.71435,46.45248]],[[8.71906,46.44939],[8.71925,46.44953],[8.7192,46.44956],[8.71898,46.44948],[8.71906,46.44939]]]}},{"type":"Feature","properties":{"id":"bacino-di-val-malvaglia-ti","c":"TI","p":"patent","q":"derived","k":"lake"},"geometry":{"type":"Polygon","coordinates":[[[9.03326,46.42821],[9.03383,46.42813],[9.03462,46.42769],[9.03187,46.42718],[9.03106,46.42627],[9.03061,46.42618],[9.03018,46.42634],[9.02991,46.42618],[9.02886,46.42607],[9.02734,46.42542],[9.02605,46.42412],[9.02596,46.4238],[9.0244,46.42163],[9.02399,46.4213],[9.02365,46.42128],[9.02365,46.42135],[9.02402,46.42159],[9.0242,46.422],[9.02451,46.42299],[9.02448,46.42336],[9.02431,46.42351],[9.02369,46.4239],[9.02309,46.42409],[9.0226,46.42382],[9.02218,46.42321],[9.02209,46.42382],[9.02167,46.42436],[9.021,46.42464],[9.02007,46.42473],[9.02118,46.42516],[9.02267,46.42544],[9.02429,46.42525],[9.02606,46.42642],[9.02669,46.42665],[9.03079,46.42791],[9.03326,46.42821]]]}},{"type":"Feature","properties":{"id":"lago-retico-ti","c":"TI","p":"patent","q":"derived","k":"lake"},"geometry":{"type":"Polygon","coordinates":[[[8.88953,46.57799],[8.8906,46.57824],[8.89218,46.57833],[8.89357,46.57824],[8.89396,46.57788],[8.89398,46.57751],[8.89266,46.57643],[8.89234,46.57644],[8.89225,46.57626],[8.89172,46.576],[8.89087,46.57574],[8.88882,46.57614],[8.88838,46.57653],[8.88825,46.57699],[8.88923,46.57755],[8.88916,46.57775],[8.88953,46.57799]]]}},{"type":"Feature","properties":{"id":"lago-di-luzzone-ti","c":"TI","p":"patent","q":"derived","k":"lake"},"geometry":{"type":"Polygon","coordinates":[[[8.9928,46.58003],[8.99296,46.57983],[8.99286,46.57929],[8.99221,46.57903],[8.99188,46.57853],[8.99076,46.57841],[8.99,46.57818],[8.98869,46.57736],[8.98822,46.57658],[8.98808,46.57585],[8.9878,46.57544],[8.9878,46.57507],[8.98796,46.57498],[8.9885,46.57498],[8.9899,46.57534],[8.98932,46.57497],[8.98828,46.57323],[8.9898,46.57331],[8.98963,46.57294],[8.98931,46.57269],[8.98855,46.57255],[8.98884,46.57223],[8.98898,46.57167],[8.9896,46.57154],[8.98969,46.57132],[8.98932,46.57119],[8.98877,46.56989],[8.98895,46.56876],[8.98927,46.56827],[8.98807,46.5685],[8.98764,46.56836],[8.9872,46.56852],[8.98541,46.56813],[8.98432,46.56809],[8.98398,46.56798],[8.98378,46.56772],[8.98282,46.56764],[8.98181,46.56677],[8.98162,46.5656],[8.98115,46.56549],[8.97971,46.56437],[8.97889,46.56358],[8.97868,46.56317],[8.97773,46.56358],[8.97718,46.56367],[8.97351,46.56272],[8.97275,46.56298],[8.9717,46.56305],[8.97069,46.56192],[8.97023,46.56183],[8.96913,46.56202],[8.96855,46.56166],[8.96825,46.56162],[8.96803,46.5617],[8.96758,46.56157],[8.96674,46.56176],[8.96557,46.56135],[8.96418,46.56118],[8.96314,46.56127],[8.963,46.56139],[8.96349,46.56196],[8.9636,46.56228],[8.96362,46.56306],[8.9632,46.56394],[8.96244,46.56468],[8.96274,46.56465],[8.96278,46.56492],[8.96463,46.56517],[8.9652,46.56554],[8.96691,46.56622],[8.96702,46.56635],[8.9669,46.56683],[8.96722,46.56714],[8.96794,46.56715],[8.97029,46.56762],[8.97101,46.56764],[8.97171,46.56804],[8.97175,46.56838],[8.97198,46.56839],[8.97237,46.56867],[8.97405,46.56909],[8.97447,46.56969],[8.97479,46.56968],[8.975,46.56993],[8.97718,46.57054],[8.97746,46.57073],[8.97955,46.57118],[8.98101,46.57197],[8.98101,46.57211],[8.98074,46.57252],[8.98006,46.57299],[8.97953,46.573],[8.97929,46.57311],[8.97931,46.57335],[8.97902,46.57374],[8.97968,46.57334],[8.98027,46.57345],[8.98159,46.57264],[8.98196,46.57362],[8.98369,46.57443],[8.98399,46.5749],[8.98445,46.5749],[8.98553,46.57541],[8.98583,46.57542],[8.98621,46.57514],[8.98648,46.57514],[8.98677,46.57587],[8.98696,46.57601],[8.98751,46.57769],[8.98771,46.57787],[8.98968,46.5786],[8.99092,46.57888],[8.99161,46.5789],[8.99191,46.57928],[8.99257,46.57948],[8.9928,46.58003]]]}},{"type":"Feature","properties":{"id":"lago-di-tom-ti","c":"TI","p":"patent","q":"derived","k":"lake"},"geometry":{"type":"Polygon","coordinates":[[[8.68941,46.55172],[8.68992,46.5515],[8.68998,46.55173],[8.69034,46.55175],[8.69085,46.55206],[8.69111,46.55202],[8.6915,46.55168],[8.69165,46.55131],[8.69149,46.55111],[8.69172,46.55071],[8.69063,46.5491],[8.69011,46.5489],[8.68971,46.54828],[8.6888,46.54833],[8.68781,46.54926],[8.68811,46.54951],[8.68795,46.54978],[8.68746,46.55006],[8.68746,46.55088],[8.68779,46.55141],[8.68835,46.55162],[8.68941,46.55172]]]}},{"type":"Feature","properties":{"id":"lago-ritom-ti","c":"TI","p":"patent","q":"derived","k":"lake"},"geometry":{"type":"Polygon","coordinates":[[[8.70309,46.54519],[8.70363,46.54528],[8.70351,46.54497],[8.70363,46.5449],[8.70427,46.54492],[8.70509,46.54468],[8.70591,46.5446],[8.70722,46.54406],[8.70828,46.54281],[8.70765,46.54242],[8.70754,46.54216],[8.70772,46.54189],[8.70706,46.54207],[8.7053,46.54146],[8.70452,46.54139],[8.70347,46.54098],[8.70315,46.54067],[8.70321,46.54057],[8.70209,46.5402],[8.69968,46.53988],[8.69916,46.53992],[8.69818,46.53975],[8.69727,46.53979],[8.69615,46.53953],[8.69517,46.53905],[8.69361,46.53897],[8.69267,46.53866],[8.69135,46.53845],[8.69126,46.53836],[8.69187,46.53828],[8.69156,46.53811],[8.69201,46.53717],[8.69028,46.53713],[8.69013,46.53691],[8.68877,46.53717],[8.6884,46.53703],[8.68831,46.53682],[8.68802,46.53675],[8.68724,46.53676],[8.68711,46.53666],[8.68634,46.5368],[8.68492,46.53659],[8.6848,46.53638],[8.68431,46.53628],[8.68491,46.53582],[8.68506,46.53544],[8.68534,46.53524],[8.68173,46.53535],[8.68018,46.53524],[8.67883,46.53502],[8.6765,46.53427],[8.67523,46.53439],[8.67454,46.53476],[8.67432,46.53544],[8.67494,46.53677],[8.67572,46.53788],[8.67696,46.53862],[8.67803,46.53962],[8.67949,46.54035],[8.67985,46.54085],[8.68169,46.54149],[8.68253,46.54197],[8.68376,46.54218],[8.68445,46.54265],[8.68519,46.54244],[8.68591,46.54259],[8.68634,46.54286],[8.69067,46.54342],[8.6954,46.54478],[8.6984,46.54493],[8.69894,46.54506],[8.69924,46.54531],[8.70022,46.54549],[8.7012,46.54552],[8.70309,46.54519]]]}},{"type":"Feature","properties":{"id":"lago-cadagno-ti","c":"TI","p":"patent","q":"derived","k":"lake"},"geometry":{"type":"Polygon","coordinates":[[[8.71206,46.552],[8.71446,46.5519],[8.71533,46.55202],[8.71611,46.55187],[8.71676,46.55138],[8.71698,46.55087],[8.71626,46.54995],[8.71597,46.54973],[8.7153,46.54952],[8.71477,46.54909],[8.71464,46.54856],[8.71437,46.54833],[8.71394,46.54821],[8.7137,46.54832],[8.71286,46.54826],[8.71235,46.54806],[8.71184,46.54809],[8.71158,46.54823],[8.70955,46.54811],[8.70933,46.54825],[8.70855,46.54822],[8.70804,46.54848],[8.70799,46.54827],[8.7072,46.5484],[8.70632,46.54879],[8.70623,46.54961],[8.70804,46.55089],[8.70887,46.5513],[8.71069,46.55161],[8.71206,46.552]]]}},{"type":"Feature","properties":{"id":"lago-della-sella-ti","c":"TI","p":"patent","q":"derived","k":"lake"},"geometry":{"type":"Polygon","coordinates":[[[8.60249,46.56608],[8.60654,46.56591],[8.60735,46.56578],[8.60825,46.56525],[8.60896,46.56431],[8.60873,46.56421],[8.60803,46.56443],[8.60787,46.56418],[8.60671,46.56366],[8.60591,46.56354],[8.60544,46.56365],[8.60453,46.56357],[8.60412,46.56376],[8.60375,46.56378],[8.60312,46.56354],[8.60283,46.56327],[8.59997,46.56275],[8.59924,46.56241],[8.59816,46.56171],[8.59824,46.56129],[8.59904,46.56108],[8.59865,46.56078],[8.59862,46.56051],[8.59903,46.56051],[8.59903,46.56037],[8.59846,46.5596],[8.59658,46.55784],[8.59288,46.55912],[8.5931,46.5596],[8.5944,46.56124],[8.59474,46.56286],[8.59519,46.56359],[8.59561,46.56399],[8.5961,46.56423],[8.59639,46.56461],[8.59688,46.56478],[8.59706,46.56514],[8.59757,46.56551],[8.59822,46.56578],[8.59988,46.56614],[8.6011,46.56603],[8.60249,46.56608]]]}},{"type":"Feature","properties":{"id":"lago-di-lucendro-ti","c":"TI","p":"patent","q":"derived","k":"lake"},"geometry":{"type":"Polygon","coordinates":[[[8.54373,46.56525],[8.54497,46.56546],[8.54532,46.56529],[8.54773,46.56504],[8.54914,46.56465],[8.54997,46.56455],[8.54939,46.56223],[8.54869,46.56234],[8.54772,46.56216],[8.54617,46.56152],[8.54532,46.56139],[8.54294,46.56046],[8.54057,46.55983],[8.53866,46.55913],[8.53715,46.55834],[8.53538,46.5576],[8.53484,46.55772],[8.53476,46.55788],[8.53452,46.55786],[8.53449,46.55807],[8.53399,46.55798],[8.53322,46.55821],[8.53304,46.55899],[8.5323,46.55937],[8.53233,46.55947],[8.53293,46.55968],[8.53392,46.56066],[8.53503,46.56152],[8.53559,46.56178],[8.53565,46.562],[8.53634,46.5622],[8.53678,46.56263],[8.53805,46.56309],[8.53839,46.56343],[8.53911,46.56353],[8.5396,46.56385],[8.54061,46.5641],[8.54075,46.56442],[8.5431,46.56498],[8.54373,46.56525]]]}},{"type":"Feature","properties":{"id":"canale-principale-sponda-sinistra-ti","c":"TI","p":"patent","q":"derived","k":"river"},"geometry":{"type":"LineString","coordinates":[[8.97966,46.15652],[8.97092,46.16914],[8.97064,46.16931],[8.96664,46.16976],[8.96539,46.16942],[8.96202,46.16706],[8.9607,46.16697],[8.95516,46.16769],[8.95284,46.16634],[8.94844,46.16592],[8.9456,46.16365],[8.94486,46.1633],[8.94351,46.16313],[8.94039,46.1635],[8.93856,46.16295],[8.93508,46.1633],[8.93248,46.16264],[8.91602,46.16196],[8.91044,46.16038],[8.90843,46.16014],[8.90238,46.15743],[8.89705,46.15777],[8.88783,46.15603],[8.8863,46.15541],[8.88506,46.15389],[8.88319,46.15325],[8.88132,46.15318],[8.8793,46.15461],[8.87874,46.15477],[8.8779,46.15464],[8.87647,46.15407],[8.87268,46.15308],[8.87215,46.15265],[8.8715,46.15152]]}},{"type":"Feature","properties":{"id":"canale-saleggi-ti","c":"TI","p":"patent","q":"derived","k":"river"},"geometry":{"type":"LineString","coordinates":[[9.03951,46.20462],[9.03853,46.2052],[9.039,46.20596],[9.03907,46.20684],[9.03836,46.2069],[9.03421,46.20812],[9.02972,46.20798],[9.02683,46.20712],[9.02119,46.20473],[9.01908,46.20344],[9.01285,46.19655],[9.01116,46.19359]]}},{"type":"Feature","properties":{"id":"dragonato-ti","c":"TI","p":"patent","q":"derived","k":"river"},"geometry":{"type":"LineString","coordinates":[[9.06728,46.18534],[9.06334,46.18608],[9.06131,46.1857],[9.06019,46.18589],[9.0562,46.18557],[9.05477,46.18495],[9.05373,46.18508],[9.05232,46.1857],[9.0511,46.18581],[9.04747,46.18587],[9.04334,46.1855],[9.04204,46.18578],[9.04139,46.18621],[9.04069,46.18606],[9.03961,46.18546],[9.03849,46.18539],[9.03814,46.18562],[9.03764,46.18559],[9.03627,46.18493],[9.03494,46.18515],[9.03409,46.18561],[9.03155,46.18602],[9.03015,46.18589],[9.02752,46.18503],[9.02439,46.18694],[9.02113,46.18845],[9.01958,46.18863],[9.01422,46.19056],[9.00829,46.19161]]}},{"type":"Feature","properties":{"id":"ri-gaggio-ti","c":"TI","p":"patent","q":"derived","k":"river"},"geometry":{"type":"LineString","coordinates":[[8.92936,46.03498],[8.92857,46.03214],[8.92878,46.03122],[8.9294,46.03019],[8.92837,46.02881],[8.92855,46.02843],[8.92822,46.02735],[8.93041,46.02696],[8.93083,46.02653],[8.93119,46.0245],[8.92994,46.02301],[8.92995,46.02213],[8.92772,46.02022],[8.92498,46.01634],[8.92216,46.01286],[8.92058,46.01179],[8.91919,46.0101],[8.91805,46.01065],[8.9146,46.00754],[8.91364,46.00682],[8.91341,46.00683]]}},{"type":"Feature","properties":{"id":"ri-del-gaggio-ti","c":"TI","p":"patent","q":"derived","k":"river"},"geometry":{"type":"LineString","coordinates":[[8.95841,46.04709],[8.95791,46.04714],[8.95722,46.0469],[8.95679,46.04647],[8.95634,46.04637],[8.95401,46.04653],[8.95252,46.0463],[8.9513,46.04647],[8.95022,46.04558],[8.94958,46.04563],[8.94819,46.04519],[8.94674,46.04512],[8.94624,46.04394],[8.9458,46.0437],[8.94621,46.04353],[8.94593,46.04327],[8.94486,46.04308],[8.9442,46.04273],[8.94343,46.04289],[8.94192,46.042],[8.94219,46.04131],[8.94223,46.04001],[8.9414,46.03853],[8.94136,46.03723],[8.9405,46.0364],[8.93936,46.03601],[8.93874,46.03541],[8.93762,46.03534],[8.93701,46.03551],[8.93601,46.03521],[8.93545,46.03547],[8.93418,46.03511],[8.93417,46.03477],[8.93379,46.03463],[8.93173,46.035],[8.92994,46.0351],[8.92936,46.03498]]}},{"type":"Feature","properties":{"id":"pevereggio-ti","c":"TI","p":"patent","q":"derived","k":"river"},"geometry":{"type":"LineString","coordinates":[[8.79745,46.01145],[8.79744,46.01116],[8.79877,46.00991],[8.79971,46.00815],[8.80045,46.00758],[8.80079,46.00655],[8.80147,46.00615],[8.80174,46.00545],[8.80306,46.00508],[8.80342,46.00461],[8.80339,46.00287],[8.80243,46.00135],[8.80638,45.99904],[8.80922,45.99848],[8.80943,45.99808],[8.81005,45.99834],[8.8114,45.99841],[8.81546,45.99782],[8.81555,45.99675],[8.8162,45.99629],[8.81615,45.99578],[8.81664,45.99474],[8.81721,45.9942],[8.81907,45.99361],[8.81827,45.99262],[8.81706,45.9929],[8.81668,45.99276],[8.81647,45.99252],[8.81685,45.99221],[8.81645,45.99126],[8.81609,45.991],[8.81549,45.99089],[8.81533,45.99056],[8.81473,45.99028],[8.81437,45.99028]]}},{"type":"Feature","properties":{"id":"lisora-ti","c":"TI","p":"patent","q":"derived","k":"river"},"geometry":{"type":"MultiLineString","coordinates":[[[8.80529,46.01484],[8.80615,46.01429],[8.80617,46.01354]],[[8.80744,46.01289],[8.80911,46.01248],[8.80968,46.01196],[8.81146,46.01147],[8.81267,46.01137],[8.81759,46.01038],[8.81871,46.00981],[8.81938,46.00979],[8.82128,46.00917],[8.82278,46.00896],[8.82446,46.00995],[8.82662,46.00936],[8.82758,46.00957],[8.82896,46.00916],[8.82977,46.00952],[8.83087,46.00932],[8.8316,46.00894],[8.83154,46.00846],[8.83124,46.00823],[8.83185,46.00744],[8.83228,46.00725],[8.83246,46.00609],[8.83162,46.00563],[8.83174,46.00441],[8.83097,46.00369],[8.8304,46.00346],[8.83012,46.00229],[8.82939,46.00163],[8.82894,46.00148],[8.82914,46.00092],[8.82871,46.00058],[8.82812,46.00047],[8.82858,46.00017],[8.82825,45.99937],[8.82861,45.99813],[8.82807,45.99763],[8.82827,45.99708],[8.82773,45.99676],[8.82783,45.9957],[8.82829,45.99532],[8.82829,45.99508],[8.82748,45.9949],[8.82652,45.99368],[8.82549,45.99365],[8.82487,45.99309],[8.825,45.99266],[8.82608,45.9921],[8.82794,45.99052],[8.82666,45.98849],[8.82591,45.98771]]]}},{"type":"Feature","properties":{"id":"riale-di-monte-pellegrino-ti","c":"TI","p":"patent","q":"derived","k":"river"},"geometry":{"type":"LineString","coordinates":[[8.83813,46.03505],[8.83947,46.03338],[8.84151,46.033],[8.84211,46.03262],[8.84189,46.0322],[8.84224,46.03141],[8.84124,46.03082],[8.83983,46.03053],[8.8392,46.02986],[8.83962,46.02915],[8.83954,46.02858],[8.84015,46.02797],[8.84113,46.02792],[8.84137,46.02744],[8.84223,46.02688],[8.84382,46.02658],[8.84408,46.02626],[8.84495,46.02607],[8.84517,46.0254],[8.84629,46.0249],[8.8477,46.02464],[8.84807,46.02429],[8.84908,46.02429],[8.85026,46.0239],[8.85103,46.02326],[8.8511,46.02272],[8.85162,46.02209],[8.85217,46.02184],[8.85245,46.0212],[8.85287,46.02109],[8.8536,46.02143],[8.85409,46.02143],[8.85462,46.0208],[8.85582,46.02021],[8.85601,46.01934],[8.85664,46.01886],[8.85671,46.01819],[8.85764,46.01742],[8.85811,46.01752],[8.85835,46.01737],[8.8589,46.01578],[8.85957,46.01544],[8.8599,46.01461],[8.86083,46.01425],[8.86185,46.01441],[8.86256,46.01433]]}},{"type":"Feature","properties":{"id":"riale-di-miglieglia-ti","c":"TI","p":"patent","q":"derived","k":"river"},"geometry":{"type":"LineString","coordinates":[[8.84025,46.03721],[8.84297,46.03647],[8.84423,46.03585],[8.84567,46.03581],[8.84646,46.03559],[8.84697,46.03499],[8.84651,46.03396],[8.84594,46.0335],[8.84589,46.03308],[8.84623,46.0328],[8.84706,46.03232],[8.84864,46.03205],[8.8495,46.03156],[8.85076,46.03181],[8.85157,46.0315],[8.85268,46.03047],[8.855,46.02956],[8.85651,46.02831],[8.8572,46.02827],[8.85806,46.02761],[8.86031,46.02752],[8.86088,46.02828],[8.86249,46.02777],[8.86241,46.02747],[8.86333,46.02715],[8.865,46.02593],[8.86672,46.02316]]}},{"type":"Feature","properties":{"id":"riale-di-breno-ti","c":"TI","p":"patent","q":"derived","k":"river"},"geometry":{"type":"LineString","coordinates":[[8.85655,46.04812],[8.85818,46.0471],[8.85911,46.04561],[8.85914,46.04481],[8.8602,46.04404],[8.86054,46.04272],[8.85995,46.04157],[8.86033,46.04094],[8.86175,46.03962],[8.86183,46.0387],[8.86239,46.03865],[8.86391,46.0378],[8.86399,46.03726],[8.86352,46.03639],[8.86355,46.03595],[8.86418,46.03501],[8.86382,46.03451],[8.86444,46.03339],[8.86448,46.0326],[8.8642,46.03215],[8.86483,46.03003],[8.86457,46.02867],[8.86593,46.02743],[8.86693,46.02748],[8.86878,46.02667],[8.86931,46.02587]]}},{"type":"Feature","properties":{"id":"riale-d-arosio-ti","c":"TI","p":"patent","q":"derived","k":"river"},"geometry":{"type":"LineString","coordinates":[[8.89768,46.04714],[8.89748,46.04686],[8.8965,46.04655],[8.89618,46.04593],[8.89526,46.04581],[8.89523,46.04563],[8.89459,46.04533],[8.89402,46.04534],[8.89397,46.04557],[8.89314,46.0455],[8.89278,46.04508],[8.89254,46.04519],[8.89156,46.0448],[8.89115,46.04493],[8.89102,46.04455],[8.89018,46.04422],[8.89004,46.04399],[8.89031,46.04339],[8.88985,46.04315],[8.89006,46.04267],[8.88984,46.04227],[8.89035,46.04182],[8.88985,46.04112],[8.88992,46.04076],[8.88825,46.03931],[8.88859,46.03907],[8.88887,46.03836],[8.88837,46.03721],[8.88812,46.03705],[8.88713,46.03706],[8.88735,46.03675],[8.88746,46.03553],[8.88635,46.03548],[8.88565,46.03444],[8.88507,46.03408],[8.88558,46.03413],[8.88561,46.03379],[8.88534,46.03369],[8.88428,46.03387],[8.88325,46.03338],[8.88232,46.03337],[8.88178,46.03279],[8.88096,46.03256],[8.88007,46.03176],[8.87951,46.03167]]}},{"type":"Feature","properties":{"id":"riale-serrata-ti","c":"TI","p":"patent","q":"derived","k":"river"},"geometry":{"type":"LineString","coordinates":[[8.94969,45.90963],[8.94991,45.90877],[8.9495,45.90621],[8.95003,45.90481],[8.95112,45.90412],[8.95132,45.90338],[8.95258,45.90208],[8.9548,45.90032],[8.95602,45.89976],[8.956,45.89939],[8.95628,45.89922],[8.95614,45.89903],[8.95679,45.89789],[8.95655,45.89707],[8.95701,45.89674],[8.95725,45.89619],[8.95768,45.89619],[8.95807,45.89536],[8.95846,45.89561],[8.95874,45.89551],[8.95867,45.89498],[8.95957,45.89429],[8.96026,45.89437],[8.96343,45.89411],[8.96444,45.89328],[8.96615,45.89287],[8.96671,45.89324],[8.96845,45.89292],[8.96909,45.89327],[8.97009,45.89312],[8.97057,45.89353],[8.97076,45.89325],[8.9732,45.8936]]}},{"type":"Feature","properties":{"id":"morena-ti","c":"TI","p":"patent","q":"derived","k":"river"},"geometry":{"type":"LineString","coordinates":[[9.0053,45.90908],[9.00575,45.90863],[9.00696,45.90805],[9.00769,45.90729],[9.00756,45.90516],[9.00672,45.90411],[9.0068,45.90356],[9.00648,45.9031],[9.00649,45.90109],[9.0054,45.89982],[9.00394,45.89976],[9.00355,45.89782],[9.00233,45.89743],[9.00189,45.89702],[9.00184,45.89605],[9.00004,45.89453],[8.99953,45.89309],[8.9986,45.89213],[8.9986,45.89162],[8.99748,45.89101],[8.99738,45.89054],[8.99702,45.89049],[8.99658,45.89006],[8.9968,45.88982],[8.99616,45.88959],[8.99523,45.8898],[8.99479,45.88955],[8.99396,45.88976],[8.99327,45.88863],[8.99364,45.88755],[8.99339,45.88593],[8.9941,45.88528],[8.99468,45.8854],[8.99545,45.88514],[8.99615,45.88447],[8.9957,45.88384],[8.99607,45.88246],[8.99573,45.88227],[8.99561,45.88176],[8.99558,45.88108],[8.99588,45.88088],[8.99562,45.88058],[8.99584,45.88012],[8.99556,45.87888],[8.99475,45.87856],[8.99468,45.87742],[8.9933,45.87631],[8.99328,45.87595],[8.99373,45.87557],[8.99267,45.87445],[8.99281,45.87392],[8.99346,45.87348],[8.9933,45.87299],[8.99278,45.87251],[8.99322,45.87145],[8.99172,45.87093],[8.99156,45.8702],[8.99103,45.86971],[8.99042,45.86955],[8.98207,45.87303],[8.98121,45.875],[8.98072,45.87803],[8.98117,45.88208],[8.98008,45.88334]]}},{"type":"Feature","properties":{"id":"rio-ranza-ti","c":"TI","p":"patent","q":"derived","k":"river"},"geometry":{"type":"MultiLineString","coordinates":[[[8.91319,45.83875],[8.91556,45.839],[8.91823,45.83975],[8.91999,45.83982],[8.92227,45.8395],[8.92711,45.83953],[8.92802,45.83933],[8.92964,45.83929],[8.92993,45.83925],[8.93064,45.83856],[8.9324,45.83771],[8.93215,45.83665]],[[8.94179,45.90918],[8.94159,45.90907],[8.94163,45.90792],[8.94122,45.90698],[8.94139,45.9067],[8.94112,45.90624],[8.94116,45.90572],[8.94064,45.90463],[8.94076,45.90388],[8.94027,45.90287],[8.94027,45.90212],[8.94046,45.90185],[8.94094,45.90168],[8.94115,45.90105],[8.94143,45.90092],[8.94142,45.89908],[8.94192,45.89871],[8.94171,45.89843],[8.94209,45.89809],[8.94206,45.8972],[8.94405,45.89569],[8.944,45.89531],[8.94472,45.89462],[8.94527,45.89442],[8.94636,45.89469],[8.94651,45.89398],[8.94701,45.89326],[8.94641,45.89292],[8.94579,45.89288],[8.94562,45.8922],[8.94647,45.89171],[8.94726,45.89068],[8.94708,45.88987],[8.94737,45.8893],[8.94811,45.88909],[8.94876,45.88923],[8.94951,45.88851],[8.95017,45.88688],[8.94984,45.88588],[8.95057,45.88568],[8.95095,45.88484],[8.95091,45.88403],[8.95165,45.88281],[8.95093,45.88179],[8.9504,45.87931],[8.9488,45.87823],[8.94871,45.87732],[8.94743,45.87695],[8.94572,45.87547],[8.94292,45.87488],[8.94276,45.87417],[8.94076,45.87362],[8.94011,45.87301],[8.93805,45.87222],[8.93755,45.87157],[8.93691,45.87122],[8.936,45.87136],[8.93535,45.8718],[8.93476,45.87184],[8.93396,45.87108],[8.93374,45.87035]]]}},{"type":"Feature","properties":{"id":"breggia-ti","c":"TI","p":"patent","q":"derived","k":"river"},"geometry":{"type":"LineString","coordinates":[[9.07838,45.88739],[9.07782,45.88784],[9.07791,45.88894],[9.07628,45.88958],[9.07479,45.89056],[9.07489,45.89159],[9.07325,45.89224],[9.0726,45.89226],[9.07186,45.89203],[9.07126,45.89237],[9.06963,45.89203],[9.06857,45.89146],[9.06774,45.89164],[9.06721,45.89135],[9.06663,45.8914],[9.06548,45.89194],[9.06301,45.89094],[9.06198,45.89117],[9.06119,45.89072],[9.05995,45.89115],[9.05858,45.89074],[9.05797,45.89005],[9.05652,45.89039],[9.05535,45.88956],[9.05422,45.88928],[9.05281,45.88951],[9.0506,45.88879],[9.04977,45.8888],[9.04928,45.88923],[9.04864,45.88871],[9.04789,45.88915],[9.04742,45.88871],[9.04771,45.8881],[9.04619,45.88787],[9.04468,45.88822],[9.04452,45.88782],[9.04327,45.88781],[9.04263,45.88736],[9.04198,45.88756],[9.04183,45.88826],[9.04146,45.88858],[9.04148,45.88901],[9.04084,45.88897],[9.04008,45.88854],[9.03919,45.88855],[9.0388,45.88874]]}},{"type":"Feature","properties":{"id":"traversagna-ti","c":"TI","p":"patent","q":"derived","k":"river"},"geometry":{"type":"MultiLineString","coordinates":[[[9.07571,46.20624],[9.07447,46.20668],[9.0734,46.20752],[9.07229,46.20779],[9.07146,46.2083],[9.0703,46.20856],[9.06876,46.20854],[9.06823,46.20821],[9.06704,46.20886],[9.06563,46.20915],[9.0651,46.20949],[9.06489,46.21005],[9.06426,46.21035],[9.06369,46.21053],[9.06259,46.21026],[9.06175,46.2105],[9.06124,46.21041],[9.06069,46.21163],[9.0602,46.21167],[9.05971,46.21134],[9.05815,46.21146],[9.05725,46.21222],[9.05591,46.21239],[9.05284,46.21341],[9.05124,46.21434],[9.04942,46.21452],[9.04894,46.21479],[9.04773,46.21506],[9.04416,46.21478],[9.04298,46.21489],[9.03874,46.21591]],[[9.13074,46.17993],[9.12954,46.18057],[9.12798,46.1818],[9.12699,46.18169],[9.12586,46.18116],[9.12502,46.18102],[9.12403,46.18186],[9.12357,46.18199],[9.12264,46.18183],[9.11952,46.18269],[9.11859,46.18326],[9.11741,46.18361],[9.11509,46.18386],[9.11382,46.18368],[9.1126,46.18377],[9.11188,46.18416],[9.11059,46.18443],[9.1096,46.18486],[9.10829,46.18587],[9.10759,46.18675],[9.10678,46.18717],[9.10557,46.18852],[9.10513,46.18939],[9.10447,46.18993],[9.10454,46.19064],[9.10368,46.19177],[9.10337,46.1928],[9.10233,46.19348],[9.10104,46.19369],[9.10056,46.19419],[9.09983,46.19449],[9.09949,46.19619],[9.09868,46.19708],[9.09788,46.19747],[9.09675,46.19767],[9.09604,46.19887],[9.09455,46.19983],[9.09358,46.20017],[9.09336,46.20051],[9.09226,46.20066],[9.09214,46.20088],[9.0906,46.20156],[9.09014,46.20159],[9.08956,46.20196],[9.08905,46.20196],[9.08843,46.20238],[9.0861,46.20328],[9.08462,46.20353],[9.08402,46.20352],[9.08349,46.20329],[9.08296,46.20341],[9.08198,46.20413],[9.08181,46.20462]]]}},{"type":"Feature","properties":{"id":"gorduno-ti","c":"TI","p":"patent","q":"derived","k":"river"},"geometry":{"type":"LineString","coordinates":[[8.96237,46.22191],[8.96381,46.22143],[8.96505,46.22126],[8.9669,46.22043],[8.96894,46.21933],[8.96948,46.2187],[8.97098,46.21874],[8.9732,46.21821],[8.97471,46.21846],[8.97651,46.21802],[8.97817,46.21894],[8.98017,46.21851],[8.98055,46.21854],[8.98126,46.21906],[8.9828,46.21881],[8.9858,46.21909],[8.98642,46.21928],[8.987,46.2199],[8.98778,46.22009],[8.98931,46.21876],[8.99056,46.21888],[8.99286,46.21762],[8.99334,46.21766],[8.99409,46.21817],[8.99469,46.21832],[8.99536,46.2179],[8.99585,46.21783],[9.00133,46.21851],[9.00384,46.21855],[9.00438,46.21847],[9.00425,46.21801],[9.00465,46.21778],[9.00566,46.21785],[9.00639,46.21831],[9.0075,46.21857],[9.00889,46.21812],[9.00937,46.21808],[9.00971,46.21832],[9.01089,46.21796],[9.01183,46.21796],[9.01613,46.21718],[9.01656,46.21661],[9.01702,46.21643],[9.01789,46.21649],[9.01887,46.21617],[9.01956,46.21636],[9.02048,46.21611],[9.02308,46.21674],[9.02404,46.21675],[9.02513,46.21646],[9.0259,46.21578],[9.02777,46.21543],[9.02913,46.21552],[9.03038,46.21517],[9.03303,46.21618],[9.0342,46.21637],[9.03617,46.21525],[9.03766,46.21508],[9.03817,46.2148]]}},{"type":"Feature","properties":{"id":"torrente-di-varod-ti","c":"TI","p":"patent","q":"derived","k":"river"},"geometry":{"type":"LineString","coordinates":[[9.00862,46.04425],[9.00676,46.04462],[9.00589,46.04446],[9.00502,46.04468],[9.00446,46.04506],[9.00355,46.04524],[9.00159,46.04437],[8.99927,46.04403],[8.99807,46.04437],[8.99615,46.04426],[8.99471,46.04353],[8.99341,46.04327],[8.99221,46.04381],[8.99049,46.04385],[8.98987,46.04429],[8.98948,46.04431],[8.98721,46.04308],[8.98457,46.04342],[8.98347,46.04274],[8.98007,46.04174],[8.97956,46.04128],[8.97898,46.04111],[8.97871,46.03983],[8.97735,46.03945],[8.9753,46.03968],[8.97434,46.04021],[8.97256,46.04023]]}},{"type":"Feature","properties":{"id":"torrente-di-dino-ti","c":"TI","p":"patent","q":"derived","k":"river"},"geometry":{"type":"MultiLineString","coordinates":[[[9.0009,46.05925],[8.99874,46.0588],[8.99777,46.05811],[8.99708,46.058],[8.99627,46.05816],[8.99593,46.0578],[8.99535,46.05778],[8.99521,46.05727],[8.9949,46.05704],[8.99352,46.05651],[8.99259,46.05546],[8.99142,46.05566],[8.98967,46.05432],[8.98983,46.05402],[8.98962,46.05334],[8.9887,46.0529],[8.98903,46.05201],[8.98851,46.0521],[8.98777,46.05167],[8.98629,46.05214],[8.98544,46.05173],[8.98512,46.05103],[8.98446,46.05115],[8.98416,46.05062],[8.98267,46.05035],[8.98231,46.04959],[8.98099,46.04898],[8.97985,46.04873],[8.97871,46.0481],[8.97763,46.04785],[8.97675,46.04803],[8.9752,46.04793],[8.97243,46.04589],[8.972,46.04527]],[[9.0453,46.06365],[9.04414,46.06364],[9.04282,46.06299],[9.03932,46.06252],[9.03641,46.06328],[9.03276,46.06393],[9.03241,46.06426],[9.03145,46.06452],[9.03008,46.0656],[9.02875,46.06603],[9.02827,46.06635],[9.02665,46.06633],[9.02572,46.06578],[9.02316,46.06568],[9.02156,46.06579],[9.02069,46.06597],[9.02016,46.06641],[9.01912,46.06649],[9.01843,46.06611],[9.0176,46.06624],[9.01696,46.06601],[9.01544,46.06602],[9.01323,46.06553],[9.01274,46.06499],[9.01177,46.06488],[9.01115,46.06422],[9.00973,46.06354],[9.00885,46.06357],[9.00806,46.06429],[9.00639,46.06413],[9.00568,46.0636],[9.00523,46.06349],[9.00491,46.06292],[9.00429,46.06286],[9.00401,46.06233],[9.0035,46.06208],[9.00359,46.06143],[9.00314,46.06117],[9.00347,46.0605],[9.00305,46.05992],[9.00256,46.05973],[9.0021,46.05994],[9.00112,46.05952]]]}},{"type":"Feature","properties":{"id":"capriasca-ti","c":"TI","p":"patent","q":"derived","k":"river"},"geometry":{"type":"LineString","coordinates":[[8.95622,46.0985],[8.95825,46.09848],[8.95998,46.09809],[8.9618,46.09897],[8.96228,46.09899],[8.96324,46.09956],[8.96437,46.09958],[8.96508,46.09926],[8.96545,46.09811],[8.9662,46.0976],[8.96617,46.09639],[8.96672,46.09599],[8.96626,46.09527],[8.96665,46.09461],[8.9668,46.09356],[8.96742,46.09284],[8.96798,46.0927],[8.96841,46.09144],[8.96855,46.09048],[8.96758,46.08894],[8.96758,46.08834],[8.96803,46.08768],[8.96905,46.08701],[8.96917,46.08662],[8.96917,46.08585],[8.96849,46.08497],[8.9686,46.08358],[8.9692,46.08245],[8.96894,46.08178],[8.96828,46.08125],[8.96896,46.0799],[8.96865,46.07833],[8.96903,46.078],[8.96934,46.07714],[8.96799,46.07555],[8.96828,46.07382],[8.96796,46.07312],[8.96739,46.0726],[8.96708,46.07165],[8.96723,46.07034],[8.96789,46.07053],[8.96808,46.07042],[8.96801,46.06878],[8.96725,46.06762],[8.96767,46.06706],[8.96863,46.06749],[8.96972,46.06672],[8.9695,46.06555],[8.96989,46.0652],[8.97019,46.06514],[8.97076,46.06534],[8.97248,46.06484],[8.97283,46.06446],[8.97272,46.06422],[8.97328,46.06421],[8.97426,46.06356],[8.97426,46.06321],[8.97457,46.0629],[8.97451,46.062],[8.97501,46.06134],[8.97569,46.06127],[8.97644,46.06058],[8.97735,46.0606]]}},{"type":"Feature","properties":{"id":"fiume-bello-ti","c":"TI","p":"patent","q":"derived","k":"river"},"geometry":{"type":"LineString","coordinates":[[9.00974,46.10353],[9.00905,46.10288],[9.00622,46.10112],[9.0058,46.10036],[9.00368,46.09856],[9.00425,46.09802],[9.00446,46.09726],[9.00379,46.09682],[9.00369,46.09647],[9.00398,46.09601],[9.00372,46.09552],[9.00414,46.09523],[9.00426,46.09465],[9.00385,46.09324],[9.00326,46.09253],[9.00345,46.09095],[9.00339,46.09072],[9.00243,46.09035],[9.00149,46.08956],[9.00102,46.08815],[9.00146,46.08764],[9.00141,46.08713],[9.00186,46.08635],[9.00187,46.0854],[9.00262,46.0848],[9.00319,46.08371],[9.00426,46.0831],[9.00487,46.08054],[9.00572,46.07871],[9.00718,46.07785],[9.00737,46.07745]]}},{"type":"Feature","properties":{"id":"scareglia-ti","c":"TI","p":"patent","q":"derived","k":"river"},"geometry":{"type":"LineString","coordinates":[[9.01594,46.10826],[9.01759,46.10842],[9.02028,46.10814],[9.02117,46.10765],[9.02224,46.10639],[9.02304,46.10621],[9.02491,46.10517],[9.02592,46.1051],[9.02836,46.1033],[9.02888,46.10147],[9.02929,46.09862],[9.02965,46.09822],[9.03053,46.09784],[9.0305,46.09734],[9.03096,46.09624],[9.03151,46.096],[9.0321,46.09484],[9.03224,46.09338],[9.03302,46.09302],[9.03317,46.09267],[9.03328,46.09165],[9.03286,46.091],[9.03314,46.08992],[9.03286,46.08862],[9.03382,46.08775],[9.03331,46.08666],[9.03412,46.08551],[9.03441,46.08386],[9.03374,46.08322]]}},{"type":"Feature","properties":{"id":"riale-marda-ti","c":"TI","p":"patent","q":"derived","k":"river"},"geometry":{"type":"LineString","coordinates":[[9.07573,46.06805],[9.07486,46.06813],[9.07403,46.06849],[9.07334,46.06949],[9.07274,46.06984],[9.07174,46.07102],[9.07085,46.07154],[9.0698,46.07305],[9.06779,46.07483],[9.06604,46.07506],[9.06467,46.07578],[9.06397,46.07671],[9.06288,46.07747],[9.0619,46.07955],[9.06201,46.08009],[9.0614,46.08061],[9.06079,46.08086],[9.05984,46.08081],[9.05943,46.08095],[9.05881,46.0813],[9.0584,46.08201],[9.05728,46.08223],[9.05688,46.08255],[9.0563,46.08269],[9.055,46.0839],[9.05448,46.08413],[9.05409,46.08496],[9.05173,46.08581],[9.04904,46.08712]]}},{"type":"Feature","properties":{"id":"giapelon-ti","c":"TI","p":"patent","q":"derived","k":"river"},"geometry":{"type":"LineString","coordinates":[[9.0671,46.11498],[9.06342,46.11229],[9.06233,46.11059],[9.06095,46.10969],[9.05985,46.10761],[9.05726,46.106],[9.05717,46.10566],[9.05742,46.10537],[9.05827,46.10507],[9.0596,46.1038],[9.05971,46.10301],[9.05921,46.10194],[9.05973,46.10105],[9.05967,46.10058],[9.06011,46.10018],[9.05976,46.09914],[9.05981,46.09835],[9.05998,46.09775],[9.0608,46.09698],[9.05942,46.09501],[9.05868,46.09475],[9.05855,46.09437],[9.05879,46.09357],[9.05842,46.09316],[9.05859,46.09213],[9.05834,46.09145],[9.05676,46.09062],[9.05645,46.08985],[9.05529,46.08964],[9.05517,46.08947]]}},{"type":"Feature","properties":{"id":"riale-pincascia-ti","c":"TI","p":"patent","q":"derived","k":"river"},"geometry":{"type":"LineString","coordinates":[[8.90181,46.30028],[8.90079,46.29926],[8.89994,46.29897],[8.89807,46.29706],[8.89701,46.2965],[8.89631,46.29576],[8.89613,46.29513],[8.89501,46.2947],[8.89468,46.2943],[8.89403,46.29421],[8.89251,46.29348],[8.89144,46.29326],[8.8906,46.29274],[8.88966,46.29143],[8.88767,46.28983],[8.88793,46.28863],[8.88596,46.28716],[8.8854,46.28647],[8.88356,46.28535],[8.88312,46.28473],[8.88081,46.28382],[8.87922,46.28275],[8.87817,46.28285],[8.87789,46.28236],[8.87666,46.28138],[8.87618,46.28121],[8.875,46.28119],[8.87281,46.27968],[8.86893,46.27789],[8.86683,46.27647],[8.86563,46.27614],[8.86428,46.27632],[8.86267,46.27572],[8.86137,46.27594],[8.85923,46.2751],[8.85834,46.27519],[8.85694,46.27497]]}},{"type":"Feature","properties":{"id":"riale-d-origlio-ti","c":"TI","p":"patent","q":"derived","k":"river"},"geometry":{"type":"MultiLineString","coordinates":[[[8.94361,46.05237],[8.94368,46.05333],[8.94524,46.05468],[8.94564,46.05628],[8.94485,46.05747],[8.94346,46.05862],[8.94299,46.0588],[8.94345,46.05936],[8.94281,46.05968],[8.94254,46.06032],[8.94216,46.06002],[8.94176,46.06054],[8.94165,46.06136],[8.94123,46.06131],[8.94039,46.06214],[8.93983,46.06217],[8.93934,46.06335],[8.93892,46.06334],[8.93854,46.06363],[8.93779,46.06358],[8.93664,46.06434],[8.93561,46.06394],[8.93552,46.06425],[8.93463,46.06497],[8.93344,46.06491]],[[8.96022,46.0506],[8.95691,46.05052],[8.95271,46.04968],[8.95174,46.04973],[8.94941,46.04944],[8.94926,46.0496],[8.94798,46.04925],[8.94741,46.04948],[8.94328,46.04974]]]}},{"type":"Feature","properties":{"id":"val-cusella-ti","c":"TI","p":"patent","q":"derived","k":"river"},"geometry":{"type":"LineString","coordinates":[[8.8745,46.09962],[8.87557,46.09925],[8.87714,46.09793],[8.87765,46.09774],[8.87779,46.09634],[8.87751,46.09554],[8.87775,46.09516],[8.88108,46.0942],[8.88248,46.0928],[8.8846,46.09307],[8.88612,46.09294],[8.8866,46.0927],[8.88646,46.09237],[8.88675,46.0919],[8.88824,46.09148],[8.88863,46.09109],[8.8897,46.09107],[8.88994,46.09053],[8.89115,46.09073],[8.89193,46.08971],[8.89223,46.0898],[8.89293,46.08956],[8.89358,46.08999],[8.89417,46.09001],[8.89508,46.08931],[8.89637,46.08872],[8.89633,46.08818],[8.8976,46.08807],[8.89801,46.08789],[8.89937,46.08668],[8.89984,46.08579],[8.90039,46.08546],[8.90388,46.08515],[8.90475,46.0845],[8.90539,46.0849],[8.90605,46.0845],[8.90684,46.08465],[8.90792,46.08446],[8.90831,46.08395],[8.90885,46.08438],[8.90933,46.08421],[8.91011,46.08433],[8.91048,46.08397],[8.91119,46.08388],[8.91206,46.08339],[8.91353,46.08313],[8.91412,46.08281],[8.91465,46.08308],[8.91543,46.0844],[8.91727,46.08475],[8.9205,46.08474],[8.92117,46.0846],[8.92197,46.08416],[8.92212,46.08363]]}},{"type":"Feature","properties":{"id":"duragno-ti","c":"TI","p":"patent","q":"derived","k":"river"},"geometry":{"type":"MultiLineString","coordinates":[[[8.88481,46.10442],[8.88753,46.10421],[8.89039,46.10362],[8.8909,46.10368],[8.8917,46.10337],[8.89343,46.10335],[8.89413,46.10305],[8.89488,46.10324],[8.89783,46.10332],[8.8995,46.10362],[8.90102,46.10356],[8.90206,46.10331],[8.90471,46.1035],[8.90627,46.10304],[8.90751,46.10302],[8.90766,46.10233],[8.90939,46.10107],[8.90971,46.10019],[8.91059,46.09991],[8.911,46.09955],[8.911,46.0989],[8.91147,46.0978],[8.91121,46.09703],[8.91217,46.09631],[8.91215,46.09564],[8.91291,46.09505],[8.91391,46.09476],[8.91391,46.09441],[8.91491,46.09438],[8.91505,46.09397],[8.91567,46.09411],[8.91656,46.09363],[8.91758,46.09274],[8.91841,46.09238],[8.92012,46.09108],[8.9225,46.09036]],[[8.923,46.09025],[8.92441,46.08972]]]}},{"type":"Feature","properties":{"id":"leguana-ti","c":"TI","p":"patent","q":"derived","k":"river"},"geometry":{"type":"MultiLineString","coordinates":[[[8.91371,46.13799],[8.91262,46.13833],[8.91185,46.13829],[8.91148,46.13801],[8.9113,46.1375],[8.91273,46.13702],[8.91316,46.13708],[8.91346,46.13648],[8.91428,46.13607],[8.9142,46.13519],[8.91448,46.13487],[8.91519,46.13442],[8.91641,46.13429],[8.91688,46.13345],[8.91766,46.13307]],[[8.9179,46.13282],[8.9186,46.13166],[8.92238,46.12849],[8.92439,46.12517],[8.92507,46.12495],[8.92659,46.12275],[8.92661,46.12254],[8.92611,46.12229],[8.92618,46.12199],[8.92806,46.12029],[8.92883,46.11907],[8.92896,46.11743],[8.92946,46.11664],[8.92936,46.1158],[8.93017,46.11418],[8.92994,46.11215],[8.93111,46.10932],[8.93144,46.10788],[8.93171,46.10519],[8.93162,46.10349]]]}},{"type":"Feature","properties":{"id":"serdena-ti","c":"TI","p":"patent","q":"derived","k":"river"},"geometry":{"type":"LineString","coordinates":[[9.07136,46.12368],[9.0691,46.12355],[9.06793,46.12367],[9.0662,46.12527],[9.06448,46.12557],[9.06295,46.12511],[9.06177,46.12362],[9.06086,46.12336],[9.05945,46.12326],[9.05817,46.12244],[9.0561,46.12193],[9.05239,46.1195],[9.05032,46.11911],[9.04991,46.11888],[9.04986,46.11852],[9.04897,46.11811],[9.04676,46.11787],[9.04611,46.11795],[9.04491,46.11821],[9.04414,46.11875],[9.04283,46.11909],[9.04186,46.12011],[9.04111,46.12042],[9.04043,46.12128],[9.03803,46.12268],[9.03802,46.12307],[9.03762,46.12334],[9.0354,46.12389],[9.03427,46.12369],[9.03362,46.1233],[9.03213,46.12318],[9.03118,46.12377],[9.03115,46.12421],[9.03054,46.12443],[9.03015,46.12503],[9.02731,46.12507],[9.02606,46.12556],[9.02501,46.12575],[9.02352,46.12681],[9.02264,46.12684],[9.02032,46.12747],[9.01957,46.12741],[9.01901,46.12693],[9.0185,46.12689],[9.01769,46.12716],[9.01753,46.12749],[9.01674,46.12803],[9.01561,46.12806],[9.01476,46.12854],[9.01392,46.12864],[9.01267,46.12941],[9.01194,46.12955],[9.01159,46.12989],[9.01077,46.1301],[9.00994,46.12998],[9.00854,46.13101],[9.00559,46.13213],[9.00516,46.13248],[9.00466,46.13254],[9.00383,46.13298],[9.0035,46.13332],[9.00199,46.1339],[9.00151,46.13399],[9.00045,46.13368],[8.99964,46.13382]]}},{"type":"Feature","properties":{"id":"torrente-giona-ti","c":"TI","p":"patent","q":"derived","k":"river"},"geometry":{"type":"LineString","coordinates":[[8.8644,46.09932],[8.86283,46.09852],[8.86199,46.09775],[8.86022,46.09756],[8.85857,46.09797],[8.85725,46.09792],[8.85682,46.09828],[8.85521,46.09841],[8.85503,46.09869],[8.85427,46.09905],[8.85271,46.09865],[8.85153,46.09862],[8.85085,46.09834],[8.85038,46.0984],[8.84925,46.09805],[8.84843,46.09802],[8.84809,46.0982],[8.84673,46.09828],[8.84635,46.09845],[8.84573,46.09802],[8.84531,46.09822],[8.84407,46.09815],[8.8434,46.0985],[8.8435,46.09921],[8.84176,46.09905],[8.84147,46.09893],[8.8412,46.09791],[8.84083,46.09779],[8.84045,46.09794],[8.83927,46.09795],[8.83851,46.09776],[8.8371,46.09713],[8.8362,46.09628],[8.83496,46.0956],[8.83492,46.09514],[8.83436,46.09465],[8.83436,46.09431],[8.83368,46.09372],[8.83323,46.09361],[8.83339,46.09247],[8.83282,46.09227],[8.83214,46.09232],[8.83174,46.09187],[8.83059,46.09188],[8.8295,46.09119],[8.82944,46.09076],[8.82863,46.09049],[8.82839,46.08993],[8.82705,46.08983],[8.82505,46.08891]]}},{"type":"Feature","properties":{"id":"riale-di-cedullo-ti","c":"TI","p":"patent","q":"derived","k":"river"},"geometry":{"type":"LineString","coordinates":[[8.82505,46.11161],[8.82052,46.11186],[8.81744,46.11129],[8.81446,46.1116],[8.81368,46.11139],[8.81298,46.11142],[8.81259,46.11111],[8.81076,46.11217],[8.81001,46.11292],[8.80993,46.11365],[8.81024,46.11435],[8.81073,46.11465],[8.81138,46.11623],[8.81089,46.11712],[8.811,46.11759],[8.81043,46.11813],[8.81073,46.11935],[8.81028,46.11983],[8.81015,46.12039],[8.81052,46.12077],[8.80976,46.12139],[8.81017,46.12203],[8.80906,46.12238],[8.80884,46.12298],[8.8089,46.12412],[8.8085,46.12458],[8.80722,46.12508],[8.80649,46.12566],[8.80678,46.12736],[8.80587,46.1277],[8.80564,46.12826],[8.80453,46.12895],[8.80444,46.12933],[8.80289,46.12982],[8.80231,46.13026],[8.80124,46.13019],[8.79932,46.13073]]}},{"type":"Feature","properties":{"id":"torrente-di-derbor-ti","c":"TI","p":"patent","q":"derived","k":"river"},"geometry":{"type":"LineString","coordinates":[[8.83026,46.11558],[8.83092,46.11715],[8.83088,46.11772],[8.83016,46.11835],[8.8304,46.11904],[8.83028,46.11952],[8.82833,46.12078],[8.82779,46.12211],[8.82787,46.12268],[8.82743,46.12304],[8.82666,46.12307],[8.82614,46.12404],[8.826,46.12485],[8.82479,46.12572],[8.82482,46.12624],[8.82391,46.1275],[8.82224,46.12897],[8.82238,46.13011],[8.82269,46.13029],[8.82248,46.1308],[8.82176,46.13131],[8.82057,46.13172],[8.82002,46.1322],[8.81794,46.13515],[8.81792,46.13574],[8.81524,46.13632],[8.81447,46.13776]]}},{"type":"Feature","properties":{"id":"riale-di-vira-ti","c":"TI","p":"patent","q":"derived","k":"river"},"geometry":{"type":"LineString","coordinates":[[8.86166,46.10812],[8.86129,46.10874],[8.86111,46.11074],[8.86083,46.11141],[8.85968,46.11125],[8.85928,46.11189],[8.8586,46.11193],[8.85825,46.11228],[8.85767,46.11233],[8.85746,46.11291],[8.8569,46.1131],[8.85684,46.11383],[8.85641,46.11419],[8.85624,46.11485],[8.85529,46.11607],[8.85412,46.11603],[8.85312,46.11688],[8.85299,46.11752],[8.85245,46.11816],[8.85153,46.11886],[8.85087,46.11855],[8.85062,46.11867],[8.85019,46.11941],[8.85041,46.12025],[8.84989,46.12107],[8.84995,46.12146],[8.84958,46.12168],[8.84962,46.12194],[8.84835,46.12264],[8.84949,46.12442],[8.8494,46.12511],[8.84821,46.12509],[8.84783,46.12571],[8.84813,46.12618],[8.84741,46.12654],[8.84743,46.12708],[8.84691,46.1283],[8.84641,46.12832],[8.84577,46.12877],[8.84587,46.12964],[8.84522,46.13039],[8.84476,46.13143],[8.84419,46.13173],[8.84383,46.13233],[8.84504,46.133],[8.84505,46.13405],[8.84648,46.13486],[8.8471,46.13562],[8.84735,46.13632],[8.84725,46.13707],[8.84663,46.13814],[8.84673,46.1386],[8.84596,46.13944],[8.8461,46.14005],[8.84513,46.14102],[8.84455,46.14093],[8.84304,46.14122],[8.84282,46.14216],[8.84223,46.14243],[8.83895,46.14309]]}},{"type":"Feature","properties":{"id":"canale-a-ti","c":"TI","p":"patent","q":"derived","k":"river"},"geometry":{"type":"LineString","coordinates":[[8.97878,46.1576],[8.97842,46.15769],[8.97743,46.15736],[8.96782,46.15358],[8.96695,46.15397],[8.9634,46.15259],[8.95301,46.15284],[8.94964,46.1544],[8.94784,46.15589],[8.94713,46.15623],[8.94002,46.1561],[8.92996,46.16021],[8.9197,46.16016],[8.9154,46.16178]]}},{"type":"Feature","properties":{"id":"trodo-ti","c":"TI","p":"patent","q":"derived","k":"river"},"geometry":{"type":"LineString","coordinates":[[8.87192,46.10876],[8.87366,46.10989],[8.87449,46.11247],[8.87561,46.11444],[8.87621,46.11606],[8.87905,46.11893],[8.87936,46.11972],[8.88104,46.12145],[8.8829,46.1242],[8.88434,46.12526],[8.88431,46.12567],[8.8848,46.12597],[8.88436,46.12683],[8.88605,46.1279],[8.88589,46.12896],[8.88649,46.12923],[8.88618,46.1299],[8.88743,46.13092],[8.88832,46.13087],[8.88891,46.13125],[8.88968,46.13122],[8.88998,46.13153],[8.89064,46.13146],[8.89158,46.13199],[8.8917,46.13247],[8.89133,46.13335],[8.8916,46.13381],[8.89114,46.13429],[8.89207,46.13492],[8.89195,46.13555],[8.89231,46.136],[8.8927,46.13603],[8.89354,46.13799],[8.89411,46.13811],[8.89404,46.1396],[8.89451,46.14004],[8.89407,46.14041],[8.89403,46.14093],[8.8949,46.14123],[8.89459,46.14178],[8.8947,46.142],[8.89599,46.14251],[8.89615,46.14308],[8.89609,46.14329],[8.89556,46.14349],[8.89553,46.14403],[8.89611,46.14457],[8.89623,46.14511],[8.89675,46.14535],[8.89723,46.14578],[8.89717,46.14602],[8.89768,46.1463],[8.89774,46.14692],[8.89752,46.14732],[8.89792,46.14833],[8.89768,46.1494],[8.89171,46.15863]]}},{"type":"Feature","properties":{"id":"riale-ravanesco-ti","c":"TI","p":"patent","q":"derived","k":"river"},"geometry":{"type":"LineString","coordinates":[[8.93417,46.13589],[8.93423,46.13653],[8.93297,46.13767],[8.93295,46.13805],[8.93189,46.13922],[8.92892,46.1397],[8.9281,46.14097],[8.92824,46.14231],[8.92702,46.14452],[8.92742,46.14514],[8.92726,46.14565],[8.92774,46.14683],[8.92712,46.14806],[8.92733,46.14834],[8.92736,46.14991],[8.92112,46.15004],[8.91614,46.15145],[8.91285,46.15501],[8.91276,46.15677],[8.90996,46.1573],[8.90671,46.15937]]}},{"type":"Feature","properties":{"id":"isolone-ti","c":"TI","p":"patent","q":"derived","k":"river"},"geometry":{"type":"LineString","coordinates":[[8.90244,46.16304],[8.897,46.16171],[8.88247,46.15898],[8.87605,46.15819],[8.86313,46.15728]]}},{"type":"Feature","properties":{"id":"canale-principale-sponda-destra-ti","c":"TI","p":"patent","q":"derived","k":"river"},"geometry":{"type":"MultiLineString","coordinates":[[[8.87251,46.16685],[8.87123,46.16675],[8.86869,46.16581],[8.86636,46.16545],[8.86581,46.16518],[8.86556,46.16457],[8.86481,46.16425]],[[8.91986,46.16895],[8.91255,46.16763],[8.90738,46.16649],[8.87271,46.16682]]]}},{"type":"Feature","properties":{"id":"riale-carcale-ti","c":"TI","p":"patent","q":"derived","k":"river"},"geometry":{"type":"LineString","coordinates":[[8.889,46.20165],[8.8881,46.20089],[8.88691,46.20026],[8.88497,46.19824],[8.88548,46.1964],[8.88534,46.19569],[8.88597,46.1955],[8.88585,46.19466],[8.88683,46.19368],[8.88625,46.19243],[8.88549,46.19175],[8.88272,46.19048],[8.88188,46.1899],[8.88149,46.18935],[8.88064,46.18936],[8.88034,46.18899],[8.88037,46.1877],[8.8797,46.18721],[8.87991,46.18644],[8.87912,46.18523],[8.87915,46.18483],[8.8788,46.18472],[8.87831,46.18488],[8.87779,46.1844],[8.87734,46.18437],[8.87718,46.18357],[8.8766,46.18347],[8.8756,46.18247],[8.87382,46.18174],[8.87185,46.18047],[8.87157,46.18046],[8.87042,46.17945],[8.86977,46.17856],[8.86926,46.17678],[8.86878,46.16597]]}},{"type":"Feature","properties":{"id":"canale-di-riazzino-ti","c":"TI","p":"patent","q":"derived","k":"river"},"geometry":{"type":"LineString","coordinates":[[8.90569,46.19915],[8.90449,46.19753],[8.90343,46.19672],[8.903,46.19605],[8.90147,46.19582],[8.89976,46.19485],[8.89992,46.19369],[8.89946,46.1935],[8.89931,46.19315],[8.89937,46.19198],[8.89972,46.19167],[8.89996,46.19081],[8.89955,46.19002],[8.89979,46.18961],[8.89868,46.188],[8.89862,46.18679],[8.89928,46.18634],[8.89902,46.18579],[8.8994,46.18538],[8.89947,46.18491],[8.899,46.18433],[8.89916,46.18411],[8.89896,46.18281],[8.89803,46.1825],[8.89805,46.18186],[8.89754,46.18092],[8.89811,46.18048],[8.89808,46.17956],[8.8985,46.17847],[8.8982,46.17766],[8.89883,46.17714],[8.89853,46.17624],[8.89902,46.17447],[8.89971,46.17318],[8.90091,46.17266],[8.90086,46.17231],[8.89816,46.17139],[8.88959,46.17295],[8.88698,46.17223],[8.8804,46.17338],[8.88012,46.17331],[8.87685,46.16983],[8.87651,46.16879],[8.87451,46.16742],[8.87251,46.16685]]}},{"type":"Feature","properties":{"id":"verzasca-ti","c":"TI","p":"patent","q":"derived","k":"river"},"geometry":{"type":"MultiLineString","coordinates":[[[8.74393,46.39915],[8.74427,46.39763],[8.74465,46.39706],[8.74433,46.39659],[8.74473,46.39611],[8.74474,46.39532],[8.74505,46.39462],[8.74437,46.39412],[8.74424,46.3931],[8.74318,46.39276],[8.74276,46.39233],[8.74273,46.39183],[8.74515,46.3904],[8.74565,46.38968],[8.74997,46.38825],[8.75076,46.38818],[8.75118,46.38752],[8.7524,46.38735],[8.75298,46.38697],[8.75322,46.38648],[8.754,46.38619],[8.75446,46.38566],[8.75579,46.38535],[8.75628,46.38488],[8.7568,46.38477],[8.75725,46.38426],[8.75817,46.38412],[8.75858,46.38361],[8.75988,46.38331],[8.76137,46.38351],[8.76256,46.38258],[8.76441,46.38303],[8.76563,46.38286],[8.76604,46.38257],[8.76602,46.38201],[8.76632,46.3819],[8.76707,46.38212],[8.76813,46.38196],[8.76856,46.38207],[8.76965,46.38174],[8.77185,46.3819],[8.77242,46.3816],[8.77356,46.38175],[8.77453,46.38138],[8.77528,46.38153],[8.7756,46.38228],[8.77625,46.38194],[8.77743,46.38169],[8.77924,46.38199],[8.78142,46.38185],[8.78292,46.38216],[8.78359,46.38205],[8.78446,46.38218],[8.78568,46.38172],[8.78664,46.38107],[8.78896,46.3812],[8.7917,46.38031],[8.79207,46.37999],[8.79311,46.37998],[8.7951,46.37863],[8.79661,46.37829],[8.79714,46.37706],[8.79815,46.37646],[8.79856,46.37542],[8.79874,46.3738],[8.79917,46.37324],[8.79882,46.37208],[8.79911,46.3702],[8.79899,46.36947],[8.80011,46.36778],[8.8003,46.3669],[8.79912,46.36573],[8.79724,46.36475],[8.79647,46.36412],[8.79622,46.36184],[8.79564,46.36116],[8.79515,46.35984],[8.79373,46.35875],[8.79268,46.35727],[8.79232,46.35585],[8.79245,46.35543],[8.79068,46.35354],[8.79047,46.35135],[8.78929,46.34922],[8.78947,46.3485],[8.79068,46.34764],[8.79163,46.34615],[8.79262,46.34534],[8.7932,46.345],[8.79441,46.34479],[8.79549,46.34416],[8.79752,46.34357],[8.79803,46.34317],[8.79869,46.34156],[8.80292,46.33697],[8.80357,46.33502],[8.80427,46.33397],[8.80446,46.33241],[8.80477,46.33199],[8.80444,46.33089],[8.80488,46.33044],[8.80494,46.33],[8.80442,46.3287],[8.8021,46.32608],[8.80168,46.32516],[8.80209,46.32324],[8.80271,46.32176],[8.80465,46.31884],[8.80437,46.31677],[8.80232,46.31219],[8.80113,46.31063],[8.8007,46.30947],[8.79906,46.30784],[8.79665,46.30642],[8.79598,46.305],[8.79526,46.30399],[8.79446,46.30338],[8.79405,46.3025],[8.7939,46.30064],[8.79538,46.29527],[8.79528,46.29409],[8.79489,46.29345],[8.79582,46.2925],[8.79543,46.29135],[8.79589,46.28995],[8.79714,46.28821],[8.79963,46.28654],[8.8004,46.28524],[8.80117,46.28467],[8.80137,46.28376],[8.8026,46.28216],[8.80275,46.2813],[8.80418,46.27994],[8.80464,46.27865],[8.80793,46.27645],[8.80918,46.27498],[8.81016,46.27277],[8.81292,46.27138],[8.81372,46.2702],[8.81522,46.26894],[8.81629,46.26752],[8.81803,46.26701],[8.82077,46.26548],[8.82268,46.26486],[8.82632,46.2622],[8.82802,46.26219],[8.83254,46.26117],[8.83357,46.2611],[8.83686,46.2597],[8.8379,46.25906],[8.83794,46.25825],[8.83893,46.25748],[8.84018,46.25583],[8.84261,46.25416],[8.84284,46.25341],[8.84268,46.2524],[8.84339,46.25137],[8.84371,46.25041],[8.8443,46.24995],[8.84431,46.24926],[8.84478,46.24869],[8.84541,46.24715],[8.84547,46.24529],[8.84519,46.24484]],[[8.84829,46.19635],[8.8484,46.19565],[8.848,46.19331],[8.84659,46.19264],[8.84642,46.19236],[8.84675,46.19187],[8.84665,46.19158],[8.84535,46.19114],[8.84457,46.1899],[8.84519,46.18677],[8.84583,46.18613],[8.84609,46.18533],[8.84884,46.18461],[8.84946,46.18389],[8.85036,46.18338],[8.8526,46.18305],[8.85318,46.1821],[8.85458,46.18185],[8.85649,46.18122],[8.85777,46.18051],[8.86021,46.17849],[8.86096,46.17699],[8.86096,46.17513],[8.86013,46.17352],[8.85918,46.1724],[8.85893,46.17123]]]}},{"type":"Feature","properties":{"id":"riale-della-porta-ti","c":"TI","p":"patent","q":"derived","k":"river"},"geometry":{"type":"LineString","coordinates":[[8.92254,46.23007],[8.92243,46.22937],[8.92154,46.22794],[8.92128,46.22665],[8.92067,46.22573],[8.91944,46.22527],[8.91871,46.22382],[8.91761,46.22327],[8.91687,46.222],[8.91458,46.21974],[8.91276,46.21679],[8.91137,46.21588],[8.91003,46.21571],[8.90792,46.21599],[8.90378,46.21609],[8.90178,46.21595],[8.90074,46.21609],[8.89902,46.21561],[8.89698,46.21572],[8.89391,46.21504],[8.89057,46.21509],[8.88872,46.21453],[8.88727,46.2144],[8.88242,46.2149],[8.88111,46.21525],[8.88082,46.21542],[8.88025,46.21682],[8.87701,46.21821],[8.87478,46.22016],[8.8741,46.22039],[8.87361,46.22044],[8.8714,46.21977],[8.8702,46.21986],[8.86914,46.22034],[8.86789,46.22064],[8.86683,46.22026],[8.86506,46.22031],[8.86422,46.22004]]}},{"type":"Feature","properties":{"id":"riale-di-mergoscia-ti","c":"TI","p":"patent","q":"derived","k":"river"},"geometry":{"type":"LineString","coordinates":[[8.79668,46.21255],[8.79778,46.21297],[8.79987,46.21315],[8.80479,46.21201],[8.80646,46.21203],[8.80707,46.21241],[8.80892,46.21262],[8.80963,46.21236],[8.81186,46.21242],[8.81269,46.21194],[8.81623,46.21118],[8.81802,46.21156],[8.81966,46.21137],[8.82043,46.21149],[8.82143,46.21106],[8.82224,46.21034],[8.82274,46.21016],[8.82276,46.20978],[8.8231,46.20957],[8.82425,46.20953],[8.82588,46.21],[8.82637,46.20999],[8.82714,46.20971],[8.82796,46.20893],[8.83112,46.20902],[8.83265,46.2087],[8.83404,46.20867],[8.83535,46.20835],[8.83547,46.2076],[8.83593,46.20721],[8.84195,46.20664]]}},{"type":"Feature","properties":{"id":"torrente-di-corippo-ti","c":"TI","p":"patent","q":"derived","k":"river"},"geometry":{"type":"LineString","coordinates":[[8.80367,46.2276],[8.80437,46.22773],[8.80655,46.22746],[8.80898,46.22826],[8.80935,46.22908],[8.80888,46.23013],[8.81046,46.2317],[8.81303,46.23214],[8.81396,46.23261],[8.8143,46.23314],[8.81487,46.23343],[8.81755,46.23354],[8.8187,46.23332],[8.82127,46.23336],[8.82319,46.23316],[8.8258,46.23241],[8.82756,46.23223],[8.8291,46.23149],[8.83123,46.23211],[8.83299,46.2322],[8.83402,46.23187],[8.8347,46.23193],[8.83567,46.23308],[8.83656,46.23364],[8.83699,46.23446],[8.8379,46.23523],[8.8384,46.23542],[8.84007,46.23487],[8.84116,46.23505],[8.84303,46.23465]]}},{"type":"Feature","properties":{"id":"riale-carecchio-ti","c":"TI","p":"patent","q":"derived","k":"river"},"geometry":{"type":"LineString","coordinates":[[8.91355,46.24675],[8.91291,46.24741],[8.91193,46.248],[8.91048,46.2479],[8.90922,46.24827],[8.90834,46.24883],[8.90668,46.24881],[8.90558,46.2496],[8.90471,46.24985],[8.90377,46.25123],[8.9035,46.25202],[8.90249,46.25283],[8.90109,46.25335],[8.90036,46.25391],[8.89965,46.25403],[8.89737,46.25592],[8.89646,46.25616],[8.8958,46.25672],[8.89238,46.25768],[8.89191,46.25757],[8.89109,46.25772],[8.89061,46.25796],[8.89035,46.25836],[8.88942,46.25845],[8.88893,46.25896],[8.88824,46.25899],[8.8877,46.25937],[8.88665,46.25967],[8.88417,46.2595],[8.88312,46.25924],[8.88225,46.2594],[8.88163,46.25885],[8.88016,46.25838],[8.87942,46.2585],[8.879,46.25883],[8.87826,46.25871],[8.87748,46.25894],[8.876,46.25895],[8.8741,46.25949],[8.87301,46.2593],[8.87197,46.25962],[8.87088,46.25956],[8.86855,46.26025],[8.8678,46.26027],[8.86661,46.26001],[8.86591,46.25933],[8.86532,46.25932],[8.86472,46.25946],[8.86343,46.26033],[8.86249,46.26055],[8.86169,46.26053],[8.86026,46.25951],[8.85987,46.25942],[8.85798,46.25983],[8.85741,46.26087],[8.85551,46.26171],[8.85519,46.26216],[8.85294,46.26321],[8.8508,46.26251],[8.84998,46.26272],[8.84898,46.26228],[8.8477,46.26239],[8.84682,46.26159],[8.84511,46.261],[8.84398,46.26106],[8.8437,46.26077],[8.84315,46.26076],[8.84245,46.25968],[8.84148,46.25909],[8.84075,46.25891],[8.83984,46.25792],[8.83893,46.25748]]}},{"type":"Feature","properties":{"id":"riale-agro-ti","c":"TI","p":"patent","q":"derived","k":"river"},"geometry":{"type":"LineString","coordinates":[[8.86747,46.31508],[8.86725,46.31488],[8.86698,46.31358],[8.86559,46.31205],[8.86537,46.31128],[8.86474,46.31055],[8.86474,46.30925],[8.86395,46.30827],[8.863,46.30612],[8.86206,46.30543],[8.86124,46.30386],[8.86033,46.30326],[8.86003,46.30236],[8.85942,46.30169],[8.85897,46.30153],[8.85878,46.30094],[8.85757,46.29986],[8.85686,46.2987],[8.85637,46.29837],[8.85634,46.29788],[8.85597,46.29736],[8.85497,46.29684],[8.85473,46.29597],[8.85398,46.29529],[8.85375,46.29455],[8.85285,46.29384],[8.85247,46.29305],[8.85187,46.29272],[8.85013,46.29066],[8.84963,46.28953],[8.84881,46.28911],[8.84892,46.28858],[8.84847,46.28731],[8.84853,46.28688],[8.84774,46.28613],[8.84732,46.28515],[8.84753,46.28463],[8.84989,46.28277],[8.84977,46.28185],[8.85225,46.28087],[8.85243,46.27949],[8.85367,46.27866],[8.85391,46.27769],[8.85375,46.27729],[8.85412,46.27678],[8.855,46.27638],[8.8562,46.27616],[8.85669,46.27577],[8.85693,46.27509],[8.85687,46.27425],[8.85645,46.27373],[8.85604,46.27336],[8.85483,46.27313],[8.85435,46.27216],[8.85475,46.27117],[8.8541,46.27027],[8.85392,46.26887],[8.85353,46.26847],[8.85406,46.26735],[8.85313,46.26635],[8.8532,46.26587],[8.85265,46.26472],[8.85353,46.26415],[8.85371,46.26373],[8.85356,46.26358],[8.85303,46.26359],[8.85294,46.26321]]}},{"type":"Feature","properties":{"id":"osura-ti","c":"TI","p":"patent","q":"derived","k":"river"},"geometry":{"type":"LineString","coordinates":[[8.70357,46.34607],[8.70406,46.3455],[8.70385,46.34487],[8.70412,46.3441],[8.70536,46.34206],[8.70662,46.33837],[8.70694,46.33799],[8.70649,46.33753],[8.70694,46.33669],[8.70677,46.33543],[8.70722,46.33453],[8.70732,46.33351],[8.70602,46.33174],[8.70659,46.33022],[8.70628,46.3295],[8.70514,46.32814],[8.70495,46.3275],[8.70516,46.32675],[8.70493,46.32608],[8.70591,46.32507],[8.70563,46.32445],[8.70603,46.32298],[8.70778,46.32178],[8.7082,46.32111],[8.70905,46.32077],[8.71015,46.32068],[8.71051,46.32034],[8.71172,46.32006],[8.71202,46.31919],[8.71303,46.31823],[8.71446,46.31824],[8.71592,46.31797],[8.71696,46.31734],[8.71841,46.3169],[8.72133,46.31682],[8.72258,46.31633],[8.72447,46.31634],[8.72728,46.31553],[8.72796,46.315],[8.72959,46.31449],[8.73069,46.31378],[8.73228,46.31381],[8.73357,46.31309],[8.73561,46.31311],[8.73716,46.31233],[8.73808,46.31237],[8.73876,46.31212],[8.73958,46.311],[8.74,46.31083],[8.74066,46.31101],[8.74112,46.31094],[8.74286,46.31],[8.74482,46.30856],[8.74544,46.30848],[8.74782,46.30907],[8.74893,46.30788],[8.74973,46.30745],[8.75145,46.30699],[8.75255,46.30638],[8.75616,46.3053],[8.7573,46.30463],[8.75767,46.30462],[8.75862,46.30499],[8.76091,46.30449],[8.76177,46.30379],[8.76482,46.30257],[8.76524,46.30209],[8.76716,46.30123],[8.77091,46.30002],[8.77194,46.30015],[8.77269,46.29999],[8.77403,46.2989],[8.77598,46.29799],[8.77702,46.29807],[8.77865,46.29767],[8.78084,46.29668],[8.78208,46.29668],[8.78404,46.29697],[8.7843,46.29659],[8.78552,46.29643],[8.78751,46.29538],[8.78923,46.29547],[8.79019,46.29515],[8.79233,46.29397],[8.7945,46.29369],[8.79489,46.29345]]}},{"type":"Feature","properties":{"id":"riale-efra-ti","c":"TI","p":"patent","q":"derived","k":"river"},"geometry":{"type":"LineString","coordinates":[[8.85023,46.34694],[8.84539,46.34414],[8.84423,46.34378],[8.84297,46.34387],[8.84191,46.34334],[8.84087,46.34324],[8.83995,46.34268],[8.83759,46.3429],[8.83669,46.34247],[8.83598,46.34245],[8.83574,46.34259],[8.83471,46.3425],[8.83358,46.34282],[8.83266,46.34277],[8.83125,46.34213],[8.83035,46.34119],[8.82913,46.34099],[8.82842,46.34062],[8.82778,46.34061],[8.82659,46.34007],[8.82531,46.3399],[8.8237,46.33899],[8.82253,46.33865],[8.82129,46.33854],[8.81951,46.33871],[8.81782,46.33814],[8.81694,46.33813],[8.81634,46.33833],[8.81426,46.33832],[8.81264,46.33801],[8.81198,46.33828],[8.80988,46.33774],[8.80812,46.33815],[8.80737,46.33784],[8.80531,46.3377],[8.80412,46.3372],[8.80373,46.33607],[8.80331,46.33583]]}},{"type":"Feature","properties":{"id":"redorta-ti","c":"TI","p":"patent","q":"derived","k":"river"},"geometry":{"type":"LineString","coordinates":[[8.73552,46.36839],[8.73596,46.36791],[8.7369,46.36744],[8.73711,46.36626],[8.73698,46.3655],[8.73719,46.36526],[8.73697,46.36387],[8.73784,46.3628],[8.73835,46.36138],[8.73972,46.36099],[8.74079,46.36042],[8.74168,46.36062],[8.74307,46.36029],[8.74318,46.35993],[8.7442,46.35963],[8.7454,46.35874],[8.74529,46.35859],[8.74572,46.35793],[8.74828,46.35692],[8.74864,46.35644],[8.74924,46.35613],[8.74982,46.35604],[8.75055,46.35508],[8.75162,46.35469],[8.75233,46.35382],[8.75382,46.35388],[8.75422,46.35319],[8.7549,46.35294],[8.75869,46.35247],[8.75992,46.35208],[8.76176,46.35212],[8.76279,46.35149],[8.76482,46.35115],[8.76582,46.35028],[8.76749,46.35014],[8.76962,46.34956],[8.77104,46.34886],[8.77186,46.34814],[8.77526,46.34815],[8.77714,46.34838],[8.78023,46.34934],[8.78124,46.34945],[8.78289,46.34905],[8.78427,46.34815],[8.78533,46.34792],[8.78834,46.34648],[8.79158,46.34602]]}},{"type":"Feature","properties":{"id":"riale-di-contra-ti","c":"TI","p":"patent","q":"derived","k":"river"},"geometry":{"type":"LineString","coordinates":[[8.8255,46.19636],[8.82535,46.1953],[8.82561,46.19447],[8.82529,46.19272],[8.82551,46.1922],[8.82845,46.19153],[8.83089,46.1895],[8.83292,46.18916],[8.83546,46.18768],[8.83672,46.18739],[8.83712,46.187],[8.83845,46.18648],[8.83942,46.18648],[8.84029,46.18627],[8.84095,46.18588],[8.84246,46.18554],[8.8428,46.18524],[8.8439,46.18489],[8.84395,46.18413],[8.84472,46.18375],[8.84542,46.18161],[8.84638,46.1808],[8.84617,46.18042],[8.84378,46.17885],[8.84262,46.17847],[8.84166,46.17757]]}},{"type":"Feature","properties":{"id":"navegna-ti","c":"TI","p":"patent","q":"derived","k":"river"},"geometry":{"type":"MultiLineString","coordinates":[[[8.79797,46.2072],[8.80143,46.20676],[8.802,46.2061],[8.80301,46.20559],[8.80523,46.20285],[8.80589,46.20144],[8.80793,46.20046],[8.80868,46.1997],[8.80968,46.1994],[8.81103,46.19841],[8.81328,46.19772],[8.81449,46.19711],[8.81549,46.19692],[8.81646,46.19577],[8.81758,46.19529],[8.81773,46.19496],[8.81836,46.19477],[8.8182,46.1943],[8.81893,46.19312],[8.82035,46.19226],[8.82098,46.19159],[8.82179,46.19136],[8.82221,46.19082],[8.82331,46.19044]],[[8.82372,46.1903],[8.82343,46.1899],[8.82333,46.18906],[8.82291,46.18849],[8.82287,46.1879],[8.82249,46.18765],[8.82225,46.18602],[8.82257,46.18575],[8.82331,46.18567],[8.82401,46.18491],[8.82409,46.18462],[8.82365,46.18396],[8.82406,46.18335],[8.82401,46.18271],[8.82449,46.18243],[8.82497,46.18102],[8.82436,46.18023],[8.82437,46.17974],[8.82476,46.17867],[8.82611,46.17718],[8.82627,46.17644],[8.82603,46.17563]]]}},{"type":"Feature","properties":{"id":"ramogna-ti","c":"TI","p":"patent","q":"derived","k":"river"},"geometry":{"type":"LineString","coordinates":[[8.78945,46.19304],[8.78982,46.19167],[8.78978,46.1912],[8.7892,46.19025],[8.78953,46.18884],[8.78874,46.18715],[8.78913,46.18607],[8.78721,46.18291],[8.78699,46.18162],[8.78676,46.1814],[8.78696,46.18036],[8.78839,46.17923],[8.78855,46.17842],[8.78961,46.17747],[8.79017,46.17624],[8.79109,46.1757],[8.79264,46.1753],[8.79552,46.17375],[8.7977,46.17199],[8.80094,46.17089]]}},{"type":"Feature","properties":{"id":"riale-brima-ti","c":"TI","p":"patent","q":"derived","k":"river"},"geometry":{"type":"MultiLineString","coordinates":[[[8.72646,46.15782],[8.72827,46.15835],[8.7286,46.15869],[8.7293,46.1589],[8.73472,46.16003],[8.73625,46.1607],[8.73759,46.16173],[8.73929,46.1623],[8.74043,46.16233],[8.7407,46.1625],[8.74157,46.16237],[8.74184,46.16267],[8.7429,46.16283],[8.74388,46.16265],[8.74442,46.16235],[8.74447,46.16212],[8.746,46.16171],[8.74757,46.16173],[8.74805,46.1615],[8.74899,46.16213],[8.75025,46.16193],[8.75129,46.1628],[8.75221,46.16269],[8.75354,46.16325],[8.75467,46.16313],[8.75514,46.16328],[8.75639,46.16311],[8.7567,46.16342],[8.75732,46.16349],[8.75832,46.16319]],[[8.76193,46.16406],[8.7628,46.16443],[8.76452,46.16432],[8.76555,46.16466],[8.76759,46.16444],[8.76817,46.16429],[8.76922,46.16333],[8.77082,46.16287],[8.77236,46.16176],[8.77637,46.1611],[8.77652,46.1592],[8.77621,46.15835],[8.77523,46.15716],[8.7742,46.15642],[8.77351,46.15525],[8.77104,46.15283]]]}},{"type":"Feature","properties":{"id":"riale-di-ponte-ti","c":"TI","p":"patent","q":"derived","k":"river"},"geometry":{"type":"LineString","coordinates":[[8.66776,46.1199],[8.66878,46.11994],[8.66936,46.11961],[8.67075,46.11956],[8.67167,46.11922],[8.67373,46.11912],[8.67501,46.11877],[8.67516,46.11826],[8.67665,46.11798],[8.67666,46.11728],[8.67702,46.11692],[8.67813,46.11655],[8.67947,46.11672],[8.68078,46.11716],[8.68313,46.11701],[8.68573,46.1166],[8.68822,46.11741],[8.68942,46.11696],[8.69119,46.11728],[8.69241,46.11676],[8.69427,46.11648],[8.69524,46.1156],[8.6963,46.11514],[8.69692,46.11507],[8.69772,46.11535],[8.69884,46.11489],[8.69988,46.115],[8.70037,46.1145],[8.70119,46.11417],[8.70412,46.1138],[8.70522,46.11311],[8.7054,46.1127],[8.70631,46.11224]]}},{"type":"Feature","properties":{"id":"riale-del-sacro-monte-ti","c":"TI","p":"patent","q":"derived","k":"river"},"geometry":{"type":"LineString","coordinates":[[8.67442,46.12997],[8.67527,46.12991],[8.67768,46.13071],[8.68004,46.13104],[8.68165,46.13148],[8.68276,46.13198],[8.68443,46.13225],[8.68509,46.13182],[8.68744,46.13128],[8.68809,46.13091],[8.68952,46.13083],[8.69147,46.12917],[8.6924,46.12863],[8.69376,46.12884],[8.69365,46.12829],[8.69409,46.12786],[8.69447,46.12692],[8.69516,46.12661],[8.6958,46.12595],[8.69641,46.12566],[8.69745,46.12549],[8.69691,46.12512],[8.69651,46.12446],[8.69695,46.12429],[8.69807,46.12434],[8.69865,46.12463],[8.69907,46.12438],[8.69886,46.1241],[8.6984,46.12403],[8.69839,46.12353],[8.69868,46.12338],[8.69812,46.12298],[8.69809,46.12258],[8.70083,46.12252],[8.70028,46.1219],[8.70128,46.12167],[8.70163,46.12226],[8.70219,46.12224],[8.70197,46.12251],[8.70217,46.12278],[8.70322,46.12299],[8.70359,46.12287],[8.70367,46.12255],[8.70433,46.12202],[8.70486,46.12195],[8.70486,46.12151],[8.70515,46.12121],[8.70616,46.12165],[8.70605,46.12102],[8.70688,46.12117],[8.7074,46.12096],[8.70791,46.12111],[8.70947,46.12059],[8.70991,46.12021],[8.71332,46.12055]]}},{"type":"Feature","properties":{"id":"ri-da-riei-ti","c":"TI","p":"patent","q":"derived","k":"river"},"geometry":{"type":"LineString","coordinates":[[8.73124,46.19977],[8.73094,46.19811],[8.73042,46.19725],[8.73025,46.19643],[8.72953,46.19543],[8.72925,46.19447],[8.72945,46.19394],[8.72924,46.19343],[8.72937,46.19205],[8.73,46.1906],[8.72983,46.19019],[8.73011,46.18933],[8.72999,46.18786],[8.73046,46.18756],[8.73054,46.18687],[8.73164,46.18612],[8.73252,46.18492],[8.73432,46.18577],[8.7354,46.18559],[8.73679,46.18583],[8.73729,46.18573],[8.73807,46.18466],[8.73815,46.18386],[8.73946,46.18243]]}},{"type":"Feature","properties":{"id":"ri-del-vo-ti","c":"TI","p":"patent","q":"derived","k":"river"},"geometry":{"type":"LineString","coordinates":[[8.67828,46.22167],[8.67861,46.22204],[8.67936,46.22223],[8.68063,46.22226],[8.68111,46.22216],[8.68128,46.22193],[8.68175,46.22029],[8.68114,46.21845],[8.68173,46.21662],[8.68138,46.21645],[8.68169,46.21588],[8.6815,46.21572],[8.68163,46.21513],[8.68123,46.21487],[8.68186,46.21437],[8.68174,46.21413],[8.68246,46.21368],[8.67883,46.20959],[8.67944,46.20943],[8.67961,46.20917],[8.67929,46.20857],[8.67927,46.20689],[8.67973,46.20644],[8.68006,46.20561],[8.67974,46.20511],[8.67992,46.20467],[8.67939,46.2043],[8.6801,46.20334],[8.67996,46.20238],[8.68068,46.20201],[8.68063,46.20051],[8.68021,46.19952],[8.68023,46.19845]]}},{"type":"Feature","properties":{"id":"bordione-ti","c":"TI","p":"patent","q":"derived","k":"river"},"geometry":{"type":"LineString","coordinates":[[8.65871,46.23016],[8.6586,46.22902],[8.66037,46.22714],[8.65997,46.22619],[8.66019,46.22537],[8.66049,46.2252],[8.6608,46.22451],[8.66058,46.22426],[8.66086,46.2237],[8.66064,46.22307],[8.66036,46.22269],[8.65986,46.22247],[8.6602,46.22014],[8.65976,46.22002],[8.65948,46.21959],[8.65966,46.21917],[8.66064,46.2188],[8.66121,46.21742],[8.66123,46.21651],[8.6608,46.21532],[8.66205,46.21463],[8.66254,46.21301],[8.66326,46.21256],[8.66444,46.21217],[8.66452,46.21154],[8.66552,46.21084],[8.66613,46.20923],[8.66719,46.20818],[8.667,46.20746],[8.66659,46.20699],[8.66521,46.20687],[8.66508,46.20664],[8.66533,46.20546],[8.66637,46.20514],[8.6668,46.20457],[8.66656,46.20412],[8.66539,46.20322],[8.66583,46.20283],[8.6654,46.20148],[8.66651,46.20094],[8.66621,46.19994],[8.66571,46.19946],[8.66592,46.19905]]}},{"type":"Feature","properties":{"id":"ribo-ti","c":"TI","p":"patent","q":"derived","k":"river"},"geometry":{"type":"LineString","coordinates":[[8.48032,46.24327],[8.48113,46.24344],[8.48204,46.2441],[8.48559,46.24366],[8.48635,46.24307],[8.4875,46.24269],[8.48763,46.24233],[8.48891,46.24148],[8.48941,46.24091],[8.49208,46.24037],[8.49266,46.24013],[8.49313,46.23958],[8.49395,46.23964],[8.49432,46.23931],[8.49522,46.23927],[8.49561,46.23876],[8.49628,46.23887],[8.49695,46.23938],[8.49899,46.23931],[8.50008,46.2394],[8.50062,46.23963],[8.50155,46.23962],[8.50172,46.23934],[8.50258,46.23898],[8.5043,46.23906],[8.50452,46.23864],[8.5049,46.23856],[8.50685,46.23898],[8.51137,46.2377],[8.51295,46.23845],[8.51399,46.23806],[8.51512,46.23812],[8.51616,46.23785],[8.51772,46.23808],[8.51839,46.23773],[8.52079,46.23787],[8.52242,46.23692],[8.52524,46.23758],[8.52625,46.23735],[8.52684,46.23773],[8.52826,46.23755],[8.52994,46.2379],[8.53262,46.23761],[8.53618,46.23693],[8.53893,46.23667],[8.54026,46.23666],[8.54301,46.23733],[8.54384,46.2372],[8.54605,46.23638],[8.54928,46.23675],[8.5498,46.23655],[8.55064,46.23664],[8.55138,46.23652],[8.55205,46.23629],[8.55279,46.23643],[8.55423,46.23628],[8.55566,46.23585],[8.55694,46.23584],[8.55828,46.23558],[8.56235,46.23386],[8.56575,46.23373],[8.56806,46.23243],[8.56907,46.23226],[8.57148,46.23224],[8.57489,46.23143],[8.58033,46.23197],[8.58448,46.23201],[8.58613,46.23186],[8.58739,46.23127],[8.58907,46.23098],[8.59044,46.23024],[8.59203,46.23007],[8.59449,46.22923],[8.59647,46.22803],[8.59735,46.22768],[8.59845,46.22755],[8.60294,46.22534],[8.60332,46.22534],[8.60392,46.22579],[8.60483,46.22572],[8.60701,46.22596],[8.6083,46.22575],[8.6096,46.2247],[8.61051,46.22429],[8.61082,46.22386],[8.61169,46.22379],[8.61237,46.22324],[8.61387,46.22304],[8.61388,46.22168],[8.61446,46.22054],[8.61452,46.2192],[8.6147,46.21892],[8.61556,46.21867],[8.61571,46.21839],[8.61532,46.21792],[8.61517,46.21629],[8.61392,46.21352],[8.61446,46.2126],[8.61404,46.21193],[8.61411,46.21043],[8.61334,46.20912],[8.61278,46.20886],[8.61246,46.20839],[8.61315,46.20734],[8.6132,46.20624],[8.61431,46.20553],[8.61467,46.20506],[8.61476,46.20444],[8.61624,46.20331],[8.61604,46.20187],[8.61681,46.20161],[8.61723,46.20095],[8.61655,46.20002],[8.61672,46.19967]]}},{"type":"Feature","properties":{"id":"ri-di-quiello-ti","c":"TI","p":"patent","q":"derived","k":"river"},"geometry":{"type":"LineString","coordinates":[[8.64373,46.22971],[8.64312,46.22926],[8.64247,46.22923],[8.64195,46.22891],[8.63955,46.22934],[8.63883,46.22921],[8.63731,46.22963],[8.63691,46.22874],[8.63603,46.22863],[8.63499,46.22804],[8.63391,46.22777],[8.6333,46.22656],[8.63145,46.22626],[8.63067,46.22547],[8.62957,46.22481],[8.62606,46.22495],[8.62562,46.22442],[8.62603,46.22393],[8.62574,46.22324],[8.62469,46.22318],[8.62339,46.2225],[8.62262,46.22258],[8.62147,46.22236],[8.61929,46.22243],[8.61881,46.22228],[8.61778,46.22255],[8.61676,46.22245],[8.6164,46.22164],[8.61602,46.22147],[8.61563,46.22154],[8.61527,46.22081],[8.61448,46.22047]]}},{"type":"Feature","properties":{"id":"ri-di-vergeletto-ti","c":"TI","p":"patent","q":"derived","k":"river"},"geometry":{"type":"LineString","coordinates":[[8.60778,46.25264],[8.60817,46.25166],[8.60778,46.25103],[8.60798,46.2504],[8.61034,46.24768],[8.6113,46.24718],[8.61317,46.24449],[8.61323,46.24385],[8.61428,46.24277],[8.6142,46.24205],[8.61466,46.24163],[8.61512,46.24065],[8.61477,46.24002],[8.61214,46.23846],[8.61133,46.23689],[8.61005,46.23649],[8.61008,46.23579],[8.60982,46.23538],[8.61,46.23449],[8.6098,46.23275],[8.60943,46.23253],[8.6079,46.23243],[8.60563,46.23102],[8.60444,46.22871],[8.60275,46.22733],[8.60238,46.2256]]}},{"type":"Feature","properties":{"id":"riale-di-fuemegn-ti","c":"TI","p":"patent","q":"derived","k":"river"},"geometry":{"type":"MultiLineString","coordinates":[[[8.5678,46.2626],[8.57047,46.26045],[8.57149,46.25914],[8.57332,46.2583],[8.57518,46.2579],[8.57711,46.25686],[8.57872,46.25641],[8.57951,46.25595],[8.58196,46.25511],[8.58339,46.25481],[8.5867,46.2524],[8.58748,46.25154],[8.5878,46.25066],[8.58845,46.24986],[8.58835,46.248],[8.58779,46.24722],[8.58761,46.24574],[8.58651,46.2448],[8.58647,46.24406],[8.58504,46.24295],[8.58379,46.24139],[8.584,46.24087],[8.58384,46.23981],[8.58418,46.23931],[8.58383,46.23835],[8.58393,46.23769]],[[8.58394,46.23725],[8.58367,46.23679],[8.58384,46.23587],[8.58338,46.23348],[8.58402,46.23231],[8.58448,46.23201]]]}},{"type":"Feature","properties":{"id":"ri-d-in-erloengh-ti","c":"TI","p":"patent","q":"derived","k":"river"},"geometry":{"type":"LineString","coordinates":[[8.55506,46.22045],[8.55596,46.22154],[8.55745,46.22221],[8.55839,46.22226],[8.55914,46.22181],[8.56103,46.21929],[8.56117,46.21849],[8.56171,46.21833],[8.56205,46.21684],[8.5631,46.21631],[8.56388,46.21559],[8.56518,46.21497],[8.5655,46.21456],[8.56625,46.21424],[8.56667,46.21382],[8.56874,46.2134],[8.57009,46.21291],[8.57082,46.21231],[8.57085,46.21179],[8.57137,46.21113],[8.57249,46.21091],[8.57431,46.20977],[8.57556,46.20818],[8.57594,46.20625],[8.5767,46.2058],[8.57743,46.20496],[8.57973,46.20465],[8.58029,46.20345],[8.5819,46.20149]]}},{"type":"Feature","properties":{"id":"riale-di-mulitt-ti","c":"TI","p":"patent","q":"derived","k":"river"},"geometry":{"type":"LineString","coordinates":[[8.66096,46.18125],[8.66366,46.18097],[8.66514,46.18142],[8.66842,46.18171],[8.66876,46.18179],[8.66939,46.18263],[8.67017,46.18284],[8.67213,46.18279],[8.67288,46.18254],[8.67436,46.18258],[8.67557,46.18188],[8.67706,46.182],[8.67782,46.1823],[8.67861,46.18217],[8.67941,46.18246],[8.68152,46.18116],[8.68169,46.18064],[8.68231,46.18057],[8.68334,46.17847],[8.68494,46.17734],[8.68704,46.17754],[8.6888,46.17807],[8.69059,46.17829],[8.69126,46.17783],[8.6914,46.17744],[8.69111,46.17695],[8.69126,46.17676],[8.69228,46.17671],[8.6945,46.17608],[8.69595,46.17639],[8.69609,46.17615],[8.69586,46.17576],[8.69695,46.17505],[8.69733,46.17456]]}},{"type":"Feature","properties":{"id":"rio-remo-ti","c":"TI","p":"patent","q":"derived","k":"river"},"geometry":{"type":"LineString","coordinates":[[8.68799,46.14789],[8.68831,46.14887],[8.68799,46.14937],[8.68838,46.14986],[8.68874,46.15104],[8.68841,46.15336],[8.68864,46.15438],[8.68936,46.15527],[8.68959,46.15699],[8.68928,46.1578],[8.69087,46.15874],[8.69073,46.15921],[8.68986,46.15917],[8.68867,46.15955],[8.68881,46.16018],[8.68789,46.16059],[8.68843,46.16129],[8.68815,46.16186],[8.68839,46.16233],[8.68801,46.16292],[8.68891,46.16338],[8.68942,46.1651],[8.68917,46.16534],[8.68791,46.1654],[8.68648,46.16594],[8.68634,46.16649],[8.68583,46.16665],[8.68566,46.16705],[8.68467,46.16741],[8.6851,46.16778],[8.68504,46.16801],[8.68264,46.16796],[8.68207,46.16831],[8.682,46.16869]]}},{"type":"Feature","properties":{"id":"ri-della-serra-ti","c":"TI","p":"patent","q":"derived","k":"river"},"geometry":{"type":"LineString","coordinates":[[8.6418,46.12932],[8.64097,46.13024],[8.64017,46.13289],[8.64032,46.13406],[8.63993,46.13454],[8.63989,46.13526],[8.63879,46.13644],[8.63893,46.1375],[8.63851,46.13793],[8.63848,46.13868],[8.63781,46.14013],[8.63777,46.14106],[8.63738,46.14159],[8.63742,46.1441],[8.63774,46.14438],[8.63822,46.14599],[8.63918,46.14641],[8.63879,46.14718],[8.64009,46.14853],[8.6416,46.1489],[8.642,46.14949],[8.64259,46.14985],[8.64266,46.15053],[8.64236,46.1511],[8.64325,46.15154],[8.64309,46.1521],[8.64363,46.1536],[8.64275,46.15468],[8.64259,46.1553],[8.64279,46.15576],[8.64256,46.15597],[8.64204,46.15599],[8.64189,46.15629],[8.64244,46.15735],[8.64219,46.15769],[8.64227,46.15818],[8.64169,46.15883],[8.64162,46.15955],[8.64096,46.15986],[8.64006,46.16111]]}},{"type":"Feature","properties":{"id":"riale-del-pizzo-leone-ti","c":"TI","p":"patent","q":"derived","k":"river"},"geometry":{"type":"LineString","coordinates":[[8.66898,46.13759],[8.66905,46.13952],[8.6693,46.13971],[8.66902,46.14066],[8.66715,46.14126],[8.66697,46.14202],[8.66649,46.14263],[8.66675,46.14395],[8.6659,46.14485],[8.66536,46.14511],[8.665,46.14571],[8.66449,46.14599],[8.66429,46.14693],[8.66216,46.14882],[8.66088,46.1491],[8.65985,46.1489],[8.65805,46.14928],[8.65666,46.14911],[8.65607,46.14943],[8.65555,46.1494],[8.65485,46.14969],[8.65386,46.14962],[8.65327,46.14996],[8.65227,46.14976],[8.65203,46.14997],[8.65195,46.15088],[8.65031,46.15104],[8.64997,46.15058],[8.64928,46.15037],[8.6484,46.15062],[8.64799,46.15132],[8.64726,46.15151],[8.64661,46.15116],[8.64583,46.15164],[8.64329,46.15111],[8.643,46.15145]]}},{"type":"Feature","properties":{"id":"riale-di-bordei-ti","c":"TI","p":"patent","q":"derived","k":"river"},"geometry":{"type":"LineString","coordinates":[[8.65585,46.12387],[8.65579,46.12463],[8.65483,46.12521],[8.65417,46.12632],[8.65323,46.12658],[8.65204,46.12742],[8.65195,46.12822],[8.65224,46.12852],[8.65234,46.12924],[8.65171,46.13003],[8.65173,46.13031],[8.65104,46.13077],[8.65086,46.13122],[8.65122,46.13186],[8.6506,46.13348],[8.65094,46.13467],[8.65059,46.13558],[8.65001,46.13613],[8.65006,46.13664],[8.64948,46.1381],[8.64954,46.13923],[8.65005,46.13991],[8.64993,46.14105],[8.64813,46.14253],[8.6481,46.14323],[8.64759,46.14369],[8.64488,46.1448],[8.6432,46.14647],[8.64218,46.14661],[8.64198,46.14697],[8.64216,46.14737],[8.64176,46.14786],[8.6416,46.1489]]}},{"type":"Feature","properties":{"id":"ri-degli-orti-ti","c":"TI","p":"patent","q":"derived","k":"river"},"geometry":{"type":"MultiLineString","coordinates":[[[8.57639,46.17103],[8.57631,46.16913],[8.57587,46.16715],[8.57616,46.16551],[8.57658,46.16531],[8.57728,46.16552],[8.57789,46.16543],[8.58111,46.16424],[8.58166,46.16379],[8.58154,46.1632],[8.58189,46.16245],[8.58447,46.16278],[8.58595,46.16211]],[[8.58805,46.16098],[8.58805,46.16072],[8.5874,46.16021],[8.58747,46.15965],[8.58781,46.15941],[8.58917,46.15904],[8.58872,46.15804],[8.58827,46.1578],[8.5882,46.15656],[8.58867,46.15647],[8.58945,46.1569],[8.59018,46.15689],[8.5915,46.15672],[8.59282,46.15619]],[[8.59416,46.15602],[8.59504,46.15576],[8.59948,46.15585],[8.60285,46.15544],[8.60334,46.15475],[8.60305,46.15412],[8.60362,46.15376]]]}},{"type":"Feature","properties":{"id":"froda-ti","c":"TI","p":"patent","q":"derived","k":"river"},"geometry":{"type":"LineString","coordinates":[[8.59391,46.17412],[8.5982,46.17217],[8.59995,46.17195],[8.60305,46.17075],[8.60351,46.17031],[8.6051,46.16987],[8.60569,46.16835],[8.6053,46.16735],[8.60619,46.16649],[8.60746,46.16582],[8.60855,46.16585],[8.61069,46.16559],[8.61163,46.16477],[8.61322,46.16419],[8.61372,46.16336],[8.6143,46.16356],[8.61522,46.16327],[8.61528,46.16247],[8.61647,46.16199],[8.6172,46.16204],[8.61782,46.1617],[8.61882,46.16044],[8.62014,46.16048],[8.62107,46.15941],[8.62292,46.15914],[8.62321,46.15865],[8.62281,46.15776],[8.62202,46.15763],[8.62224,46.15731]]}},{"type":"Feature","properties":{"id":"riale-di-moneto-ti","c":"TI","p":"patent","q":"derived","k":"river"},"geometry":{"type":"LineString","coordinates":[[8.62696,46.1268],[8.62718,46.12698],[8.62697,46.1278],[8.62491,46.12953],[8.62242,46.13065],[8.62177,46.13171],[8.62198,46.133],[8.62168,46.13366],[8.62226,46.13732],[8.62159,46.13888],[8.62215,46.1408],[8.6227,46.14155],[8.62322,46.14185],[8.6227,46.14293],[8.62308,46.14372],[8.6224,46.14583],[8.62425,46.14708],[8.62453,46.14779],[8.62533,46.14773],[8.62563,46.14792],[8.62523,46.14811],[8.62511,46.14869],[8.62579,46.14942],[8.62754,46.15038],[8.62757,46.15094],[8.62806,46.15174],[8.62698,46.15399]]}},{"type":"Feature","properties":{"id":"sovaglia-ti","c":"TI","p":"patent","q":"derived","k":"river"},"geometry":{"type":"LineString","coordinates":[[9.00664,45.93968],[9.00536,45.93896],[9.00482,45.93892],[9.00452,45.93859],[9.00328,45.93697],[9.00314,45.93627],[9.00248,45.93542],[9.00194,45.93512],[9.00198,45.93423],[9.00135,45.93392],[9.00096,45.93284],[9.00059,45.93261],[8.99978,45.93281],[8.99814,45.93183],[8.99732,45.93109],[8.99669,45.93107],[8.99586,45.93076],[8.99484,45.93103],[8.99424,45.9307],[8.99334,45.93077],[8.99288,45.93037],[8.99214,45.93009],[8.99165,45.93011],[8.99101,45.92981],[8.99017,45.92986],[8.9891,45.92887],[8.98801,45.92889],[8.98736,45.92828],[8.9851,45.92813],[8.98488,45.92742],[8.98235,45.92637],[8.97891,45.92566],[8.97671,45.92502]]}},{"type":"Feature","properties":{"id":"mara-ti","c":"TI","p":"patent","q":"derived","k":"river"},"geometry":{"type":"LineString","coordinates":[[9.00955,45.96227],[9.0097,45.96186],[9.00914,45.9618],[9.00873,45.96137],[9.00691,45.96173],[9.00682,45.96151],[9.0071,45.96111],[9.00655,45.95978],[9.00229,45.95957],[9.00047,45.95996],[8.99878,45.96008],[8.99829,45.9598],[8.99823,45.95886],[8.99802,45.95877],[8.99703,45.95866],[8.99653,45.95921],[8.99587,45.95939],[8.99515,45.95907],[8.99535,45.95825],[8.99416,45.95837],[8.99325,45.9589],[8.99227,45.95893],[8.99137,45.95843],[8.99056,45.95832],[8.99016,45.95767],[8.99015,45.9568],[8.98808,45.95506],[8.98649,45.95456],[8.98629,45.95377],[8.98557,45.95345],[8.985,45.95229],[8.98538,45.95186],[8.9852,45.95147],[8.98542,45.95115],[8.98508,45.95005],[8.98487,45.94986],[8.98353,45.94956],[8.98301,45.94905],[8.98302,45.94877],[8.9837,45.94826],[8.98305,45.9477],[8.98341,45.94739],[8.98243,45.94631],[8.9824,45.94547],[8.98035,45.94502],[8.98034,45.94418],[8.98108,45.94339],[8.98023,45.94286],[8.97913,45.94282],[8.97887,45.94243],[8.97778,45.9419],[8.97832,45.94125],[8.9785,45.94051],[8.97822,45.93897],[8.97753,45.93789],[8.97675,45.93745],[8.97655,45.93639],[8.97574,45.93575],[8.9737,45.93524],[8.97293,45.93465],[8.9693,45.93371]]}},{"type":"Feature","properties":{"id":"riale-teia-ti","c":"TI","p":"patent","q":"derived","k":"river"},"geometry":{"type":"LineString","coordinates":[[8.79057,46.21796],[8.78759,46.21848],[8.78651,46.21845],[8.78519,46.21876],[8.78379,46.21858],[8.77945,46.21917],[8.77644,46.21983],[8.77514,46.22036],[8.77354,46.22045],[8.77222,46.22098],[8.76892,46.22145],[8.76631,46.22062],[8.76585,46.22091],[8.76444,46.22072],[8.76362,46.22098],[8.76215,46.22061],[8.76014,46.22094],[8.75909,46.2218],[8.7588,46.22169],[8.75822,46.22182],[8.75767,46.22153],[8.75612,46.2216],[8.75508,46.22193],[8.75462,46.22228],[8.75341,46.22253],[8.75314,46.22286],[8.75117,46.22362],[8.74909,46.22394],[8.74812,46.22364],[8.74727,46.2229],[8.74636,46.22258],[8.74614,46.22206],[8.74456,46.22036],[8.74333,46.21993]]}},{"type":"Feature","properties":{"id":"riale-chiegg-ti","c":"TI","p":"patent","q":"derived","k":"river"},"geometry":{"type":"LineString","coordinates":[[8.78748,46.23567],[8.78539,46.23518],[8.78448,46.23467],[8.78421,46.2343],[8.78226,46.2335],[8.7816,46.23258],[8.78179,46.232],[8.78148,46.23129],[8.78027,46.2311],[8.78007,46.23047],[8.77939,46.23035],[8.77901,46.22996],[8.77835,46.22968],[8.77836,46.22899],[8.77787,46.22899],[8.77752,46.22878],[8.77799,46.22817],[8.77781,46.22796],[8.7768,46.22762],[8.77589,46.22768],[8.77499,46.22741],[8.77413,46.22745],[8.77367,46.227],[8.77293,46.22672],[8.77266,46.2263],[8.77197,46.22622],[8.77172,46.22595],[8.76955,46.22643],[8.76921,46.22613],[8.76814,46.22608],[8.76555,46.22527],[8.7657,46.22386],[8.76477,46.22254],[8.76516,46.22198],[8.76436,46.22132],[8.76343,46.22097]]}},{"type":"Feature","properties":{"id":"riale-briee-ti","c":"TI","p":"patent","q":"derived","k":"river"},"geometry":{"type":"LineString","coordinates":[[8.7651,46.25183],[8.76481,46.25156],[8.76476,46.25075],[8.764,46.25007],[8.76397,46.24946],[8.76308,46.24826],[8.762,46.24763],[8.76189,46.24722],[8.76114,46.24667],[8.76015,46.24633],[8.75856,46.24525],[8.75829,46.24473],[8.75851,46.24434],[8.75824,46.24294],[8.75752,46.24166],[8.75746,46.24091],[8.75566,46.24028],[8.75451,46.24023],[8.75296,46.24053],[8.75231,46.24025],[8.74969,46.241],[8.74828,46.23961],[8.74715,46.23928],[8.74785,46.23746],[8.74928,46.23588],[8.74929,46.23559],[8.74881,46.23523],[8.7494,46.23404],[8.7483,46.23353],[8.74825,46.23328],[8.74875,46.23215],[8.74894,46.23074],[8.74805,46.23059],[8.74761,46.22984],[8.74663,46.22963],[8.74557,46.22901],[8.74577,46.22829],[8.74638,46.22776],[8.74646,46.22587],[8.74483,46.2253],[8.74144,46.22329],[8.7401,46.22224],[8.73862,46.22171],[8.73847,46.22128]]}},{"type":"Feature","properties":{"id":"ri-di-dentro-ti","c":"TI","p":"patent","q":"derived","k":"river"},"geometry":{"type":"LineString","coordinates":[[8.66652,46.23471],[8.66819,46.23412],[8.66941,46.23342],[8.67103,46.23302],[8.67184,46.23262],[8.67345,46.23115],[8.67341,46.23068],[8.67387,46.23027],[8.67584,46.22918],[8.67963,46.22963],[8.68089,46.2291],[8.6833,46.22898],[8.68501,46.22947],[8.69061,46.23011],[8.6916,46.23065],[8.69322,46.23108],[8.69545,46.23071],[8.69674,46.23097],[8.69994,46.22989],[8.70012,46.22967],[8.70216,46.22981],[8.70336,46.22966],[8.70449,46.23097],[8.70613,46.23167],[8.70794,46.23154],[8.70826,46.23182],[8.70819,46.23231],[8.70874,46.23269],[8.7101,46.23327],[8.71144,46.23427],[8.71261,46.23469],[8.71414,46.23584],[8.7148,46.23596]]}},{"type":"Feature","properties":{"id":"riale-salto-ti","c":"TI","p":"patent","q":"derived","k":"river"},"geometry":{"type":"MultiLineString","coordinates":[[[8.72983,46.26425],[8.72878,46.26359],[8.72803,46.2638],[8.72756,46.26375],[8.72623,46.2632],[8.72562,46.26263],[8.72359,46.2625],[8.72316,46.26225],[8.72242,46.2605],[8.72189,46.26029],[8.72019,46.2602],[8.71991,46.25991],[8.71872,46.2597],[8.71789,46.25912],[8.71796,46.25872],[8.71864,46.25814],[8.71793,46.25755],[8.71828,46.25709],[8.7174,46.25645],[8.71758,46.25595],[8.71727,46.25504],[8.71649,46.25441],[8.71582,46.25434],[8.71573,46.25378],[8.71604,46.25329],[8.71565,46.25306],[8.71562,46.2528],[8.71513,46.25252],[8.71458,46.25266],[8.71225,46.25219],[8.71161,46.25169],[8.71012,46.25168],[8.7095,46.25127],[8.70897,46.25148],[8.70842,46.25135],[8.70754,46.2515],[8.7066,46.25107],[8.7052,46.24955],[8.70503,46.24843],[8.70434,46.24728],[8.70284,46.24607],[8.70349,46.24402]],[[8.76707,46.26519],[8.76499,46.2655],[8.76395,46.26599],[8.76221,46.26613],[8.76056,46.26687],[8.75969,46.26703],[8.75912,46.26704],[8.75863,46.26677],[8.75726,46.26701],[8.75565,46.26676],[8.75385,46.2672],[8.75224,46.26689],[8.75178,46.26706],[8.75032,46.26688],[8.74937,46.26567],[8.748,46.26521],[8.74772,46.26461],[8.74698,46.26423],[8.74273,46.26596],[8.74209,46.26599],[8.74039,46.26547],[8.73936,46.26578],[8.73868,46.26564],[8.73721,46.26596],[8.73632,46.26649],[8.73532,46.26676],[8.73427,46.26644],[8.73394,46.2659],[8.73406,46.26533],[8.73379,46.2651],[8.73186,46.26562],[8.73145,46.26462],[8.73087,46.26462],[8.73045,46.26442]]]}},{"type":"Feature","properties":{"id":"riale-di-foo-ti","c":"TI","p":"patent","q":"derived","k":"river"},"geometry":{"type":"LineString","coordinates":[[8.73148,46.29008],[8.73077,46.28966],[8.73057,46.28931],[8.73092,46.2875],[8.73026,46.28659],[8.7321,46.28463],[8.73278,46.28341],[8.7327,46.28254],[8.73231,46.28202],[8.73227,46.28035],[8.73174,46.27919],[8.73228,46.27803],[8.73293,46.27744],[8.73311,46.27674],[8.73288,46.27633],[8.73311,46.27581],[8.73283,46.27461],[8.73154,46.27355],[8.73155,46.27248],[8.73127,46.27158],[8.73021,46.27135],[8.72959,46.2705],[8.72876,46.27009],[8.729,46.26948],[8.72978,46.2687],[8.72915,46.26736],[8.72937,46.26624],[8.72882,46.2656],[8.72963,46.2649],[8.72991,46.26435]]}},{"type":"Feature","properties":{"id":"rio-di-lodano-ti","c":"TI","p":"patent","q":"derived","k":"river"},"geometry":{"type":"LineString","coordinates":[[8.63326,46.24735],[8.63338,46.24674],[8.63319,46.24645],[8.63447,46.24526],[8.63646,46.24482],[8.63746,46.24408],[8.63874,46.24398],[8.6392,46.2442],[8.64029,46.2443],[8.6421,46.24424],[8.64409,46.24385],[8.64616,46.2441],[8.64704,46.24457],[8.64818,46.2447],[8.64871,46.24542],[8.65,46.24572],[8.65077,46.24638],[8.65199,46.24701],[8.65275,46.24827],[8.65345,46.24861],[8.65467,46.24867],[8.65482,46.24923],[8.65593,46.24974],[8.65554,46.25082],[8.65559,46.25133],[8.65766,46.25201],[8.65964,46.25208],[8.6603,46.25276],[8.66079,46.25405],[8.66299,46.2551],[8.66306,46.25614],[8.66451,46.25655],[8.66507,46.25713],[8.66587,46.25735],[8.66557,46.25804],[8.66623,46.25867],[8.66689,46.2587],[8.66757,46.2583],[8.66785,46.25832],[8.66801,46.25981],[8.66985,46.26138],[8.67139,46.26191],[8.67236,46.26198],[8.67271,46.26195],[8.6742,46.26112],[8.67561,46.26167],[8.67819,46.26128],[8.68063,46.2613],[8.68148,46.26178],[8.68224,46.26254],[8.68304,46.26427],[8.68478,46.26541]]}},{"type":"Feature","properties":{"id":"riale-di-giumaglio-ti","c":"TI","p":"patent","q":"derived","k":"river"},"geometry":{"type":"MultiLineString","coordinates":[[[8.67198,46.32104],[8.67246,46.3206],[8.67254,46.32005]],[[8.6726,46.31996],[8.67327,46.31966],[8.67384,46.31963]],[[8.67407,46.31944],[8.67444,46.31891],[8.6751,46.31855],[8.67518,46.31824],[8.67816,46.31681],[8.67932,46.31589],[8.67987,46.31572],[8.6805,46.31486],[8.6815,46.31472],[8.68179,46.31446],[8.68146,46.31354],[8.68097,46.31303],[8.68045,46.31294],[8.6787,46.31199],[8.67785,46.31104],[8.67729,46.31083],[8.67722,46.31027],[8.67801,46.3086],[8.67784,46.30809],[8.67807,46.30696],[8.67921,46.30522],[8.67911,46.30487],[8.67944,46.30402],[8.68016,46.30341],[8.68008,46.30249],[8.68099,46.30126],[8.68168,46.29936],[8.68295,46.29734],[8.68432,46.29684],[8.68546,46.29513],[8.6869,46.29503],[8.6876,46.29479],[8.68877,46.29345],[8.68885,46.29285],[8.68844,46.29201],[8.68893,46.29126],[8.68965,46.29092],[8.69006,46.29039],[8.68966,46.28928],[8.69064,46.28756],[8.6905,46.28734],[8.6907,46.28684],[8.69145,46.28598]],[[8.69104,46.28339],[8.69036,46.28277],[8.69124,46.28178],[8.69096,46.28142],[8.68964,46.28064],[8.68937,46.28024],[8.68984,46.2797],[8.69037,46.27953],[8.69085,46.2781],[8.69004,46.27781],[8.68912,46.27801],[8.68814,46.27761],[8.68742,46.27698],[8.68786,46.27622],[8.68688,46.27479],[8.68649,46.27458],[8.6848,46.27454],[8.68447,46.27437],[8.684,46.27382],[8.68069,46.27146],[8.67879,46.27062],[8.67876,46.27026]]]}},{"type":"Feature","properties":{"id":"rovana-di-campo-ti","c":"TI","p":"patent","q":"derived","k":"river"},"geometry":{"type":"LineString","coordinates":[[8.44986,46.27416],[8.45058,46.27405],[8.45146,46.27448],[8.45383,46.27491],[8.45488,46.27559],[8.45535,46.27541],[8.45584,46.27562],[8.45693,46.2755],[8.45781,46.27564],[8.45853,46.27621],[8.45988,46.27619],[8.46149,46.27644],[8.46251,46.27693],[8.46347,46.27768],[8.46515,46.27712],[8.46551,46.27668],[8.46535,46.27596],[8.46609,46.27534],[8.46879,46.27599],[8.4699,46.27593],[8.47098,46.27694],[8.47161,46.27715],[8.47364,46.27665],[8.47493,46.27693],[8.47659,46.27627],[8.47709,46.27639],[8.47766,46.27699],[8.47873,46.27707],[8.48001,46.27743],[8.48116,46.27726],[8.48254,46.27635],[8.48357,46.27728],[8.48485,46.27727],[8.48691,46.27778],[8.48849,46.27762],[8.48935,46.27816],[8.49129,46.27858],[8.49196,46.2802],[8.49457,46.28127],[8.49504,46.28218],[8.49669,46.28309],[8.49763,46.28421],[8.49862,46.28447],[8.50017,46.28439],[8.50061,46.28456],[8.50162,46.28439],[8.50364,46.28515],[8.50437,46.28509],[8.50714,46.28543],[8.51037,46.28534],[8.51414,46.28552],[8.51687,46.28638],[8.51741,46.2862],[8.51942,46.28617],[8.51998,46.28582],[8.52031,46.28588],[8.52083,46.28568],[8.52131,46.28615],[8.52342,46.28676],[8.52597,46.28642],[8.52687,46.28648],[8.5274,46.28698],[8.52995,46.28704],[8.53069,46.28744],[8.5321,46.28756],[8.53255,46.28824],[8.53476,46.2889],[8.53555,46.28958],[8.53611,46.2919],[8.53606,46.29283],[8.53692,46.29388],[8.53817,46.29432],[8.53966,46.29455],[8.54179,46.29548],[8.54325,46.29745],[8.546,46.29945],[8.54668,46.29991],[8.54826,46.30018],[8.54919,46.30065],[8.5511,46.30249],[8.55341,46.30336],[8.55425,46.30388],[8.55515,46.30487],[8.55572,46.30505],[8.55656,46.30494],[8.55774,46.30523],[8.55891,46.30532],[8.55969,46.30518],[8.56043,46.30536],[8.56394,46.30475],[8.56703,46.30485],[8.56771,46.30439],[8.56907,46.30398],[8.57051,46.30438],[8.5717,46.30382],[8.57344,46.30384],[8.57453,46.30421],[8.57495,46.30405],[8.57547,46.30429],[8.57558,46.30486],[8.57612,46.30514],[8.57735,46.30511],[8.58128,46.3056],[8.58234,46.30618],[8.58375,46.3059],[8.5846,46.30595],[8.58637,46.30733],[8.58763,46.30805],[8.58824,46.30803],[8.5889,46.30746],[8.58926,46.30739],[8.59097,46.30843],[8.59079,46.30912],[8.59004,46.31003],[8.59034,46.31035],[8.59153,46.3104],[8.59337,46.31111],[8.59417,46.31087],[8.59522,46.3114],[8.59576,46.31191],[8.59813,46.31285],[8.59894,46.31252],[8.60058,46.31049],[8.60204,46.30917],[8.60358,46.30831],[8.60473,46.30794],[8.6065,46.308],[8.60755,46.30737],[8.61109,46.30682]]}},{"type":"Feature","properties":{"id":"ri-d-alzasca-ti","c":"TI","p":"patent","q":"derived","k":"river"},"geometry":{"type":"LineString","coordinates":[[8.58787,46.26626],[8.5883,46.26651],[8.58967,46.26645],[8.58992,46.26676],[8.59299,46.26703],[8.59415,46.26742],[8.59625,46.26875],[8.59758,46.2687],[8.59806,46.26902],[8.60076,46.2695],[8.60232,46.26964],[8.60534,46.26943],[8.60817,46.26972],[8.60959,46.27008],[8.61158,46.26998],[8.61235,46.27017],[8.61399,46.27177],[8.61433,46.27259],[8.61561,46.27402],[8.6171,46.27421],[8.6178,46.27476],[8.61797,46.27636],[8.61833,46.27702],[8.6182,46.27763],[8.61847,46.27904],[8.6193,46.2806],[8.62011,46.28102],[8.6208,46.28168],[8.62234,46.28201],[8.6227,46.28239],[8.62408,46.28216],[8.62603,46.28228],[8.62761,46.28215],[8.62806,46.28224],[8.62868,46.28272],[8.62901,46.28464],[8.62877,46.28539],[8.62895,46.28619],[8.62965,46.2874],[8.63081,46.28776],[8.63181,46.28831],[8.63217,46.28913],[8.63201,46.29071],[8.63273,46.29129]]}},{"type":"Feature","properties":{"id":"ri-di-boschetto-ti","c":"TI","p":"patent","q":"derived","k":"river"},"geometry":{"type":"LineString","coordinates":[[8.57099,46.28413],[8.57206,46.28471],[8.57243,46.28526],[8.57618,46.28608],[8.57923,46.28656],[8.58114,46.28667],[8.58279,46.28653],[8.58464,46.28683],[8.58675,46.28664],[8.58787,46.2868],[8.58881,46.2872],[8.58949,46.28767],[8.59033,46.28894],[8.59051,46.28981],[8.59122,46.29031],[8.59365,46.2939],[8.59376,46.29481],[8.59412,46.29539],[8.59394,46.29557],[8.59437,46.29582],[8.5943,46.29609],[8.59609,46.29744],[8.5967,46.29821],[8.5987,46.29915],[8.59912,46.29974],[8.59934,46.30054],[8.59916,46.30101],[8.59951,46.3018],[8.60035,46.30224],[8.6012,46.30224],[8.60243,46.30275],[8.60376,46.30299],[8.60419,46.30365],[8.60489,46.30399],[8.60555,46.30394],[8.6065,46.30335],[8.60811,46.3029],[8.60925,46.30216],[8.61113,46.30244],[8.61236,46.30235]]}},{"type":"Feature","properties":{"id":"rovana-di-bosco-gurin-ti","c":"TI","p":"patent","q":"derived","k":"river"},"geometry":{"type":"LineString","coordinates":[[8.4517,46.31413],[8.4522,46.31336],[8.45501,46.31105],[8.45574,46.31112],[8.45688,46.31081],[8.45851,46.31102],[8.45986,46.31083],[8.46411,46.31072],[8.46598,46.31002],[8.46778,46.3098],[8.46845,46.30935],[8.46948,46.30914],[8.47043,46.30869],[8.47154,46.30901],[8.47247,46.3088],[8.47369,46.30899],[8.47438,46.30938],[8.47565,46.3095],[8.47728,46.31006],[8.47975,46.31049],[8.48222,46.31155],[8.483,46.31218],[8.48609,46.31302],[8.48726,46.31378],[8.49085,46.31515],[8.49173,46.31515],[8.49273,46.3154],[8.49411,46.31529],[8.49583,46.31461],[8.49752,46.3145],[8.49884,46.31464],[8.49988,46.31504],[8.50097,46.31481],[8.50214,46.31504],[8.50264,46.31545],[8.50359,46.31576],[8.50427,46.31661],[8.50502,46.31641],[8.50632,46.31643],[8.50752,46.31659],[8.50814,46.31697],[8.50916,46.3168],[8.51013,46.31701],[8.51345,46.31696],[8.51554,46.31728],[8.51628,46.31705],[8.51675,46.31667],[8.51836,46.3165],[8.51906,46.31623],[8.52035,46.31604],[8.52152,46.31529],[8.5232,46.31518],[8.52393,46.31492],[8.52609,46.31519],[8.52748,46.31438],[8.52843,46.31463],[8.52935,46.31439],[8.53018,46.31452],[8.53183,46.31438],[8.53266,46.31471],[8.53514,46.31451],[8.53581,46.31482],[8.53744,46.31497],[8.54027,46.31458],[8.54182,46.31358],[8.54394,46.31322],[8.54459,46.3126],[8.54667,46.31272],[8.54767,46.31129],[8.54853,46.31089],[8.54907,46.31015],[8.55039,46.30948],[8.55173,46.30738],[8.55183,46.30668],[8.55299,46.30502],[8.55368,46.30442],[8.55465,46.3043]]}},{"type":"Feature","properties":{"id":"valle-di-niva-ti","c":"TI","p":"patent","q":"derived","k":"river"},"geometry":{"type":"MultiLineString","coordinates":[[[8.56277,46.27309],[8.55935,46.27407],[8.55808,46.27464],[8.55655,46.27476],[8.55511,46.27452],[8.55421,46.27483],[8.55305,46.27472],[8.55231,46.27439],[8.54966,46.27407],[8.54924,46.27379],[8.54683,46.27318],[8.54377,46.27334],[8.54342,46.27436],[8.54405,46.27487],[8.54411,46.27515],[8.54302,46.27668],[8.54322,46.27708],[8.54308,46.27737],[8.54203,46.27784],[8.54106,46.2787],[8.53914,46.2797],[8.53777,46.281],[8.53578,46.28225],[8.53564,46.28265],[8.53603,46.28301],[8.53582,46.2836],[8.53537,46.28395],[8.53566,46.28426],[8.53533,46.2847],[8.53561,46.28523],[8.53527,46.28529],[8.53507,46.28583],[8.53423,46.28619],[8.53372,46.28663],[8.53373,46.28707],[8.53327,46.28782],[8.53407,46.28866]],[[8.5664,46.27209],[8.563,46.27298]]]}},{"type":"Feature","properties":{"id":"ri-d-arnau-ti","c":"TI","p":"patent","q":"derived","k":"river"},"geometry":{"type":"LineString","coordinates":[[8.51234,46.26448],[8.51337,46.26477],[8.51383,46.26565],[8.51503,46.26619],[8.51578,46.26688],[8.51656,46.267],[8.51823,46.26797],[8.51769,46.26938],[8.51728,46.26966],[8.51724,46.27067],[8.51756,46.2709],[8.51891,46.27122],[8.51919,46.27237],[8.52027,46.27365],[8.52242,46.27422],[8.52296,46.27471],[8.52271,46.27578],[8.52309,46.27631],[8.52305,46.27693],[8.52108,46.27872],[8.52079,46.28144],[8.52183,46.28203],[8.52249,46.28307],[8.52306,46.28352],[8.5232,46.28433],[8.52382,46.28534],[8.52466,46.28567],[8.52489,46.28613],[8.52554,46.28648]]}},{"type":"Feature","properties":{"id":"ri-di-sfii-ti","c":"TI","p":"patent","q":"derived","k":"river"},"geometry":{"type":"LineString","coordinates":[[8.46884,46.25467],[8.47019,46.25661],[8.47115,46.25684],[8.47239,46.25764],[8.47315,46.25772],[8.4743,46.25744],[8.47832,46.2577],[8.47978,46.25795],[8.48,46.25829],[8.48072,46.25824],[8.48147,46.25877],[8.48132,46.25933],[8.48237,46.26057],[8.48254,46.26168],[8.48378,46.26282],[8.48366,46.26356],[8.48435,46.264],[8.48511,46.26538],[8.4855,46.26627],[8.48536,46.26765],[8.4867,46.26883],[8.48642,46.27049],[8.4867,46.27118],[8.48631,46.27194],[8.48653,46.27291],[8.48606,46.27314],[8.48423,46.27314],[8.48383,46.2738],[8.48276,46.27374],[8.48178,46.27424],[8.4822,46.27472],[8.48131,46.27543],[8.48254,46.27635]]}},{"type":"Feature","properties":{"id":"ri-grande-ti","c":"TI","p":"patent","q":"derived","k":"river"},"geometry":{"type":"LineString","coordinates":[[8.63785,46.32152],[8.63655,46.32344],[8.63511,46.32411],[8.63276,46.32452],[8.63202,46.32492],[8.63125,46.32482],[8.62976,46.3254],[8.62833,46.32531],[8.62782,46.32588],[8.62514,46.32733],[8.62482,46.32774],[8.62518,46.32835],[8.62377,46.329],[8.62312,46.33007],[8.62267,46.33035],[8.62242,46.33145],[8.62156,46.33161],[8.62053,46.33125],[8.62023,46.33181],[8.61905,46.33275],[8.61837,46.334],[8.61545,46.33614],[8.61388,46.33639],[8.61349,46.33599],[8.61275,46.33587],[8.6108,46.33502],[8.60814,46.33469],[8.60674,46.33404]]}},{"type":"Feature","properties":{"id":"ri-di-larechia-ti","c":"TI","p":"patent","q":"derived","k":"river"},"geometry":{"type":"LineString","coordinates":[[8.61008,46.37679],[8.60935,46.37638],[8.60892,46.37573],[8.60315,46.3728],[8.60068,46.37113],[8.59951,46.37064],[8.59937,46.37023],[8.59865,46.36977],[8.59777,46.36936],[8.59601,46.36896],[8.59514,46.36837],[8.59354,46.36799],[8.58986,46.36653],[8.58822,46.36504],[8.58487,46.36295],[8.58355,46.36155],[8.58193,46.36072],[8.58097,46.35939],[8.58008,46.35898],[8.57926,46.35791],[8.5786,46.35757]]}},{"type":"Feature","properties":{"id":"riale-di-basodino-ti","c":"TI","p":"patent","q":"derived","k":"river"},"geometry":{"type":"LineString","coordinates":[[8.47548,46.40253],[8.47703,46.4017],[8.47871,46.40128],[8.47939,46.4013],[8.48054,46.40094],[8.48249,46.4013],[8.48429,46.4009],[8.48627,46.40132],[8.49005,46.40304],[8.4927,46.40311],[8.49336,46.40337],[8.49761,46.40264],[8.50072,46.40307],[8.50248,46.40285],[8.50342,46.40253],[8.50518,46.40236],[8.50657,46.40246],[8.50816,46.40291],[8.51056,46.40322],[8.51336,46.40336],[8.51496,46.40306]]}},{"type":"Feature","properties":{"id":"ri-di-antabia-ti","c":"TI","p":"patent","q":"derived","k":"river"},"geometry":{"type":"LineString","coordinates":[[8.4761,46.38679],[8.47724,46.38703],[8.47797,46.38753],[8.4786,46.38814],[8.47832,46.38861],[8.47933,46.38945],[8.48327,46.39021],[8.48407,46.3906],[8.48553,46.39079],[8.48634,46.39121],[8.48832,46.39178],[8.48899,46.39224],[8.48995,46.39234],[8.49038,46.39272],[8.4913,46.39291],[8.49252,46.39396],[8.49372,46.39433],[8.49453,46.39437],[8.49682,46.39562],[8.49718,46.39635],[8.4996,46.39747],[8.49938,46.39851],[8.49962,46.39887],[8.50037,46.39921],[8.50157,46.39933],[8.5026,46.39982],[8.50595,46.40075],[8.50977,46.40145],[8.51065,46.40186],[8.51752,46.40367],[8.5211,46.40523],[8.52215,46.40604],[8.52289,46.40634],[8.52447,46.4067],[8.52641,46.40662],[8.52778,46.40713]]}},{"type":"Feature","properties":{"id":"riale-di-robiei-ti","c":"TI","p":"patent","q":"derived","k":"river"},"geometry":{"type":"MultiLineString","coordinates":[[[8.48252,46.44052],[8.48294,46.4403],[8.48319,46.43971],[8.48471,46.43871],[8.48484,46.43713],[8.48544,46.43715]],[[8.48661,46.43724],[8.48796,46.43758],[8.48921,46.43743],[8.49121,46.43787],[8.49323,46.43796],[8.49425,46.43831],[8.49774,46.43832],[8.49848,46.43885],[8.49925,46.43887],[8.49929,46.43926],[8.50072,46.43929],[8.5032,46.44046],[8.5048,46.44068],[8.50765,46.44143],[8.50937,46.44216],[8.51179,46.44265],[8.51259,46.4418],[8.51175,46.44118],[8.51144,46.44045],[8.51173,46.44001],[8.51223,46.43984],[8.51253,46.43926],[8.51226,46.4382],[8.51262,46.43766]]]}},{"type":"Feature","properties":{"id":"val-serenello-ti","c":"TI","p":"patent","q":"derived","k":"river"},"geometry":{"type":"LineString","coordinates":[[8.66433,46.33315],[8.66293,46.33371],[8.66078,46.33382],[8.66013,46.33413],[8.65834,46.33438],[8.65683,46.33504],[8.65624,46.33496],[8.65547,46.3351],[8.65464,46.33551],[8.65482,46.33599],[8.65458,46.33625],[8.65313,46.33668],[8.65182,46.33747],[8.65173,46.33784],[8.65042,46.33937],[8.64866,46.33994],[8.64834,46.34076],[8.64758,46.34128],[8.6452,46.34224],[8.64485,46.3429],[8.64417,46.34288],[8.64352,46.34328],[8.64243,46.3433],[8.64168,46.34468],[8.64199,46.3454],[8.64151,46.34566],[8.64133,46.34618],[8.64005,46.34762],[8.6405,46.3486],[8.64043,46.34935],[8.63969,46.34993],[8.63921,46.35225],[8.63872,46.35262],[8.63858,46.35367],[8.63794,46.35422],[8.6379,46.35475]]}},{"type":"Feature","properties":{"id":"ri-di-tome-ti","c":"TI","p":"patent","q":"derived","k":"river"},"geometry":{"type":"MultiLineString","coordinates":[[[8.688,46.36537],[8.68771,46.3656],[8.68722,46.36704],[8.68633,46.36814],[8.68602,46.36934],[8.68628,46.37019],[8.68603,46.3712],[8.68507,46.37229],[8.68462,46.37354],[8.68406,46.37404],[8.68298,46.37456],[8.68186,46.37592],[8.6808,46.37618],[8.68,46.3773],[8.6791,46.37745],[8.67861,46.37792],[8.67711,46.37874],[8.67694,46.37914],[8.67626,46.37939],[8.67566,46.37923],[8.67512,46.37937],[8.6744,46.37928],[8.6725,46.37999],[8.67059,46.37985],[8.6686,46.38085],[8.66778,46.38086],[8.66747,46.38124],[8.66665,46.38126],[8.66538,46.38088],[8.664,46.38077]],[[8.69459,46.35767],[8.69318,46.35946],[8.69266,46.35967],[8.69263,46.36003],[8.692,46.36055],[8.69159,46.36171],[8.69127,46.36197]]]}},{"type":"Feature","properties":{"id":"ri-della-valle-di-prato-ti","c":"TI","p":"patent","q":"derived","k":"river"},"geometry":{"type":"LineString","coordinates":[[8.72045,46.42116],[8.71891,46.41945],[8.71866,46.41879],[8.7179,46.41806],[8.71712,46.41766],[8.71698,46.41708],[8.71553,46.41628],[8.71485,46.4142],[8.715,46.41343],[8.71387,46.41201],[8.7136,46.41193],[8.71337,46.41127],[8.71322,46.41032],[8.71361,46.40988],[8.71349,46.40886],[8.71387,46.40827],[8.71321,46.40786],[8.71286,46.40715],[8.71208,46.40645],[8.71213,46.40597],[8.70994,46.40468],[8.70861,46.40453],[8.7077,46.40377],[8.7006,46.40154],[8.69998,46.39998],[8.70017,46.39839],[8.70047,46.39774],[8.69992,46.39702],[8.69887,46.39676],[8.6978,46.3955],[8.69704,46.39531],[8.69716,46.39486],[8.69691,46.39465],[8.69552,46.39446],[8.69273,46.39296],[8.69182,46.39287],[8.69158,46.39251],[8.69096,46.39243],[8.69005,46.39187],[8.68942,46.39173],[8.6893,46.39134],[8.68736,46.39131],[8.68662,46.39096],[8.68284,46.38998],[8.68016,46.39094],[8.67971,46.39096],[8.6791,46.39043],[8.67809,46.39031],[8.67667,46.3896],[8.67597,46.38985],[8.67494,46.38953],[8.67354,46.38998],[8.67283,46.3899],[8.67265,46.38972],[8.67104,46.38994],[8.67042,46.38982],[8.67001,46.39001],[8.66821,46.38969],[8.66691,46.38905],[8.6668,46.3887],[8.6661,46.38864],[8.66583,46.38843],[8.66589,46.38518],[8.66571,46.38466],[8.66515,46.38423]]}},{"type":"Feature","properties":{"id":"ri-di-pertues-ti","c":"TI","p":"patent","q":"derived","k":"river"},"geometry":{"type":"LineString","coordinates":[[8.72379,46.37141],[8.72083,46.37039],[8.71551,46.3691],[8.71355,46.36966],[8.71111,46.37005],[8.70976,46.37062],[8.70973,46.37124],[8.70897,46.37187],[8.70671,46.37275],[8.70464,46.37327],[8.70358,46.37312],[8.70177,46.37375],[8.70147,46.37423],[8.70164,46.37465],[8.70125,46.37528],[8.70044,46.37608],[8.69878,46.37722],[8.69869,46.37772],[8.69621,46.3804],[8.69619,46.38076],[8.69517,46.38176],[8.69434,46.38326],[8.69447,46.38354],[8.69483,46.38356],[8.69426,46.38401],[8.69372,46.38603],[8.69374,46.38637],[8.69419,46.38665],[8.69411,46.38817],[8.69163,46.3898],[8.69132,46.39025],[8.69034,46.39057],[8.6893,46.39134]]}},{"type":"Feature","properties":{"id":"ri-di-larecc-ti","c":"TI","p":"patent","q":"derived","k":"river"},"geometry":{"type":"LineString","coordinates":[[8.72618,46.38265],[8.72269,46.3846],[8.7207,46.38542],[8.71922,46.38644],[8.71699,46.38688],[8.7163,46.38669],[8.71546,46.38679],[8.71403,46.38644],[8.71178,46.38681],[8.70945,46.38869],[8.70865,46.38862],[8.70642,46.38797],[8.70283,46.38838],[8.7015,46.38802],[8.70089,46.38829],[8.69974,46.38831],[8.69846,46.38865],[8.6969,46.38837],[8.69634,46.38867],[8.69456,46.38897],[8.6942,46.38942],[8.6932,46.38978],[8.69229,46.38934]]}},{"type":"Feature","properties":{"id":"fiume-peccia-ti","c":"TI","p":"patent","q":"derived","k":"river"},"geometry":{"type":"LineString","coordinates":[[8.54459,46.46088],[8.54518,46.46085],[8.54559,46.46052],[8.54692,46.4601],[8.54993,46.46009],[8.5512,46.45954],[8.55119,46.45913],[8.55264,46.459],[8.55414,46.45853],[8.55563,46.45908],[8.55878,46.46067],[8.56058,46.46094],[8.56163,46.46175],[8.56245,46.46178],[8.56304,46.4621],[8.56537,46.46229],[8.56879,46.46353],[8.56918,46.46395],[8.56987,46.46427],[8.57111,46.46409],[8.57394,46.46436],[8.57511,46.46425],[8.57829,46.46244],[8.5793,46.46232],[8.57966,46.46269],[8.58033,46.46288],[8.58225,46.46258],[8.58279,46.46266],[8.58331,46.4622],[8.58507,46.46167],[8.58565,46.46131],[8.58621,46.46128],[8.58709,46.46068],[8.5893,46.46027],[8.58952,46.45998],[8.58951,46.45927],[8.5891,46.45859],[8.58943,46.45825],[8.58989,46.45812],[8.59023,46.45729],[8.59068,46.45726],[8.591,46.45701],[8.59004,46.45627],[8.59012,46.45595],[8.5899,46.4557],[8.59027,46.45494],[8.58945,46.45402],[8.58958,46.45343],[8.58922,46.45274],[8.58933,46.45237],[8.59,46.45191],[8.59108,46.45016],[8.59253,46.44952],[8.59521,46.44723],[8.59589,46.4469],[8.59654,46.44549],[8.59574,46.44405],[8.5961,46.44347],[8.59575,46.4425],[8.59636,46.4416],[8.59585,46.44103],[8.59596,46.44038],[8.59651,46.43944],[8.59622,46.43906],[8.59675,46.43833],[8.59736,46.43823],[8.59779,46.43783],[8.59738,46.43751],[8.5977,46.43669],[8.59748,46.43656],[8.59759,46.43562],[8.59697,46.43505],[8.59708,46.43447],[8.59657,46.43423],[8.59627,46.43334],[8.596,46.43321],[8.59527,46.43336],[8.59471,46.43315],[8.59434,46.4321],[8.59487,46.43166],[8.5955,46.4306],[8.59621,46.43002],[8.5965,46.42878],[8.59705,46.42818],[8.59781,46.4278],[8.59773,46.42699],[8.59923,46.42539],[8.59977,46.42422],[8.60041,46.42391],[8.60055,46.4234],[8.60143,46.42319],[8.6021,46.42228],[8.60296,46.42162],[8.60278,46.41868],[8.60356,46.41721],[8.60433,46.417],[8.60488,46.41649],[8.60487,46.41544],[8.60538,46.41519],[8.60808,46.41483],[8.61134,46.4127],[8.61652,46.41026],[8.61759,46.41041],[8.61845,46.41024],[8.6196,46.41065],[8.62123,46.41012],[8.62223,46.41019],[8.62295,46.40998],[8.62374,46.41012],[8.62441,46.41048],[8.62631,46.41074],[8.62893,46.41078],[8.62966,46.41113],[8.63142,46.41086],[8.63217,46.4109],[8.63266,46.41038],[8.63391,46.40967],[8.6377,46.40967],[8.63934,46.40914],[8.64196,46.40887],[8.64341,46.40643],[8.64439,46.40546],[8.64494,46.40415],[8.6466,46.40355],[8.64693,46.4025],[8.64839,46.40026],[8.64925,46.39943],[8.64998,46.39905],[8.65194,46.39879]]}},{"type":"Feature","properties":{"id":"ri-di-roed-ti","c":"TI","p":"patent","q":"derived","k":"river"},"geometry":{"type":"LineString","coordinates":[[8.62095,46.44796],[8.62322,46.44798],[8.62408,46.44732],[8.62761,46.44562],[8.63007,46.44507],[8.63211,46.44427],[8.63425,46.44394],[8.63478,46.44342],[8.63718,46.4426],[8.63836,46.44118],[8.63986,46.4408],[8.64191,46.43969],[8.64251,46.43885],[8.64324,46.439],[8.64418,46.43893],[8.64662,46.4381],[8.6477,46.43728],[8.6491,46.43576],[8.65006,46.43524],[8.65093,46.43544],[8.65176,46.43541],[8.65246,46.43511],[8.65304,46.43516],[8.65374,46.43494],[8.65598,46.4347],[8.65885,46.43374],[8.65947,46.43367],[8.66049,46.43287],[8.66152,46.43259]]}},{"type":"Feature","properties":{"id":"riale-di-val-partus-ti","c":"TI","p":"patent","q":"derived","k":"river"},"geometry":{"type":"LineString","coordinates":[[8.69521,46.46286],[8.69455,46.46216],[8.69473,46.4618],[8.6944,46.46139],[8.69466,46.46036],[8.69432,46.45949],[8.69335,46.45944],[8.69268,46.45971],[8.68876,46.45882],[8.68835,46.4593],[8.68752,46.45962],[8.68637,46.45933],[8.68555,46.45974],[8.68362,46.45897],[8.68272,46.45886],[8.68076,46.4579],[8.68053,46.45754],[8.67858,46.45618],[8.6781,46.45539],[8.67833,46.45409],[8.67773,46.45355],[8.67765,46.45305],[8.67704,46.45265],[8.67708,46.4521],[8.67635,46.45089],[8.67644,46.45032],[8.67536,46.4497],[8.67424,46.4487],[8.67389,46.44862],[8.67128,46.44909],[8.67062,46.44891],[8.66987,46.44896],[8.66877,46.44864],[8.66779,46.44876],[8.66736,46.4485],[8.66737,46.44782],[8.6661,46.44766],[8.66367,46.44621]]}},{"type":"Feature","properties":{"id":"riale-di-casone-ti","c":"TI","p":"patent","q":"derived","k":"river"},"geometry":{"type":"LineString","coordinates":[[8.59004,46.49432],[8.59424,46.49427],[8.59581,46.49413],[8.5963,46.49387],[8.59888,46.49426],[8.60016,46.4941],[8.60029,46.49376],[8.60102,46.49382],[8.60119,46.49365],[8.60081,46.49343],[8.60122,46.49322],[8.60117,46.49303],[8.60269,46.49115],[8.60325,46.49018],[8.60287,46.48985],[8.60345,46.48903],[8.60394,46.48881],[8.60481,46.48875],[8.60574,46.48818],[8.60653,46.48796],[8.60668,46.48757],[8.60727,46.4874],[8.60871,46.48751],[8.6096,46.48739],[8.6099,46.48754],[8.61117,46.48731],[8.61123,46.48679],[8.61429,46.4859],[8.61448,46.48563],[8.61432,46.48499],[8.61459,46.48458],[8.61511,46.48432],[8.61572,46.48431],[8.61663,46.48371],[8.61735,46.48358],[8.61783,46.48326]]}},{"type":"Feature","properties":{"id":"riale-grande-ti","c":"TI","p":"patent","q":"derived","k":"river"},"geometry":{"type":"LineString","coordinates":[[9.06831,46.25386],[9.06754,46.2496],[9.06768,46.24856],[9.06839,46.24676],[9.06792,46.24553],[9.06789,46.24471],[9.06807,46.24437],[9.06867,46.24402],[9.06911,46.24279],[9.06988,46.24165],[9.06983,46.24125],[9.07022,46.24096],[9.07005,46.2397],[9.07034,46.23896],[9.07019,46.23847],[9.06901,46.23804],[9.06925,46.23761],[9.06881,46.2374],[9.06834,46.23659],[9.069,46.2346],[9.06967,46.23394],[9.06991,46.23337],[9.06966,46.23284],[9.06966,46.23195],[9.07129,46.22855],[9.07144,46.22768]]}},{"type":"Feature","properties":{"id":"riale-di-gnosca-ti","c":"TI","p":"patent","q":"derived","k":"river"},"geometry":{"type":"LineString","coordinates":[[8.98771,46.23542],[8.98826,46.23554],[8.98984,46.2352],[8.99057,46.23546],[8.99128,46.23547],[8.99181,46.23525],[8.99289,46.23516],[8.99453,46.23505],[8.99543,46.23525],[8.99601,46.23505],[8.99741,46.23505],[8.99957,46.23464],[9.00048,46.23418],[9.00171,46.23409],[9.00351,46.23365],[9.00458,46.23388],[9.00557,46.23384],[9.00606,46.23435],[9.0071,46.23389],[9.00719,46.23439],[9.00837,46.23486],[9.00904,46.23494],[9.00984,46.23474],[9.0112,46.23488],[9.01212,46.23523],[9.01231,46.23563],[9.01297,46.23551],[9.0135,46.23518],[9.01415,46.23518],[9.01518,46.23487],[9.0186,46.23351],[9.01973,46.23339],[9.02083,46.23383],[9.02101,46.23412],[9.0208,46.23495],[9.02005,46.23561],[9.02031,46.23793],[9.02129,46.23887],[9.02366,46.23988]]}},{"type":"Feature","properties":{"id":"riale-di-censo-ti","c":"TI","p":"patent","q":"derived","k":"river"},"geometry":{"type":"LineString","coordinates":[[9.04662,46.28304],[9.04515,46.28224],[9.04479,46.2816],[9.04412,46.28129],[9.04372,46.28013],[9.04296,46.27927],[9.0418,46.27918],[9.04026,46.27872],[9.03771,46.27906],[9.03739,46.27853],[9.03587,46.27872],[9.03485,46.27759],[9.03375,46.27543],[9.0324,46.2745],[9.02957,46.27376],[9.02806,46.27404],[9.02518,46.27364],[9.0251,46.2725],[9.02554,46.2717],[9.02527,46.27091],[9.02474,46.27065],[9.02464,46.27034],[9.02383,46.26973],[9.0232,46.2695],[9.0224,46.26838],[9.0218,46.2681],[9.01978,46.26527],[9.01885,46.26464],[9.01752,46.26439],[9.0169,46.26399],[9.01488,46.26357],[9.01318,46.26344]]}},{"type":"Feature","properties":{"id":"riale-di-cresciano-ti","c":"TI","p":"patent","q":"derived","k":"river"},"geometry":{"type":"LineString","coordinates":[[9.0455,46.29735],[9.04384,46.29729],[9.04256,46.29695],[9.04169,46.29609],[9.03922,46.29443],[9.03834,46.29342],[9.03585,46.29244],[9.03425,46.29243],[9.03294,46.292],[9.03241,46.2915],[9.03041,46.29059],[9.02973,46.28959],[9.02772,46.2886],[9.02696,46.28867],[9.02615,46.28809],[9.02433,46.28761],[9.02364,46.28787],[9.02237,46.28744],[9.02151,46.28736],[9.02126,46.28695],[9.02037,46.28651],[9.01899,46.28641],[9.01708,46.28592],[9.01643,46.28552],[9.01596,46.28554],[9.01251,46.28459],[9.01176,46.2846],[9.01069,46.28417],[9.01006,46.28345],[9.0097,46.28258],[9.00892,46.28242],[9.0086,46.28199],[9.0065,46.28062],[9.00616,46.2799],[9.00573,46.2797],[9.00511,46.27889],[9.00633,46.2776],[9.00714,46.27587],[9.00766,46.27436],[9.00741,46.2734],[9.00945,46.27378],[9.00989,46.27372],[9.01022,46.27344],[9.01043,46.27276],[9.01178,46.2722],[9.01316,46.27093],[9.01312,46.27006]]}},{"type":"Feature","properties":{"id":"riale-moleno-ti","c":"TI","p":"patent","q":"derived","k":"river"},"geometry":{"type":"LineString","coordinates":[[8.92856,46.24181],[8.92959,46.24332],[8.93142,46.2442],[8.93248,46.24392],[8.93346,46.24404],[8.93609,46.24356],[8.93692,46.2437],[8.93738,46.24463],[8.93818,46.24481],[8.93901,46.24603],[8.93935,46.24616],[8.93949,46.24696],[8.94075,46.24827],[8.94131,46.24856],[8.94302,46.24884],[8.94377,46.24952],[8.9447,46.24962],[8.94567,46.25038],[8.94741,46.25104],[8.94775,46.25142],[8.94855,46.25146],[8.94955,46.25182],[8.95027,46.25287],[8.95096,46.253],[8.952,46.25361],[8.95322,46.25367],[8.95522,46.25495],[8.95683,46.25573],[8.95806,46.25607],[8.9586,46.25657],[8.95933,46.25792],[8.96052,46.25868],[8.9612,46.26],[8.96168,46.2601],[8.96203,46.26056],[8.96361,46.26152],[8.96447,46.26146],[8.96544,46.262],[8.9673,46.26131],[8.96815,46.2608],[8.96925,46.26131],[8.9703,46.26146],[8.97143,46.26127],[8.97195,46.26184],[8.97214,46.2625],[8.97317,46.26237],[8.97401,46.26261],[8.97487,46.26256],[8.97588,46.26294],[8.97652,46.26352],[8.97742,46.26379],[8.97818,46.26341],[8.97943,46.26364],[8.98035,46.26307],[8.982,46.26348],[8.9844,46.26363],[8.9851,46.26312],[8.98603,46.26288],[8.98623,46.26237],[8.98722,46.26285],[8.98833,46.26235],[8.98943,46.26268],[8.99075,46.26262],[8.99193,46.26415],[8.99191,46.26463],[8.99157,46.26495],[8.99284,46.26626],[8.99648,46.26761],[8.9994,46.26898],[9.00343,46.27202]]}},{"type":"Feature","properties":{"id":"boggera-ti","c":"TI","p":"patent","q":"derived","k":"river"},"geometry":{"type":"LineString","coordinates":[[9.06306,46.31513],[9.0625,46.3158],[9.06194,46.31607],[9.06017,46.31632],[9.05944,46.31599],[9.05771,46.31565],[9.05739,46.31537],[9.05583,46.31555],[9.05509,46.31529],[9.054,46.31533],[9.05323,46.3151],[9.05245,46.31519],[9.05124,46.31503],[9.05003,46.31528],[9.04868,46.31482],[9.04793,46.3148],[9.04726,46.31501],[9.04528,46.31506],[9.04312,46.31446],[9.04225,46.31488],[9.04071,46.31454],[9.04024,46.31417],[9.03877,46.31372],[9.03799,46.3131],[9.0356,46.31235],[9.03264,46.31017],[9.03077,46.31034],[9.03019,46.31016],[9.0293,46.30876],[9.02826,46.30815],[9.02808,46.3075],[9.02737,46.30719],[9.02619,46.30722],[9.02537,46.30692],[9.02489,46.30597],[9.02422,46.30547],[9.02382,46.30482],[9.02204,46.304],[9.02189,46.30348],[9.02053,46.30246],[9.02029,46.30169],[9.01885,46.3007],[9.01668,46.30003],[9.01083,46.30018],[9.0089,46.30114],[9.00795,46.30131],[9.00716,46.30196],[9.00552,46.3028],[9.0032,46.30236],[9.00155,46.30291],[9.00043,46.30244],[8.99844,46.30247],[8.99663,46.30206],[8.99609,46.30134],[8.99558,46.30146],[8.99378,46.30131],[8.99307,46.30052]]}},{"type":"Feature","properties":{"id":"riale-di-lodrino-ti","c":"TI","p":"patent","q":"derived","k":"river"},"geometry":{"type":"LineString","coordinates":[[8.94845,46.2874],[8.94916,46.28769],[8.94973,46.2885],[8.95152,46.2893],[8.95291,46.29057],[8.9547,46.29103],[8.9553,46.29157],[8.95584,46.2925],[8.95727,46.29321],[8.95726,46.29393],[8.95783,46.29398],[8.95927,46.29274],[8.95995,46.29264],[8.9604,46.29279],[8.96072,46.29339],[8.96153,46.2937],[8.96241,46.29385],[8.96308,46.29357],[8.96453,46.29412],[8.96593,46.29397],[8.96649,46.29445],[8.96778,46.29465],[8.96832,46.29525],[8.96901,46.29551],[8.96959,46.29512],[8.97038,46.29519],[8.97075,46.29552],[8.97077,46.29609],[8.97366,46.29651],[8.9741,46.29721],[8.97527,46.29753],[8.9751,46.29814],[8.97541,46.29846],[8.97645,46.2985],[8.97664,46.29931],[8.97627,46.30013],[8.97656,46.30049],[8.97753,46.30066],[8.97963,46.30044],[8.98116,46.30064],[8.98303,46.30133],[8.98401,46.30198],[8.98518,46.30243]]}},{"type":"Feature","properties":{"id":"riale-di-drosina-ti","c":"TI","p":"patent","q":"derived","k":"river"},"geometry":{"type":"LineString","coordinates":[[8.92566,46.26467],[8.92781,46.26519],[8.92875,46.26501],[8.93001,46.26534],[8.93084,46.26529],[8.93335,46.26657],[8.93433,46.26733],[8.9349,46.26749],[8.9356,46.26798],[8.93689,46.26838],[8.93762,46.26891],[8.93849,46.27058],[8.93948,46.27105],[8.93937,46.27183],[8.93989,46.27198],[8.94025,46.27237],[8.9402,46.27316],[8.94062,46.27387],[8.94054,46.27466],[8.94212,46.27573],[8.94284,46.2772],[8.94344,46.27735],[8.94398,46.27779],[8.94577,46.27857],[8.94643,46.28079],[8.94703,46.28132],[8.94681,46.28221],[8.94744,46.28256],[8.94764,46.28299],[8.94755,46.28338],[8.94665,46.28374],[8.94642,46.28404],[8.94642,46.28445],[8.9469,46.28511],[8.94643,46.28608],[8.94718,46.2864],[8.94742,46.28704],[8.94845,46.2874]]}},{"type":"Feature","properties":{"id":"nala-ti","c":"TI","p":"patent","q":"derived","k":"river"},"geometry":{"type":"MultiLineString","coordinates":[[[8.98819,46.31344],[8.98736,46.31213],[8.98718,46.31075],[8.98657,46.31022],[8.9854,46.31003],[8.98338,46.31017],[8.98201,46.30975]],[[9.05393,46.33606],[9.05045,46.33559],[9.04971,46.335],[9.05005,46.33457],[9.0495,46.33365],[9.04727,46.33219],[9.04666,46.33203],[9.04521,46.33206],[9.04236,46.33079],[9.04101,46.33041],[9.03972,46.33035],[9.03947,46.33048],[9.03897,46.33024],[9.03667,46.3305],[9.03615,46.33028],[9.03436,46.3304],[9.03236,46.33118],[9.02963,46.33097],[9.02941,46.33079],[9.02689,46.33025],[9.02589,46.32954],[9.02482,46.32933],[9.02405,46.32843],[9.02187,46.32807],[9.02048,46.3273],[9.02058,46.32621],[9.01794,46.32486],[9.01595,46.32448],[9.01532,46.3237],[9.0135,46.32294],[9.01099,46.32087],[9.01053,46.32036],[9.01053,46.31982],[9.01188,46.3192],[9.01193,46.3189],[9.00962,46.31664],[9.00837,46.3166],[9.00799,46.31695],[9.00724,46.317],[9.00649,46.31752],[9.00539,46.31718],[9.0014,46.31706],[8.99987,46.31647],[8.99936,46.31647],[8.99887,46.31667],[8.99861,46.31717],[8.99739,46.3176],[8.99707,46.31738],[8.99675,46.31659],[8.99608,46.31619],[8.99278,46.31598],[8.99102,46.31513],[8.99063,46.31451],[8.99003,46.31438],[8.98922,46.31378],[8.98857,46.31369]]]}},{"type":"Feature","properties":{"id":"ri-della-froda-ti","c":"TI","p":"patent","q":"derived","k":"river"},"geometry":{"type":"MultiLineString","coordinates":[[[8.98061,46.32931],[8.97964,46.32824],[8.97926,46.32642],[8.97875,46.32577]],[[9.02037,46.35201],[9.01924,46.35204],[9.01751,46.35254],[9.01344,46.35307],[9.01257,46.35348],[9.01173,46.35346],[9.01098,46.35379],[9.01099,46.35396],[9.0101,46.35421],[9.0085,46.35429],[9.00749,46.35512],[9.00652,46.35534],[9.00578,46.35501],[9.00378,46.35516],[9.00308,46.35477],[9.00171,46.35472],[9.00079,46.35484],[8.99968,46.35525],[8.99917,46.35564],[8.99862,46.35573],[8.9977,46.3555],[8.99613,46.3556],[8.99528,46.35538],[8.99339,46.35526],[8.99251,46.35482],[8.99172,46.35411],[8.99102,46.35411],[8.99061,46.35295],[8.98747,46.3517],[8.98599,46.35206],[8.98349,46.35142],[8.98236,46.35132],[8.98102,46.35187],[8.98019,46.35182],[8.97932,46.35225],[8.97864,46.35223],[8.97739,46.35294],[8.97571,46.35292],[8.97579,46.35086],[8.97663,46.34792],[8.97646,46.34764],[8.97494,46.34734],[8.97406,46.34641],[8.97514,46.34348],[8.97442,46.34197],[8.97446,46.34119],[8.97777,46.33606],[8.97801,46.33471],[8.9795,46.33171],[8.98069,46.33132],[8.98053,46.32941]]]}},{"type":"Feature","properties":{"id":"riale-d-iragna-ti","c":"TI","p":"patent","q":"derived","k":"river"},"geometry":{"type":"MultiLineString","coordinates":[[[8.92185,46.30653],[8.9222,46.30709],[8.92357,46.30816],[8.92682,46.31024],[8.92694,46.31088],[8.92753,46.31145],[8.92653,46.31304],[8.92623,46.31442],[8.92704,46.31556],[8.92798,46.31639],[8.92922,46.31806],[8.92944,46.31871],[8.93061,46.31879],[8.93176,46.31989],[8.93254,46.32007],[8.93327,46.32057],[8.93423,46.32083],[8.93557,46.3209],[8.93626,46.32123],[8.93789,46.32137],[8.94111,46.32312],[8.94149,46.32317],[8.94194,46.32407],[8.94369,46.32478],[8.94581,46.32595],[8.94938,46.32719],[8.95024,46.32726],[8.95246,46.32664],[8.95447,46.32683],[8.95592,46.32715],[8.95651,46.32711],[8.95753,46.32752],[8.95866,46.3277],[8.95886,46.32804],[8.96109,46.32791],[8.96175,46.32888],[8.96208,46.32903],[8.96539,46.32913]],[[8.96577,46.32911],[8.96984,46.32726],[8.97068,46.32731],[8.97229,46.32802]],[[8.97261,46.32835],[8.97296,46.32897]],[[8.97377,46.32925],[8.97621,46.32907]]]}},{"type":"Feature","properties":{"id":"rierna-ti","c":"TI","p":"patent","q":"derived","k":"river"},"geometry":{"type":"MultiLineString","coordinates":[[[8.87971,46.31922],[8.88103,46.32106],[8.88217,46.32136],[8.88368,46.32254],[8.88424,46.32416],[8.88555,46.32555],[8.8864,46.32598],[8.88697,46.32762],[8.88786,46.32873],[8.88798,46.32922],[8.88926,46.33026],[8.8895,46.33121],[8.89001,46.33199],[8.88929,46.33315],[8.88936,46.33358],[8.89036,46.3342],[8.89058,46.33469],[8.89184,46.33571],[8.89197,46.33614],[8.89371,46.33704],[8.89548,46.33744],[8.89862,46.34088],[8.89953,46.34098],[8.9012,46.3418],[8.90213,46.34199],[8.90268,46.34227],[8.90323,46.3429],[8.90444,46.3433],[8.9049,46.34337],[8.90584,46.34315],[8.90742,46.34475],[8.90892,46.3454],[8.90954,46.34588],[8.91033,46.34693],[8.9113,46.34766],[8.91075,46.34868],[8.91145,46.34928],[8.91238,46.34971],[8.9127,46.35041],[8.91348,46.35024],[8.9135,46.35059],[8.91391,46.35092],[8.91466,46.35102],[8.91483,46.3519],[8.91614,46.35177],[8.91794,46.35328],[8.91897,46.35343],[8.91879,46.35438],[8.91907,46.35471],[8.91975,46.35477],[8.92092,46.35442],[8.92135,46.35465],[8.92259,46.35698],[8.92192,46.35785],[8.92256,46.35827],[8.92314,46.35943]],[[8.92376,46.36165],[8.92367,46.36203],[8.9241,46.36221],[8.92378,46.36254],[8.92376,46.36359],[8.92454,46.36522],[8.92514,46.36516],[8.92552,46.36531],[8.9256,46.36663],[8.92739,46.36742],[8.92888,46.36701]]]}},{"type":"Feature","properties":{"id":"riale-di-val-gagnone-ti","c":"TI","p":"patent","q":"derived","k":"river"},"geometry":{"type":"LineString","coordinates":[[8.85358,46.3294],[8.85842,46.33029],[8.8608,46.33035],[8.86241,46.33011],[8.86428,46.32943],[8.86579,46.32852],[8.86676,46.32836],[8.86892,46.3298],[8.86946,46.32987],[8.87047,46.33092],[8.87122,46.33095],[8.87245,46.33142],[8.87329,46.33152],[8.87497,46.33232],[8.8754,46.33289],[8.87614,46.33338],[8.87842,46.33371],[8.87945,46.33431],[8.88172,46.33452],[8.88249,46.33408],[8.88318,46.33399],[8.88448,46.3344],[8.88685,46.33462],[8.8882,46.33529],[8.89153,46.3355]]}},{"type":"Feature","properties":{"id":"riale-di-bri-ti","c":"TI","p":"patent","q":"derived","k":"river"},"geometry":{"type":"LineString","coordinates":[[8.89228,46.31334],[8.89323,46.31424],[8.89309,46.31496],[8.8935,46.31572],[8.89339,46.31645],[8.89395,46.31738],[8.89485,46.32018],[8.89553,46.32124],[8.89565,46.32184],[8.89789,46.32374],[8.89939,46.32455],[8.90017,46.32525],[8.90054,46.3264],[8.90052,46.32738],[8.90096,46.32799],[8.9011,46.32875],[8.90275,46.33116],[8.90262,46.33198],[8.90536,46.33498],[8.90551,46.33589],[8.90609,46.33643],[8.90654,46.33752],[8.90721,46.338],[8.9073,46.33856],[8.90661,46.33909],[8.90642,46.34008],[8.90465,46.34136],[8.90443,46.34175],[8.90396,46.3418],[8.90417,46.34213],[8.90543,46.34243],[8.90547,46.34296],[8.90574,46.34312]]}},{"type":"Feature","properties":{"id":"lesgiuena-ti","c":"TI","p":"patent","q":"derived","k":"river"},"geometry":{"type":"MultiLineString","coordinates":[[[9.03278,46.35247],[9.03669,46.35285],[9.03825,46.35419],[9.03828,46.35462],[9.04002,46.35515],[9.04052,46.35576],[9.04161,46.35616],[9.04214,46.35706],[9.043,46.35785],[9.04475,46.35824],[9.04609,46.35891],[9.04684,46.35879],[9.04801,46.3591],[9.04853,46.35908],[9.04949,46.35953],[9.04988,46.36002],[9.05041,46.36026],[9.05191,46.36039],[9.05336,46.36026],[9.05365,46.36049],[9.05344,46.36104],[9.05396,46.3616],[9.05541,46.36194],[9.05541,46.36227],[9.05597,46.36275],[9.0562,46.36368],[9.05543,46.36536],[9.05547,46.3667],[9.0559,46.36743],[9.0554,46.368],[9.05536,46.36886],[9.0548,46.36927],[9.055,46.3697],[9.05468,46.37004],[9.05493,46.3706],[9.05418,46.37126],[9.05449,46.37201],[9.05306,46.37302],[9.05073,46.37574],[9.04949,46.37633],[9.04814,46.37623],[9.04744,46.37655],[9.04347,46.376],[9.04198,46.37648],[9.0406,46.3766],[9.03975,46.37732],[9.03827,46.37735],[9.0376,46.37759],[9.03689,46.37831],[9.03499,46.37893],[9.0334,46.38009],[9.03225,46.38042],[9.03146,46.38115],[9.03058,46.38136],[9.02969,46.38121],[9.02904,46.3813],[9.02741,46.38214],[9.0261,46.38179],[9.0252,46.38194],[9.02349,46.38187],[9.0228,46.38149],[9.01995,46.38116],[9.01947,46.38178],[9.01877,46.38221],[9.01785,46.38233],[9.01713,46.38294],[9.01526,46.38383],[9.01406,46.38382],[9.01327,46.38445],[9.0123,46.38484],[9.0099,46.38478],[9.00857,46.38532],[9.00677,46.38499],[9.00613,46.38508],[9.00451,46.38484],[9.00269,46.38385],[9.00217,46.3839],[9.00046,46.3836],[8.9969,46.38416],[8.99587,46.38411],[8.99375,46.38463],[8.99359,46.38543],[8.99293,46.3859],[8.99156,46.38613],[8.99094,46.38716],[8.98932,46.38794],[8.98678,46.38789],[8.98499,46.38833],[8.98019,46.38819],[8.97626,46.38657]],[[9.03008,46.35144],[9.0312,46.35228],[9.03256,46.35235]]]}},{"type":"Feature","properties":{"id":"lesgiuena-ti-2","c":"TI","p":"patent","q":"derived","k":"river"},"geometry":{"type":"LineString","coordinates":[[9.08755,46.35964],[9.08536,46.36196],[9.08444,46.3622],[9.08349,46.363],[9.08319,46.36392],[9.08331,46.36527],[9.08222,46.36626],[9.08198,46.36766],[9.08161,46.36802],[9.08153,46.36851],[9.08105,46.36875],[9.08008,46.37],[9.07959,46.37133],[9.07889,46.37209],[9.0786,46.37325],[9.07758,46.37417],[9.07526,46.37507],[9.07411,46.3758],[9.06946,46.37618],[9.06862,46.37586],[9.06579,46.37624],[9.06529,46.37616],[9.06213,46.37522],[9.06098,46.37506],[9.06035,46.37441],[9.05982,46.37421],[9.0588,46.3741],[9.05814,46.37379],[9.05725,46.37381],[9.05632,46.37341],[9.05653,46.37275],[9.05616,46.37242],[9.05449,46.37201]]}},{"type":"Feature","properties":{"id":"riale-di-semione-ti","c":"TI","p":"patent","q":"derived","k":"river"},"geometry":{"type":"LineString","coordinates":[[8.94981,46.41875],[8.95032,46.41927],[8.95142,46.41948],[8.95483,46.41982],[8.95639,46.41978],[8.95716,46.41995],[8.95844,46.41974],[8.95921,46.41918],[8.96034,46.41888],[8.96125,46.41938],[8.96345,46.4195],[8.96461,46.4189],[8.96581,46.41724],[8.96722,46.41728],[8.96809,46.4171],[8.96836,46.41735],[8.96954,46.41732],[8.97113,46.41689],[8.97211,46.41606],[8.97224,46.41538],[8.972,46.41498],[8.9723,46.41403],[8.97254,46.41389],[8.97288,46.41395],[8.97351,46.41328],[8.97408,46.41179],[8.97271,46.41094],[8.97237,46.4094],[8.97402,46.40863],[8.97378,46.40779],[8.9739,46.40629],[8.97488,46.40511],[8.97548,46.40346],[8.97488,46.40049],[8.97528,46.39988],[8.97474,46.39947],[8.97408,46.39692],[8.97338,46.39582],[8.97377,46.39443],[8.97378,46.39268],[8.97333,46.39164],[8.97275,46.39122],[8.97328,46.38972],[8.97301,46.38905],[8.97247,46.38881],[8.97311,46.38715],[8.97383,46.3862],[8.97365,46.38515],[8.97405,46.3848],[8.97406,46.38441],[8.97459,46.38431],[8.97485,46.38354]]}},{"type":"Feature","properties":{"id":"orino-ti","c":"TI","p":"patent","q":"derived","k":"river"},"geometry":{"type":"MultiLineString","coordinates":[[[9.02135,46.42407],[9.01858,46.42249],[9.01645,46.42221],[9.01618,46.42174],[9.0151,46.42112],[9.01415,46.42087],[9.01339,46.42027],[9.01189,46.42019],[9.01102,46.41955],[9.00973,46.41917],[9.00785,46.41827],[9.00695,46.41754],[9.00623,46.41652],[9.00563,46.41635],[9.00478,46.41544],[9.00392,46.41503],[9.00328,46.41495],[9.0032,46.41424],[9.00289,46.41387],[9.00181,46.41331],[9.00087,46.41355],[8.99833,46.41287],[8.99831,46.41218],[8.99672,46.41141],[8.99591,46.41053],[8.99539,46.41044],[8.99403,46.41065],[8.99214,46.41007],[8.9904,46.41028],[8.9884,46.40953],[8.98778,46.41018],[8.98791,46.41048],[8.98673,46.41124],[8.98539,46.41135],[8.9843,46.41109],[8.98357,46.41119],[8.98168,46.41041],[8.97943,46.40905],[8.97876,46.40699],[8.97864,46.40581],[8.97764,46.40379],[8.97716,46.40364]],[[9.03903,46.48465],[9.03735,46.48465],[9.03509,46.48509],[9.03289,46.48449],[9.03109,46.48436],[9.02873,46.48365],[9.02821,46.48323],[9.02788,46.48226],[9.02691,46.48194],[9.02551,46.48191],[9.0247,46.4817],[9.02445,46.48087],[9.02381,46.48022],[9.02311,46.47971],[9.02242,46.47955],[9.02223,46.47898],[9.02169,46.4785],[9.02178,46.47796],[9.02154,46.47747],[9.02037,46.47696],[9.02066,46.47336],[9.02096,46.47278],[9.02121,46.47079],[9.02159,46.4704],[9.02258,46.46967],[9.02576,46.4687],[9.02663,46.46818],[9.02742,46.46797],[9.02772,46.46769],[9.02772,46.46729],[9.02842,46.46719],[9.02853,46.46691],[9.02968,46.46634],[9.03064,46.46618],[9.03214,46.46527],[9.03465,46.4644],[9.03503,46.46392],[9.03521,46.4631],[9.03501,46.46243],[9.03551,46.46184],[9.03777,46.46141],[9.03827,46.4611],[9.0398,46.461],[9.04193,46.45999],[9.04281,46.45872],[9.04391,46.45795],[9.04504,46.45756],[9.04514,46.45704],[9.04625,46.45578],[9.04688,46.45545],[9.04738,46.45547],[9.04761,46.45511],[9.04854,46.45456],[9.04878,46.45369],[9.04973,46.45333],[9.0515,46.45181],[9.05297,46.45089],[9.05342,46.45033],[9.05332,46.44951],[9.05409,46.44865],[9.0541,46.44822],[9.05365,46.44758],[9.05406,46.44581],[9.05393,46.44525],[9.0534,46.44482],[9.05214,46.44449],[9.05189,46.44415],[9.05215,46.44348],[9.0519,46.4428],[9.05226,46.44217],[9.05297,46.44156],[9.05208,46.43997],[9.05177,46.4388],[9.05176,46.43836],[9.05221,46.4378],[9.0516,46.43746],[9.05116,46.43587],[9.05033,46.43546],[9.04987,46.43499],[9.04905,46.43399],[9.04816,46.43234],[9.04756,46.4319],[9.04574,46.43155],[9.04464,46.43102],[9.04384,46.43101],[9.04309,46.43035],[9.04004,46.42957],[9.03938,46.42961],[9.03631,46.42902],[9.0356,46.42797],[9.03512,46.42779]]]}},{"type":"Feature","properties":{"id":"riale-val-combra-ti","c":"TI","p":"patent","q":"derived","k":"river"},"geometry":{"type":"LineString","coordinates":[[9.08283,46.40391],[9.07768,46.40443],[9.07663,46.40431],[9.07537,46.40344],[9.07474,46.40266],[9.07368,46.40219],[9.07333,46.40164],[9.07338,46.40033],[9.06894,46.39959],[9.06585,46.40006],[9.0628,46.40144],[9.06171,46.40131],[9.06113,46.40169],[9.05924,46.40234],[9.05764,46.40219],[9.05719,46.40267],[9.05434,46.40389],[9.05384,46.40449],[9.05295,46.4048],[9.052,46.40462],[9.05094,46.40477],[9.05015,46.40461],[9.04948,46.40476],[9.04832,46.40571],[9.04696,46.40645],[9.04623,46.40741],[9.04517,46.40805],[9.04417,46.40818],[9.04344,46.4086],[9.04193,46.40871],[9.04082,46.40929],[9.03974,46.40914],[9.03813,46.40988],[9.03663,46.4098],[9.03596,46.41018],[9.03466,46.41046],[9.03357,46.4103],[9.03238,46.41067],[9.03139,46.41163],[9.02977,46.41254],[9.02934,46.41444],[9.02731,46.4164],[9.02722,46.41746],[9.02653,46.41794],[9.02658,46.41854],[9.02603,46.41948],[9.02511,46.41977],[9.02472,46.4201],[9.02395,46.42013],[9.02352,46.42058],[9.02354,46.42093]]}},{"type":"Feature","properties":{"id":"val-madra-ti","c":"TI","p":"patent","q":"derived","k":"river"},"geometry":{"type":"LineString","coordinates":[[9.08884,46.42055],[9.08749,46.42047],[9.08692,46.42016],[9.08519,46.42012],[9.08377,46.41907],[9.08282,46.4187],[9.08243,46.41874],[9.08167,46.41916],[9.08081,46.41925],[9.07937,46.41996],[9.07865,46.42052],[9.07625,46.42094],[9.07543,46.42081],[9.07307,46.42128],[9.07166,46.42134],[9.06941,46.42194],[9.06824,46.42199],[9.06677,46.4227],[9.0656,46.42268],[9.06462,46.42295],[9.06401,46.42347],[9.06385,46.42413],[9.06237,46.42501],[9.06142,46.42502],[9.06028,46.42556],[9.05934,46.42575],[9.05747,46.42771],[9.05609,46.42798],[9.0554,46.42839],[9.05467,46.42854],[9.05389,46.4291],[9.05322,46.42912],[9.04958,46.43038],[9.04888,46.43037],[9.04705,46.43085],[9.04627,46.43078],[9.0458,46.43095],[9.04439,46.4306],[9.04379,46.43027],[9.04299,46.43035]]}},{"type":"Feature","properties":{"id":"ri-di-costa-ti","c":"TI","p":"patent","q":"derived","k":"river"},"geometry":{"type":"LineString","coordinates":[[9.08316,46.46173],[9.08174,46.46139],[9.08,46.46163],[9.0778,46.46065],[9.07577,46.46046],[9.07486,46.45976],[9.07427,46.45983],[9.07269,46.46067],[9.07138,46.46044],[9.07126,46.45974],[9.07084,46.45939],[9.07001,46.45961],[9.06828,46.45929],[9.06696,46.45976],[9.06497,46.45991],[9.06421,46.46027],[9.06342,46.46014],[9.06306,46.4597],[9.06273,46.45972],[9.0625,46.45915],[9.06016,46.45929],[9.0594,46.45884],[9.05744,46.45885],[9.05635,46.4582],[9.05572,46.45827],[9.05516,46.45868],[9.05337,46.45806],[9.05153,46.45828],[9.05093,46.45786],[9.05006,46.45758],[9.04895,46.4576],[9.04814,46.45723],[9.04782,46.45647],[9.04743,46.45622],[9.04782,46.45557],[9.04751,46.45531]]}},{"type":"Feature","properties":{"id":"riale-dongia-ti","c":"TI","p":"patent","q":"derived","k":"river"},"geometry":{"type":"LineString","coordinates":[[8.98348,46.46285],[8.98336,46.46243],[8.98287,46.46196],[8.98233,46.46208],[8.98239,46.46139],[8.98263,46.4609],[8.98326,46.46064],[8.98397,46.46002],[8.98388,46.45886],[8.98324,46.45825],[8.98242,46.45682],[8.98246,46.45616],[8.98204,46.45505],[8.98139,46.45494],[8.98122,46.45457],[8.98028,46.45426],[8.97896,46.45272],[8.97696,46.45255],[8.97655,46.4517],[8.97725,46.44878],[8.97852,46.44704],[8.97934,46.44639],[8.97938,46.44583],[8.97896,46.44513],[8.97914,46.44443],[8.97862,46.44383],[8.97688,46.44301],[8.97589,46.44205],[8.97648,46.43998],[8.97637,46.43848],[8.97553,46.43625],[8.97535,46.43496],[8.97565,46.43401],[8.97529,46.43365],[8.97452,46.43163],[8.97463,46.43073],[8.97397,46.42958],[8.97277,46.42948],[8.97003,46.4287],[8.96957,46.42788],[8.96997,46.42717]]}},{"type":"Feature","properties":{"id":"riale-di-corzoneso-ti","c":"TI","p":"patent","q":"derived","k":"river"},"geometry":{"type":"LineString","coordinates":[[8.91118,46.43731],[8.91191,46.43728],[8.91454,46.43793],[8.91622,46.4381],[8.91756,46.43865],[8.92061,46.43886],[8.92165,46.43909],[8.92302,46.43968],[8.92321,46.44018],[8.92432,46.44086],[8.92524,46.4411],[8.92668,46.4419],[8.92772,46.44212],[8.92844,46.44288],[8.92939,46.4434],[8.93231,46.44444],[8.93352,46.44463],[8.93381,46.44498],[8.93371,46.44633],[8.93421,46.44653],[8.93523,46.44666],[8.93636,46.44524],[8.93942,46.4437],[8.94029,46.44368],[8.942,46.4446],[8.94681,46.44585]]}},{"type":"Feature","properties":{"id":"riale-di-casserio-ti","c":"TI","p":"patent","q":"derived","k":"river"},"geometry":{"type":"LineString","coordinates":[[8.928,46.42555],[8.92869,46.42652],[8.93013,46.42786],[8.93026,46.42912],[8.9308,46.43017],[8.93156,46.43088],[8.93219,46.4321],[8.93348,46.43334],[8.93381,46.43417],[8.93804,46.43698],[8.93923,46.43939],[8.94107,46.43968],[8.94252,46.43954],[8.9458,46.43983],[8.94724,46.43915],[8.94782,46.43906],[8.94829,46.43865],[8.94954,46.43815],[8.9499,46.43814],[8.95031,46.43842],[8.95155,46.43698],[8.95218,46.43516],[8.95282,46.43488]]}},{"type":"Feature","properties":{"id":"riale-di-comprovasco-ti","c":"TI","p":"patent","q":"derived","k":"river"},"geometry":{"type":"LineString","coordinates":[[8.89765,46.45749],[8.8992,46.45778],[8.8998,46.45763],[8.90071,46.45786],[8.90165,46.45787],[8.90267,46.45825],[8.90324,46.45821],[8.90419,46.45769],[8.9054,46.45739],[8.90703,46.45771],[8.90877,46.45773],[8.91105,46.45732],[8.91165,46.45739],[8.91245,46.45806],[8.91389,46.45827],[8.9143,46.45815],[8.91495,46.45735],[8.91637,46.45669],[8.91687,46.45607],[8.91818,46.45514],[8.91938,46.45481],[8.92069,46.45482],[8.92141,46.45432],[8.92182,46.45425],[8.92396,46.45441],[8.92517,46.4548],[8.9257,46.45524],[8.92665,46.45562],[8.92799,46.45551],[8.92893,46.45628],[8.92931,46.45689],[8.9308,46.45738],[8.93222,46.45678],[8.93344,46.45655],[8.93461,46.45511],[8.93625,46.454],[8.93843,46.45386],[8.94027,46.45414],[8.94083,46.45397]]}},{"type":"Feature","properties":{"id":"ri-di-prugiasco-ti","c":"TI","p":"patent","q":"derived","k":"river"},"geometry":{"type":"LineString","coordinates":[[8.87595,46.47074],[8.87764,46.47012],[8.87962,46.47007],[8.88222,46.4697],[8.8835,46.46887],[8.88538,46.46813],[8.88646,46.46793],[8.88783,46.46809],[8.89037,46.46768],[8.89139,46.46793],[8.89236,46.46758],[8.89598,46.46734],[8.897,46.46762],[8.89814,46.4676],[8.90101,46.46687],[8.90244,46.46609],[8.90455,46.46568],[8.9066,46.46561],[8.90798,46.46497],[8.90887,46.46431],[8.91085,46.46364],[8.91317,46.4635],[8.91558,46.46272],[8.91653,46.46276],[8.91706,46.46315],[8.9191,46.46287],[8.91978,46.46299],[8.92019,46.46274],[8.92148,46.46277],[8.92194,46.46235],[8.92473,46.46157],[8.92551,46.46091],[8.92636,46.46071],[8.92846,46.46073],[8.92944,46.46033],[8.93098,46.46031],[8.93214,46.45976],[8.93459,46.45986],[8.93664,46.45947],[8.93953,46.45993]]}},{"type":"Feature","properties":{"id":"uregn-ti","c":"TI","p":"patent","q":"derived","k":"river"},"geometry":{"type":"LineString","coordinates":[[8.87861,46.48344],[8.87988,46.48247],[8.87985,46.48208],[8.88103,46.48107],[8.88132,46.48056],[8.8837,46.47956],[8.88435,46.47953],[8.88562,46.47906],[8.88731,46.47893],[8.88906,46.47791],[8.89003,46.4779],[8.89056,46.47735],[8.8907,46.47662],[8.89311,46.47521],[8.89346,46.4746],[8.8952,46.47413],[8.89619,46.47347],[8.89769,46.47326],[8.89996,46.47335],[8.90326,46.47247],[8.90467,46.47258],[8.90714,46.47176],[8.90871,46.47209],[8.91254,46.47055],[8.91348,46.46992],[8.91336,46.46953],[8.91436,46.46901],[8.91591,46.46857],[8.91648,46.46804],[8.91736,46.46777],[8.91891,46.46691],[8.92317,46.46667],[8.92424,46.46634],[8.92602,46.46616],[8.92689,46.46634],[8.92849,46.46591],[8.92922,46.46636],[8.92987,46.46648],[8.9322,46.46605],[8.93494,46.46638],[8.93638,46.46609],[8.93747,46.46552]]}},{"type":"Feature","properties":{"id":"fruda-ti","c":"TI","p":"patent","q":"derived","k":"river"},"geometry":{"type":"LineString","coordinates":[[8.87308,46.48994],[8.87455,46.48986],[8.87524,46.48965],[8.878,46.48978],[8.87904,46.4891],[8.88045,46.48905],[8.88158,46.48815],[8.88416,46.48738],[8.88524,46.48682],[8.88638,46.48658],[8.88684,46.48629],[8.88921,46.48576],[8.89117,46.48567],[8.89273,46.48486],[8.89357,46.48467],[8.89487,46.48471],[8.89604,46.48513],[8.8976,46.48538],[8.89932,46.48517],[8.90051,46.48526],[8.90288,46.48485],[8.90514,46.48411],[8.90905,46.48181],[8.90999,46.48175],[8.91124,46.48204],[8.91229,46.48201],[8.9131,46.48068],[8.9139,46.48038],[8.91463,46.48032],[8.91731,46.47918],[8.92008,46.47722],[8.92375,46.47553],[8.92599,46.4752],[8.92723,46.47535],[8.93037,46.47472],[8.9315,46.47429],[8.93386,46.47414],[8.93647,46.47327]]}},{"type":"Feature","properties":{"id":"riale-di-teia-ti","c":"TI","p":"patent","q":"derived","k":"river"},"geometry":{"type":"LineString","coordinates":[[8.90892,46.49323],[8.90941,46.49304],[8.91007,46.49235],[8.91069,46.49211],[8.91141,46.4921],[8.91226,46.49172],[8.91765,46.48884],[8.92019,46.48733],[8.92067,46.48664],[8.92142,46.48636],[8.92352,46.48503],[8.92402,46.48417],[8.92509,46.48331],[8.92489,46.48273],[8.92448,46.48246],[8.92434,46.48157],[8.92458,46.48107],[8.92562,46.48058],[8.92877,46.47982],[8.93008,46.47875],[8.93339,46.47718],[8.93655,46.4748]]}},{"type":"Feature","properties":{"id":"riale-di-ponto-valentino-ti","c":"TI","p":"patent","q":"derived","k":"river"},"geometry":{"type":"LineString","coordinates":[[8.91036,46.49625],[8.91096,46.49567],[8.91198,46.49521],[8.9124,46.49471],[8.91505,46.49338],[8.91587,46.49248],[8.91737,46.49201],[8.92069,46.49021],[8.92187,46.48977],[8.92212,46.48944],[8.92409,46.48837],[8.92566,46.48783],[8.92691,46.48777],[8.92836,46.48697],[8.92915,46.48537],[8.93027,46.48423],[8.93141,46.48336],[8.9341,46.48209],[8.935,46.48133],[8.93515,46.48096],[8.93448,46.47931],[8.93463,46.47831],[8.93493,46.47773],[8.93576,46.47696],[8.93695,46.47663]]}},{"type":"Feature","properties":{"id":"riale-soia-ti","c":"TI","p":"patent","q":"derived","k":"river"},"geometry":{"type":"LineString","coordinates":[[9.01166,46.4918],[9.01114,46.49137],[9.01139,46.49109],[9.01096,46.49041],[9.01089,46.48961],[9.01018,46.48865],[9.00799,46.48878],[9.0056,46.48813],[9.0008,46.48795],[8.99967,46.48835],[8.99393,46.48963],[8.99335,46.49045],[8.99021,46.49199],[8.98956,46.49214],[8.98854,46.49209],[8.98782,46.49227],[8.98733,46.49261],[8.9857,46.49255],[8.98213,46.49321],[8.9808,46.49322],[8.98033,46.49301],[8.97985,46.49328],[8.9791,46.49339],[8.97812,46.49393],[8.97702,46.49382],[8.97613,46.49412],[8.97513,46.49482],[8.97312,46.49455],[8.97133,46.49516],[8.97043,46.49501],[8.97,46.49525],[8.96977,46.49583],[8.96941,46.49603],[8.9679,46.49606],[8.96691,46.49665],[8.96449,46.49716],[8.96227,46.49675],[8.96189,46.49643],[8.96123,46.49455],[8.95929,46.49309],[8.95788,46.49243],[8.9574,46.49241],[8.95643,46.49285],[8.95348,46.4926],[8.95293,46.49292],[8.95182,46.49303],[8.95096,46.49338],[8.95057,46.49331],[8.94919,46.49382],[8.94819,46.49395],[8.94698,46.49376]]}},{"type":"Feature","properties":{"id":"ri-di-piera-ti","c":"TI","p":"patent","q":"derived","k":"river"},"geometry":{"type":"LineString","coordinates":[[8.86248,46.53583],[8.86343,46.5348],[8.86401,46.53308],[8.86465,46.53218],[8.86681,46.53148],[8.86731,46.53149],[8.86833,46.53077],[8.86892,46.53075],[8.86909,46.53045],[8.86972,46.53016],[8.8702,46.53023],[8.87083,46.52973],[8.8721,46.52951],[8.87614,46.52947],[8.87761,46.52983],[8.87887,46.52992],[8.88168,46.52915],[8.88254,46.52864],[8.88325,46.52864],[8.88419,46.52814],[8.88659,46.52762],[8.88712,46.52781],[8.88809,46.5276],[8.88889,46.52791],[8.8902,46.52791],[8.891,46.52761],[8.89146,46.52768],[8.89335,46.5268],[8.89459,46.52673],[8.89589,46.52608],[8.89907,46.52558],[8.9033,46.5257],[8.90636,46.52484],[8.90751,46.52503],[8.90885,46.526],[8.9103,46.52574],[8.91111,46.52654],[8.91199,46.52654],[8.91271,46.5271],[8.91403,46.52738],[8.91542,46.5272],[8.91659,46.5275],[8.91818,46.52686],[8.91995,46.5264],[8.9209,46.52639],[8.92243,46.52671],[8.92289,46.52646]]}},{"type":"Feature","properties":{"id":"ri-di-broenich-ti","c":"TI","p":"patent","q":"derived","k":"river"},"geometry":{"type":"MultiLineString","coordinates":[[[8.77463,46.53327],[8.77725,46.53307],[8.77966,46.53192],[8.78113,46.53214],[8.78179,46.53203],[8.78254,46.53225],[8.78347,46.53207],[8.7843,46.53224],[8.78514,46.532],[8.7853,46.53169],[8.78579,46.53183],[8.78589,46.53215]],[[8.78775,46.5315],[8.78806,46.53175],[8.78928,46.5319],[8.79069,46.53167],[8.79151,46.53203],[8.79175,46.53239],[8.79239,46.53253],[8.79432,46.53224],[8.79499,46.53177],[8.79597,46.5315],[8.79865,46.53149],[8.79974,46.53173],[8.79951,46.53227],[8.80005,46.53293],[8.80348,46.53342],[8.80486,46.53397],[8.81141,46.53487],[8.81423,46.53468],[8.816,46.53489],[8.8169,46.53466],[8.81759,46.53487],[8.81895,46.5346],[8.81985,46.53482],[8.82109,46.53473],[8.82139,46.53437],[8.82211,46.53421],[8.82228,46.53373],[8.82254,46.53362],[8.82408,46.5339],[8.8249,46.53432],[8.82648,46.53385],[8.82745,46.53402],[8.82853,46.53393],[8.82983,46.53355],[8.83065,46.53401],[8.83517,46.53258],[8.83637,46.53193],[8.8379,46.53199],[8.83829,46.53178],[8.83826,46.53136],[8.83852,46.53122],[8.83972,46.53098],[8.84027,46.53108],[8.84094,46.53078],[8.84223,46.53104]]]}},{"type":"Feature","properties":{"id":"ri-di-carassino-ti","c":"TI","p":"patent","q":"derived","k":"river"},"geometry":{"type":"MultiLineString","coordinates":[[[8.96732,46.54655],[8.96604,46.54718],[8.96543,46.5472],[8.9639,46.54621],[8.96283,46.54585],[8.96221,46.5451],[8.96229,46.54423],[8.9618,46.54342],[8.96186,46.54261],[8.9604,46.54149],[8.95997,46.53959],[8.95855,46.53819],[8.9571,46.53714],[8.95463,46.53661],[8.95351,46.53663],[8.95214,46.5361],[8.94885,46.53679],[8.94674,46.53632],[8.94561,46.53639],[8.94492,46.53605],[8.94386,46.53598],[8.94266,46.53625],[8.94181,46.53671]],[[8.99986,46.50033],[8.99804,46.50128],[8.998,46.50226],[8.99748,46.50285],[8.99757,46.50346],[8.998,46.50384],[8.99755,46.50422],[8.99763,46.50445],[8.99731,46.50482],[8.99629,46.50544],[8.99609,46.50583],[8.99543,46.50605],[8.99552,46.50691],[8.99455,46.50775],[8.99468,46.50808],[8.99424,46.5084],[8.99426,46.50879],[8.99377,46.50902],[8.99388,46.50943],[8.9935,46.50987],[8.99387,46.51033],[8.99406,46.51119],[8.99382,46.51312],[8.99333,46.51382],[8.99354,46.51434],[8.99321,46.51465],[8.99318,46.51563],[8.99353,46.5161],[8.99316,46.51665],[8.99378,46.51736],[8.99325,46.51757],[8.99333,46.51811],[8.99278,46.51927],[8.99155,46.52058],[8.99134,46.52134],[8.99025,46.52236],[8.98908,46.52303],[8.98843,46.52468],[8.98719,46.52563],[8.98709,46.52674],[8.98544,46.5274],[8.98501,46.52792],[8.98493,46.52871],[8.98409,46.52902],[8.98287,46.53061],[8.98224,46.53095],[8.98221,46.53132],[8.98141,46.53202],[8.9804,46.53243],[8.98044,46.53303],[8.98017,46.53357],[8.97786,46.53562],[8.97649,46.53769],[8.97491,46.53848],[8.97496,46.53952],[8.97419,46.54025],[8.97406,46.54077],[8.97185,46.54227],[8.97127,46.54233]]]}},{"type":"Feature","properties":{"id":"fiume-de-orsaira-ti","c":"TI","p":"patent","q":"derived","k":"river"},"geometry":{"type":"LineString","coordinates":[[8.86433,46.56537],[8.86977,46.56561],[8.88146,46.56747],[8.88334,46.56728],[8.88618,46.56649],[8.88656,46.56604],[8.88718,46.56575],[8.8872,46.56513],[8.88771,46.56505],[8.88806,46.56465],[8.88894,46.5644],[8.88912,46.5642],[8.88957,46.56422],[8.89011,46.56359],[8.8907,46.56328],[8.89203,46.56299],[8.893,46.56312],[8.89413,46.56296],[8.89534,46.56306],[8.89655,46.56338],[8.89779,46.56338],[8.89903,46.56314],[8.89984,46.56289],[8.90027,46.56235],[8.90121,46.56205],[8.90211,46.56201],[8.90349,46.56106],[8.90622,46.55967],[8.90793,46.55943],[8.90905,46.55883],[8.91028,46.55876],[8.91176,46.55738],[8.91155,46.55632],[8.91287,46.55533],[8.9127,46.55471],[8.91294,46.5544],[8.91492,46.55441],[8.91597,46.55468],[8.91646,46.55546],[8.91774,46.55573],[8.91894,46.5554],[8.92092,46.55547],[8.92147,46.55523],[8.92324,46.55559],[8.92404,46.55543],[8.92526,46.55593],[8.92539,46.55623],[8.9261,46.55666],[8.92741,46.55657],[8.92824,46.55685],[8.92962,46.55792],[8.93079,46.55782],[8.93157,46.55742],[8.93257,46.55734],[8.93436,46.55647],[8.93495,46.55667],[8.93572,46.5565],[8.9372,46.55563],[8.93847,46.5553],[8.93886,46.55458],[8.93947,46.55424],[8.93979,46.55372]]}},{"type":"Feature","properties":{"id":"ri-di-gana-negra-ti","c":"TI","p":"patent","q":"derived","k":"river"},"geometry":{"type":"LineString","coordinates":[[8.8524,46.5561],[8.85369,46.55634],[8.85443,46.55596],[8.85503,46.55615],[8.85845,46.55607],[8.85887,46.55635],[8.8603,46.55644],[8.86059,46.55696],[8.86108,46.55717],[8.8623,46.55693],[8.86289,46.55721],[8.86351,46.55704],[8.86382,46.55719],[8.86422,46.55701],[8.86479,46.55739],[8.86649,46.5578],[8.86909,46.55759],[8.8697,46.55773],[8.87076,46.55743],[8.87228,46.55735],[8.87366,46.55758],[8.87409,46.5574],[8.87631,46.55752],[8.87641,46.55735],[8.8767,46.55764],[8.87713,46.55767],[8.87747,46.55809],[8.87866,46.55829],[8.88109,46.55809],[8.88186,46.55737],[8.88231,46.55736],[8.88286,46.55703],[8.88515,46.55676],[8.88558,46.55703],[8.88652,46.5572],[8.88712,46.55704],[8.88808,46.55733],[8.88919,46.55731],[8.89084,46.5581],[8.89251,46.5582],[8.89647,46.5577],[8.89859,46.55857],[8.89942,46.55867],[8.90034,46.55931],[8.90047,46.55968],[8.90112,46.55995],[8.90238,46.55986],[8.90399,46.56014],[8.90486,46.56],[8.90538,46.56019]]}},{"type":"Feature","properties":{"id":"ri-di-stabbio-nuovo-ti","c":"TI","p":"patent","q":"derived","k":"river"},"geometry":{"type":"LineString","coordinates":[[8.85192,46.55255],[8.85274,46.5529],[8.85384,46.55304],[8.85579,46.55252],[8.85668,46.55249],[8.85713,46.55219],[8.85818,46.55211],[8.85953,46.55243],[8.86059,46.55301],[8.86131,46.55302],[8.86215,46.55284],[8.86396,46.55164],[8.86486,46.55162],[8.86502,46.55145],[8.86657,46.55114],[8.86977,46.55187],[8.87086,46.55263],[8.87169,46.55253],[8.87222,46.55294],[8.87549,46.55303],[8.87559,46.55344],[8.8769,46.55415],[8.87866,46.55445],[8.87996,46.55508],[8.88078,46.55519],[8.88111,46.55502],[8.88264,46.55535],[8.88371,46.55516],[8.88435,46.55538],[8.88512,46.55516],[8.88581,46.55535],[8.88644,46.55574],[8.88782,46.55603],[8.88896,46.55727]]}},{"type":"Feature","properties":{"id":"riale-di-luzzone-ti","c":"TI","p":"patent","q":"derived","k":"river"},"geometry":{"type":"MultiLineString","coordinates":[[[8.96307,46.56317],[8.96261,46.56333],[8.96047,46.56323],[8.9592,46.56294],[8.95771,46.56189],[8.95681,46.56067],[8.95546,46.56029],[8.95463,46.55954],[8.95378,46.55914],[8.95182,46.55889],[8.95127,46.55902],[8.95085,46.55935],[8.95027,46.5593],[8.94846,46.55874],[8.94748,46.55799],[8.94618,46.55751],[8.94563,46.55767],[8.945,46.55868],[8.9445,46.55883],[8.94398,46.55871],[8.94364,46.55828],[8.94346,46.55697],[8.94238,46.55591],[8.94086,46.55556],[8.94087,46.55474]],[[9.02796,46.57689],[9.02781,46.57734],[9.02806,46.57814],[9.02743,46.58016],[9.02622,46.58153],[9.02535,46.58176],[9.02515,46.58222],[9.02443,46.58274],[9.02483,46.58346],[9.02475,46.58371],[9.02384,46.58421],[9.02055,46.58503],[9.02002,46.58503],[9.01893,46.58463],[9.01627,46.58447],[9.01464,46.58373],[9.01395,46.58373],[9.01177,46.58325],[9.00757,46.58405],[9.00238,46.58429],[8.9996,46.58411],[8.99849,46.58349],[8.99763,46.58349],[8.99703,46.58326],[8.99629,46.58229],[8.99534,46.58181],[8.99462,46.5817],[8.99377,46.58098],[8.99335,46.58102],[8.99294,46.58037]]]}},{"type":"Feature","properties":{"id":"ri-di-cavallasca-ti","c":"TI","p":"patent","q":"derived","k":"river"},"geometry":{"type":"LineString","coordinates":[[8.96224,46.60153],[8.96711,46.60106],[8.96754,46.60084],[8.9675,46.60053],[8.96805,46.60013],[8.96861,46.59918],[8.96849,46.59839],[8.96889,46.59764],[8.96904,46.59649],[8.96954,46.59573],[8.9694,46.59458],[8.96956,46.59425],[8.96912,46.59374],[8.96892,46.59246],[8.96955,46.59165],[8.96982,46.59025],[8.96929,46.58936],[8.96925,46.58799],[8.96985,46.58652],[8.97065,46.58555],[8.97002,46.58398],[8.9715,46.58328],[8.97158,46.58254],[8.97267,46.58089],[8.97258,46.58032],[8.97462,46.57986],[8.97545,46.57905],[8.97542,46.57886],[8.97658,46.57859],[8.97708,46.57823],[8.97774,46.57642],[8.97918,46.57536],[8.97865,46.57502],[8.97899,46.57409]]}},{"type":"Feature","properties":{"id":"ri-di-scaradra-ti","c":"TI","p":"patent","q":"derived","k":"river"},"geometry":{"type":"LineString","coordinates":[[9.01317,46.55401],[9.0103,46.55395],[9.00756,46.55259],[9.00731,46.5523],[9.00621,46.55272],[9.00619,46.55335],[9.00563,46.55382],[9.00577,46.55407],[9.0054,46.55434],[9.00446,46.55453],[9.00216,46.55442],[9.0018,46.55455],[9.00126,46.55496],[9.00138,46.55549],[9.00034,46.55675],[9.00029,46.55744],[8.99934,46.55817],[8.99919,46.55879],[8.99886,46.55893],[8.99854,46.55955],[8.998,46.55985],[8.99716,46.5612],[8.99719,46.56152],[8.99672,46.56158],[8.99646,46.5619],[8.99494,46.56254],[8.99452,46.5634],[8.99331,46.56482],[8.99163,46.56591],[8.99115,46.56661],[8.99012,46.5671],[8.98975,46.56812]]}},{"type":"Feature","properties":{"id":"ri-di-motterascio-ti","c":"TI","p":"patent","q":"derived","k":"river"},"geometry":{"type":"LineString","coordinates":[[8.98667,46.6063],[8.98813,46.60646],[8.98899,46.60683],[8.99021,46.60698],[8.99527,46.60645],[8.99746,46.60721],[8.99852,46.60716],[8.999,46.60652],[9.00069,46.60591],[9.0006,46.60549],[9.0,46.60494],[8.99948,46.60475],[8.99928,46.60428],[8.9988,46.60397],[8.99918,46.60251],[8.99891,46.60207],[8.99962,46.60123],[8.9993,46.59926],[8.99878,46.59806],[8.9985,46.59767],[8.99809,46.59777],[8.99768,46.59705],[8.99825,46.59678],[8.99858,46.59629],[8.99859,46.59586],[8.99794,46.59511],[8.99895,46.5943],[8.99843,46.59373],[8.9994,46.59322],[8.999,46.59258],[8.99899,46.59207],[9.00079,46.59142],[9.00178,46.59062],[9.00285,46.59048],[9.00346,46.58988],[9.00396,46.58854],[9.00432,46.58835],[9.00408,46.58794],[9.00346,46.58765],[9.00446,46.58679],[9.00413,46.58575],[9.00374,46.58562],[9.00321,46.58499],[9.00207,46.58461],[9.00166,46.58429]]}},{"type":"Feature","properties":{"id":"riale-di-nedro-ti","c":"TI","p":"patent","q":"derived","k":"river"},"geometry":{"type":"LineString","coordinates":[[8.86564,46.36001],[8.86604,46.36055],[8.86824,46.36081],[8.86869,46.36116],[8.86983,46.3614],[8.87034,46.3621],[8.87313,46.36298],[8.87597,46.36498],[8.87856,46.36608],[8.87896,46.36688],[8.88093,46.36798],[8.88158,46.36807],[8.88362,46.36909],[8.88471,46.37003],[8.88487,46.37086],[8.88604,46.3715],[8.88774,46.37191],[8.88907,46.37184],[8.89084,46.37283],[8.89341,46.37329],[8.89522,46.37418],[8.89646,46.3744],[8.89738,46.375],[8.89893,46.37511],[8.89972,46.37614],[8.90059,46.37604],[8.90122,46.3764],[8.90141,46.3768],[8.90321,46.37854],[8.90567,46.37902]]}},{"type":"Feature","properties":{"id":"cramosina-ti","c":"TI","p":"patent","q":"derived","k":"river"},"geometry":{"type":"LineString","coordinates":[[8.84585,46.37003],[8.8458,46.37222],[8.84694,46.37357],[8.84874,46.37482],[8.85124,46.37579],[8.85187,46.37657],[8.85235,46.37641],[8.85321,46.3765],[8.85367,46.37594],[8.85409,46.37577],[8.85553,46.37559],[8.85586,46.37565],[8.85609,46.37611],[8.85669,46.37601],[8.85695,46.37628],[8.85853,46.37665],[8.85878,46.37739],[8.85961,46.3774],[8.86,46.37799],[8.86057,46.37793],[8.86234,46.37954],[8.86283,46.38035],[8.86333,46.38038],[8.86398,46.38087],[8.86506,46.3813],[8.86476,46.3823],[8.86531,46.38299],[8.86521,46.38334],[8.8655,46.38395],[8.866,46.38439],[8.86674,46.38446],[8.86733,46.38482],[8.86857,46.38459],[8.86881,46.38492],[8.87059,46.38563],[8.87081,46.38599],[8.87125,46.38614],[8.87135,46.38644],[8.87172,46.38641],[8.87267,46.38685],[8.8741,46.38716],[8.87468,46.3878],[8.87544,46.38785],[8.87584,46.38818],[8.87652,46.38836],[8.87673,46.38876],[8.87765,46.38934],[8.8777,46.3897],[8.87932,46.39053],[8.8799,46.39121],[8.88195,46.39144],[8.88783,46.39118]]}},{"type":"Feature","properties":{"id":"barougia-ti","c":"TI","p":"patent","q":"derived","k":"river"},"geometry":{"type":"MultiLineString","coordinates":[[[8.82686,46.38953],[8.82782,46.38959],[8.82821,46.39031],[8.8302,46.39207],[8.83143,46.39239],[8.83214,46.39229],[8.83296,46.39191],[8.83497,46.39313],[8.83562,46.39453],[8.83763,46.39632],[8.83789,46.39702],[8.83758,46.39818],[8.83806,46.39907],[8.83779,46.39941],[8.83808,46.40006],[8.83894,46.40042],[8.83937,46.40144],[8.84063,46.40211],[8.84185,46.40332],[8.84308,46.4037],[8.84397,46.40427],[8.84399,46.40503],[8.84442,46.40527],[8.84513,46.40628],[8.84579,46.40655],[8.84589,46.40745],[8.84763,46.40823],[8.84828,46.40888]],[[8.84846,46.40909],[8.84859,46.40961],[8.84991,46.40961],[8.85155,46.41025],[8.85261,46.41001],[8.85293,46.40968],[8.85402,46.4097],[8.85466,46.40917],[8.85677,46.40884],[8.85781,46.40886],[8.85828,46.40864],[8.85926,46.40857],[8.85967,46.40875],[8.86094,46.40861],[8.86202,46.40819],[8.86398,46.40782],[8.86439,46.40687],[8.86518,46.40625],[8.86468,46.40515],[8.86586,46.40424],[8.86613,46.4034],[8.86709,46.40254],[8.86811,46.40229],[8.86899,46.40159],[8.86988,46.40132],[8.8702,46.40103],[8.87045,46.40016],[8.87241,46.39945],[8.87309,46.39889],[8.87325,46.39844],[8.87439,46.39836],[8.87584,46.39774],[8.87698,46.39782],[8.87791,46.39703],[8.87929,46.39713],[8.88096,46.39619],[8.88347,46.39549]]]}},{"type":"Feature","properties":{"id":"ticinetto-ti","c":"TI","p":"patent","q":"derived","k":"river"},"geometry":{"type":"MultiLineString","coordinates":[[[8.74519,46.42408],[8.74592,46.42415],[8.7462,46.42435]],[[8.74749,46.42439],[8.74836,46.42454],[8.7497,46.42382],[8.75132,46.42368],[8.75425,46.42407],[8.75595,46.42368],[8.75627,46.42319],[8.75612,46.42234],[8.75726,46.42112],[8.75784,46.41937],[8.758,46.41767],[8.76003,46.41529],[8.76035,46.41431],[8.76028,46.41364],[8.76052,46.41333],[8.76302,46.41236],[8.76517,46.41177],[8.76708,46.41151],[8.76786,46.41119],[8.76849,46.41122],[8.76902,46.41167],[8.76981,46.41179],[8.77038,46.41133],[8.77131,46.41126],[8.77166,46.41091],[8.77218,46.41076],[8.77256,46.41032],[8.77305,46.41035],[8.77361,46.41014],[8.77369,46.40989],[8.77332,46.40935],[8.77393,46.40905],[8.77507,46.40898],[8.77643,46.40855],[8.77794,46.40841],[8.7786,46.4081],[8.77955,46.40832],[8.78099,46.40784],[8.78332,46.40818],[8.78416,46.40811],[8.7858,46.40739],[8.78828,46.40693],[8.78935,46.40717],[8.79042,46.40681],[8.7914,46.40692],[8.79332,46.40731],[8.79369,46.40753],[8.79529,46.40732],[8.79585,46.40687],[8.797,46.40645],[8.79792,46.40683],[8.79841,46.40753],[8.79932,46.40749],[8.8005,46.40814],[8.80163,46.40825],[8.80279,46.40781],[8.80368,46.40805],[8.80548,46.4091],[8.80597,46.40962],[8.80741,46.41004],[8.80796,46.4101],[8.80915,46.40985],[8.81067,46.41028],[8.81307,46.40986],[8.81361,46.41016],[8.81396,46.4112],[8.81482,46.41173],[8.81578,46.41196],[8.81741,46.41268],[8.81818,46.41265],[8.81886,46.4129],[8.82037,46.41303],[8.82088,46.41367],[8.82243,46.41448],[8.826,46.41517],[8.82745,46.41606],[8.82809,46.41738],[8.82968,46.41752],[8.83057,46.41782],[8.83183,46.41884]],[[8.83183,46.41884],[8.83286,46.4191],[8.8337,46.41908],[8.83411,46.41934],[8.83423,46.41958]],[[8.83183,46.41884],[8.83281,46.41941],[8.8339,46.41934],[8.83423,46.41958]],[[8.83423,46.41958],[8.83458,46.41997],[8.83527,46.42022],[8.83761,46.42037],[8.8398,46.42166],[8.84222,46.42152],[8.84596,46.42161]],[[8.84706,46.42107],[8.84741,46.42089]],[[8.84733,46.42124],[8.84741,46.42089]],[[8.84741,46.42089],[8.84774,46.42007],[8.8497,46.41978],[8.85167,46.41997],[8.85315,46.41975],[8.85523,46.42035],[8.8557,46.42033],[8.85659,46.42077]]]}},{"type":"Feature","properties":{"id":"gribbiasca-ti","c":"TI","p":"patent","q":"derived","k":"river"},"geometry":{"type":"LineString","coordinates":[[8.79262,46.4372],[8.79384,46.4377],[8.79569,46.43909],[8.79671,46.43944],[8.7975,46.44033],[8.79825,46.44056],[8.8,46.44185],[8.80014,46.44217],[8.79985,46.44259],[8.79988,46.44335],[8.80019,46.44348],[8.8001,46.44381],[8.80067,46.44404],[8.8002,46.44456],[8.80052,46.44484],[8.80026,46.44524],[8.80356,46.44662],[8.8044,46.44753],[8.80619,46.44826],[8.80694,46.44909],[8.80911,46.4506],[8.81012,46.45087],[8.81116,46.45081],[8.81214,46.45046],[8.81287,46.45061],[8.81373,46.45053],[8.81625,46.45077],[8.8177,46.45063],[8.81829,46.45077],[8.81945,46.45007],[8.82001,46.45039],[8.82022,46.45092],[8.82168,46.45086],[8.82241,46.45049],[8.82359,46.45122],[8.82578,46.45208],[8.82637,46.45254],[8.82721,46.45265],[8.82766,46.45301],[8.82923,46.45322]]}},{"type":"Feature","properties":{"id":"ri-di-sassengo-ti","c":"TI","p":"patent","q":"derived","k":"river"},"geometry":{"type":"LineString","coordinates":[[8.86328,46.47645],[8.86215,46.47633],[8.86047,46.47583],[8.85914,46.47576],[8.85799,46.47519],[8.85636,46.47369],[8.85571,46.47336],[8.85401,46.47315],[8.85321,46.47284],[8.85068,46.47238],[8.85036,46.47196],[8.84957,46.47174],[8.84925,46.47127],[8.84767,46.47046],[8.84634,46.47014],[8.84515,46.4695],[8.84236,46.46898],[8.84095,46.46926],[8.83774,46.4673],[8.8364,46.46567],[8.83484,46.46535],[8.83366,46.46573],[8.83049,46.465],[8.82578,46.46485],[8.82429,46.46435],[8.82371,46.46394]]}},{"type":"Feature","properties":{"id":"croarescio-ti","c":"TI","p":"patent","q":"derived","k":"river"},"geometry":{"type":"LineString","coordinates":[[8.83753,46.48343],[8.83607,46.48323],[8.83467,46.48266],[8.83389,46.48268],[8.83314,46.48223],[8.83165,46.48174],[8.83114,46.48098],[8.83105,46.48036],[8.83031,46.48001],[8.82993,46.47932],[8.82822,46.47786],[8.82642,46.47772],[8.82608,46.47743],[8.82446,46.47685],[8.82159,46.47656],[8.82081,46.47597],[8.82005,46.47568],[8.81677,46.47517],[8.81552,46.47473],[8.8153,46.47428],[8.81555,46.47353],[8.81539,46.47209],[8.81575,46.47147],[8.81554,46.471],[8.81565,46.47006],[8.81458,46.46801]]}},{"type":"Feature","properties":{"id":"foss-ti","c":"TI","p":"patent","q":"derived","k":"river"},"geometry":{"type":"LineString","coordinates":[[8.67882,46.53463],[8.67904,46.53352],[8.67893,46.53303],[8.6787,46.53294],[8.67866,46.53191],[8.67806,46.53139],[8.67879,46.53009],[8.67858,46.52953],[8.67973,46.52782],[8.68349,46.5267],[8.68372,46.52572],[8.68489,46.52414],[8.68433,46.52313],[8.68452,46.52271],[8.68432,46.52196],[8.68297,46.52127],[8.68306,46.52065],[8.6827,46.52015],[8.68287,46.51967],[8.68251,46.51899],[8.6815,46.51814],[8.6814,46.51761],[8.68058,46.51692],[8.68069,46.51618]]}},{"type":"Feature","properties":{"id":"ri-sciresa-ti","c":"TI","p":"patent","q":"derived","k":"river"},"geometry":{"type":"LineString","coordinates":[[8.79582,46.5158],[8.79673,46.51496],[8.79631,46.51425],[8.7966,46.51394],[8.79672,46.51302],[8.79621,46.51168],[8.79642,46.51131],[8.79639,46.50793],[8.79578,46.50649],[8.79598,46.50435],[8.79654,46.50386],[8.79609,46.50279],[8.79616,46.50225],[8.79521,46.50114],[8.79465,46.49985],[8.79343,46.49879],[8.79263,46.49775],[8.79243,46.49646],[8.79143,46.49497],[8.7912,46.49235],[8.79072,46.49111],[8.78934,46.48997],[8.78891,46.48849],[8.78821,46.48757],[8.78812,46.48646],[8.78725,46.48518],[8.78595,46.48422],[8.78473,46.48272]]}},{"type":"Feature","properties":{"id":"riale-di-tremorgio-ti","c":"TI","p":"patent","q":"derived","k":"river"},"geometry":{"type":"MultiLineString","coordinates":[[[8.71961,46.46599],[8.71839,46.46622],[8.71742,46.46591],[8.71736,46.46614],[8.71649,46.46637],[8.71555,46.46628],[8.714,46.4666],[8.71383,46.46776],[8.71432,46.46827],[8.7134,46.46923],[8.71337,46.46952],[8.71375,46.47008],[8.71468,46.47014],[8.71522,46.46981],[8.71553,46.46981],[8.71564,46.47],[8.71635,46.46999],[8.71762,46.47101],[8.71923,46.4708],[8.72066,46.471],[8.72105,46.47089],[8.72124,46.47109],[8.72103,46.47155],[8.72122,46.47186],[8.72328,46.47261],[8.72377,46.47345],[8.72221,46.47473],[8.72168,46.47624]],[[8.72427,46.48219],[8.72682,46.48363],[8.72664,46.48456],[8.72778,46.48603],[8.72773,46.48719],[8.72888,46.48892],[8.73031,46.48913],[8.73131,46.48963],[8.73268,46.48956],[8.73389,46.49002],[8.73691,46.49051],[8.73819,46.49153],[8.73991,46.49162]]]}},{"type":"Feature","properties":{"id":"riascio-ti","c":"TI","p":"patent","q":"derived","k":"river"},"geometry":{"type":"LineString","coordinates":[[8.73486,46.52422],[8.73377,46.52366],[8.73264,46.52234],[8.7339,46.52005],[8.73494,46.51936],[8.73495,46.51772],[8.73472,46.51694],[8.73518,46.51592],[8.73405,46.51375],[8.73267,46.51188],[8.73294,46.5107],[8.73261,46.50992],[8.73296,46.50905],[8.73278,46.50851],[8.73311,46.50795],[8.73219,46.50709],[8.73209,46.50486],[8.73164,46.50441],[8.73144,46.50372],[8.73094,46.50322],[8.72971,46.50254],[8.72957,46.5022],[8.72868,46.50152],[8.72765,46.49925]]}},{"type":"Feature","properties":{"id":"ri-secco-ti","c":"TI","p":"patent","q":"derived","k":"river"},"geometry":{"type":"LineString","coordinates":[[8.6726,46.48519],[8.67538,46.48711],[8.67664,46.48717],[8.67781,46.48679],[8.67997,46.48687],[8.68135,46.48867],[8.68133,46.48921],[8.68212,46.48944],[8.68291,46.48996],[8.68285,46.4903],[8.68247,46.49054],[8.68337,46.49135],[8.68415,46.49134],[8.68446,46.49204],[8.68371,46.49278],[8.68393,46.49337],[8.68382,46.49495],[8.68334,46.49599],[8.68275,46.49656],[8.68185,46.49697],[8.68165,46.4975],[8.68184,46.49807],[8.68017,46.49942],[8.67967,46.50068],[8.67898,46.5014],[8.67908,46.50338],[8.67955,46.50391],[8.67951,46.50423],[8.68021,46.50533],[8.68001,46.50573],[8.68031,46.50685],[8.68015,46.50757],[8.68027,46.50852],[8.68096,46.50992],[8.6808,46.51029],[8.681,46.51064],[8.68214,46.51101],[8.68277,46.51205],[8.68308,46.5122],[8.68431,46.51216],[8.68493,46.51188],[8.69373,46.51041],[8.69844,46.50913],[8.69979,46.50983],[8.70036,46.50972],[8.70249,46.50921],[8.70303,46.50878],[8.70456,46.50832],[8.70686,46.50669],[8.7085,46.50616],[8.71005,46.50617],[8.71313,46.50669],[8.71379,46.50695]]}},{"type":"Feature","properties":{"id":"ri-dei-calestri-ti","c":"TI","p":"patent","q":"derived","k":"river"},"geometry":{"type":"LineString","coordinates":[[8.76778,46.53215],[8.76644,46.53209],[8.7658,46.53265],[8.7645,46.53278],[8.76426,46.53326],[8.7639,46.53341],[8.76214,46.53288],[8.76086,46.53337],[8.76032,46.53393],[8.75839,46.5343],[8.7575,46.53472],[8.75511,46.53444],[8.75377,46.53519],[8.75202,46.53535],[8.75136,46.53567],[8.75105,46.53605],[8.75011,46.53638],[8.7494,46.53638],[8.74726,46.53755],[8.74459,46.53841],[8.74383,46.53901],[8.74369,46.53998],[8.74187,46.54088],[8.73935,46.54034],[8.73845,46.5407],[8.73692,46.54203],[8.73631,46.54328],[8.73538,46.54355]]}},{"type":"Feature","properties":{"id":"murinascia-grande-ti","c":"TI","p":"patent","q":"derived","k":"river"},"geometry":{"type":"LineString","coordinates":[[8.76739,46.54083],[8.76618,46.54094],[8.76491,46.54161],[8.76438,46.54171],[8.76263,46.5428],[8.76168,46.54308],[8.75823,46.54304],[8.75687,46.54398],[8.75543,46.54422],[8.7547,46.54408],[8.75421,46.54366],[8.75362,46.54423],[8.75246,46.54425],[8.75189,46.54463],[8.75126,46.54465],[8.75095,46.54496],[8.74909,46.54455],[8.7458,46.5444],[8.7455,46.54389],[8.74519,46.54377],[8.74458,46.54422],[8.74261,46.54395],[8.74197,46.54433],[8.74098,46.54401],[8.74032,46.54402],[8.7398,46.54366],[8.73861,46.54365],[8.73758,46.54394],[8.7365,46.54357],[8.73538,46.54355],[8.7345,46.54388],[8.73342,46.54385],[8.7315,46.54414],[8.7307,46.54402],[8.72983,46.54478],[8.72848,46.54436],[8.72734,46.54536],[8.72617,46.54515],[8.72504,46.54544],[8.72382,46.54535],[8.72266,46.5462],[8.72167,46.54619],[8.72102,46.5465],[8.72075,46.54647],[8.72037,46.54604],[8.71948,46.54607],[8.71847,46.54577],[8.7173,46.54571],[8.7166,46.54593],[8.71414,46.54561],[8.71259,46.54595],[8.71201,46.54627],[8.71056,46.5461],[8.70941,46.54688],[8.70794,46.54616],[8.70445,46.54589],[8.70389,46.54559]]}},{"type":"Feature","properties":{"id":"ri-di-nelva-ti","c":"TI","p":"patent","q":"derived","k":"river"},"geometry":{"type":"LineString","coordinates":[[8.60873,46.55154],[8.61006,46.55173],[8.61078,46.55155],[8.61148,46.55113],[8.61395,46.55164],[8.61477,46.55154],[8.61644,46.55086],[8.61801,46.55105],[8.61939,46.55087],[8.62165,46.55018],[8.6216,46.5486],[8.62281,46.5478],[8.62541,46.54403],[8.62639,46.54338],[8.62669,46.54151],[8.62721,46.54082],[8.62739,46.53863],[8.62776,46.53831],[8.62831,46.53673],[8.62793,46.53555],[8.62847,46.53477],[8.62861,46.53328],[8.62825,46.53273],[8.62872,46.53143]]}},{"type":"Feature","properties":{"id":"canaria-ti","c":"TI","p":"patent","q":"derived","k":"river"},"geometry":{"type":"LineString","coordinates":[[8.6984,46.57358],[8.69811,46.57343],[8.69688,46.57341],[8.6955,46.5728],[8.69359,46.5724],[8.69198,46.57228],[8.69117,46.57202],[8.6905,46.57207],[8.68886,46.57262],[8.68744,46.57259],[8.6855,46.57302],[8.6831,46.57289],[8.68188,46.57327],[8.6812,46.57295],[8.68057,46.57307],[8.67982,46.57288],[8.67913,46.57248],[8.67875,46.57195],[8.6787,46.57109],[8.67839,46.5705],[8.67775,46.57023],[8.67764,46.56965],[8.67675,46.5689],[8.67683,46.56838],[8.67768,46.568],[8.67811,46.56754],[8.67773,46.56724],[8.67771,46.56641],[8.67614,46.56524],[8.6764,46.56496],[8.67323,46.56388],[8.6729,46.56359],[8.67004,46.56301],[8.66902,46.56224],[8.66813,46.56206],[8.66787,46.56168],[8.66553,46.56118],[8.66419,46.56058],[8.66399,46.56028],[8.66283,46.55968],[8.66206,46.55954],[8.66157,46.55912],[8.6604,46.55869],[8.65878,46.55771],[8.65723,46.55734],[8.65681,46.55659],[8.65438,46.55533],[8.65264,46.55331],[8.65283,46.5528],[8.65252,46.55179],[8.65094,46.55036],[8.64931,46.54957],[8.64923,46.54894],[8.6486,46.54841],[8.64793,46.54827],[8.64762,46.54793],[8.64687,46.54781],[8.64633,46.54724],[8.64545,46.54688],[8.64429,46.54595],[8.64329,46.54574],[8.643,46.54547],[8.64269,46.54507],[8.64302,46.54434],[8.64283,46.5435],[8.64022,46.54095],[8.64002,46.54008],[8.63884,46.53895],[8.63902,46.53853],[8.63879,46.53803],[8.63748,46.53678],[8.63619,46.53591],[8.63475,46.53528],[8.63447,46.53482],[8.63385,46.53444],[8.63292,46.53417],[8.63101,46.53224],[8.6299,46.53209],[8.62872,46.53143],[8.62831,46.5307],[8.62611,46.52887],[8.62556,46.52763],[8.62574,46.52663],[8.62474,46.52543]]}},{"type":"Feature","properties":{"id":"calcascia-ti","c":"TI","p":"patent","q":"derived","k":"river"},"geometry":{"type":"LineString","coordinates":[[8.65212,46.48927],[8.65154,46.48989],[8.65134,46.49133],[8.65211,46.49214],[8.65198,46.49293],[8.65233,46.49334],[8.65283,46.49351],[8.65277,46.49374],[8.65323,46.49389],[8.65318,46.49461],[8.65367,46.495],[8.65324,46.49508],[8.65379,46.49605],[8.65379,46.49628],[8.65336,46.49648],[8.65343,46.49704],[8.65305,46.49754],[8.65334,46.49796],[8.65321,46.4987],[8.65383,46.49915],[8.65223,46.49966],[8.65238,46.50134],[8.65173,46.50233],[8.65202,46.50312],[8.65181,46.50356],[8.65212,46.50398],[8.65184,46.50501],[8.65259,46.50608],[8.65093,46.50892],[8.6481,46.50994],[8.64625,46.51015],[8.64589,46.51061],[8.64531,46.51083],[8.64471,46.51164],[8.64412,46.51189],[8.64424,46.51232],[8.64237,46.51285],[8.64232,46.51457],[8.64171,46.51495],[8.64114,46.5159],[8.64041,46.51631],[8.63919,46.51633],[8.63752,46.51702],[8.6379,46.51773],[8.63856,46.51818],[8.63953,46.51837],[8.63987,46.51895],[8.64263,46.51856]]}},{"type":"Feature","properties":{"id":"sella-ti","c":"TI","p":"patent","q":"derived","k":"river"},"geometry":{"type":"MultiLineString","coordinates":[[[8.59485,46.55804],[8.594,46.55729],[8.59283,46.55567],[8.59122,46.55521],[8.5905,46.5548],[8.58968,46.55427],[8.58904,46.55305],[8.5872,46.55217],[8.58414,46.55238],[8.58241,46.55219],[8.58048,46.55177],[8.57983,46.5512],[8.57824,46.55155],[8.57601,46.54988],[8.57565,46.55],[8.57289,46.54975],[8.57225,46.5506],[8.57114,46.55052],[8.57089,46.55092]],[[8.61647,46.57208],[8.61582,46.57136],[8.61534,46.57034],[8.61616,46.5694],[8.61554,46.5685],[8.61636,46.56794],[8.61731,46.56774],[8.61836,46.5672],[8.61705,46.56587],[8.61614,46.5644],[8.61494,46.56368],[8.61268,46.56341],[8.61204,46.56379],[8.61096,46.56363],[8.6094,46.56412]]]}},{"type":"Feature","properties":{"id":"ri-d-albinasca-ti","c":"TI","p":"patent","q":"derived","k":"river"},"geometry":{"type":"LineString","coordinates":[[8.55489,46.5367],[8.55561,46.53635],[8.55717,46.53622],[8.55751,46.53586],[8.56035,46.53487],[8.56338,46.53509],[8.56444,46.53627],[8.5648,46.53643],[8.56694,46.53602],[8.56793,46.5349],[8.568,46.53447],[8.56874,46.53446],[8.5691,46.53395],[8.56974,46.53357],[8.57011,46.53296],[8.57027,46.53121],[8.57006,46.53102],[8.57003,46.53033],[8.57022,46.52994],[8.57062,46.52972],[8.57099,46.52767],[8.57254,46.5278],[8.57293,46.52762],[8.57353,46.52707],[8.57359,46.5266],[8.57448,46.52611],[8.57476,46.52524],[8.57539,46.52437],[8.57633,46.52437],[8.57724,46.52397],[8.57804,46.52284],[8.58004,46.52325]]}},{"type":"Feature","properties":{"id":"riale-di-cristallina-ti","c":"TI","p":"patent","q":"derived","k":"river"},"geometry":{"type":"LineString","coordinates":[[8.53206,46.47831],[8.5349,46.479],[8.53584,46.47963],[8.53698,46.48086],[8.53814,46.48146],[8.53913,46.48152],[8.5409,46.48232],[8.54355,46.48238],[8.54484,46.48313],[8.54515,46.48357],[8.54587,46.48386],[8.5475,46.48397],[8.54808,46.4842],[8.54904,46.48481],[8.54887,46.4852],[8.54942,46.48591],[8.54933,46.48641],[8.54965,46.48652],[8.54954,46.48685],[8.55016,46.48755],[8.55004,46.488],[8.54882,46.48808],[8.5483,46.48793],[8.54759,46.48853],[8.54708,46.48919],[8.54743,46.48998],[8.5472,46.49049],[8.54573,46.49113],[8.54586,46.49189],[8.54398,46.49341],[8.54416,46.49509],[8.54349,46.49581],[8.54333,46.49724],[8.54352,46.49748],[8.54491,46.4978],[8.54494,46.49841],[8.54527,46.49886],[8.54511,46.49986],[8.54452,46.50116],[8.5436,46.50182],[8.54358,46.5023],[8.54268,46.5032],[8.54208,46.50449],[8.54225,46.50523],[8.54187,46.5065],[8.54235,46.50695],[8.54102,46.5087],[8.54014,46.50912],[8.5405,46.50976],[8.53992,46.51116],[8.53958,46.51151],[8.53841,46.51196],[8.53756,46.51262],[8.53651,46.5131]]}},{"type":"Feature","properties":{"id":"ri-di-bedretto-ti","c":"TI","p":"patent","q":"derived","k":"river"},"geometry":{"type":"LineString","coordinates":[[8.48793,46.52529],[8.49021,46.52563],[8.49241,46.52493],[8.49346,46.5251],[8.49449,46.52502],[8.49477,46.52456],[8.49451,46.52259],[8.49531,46.51955],[8.49539,46.51786],[8.49735,46.51693],[8.49762,46.5167],[8.49762,46.51624],[8.49881,46.51563],[8.49898,46.51512],[8.49949,46.51498],[8.49977,46.51454],[8.50105,46.51376],[8.50347,46.51278],[8.505,46.51239],[8.50598,46.51234],[8.50838,46.51029],[8.50971,46.50962],[8.51049,46.50856],[8.5126,46.50817],[8.5145,46.50757],[8.51667,46.50613],[8.51773,46.50624]]}},{"type":"Feature","properties":{"id":"ri-di-ronco-ti","c":"TI","p":"patent","q":"derived","k":"river"},"geometry":{"type":"LineString","coordinates":[[8.47908,46.51817],[8.48102,46.51742],[8.48277,46.51647],[8.48487,46.51604],[8.48576,46.51554],[8.48712,46.5152],[8.48997,46.51398],[8.49054,46.51227],[8.48993,46.51101],[8.49023,46.51063],[8.48954,46.50948],[8.48876,46.50652],[8.49121,46.50391],[8.49202,46.50351],[8.49292,46.50332],[8.49421,46.5025],[8.49484,46.50161],[8.49598,46.50073],[8.49682,46.49918],[8.49931,46.4979]]}},{"type":"Feature","properties":{"id":"riale-del-partus-ti","c":"TI","p":"patent","q":"derived","k":"river"},"geometry":{"type":"LineString","coordinates":[[8.43257,46.49121],[8.4331,46.49066],[8.43383,46.49052],[8.43428,46.49012],[8.43482,46.48998],[8.43775,46.49055],[8.44176,46.48968],[8.44454,46.49041],[8.44678,46.49022],[8.44784,46.4903],[8.44944,46.48995],[8.4502,46.48943],[8.45247,46.48897],[8.45323,46.48868],[8.45372,46.48804],[8.45507,46.4872],[8.45622,46.48682],[8.45669,46.48645],[8.45802,46.48615],[8.45848,46.48529],[8.45962,46.48468],[8.46171,46.48212],[8.46265,46.48167],[8.4636,46.48084]]}},{"type":"Feature","properties":{"id":"bavona-ti","c":"TI","p":"patent","q":"derived","k":"river"},"geometry":{"type":"MultiLineString","coordinates":[[[8.48567,46.45436],[8.4862,46.45402],[8.49008,46.45464],[8.49336,46.45563],[8.49477,46.45562]],[[8.50803,46.45372],[8.51083,46.45356],[8.51171,46.45374],[8.5143,46.45363],[8.51501,46.45373],[8.51732,46.45353],[8.51838,46.45412]],[[8.52076,46.45277],[8.52207,46.45221]],[[8.52242,46.45165],[8.52328,46.45111],[8.52301,46.45046],[8.52352,46.45005],[8.52383,46.44942],[8.52641,46.44788],[8.52646,46.44722],[8.52703,46.44683],[8.52594,46.4445],[8.52574,46.4435],[8.52477,46.44262],[8.52345,46.44196],[8.52246,46.4408],[8.52135,46.44063],[8.52089,46.44025],[8.51764,46.44005],[8.51619,46.43961],[8.51519,46.43961],[8.51455,46.43873],[8.51337,46.43814],[8.51362,46.43752],[8.51327,46.43717],[8.51573,46.43457],[8.5167,46.43397],[8.51729,46.43317],[8.51784,46.43299],[8.51908,46.43203],[8.52071,46.43147],[8.52125,46.43064],[8.52112,46.43011],[8.5214,46.42869],[8.52123,46.42807],[8.52152,46.42748],[8.52133,46.42645],[8.52197,46.42543],[8.52077,46.42435],[8.5196,46.42269],[8.51905,46.42115],[8.52046,46.42008],[8.52146,46.41987],[8.52248,46.41879],[8.52297,46.41755],[8.52339,46.41717],[8.52334,46.41664],[8.52356,46.41643],[8.5234,46.41594],[8.52383,46.41558],[8.5247,46.41388],[8.52609,46.41263],[8.52598,46.41205],[8.52443,46.41062],[8.52438,46.40987],[8.52535,46.40902],[8.52547,46.40831],[8.52633,46.40746],[8.52842,46.40696],[8.52995,46.40681],[8.53067,46.40653],[8.5315,46.40649],[8.53239,46.40475],[8.53409,46.40456],[8.53502,46.40413],[8.53543,46.40348],[8.53652,46.4035],[8.53746,46.40262],[8.53742,46.40158],[8.53683,46.40073],[8.53699,46.40014],[8.53954,46.39655],[8.53939,46.39549],[8.53992,46.39533],[8.54032,46.39489],[8.54101,46.39394],[8.54098,46.39347],[8.54136,46.39283],[8.54182,46.39246],[8.54181,46.39193],[8.54092,46.39045],[8.54091,46.38995],[8.54122,46.38906],[8.54162,46.38872],[8.54171,46.38774],[8.54277,46.38719],[8.54329,46.3866],[8.54301,46.38599],[8.54293,46.38468],[8.54243,46.38353],[8.54335,46.38233],[8.54335,46.38202],[8.54268,46.38129],[8.54302,46.37966],[8.54318,46.37931],[8.54394,46.37899],[8.54459,46.37746],[8.54539,46.37695],[8.54679,46.3765],[8.54773,46.37588],[8.54781,46.37497],[8.54832,46.37395],[8.54784,46.37347],[8.54773,46.37182],[8.54949,46.37137],[8.55015,46.3708],[8.55113,46.37039],[8.55405,46.36975],[8.55534,46.36968],[8.55721,46.36882],[8.56197,46.36805],[8.56298,46.36765],[8.56513,46.36631],[8.56529,46.36502],[8.56673,46.36395],[8.5677,46.36374],[8.56969,46.36366],[8.57154,46.36244],[8.57298,46.36205],[8.57355,46.36157],[8.57504,46.36144],[8.57586,46.36112],[8.57652,46.36058],[8.57739,46.36046],[8.5781,46.35992],[8.57853,46.35888],[8.57842,46.3582],[8.57865,46.35743],[8.57933,46.35664],[8.58218,46.35608],[8.58275,46.35575],[8.58492,46.35516],[8.58589,46.35435],[8.58667,46.35419],[8.58769,46.35356],[8.59064,46.35325],[8.59351,46.35211],[8.59405,46.35163],[8.594,46.35088],[8.59458,46.34945],[8.59546,46.34903],[8.59738,46.34879],[8.59835,46.34838],[8.59923,46.34737],[8.60003,46.34731],[8.60131,46.34683],[8.60274,46.34571],[8.60575,46.34273],[8.60735,46.34172],[8.60852,46.3392]]]}},{"type":"Feature","properties":{"id":"maggia-ti","c":"TI","p":"patent","q":"derived","k":"river"},"geometry":{"type":"MultiLineString","coordinates":[[[8.54891,46.46693],[8.55203,46.46859],[8.55267,46.46937],[8.55388,46.46977],[8.55686,46.47155],[8.55754,46.47244],[8.55705,46.47323]],[[8.55865,46.47439],[8.55968,46.47475],[8.56064,46.4757]],[[8.5729,46.48129],[8.57401,46.48224],[8.57733,46.48287],[8.57818,46.48314],[8.57895,46.48373],[8.5806,46.48347],[8.58207,46.48428],[8.58242,46.48484],[8.58366,46.48504],[8.58487,46.48568],[8.58674,46.48627],[8.58756,46.48626],[8.58809,46.48646],[8.59051,46.48673],[8.59171,46.48637],[8.59265,46.48688],[8.5931,46.4867],[8.59403,46.4869],[8.59603,46.4866],[8.59768,46.48691],[8.60067,46.4864],[8.60105,46.48566],[8.60224,46.48475],[8.60426,46.48521],[8.60573,46.48512],[8.60657,46.48534],[8.60891,46.48481],[8.61188,46.4846],[8.61273,46.48415],[8.61331,46.48432],[8.61437,46.48412],[8.61522,46.48359],[8.61571,46.4837],[8.61821,46.48314],[8.61925,46.48327],[8.61981,46.48317],[8.62047,46.48276],[8.62331,46.48178],[8.6232,46.48151],[8.62359,46.48118],[8.62427,46.48097],[8.62586,46.47859],[8.62848,46.47796],[8.63025,46.4773],[8.63121,46.4767]],[[8.65994,46.45586],[8.66085,46.45399],[8.66084,46.45307],[8.66111,46.45262],[8.66093,46.45156],[8.66152,46.44985],[8.66155,46.44873],[8.66269,46.44711],[8.66367,46.44621],[8.66458,46.44432],[8.66424,46.44385],[8.6631,46.44384],[8.66275,46.44364],[8.66253,46.44291],[8.66137,46.4414],[8.65997,46.4414],[8.65964,46.44095],[8.6598,46.43939],[8.65958,46.43838],[8.66101,46.43614],[8.6607,46.43516],[8.66079,46.43477],[8.66189,46.43456],[8.66216,46.43431],[8.66212,46.4332],[8.66151,46.43267],[8.6614,46.43168],[8.66056,46.43105],[8.66044,46.4304],[8.66074,46.42998],[8.66073,46.42932],[8.66043,46.42888],[8.65974,46.42853],[8.65967,46.42813],[8.65731,46.42796],[8.65586,46.42746],[8.65553,46.42715],[8.65599,46.42596],[8.65567,46.42531],[8.6548,46.42443],[8.65476,46.42284],[8.65297,46.42133],[8.65314,46.42072],[8.65171,46.41914],[8.65114,46.41801],[8.65004,46.41668],[8.65025,46.41604],[8.64997,46.41561],[8.65018,46.41415],[8.64982,46.41295],[8.64981,46.41152],[8.64924,46.41073],[8.64714,46.40932],[8.64715,46.40872],[8.64651,46.40781],[8.64678,46.40688],[8.64626,46.40617],[8.64641,46.40531],[8.64735,46.40489],[8.64733,46.40396],[8.64771,46.40382],[8.64833,46.40273],[8.6495,46.40244],[8.65014,46.40203],[8.65093,46.39959],[8.65186,46.39899],[8.65226,46.3978],[8.6535,46.39595],[8.65508,46.39491],[8.65748,46.39406],[8.65963,46.39147],[8.66165,46.3904],[8.66251,46.38813],[8.66423,46.38689],[8.66515,46.38423],[8.66507,46.38369],[8.66433,46.38216],[8.6638,46.38028],[8.66264,46.37916],[8.66259,46.37695],[8.66136,46.37535],[8.66066,46.37319],[8.65998,46.37211],[8.65818,46.36972],[8.65593,46.3674],[8.65488,46.36566],[8.6518,46.36341],[8.65058,46.36172],[8.64871,46.35968],[8.64742,46.35913],[8.64489,46.35923],[8.64408,46.35861],[8.64188,46.35833],[8.63869,46.35654],[8.63866,46.35595],[8.63815,46.35542],[8.63642,46.35474],[8.63402,46.3541],[8.63278,46.35352],[8.63256,46.35324],[8.63205,46.35334],[8.63163,46.35323],[8.63111,46.35348],[8.63057,46.35349],[8.62988,46.35329],[8.62949,46.35279],[8.62885,46.35263],[8.62769,46.35283],[8.62518,46.35249],[8.62353,46.3526],[8.62069,46.35183],[8.62038,46.35123],[8.61854,46.35081],[8.61757,46.34935],[8.61614,46.34831],[8.61482,46.3482],[8.6138,46.34769],[8.61309,46.3469],[8.61357,46.34647],[8.61198,46.34564],[8.61176,46.34443],[8.61041,46.34273],[8.60985,46.34099],[8.60805,46.33849],[8.60704,46.33668],[8.60686,46.33578],[8.60676,46.33351],[8.60716,46.32848],[8.60846,46.32471],[8.60813,46.32382],[8.60674,46.32196],[8.60633,46.32061],[8.60638,46.31964],[8.60712,46.31921],[8.60772,46.31824],[8.60773,46.31756],[8.60728,46.31674],[8.60834,46.31481],[8.60808,46.31288],[8.60762,46.31188],[8.60777,46.31134],[8.60858,46.30985],[8.60946,46.30923],[8.61025,46.30831],[8.61042,46.30748],[8.6108,46.30701],[8.61383,46.30499],[8.61531,46.30351],[8.61633,46.30279],[8.61722,46.30082],[8.61736,46.29877],[8.61793,46.29797],[8.62072,46.29681],[8.62506,46.29405],[8.6283,46.29291],[8.62897,46.29245],[8.62939,46.29185],[8.63,46.29154],[8.63128,46.29127],[8.63509,46.2911],[8.63625,46.29039],[8.63964,46.28943],[8.64192,46.28841],[8.64478,46.28753],[8.64658,46.2874],[8.64743,46.28764],[8.64835,46.28837],[8.6501,46.28865],[8.65124,46.28855],[8.65234,46.28812],[8.65453,46.28776],[8.65665,46.28607],[8.65848,46.2837],[8.66002,46.28257],[8.6639,46.28055],[8.66468,46.27988],[8.66728,46.27877],[8.67102,46.27595],[8.67505,46.27468],[8.67547,46.27308],[8.67496,46.27219],[8.67504,46.2718],[8.67652,46.27098],[8.67817,46.27061],[8.67955,46.26961],[8.68095,46.26704],[8.68272,46.26542],[8.6847,46.26542],[8.6866,46.26512],[8.68717,46.26484],[8.68831,46.26345],[8.68968,46.26039],[8.68961,46.25612],[8.68979,46.25515],[8.69072,46.2529],[8.69169,46.2516],[8.69399,46.2504],[8.69552,46.24988],[8.69722,46.24877],[8.69817,46.24841],[8.70048,46.24664],[8.70201,46.24453],[8.70287,46.24401],[8.7092,46.24237],[8.71203,46.24118],[8.71404,46.23951],[8.71492,46.23661],[8.71572,46.23483],[8.71704,46.23347],[8.71876,46.23265],[8.7219,46.23157],[8.7284,46.22789],[8.73125,46.22651],[8.73377,46.22476],[8.73627,46.22202],[8.74194,46.22032],[8.74393,46.2194],[8.74613,46.21794],[8.74669,46.21736],[8.74668,46.21681],[8.7453,46.21601],[8.74468,46.21477],[8.74369,46.21392],[8.7416,46.21264],[8.74031,46.21254],[8.73989,46.21222],[8.73983,46.21123],[8.74052,46.2104],[8.74075,46.20953],[8.74053,46.20848],[8.73961,46.20702],[8.73965,46.20655],[8.74005,46.20553],[8.7406,46.20508],[8.74198,46.20449],[8.74105,46.20219],[8.74102,46.20131],[8.74148,46.20055],[8.74799,46.1967],[8.74893,46.19667],[8.75127,46.19711],[8.75148,46.19696],[8.75152,46.19637],[8.75183,46.19621],[8.75249,46.19512],[8.75222,46.19303],[8.75299,46.19296],[8.7545,46.19315],[8.75519,46.19272],[8.75581,46.19186],[8.756,46.19032],[8.75567,46.18958],[8.75627,46.1892],[8.75659,46.18763],[8.75622,46.18706],[8.75519,46.18661],[8.75061,46.18601],[8.75016,46.1858],[8.75166,46.18513],[8.75373,46.18383],[8.75512,46.18266],[8.75804,46.18083],[8.76147,46.17831],[8.76454,46.17475],[8.76728,46.17232],[8.77041,46.17016],[8.77425,46.16769],[8.78762,46.16],[8.79062,46.15833],[8.79293,46.1573],[8.80169,46.15237]]]}},{"type":"Feature","properties":{"id":"breggia-ti-2","c":"TI","p":"patent","q":"derived","k":"river"},"geometry":{"type":"LineString","coordinates":[[9.04908,45.92033],[9.04874,45.91989],[9.04757,45.91947],[9.04657,45.91966],[9.04558,45.91918],[9.04506,45.9187],[9.04409,45.91896],[9.04335,45.91882],[9.04211,45.91904],[9.04117,45.91871],[9.04014,45.91761],[9.03965,45.91524],[9.03929,45.91492],[9.03915,45.91355],[9.03856,45.91298],[9.03893,45.91209],[9.03825,45.91127],[9.03842,45.91082],[9.03824,45.91037],[9.03853,45.90927],[9.03941,45.90884],[9.03943,45.90819],[9.03976,45.90775],[9.03886,45.90698],[9.03878,45.90649],[9.03811,45.90567],[9.03972,45.90497],[9.03955,45.90272],[9.03896,45.90205],[9.04042,45.90147],[9.04001,45.90077],[9.04012,45.90049],[9.04139,45.90012],[9.04137,45.89901],[9.04216,45.89856],[9.04187,45.89799],[9.04291,45.89766],[9.04261,45.89713],[9.04197,45.89691],[9.04227,45.89643],[9.04181,45.89592],[9.04242,45.89508],[9.04183,45.89467],[9.04265,45.89446],[9.04186,45.89291],[9.04207,45.89254],[9.04117,45.89179],[9.04057,45.8917],[9.04041,45.89151],[9.04067,45.89065],[9.04139,45.8903],[9.0408,45.88992],[9.03983,45.88977],[9.03957,45.88942],[9.03962,45.88881],[9.0388,45.88874],[9.03793,45.88799],[9.03747,45.88786],[9.03677,45.88807],[9.03627,45.88796],[9.03626,45.88668],[9.03538,45.88556],[9.03586,45.88478],[9.03552,45.88412],[9.03505,45.88418],[9.03407,45.88376],[9.03335,45.88245],[9.03244,45.88265],[9.03191,45.88248],[9.03236,45.88099],[9.03232,45.88022],[9.03338,45.87978],[9.03345,45.87927],[9.03127,45.8783],[9.03035,45.87756],[9.02939,45.87773],[9.02844,45.87767],[9.02839,45.87712],[9.02871,45.87636],[9.02854,45.8757],[9.02762,45.87498],[9.02591,45.87495],[9.02567,45.87472],[9.02573,45.87439],[9.027,45.8739],[9.02528,45.87197],[9.02566,45.87153],[9.02573,45.87089],[9.02687,45.87003],[9.02686,45.86963],[9.02516,45.86887],[9.02446,45.86809],[9.02349,45.86653],[9.02367,45.86601],[9.02352,45.86573],[9.02236,45.86565],[9.02187,45.86513],[9.01834,45.86317],[9.01831,45.86242],[9.01738,45.86216],[9.01695,45.8615],[9.01728,45.86041],[9.01703,45.86021],[9.0153,45.86003],[9.01498,45.85944],[9.0154,45.85894],[9.01446,45.85727],[9.01407,45.85689],[9.01242,45.85633],[9.01128,45.85501],[9.01154,45.85431],[9.01142,45.85386],[9.01017,45.85303],[9.01003,45.85268],[9.01007,45.85237],[9.01071,45.85222],[9.01251,45.85248],[9.01289,45.85234],[9.01325,45.85188],[9.01321,45.8512],[9.01258,45.85073],[9.01239,45.8499],[9.01204,45.84975],[9.01176,45.8493],[9.01278,45.84702],[9.01316,45.84461],[9.01688,45.84339],[9.01813,45.84257],[9.01977,45.84106],[9.02119,45.84019],[9.02263,45.83966],[9.02416,45.83936],[9.03281,45.8391],[9.03524,45.83967],[9.03577,45.84114]]}},{"type":"Feature","properties":{"id":"brenno-ti","c":"TI","p":"patent","q":"derived","k":"river"},"geometry":{"type":"MultiLineString","coordinates":[[[8.95438,46.62092],[8.95478,46.61931],[8.95458,46.61759],[8.95539,46.61711],[8.95621,46.61699],[8.95659,46.6163],[8.95625,46.61584],[8.95719,46.61515],[8.95929,46.61453],[8.95998,46.61397],[8.95927,46.61293],[8.95842,46.61246],[8.95794,46.61254],[8.95731,46.61231],[8.95508,46.61239],[8.94939,46.61181],[8.94484,46.60934],[8.94326,46.60907],[8.94303,46.60869],[8.94257,46.60856],[8.94148,46.60853],[8.94056,46.60916],[8.93987,46.60919],[8.93874,46.60962],[8.93664,46.60904],[8.93627,46.60804],[8.9369,46.60551],[8.93661,46.60491],[8.93708,46.60453],[8.93722,46.60409],[8.93842,46.60311],[8.93834,46.60285],[8.93761,46.60255],[8.93774,46.60212],[8.9371,46.60187],[8.93718,46.60153],[8.93681,46.60122],[8.93752,46.60006],[8.9376,46.59922],[8.93818,46.59895],[8.93799,46.59845],[8.93818,46.59765],[8.93848,46.59666],[8.93885,46.59637],[8.9387,46.59618],[8.93908,46.59577],[8.93866,46.59495],[8.93936,46.59259],[8.93937,46.59223],[8.93908,46.59206],[8.93924,46.59159],[8.93897,46.59126],[8.93875,46.58982],[8.93897,46.58914],[8.93851,46.58773],[8.93889,46.58713],[8.93759,46.5864],[8.93809,46.5855],[8.93777,46.58499],[8.93848,46.58456],[8.93872,46.58391],[8.93855,46.58337],[8.93786,46.58253],[8.93818,46.5821],[8.93922,46.58188],[8.93941,46.58061],[8.94114,46.57949],[8.94228,46.57697],[8.94183,46.57509],[8.94089,46.57422],[8.94049,46.57304],[8.9398,46.57258],[8.93991,46.5711],[8.93952,46.56962],[8.94028,46.56843],[8.94204,46.56729],[8.94185,46.56544],[8.94287,46.56216],[8.94144,46.55925],[8.94024,46.55825],[8.9397,46.55745],[8.93998,46.55621],[8.94087,46.55474],[8.94074,46.5544],[8.93943,46.5534],[8.93945,46.55263],[8.93917,46.5522],[8.93713,46.55129],[8.93669,46.55054],[8.93735,46.54971],[8.93722,46.54847],[8.93801,46.54783],[8.93798,46.54672],[8.93869,46.54605],[8.93889,46.54519],[8.93971,46.54422],[8.93965,46.54367],[8.9407,46.54181],[8.94072,46.54117],[8.94144,46.54029],[8.9412,46.54007],[8.9413,46.53957],[8.94199,46.53883],[8.94224,46.53784],[8.9414,46.53567],[8.94076,46.53519],[8.94047,46.53462],[8.93898,46.53387],[8.93727,46.53241],[8.9369,46.53124],[8.9369,46.53092],[8.93789,46.52984],[8.93846,46.52678],[8.93892,46.52564],[8.93764,46.52301],[8.93792,46.52115],[8.93767,46.51992],[8.93804,46.51905],[8.93941,46.51801],[8.93957,46.5171],[8.93893,46.516],[8.93932,46.51451],[8.94013,46.51311],[8.94006,46.51159],[8.94293,46.50929],[8.94307,46.50812],[8.94365,46.50713],[8.94374,46.50646],[8.94427,46.50575],[8.94416,46.50387],[8.94501,46.50309],[8.94522,46.50252],[8.94451,46.50112],[8.94546,46.49966],[8.94491,46.4977],[8.94513,46.49736],[8.94642,46.49652],[8.94696,46.49548],[8.94716,46.49437],[8.94691,46.4929],[8.94529,46.49195],[8.94477,46.49105],[8.94513,46.48973],[8.94483,46.48871],[8.94412,46.48795],[8.94304,46.4875],[8.94269,46.48702],[8.94357,46.48582],[8.94408,46.48434],[8.94286,46.4835],[8.94008,46.48238],[8.93994,46.48202],[8.94029,46.48169],[8.94026,46.48061],[8.93942,46.47821],[8.93708,46.47679],[8.93675,46.47631],[8.93641,46.47345],[8.93752,46.47156],[8.93765,46.47051],[8.93734,46.46926]],[[8.93741,46.46921],[8.93795,46.46846]],[[8.93799,46.46836],[8.93875,46.46774],[8.93889,46.46737],[8.93831,46.46452],[8.93903,46.46306],[8.93885,46.46127],[8.94017,46.45917],[8.94153,46.45846],[8.94185,46.45799],[8.94182,46.45615],[8.94095,46.45429],[8.94177,46.45148],[8.94304,46.44965],[8.94412,46.44891],[8.94484,46.44774],[8.94582,46.44706],[8.94718,46.44556],[8.94849,46.44364],[8.94949,46.44092],[8.95052,46.4397],[8.95299,46.43487],[8.95664,46.43287],[8.95719,46.4323],[8.95726,46.4316],[8.9581,46.43098],[8.95894,46.43065],[8.95946,46.43071],[8.96018,46.4305],[8.96081,46.42999],[8.9664,46.42834]],[[8.9694,46.42698],[8.97001,46.42712],[8.97133,46.42697],[8.97293,46.42611],[8.97439,46.42602],[8.9751,46.4258],[8.97538,46.4253],[8.97481,46.42385],[8.97487,46.42326],[8.97644,46.42185],[8.97652,46.42062],[8.97775,46.41821],[8.97633,46.41416],[8.97757,46.40677],[8.97758,46.40543],[8.97658,46.40119],[8.97595,46.38971],[8.97545,46.38786],[8.97565,46.38738],[8.97622,46.38697],[8.97626,46.38657],[8.9759,46.3852],[8.97485,46.38324],[8.97525,46.38099],[8.97501,46.38073],[8.97273,46.37993],[8.96869,46.37888],[8.9692,46.37723],[8.96895,46.37596],[8.9676,46.37431],[8.96678,46.37207],[8.96537,46.37101],[8.96325,46.37026],[8.96116,46.36875],[8.96053,46.36801],[8.96034,46.36729],[8.96078,46.36643],[8.96228,46.36519],[8.96053,46.36068],[8.9591,46.35842],[8.95798,46.35772],[8.95421,46.35773],[8.95274,46.35694]],[[8.96641,46.42824],[8.96765,46.42704],[8.96874,46.42681],[8.96935,46.42692]]]}},{"type":"Feature","properties":{"id":"riale-riavena-ti","c":"TI","p":"patent","q":"derived","k":"river"},"geometry":{"type":"MultiLineString","coordinates":[[[8.92914,46.21084],[8.92834,46.21019],[8.9281,46.20914],[8.92883,46.20868],[8.92891,46.20818],[8.92982,46.20729],[8.92992,46.2069],[8.92963,46.20628],[8.92981,46.20566],[8.92949,46.20514],[8.92881,46.2043],[8.92763,46.20448],[8.92685,46.20422],[8.92548,46.20429],[8.92411,46.19945],[8.9236,46.19906],[8.92182,46.19881],[8.92123,46.19605],[8.9199,46.19431],[8.91932,46.19411],[8.91814,46.19269],[8.9177,46.19167],[8.91683,46.191],[8.91661,46.19016],[8.91599,46.18976],[8.91642,46.18917],[8.91611,46.18855],[8.91643,46.18728],[8.91586,46.18675],[8.9153,46.18655],[8.91607,46.18537],[8.91607,46.18455],[8.91697,46.1835],[8.91703,46.18284],[8.91673,46.18229],[8.91779,46.18168],[8.91828,46.18086],[8.91809,46.18052],[8.91707,46.18023],[8.91725,46.17989],[8.9171,46.1793],[8.91803,46.17892],[8.91812,46.17866],[8.91764,46.17826],[8.91771,46.17783],[8.9173,46.17742],[8.91639,46.17481],[8.91402,46.17194],[8.91337,46.17078],[8.91299,46.169],[8.91324,46.16603],[8.91215,46.16569],[8.9126,46.16472]],[[8.93244,46.22683],[8.93307,46.22547],[8.93262,46.22504],[8.93286,46.22415],[8.93229,46.22138],[8.93244,46.2209],[8.93207,46.21973],[8.93078,46.21889],[8.93002,46.21744],[8.93029,46.21494],[8.92999,46.21337],[8.92962,46.21292],[8.92961,46.21223]]]}},{"type":"Feature","properties":{"id":"riale-progero-ti","c":"TI","p":"patent","q":"derived","k":"river"},"geometry":{"type":"MultiLineString","coordinates":[[[8.93705,46.17112],[8.93587,46.16927]],[[8.94161,46.20398],[8.9419,46.20281],[8.94174,46.20187],[8.94233,46.20128],[8.94277,46.20026],[8.94226,46.19888],[8.94231,46.19737],[8.94155,46.19555],[8.94166,46.19524],[8.94299,46.19493],[8.94204,46.19316],[8.94231,46.1925],[8.94186,46.19043],[8.94291,46.18961],[8.94321,46.1887],[8.94307,46.18826],[8.9421,46.18756],[8.94233,46.18608],[8.9413,46.18518],[8.9413,46.18442],[8.9418,46.18272],[8.94213,46.18245],[8.94295,46.18238],[8.94315,46.18209],[8.94298,46.18154],[8.94239,46.18106],[8.94327,46.18053],[8.94323,46.17995],[8.94385,46.17968],[8.94329,46.17858],[8.94387,46.17763],[8.94279,46.17696],[8.94269,46.17613],[8.94089,46.17558],[8.93967,46.1744],[8.93898,46.1741],[8.93814,46.17282],[8.93815,46.17201]]]}},{"type":"Feature","properties":{"id":"torrente-pianturina-ti","c":"TI","p":"patent","q":"derived","k":"river"},"geometry":{"type":"LineString","coordinates":[[8.96847,46.13753],[8.9668,46.13912],[8.96445,46.14094],[8.96345,46.14203],[8.96262,46.14224],[8.96212,46.1426],[8.96188,46.14309],[8.95999,46.1447],[8.95851,46.14511],[8.95799,46.1454],[8.95766,46.1459],[8.95637,46.14563],[8.95605,46.14571],[8.95468,46.14667],[8.95387,46.14824],[8.95311,46.14877],[8.95164,46.14946],[8.94986,46.14979],[8.94826,46.15281],[8.94518,46.15334],[8.94427,46.15617]]}},{"type":"Feature","properties":{"id":"torrente-di-comelina-ti","c":"TI","p":"patent","q":"derived","k":"river"},"geometry":{"type":"LineString","coordinates":[[9.01044,46.14882],[9.00849,46.15068],[9.00808,46.15177],[9.00673,46.15278],[9.00606,46.15304],[9.00526,46.1543],[9.00492,46.1555],[9.00416,46.15603],[9.00367,46.15672],[9.00353,46.15742],[9.00371,46.15822],[9.00303,46.15935],[9.00188,46.16033],[9.00084,46.16029],[8.99989,46.15982],[8.99475,46.15944],[8.9933,46.16126],[8.99305,46.16129],[8.97966,46.15652]]}},{"type":"Feature","properties":{"id":"torrente-di-cima-di-cugn-ti","c":"TI","p":"patent","q":"derived","k":"river"},"geometry":{"type":"LineString","coordinates":[[9.15402,46.16595],[9.15339,46.16543],[9.15191,46.16528],[9.15056,46.16466],[9.1498,46.16456],[9.14956,46.16493],[9.14839,46.16535],[9.14695,46.16526],[9.14603,46.16495],[9.14413,46.16475],[9.14333,46.16457],[9.14286,46.1641],[9.1416,46.1636],[9.14075,46.16396],[9.13843,46.16408],[9.13561,46.16465],[9.13403,46.16542],[9.13374,46.16599],[9.13236,46.16681],[9.13042,46.16726],[9.12927,46.1679],[9.12817,46.16795],[9.12711,46.16763],[9.12575,46.16775],[9.12501,46.16761],[9.12306,46.16792],[9.12213,46.16776],[9.12097,46.1679],[9.11987,46.16775],[9.1178,46.16807],[9.11708,46.1678],[9.115,46.16791],[9.11402,46.16763],[9.11326,46.16777],[9.11174,46.1676],[9.11111,46.16771],[9.11037,46.16753],[9.10964,46.16729],[9.10893,46.1667],[9.1082,46.16687],[9.10747,46.16673],[9.10675,46.16626],[9.10563,46.16493]]}},{"type":"Feature","properties":{"id":"sementina-ti","c":"TI","p":"patent","q":"derived","k":"river"},"geometry":{"type":"MultiLineString","coordinates":[[[8.95501,46.22132],[8.95522,46.2185],[8.95488,46.21811],[8.95485,46.21765],[8.95375,46.21648],[8.95354,46.21443],[8.95416,46.21337],[8.95367,46.21218],[8.954,46.21158],[8.95486,46.2112],[8.95626,46.21117],[8.95629,46.21022],[8.95725,46.2098],[8.95835,46.2086],[8.95956,46.20796],[8.96016,46.20697],[8.95977,46.20648],[8.95988,46.20532],[8.96045,46.20485],[8.9613,46.20498],[8.96176,46.20474],[8.96283,46.20223],[8.96311,46.20194],[8.96367,46.20186],[8.96395,46.20162],[8.96338,46.20066],[8.96559,46.19963],[8.96628,46.19882],[8.96742,46.19798],[8.9676,46.19755],[8.96846,46.19721],[8.96863,46.19677],[8.97012,46.19709],[8.9708,46.19639],[8.97209,46.19571],[8.97474,46.19479],[8.97554,46.19471],[8.97663,46.19421],[8.97715,46.19369],[8.9783,46.19367],[8.97964,46.19331],[8.97992,46.19275],[8.98045,46.19235],[8.98374,46.19135],[8.98583,46.18997],[8.98808,46.18966],[8.98962,46.18913],[8.99016,46.18852],[8.99021,46.18803]],[[8.99072,46.18773],[8.99166,46.18732],[8.99346,46.18587],[8.99487,46.18558],[8.99681,46.18481],[9.00024,46.18405]],[[9.00135,46.18366],[9.003,46.18289],[9.00424,46.18163]]]}},{"type":"Feature","properties":{"id":"guasta-ti","c":"TI","p":"patent","q":"derived","k":"river"},"geometry":{"type":"LineString","coordinates":[[9.05752,46.17947],[9.05372,46.18007],[9.05014,46.1792],[9.04912,46.17927],[9.04828,46.179],[9.04704,46.1791],[9.04533,46.17984],[9.04403,46.17985],[9.04274,46.1806],[9.04041,46.18098],[9.03978,46.18146],[9.03714,46.18162],[9.03555,46.18245],[9.03332,46.18237],[9.0326,46.18198],[9.03138,46.18244],[9.02986,46.1823],[9.02892,46.18283],[9.02582,46.18244],[9.02414,46.18284],[9.02048,46.18252],[9.01915,46.18284],[9.01686,46.18248],[9.01346,46.17947],[9.01097,46.17942],[9.00888,46.17888],[9.00472,46.17834],[9.00335,46.17687],[9.00212,46.17602],[9.00012,46.1753],[8.99932,46.17563]]}},{"type":"Feature","properties":{"id":"riale-di-balerna-ti","c":"TI","p":"patent","q":"derived","k":"river"},"geometry":{"type":"LineString","coordinates":[[9.00173,45.86052],[9.00302,45.85953],[9.00329,45.85908],[9.00254,45.85838],[9.00229,45.85677],[9.00133,45.85595],[9.00095,45.85505],[9.00101,45.8543],[9.00013,45.85345],[9.00097,45.85303],[9.00216,45.85058],[9.00239,45.84884],[9.00198,45.84826],[9.00254,45.84713],[9.00262,45.84562],[9.00308,45.84532],[9.00526,45.84483],[9.00602,45.84385],[9.0051,45.84152],[9.0031,45.83771],[9.00305,45.83723],[9.00375,45.83665],[9.01008,45.83498],[9.01046,45.83459],[9.01066,45.83323]]}},{"type":"Feature","properties":{"id":"motta-ti","c":"TI","p":"patent","q":"derived","k":"river"},"geometry":{"type":"LineString","coordinates":[[8.96337,45.84217],[8.96331,45.84251],[8.96357,45.8428],[8.9635,45.84396],[8.96338,45.84425],[8.96295,45.84429],[8.96245,45.84491],[8.96246,45.84563],[8.9618,45.84608],[8.9602,45.84659],[8.95944,45.8473],[8.9609,45.84954],[8.96264,45.85003],[8.96286,45.85024],[8.96261,45.85056],[8.96275,45.85075],[8.96314,45.85095],[8.96412,45.85104],[8.96466,45.85142],[8.96582,45.8513],[8.96596,45.85108],[8.967,45.85132],[8.96753,45.85086],[8.96786,45.85088],[8.96855,45.85128],[8.96809,45.85217],[8.96918,45.85263],[8.97103,45.85436],[8.97178,45.85462],[8.9719,45.85489],[8.97231,45.8549],[8.97242,45.85507],[8.97297,45.85493],[8.97538,45.85493],[8.97606,45.8552],[8.97646,45.85462],[8.97704,45.8547],[8.97763,45.85402],[8.97768,45.85346],[8.97709,45.85126],[8.97719,45.85062],[8.97797,45.84976],[8.97846,45.84964],[8.98032,45.84798],[8.9818,45.84738],[8.98188,45.8467],[8.98236,45.84661],[8.98302,45.84685],[8.98452,45.84693],[8.98523,45.84678],[8.98596,45.84634],[8.98728,45.84657],[8.98771,45.8459],[8.98933,45.84625],[8.98946,45.84555],[8.98993,45.84532],[8.9895,45.84482],[8.98964,45.84448],[8.99028,45.84463],[8.99045,45.84507],[8.99119,45.84528],[8.99146,45.84599],[8.99175,45.84611],[8.99297,45.8455],[8.99484,45.84552],[8.9951,45.84539],[8.99511,45.84444],[8.99613,45.84414],[8.99575,45.8433],[8.99648,45.84259],[8.99621,45.8371],[8.99645,45.83668],[8.99859,45.83514]]}},{"type":"Feature","properties":{"id":"valmaggina-ti","c":"TI","p":"patent","q":"derived","k":"river"},"geometry":{"type":"LineString","coordinates":[[9.09524,46.13121],[9.09413,46.13174],[9.09274,46.1316],[9.09156,46.13213],[9.09075,46.13221],[9.08871,46.13403],[9.08784,46.13412],[9.08589,46.13504],[9.08471,46.13528],[9.0843,46.13576],[9.08273,46.13639],[9.08244,46.13728],[9.08271,46.13794],[9.0833,46.13834],[9.0829,46.13925],[9.08314,46.14084],[9.08267,46.14166],[9.08182,46.14224],[9.08165,46.14307],[9.08106,46.14377],[9.08104,46.14441],[9.08046,46.14532],[9.07869,46.14603],[9.07559,46.14813],[9.07307,46.14893],[9.07197,46.1495],[9.07139,46.15015],[9.07051,46.15064],[9.07049,46.15102],[9.06922,46.15144],[9.06784,46.15231],[9.06666,46.15327],[9.06654,46.15506],[9.06603,46.15532],[9.06555,46.15531],[9.0652,46.15576],[9.06508,46.15653],[9.0646,46.15659],[9.06436,46.15709],[9.06353,46.15723],[9.06259,46.15795],[9.06262,46.15823],[9.0619,46.15921],[9.0633,46.15971],[9.06285,46.16084],[9.06438,46.16129],[9.06468,46.16162],[9.06475,46.16219],[9.06419,46.16246],[9.06427,46.16301],[9.06351,46.16331],[9.06296,46.16393],[9.0628,46.16458],[9.06231,46.1649],[9.06231,46.16519]]}},{"type":"Feature","properties":{"id":"riale-grande-ti-2","c":"TI","p":"patent","q":"derived","k":"river"},"geometry":{"type":"LineString","coordinates":[[9.02337,46.14504],[9.02252,46.14562],[9.02223,46.14625],[9.02081,46.1465],[9.01886,46.14791],[9.01868,46.14941],[9.01945,46.15042],[9.01893,46.15133],[9.01842,46.15168],[9.01756,46.1518],[9.01673,46.15261],[9.01614,46.15285],[9.01535,46.15372],[9.01402,46.15586],[9.0133,46.1565],[9.0127,46.15916],[9.01184,46.16034],[9.01212,46.16071],[9.01123,46.16092],[9.00959,46.1623],[9.00855,46.16412],[9.0061,46.16672],[9.00596,46.16793]]}},{"type":"Feature","properties":{"id":"cassone-ti","c":"TI","p":"patent","q":"derived","k":"river"},"geometry":{"type":"LineString","coordinates":[[9.00035,46.01989],[8.99993,46.01842],[8.99919,46.01727],[8.99952,46.01651],[8.99934,46.01548],[8.99854,46.01457],[8.99749,46.01401],[8.99715,46.01361],[8.99542,46.01372],[8.99443,46.01338],[8.99395,46.01296],[8.99328,46.01277],[8.99299,46.01286],[8.99234,46.0124],[8.98787,46.01375],[8.98729,46.01365],[8.98596,46.01381],[8.98456,46.01498],[8.98392,46.01496],[8.98278,46.01528],[8.98255,46.01604],[8.9817,46.01648],[8.98171,46.01708],[8.98149,46.01726],[8.98075,46.01745],[8.97992,46.01741],[8.97946,46.01808],[8.97695,46.01923],[8.96988,46.01972],[8.96348,46.02046],[8.9628,46.02029]]}},{"type":"Feature","properties":{"id":"riale-di-mercori-ti","c":"TI","p":"patent","q":"derived","k":"river"},"geometry":{"type":"LineString","coordinates":[[8.91649,46.28043],[8.91726,46.28173],[8.91832,46.28218],[8.91895,46.28271],[8.92025,46.28292],[8.92241,46.28376],[8.9235,46.28368],[8.92573,46.28394],[8.9265,46.28484],[8.9259,46.2855],[8.9276,46.28597],[8.92849,46.28575],[8.92955,46.2862],[8.93125,46.28571],[8.93183,46.28586],[8.93245,46.2857],[8.93302,46.28588],[8.93406,46.28578],[8.93488,46.28599],[8.93586,46.2869],[8.93672,46.28688],[8.93901,46.2878],[8.94228,46.28807],[8.94507,46.2892],[8.94685,46.28893],[8.94845,46.2874]]}},{"type":"Feature","properties":{"id":"ticino-ti","c":"TI","p":"patent","q":"derived","k":"river"},"geometry":{"type":"MultiLineString","coordinates":[[[8.40411,46.4863],[8.40421,46.48557],[8.40466,46.48499],[8.40631,46.48426]],[[8.40682,46.48329],[8.40662,46.48317],[8.4069,46.48257],[8.40651,46.48238],[8.40664,46.48204],[8.40639,46.48175],[8.40682,46.48076],[8.40665,46.4804],[8.40753,46.47954],[8.40774,46.47834],[8.40829,46.47774],[8.40862,46.47671],[8.41065,46.47568],[8.41219,46.47561],[8.41294,46.47502],[8.41384,46.47506],[8.41513,46.47462],[8.41589,46.47461],[8.41631,46.47506],[8.41736,46.47544],[8.41764,46.47534],[8.41767,46.47557],[8.41817,46.47559],[8.41834,46.47576],[8.41875,46.47562],[8.42088,46.47584],[8.42318,46.47518],[8.4235,46.47472],[8.42588,46.47383],[8.42626,46.4735],[8.42721,46.4739],[8.42882,46.47382],[8.43014,46.47395],[8.43032,46.47314],[8.43153,46.47296],[8.43187,46.47305],[8.43251,46.47376],[8.43436,46.47346],[8.43493,46.47319],[8.43691,46.4732],[8.43828,46.47301],[8.43891,46.4733],[8.44138,46.473],[8.44189,46.47331],[8.44235,46.47313],[8.44387,46.47314],[8.44468,46.47338],[8.44618,46.47327],[8.44678,46.47347],[8.44807,46.47333],[8.44924,46.47351],[8.45051,46.47389],[8.45238,46.4749],[8.45347,46.47524],[8.45411,46.47521],[8.45599,46.4761],[8.45891,46.47697],[8.45928,46.47728],[8.4594,46.47775],[8.46022,46.478],[8.4605,46.47844],[8.46113,46.47882],[8.46175,46.47883],[8.46205,46.47904],[8.46346,46.48076],[8.46476,46.48142],[8.46773,46.48204],[8.46919,46.48303],[8.46974,46.48319],[8.47007,46.48393],[8.47183,46.48504],[8.47407,46.48531],[8.47514,46.48593],[8.47625,46.48615],[8.47677,46.48649],[8.47816,46.4866],[8.47848,46.48723],[8.47953,46.48803],[8.48006,46.48814],[8.48062,46.48789],[8.48188,46.48794],[8.48518,46.48958],[8.48612,46.48975],[8.48654,46.49015],[8.48812,46.49047],[8.48906,46.49135],[8.49038,46.49177],[8.49059,46.49283],[8.49212,46.49383],[8.4928,46.49397],[8.49316,46.49476],[8.49454,46.49555],[8.49693,46.49622],[8.49709,46.49693],[8.49752,46.49735],[8.49844,46.49748],[8.49995,46.49813],[8.50146,46.49846],[8.50223,46.4991],[8.50337,46.49965],[8.50386,46.50029],[8.50453,46.50046],[8.50495,46.50088],[8.5064,46.5014],[8.50703,46.50188],[8.50724,46.50243],[8.5088,46.5033],[8.51032,46.50373],[8.511,46.50433],[8.51277,46.50448],[8.51401,46.50551],[8.51598,46.50573],[8.51871,46.50644],[8.52009,46.50716],[8.52151,46.50744],[8.52222,46.508],[8.52321,46.50823],[8.52536,46.50929],[8.52865,46.51017],[8.52996,46.51093],[8.53114,46.51206],[8.53162,46.51207],[8.53256,46.51151],[8.53346,46.51162],[8.53676,46.51326],[8.53831,46.51371],[8.53892,46.51474],[8.53977,46.51528],[8.5407,46.51526],[8.54278,46.51464],[8.54404,46.51461],[8.54522,46.51564],[8.54747,46.51649],[8.55368,46.51798],[8.55563,46.51825],[8.55869,46.51947],[8.5604,46.52062],[8.56152,46.52097],[8.56479,46.52034],[8.56802,46.52122],[8.56978,46.52117],[8.57113,46.52176],[8.57438,46.52234],[8.5771,46.52272],[8.57814,46.52264],[8.57927,46.52288],[8.58059,46.52292],[8.5812,46.5231],[8.58227,46.52396],[8.58369,46.5242],[8.58545,46.52387],[8.58586,46.52415],[8.58582,46.5248],[8.5867,46.52455],[8.58794,46.52475],[8.58932,46.52535],[8.59035,46.52529],[8.59993,46.52614]],[[8.60741,46.52626],[8.60944,46.52621],[8.61192,46.52551],[8.62016,46.52589],[8.62381,46.52554],[8.62605,46.52511],[8.62789,46.52422],[8.62957,46.52384],[8.63175,46.52288],[8.63388,46.52301],[8.63495,46.52201],[8.63593,46.52153],[8.63907,46.52123],[8.63984,46.52088],[8.64162,46.51936],[8.6443,46.51896],[8.64497,46.51868],[8.64582,46.51798],[8.64805,46.5184],[8.65348,46.51823],[8.65908,46.51768],[8.6617,46.51669],[8.66366,46.51634],[8.66638,46.51671],[8.66859,46.51653],[8.67547,46.51658],[8.68463,46.51588],[8.68728,46.51599],[8.68821,46.51577],[8.6907,46.51561],[8.69392,46.51502],[8.69618,46.51414],[8.70136,46.51279],[8.70276,46.51225],[8.7067,46.50906],[8.7088,46.50795],[8.71144,46.50727],[8.71412,46.50701],[8.7157,46.50645],[8.72394,46.50143],[8.72524,46.50008],[8.72629,46.49954],[8.72933,46.49879],[8.73093,46.4981],[8.73458,46.49562],[8.7349,46.49488],[8.7363,46.49383],[8.73852,46.49272],[8.74155,46.49053],[8.74212,46.49031],[8.74514,46.48923],[8.7457,46.48937],[8.74728,46.48922],[8.7482,46.48935],[8.74895,46.4892],[8.75055,46.48947],[8.75105,46.48937],[8.75195,46.49031],[8.75284,46.49065],[8.75708,46.49166],[8.75793,46.49163],[8.7584,46.49178],[8.75944,46.49132],[8.75967,46.49042],[8.7604,46.49009],[8.76327,46.49013],[8.76589,46.48947],[8.76768,46.49019],[8.76864,46.48974],[8.7708,46.49005],[8.7722,46.48935],[8.77481,46.48893],[8.77625,46.48745],[8.77742,46.48665],[8.7791,46.48623],[8.77954,46.48559],[8.78102,46.48443],[8.78323,46.48319],[8.7904,46.48107],[8.79232,46.47902],[8.79693,46.4767],[8.79906,46.47606],[8.80014,46.47503],[8.80192,46.47408],[8.80456,46.47309],[8.80819,46.4709],[8.81294,46.46849],[8.81458,46.46801],[8.81609,46.46713],[8.82198,46.46503],[8.82405,46.46344],[8.8245,46.46234],[8.82462,46.46078],[8.82693,46.45684],[8.82709,46.45591],[8.82768,46.45534],[8.82911,46.45509],[8.82924,46.45346],[8.83008,46.45177],[8.8302,46.44986],[8.83047,46.4493],[8.8312,46.44853],[8.83384,46.44662],[8.83527,46.44445],[8.83568,46.44298],[8.83734,46.44054],[8.83941,46.43933],[8.84262,46.4387],[8.84468,46.43801],[8.84496,46.43721],[8.84548,46.43672],[8.8467,46.43593],[8.84831,46.43539],[8.84868,46.43506],[8.84941,46.4338],[8.85235,46.43099],[8.85248,46.43025],[8.85316,46.4294],[8.85315,46.42796],[8.85363,46.42744],[8.85403,46.4262],[8.85415,46.42477],[8.855,46.42362],[8.85568,46.42199],[8.85616,46.4215],[8.85971,46.42055],[8.86022,46.42014],[8.86085,46.41913],[8.86197,46.41835],[8.86214,46.41798],[8.86185,46.41746],[8.86232,46.41678],[8.86425,46.41572],[8.86456,46.41537],[8.86477,46.41341],[8.8659,46.41247],[8.86742,46.41209],[8.86768,46.41186],[8.87102,46.40563],[8.87254,46.40443],[8.87346,46.40336],[8.87511,46.40225],[8.87577,46.4008],[8.87661,46.40025],[8.87943,46.39985],[8.88119,46.39898],[8.88228,46.3981],[8.88351,46.39634],[8.88399,46.39423],[8.88461,46.39344],[8.88705,46.39175],[8.88794,46.39134],[8.88842,46.39118],[8.89015,46.39135],[8.89113,46.39124],[8.89222,46.39084],[8.89405,46.38977],[8.89621,46.38814],[8.89685,46.38627],[8.89737,46.38561],[8.8981,46.38513],[8.89995,46.38459],[8.90127,46.38398],[8.90361,46.3816],[8.90444,46.38039],[8.9125,46.37574],[8.91517,46.3734],[8.91702,46.37292],[8.92069,46.37297],[8.92229,46.37281],[8.92376,46.37235],[8.92556,46.37146],[8.92717,46.37018],[8.92826,46.36882],[8.92932,46.36677],[8.92994,46.36433],[8.93022,46.36409],[8.94218,46.36028],[8.94794,46.35893],[8.95293,46.35685],[8.95484,46.35527],[8.95859,46.35045],[8.96301,46.34713],[8.96566,46.34455],[8.96791,46.34175],[8.97542,46.33105],[8.97807,46.32708],[8.97941,46.3239],[8.9798,46.3195],[8.98127,46.31011],[8.98226,46.30669],[8.98393,46.30411],[8.98526,46.30295],[8.98763,46.3021],[8.99018,46.30149],[8.99151,46.30068],[8.9923,46.29991],[8.99391,46.29759],[8.99584,46.29412],[8.99694,46.28979],[8.99716,46.28659],[8.99697,46.28343],[8.99759,46.27739],[8.99863,46.27516],[9.00032,46.27319],[9.00107,46.27266],[9.00402,46.27214],[9.00749,46.27242],[9.00949,46.27202],[9.01083,46.27156],[9.01202,46.27088],[9.01352,46.26971],[9.01397,46.26906],[9.01401,46.2684],[9.0129,46.26403],[9.01048,46.25672],[9.01064,46.25429],[9.01162,46.25202],[9.01432,46.24807],[9.01618,46.24491],[9.0179,46.243],[9.01918,46.24221],[9.0242,46.23999],[9.02809,46.23786],[9.03204,46.23615],[9.03274,46.23568],[9.03318,46.23506],[9.03471,46.23117],[9.03528,46.22858],[9.03537,46.22691],[9.03591,46.22517],[9.03814,46.2213],[9.03829,46.2196],[9.03935,46.21814],[9.03936,46.21677],[9.03843,46.21545],[9.0382,46.21397],[9.03706,46.21191],[9.03555,46.21034],[9.03439,46.20953],[9.03282,46.20893],[9.02993,46.20867],[9.02683,46.2078],[9.02093,46.20537],[9.0181,46.2036],[9.01071,46.19523],[9.00734,46.19016],[9.0059,46.18682],[9.00434,46.18094],[9.00359,46.17913],[9.00265,46.17801],[9.0014,46.17696],[8.99937,46.1759],[8.99808,46.17557],[8.99645,46.17545],[8.98662,46.17571],[8.9787,46.17556],[8.97277,46.17506],[8.96584,46.17414],[8.91915,46.16607],[8.91278,46.16451],[8.9015,46.16127],[8.88827,46.15818],[8.88069,46.15691],[8.87421,46.15624],[8.86286,46.15575]]]}},{"type":"Feature","properties":{"id":"val-cocco-ti","c":"TI","p":"patent","q":"derived","k":"river"},"geometry":{"type":"LineString","coordinates":[[8.67848,46.34093],[8.67718,46.34185],[8.67485,46.34217],[8.67482,46.34277],[8.67421,46.34324],[8.67413,46.34354],[8.67282,46.34423],[8.6712,46.34563],[8.67006,46.34618],[8.66922,46.34595],[8.66887,46.34607],[8.66822,46.34674],[8.66723,46.34729],[8.66713,46.34773],[8.66548,46.34866],[8.66448,46.34883],[8.66018,46.35034],[8.65852,46.35032],[8.65625,46.35143],[8.65324,46.35229],[8.65281,46.35284],[8.65231,46.35304],[8.64865,46.3538],[8.64689,46.35387],[8.64476,46.35457],[8.63977,46.35497],[8.63871,46.35497],[8.63792,46.35474],[8.63733,46.35506]]}},{"type":"Feature","properties":{"id":"rein-da-medel-ti","c":"TI","p":"patent","q":"derived","k":"river"},"geometry":{"type":"MultiLineString","coordinates":[[[8.6991,46.56439],[8.70029,46.56452],[8.70166,46.56504],[8.70319,46.56508],[8.704,46.56559],[8.70504,46.56567],[8.70512,46.56534],[8.70564,46.56511],[8.7066,46.56534],[8.70954,46.5649],[8.7109,46.56425],[8.71124,46.56397],[8.71127,46.56358],[8.71203,46.56345],[8.71237,46.56322],[8.71325,46.56326],[8.71342,46.5629],[8.71403,46.56268],[8.71491,46.56285],[8.7153,46.56316],[8.71656,46.56277],[8.71753,46.56285]],[[8.7195,46.56306],[8.72009,46.56314],[8.7204,46.56348],[8.72133,46.56342],[8.72328,46.56447],[8.72418,46.56452],[8.7261,46.56517],[8.72668,46.56518],[8.72713,46.56544],[8.72894,46.56544],[8.73326,46.56612],[8.73409,46.5661],[8.73458,46.56583],[8.73517,46.56586],[8.737,46.56534],[8.73785,46.56538],[8.7386,46.56511],[8.7419,46.56474],[8.74291,46.56479],[8.74381,46.56509],[8.74468,46.56488],[8.74538,46.56448],[8.74613,46.56496],[8.74729,46.56472],[8.74797,46.5649],[8.74906,46.56486],[8.75089,46.56416],[8.75201,46.56448],[8.75375,46.56437]],[[8.75581,46.56453],[8.75773,46.564],[8.7589,46.56401],[8.75938,46.56406],[8.75963,46.56428],[8.76232,46.56451],[8.7658,46.56527],[8.76823,46.56547],[8.76979,46.56512],[8.77092,46.56454],[8.77257,46.56421],[8.77433,46.56339],[8.77514,46.56404],[8.77598,46.5662],[8.77719,46.56683],[8.77889,46.56683],[8.77979,46.5663],[8.78064,46.56614],[8.78147,46.56622],[8.78246,46.56667],[8.78327,46.56659],[8.78405,46.56674]]]}},{"type":"Feature","properties":{"id":"ri-delle-sponde-ti","c":"TI","p":"patent","q":"derived","k":"river"},"geometry":{"type":"MultiLineString","coordinates":[[[8.63982,46.29477],[8.6403,46.29411],[8.64127,46.29417],[8.64401,46.29327],[8.64526,46.29222],[8.64616,46.29179],[8.64992,46.29089],[8.65122,46.28938],[8.65453,46.28776]],[[8.65654,46.31633],[8.65594,46.31557],[8.6526,46.31434],[8.65234,46.31337],[8.65173,46.31275],[8.65179,46.31237],[8.65122,46.31123],[8.65081,46.3108],[8.6495,46.31039],[8.64946,46.30983],[8.64872,46.30965],[8.64874,46.30924],[8.64803,46.30841],[8.64755,46.30691],[8.6468,46.30661],[8.64517,46.30476],[8.64432,46.3043],[8.64394,46.30379],[8.64312,46.30351],[8.64286,46.30296],[8.64311,46.30249],[8.6425,46.3021],[8.64349,46.30112],[8.64349,46.3005],[8.64393,46.30018],[8.64398,46.2993],[8.64366,46.29899],[8.64382,46.29841],[8.64321,46.29821],[8.64183,46.29838],[8.64064,46.29794],[8.64068,46.2977],[8.64033,46.29739],[8.64109,46.2966],[8.64033,46.29612],[8.63985,46.29494]]]}},{"type":"Feature","properties":{"id":"moesa-ti","c":"TI","p":"patent","q":"derived","k":"river"},"geometry":{"type":"LineString","coordinates":[[9.08052,46.23098],[9.07967,46.23078],[9.07262,46.22768],[9.0672,46.227],[9.0475,46.22041],[9.0455,46.21986],[9.04098,46.21917],[9.03924,46.21841]]}},{"type":"Feature","properties":{"id":"fiume-calnegia-ti","c":"TI","p":"patent","q":"derived","k":"river"},"geometry":{"type":"LineString","coordinates":[[8.47938,46.35182],[8.47996,46.35233],[8.48676,46.35356],[8.48861,46.35414],[8.49027,46.35363],[8.49132,46.35415],[8.49261,46.35404],[8.49469,46.3542],[8.49514,46.35393],[8.49596,46.35378],[8.49867,46.3537],[8.49938,46.35387],[8.50006,46.35376],[8.50134,46.35389],[8.50173,46.3541],[8.50269,46.35399],[8.50381,46.35421],[8.50534,46.35406],[8.50609,46.35463],[8.50715,46.35489],[8.50726,46.35687],[8.50846,46.35727],[8.50947,46.35721],[8.51037,46.35693],[8.51229,46.35692],[8.51314,46.35633],[8.51411,46.3562],[8.51617,46.35649],[8.51685,46.3568],[8.51864,46.35716],[8.52048,46.35684],[8.52161,46.35731],[8.52207,46.35783],[8.52269,46.35802],[8.52605,46.35789],[8.52737,46.36009],[8.52876,46.36114],[8.53177,46.3627],[8.53287,46.3628],[8.53388,46.36317],[8.53461,46.36312],[8.53506,46.36335],[8.53661,46.36484],[8.53832,46.3655],[8.53918,46.3662],[8.5402,46.36823],[8.54177,46.36874],[8.54435,46.37076],[8.54648,46.3721],[8.54773,46.37182]]}},{"type":"Feature","properties":{"id":"cassarate-ti","c":"TI","p":"patent","q":"derived","k":"river"},"geometry":{"type":"LineString","coordinates":[[9.08895,46.08591],[9.08798,46.08603],[9.08501,46.08554],[9.08357,46.08552],[9.08161,46.08486],[9.07946,46.08467],[9.07842,46.08406],[9.07705,46.08445],[9.07536,46.08434],[9.07445,46.08479],[9.07259,46.08511],[9.07139,46.08551],[9.0705,46.08632],[9.06966,46.08629],[9.06901,46.08657],[9.06884,46.08687],[9.06751,46.08681],[9.06459,46.08785],[9.06357,46.08849],[9.0626,46.08845],[9.06214,46.08865],[9.06073,46.08879],[9.05982,46.08854],[9.05871,46.08861],[9.05804,46.08894],[9.05739,46.0889],[9.05659,46.08956],[9.05589,46.08941],[9.0552,46.08948],[9.05428,46.08898],[9.05317,46.08884],[9.05247,46.08834],[9.05037,46.08802],[9.04904,46.08712],[9.0475,46.08828],[9.04545,46.08708],[9.04409,46.08725],[9.04215,46.08653],[9.04137,46.0864],[9.04047,46.0865],[9.03978,46.08567],[9.03627,46.08505],[9.0358,46.08471],[9.03518,46.08311],[9.03422,46.08307],[9.03251,46.08352],[9.03205,46.08316],[9.03189,46.08243],[9.03128,46.08229],[9.0302,46.08245],[9.02966,46.08211],[9.02791,46.08171],[9.02723,46.08068],[9.02593,46.08078],[9.0252,46.08047],[9.02434,46.08075],[9.02354,46.08075],[9.02212,46.07997],[9.0213,46.07988],[9.02031,46.07937],[9.01961,46.07928],[9.01761,46.0799],[9.01471,46.07853],[9.0127,46.07851],[9.01205,46.07842],[9.01117,46.07799],[9.01002,46.07797],[9.00794,46.07764],[9.00642,46.07698],[9.00584,46.07629],[9.00457,46.07563],[9.00426,46.07525],[9.00277,46.07489],[9.00246,46.07397],[9.00068,46.07408],[8.99977,46.07381],[8.99907,46.07334],[8.99853,46.07332],[8.99784,46.07358],[8.99695,46.07298],[8.99564,46.07308],[8.99523,46.07282],[8.99437,46.07269],[8.9932,46.07197],[8.99204,46.07186],[8.98948,46.07124],[8.98879,46.07086],[8.98879,46.07043],[8.98827,46.07025],[8.987,46.06924],[8.98459,46.06896],[8.98399,46.06853],[8.98372,46.06793],[8.98282,46.06763],[8.98274,46.06694],[8.98178,46.06625],[8.9812,46.06613],[8.97959,46.06479],[8.97935,46.06437],[8.97959,46.06391],[8.97933,46.0632],[8.97806,46.06294],[8.97777,46.06267],[8.97734,46.06053],[8.9768,46.05989],[8.97666,46.05901],[8.97804,46.05756],[8.97803,46.0551],[8.97669,46.05396],[8.97503,46.05354],[8.97489,46.05265],[8.97573,46.05072],[8.9751,46.05054],[8.97442,46.04998],[8.97418,46.04954],[8.97452,46.04893],[8.973,46.04789],[8.97253,46.04677],[8.97172,46.04596],[8.97194,46.0445],[8.97279,46.04317],[8.97292,46.04184],[8.97232,46.0406],[8.97234,46.03591],[8.97295,46.03499],[8.97293,46.03439],[8.97319,46.03402],[8.97235,46.0326],[8.97263,46.03084],[8.97098,46.03063],[8.96989,46.03011],[8.96868,46.02773],[8.96649,46.02662],[8.96588,46.02495],[8.96425,46.02373],[8.96387,46.02231],[8.96288,46.02119],[8.96234,46.01761],[8.96037,46.01268],[8.95973,46.00978],[8.96059,46.0074],[8.9615,46.00271]]}},{"type":"Feature","properties":{"id":"tresa-ti","c":"TI","p":"patent","q":"derived","k":"river"},"geometry":{"type":"MultiLineString","coordinates":[[[8.78881,45.98867],[8.78593,45.98909]],[[8.79889,45.99141],[8.79764,45.99184],[8.79651,45.99195]],[[8.82176,45.9873],[8.81981,45.98747],[8.81903,45.98771],[8.81757,45.98832],[8.81367,45.99052],[8.81296,45.99055],[8.81223,45.99027]],[[8.83288,45.98685],[8.83187,45.98794],[8.83116,45.9884],[8.82981,45.98819],[8.82721,45.98717],[8.82537,45.98781]],[[8.8432,45.98026],[8.84277,45.98172],[8.8416,45.98314],[8.83918,45.98421]],[[8.84893,45.97338],[8.84766,45.97531],[8.84629,45.97644],[8.84572,45.97674],[8.84435,45.97694],[8.84366,45.97723],[8.84333,45.97767]]]}},{"type":"Feature","properties":{"id":"faloppia-ti","c":"TI","p":"patent","q":"derived","k":"river"},"geometry":{"type":"MultiLineString","coordinates":[[[8.99519,45.82775],[8.99499,45.82827],[8.99511,45.82894],[8.99611,45.83052],[8.99639,45.8318],[8.9967,45.83209],[8.9977,45.83242],[8.99763,45.83306],[8.99689,45.83351],[8.99694,45.83415],[8.99785,45.83485],[8.99858,45.83508],[8.99925,45.83506]],[[9.00001,45.83497],[9.0032,45.8344],[9.00497,45.83383],[9.00604,45.83394],[9.01548,45.83242],[9.02439,45.83175],[9.02754,45.83208],[9.02931,45.83166],[9.03523,45.83966]]]}},{"type":"Feature","properties":{"id":"foss-ti-2","c":"TI","p":"patent","q":"derived","k":"river"},"geometry":{"type":"LineString","coordinates":[[8.57089,46.55092],[8.57047,46.55124],[8.57018,46.55123],[8.56909,46.5501],[8.56821,46.54986],[8.56774,46.54984],[8.56746,46.55002],[8.56662,46.54973],[8.56638,46.5491],[8.56568,46.54852],[8.56542,46.54792],[8.56592,46.54645],[8.56624,46.546],[8.56704,46.54576],[8.56756,46.545],[8.56884,46.54435],[8.56958,46.54354],[8.57037,46.54323],[8.57085,46.54268],[8.57265,46.54196],[8.57302,46.54139],[8.5737,46.54128],[8.57469,46.5414],[8.57801,46.54099],[8.5801,46.54026],[8.58065,46.53935],[8.58125,46.53928],[8.58099,46.53841],[8.58128,46.53803],[8.58068,46.53763],[8.58097,46.53696],[8.58275,46.53709],[8.58387,46.53552],[8.58417,46.53551],[8.5851,46.53598],[8.58545,46.53595],[8.58642,46.53508],[8.58672,46.53377],[8.5857,46.53308],[8.58516,46.53207],[8.58348,46.53085],[8.58378,46.53013],[8.58328,46.52926],[8.58371,46.52831],[8.58328,46.52766],[8.58357,46.5268],[8.58281,46.52625],[8.58282,46.52584],[8.58352,46.52585],[8.58396,46.52535],[8.58572,46.52477]]}},{"type":"Feature","properties":{"id":"gotthardreuss-ti","c":"TI","p":"patent","q":"derived","k":"river"},"geometry":{"type":"MultiLineString","coordinates":[[[8.53108,46.5466],[8.53089,46.54761],[8.52835,46.54943],[8.5287,46.55],[8.52862,46.55077],[8.52886,46.55126],[8.52832,46.55198],[8.52873,46.5525],[8.52844,46.55279],[8.52853,46.55319],[8.52891,46.55338],[8.52893,46.55381],[8.52808,46.55432],[8.52832,46.55511],[8.52808,46.55548],[8.52912,46.55671],[8.5291,46.55717],[8.52952,46.55803],[8.53039,46.55864],[8.53189,46.55914]],[[8.55023,46.56342],[8.5519,46.56309],[8.55462,46.56333],[8.55521,46.5643],[8.55573,46.56452],[8.557,46.56571],[8.55759,46.56582],[8.55789,46.56704],[8.55715,46.56793],[8.55783,46.56894],[8.55814,46.56983],[8.55806,46.57055],[8.55845,46.57126]],[[8.55851,46.57184],[8.55848,46.57236],[8.55906,46.57343],[8.56004,46.57443],[8.55968,46.57506],[8.55864,46.57543],[8.55849,46.57581],[8.55887,46.57629],[8.55916,46.57743],[8.55833,46.5788],[8.55853,46.5809],[8.55907,46.58148]]]}},{"type":"Feature","properties":{"id":"isorno-ti","c":"TI","p":"patent","q":"derived","k":"river"},"geometry":{"type":"MultiLineString","coordinates":[[[8.54032,46.19802],[8.54066,46.19769]],[[8.54539,46.19629],[8.54627,46.19616],[8.54738,46.19556],[8.54848,46.19593],[8.55028,46.19517],[8.55099,46.19527],[8.5523,46.19583],[8.55337,46.19544],[8.55472,46.19549],[8.55545,46.19526],[8.55773,46.19543],[8.55802,46.19517],[8.55854,46.19513],[8.55993,46.19571],[8.56093,46.19522],[8.56339,46.19608],[8.56619,46.19584],[8.56669,46.19638],[8.56885,46.19721],[8.56959,46.19726],[8.56982,46.19757],[8.57068,46.19729],[8.5728,46.19752],[8.57345,46.19779],[8.57367,46.19821],[8.57311,46.19923],[8.57328,46.1996],[8.57522,46.20005],[8.57578,46.19999],[8.57714,46.20069],[8.57843,46.20087],[8.57927,46.20073],[8.58063,46.20154],[8.58267,46.20145],[8.58357,46.20172],[8.58535,46.20184],[8.58594,46.20228],[8.58653,46.20311],[8.5872,46.2032],[8.58846,46.20264],[8.5889,46.20215],[8.59101,46.2015],[8.5914,46.20121],[8.59368,46.20169],[8.59504,46.2016],[8.5961,46.20135],[8.59676,46.20084],[8.59795,46.20094],[8.59951,46.20138],[8.60121,46.20095],[8.60222,46.2004],[8.60465,46.2008],[8.60573,46.20047],[8.60688,46.20037],[8.60762,46.20049],[8.60842,46.20102],[8.61,46.20134],[8.61166,46.20051],[8.6132,46.19917],[8.61482,46.19925],[8.61577,46.19963],[8.61672,46.19967],[8.61738,46.19891],[8.61902,46.19834],[8.62118,46.19893],[8.62271,46.19889],[8.62403,46.19983],[8.62506,46.20024],[8.62634,46.20044],[8.62794,46.20044],[8.62886,46.20004],[8.63041,46.19847],[8.63291,46.19713],[8.63314,46.19643],[8.63357,46.19629],[8.63401,46.19557],[8.63458,46.19536],[8.63563,46.19558],[8.6387,46.19523],[8.63979,46.19549],[8.64116,46.19556],[8.64367,46.19525],[8.64574,46.19549],[8.64744,46.19525],[8.64891,46.19567],[8.65044,46.19544],[8.65104,46.1957],[8.65124,46.19615],[8.65198,46.19678],[8.65327,46.19621],[8.65399,46.19637],[8.65493,46.19724],[8.65686,46.19749],[8.65787,46.19711],[8.66017,46.19701],[8.66149,46.19779],[8.6632,46.19799],[8.66327,46.19845],[8.66367,46.19878],[8.66512,46.19907],[8.6658,46.19909],[8.66735,46.19853],[8.66823,46.19782],[8.66957,46.19731],[8.67102,46.19749],[8.67269,46.19754],[8.67327,46.19736],[8.67469,46.19748],[8.67594,46.19858],[8.67916,46.19893],[8.68081,46.19811],[8.68165,46.19747],[8.6817,46.19708],[8.68245,46.19663],[8.6841,46.19632],[8.68484,46.19675],[8.68629,46.19698],[8.68786,46.19666],[8.68908,46.19578],[8.68945,46.19492],[8.69119,46.19289],[8.69211,46.1905]],[[8.69371,46.18846],[8.69405,46.18832],[8.69488,46.18625],[8.69461,46.18548],[8.69402,46.18529],[8.69326,46.18532],[8.69382,46.18411],[8.69406,46.1827],[8.69564,46.18165],[8.697,46.18111],[8.6975,46.17978],[8.69823,46.17971],[8.70355,46.18016],[8.70575,46.1801],[8.70696,46.1804]]]}},{"type":"Feature","properties":{"id":"melezza-ti","c":"TI","p":"patent","q":"derived","k":"river"},"geometry":{"type":"MultiLineString","coordinates":[[[8.59295,46.14295],[8.59336,46.14412]],[[8.59304,46.14593],[8.59446,46.14736],[8.59579,46.14766]],[[8.59615,46.14786],[8.59664,46.14859],[8.59863,46.14895],[8.59964,46.14932],[8.60008,46.14968],[8.6,46.15141],[8.60021,46.15211],[8.60003,46.15283],[8.60031,46.15339],[8.6016,46.15366],[8.60473,46.15354]],[[8.63031,46.15987],[8.632,46.15975],[8.63301,46.1604],[8.63601,46.16001],[8.63669,46.16049],[8.63699,46.16102],[8.63749,46.16126],[8.63833,46.16134],[8.63979,46.16108],[8.64457,46.16137],[8.64604,46.16194],[8.64725,46.16334],[8.64813,46.16343],[8.6522,46.16447],[8.65257,46.16469],[8.65277,46.16538],[8.65324,46.16561],[8.65607,46.16584],[8.65674,46.16546],[8.65803,46.16526],[8.65881,46.16611],[8.65875,46.16661],[8.65912,46.16696],[8.66003,46.16677],[8.66462,46.16733],[8.66876,46.1673],[8.67078,46.16761],[8.67254,46.16741],[8.67437,46.16676],[8.67683,46.16687],[8.6777,46.1672],[8.67862,46.16784],[8.67964,46.16809],[8.68073,46.168],[8.68145,46.16853],[8.6854,46.16999],[8.68712,46.171],[8.68737,46.17166],[8.68779,46.17206],[8.68954,46.17255],[8.69076,46.17252],[8.69275,46.17382],[8.69687,46.17445],[8.69905,46.17526],[8.70109,46.17542],[8.70445,46.17642],[8.7059,46.17774],[8.70631,46.17965],[8.70696,46.1804],[8.70766,46.18054],[8.7107,46.18052],[8.7129,46.18084],[8.71469,46.1809],[8.71766,46.18077],[8.72147,46.17979],[8.72374,46.17836],[8.72541,46.17773],[8.72819,46.17798],[8.73143,46.17883],[8.73564,46.18128],[8.73825,46.18217],[8.74068,46.18256],[8.74283,46.18242],[8.74388,46.18216],[8.74893,46.18037],[8.75015,46.18009],[8.75274,46.17992],[8.75875,46.18027]]]}},{"type":"Feature","properties":{"id":"magliasina-ti","c":"TI","p":"patent","q":"derived","k":"river"},"geometry":{"type":"LineString","coordinates":[[8.86619,46.07806],[8.86716,46.07744],[8.86901,46.07686],[8.87091,46.07667],[8.87274,46.0762],[8.87365,46.07621],[8.87501,46.07515],[8.87522,46.07426],[8.87496,46.07377],[8.87524,46.07347],[8.87519,46.07317],[8.87606,46.07217],[8.87589,46.07161],[8.87474,46.07076],[8.87478,46.07016],[8.8751,46.06987],[8.87502,46.06943],[8.87444,46.06896],[8.87463,46.06777],[8.87542,46.06656],[8.87824,46.06552],[8.87921,46.06474],[8.88013,46.0648],[8.88046,46.06467],[8.88074,46.06392],[8.88066,46.06306],[8.88099,46.06288],[8.88161,46.06289],[8.88221,46.06227],[8.88209,46.06179],[8.88143,46.06135],[8.88174,46.06072],[8.88235,46.06038],[8.88348,46.05907],[8.88283,46.05674],[8.88305,46.05632],[8.88354,46.05604],[8.88365,46.05566],[8.88333,46.05518],[8.88286,46.05496],[8.88284,46.05466],[8.88352,46.05437],[8.88407,46.05362],[8.88382,46.05256],[8.88423,46.05205],[8.88463,46.04955],[8.88538,46.04869],[8.88538,46.04813],[8.88642,46.04788],[8.88668,46.04732],[8.88645,46.04591],[8.88549,46.04453],[8.88515,46.04354],[8.88411,46.04216],[8.88403,46.04066],[8.88246,46.03962],[8.88187,46.03786],[8.88216,46.03708],[8.88277,46.03657],[8.88285,46.03605],[8.88158,46.03519],[8.88129,46.03373],[8.88004,46.03281],[8.87928,46.03144],[8.87672,46.03001],[8.87642,46.02945],[8.87487,46.02889],[8.87363,46.02873],[8.87235,46.02773],[8.87013,46.02777],[8.86987,46.02756],[8.86941,46.02679],[8.86964,46.02621],[8.86831,46.02434],[8.86764,46.0241],[8.86694,46.02352],[8.86606,46.02132],[8.86508,46.02039],[8.86509,46.02009],[8.86576,46.01956],[8.86567,46.01917],[8.86513,46.01866],[8.86449,46.01851],[8.86421,46.01787],[8.86269,46.0165],[8.86252,46.01579],[8.86278,46.01562],[8.86346,46.01586],[8.86369,46.01538],[8.86258,46.01475],[8.86257,46.01427],[8.86288,46.01387],[8.86349,46.01385],[8.86429,46.01349],[8.86459,46.01281],[8.8655,46.01212],[8.86691,46.01157],[8.86766,46.01093],[8.86855,46.01074],[8.86866,46.01053],[8.8693,46.0104],[8.87068,46.00974],[8.87051,46.00873],[8.87125,46.00824],[8.87153,46.00771],[8.8719,46.00778],[8.8722,46.00756],[8.87207,46.00729],[8.87147,46.00731],[8.87115,46.00581],[8.87286,46.00515],[8.87261,46.00432],[8.87193,46.00385],[8.87151,46.0031],[8.86967,46.00167],[8.86969,46.00137],[8.87022,46.00099],[8.8698,46.00021],[8.86974,45.99905],[8.86921,45.99798],[8.86961,45.99778],[8.86969,45.99736],[8.86798,45.99709],[8.86746,45.99671],[8.86781,45.99616],[8.86782,45.99555],[8.86816,45.99519],[8.86824,45.9945],[8.86895,45.99414],[8.86906,45.99324],[8.86999,45.99295],[8.87041,45.99239],[8.87025,45.99195],[8.86911,45.99163],[8.86877,45.99116],[8.86989,45.99084],[8.87191,45.99067],[8.8726,45.99038],[8.87226,45.98964],[8.87367,45.98938],[8.87491,45.9881],[8.87504,45.98708],[8.87669,45.98683],[8.87582,45.98476],[8.87886,45.98193],[8.88043,45.98079],[8.88254,45.97992],[8.88437,45.97851],[8.88859,45.97685],[8.89077,45.97525],[8.89143,45.97379],[8.89206,45.973]]}},{"type":"Feature","properties":{"id":"morobbia-ti","c":"TI","p":"patent","q":"derived","k":"river"},"geometry":{"type":"MultiLineString","coordinates":[[[9.06721,46.16684],[9.06614,46.16695],[9.06538,46.16662],[9.06469,46.1667],[9.06455,46.16625],[9.06503,46.16585],[9.06343,46.16525],[9.06149,46.16515],[9.06074,46.16484],[9.05911,46.1655],[9.05848,46.16527],[9.05774,46.1653],[9.05711,46.16503],[9.05691,46.16438],[9.05618,46.1641],[9.0553,46.16415],[9.05321,46.16475],[9.05252,46.16526],[9.05131,46.16537],[9.04854,46.16356],[9.04783,46.16416],[9.0445,46.16503],[9.04415,46.16501],[9.04364,46.16443],[9.04305,46.16435],[9.04217,46.16456],[9.04135,46.16413],[9.04054,46.16448],[9.03941,46.16439],[9.03898,46.16474],[9.03932,46.16565],[9.03766,46.166],[9.03728,46.16666],[9.03659,46.16707],[9.03306,46.16669],[9.03253,46.16681],[9.03178,46.16656],[9.02725,46.16614],[9.02702,46.16656],[9.02637,46.16676],[9.02601,46.16742],[9.02469,46.16741],[9.02444,46.16843],[9.02375,46.16819],[9.0227,46.16841],[9.02048,46.16763],[9.01962,46.16809],[9.0181,46.16766],[9.01592,46.16792],[9.01509,46.16775],[9.01289,46.16877],[9.00914,46.16946],[9.00547,46.1681],[9.00352,46.16894],[9.0004,46.16932],[8.99829,46.17015],[8.99631,46.17202],[8.99444,46.17549]],[[9.12197,46.14417],[9.12216,46.14534],[9.12182,46.14585],[9.12213,46.14609],[9.12186,46.14667],[9.12183,46.14844],[9.1204,46.14867],[9.11966,46.14904],[9.1191,46.149],[9.11813,46.14952],[9.11838,46.15086],[9.11782,46.15151],[9.11802,46.15201],[9.11742,46.15247],[9.11716,46.15298],[9.11694,46.15416],[9.11645,46.15461],[9.11666,46.15513],[9.11623,46.15601],[9.11636,46.15678],[9.11511,46.15761],[9.11443,46.15849],[9.1141,46.15972],[9.11332,46.16043],[9.11311,46.16094],[9.11211,46.16175],[9.11143,46.16197],[9.11035,46.16371],[9.10872,46.1642],[9.10733,46.16498],[9.10438,46.16484],[9.10369,46.16504],[9.10333,46.16547],[9.10197,46.16607],[9.10129,46.16619],[9.10076,46.1659],[9.10033,46.1659],[9.09969,46.16624],[9.0993,46.16615],[9.09756,46.16652],[9.09646,46.16621],[9.09538,46.16545],[9.09471,46.16561],[9.0941,46.16608],[9.09326,46.16612],[9.09293,46.16596],[9.09276,46.16546],[9.09221,46.16525],[9.09029,46.16556],[9.08962,46.1659],[9.08937,46.16634],[9.08881,46.16642],[9.08745,46.16584],[9.08731,46.1655],[9.08602,46.16527],[9.08451,46.16535],[9.08424,46.16563],[9.08347,46.16548],[9.08206,46.1663],[9.08078,46.16655],[9.08023,46.16574],[9.07941,46.16573],[9.07889,46.16541],[9.07761,46.16556],[9.07637,46.16596],[9.07625,46.16651],[9.07544,46.16687],[9.0757,46.16727],[9.07441,46.16783],[9.07376,46.16778],[9.07306,46.1671],[9.07212,46.16666]]]}},{"type":"Feature","properties":{"id":"riale-di-molge-ti","c":"TI","p":"patent","q":"derived","k":"river"},"geometry":{"type":"LineString","coordinates":[[8.84914,46.01323],[8.84745,46.01152],[8.84726,46.00998],[8.84667,46.00878],[8.84692,46.00837],[8.84811,46.00781],[8.84809,46.00743],[8.84913,46.00561],[8.85121,46.00427],[8.85173,46.00322],[8.85422,46.0033],[8.85537,46.00289],[8.85805,46.00247],[8.85952,46.00167],[8.85997,46.00093],[8.86042,46.00084],[8.86055,46.00026],[8.86134,45.99955],[8.86135,45.99903],[8.86091,45.99876],[8.86092,45.99778],[8.86175,45.99736],[8.86343,45.99738],[8.86394,45.99703],[8.86509,45.997],[8.86541,45.99656],[8.86595,45.99641],[8.86672,45.99658],[8.86779,45.99621]]}},{"type":"Feature","properties":{"id":"piumogna-ti","c":"TI","p":"patent","q":"derived","k":"river"},"geometry":{"type":"MultiLineString","coordinates":[[[8.71694,46.44668],[8.71715,46.44707],[8.71681,46.44732],[8.71746,46.44781],[8.71741,46.44814]],[[8.71981,46.44911],[8.72058,46.44913],[8.72142,46.44873],[8.72179,46.44889],[8.72406,46.44834],[8.72547,46.4484],[8.72883,46.44803],[8.72985,46.44726],[8.73318,46.4464],[8.73349,46.44608],[8.73339,46.44589],[8.73378,46.44581],[8.73503,46.44459],[8.73752,46.44387],[8.73939,46.44297],[8.7407,46.44292],[8.74167,46.44238],[8.7419,46.44188],[8.74277,46.44145],[8.74555,46.44111],[8.74893,46.43966],[8.75029,46.44017],[8.75127,46.44016],[8.75227,46.44048],[8.75346,46.44155],[8.7542,46.44177],[8.7543,46.44229],[8.75385,46.44277],[8.75434,46.44283],[8.75419,46.44319],[8.75459,46.44355],[8.7547,46.44421],[8.75612,46.44517],[8.75706,46.44505],[8.7579,46.44432],[8.75869,46.44431],[8.76018,46.44483],[8.7614,46.44595],[8.76347,46.44646],[8.76472,46.44706],[8.76505,46.44746],[8.76588,46.44784],[8.76611,46.44861],[8.76798,46.44887],[8.76948,46.44957],[8.77017,46.45087],[8.77053,46.45271],[8.77031,46.454],[8.77112,46.4555]],[[8.77112,46.4555],[8.77137,46.45582],[8.7713,46.45653]],[[8.77112,46.4555],[8.7713,46.45653]],[[8.7713,46.45653],[8.77137,46.45772],[8.77083,46.45837],[8.77039,46.45968],[8.77083,46.46113],[8.77059,46.46235],[8.76972,46.46315],[8.76918,46.46462],[8.76825,46.46547],[8.76809,46.46594],[8.76804,46.46652],[8.76884,46.46807],[8.77085,46.46888],[8.77224,46.46904],[8.77261,46.4693],[8.77287,46.4699],[8.77352,46.47001],[8.77438,46.46991],[8.77541,46.47044],[8.77748,46.47264],[8.77752,46.47296],[8.77696,46.47334],[8.77681,46.47379],[8.77715,46.47396],[8.77812,46.47402],[8.77837,46.47446],[8.77821,46.47537],[8.77842,46.47557],[8.77966,46.47556],[8.78059,46.4749],[8.78153,46.47474],[8.78194,46.4744],[8.78423,46.47388],[8.78621,46.47464],[8.78855,46.47495],[8.79065,46.4756],[8.79226,46.47584],[8.79341,46.47581],[8.79534,46.47648]],[[8.79575,46.47691],[8.79609,46.47701]]]}},{"type":"Feature","properties":{"id":"ri-bassengo-ti","c":"TI","p":"patent","q":"derived","k":"river"},"geometry":{"type":"LineString","coordinates":[[8.82518,46.50501],[8.82694,46.5039],[8.82775,46.50266],[8.82878,46.50185],[8.82879,46.50041],[8.82824,46.49959],[8.82846,46.4989],[8.8279,46.49822],[8.82803,46.49739],[8.82675,46.4957],[8.82672,46.49508],[8.82523,46.49408],[8.82508,46.49244],[8.82454,46.49224],[8.82344,46.49107],[8.82344,46.49004],[8.82315,46.48922],[8.82339,46.48897],[8.82343,46.48827],[8.82272,46.48751],[8.82272,46.48678],[8.82199,46.48525],[8.82148,46.48485],[8.82155,46.48452],[8.82113,46.48377],[8.82062,46.48317],[8.81989,46.48297],[8.81751,46.48138],[8.81731,46.47986],[8.81679,46.47907],[8.81475,46.47826],[8.81418,46.4778],[8.81401,46.47727],[8.81442,46.47698],[8.81449,46.47622],[8.81536,46.4745]]}},{"type":"Feature","properties":{"id":"vedeggio-ti","c":"TI","p":"patent","q":"derived","k":"river"},"geometry":{"type":"LineString","coordinates":[[9.05571,46.13813],[9.05577,46.13863],[9.05636,46.1393],[9.05663,46.14044],[9.05721,46.14073],[9.05845,46.14076],[9.05961,46.14197],[9.05895,46.1432],[9.05881,46.14463],[9.05836,46.14485],[9.05796,46.1456],[9.05724,46.14571],[9.05547,46.14652],[9.0547,46.14719],[9.05161,46.14784],[9.04888,46.14806],[9.04515,46.148],[9.04389,46.14784],[9.04266,46.14729],[9.04199,46.14726],[9.03998,46.14541],[9.03928,46.14361],[9.03827,46.143],[9.03808,46.14249],[9.03742,46.14183],[9.03539,46.14135],[9.03447,46.14046],[9.03282,46.14011],[9.03152,46.13945],[9.0309,46.13889],[9.03017,46.13891],[9.02902,46.13852],[9.02666,46.13814],[9.02558,46.13805],[9.02497,46.1382],[9.02443,46.13769],[9.02351,46.13746],[9.02265,46.13754],[9.0222,46.13714],[9.0202,46.13718],[9.01854,46.13762],[9.01762,46.13808],[9.01691,46.13807],[9.0164,46.13855],[9.01512,46.13895],[9.01387,46.13912],[9.01339,46.13897],[9.01307,46.13958],[9.01234,46.13985],[9.01222,46.14014],[9.01147,46.14026],[9.01135,46.14068],[9.01051,46.14118],[9.01002,46.14115],[9.00969,46.14143],[9.00902,46.14133],[9.00841,46.14071],[9.00771,46.14113],[9.00655,46.14068],[9.00652,46.1401],[9.00539,46.13949],[9.00478,46.13891],[9.00456,46.13779],[9.005,46.13662],[9.00422,46.13588],[9.00265,46.13541],[9.00188,46.13484],[9.00091,46.13474],[8.99796,46.13266],[8.99747,46.13265],[8.99709,46.13218],[8.9964,46.13191],[8.99579,46.1321],[8.99546,46.13257],[8.995,46.1325],[8.99497,46.13222],[8.99409,46.13214],[8.99292,46.13136],[8.99253,46.13055],[8.9916,46.13013],[8.99131,46.12969],[8.99071,46.12946],[8.99059,46.12914],[8.9893,46.12884],[8.98921,46.12829],[8.98854,46.12763],[8.98774,46.12753],[8.98717,46.12766],[8.98676,46.1272],[8.98629,46.12708],[8.9857,46.12663],[8.98547,46.12613],[8.98319,46.12595],[8.98262,46.12478],[8.98061,46.12401],[8.98011,46.12352],[8.97966,46.1222],[8.97914,46.12158],[8.97853,46.11951],[8.9758,46.11805],[8.97599,46.11716],[8.97423,46.11577],[8.97414,46.11519],[8.97366,46.11487],[8.97228,46.11292],[8.97166,46.11252],[8.97106,46.11279],[8.97061,46.11334],[8.96941,46.11319],[8.96859,46.11379],[8.96723,46.11407],[8.96504,46.11419],[8.96391,46.11453],[8.96258,46.11441],[8.96211,46.11457],[8.96111,46.11399],[8.96018,46.114],[8.95833,46.11469],[8.95698,46.11398],[8.95674,46.11338],[8.95483,46.11335],[8.9546,46.11281],[8.95403,46.11272],[8.9525,46.11188],[8.95156,46.11181],[8.95073,46.11142],[8.95055,46.1112],[8.95077,46.11072],[8.94933,46.11065],[8.94781,46.11007],[8.94719,46.11006],[8.94546,46.10878],[8.94406,46.10804],[8.94273,46.10776],[8.9422,46.10782],[8.94192,46.10715],[8.93989,46.10682],[8.9378,46.10679],[8.93731,46.10637],[8.9372,46.10571],[8.93688,46.10533],[8.93531,46.10483],[8.93285,46.10434],[8.93198,46.10384],[8.93104,46.10089],[8.93014,46.09902],[8.92547,46.09254],[8.92489,46.09115],[8.9244,46.08887],[8.92275,46.08727],[8.92236,46.08642],[8.92251,46.08418],[8.92195,46.08193],[8.92212,46.08141],[8.92369,46.08002],[8.92351,46.07941],[8.923,46.07887],[8.92334,46.07797],[8.92368,46.0776],[8.92459,46.07749],[8.92552,46.07688],[8.92739,46.07534],[8.92748,46.07428],[8.9278,46.07413],[8.93039,46.07422],[8.933,46.07405],[8.93367,46.07376],[8.93409,46.07309],[8.93377,46.07219],[8.9339,46.07174],[8.93525,46.07144],[8.93681,46.07167],[8.93792,46.07078],[8.93837,46.07011],[8.9383,46.0696],[8.93795,46.06809],[8.93694,46.06697],[8.93358,46.0651],[8.93114,46.06429],[8.93046,46.06381],[8.93057,46.06121],[8.92856,46.05935],[8.92888,46.05602],[8.92876,46.05504],[8.92773,46.05425],[8.92708,46.05399],[8.92655,46.0534],[8.92484,46.04969],[8.92438,46.0477],[8.92492,46.04475],[8.92556,46.0435],[8.9281,46.04014],[8.92836,46.03903],[8.9282,46.03759],[8.90782,45.99553]]}},{"type":"Feature","properties":{"id":"canale-prati-maggiori-ti","c":"TI","p":"patent","q":"derived","k":"river"},"geometry":{"type":"LineString","coordinates":[[8.91549,46.01199],[8.90985,46.00604],[8.90564,46.00203],[8.90475,46.00149],[8.90298,46.00095],[8.90238,46.00041],[8.90223,45.9968],[8.90196,45.99617],[8.90021,45.99416],[8.90005,45.99227]]}},{"type":"Feature","properties":{"id":"laveggio-ti","c":"TI","p":"patent","q":"derived","k":"river"},"geometry":{"type":"LineString","coordinates":[[8.9288,45.85664],[8.92776,45.85422],[8.92778,45.8532],[8.92717,45.85283],[8.92663,45.85163],[8.92695,45.85087],[8.92751,45.85031],[8.92806,45.85],[8.92873,45.84999],[8.93168,45.84889],[8.93283,45.84866],[8.93375,45.84801],[8.93511,45.84763],[8.93931,45.84581],[8.93983,45.84621],[8.94128,45.84649],[8.94281,45.84621],[8.94372,45.8463],[8.94625,45.84692],[8.94884,45.84872],[8.95095,45.84901],[8.9525,45.84969],[8.95353,45.85145],[8.95285,45.85162],[8.95264,45.852],[8.95324,45.85244],[8.95373,45.85327],[8.95475,45.85352],[8.95466,45.85425],[8.95524,45.85419],[8.95552,45.85445],[8.95537,45.85499],[8.95598,45.85558],[8.95586,45.85645],[8.95829,45.85771],[8.95869,45.85744],[8.95869,45.85697],[8.95898,45.85668],[8.95957,45.85685],[8.96023,45.85666],[8.96042,45.85708],[8.96204,45.85805],[8.96269,45.85912],[8.96329,45.85945],[8.96356,45.85994],[8.96346,45.86085],[8.9631,45.86106],[8.96407,45.86124],[8.96443,45.86172],[8.9642,45.86205],[8.96469,45.8629],[8.96436,45.86334],[8.96447,45.86359],[8.96495,45.86366],[8.96553,45.8641],[8.96756,45.86471],[8.96768,45.86528],[8.96792,45.86543],[8.96971,45.86494],[8.97005,45.86446],[8.97014,45.86369],[8.97089,45.86346],[8.97131,45.86367],[8.9715,45.86404],[8.97099,45.86504],[8.97232,45.86544],[8.97333,45.86549],[8.97428,45.86625],[8.97444,45.86741],[8.97365,45.87017],[8.97524,45.8736],[8.97538,45.87653],[8.97685,45.87758],[8.97677,45.87841],[8.97632,45.87916],[8.97874,45.88076],[8.98008,45.88334],[8.97904,45.88586],[8.97709,45.88803],[8.97386,45.89106],[8.97335,45.8924],[8.97315,45.89492],[8.9762,45.90452]]}},{"type":"Feature","properties":{"id":"scairolo-ti","c":"TI","p":"patent","q":"derived","k":"river"},"geometry":{"type":"LineString","coordinates":[[8.93423,45.98253],[8.93367,45.98263],[8.93227,45.98241],[8.93132,45.98257],[8.93163,45.98412],[8.93144,45.98429],[8.92927,45.98369],[8.92847,45.98275],[8.92829,45.9802],[8.92661,45.97761],[8.9264,45.97447],[8.92496,45.97145],[8.92194,45.96637],[8.92302,45.96226],[8.9225,45.96113],[8.92171,45.96057],[8.91931,45.95965],[8.91876,45.95909],[8.91817,45.95747],[8.91766,45.95674],[8.91272,45.9538],[8.90976,45.95237],[8.90699,45.95143],[8.9056,45.95131],[8.90489,45.95147],[8.90389,45.95143]]}}]}