{"type":"FeatureCollection","features":[{"type":"Feature","properties":{"id":"genfersee-vd","c":"VD","p":"patent","q":"derived","k":"lake"},"geometry":{"type":"MultiPolygon","coordinates":[[[[6.17031,46.29477],[6.17067,46.29564],[6.17056,46.29585],[6.17094,46.29599],[6.17136,46.29671],[6.17251,46.29741],[6.17369,46.29839],[6.17478,46.29866],[6.17506,46.29862],[6.1751,46.29848],[6.17425,46.29847],[6.1738,46.29822],[6.17488,46.298],[6.17546,46.29811],[6.17749,46.29979],[6.17726,46.29972],[6.17718,46.29985],[6.17766,46.29982],[6.17813,46.30037],[6.17792,46.3005],[6.17809,46.30059],[6.17851,46.30046],[6.1796,46.30246],[6.18036,46.30313],[6.18076,46.30318],[6.18074,46.30336],[6.1812,46.30403],[6.1816,46.30381],[6.1818,46.30459],[6.18154,46.30462],[6.18141,46.30481],[6.18164,46.30514],[6.18187,46.3051],[6.1823,46.30637],[6.18423,46.30781],[6.18647,46.31067],[6.1876,46.31173],[6.18826,46.31258],[6.1884,46.31253],[6.18874,46.31272],[6.18891,46.3131],[6.19064,46.31394],[6.19156,46.31468],[6.19168,46.31461],[6.19195,46.31479],[6.19236,46.31461],[6.1941,46.31577],[6.19452,46.31642],[6.19464,46.31679],[6.19454,46.31692],[6.19556,46.31806],[6.19568,46.31841],[6.19682,46.31944],[6.19746,46.31929],[6.19754,46.31968],[6.19726,46.31981],[6.19739,46.32029],[6.19859,46.32203],[6.19928,46.32354],[6.19945,46.32476],[6.20015,46.32548],[6.20039,46.32604],[6.20072,46.32597],[6.20056,46.32652],[6.20123,46.32759],[6.20161,46.32782],[6.20153,46.32811],[6.20181,46.32845],[6.20192,46.3291],[6.20281,46.32987],[6.20271,46.33032],[6.20322,46.33136],[6.20309,46.33173],[6.20323,46.33181],[6.20265,46.33302],[6.20272,46.33348],[6.20293,46.33356],[6.20319,46.33429],[6.20294,46.33457],[6.20296,46.33496],[6.20381,46.33597],[6.20373,46.33626],[6.20496,46.33721],[6.20523,46.33721],[6.20688,46.33883],[6.23232,46.33044],[6.21955,46.31188],[6.19874,46.28443],[6.17031,46.29477]]],[[[6.21267,46.35316],[6.21344,46.35508],[6.2141,46.35541],[6.21436,46.35537],[6.21461,46.35566],[6.21566,46.35596],[6.21589,46.35721],[6.21612,46.35749],[6.2165,46.35879],[6.21693,46.35897],[6.21719,46.35891],[6.21791,46.35932],[6.21763,46.35956],[6.2185,46.35989],[6.21883,46.35987],[6.21896,46.36011],[6.21944,46.3604],[6.21979,46.36202],[6.22014,46.36261],[6.22071,46.36315],[6.22125,46.36357],[6.22168,46.36359],[6.2222,46.36424],[6.22335,46.36493],[6.22484,46.36524],[6.22496,46.36517],[6.22527,46.36545],[6.22569,46.36545],[6.22574,46.36571],[6.22708,46.36668],[6.2275,46.36722],[6.22817,46.36774],[6.22855,46.36776],[6.22969,46.3686],[6.2299,46.36855],[6.23151,46.37047],[6.23243,46.37118],[6.23259,46.37118],[6.23287,46.37151],[6.23332,46.37157],[6.23324,46.37196],[6.23394,46.37253],[6.23439,46.37346],[6.23346,46.37367],[6.23459,46.37367],[6.23452,46.37452],[6.23473,46.37504],[6.23459,46.37518],[6.23491,46.37602],[6.23534,46.3761],[6.23579,46.37666],[6.23623,46.37694],[6.23755,46.37715],[6.23828,46.37769],[6.23822,46.37778],[6.23848,46.37779],[6.23855,46.37827],[6.23979,46.37915],[6.24009,46.37924],[6.2403,46.37952],[6.24053,46.3795],[6.24081,46.37985],[6.24138,46.38012],[6.24175,46.37993],[6.24208,46.38068],[6.24387,46.38262],[6.24458,46.38317],[6.24583,46.38356],[6.24658,46.38263],[6.24672,46.38264],[6.24646,46.383],[6.24681,46.3841],[6.24696,46.38412],[6.24674,46.38444],[6.24667,46.38539],[6.24681,46.38582],[6.24726,46.38667],[6.24771,46.3869],[6.24764,46.38701],[6.2478,46.38708],[6.24815,46.3869],[6.24867,46.38723],[6.24848,46.38752],[6.24861,46.38763],[6.25491,46.39115],[6.2556,46.39134],[6.25577,46.39125],[6.25719,46.39187],[6.25726,46.3918],[6.25763,46.39192],[6.25744,46.39213],[6.25777,46.3922],[6.25833,46.39291],[6.25878,46.39299],[6.26006,46.39302],[6.26032,46.39289],[6.26074,46.39302],[6.26296,46.39296],[6.26311,46.39282],[6.26466,46.39276],[6.26554,46.39254],[6.26556,46.39224],[6.26592,46.39214],[6.26618,46.3923],[6.26744,46.3917],[6.26698,46.3915],[6.2671,46.39128],[6.26736,46.39134],[6.26764,46.39126],[6.2674,46.39101],[6.26785,46.3911],[6.27023,46.3911],[6.27018,46.39124],[6.2708,46.39159],[6.27297,46.39196],[6.27418,46.39181],[6.27452,46.39208],[6.27491,46.39201],[6.27522,46.39209],[6.27521,46.39189],[6.27541,46.39175],[6.27713,46.39366],[6.27815,46.39588],[6.27864,46.39589],[6.2787,46.39596],[6.27845,46.39607],[6.27888,46.39624],[6.27912,46.39628],[6.27915,46.3961],[6.27975,46.39631],[6.28096,46.39641],[6.28153,46.3966],[6.28224,46.39705],[6.28244,46.39756],[6.28222,46.39785],[6.28224,46.39829],[6.2828,46.39917],[6.28305,46.40026],[6.28157,46.40368],[6.28166,46.40549],[6.28223,46.40653],[6.2855,46.4089],[6.28693,46.41023],[6.28722,46.41015],[6.28747,46.41101],[6.29015,46.41423],[6.29066,46.41533],[6.29007,46.41832],[6.2902,46.41862],[6.29004,46.41949],[6.29009,46.42066],[6.29048,46.42198],[6.2914,46.4233],[6.29208,46.42376],[6.29281,46.42399],[6.29413,46.4239],[6.29473,46.42355],[6.29574,46.42381],[6.29633,46.42422],[6.29725,46.42459],[6.29667,46.42547],[6.29744,46.42595],[6.29735,46.42605],[6.29757,46.42595],[6.298,46.42645],[6.29909,46.42679],[6.3002,46.42688],[6.30328,46.42842],[6.30481,46.42881],[6.30566,46.42927],[6.30589,46.42921],[6.30592,46.42939],[6.30648,46.42965],[6.3069,46.43007],[6.30747,46.43083],[6.3083,46.43148],[6.30862,46.43151],[6.3093,46.4321],[6.30943,46.43281],[6.31102,46.43436],[6.31165,46.43482],[6.31307,46.43541],[6.31354,46.43606],[6.31427,46.43662],[6.31466,46.43711],[6.31694,46.43887],[6.31754,46.43949],[6.31789,46.43951],[6.31771,46.43979],[6.31788,46.4415],[6.31909,46.44335],[6.3201,46.44381],[6.32071,46.44377],[6.32191,46.44398],[6.32328,46.44465],[6.32402,46.44464],[6.32365,46.44486],[6.32476,46.44576],[6.32461,46.44591],[6.32486,46.44586],[6.32512,46.44633],[6.3256,46.4467],[6.32694,46.44717],[6.32834,46.44838],[6.32947,46.44871],[6.33092,46.44889],[6.33183,46.44922],[6.33476,46.45166],[6.33603,46.45351],[6.33658,46.45342],[6.33675,46.45412],[6.33779,46.45557],[6.33773,46.4557],[6.33893,46.45702],[6.33913,46.45703],[6.33996,46.45772],[6.34069,46.45809],[6.34085,46.45803],[6.34207,46.45876],[6.34278,46.45885],[6.34339,46.45934],[6.34377,46.45987],[6.34503,46.46026],[6.34535,46.46056],[6.34596,46.4605],[6.34626,46.46083],[6.34571,46.46101],[6.34598,46.46131],[6.34647,46.46113],[6.3477,46.46145],[6.3486,46.46113],[6.34932,46.46118],[6.34962,46.46083],[6.3496,46.46135],[6.35008,46.4614],[6.35137,46.46112],[6.35155,46.46084],[6.35163,46.46102],[6.35212,46.4611],[6.35243,46.4614],[6.35327,46.4615],[6.35389,46.46182],[6.35526,46.46216],[6.35626,46.46215],[6.35636,46.46224],[6.35875,46.4624],[6.36079,46.46268],[6.36189,46.46253],[6.36196,46.46264],[6.36294,46.46257],[6.36341,46.46268],[6.36421,46.46324],[6.36723,46.46366],[6.36954,46.46435],[6.37012,46.46437],[6.3705,46.46469],[6.37332,46.46544],[6.37574,46.46541],[6.3772,46.465],[6.37764,46.46505],[6.37956,46.46459],[6.38154,46.46505],[6.38134,46.46516],[6.38171,46.4652],[6.38422,46.46445],[6.38522,46.46389],[6.3857,46.46386],[6.38655,46.46354],[6.38837,46.46244],[6.38921,46.46159],[6.38953,46.46152],[6.38989,46.46183],[6.39002,46.46172],[6.39073,46.46172],[6.39081,46.46153],[6.39062,46.46165],[6.39051,46.46151],[6.3914,46.46097],[6.39144,46.4607],[6.39118,46.46057],[6.39108,46.45994],[6.39154,46.46049],[6.39178,46.46046],[6.39157,46.4602],[6.39153,46.45982],[6.3931,46.45998],[6.3943,46.45948],[6.39553,46.45917],[6.39857,46.45922],[6.40223,46.45894],[6.40408,46.45934],[6.40703,46.46053],[6.40829,46.46092],[6.40872,46.46127],[6.40883,46.46243],[6.40943,46.46302],[6.41207,46.4639],[6.41217,46.46405],[6.41309,46.46451],[6.41374,46.4647],[6.41602,46.4662],[6.41755,46.46703],[6.42095,46.46849],[6.42194,46.46851],[6.42204,46.46875],[6.42242,46.46895],[6.4239,46.46908],[6.42407,46.46923],[6.42563,46.46946],[6.4261,46.46962],[6.4276,46.46977],[6.42836,46.46967],[6.42839,46.4698],[6.42951,46.46978],[6.43017,46.46999],[6.43127,46.47009],[6.43231,46.4704],[6.43356,46.47047],[6.43431,46.47066],[6.43567,46.47065],[6.4372,46.47096],[6.43825,46.47103],[6.43924,46.47138],[6.44091,46.4717],[6.44293,46.47256],[6.4454,46.47299],[6.44717,46.4736],[6.44846,46.47377],[6.44924,46.47422],[6.44943,46.4741],[6.44977,46.47442],[6.44995,46.47533],[6.44974,46.47545],[6.45015,46.47594],[6.45156,46.4764],[6.45121,46.47665],[6.45158,46.477],[6.45281,46.47772],[6.45419,46.47832],[6.45478,46.47875],[6.4558,46.4789],[6.45813,46.47867],[6.45923,46.4787],[6.45983,46.47855],[6.46159,46.47848],[6.46185,46.4787],[6.46221,46.47857],[6.4619,46.47878],[6.46145,46.47969],[6.46095,46.48166],[6.46159,46.48336],[6.46184,46.48345],[6.46171,46.48371],[6.46185,46.48476],[6.46246,46.48447],[6.4622,46.48362],[6.46255,46.48405],[6.46258,46.48446],[6.46187,46.48492],[6.46188,46.48512],[6.46285,46.48629],[6.46361,46.48686],[6.46383,46.48687],[6.46382,46.48704],[6.46528,46.48777],[6.46631,46.48855],[6.46699,46.48886],[6.46826,46.48973],[6.46867,46.49008],[6.46857,46.49025],[6.46876,46.49026],[6.46942,46.49083],[6.47226,46.49133],[6.47381,46.49115],[6.4758,46.49062],[6.47682,46.49065],[6.47816,46.49106],[6.47864,46.49104],[6.47912,46.49118],[6.47969,46.49106],[6.47952,46.49154],[6.48004,46.49121],[6.48069,46.49171],[6.48185,46.49193],[6.48246,46.49295],[6.4823,46.49629],[6.48242,46.49682],[6.48312,46.49816],[6.48492,46.49968],[6.48642,46.50126],[6.48701,46.50153],[6.48831,46.50123],[6.48836,46.50134],[6.48708,46.50164],[6.48756,46.50239],[6.48806,46.50248],[6.48969,46.50238],[6.48933,46.50172],[6.48872,46.50112],[6.48898,46.501],[6.49012,46.50267],[6.49213,46.5033],[6.49324,46.50348],[6.49331,46.5036],[6.49387,46.5036],[6.49399,46.50346],[6.49416,46.50352],[6.49405,46.50375],[6.49433,46.50395],[6.49411,46.5044],[6.49425,46.50479],[6.49442,46.50477],[6.49443,46.50403],[6.49532,46.50407],[6.49558,46.50421],[6.49674,46.50517],[6.49745,46.5055],[6.4973,46.50563],[6.49792,46.50599],[6.49748,46.50603],[6.4976,46.5067],[6.49794,46.50699],[6.499,46.50766],[6.49922,46.50749],[6.5007,46.50854],[6.50207,46.51048],[6.50194,46.51088],[6.50116,46.51128],[6.50122,46.51189],[6.50261,46.51332],[6.50335,46.51351],[6.50489,46.51462],[6.50595,46.5152],[6.50785,46.51589],[6.50944,46.51612],[6.51103,46.51532],[6.51132,46.51533],[6.51204,46.51489],[6.5131,46.51492],[6.51298,46.51535],[6.51326,46.51664],[6.51349,46.51602],[6.5135,46.51521],[6.5133,46.51515],[6.51413,46.51519],[6.51466,46.51554],[6.515,46.51557],[6.51614,46.51613],[6.5165,46.51611],[6.51927,46.51567],[6.52445,46.51424],[6.52614,46.5135],[6.52656,46.51328],[6.52645,46.51315],[6.52684,46.5131],[6.52821,46.51246],[6.53158,46.51069],[6.53502,46.50868],[6.53592,46.50805],[6.53599,46.50777],[6.5372,46.50772],[6.5381,46.50745],[6.5388,46.5074],[6.53921,46.50721],[6.53938,46.50814],[6.53979,46.50814],[6.53981,46.50748],[6.54069,46.50774],[6.54149,46.50764],[6.54152,46.50776],[6.5421,46.50789],[6.54281,46.50778],[6.54285,46.50792],[6.54388,46.50801],[6.54611,46.5077],[6.54589,46.5081],[6.54613,46.50827],[6.54625,46.50827],[6.54618,46.50802],[6.54676,46.50814],[6.54799,46.50796],[6.54857,46.50775],[6.54925,46.50781],[6.55014,46.50757],[6.55029,46.50756],[6.55036,46.50771],[6.55331,46.50766],[6.55531,46.50747],[6.55814,46.50778],[6.55854,46.50771],[6.55932,46.5079],[6.55972,46.50781],[6.56012,46.50793],[6.56113,46.50863],[6.56135,46.50855],[6.56194,46.50893],[6.5623,46.50938],[6.56191,46.50986],[6.56425,46.51159],[6.56524,46.51214],[6.56827,46.51277],[6.56961,46.51286],[6.57003,46.51305],[6.57145,46.51338],[6.57229,46.51338],[6.57279,46.51325],[6.57281,46.51353],[6.57389,46.51387],[6.57497,46.51484],[6.57573,46.51522],[6.57625,46.51525],[6.57594,46.51556],[6.57639,46.51623],[6.57681,46.51643],[6.57725,46.51639],[6.57814,46.51687],[6.57799,46.51707],[6.57718,46.51662],[6.57698,46.51673],[6.5779,46.51745],[6.57836,46.51755],[6.5785,46.51741],[6.57818,46.51718],[6.57828,46.51706],[6.57884,46.51734],[6.57875,46.51746],[6.57888,46.51759],[6.58278,46.5183],[6.58434,46.51804],[6.58639,46.51748],[6.58659,46.51756],[6.58695,46.51727],[6.58691,46.51713],[6.58715,46.5171],[6.58932,46.51814],[6.5895,46.51812],[6.59004,46.5185],[6.59027,46.51851],[6.59195,46.5181],[6.5947,46.5169],[6.59521,46.51684],[6.59898,46.5145],[6.59943,46.51416],[6.59958,46.51384],[6.59984,46.51381],[6.59984,46.51359],[6.6003,46.51358],[6.60051,46.51343],[6.60063,46.51321],[6.6004,46.51259],[6.60101,46.51258],[6.60098,46.51227],[6.60125,46.51221],[6.60133,46.51232],[6.60173,46.51226],[6.60175,46.51188],[6.60504,46.51112],[6.60508,46.5112],[6.6047,46.51131],[6.60495,46.51248],[6.60778,46.51256],[6.60799,46.51169],[6.6085,46.51196],[6.60903,46.51144],[6.60937,46.51151],[6.6103,46.51126],[6.61304,46.51091],[6.61425,46.51054],[6.61479,46.51025],[6.61487,46.51032],[6.61597,46.50959],[6.61571,46.50916],[6.61805,46.50761],[6.61818,46.50772],[6.61735,46.50831],[6.61845,46.50912],[6.61932,46.50862],[6.61942,46.50871],[6.62134,46.50755],[6.62106,46.50731],[6.62115,46.50709],[6.62347,46.50776],[6.626,46.50613],[6.62573,46.50534],[6.6255,46.50539],[6.62572,46.50521],[6.62563,46.50484],[6.62583,46.50472],[6.62635,46.50597],[6.6274,46.5053],[6.62721,46.50452],[6.62743,46.50461],[6.62753,46.50449],[6.62789,46.50462],[6.62781,46.50477],[6.62903,46.50519],[6.62808,46.50574],[6.62819,46.50578],[6.628,46.50607],[6.62817,46.50649],[6.6292,46.50679],[6.62982,46.50655],[6.6299,46.50665],[6.63214,46.50716],[6.63351,46.50705],[6.63362,46.50693],[6.63597,46.50638],[6.63603,46.50627],[6.63634,46.50628],[6.63842,46.50574],[6.6385,46.50563],[6.64115,46.50501],[6.64152,46.50477],[6.64187,46.50487],[6.64201,46.5053],[6.64213,46.5053],[6.6421,46.5048],[6.64305,46.50479],[6.64354,46.50461],[6.64396,46.50472],[6.64404,46.50498],[6.64471,46.50523],[6.6447,46.50537],[6.64483,46.50539],[6.64489,46.50524],[6.64524,46.50526],[6.64528,46.50544],[6.64602,46.50558],[6.64609,46.50568],[6.64888,46.5056],[6.6499,46.50537],[6.65138,46.50556],[6.65157,46.50574],[6.65265,46.50574],[6.65262,46.50558],[6.65318,46.50548],[6.65327,46.50558],[6.65521,46.50519],[6.65624,46.50551],[6.65694,46.50592],[6.65829,46.50602],[6.65945,46.50581],[6.65948,46.50598],[6.6598,46.50595],[6.65986,46.50534],[6.66246,46.50521],[6.66267,46.50567],[6.66356,46.50584],[6.66363,46.50594],[6.66422,46.50594],[6.66484,46.50575],[6.66461,46.50511],[6.6648,46.50509],[6.66533,46.50454],[6.6675,46.50394],[6.66765,46.50395],[6.66814,46.50452],[6.66831,46.50445],[6.66803,46.50411],[6.6681,46.50392],[6.66821,46.5039],[6.66844,46.50439],[6.66895,46.50419],[6.66892,46.50402],[6.66938,46.50392],[6.66999,46.50402],[6.67121,46.50391],[6.67227,46.50362],[6.67383,46.50408],[6.67475,46.50401],[6.67673,46.50417],[6.67674,46.50431],[6.67719,46.50423],[6.67834,46.50356],[6.67851,46.50372],[6.67885,46.50376],[6.67992,46.50355],[6.68051,46.50295],[6.68411,46.50117],[6.68426,46.5017],[6.68445,46.50181],[6.688,46.50158],[6.69019,46.50053],[6.69037,46.50064],[6.69099,46.50056],[6.69204,46.49967],[6.69273,46.49999],[6.69357,46.49993],[6.69529,46.49912],[6.69641,46.49921],[6.69675,46.49911],[6.69739,46.49915],[6.69897,46.49845],[6.7006,46.49812],[6.70371,46.49667],[6.70501,46.49582],[6.70878,46.49387],[6.71311,46.4908],[6.71454,46.49046],[6.71562,46.48985],[6.7181,46.48878],[6.71945,46.48781],[6.72168,46.48653],[6.72222,46.48648],[6.72343,46.48681],[6.72477,46.48697],[6.72597,46.48656],[6.7274,46.48681],[6.7294,46.48661],[6.73022,46.48679],[6.73035,46.48665],[6.73089,46.48687],[6.73318,46.48864],[6.7341,46.48901],[6.73516,46.48921],[6.73603,46.48921],[6.73599,46.48931],[6.73662,46.4894],[6.73672,46.48916],[6.7369,46.48933],[6.73779,46.48915],[6.73782,46.48928],[6.73813,46.48938],[6.73866,46.4894],[6.73925,46.48929],[6.73934,46.48912],[6.73958,46.48908],[6.7395,46.48881],[6.73891,46.48881],[6.73814,46.48899],[6.73812,46.4888],[6.73952,46.48863],[6.74061,46.48897],[6.74165,46.48894],[6.7418,46.48912],[6.74223,46.48925],[6.74296,46.48931],[6.7434,46.4892],[6.74354,46.48938],[6.74391,46.48939],[6.74471,46.48916],[6.74628,46.48827],[6.74692,46.48821],[6.74769,46.48766],[6.74829,46.48757],[6.75022,46.48683],[6.75139,46.48619],[6.7517,46.48616],[6.75438,46.48404],[6.75468,46.48365],[6.75495,46.48365],[6.75648,46.48306],[6.75885,46.48111],[6.76084,46.48007],[6.76393,46.47879],[6.76653,46.47794],[6.76819,46.47725],[6.77209,46.47611],[6.77583,46.47477],[6.77789,46.47424],[6.77815,46.47399],[6.77848,46.47419],[6.78227,46.47354],[6.7826,46.47367],[6.78325,46.47347],[6.78391,46.47355],[6.78506,46.47397],[6.78612,46.47407],[6.78698,46.474],[6.78734,46.47416],[6.78735,46.47433],[6.78887,46.47445],[6.79286,46.47367],[6.7962,46.47253],[6.79987,46.47183],[6.80038,46.47146],[6.80087,46.4713],[6.80151,46.47156],[6.8026,46.47154],[6.80532,46.47109],[6.80726,46.47043],[6.80905,46.47057],[6.80908,46.4703],[6.80877,46.47003],[6.80831,46.46996],[6.80785,46.4701],[6.80792,46.46954],[6.80862,46.46907],[6.80887,46.46905],[6.81049,46.46979],[6.81052,46.47004],[6.8109,46.47],[6.81085,46.47029],[6.81253,46.47006],[6.81252,46.46994],[6.81286,46.46989],[6.81372,46.47001],[6.81398,46.46973],[6.81472,46.46976],[6.81528,46.46964],[6.81576,46.46988],[6.81691,46.4698],[6.81755,46.46982],[6.81763,46.46993],[6.81929,46.46972],[6.81956,46.46952],[6.81987,46.46972],[6.82074,46.46937],[6.82152,46.46816],[6.82258,46.46815],[6.82293,46.46789],[6.82279,46.46773],[6.82335,46.46782],[6.82339,46.46774],[6.82582,46.4682],[6.82779,46.46816],[6.82783,46.46841],[6.82884,46.46842],[6.83148,46.46802],[6.83274,46.46707],[6.833,46.46714],[6.83314,46.46698],[6.83287,46.46685],[6.83304,46.46661],[6.83271,46.46638],[6.83348,46.46534],[6.83372,46.46513],[6.83414,46.46503],[6.8348,46.46415],[6.83506,46.46279],[6.83506,46.46115],[6.83526,46.4607],[6.83601,46.46033],[6.83642,46.46042],[6.83693,46.46014],[6.84045,46.45891],[6.84043,46.4588],[6.84077,46.4587],[6.8415,46.45908],[6.84217,46.45895],[6.84254,46.45851],[6.84462,46.45822],[6.8452,46.45803],[6.84685,46.45794],[6.84982,46.45742],[6.85008,46.45728],[6.84994,46.45716],[6.85001,46.45689],[6.85025,46.45732],[6.85171,46.45713],[6.85174,46.45677],[6.85217,46.45677],[6.85238,46.45658],[6.8539,46.45332],[6.85436,46.45291],[6.85462,46.4523],[6.85486,46.45218],[6.85511,46.45232],[6.85534,46.4523],[6.85671,46.45174],[6.85695,46.45154],[6.85682,46.45134],[6.85743,46.4507],[6.85728,46.45053],[6.85803,46.4506],[6.85839,46.45031],[6.85829,46.45021],[6.85862,46.44966],[6.85882,46.44963],[6.85941,46.44876],[6.85949,46.44754],[6.86002,46.44705],[6.86019,46.44701],[6.86049,46.44742],[6.86183,46.44786],[6.8647,46.44849],[6.86478,46.44838],[6.8652,46.44844],[6.86522,46.44854],[6.86637,46.44841],[6.8667,46.44823],[6.86679,46.44791],[6.86737,46.44801],[6.86779,46.44827],[6.86826,46.44825],[6.86875,46.44813],[6.86892,46.44787],[6.86949,46.44758],[6.86966,46.44761],[6.86946,46.44784],[6.86959,46.44808],[6.86991,46.44817],[6.87065,46.44817],[6.87197,46.44784],[6.87198,46.44792],[6.87225,46.44786],[6.8728,46.44798],[6.87313,46.4479],[6.8732,46.448],[6.87377,46.44781],[6.87372,46.44771],[6.87478,46.44699],[6.87518,46.44683],[6.87572,46.44681],[6.87629,46.44646],[6.87715,46.44625],[6.87719,46.44599],[6.87751,46.44587],[6.87753,46.4456],[6.87789,46.44523],[6.8787,46.44505],[6.8789,46.44419],[6.87914,46.44414],[6.87923,46.44389],[6.87911,46.44384],[6.87919,46.44338],[6.87899,46.4429],[6.87916,46.44291],[6.88067,46.4421],[6.88086,46.44218],[6.88186,46.44169],[6.88226,46.44114],[6.88211,46.44151],[6.88248,46.44162],[6.88253,46.44178],[6.88392,46.44183],[6.88434,46.44213],[6.8845,46.44208],[6.88444,46.44216],[6.88471,46.44233],[6.88571,46.44212],[6.88596,46.44184],[6.88581,46.44156],[6.88625,46.44131],[6.88554,46.44098],[6.88484,46.44087],[6.88536,46.44087],[6.88629,46.44128],[6.88914,46.43976],[6.89011,46.43976],[6.88972,46.4395],[6.88982,46.43914],[6.89012,46.43898],[6.89043,46.43903],[6.89079,46.43937],[6.89122,46.43952],[6.89289,46.4393],[6.89484,46.43971],[6.89588,46.43977],[6.89962,46.44052],[6.90041,46.44058],[6.90189,46.44025],[6.90414,46.43891],[6.90493,46.4386],[6.90487,46.43851],[6.90572,46.43784],[6.90769,46.43681],[6.9087,46.4358],[6.90943,46.43476],[6.90968,46.43359],[6.90914,46.43204],[6.90894,46.43209],[6.90891,46.43198],[6.90911,46.43195],[6.90881,46.43088],[6.90904,46.43054],[6.91102,46.42926],[6.91227,46.42875],[6.91311,46.42889],[6.91318,46.4288],[6.91403,46.42902],[6.91572,46.42989],[6.91646,46.42989],[6.91839,46.42951],[6.91961,46.42891],[6.92192,46.42624],[6.92239,46.4255],[6.92242,46.42585],[6.92265,46.42582],[6.92278,46.42563],[6.92251,46.42544],[6.92265,46.42512],[6.92354,46.42428],[6.9237,46.42383],[6.92371,46.42329],[6.92333,46.42183],[6.92345,46.42082],[6.92578,46.41911],[6.92605,46.41918],[6.9268,46.41874],[6.92727,46.4182],[6.92759,46.41718],[6.9276,46.41518],[6.92773,46.41514],[6.92763,46.41475],[6.9281,46.41389],[6.92868,46.41357],[6.92939,46.41261],[6.92982,46.41231],[6.93057,46.4109],[6.93081,46.41004],[6.93075,46.40986],[6.93046,46.40977],[6.93057,46.40966],[6.93084,46.40968],[6.9309,46.40919],[6.93073,46.40772],[6.93026,46.40675],[6.92932,46.40544],[6.92846,46.4044],[6.92808,46.40432],[6.92711,46.40333],[6.92648,46.40315],[6.92509,46.40231],[6.92528,46.4005],[6.9252,46.39992],[6.92478,46.39901],[6.92495,46.39894],[6.92484,46.39864],[6.92478,46.3987],[6.92376,46.39751],[6.92354,46.39754],[6.92367,46.39742],[6.92327,46.39713],[6.92109,46.39644],[6.92079,46.39655],[6.92083,46.39638],[6.91976,46.39607],[6.91907,46.3972],[6.91876,46.39714],[6.91926,46.39625],[6.91886,46.39595],[6.9189,46.39569],[6.91917,46.39561],[6.91913,46.3954],[6.91865,46.39512],[6.91787,46.39489],[6.91731,46.39494],[6.91681,46.39512],[6.91544,46.39514],[6.9152,46.39528],[6.91422,46.39543],[6.91405,46.39557],[6.91292,46.39561],[6.91185,46.39579],[6.9104,46.39566],[6.90903,46.39598],[6.90783,46.39659],[6.90703,46.39654],[6.90512,46.39673],[6.9038,46.39632],[6.90284,46.39652],[6.90085,46.39639],[6.90016,46.39651],[6.89988,46.39619],[6.89957,46.39625],[6.89892,46.39597],[6.89825,46.39554],[6.89779,46.39505],[6.89556,46.39447],[6.89423,46.39516],[6.89318,46.39524],[6.89225,46.39504],[6.89125,46.3955],[6.8911,46.39587],[6.89075,46.39608],[6.88944,46.396],[6.88864,46.39553],[6.88622,46.39982],[6.88573,46.39973],[6.88732,46.39679],[6.88617,46.39599],[6.88557,46.39609],[6.88551,46.39589],[6.88421,46.3955],[6.88273,46.39557],[6.88252,46.39542],[6.88231,46.3955],[6.88142,46.39529],[6.87968,46.39524],[6.87838,46.39551],[6.87786,46.39548],[6.87648,46.39489],[6.87456,46.39429],[6.87361,46.39438],[6.87293,46.39481],[6.87178,46.39435],[6.87114,46.39434],[6.87099,46.39408],[6.86833,46.39318],[6.86742,46.39297],[6.86527,46.3929],[6.86455,46.3931],[6.86319,46.39379],[6.86255,46.39376],[6.8608,46.39429],[6.86075,46.39458],[6.86003,46.395],[6.85968,46.39477],[6.85945,46.39503],[6.85889,46.3947],[6.85789,46.39571],[6.85474,46.39827],[6.8548,46.39836],[6.82487,46.42462],[6.82168,46.42697],[6.68187,46.45433],[6.51912,46.45637],[6.42563,46.41581],[6.3352,46.40372],[6.25297,46.36042],[6.24143,46.34367],[6.21267,46.35316]],[[6.27394,46.39027],[6.27502,46.39111],[6.27522,46.39153],[6.27521,46.3917],[6.27501,46.3918],[6.27426,46.39162],[6.2737,46.39133],[6.27164,46.39133],[6.27127,46.39148],[6.27057,46.39137],[6.27043,46.39123],[6.2733,46.39035],[6.27394,46.39027]],[[6.92778,46.41378],[6.92779,46.41428],[6.9274,46.41479],[6.92714,46.41462],[6.92713,46.41412],[6.92735,46.41384],[6.92778,46.41378]],[[6.33913,46.45559],[6.33961,46.455],[6.33947,46.45593],[6.33914,46.45594],[6.33913,46.45559]],[[6.53591,46.50686],[6.53493,46.50713],[6.53496,46.5075],[6.53475,46.50726],[6.53487,46.50703],[6.53505,46.50692],[6.53591,46.50686]],[[6.27353,46.39165],[6.2735,46.39179],[6.27324,46.39185],[6.2728,46.39176],[6.2729,46.39167],[6.27353,46.39165]],[[6.8834,46.4405],[6.88295,46.44063],[6.88276,46.44038],[6.88325,46.44031],[6.8834,46.4405]],[[6.88246,46.44074],[6.8821,46.44095],[6.88186,46.44098],[6.88196,46.44089],[6.88246,46.44074]],[[6.31816,46.43872],[6.31796,46.43884],[6.31777,46.43879],[6.31781,46.43873],[6.31816,46.43872]],[[6.53587,46.5072],[6.53587,46.5073],[6.53566,46.50728],[6.5357,46.50718],[6.53587,46.5072]],[[6.91386,46.4],[6.91384,46.40014],[6.9137,46.40005],[6.91386,46.4]]]]}},{"type":"Feature","properties":{"id":"lac-du-vernex-vd","c":"VD","p":"patent","q":"derived","k":"lake"},"geometry":{"type":"Polygon","coordinates":[[[7.06481,46.46424],[7.06855,46.46479],[7.07082,46.46565],[7.07235,46.46592],[7.07392,46.46555],[7.0747,46.46522],[7.07684,46.46342],[7.07764,46.46358],[7.07872,46.46343],[7.07979,46.46354],[7.0807,46.46319],[7.08155,46.46304],[7.08153,46.46293],[7.07971,46.46325],[7.07873,46.46304],[7.07672,46.463],[7.07573,46.46279],[7.07527,46.46238],[7.07378,46.4622],[7.07331,46.46172],[7.07062,46.46159],[7.07024,46.46169],[7.06956,46.46224],[7.06819,46.46228],[7.06725,46.46261],[7.06642,46.46309],[7.06592,46.46374],[7.06518,46.46386],[7.06481,46.46424]]]}},{"type":"Feature","properties":{"id":"lac-de-l-hongrin-vd","c":"VD","p":"patent","q":"derived","k":"lake"},"geometry":{"type":"Polygon","coordinates":[[[7.03142,46.41827],[7.03324,46.41915],[7.03375,46.41955],[7.03527,46.42033],[7.0395,46.42372],[7.04017,46.42345],[7.04103,46.42342],[7.04166,46.42369],[7.04214,46.42447],[7.043,46.42456],[7.04353,46.42476],[7.04404,46.42515],[7.04422,46.42553],[7.04418,46.42598],[7.04372,46.42653],[7.04605,46.42733],[7.04768,46.42759],[7.04915,46.42835],[7.04968,46.42821],[7.04956,46.42801],[7.04991,46.42772],[7.05151,46.42718],[7.05323,46.42708],[7.05358,46.42679],[7.05391,46.42674],[7.05381,46.4265],[7.05417,46.42636],[7.05466,46.42673],[7.05518,46.42645],[7.05561,46.42648],[7.05817,46.42707],[7.0591,46.42735],[7.05909,46.42807],[7.05976,46.42759],[7.06062,46.42781],[7.06153,46.42867],[7.06167,46.42918],[7.06188,46.42936],[7.06184,46.42967],[7.06214,46.42961],[7.06438,46.43099],[7.06512,46.43206],[7.06529,46.43208],[7.0655,46.43236],[7.06562,46.4322],[7.06521,46.4316],[7.06527,46.43136],[7.06468,46.43008],[7.06396,46.429],[7.0637,46.42894],[7.0633,46.42854],[7.06328,46.42782],[7.06345,46.42764],[7.06425,46.42747],[7.06487,46.4275],[7.065,46.42737],[7.06667,46.42729],[7.06709,46.42781],[7.06753,46.42809],[7.06732,46.42704],[7.06802,46.42695],[7.06838,46.4267],[7.0691,46.42676],[7.06987,46.42626],[7.07009,46.42627],[7.0705,46.42599],[7.07101,46.42584],[7.07122,46.42558],[7.07094,46.42555],[7.07132,46.42523],[7.07252,46.42551],[7.07289,46.42523],[7.07392,46.42509],[7.07389,46.42479],[7.07431,46.42466],[7.0745,46.42443],[7.07603,46.4242],[7.07665,46.42377],[7.07678,46.42348],[7.07845,46.4234],[7.07691,46.42327],[7.07474,46.42376],[7.074,46.42368],[7.07278,46.42411],[7.07188,46.42412],[7.07112,46.42321],[7.07079,46.42361],[7.07079,46.42388],[7.0711,46.42424],[7.06953,46.42428],[7.06878,46.42457],[7.06808,46.42522],[7.06726,46.42512],[7.06664,46.42528],[7.06632,46.42499],[7.06596,46.42545],[7.06553,46.42542],[7.06506,46.42561],[7.06469,46.42559],[7.06457,46.42582],[7.0644,46.42582],[7.06428,46.42565],[7.06308,46.42535],[7.06307,46.42518],[7.06221,46.4251],[7.06134,46.42459],[7.06125,46.42441],[7.06145,46.42371],[7.06124,46.42402],[7.06058,46.42436],[7.06034,46.42436],[7.05998,46.42408],[7.05915,46.42386],[7.0585,46.42384],[7.05775,46.42294],[7.05738,46.42169],[7.05695,46.42143],[7.05675,46.4211],[7.05646,46.42194],[7.05585,46.42249],[7.05507,46.42273],[7.05458,46.4226],[7.05445,46.4227],[7.05368,46.42265],[7.05297,46.42286],[7.05271,46.42261],[7.05222,46.42271],[7.05126,46.42248],[7.05078,46.42281],[7.05051,46.42272],[7.05035,46.42246],[7.04944,46.42261],[7.04917,46.42245],[7.04905,46.42232],[7.04905,46.42127],[7.04949,46.42065],[7.04927,46.4205],[7.04956,46.41973],[7.04988,46.41961],[7.04967,46.41942],[7.04978,46.41901],[7.04918,46.41881],[7.0492,46.41861],[7.04881,46.41838],[7.04858,46.41743],[7.04836,46.41731],[7.04825,46.41702],[7.04834,46.41592],[7.0481,46.41561],[7.04822,46.41536],[7.04798,46.41516],[7.04794,46.41455],[7.04688,46.41308],[7.04715,46.41435],[7.04685,46.41465],[7.04689,46.41519],[7.04675,46.41524],[7.04677,46.41562],[7.04657,46.41575],[7.04677,46.41595],[7.04627,46.41757],[7.04639,46.41843],[7.046,46.41869],[7.04595,46.41927],[7.04519,46.41991],[7.04496,46.42074],[7.04371,46.42144],[7.04329,46.42148],[7.04126,46.42077],[7.0402,46.41996],[7.03798,46.41896],[7.03718,46.41791],[7.0372,46.41763],[7.03696,46.41758],[7.03644,46.41709],[7.03641,46.41682],[7.03601,46.41689],[7.03521,46.41665],[7.03595,46.41731],[7.03603,46.4177],[7.03571,46.41798],[7.03473,46.41744],[7.03238,46.41713],[7.03041,46.4163],[7.02821,46.4149],[7.02682,46.41438],[7.02636,46.41401],[7.0262,46.41422],[7.02368,46.41274],[7.02335,46.41275],[7.0258,46.41457],[7.02738,46.41542],[7.02869,46.41654],[7.03142,46.41827]]]}},{"type":"Feature","properties":{"id":"murtensee-vd","c":"VD","p":"patent","q":"derived","k":"lake"},"geometry":{"type":"Polygon","coordinates":[[[7.08445,46.91282],[7.08156,46.91121],[7.08015,46.91063],[7.07872,46.91036],[7.07802,46.90996],[7.07793,46.91002],[7.07708,46.90986],[7.07689,46.91016],[7.07639,46.91017],[7.07641,46.90997],[7.0756,46.90973],[7.07449,46.90911],[7.0737,46.90895],[7.07357,46.90915],[7.07325,46.90903],[7.07302,46.90852],[7.07171,46.90822],[7.07127,46.90824],[7.07128,46.9081],[7.07091,46.9082],[7.07028,46.9078],[7.07039,46.90768],[7.07016,46.90758],[7.07002,46.9077],[7.0695,46.90763],[7.0689,46.90775],[7.06634,46.90577],[7.06523,46.90509],[7.06458,46.90486],[7.0616,46.90487],[7.06048,46.90469],[7.05973,46.90473],[7.05865,46.9051],[7.05809,46.90587],[7.05775,46.90578],[7.05722,46.9059],[7.05702,46.90556],[7.05595,46.90504],[7.0552,46.9049],[7.0541,46.90493],[7.05318,46.90477],[7.05274,46.90446],[7.05228,46.90451],[7.05164,46.9047],[7.05148,46.90489],[7.0506,46.90508],[7.05045,46.90497],[7.05022,46.90505],[7.05019,46.90519],[7.04982,46.90527],[7.04958,46.90552],[7.04967,46.90564],[7.04906,46.90574],[7.04832,46.9056],[7.04733,46.9056],[7.04686,46.90572],[7.04651,46.90597],[7.04615,46.90602],[7.04203,46.90852],[7.04046,46.90962],[7.03853,46.9114],[7.03807,46.91161],[7.03611,46.91347],[7.03359,46.91651],[7.03356,46.91683],[7.03403,46.91715],[7.03406,46.91775],[7.03446,46.91826],[7.0336,46.91938],[7.03366,46.92058],[7.03337,46.92101],[7.03468,46.9221],[7.03503,46.92223],[7.03514,46.92324],[7.03537,46.92363],[7.03664,46.9243],[7.03864,46.92477],[7.03971,46.92535],[7.04023,46.926],[7.0419,46.92675],[7.04319,46.92754],[7.04351,46.92761],[7.04426,46.92819],[7.04514,46.92856],[7.04532,46.9288],[7.04516,46.92871],[7.04425,46.92932],[7.04527,46.93004],[7.04646,46.92952],[7.04697,46.92977],[7.04733,46.93024],[7.04703,46.93055],[7.04704,46.93073],[7.04756,46.93111],[7.04827,46.93133],[7.04871,46.9318],[7.04894,46.93248],[7.05324,46.93362],[7.05491,46.9342],[7.05644,46.9349],[7.05672,46.93521],[7.05753,46.93561],[7.05762,46.93553],[7.05906,46.93597],[7.05986,46.93658],[7.08445,46.91282]]]}},{"type":"Feature","properties":{"id":"lac-de-joux-vd","c":"VD","p":"patent","q":"derived","k":"lake"},"geometry":{"type":"Polygon","coordinates":[[[6.32184,46.66414],[6.32418,46.66525],[6.32417,46.6655],[6.32492,46.66592],[6.32445,46.66639],[6.32458,46.66708],[6.32491,46.66754],[6.32561,46.66791],[6.32703,46.66782],[6.32877,46.66722],[6.32999,46.66647],[6.33086,46.66548],[6.33062,46.66474],[6.32986,46.66401],[6.32765,46.66249],[6.32749,46.66222],[6.3252,46.6604],[6.32391,46.65854],[6.32338,46.65665],[6.32344,46.65532],[6.32369,46.65509],[6.32344,46.65459],[6.32382,46.65323],[6.32417,46.65337],[6.32431,46.65332],[6.3245,46.65288],[6.3243,46.65269],[6.32393,46.6527],[6.32371,46.65252],[6.3234,46.65191],[6.32265,46.65127],[6.32189,46.65095],[6.32021,46.65119],[6.31811,46.65063],[6.31735,46.65058],[6.31689,46.64996],[6.31713,46.64948],[6.31667,46.64966],[6.31645,46.64954],[6.31636,46.64929],[6.31652,46.64896],[6.31608,46.64828],[6.3139,46.64774],[6.31305,46.64742],[6.31129,46.64641],[6.3092,46.64417],[6.3078,46.64317],[6.30746,46.64263],[6.30507,46.64174],[6.30426,46.64126],[6.30289,46.64103],[6.30237,46.64107],[6.30162,46.6403],[6.2999,46.63891],[6.29706,46.63766],[6.29578,46.63686],[6.29434,46.63568],[6.29218,46.63422],[6.29059,46.63334],[6.28842,46.63189],[6.28713,46.63133],[6.28648,46.63121],[6.28426,46.63045],[6.28334,46.62989],[6.28077,46.62957],[6.28088,46.62849],[6.28056,46.62748],[6.27967,46.62661],[6.27855,46.62593],[6.2742,46.62439],[6.2718,46.62393],[6.26916,46.62387],[6.26814,46.62369],[6.26799,46.62355],[6.2683,46.62272],[6.26826,46.62238],[6.26803,46.62216],[6.26645,46.62135],[6.26622,46.62134],[6.2657,46.62163],[6.26527,46.62169],[6.26421,46.62124],[6.26409,46.62098],[6.26427,46.62026],[6.26404,46.61996],[6.26401,46.6195],[6.26375,46.61928],[6.26172,46.61842],[6.26116,46.61843],[6.26014,46.61893],[6.25909,46.61863],[6.2575,46.61753],[6.25763,46.61697],[6.25683,46.61611],[6.25631,46.61584],[6.25593,46.61499],[6.25336,46.61385],[6.25297,46.61381],[6.25253,46.6136],[6.25226,46.61466],[6.25141,46.61502],[6.25066,46.61498],[6.25008,46.61478],[6.24804,46.61341],[6.24718,46.6125],[6.24656,46.61208],[6.24585,46.61176],[6.24501,46.61167],[6.24485,46.61133],[6.24363,46.61141],[6.2425,46.61189],[6.24155,46.61271],[6.24164,46.61309],[6.2422,46.61365],[6.2414,46.61415],[6.24116,46.61478],[6.24113,46.6159],[6.24134,46.61647],[6.24266,46.61723],[6.24299,46.61714],[6.24351,46.61724],[6.24416,46.61751],[6.24533,46.61775],[6.24639,46.61831],[6.24721,46.61924],[6.24764,46.62005],[6.24775,46.6205],[6.2473,46.62117],[6.24742,46.62149],[6.24787,46.62183],[6.24903,46.62231],[6.25021,46.62228],[6.25147,46.62273],[6.25204,46.6228],[6.25161,46.62288],[6.25163,46.6231],[6.25229,46.62353],[6.25288,46.62435],[6.2533,46.62461],[6.25383,46.62433],[6.25326,46.62467],[6.25344,46.62581],[6.25374,46.62632],[6.25497,46.62754],[6.25536,46.6276],[6.2557,46.62751],[6.25576,46.62771],[6.25617,46.62778],[6.25679,46.62871],[6.25753,46.62925],[6.2608,46.63067],[6.26181,46.63075],[6.26269,46.63203],[6.26391,46.63301],[6.26543,46.63378],[6.26614,46.63434],[6.26749,46.63461],[6.26795,46.63459],[6.26815,46.63537],[6.26901,46.63611],[6.2712,46.63715],[6.27205,46.63775],[6.27459,46.63851],[6.27545,46.63924],[6.27753,46.6404],[6.27815,46.64054],[6.27904,46.64046],[6.27897,46.6409],[6.27914,46.64125],[6.28031,46.642],[6.28149,46.64254],[6.28483,46.64501],[6.28517,46.64502],[6.28554,46.64533],[6.28771,46.6463],[6.29113,46.64813],[6.29334,46.64889],[6.29539,46.64999],[6.29866,46.65142],[6.30018,46.65196],[6.3006,46.65199],[6.3011,46.65237],[6.30783,46.65548],[6.31051,46.65721],[6.31238,46.65811],[6.31369,46.65899],[6.31839,46.66156],[6.31874,46.66197],[6.32121,46.66353],[6.32184,46.66414]]]}},{"type":"Feature","properties":{"id":"neuenburgersee-vd","c":"VD","p":"patent","q":"derived","k":"lake"},"geometry":{"type":"MultiPolygon","coordinates":[[[[6.71352,46.84396],[6.71384,46.84481],[6.71416,46.84486],[6.71398,46.8452],[6.71404,46.84549],[6.71496,46.84651],[6.71617,46.84687],[6.71675,46.8474],[6.71695,46.84742],[6.71698,46.84763],[6.71875,46.84807],[6.71942,46.84783],[6.72024,46.84829],[6.72017,46.84858],[6.72033,46.84867],[6.72044,46.84857],[6.72094,46.84888],[6.72093,46.84905],[6.7218,46.84961],[6.72435,46.85064],[6.72505,46.8507],[6.72571,46.85095],[6.7265,46.85099],[6.72757,46.85128],[6.72788,46.85109],[6.72846,46.85103],[6.72901,46.85133],[6.72999,46.85137],[6.73156,46.8523],[6.73231,46.85261],[6.73249,46.85295],[6.73293,46.85319],[6.73358,46.85458],[6.73407,46.85505],[6.73526,46.85561],[6.73727,46.85593],[6.73864,46.85652],[6.73885,46.85684],[6.73881,46.85751],[6.73983,46.85843],[6.74596,46.8603],[6.74692,46.86091],[6.74745,46.86103],[6.74804,46.86162],[6.7488,46.86212],[6.74943,46.86245],[6.75071,46.86285],[6.75075,46.86299],[6.75099,46.86306],[6.75091,46.86316],[6.75146,46.86347],[6.75213,46.86366],[6.75231,46.86413],[6.75341,46.86533],[6.75393,46.86634],[6.75401,46.86709],[6.75382,46.86819],[6.75398,46.8688],[6.75509,46.87047],[6.75526,46.87046],[6.77983,46.85296],[6.74187,46.82788],[6.76718,46.8089],[6.76709,46.80867],[6.76652,46.80831],[6.76633,46.80802],[6.76512,46.80728],[6.76478,46.8072],[6.76364,46.80623],[6.76286,46.80586],[6.76144,46.80462],[6.76044,46.80408],[6.75918,46.80379],[6.75895,46.80347],[6.75803,46.80332],[6.75775,46.80308],[6.75745,46.8031],[6.75688,46.80282],[6.75623,46.8028],[6.75547,46.80252],[6.75435,46.80257],[6.7536,46.80274],[6.75335,46.80258],[6.75329,46.80225],[6.75287,46.8022],[6.75192,46.80242],[6.75158,46.80286],[6.75108,46.80272],[6.75044,46.80282],[6.75021,46.80308],[6.74834,46.80341],[6.74797,46.8034],[6.74756,46.80302],[6.74669,46.80301],[6.74629,46.80336],[6.74509,46.80402],[6.74525,46.80433],[6.74511,46.80446],[6.74486,46.80437],[6.74444,46.80444],[6.74391,46.80495],[6.74393,46.80521],[6.7432,46.8054],[6.74337,46.8056],[6.74232,46.8061],[6.74238,46.80674],[6.74195,46.80716],[6.74167,46.80776],[6.74171,46.80726],[6.7413,46.80724],[6.74107,46.80812],[6.74059,46.80787],[6.74027,46.80731],[6.73891,46.80641],[6.73833,46.8057],[6.73772,46.80548],[6.73639,46.80551],[6.73321,46.8062],[6.73271,46.80598],[6.73121,46.80641],[6.73078,46.80636],[6.72964,46.80659],[6.729,46.80685],[6.72897,46.80668],[6.72843,46.8065],[6.72757,46.80635],[6.72717,46.80644],[6.72693,46.80605],[6.72649,46.80589],[6.72465,46.80567],[6.72204,46.80572],[6.72016,46.80622],[6.71997,46.80649],[6.71984,46.80649],[6.72003,46.80611],[6.7199,46.80608],[6.71975,46.80622],[6.71815,46.80614],[6.71774,46.80606],[6.71748,46.80581],[6.71723,46.80583],[6.71713,46.80606],[6.71695,46.80601],[6.71703,46.80566],[6.71657,46.80559],[6.71634,46.8059],[6.71621,46.80589],[6.7163,46.80557],[6.7159,46.80532],[6.71491,46.80527],[6.71501,46.80511],[6.71449,46.80443],[6.71357,46.80411],[6.71308,46.80412],[6.71289,46.80395],[6.71298,46.80382],[6.71237,46.80354],[6.71152,46.80353],[6.7108,46.80317],[6.70991,46.80318],[6.70983,46.80306],[6.70916,46.80286],[6.70835,46.80286],[6.70811,46.80297],[6.70834,46.8026],[6.70781,46.80243],[6.70758,46.80247],[6.70743,46.80272],[6.70728,46.80271],[6.7074,46.80228],[6.70699,46.80217],[6.70653,46.8024],[6.70652,46.80217],[6.70623,46.80187],[6.70567,46.80186],[6.7057,46.80171],[6.70241,46.80034],[6.70198,46.80004],[6.69966,46.79944],[6.69866,46.79902],[6.69687,46.79871],[6.69554,46.79813],[6.69414,46.79793],[6.69154,46.79698],[6.69078,46.79688],[6.68901,46.79615],[6.68806,46.7956],[6.68671,46.79522],[6.68467,46.79375],[6.68297,46.79321],[6.6811,46.793],[6.67967,46.79243],[6.67784,46.79214],[6.6755,46.79081],[6.67407,46.79049],[6.67276,46.78992],[6.67174,46.7897],[6.67111,46.78931],[6.67075,46.78876],[6.67048,46.78859],[6.66895,46.78841],[6.66837,46.78846],[6.66814,46.78799],[6.66828,46.7878],[6.66843,46.78781],[6.66843,46.78718],[6.66822,46.78719],[6.66684,46.78661],[6.66638,46.78657],[6.66647,46.78687],[6.66685,46.78692],[6.66755,46.7873],[6.66752,46.78739],[6.66678,46.78719],[6.66567,46.78722],[6.66357,46.78659],[6.66243,46.78655],[6.66013,46.786],[6.65758,46.78486],[6.65637,46.7851],[6.65588,46.78552],[6.65361,46.7847],[6.65318,46.78471],[6.65211,46.7851],[6.65177,46.78535],[6.65159,46.78606],[6.64936,46.78603],[6.64903,46.78612],[6.64894,46.7857],[6.64855,46.78523],[6.64824,46.78528],[6.64795,46.78562],[6.6476,46.78578],[6.64783,46.78638],[6.64739,46.78624],[6.6469,46.78642],[6.64435,46.78791],[6.64343,46.78872],[6.64526,46.7898],[6.64488,46.79011],[6.6444,46.79022],[6.64391,46.79095],[6.64345,46.79116],[6.64333,46.79166],[6.64267,46.79208],[6.64261,46.79238],[6.64212,46.79252],[6.6408,46.79227],[6.64011,46.79187],[6.63917,46.79106],[6.63971,46.79164],[6.63979,46.792],[6.63907,46.79236],[6.63783,46.79381],[6.63627,46.79523],[6.6361,46.79612],[6.63535,46.79704],[6.63477,46.79809],[6.63508,46.79876],[6.63449,46.79933],[6.63479,46.79951],[6.63464,46.79984],[6.63492,46.8],[6.63488,46.80062],[6.63507,46.80094],[6.63562,46.80094],[6.63551,46.80109],[6.63572,46.80182],[6.63651,46.80264],[6.63655,46.80366],[6.64063,46.80523],[6.64096,46.80508],[6.64111,46.8053],[6.64265,46.8059],[6.64611,46.80783],[6.64696,46.80815],[6.64691,46.80823],[6.64722,46.80823],[6.64848,46.80883],[6.64962,46.80957],[6.65013,46.81013],[6.6506,46.81013],[6.65099,46.81052],[6.65114,46.81047],[6.65198,46.811],[6.6521,46.81096],[6.6532,46.81148],[6.65342,46.81181],[6.65384,46.81187],[6.65424,46.81241],[6.65416,46.81253],[6.65447,46.8128],[6.65561,46.8132],[6.65623,46.81364],[6.65805,46.81418],[6.659,46.8151],[6.65923,46.81556],[6.65996,46.81579],[6.6599,46.81594],[6.66023,46.81587],[6.66114,46.81622],[6.66214,46.81626],[6.66236,46.8165],[6.66256,46.81644],[6.66259,46.81608],[6.66293,46.81608],[6.66315,46.81636],[6.66434,46.81657],[6.66426,46.81684],[6.66456,46.81703],[6.66491,46.81708],[6.66509,46.81682],[6.66532,46.81717],[6.66588,46.81708],[6.66597,46.81725],[6.66644,46.81733],[6.66651,46.81759],[6.66741,46.81802],[6.66806,46.81813],[6.6697,46.81803],[6.6696,46.81823],[6.67001,46.8184],[6.66993,46.81868],[6.67025,46.81878],[6.67057,46.8191],[6.67337,46.82015],[6.67384,46.82001],[6.67374,46.81979],[6.67407,46.81981],[6.67563,46.82055],[6.67702,46.82075],[6.6774,46.82115],[6.67759,46.82105],[6.67775,46.82113],[6.67847,46.82185],[6.67851,46.82211],[6.6783,46.82228],[6.679,46.82246],[6.67916,46.82261],[6.67948,46.8225],[6.67996,46.82265],[6.68003,46.82285],[6.67909,46.82308],[6.67853,46.82342],[6.67898,46.82378],[6.67944,46.82349],[6.67972,46.82356],[6.68066,46.82304],[6.68055,46.82323],[6.68079,46.82365],[6.6815,46.82404],[6.68194,46.82414],[6.68225,46.82435],[6.68219,46.82459],[6.68269,46.82457],[6.68262,46.82477],[6.68312,46.82492],[6.68413,46.826],[6.6849,46.82646],[6.68579,46.82661],[6.68593,46.828],[6.6857,46.82813],[6.68568,46.82842],[6.68588,46.82884],[6.68631,46.82921],[6.68695,46.82908],[6.68726,46.82951],[6.68699,46.82959],[6.68742,46.82977],[6.68876,46.83004],[6.68949,46.83001],[6.69031,46.83054],[6.69272,46.83097],[6.69333,46.83138],[6.69339,46.8317],[6.69358,46.83161],[6.69366,46.83169],[6.69346,46.83181],[6.69375,46.83199],[6.69348,46.83209],[6.6937,46.83223],[6.69502,46.83264],[6.69683,46.83361],[6.70014,46.83493],[6.70022,46.83506],[6.70206,46.83546],[6.70267,46.8359],[6.70346,46.83623],[6.7037,46.83602],[6.70362,46.8363],[6.7052,46.83711],[6.70524,46.83724],[6.70675,46.83769],[6.70764,46.83848],[6.70797,46.83895],[6.70787,46.8391],[6.70912,46.84066],[6.71352,46.84396]],[[6.67082,46.79021],[6.6716,46.79055],[6.67178,46.79032],[6.67191,46.79037],[6.67175,46.79083],[6.67132,46.7908],[6.67071,46.79055],[6.67062,46.79032],[6.67082,46.79021]],[[6.69205,46.79851],[6.69265,46.7988],[6.69308,46.79864],[6.69314,46.79875],[6.69287,46.79912],[6.69204,46.79885],[6.69192,46.79867],[6.69205,46.79851]]],[[[7.02886,46.98147],[7.03731,46.97979],[7.03845,46.97895],[7.03877,46.97814],[7.03867,46.97795],[7.03787,46.97756],[7.0374,46.97682],[7.03743,46.97663],[7.03785,46.97643],[7.03761,46.97607],[7.03829,46.97538],[7.03772,46.97534],[7.03721,46.97502],[7.03703,46.9745],[7.03717,46.9742],[7.03627,46.97341],[7.03617,46.97259],[7.03556,46.972],[7.0355,46.97148],[7.03489,46.97132],[7.03389,46.97025],[7.03336,46.96995],[7.03331,46.96978],[7.03284,46.96958],[7.03233,46.96851],[7.03152,46.968],[7.03018,46.96751],[7.02927,46.96682],[7.02913,46.96648],[7.02874,46.96633],[7.02846,46.96488],[7.02729,46.96428],[7.0266,46.96322],[7.02595,46.96259],[7.02419,46.96159],[7.02377,46.96173],[7.02356,46.96203],[7.02327,46.96211],[7.02254,46.96211],[7.022,46.96194],[7.02156,46.96137],[7.02132,46.9613],[7.0212,46.96076],[7.02065,46.96046],[7.02092,46.96019],[7.02024,46.95947],[7.01919,46.95896],[7.01878,46.95862],[7.01842,46.95853],[7.01747,46.95858],[7.01684,46.95847],[7.01662,46.95861],[7.01618,46.95862],[7.01609,46.95889],[7.01537,46.95838],[7.01525,46.95844],[7.01518,46.95793],[7.01555,46.95759],[7.01539,46.95733],[7.01491,46.95725],[7.01474,46.95746],[7.01416,46.95742],[7.01338,46.95706],[7.0132,46.9568],[7.01375,46.95657],[7.01376,46.95639],[7.01334,46.95611],[7.0131,46.95602],[7.01267,46.95663],[7.01232,46.95669],[7.01203,46.95651],[7.01178,46.9561],[7.01119,46.95637],[7.011,46.95618],[7.01056,46.95611],[7.00943,46.95553],[7.00897,46.95519],[7.00946,46.95476],[7.00933,46.9547],[7.00898,46.95475],[7.00887,46.95505],[7.00799,46.95496],[7.00759,46.95477],[7.00773,46.95467],[7.00856,46.9547],[7.00842,46.95438],[7.00859,46.95432],[7.00833,46.95418],[7.00805,46.95426],[7.00781,46.95418],[7.00773,46.95437],[7.00734,46.95437],[7.00713,46.95459],[7.00667,46.95447],[7.00645,46.95425],[7.00649,46.95397],[7.00702,46.95351],[7.00631,46.95295],[7.00254,46.95145],[7.0015,46.95138],[7.00092,46.95187],[7.0005,46.95191],[7.00017,46.95151],[6.99942,46.95155],[6.99801,46.95096],[6.99766,46.95093],[6.99721,46.95009],[6.99666,46.94962],[6.99596,46.94983],[6.99479,46.94948],[6.99471,46.94932],[6.99507,46.94895],[6.99464,46.94879],[6.99427,46.94887],[6.99431,46.9486],[6.99337,46.94808],[6.99298,46.9476],[6.99271,46.94754],[6.99261,46.94729],[6.99226,46.94735],[6.99167,46.94692],[6.9911,46.94729],[6.9906,46.94725],[6.99029,46.94689],[6.99049,46.94659],[6.98964,46.9465],[6.9896,46.94618],[6.98913,46.9462],[6.98849,46.94594],[6.98827,46.94623],[6.98785,46.94623],[6.9878,46.94602],[6.98723,46.94561],[6.98656,46.94571],[6.98634,46.94563],[6.98521,46.94473],[6.98401,46.94443],[6.98368,46.94362],[6.98334,46.94344],[6.98246,46.94333],[6.98164,46.94241],[6.98141,46.94179],[6.98036,46.9411],[6.98014,46.94052],[6.97998,46.93888],[6.97937,46.93821],[6.97874,46.93807],[6.97778,46.93818],[6.97744,46.93786],[6.97769,46.93766],[6.97755,46.93745],[6.97729,46.93765],[6.97681,46.93758],[6.9767,46.93725],[6.97643,46.9372],[6.97629,46.93697],[6.97509,46.9361],[6.97476,46.93545],[6.97435,46.93534],[6.97421,46.93557],[6.97378,46.93546],[6.97388,46.93506],[6.97372,46.93466],[6.97263,46.93432],[6.9724,46.93395],[6.9715,46.93357],[6.9698,46.93178],[6.96911,46.93142],[6.96784,46.93149],[6.96646,46.93038],[6.96602,46.93016],[6.96557,46.93009],[6.96525,46.92991],[6.96525,46.92968],[6.96456,46.92939],[6.96444,46.92921],[6.96394,46.92915],[6.96389,46.92891],[6.96345,46.92876],[6.96326,46.92848],[6.96187,46.92778],[6.96165,46.92754],[6.9282,46.9534],[7.00243,46.98691],[7.02899,46.98174],[7.02886,46.98147]]],[[[6.92379,46.90356],[6.9234,46.90347],[6.92271,46.90305],[6.92197,46.90282],[6.92169,46.90238],[6.92178,46.90224],[6.92165,46.90213],[6.92137,46.90214],[6.92133,46.90257],[6.92092,46.90287],[6.92238,46.90475],[6.92379,46.90356]]],[[[6.92161,46.90541],[6.92041,46.90468],[6.91934,46.90438],[6.91858,46.90384],[6.91826,46.90383],[6.91734,46.90337],[6.91713,46.90337],[6.91709,46.90346],[6.9173,46.90383],[6.9167,46.90373],[6.91566,46.90335],[6.91519,46.90247],[6.91428,46.90212],[6.91421,46.90198],[6.91358,46.90198],[6.91266,46.90175],[6.91226,46.90127],[6.91276,46.90116],[6.91269,46.90106],[6.91234,46.90089],[6.91238,46.90075],[6.91122,46.90021],[6.91044,46.90029],[6.9103,46.9002],[6.90954,46.90044],[6.90907,46.90005],[6.90852,46.89983],[6.90799,46.89966],[6.90734,46.89963],[6.90723,46.89955],[6.90751,46.89912],[6.90718,46.8989],[6.90667,46.89879],[6.90645,46.89875],[6.9061,46.89929],[6.90537,46.89916],[6.9049,46.89893],[6.90384,46.89881],[6.90322,46.89822],[6.90328,46.89774],[6.90269,46.89769],[6.90253,46.89739],[6.90221,46.89737],[6.90176,46.89712],[6.90107,46.89654],[6.90073,46.89653],[6.90053,46.89605],[6.90025,46.89606],[6.90003,46.89587],[6.89975,46.89637],[6.89949,46.8965],[6.89966,46.89657],[6.89957,46.89666],[6.89942,46.8966],[6.89947,46.8968],[6.89927,46.89676],[6.89944,46.89682],[6.89934,46.89693],[6.89916,46.8969],[6.89932,46.89697],[6.89924,46.89705],[6.89907,46.89699],[6.89712,46.89942],[6.8969,46.89954],[6.89691,46.89977],[6.89653,46.89977],[6.8965,46.89959],[6.89676,46.8995],[6.8994,46.89639],[6.8994,46.89624],[6.89983,46.89589],[6.89939,46.89584],[6.89982,46.89537],[6.89925,46.89456],[6.89922,46.89304],[6.89879,46.89234],[6.89812,46.89166],[6.89707,46.89111],[6.89645,46.89033],[6.89583,46.88995],[6.89383,46.88895],[6.89342,46.88888],[6.89297,46.88856],[6.8927,46.88852],[6.8927,46.88904],[6.89229,46.88893],[6.8916,46.88801],[6.89149,46.88746],[6.8911,46.88728],[6.86569,46.90958],[6.89623,46.92549],[6.92142,46.90557],[6.92161,46.90541]]]]}},{"type":"Feature","properties":{"id":"lac-brenet-vd","c":"VD","p":"patent","q":"derived","k":"lake"},"geometry":{"type":"Polygon","coordinates":[[[6.3294,46.67928],[6.32973,46.6793],[6.33018,46.6789],[6.33102,46.67857],[6.33126,46.67824],[6.33097,46.67784],[6.33095,46.67752],[6.33132,46.67752],[6.33094,46.67739],[6.32765,46.67421],[6.32718,46.67392],[6.32661,46.67386],[6.32666,46.6735],[6.32603,46.67201],[6.32477,46.6707],[6.32397,46.66934],[6.32287,46.66876],[6.32239,46.66863],[6.32182,46.668],[6.322,46.66784],[6.32251,46.66836],[6.32301,46.66797],[6.32302,46.66782],[6.3226,46.66816],[6.32245,46.66811],[6.32227,46.66777],[6.32252,46.6674],[6.32226,46.66727],[6.32208,46.6669],[6.3218,46.6667],[6.32176,46.66638],[6.32115,46.66598],[6.32006,46.66573],[6.31977,46.66586],[6.31985,46.66604],[6.31973,46.66617],[6.31932,46.66609],[6.31892,46.66631],[6.31874,46.66624],[6.3183,46.66635],[6.31724,46.66695],[6.31699,46.66754],[6.31774,46.66876],[6.31818,46.67137],[6.3191,46.67284],[6.31992,46.67357],[6.32054,46.67439],[6.32208,46.67529],[6.32282,46.67606],[6.3294,46.67928]]]}},{"type":"Feature","properties":{"id":"lac-de-bret-vd","c":"VD","p":"patent","q":"derived","k":"lake"},"geometry":{"type":"Polygon","coordinates":[[[6.77718,46.52079],[6.77726,46.52049],[6.77757,46.52028],[6.77706,46.51928],[6.77741,46.51921],[6.77796,46.5194],[6.77749,46.51831],[6.77763,46.51822],[6.77847,46.51856],[6.7787,46.51857],[6.77868,46.51841],[6.77777,46.51676],[6.77571,46.51401],[6.77504,46.51268],[6.77428,46.51204],[6.77399,46.51125],[6.77279,46.50994],[6.77176,46.50793],[6.77171,46.50728],[6.77133,46.50665],[6.77074,46.50648],[6.77022,46.50686],[6.76867,46.50719],[6.76842,46.50774],[6.76843,46.50819],[6.76869,46.50863],[6.76869,46.50961],[6.77009,46.51208],[6.76978,46.5134],[6.77002,46.5139],[6.77092,46.51461],[6.77192,46.51566],[6.77196,46.51605],[6.77334,46.51681],[6.7737,46.51728],[6.77372,46.51776],[6.7752,46.51955],[6.7761,46.51998],[6.77699,46.52075],[6.77718,46.52079]]]}},{"type":"Feature","properties":{"id":"avancon-vd","c":"VD","p":"patent","q":"derived","k":"river"},"geometry":{"type":"MultiLineString","coordinates":[[[7.06099,46.2661],[7.06037,46.26634],[7.05929,46.26642],[7.05814,46.26605],[7.05691,46.26613],[7.05476,46.26493],[7.05366,46.26461],[7.05244,46.26456],[7.05119,46.2639],[7.05044,46.26399],[7.05004,46.26368],[7.0489,46.26439],[7.04767,46.26431],[7.04656,46.26396],[7.04479,46.26407],[7.04258,46.26511],[7.04169,46.26487],[7.0411,46.26499],[7.0398,46.26485],[7.0396,46.26562],[7.03818,46.26624],[7.03649,46.26645],[7.03526,46.26582],[7.03451,46.26617],[7.03334,46.2654],[7.03112,46.26444],[7.03073,46.26388],[7.02952,46.26352],[7.02964,46.26291],[7.02892,46.26083],[7.02979,46.25965],[7.02986,46.25889],[7.03033,46.25845],[7.02975,46.25696],[7.02929,46.25666],[7.02835,46.25647],[7.02835,46.25591],[7.02791,46.25518],[7.02684,46.25522],[7.02662,46.25508],[7.02638,46.25453],[7.02673,46.25404],[7.02659,46.25385],[7.02549,46.25366],[7.02382,46.25296],[7.02293,46.25292],[7.02221,46.25247],[7.02179,46.25157],[7.02108,46.25077],[7.01682,46.24975],[7.0158,46.24928],[7.01048,46.24887],[7.00759,46.24764],[7.00686,46.24661],[7.00333,46.24662],[7.00161,46.24595],[6.99456,46.24452],[6.99354,46.2442],[6.99099,46.24272]],[[7.09917,46.21351],[7.09946,46.21529],[7.09924,46.2158],[7.09853,46.21627],[7.09907,46.21759],[7.09779,46.21942],[7.09738,46.22108],[7.09731,46.22231],[7.09755,46.22288],[7.0971,46.22454],[7.09738,46.22509],[7.0973,46.22578],[7.09774,46.22651],[7.09851,46.22688],[7.09916,46.22828],[7.1006,46.22963],[7.10195,46.23145],[7.10268,46.23183],[7.10234,46.23243],[7.10237,46.23296],[7.10291,46.23345],[7.10335,46.23344],[7.10347,46.23379],[7.10408,46.23407],[7.10405,46.23465],[7.1045,46.23535],[7.10437,46.23598],[7.1038,46.23648],[7.1042,46.23803],[7.10385,46.23858],[7.10427,46.23935],[7.10426,46.23967],[7.10382,46.23993],[7.10381,46.24042],[7.10467,46.24267],[7.10414,46.24356],[7.10463,46.24415],[7.10465,46.24516],[7.10518,46.24629],[7.10603,46.24692],[7.1063,46.2479],[7.10753,46.24886],[7.1076,46.24963],[7.10918,46.25149],[7.10924,46.25233],[7.10971,46.25265],[7.10951,46.2531],[7.10974,46.25363],[7.10896,46.25425],[7.10647,46.25481],[7.10458,46.25498],[7.10392,46.25535],[7.10272,46.25507],[7.10185,46.25533],[7.10063,46.2551],[7.09951,46.25537],[7.09856,46.25472],[7.09788,46.25456],[7.09535,46.25547],[7.09253,46.25579],[7.09037,46.25562],[7.08998,46.25531],[7.08983,46.25476],[7.08942,46.25459],[7.08886,46.25452],[7.08808,46.25471],[7.08705,46.25447],[7.08607,46.25463],[7.08437,46.256],[7.08337,46.25621],[7.08219,46.25575],[7.08166,46.25496],[7.08087,46.25475],[7.08042,46.2548],[7.08006,46.25507],[7.0777,46.25529],[7.07189,46.25712],[7.07207,46.2591],[7.07183,46.25954],[7.07045,46.26042],[7.07002,46.26112],[7.06855,46.26236],[7.06769,46.26363],[7.06647,46.26394],[7.06624,46.26443],[7.06531,46.26507],[7.06414,46.26495],[7.06101,46.26604]]]}},{"type":"Feature","properties":{"id":"baye-de-montreux-vd","c":"VD","p":"patent","q":"derived","k":"river"},"geometry":{"type":"LineString","coordinates":[[6.96258,46.46833],[6.96273,46.46766],[6.96202,46.46722],[6.96164,46.46613],[6.96179,46.46436],[6.96239,46.46395],[6.96351,46.46144],[6.96444,46.46016],[6.96483,46.45997],[6.96695,46.45986],[6.96706,46.45973],[6.96682,46.45825],[6.96737,46.45762],[6.9674,46.45611],[6.96603,46.45574],[6.9656,46.45441],[6.9645,46.45394],[6.96291,46.4543],[6.96202,46.45414],[6.9615,46.45376],[6.96091,46.45374],[6.96028,46.45337],[6.95922,46.45347],[6.958,46.45274],[6.95694,46.45268],[6.95583,46.45221],[6.9544,46.45252],[6.95357,46.45294],[6.95248,46.45169],[6.95076,46.45079],[6.94936,46.45031],[6.94862,46.45032],[6.94749,46.44995],[6.9472,46.44961],[6.94653,46.44958],[6.94554,46.44901],[6.94536,46.44861],[6.94451,46.44828],[6.94341,46.44606],[6.94216,46.44591],[6.94141,46.4447],[6.94045,46.44475],[6.93971,46.44527],[6.93893,46.44479],[6.93835,46.44471],[6.93752,46.44429],[6.93477,46.44374],[6.93429,46.4435],[6.93403,46.44288],[6.93352,46.44243],[6.93254,46.44204],[6.93176,46.44208],[6.93154,46.44176],[6.93099,46.44179],[6.93011,46.44147],[6.92961,46.44064],[6.929,46.44032],[6.92885,46.43983],[6.92833,46.43973],[6.92764,46.43912],[6.92829,46.43846],[6.928,46.43801],[6.92766,46.43783],[6.92702,46.43804],[6.9267,46.43785],[6.92678,46.43722],[6.92657,46.43707],[6.92558,46.43711],[6.92423,46.43648],[6.92398,46.43612],[6.92333,46.43605],[6.92284,46.43556],[6.92197,46.43543],[6.92069,46.43403],[6.919,46.43458],[6.9188,46.43433],[6.91919,46.43395],[6.91803,46.43339],[6.91735,46.43393],[6.91701,46.43373],[6.91683,46.43385],[6.9145,46.43293],[6.9142,46.43208],[6.91384,46.43192],[6.90934,46.43103]]}},{"type":"Feature","properties":{"id":"boiron-vd","c":"VD","p":"patent","q":"derived","k":"river"},"geometry":{"type":"LineString","coordinates":[[6.39317,46.56778],[6.38968,46.55968],[6.38899,46.55589],[6.38973,46.55417],[6.39525,46.55108],[6.39611,46.54909],[6.39379,46.54628],[6.39347,46.54474],[6.39353,46.54392],[6.39475,46.54181],[6.39492,46.53889],[6.3944,46.53782],[6.39277,46.5363],[6.3923,46.53522],[6.39015,46.53363],[6.38935,46.53268],[6.38829,46.53192],[6.38807,46.53136],[6.38815,46.53033],[6.38783,46.52964],[6.38798,46.52928],[6.38936,46.52816],[6.39062,46.5279],[6.39212,46.52687],[6.39277,46.52666],[6.39404,46.52538],[6.39658,46.52102],[6.39638,46.52015],[6.39712,46.51977],[6.39836,46.518],[6.40028,46.51667],[6.40078,46.51593],[6.40308,46.5147],[6.40477,46.51323],[6.407,46.51201],[6.40838,46.51199],[6.40963,46.51176],[6.41064,46.51193],[6.41199,46.51154],[6.41228,46.51167],[6.41292,46.5114],[6.4136,46.5116],[6.41427,46.51129],[6.41479,46.51144],[6.41534,46.51117],[6.41606,46.51125],[6.41708,46.51085],[6.41776,46.51083],[6.41843,46.51118],[6.41874,46.51095],[6.41998,46.51101],[6.42021,46.51067],[6.4213,46.51056],[6.42138,46.50964],[6.42172,46.50942],[6.42243,46.50935],[6.42308,46.50888],[6.42307,46.50867],[6.42522,46.50796],[6.425,46.50705],[6.42614,46.50649],[6.42654,46.50557],[6.42772,46.50527],[6.42797,46.505],[6.42921,46.50474],[6.43025,46.50462],[6.43046,46.50489],[6.43061,46.50467],[6.4313,46.50475],[6.43218,46.50411],[6.43333,46.5037],[6.43317,46.50339],[6.43418,46.50224],[6.43398,46.50207],[6.43436,46.5018],[6.43419,46.50168],[6.43457,46.50171],[6.43476,46.50111],[6.43539,46.50082],[6.43523,46.50037],[6.43557,46.49977],[6.4354,46.49928],[6.43687,46.499],[6.43749,46.4984],[6.43823,46.49806],[6.4385,46.4982],[6.4387,46.49809],[6.43879,46.49749],[6.4391,46.49726],[6.43873,46.49688],[6.4394,46.49654],[6.43977,46.49599],[6.44038,46.49598],[6.44049,46.49563],[6.44175,46.49544],[6.44183,46.49494],[6.44266,46.49496],[6.44312,46.49396],[6.44356,46.49422],[6.44492,46.49441],[6.4453,46.49378],[6.44556,46.49393],[6.44739,46.49384],[6.44787,46.4933],[6.44849,46.4934],[6.4486,46.49368],[6.44892,46.49374],[6.45027,46.49295],[6.45091,46.49341],[6.45136,46.49334],[6.45177,46.4936],[6.4522,46.49309],[6.45256,46.49299],[6.4539,46.49386],[6.4539,46.49473],[6.45486,46.49466],[6.45527,46.49506],[6.45562,46.49509],[6.45574,46.49568],[6.45634,46.49573],[6.45635,46.49611],[6.45694,46.49628],[6.45707,46.49662],[6.45776,46.49673],[6.45806,46.49704],[6.4592,46.49742],[6.46039,46.49837],[6.46115,46.49857],[6.46175,46.49902],[6.46173,46.49963],[6.46205,46.4998],[6.46291,46.4993],[6.46352,46.49919],[6.46436,46.49962],[6.4656,46.49933],[6.46669,46.49948],[6.4673,46.49845],[6.46887,46.49728],[6.46908,46.49688],[6.47064,46.49665],[6.47165,46.49737],[6.47181,46.49699],[6.47282,46.4968],[6.47445,46.49557],[6.47468,46.49592],[6.47513,46.49577],[6.47558,46.49592],[6.47611,46.49581],[6.47627,46.49613],[6.47664,46.49615],[6.47708,46.49492],[6.47941,46.49189]]}},{"type":"Feature","properties":{"id":"boiron-vd-2","c":"VD","p":"patent","q":"derived","k":"river"},"geometry":{"type":"MultiLineString","coordinates":[[[6.13257,46.40864],[6.13389,46.40786],[6.13693,46.40705],[6.13781,46.40637],[6.14282,46.4039],[6.14528,46.40204],[6.1468,46.40128],[6.14803,46.39865],[6.14974,46.39749]],[[6.14986,46.39734],[6.15023,46.39732],[6.15084,46.39669],[6.15113,46.39567],[6.15457,46.39274],[6.15512,46.39243],[6.15675,46.39202],[6.15659,46.39165]],[[6.15654,46.39128],[6.15705,46.39095],[6.15739,46.39039],[6.15878,46.38977],[6.16019,46.38877],[6.16121,46.3884],[6.16102,46.3878],[6.16134,46.38749],[6.16095,46.38695],[6.16113,46.3865],[6.16025,46.38511],[6.16023,46.38423],[6.15979,46.3837],[6.15978,46.38302],[6.1588,46.3826],[6.15876,46.38221],[6.15802,46.38153],[6.15839,46.38132],[6.15795,46.38047],[6.15797,46.37997],[6.15848,46.37974],[6.1592,46.37971],[6.15926,46.37925],[6.16011,46.37879],[6.16038,46.37884]],[[6.16104,46.37525],[6.16118,46.37484],[6.16233,46.37458],[6.16282,46.37413],[6.16382,46.37374],[6.16476,46.37407],[6.16543,46.3736],[6.16675,46.37375],[6.16704,46.37349],[6.16714,46.37288],[6.16786,46.37337],[6.16886,46.37329],[6.16889,46.37305],[6.16933,46.37294],[6.16981,46.37327],[6.17028,46.37277],[6.17127,46.37258],[6.17169,46.37279],[6.17225,46.3727],[6.17248,46.37218],[6.17362,46.37255],[6.17413,46.37206],[6.17478,46.37218],[6.17514,46.37192],[6.17566,46.37196],[6.17663,46.3715],[6.17775,46.37144],[6.17905,46.37084],[6.18015,46.37185],[6.18068,46.37174],[6.18171,46.37246],[6.1822,46.37236],[6.18235,46.37291],[6.18298,46.3731],[6.18306,46.37337],[6.18385,46.37376],[6.18387,46.37401],[6.18455,46.37431],[6.18498,46.3741],[6.18624,46.37467],[6.18722,46.3756],[6.18921,46.37599],[6.18948,46.3764],[6.19037,46.37678],[6.19074,46.37736],[6.19147,46.3773],[6.19143,46.3777],[6.19236,46.3775],[6.1931,46.37779],[6.19356,46.37779],[6.19419,46.37717],[6.1951,46.37734],[6.19549,46.37772],[6.19565,46.37721],[6.19621,46.37712],[6.19647,46.37729],[6.19668,46.37709],[6.19741,46.37766],[6.19954,46.37788],[6.19987,46.37771],[6.20049,46.37794],[6.20089,46.37834],[6.20129,46.37812],[6.2017,46.37731],[6.203,46.37638],[6.20437,46.37648],[6.20475,46.37599],[6.2054,46.37581],[6.20587,46.3763],[6.2067,46.37599],[6.20701,46.37648],[6.20785,46.37658],[6.2088,46.3772],[6.20987,46.37701],[6.2096,46.37742],[6.20984,46.37767],[6.2112,46.37722],[6.21112,46.37772],[6.2106,46.37821],[6.21277,46.37823],[6.21341,46.37898],[6.21446,46.37846],[6.2148,46.37902],[6.2171,46.37954],[6.21778,46.37946],[6.21894,46.37984],[6.22027,46.37988],[6.22132,46.37966],[6.22255,46.37979],[6.22321,46.37947],[6.2244,46.37982],[6.22505,46.37973],[6.22611,46.37916],[6.22719,46.37901],[6.22775,46.37851],[6.22848,46.37872],[6.22979,46.37849],[6.22937,46.37762],[6.23012,46.37762],[6.23111,46.37715],[6.23124,46.37647],[6.23101,46.37585],[6.23152,46.37557],[6.23261,46.37552],[6.2324,46.37477],[6.23184,46.3742],[6.23297,46.3738]]]}},{"type":"Feature","properties":{"id":"noiraigue-vd","c":"VD","p":"patent","q":"derived","k":"river"},"geometry":{"type":"LineString","coordinates":[[6.46065,46.82986],[6.46113,46.83014],[6.46152,46.83007],[6.46311,46.83044],[6.46686,46.83217],[6.46764,46.8328],[6.46861,46.83309],[6.46961,46.83393],[6.47001,46.83388],[6.47021,46.8342],[6.47124,46.83438],[6.47233,46.83477],[6.47264,46.83513],[6.47349,46.83533],[6.47573,46.8357],[6.47585,46.83549],[6.47695,46.83555],[6.47813,46.83607],[6.48237,46.83671],[6.48417,46.83607],[6.48509,46.83506],[6.48566,46.83511],[6.48631,46.83474],[6.4874,46.83475],[6.48792,46.83509],[6.48835,46.83496],[6.48897,46.83527],[6.48988,46.83494],[6.49111,46.8353],[6.49184,46.83584],[6.49173,46.83637],[6.49199,46.8371],[6.49361,46.83762],[6.49592,46.83899],[6.49658,46.83908],[6.49701,46.83955],[6.49769,46.83978],[6.49808,46.84019],[6.49972,46.84102],[6.50179,46.84275],[6.50307,46.84324],[6.5033,46.8443],[6.50539,46.84576],[6.50682,46.84714],[6.50858,46.84845],[6.50945,46.84968],[6.50931,46.84985],[6.50995,46.85091],[6.51056,46.85126],[6.51131,46.85223],[6.51162,46.85326],[6.51219,46.85395],[6.51315,46.85454]]}},{"type":"Feature","properties":{"id":"canal-oriental-vd","c":"VD","p":"patent","q":"derived","k":"river"},"geometry":{"type":"LineString","coordinates":[[6.56654,46.72835],[6.58266,46.73917],[6.58775,46.74196],[6.59528,46.74525],[6.60188,46.74782],[6.60411,46.74916],[6.60641,46.75104],[6.61929,46.75867],[6.62364,46.76251],[6.62404,46.76319],[6.62494,46.76625],[6.626,46.76767],[6.62713,46.76864],[6.6301,46.7709],[6.63178,46.7719],[6.63551,46.77325],[6.63969,46.77449],[6.64036,46.77497],[6.6408,46.7755],[6.64131,46.77737],[6.64202,46.77855],[6.64735,46.78546]]}},{"type":"Feature","properties":{"id":"canal-d-entreroches-vd","c":"VD","p":"patent","q":"derived","k":"river"},"geometry":{"type":"LineString","coordinates":[[6.54641,46.67263],[6.54824,46.67523],[6.55,46.67972],[6.54844,46.69874],[6.54874,46.70584],[6.55094,46.70924],[6.55125,46.71066],[6.55226,46.71113],[6.55411,46.71396],[6.55542,46.71654],[6.55912,46.7204],[6.56519,46.7274],[6.56654,46.72835]]}},{"type":"Feature","properties":{"id":"petit-hongrin-vd","c":"VD","p":"patent","q":"derived","k":"river"},"geometry":{"type":"LineString","coordinates":[[6.99626,46.39547],[6.99661,46.39699],[6.99854,46.39811],[6.99875,46.39912],[7.00025,46.40047],[7.0004,46.40096],[7.00072,46.40105],[7.00115,46.40174],[7.00226,46.4021],[7.00282,46.4027],[7.00341,46.40296],[7.00392,46.40288],[7.00472,46.40317],[7.00597,46.40412],[7.00677,46.40405],[7.0074,46.4043],[7.00823,46.4043],[7.01021,46.40513],[7.0109,46.40509],[7.01162,46.40482],[7.01229,46.40506],[7.01271,46.40534],[7.01266,46.40599],[7.01298,46.40645],[7.01448,46.40774],[7.0156,46.40833],[7.01649,46.40922],[7.01789,46.40949],[7.01908,46.4102],[7.01956,46.41089],[7.0212,46.41142],[7.02289,46.41258]]}},{"type":"Feature","properties":{"id":"talent-vd","c":"VD","p":"patent","q":"derived","k":"river"},"geometry":{"type":"LineString","coordinates":[[6.70919,46.58969],[6.70829,46.5893],[6.70699,46.58911],[6.70296,46.59009],[6.70159,46.58969],[6.70116,46.58901],[6.70114,46.58822],[6.70091,46.58819],[6.70116,46.58769],[6.70075,46.58741],[6.70125,46.58665],[6.70082,46.58587],[6.70094,46.58568],[6.69998,46.58459],[6.70021,46.58422],[6.6988,46.58367],[6.6987,46.58326],[6.6983,46.58323],[6.69818,46.58302],[6.69779,46.58304],[6.69699,46.58239],[6.69645,46.58258],[6.69628,46.58229],[6.6959,46.58242],[6.69482,46.58206],[6.69326,46.582],[6.69241,46.58108],[6.69199,46.57986],[6.69055,46.57857],[6.69039,46.57814],[6.68969,46.57808],[6.68909,46.57929],[6.68968,46.5801],[6.68956,46.58057],[6.68886,46.58086],[6.68848,46.58148],[6.68816,46.58152],[6.68794,46.58181],[6.68753,46.58181],[6.68756,46.5821],[6.68714,46.58219],[6.68656,46.58199],[6.68588,46.58214],[6.68557,46.5819],[6.68516,46.58207],[6.68478,46.58265],[6.68397,46.58268],[6.6835,46.58292],[6.68253,46.5829],[6.68235,46.58338],[6.68132,46.58358],[6.68171,46.5844],[6.68127,46.5847],[6.68157,46.58481],[6.68146,46.5857],[6.68181,46.58563],[6.68195,46.58585],[6.68139,46.58599],[6.68151,46.58675],[6.68186,46.58715],[6.68157,46.58728],[6.68182,46.58765],[6.68156,46.5881],[6.68186,46.58811],[6.68198,46.58834],[6.6813,46.58887],[6.68156,46.58983],[6.68121,46.59008],[6.6815,46.59055],[6.6811,46.59092],[6.68183,46.59159],[6.68114,46.59252],[6.68224,46.59441],[6.68208,46.59455],[6.68139,46.59457],[6.68006,46.59527],[6.67895,46.59527],[6.67788,46.59478],[6.67726,46.5948],[6.67672,46.59438],[6.6754,46.59415],[6.67418,46.59363],[6.67385,46.59286],[6.67166,46.59127],[6.66968,46.59075],[6.66701,46.59063],[6.66636,46.59028],[6.66529,46.59026],[6.66394,46.58972],[6.66301,46.59017],[6.66192,46.59032],[6.66069,46.59101],[6.65844,46.59342],[6.65772,46.59363],[6.65747,46.59394],[6.65662,46.59429],[6.65634,46.59396],[6.65599,46.59434],[6.65529,46.59442],[6.65507,46.5939],[6.65395,46.59374],[6.65381,46.59421],[6.65299,46.59409],[6.65314,46.59449],[6.65269,46.59471],[6.65178,46.59446],[6.65121,46.59451],[6.65081,46.59331],[6.65046,46.59305],[6.64918,46.59346],[6.64888,46.59253],[6.64793,46.59255],[6.648,46.59216],[6.64762,46.59188],[6.64639,46.59204],[6.64567,46.59187],[6.64483,46.59067],[6.64442,46.59041],[6.64249,46.59088],[6.6422,46.59078],[6.6422,46.59047],[6.64179,46.59034],[6.64134,46.59045],[6.64127,46.59091],[6.64083,46.59124],[6.63996,46.59079],[6.63988,46.59136],[6.63967,46.59147],[6.63918,46.59144],[6.63887,46.59177],[6.63863,46.59151],[6.63825,46.59161],[6.63807,46.59196],[6.63843,46.59251],[6.63819,46.59288],[6.63836,46.59354],[6.63722,46.5942],[6.63679,46.59483],[6.63698,46.59527],[6.63413,46.59468],[6.63411,46.59526],[6.63366,46.59551],[6.63353,46.59584],[6.6337,46.5962],[6.63351,46.59655],[6.634,46.59695],[6.63402,46.59721],[6.63365,46.59752],[6.63406,46.59784],[6.63422,46.59857],[6.63385,46.59897],[6.63428,46.5995],[6.63444,46.60026],[6.63422,46.60079],[6.63349,46.60095],[6.63346,46.6011],[6.63368,46.60162],[6.63418,46.60191],[6.63474,46.60195],[6.63511,46.60235],[6.63498,46.60277],[6.63607,46.60349],[6.63562,46.60411],[6.63604,46.60447],[6.63583,46.60497],[6.63628,46.60595],[6.63683,46.60594],[6.63747,46.60711],[6.63817,46.60752],[6.63837,46.60797],[6.63797,46.60825],[6.63838,46.60931],[6.63807,46.60996],[6.63819,46.61015],[6.63912,46.61043],[6.63918,46.61078],[6.63865,46.61156],[6.63936,46.61195],[6.63932,46.61251],[6.63967,46.61271],[6.63988,46.61337],[6.63906,46.6137],[6.63896,46.6141],[6.63929,46.61473],[6.63996,46.61493],[6.64055,46.61544],[6.6414,46.61555],[6.64224,46.61612],[6.64198,46.61668],[6.64216,46.61688],[6.64318,46.61753],[6.64379,46.61844],[6.64442,46.61846],[6.64513,46.61907],[6.64525,46.6207],[6.64488,46.62141],[6.6457,46.62309],[6.64692,46.62343],[6.64763,46.62395],[6.64678,46.62408],[6.64691,46.62499],[6.64709,46.62512],[6.6475,46.62499],[6.64767,46.62565],[6.64846,46.62596],[6.64795,46.62688],[6.64869,46.62732],[6.64918,46.62827],[6.64898,46.6294],[6.65036,46.63012],[6.65089,46.63102],[6.65172,46.63111],[6.65253,46.63262],[6.65233,46.63312],[6.65262,46.63458],[6.6519,46.63508],[6.65171,46.63547],[6.65056,46.63565],[6.64935,46.63548],[6.64862,46.6357],[6.64857,46.63637],[6.6469,46.63737],[6.64585,46.63761],[6.64561,46.63813],[6.64474,46.63872],[6.64379,46.63899],[6.64285,46.63881],[6.64215,46.63911],[6.64158,46.63961],[6.64198,46.64029],[6.64107,46.64069],[6.64085,46.64115],[6.63975,46.64139],[6.63928,46.64226],[6.64,46.64296],[6.63989,46.6431],[6.6386,46.64301],[6.63808,46.64334],[6.63756,46.64301],[6.63663,46.64294],[6.63535,46.64333],[6.63335,46.64224],[6.63261,46.64298],[6.63199,46.64265],[6.63066,46.64246],[6.62978,46.64205],[6.62801,46.6423],[6.62629,46.64117],[6.62477,46.64244],[6.62452,46.64351],[6.62398,46.64329],[6.62394,46.64303],[6.62369,46.64307],[6.62353,46.64364],[6.62262,46.64421],[6.62273,46.6445],[6.62196,46.6449],[6.62193,46.64565],[6.62171,46.6458],[6.62025,46.64584],[6.61968,46.64634],[6.61837,46.64627],[6.6179,46.64589],[6.61733,46.6462],[6.61702,46.64614],[6.61658,46.6459],[6.61657,46.64552],[6.61577,46.64454],[6.6151,46.64446],[6.61479,46.64494],[6.61446,46.64476],[6.61416,46.64353],[6.61393,46.64354],[6.61379,46.64401],[6.61341,46.64407],[6.61269,46.64303],[6.6117,46.64335],[6.61079,46.64328],[6.61121,46.64249],[6.61055,46.64248],[6.60991,46.64205],[6.60918,46.64209],[6.60855,46.64192],[6.60876,46.64162],[6.6082,46.64082],[6.60792,46.64049],[6.60697,46.64005],[6.60649,46.64032],[6.60653,46.64056],[6.60603,46.64102],[6.60579,46.64102],[6.60537,46.63967],[6.60514,46.63971],[6.60471,46.64051],[6.60404,46.64061],[6.60362,46.64022],[6.60103,46.63925],[6.60104,46.6383],[6.60022,46.63786],[6.60035,46.63687],[6.59953,46.63658],[6.59942,46.63634],[6.59978,46.63623],[6.60002,46.63587],[6.59979,46.63546],[6.599,46.63485],[6.59918,46.63457],[6.59852,46.6339],[6.59703,46.63292],[6.59627,46.633],[6.59584,46.63273],[6.59484,46.63335],[6.59352,46.63324],[6.59306,46.63345],[6.59299,46.63415],[6.59275,46.63437],[6.58918,46.63299],[6.58843,46.63284],[6.58716,46.63317],[6.58677,46.63399],[6.58689,46.63449],[6.58656,46.63498],[6.58788,46.63576],[6.58756,46.63637],[6.588,46.63715],[6.58791,46.63742],[6.58483,46.63861],[6.58484,46.63891],[6.58614,46.63946],[6.58659,46.64023],[6.58629,46.64115],[6.58654,46.64175],[6.58637,46.64216],[6.58672,46.64251],[6.58743,46.64246],[6.58761,46.64336],[6.58741,46.64368],[6.58624,46.64441],[6.58559,46.64527],[6.58455,46.64562],[6.58606,46.64879],[6.58642,46.64907],[6.58765,46.64941],[6.58784,46.64966],[6.58784,46.64993],[6.58727,46.6505],[6.58556,46.65147],[6.58559,46.65175],[6.58681,46.6524],[6.58755,46.65257],[6.5874,46.65301],[6.58591,46.65375],[6.58537,46.65498],[6.58476,46.65552],[6.58509,46.65601],[6.58592,46.65611],[6.58602,46.65687],[6.58546,46.65767],[6.58653,46.65821],[6.58632,46.65852],[6.5854,46.65885],[6.58609,46.65935],[6.58602,46.65994],[6.58663,46.66005],[6.5872,46.66055],[6.58756,46.66136],[6.58682,46.6622],[6.5846,46.66256],[6.58425,46.66287],[6.58386,46.66434],[6.58423,46.66466],[6.58522,46.66451],[6.58592,46.66501],[6.58568,46.66547],[6.58568,46.66704],[6.58611,46.66866],[6.58807,46.67039],[6.58855,46.6717],[6.58775,46.67289],[6.58774,46.674],[6.58728,46.67491],[6.58762,46.6755],[6.58758,46.67596],[6.5863,46.6783],[6.58641,46.67886],[6.58607,46.67924],[6.58597,46.68066],[6.58457,46.68215],[6.58358,46.68219],[6.58327,46.68235],[6.58276,46.68317],[6.58307,46.68374],[6.58246,46.68392],[6.58236,46.68443],[6.58167,46.68503],[6.58229,46.68606],[6.58158,46.68665],[6.58132,46.6872],[6.58146,46.68926],[6.58096,46.68951],[6.57946,46.68943],[6.57915,46.68966],[6.57898,46.69093],[6.5801,46.69111],[6.57984,46.69176],[6.57786,46.69299],[6.57691,46.69325],[6.57601,46.69422],[6.57449,46.69478],[6.57212,46.69691],[6.57118,46.69809],[6.56991,46.69884],[6.56877,46.69923],[6.56726,46.70029],[6.56313,46.70173],[6.5599,46.70366],[6.5569,46.70643],[6.5547,46.70787],[6.55283,46.70948],[6.5516,46.71106],[6.55075,46.7131],[6.55054,46.71443],[6.55064,46.7159],[6.55156,46.7185],[6.56329,46.73759]]}},{"type":"Feature","properties":{"id":"veveyse-vd","c":"VD","p":"patent","q":"derived","k":"river"},"geometry":{"type":"LineString","coordinates":[[6.89576,46.50753],[6.89627,46.507],[6.89613,46.50659],[6.89554,46.50646],[6.89493,46.50577],[6.89358,46.50564],[6.89245,46.50489],[6.89118,46.50331],[6.8904,46.50277],[6.88887,46.5022],[6.88811,46.50146],[6.8873,46.50117],[6.88603,46.49991],[6.88586,46.49908],[6.88441,46.49823],[6.8845,46.49759],[6.88363,46.4971],[6.88367,46.49653],[6.88333,46.49607],[6.88276,46.49576],[6.88183,46.49568],[6.88153,46.49545],[6.88131,46.49442],[6.88065,46.49387],[6.88038,46.49299],[6.87949,46.4925],[6.878,46.49109],[6.87754,46.49021],[6.87671,46.48999],[6.87642,46.4897],[6.87671,46.48879],[6.87539,46.48794],[6.875,46.48679],[6.87412,46.48678],[6.87369,46.4862],[6.87207,46.4853],[6.87088,46.48506],[6.87047,46.48429],[6.86939,46.48424],[6.86902,46.48373],[6.86812,46.4836],[6.86837,46.48274],[6.86744,46.48217],[6.86744,46.48127],[6.86723,46.48108],[6.86474,46.48125],[6.86392,46.48068],[6.86253,46.48043],[6.86108,46.4794],[6.85958,46.47949],[6.8588,46.47931],[6.85832,46.47855],[6.85734,46.47771],[6.85698,46.47663],[6.85306,46.47302],[6.85183,46.47281],[6.85123,46.47252],[6.85066,46.47164],[6.84281,46.46376],[6.84126,46.46249],[6.83992,46.46199],[6.83566,46.46108]]}},{"type":"Feature","properties":{"id":"veveyse-de-fegire-vd","c":"VD","p":"patent","q":"derived","k":"river"},"geometry":{"type":"MultiLineString","coordinates":[[[6.91527,46.51033],[6.91459,46.51061],[6.9146,46.51088],[6.91422,46.5112],[6.91359,46.5111],[6.9129,46.51127],[6.91288,46.51256],[6.91191,46.51314],[6.91123,46.51315],[6.91041,46.51232],[6.90889,46.51255],[6.90779,46.51243],[6.9067,46.51286],[6.90528,46.51257],[6.90416,46.51322],[6.90339,46.51314]],[[6.92296,46.50857],[6.92261,46.50862],[6.9218,46.50806],[6.91982,46.50895]],[[6.92785,46.50457],[6.92743,46.5046]],[[6.95032,46.50268],[6.94987,46.50183],[6.94887,46.50204],[6.94862,46.50158],[6.94787,46.50131],[6.94608,46.50128],[6.94543,46.50147],[6.94503,46.50133],[6.94466,46.5015],[6.94362,46.50113],[6.94332,46.50154],[6.94149,46.50202],[6.94083,46.50121],[6.93965,46.50137],[6.93866,46.50105],[6.93759,46.50115],[6.93656,46.50097],[6.93589,46.50101],[6.93334,46.50174],[6.93287,46.50236],[6.93306,46.50261]],[[6.96475,46.49402],[6.96464,46.49441],[6.96422,46.49453],[6.96448,46.49526],[6.96341,46.4956],[6.96332,46.49632],[6.96179,46.4971],[6.96081,46.49735],[6.95928,46.49835],[6.9586,46.49844],[6.95835,46.49877]],[[6.97285,46.49003],[6.97298,46.49028],[6.97232,46.49064],[6.9722,46.49113],[6.97179,46.49148],[6.96982,46.49122],[6.96893,46.49203],[6.96815,46.49203],[6.96762,46.49256],[6.96701,46.49271]],[[6.97299,46.48404],[6.97266,46.48433],[6.97272,46.48522]],[[6.97278,46.48794],[6.97286,46.48828],[6.97235,46.48875],[6.97316,46.48893]],[[6.97392,46.48105],[6.97382,46.48284],[6.97341,46.48348]],[[6.97693,46.4776],[6.97528,46.47848],[6.97507,46.47957]]]}},{"type":"Feature","properties":{"id":"grenier-vd","c":"VD","p":"patent","q":"derived","k":"river"},"geometry":{"type":"MultiLineString","coordinates":[[[6.15918,46.35781],[6.15966,46.35742],[6.15963,46.35679],[6.16021,46.35559],[6.15991,46.35475],[6.16006,46.35353],[6.16226,46.35291],[6.16336,46.35317],[6.16352,46.35339],[6.16576,46.35413],[6.16574,46.35387],[6.16651,46.35337],[6.16879,46.35291],[6.16946,46.35335],[6.16956,46.35448],[6.17001,46.35495],[6.17212,46.35491],[6.17496,46.35396],[6.17509,46.35288],[6.17583,46.35212]],[[6.17132,46.3408],[6.16939,46.33738],[6.1688,46.33569],[6.16934,46.33527],[6.17017,46.33517],[6.17066,46.33458],[6.17179,46.33449],[6.17239,46.33295],[6.17297,46.33249],[6.17283,46.33199],[6.17389,46.33146],[6.17379,46.33112],[6.17414,46.3307],[6.17426,46.32972],[6.17367,46.32912],[6.17308,46.32772],[6.17246,46.32727],[6.17261,46.3257],[6.17371,46.32511],[6.17495,46.32472],[6.17526,46.32441],[6.17879,46.32324],[6.17798,46.322],[6.17811,46.32155],[6.17781,46.3212],[6.17797,46.32042],[6.17765,46.31892],[6.17809,46.3186],[6.17912,46.31858],[6.18165,46.3189],[6.1843,46.31951],[6.18614,46.31957],[6.18816,46.31936],[6.18931,46.31905],[6.19053,46.31825],[6.19193,46.31774],[6.1923,46.31732],[6.19212,46.31692],[6.19361,46.31604]]]}},{"type":"Feature","properties":{"id":"lutrive-vd","c":"VD","p":"patent","q":"derived","k":"river"},"geometry":{"type":"LineString","coordinates":[[6.72902,46.53625],[6.72898,46.53579],[6.72975,46.53426],[6.72909,46.53317],[6.72823,46.53264],[6.72779,46.53101],[6.7267,46.53015],[6.72565,46.53001],[6.72462,46.52888],[6.72367,46.52823],[6.72102,46.52693],[6.72031,46.52633],[6.71872,46.52561],[6.71801,46.52504],[6.71745,46.52493],[6.71718,46.52461],[6.71607,46.52495],[6.71166,46.52319],[6.71136,46.52284],[6.7096,46.52208],[6.70842,46.52094],[6.70695,46.52048],[6.70656,46.52015],[6.70593,46.52008],[6.70439,46.5185],[6.70208,46.51723],[6.70041,46.51746],[6.69955,46.51687],[6.69823,46.51638],[6.69678,46.51557],[6.69578,46.51421],[6.69481,46.51343],[6.69486,46.51285],[6.69344,46.51069],[6.69209,46.50974],[6.69205,46.50932],[6.6914,46.50881],[6.69146,46.50826],[6.69088,46.50772],[6.68984,46.5074],[6.68881,46.50669],[6.68801,46.50643],[6.68794,46.50551],[6.68627,46.50392],[6.68413,46.50355],[6.68253,46.50243]]}},{"type":"Feature","properties":{"id":"lutrive-vd-2","c":"VD","p":"patent","q":"derived","k":"river"},"geometry":{"type":"LineString","coordinates":[[6.71025,46.53277],[6.70884,46.53208],[6.70844,46.53226],[6.70842,46.5326],[6.70803,46.53284],[6.70713,46.53309],[6.70637,46.53297],[6.7058,46.53334],[6.70462,46.53341],[6.70301,46.53269],[6.70276,46.53144],[6.70225,46.53088],[6.70228,46.52988],[6.70195,46.52923],[6.7004,46.52794],[6.69864,46.52699],[6.69782,46.52615],[6.69769,46.52572],[6.69792,46.52525],[6.69713,46.5238],[6.69714,46.52314],[6.69648,46.52279],[6.69638,46.52212],[6.69565,46.5212],[6.69615,46.51986],[6.69576,46.51926],[6.69597,46.51894],[6.69567,46.5175],[6.69582,46.51706],[6.69522,46.51552],[6.69533,46.51399]]}},{"type":"Feature","properties":{"id":"senoge-vd","c":"VD","p":"patent","q":"derived","k":"river"},"geometry":{"type":"MultiLineString","coordinates":[[[6.45599,46.57731],[6.45766,46.5773]],[[6.45703,46.57842],[6.45766,46.5773]],[[6.45766,46.5773],[6.46047,46.57425],[6.46207,46.57147],[6.46342,46.57194],[6.46447,46.57198],[6.46569,46.57156],[6.46709,46.56649]],[[6.46721,46.56612],[6.4668,46.56438],[6.46551,46.56432],[6.46493,46.56401],[6.46461,46.56343],[6.46449,46.56263],[6.4648,46.56207],[6.46493,46.56103],[6.46468,46.55954],[6.46543,46.55861],[6.46542,46.55769],[6.46656,46.55684],[6.46748,46.55526],[6.46948,46.55447],[6.47023,46.5539],[6.47219,46.55308],[6.47415,46.55274],[6.47457,46.55305],[6.4753,46.55309],[6.47604,46.55264],[6.47839,46.55478],[6.47909,46.5557],[6.48051,46.55546],[6.48136,46.55598],[6.48243,46.55708],[6.48271,46.55767],[6.48383,46.5585],[6.48377,46.55876],[6.48428,46.55939],[6.48511,46.55939],[6.48553,46.55955],[6.48557,46.55976],[6.48764,46.56037],[6.48815,46.56107],[6.48788,46.5615],[6.48842,46.56155],[6.489,46.56191],[6.48898,46.56217],[6.49026,46.56334],[6.49012,46.56381],[6.49082,46.56503],[6.49044,46.5654],[6.4907,46.56648],[6.49148,46.56732],[6.49231,46.56745],[6.49265,46.5678],[6.49224,46.568],[6.49226,46.56818],[6.49311,46.56866],[6.49289,46.56892],[6.493,46.56965],[6.49356,46.57034],[6.49299,46.57051],[6.49299,46.5707],[6.49364,46.57106],[6.49351,46.57132],[6.49399,46.57195],[6.49422,46.5718],[6.49459,46.57189],[6.49451,46.57214],[6.49511,46.5728],[6.49488,46.57306],[6.49591,46.57337],[6.49652,46.57314],[6.49649,46.5735],[6.497,46.57368],[6.4968,46.5739],[6.49699,46.57414],[6.49727,46.57388],[6.49797,46.57414],[6.49834,46.57383],[6.49841,46.57435],[6.49869,46.57447],[6.49941,46.57448],[6.49956,46.57406],[6.50052,46.57436],[6.50093,46.57482],[6.50198,46.57454],[6.50153,46.57514],[6.50263,46.57541],[6.50375,46.57641],[6.5044,46.57673],[6.50544,46.57649],[6.50601,46.57704],[6.50715,46.5772],[6.50752,46.57752],[6.50933,46.57724],[6.51022,46.57668],[6.51048,46.57622],[6.51082,46.57607],[6.51126,46.57612],[6.51138,46.5757],[6.51212,46.57574],[6.51262,46.57553],[6.51252,46.5749],[6.51295,46.57458],[6.51394,46.57432],[6.5141,46.57407],[6.51526,46.57422],[6.51586,46.57569],[6.51667,46.57602],[6.51748,46.57581],[6.51821,46.57647],[6.51858,46.5764],[6.51879,46.57612],[6.51902,46.57621],[6.51967,46.57699],[6.51927,46.5774],[6.52033,46.57739],[6.52085,46.57784],[6.52073,46.57828],[6.52131,46.57809],[6.52143,46.57761],[6.52176,46.57729],[6.52212,46.57724],[6.52243,46.57595],[6.52273,46.57605],[6.52326,46.57589],[6.52357,46.57544],[6.52443,46.57551],[6.52511,46.57523],[6.52527,46.57589],[6.52594,46.57611],[6.52601,46.57576],[6.5264,46.57549],[6.52703,46.57596],[6.52699,46.57629],[6.52735,46.57621],[6.52796,46.57644],[6.52788,46.5766],[6.52685,46.57674],[6.52693,46.5771],[6.52741,46.57699],[6.52708,46.57756],[6.52762,46.57772],[6.52803,46.57813],[6.52739,46.57834],[6.5281,46.57881],[6.52927,46.57871],[6.52893,46.57909],[6.52931,46.57923]]]}},{"type":"Feature","properties":{"id":"grand-canal-vd","c":"VD","p":"patent","q":"derived","k":"river"},"geometry":{"type":"LineString","coordinates":[[6.96769,46.27928],[6.96784,46.27971],[6.96765,46.28025],[6.96381,46.28729],[6.95251,46.30412],[6.9404,46.31556],[6.93888,46.31733],[6.93504,46.32359],[6.93526,46.32495],[6.93312,46.33009],[6.93023,46.33478],[6.9225,46.34004],[6.91034,46.34782],[6.90917,46.34828],[6.90647,46.34889],[6.90466,46.34964],[6.89863,46.35321],[6.89731,46.3544],[6.89604,46.35671],[6.89411,46.36919],[6.89433,46.38408],[6.88845,46.39519]]}},{"type":"Feature","properties":{"id":"flonzel-vd","c":"VD","p":"patent","q":"derived","k":"river"},"geometry":{"type":"LineString","coordinates":[[6.75014,46.73323],[6.75121,46.73461],[6.75146,46.73535],[6.75273,46.73663],[6.75222,46.73721],[6.75071,46.738],[6.74864,46.73846],[6.74821,46.73878],[6.74694,46.73875],[6.74513,46.73833],[6.74369,46.73866],[6.74281,46.73928],[6.74269,46.73975],[6.74216,46.74017],[6.742,46.74088],[6.74098,46.74147],[6.73988,46.74155],[6.73757,46.74298],[6.7388,46.74409],[6.73912,46.74466],[6.73882,46.74588],[6.73928,46.74628],[6.73938,46.74668],[6.73904,46.74745],[6.73939,46.74815],[6.73979,46.74836],[6.73989,46.74919],[6.74157,46.75079],[6.74553,46.75301],[6.74605,46.75372],[6.74833,46.75501],[6.74965,46.7565]]}},{"type":"Feature","properties":{"id":"venoge-vd","c":"VD","p":"patent","q":"derived","k":"river"},"geometry":{"type":"MultiLineString","coordinates":[[[6.39541,46.62099],[6.39776,46.6204],[6.39905,46.62026],[6.40059,46.61925],[6.40218,46.6187],[6.40268,46.61834],[6.4037,46.61881],[6.40518,46.619],[6.40624,46.61886],[6.40765,46.61813],[6.40901,46.61703],[6.40937,46.61695],[6.41189,46.61829],[6.41418,46.61904],[6.41576,46.6193],[6.41659,46.61988],[6.41816,46.61999],[6.41882,46.62058],[6.41878,46.62108],[6.4198,46.62302],[6.42137,46.62423],[6.42208,46.6244],[6.42252,46.62475],[6.42243,46.6254],[6.42273,46.62583],[6.42414,46.62597],[6.42467,46.62662],[6.42541,46.62655],[6.42689,46.62736],[6.42788,46.62723],[6.42824,46.62745],[6.42886,46.62708],[6.43022,46.62729],[6.43086,46.62697],[6.43187,46.62694],[6.43299,46.62622],[6.43383,46.6264],[6.43592,46.62559],[6.43671,46.62496],[6.4373,46.62491],[6.43771,46.62456],[6.43815,46.6245],[6.43994,46.62525],[6.44046,46.62584],[6.44232,46.62691],[6.4427,46.62734],[6.4426,46.6281],[6.44299,46.62828],[6.44315,46.62884],[6.44295,46.62921],[6.44348,46.62968],[6.44346,46.63044],[6.44401,46.631],[6.44403,46.63142],[6.44558,46.63247],[6.4461,46.63374],[6.44577,46.63419],[6.44615,46.63473],[6.4461,46.63508],[6.44678,46.6351],[6.44708,46.63623],[6.44751,46.63646],[6.44809,46.63757],[6.4509,46.63945],[6.45201,46.63992],[6.45311,46.64],[6.45351,46.6406],[6.45438,46.64098],[6.45442,46.64151],[6.45486,46.64156],[6.45532,46.64135],[6.4561,46.64152],[6.45697,46.64249],[6.45945,46.64345],[6.4606,46.64359],[6.46186,46.64415],[6.46219,46.64436],[6.46224,46.64472],[6.46374,46.64542],[6.46467,46.64557],[6.4657,46.64617],[6.46647,46.64692],[6.46732,46.64732],[6.46942,46.64739],[6.47064,46.64765],[6.47098,46.64806],[6.47239,46.64876],[6.47376,46.64882],[6.47575,46.64951],[6.47874,46.65232],[6.48076,46.65318],[6.48158,46.65429],[6.4842,46.65506],[6.48526,46.65515],[6.48732,46.65627],[6.4878,46.65621],[6.4882,46.65563],[6.48915,46.65525],[6.49075,46.65524],[6.49261,46.65565],[6.4936,46.65561]],[[6.49376,46.65561],[6.49424,46.65605],[6.49589,46.65542],[6.49633,46.65545],[6.49709,46.65583],[6.49952,46.65558],[6.50096,46.65589],[6.50128,46.65575],[6.50175,46.65506],[6.50324,46.65499],[6.50441,46.65437],[6.50679,46.65368],[6.50945,46.6534],[6.51289,46.65047],[6.51425,46.65028],[6.51538,46.6509],[6.51644,46.65062],[6.5168,46.64974],[6.51765,46.64953],[6.51874,46.64976],[6.51994,46.64936],[6.52347,46.64984],[6.52566,46.64983],[6.52623,46.64938],[6.52803,46.64908],[6.53014,46.64817],[6.54035,46.64519],[6.54142,46.6446],[6.54204,46.64385],[6.54287,46.63807],[6.54269,46.63728],[6.54203,46.63639],[6.53906,46.63327],[6.53505,46.63026],[6.53356,46.62944],[6.52681,46.62657],[6.52401,46.62488],[6.51766,46.61845],[6.51684,46.61721],[6.51555,46.61437],[6.51565,46.61398],[6.51697,46.6124],[6.51846,46.60957],[6.52107,46.60896],[6.52188,46.60824],[6.5227,46.60844],[6.52333,46.60837],[6.52442,46.60774],[6.52446,46.60712],[6.5252,46.60563],[6.52465,46.60476],[6.52494,46.60352],[6.52652,46.60272],[6.52682,46.60239],[6.52673,46.60203],[6.52581,46.60135],[6.52671,46.59944],[6.52705,46.5993],[6.52811,46.59971],[6.52948,46.599],[6.53076,46.59909],[6.53111,46.59888],[6.53138,46.59805],[6.53133,46.59754],[6.53065,46.59666],[6.53112,46.59584],[6.53118,46.5949],[6.53101,46.59476],[6.53013,46.59485],[6.52941,46.59409],[6.53093,46.59348],[6.53115,46.59305],[6.53221,46.59228],[6.53224,46.59184],[6.5315,46.5913],[6.53092,46.59169],[6.52986,46.5918],[6.52958,46.5911],[6.52867,46.59002],[6.52857,46.58909],[6.52736,46.58908],[6.52658,46.58986],[6.52556,46.59032],[6.5252,46.59008],[6.52476,46.58891],[6.52505,46.58744],[6.52482,46.58536],[6.52549,46.58485],[6.52686,46.58284],[6.52624,46.58204],[6.52539,46.58147],[6.5254,46.58088],[6.52749,46.57927],[6.52833,46.57962],[6.52816,46.58014],[6.52832,46.58036],[6.5289,46.58046],[6.52954,46.57914],[6.53063,46.57876],[6.53159,46.57746],[6.53239,46.57537],[6.53134,46.57328],[6.53193,46.57268],[6.53199,46.57232],[6.53118,46.57139],[6.531,46.57076],[6.53134,46.57041],[6.53246,46.57008],[6.53268,46.56966],[6.5306,46.56901],[6.53028,46.56911],[6.5303,46.56929],[6.53108,46.56945],[6.53131,46.56974],[6.53102,46.56985],[6.52992,46.56965],[6.52931,46.56844],[6.52942,46.56803],[6.52998,46.56734],[6.53111,46.56694],[6.5311,46.56662],[6.53036,46.56604],[6.52969,46.56507],[6.5281,46.56533],[6.52744,46.56511],[6.52719,46.56483],[6.52763,46.56418],[6.52781,46.56329],[6.52854,46.56269],[6.52902,46.5616],[6.52867,46.56102],[6.52885,46.55986],[6.52824,46.55972],[6.52785,46.55992],[6.52737,46.55982],[6.52692,46.55912],[6.52763,46.55867],[6.52794,46.55807],[6.52974,46.55766],[6.52971,46.55745],[6.52912,46.55727],[6.52906,46.55709],[6.52951,46.55684],[6.53042,46.55569],[6.53111,46.55543],[6.53198,46.55568],[6.53249,46.55487],[6.53223,46.55434],[6.53158,46.55393],[6.53237,46.55366],[6.53276,46.55325],[6.53386,46.5532],[6.53433,46.55258],[6.53431,46.55214],[6.53527,46.55191],[6.53651,46.55205],[6.53759,46.55162],[6.53842,46.55167],[6.5387,46.55068],[6.53967,46.55047],[6.53979,46.55105],[6.5403,46.55122],[6.54081,46.55186],[6.54119,46.55188],[6.54124,46.55109],[6.5418,46.55032],[6.54146,46.54903],[6.54225,46.54856],[6.54324,46.54865],[6.54368,46.54839],[6.5439,46.54792],[6.54446,46.54781],[6.54491,46.54743],[6.54461,46.54594],[6.546,46.54543],[6.54657,46.5455],[6.54777,46.54532],[6.54826,46.54486],[6.54831,46.54418],[6.54876,46.54398],[6.54938,46.54395],[6.54999,46.54478],[6.55046,46.5447],[6.55142,46.54274],[6.55138,46.54232],[6.55092,46.54191],[6.55036,46.54009],[6.55122,46.53766],[6.55034,46.53584],[6.55049,46.53559],[6.551,46.53548],[6.55205,46.53574],[6.55253,46.53525],[6.55195,46.53235],[6.55157,46.53214],[6.55041,46.53204],[6.55001,46.53101],[6.54773,46.53043],[6.54609,46.52944],[6.54605,46.52912],[6.54648,46.52885],[6.54794,46.52913],[6.54824,46.529],[6.547,46.52771],[6.54706,46.52741],[6.54754,46.52724],[6.54751,46.52709],[6.54687,46.52702],[6.54677,46.52627],[6.54545,46.52589],[6.54444,46.52474],[6.54498,46.52414],[6.54613,46.52395],[6.54621,46.52373],[6.54593,46.5231],[6.54602,46.52265],[6.54514,46.52228],[6.54474,46.5213],[6.54484,46.52055],[6.54551,46.51958],[6.54546,46.51926],[6.54299,46.51717],[6.54346,46.51543],[6.5444,46.515],[6.54394,46.51473],[6.54241,46.51438],[6.54031,46.51236],[6.54039,46.51183],[6.541,46.51155],[6.54255,46.5114],[6.54435,46.51156],[6.54467,46.51131],[6.54466,46.51077],[6.54432,46.51029],[6.54322,46.50963],[6.54087,46.50926],[6.53975,46.5085]]]}},{"type":"Feature","properties":{"id":"dullive-vd","c":"VD","p":"patent","q":"derived","k":"river"},"geometry":{"type":"LineString","coordinates":[[6.25374,46.45259],[6.25236,46.45093],[6.25072,46.44823],[6.25047,46.44759],[6.25056,46.44591],[6.25141,46.44503],[6.25157,46.4443],[6.25325,46.44309],[6.25417,46.442],[6.2553,46.44121],[6.25771,46.44048],[6.26367,46.43476],[6.26487,46.43437],[6.26863,46.43186],[6.26937,46.4323],[6.27191,46.43079],[6.2736,46.4317],[6.27473,46.43132],[6.2757,46.43058],[6.27797,46.43],[6.28064,46.42868],[6.28219,46.42823],[6.28399,46.42793],[6.2852,46.42846],[6.28568,46.42897],[6.28624,46.42896],[6.28632,46.42933],[6.28671,46.42929],[6.288,46.42971],[6.28809,46.42998],[6.28881,46.43009],[6.28901,46.42976],[6.29109,46.42987]]}},{"type":"Feature","properties":{"id":"eau-froide-vd","c":"VD","p":"patent","q":"derived","k":"river"},"geometry":{"type":"LineString","coordinates":[[6.99228,46.39647],[6.99024,46.39397],[6.98901,46.3929],[6.98721,46.3918],[6.98614,46.39128],[6.98573,46.39125],[6.98564,46.39086],[6.98319,46.38954],[6.98116,46.38786],[6.9786,46.38739],[6.97765,46.38687],[6.97611,46.38641],[6.97245,46.38621],[6.97158,46.38602],[6.97107,46.38576],[6.97003,46.38452],[6.96895,46.38412],[6.96617,46.3845],[6.96562,46.3848],[6.96514,46.38464],[6.96464,46.38416],[6.96353,46.38408],[6.96322,46.38352],[6.9623,46.38335],[6.96192,46.38292],[6.96142,46.38298],[6.96075,46.3828],[6.95997,46.38232],[6.95915,46.38246],[6.95874,46.38224],[6.95873,46.38157],[6.95732,46.38044],[6.95698,46.37976],[6.95616,46.3792],[6.95609,46.37887],[6.95512,46.37794],[6.95383,46.37717],[6.95309,46.37643],[6.94937,46.37479],[6.94909,46.37406],[6.94802,46.37362],[6.94583,46.37381],[6.94543,46.37348],[6.94522,46.37269],[6.94419,46.37199],[6.94309,46.37152],[6.94258,46.37154],[6.94137,46.37115],[6.93998,46.37109],[6.93899,46.37071],[6.93831,46.36997],[6.93854,46.36937],[6.93831,46.36825],[6.94001,46.36663],[6.93986,46.36585],[6.93945,46.36546],[6.93729,46.36433],[6.93685,46.36372],[6.93513,46.36258],[6.93478,46.36178],[6.93419,46.36167],[6.9332,46.36117],[6.93278,46.36127],[6.93206,46.36218],[6.93183,46.36315],[6.93051,46.3636],[6.92615,46.36782],[6.9255,46.36887],[6.92577,46.37051],[6.92725,46.37169],[6.92738,46.37222],[6.93123,46.37782],[6.93121,46.37862],[6.92903,46.3848],[6.92828,46.38495],[6.92421,46.38961],[6.92301,46.39317],[6.92045,46.39476],[6.91977,46.39571]]}},{"type":"Feature","properties":{"id":"gilliere-vd","c":"VD","p":"patent","q":"derived","k":"river"},"geometry":{"type":"LineString","coordinates":[[6.28853,46.47542],[6.28896,46.4749],[6.29038,46.47395],[6.29108,46.47376],[6.29222,46.47297],[6.29279,46.47214],[6.29346,46.47166],[6.29558,46.47077],[6.29623,46.46999],[6.29749,46.46901],[6.29833,46.46769],[6.30084,46.46583],[6.3021,46.464],[6.3028,46.46153],[6.3026,46.4609],[6.30334,46.46001],[6.3036,46.45926],[6.3042,46.4588],[6.30401,46.45812],[6.3065,46.45537],[6.30645,46.45517],[6.30747,46.45461],[6.30784,46.45401],[6.30885,46.45353],[6.30924,46.45299],[6.31256,46.45068],[6.3133,46.45043],[6.31423,46.45042],[6.31565,46.44939],[6.31668,46.44916],[6.31771,46.44824],[6.31908,46.44785],[6.32144,46.44756],[6.32194,46.44707],[6.32185,46.4463],[6.32311,46.44499]]}},{"type":"Feature","properties":{"id":"grande-eau-vd","c":"VD","p":"patent","q":"derived","k":"river"},"geometry":{"type":"MultiLineString","coordinates":[[[7.11473,46.35369],[7.11442,46.3536],[7.11387,46.354],[7.11136,46.35433],[7.111,46.35428],[7.11065,46.35333],[7.11011,46.35314],[7.10947,46.35322],[7.10913,46.35382],[7.10754,46.35407],[7.10569,46.35371],[7.10528,46.35405],[7.10339,46.35425],[7.10186,46.3558],[7.10093,46.35613],[7.09955,46.35571],[7.0986,46.35637],[7.09782,46.35611],[7.09622,46.35625],[7.09505,46.35613],[7.09459,46.35644],[7.09302,46.35651],[7.09256,46.35685],[7.0924,46.35736],[7.0919,46.35762],[7.09021,46.35704],[7.08933,46.35751],[7.08858,46.3574],[7.08804,46.35793],[7.0875,46.35811],[7.08629,46.35763],[7.08536,46.35797],[7.08471,46.35777],[7.08234,46.35776],[7.08076,46.35801],[7.08017,46.35753],[7.07867,46.35818],[7.0773,46.35826],[7.07675,46.35891],[7.07597,46.35903],[7.07512,46.35966],[7.07424,46.35958],[7.0737,46.35997],[7.07309,46.35981],[7.07187,46.36008],[7.07098,46.35955],[7.0698,46.35987],[7.06877,46.35971],[7.06674,46.35887],[7.06598,46.35832],[7.06483,46.35822],[7.06454,46.35796],[7.06437,46.35716],[7.06292,46.35679],[7.06205,46.3563],[7.05996,46.35639],[7.0588,46.35597],[7.0581,46.3561],[7.05768,46.3558],[7.05632,46.35551],[7.05405,46.35535],[7.05382,46.35514],[7.0542,46.35457],[7.05402,46.35424],[7.05256,46.35404],[7.05199,46.35335],[7.05105,46.35282],[7.04969,46.35273],[7.04807,46.35086],[7.04654,46.34995],[7.04574,46.3497],[7.04511,46.34884],[7.04481,46.34775],[7.04366,46.34599],[7.04342,46.34518],[7.04207,46.34381],[7.04206,46.34335],[7.04274,46.34309],[7.0428,46.34263],[7.04167,46.3413],[7.03993,46.3403],[7.03889,46.34059],[7.03837,46.34042],[7.03734,46.33906],[7.0356,46.33809],[7.03487,46.33708],[7.03371,46.33638],[7.03341,46.33591],[7.03132,46.33466],[7.03049,46.33453],[7.02941,46.33303],[7.02884,46.33281],[7.02824,46.33294],[7.02781,46.33322],[7.02733,46.33399],[7.02701,46.33409],[7.02635,46.33253],[7.02458,46.33193],[7.02403,46.33024],[7.02266,46.32958],[7.02017,46.32908],[7.0198,46.32878],[7.01939,46.32777],[7.0173,46.32729],[7.01665,46.32642],[7.0152,46.3265],[7.0137,46.32594],[7.01315,46.32542],[7.01239,46.32508],[7.01114,46.32382],[7.01039,46.3238],[7.00965,46.32349],[7.00911,46.32277],[7.00911,46.32234],[7.00854,46.32193],[7.00829,46.32185],[7.00761,46.32216],[7.00584,46.32133],[7.00472,46.32126],[7.00179,46.31936],[7.00037,46.31936],[6.99914,46.31896],[6.99694,46.31869],[6.99558,46.31762],[6.9951,46.31745],[6.99438,46.31761],[6.99326,46.31828],[6.99174,46.31794],[6.99037,46.31798],[6.99013,46.31724],[6.98918,46.31688],[6.98843,46.31691],[6.98752,46.3174],[6.98608,46.31703],[6.98494,46.31722],[6.98047,46.31701],[6.97244,46.31851],[6.97107,46.31906],[6.96539,46.32271],[6.96184,46.32532],[6.96065,46.3258],[6.94929,46.32429],[6.94111,46.32396],[6.93562,46.32432],[6.932,46.32557]],[[7.16778,46.31454],[7.16763,46.31556],[7.16965,46.32022],[7.16964,46.32069],[7.17027,46.32182],[7.17185,46.32276],[7.17181,46.32315],[7.1714,46.32355],[7.17156,46.32391],[7.17132,46.3248],[7.17158,46.32522],[7.17108,46.3263],[7.17062,46.32665],[7.17053,46.32832],[7.16978,46.32893],[7.16905,46.32993],[7.16704,46.33133],[7.16573,46.33273],[7.16487,46.3338],[7.16472,46.33461],[7.16321,46.33586],[7.16268,46.33691],[7.16281,46.33838],[7.16222,46.33888],[7.16209,46.3402],[7.16185,46.34053],[7.16203,46.34163],[7.16256,46.34212],[7.16258,46.34356],[7.16287,46.34408],[7.16244,46.34452],[7.1629,46.34495],[7.16271,46.34579],[7.16229,46.34617],[7.15985,46.34671],[7.15856,46.34765],[7.15725,46.34797],[7.15691,46.34836],[7.15672,46.34944],[7.15561,46.3506],[7.15486,46.35097],[7.15226,46.35185],[7.15135,46.35168],[7.15042,46.35175],[7.14666,46.35359],[7.14532,46.35367],[7.14455,46.3542],[7.1438,46.35433],[7.14256,46.35489],[7.13924,46.3555],[7.1371,46.35502],[7.13581,46.35431],[7.13497,46.3545],[7.13445,46.35393],[7.13331,46.35383],[7.1328,46.35391],[7.13166,46.35512],[7.12984,46.35549],[7.12866,46.35518],[7.12707,46.35505],[7.12588,46.35441],[7.12485,46.35448],[7.12442,46.35402],[7.1227,46.35425],[7.12153,46.35404],[7.1204,46.35456],[7.11919,46.3546],[7.11686,46.35434],[7.11632,46.35416],[7.11595,46.35379],[7.11526,46.35377]]]}},{"type":"Feature","properties":{"id":"malagne-vd","c":"VD","p":"patent","q":"derived","k":"river"},"geometry":{"type":"LineString","coordinates":[[6.37024,46.5911],[6.37094,46.59105],[6.37157,46.59144],[6.37265,46.59126],[6.37543,46.59162],[6.37721,46.59146],[6.37866,46.59177],[6.37937,46.59232],[6.37988,46.59215],[6.38078,46.59237],[6.38152,46.59222],[6.38202,46.59232],[6.38275,46.59212],[6.38324,46.59221],[6.38509,46.59171],[6.38588,46.59185],[6.38705,46.59155],[6.38825,46.5916],[6.38907,46.59199],[6.39113,46.59136],[6.39188,46.59147],[6.39219,46.59127],[6.39267,46.59126],[6.39349,46.59193],[6.39434,46.59207],[6.39531,46.59256],[6.39766,46.5922],[6.398,46.59292],[6.39963,46.59298],[6.40043,46.59278],[6.40107,46.59291],[6.40227,46.594],[6.40399,46.59365],[6.40425,46.59325],[6.40512,46.59365],[6.40563,46.59427]]}},{"type":"Feature","properties":{"id":"veyron-vd","c":"VD","p":"patent","q":"derived","k":"river"},"geometry":{"type":"LineString","coordinates":[[6.34062,46.54778],[6.34228,46.5473],[6.3446,46.54592],[6.34679,46.54636],[6.34999,46.54628],[6.35113,46.54654],[6.35238,46.5478],[6.35632,46.55076],[6.35737,46.55278],[6.36181,46.55423],[6.3669,46.55955],[6.36726,46.56069],[6.37063,46.5635],[6.37119,46.5639],[6.37273,46.56445],[6.3746,46.56564],[6.37496,46.56569],[6.37507,46.56612],[6.3756,46.56634],[6.37572,46.56687],[6.37536,46.56735],[6.37489,46.56754],[6.37526,46.56782],[6.37492,46.56812],[6.37636,46.56969],[6.37727,46.56945],[6.37763,46.57003],[6.37855,46.57029],[6.38033,46.57036],[6.38144,46.57071],[6.38214,46.57072],[6.38296,46.57108],[6.38492,46.57119],[6.38622,46.57147],[6.38641,46.57182],[6.38692,46.57187],[6.38678,46.57227],[6.3871,46.57257],[6.38743,46.57355],[6.38715,46.57408],[6.38724,46.57456],[6.38746,46.57548],[6.38782,46.57579],[6.38697,46.57598],[6.38746,46.5765],[6.3871,46.57685],[6.38716,46.57719],[6.38786,46.57777],[6.38764,46.57862],[6.38801,46.57949],[6.38745,46.5798],[6.3877,46.58006],[6.3884,46.58017],[6.3888,46.58056],[6.38911,46.58052],[6.38939,46.58021],[6.38991,46.58032],[6.39084,46.58091],[6.39153,46.58077],[6.39181,46.58131],[6.39244,46.58111],[6.39292,46.5806],[6.39308,46.5809],[6.39363,46.58098],[6.39352,46.58125],[6.3941,46.58115],[6.39679,46.58185],[6.39781,46.58278],[6.39878,46.58303],[6.39947,46.58345],[6.40035,46.58536],[6.40193,46.58596],[6.40337,46.58701],[6.40429,46.5883],[6.40465,46.59036],[6.40405,46.59203],[6.40441,46.59255],[6.40539,46.59303],[6.40594,46.59353],[6.40559,46.59434],[6.40579,46.59478],[6.40838,46.59566],[6.40866,46.59708],[6.40897,46.59739],[6.40851,46.59809],[6.40871,46.59881],[6.40818,46.59925],[6.40814,46.59992],[6.41013,46.60136],[6.41131,46.60064],[6.4119,46.59963],[6.41305,46.5992],[6.41384,46.59941],[6.41425,46.59903],[6.4146,46.59902],[6.41497,46.59952],[6.41612,46.59983],[6.41688,46.60043],[6.41675,46.60103],[6.41693,46.60129],[6.41794,46.60143],[6.41839,46.60168],[6.41883,46.6016],[6.41897,46.60133],[6.41952,46.60155],[6.41971,46.60175],[6.41937,46.60232],[6.41951,46.60242],[6.41985,46.60219],[6.42018,46.60223],[6.42019,46.60247],[6.42147,46.6033],[6.42151,46.60364],[6.42444,46.60411],[6.42578,46.60486],[6.42675,46.60493],[6.42717,46.60567],[6.42802,46.6064],[6.42855,46.60641],[6.42897,46.60671],[6.42922,46.60713],[6.42892,46.60735],[6.42894,46.60763],[6.43018,46.60817],[6.43028,46.60862],[6.4314,46.60814],[6.43248,46.60837],[6.43287,46.60815],[6.43353,46.60823],[6.43491,46.60964],[6.43642,46.60937],[6.43693,46.61032],[6.43868,46.61095],[6.43913,46.61074],[6.43939,46.61006],[6.44093,46.61017],[6.44144,46.60974],[6.44237,46.60939],[6.44233,46.60889],[6.4427,46.60812],[6.44235,46.60761],[6.4424,46.60726],[6.44273,46.60701],[6.44339,46.60692],[6.44419,46.60607],[6.44457,46.60599],[6.44511,46.60507],[6.44591,46.60487],[6.44653,46.60441],[6.44744,46.60438],[6.44827,46.60396],[6.44934,46.60373],[6.45135,46.6028],[6.45223,46.6029],[6.45301,46.60351],[6.45382,46.60362],[6.454,46.60508],[6.45505,46.60597],[6.45607,46.60625],[6.45605,46.60682],[6.45666,46.60681],[6.45784,46.60648],[6.45866,46.6069],[6.46054,46.60699],[6.46137,46.60761],[6.46259,46.60773],[6.46329,46.60805],[6.4629,46.60847],[6.4637,46.60905],[6.46492,46.60936],[6.46542,46.61016],[6.46541,46.61107],[6.46627,46.61204],[6.46905,46.61344],[6.47041,46.61435],[6.47171,46.61471],[6.47271,46.6154],[6.47406,46.61695],[6.47556,46.61797],[6.47636,46.61984],[6.47754,46.62042],[6.47771,46.62109],[6.47707,46.62231],[6.47719,46.6241],[6.47783,46.62568],[6.47891,46.62676],[6.47856,46.62811],[6.47995,46.6298],[6.48013,46.631],[6.48088,46.63135],[6.48071,46.63206],[6.48106,46.6327],[6.48172,46.63287],[6.48249,46.63277],[6.48264,46.63293],[6.48256,46.63338],[6.48185,46.63347],[6.48149,46.63386],[6.48045,46.63416],[6.4805,46.63513],[6.48138,46.63538],[6.48125,46.63608],[6.48199,46.63638],[6.4818,46.63673],[6.48121,46.63699],[6.48171,46.63837],[6.48259,46.63875],[6.48235,46.63954],[6.48264,46.64008],[6.48446,46.64071],[6.48505,46.64195],[6.48442,46.64236],[6.48521,46.64303],[6.48566,46.64378],[6.48521,46.64456],[6.4858,46.64464],[6.4861,46.6449],[6.48649,46.64584],[6.48812,46.64575],[6.4887,46.64624],[6.48849,46.647],[6.48884,46.64741],[6.4903,46.64759],[6.4913,46.64849],[6.49286,46.64883],[6.49325,46.64939],[6.4939,46.64956],[6.49389,46.65033],[6.49451,46.65059],[6.4935,46.65158],[6.49335,46.65319],[6.49402,46.65402],[6.49343,46.65454],[6.49376,46.65561]]}},{"type":"Feature","properties":{"id":"mebre-vd","c":"VD","p":"patent","q":"derived","k":"river"},"geometry":{"type":"LineString","coordinates":[[6.65481,46.57502],[6.65507,46.57522],[6.65511,46.57572],[6.65401,46.5767],[6.65333,46.57675],[6.65202,46.57644],[6.65098,46.57642],[6.65037,46.57607],[6.65023,46.57554],[6.64978,46.57545],[6.64947,46.57514],[6.64937,46.57367],[6.64896,46.57291],[6.64856,46.57302],[6.64799,46.57245],[6.64722,46.5721],[6.64472,46.57186],[6.64403,46.57101],[6.64327,46.57102],[6.64219,46.57033],[6.64083,46.57026],[6.6398,46.56982],[6.63959,46.57024],[6.63998,46.57121],[6.63965,46.57204],[6.63917,46.57234],[6.63892,46.57221],[6.63824,46.57232],[6.63852,46.57281],[6.63897,46.57296],[6.63895,46.57317],[6.63866,46.57315],[6.63886,46.5734],[6.63865,46.57389],[6.63902,46.57453],[6.63883,46.5748],[6.63779,46.57531],[6.63756,46.57583],[6.63601,46.57597],[6.63559,46.57619],[6.63568,46.57657],[6.63519,46.57701],[6.63511,46.57749],[6.63386,46.57796],[6.63376,46.57859],[6.63261,46.57867],[6.6318,46.57894],[6.631,46.57884],[6.63078,46.57858],[6.63051,46.57875],[6.62986,46.57865],[6.629,46.57918],[6.62862,46.57896],[6.62642,46.57875],[6.62612,46.57922],[6.6257,46.57916],[6.62548,46.57945],[6.62519,46.57946],[6.6251,46.57929],[6.6248,46.57945],[6.6241,46.57942],[6.62378,46.57992],[6.623,46.58012],[6.62276,46.58048],[6.62203,46.58052],[6.62197,46.58095],[6.62139,46.58111],[6.62107,46.58081],[6.6208,46.58086],[6.62071,46.5811],[6.62036,46.58117],[6.62058,46.58153],[6.62002,46.58188],[6.61951,46.58154],[6.61466,46.58173],[6.61438,46.58145],[6.61352,46.58117],[6.61213,46.58092],[6.61128,46.58099],[6.61128,46.58076],[6.61006,46.58014],[6.6096,46.58039],[6.6091,46.58012],[6.6084,46.58056],[6.60751,46.58067],[6.60636,46.58118],[6.6048,46.58118],[6.60383,46.58132],[6.6034,46.58159],[6.60288,46.58155],[6.60205,46.58122],[6.60179,46.58074],[6.59941,46.57911],[6.59884,46.5777],[6.59813,46.57754],[6.59778,46.57721],[6.59654,46.57667],[6.59375,46.5747],[6.59344,46.57415],[6.59253,46.57339],[6.5925,46.57284],[6.59164,46.57242],[6.59186,46.57193],[6.59098,46.57114],[6.59085,46.57053],[6.59006,46.5694],[6.58906,46.5685],[6.58946,46.56788],[6.58934,46.56727],[6.58885,46.56674],[6.58889,46.566],[6.58855,46.56544],[6.58689,46.56436],[6.58608,46.56328],[6.58598,46.5619],[6.58519,46.56035],[6.58545,46.55979],[6.585,46.5585],[6.58506,46.55786],[6.58464,46.55731],[6.58505,46.55679],[6.58448,46.55524],[6.58479,46.55498],[6.58476,46.55456],[6.58527,46.55421],[6.58504,46.55397],[6.58472,46.55409],[6.58486,46.55332],[6.58449,46.55321],[6.58431,46.55244],[6.58325,46.55098],[6.58268,46.55075],[6.58271,46.5513],[6.58205,46.55099],[6.58215,46.55072],[6.58132,46.55051],[6.58068,46.55002],[6.58131,46.5488],[6.58091,46.54746],[6.58129,46.5469],[6.58117,46.54637],[6.58167,46.54607],[6.58113,46.54588],[6.58114,46.54556],[6.58146,46.54529],[6.58109,46.54472],[6.58104,46.54431],[6.5813,46.54409],[6.58106,46.54346],[6.58166,46.54249],[6.58116,46.54211],[6.58122,46.54144],[6.58035,46.54019],[6.58,46.53786],[6.58113,46.53744],[6.58138,46.53375],[6.58079,46.53342],[6.58089,46.53268],[6.58052,46.53232],[6.58053,46.53169],[6.57947,46.53109],[6.57904,46.53054],[6.57704,46.53179],[6.57644,46.53123],[6.57578,46.53149],[6.57409,46.52917],[6.57507,46.52792],[6.57521,46.52731],[6.57583,46.52672],[6.57712,46.52598],[6.57696,46.525],[6.57787,46.52489],[6.57834,46.52443],[6.57977,46.5247],[6.58126,46.52441],[6.58203,46.52505],[6.58301,46.52429],[6.58264,46.52279],[6.58623,46.51792]]}},{"type":"Feature","properties":{"id":"ruisseau-de-chaude-vd","c":"VD","p":"patent","q":"derived","k":"river"},"geometry":{"type":"LineString","coordinates":[[6.98891,46.43044],[6.98944,46.43011],[6.98985,46.42951],[6.99107,46.42901],[6.99186,46.42901],[6.99269,46.42871],[6.99562,46.42943],[6.99655,46.42937],[6.99749,46.42877],[6.99806,46.42885],[7.0003,46.42808],[7.0007,46.42702],[7.00126,46.42679],[7.00195,46.42702],[7.00348,46.42691],[7.00447,46.42762],[7.00786,46.42869],[7.00816,46.429],[7.00881,46.42901],[7.00932,46.4294],[7.01041,46.42962],[7.01228,46.43058],[7.01329,46.43154],[7.01334,46.43182],[7.01379,46.43191],[7.01417,46.43258],[7.01506,46.43303],[7.01541,46.43409],[7.01655,46.43526],[7.01757,46.43587],[7.01769,46.43647],[7.01856,46.43739],[7.01918,46.43761],[7.01956,46.4382],[7.0212,46.43924],[7.02204,46.43929],[7.02345,46.44025],[7.02469,46.4404]]}},{"type":"Feature","properties":{"id":"morges-vd","c":"VD","p":"patent","q":"derived","k":"river"},"geometry":{"type":"LineString","coordinates":[[6.43841,46.56118],[6.4389,46.56161],[6.44139,46.56271],[6.4424,46.56371],[6.44349,46.56398],[6.44419,46.56435],[6.44588,46.56408],[6.4468,46.56527],[6.44746,46.56746],[6.44848,46.56735],[6.45122,46.56921],[6.45202,46.56884],[6.45203,46.56845],[6.45267,46.56763],[6.45243,46.5664],[6.45289,46.5663],[6.45342,46.56575],[6.45381,46.56579],[6.45381,46.56527],[6.45435,46.56521],[6.45466,46.56464],[6.45489,46.56484],[6.45515,46.56471],[6.45492,46.56424],[6.45557,46.56379],[6.45558,46.56313],[6.45584,46.56288],[6.45615,46.56289],[6.4558,46.56255],[6.45624,46.56247],[6.45595,46.56208],[6.45654,46.56177],[6.45591,46.56099],[6.45485,46.56056],[6.45389,46.55968],[6.45348,46.55966],[6.45327,46.55908],[6.45302,46.55899],[6.45331,46.5583],[6.4532,46.55776],[6.4535,46.55768],[6.45334,46.55753],[6.45358,46.55744],[6.45283,46.55686],[6.45298,46.55638],[6.45226,46.55628],[6.45199,46.5564],[6.45175,46.5561],[6.45184,46.55571],[6.45148,46.55538],[6.45137,46.55482],[6.45177,46.55432],[6.4517,46.55374],[6.45126,46.55338],[6.45192,46.5531],[6.4509,46.55239],[6.45086,46.55184],[6.45127,46.55111],[6.45167,46.55107],[6.45166,46.55037],[6.45191,46.55024],[6.45188,46.54989],[6.45242,46.54963],[6.45263,46.54871],[6.45298,46.54856],[6.45355,46.54881],[6.45408,46.54859],[6.4549,46.54788],[6.45484,46.5475],[6.45536,46.54729],[6.45502,46.54701],[6.45514,46.54631],[6.4556,46.54608],[6.45617,46.54485],[6.45565,46.54413],[6.45494,46.544],[6.45437,46.54344],[6.45433,46.54301],[6.45483,46.54261],[6.4543,46.54226],[6.45496,46.54198],[6.45551,46.5414],[6.45514,46.54078],[6.45595,46.54018],[6.45619,46.53946],[6.45577,46.5383],[6.45629,46.53805],[6.45663,46.53817],[6.4569,46.53806],[6.45714,46.53761],[6.45676,46.53665],[6.45743,46.53603],[6.45779,46.53626],[6.45765,46.53669],[6.45781,46.53687],[6.4584,46.53652],[6.45787,46.53578],[6.45806,46.53506],[6.45693,46.53524],[6.45687,46.53464],[6.4578,46.53411],[6.45757,46.53373],[6.45824,46.53303],[6.45892,46.53317],[6.45934,46.53288],[6.46033,46.53294],[6.46067,46.53348],[6.46147,46.53355],[6.46165,46.5335],[6.46155,46.5331],[6.46216,46.53287],[6.46352,46.53299],[6.46384,46.53277],[6.4638,46.53241],[6.46426,46.53217],[6.46489,46.53246],[6.46608,46.5325],[6.46746,46.53117],[6.46828,46.53144],[6.46854,46.53115],[6.46939,46.53113],[6.46977,46.53065],[6.47057,46.53049],[6.47209,46.52948],[6.4732,46.52982],[6.47422,46.52947],[6.47464,46.52967],[6.47509,46.52951],[6.47557,46.52874],[6.47552,46.52837],[6.47634,46.52798],[6.47645,46.52743],[6.47613,46.52728],[6.47616,46.52704],[6.47682,46.52677],[6.4773,46.52706],[6.47753,46.52699],[6.47771,46.52671],[6.47741,46.52608],[6.47905,46.52597],[6.47869,46.52537],[6.47883,46.52502],[6.47987,46.52432],[6.47946,46.52408],[6.47958,46.5237],[6.48005,46.52354],[6.48046,46.52395],[6.48099,46.52335],[6.48095,46.52273],[6.48046,46.52235],[6.48099,46.52096],[6.48067,46.52051],[6.48102,46.52],[6.48076,46.51942],[6.481,46.51881],[6.47997,46.51808],[6.47996,46.5174],[6.47956,46.5171],[6.4796,46.51691],[6.48035,46.51661],[6.48176,46.51667],[6.48212,46.51616],[6.48291,46.51594],[6.48386,46.51531],[6.48441,46.51509],[6.48506,46.51521],[6.48547,46.51448],[6.4859,46.51429],[6.48644,46.5145],[6.48688,46.51446],[6.48763,46.51291],[6.48894,46.512],[6.49073,46.51166],[6.49165,46.51167],[6.49224,46.51141],[6.49265,46.51067],[6.49398,46.50997],[6.49405,46.50934],[6.49515,46.50742],[6.49445,46.50513]]}},{"type":"Feature","properties":{"id":"ruisseau-de-flumy-vd","c":"VD","p":"patent","q":"derived","k":"river"},"geometry":{"type":"LineString","coordinates":[[7.07902,46.43923],[7.07908,46.4406],[7.07885,46.44123],[7.07914,46.44294],[7.0786,46.44524],[7.0796,46.44705],[7.0819,46.44874],[7.08281,46.44919],[7.08411,46.44931],[7.08541,46.44995],[7.08612,46.44989],[7.08797,46.45152],[7.09097,46.45235],[7.09224,46.45235],[7.09325,46.45271],[7.09385,46.45316],[7.09441,46.45377],[7.09471,46.45471],[7.09539,46.45514],[7.09734,46.45765],[7.09873,46.45843],[7.0987,46.45943],[7.0996,46.46003],[7.10016,46.4609],[7.10006,46.46301],[7.09953,46.46404],[7.10011,46.46454]]}},{"type":"Feature","properties":{"id":"torneresse-vd","c":"VD","p":"patent","q":"derived","k":"river"},"geometry":{"type":"MultiLineString","coordinates":[[[7.17717,46.41932],[7.17509,46.42071],[7.17376,46.42059],[7.17249,46.42101],[7.17172,46.421],[7.16922,46.42227],[7.16827,46.42213],[7.16709,46.42225],[7.16608,46.422],[7.16533,46.42218],[7.16442,46.42212],[7.16188,46.42239],[7.16016,46.42228],[7.15925,46.42248],[7.15788,46.42251],[7.15726,46.42235],[7.15642,46.42259],[7.15589,46.423],[7.15515,46.42289],[7.15411,46.42305],[7.15257,46.42279],[7.15211,46.42246],[7.15149,46.42276],[7.15064,46.42272],[7.14992,46.42299],[7.14843,46.42266],[7.14711,46.42265],[7.14449,46.42358],[7.14397,46.42429],[7.14293,46.42432],[7.14216,46.42464],[7.14156,46.42538],[7.14017,46.4259],[7.13991,46.42618],[7.13988,46.42671],[7.13876,46.4272],[7.13741,46.42848],[7.13558,46.42885],[7.13511,46.42978],[7.134,46.43003],[7.13339,46.4309],[7.13236,46.43106],[7.13194,46.43141],[7.13007,46.43195],[7.12832,46.43221],[7.12771,46.4327],[7.12677,46.43278],[7.12641,46.43345],[7.12546,46.43368],[7.12479,46.43442],[7.12413,46.43468],[7.1239,46.43517],[7.12316,46.43534],[7.12213,46.43692],[7.12026,46.43782],[7.12074,46.4383],[7.12113,46.4393],[7.12063,46.44004],[7.12092,46.44067],[7.12054,46.44127],[7.12082,46.44235],[7.12015,46.44354],[7.12081,46.4442],[7.12069,46.4451],[7.11915,46.44581],[7.11863,46.4463],[7.11854,46.44783],[7.11658,46.44963],[7.11554,46.44951],[7.11461,46.44977],[7.11346,46.44928],[7.11171,46.4503],[7.1097,46.45361],[7.1098,46.45389],[7.11058,46.45435],[7.1108,46.45484],[7.11085,46.4552],[7.11024,46.4563],[7.111,46.4574],[7.11068,46.4576],[7.10916,46.45785],[7.10883,46.4592],[7.10731,46.45924],[7.10664,46.45976],[7.10651,46.46088],[7.10582,46.46146],[7.10573,46.46236],[7.10505,46.46382]],[[7.17115,46.38783],[7.17126,46.38866],[7.17186,46.38948],[7.17211,46.38962],[7.17347,46.3895],[7.17498,46.39138],[7.17725,46.39216],[7.17749,46.39264],[7.17842,46.39304],[7.18017,46.39309],[7.18184,46.3934],[7.18262,46.39409],[7.18505,46.39458],[7.18609,46.39542],[7.18616,46.39601],[7.1867,46.39632],[7.18718,46.39709],[7.18792,46.39728],[7.1878,46.3977],[7.18806,46.39847],[7.18771,46.39886],[7.18805,46.39981],[7.18776,46.40017],[7.18822,46.40113],[7.18798,46.40197],[7.1887,46.4023],[7.18866,46.40353],[7.1892,46.4039],[7.18895,46.40418],[7.18929,46.40425],[7.18945,46.40483],[7.18984,46.40503],[7.18959,46.40561],[7.18977,46.40615],[7.18949,46.40671],[7.18939,46.40805],[7.18893,46.40893],[7.18819,46.40914],[7.18818,46.40977],[7.18777,46.41068],[7.18667,46.41187],[7.18627,46.41287],[7.1857,46.4132],[7.18475,46.41449],[7.18363,46.41516],[7.18266,46.41605],[7.17976,46.41799],[7.17943,46.41839],[7.17869,46.41851]]]}},{"type":"Feature","properties":{"id":"ruisseau-des-coulaytes-vd","c":"VD","p":"patent","q":"derived","k":"river"},"geometry":{"type":"LineString","coordinates":[[7.12954,46.49853],[7.131,46.49818],[7.13185,46.49741],[7.13405,46.49622],[7.13731,46.49338],[7.13848,46.49208],[7.13858,46.49186],[7.13813,46.49134],[7.13808,46.49089],[7.13829,46.49038],[7.13916,46.48976],[7.13886,46.48773],[7.13931,46.48641],[7.13899,46.48522],[7.14001,46.48201],[7.13792,46.47779],[7.1372,46.47719],[7.13674,46.47638],[7.13468,46.47514],[7.13467,46.47394],[7.13356,46.47269],[7.13291,46.47143],[7.13133,46.47043],[7.13182,46.46983],[7.13046,46.46809],[7.13071,46.46722]]}},{"type":"Feature","properties":{"id":"gerine-vd","c":"VD","p":"patent","q":"derived","k":"river"},"geometry":{"type":"LineString","coordinates":[[7.16919,46.44617],[7.16947,46.44683],[7.17119,46.44797],[7.17369,46.44837],[7.17608,46.44963],[7.17658,46.45048],[7.17624,46.45103],[7.1761,46.45244],[7.17628,46.45311],[7.17596,46.4541],[7.17533,46.45504],[7.17429,46.45546],[7.17287,46.45669],[7.17227,46.45734],[7.1722,46.45793],[7.17117,46.45932],[7.17009,46.46015],[7.16847,46.46191],[7.16791,46.46277],[7.16803,46.46354],[7.16764,46.46518],[7.16628,46.46552],[7.16555,46.46616],[7.16545,46.46691],[7.16464,46.46771],[7.16492,46.46807],[7.16471,46.46961],[7.16497,46.47046],[7.16428,46.47188]]}},{"type":"Feature","properties":{"id":"ruisseau-de-flendruz-vd","c":"VD","p":"patent","q":"derived","k":"river"},"geometry":{"type":"LineString","coordinates":[[7.18453,46.49482],[7.184,46.49342],[7.18484,46.49269],[7.18449,46.49199],[7.18512,46.49151],[7.18462,46.49087],[7.18487,46.48893],[7.1841,46.48826],[7.18298,46.48801],[7.18285,46.48698],[7.18234,46.48657],[7.18227,46.48616],[7.18086,46.48427],[7.18048,46.48316],[7.18078,46.48277],[7.18222,46.48234],[7.18217,46.48192],[7.18162,46.48139],[7.18255,46.48096],[7.18188,46.4803],[7.18252,46.47956],[7.18258,46.47886]]}},{"type":"Feature","properties":{"id":"serine-vd","c":"VD","p":"patent","q":"derived","k":"river"},"geometry":{"type":"LineString","coordinates":[[6.20691,46.47984],[6.20735,46.47992],[6.21012,46.47952],[6.2118,46.48003],[6.21272,46.48061],[6.21356,46.48069],[6.21479,46.48182],[6.21615,46.48207],[6.21684,46.48201],[6.21839,46.48247],[6.21945,46.48241],[6.22092,46.48196],[6.22473,46.48229],[6.22634,46.48176],[6.22742,46.48173],[6.22942,46.48054],[6.23043,46.48055],[6.23487,46.48235],[6.23782,46.48259],[6.24033,46.48248],[6.24289,46.48102],[6.24463,46.48092],[6.24551,46.48105],[6.24701,46.48032],[6.24808,46.48024],[6.24899,46.47979],[6.24901,46.47926],[6.24944,46.47864],[6.24913,46.47808],[6.24927,46.47677],[6.24897,46.47526],[6.24937,46.47457],[6.24891,46.47337],[6.24829,46.47291],[6.24837,46.47226],[6.24795,46.47176],[6.24843,46.46978],[6.24789,46.46883],[6.24799,46.4682],[6.24906,46.4668],[6.24889,46.46415],[6.24924,46.46284],[6.24803,46.46094],[6.24813,46.46056],[6.24731,46.45824],[6.24745,46.45784],[6.24672,46.45727],[6.24519,46.45533],[6.24553,46.45392],[6.24534,46.45349],[6.24465,46.45297],[6.24449,46.45227],[6.24491,46.45145],[6.24488,46.4509],[6.24396,46.4502],[6.24318,46.44998],[6.24274,46.44927],[6.24172,46.44919],[6.23867,46.44749],[6.2382,46.44746],[6.23718,46.44678],[6.23779,46.44585],[6.23696,46.444],[6.23853,46.44342],[6.2396,46.44222],[6.2405,46.44217],[6.24053,46.44182],[6.24192,46.44038],[6.24199,46.4396],[6.24294,46.43846],[6.24258,46.43778],[6.24302,46.43753],[6.24332,46.43683],[6.24404,46.43637],[6.2439,46.43503],[6.24545,46.43375],[6.24634,46.43376],[6.24655,46.4336],[6.24644,46.43273],[6.24592,46.43225],[6.24637,46.43167],[6.24706,46.43148],[6.24728,46.43114],[6.24639,46.43067],[6.24652,46.43014],[6.24691,46.4299],[6.24768,46.42984],[6.24829,46.42896],[6.24906,46.42898],[6.2504,46.42755],[6.25135,46.42727],[6.25262,46.42632],[6.25248,46.42573],[6.25388,46.42483],[6.25338,46.42432],[6.25359,46.42375],[6.25345,46.42346],[6.25291,46.42317],[6.25275,46.42286],[6.25329,46.42224],[6.25482,46.42119],[6.25405,46.42058],[6.25353,46.41916],[6.25449,46.41911],[6.25449,46.41788],[6.25559,46.41734],[6.25548,46.41695],[6.25627,46.41698],[6.25611,46.41635],[6.25652,46.41623],[6.25727,46.41529],[6.25711,46.41511],[6.25643,46.41521],[6.25614,46.41489]]}},{"type":"Feature","properties":{"id":"manche-vd","c":"VD","p":"patent","q":"derived","k":"river"},"geometry":{"type":"LineString","coordinates":[[7.21478,46.52964],[7.21548,46.52848],[7.21586,46.52826],[7.21637,46.52706],[7.21601,46.52571],[7.21626,46.52491],[7.21574,46.52338],[7.21625,46.52224],[7.21585,46.52146],[7.21567,46.52036],[7.21482,46.51963],[7.21394,46.5171],[7.21345,46.51636],[7.21279,46.51606],[7.21273,46.51549],[7.21149,46.51408],[7.21131,46.5135],[7.21052,46.51275],[7.21042,46.51228],[7.2098,46.51209],[7.20816,46.51106],[7.20812,46.51052],[7.20697,46.50883],[7.20575,46.50841],[7.20489,46.50727],[7.20347,46.50601],[7.2024,46.50557],[7.20189,46.50493],[7.20072,46.5046],[7.20032,46.50422],[7.19917,46.5037],[7.19864,46.50308],[7.19704,46.50201],[7.1957,46.49999],[7.19517,46.49803],[7.19401,46.49781],[7.19396,46.49736],[7.19232,46.49701],[7.18937,46.49679],[7.18896,46.4966],[7.18781,46.49684],[7.18771,46.4961],[7.18622,46.49584],[7.18579,46.49538],[7.18521,46.49506],[7.18478,46.49506],[7.18453,46.49482]]}},{"type":"Feature","properties":{"id":"paudeze-vd","c":"VD","p":"patent","q":"derived","k":"river"},"geometry":{"type":"LineString","coordinates":[[6.72171,46.54576],[6.71938,46.54455],[6.71845,46.54439],[6.71657,46.543],[6.7156,46.54286],[6.71546,46.54264],[6.71472,46.54239],[6.71279,46.54075],[6.71245,46.54083],[6.71171,46.54053],[6.7113,46.54058],[6.71055,46.53998],[6.70966,46.54003],[6.70869,46.53965],[6.708,46.53977],[6.70674,46.53831],[6.7067,46.53774],[6.70602,46.53773],[6.70562,46.53732],[6.70406,46.53824],[6.70385,46.53861],[6.70402,46.53897],[6.70361,46.53928],[6.70305,46.53933],[6.70155,46.53844],[6.70115,46.53854],[6.70003,46.53836],[6.69995,46.53781],[6.69933,46.53715],[6.69939,46.53687],[6.69875,46.53634],[6.69638,46.53487],[6.69495,46.53422],[6.6943,46.53417],[6.69303,46.53467],[6.69229,46.53474],[6.68994,46.53415],[6.68893,46.53326],[6.68714,46.53249],[6.68644,46.53197],[6.68544,46.53068],[6.68462,46.53023],[6.68423,46.52938],[6.6837,46.52919],[6.68346,46.52864],[6.68222,46.52792],[6.6822,46.52757],[6.68162,46.5273],[6.68157,46.52696],[6.68059,46.52659],[6.67979,46.52601],[6.67748,46.52534],[6.67575,46.52518],[6.67519,46.52466],[6.67439,46.52443],[6.67386,46.52313],[6.67294,46.52203],[6.67175,46.52154],[6.67058,46.52077],[6.67071,46.52001],[6.67141,46.51886],[6.67126,46.51831],[6.67212,46.51767],[6.67208,46.51705],[6.67248,46.51668],[6.67231,46.51603],[6.67296,46.51527],[6.67293,46.51435],[6.67339,46.51398],[6.67372,46.51327],[6.67149,46.5101],[6.67068,46.50939],[6.67093,46.50828],[6.6704,46.50785],[6.66958,46.50599],[6.66849,46.5048]]}},{"type":"Feature","properties":{"id":"ruisseau-du-sepey-vd","c":"VD","p":"patent","q":"derived","k":"river"},"geometry":{"type":"MultiLineString","coordinates":[[[7.04586,46.37927],[7.04662,46.37889],[7.04787,46.37751]],[[7.04812,46.3773],[7.04862,46.37682],[7.04955,46.37646],[7.05028,46.37579],[7.05152,46.37516],[7.05213,46.37385],[7.05197,46.37317],[7.05236,46.37242],[7.0536,46.37154],[7.05338,46.36952],[7.05359,46.36901],[7.05297,46.36865],[7.05294,46.36765],[7.05166,46.36649],[7.05172,46.36608],[7.05119,46.36543],[7.05173,46.36483],[7.05195,46.36389],[7.0497,46.36111],[7.049,46.35872],[7.04931,46.35847],[7.04899,46.35794],[7.04937,46.35721],[7.04916,46.35696],[7.04936,46.35633],[7.05071,46.35596],[7.05126,46.35517],[7.05132,46.35388],[7.05199,46.35335]]]}},{"type":"Feature","properties":{"id":"saubrette-vd","c":"VD","p":"patent","q":"derived","k":"river"},"geometry":{"type":"MultiLineString","coordinates":[[[6.26551,46.51313],[6.2668,46.51282],[6.26794,46.5121],[6.26878,46.51196],[6.26958,46.51144],[6.27132,46.51075],[6.27356,46.51029],[6.27433,46.50914],[6.27488,46.50882],[6.27783,46.50849],[6.27977,46.50735],[6.28377,46.50613],[6.28586,46.50595],[6.28843,46.50642],[6.28977,46.50575],[6.29346,46.50494],[6.29492,46.50574],[6.29802,46.50634]],[[6.29844,46.50641],[6.30324,46.50671],[6.31175,46.50597],[6.31692,46.50675],[6.31795,46.50717],[6.32063,46.5089],[6.32157,46.50912],[6.32221,46.50979],[6.32315,46.51025],[6.32354,46.51082],[6.3243,46.51066],[6.32635,46.51152],[6.32732,46.51169],[6.32803,46.51216],[6.32855,46.51219],[6.33132,46.51307],[6.33281,46.51302],[6.33333,46.51332],[6.3338,46.51305],[6.33446,46.51298],[6.3346,46.51275],[6.33521,46.51271],[6.33706,46.51201],[6.33887,46.51287],[6.33932,46.51327],[6.3397,46.51324],[6.34014,46.5135],[6.34054,46.51343],[6.34114,46.5139],[6.34347,46.51456],[6.34406,46.51493],[6.34469,46.51498],[6.34533,46.51539],[6.34665,46.51538],[6.34758,46.5162],[6.34877,46.51614],[6.35009,46.51667],[6.35044,46.5171]]]}},{"type":"Feature","properties":{"id":"toleure-vd","c":"VD","p":"patent","q":"derived","k":"river"},"geometry":{"type":"LineString","coordinates":[[6.31317,46.53404],[6.31395,46.53388],[6.31485,46.53315],[6.31499,46.53262],[6.31606,46.53134],[6.31612,46.53012],[6.31699,46.52976],[6.31724,46.52933],[6.31927,46.52793],[6.3202,46.52782],[6.32059,46.5273],[6.32161,46.52708],[6.32206,46.52646],[6.32277,46.52617],[6.32347,46.52509],[6.32422,46.52473],[6.32551,46.52371],[6.32559,46.52331],[6.32617,46.52316],[6.32707,46.52239],[6.32789,46.52213],[6.32865,46.5222],[6.32853,46.52186],[6.32878,46.52168],[6.32982,46.52161],[6.33013,46.5209],[6.33229,46.52052],[6.33236,46.52012],[6.33312,46.52004],[6.33404,46.51951],[6.33591,46.51923],[6.3376,46.51854],[6.33852,46.51857],[6.34058,46.51908],[6.34187,46.51874],[6.34315,46.51918],[6.34399,46.51868],[6.34469,46.51876],[6.34542,46.51859],[6.34654,46.51884],[6.34831,46.51793],[6.34813,46.51734],[6.35021,46.51728],[6.35153,46.51657],[6.35229,46.51668],[6.35186,46.51795],[6.35244,46.51831],[6.35271,46.51877],[6.35427,46.51876],[6.35466,46.51902],[6.35645,46.51931],[6.35688,46.51923],[6.35765,46.51864],[6.35817,46.5186],[6.35874,46.51885]]}},{"type":"Feature","properties":{"id":"ruisseau-de-coppet-vd","c":"VD","p":"patent","q":"derived","k":"river"},"geometry":{"type":"MultiLineString","coordinates":[[[7.03347,46.87638],[7.0306,46.87527],[7.02835,46.87571],[7.0256,46.87655],[7.02508,46.87798],[7.02475,46.87832],[7.02351,46.87894],[7.02122,46.88142],[7.01922,46.88255],[7.01869,46.88318],[7.01797,46.88489]],[[7.0299,46.86615],[7.03109,46.86703],[7.03169,46.8686],[7.03238,46.86914],[7.03444,46.87204],[7.03577,46.87294],[7.03566,46.8733],[7.03456,46.87418],[7.0355,46.87474],[7.03552,46.87505],[7.03389,46.87653]]]}},{"type":"Feature","properties":{"id":"thielle-vd","c":"VD","p":"patent","q":"derived","k":"river"},"geometry":{"type":"LineString","coordinates":[[6.56329,46.73759],[6.59665,46.75335],[6.60083,46.75576],[6.63419,46.7775],[6.63527,46.77835],[6.63576,46.77958],[6.6374,46.78021],[6.63769,46.7805],[6.63748,46.78198],[6.63669,46.78387],[6.63664,46.78448],[6.63698,46.78533],[6.6429,46.78874]]}},{"type":"Feature","properties":{"id":"arnon-vd","c":"VD","p":"patent","q":"derived","k":"river"},"geometry":{"type":"LineString","coordinates":[[6.50636,46.83691],[6.50363,46.83411],[6.49964,46.83188],[6.49905,46.83139],[6.49889,46.83094],[6.49735,46.82922],[6.49733,46.82809],[6.49819,46.82749],[6.49861,46.82659],[6.49959,46.8257],[6.49884,46.81985],[6.49659,46.81633],[6.49621,46.8153],[6.49908,46.81437],[6.50292,46.81278],[6.50383,46.81258],[6.50431,46.81218],[6.50439,46.81129],[6.50479,46.81136],[6.5048,46.81103],[6.50552,46.81104],[6.50603,46.81136],[6.50749,46.81101],[6.50938,46.81116],[6.51007,46.81083],[6.51186,46.81081],[6.51486,46.81142],[6.51667,46.81205],[6.51725,46.8127],[6.51723,46.81351],[6.5179,46.8141],[6.5181,46.81478],[6.51899,46.81575],[6.52017,46.81642],[6.52145,46.81704],[6.52255,46.81714],[6.523,46.81687],[6.52484,46.81719],[6.52669,46.81682],[6.53017,46.81563],[6.53147,46.81569],[6.53251,46.81525],[6.53277,46.81484],[6.53417,46.81488],[6.53529,46.81454],[6.53589,46.81416],[6.53646,46.81415],[6.53723,46.81388],[6.53764,46.81358],[6.53782,46.81307],[6.53858,46.81262],[6.53931,46.81259],[6.5396,46.81199],[6.54259,46.81061],[6.54359,46.80959],[6.54454,46.80898],[6.54578,46.80846],[6.54607,46.80812],[6.54845,46.80757],[6.54903,46.80774],[6.54938,46.80836],[6.55059,46.80875],[6.55156,46.80999],[6.55257,46.81001],[6.55372,46.81092],[6.55415,46.81156],[6.55571,46.81264],[6.55587,46.81297],[6.55774,46.81398],[6.55828,46.81406],[6.55897,46.81482],[6.56008,46.8153],[6.56093,46.8151],[6.56257,46.81565],[6.56252,46.81593],[6.56281,46.81617],[6.56365,46.8162],[6.56394,46.81706],[6.56502,46.817],[6.56597,46.81752],[6.56673,46.81739],[6.56749,46.81763],[6.56797,46.81816],[6.56795,46.8185],[6.56869,46.81884],[6.57038,46.82062],[6.57226,46.82055],[6.57241,46.82115],[6.57334,46.82173],[6.57621,46.82242],[6.57745,46.82236],[6.57864,46.82331],[6.57965,46.82367],[6.58032,46.8242],[6.5811,46.82429],[6.58186,46.82402],[6.58247,46.82427],[6.5832,46.82511],[6.58396,46.82519],[6.58463,46.825],[6.5867,46.82524],[6.58823,46.82478],[6.58879,46.82485],[6.59006,46.82546],[6.59182,46.82509],[6.59222,46.82483],[6.59347,46.82482],[6.59474,46.82512],[6.5959,46.82508],[6.59631,46.82546],[6.59714,46.82543],[6.5984,46.82578],[6.60113,46.82505],[6.6032,46.82494],[6.60437,46.8246],[6.60614,46.82456],[6.60802,46.82508],[6.60864,46.82487],[6.60928,46.82435],[6.61058,46.8242],[6.61216,46.82289],[6.61557,46.82144],[6.61635,46.82139],[6.61687,46.82109],[6.61768,46.82106],[6.61903,46.82142],[6.62032,46.82097],[6.6223,46.82131],[6.62332,46.821],[6.62497,46.82174],[6.62722,46.82192],[6.62913,46.82148],[6.6306,46.82175],[6.6318,46.82235],[6.63277,46.82354],[6.63327,46.8236],[6.63454,46.82337],[6.63656,46.82449],[6.6381,46.8245],[6.6397,46.82476],[6.64182,46.82673],[6.64386,46.82701],[6.64773,46.82816],[6.64941,46.82801],[6.65031,46.82751],[6.65124,46.82749],[6.65226,46.827],[6.65579,46.82678],[6.6563,46.82648],[6.65631,46.82607],[6.65694,46.82549],[6.66038,46.82521],[6.66281,46.82463],[6.66725,46.82538],[6.66883,46.82516],[6.66923,46.82539],[6.66921,46.82652],[6.6685,46.82766],[6.66953,46.82796],[6.67024,46.82873],[6.67191,46.82964],[6.67238,46.82971],[6.67375,46.82919],[6.67558,46.82898],[6.67717,46.82842],[6.67796,46.82785],[6.6788,46.82668],[6.6823,46.82505]]}},{"type":"Feature","properties":{"id":"baumine-vd","c":"VD","p":"patent","q":"derived","k":"river"},"geometry":{"type":"MultiLineString","coordinates":[[[6.4713,46.78026],[6.47358,46.78102],[6.47558,46.7821],[6.47722,46.78273],[6.47842,46.78291],[6.48017,46.78389],[6.4821,46.78403],[6.48675,46.78539],[6.48865,46.78636],[6.49006,46.78673],[6.49349,46.78842],[6.49664,46.78936],[6.5005,46.7909],[6.50136,46.79176],[6.5031,46.79282],[6.50479,46.79305],[6.5065,46.79374],[6.50729,46.7937],[6.5081,46.79402],[6.51099,46.79443],[6.5134,46.79427],[6.51711,46.79503],[6.51884,46.79435],[6.51928,46.79283],[6.52044,46.7921],[6.52056,46.79184],[6.52412,46.79017],[6.52961,46.79134],[6.53265,46.79141]],[[6.53335,46.79158],[6.53528,46.79368],[6.53774,46.7943],[6.53824,46.79471],[6.53776,46.79791],[6.53806,46.79899],[6.53861,46.79976],[6.54021,46.8005],[6.54117,46.80137],[6.54185,46.8023],[6.5424,46.80357],[6.54238,46.80405],[6.54383,46.80511],[6.54423,46.80513],[6.54466,46.80564],[6.54571,46.80628],[6.54858,46.80697],[6.5491,46.80735],[6.54903,46.80774]]]}},{"type":"Feature","properties":{"id":"brine-vd","c":"VD","p":"patent","q":"derived","k":"river"},"geometry":{"type":"LineString","coordinates":[[6.5488,46.78085],[6.54992,46.78237],[6.55241,46.78356],[6.55241,46.78379],[6.55294,46.78395],[6.55296,46.78423],[6.55375,46.78504],[6.55429,46.7854],[6.55491,46.78548],[6.55591,46.78624],[6.55704,46.7864],[6.55761,46.78665],[6.55902,46.78801],[6.5594,46.78812],[6.56057,46.78943],[6.56218,46.79182],[6.56263,46.79258],[6.56297,46.79396],[6.5634,46.79449],[6.56406,46.79474],[6.56553,46.7948],[6.56915,46.79559],[6.57115,46.79549],[6.57206,46.79494],[6.57274,46.79502],[6.57348,46.79455],[6.5741,46.79456],[6.57538,46.79396],[6.5759,46.79327],[6.57693,46.793],[6.57868,46.79203],[6.58064,46.7927],[6.58068,46.79294],[6.58148,46.79327],[6.58164,46.79364],[6.58237,46.79387],[6.58255,46.79411],[6.5841,46.79433],[6.5845,46.79473],[6.5854,46.7951],[6.586,46.79492],[6.58624,46.79517],[6.5879,46.79547],[6.58892,46.79609],[6.58889,46.79638],[6.58932,46.79618],[6.58934,46.79642],[6.58973,46.79666],[6.58989,46.7964],[6.59017,46.7964],[6.59043,46.79669],[6.59036,46.79695],[6.59066,46.79708],[6.59089,46.79665],[6.59179,46.79707],[6.59223,46.79695],[6.59258,46.79721],[6.59365,46.79742],[6.59618,46.79721],[6.59637,46.79737],[6.59724,46.79709],[6.59755,46.7974],[6.59898,46.79765],[6.59973,46.79742],[6.6003,46.79764],[6.6021,46.79784],[6.60239,46.79819],[6.6033,46.79803],[6.60433,46.79817],[6.60628,46.79745],[6.60821,46.79766],[6.60953,46.79741],[6.61025,46.79748],[6.6105,46.79697],[6.61103,46.79686],[6.61083,46.79646],[6.61136,46.79606],[6.6115,46.79495],[6.61261,46.79477],[6.61502,46.79494],[6.61676,46.79457],[6.62018,46.79465],[6.62128,46.79489],[6.62244,46.79541],[6.62343,46.79554],[6.62588,46.79542],[6.62744,46.7945],[6.62882,46.79437],[6.63547,46.79608]]}},{"type":"Feature","properties":{"id":"broye-vd","c":"VD","p":"patent","q":"derived","k":"river"},"geometry":{"type":"MultiLineString","coordinates":[[[6.80769,46.64199],[6.80736,46.64379],[6.80411,46.64467],[6.80298,46.64462],[6.80219,46.64479],[6.8004,46.64561],[6.79941,46.64685],[6.79796,46.64725],[6.79702,46.64775],[6.79611,46.64881],[6.79577,46.65049],[6.79456,46.65165],[6.79357,46.65186],[6.7922,46.65173],[6.78934,46.65221],[6.78875,46.6526],[6.7886,46.65295],[6.78878,46.6535],[6.79039,46.65472],[6.79096,46.65573],[6.79073,46.65667],[6.78797,46.65852],[6.78772,46.65901],[6.78805,46.65953],[6.79029,46.66034],[6.79101,46.66104],[6.79083,46.66177],[6.7897,46.66258],[6.78936,46.6631],[6.78908,46.66435],[6.78925,46.66481],[6.78999,46.66546],[6.79182,46.66594],[6.795,46.66864],[6.79553,46.66887],[6.79734,46.66834],[6.80035,46.66688],[6.80306,46.66635],[6.80415,46.66635],[6.80508,46.66654],[6.80594,46.66698],[6.80982,46.67015],[6.8109,46.67136],[6.81198,46.67385],[6.81489,46.67598],[6.81536,46.6777],[6.81613,46.67889],[6.82348,46.68488],[6.8275,46.68998],[6.83293,46.69514],[6.83439,46.6961],[6.83512,46.69634],[6.83902,46.69671],[6.83976,46.69713],[6.83996,46.69786],[6.83833,46.70158],[6.83859,46.70254],[6.83952,46.70344],[6.84404,46.70552],[6.84597,46.70691],[6.84642,46.70752],[6.84884,46.71314],[6.85024,46.71537],[6.85344,46.71974],[6.85855,46.72578]],[[6.85532,46.5405],[6.85562,46.54081],[6.85532,46.54133],[6.85398,46.54156],[6.85281,46.54157],[6.85233,46.54091],[6.85123,46.54081],[6.85024,46.54153],[6.84888,46.54201],[6.84828,46.54337],[6.84633,46.54314],[6.8461,46.54473],[6.84526,46.54526],[6.84437,46.54545],[6.84343,46.54675],[6.8421,46.54722],[6.83991,46.54863],[6.83871,46.54842],[6.83832,46.54855],[6.83817,46.54902],[6.83877,46.55018],[6.83824,46.55083],[6.83738,46.55131],[6.83616,46.55164],[6.83479,46.55166],[6.83274,46.55299],[6.8324,46.55298],[6.83143,46.55242],[6.83091,46.5524],[6.83028,46.55254],[6.82922,46.55333],[6.82805,46.5538],[6.82741,46.55395],[6.8242,46.55405],[6.82269,46.55523],[6.82174,46.55535],[6.82059,46.55583],[6.81903,46.55606],[6.81813,46.55704],[6.81765,46.55723],[6.81681,46.55722],[6.81581,46.5569],[6.81538,46.557],[6.81592,46.55772],[6.81871,46.55949],[6.81919,46.56016],[6.81923,46.56119],[6.81796,46.56294],[6.81867,46.56467],[6.819,46.56623],[6.81824,46.56724],[6.81827,46.56901],[6.81736,46.57193],[6.81662,46.57238],[6.81435,46.57312],[6.81222,46.57315],[6.81176,46.57338],[6.8116,46.57478],[6.81317,46.57815],[6.81286,46.57929],[6.81151,46.58069],[6.81153,46.58098]],[[6.86111,46.53069],[6.86009,46.5309]],[[6.88822,46.55813],[6.88796,46.55761],[6.88683,46.55696],[6.88495,46.55482],[6.88062,46.55159],[6.88057,46.55097],[6.87997,46.55095],[6.87942,46.55072],[6.87942,46.55002],[6.87841,46.54976],[6.87804,46.54853],[6.87739,46.54817],[6.87554,46.54762],[6.87538,46.54679],[6.87425,46.54618],[6.87408,46.54566],[6.87326,46.5458],[6.87258,46.54572],[6.87235,46.54483],[6.87125,46.54445],[6.86934,46.54342],[6.86901,46.54239],[6.86835,46.54157],[6.86713,46.54093]],[[6.86628,46.73312],[6.87808,46.74558]],[[6.88209,46.74981],[6.89017,46.75781],[6.89172,46.76046],[6.89321,46.76228],[6.89477,46.76352],[6.89948,46.76663],[6.90613,46.77315],[6.911,46.77977]],[[6.91641,46.78789],[6.91673,46.78915],[6.91855,46.79086],[6.91953,46.793],[6.92096,46.79487],[6.92121,46.7969],[6.92571,46.79832],[6.9262,46.79862]],[[6.92744,46.809],[6.93,46.8138],[6.93545,46.8207],[6.93536,46.82178],[6.93586,46.82577],[6.93391,46.82984],[6.93378,46.8318],[6.93399,46.83271],[6.95239,46.8545],[6.95914,46.85759],[6.97855,46.86584],[6.98232,46.86792],[6.98623,46.87092]],[[6.93147,46.80438],[6.93151,46.80563]],[[6.99524,46.87793],[7.0055,46.88585]],[[7.00934,46.88937],[7.0111,46.89141],[7.01275,46.89385],[7.02589,46.91468],[7.02879,46.9176],[7.03312,46.92051]]]}},{"type":"Feature","properties":{"id":"buron-vd","c":"VD","p":"patent","q":"derived","k":"river"},"geometry":{"type":"LineString","coordinates":[[6.63001,46.66692],[6.62914,46.6655],[6.62828,46.66476],[6.62518,46.66458],[6.62436,46.66513],[6.62402,46.66623],[6.62262,46.66637],[6.62182,46.66688],[6.62143,46.66745],[6.6212,46.66844],[6.62048,46.66894],[6.61942,46.66926],[6.61913,46.66998],[6.61836,46.67033],[6.61818,46.67072],[6.61885,46.67297],[6.62121,46.67422],[6.62153,46.67456],[6.62132,46.67795],[6.62224,46.68],[6.6229,46.68037],[6.62253,46.68065],[6.6225,46.68104],[6.624,46.68213],[6.62426,46.68254],[6.62413,46.68295],[6.62451,46.68317],[6.62541,46.68447],[6.62512,46.68455],[6.62513,46.68473],[6.62546,46.68481],[6.62545,46.68503],[6.62594,46.68543],[6.62576,46.68569],[6.62605,46.68619],[6.62638,46.68621],[6.62602,46.68639],[6.62598,46.68673],[6.62557,46.68689],[6.62585,46.68736],[6.62537,46.68764],[6.62562,46.68789],[6.62529,46.68801],[6.62534,46.68892],[6.62503,46.68942],[6.6247,46.68947],[6.62484,46.68968],[6.62438,46.68983],[6.62473,46.69004],[6.6243,46.69016],[6.6241,46.69049],[6.62353,46.69056],[6.62358,46.69132],[6.62307,46.69159],[6.62326,46.692],[6.62298,46.69265],[6.62261,46.69272],[6.62286,46.69382],[6.62385,46.6943],[6.62393,46.6953],[6.62427,46.69579],[6.62423,46.69676],[6.62381,46.69697],[6.62381,46.69776],[6.62414,46.69787],[6.62439,46.69843],[6.62534,46.69844],[6.62581,46.69884],[6.62612,46.69882],[6.6262,46.69945],[6.62648,46.69959],[6.62595,46.69965],[6.62601,46.70008],[6.62529,46.70052],[6.62563,46.7011],[6.62523,46.70121],[6.62532,46.70177],[6.62567,46.70193],[6.62523,46.70219],[6.62581,46.70268],[6.62598,46.70367],[6.62649,46.70397],[6.62687,46.70481],[6.62668,46.70515],[6.62708,46.70565],[6.62729,46.7072],[6.62713,46.70776],[6.62803,46.70891],[6.6281,46.7098],[6.62862,46.7103],[6.62862,46.71082],[6.6291,46.71121],[6.62912,46.71173],[6.62969,46.71245],[6.63011,46.7126],[6.6301,46.71311],[6.63041,46.7136],[6.6303,46.71416],[6.63087,46.71552],[6.63146,46.7159],[6.63117,46.71642],[6.6313,46.7167],[6.63203,46.71722],[6.63214,46.71775],[6.63298,46.71881],[6.63374,46.71874],[6.63433,46.71959],[6.63571,46.72048],[6.63523,46.72136],[6.63554,46.72186],[6.63486,46.72227],[6.63501,46.72253],[6.63566,46.72277],[6.63483,46.72355],[6.6357,46.72381],[6.63497,46.72425],[6.6353,46.72468],[6.63588,46.72455],[6.63609,46.7247],[6.63545,46.72527],[6.63573,46.72581],[6.63523,46.72635],[6.63605,46.72646],[6.63606,46.72705],[6.63591,46.72746],[6.63505,46.72794],[6.63501,46.7283],[6.63595,46.72848],[6.63602,46.72894],[6.63584,46.72928],[6.63492,46.72981],[6.63591,46.73028],[6.63576,46.73057],[6.63512,46.73082],[6.63529,46.73137],[6.63593,46.73138],[6.63606,46.73157],[6.6351,46.73198],[6.63497,46.73233],[6.63566,46.73254],[6.63611,46.73296],[6.63656,46.73299],[6.63603,46.73375],[6.63622,46.73411],[6.63685,46.73432],[6.63678,46.73508],[6.63601,46.73537],[6.63695,46.73578],[6.63676,46.73636],[6.63711,46.73719],[6.63667,46.73798],[6.63671,46.73954],[6.63731,46.7396],[6.63754,46.74006],[6.63699,46.74054],[6.63769,46.74068],[6.6381,46.74012],[6.63834,46.74009],[6.63897,46.74093],[6.63977,46.7414],[6.63995,46.74214],[6.64099,46.74254],[6.64113,46.74337],[6.64069,46.74422],[6.64152,46.74878],[6.63926,46.75484],[6.63948,46.75521],[6.64298,46.75765],[6.64788,46.7627],[6.64838,46.76343],[6.64845,46.76462],[6.64806,46.76537],[6.64364,46.76977],[6.64321,46.77053],[6.64317,46.77119],[6.64352,46.77195],[6.65166,46.78091],[6.65192,46.78195],[6.65118,46.78389],[6.6512,46.7853]]}},{"type":"Feature","properties":{"id":"carrouge-vd","c":"VD","p":"patent","q":"derived","k":"river"},"geometry":{"type":"LineString","coordinates":[[6.74596,46.5578],[6.74887,46.55763],[6.74894,46.55732],[6.7499,46.5574],[6.75014,46.55771],[6.75152,46.55803],[6.75407,46.55901],[6.75437,46.55935],[6.75465,46.55932],[6.75509,46.55965],[6.75656,46.56135],[6.75722,46.56178],[6.75714,46.56198],[6.75744,46.56208],[6.7576,46.56188],[6.75797,46.56192],[6.75832,46.56216],[6.75824,46.56233],[6.75992,46.56268],[6.75995,46.56314],[6.76056,46.56323],[6.76066,46.56369],[6.76142,46.56402],[6.76246,46.56487],[6.76324,46.56493],[6.76335,46.56529],[6.76407,46.56557],[6.76441,46.56549],[6.7654,46.56568],[6.76563,46.56597],[6.76743,46.56645],[6.7682,46.56694],[6.76894,46.56697],[6.76938,46.56717],[6.77009,46.56666],[6.7706,46.56674],[6.77162,46.56738],[6.77298,46.56788],[6.77369,46.5687],[6.77485,46.56901],[6.77488,46.56936],[6.7752,46.56939],[6.77578,46.56994],[6.77575,46.57026],[6.77612,46.5703],[6.77692,46.57081],[6.77755,46.5708],[6.77806,46.57106],[6.77986,46.57273],[6.77948,46.57382],[6.77887,46.57434],[6.77855,46.57434],[6.77836,46.57408],[6.77756,46.574],[6.77727,46.57448],[6.77702,46.57446],[6.7765,46.57483],[6.77601,46.57548],[6.77528,46.57556],[6.77485,46.5768],[6.77505,46.57719],[6.77495,46.57814],[6.77553,46.57888],[6.77509,46.57914],[6.77499,46.5796],[6.77495,46.58018],[6.77522,46.58018],[6.77529,46.58049],[6.77495,46.58067],[6.77521,46.58089],[6.77454,46.58133],[6.77486,46.58198],[6.77442,46.58243],[6.77466,46.58271],[6.77395,46.5832],[6.77416,46.58414],[6.77465,46.58436],[6.77471,46.5847],[6.77535,46.58501],[6.77542,46.58576],[6.77515,46.58614],[6.77442,46.58611],[6.77418,46.58678],[6.77433,46.58742],[6.77485,46.58788],[6.77505,46.58874],[6.77487,46.58996],[6.77572,46.59079],[6.7753,46.59143],[6.77557,46.59221],[6.77536,46.59254],[6.77593,46.59361],[6.77662,46.59381],[6.77696,46.59448],[6.77661,46.59477],[6.77737,46.59523],[6.77757,46.59602],[6.77813,46.59626],[6.77819,46.59696],[6.77906,46.59732],[6.77975,46.59819],[6.78056,46.59824],[6.78094,46.59804],[6.78112,46.59818],[6.78091,46.59992],[6.78081,46.60011],[6.78012,46.60033],[6.78051,46.60059],[6.78035,46.60127],[6.78069,46.60175],[6.78054,46.60231],[6.78147,46.60255],[6.78196,46.60376],[6.7824,46.60415],[6.78249,46.60492],[6.78201,46.60587],[6.7816,46.60607],[6.78167,46.60621],[6.78205,46.60622],[6.78214,46.60646],[6.78275,46.6065],[6.78272,46.60697],[6.78301,46.60694],[6.78321,46.6072],[6.78294,46.60753],[6.78255,46.60749],[6.78277,46.60788],[6.78367,46.60849],[6.78389,46.60907],[6.7842,46.60916],[6.78371,46.60995],[6.78391,46.6102],[6.78426,46.61023],[6.78412,46.61119],[6.78449,46.61159],[6.78407,46.61174],[6.7842,46.61246],[6.78453,46.61281],[6.78419,46.61304],[6.78451,46.61377],[6.78496,46.61385],[6.78529,46.61437],[6.78504,46.61462],[6.78553,46.61476],[6.78539,46.61503],[6.78596,46.61579],[6.78559,46.61617],[6.78557,46.61669],[6.78646,46.61712],[6.78612,46.61786],[6.78637,46.61867],[6.78586,46.61898],[6.78581,46.61937],[6.78496,46.62015],[6.78533,46.62073],[6.78509,46.62207],[6.78542,46.6224],[6.78532,46.6233],[6.78599,46.62375],[6.78631,46.62444],[6.78699,46.62479],[6.78642,46.62502],[6.78644,46.62519],[6.78754,46.62574],[6.78766,46.62679],[6.78843,46.62841],[6.78834,46.62867],[6.78693,46.62967],[6.78677,46.63069],[6.78711,46.63119],[6.78681,46.6316],[6.78712,46.63214],[6.78691,46.63303],[6.78727,46.6339],[6.78691,46.63567],[6.78737,46.63592],[6.78706,46.63671],[6.78759,46.6379],[6.7871,46.63867],[6.78738,46.63925],[6.78724,46.64024],[6.78685,46.64068],[6.78699,46.64103],[6.78777,46.64155],[6.78773,46.6422],[6.78826,46.6433],[6.78883,46.64356],[6.78838,46.64386],[6.78875,46.64438],[6.78867,46.64465],[6.7876,46.64515],[6.78777,46.6465],[6.788,46.64679],[6.7891,46.64697],[6.78911,46.64787],[6.79017,46.64913],[6.79011,46.6499],[6.79051,46.6506],[6.79202,46.65107],[6.79224,46.65172]]}},{"type":"Feature","properties":{"id":"chandon-vd","c":"VD","p":"patent","q":"derived","k":"river"},"geometry":{"type":"LineString","coordinates":[[7.08039,46.89237],[7.08018,46.89273],[7.0808,46.89344],[7.08102,46.89464],[7.07969,46.89557],[7.079,46.89579],[7.0768,46.89546],[7.07589,46.89578],[7.075,46.89546],[7.07487,46.89506],[7.07201,46.89635],[7.07053,46.8964],[7.06873,46.89544],[7.06835,46.8948],[7.06729,46.89487],[7.06674,46.89464],[7.06571,46.8946],[7.06549,46.89451],[7.06562,46.89433],[7.06465,46.89409],[7.06415,46.89446],[7.06344,46.89438],[7.06313,46.89414],[7.06124,46.89451],[7.06118,46.89467],[7.0606,46.89466],[7.05856,46.89661],[7.05861,46.8971],[7.05818,46.89741],[7.05719,46.90068],[7.05631,46.90222],[7.05723,46.90408],[7.0571,46.90488],[7.05772,46.90542]]}},{"type":"Feature","properties":{"id":"saane-vd","c":"VD","p":"patent","q":"derived","k":"river"},"geometry":{"type":"MultiLineString","coordinates":[[[7.06459,46.4646],[7.06389,46.46516],[7.06251,46.46552],[7.06187,46.46539],[7.0602,46.46452],[7.05771,46.46429],[7.05584,46.46504],[7.05343,46.465],[7.05163,46.46588],[7.05032,46.46602],[7.04946,46.46653],[7.04868,46.46785],[7.04856,46.46924],[7.04889,46.47074],[7.04523,46.47317],[7.0436,46.47312],[7.04163,46.4733],[7.04066,46.47452]],[[7.22407,46.48689],[7.22306,46.4863],[7.22181,46.48645],[7.22128,46.48621],[7.21967,46.48613],[7.21834,46.48696],[7.21794,46.48703],[7.21699,46.4867],[7.21658,46.48676],[7.21548,46.48765],[7.21211,46.48654],[7.21029,46.48666],[7.20907,46.48637],[7.20777,46.48578],[7.20608,46.48437],[7.20108,46.48409],[7.19997,46.48381],[7.19772,46.48359],[7.1971,46.48317],[7.19672,46.48221],[7.19625,46.48187],[7.19441,46.48221],[7.19378,46.48191],[7.19294,46.48112],[7.19263,46.48109],[7.19084,46.48162],[7.18985,46.48161],[7.18871,46.48134],[7.18668,46.47959],[7.18587,46.47929],[7.18258,46.47886],[7.17983,46.47749],[7.17719,46.47702],[7.17695,46.4769],[7.1772,46.47635],[7.17706,46.47608],[7.17612,46.47563],[7.17506,46.47565],[7.17438,46.47547],[7.17312,46.4738],[7.1723,46.47343],[7.17036,46.47357],[7.16928,46.47417],[7.16814,46.47326],[7.16726,46.47285],[7.16597,46.47293],[7.16532,46.47339],[7.16503,46.4734],[7.16497,46.47279],[7.16463,46.4722],[7.16426,46.47202],[7.16083,46.47216],[7.15863,46.47252],[7.15712,46.47157],[7.15397,46.47032],[7.15308,46.47029],[7.15061,46.4711],[7.14881,46.47119],[7.14556,46.47057],[7.14324,46.46954],[7.14057,46.46958],[7.13592,46.46888],[7.12828,46.46625],[7.12621,46.46601],[7.12419,46.46619],[7.12284,46.46651],[7.12199,46.4665],[7.12114,46.46611],[7.12115,46.4651],[7.12087,46.46453],[7.12039,46.4643],[7.1172,46.46466],[7.11492,46.46416],[7.11424,46.46416],[7.11168,46.46568],[7.10993,46.46621],[7.10727,46.46469],[7.10528,46.46397],[7.10348,46.4641],[7.10041,46.46469],[7.09875,46.46439],[7.09755,46.46482],[7.09686,46.46541],[7.09602,46.46545],[7.09437,46.46526],[7.09158,46.46357],[7.08948,46.46417],[7.08852,46.46423],[7.08739,46.46377],[7.08554,46.46355],[7.08386,46.46304],[7.08206,46.46298]]]}},{"type":"Feature","properties":{"id":"sauteru-vd","c":"VD","p":"patent","q":"derived","k":"river"},"geometry":{"type":"LineString","coordinates":[[6.66409,46.6474],[6.66369,46.64804],[6.66381,46.6484],[6.66253,46.64828],[6.66096,46.64936],[6.6596,46.6498],[6.65886,46.65156],[6.65854,46.65372],[6.65828,46.654],[6.65439,46.65458],[6.65342,46.65414],[6.65231,46.65426],[6.65069,46.65481],[6.65067,46.6551],[6.64976,46.65539],[6.64986,46.65559],[6.65022,46.65549],[6.65106,46.65604],[6.65104,46.65649],[6.65031,46.65687],[6.6504,46.65763],[6.65155,46.65835],[6.6517,46.65867],[6.65322,46.65917],[6.65528,46.66044],[6.65587,46.66056],[6.65607,46.66099],[6.65635,46.661],[6.65613,46.66129],[6.65638,46.66197],[6.6569,46.66242],[6.65711,46.66233],[6.65726,46.66259],[6.6569,46.66299],[6.65668,46.66291],[6.65667,46.66325],[6.65755,46.66372],[6.6576,46.66411],[6.65806,46.6642],[6.65848,46.66478],[6.65919,46.66509],[6.65919,46.66537],[6.65973,46.66565],[6.65944,46.66593],[6.65967,46.66616],[6.6602,46.66617],[6.66026,46.66641],[6.66103,46.66697],[6.661,46.66723],[6.66144,46.66754],[6.66132,46.66778],[6.66171,46.66785],[6.66167,46.6681],[6.66192,46.66808],[6.66155,46.6689],[6.66209,46.66892],[6.66466,46.67062],[6.66452,46.67098],[6.66508,46.67114],[6.66526,46.67169],[6.66518,46.67246],[6.66483,46.67291],[6.66502,46.67324],[6.66573,46.67383],[6.66633,46.67397],[6.66649,46.67443],[6.66707,46.67469],[6.66732,46.67506],[6.66817,46.67541],[6.66812,46.67561],[6.66847,46.6758],[6.66871,46.67714],[6.66927,46.67775],[6.6692,46.67841],[6.66952,46.67868],[6.66939,46.67898],[6.67083,46.68017],[6.6709,46.6805],[6.67196,46.68113],[6.6723,46.68164],[6.67278,46.68174],[6.67408,46.68251],[6.67452,46.68337],[6.67529,46.6836],[6.67569,46.68452],[6.67914,46.68503],[6.67968,46.68582],[6.68027,46.68624],[6.68069,46.68745],[6.68028,46.68767],[6.68036,46.68799],[6.67972,46.68838],[6.67986,46.68854],[6.68066,46.6888],[6.68071,46.68914],[6.68132,46.6895],[6.68159,46.68941],[6.6814,46.68909],[6.68172,46.68896],[6.6826,46.68984],[6.68471,46.69072],[6.68457,46.69138],[6.68497,46.69321],[6.68564,46.69345],[6.6863,46.69345],[6.6869,46.69401],[6.68668,46.69497],[6.68701,46.6957],[6.68744,46.69593],[6.68798,46.6967],[6.68879,46.69722],[6.68829,46.69788],[6.68952,46.69819],[6.69127,46.6999],[6.69122,46.70095],[6.69164,46.7013],[6.69149,46.70182],[6.69218,46.70227],[6.69189,46.70398],[6.69257,46.7045],[6.6923,46.70489],[6.69184,46.70497],[6.69217,46.70533],[6.69209,46.70556],[6.6927,46.70589],[6.69214,46.70611],[6.69265,46.70743],[6.69311,46.70758],[6.69357,46.70745],[6.69392,46.70795],[6.69324,46.70919],[6.69396,46.70988],[6.6946,46.70986],[6.69467,46.71023],[6.69552,46.71101],[6.69537,46.71148],[6.69613,46.71167],[6.69598,46.71219],[6.69654,46.71243],[6.69608,46.71335],[6.69642,46.71362],[6.69722,46.7136],[6.69735,46.71514],[6.69826,46.71551],[6.69755,46.71668],[6.69848,46.71783],[6.69777,46.71862],[6.69827,46.71957],[6.69829,46.72078],[6.69915,46.7217],[6.69903,46.72208],[6.69924,46.72264],[6.69872,46.72347],[6.69961,46.72409],[6.69965,46.72491],[6.70077,46.72514],[6.70116,46.72542],[6.70127,46.72578],[6.70082,46.72608],[6.70084,46.72634],[6.70197,46.72697],[6.70205,46.7275],[6.70233,46.72752],[6.70274,46.72721],[6.70327,46.72754],[6.70336,46.72791],[6.703,46.72853],[6.70318,46.7291],[6.70259,46.72935],[6.70249,46.72961],[6.70279,46.7298],[6.70342,46.72982],[6.70406,46.7306],[6.70493,46.73065]]}},{"type":"Feature","properties":{"id":"grenet-vd","c":"VD","p":"patent","q":"derived","k":"river"},"geometry":{"type":"LineString","coordinates":[[6.76498,46.56279],[6.76551,46.56252],[6.76551,46.56231],[6.76636,46.56159],[6.76599,46.56121],[6.76634,46.56038],[6.76615,46.55942],[6.76585,46.55927],[6.76599,46.55842],[6.76575,46.55814],[6.76468,46.55775],[6.76448,46.55741],[6.76249,46.55605],[6.76201,46.55544],[6.76199,46.55495],[6.76134,46.55434],[6.76071,46.55305],[6.76032,46.55272],[6.76034,46.55146],[6.75991,46.55118],[6.75976,46.54988],[6.7604,46.54972],[6.76031,46.54876],[6.76055,46.54845],[6.75983,46.54617],[6.76009,46.54521],[6.76039,46.54493],[6.75978,46.54406],[6.75998,46.54297],[6.76031,46.54264],[6.76022,46.54168],[6.75958,46.54146],[6.75978,46.54131],[6.75962,46.54117],[6.75882,46.54107],[6.75899,46.54064],[6.75798,46.54058],[6.75687,46.53921],[6.75558,46.53853],[6.75532,46.53711],[6.75431,46.53628],[6.75538,46.53579],[6.75611,46.53515],[6.75601,46.53481],[6.75748,46.53397],[6.75858,46.53395],[6.75974,46.53356],[6.76221,46.5338],[6.76578,46.5337],[6.76885,46.53147],[6.77161,46.53127],[6.77193,46.53096],[6.77204,46.52865],[6.77169,46.52732],[6.77209,46.52613],[6.77283,46.52477],[6.77391,46.52369],[6.77553,46.52342],[6.77657,46.52381],[6.77756,46.52459],[6.77884,46.52511],[6.77967,46.52597],[6.78031,46.52602],[6.78032,46.52631],[6.78095,46.52669],[6.78043,46.52727],[6.78109,46.52773],[6.78208,46.52907],[6.78306,46.52964],[6.78299,46.53055],[6.78366,46.53101],[6.78501,46.53298],[6.78689,46.53378],[6.78745,46.53445],[6.78748,46.53487],[6.7889,46.53558],[6.78912,46.53599],[6.78981,46.53611],[6.79039,46.53653],[6.79027,46.53691],[6.79114,46.53728],[6.79113,46.53779],[6.79215,46.53826],[6.79227,46.53917],[6.79436,46.54085],[6.79467,46.54209],[6.7956,46.54242],[6.79663,46.54385],[6.79731,46.54394],[6.79765,46.54434],[6.79892,46.54471],[6.79885,46.54531],[6.80076,46.54676],[6.80165,46.54701],[6.80245,46.54776],[6.80312,46.54796],[6.80381,46.54888],[6.80404,46.54992],[6.80505,46.55041],[6.80623,46.55134],[6.80585,46.5516],[6.80598,46.55186],[6.80666,46.55204],[6.80724,46.55285],[6.80828,46.55314],[6.80937,46.55384],[6.80925,46.55479],[6.80845,46.55615],[6.81013,46.55671],[6.81024,46.55687],[6.80991,46.55728],[6.81011,46.55759],[6.80934,46.55862],[6.8094,46.55992],[6.80726,46.56135],[6.8083,46.56309],[6.8078,46.56373],[6.8078,46.56418],[6.80917,46.56551],[6.81001,46.56571],[6.81101,46.56669],[6.8128,46.5676],[6.81218,46.56894],[6.81342,46.56986],[6.81398,46.57071],[6.81257,46.57155],[6.8126,46.57248],[6.81231,46.57302]]}},{"type":"Feature","properties":{"id":"hongrin-vd","c":"VD","p":"patent","q":"derived","k":"river"},"geometry":{"type":"MultiLineString","coordinates":[[[7.0437,46.42565],[7.04231,46.42567],[7.04153,46.42609],[7.04037,46.42613],[7.03967,46.42634],[7.03831,46.42621],[7.03779,46.42665],[7.03702,46.42684],[7.03579,46.4266],[7.03371,46.4269],[7.03346,46.4273],[7.03368,46.42829],[7.03242,46.42984],[7.0317,46.43016],[7.0314,46.43103],[7.03028,46.43216],[7.03043,46.43308],[7.02947,46.43384],[7.02762,46.43394],[7.0285,46.43504],[7.0284,46.43569],[7.02704,46.4372],[7.02704,46.43822],[7.02538,46.43998],[7.02469,46.4404],[7.02398,46.44222],[7.02289,46.44298],[7.02189,46.44445],[7.02209,46.44579],[7.02175,46.44601],[7.02055,46.44612],[7.0193,46.44577],[7.01828,46.44598],[7.01772,46.44661],[7.0177,46.44742],[7.01695,46.44862]],[[7.1282,46.38741],[7.12752,46.38909],[7.12776,46.38978],[7.12636,46.39079],[7.12551,46.39338],[7.1258,46.39452],[7.12655,46.39525],[7.12625,46.39593],[7.12477,46.39704],[7.12401,46.39697],[7.12284,46.39749],[7.12191,46.39751],[7.1214,46.39787],[7.12092,46.39778],[7.12033,46.39799],[7.11994,46.39855],[7.11882,46.39846],[7.11851,46.39889],[7.11752,46.39913],[7.11728,46.39959],[7.11668,46.39996],[7.11671,46.4003],[7.11636,46.40034],[7.11673,46.4009],[7.11708,46.40092],[7.11718,46.40113],[7.11677,46.40128],[7.11684,46.40162],[7.11633,46.40213],[7.11594,46.40215],[7.11592,46.40241],[7.11529,46.4027],[7.11512,46.40305],[7.11455,46.40303],[7.11414,46.40342],[7.11293,46.40376],[7.11248,46.40363],[7.11212,46.40407],[7.11141,46.40405],[7.10986,46.40444],[7.10953,46.40469],[7.10968,46.40503],[7.10851,46.40517],[7.10813,46.40573],[7.10743,46.40605],[7.10629,46.40584],[7.1059,46.40596],[7.10559,46.40722],[7.10486,46.40761],[7.10514,46.40817],[7.1045,46.40865],[7.10447,46.4091],[7.10395,46.4094],[7.10418,46.41],[7.10368,46.41048],[7.10376,46.4108],[7.10424,46.4109],[7.10397,46.41131],[7.10427,46.41271],[7.10404,46.41316],[7.10445,46.41388],[7.10355,46.41451],[7.10368,46.41543],[7.10299,46.41546],[7.10292,46.41692],[7.10359,46.41768],[7.10344,46.41868],[7.10214,46.41887],[7.10103,46.41994],[7.09989,46.42003],[7.09956,46.41975],[7.09915,46.41971],[7.09783,46.42073],[7.09739,46.42068],[7.09702,46.42022],[7.09607,46.42036],[7.09451,46.42009],[7.09423,46.42022],[7.09386,46.42125],[7.09278,46.42107],[7.09185,46.42127],[7.09132,46.42166],[7.08995,46.4214],[7.08877,46.42171],[7.08792,46.42159],[7.08735,46.4213],[7.08627,46.42123],[7.0857,46.42214],[7.08369,46.42245],[7.08245,46.42312],[7.08154,46.42306],[7.0801,46.42354],[7.07958,46.42332],[7.07895,46.4233]]]}},{"type":"Feature","properties":{"id":"mentue-vd","c":"VD","p":"patent","q":"derived","k":"river"},"geometry":{"type":"LineString","coordinates":[[6.71537,46.59094],[6.71446,46.59143],[6.71369,46.59235],[6.71412,46.59289],[6.71387,46.59324],[6.71457,46.59417],[6.71388,46.59512],[6.71397,46.59576],[6.71381,46.5962],[6.71343,46.59642],[6.71325,46.59708],[6.71348,46.59713],[6.71334,46.59739],[6.71362,46.59795],[6.71387,46.598],[6.71471,46.59919],[6.71473,46.59956],[6.71405,46.60002],[6.71491,46.60138],[6.71403,46.60256],[6.71381,46.60393],[6.71578,46.60613],[6.7155,46.60655],[6.7156,46.60688],[6.71593,46.60693],[6.71623,46.60734],[6.71597,46.60727],[6.71572,46.60773],[6.71474,46.60832],[6.71483,46.60871],[6.71452,46.60876],[6.71449,46.609],[6.71389,46.60933],[6.71387,46.60991],[6.71325,46.61036],[6.71304,46.61033],[6.71287,46.61063],[6.71237,46.61067],[6.71245,46.61134],[6.71212,46.61148],[6.71221,46.61173],[6.71197,46.61185],[6.71232,46.61207],[6.71239,46.61251],[6.71131,46.61357],[6.71078,46.61381],[6.70949,46.61353],[6.70747,46.61252],[6.70736,46.61222],[6.70625,46.61191],[6.70545,46.612],[6.70481,46.61239],[6.70458,46.61232],[6.70405,46.6136],[6.7027,46.61414],[6.70261,46.61438],[6.70201,46.61459],[6.70169,46.6144],[6.70148,46.61457],[6.70147,46.61494],[6.70187,46.61518],[6.70136,46.61557],[6.70194,46.61621],[6.70187,46.61709],[6.70115,46.61777],[6.70129,46.61801],[6.70068,46.61831],[6.70077,46.61851],[6.70031,46.61876],[6.70019,46.61925],[6.70044,46.61957],[6.70069,46.61938],[6.70091,46.6195],[6.70056,46.62013],[6.70126,46.6209],[6.70104,46.62156],[6.70144,46.62181],[6.70206,46.62187],[6.70215,46.62205],[6.70203,46.62253],[6.70091,46.62306],[6.70056,46.62383],[6.70071,46.6246],[6.69967,46.62538],[6.69972,46.62579],[6.70049,46.626],[6.7004,46.62634],[6.69981,46.62634],[6.6997,46.6265],[6.70021,46.6275],[6.69895,46.62789],[6.69919,46.62798],[6.69913,46.62844],[6.69943,46.62853],[6.69909,46.62889],[6.69941,46.62936],[6.69861,46.62975],[6.69862,46.63026],[6.69901,46.63045],[6.69906,46.63119],[6.69851,46.63167],[6.69879,46.63267],[6.69848,46.63324],[6.69886,46.63312],[6.69914,46.63344],[6.69864,46.63391],[6.69894,46.63436],[6.69863,46.63461],[6.69871,46.63494],[6.6995,46.63556],[6.69978,46.63627],[6.70065,46.63613],[6.70076,46.63671],[6.70164,46.63652],[6.70252,46.63691],[6.7028,46.6374],[6.70392,46.63795],[6.70406,46.63859],[6.70479,46.63869],[6.70485,46.63914],[6.70524,46.63923],[6.70573,46.64006],[6.70586,46.64108],[6.70669,46.64227],[6.7064,46.64264],[6.70651,46.64364],[6.7071,46.64401],[6.70739,46.64498],[6.70793,46.64551],[6.70788,46.64619],[6.70491,46.64816],[6.70473,46.64835],[6.70486,46.64871],[6.70417,46.64885],[6.70408,46.64924],[6.70466,46.64988],[6.70463,46.65031],[6.70563,46.65064],[6.70588,46.65114],[6.70636,46.6514],[6.70663,46.65194],[6.70716,46.65215],[6.70782,46.65306],[6.70817,46.65315],[6.70855,46.653],[6.70913,46.65346],[6.70899,46.6538],[6.70942,46.65452],[6.70859,46.65549],[6.70736,46.65536],[6.70679,46.65548],[6.70648,46.65525],[6.70519,46.65542],[6.70172,46.65674],[6.70129,46.65705],[6.70062,46.65693],[6.70072,46.65737],[6.69905,46.65802],[6.69976,46.65926],[6.69944,46.65957],[6.69948,46.66025],[6.69897,46.66087],[6.69902,46.66124],[6.69962,46.66135],[6.69928,46.6618],[6.69929,46.66266],[6.69942,46.66277],[6.69989,46.66263],[6.70037,46.66307],[6.69971,46.66336],[6.69963,46.66383],[6.69914,46.66419],[6.69897,46.66517],[6.69832,46.66506],[6.69726,46.66548],[6.69706,46.66623],[6.69658,46.66695],[6.69593,46.66742],[6.69594,46.6677],[6.69645,46.66805],[6.6962,46.66849],[6.69655,46.6691],[6.69811,46.66976],[6.69808,46.67063],[6.69851,46.67132],[6.69962,46.67135],[6.70004,46.67152],[6.70086,46.67136],[6.7011,46.67191],[6.70153,46.67223],[6.70282,46.67224],[6.70301,46.67335],[6.70364,46.67345],[6.70399,46.67386],[6.70457,46.67383],[6.70467,46.67452],[6.70595,46.6753],[6.70625,46.67574],[6.70661,46.67739],[6.70745,46.67785],[6.70724,46.67858],[6.70751,46.67866],[6.70823,46.67845],[6.70905,46.67867],[6.7097,46.67956],[6.71111,46.68015],[6.71109,46.68097],[6.71191,46.68178],[6.71255,46.68353],[6.71204,46.68477],[6.71374,46.68604],[6.71422,46.6877],[6.71576,46.68821],[6.71576,46.68919],[6.71658,46.69011],[6.7165,46.69069],[6.71551,46.69126],[6.71551,46.69183],[6.71583,46.69265],[6.71702,46.69319],[6.71779,46.6939],[6.71699,46.69485],[6.71733,46.69546],[6.71748,46.69689],[6.71833,46.69801],[6.71936,46.69801],[6.72016,46.69852],[6.71994,46.69897],[6.71892,46.69926],[6.7178,46.70026],[6.71659,46.70077],[6.71565,46.70079],[6.71476,46.7014],[6.71425,46.70121],[6.714,46.70064],[6.71352,46.70071],[6.71396,46.70156],[6.7139,46.70368],[6.7145,46.70398],[6.71474,46.70452],[6.71435,46.70522],[6.71507,46.70587],[6.71489,46.70689],[6.71443,46.70708],[6.71202,46.70689],[6.71153,46.70734],[6.7117,46.7085],[6.71015,46.70855],[6.70962,46.7092],[6.70963,46.70998],[6.70895,46.7103],[6.70871,46.71082],[6.70943,46.71151],[6.70949,46.71239],[6.70913,46.71316],[6.70942,46.7139],[6.70945,46.7151],[6.70986,46.71604],[6.70861,46.7168],[6.70701,46.71686],[6.70516,46.71725],[6.70518,46.71811],[6.7045,46.71809],[6.70422,46.71838],[6.70469,46.71955],[6.7044,46.7197],[6.70382,46.71954],[6.70351,46.71966],[6.70383,46.72015],[6.70491,46.72095],[6.70467,46.72148],[6.70363,46.72224],[6.7036,46.72258],[6.70496,46.72291],[6.70598,46.72389],[6.70531,46.7246],[6.70617,46.72594],[6.70509,46.72704],[6.70501,46.72737],[6.70522,46.72789],[6.70632,46.72808],[6.70652,46.72857],[6.70586,46.72937],[6.70604,46.73008],[6.70583,46.73036],[6.70503,46.73053],[6.70494,46.7308],[6.70676,46.73198],[6.70686,46.73232],[6.70638,46.73349],[6.70729,46.73464],[6.70686,46.73497],[6.70592,46.73508],[6.70581,46.73532],[6.70658,46.7357],[6.7083,46.73727],[6.70783,46.73812],[6.70602,46.73872],[6.70582,46.73946],[6.70638,46.74137],[6.70588,46.74181],[6.70455,46.74226],[6.7041,46.74297],[6.7045,46.74382],[6.70613,46.74444],[6.70599,46.7454],[6.70679,46.74587],[6.70773,46.74707],[6.70906,46.74798],[6.71099,46.74832],[6.71118,46.74859],[6.71083,46.74893],[6.71087,46.74917],[6.71207,46.74981],[6.71247,46.75029],[6.71338,46.75068],[6.71253,46.75139],[6.71178,46.75322],[6.71246,46.75383],[6.71265,46.75459],[6.71349,46.7552],[6.71498,46.75582],[6.716,46.75744],[6.71742,46.75787],[6.71743,46.75836],[6.71665,46.75843],[6.71686,46.75874],[6.72043,46.76047],[6.72106,46.76122],[6.72145,46.76257],[6.72213,46.76282],[6.72244,46.76317],[6.72242,46.76401],[6.7227,46.76438],[6.72477,46.76488],[6.72467,46.7656],[6.72385,46.766],[6.72516,46.76804],[6.72516,46.76879],[6.72358,46.77142],[6.72385,46.77187],[6.7252,46.77264],[6.7271,46.77343],[6.7274,46.77633],[6.7272,46.77659],[6.72638,46.77678],[6.72392,46.77677],[6.72354,46.77716],[6.7236,46.77782],[6.72406,46.77837],[6.72815,46.78128],[6.72833,46.78202],[6.72975,46.7833],[6.73026,46.78427],[6.73316,46.78603],[6.73457,46.78753],[6.73648,46.78811],[6.73695,46.78848],[6.73771,46.79073],[6.74036,46.80235],[6.74046,46.8035],[6.74002,46.80503],[6.74042,46.80592],[6.74079,46.80624],[6.74145,46.80638],[6.7416,46.80684]]}},{"type":"Feature","properties":{"id":"mujon-vd","c":"VD","p":"patent","q":"derived","k":"river"},"geometry":{"type":"LineString","coordinates":[[6.50517,46.76387],[6.50476,46.76282],[6.50563,46.75795],[6.50739,46.75648],[6.50763,46.75584],[6.50932,46.75489],[6.50955,46.75455],[6.511,46.75411],[6.51366,46.75425],[6.51529,46.75506],[6.51596,46.75516],[6.5165,46.75501],[6.51766,46.75518],[6.51915,46.75515],[6.52051,46.75457],[6.5219,46.75437],[6.52272,46.75396],[6.52495,46.75363],[6.52537,46.75374],[6.52581,46.7542],[6.52705,46.75435],[6.52727,46.75453],[6.52906,46.75436],[6.53,46.75457],[6.53053,46.75516],[6.53126,46.75527],[6.53181,46.75552],[6.53179,46.75567],[6.53264,46.75574],[6.53467,46.7563],[6.53657,46.75705],[6.53732,46.75761],[6.53927,46.75992],[6.54042,46.76166],[6.54303,46.76293],[6.54706,46.76591],[6.54788,46.76622],[6.54816,46.76609],[6.5483,46.76647],[6.54878,46.76652],[6.54935,46.7672],[6.54959,46.76714],[6.55038,46.76748],[6.55054,46.76736],[6.55072,46.76754],[6.55128,46.76751],[6.55182,46.7679],[6.5521,46.76767],[6.55286,46.76817],[6.55384,46.76837],[6.55562,46.76818],[6.55709,46.76767],[6.56098,46.76692],[6.56165,46.76651],[6.5631,46.7647],[6.56373,46.76434],[6.57107,46.76077],[6.57396,46.75967],[6.57578,46.75934],[6.57988,46.75955],[6.58301,46.7603],[6.58663,46.76177],[6.60096,46.76564],[6.61558,46.77094],[6.61951,46.77204],[6.63893,46.79074]]}},{"type":"Feature","properties":{"id":"nozon-vd","c":"VD","p":"patent","q":"derived","k":"river"},"geometry":{"type":"LineString","coordinates":[[6.38221,46.67742],[6.38262,46.6774],[6.38313,46.67811],[6.38307,46.6786],[6.38372,46.67986],[6.38364,46.68074],[6.38418,46.68131],[6.38422,46.68182],[6.38482,46.68231],[6.38481,46.68265],[6.38555,46.6832],[6.38611,46.68406],[6.38717,46.68426],[6.38783,46.68479],[6.3888,46.6852],[6.38939,46.68593],[6.38923,46.68629],[6.38943,46.68654],[6.39331,46.68858],[6.39436,46.68968],[6.39691,46.69117],[6.39749,46.69243],[6.39879,46.69279],[6.40069,46.69286],[6.40259,46.69396],[6.40298,46.69447],[6.40389,46.69478],[6.40398,46.69501],[6.40487,46.69499],[6.40564,46.69585],[6.40672,46.69641],[6.40926,46.69656],[6.4112,46.69593],[6.41342,46.69561],[6.41482,46.695],[6.41565,46.69498],[6.42432,46.69723],[6.42594,46.69731],[6.42762,46.69693],[6.4282,46.69727],[6.42859,46.69718],[6.42904,46.69732],[6.43051,46.69654],[6.43117,46.69686],[6.43318,46.69676],[6.43433,46.69698],[6.43495,46.69736],[6.43551,46.69798],[6.43519,46.69823],[6.43631,46.69888],[6.43935,46.69863],[6.44119,46.69871],[6.44261,46.69815],[6.44307,46.69839],[6.44488,46.69807],[6.44542,46.69814],[6.4458,46.69795],[6.44744,46.69806],[6.44806,46.69767],[6.44922,46.69757],[6.44977,46.69727],[6.45146,46.69708],[6.45184,46.6972],[6.45257,46.6969],[6.45271,46.69653],[6.45335,46.69638],[6.45427,46.69577],[6.4549,46.69589],[6.45581,46.69553],[6.45626,46.69501],[6.45691,46.69496],[6.45726,46.69454],[6.45807,46.69422],[6.45873,46.69369],[6.45923,46.69361],[6.46007,46.69304],[6.46095,46.69272],[6.46157,46.69264],[6.4631,46.69336],[6.46349,46.69309],[6.46599,46.69275],[6.46797,46.69217],[6.47045,46.69251],[6.47105,46.69236],[6.47178,46.69257],[6.47242,46.69319],[6.47327,46.69296],[6.47499,46.69351],[6.47527,46.69325],[6.47578,46.69334],[6.47644,46.69257],[6.47648,46.69222],[6.47736,46.69203],[6.47777,46.69125],[6.47851,46.69059],[6.47822,46.69017],[6.47858,46.68966],[6.47846,46.68945],[6.47916,46.68868],[6.47901,46.6882],[6.47973,46.68764],[6.47957,46.68598],[6.47903,46.68549],[6.47923,46.68454],[6.47892,46.68411],[6.47907,46.68289],[6.47881,46.68259],[6.4799,46.68106],[6.48032,46.68097],[6.48082,46.68041],[6.48109,46.67977],[6.48269,46.6788],[6.48389,46.67614],[6.4844,46.67399],[6.48569,46.67303],[6.48654,46.67273],[6.48707,46.67285],[6.48743,46.6726],[6.48863,46.67237],[6.48943,46.67184],[6.49006,46.67182],[6.49037,46.67141],[6.49167,46.67097],[6.49225,46.67043],[6.49297,46.67042],[6.49348,46.67005],[6.49467,46.67011],[6.49606,46.66935],[6.49748,46.66939],[6.50017,46.66897],[6.50148,46.66916],[6.50256,46.66867],[6.50451,46.66819],[6.50624,46.66744],[6.50694,46.66693],[6.50781,46.66703],[6.50831,46.66656],[6.50962,46.6668],[6.51034,46.66663],[6.51203,46.66668],[6.51272,46.66711],[6.51287,46.66658],[6.51418,46.66649],[6.51439,46.66614],[6.5153,46.66653],[6.51631,46.66646],[6.51745,46.66575],[6.5191,46.66507],[6.52037,46.66566],[6.52055,46.66542],[6.52096,46.66532],[6.52158,46.66573],[6.52285,46.66565],[6.52299,46.66602],[6.52555,46.66753],[6.52622,46.66748],[6.52745,46.66798],[6.52763,46.66875],[6.52983,46.66935],[6.5318,46.67191],[6.53303,46.67422],[6.53587,46.67565],[6.53679,46.67843],[6.53845,46.69223],[6.54121,46.71089],[6.54205,46.71188],[6.54946,46.71662],[6.55048,46.71749],[6.55125,46.71874],[6.55393,46.72665],[6.55911,46.73083]]}},{"type":"Feature","properties":{"id":"oulaire-vd","c":"VD","p":"patent","q":"derived","k":"river"},"geometry":{"type":"LineString","coordinates":[[6.72565,46.67182],[6.7256,46.67246],[6.72493,46.67299],[6.72467,46.67361],[6.72518,46.67434],[6.72437,46.67671],[6.72484,46.6774],[6.72485,46.67804],[6.72637,46.67972],[6.72706,46.68083],[6.72849,46.68211],[6.72881,46.68209],[6.72852,46.68383],[6.72772,46.68495],[6.72758,46.68583],[6.72687,46.68629],[6.7268,46.68673],[6.72631,46.68694],[6.72638,46.68769],[6.72596,46.68812],[6.72497,46.68817],[6.72478,46.68855],[6.72405,46.68831],[6.72393,46.68865],[6.72366,46.6886],[6.72313,46.68885],[6.72191,46.68989],[6.72162,46.69078],[6.72217,46.69131],[6.72171,46.6922],[6.72171,46.69292],[6.72116,46.69376],[6.72082,46.69388],[6.72065,46.69427],[6.71998,46.69437],[6.71966,46.69491],[6.71897,46.69508],[6.71865,46.6955],[6.71732,46.69568]]}},{"type":"Feature","properties":{"id":"parimbot-vd","c":"VD","p":"patent","q":"derived","k":"river"},"geometry":{"type":"MultiLineString","coordinates":[[[6.78679,46.56525],[6.79022,46.56935],[6.79053,46.56922],[6.79124,46.56986],[6.79224,46.57137],[6.79254,46.57273],[6.79317,46.57316],[6.79352,46.57404],[6.79377,46.57407],[6.79431,46.57498],[6.79593,46.57664],[6.79621,46.57724],[6.79579,46.57842],[6.79609,46.57931],[6.79796,46.58071],[6.79894,46.58208],[6.79908,46.58304],[6.79945,46.5832],[6.79914,46.58341],[6.79928,46.58373],[6.79896,46.58392],[6.79892,46.58422],[6.79947,46.58557],[6.79929,46.58577],[6.79871,46.58578],[6.79847,46.58621],[6.79865,46.5864]],[[6.7996,46.58932],[6.79996,46.58977],[6.79996,46.59067],[6.80095,46.59154],[6.80115,46.59227],[6.80097,46.59267]]]}},{"type":"Feature","properties":{"id":"ruisseau-des-fenils-vd","c":"VD","p":"patent","q":"derived","k":"river"},"geometry":{"type":"MultiLineString","coordinates":[[[7.2326,46.49482],[7.2323,46.49444],[7.23149,46.4941],[7.2308,46.49414],[7.22984,46.49381],[7.22864,46.49232],[7.22749,46.49204],[7.22728,46.49166],[7.22439,46.48968],[7.22437,46.48793],[7.22397,46.48736],[7.22407,46.48689]],[[7.245,46.50386],[7.24457,46.50343],[7.2445,46.50279],[7.24524,46.50231],[7.24457,46.50189],[7.24448,46.50123],[7.2437,46.50077]],[[7.245,46.50486],[7.24481,46.50427]],[[7.24563,46.53223],[7.2462,46.53203],[7.24659,46.53128]],[[7.24856,46.51232],[7.24797,46.51157],[7.2483,46.51051],[7.24763,46.51016],[7.24753,46.50971],[7.24683,46.50931],[7.2465,46.5088],[7.24611,46.50763],[7.24649,46.5071]],[[7.24707,46.52851],[7.24727,46.52803]],[[7.24865,46.51879],[7.24896,46.51736],[7.2483,46.51695],[7.24826,46.51667]],[[7.24921,46.5212],[7.24877,46.52056],[7.24904,46.51979]]]}},{"type":"Feature","properties":{"id":"ruisseau-de-cudrefin-vd","c":"VD","p":"patent","q":"derived","k":"river"},"geometry":{"type":"LineString","coordinates":[[7.00936,46.93483],[7.01052,46.93581],[7.01177,46.93728],[7.01229,46.93835],[7.01206,46.93845],[7.01208,46.93888],[7.01294,46.9399],[7.01331,46.94098],[7.01454,46.9418],[7.0149,46.94234],[7.01631,46.94307],[7.01664,46.94354],[7.0167,46.94382],[7.0152,46.94547],[7.01499,46.94637],[7.01447,46.9472],[7.01649,46.94878],[7.01752,46.94908],[7.01743,46.94928],[7.01783,46.9494],[7.01797,46.94968],[7.01986,46.95035],[7.02082,46.95049],[7.02098,46.95102],[7.0218,46.95169],[7.02214,46.95161],[7.02319,46.95234],[7.02313,46.95261],[7.02351,46.95291],[7.02015,46.95501],[7.01974,46.95568],[7.01702,46.95811]]}},{"type":"Feature","properties":{"id":"bioleyre-vd","c":"VD","p":"patent","q":"derived","k":"river"},"geometry":{"type":"LineString","coordinates":[[6.94753,46.78307],[6.9473,46.7835],[6.94652,46.78387],[6.94581,46.78454],[6.94476,46.78648],[6.94347,46.78742],[6.94348,46.78858],[6.94211,46.78944],[6.94063,46.78996],[6.939,46.7912],[6.93778,46.79088],[6.93685,46.79005],[6.93655,46.79012],[6.93629,46.78995],[6.93574,46.7904],[6.9336,46.78969],[6.93321,46.78914],[6.93203,46.78863],[6.93167,46.78813],[6.93009,46.78719],[6.92884,46.78685],[6.9283,46.78641],[6.92478,46.78701],[6.92374,46.787],[6.92313,46.78724],[6.92225,46.78862],[6.92296,46.7907],[6.92328,46.79249],[6.92298,46.79343],[6.92368,46.7947],[6.92347,46.79625],[6.92373,46.79686],[6.92342,46.79756]]}},{"type":"Feature","properties":{"id":"lembe-vd","c":"VD","p":"patent","q":"derived","k":"river"},"geometry":{"type":"MultiLineString","coordinates":[[[6.77366,46.7101],[6.77414,46.7113],[6.77518,46.71197],[6.77637,46.71237],[6.77952,46.71293],[6.78101,46.71365],[6.78322,46.7152],[6.78604,46.71631],[6.78615,46.7166],[6.78931,46.71833],[6.78997,46.71921],[6.79139,46.71955],[6.79294,46.72114],[6.79254,46.72181],[6.79254,46.72233],[6.79337,46.72271],[6.79351,46.72338],[6.79393,46.72351],[6.79416,46.72401],[6.79465,46.72423],[6.79458,46.72447],[6.79488,46.72479],[6.79464,46.72503],[6.79521,46.72506],[6.79543,46.72528],[6.79543,46.72586],[6.79582,46.72613]],[[6.81335,46.73745],[6.81465,46.73731],[6.81486,46.73752],[6.81532,46.73758],[6.81526,46.738],[6.81588,46.73811]],[[6.86375,46.76305],[6.86438,46.76357],[6.86668,46.76427],[6.86769,46.76369],[6.86953,46.76413],[6.87068,46.76415],[6.87125,46.76462],[6.87227,46.76483],[6.87342,46.7646],[6.87488,46.7646],[6.8751,46.76441],[6.87576,46.76466],[6.87687,46.76396],[6.87872,46.76313],[6.88093,46.76284],[6.88164,46.76222],[6.8832,46.7628],[6.88468,46.76296],[6.88619,46.76368],[6.8868,46.76342],[6.88736,46.76236],[6.88795,46.76207],[6.89006,46.76228],[6.89277,46.76193]]]}},{"type":"Feature","properties":{"id":"ruisseau-de-marnand-vd","c":"VD","p":"patent","q":"derived","k":"river"},"geometry":{"type":"MultiLineString","coordinates":[[[6.91666,46.75459],[6.91466,46.75318],[6.91415,46.75318],[6.9136,46.75288],[6.91297,46.75279],[6.91273,46.75213],[6.91167,46.75185],[6.91039,46.752],[6.90976,46.7516],[6.90936,46.75195],[6.90784,46.75212],[6.90695,46.75267],[6.90648,46.75248],[6.90592,46.7525],[6.90477,46.75365],[6.90269,46.75481],[6.90187,46.75495],[6.89786,46.75787],[6.89232,46.76115]],[[6.903,46.71285],[6.90528,46.71499],[6.90688,46.71611],[6.90843,46.71784],[6.90855,46.7189],[6.90802,46.71933],[6.90986,46.72052],[6.91014,46.72112],[6.91055,46.72134],[6.91204,46.72416],[6.91337,46.72534],[6.91326,46.7261],[6.91262,46.72656],[6.91495,46.72882],[6.91586,46.73129],[6.91634,46.73196],[6.91625,46.7323],[6.91684,46.73224],[6.91757,46.73304],[6.91816,46.73492],[6.91859,46.73518],[6.9186,46.73564],[6.91934,46.73643],[6.91983,46.73658],[6.92,46.73764],[6.92152,46.73931],[6.92172,46.74019],[6.92237,46.74081],[6.92229,46.74137],[6.92143,46.74294],[6.92064,46.74395],[6.92069,46.74463],[6.92208,46.74604],[6.922,46.747],[6.92252,46.74787],[6.92222,46.74882],[6.92249,46.74906],[6.92252,46.75066],[6.92165,46.75157],[6.92065,46.75133],[6.91965,46.75148],[6.91958,46.75217],[6.91875,46.75293]]]}},{"type":"Feature","properties":{"id":"tremeule-vd","c":"VD","p":"patent","q":"derived","k":"river"},"geometry":{"type":"LineString","coordinates":[[6.89847,46.72301],[6.89847,46.72457],[6.89748,46.72552],[6.89769,46.72641],[6.89733,46.7271],[6.89743,46.72783],[6.89712,46.72846],[6.89716,46.72945],[6.89763,46.73017],[6.89709,46.731],[6.89656,46.73134],[6.89638,46.73187],[6.89438,46.73283],[6.89363,46.73346],[6.89345,46.73481],[6.89411,46.736],[6.89303,46.73656],[6.89201,46.73689],[6.89039,46.73705],[6.88905,46.73767],[6.88877,46.73818],[6.88921,46.73893],[6.88803,46.74061],[6.88754,46.74086],[6.88651,46.74055],[6.88479,46.74111],[6.88441,46.74158],[6.87822,46.7455]]}},{"type":"Feature","properties":{"id":"ruisseau-des-vaux-vd","c":"VD","p":"patent","q":"derived","k":"river"},"geometry":{"type":"LineString","coordinates":[[6.84819,46.6576],[6.8487,46.65777],[6.85039,46.66008],[6.85185,46.66267],[6.85191,46.66352],[6.85349,46.66533],[6.85349,46.66642],[6.85374,46.66685],[6.85415,46.66694],[6.85427,46.66736],[6.85658,46.66981],[6.85728,46.67017],[6.85798,46.67147],[6.85842,46.67185],[6.8591,46.67199],[6.86013,46.67302],[6.86132,46.67471],[6.86121,46.67574],[6.86179,46.67666],[6.86151,46.67687],[6.86146,46.67808],[6.86063,46.67893],[6.86057,46.67975],[6.86014,46.67999],[6.85932,46.68129],[6.85776,46.6822],[6.85795,46.68299],[6.85771,46.68334],[6.85704,46.68355],[6.85727,46.68403],[6.85688,46.68413],[6.85662,46.68476],[6.8562,46.68501],[6.85575,46.6865],[6.85505,46.68667],[6.85527,46.68714],[6.85486,46.68728],[6.85485,46.68815],[6.85422,46.68843],[6.85461,46.68893],[6.85404,46.68908],[6.85455,46.68983],[6.85396,46.69017],[6.85423,46.69035],[6.85423,46.69081],[6.85342,46.69122],[6.85392,46.69167],[6.85326,46.69334],[6.85355,46.69372],[6.85294,46.69522],[6.85316,46.69585],[6.85243,46.69663],[6.85236,46.69768],[6.85178,46.69846],[6.85196,46.69882],[6.85151,46.69889],[6.84967,46.70035],[6.84894,46.70058],[6.84917,46.70127],[6.8484,46.70281],[6.84796,46.70326],[6.84733,46.70367],[6.84591,46.70405],[6.84396,46.70542]]}},{"type":"Feature","properties":{"id":"cerjaule-vd","c":"VD","p":"patent","q":"derived","k":"river"},"geometry":{"type":"LineString","coordinates":[[6.76412,46.67499],[6.76613,46.67647],[6.77058,46.67878],[6.77279,46.68085],[6.77449,46.68184],[6.77577,46.68212],[6.77734,46.68218],[6.77846,46.68257],[6.77893,46.68245],[6.78018,46.6829],[6.78227,46.68276],[6.78452,46.68233],[6.78587,46.68246],[6.78711,46.68325],[6.78795,46.68351],[6.78931,46.68455],[6.78987,46.68465],[6.79158,46.68617],[6.79181,46.68663],[6.7924,46.68695],[6.79285,46.68772],[6.79339,46.68793],[6.79338,46.68829],[6.79387,46.6883],[6.79431,46.68866],[6.79524,46.68888],[6.79697,46.69044],[6.79723,46.69054],[6.79762,46.69041],[6.79804,46.69096],[6.79803,46.69131],[6.79855,46.6915],[6.79869,46.69191],[6.8007,46.69335],[6.80124,46.69423],[6.80247,46.69543],[6.80501,46.69661],[6.8056,46.69717],[6.80578,46.69769],[6.80765,46.69903],[6.80813,46.69912],[6.80826,46.6995],[6.80871,46.69982],[6.80923,46.69989],[6.8099,46.70032],[6.81047,46.7008],[6.81042,46.70115],[6.81097,46.70128],[6.81148,46.70207],[6.81205,46.7021],[6.81294,46.70326],[6.8144,46.70402],[6.81542,46.70485],[6.81579,46.70574],[6.81677,46.70614],[6.81733,46.7068],[6.81902,46.70765],[6.8193,46.7084],[6.82023,46.70918],[6.82107,46.70927],[6.82175,46.70961],[6.82223,46.71057],[6.82294,46.711],[6.82366,46.71205],[6.82397,46.71183],[6.82424,46.71236],[6.82548,46.71296],[6.82714,46.71421],[6.82913,46.71453],[6.83083,46.71455],[6.8312,46.71476],[6.83192,46.71442],[6.83263,46.7148],[6.83353,46.71439],[6.83443,46.71439],[6.83512,46.71402],[6.83572,46.71344],[6.83597,46.7128],[6.83581,46.71191],[6.8353,46.71131],[6.83495,46.71037],[6.83516,46.70983],[6.83658,46.70913],[6.83782,46.70906],[6.83855,46.70824],[6.84009,46.70751],[6.84079,46.70669],[6.84287,46.70571],[6.84332,46.70532]]}},{"type":"Feature","properties":{"id":"merine-vd","c":"VD","p":"patent","q":"derived","k":"river"},"geometry":{"type":"LineString","coordinates":[[6.75357,46.64929],[6.75416,46.64946],[6.75464,46.64929],[6.75518,46.64949],[6.7558,46.64923],[6.75641,46.64942],[6.75651,46.64964],[6.75719,46.64945],[6.7586,46.64943],[6.75901,46.64963],[6.7591,46.65003],[6.75977,46.65053],[6.7606,46.65054],[6.76164,46.65124],[6.76191,46.65195],[6.76149,46.65234],[6.76175,46.65405],[6.76237,46.65428],[6.76238,46.65483],[6.76283,46.65497],[6.76332,46.65577],[6.76369,46.65578],[6.76359,46.65626],[6.76407,46.65646],[6.76408,46.6568],[6.76467,46.6574],[6.76635,46.65856],[6.76733,46.65958],[6.76784,46.65979],[6.76941,46.65994],[6.77027,46.66038],[6.77095,46.66118],[6.77141,46.66131],[6.77218,46.6612],[6.77259,46.6616],[6.77471,46.66247],[6.77579,46.66288],[6.77671,46.66297],[6.77839,46.66415],[6.77912,46.66511],[6.78203,46.66595],[6.78259,46.66682],[6.78351,46.66666],[6.78384,46.66678],[6.78411,46.66766],[6.78561,46.66766],[6.78668,46.66815],[6.78839,46.66763],[6.78953,46.66756],[6.79072,46.66777],[6.79106,46.66845],[6.79177,46.66894],[6.79186,46.6695],[6.79249,46.66999],[6.79246,46.67023],[6.79316,46.67049],[6.79421,46.67043],[6.79557,46.66993],[6.79646,46.67002],[6.7973,46.669],[6.79734,46.66834]]}},{"type":"Feature","properties":{"id":"ruisseau-de-corcelles-vd","c":"VD","p":"patent","q":"derived","k":"river"},"geometry":{"type":"LineString","coordinates":[[6.71987,46.58385],[6.72125,46.58542],[6.72178,46.58699],[6.72351,46.58738],[6.7235,46.58755],[6.72414,46.58791],[6.72449,46.58785],[6.72447,46.58824],[6.725,46.58925],[6.72671,46.58982],[6.72735,46.59039],[6.72798,46.59153],[6.72973,46.59224],[6.73042,46.59233],[6.73099,46.59214],[6.73135,46.59262],[6.732,46.59272],[6.73273,46.5932],[6.7332,46.5932],[6.734,46.5937],[6.73477,46.59509],[6.73558,46.59534],[6.73616,46.59593],[6.73608,46.59626],[6.7367,46.59674],[6.73653,46.59711],[6.73736,46.59821],[6.7379,46.59847],[6.7378,46.59877],[6.73813,46.59909],[6.73835,46.59904],[6.73948,46.59964],[6.73953,46.60016],[6.74044,46.60036],[6.74122,46.60164],[6.74288,46.60258],[6.74289,46.60336],[6.74341,46.60404],[6.74302,46.6056],[6.7436,46.60678],[6.74419,46.60707],[6.74434,46.6075],[6.74407,46.60849],[6.74368,46.60881],[6.74456,46.60929],[6.74529,46.61014],[6.74584,46.6102],[6.74555,46.61057],[6.74605,46.61128],[6.74582,46.61175],[6.74615,46.61192],[6.74657,46.61277],[6.74747,46.61311],[6.74795,46.61389],[6.7488,46.61373],[6.74896,46.614],[6.74979,46.61412],[6.74967,46.6145],[6.75025,46.6145],[6.75032,46.6149],[6.75089,46.61541],[6.75082,46.61588],[6.75121,46.61663],[6.75138,46.61786],[6.75209,46.61873],[6.75417,46.619],[6.75432,46.61959],[6.75581,46.61984],[6.75627,46.62085],[6.75614,46.62147],[6.75686,46.6221],[6.75672,46.62391],[6.75622,46.62461],[6.75565,46.62484],[6.75539,46.62518],[6.75548,46.62542],[6.756,46.62553],[6.75615,46.62575],[6.75586,46.62594],[6.75527,46.62597],[6.7546,46.62662],[6.7549,46.62814],[6.75446,46.62861],[6.75367,46.62883],[6.75359,46.6292],[6.75508,46.62932],[6.75506,46.6299],[6.75533,46.63025],[6.75721,46.63092],[6.7583,46.63093],[6.75901,46.6314],[6.76045,46.63145],[6.76125,46.631]]}},{"type":"Feature","properties":{"id":"mionna-vd","c":"VD","p":"patent","q":"derived","k":"river"},"geometry":{"type":"LineString","coordinates":[[6.87169,46.5697],[6.87135,46.5691],[6.87168,46.56873],[6.87119,46.56803],[6.86901,46.56743],[6.86849,46.56744],[6.86848,46.56767],[6.86826,46.56765],[6.86784,46.56696],[6.86745,46.56718],[6.86719,46.56703],[6.86732,46.56634],[6.86668,46.56641],[6.86601,46.56576],[6.86376,46.56512],[6.86228,46.56521],[6.86049,46.56486],[6.86041,46.5654],[6.85941,46.56599],[6.85894,46.566],[6.85801,46.56566],[6.85491,46.56376],[6.85288,46.56393],[6.85127,46.56325],[6.85115,46.56283],[6.85088,46.5627],[6.84883,46.5621],[6.8482,46.56221],[6.84635,46.56082],[6.84521,46.56042],[6.84393,46.55951],[6.84012,46.55805],[6.83839,46.55798],[6.83692,46.55857],[6.83562,46.55755],[6.83421,46.55737],[6.83365,46.55781],[6.82966,46.55829],[6.82892,46.55861],[6.82862,46.55898],[6.82781,46.55812],[6.82646,46.55783],[6.82621,46.55742],[6.82449,46.55649],[6.82248,46.55584],[6.82231,46.55542]]}},{"type":"Feature","properties":{"id":"biorde-vd","c":"VD","p":"patent","q":"derived","k":"river"},"geometry":{"type":"MultiLineString","coordinates":[[[6.82544,46.54343],[6.82473,46.54355],[6.82399,46.5441],[6.82442,46.54438],[6.82485,46.54442],[6.82485,46.54422],[6.82536,46.54438],[6.82543,46.54485],[6.82592,46.54503],[6.82584,46.54543],[6.82677,46.54542],[6.82662,46.54555],[6.8268,46.54581],[6.82762,46.54634],[6.82772,46.54665],[6.82825,46.54676],[6.82809,46.5472],[6.8277,46.5473],[6.8277,46.54759],[6.82693,46.54771],[6.82798,46.54919],[6.82786,46.55045],[6.82764,46.5513],[6.82661,46.55153],[6.82598,46.55231],[6.8249,46.55255],[6.82451,46.55302],[6.82391,46.5531],[6.82421,46.55396]],[[6.83212,46.53755],[6.83151,46.53765],[6.83037,46.53751],[6.82919,46.53807],[6.82984,46.53962],[6.83054,46.54026],[6.83087,46.54096],[6.83052,46.54152],[6.82946,46.54158],[6.8281,46.54225],[6.82769,46.54273]],[[6.84266,46.4914],[6.84194,46.49297],[6.83861,46.49538],[6.8374,46.49774],[6.83735,46.49821],[6.83804,46.49877],[6.83726,46.49956],[6.83747,46.49997]]]}},{"type":"Feature","properties":{"id":"corberon-vd","c":"VD","p":"patent","q":"derived","k":"river"},"geometry":{"type":"MultiLineString","coordinates":[[[6.80653,46.50654],[6.80544,46.50585],[6.80454,46.50496],[6.80396,46.50471],[6.80223,46.50495],[6.80213,46.50586],[6.80312,46.50723],[6.80304,46.50833],[6.80338,46.50865],[6.80346,46.5108],[6.80391,46.51139],[6.80385,46.51174],[6.80448,46.51322],[6.80539,46.51663],[6.80562,46.51681],[6.8054,46.51781],[6.80605,46.51858],[6.80677,46.52028],[6.80733,46.5225],[6.80774,46.52282],[6.80777,46.5233],[6.80857,46.5235],[6.809,46.52408],[6.80959,46.52427],[6.80977,46.52483],[6.81062,46.52499],[6.81103,46.52536],[6.81193,46.52564],[6.81194,46.52585],[6.81282,46.52623],[6.81283,46.5271],[6.8135,46.52743],[6.81343,46.52763],[6.81392,46.5282],[6.81424,46.52824],[6.81444,46.52879],[6.81616,46.53048],[6.81634,46.53094],[6.81711,46.53143],[6.81699,46.53161],[6.81734,46.5319],[6.81706,46.53221],[6.81766,46.53256],[6.81727,46.5327],[6.81784,46.53308],[6.81779,46.53376],[6.81809,46.53378],[6.8183,46.5343],[6.81785,46.53443],[6.81805,46.53476],[6.81783,46.53495],[6.81847,46.53517],[6.81839,46.53532],[6.81881,46.53566],[6.81831,46.53592],[6.81867,46.53624],[6.81826,46.5365],[6.81859,46.53667],[6.81904,46.5366],[6.81972,46.53762],[6.8213,46.53799],[6.82078,46.53839],[6.82118,46.5391],[6.82164,46.53927]],[[6.82265,46.54012],[6.8232,46.54056],[6.82367,46.54061],[6.82353,46.5411],[6.82417,46.54118],[6.82483,46.54169],[6.82551,46.54272],[6.82544,46.54343]]]}},{"type":"Feature","properties":{"id":"ruisseau-de-champagne-vd","c":"VD","p":"patent","q":"derived","k":"river"},"geometry":{"type":"LineString","coordinates":[[6.62984,46.83373],[6.63187,46.83468],[6.63346,46.8348],[6.63466,46.83464],[6.63582,46.83525],[6.63719,46.83483],[6.64145,46.83451],[6.64222,46.83469],[6.64254,46.83511],[6.64402,46.83477],[6.64482,46.83532],[6.64591,46.8352],[6.64765,46.83548],[6.64878,46.83529],[6.65039,46.83577],[6.6508,46.83616],[6.65151,46.83614],[6.65181,46.83596],[6.65275,46.83632],[6.65387,46.83551],[6.65416,46.83556],[6.65511,46.83501],[6.65621,46.83506],[6.65626,46.83545],[6.65668,46.83544],[6.65732,46.8345],[6.65892,46.83324],[6.66009,46.83186],[6.66041,46.83174],[6.66108,46.83196],[6.66193,46.83109],[6.66566,46.83162],[6.66677,46.83148],[6.6673,46.83159],[6.66756,46.83136],[6.66828,46.83122],[6.66966,46.82995],[6.67057,46.82977],[6.6711,46.8292]]}},{"type":"Feature","properties":{"id":"bey-vd","c":"VD","p":"patent","q":"derived","k":"river"},"geometry":{"type":"LineString","coordinates":[[6.56172,46.77597],[6.56233,46.77576],[6.5639,46.77466],[6.56441,46.77334],[6.56493,46.77285],[6.56466,46.77117],[6.56546,46.77072],[6.56723,46.7705],[6.56974,46.77227],[6.57154,46.77455],[6.57507,46.77319],[6.5777,46.77863],[6.58081,46.78166],[6.58264,46.78304],[6.58659,46.78476],[6.58894,46.78533],[6.60128,46.78593],[6.60906,46.78424],[6.61634,46.78498],[6.61921,46.78623],[6.63279,46.79417],[6.63572,46.79521]]}},{"type":"Feature","properties":{"id":"ruisseau-de-l-epena-vd","c":"VD","p":"patent","q":"derived","k":"river"},"geometry":{"type":"LineString","coordinates":[[6.69896,46.78154],[6.69971,46.78259],[6.7011,46.7832],[6.70209,46.7844],[6.70279,46.78585],[6.70507,46.78706],[6.70382,46.78795],[6.70456,46.78843],[6.70448,46.78874],[6.70472,46.78886],[6.70487,46.7897],[6.70563,46.78973],[6.70549,46.78997],[6.70674,46.79183],[6.70663,46.79208],[6.70691,46.79256],[6.70659,46.79253],[6.70663,46.79281],[6.70694,46.79275],[6.70804,46.79379],[6.70869,46.79378],[6.7088,46.79396],[6.709,46.79386],[6.70948,46.79466],[6.71047,46.7949],[6.71127,46.79575],[6.7115,46.79578],[6.71162,46.79645],[6.7119,46.79645],[6.71303,46.79729],[6.71404,46.79771],[6.71466,46.79776],[6.71498,46.79801],[6.71515,46.79778],[6.71654,46.79839],[6.71684,46.79807],[6.71712,46.79829],[6.71742,46.79823],[6.71818,46.79856],[6.71821,46.79885],[6.71945,46.79886],[6.72039,46.79944],[6.7224,46.80016],[6.72247,46.80044],[6.72012,46.80576]]}},{"type":"Feature","properties":{"id":"ruisseau-des-vaux-vd-2","c":"VD","p":"patent","q":"derived","k":"river"},"geometry":{"type":"MultiLineString","coordinates":[[[6.77608,46.76173],[6.77579,46.76231],[6.77587,46.76323],[6.7752,46.76379],[6.77506,46.76452],[6.77564,46.76567],[6.7768,46.76674],[6.777,46.76789],[6.77682,46.76816],[6.77652,46.76817],[6.77665,46.76857],[6.77629,46.76895],[6.77534,46.76917],[6.77495,46.76963],[6.77448,46.76953],[6.77409,46.76993],[6.77393,46.77066],[6.77342,46.771],[6.77344,46.7714],[6.77482,46.77272],[6.77437,46.77341],[6.77452,46.77464],[6.77262,46.7748],[6.77134,46.77447],[6.77074,46.77453],[6.77014,46.77423],[6.76903,46.77418],[6.76763,46.77466],[6.76598,46.77486],[6.76348,46.77586],[6.76161,46.77625],[6.76057,46.77703],[6.7597,46.7774],[6.75943,46.77775],[6.75672,46.77778],[6.75571,46.77869],[6.75383,46.77866],[6.75324,46.77894],[6.75299,46.77931],[6.75248,46.77932],[6.75103,46.77988],[6.75046,46.77993],[6.75015,46.77957],[6.74927,46.77961],[6.74721,46.78005],[6.74671,46.78049],[6.74602,46.7806],[6.7447,46.7832],[6.7449,46.78422],[6.74413,46.78468],[6.74402,46.78521],[6.74425,46.78594],[6.74352,46.78834],[6.74268,46.78989],[6.74191,46.79103],[6.7407,46.79209],[6.73881,46.79314],[6.73829,46.79325]],[[6.77639,46.7594],[6.77664,46.76044],[6.77595,46.76105],[6.77601,46.76133]]]}},{"type":"Feature","properties":{"id":"flonzel-vd-2","c":"VD","p":"patent","q":"derived","k":"river"},"geometry":{"type":"LineString","coordinates":[[6.74965,46.7565],[6.75054,46.75834],[6.75141,46.75912],[6.75149,46.76024],[6.75101,46.76114],[6.75036,46.76167],[6.74982,46.7617],[6.74945,46.76223],[6.74981,46.76253],[6.7492,46.76346],[6.74923,46.76431],[6.74964,46.76459],[6.7506,46.76479],[6.75079,46.76532],[6.7515,46.76539],[6.75212,46.76581],[6.75239,46.76687],[6.75172,46.76778],[6.75189,46.76857],[6.75245,46.76881],[6.75248,46.76928],[6.75342,46.77006],[6.75499,46.771],[6.75624,46.77237],[6.75604,46.77339],[6.75555,46.77352],[6.75533,46.77405],[6.75443,46.77433],[6.75417,46.77461],[6.75423,46.77507],[6.7549,46.77591],[6.75488,46.77634],[6.75549,46.77692],[6.75596,46.7784]]}},{"type":"Feature","properties":{"id":"ruisseau-des-vaux-vd-3","c":"VD","p":"patent","q":"derived","k":"river"},"geometry":{"type":"LineString","coordinates":[[6.68127,46.75998],[6.68401,46.76154],[6.68396,46.76197],[6.68511,46.76283],[6.68566,46.76359],[6.68648,46.76356],[6.68695,46.76379],[6.68754,46.7635],[6.68842,46.76388],[6.6892,46.76394],[6.68972,46.76423],[6.69018,46.76489],[6.69085,46.76521],[6.69137,46.766],[6.69313,46.76731],[6.69386,46.76727],[6.69515,46.76756],[6.69529,46.76776],[6.69706,46.76804],[6.69812,46.76847],[6.69887,46.76849],[6.70029,46.76951],[6.70105,46.76972],[6.70149,46.77014],[6.70204,46.77018],[6.7025,46.7706],[6.70324,46.77053],[6.70409,46.77085],[6.70478,46.77153],[6.70704,46.77253],[6.70872,46.77385],[6.70912,46.77393],[6.70924,46.77423],[6.70957,46.77415],[6.7101,46.77445],[6.71182,46.77579],[6.71408,46.77683],[6.71638,46.77845],[6.71954,46.77975],[6.71959,46.78003],[6.72026,46.7802],[6.72057,46.78063],[6.72186,46.78041],[6.72231,46.78071],[6.72331,46.78044],[6.72359,46.78016],[6.72427,46.77993],[6.7253,46.77989],[6.72585,46.7797]]}},{"type":"Feature","properties":{"id":"lombrax-vd","c":"VD","p":"patent","q":"derived","k":"river"},"geometry":{"type":"LineString","coordinates":[[6.72218,46.72371],[6.72242,46.72416],[6.72204,46.72422],[6.72194,46.7244],[6.72242,46.72482],[6.72285,46.72564],[6.72284,46.7265],[6.72343,46.72692],[6.72362,46.72739],[6.72308,46.72768],[6.72338,46.72826],[6.72326,46.72849],[6.72434,46.72903],[6.72455,46.73018],[6.72539,46.73075],[6.7251,46.73099],[6.72579,46.73133],[6.72545,46.73165],[6.72538,46.73214],[6.72499,46.73247],[6.72391,46.73269],[6.72288,46.73379],[6.72228,46.73385],[6.72185,46.73421],[6.72111,46.73446],[6.72073,46.7343],[6.72003,46.7345],[6.71866,46.73419],[6.71778,46.73535],[6.71743,46.73538],[6.71731,46.73509],[6.717,46.73511],[6.71676,46.73539],[6.71684,46.73576],[6.71642,46.73597],[6.71644,46.73643],[6.71595,46.7365],[6.71583,46.73678],[6.71549,46.73682],[6.71573,46.73737],[6.71508,46.73754],[6.71492,46.73807],[6.71389,46.739],[6.71378,46.73956],[6.71304,46.74027],[6.71345,46.74092],[6.71254,46.74111],[6.71186,46.74182],[6.7112,46.74215],[6.71085,46.74209],[6.71044,46.74243],[6.71008,46.74234],[6.7093,46.74262],[6.70781,46.74442],[6.70634,46.74469]]}},{"type":"Feature","properties":{"id":"barbeire-vd","c":"VD","p":"patent","q":"derived","k":"river"},"geometry":{"type":"LineString","coordinates":[[6.67063,46.72657],[6.67121,46.72696],[6.67203,46.72717],[6.67371,46.72708],[6.67558,46.7275],[6.67752,46.72733],[6.6788,46.72787],[6.68052,46.72812],[6.68153,46.72857],[6.68182,46.72896],[6.68309,46.72938],[6.684,46.73037],[6.68548,46.73149],[6.68552,46.73205],[6.68622,46.73253],[6.687,46.73382],[6.688,46.73462],[6.69113,46.73636],[6.69174,46.73643],[6.69292,46.73697],[6.69285,46.73716],[6.69528,46.73868],[6.69662,46.74017],[6.69844,46.74102],[6.70133,46.74322],[6.70208,46.74337],[6.70236,46.74365],[6.70421,46.74443],[6.70483,46.74409]]}},{"type":"Feature","properties":{"id":"augine-vd","c":"VD","p":"patent","q":"derived","k":"river"},"geometry":{"type":"LineString","coordinates":[[6.74919,46.70597],[6.74863,46.70633],[6.74778,46.70653],[6.74577,46.70644],[6.74472,46.7061],[6.74389,46.7062],[6.74288,46.70741],[6.74209,46.70785],[6.7416,46.7079],[6.74032,46.70749],[6.73912,46.70862],[6.73757,46.70934],[6.73738,46.7097],[6.73688,46.70972],[6.73622,46.71031],[6.73595,46.71086],[6.73554,46.71095],[6.73467,46.71161],[6.73378,46.71181],[6.73268,46.71177],[6.732,46.71202],[6.73126,46.71158],[6.72915,46.71122],[6.72686,46.71106],[6.72553,46.71129],[6.72476,46.71194],[6.72441,46.71281],[6.72489,46.71326],[6.7239,46.71435],[6.7243,46.71531],[6.72399,46.71617],[6.72552,46.71703],[6.72547,46.71767],[6.72497,46.71793],[6.72497,46.71836],[6.72447,46.71836],[6.72386,46.71917],[6.72196,46.71961],[6.72102,46.72017],[6.72061,46.72012],[6.71943,46.71894],[6.71848,46.71877],[6.71814,46.71836],[6.71532,46.71674],[6.71508,46.71665],[6.71439,46.71681],[6.71405,46.71661],[6.71335,46.71668],[6.71243,46.71641],[6.71189,46.71617],[6.71187,46.71581],[6.71106,46.71508],[6.71003,46.71522],[6.70977,46.71545]]}},{"type":"Feature","properties":{"id":"botterel-vd","c":"VD","p":"patent","q":"derived","k":"river"},"geometry":{"type":"LineString","coordinates":[[6.66105,46.63121],[6.66115,46.6315],[6.66085,46.63173],[6.66124,46.63216],[6.66466,46.63435],[6.66598,46.63487],[6.66946,46.63521],[6.66969,46.63551],[6.671,46.63618],[6.67256,46.63676],[6.6723,46.63836],[6.67249,46.63904],[6.67452,46.64041],[6.67306,46.64312],[6.67403,46.64439],[6.67561,46.64527],[6.67588,46.64516],[6.67657,46.64542],[6.67687,46.64585],[6.67759,46.64602],[6.67819,46.64593],[6.67943,46.64635],[6.68005,46.64681],[6.68069,46.6469],[6.68136,46.64733],[6.6822,46.64753],[6.6826,46.64741],[6.68279,46.64767],[6.68334,46.64763],[6.68384,46.64785],[6.68461,46.64845],[6.68515,46.64841],[6.68518,46.64875],[6.6848,46.64901],[6.68501,46.64932],[6.68535,46.6492],[6.68527,46.64952],[6.68498,46.64949],[6.68503,46.6497],[6.68543,46.64994],[6.68626,46.64995],[6.68621,46.65069],[6.68679,46.65133],[6.68712,46.65237],[6.68771,46.65235],[6.6876,46.65277],[6.6887,46.65376],[6.68921,46.6548],[6.6884,46.6559],[6.68768,46.65801],[6.68739,46.65826],[6.68779,46.66028],[6.68829,46.66095],[6.68827,46.66131],[6.68865,46.66138],[6.68842,46.66224],[6.68895,46.66259],[6.68878,46.66285],[6.69044,46.66374],[6.6912,46.66459],[6.69193,46.66471],[6.69223,46.6658],[6.69274,46.6663],[6.69323,46.6664],[6.69324,46.66661],[6.69389,46.66697],[6.69491,46.66718],[6.69594,46.6677]]}},{"type":"Feature","properties":{"id":"coruz-vd","c":"VD","p":"patent","q":"derived","k":"river"},"geometry":{"type":"MultiLineString","coordinates":[[[6.67404,46.61507],[6.67394,46.61627],[6.67322,46.61687],[6.67282,46.61693],[6.67267,46.61751],[6.67394,46.619],[6.67445,46.61921],[6.6755,46.62026],[6.67519,46.62143],[6.67528,46.62198]],[[6.67531,46.6224],[6.6757,46.62283],[6.67585,46.624],[6.67646,46.6247],[6.67556,46.62865],[6.676,46.62906],[6.67642,46.63033],[6.67894,46.63186],[6.67889,46.63213],[6.67928,46.63234],[6.68093,46.63451],[6.68098,46.63509],[6.68231,46.63591],[6.6832,46.63743],[6.68354,46.6374],[6.68367,46.63802],[6.68404,46.63814],[6.68379,46.63832],[6.68428,46.63872],[6.68413,46.63937],[6.68469,46.64059],[6.68562,46.64135],[6.68588,46.6412],[6.68619,46.64147],[6.6861,46.64188],[6.68727,46.64287],[6.68805,46.64297],[6.68862,46.645],[6.68927,46.64556],[6.6893,46.64601],[6.69093,46.6469],[6.69155,46.64697],[6.69169,46.64744],[6.69212,46.64769],[6.69186,46.64801],[6.69244,46.64785],[6.69283,46.6483],[6.69247,46.64833],[6.69253,46.64845],[6.69328,46.64849],[6.69365,46.64878],[6.69355,46.64919],[6.69445,46.6502],[6.69516,46.65176],[6.69489,46.65253],[6.69518,46.65294],[6.69597,46.6533],[6.69627,46.65366],[6.69753,46.65411],[6.69741,46.65476],[6.69798,46.65466],[6.69817,46.65524],[6.69912,46.65533],[6.69913,46.65578],[6.69968,46.6562],[6.69971,46.65657],[6.70016,46.65693],[6.70062,46.65693]]]}},{"type":"Feature","properties":{"id":"niaugue-vd","c":"VD","p":"patent","q":"derived","k":"river"},"geometry":{"type":"LineString","coordinates":[[6.65982,46.73268],[6.66027,46.7335],[6.66066,46.73539],[6.65943,46.73697],[6.65785,46.73732],[6.65682,46.73808],[6.65733,46.73865],[6.65671,46.74004],[6.6573,46.741],[6.65795,46.74147],[6.65871,46.74248],[6.65854,46.74324],[6.65777,46.74372],[6.65761,46.74415],[6.6581,46.74627],[6.65776,46.74709],[6.65797,46.74816],[6.65866,46.74842],[6.65901,46.74908],[6.65934,46.74909],[6.65912,46.74933],[6.65938,46.74954],[6.65806,46.75087],[6.65791,46.75154],[6.65594,46.75328],[6.65566,46.75377],[6.65562,46.75533],[6.65523,46.75547],[6.65537,46.75585],[6.65504,46.75601],[6.65494,46.75637],[6.65438,46.7566],[6.65298,46.75666],[6.6526,46.75688],[6.65145,46.7566],[6.65059,46.75668],[6.65058,46.75637],[6.64926,46.75605],[6.64785,46.75453],[6.64769,46.75409],[6.64723,46.75376],[6.64664,46.75369],[6.64644,46.75308],[6.64582,46.75295],[6.64546,46.75235],[6.64457,46.75191],[6.64443,46.75145],[6.64356,46.75112],[6.64363,46.75089],[6.64332,46.75054],[6.64251,46.75065],[6.64099,46.75021]]}},{"type":"Feature","properties":{"id":"ruisseau-des-combes-vd","c":"VD","p":"patent","q":"derived","k":"river"},"geometry":{"type":"LineString","coordinates":[[6.61272,46.71454],[6.6116,46.7142],[6.61109,46.71361],[6.60937,46.71237],[6.60634,46.71119],[6.60506,46.71111],[6.60428,46.71129],[6.60292,46.71225],[6.60175,46.71252],[6.59984,46.71222],[6.59884,46.71185],[6.59739,46.71189],[6.59628,46.71247],[6.5958,46.71251],[6.59451,46.71311],[6.59381,46.71319],[6.5927,46.71372],[6.59132,46.71469],[6.58999,46.71597],[6.58836,46.71667],[6.58725,46.71743],[6.58708,46.71779],[6.58525,46.71854],[6.58416,46.71926],[6.58265,46.71946],[6.58127,46.72025],[6.57657,46.72074],[6.57223,46.72182],[6.57094,46.72279],[6.57057,46.72345],[6.56855,46.72452]]}},{"type":"Feature","properties":{"id":"ruisseau-d-ependes-vd","c":"VD","p":"patent","q":"derived","k":"river"},"geometry":{"type":"LineString","coordinates":[[6.60965,46.72497],[6.60867,46.72708],[6.60891,46.72806],[6.608,46.72998],[6.60819,46.73163],[6.60878,46.73306],[6.60867,46.73342],[6.60954,46.73422],[6.61038,46.7368],[6.60967,46.73796],[6.6073,46.73936],[6.60843,46.74031],[6.6094,46.74175],[6.60891,46.74235],[6.60869,46.74347],[6.6089,46.74395],[6.60838,46.74623],[6.60696,46.74905],[6.60667,46.75118]]}},{"type":"Feature","properties":{"id":"ruisseau-de-sadaz-vd","c":"VD","p":"patent","q":"derived","k":"river"},"geometry":{"type":"LineString","coordinates":[[6.58186,46.6985],[6.58172,46.69918],[6.58191,46.70048],[6.58152,46.70122],[6.58164,46.70146],[6.5808,46.70233],[6.58065,46.70275],[6.57959,46.70333],[6.57952,46.70375],[6.57856,46.70441],[6.57797,46.70565],[6.5787,46.70773],[6.58068,46.70839],[6.5811,46.70891],[6.58162,46.70912],[6.5813,46.70951],[6.58146,46.70977],[6.5812,46.71],[6.58139,46.7101],[6.5812,46.71068],[6.58045,46.71129],[6.57952,46.71169],[6.57617,46.71267],[6.57441,46.71358],[6.57403,46.71419],[6.56996,46.71584],[6.5692,46.71735],[6.56852,46.72462],[6.56654,46.72835]]}},{"type":"Feature","properties":{"id":"orbe-vd","c":"VD","p":"patent","q":"derived","k":"river"},"geometry":{"type":"MultiLineString","coordinates":[[[6.15127,46.54896],[6.15152,46.5493],[6.15106,46.54942],[6.15103,46.54961],[6.15242,46.5499],[6.15224,46.55024],[6.15244,46.55058],[6.15303,46.55044],[6.15328,46.55054],[6.15401,46.55225],[6.15564,46.55256],[6.15546,46.55329],[6.15579,46.55339],[6.15658,46.55312],[6.15718,46.55347],[6.1572,46.55378],[6.15795,46.55388],[6.15799,46.5544],[6.15882,46.55414],[6.15954,46.55438],[6.15912,46.55498],[6.15928,46.55546],[6.15897,46.55592],[6.15991,46.55593],[6.16038,46.55616],[6.16032,46.55651],[6.16075,46.55724],[6.16134,46.5573],[6.16115,46.55801],[6.16211,46.55825],[6.16285,46.55877],[6.16364,46.55857],[6.16406,46.55908],[6.16404,46.55961],[6.16438,46.55966],[6.1649,46.55938],[6.16545,46.55953],[6.16594,46.56057],[6.16632,46.5608],[6.16721,46.56092],[6.16792,46.56191],[6.16884,46.56197],[6.16971,46.56171],[6.17024,46.56178],[6.1701,46.56297],[6.17154,46.56321],[6.17183,46.56392],[6.17296,46.5644],[6.17322,46.56438],[6.17345,46.56397],[6.17381,46.56404],[6.17428,46.5646],[6.17438,46.56533],[6.17567,46.56565],[6.17633,46.56652],[6.17612,46.56685],[6.17665,46.56697],[6.17701,46.56751],[6.17783,46.56748],[6.17824,46.56826],[6.17943,46.56823],[6.18206,46.56863],[6.18384,46.56932],[6.18393,46.5699],[6.18323,46.57125],[6.1833,46.57176],[6.18292,46.57221],[6.18402,46.57235],[6.1841,46.57205],[6.18434,46.57203],[6.18463,46.57249],[6.18423,46.57283],[6.18446,46.57306],[6.18549,46.5726],[6.18691,46.57293],[6.18761,46.57361],[6.1884,46.57367],[6.18919,46.57482],[6.18971,46.57489],[6.19067,46.57572],[6.19229,46.57596],[6.19273,46.57645],[6.19374,46.5769],[6.19467,46.57676],[6.19458,46.57741],[6.19483,46.57761],[6.19558,46.5774],[6.19593,46.57747],[6.19588,46.57818],[6.19543,46.57808],[6.19443,46.57825],[6.19459,46.57875],[6.19501,46.57903],[6.19499,46.57963],[6.19606,46.57972],[6.19692,46.58039],[6.19784,46.58075],[6.19783,46.58132],[6.19872,46.58133],[6.19931,46.58199],[6.20135,46.58314],[6.20126,46.58352],[6.20156,46.58372],[6.20238,46.58381],[6.20297,46.58412],[6.20351,46.58371],[6.20394,46.58382],[6.204,46.58429],[6.20428,46.58436],[6.20551,46.58385],[6.20659,46.58402],[6.20669,46.58467],[6.2079,46.58495],[6.20834,46.58523],[6.20818,46.58626],[6.20873,46.58644],[6.20893,46.58614],[6.20926,46.58607],[6.21006,46.58674],[6.21084,46.58704],[6.21136,46.58755],[6.21137,46.58835],[6.21252,46.58851],[6.21364,46.58988],[6.21441,46.58991],[6.21486,46.59053],[6.21593,46.59137],[6.21677,46.59162],[6.21708,46.59218],[6.21774,46.59224],[6.21818,46.59288],[6.2194,46.59297],[6.22072,46.59236],[6.22103,46.59239],[6.22107,46.59314],[6.22006,46.59368],[6.21943,46.5949],[6.2198,46.59545],[6.22079,46.59557],[6.22165,46.59635],[6.22251,46.59625],[6.22167,46.597],[6.22174,46.59736],[6.22227,46.5974],[6.22289,46.59691],[6.22332,46.59753],[6.22436,46.59816],[6.225,46.59821],[6.2253,46.59845],[6.2251,46.59892],[6.2256,46.59929],[6.22556,46.5995],[6.2245,46.59943],[6.22457,46.59907],[6.2243,46.59903],[6.22376,46.59919],[6.22377,46.59967],[6.2242,46.60009],[6.22505,46.60025],[6.22498,46.60096],[6.22607,46.60169],[6.22627,46.6024],[6.22779,46.60294],[6.23472,46.60469],[6.23612,46.60455],[6.23942,46.60319],[6.24042,46.60319],[6.24136,46.60354],[6.24214,46.60429],[6.24206,46.60481],[6.24254,46.60514],[6.24248,46.60551],[6.24356,46.60621],[6.24422,46.60741],[6.24524,46.60804],[6.24514,46.60898],[6.24536,46.60931],[6.24607,46.60983],[6.24691,46.60989],[6.2473,46.6101],[6.24702,46.61053],[6.24568,46.61087],[6.24517,46.61087],[6.24446,46.61055],[6.24421,46.61075],[6.24436,46.611]],[[6.32407,46.66717],[6.32341,46.66758]],[[6.3306,46.67914],[6.3455,46.698],[6.3456,46.69931],[6.34541,46.69979],[6.34562,46.70007],[6.34784,46.70123],[6.34825,46.70179],[6.34887,46.70212],[6.35042,46.70245],[6.35101,46.70307],[6.35229,46.70269],[6.35364,46.70312],[6.3546,46.70362],[6.35487,46.70449],[6.35531,46.70479],[6.35588,46.70467],[6.35629,46.70411],[6.35732,46.70415],[6.35832,46.70508],[6.35942,46.70667],[6.36157,46.70701],[6.36301,46.70809],[6.36511,46.7092],[6.36612,46.70934],[6.37072,46.70854],[6.37464,46.70969],[6.3778,46.70991],[6.37824,46.71018],[6.37918,46.7117],[6.37962,46.712],[6.38118,46.71162],[6.38342,46.71164],[6.38516,46.71269],[6.38583,46.71437],[6.38693,46.71494],[6.38886,46.71506],[6.3894,46.71568]],[[6.40196,46.72256],[6.40353,46.72278],[6.40477,46.72234],[6.40618,46.72049],[6.40672,46.72026],[6.40809,46.7186],[6.41428,46.71952],[6.41655,46.72041],[6.41725,46.72131],[6.41871,46.72178],[6.41994,46.72154],[6.42097,46.721],[6.42125,46.72108],[6.42178,46.72185],[6.42306,46.72255],[6.4243,46.72248],[6.42606,46.72286],[6.42806,46.72389],[6.43023,46.72389],[6.43227,46.72601],[6.43372,46.72668],[6.4349,46.72811],[6.43573,46.72875],[6.43627,46.72912],[6.43937,46.73025],[6.44286,46.73079],[6.44636,46.73078],[6.44854,46.73015],[6.45,46.72944],[6.45092,46.72864],[6.45291,46.72832],[6.4548,46.72891],[6.45753,46.73115],[6.45809,46.73127],[6.46029,46.73107],[6.46189,46.73007],[6.46297,46.72973],[6.46497,46.72977],[6.46536,46.72993],[6.46818,46.72933],[6.47009,46.72954],[6.47116,46.72879],[6.47154,46.72762],[6.47185,46.72743],[6.47773,46.72584],[6.47853,46.7257],[6.48073,46.72579],[6.48177,46.72554],[6.48258,46.72578],[6.48474,46.72562],[6.48581,46.72584],[6.48697,46.72642],[6.48749,46.72767],[6.48872,46.72822],[6.49233,46.72819],[6.49384,46.72863],[6.49523,46.7284],[6.49667,46.72772],[6.4973,46.72708],[6.49895,46.72668],[6.49988,46.72664],[6.50068,46.727],[6.50186,46.72708],[6.50444,46.72614],[6.50595,46.72651],[6.50723,46.72718],[6.50885,46.72743],[6.51096,46.72703],[6.5123,46.72719],[6.51321,46.72709],[6.5149,46.72614],[6.51566,46.726],[6.51677,46.72648],[6.51981,46.72725],[6.52114,46.72795],[6.52401,46.72783],[6.52656,46.72807],[6.52839,46.72907],[6.52932,46.72927],[6.53002,46.72881],[6.5307,46.72765],[6.53038,46.72709],[6.52974,46.72658],[6.52869,46.72481],[6.52863,46.7243],[6.52901,46.72328],[6.52961,46.72306],[6.53164,46.72082],[6.53293,46.721],[6.53433,46.7215],[6.53568,46.72247],[6.5371,46.72304],[6.53975,46.72461],[6.54237,46.72679],[6.54867,46.73056],[6.55536,46.73411],[6.56329,46.73759]]]}},{"type":"Feature","properties":{"id":"ruisseau-des-epoisats-vd","c":"VD","p":"patent","q":"derived","k":"river"},"geometry":{"type":"LineString","coordinates":[[6.33851,46.67088],[6.33812,46.67224],[6.33806,46.67378],[6.33854,46.67454],[6.33887,46.67637],[6.33953,46.67761],[6.3398,46.67937],[6.34093,46.68127],[6.34137,46.6845],[6.34226,46.68639],[6.34246,46.68741],[6.34298,46.68836],[6.34433,46.68899],[6.34514,46.69024],[6.34559,46.69049],[6.34644,46.69054],[6.3489,46.69291],[6.35063,46.6938],[6.35104,46.69583],[6.35186,46.69799],[6.35284,46.69898],[6.35273,46.69952],[6.35343,46.7003],[6.3532,46.7012],[6.3539,46.70229],[6.35343,46.70293]]}},{"type":"Feature","properties":{"id":"mortigue-vd","c":"VD","p":"patent","q":"derived","k":"river"},"geometry":{"type":"LineString","coordinates":[[6.62394,46.62446],[6.62361,46.62457],[6.62353,46.62482],[6.62213,46.62512],[6.62175,46.62673],[6.62043,46.62757],[6.61871,46.62911],[6.61694,46.63013],[6.6158,46.63039],[6.61304,46.62596],[6.61294,46.62549],[6.61176,46.62461],[6.61204,46.6238],[6.61097,46.62296],[6.61008,46.62274],[6.60996,46.62253],[6.60969,46.62262],[6.6093,46.62232],[6.60817,46.62239],[6.60782,46.62326],[6.60492,46.62651],[6.60189,46.62773],[6.60132,46.6282],[6.60126,46.62875],[6.60169,46.62913],[6.6014,46.62974],[6.60226,46.62982],[6.60235,46.63036],[6.60199,46.63063],[6.60234,46.63118],[6.60099,46.63247],[6.6002,46.63373],[6.59876,46.63399]]}},{"type":"Feature","properties":{"id":"promenthouse-vd","c":"VD","p":"patent","q":"derived","k":"river"},"geometry":{"type":"MultiLineString","coordinates":[[[6.2302,46.4175],[6.2317,46.41649],[6.23376,46.41644],[6.23538,46.41616],[6.23928,46.41752]],[[6.23928,46.41752],[6.24001,46.41756]],[[6.23928,46.41752],[6.23973,46.41749],[6.24001,46.41756]],[[6.24001,46.41756],[6.24139,46.41767],[6.24391,46.41731],[6.24433,46.41709],[6.24416,46.41658],[6.24468,46.41639],[6.24488,46.4168],[6.24556,46.41652],[6.2462,46.41564],[6.24638,46.41563],[6.24638,46.41626],[6.24697,46.41598],[6.24761,46.41594],[6.24787,46.41632],[6.24849,46.4161],[6.24864,46.41583],[6.24895,46.41621],[6.24934,46.41628],[6.24996,46.41599],[6.24996,46.41531],[6.25095,46.41567],[6.25256,46.41576],[6.25286,46.41561],[6.25311,46.41489],[6.25338,46.41515],[6.2543,46.41498],[6.25586,46.4151],[6.25614,46.41489],[6.25545,46.41424],[6.25559,46.41313],[6.25681,46.41314],[6.25773,46.41277],[6.25891,46.41282],[6.25941,46.41227],[6.26101,46.4119],[6.26401,46.41025],[6.26435,46.40847],[6.26511,46.40824],[6.26521,46.4091],[6.26594,46.40895],[6.2659,46.40822],[6.26663,46.40765],[6.26654,46.40677],[6.26766,46.40667],[6.26824,46.40584],[6.26958,46.40597],[6.27005,46.40495],[6.27181,46.40495],[6.27179,46.40431],[6.27046,46.40379],[6.27171,46.40281],[6.27272,46.40245],[6.27264,46.40193],[6.27208,46.40144],[6.27252,46.40089],[6.27226,46.40038],[6.27182,46.4002],[6.27104,46.4006],[6.27035,46.40025],[6.27102,46.3984],[6.27167,46.39821],[6.27207,46.39788],[6.27105,46.39705],[6.2717,46.39555],[6.27129,46.39491],[6.27142,46.39432],[6.26991,46.39323],[6.26976,46.39256],[6.26793,46.39155]]]}},{"type":"Feature","properties":{"id":"ruisseau-de-la-combe-vd","c":"VD","p":"patent","q":"derived","k":"river"},"geometry":{"type":"LineString","coordinates":[[6.19487,46.47254],[6.19599,46.47226],[6.19702,46.47168],[6.19965,46.47115],[6.20013,46.47134],[6.20132,46.47114],[6.20194,46.4708],[6.20277,46.46992],[6.20362,46.46989],[6.20469,46.46897],[6.20541,46.46873],[6.20722,46.46744],[6.21097,46.46627],[6.21366,46.4663],[6.21495,46.46588],[6.2155,46.46597],[6.21706,46.46573],[6.21871,46.4659],[6.22115,46.4665],[6.22178,46.46632],[6.22279,46.46647],[6.22378,46.46624],[6.22426,46.46587],[6.22533,46.46554],[6.22641,46.46477],[6.22757,46.46335],[6.22762,46.46218],[6.22797,46.46172],[6.22754,46.46052],[6.22788,46.45957],[6.22809,46.4592],[6.22863,46.45901],[6.22941,46.45805],[6.23059,46.45633],[6.23093,46.45544],[6.23128,46.45437],[6.23112,46.45354],[6.23136,46.45159],[6.23114,46.45071],[6.23168,46.44873],[6.23142,46.44779],[6.23206,46.44704],[6.23239,46.44605],[6.2327,46.44571],[6.23327,46.44563],[6.23367,46.44477],[6.23518,46.44414],[6.23696,46.444]]}},{"type":"Feature","properties":{"id":"colline-vd","c":"VD","p":"patent","q":"derived","k":"river"},"geometry":{"type":"LineString","coordinates":[[6.17327,46.44251],[6.17449,46.44178],[6.17524,46.4416],[6.17568,46.44098],[6.17649,46.44041],[6.17673,46.43994],[6.1764,46.43919],[6.17651,46.43888],[6.1783,46.43756],[6.17892,46.43678],[6.179,46.43627],[6.18092,46.43501],[6.18211,46.43487],[6.1828,46.43459],[6.18354,46.43371],[6.18485,46.43314],[6.18602,46.43214],[6.18713,46.43073],[6.18842,46.4301],[6.18957,46.42988],[6.19116,46.42918],[6.19285,46.42891],[6.19358,46.42839],[6.19404,46.42845],[6.19463,46.42828],[6.19638,46.42842],[6.19775,46.4282],[6.19955,46.42758],[6.19982,46.42717],[6.20122,46.42669],[6.20243,46.42554],[6.20455,46.42444],[6.20575,46.42291],[6.20643,46.42248],[6.20688,46.42149],[6.20862,46.42049],[6.20946,46.41952],[6.21065,46.41887],[6.21264,46.41833],[6.21349,46.41757],[6.21388,46.41686],[6.21422,46.41688],[6.21454,46.41665],[6.21533,46.41686],[6.21615,46.41637],[6.218,46.41612],[6.21806,46.41585],[6.21862,46.41603],[6.21947,46.4158],[6.21977,46.41544],[6.22019,46.41561],[6.22136,46.41564],[6.22188,46.41546],[6.2223,46.41569],[6.2236,46.4158],[6.22355,46.41603],[6.22412,46.41638],[6.22469,46.41642],[6.22521,46.41676],[6.22566,46.4167],[6.22879,46.41782],[6.2302,46.4175]]}},{"type":"Feature","properties":{"id":"moteline-vd","c":"VD","p":"patent","q":"derived","k":"river"},"geometry":{"type":"LineString","coordinates":[[6.27856,46.47102],[6.27777,46.47052],[6.27621,46.47037],[6.27455,46.47068],[6.27299,46.47052],[6.2722,46.47079],[6.27153,46.4708],[6.27095,46.47056],[6.26906,46.47081],[6.26818,46.47111],[6.26819,46.47135],[6.26784,46.47158],[6.26602,46.47207],[6.26491,46.47222],[6.26382,46.47214],[6.26228,46.47025],[6.26166,46.46992],[6.26074,46.46976],[6.26026,46.46939],[6.26035,46.46816],[6.26075,46.46727],[6.26048,46.46684],[6.2608,46.46652],[6.26066,46.46595],[6.26102,46.46539],[6.26084,46.46496],[6.2611,46.46463],[6.2604,46.46397],[6.25842,46.46398],[6.25732,46.46368],[6.25543,46.46359],[6.25338,46.46309],[6.25277,46.46262],[6.25151,46.46222],[6.25005,46.46209],[6.24943,46.4611],[6.24832,46.46118]]}},{"type":"Feature","properties":{"id":"sandoleyre-vd","c":"VD","p":"patent","q":"derived","k":"river"},"geometry":{"type":"LineString","coordinates":[[6.30565,46.49503],[6.30606,46.49531],[6.30766,46.49546],[6.31224,46.49555],[6.31378,46.49611],[6.31567,46.49603],[6.3168,46.49646],[6.3176,46.4971],[6.31755,46.49738],[6.3179,46.49768],[6.31873,46.49791],[6.32047,46.49788],[6.32237,46.49751],[6.32358,46.498],[6.3287,46.49756],[6.33086,46.49913],[6.33119,46.50041],[6.3319,46.50077],[6.33275,46.5007],[6.33272,46.50044],[6.33734,46.50017],[6.33911,46.50148],[6.3393,46.50181],[6.33985,46.50204],[6.33979,46.50238],[6.33947,46.50243],[6.33953,46.5034],[6.34239,46.50373],[6.34296,46.50456],[6.34426,46.50479],[6.34521,46.50542],[6.3457,46.50543],[6.34631,46.50579],[6.34708,46.50592],[6.34708,46.50639],[6.34805,46.5066],[6.34807,46.50699],[6.3491,46.50718],[6.34912,46.50764],[6.35024,46.50805],[6.35031,46.50835],[6.35198,46.50897],[6.35247,46.50891],[6.35265,46.50938],[6.35375,46.50967],[6.35399,46.51011],[6.35511,46.51063],[6.3571,46.51221],[6.35819,46.51263],[6.35944,46.51394],[6.36067,46.51582],[6.36115,46.51622],[6.36176,46.51633]]}},{"type":"Feature","properties":{"id":"curbit-vd","c":"VD","p":"patent","q":"derived","k":"river"},"geometry":{"type":"LineString","coordinates":[[6.40692,46.53314],[6.41122,46.53563],[6.41376,46.53646],[6.41733,46.53819],[6.41937,46.54072],[6.42081,46.54211],[6.42316,46.54239],[6.42387,46.54211],[6.42502,46.54255],[6.42541,46.54287],[6.42537,46.5432],[6.42574,46.54339],[6.4261,46.54332],[6.42619,46.5437],[6.42801,46.54406],[6.42873,46.54359],[6.42931,46.54361],[6.43026,46.54325],[6.43132,46.54328],[6.43201,46.5428],[6.43291,46.54262],[6.43322,46.54124],[6.43365,46.54064],[6.43348,46.5404],[6.43412,46.53996],[6.43394,46.53926],[6.43432,46.53884],[6.43392,46.53824],[6.434,46.53791],[6.43317,46.53721],[6.43344,46.53681],[6.43556,46.53538],[6.43554,46.53487],[6.43594,46.53461],[6.43618,46.53382],[6.43687,46.53328],[6.43704,46.53174],[6.43719,46.53144],[6.4381,46.53087],[6.43786,46.53074],[6.43782,46.53019],[6.43826,46.52924],[6.43802,46.52867],[6.4389,46.52821],[6.43955,46.52756],[6.43982,46.5269],[6.4416,46.52615],[6.44199,46.52606],[6.44274,46.52679],[6.44464,46.52606],[6.44611,46.52677],[6.44797,46.52801],[6.44929,46.52808],[6.4505,46.5286],[6.45143,46.5293],[6.45139,46.5296],[6.45254,46.53001],[6.45295,46.53044],[6.45279,46.53072],[6.45338,46.53099],[6.45273,46.53153],[6.4532,46.53183],[6.45358,46.53184],[6.45373,46.53244],[6.45445,46.53291],[6.45521,46.53287],[6.45564,46.53431],[6.45646,46.53463],[6.45701,46.53445]]}},{"type":"Feature","properties":{"id":"arena-vd","c":"VD","p":"patent","q":"derived","k":"river"},"geometry":{"type":"LineString","coordinates":[[6.49016,46.53755],[6.49148,46.53776],[6.49333,46.53778],[6.49437,46.53732],[6.49834,46.53719],[6.49903,46.53753],[6.50049,46.53953],[6.5015,46.54047],[6.50203,46.54069],[6.50391,46.54093],[6.50519,46.54052],[6.50599,46.54126],[6.50589,46.54272],[6.50834,46.54385],[6.50962,46.54418],[6.51023,46.54625],[6.50942,46.54826],[6.50966,46.54935],[6.51042,46.55037],[6.51141,46.55032],[6.51201,46.55086],[6.51302,46.55125],[6.51328,46.5512],[6.5138,46.55215],[6.51354,46.55239],[6.51388,46.55257],[6.51377,46.55289],[6.5144,46.55291],[6.51507,46.55331],[6.51511,46.55368],[6.51576,46.55433],[6.51723,46.55515],[6.51872,46.55673],[6.51954,46.55707],[6.51993,46.55706],[6.52095,46.55777],[6.52163,46.55791],[6.52236,46.55854],[6.52295,46.55865],[6.52313,46.55927],[6.52296,46.55955],[6.5238,46.56029],[6.52467,46.5605],[6.52576,46.56115],[6.52649,46.56137],[6.52696,46.56093],[6.5277,46.56077],[6.52801,46.55991]]}},{"type":"Feature","properties":{"id":"ruisseau-de-lamponex-vd","c":"VD","p":"patent","q":"derived","k":"river"},"geometry":{"type":"LineString","coordinates":[[6.42945,46.59375],[6.4312,46.59425],[6.43376,46.59327],[6.43414,46.59329],[6.43447,46.59357],[6.43483,46.59352],[6.43671,46.59251],[6.43908,46.59203],[6.44009,46.59125],[6.44037,46.59042],[6.44094,46.59037],[6.44185,46.58923],[6.4435,46.58842],[6.44425,46.58851],[6.44496,46.5883],[6.44541,46.58852],[6.44542,46.58873],[6.4457,46.58859],[6.44603,46.58899],[6.44652,46.58909],[6.44862,46.58866],[6.44974,46.58938],[6.45002,46.58931],[6.45038,46.58954],[6.45082,46.58948],[6.45174,46.5897],[6.45191,46.5896],[6.45202,46.58973],[6.45293,46.58946],[6.45377,46.58942],[6.45401,46.58979],[6.45385,46.59012],[6.45417,46.59046],[6.45388,46.59085],[6.45394,46.59142],[6.45366,46.59145],[6.45396,46.59257],[6.4544,46.59299],[6.45572,46.59318],[6.45585,46.59359],[6.45727,46.59392],[6.45785,46.59457],[6.458,46.59514],[6.4572,46.59629],[6.45706,46.59692],[6.45737,46.59832],[6.45782,46.59865],[6.45913,46.5988],[6.45996,46.59925],[6.45987,46.59994],[6.4601,46.6001],[6.46029,46.60124],[6.45936,46.6025],[6.45934,46.60311],[6.45959,46.60343],[6.46011,46.60615],[6.46063,46.60656],[6.46064,46.60695]]}},{"type":"Feature","properties":{"id":"chergeaule-vd","c":"VD","p":"patent","q":"derived","k":"river"},"geometry":{"type":"LineString","coordinates":[[6.38366,46.63582],[6.38425,46.63537],[6.38584,46.63485],[6.3871,46.63346],[6.38691,46.63281],[6.38645,46.63255],[6.38661,46.63201],[6.3881,46.63162],[6.38936,46.63088],[6.39269,46.63014],[6.39332,46.62827],[6.39743,46.62735],[6.39781,46.62683],[6.39863,46.62675],[6.40148,46.62502],[6.40256,46.62509],[6.40349,46.62543],[6.40604,46.62418],[6.4067,46.62404],[6.40735,46.6234],[6.40834,46.62298],[6.40896,46.6223],[6.41332,46.62059],[6.41496,46.61942]]}},{"type":"Feature","properties":{"id":"sorge-vd","c":"VD","p":"patent","q":"derived","k":"river"},"geometry":{"type":"MultiLineString","coordinates":[[[6.59453,46.61157],[6.59469,46.61131],[6.59436,46.61075],[6.59379,46.6108],[6.59055,46.60651],[6.58812,46.60583],[6.58639,46.59675],[6.58515,46.59382],[6.58514,46.59232],[6.58459,46.59073],[6.58475,46.58938],[6.58458,46.5892],[6.58393,46.58934],[6.58367,46.589],[6.58394,46.5887],[6.58384,46.588],[6.58262,46.58687],[6.5829,46.58626],[6.58254,46.58594],[6.58273,46.58528],[6.58223,46.58478],[6.58199,46.58485],[6.58179,46.58466],[6.58173,46.58402],[6.58198,46.58394],[6.58035,46.58317],[6.57967,46.58368],[6.57976,46.58419],[6.57941,46.58439],[6.57888,46.58434],[6.57869,46.58466],[6.57766,46.58427],[6.57667,46.58448],[6.57633,46.58403],[6.57604,46.58302],[6.57542,46.58226],[6.57541,46.5817],[6.5758,46.58127],[6.57572,46.58091],[6.57522,46.58007],[6.57391,46.57893],[6.57397,46.5775],[6.57298,46.57643],[6.57325,46.57599],[6.57356,46.57593],[6.57351,46.57576],[6.57389,46.57579],[6.57454,46.57495],[6.57497,46.57496],[6.57517,46.57454],[6.57439,46.57311],[6.57463,46.57245],[6.57344,46.5708],[6.5729,46.57039],[6.57312,46.56998],[6.5736,46.5698],[6.57338,46.56902],[6.57224,46.56763],[6.57081,46.56706],[6.57059,46.56656],[6.56944,46.56564],[6.56979,46.56421]],[[6.56979,46.56421],[6.56994,46.56411],[6.57007,46.56427]],[[6.56979,46.56421],[6.56993,46.5642],[6.57007,46.56427]],[[6.57007,46.56427],[6.57031,46.56376]],[[6.57031,46.56376],[6.57053,46.56376]],[[6.57031,46.56376],[6.57046,46.56365],[6.57053,46.56376]],[[6.57053,46.56376],[6.57083,46.56362],[6.5707,46.5631],[6.57126,46.56293],[6.57084,46.56244],[6.57096,46.56139],[6.57059,46.56127],[6.57116,46.56064],[6.57092,46.56036],[6.57123,46.55979],[6.57097,46.55929],[6.57109,46.55861],[6.56955,46.55709],[6.56765,46.55634],[6.56754,46.55561],[6.56688,46.5551],[6.5669,46.55451],[6.56572,46.55019],[6.566,46.55002],[6.56564,46.54978],[6.5662,46.54949],[6.56607,46.54913],[6.56679,46.54918],[6.56658,46.54896],[6.56697,46.54795],[6.56661,46.54783],[6.56666,46.5475],[6.5674,46.54601],[6.56838,46.5423],[6.56828,46.54199],[6.56957,46.54165],[6.56909,46.54143],[6.56906,46.54057],[6.57097,46.53628],[6.56809,46.53107],[6.56736,46.53053],[6.56712,46.53007],[6.56614,46.52572],[6.56735,46.52467],[6.56692,46.52451],[6.56672,46.52395],[6.56727,46.52366],[6.56772,46.52293],[6.5689,46.52227],[6.569,46.52201],[6.5698,46.52176],[6.57064,46.52188],[6.5708,46.52221],[6.57137,46.52245],[6.5727,46.52255],[6.5729,46.52233],[6.57398,46.52298],[6.57474,46.52277],[6.57573,46.52292],[6.57671,46.52357],[6.57656,46.52376],[6.57726,46.52373],[6.57772,46.52428],[6.57834,46.52443]]]}},{"type":"Feature","properties":{"id":"vuachere-vd","c":"VD","p":"patent","q":"derived","k":"river"},"geometry":{"type":"LineString","coordinates":[[6.66568,46.54129],[6.66412,46.54058],[6.66373,46.53924],[6.66401,46.53825],[6.66227,46.53793],[6.66169,46.53799],[6.66019,46.5374],[6.65915,46.53728],[6.65863,46.53696],[6.65816,46.53599],[6.65668,46.53535],[6.6562,46.53476],[6.65533,46.53466],[6.65496,46.53484],[6.65385,46.53407],[6.65318,46.53398],[6.65297,46.53374],[6.65143,46.53379],[6.65039,46.53332],[6.6504,46.5325],[6.65076,46.53231],[6.65053,46.53192],[6.65015,46.5318],[6.64986,46.53109],[6.65025,46.53024],[6.64972,46.52961],[6.64959,46.52813],[6.6502,46.52799],[6.65096,46.52753],[6.65154,46.52643],[6.65099,46.52527],[6.6511,46.52402],[6.65181,46.52323],[6.65136,46.52203],[6.65189,46.52147],[6.65182,46.52114],[6.6534,46.52004],[6.65413,46.51825],[6.65374,46.51681],[6.65403,46.51612],[6.65378,46.51586],[6.65429,46.51499],[6.65406,46.51417],[6.6537,46.51379],[6.65384,46.5134],[6.65276,46.51312],[6.65258,46.51344],[6.652,46.51328],[6.65158,46.51369],[6.65108,46.51363],[6.65115,46.51316],[6.64901,46.51263],[6.6485,46.51269],[6.64848,46.51305],[6.64804,46.5128],[6.64728,46.51282],[6.64657,46.51252],[6.64521,46.51274],[6.6443,46.51203],[6.64243,46.51162],[6.64199,46.51176],[6.64129,46.51122],[6.63945,46.51046],[6.63944,46.50953],[6.63978,46.50847],[6.64039,46.50815],[6.64043,46.50741],[6.64104,46.50751],[6.64108,46.50672],[6.64198,46.50592],[6.64204,46.50566]]}},{"type":"Feature","properties":{"id":"flon-vd","c":"VD","p":"patent","q":"derived","k":"river"},"geometry":{"type":"MultiLineString","coordinates":[[[6.65571,46.54768],[6.65549,46.54738],[6.65287,46.54718],[6.65262,46.5473],[6.65134,46.54688],[6.65024,46.54705],[6.64934,46.54757],[6.64858,46.54774],[6.64671,46.54666],[6.64588,46.54646],[6.64474,46.54645],[6.64457,46.54622],[6.64392,46.54615],[6.64349,46.54586],[6.64345,46.54523],[6.64265,46.54444],[6.64249,46.54364],[6.64281,46.54308],[6.64253,46.54292],[6.64249,46.54195],[6.6422,46.54133],[6.64227,46.54043],[6.64169,46.5402],[6.6419,46.53978],[6.64174,46.53945],[6.64369,46.53832],[6.64418,46.53766],[6.64416,46.5371],[6.64497,46.53541],[6.64591,46.53431],[6.64619,46.53309],[6.64544,46.532],[6.6406,46.52898],[6.63871,46.52672],[6.63697,46.52554],[6.63723,46.52185],[6.63635,46.52096],[6.63352,46.52095],[6.63088,46.5204],[6.62294,46.52212],[6.62136,46.52203],[6.61898,46.52234],[6.61828,46.52199],[6.61598,46.52203],[6.61414,46.52153],[6.60769,46.52366],[6.60606,46.52331],[6.60349,46.51956],[6.6023,46.51223]],[[6.65746,46.54957],[6.65753,46.54912],[6.65705,46.54879],[6.65687,46.54829],[6.65571,46.54768]],[[6.65746,46.54957],[6.65734,46.54906],[6.65675,46.54903],[6.65644,46.54829],[6.65571,46.54768]],[[6.67326,46.56592],[6.67269,46.56549],[6.67236,46.56546],[6.67113,46.56616],[6.67093,46.56648],[6.66914,46.56675],[6.6683,46.5665],[6.66809,46.56613],[6.6673,46.5658],[6.66618,46.56564],[6.66476,46.5646],[6.66354,46.5643],[6.66092,46.56232],[6.66119,46.56213],[6.66109,46.56177],[6.66132,46.56134],[6.66113,46.56093],[6.66122,46.56002],[6.66061,46.55977],[6.6604,46.55907],[6.66058,46.55892],[6.65965,46.55819],[6.65992,46.55791],[6.65914,46.55746],[6.65897,46.55753],[6.65894,46.55722],[6.65831,46.55689],[6.65816,46.5566],[6.65849,46.55568],[6.65839,46.55524],[6.6586,46.55514],[6.65844,46.55461],[6.65881,46.55442],[6.65866,46.55425],[6.65885,46.55398],[6.65779,46.55299],[6.65793,46.55277],[6.65729,46.55207],[6.65699,46.55081],[6.65729,46.55056],[6.65746,46.54957]]]}},{"type":"Feature","properties":{"id":"chandelar-vd","c":"VD","p":"patent","q":"derived","k":"river"},"geometry":{"type":"LineString","coordinates":[[6.71303,46.5662],[6.71224,46.5657],[6.71115,46.56579],[6.71031,46.56534],[6.71031,46.56493],[6.70953,46.56429],[6.70983,46.56316],[6.70947,46.56238],[6.70859,46.56137],[6.70886,46.561],[6.70876,46.56065],[6.70709,46.55873],[6.70675,46.55692],[6.70524,46.55518],[6.7049,46.55442],[6.70504,46.55419],[6.70474,46.55413],[6.70483,46.55385],[6.70443,46.55372],[6.70401,46.55306],[6.70384,46.55231],[6.70289,46.55201],[6.70183,46.55127],[6.70107,46.55107],[6.70024,46.55],[6.69995,46.54919],[6.70016,46.54899],[6.70002,46.54856],[6.70044,46.54816],[6.69982,46.54722],[6.70002,46.54679],[6.69939,46.54638],[6.69922,46.54556],[6.69842,46.54502],[6.69868,46.54479],[6.69829,46.54444],[6.698,46.54286],[6.69817,46.54256],[6.6977,46.54255],[6.69741,46.54274],[6.6968,46.54253],[6.69599,46.5425],[6.69474,46.54314],[6.69457,46.54355],[6.69377,46.54382],[6.69359,46.54431],[6.6931,46.54459],[6.6918,46.54446],[6.69131,46.54459],[6.69085,46.54391],[6.69033,46.5437],[6.6898,46.54314],[6.68945,46.54248],[6.68825,46.54202],[6.68824,46.5411],[6.68787,46.54046],[6.6872,46.54031],[6.68703,46.53995],[6.68639,46.53978],[6.68632,46.5391],[6.68535,46.53857],[6.68509,46.53788],[6.68285,46.53709],[6.68193,46.53705],[6.6809,46.53651],[6.67952,46.53661],[6.6776,46.53497],[6.67734,46.53412],[6.67694,46.53419],[6.67632,46.53399],[6.67605,46.53419],[6.67558,46.53399],[6.67351,46.53391],[6.67221,46.53322],[6.67188,46.53331],[6.67115,46.5331],[6.67022,46.5323],[6.6701,46.53131],[6.67048,46.52997],[6.67021,46.52824],[6.67064,46.52759],[6.67159,46.52724],[6.6717,46.52696],[6.67231,46.52664],[6.67309,46.52495],[6.67387,46.52415],[6.67394,46.52369]]}},{"type":"Feature","properties":{"id":"forestay-vd","c":"VD","p":"patent","q":"derived","k":"river"},"geometry":{"type":"LineString","coordinates":[[6.78342,46.50981],[6.78306,46.509],[6.78194,46.50788],[6.78042,46.50517],[6.78015,46.50444],[6.78043,46.5039],[6.77965,46.50253],[6.77803,46.50089],[6.77605,46.50066],[6.77601,46.50017],[6.77574,46.49995],[6.77413,46.4998],[6.77252,46.49907],[6.77212,46.49869],[6.77022,46.49799],[6.76952,46.49712],[6.76986,46.49618],[6.76945,46.49613],[6.76911,46.49528],[6.76875,46.49525],[6.76849,46.49375],[6.76899,46.49285],[6.76838,46.4923],[6.76851,46.49045],[6.76932,46.48883],[6.76865,46.48776],[6.7688,46.48646],[6.7682,46.48627],[6.76812,46.48606],[6.76933,46.48533],[6.76957,46.48492],[6.77159,46.48467],[6.77199,46.48421],[6.77285,46.484],[6.77297,46.48341],[6.77331,46.48321],[6.77417,46.48325],[6.77542,46.48258],[6.77529,46.48168],[6.77447,46.48072],[6.77469,46.47999],[6.77548,46.4796],[6.77607,46.47961],[6.77618,46.47929],[6.77554,46.4789],[6.77476,46.47776],[6.77508,46.47735],[6.77665,46.47693],[6.77715,46.4765],[6.77706,46.47558],[6.77762,46.47472]]}},{"type":"Feature","properties":{"id":"salenche-vd","c":"VD","p":"patent","q":"derived","k":"river"},"geometry":{"type":"LineString","coordinates":[[6.81072,46.49035],[6.80978,46.48998],[6.80848,46.48982],[6.80741,46.48897],[6.8086,46.48572],[6.8083,46.48524],[6.8075,46.485],[6.80473,46.48497],[6.80436,46.48475],[6.80359,46.4848],[6.80312,46.48422],[6.80243,46.48393],[6.8018,46.48414],[6.80001,46.48526],[6.79908,46.48509],[6.79862,46.48479],[6.798,46.48259],[6.79738,46.4819],[6.79765,46.48132],[6.79907,46.48036],[6.79907,46.47887],[6.79876,46.47751],[6.79933,46.47714],[6.79984,46.47644],[6.7992,46.47587],[6.79932,46.47522],[6.79897,46.47449],[6.79889,46.47241]]}},{"type":"Feature","properties":{"id":"ognona-vd","c":"VD","p":"patent","q":"derived","k":"river"},"geometry":{"type":"LineString","coordinates":[[6.90519,46.47991],[6.90395,46.47981],[6.90272,46.47937],[6.90167,46.47852],[6.9004,46.47704],[6.8978,46.47701],[6.89723,46.4768],[6.89672,46.47612],[6.89616,46.47583],[6.89489,46.47453],[6.89372,46.47292],[6.8915,46.47096],[6.89119,46.46919],[6.88827,46.46781],[6.88676,46.4674],[6.8844,46.46575],[6.8834,46.46588],[6.88205,46.4656],[6.8811,46.46566],[6.88025,46.46544],[6.8797,46.46549],[6.87909,46.46529],[6.87865,46.46476],[6.87811,46.46461],[6.8762,46.46487],[6.87504,46.46484],[6.87377,46.46514],[6.87248,46.46485],[6.87041,46.46381],[6.86957,46.4631],[6.8689,46.46296],[6.86756,46.4622],[6.86636,46.46196],[6.86527,46.46138],[6.86391,46.46126],[6.8629,46.4605],[6.8616,46.45988],[6.85988,46.4598],[6.85935,46.45994],[6.85881,46.45967],[6.85794,46.45959],[6.85542,46.45753],[6.85277,46.45685]]}},{"type":"Feature","properties":{"id":"baye-de-clarens-vd","c":"VD","p":"patent","q":"derived","k":"river"},"geometry":{"type":"MultiLineString","coordinates":[[[6.90606,46.46064],[6.9054,46.46035],[6.90366,46.46089],[6.90249,46.46074],[6.90011,46.45955],[6.89982,46.45894],[6.89809,46.4582],[6.89758,46.45631],[6.89859,46.45397],[6.89644,46.45125],[6.89646,46.45036],[6.897,46.44912],[6.89678,46.4487],[6.8964,46.44851],[6.89554,46.44649],[6.89351,46.44528],[6.8929,46.44459],[6.89076,46.44305],[6.8892,46.44022]],[[6.92613,46.47759],[6.92589,46.47678],[6.92596,46.47557],[6.92531,46.47439],[6.92567,46.47305],[6.92539,46.47218],[6.92621,46.47057],[6.92673,46.47001],[6.92704,46.46913],[6.92659,46.46748],[6.92582,46.46657],[6.92573,46.46576],[6.92537,46.46555],[6.92554,46.46479],[6.92519,46.46375],[6.92386,46.46301],[6.92097,46.46275],[6.92055,46.46284],[6.91997,46.46259],[6.91869,46.46301],[6.91763,46.46271],[6.91671,46.46266],[6.91588,46.46153],[6.91494,46.46153],[6.91376,46.46122],[6.91318,46.46067],[6.91245,46.46092],[6.91191,46.46144],[6.91131,46.46127],[6.91111,46.46055],[6.91037,46.4602],[6.90884,46.46027],[6.90795,46.46093],[6.9067,46.4606]]]}},{"type":"Feature","properties":{"id":"avessan-vd","c":"VD","p":"patent","q":"derived","k":"river"},"geometry":{"type":"LineString","coordinates":[[6.95655,46.47777],[6.95685,46.4769],[6.95662,46.47636],[6.95427,46.47428],[6.95379,46.47349],[6.95206,46.47185],[6.94963,46.46987],[6.94931,46.46891],[6.94823,46.46843],[6.94541,46.46607],[6.94401,46.46531],[6.94346,46.46524],[6.94245,46.46477],[6.94097,46.46384],[6.93917,46.4635],[6.93873,46.4632],[6.93826,46.46242],[6.9376,46.46204],[6.93647,46.46179],[6.93535,46.46223],[6.93251,46.46213],[6.93098,46.46293],[6.9295,46.46262],[6.92837,46.46275],[6.92747,46.46334],[6.92656,46.46478],[6.92553,46.46476]]}},{"type":"Feature","properties":{"id":"veraye-vd","c":"VD","p":"patent","q":"derived","k":"river"},"geometry":{"type":"LineString","coordinates":[[6.97361,46.4353],[6.97278,46.43508],[6.9719,46.43458],[6.96963,46.43441],[6.96767,46.43385],[6.96608,46.43365],[6.96388,46.43259],[6.96311,46.43262],[6.96042,46.43213],[6.95774,46.43063],[6.95378,46.43023],[6.95291,46.42964],[6.95139,46.42946],[6.94998,46.42823],[6.94852,46.42807],[6.94694,46.42872],[6.94551,46.42785],[6.94449,46.42777],[6.94323,46.42709],[6.94146,46.4269],[6.94008,46.42569],[6.93803,46.42527],[6.93639,46.42445],[6.93531,46.42465],[6.93479,46.42421],[6.93374,46.42429],[6.93186,46.42343],[6.92938,46.42316],[6.92852,46.42258],[6.9269,46.42191],[6.9239,46.42113]]}},{"type":"Feature","properties":{"id":"tiniere-vd","c":"VD","p":"patent","q":"derived","k":"river"},"geometry":{"type":"LineString","coordinates":[[6.99424,46.41876],[6.99169,46.41954],[6.98876,46.41906],[6.98438,46.41926],[6.9804,46.41806],[6.97837,46.41788],[6.97713,46.41656],[6.97524,46.41557],[6.97355,46.41495],[6.97332,46.41435],[6.97349,46.41397],[6.97131,46.41234],[6.96953,46.41178],[6.96762,46.41065],[6.96508,46.41007],[6.96397,46.40916],[6.96258,46.40856],[6.96185,46.408],[6.96148,46.40796],[6.96052,46.40826],[6.95905,46.40797],[6.95825,46.40821],[6.95523,46.40782],[6.95408,46.40723],[6.95253,46.40697],[6.95178,46.40726],[6.95048,46.40725],[6.94885,46.40631],[6.94784,46.40625],[6.94737,46.40595],[6.94637,46.40572],[6.94442,46.4055],[6.94334,46.40507],[6.94225,46.40436],[6.94063,46.4042],[6.93903,46.40371],[6.93772,46.4025],[6.93668,46.40198],[6.93529,46.40224],[6.93443,46.40204],[6.92821,46.40158],[6.92558,46.40219]]}},{"type":"Feature","properties":{"id":"vieux-rhone-vd","c":"VD","p":"patent","q":"derived","k":"river"},"geometry":{"type":"MultiLineString","coordinates":[[[6.87563,46.39038],[6.87516,46.39208],[6.8734,46.39405]],[[6.88817,46.37413],[6.88867,46.3752],[6.88864,46.37606],[6.88946,46.37735],[6.88883,46.37887],[6.88787,46.37965],[6.88594,46.38017],[6.88255,46.38181],[6.8803,46.38196],[6.87911,46.38271],[6.87837,46.3835],[6.87561,46.3837],[6.87466,46.38405],[6.87399,46.38462],[6.87433,46.38552],[6.87648,46.38717],[6.87664,46.38789],[6.87627,46.38906]],[[6.89382,46.36801],[6.89163,46.36917],[6.89139,46.37002],[6.89051,46.37127],[6.88895,46.37178]]]}},{"type":"Feature","properties":{"id":"torrent-d-yvorne-vd","c":"VD","p":"patent","q":"derived","k":"river"},"geometry":{"type":"MultiLineString","coordinates":[[[6.95989,46.32779],[6.96042,46.32677],[6.96033,46.32643],[6.95987,46.32606],[6.95841,46.32557]],[[6.97168,46.35521],[6.9706,46.35414],[6.97022,46.35238],[6.96927,46.35088],[6.9689,46.34977],[6.96774,46.34866],[6.96732,46.34794],[6.96749,46.34746],[6.96684,46.34692],[6.96618,46.34581],[6.96628,46.34473],[6.96418,46.34212],[6.96419,46.3413],[6.96391,46.34085],[6.96412,46.34032],[6.96465,46.33991],[6.96461,46.33905],[6.96419,46.33897],[6.96307,46.33823],[6.96143,46.33643],[6.96012,46.3357],[6.95919,46.33486],[6.9585,46.3328],[6.95836,46.33041],[6.9598,46.32807]]]}},{"type":"Feature","properties":{"id":"bay-vd","c":"VD","p":"patent","q":"derived","k":"river"},"geometry":{"type":"LineString","coordinates":[[7.02436,46.37131],[7.0273,46.3693],[7.02766,46.36853],[7.02867,46.3677],[7.02876,46.36644],[7.02938,46.36583],[7.03029,46.36572],[7.03143,46.36516],[7.03289,46.36534],[7.03358,46.36512],[7.03444,46.36404],[7.03605,46.36323],[7.03629,46.36245],[7.03551,46.36144],[7.03582,46.36026],[7.03628,46.35978],[7.03656,46.35958],[7.03681,46.35963],[7.03751,46.35907],[7.03835,46.35805],[7.04,46.3573],[7.04139,46.35697],[7.04245,46.35591],[7.04424,46.35585],[7.04531,46.35508],[7.04639,46.35464],[7.04713,46.35492],[7.04766,46.35473],[7.04972,46.35495],[7.05124,46.35448]]}},{"type":"Feature","properties":{"id":"raverette-vd","c":"VD","p":"patent","q":"derived","k":"river"},"geometry":{"type":"LineString","coordinates":[[7.11599,46.38497],[7.11701,46.3855],[7.11698,46.38592],[7.11741,46.38621],[7.1176,46.38759],[7.1173,46.38871],[7.11629,46.38917],[7.11536,46.39042],[7.11516,46.39081],[7.11522,46.39172],[7.11449,46.39219],[7.11278,46.39271],[7.11265,46.39336],[7.11166,46.39369],[7.11153,46.39393],[7.1106,46.39434],[7.10978,46.39444],[7.10924,46.3955],[7.10869,46.39599],[7.10487,46.39653],[7.10397,46.39645],[7.10305,46.39551],[7.10033,46.39414],[7.09959,46.39354],[7.09936,46.39362],[7.09909,46.39346],[7.09886,46.39289],[7.09783,46.39276],[7.0977,46.39197],[7.09728,46.392],[7.0968,46.39157],[7.09738,46.39034],[7.09669,46.38969],[7.09687,46.38936],[7.09515,46.38834],[7.09497,46.38777],[7.09461,46.38761],[7.09463,46.38722],[7.09409,46.38709],[7.09404,46.38664],[7.09366,46.38649],[7.09318,46.38591],[7.09248,46.38609],[7.09177,46.38586],[7.09125,46.38591],[7.09044,46.38501],[7.08974,46.38461],[7.08948,46.38402],[7.08885,46.38392],[7.08888,46.3836],[7.08784,46.38223],[7.08615,46.38132],[7.0858,46.3808],[7.08575,46.38001],[7.08443,46.37928],[7.0837,46.37838],[7.08321,46.37809],[7.08343,46.37755],[7.08269,46.37727],[7.08245,46.37678],[7.08146,46.37636],[7.08086,46.37577],[7.08097,46.37497],[7.07982,46.37419],[7.07915,46.37266],[7.07865,46.37227],[7.07878,46.37133],[7.07844,46.37098],[7.07877,46.37033],[7.07841,46.36953],[7.07859,46.36932],[7.07778,46.36815],[7.07837,46.36752],[7.07785,46.36697],[7.0764,46.36618],[7.07564,46.3654],[7.07337,46.36374],[7.07314,46.36279],[7.07378,46.36102],[7.0737,46.35997]]}},{"type":"Feature","properties":{"id":"torrent-vd","c":"VD","p":"patent","q":"derived","k":"river"},"geometry":{"type":"LineString","coordinates":[[7.19336,46.37093],[7.19162,46.37025],[7.19135,46.36946],[7.19009,46.36932],[7.1895,46.36895],[7.18825,46.36873],[7.18722,46.3682],[7.18614,46.36831],[7.18503,46.36808],[7.18431,46.36829],[7.18259,46.36832],[7.1818,46.36854],[7.18044,46.36824],[7.17981,46.36839],[7.17935,46.3682],[7.17895,46.36828],[7.17844,46.36801],[7.17772,46.36802],[7.17728,46.36781],[7.17627,46.36673],[7.17557,46.36658],[7.17396,46.36535],[7.1734,46.3652],[7.17273,46.36469],[7.1716,46.36453],[7.1715,46.36402],[7.17032,46.36334],[7.16974,46.36334],[7.16873,46.36301],[7.16699,46.3632],[7.16568,46.36284],[7.16539,46.36261],[7.16457,46.36263],[7.16326,46.36211],[7.16118,46.36205],[7.16051,46.36113],[7.15924,46.36059],[7.15931,46.36024],[7.15879,46.35929],[7.15817,46.35906],[7.15785,46.35846],[7.15715,46.35799],[7.15705,46.35715],[7.15604,46.35653],[7.15574,46.35581],[7.15543,46.35571],[7.15472,46.35585],[7.1541,46.35541],[7.15305,46.35534],[7.15162,46.35478],[7.15081,46.35419],[7.15007,46.35289],[7.14948,46.35231]]}},{"type":"Feature","properties":{"id":"dar-vd","c":"VD","p":"patent","q":"derived","k":"river"},"geometry":{"type":"MultiLineString","coordinates":[[[7.16768,46.3467],[7.16596,46.34624],[7.16478,46.34633],[7.16455,46.346],[7.16405,46.34587],[7.16395,46.34561],[7.16271,46.34579]],[[7.20789,46.33924],[7.20772,46.3399],[7.20647,46.34119],[7.20637,46.34229],[7.2052,46.34291],[7.20463,46.34484],[7.20308,46.34521],[7.20133,46.34594],[7.20106,46.34654],[7.20056,46.34693],[7.19961,46.34924],[7.19921,46.34948],[7.19753,46.34892],[7.19561,46.34903],[7.19366,46.34839],[7.19318,46.3486],[7.19256,46.34847],[7.19201,46.34857],[7.19103,46.34818],[7.19,46.34822],[7.18923,46.34779],[7.18886,46.34733],[7.18734,46.34704],[7.18594,46.34641],[7.18458,46.34611],[7.18062,46.34619],[7.17965,46.34599],[7.17887,46.34614],[7.17846,46.34603],[7.17742,46.34638],[7.17508,46.34638],[7.1743,46.3468],[7.17342,46.34696],[7.17159,46.3469],[7.17005,46.34712],[7.16788,46.34675]]]}},{"type":"Feature","properties":{"id":"torrent-de-culan-vd","c":"VD","p":"patent","q":"derived","k":"river"},"geometry":{"type":"LineString","coordinates":[[7.15334,46.31582],[7.15133,46.31734],[7.14896,46.31825],[7.14873,46.3193],[7.14839,46.31963],[7.14853,46.32036],[7.14803,46.32157],[7.14857,46.32208],[7.14855,46.32254],[7.14795,46.32448],[7.1481,46.32519],[7.1478,46.32593],[7.14775,46.32709],[7.14783,46.32775],[7.14815,46.32808],[7.14782,46.32896],[7.14812,46.33026],[7.14802,46.33094],[7.14998,46.33248],[7.14985,46.33313],[7.15079,46.33388],[7.15127,46.33475],[7.15203,46.33536],[7.15302,46.33584],[7.15326,46.33615],[7.15574,46.33728],[7.15687,46.33825],[7.15788,46.33834],[7.15845,46.3388],[7.15891,46.33873],[7.15914,46.339],[7.16015,46.3391],[7.16104,46.33965],[7.1621,46.34002]]}},{"type":"Feature","properties":{"id":"gryonne-vd","c":"VD","p":"patent","q":"derived","k":"river"},"geometry":{"type":"LineString","coordinates":[[7.1379,46.30744],[7.13563,46.30764],[7.13459,46.30796],[7.13326,46.30798],[7.13232,46.30834],[7.13053,46.30837],[7.12975,46.30874],[7.12858,46.30862],[7.12756,46.30921],[7.12499,46.30966],[7.12159,46.30877],[7.11946,46.30949],[7.11822,46.31029],[7.1167,46.31009],[7.11598,46.31036],[7.11555,46.31018],[7.11454,46.31014],[7.11408,46.31031],[7.1123,46.31022],[7.10985,46.30975],[7.10793,46.30879],[7.10723,46.30882],[7.10689,46.30853],[7.10497,46.30854],[7.10436,46.30827],[7.10393,46.30853],[7.10173,46.30781],[7.10108,46.30789],[7.09994,46.30738],[7.09923,46.30748],[7.09794,46.3067],[7.09652,46.30643],[7.09605,46.30611],[7.0948,46.30594],[7.09426,46.30534],[7.0933,46.30508],[7.0929,46.30459],[7.09229,46.30435],[7.09131,46.30326],[7.09123,46.30273],[7.09048,46.30234],[7.09015,46.30174],[7.08865,46.30087],[7.08825,46.30088],[7.08789,46.30123],[7.08748,46.30114],[7.08605,46.29996],[7.08582,46.29926],[7.08439,46.29881],[7.08333,46.29804],[7.08212,46.29778],[7.08062,46.29631],[7.08004,46.29455],[7.07943,46.29436],[7.07763,46.29289],[7.07621,46.29273],[7.07556,46.29216],[7.07551,46.29182],[7.07411,46.29144],[7.07262,46.29051],[7.0726,46.28988],[7.07197,46.28906],[7.07126,46.28741],[7.07122,46.28631],[7.0689,46.2854],[7.06732,46.28445],[7.06601,46.28418],[7.0634,46.28307],[7.05928,46.28287],[7.05842,46.28303],[7.05777,46.28342],[7.05553,46.28368],[7.05341,46.28415],[7.05294,46.28534],[7.0525,46.28568],[7.04948,46.28562],[7.04841,46.28579],[7.04766,46.28617],[7.04731,46.28608],[7.0471,46.28626],[7.04632,46.28603],[7.0458,46.28656],[7.04502,46.28634],[7.0443,46.28676],[7.04351,46.28683],[7.04299,46.28633],[7.04241,46.28636],[7.04033,46.28567],[7.04039,46.28499],[7.03951,46.28486],[7.03856,46.28432],[7.0383,46.28359],[7.0372,46.28372],[7.03546,46.28258],[7.03459,46.28273],[7.03366,46.28155],[7.03259,46.28095],[7.02865,46.28104],[7.0284,46.27977],[7.0274,46.27902],[7.02437,46.27748],[7.02401,46.27686],[7.02412,46.27638],[7.02369,46.27579],[7.01589,46.27172],[7.00673,46.26895],[6.99122,46.26807],[6.98755,46.26753],[6.98067,46.26565],[6.97327,46.26188]]}},{"type":"Feature","properties":{"id":"petite-gryonne-vd","c":"VD","p":"patent","q":"derived","k":"river"},"geometry":{"type":"LineString","coordinates":[[7.06551,46.31228],[7.06523,46.31148],[7.06275,46.30988],[7.06255,46.30892],[7.06191,46.30786],[7.06057,46.30685],[7.06034,46.30609],[7.05968,46.30596],[7.05874,46.30529],[7.05801,46.30508],[7.05765,46.30499],[7.05719,46.30515],[7.05597,46.30487],[7.05514,46.30371],[7.05062,46.30071],[7.04964,46.3007],[7.04837,46.30028],[7.0471,46.29953],[7.04614,46.29937],[7.04563,46.29766],[7.04504,46.29717],[7.04397,46.29673],[7.04321,46.29531],[7.04115,46.2933],[7.04043,46.29318],[7.0399,46.29225],[7.03891,46.29168],[7.03826,46.29156],[7.03728,46.2903],[7.03722,46.28985],[7.03493,46.28913],[7.03466,46.28828],[7.03412,46.28802],[7.03356,46.28728],[7.03353,46.28648],[7.03307,46.28617],[7.0328,46.28544],[7.03278,46.2844],[7.0315,46.28333],[7.03087,46.28315],[7.03035,46.28238],[7.02889,46.28226],[7.02897,46.28117]]}},{"type":"Feature","properties":{"id":"avancon-d-anzeide-vd","c":"VD","p":"patent","q":"derived","k":"river"},"geometry":{"type":"MultiLineString","coordinates":[[[7.16362,46.28178],[7.16451,46.28318],[7.16442,46.28495],[7.16382,46.28624],[7.1632,46.28666],[7.16201,46.28705],[7.16029,46.28711],[7.15941,46.28774],[7.15944,46.28815],[7.15994,46.28837],[7.16044,46.28818],[7.16057,46.28839],[7.1612,46.28841],[7.1614,46.28898],[7.16106,46.28914],[7.16181,46.28956],[7.16172,46.29012],[7.16129,46.29072],[7.15904,46.29154],[7.15796,46.29249],[7.15682,46.29305],[7.15484,46.29324],[7.15033,46.29316],[7.14681,46.29357],[7.14598,46.29339],[7.14536,46.29289],[7.14411,46.29263],[7.14301,46.29093],[7.14205,46.29035],[7.14126,46.28879],[7.14034,46.28853],[7.14005,46.28816],[7.13932,46.28784],[7.13894,46.28733],[7.1382,46.28723],[7.13727,46.28647],[7.13642,46.28611],[7.13626,46.28568],[7.1348,46.28509],[7.13333,46.28523],[7.13256,46.28512],[7.13183,46.28567],[7.13115,46.28578],[7.13005,46.28555],[7.12852,46.2856],[7.12816,46.28504],[7.12684,46.28494],[7.12569,46.28442],[7.12365,46.28447],[7.12322,46.28423],[7.12271,46.28437],[7.12041,46.28356],[7.11862,46.28355],[7.11824,46.28325],[7.11555,46.28263],[7.11544,46.28216],[7.11438,46.28158],[7.11337,46.28165],[7.1131,46.28134],[7.11237,46.28135],[7.11228,46.28113],[7.11191,46.28103],[7.11197,46.28073],[7.11013,46.28044],[7.10919,46.28039],[7.1076,46.28067],[7.10591,46.28027],[7.10504,46.28046],[7.10434,46.28037],[7.10331,46.28118],[7.10139,46.28143],[7.10036,46.28105],[7.0999,46.28114],[7.09887,46.28046],[7.09825,46.28046],[7.09682,46.2798],[7.09572,46.27986],[7.09477,46.27922],[7.09407,46.2794],[7.09332,46.2792],[7.09283,46.27886],[7.09184,46.27895],[7.0914,46.2788],[7.09046,46.27885],[7.08963,46.27855],[7.08904,46.27865],[7.08844,46.27831],[7.08786,46.27827],[7.08763,46.27799],[7.08658,46.27785],[7.08614,46.27762],[7.08459,46.27748],[7.08239,46.27781],[7.08202,46.27756],[7.08134,46.27757],[7.08075,46.27773],[7.08058,46.27802],[7.07971,46.27811],[7.07852,46.2777],[7.07787,46.27696],[7.07589,46.27654],[7.0757,46.27613],[7.07498,46.27591],[7.07283,46.27384],[7.0728,46.27324],[7.07254,46.27292],[7.07144,46.27228],[7.07116,46.27158],[7.07042,46.2713],[7.06978,46.27054],[7.06876,46.27045],[7.06727,46.26968],[7.06464,46.26773],[7.06218,46.26683],[7.06099,46.2661]],[[7.16374,46.28067],[7.1629,46.2813],[7.163,46.28173],[7.16362,46.28178]],[[7.16374,46.28067],[7.16395,46.28131],[7.16362,46.28178]],[[7.17359,46.28051],[7.17295,46.2801],[7.17255,46.28022],[7.17219,46.2801],[7.17213,46.27988],[7.17145,46.27982],[7.1708,46.27951],[7.16976,46.27941],[7.16928,46.2792],[7.16834,46.2792],[7.16777,46.27954],[7.16735,46.27952],[7.16605,46.27997],[7.16511,46.28008],[7.16487,46.27989],[7.16374,46.28067]]]}},{"type":"Feature","properties":{"id":"ivouette-vd","c":"VD","p":"patent","q":"derived","k":"river"},"geometry":{"type":"LineString","coordinates":[[7.06448,46.22269],[7.06523,46.22482],[7.0652,46.22549],[7.06449,46.22684],[7.06483,46.22792],[7.06467,46.2282],[7.06387,46.22854],[7.06366,46.23032],[7.06379,46.23122],[7.06303,46.23338],[7.06353,46.23446],[7.06364,46.23579],[7.06457,46.2366],[7.06452,46.24021],[7.06514,46.24166],[7.06496,46.24254],[7.06558,46.24358],[7.0653,46.24455],[7.06574,46.2452],[7.06578,46.24679],[7.06635,46.2485],[7.06651,46.25019],[7.06633,46.25147],[7.06594,46.25174],[7.06535,46.25178],[7.06567,46.25219],[7.06544,46.25365],[7.06612,46.25413],[7.0669,46.25597],[7.06748,46.25617],[7.06904,46.25738],[7.07037,46.25806],[7.07107,46.25968]]}},{"type":"Feature","properties":{"id":"avancon-de-morcles-vd","c":"VD","p":"patent","q":"derived","k":"river"},"geometry":{"type":"LineString","coordinates":[[7.05952,46.2087],[7.05776,46.2083],[7.05666,46.20842],[7.05305,46.20983],[7.05248,46.21032],[7.05164,46.2104],[7.05089,46.21113],[7.04956,46.21123],[7.04885,46.21156],[7.04817,46.21217],[7.04401,46.21145],[7.04185,46.21067],[7.04097,46.21011],[7.04079,46.20979],[7.04116,46.20931],[7.04046,46.20834],[7.03882,46.20838],[7.0378,46.20769],[7.03513,46.20656],[7.0343,46.2058],[7.03357,46.20574],[7.03148,46.20266],[7.03132,46.20116],[7.02933,46.19977],[7.02937,46.19945],[7.02875,46.19906],[7.02793,46.19806],[7.02626,46.19764],[7.0253,46.19759]]}},{"type":"Feature","properties":{"id":"ruisseau-du-sex-rouge-vd","c":"VD","p":"patent","q":"derived","k":"river"},"geometry":{"type":"LineString","coordinates":[[7.20995,46.32184],[7.20942,46.32165],[7.20325,46.32262],[7.2012,46.32266],[7.20006,46.3234],[7.19847,46.32323],[7.19492,46.32455],[7.19392,46.32451],[7.19138,46.3252],[7.18932,46.32548],[7.18585,46.32499],[7.18423,46.32503],[7.17975,46.32375],[7.17853,46.32375],[7.17755,46.32354],[7.17629,46.32414],[7.17576,46.3249],[7.17458,46.32568],[7.17226,46.32588],[7.17108,46.3263]]}},{"type":"Feature","properties":{"id":"combagnou-vd","c":"VD","p":"patent","q":"derived","k":"river"},"geometry":{"type":"LineString","coordinates":[[6.41121,46.57114],[6.41216,46.57074],[6.418,46.57],[6.42071,46.57078],[6.42215,46.57099],[6.42269,46.57189],[6.42337,46.57229],[6.42451,46.57253],[6.42513,46.57349],[6.42808,46.57434],[6.43056,46.57474],[6.4337,46.5748],[6.43475,46.57429],[6.43516,46.5738],[6.4362,46.57343],[6.43756,46.57437],[6.43893,46.57437],[6.44065,46.57477],[6.44171,46.57444],[6.44244,46.5737],[6.44345,46.57385],[6.44395,46.5735],[6.44418,46.57356],[6.44488,46.57324],[6.44658,46.57341],[6.44751,46.57322],[6.44806,46.57333],[6.44885,46.57296],[6.44855,46.57235],[6.44934,46.57211],[6.44893,46.57164],[6.44951,46.5714],[6.44976,46.5709],[6.45031,46.57076],[6.45026,46.57049],[6.45122,46.56921]]}},{"type":"Feature","properties":{"id":"eau-noire-vd","c":"VD","p":"patent","q":"derived","k":"river"},"geometry":{"type":"LineString","coordinates":[[6.36846,46.48774],[6.37224,46.48521],[6.37324,46.48474],[6.37508,46.48445],[6.37621,46.48446],[6.37706,46.48376],[6.37802,46.48367],[6.37845,46.48345],[6.37883,46.48294],[6.37945,46.48274],[6.38084,46.48169],[6.37728,46.48009],[6.37715,46.47918],[6.37599,46.47914],[6.37483,46.47871],[6.37311,46.47843],[6.37063,46.47712],[6.36843,46.47651],[6.36802,46.47606],[6.36817,46.47483],[6.36903,46.4746],[6.36964,46.47327],[6.37115,46.47177],[6.37072,46.47036],[6.37115,46.46945],[6.37117,46.4688],[6.3724,46.468],[6.37327,46.4677],[6.37539,46.46795],[6.37723,46.46669],[6.37791,46.46663],[6.37833,46.46617],[6.37919,46.46582],[6.37959,46.46496]]}},{"type":"Feature","properties":{"id":"petit-glane-vd","c":"VD","p":"patent","q":"derived","k":"river"},"geometry":{"type":"MultiLineString","coordinates":[[[6.78445,46.7459],[6.78521,46.74623],[6.78584,46.74732],[6.78631,46.74753],[6.78734,46.74874],[6.78751,46.74985],[6.78722,46.75032],[6.78755,46.75179],[6.78809,46.7519],[6.78866,46.75279],[6.78914,46.75288],[6.79006,46.7535],[6.79054,46.75417],[6.79045,46.75501],[6.79088,46.75507],[6.79128,46.75601],[6.79181,46.75611],[6.79253,46.75669],[6.79252,46.75704],[6.79399,46.75828],[6.79451,46.75945],[6.79551,46.75982],[6.79547,46.7606],[6.79644,46.76095],[6.79651,46.76125],[6.79749,46.76162],[6.79792,46.76212],[6.79824,46.76343],[6.79811,46.76374],[6.79739,46.76411],[6.79746,46.76435],[6.79802,46.76451],[6.79808,46.76498],[6.79915,46.76631],[6.8007,46.76697],[6.80075,46.76727],[6.80183,46.76787],[6.80338,46.76922],[6.80336,46.76945],[6.80412,46.76979],[6.80445,46.7697],[6.80492,46.77014],[6.80493,46.77046],[6.80617,46.77065],[6.80635,46.77092],[6.80706,46.77088],[6.80804,46.77143],[6.80868,46.77138],[6.80909,46.77175],[6.81032,46.77195],[6.81093,46.77238],[6.81208,46.7728],[6.81376,46.77398],[6.81355,46.77426],[6.81401,46.77471],[6.81532,46.77505],[6.81622,46.77591],[6.81666,46.77605],[6.81691,46.77592],[6.81742,46.77634],[6.81788,46.77609],[6.8179,46.7763],[6.81858,46.77657],[6.81838,46.77677],[6.81852,46.77763]],[[6.92926,46.85464],[6.95052,46.86929],[6.95207,46.87011],[6.9569,46.87202]],[[6.96444,46.87345],[6.97371,46.87502],[6.97616,46.876],[6.97768,46.87759],[6.98114,46.87895],[6.98266,46.87973]],[[6.99638,46.89776],[7.0008,46.90202],[7.00832,46.90674],[7.01999,46.91139],[7.02198,46.9117],[7.02241,46.91194],[7.02254,46.91271],[7.0233,46.91346],[7.02565,46.91434]]]}},{"type":"Feature","properties":{"id":"bressonne-vd","c":"VD","p":"patent","q":"derived","k":"river"},"geometry":{"type":"LineString","coordinates":[[6.71248,46.57835],[6.71315,46.57716],[6.71304,46.57548],[6.71361,46.57462],[6.71415,46.57304],[6.71407,46.57253],[6.71462,46.57201],[6.71451,46.57175],[6.71524,46.5717],[6.71595,46.57214],[6.71723,46.57219],[6.71803,46.57254],[6.7187,46.57251],[6.71915,46.57287],[6.7211,46.57322],[6.72162,46.57352],[6.7238,46.57385],[6.72583,46.57379],[6.72642,46.57357],[6.72676,46.57307],[6.72766,46.57313],[6.72892,46.57261],[6.73003,46.57314],[6.73097,46.57324],[6.73133,46.57311],[6.7314,46.5728],[6.7323,46.57239],[6.73529,46.57254],[6.73664,46.5728],[6.73776,46.57266],[6.73896,46.57295],[6.73989,46.57279],[6.74081,46.57302],[6.74195,46.57305],[6.74467,46.57498],[6.74485,46.57602],[6.74465,46.57685],[6.74593,46.57725],[6.74629,46.57777],[6.74702,46.57791],[6.74766,46.57899],[6.74824,46.57933],[6.74837,46.57979],[6.7489,46.58013],[6.74879,46.58064],[6.74965,46.58093],[6.74967,46.58134],[6.75023,46.58199],[6.74973,46.58343],[6.75045,46.58438],[6.75076,46.5853],[6.75029,46.58601],[6.75096,46.58717],[6.75102,46.58778],[6.75034,46.59031],[6.74975,46.59046],[6.74988,46.59208],[6.74968,46.59228],[6.74978,46.59276],[6.75078,46.5933],[6.75093,46.59459],[6.75183,46.59505],[6.75253,46.59503],[6.75293,46.59533],[6.75296,46.59651],[6.7534,46.59653],[6.75385,46.59704],[6.75491,46.59732],[6.75493,46.59772],[6.75585,46.59792],[6.75608,46.5982],[6.75726,46.59865],[6.75859,46.5988],[6.75883,46.59948],[6.75934,46.59952],[6.76073,46.59909],[6.76106,46.59939],[6.7611,46.59974],[6.76033,46.60092],[6.76027,46.60147],[6.75941,46.60227],[6.75968,46.60303],[6.75937,46.60326],[6.75887,46.6033],[6.75909,46.60434],[6.75989,46.6052],[6.76091,46.60582],[6.76085,46.60604],[6.76025,46.60634],[6.76098,46.60677],[6.76034,46.60745],[6.76121,46.608],[6.76098,46.60852],[6.76155,46.60874],[6.76193,46.60959],[6.76302,46.61018],[6.76337,46.61128],[6.76428,46.61213],[6.76438,46.61402],[6.76462,46.61445],[6.76509,46.61472],[6.76515,46.61578],[6.76548,46.61628],[6.76467,46.61666],[6.76457,46.617],[6.76539,46.61791],[6.76602,46.61806],[6.76652,46.61875],[6.76666,46.6194],[6.76573,46.62103],[6.76603,46.62189],[6.76584,46.62313],[6.76606,46.62334],[6.76516,46.62369],[6.76435,46.62501],[6.76361,46.62547],[6.76285,46.62544],[6.76265,46.62581],[6.76285,46.62644],[6.76056,46.62811],[6.75987,46.6284],[6.7598,46.62931],[6.76118,46.63011],[6.76125,46.631],[6.7618,46.63156],[6.76238,46.63182],[6.7631,46.63164],[6.76384,46.63249],[6.76469,46.63242],[6.76551,46.63362],[6.76679,46.63418],[6.76656,46.63511],[6.76763,46.63568],[6.76667,46.63668],[6.76684,46.63798],[6.7678,46.63894],[6.76815,46.63977],[6.76952,46.64044],[6.76943,46.64082],[6.76983,46.64114],[6.77065,46.6413],[6.77052,46.64262],[6.77072,46.64289],[6.77135,46.64314],[6.77243,46.64323],[6.77306,46.64356],[6.77295,46.64428],[6.7724,46.64435],[6.77258,46.6448],[6.77351,46.64523],[6.77453,46.64501],[6.77429,46.64616],[6.77536,46.6465],[6.77612,46.64704],[6.77736,46.6469],[6.77748,46.64718],[6.777,46.64767],[6.77717,46.64777],[6.77875,46.64696],[6.77927,46.64711],[6.78003,46.64801],[6.78125,46.64786],[6.78244,46.64853],[6.7838,46.64876],[6.78407,46.64856],[6.78391,46.64815],[6.78461,46.64813],[6.78615,46.64896],[6.78686,46.64998],[6.78756,46.65036],[6.788,46.65034],[6.78878,46.6491],[6.78992,46.64888]]}},{"type":"Feature","properties":{"id":"arbogne-vd","c":"VD","p":"patent","q":"derived","k":"river"},"geometry":{"type":"MultiLineString","coordinates":[[[6.96235,46.82831],[6.9612,46.82936],[6.9611,46.82974],[6.96256,46.83145],[6.9626,46.83223],[6.96325,46.83361],[6.97156,46.8395],[6.97317,46.84134],[6.97434,46.84435],[6.97634,46.84659],[6.97772,46.84869]],[[6.97742,46.82286],[6.97716,46.823],[6.97685,46.82287],[6.97481,46.82302],[6.97418,46.82347],[6.97392,46.82413],[6.97309,46.82467],[6.97263,46.82459],[6.97201,46.82391],[6.97167,46.8239],[6.97092,46.82419],[6.97084,46.8246],[6.97052,46.82481],[6.96976,46.82478],[6.96948,46.82543]],[[7.01547,46.87709],[7.01531,46.87833],[7.01598,46.8797],[7.01653,46.88209],[7.01652,46.88356],[7.01693,46.88409],[7.01783,46.8845],[7.01814,46.88528],[7.01947,46.88653],[7.0195,46.88694],[7.01794,46.88817],[7.01671,46.88847],[7.01577,46.88934],[7.01563,46.88992],[7.0164,46.89035],[7.01705,46.89154],[7.01873,46.89832],[7.01862,46.89865],[7.01794,46.89919],[7.01786,46.89978],[7.01865,46.90005],[7.01909,46.90093],[7.01999,46.90128],[7.01968,46.90188],[7.02072,46.90497],[7.02174,46.9059],[7.02156,46.90787]]]}},{"type":"Feature","properties":{"id":"oujon-vd","c":"VD","p":"patent","q":"derived","k":"river"},"geometry":{"type":"LineString","coordinates":[[6.17769,46.45724],[6.17892,46.45698],[6.18044,46.45734],[6.18088,46.45726],[6.1811,46.45689],[6.18179,46.45672],[6.18237,46.45674],[6.18357,46.4564],[6.18505,46.45647],[6.1867,46.4562],[6.18915,46.45478],[6.19222,46.4541],[6.19301,46.45356],[6.19402,46.45353],[6.19512,46.45294],[6.19564,46.45289],[6.19626,46.45256],[6.19695,46.45179],[6.19932,46.45116],[6.19989,46.45081],[6.20041,46.45083],[6.20097,46.45051],[6.20298,46.45042],[6.20384,46.44998],[6.20501,46.44976],[6.2061,46.44894],[6.20782,46.44805],[6.20888,46.44638],[6.20899,46.44556],[6.2101,46.44473],[6.21001,46.44431],[6.21025,46.44395],[6.20992,46.44188],[6.21076,46.43997],[6.21166,46.43866],[6.2125,46.43828],[6.21308,46.43835],[6.2143,46.43804],[6.21609,46.4365],[6.21681,46.43647],[6.21826,46.436],[6.21857,46.43606],[6.21949,46.43558],[6.22033,46.43545],[6.22148,46.43398],[6.22246,46.4333],[6.22359,46.43212],[6.2244,46.43166],[6.22419,46.43087],[6.22349,46.43023],[6.22327,46.42945],[6.22351,46.4289],[6.22322,46.42854],[6.22378,46.42742],[6.22366,46.42636],[6.22391,46.42602],[6.22389,46.42547],[6.22419,46.42518],[6.22417,46.42452],[6.22388,46.42429]]}},{"type":"Feature","properties":{"id":"ruisseau-des-ciernes-picat-vd","c":"VD","p":"patent","q":"derived","k":"river"},"geometry":{"type":"LineString","coordinates":[[7.19237,46.53273],[7.1903,46.5321],[7.18994,46.53161],[7.18988,46.53076],[7.18942,46.53057],[7.18911,46.53009],[7.18834,46.52996],[7.18818,46.52932],[7.18729,46.5288],[7.18424,46.52553],[7.18377,46.52397],[7.18344,46.52385],[7.18263,46.52284],[7.18204,46.52261],[7.18206,46.52229],[7.18153,46.52172],[7.18179,46.52145],[7.18159,46.521],[7.18059,46.52041],[7.18021,46.51968],[7.1792,46.51931],[7.17844,46.51867],[7.1777,46.51745],[7.17703,46.51699],[7.17607,46.51559],[7.17429,46.51481],[7.17193,46.51319],[7.17164,46.51253],[7.17025,46.51143],[7.17037,46.5107],[7.17004,46.51065],[7.16937,46.50993],[7.1698,46.50933],[7.16906,46.50813],[7.16937,46.5077],[7.16878,46.5068],[7.16872,46.50559],[7.16904,46.50441],[7.16873,46.50342],[7.16916,46.50302],[7.16917,46.50261],[7.16977,46.50254],[7.17012,46.50205],[7.17133,46.50195],[7.17201,46.50141],[7.17288,46.50136],[7.17395,46.5009],[7.17456,46.5004],[7.17478,46.49983],[7.17554,46.49963],[7.17732,46.49958],[7.17816,46.49886],[7.1798,46.49806],[7.18013,46.49769],[7.18215,46.4969],[7.18453,46.49482]]}},{"type":"Feature","properties":{"id":"deneriaz-vd","c":"VD","p":"patent","q":"derived","k":"river"},"geometry":{"type":"LineString","coordinates":[[6.54381,46.86589],[6.54327,46.86552],[6.54248,46.86541],[6.53929,46.86417],[6.539,46.86348],[6.53754,46.86216],[6.53748,46.86164],[6.538,46.86059],[6.53701,46.85957],[6.53549,46.85832],[6.53432,46.85794],[6.53285,46.85681],[6.53261,46.85639],[6.53173,46.85611],[6.53086,46.85525],[6.52959,46.85452],[6.52946,46.85421],[6.52891,46.85408],[6.52864,46.85364],[6.52693,46.85279],[6.52583,46.85258],[6.52551,46.85272],[6.52468,46.85261],[6.52226,46.85298],[6.52104,46.85238],[6.52057,46.85255],[6.51999,46.85312],[6.51797,46.85329],[6.51714,46.85406],[6.51632,46.85424],[6.51585,46.85409],[6.51454,46.85487]]}},{"type":"Feature","properties":{"id":"rhone-vd","c":"VD","p":"patent","q":"derived","k":"river"},"geometry":{"type":"MultiLineString","coordinates":[[[6.932,46.32557],[6.93116,46.32841],[6.93055,46.32948],[6.92088,46.33823],[6.91989,46.33888],[6.91829,46.33943],[6.91667,46.33971],[6.91511,46.33968],[6.9031,46.33847],[6.90113,46.33862],[6.89856,46.33924],[6.89674,46.34002],[6.89524,46.34096]],[[6.99099,46.24272],[6.9897,46.24381],[6.98902,46.24495],[6.98859,46.24643],[6.9882,46.2509],[6.98781,46.25195],[6.98729,46.25259],[6.98624,46.25347],[6.98039,46.25652],[6.97513,46.26001],[6.97309,46.26178]],[[7.02508,46.19753],[7.02246,46.19971],[7.02121,46.20102],[7.01625,46.20374],[7.01347,46.20452],[7.01273,46.20493],[7.01216,46.20558],[7.01155,46.20687],[7.01147,46.20881],[7.0105,46.21106],[7.00946,46.21578],[7.00763,46.22116],[7.00727,46.22159],[7.00446,46.22256],[7.00317,46.22374],[7.00277,46.2247],[7.00247,46.22699],[7.00286,46.22892],[7.00275,46.23072],[7.00258,46.23186],[7.00207,46.23296],[7.00124,46.23388],[7.00032,46.23446],[6.99648,46.23609]],[[7.03328,46.18699],[7.03221,46.18785],[7.03229,46.1888],[7.03122,46.19067],[7.03068,46.19118],[7.02964,46.19151],[7.0285,46.19283],[7.02766,46.19337],[7.02652,46.19569]]]}},{"type":"Feature","properties":{"id":"asse-vd","c":"VD","p":"patent","q":"derived","k":"river"},"geometry":{"type":"MultiLineString","coordinates":[[[6.15112,46.40366],[6.15194,46.40271],[6.15361,46.40201],[6.15483,46.40192],[6.15596,46.40132],[6.1568,46.40111],[6.15698,46.40018],[6.15794,46.39983],[6.15917,46.39997],[6.16017,46.39986],[6.16216,46.40062],[6.16404,46.40106],[6.16761,46.40294],[6.1697,46.40351],[6.17281,46.40478],[6.17374,46.40468],[6.17402,46.40443],[6.17559,46.40403],[6.17639,46.40397],[6.17671,46.40416],[6.17843,46.40432],[6.17882,46.40393],[6.17914,46.40388],[6.17902,46.40364],[6.18338,46.40258],[6.18485,46.40342],[6.18617,46.40312],[6.18781,46.40372],[6.1891,46.40367],[6.19128,46.40393],[6.19152,46.40374],[6.19247,46.40363],[6.19358,46.40311],[6.19534,46.4032],[6.19747,46.40238],[6.19836,46.40224],[6.19907,46.4024],[6.19939,46.4022],[6.20048,46.40219],[6.20066,46.40201],[6.2019,46.40257],[6.20344,46.40257],[6.20381,46.40233],[6.20426,46.40241],[6.20489,46.40217],[6.20549,46.40241],[6.20577,46.40237],[6.20594,46.4021],[6.20704,46.40239],[6.20773,46.40228],[6.20778,46.40248],[6.20845,46.4024],[6.20916,46.40261],[6.21188,46.40279],[6.21364,46.40227],[6.21464,46.40212],[6.21499,46.40223],[6.21635,46.40181],[6.21713,46.40187],[6.21873,46.40139],[6.21977,46.40144],[6.22046,46.40127],[6.22117,46.40137],[6.22309,46.4005],[6.22321,46.3999],[6.22366,46.39973],[6.22345,46.39874],[6.2236,46.39821],[6.2244,46.39749],[6.22516,46.39748],[6.22782,46.39683],[6.22893,46.39606],[6.22936,46.39599],[6.22914,46.39563],[6.22999,46.39509],[6.23053,46.39503],[6.23078,46.39477],[6.23126,46.39494],[6.23153,46.39465],[6.23228,46.39453],[6.23233,46.39429],[6.23323,46.39425],[6.23398,46.3936],[6.23494,46.39321],[6.23494,46.39282],[6.23561,46.39282],[6.23616,46.39234],[6.23595,46.39206],[6.23627,46.39179],[6.23622,46.39114],[6.23683,46.39074],[6.23708,46.3902],[6.23724,46.38944],[6.23689,46.38918],[6.23783,46.388],[6.23957,46.38718],[6.23996,46.38628],[6.24023,46.38621],[6.24079,46.3867],[6.2412,46.38676],[6.24222,46.38604],[6.24375,46.38561],[6.24452,46.38517],[6.24517,46.3852],[6.24546,46.38472],[6.24622,46.3844]],[[6.15178,46.40499],[6.15113,46.40384]],[[6.15197,46.4167],[6.15228,46.41598],[6.15265,46.41591],[6.15464,46.41461],[6.1562,46.41309],[6.15619,46.41261],[6.15569,46.41139],[6.15469,46.40997],[6.15334,46.40925],[6.15105,46.40732],[6.15058,46.40592],[6.15173,46.40509]]]}},{"type":"Feature","properties":{"id":"aubonne-vd","c":"VD","p":"patent","q":"derived","k":"river"},"geometry":{"type":"MultiLineString","coordinates":[[[6.33536,46.53326],[6.33628,46.53299],[6.33772,46.53219],[6.33865,46.53221],[6.33924,46.53244],[6.33967,46.53309],[6.34051,46.53235],[6.3418,46.53205],[6.34291,46.53127],[6.3446,46.531],[6.34571,46.53104],[6.34619,46.53084],[6.34654,46.53101],[6.34737,46.53073],[6.3484,46.5308],[6.34963,46.53141],[6.35045,46.53121],[6.3514,46.53153],[6.35284,46.53097],[6.35333,46.53125],[6.35498,46.5314],[6.3557,46.53134],[6.35632,46.53098],[6.35695,46.53111],[6.35748,46.531],[6.35785,46.53116],[6.35849,46.53079],[6.35917,46.53076],[6.35901,46.53],[6.36144,46.52868],[6.3603,46.52726],[6.36021,46.52654],[6.36115,46.52579],[6.36155,46.52485],[6.36084,46.52394],[6.36042,46.52371],[6.35984,46.52248],[6.35854,46.52154],[6.35849,46.52004],[6.35895,46.51933],[6.35874,46.51885],[6.35938,46.51873],[6.36113,46.5179]],[[6.36317,46.51623],[6.36365,46.51566],[6.36333,46.51525],[6.36342,46.51501],[6.3653,46.51428],[6.3657,46.51353],[6.36658,46.51306],[6.36696,46.51246],[6.36856,46.5123],[6.36865,46.51125],[6.37,46.51119],[6.37037,46.51013],[6.37061,46.51011],[6.37109,46.51046],[6.37152,46.51028],[6.37208,46.51053],[6.37235,46.51037],[6.37251,46.50978],[6.37477,46.50809],[6.37446,46.50726],[6.37452,46.50624],[6.37494,46.50613],[6.37602,46.50624],[6.37774,46.50581],[6.3782,46.50545],[6.37814,46.50489],[6.37845,46.50444],[6.37902,46.50475],[6.38004,46.50465],[6.38014,46.50444],[6.37977,46.504],[6.38012,46.50381],[6.38104,46.5039],[6.38092,46.50327],[6.38167,46.50222],[6.38356,46.50175],[6.38422,46.50074],[6.3862,46.49939],[6.38679,46.49923],[6.38882,46.49975],[6.39182,46.49933],[6.39213,46.49921],[6.39278,46.49811],[6.39568,46.49732],[6.39629,46.4962],[6.39724,46.4961],[6.39823,46.49639],[6.39876,46.49631],[6.39909,46.49604],[6.39939,46.49484],[6.40037,46.49482],[6.40141,46.4952],[6.40206,46.49353],[6.40271,46.49314],[6.40327,46.49236],[6.40333,46.49144],[6.40404,46.49118],[6.40435,46.49048],[6.40507,46.48984],[6.40501,46.48924],[6.40366,46.48841],[6.40358,46.48815],[6.4043,46.4873],[6.40557,46.48663],[6.40499,46.48548],[6.40615,46.48361],[6.40566,46.48317],[6.40382,46.48285],[6.40367,46.48247],[6.40556,46.48071],[6.40738,46.48026],[6.40738,46.47984],[6.40673,46.47895],[6.40752,46.47768],[6.40677,46.47686],[6.40671,46.4757],[6.40715,46.47544],[6.40815,46.47526],[6.40836,46.47499],[6.408,46.47437],[6.40658,46.47426],[6.4062,46.47391],[6.40621,46.47362],[6.40701,46.47281],[6.40575,46.4709],[6.40655,46.4695],[6.40658,46.46888],[6.40619,46.46838],[6.40443,46.4675],[6.40379,46.46673],[6.40223,46.46704],[6.40158,46.46677],[6.40111,46.46556],[6.40056,46.46504],[6.3999,46.465],[6.39917,46.46532],[6.3979,46.46438],[6.39507,46.46422],[6.39364,46.46292],[6.39317,46.46212],[6.39193,46.46086]]]}}]}