{"type":"FeatureCollection","features":[{"type":"Feature","properties":{"id":"rhone-vieze-leman-vs","c":"VS","p":"patent","q":"official","k":"river","ns":1},"geometry":{"type":"LineString","coordinates":[[6.85894,46.39471],[6.86138,46.39207],[6.86318,46.39052],[6.86965,46.38635],[6.87403,46.38226],[6.87595,46.38112],[6.88048,46.37925],[6.88354,46.37708],[6.88528,46.37549],[6.88595,46.37384],[6.88671,46.36895],[6.88657,46.36488],[6.8853,46.36198],[6.88178,46.35665],[6.88161,46.35587],[6.88181,46.35451],[6.88229,46.35349],[6.88313,46.3525],[6.8872,46.35018],[6.8881,46.34948],[6.8896,46.34793],[6.89399,46.34215],[6.89587,46.34054],[6.89749,46.33964],[6.8991,46.33899],[6.90071,46.33863],[6.90415,46.33848],[6.90635,46.33862],[6.91501,46.33964],[6.91763,46.33957],[6.91906,46.33917],[6.92025,46.33876],[6.93029,46.32992],[6.93107,46.32898],[6.93229,46.3247],[6.93239,46.32137],[6.93199,46.31955],[6.93208,46.31589],[6.93354,46.31178],[6.93399,46.3089],[6.93611,46.30393],[6.93597,46.29998],[6.93622,46.29891],[6.93706,46.29735],[6.93832,46.2962],[6.94261,46.29384],[6.94839,46.29193],[6.94988,46.29115],[6.95519,46.28768],[6.95961,46.28445],[6.96051,46.2833],[6.96118,46.2817],[6.96351,46.27399],[6.96421,46.27042],[6.96511,46.26857],[6.97085,46.26353],[6.97498,46.26023],[6.97929,46.25731]]}},{"type":"Feature","properties":{"id":"torrent-st-bathelemy-vs","c":"VS","p":"patent","q":"official","k":"river","ns":1},"geometry":{"type":"LineString","coordinates":[[6.99734,46.17851],[6.99762,46.17839],[6.99919,46.17907],[6.99996,46.17912],[7.00092,46.17957],[7.00092,46.17981],[7.00151,46.18011],[7.00475,46.18003],[7.007,46.1802],[7.0078,46.18105],[7.00803,46.1819],[7.00898,46.18232],[7.0094,46.18291],[7.01166,46.18446],[7.01362,46.18541],[7.01419,46.18528],[7.01456,46.18542],[7.0149,46.18587],[7.01495,46.18658],[7.01727,46.18923],[7.01796,46.19066],[7.01878,46.19124],[7.02122,46.19227],[7.02224,46.19332],[7.02542,46.19465],[7.02659,46.19551]]}},{"type":"Feature","properties":{"id":"torrent-de-mauvoisin-vs","c":"VS","p":"patent","q":"official","k":"river","ns":1},"geometry":{"type":"LineString","coordinates":[[6.99552,46.20743],[7.00034,46.20809],[7.00911,46.20973],[7.01003,46.20993],[7.01081,46.21039]]}},{"type":"Feature","properties":{"id":"torrent-de-mauvoisin-vs-2","c":"VS","p":"patent","q":"official","k":"river","ns":1},"geometry":{"type":"LineString","coordinates":[[6.99552,46.20743],[6.99459,46.20694],[6.99386,46.20687],[6.99305,46.20632],[6.99268,46.20578],[6.99283,46.20563],[6.99226,46.20516],[6.99083,46.2047],[6.99071,46.20443],[6.98792,46.2031],[6.98636,46.20181],[6.98541,46.20152],[6.98478,46.20161],[6.9838,46.20142],[6.98266,46.20188],[6.97927,46.20071],[6.97862,46.20101],[6.97779,46.2011],[6.97655,46.20064],[6.97564,46.20058],[6.97541,46.2003],[6.97462,46.20034],[6.97429,46.19995],[6.97352,46.1997],[6.97217,46.19827],[6.9705,46.19773],[6.96917,46.19665],[6.96746,46.19604],[6.96356,46.19538],[6.96211,46.19407],[6.96067,46.19347],[6.95935,46.19342],[6.95867,46.1939],[6.95735,46.19397],[6.95551,46.19315],[6.95454,46.19325],[6.9538,46.19308],[6.95297,46.1933],[6.94991,46.1932],[6.94906,46.19375],[6.94635,46.19436],[6.9456,46.19469]]}},{"type":"Feature","properties":{"id":"torrent-du-draversa-vs","c":"VS","p":"patent","q":"official","k":"river","ns":1},"geometry":{"type":"LineString","coordinates":[[6.97129,46.19794],[6.96784,46.1948],[6.96706,46.19462],[6.96651,46.19411],[6.96613,46.19408],[6.96497,46.19336],[6.96452,46.19213],[6.96268,46.19213],[6.96151,46.19187],[6.95981,46.192],[6.95925,46.19181],[6.95817,46.19056],[6.95687,46.18989],[6.95702,46.18964],[6.95658,46.18929],[6.95521,46.18863],[6.95521,46.18771],[6.9546,46.18721],[6.95369,46.18589]]}},{"type":"Feature","properties":{"id":"nant-de-choex-vs","c":"VS","p":"patent","q":"official","k":"river","ns":1},"geometry":{"type":"LineString","coordinates":[[6.95919,46.24413],[6.95932,46.24389],[6.95882,46.24352],[6.95865,46.24302],[6.95905,46.24243],[6.9589,46.24168],[6.95916,46.24138],[6.95858,46.24054],[6.95815,46.23917],[6.95746,46.23877],[6.95687,46.23738],[6.95625,46.23659],[6.95531,46.23635],[6.95493,46.23573],[6.95366,46.2353],[6.95313,46.23531],[6.95215,46.2343],[6.95232,46.23348],[6.95137,46.2322],[6.95136,46.23181],[6.95065,46.2307],[6.95057,46.22904],[6.95026,46.22812]]}},{"type":"Feature","properties":{"id":"torrent-de-tille-vs","c":"VS","p":"patent","q":"official","k":"river","ns":1},"geometry":{"type":"LineString","coordinates":[[6.90661,46.21827],[6.9071,46.21804],[6.90711,46.21764],[6.9075,46.21729],[6.9089,46.21662],[6.91042,46.21539],[6.91155,46.21531],[6.91268,46.21504],[6.91341,46.2146],[6.9155,46.21432],[6.91791,46.21278],[6.91998,46.21231],[6.92088,46.21161],[6.92151,46.21156],[6.92254,46.21115],[6.92374,46.21023],[6.92503,46.20967],[6.92524,46.20935],[6.92668,46.20859],[6.92843,46.2073],[6.92942,46.20736],[6.93017,46.20703],[6.93132,46.20706],[6.93223,46.20609],[6.93362,46.20531],[6.93516,46.204],[6.93696,46.20287]]}},{"type":"Feature","properties":{"id":"vieze-de-champery-vs","c":"VS","p":"patent","q":"official","k":"river","ns":1},"geometry":{"type":"LineString","coordinates":[[6.8638,46.16786],[6.86454,46.16839],[6.86598,46.16847],[6.86656,46.16935],[6.86775,46.17035],[6.86893,46.17017],[6.8697,46.17097],[6.8701,46.17104],[6.87158,46.17081],[6.87206,46.17033],[6.87308,46.17077],[6.87423,46.17192],[6.87425,46.17327],[6.87521,46.17385],[6.8759,46.17614],[6.87724,46.17701],[6.87762,46.17764],[6.87901,46.17845],[6.87997,46.17932],[6.88226,46.18011],[6.88374,46.18125],[6.88491,46.18288],[6.88587,46.18329],[6.88808,46.18494],[6.8884,46.18554],[6.88797,46.18654],[6.88816,46.18711],[6.89077,46.19002],[6.89126,46.1912],[6.892,46.19199],[6.89226,46.19308],[6.89373,46.19511],[6.89463,46.19582],[6.89422,46.1967],[6.89479,46.19743],[6.89479,46.19815],[6.89444,46.19867],[6.8953,46.19992],[6.89545,46.20129],[6.89745,46.20328],[6.89818,46.20453],[6.89967,46.20574],[6.9001,46.20794],[6.90044,46.20839],[6.90163,46.20917],[6.90158,46.2097],[6.9006,46.21048],[6.90063,46.21137],[6.90157,46.21204],[6.90264,46.21225],[6.90372,46.21338],[6.90481,46.21479],[6.90517,46.21594],[6.90585,46.21688],[6.90559,46.21765],[6.90662,46.21809],[6.90673,46.2189],[6.90764,46.21953],[6.90833,46.22065],[6.91027,46.22103],[6.91107,46.22093],[6.91239,46.2227],[6.91312,46.22325],[6.91302,46.22365],[6.91479,46.22504],[6.91613,46.22489],[6.91611,46.22547],[6.91774,46.22616],[6.91841,46.22707],[6.9203,46.22713],[6.92088,46.22801],[6.92207,46.22857],[6.92228,46.22926],[6.92201,46.22959],[6.92228,46.22997],[6.92481,46.23108],[6.92516,46.23133],[6.92548,46.23204],[6.92793,46.23295],[6.92795,46.23344],[6.92826,46.23378],[6.92823,46.2344],[6.9294,46.23525],[6.93015,46.2361],[6.93105,46.2364],[6.93178,46.23696],[6.93278,46.23669],[6.93331,46.23724],[6.93329,46.23764],[6.93433,46.2385],[6.93445,46.23912],[6.9371,46.24131],[6.93652,46.24193],[6.93558,46.24217],[6.93537,46.24267],[6.93565,46.24327],[6.93762,46.24406],[6.9383,46.24467],[6.93964,46.24506],[6.94007,46.24568],[6.94001,46.24623],[6.94118,46.24717],[6.94138,46.24806],[6.94264,46.24885],[6.94305,46.24954],[6.94345,46.24967],[6.94442,46.24944],[6.94604,46.24982],[6.9475,46.24989],[6.96592,46.25018],[6.97044,46.25086],[6.97162,46.2514],[6.97794,46.25585],[6.9792,46.25738]]}},{"type":"Feature","properties":{"id":"torrent-de-barme-vs","c":"VS","p":"patent","q":"official","k":"river","ns":1},"geometry":{"type":"LineString","coordinates":[[7.67183,46.12453],[7.6717,46.12334],[7.67211,46.12121],[7.67148,46.12082],[7.67018,46.12057],[7.66883,46.12085],[7.6677,46.12052],[7.66584,46.12057],[7.66498,46.12035],[7.66407,46.12046],[7.66361,46.12037],[7.66272,46.11975],[7.66187,46.11968],[7.65994,46.11976],[7.65933,46.11965],[7.65879,46.11986],[7.6578,46.11977],[7.65722,46.11952],[7.65647,46.11953],[7.65625,46.11937],[7.65574,46.11968],[7.65473,46.11964],[7.65423,46.11918],[7.65313,46.11933],[7.65266,46.11908],[7.65241,46.1185],[7.65138,46.11836],[7.65037,46.11841],[7.64993,46.11944],[7.6491,46.1197],[7.64802,46.1204],[7.64676,46.1206],[7.64523,46.12136],[7.6445,46.1218],[7.6437,46.12277],[7.64298,46.12314],[7.64167,46.12342],[7.64033,46.12299],[7.63868,46.12282],[7.63647,46.12285],[7.63513,46.1232],[7.63419,46.12297],[7.63137,46.12316],[7.63108,46.12362]]}},{"type":"Feature","properties":{"id":"gougra-vs","c":"VS","p":"patent","q":"official","k":"river","ns":1},"geometry":{"type":"LineString","coordinates":[[7.59121,46.18533],[7.59087,46.18489],[7.59022,46.18468],[7.58997,46.18412],[7.58869,46.18371],[7.5882,46.18333],[7.58653,46.18307],[7.58603,46.18273],[7.58486,46.18243],[7.58445,46.18254],[7.58316,46.18225],[7.58219,46.18153],[7.58186,46.181],[7.58,46.18008],[7.5792,46.17798],[7.57809,46.17693],[7.57627,46.17583],[7.57536,46.17493],[7.57496,46.17412],[7.57249,46.17239],[7.57154,46.1713],[7.56925,46.1698],[7.56898,46.16888],[7.56709,46.16708],[7.56596,46.16528],[7.56586,46.16382],[7.56616,46.16295],[7.56568,46.16211],[7.56583,46.16048],[7.5651,46.15927],[7.56531,46.15904],[7.56517,46.15849],[7.56635,46.1573],[7.56576,46.15619],[7.5678,46.15417],[7.56817,46.15327],[7.56833,46.15161],[7.56876,46.15102],[7.56859,46.14996],[7.56877,46.1494],[7.56925,46.14916],[7.56967,46.1484],[7.56973,46.14748],[7.57079,46.14389],[7.57072,46.14275]]}},{"type":"Feature","properties":{"id":"torrent-de-freinze-vs","c":"VS","p":"patent","q":"official","k":"river","ns":1},"geometry":{"type":"LineString","coordinates":[[7.53853,46.16959],[7.54025,46.16999],[7.54083,46.16966],[7.54171,46.16954],[7.54335,46.16976],[7.54484,46.16936],[7.54581,46.16871],[7.54732,46.16871],[7.54774,46.16847],[7.54889,46.16853],[7.55113,46.16913],[7.55222,46.17],[7.55328,46.1704],[7.55386,46.17082],[7.55531,46.17095],[7.55702,46.17159],[7.55848,46.17189],[7.55869,46.17213],[7.56093,46.17262],[7.56471,46.17288],[7.56717,46.17255],[7.5681,46.17189],[7.57052,46.1707]]}},{"type":"Feature","properties":{"id":"navisence-1-vs","c":"VS","p":"closed","q":"official","k":"river"},"geometry":{"type":"LineString","coordinates":[[7.57811,46.22187],[7.57843,46.22246],[7.57833,46.22301],[7.57802,46.22326],[7.57815,46.22364],[7.57792,46.22434],[7.57686,46.22459],[7.57645,46.22598],[7.57665,46.22667],[7.57549,46.2275],[7.57553,46.22952],[7.57512,46.23023],[7.5754,46.23091],[7.57542,46.23237],[7.57461,46.23335],[7.57418,46.23353],[7.57426,46.23395],[7.57383,46.23463],[7.5739,46.23524],[7.57359,46.23593],[7.57429,46.23679],[7.57398,46.23753],[7.57407,46.23813],[7.57278,46.2399],[7.57175,46.24068],[7.57152,46.24166],[7.571,46.24235],[7.57034,46.2428],[7.57029,46.24357],[7.56961,46.2444],[7.56957,46.24492],[7.56999,46.24548],[7.56918,46.24591],[7.56837,46.24683],[7.56879,46.24803],[7.56855,46.24921],[7.56883,46.24953],[7.56885,46.25042],[7.56803,46.25114],[7.56754,46.25204],[7.56759,46.25352],[7.56611,46.25403],[7.56641,46.25529],[7.56603,46.2556],[7.56557,46.25665],[7.56431,46.2571],[7.5639,46.25743],[7.56303,46.25766],[7.56243,46.25762],[7.56232,46.25782],[7.56175,46.25796],[7.56034,46.25911],[7.55939,46.2604],[7.55736,46.26159],[7.55708,46.26251],[7.55653,46.26275],[7.55641,46.26306],[7.55538,46.26339],[7.55507,46.26414],[7.55404,46.26462],[7.55406,46.26488],[7.55098,46.26597],[7.54988,46.2668],[7.54787,46.26781],[7.54787,46.26812],[7.54728,46.26863],[7.54693,46.2709],[7.54553,46.27292],[7.54492,46.27477],[7.54462,46.27498],[7.54469,46.27591],[7.54425,46.27688],[7.5444,46.27726],[7.54416,46.27892],[7.5418,46.28248]]}},{"type":"Feature","properties":{"id":"navisence-1-vs-2","c":"VS","p":"patent","q":"official","k":"river","ns":1},"geometry":{"type":"LineString","coordinates":[[7.59121,46.18533],[7.59093,46.18558],[7.59096,46.18615],[7.59,46.18809],[7.59008,46.18873],[7.58942,46.18961],[7.5898,46.19035],[7.58936,46.19087],[7.5895,46.1919],[7.58885,46.1931],[7.58915,46.19411],[7.5888,46.19489],[7.58908,46.19524],[7.58931,46.19653],[7.58908,46.19705],[7.58937,46.19775],[7.58945,46.20082],[7.5888,46.20147],[7.58847,46.20263],[7.58792,46.20346],[7.58783,46.20457],[7.58669,46.20645],[7.586,46.2069],[7.58592,46.20793],[7.58562,46.20837],[7.5857,46.21053],[7.58429,46.21174],[7.58407,46.21232]]}},{"type":"Feature","properties":{"id":"navisence-1-reserve-vs","c":"VS","p":"closed","q":"official","k":"river"},"geometry":{"type":"LineString","coordinates":[[7.58407,46.21232],[7.58345,46.21363],[7.58211,46.21427],[7.58151,46.21481],[7.58147,46.21543],[7.58073,46.216],[7.58017,46.2182],[7.57864,46.22001],[7.57797,46.22038],[7.57832,46.22079],[7.57811,46.22187]]}},{"type":"Feature","properties":{"id":"reche-vs","c":"VS","p":"patent","q":"official","k":"river","ns":1},"geometry":{"type":"LineString","coordinates":[[7.49837,46.24295],[7.49811,46.24376],[7.49734,46.24436],[7.49714,46.24538],[7.49727,46.24653],[7.49689,46.24675],[7.4968,46.24733],[7.49634,46.24757],[7.49543,46.24856],[7.49516,46.24898],[7.49513,46.24978],[7.49442,46.25005],[7.49447,46.25057],[7.49412,46.25099],[7.49461,46.25303],[7.49421,46.25351],[7.4941,46.2546],[7.49369,46.25508],[7.49405,46.25572],[7.49382,46.25631],[7.49384,46.25774],[7.49357,46.25795],[7.49398,46.25841],[7.49385,46.25902],[7.49515,46.26128],[7.49425,46.26226],[7.49239,46.26362],[7.49248,46.26399],[7.49096,46.26536],[7.49004,46.26646],[7.49017,46.26666],[7.48935,46.26735],[7.48907,46.26844]]}},{"type":"Feature","properties":{"id":"reche-vs-2","c":"VS","p":"patent","q":"official","k":"river","ns":1},"geometry":{"type":"LineString","coordinates":[[7.49837,46.24295],[7.49867,46.24194],[7.4983,46.24073],[7.4984,46.23989],[7.49908,46.23931],[7.49915,46.23892],[7.49998,46.23832],[7.50013,46.23722],[7.50048,46.23701],[7.50106,46.23598],[7.50123,46.23486],[7.5019,46.23418],[7.50172,46.23351],[7.50204,46.23298],[7.50198,46.23221],[7.50277,46.23108],[7.50441,46.22979],[7.50451,46.22935],[7.5074,46.22593],[7.50793,46.22474],[7.50805,46.22364],[7.50927,46.22179],[7.50922,46.22083],[7.50882,46.22044],[7.50847,46.21935],[7.50888,46.21887],[7.50931,46.21646],[7.50973,46.21557],[7.50906,46.2134],[7.50923,46.21261],[7.50893,46.21229],[7.50914,46.21135],[7.50843,46.21058],[7.50868,46.20991],[7.50934,46.20956],[7.50949,46.20896],[7.50926,46.20834],[7.50968,46.20735],[7.50951,46.20711],[7.51009,46.20635],[7.51028,46.20478],[7.51004,46.20397],[7.51054,46.2027],[7.51018,46.20221],[7.51045,46.20136],[7.50991,46.20105],[7.51003,46.20092],[7.51029,46.20101],[7.51029,46.20078],[7.50985,46.20083],[7.50962,46.20061],[7.50998,46.20053],[7.50987,46.20023],[7.50955,46.20013],[7.5107,46.1997],[7.51062,46.19941],[7.51089,46.19898],[7.51071,46.19871],[7.51109,46.19802],[7.51087,46.19776],[7.51106,46.19687],[7.51091,46.19598],[7.50976,46.19542],[7.50875,46.19519],[7.50827,46.19476],[7.50819,46.19425],[7.50844,46.19405],[7.50744,46.19231],[7.5074,46.19117],[7.50687,46.19024],[7.50623,46.18991],[7.50593,46.18948],[7.50587,46.18819],[7.50645,46.1874],[7.50601,46.1866],[7.50639,46.18579],[7.50632,46.18543],[7.50562,46.18494],[7.50564,46.18452],[7.50523,46.18419]]}},{"type":"Feature","properties":{"id":"rhone-chippis-st-leonard-vs","c":"VS","p":"patent","q":"official","k":"river","ns":1},"geometry":{"type":"LineString","coordinates":[[7.42249,46.24183],[7.4491,46.25939],[7.45379,46.26236],[7.45726,46.26421],[7.46149,46.26563],[7.47439,46.26894],[7.48965,46.27321],[7.4949,46.2745],[7.50825,46.27677],[7.51015,46.27734],[7.51279,46.27754],[7.52636,46.27999],[7.53319,46.28099],[7.5391,46.28217],[7.5418,46.28248]]}},{"type":"Feature","properties":{"id":"rhone-st-leonard-aproz-vs","c":"VS","p":"patent","q":"official","k":"river","ns":1},"geometry":{"type":"LineString","coordinates":[[7.32131,46.2103],[7.32759,46.20978],[7.33097,46.21015],[7.33469,46.21113],[7.34212,46.2142],[7.35015,46.21677],[7.35403,46.21827],[7.35929,46.22001],[7.3671,46.22588],[7.36979,46.22846],[7.3699,46.23155],[7.3708,46.23412],[7.3718,46.23557],[7.3793,46.24246],[7.38261,46.24414],[7.38496,46.2447],[7.38801,46.24493],[7.3981,46.24482],[7.404,46.24455],[7.40626,46.24387],[7.40811,46.24303],[7.41167,46.24107],[7.41352,46.24035],[7.41514,46.24001],[7.41845,46.24007],[7.42151,46.24113],[7.42249,46.24183]]}},{"type":"Feature","properties":{"id":"borgne-1-vs","c":"VS","p":"patent","q":"official","k":"river","ns":1},"geometry":{"type":"LineString","coordinates":[[7.41888,46.18031],[7.41772,46.18182],[7.41801,46.18288],[7.41693,46.18346],[7.41743,46.18439],[7.41734,46.18536],[7.41616,46.18636],[7.41595,46.18732],[7.41484,46.18741],[7.41486,46.18831],[7.41434,46.18898],[7.41461,46.18942],[7.41399,46.19021],[7.41343,46.19043],[7.41284,46.19113],[7.41305,46.19244],[7.41344,46.19266],[7.41405,46.19356],[7.41428,46.19491],[7.41414,46.19533],[7.41322,46.19588],[7.41303,46.19646],[7.41275,46.19771],[7.41314,46.19838],[7.41287,46.19902],[7.41327,46.20002],[7.41273,46.20066],[7.41377,46.20132],[7.41427,46.20205],[7.41482,46.20224],[7.41518,46.20394],[7.41485,46.20452],[7.41424,46.20474],[7.41483,46.20579],[7.41468,46.20612],[7.4138,46.20633],[7.41344,46.20694],[7.41346,46.20778],[7.41406,46.20916],[7.41382,46.20963],[7.41437,46.21099],[7.4141,46.21197],[7.41376,46.21228],[7.41386,46.21249],[7.41352,46.21262],[7.41321,46.21317],[7.41404,46.2141],[7.41367,46.2144],[7.41121,46.21466],[7.41092,46.21493],[7.41097,46.21551],[7.41022,46.21705],[7.40991,46.2173],[7.40904,46.21735],[7.40773,46.21853],[7.40811,46.2189],[7.40808,46.2193],[7.40868,46.21998],[7.40917,46.22018],[7.40954,46.22138],[7.40885,46.2219],[7.40885,46.22289],[7.40864,46.22323],[7.40708,46.22414],[7.40625,46.2262],[7.40367,46.22754],[7.40291,46.22845],[7.40173,46.22935]]}},{"type":"Feature","properties":{"id":"borgne-de-ferpecle-vs","c":"VS","p":"patent","q":"official","k":"river","ns":1},"geometry":{"type":"LineString","coordinates":[[7.50479,46.08253],[7.505,46.08177],[7.50759,46.08085],[7.51338,46.08074],[7.51511,46.08053],[7.51609,46.08062],[7.51663,46.08055],[7.51692,46.08031],[7.51819,46.08024],[7.51911,46.07986],[7.52044,46.07839],[7.52167,46.07801],[7.52217,46.07761],[7.52239,46.0771],[7.52313,46.07674],[7.52326,46.07624],[7.52371,46.0758],[7.52493,46.07511],[7.52532,46.07439],[7.52586,46.07439],[7.52753,46.07358],[7.53006,46.07344],[7.53104,46.0731],[7.53184,46.07314],[7.53232,46.07253],[7.53274,46.07239],[7.53402,46.07231],[7.53482,46.07258],[7.53519,46.07218],[7.53659,46.07145],[7.53682,46.07084],[7.53661,46.07035],[7.53698,46.07],[7.53816,46.06965],[7.53815,46.06914],[7.53844,46.06876],[7.53955,46.06817],[7.53989,46.06762],[7.54078,46.06716],[7.54114,46.06638],[7.54193,46.06617],[7.54222,46.0653],[7.54206,46.06449],[7.54255,46.064],[7.5432,46.06392],[7.54349,46.06344],[7.54418,46.06331],[7.54423,46.06295],[7.54471,46.06287],[7.54582,46.06309],[7.54698,46.0625],[7.54774,46.06126],[7.54885,46.06051],[7.54979,46.06029],[7.5498,46.05975],[7.55007,46.05952]]}},{"type":"Feature","properties":{"id":"manna-vs","c":"VS","p":"patent","q":"official","k":"river","ns":1},"geometry":{"type":"LineString","coordinates":[[7.47776,46.19766],[7.47233,46.19685],[7.46981,46.1968],[7.46791,46.19729],[7.46725,46.19725],[7.46526,46.19663],[7.46443,46.19602],[7.46118,46.19567],[7.45913,46.19463],[7.45816,46.19385],[7.45623,46.19333],[7.45391,46.19243],[7.45159,46.19208],[7.44983,46.19231],[7.44772,46.19226],[7.4426,46.19157],[7.44162,46.19178],[7.43998,46.19106],[7.43868,46.19082],[7.43756,46.19026],[7.43587,46.19026],[7.43432,46.1895],[7.43243,46.18927],[7.43145,46.18841],[7.42993,46.18791],[7.42891,46.18813],[7.42778,46.18807],[7.42702,46.18841],[7.42512,46.1884],[7.4232,46.18893],[7.42146,46.18877],[7.41816,46.18919],[7.41808,46.18953],[7.41836,46.18995],[7.41761,46.19026],[7.41579,46.1905],[7.41399,46.19021]]}},{"type":"Feature","properties":{"id":"siniese-vs","c":"VS","p":"patent","q":"official","k":"river","ns":1},"geometry":{"type":"LineString","coordinates":[[7.55402,46.29491],[7.55163,46.29668],[7.54896,46.29767],[7.54601,46.29765],[7.54226,46.2989],[7.54244,46.3004],[7.54219,46.30079],[7.5425,46.30143],[7.54223,46.30163],[7.54226,46.3026],[7.54305,46.30355],[7.54407,46.30417],[7.54442,46.30417],[7.54488,46.30535],[7.54417,46.30648],[7.54413,46.30704],[7.54444,46.30751],[7.54387,46.30867],[7.54397,46.30938],[7.54316,46.30974],[7.54289,46.31007],[7.54289,46.31085],[7.54172,46.31169],[7.54079,46.31206],[7.54016,46.31204],[7.53977,46.31237],[7.53895,46.31258],[7.53772,46.31333],[7.53654,46.31373],[7.53534,46.3152],[7.53514,46.3169],[7.5348,46.31706],[7.53478,46.31731],[7.53381,46.31782],[7.53377,46.31811],[7.53302,46.31884],[7.5325,46.31887],[7.53115,46.3197],[7.52982,46.3201],[7.52367,46.32024],[7.52342,46.32045],[7.52216,46.32066],[7.52136,46.321],[7.52001,46.32093],[7.51673,46.3216],[7.51544,46.32283],[7.51558,46.32328],[7.51466,46.32389],[7.51455,46.32434],[7.51386,46.32468],[7.51353,46.32546],[7.51221,46.32638],[7.51041,46.3282],[7.50962,46.32837],[7.5095,46.32969],[7.51066,46.33085],[7.51071,46.33147],[7.51018,46.33202],[7.50993,46.33275],[7.50953,46.33295],[7.50953,46.3336],[7.509,46.3339],[7.50895,46.3345],[7.50852,46.33472],[7.50806,46.33581],[7.50854,46.33677],[7.50853,46.33731],[7.50915,46.3381],[7.50927,46.33869],[7.50902,46.33959],[7.50781,46.34185],[7.50659,46.34317],[7.50453,46.34488]]}},{"type":"Feature","properties":{"id":"torrent-des-moulins-vs","c":"VS","p":"patent","q":"official","k":"river","ns":1},"geometry":{"type":"LineString","coordinates":[[7.58522,46.21226],[7.58562,46.21217],[7.58715,46.21282],[7.58859,46.21362],[7.58897,46.21428],[7.59025,46.21481],[7.59128,46.21471],[7.59206,46.21487],[7.59238,46.21511],[7.59583,46.21572],[7.59948,46.21524],[7.60117,46.21579],[7.60286,46.21595],[7.60521,46.21646],[7.60758,46.21735],[7.61249,46.21745],[7.61614,46.21654],[7.61785,46.21634],[7.619,46.21577],[7.62099,46.21529],[7.62253,46.21419],[7.62345,46.21397],[7.62443,46.21296],[7.62613,46.21177],[7.62682,46.21159],[7.62846,46.2107],[7.62948,46.20961],[7.63038,46.20947],[7.63085,46.20878],[7.63148,46.20694],[7.63113,46.20651],[7.6299,46.2058],[7.62914,46.20572],[7.62878,46.20531],[7.62795,46.20536],[7.62705,46.20502],[7.62689,46.20395],[7.62715,46.2029]]}},{"type":"Feature","properties":{"id":"mondereche-vs","c":"VS","p":"patent","q":"official","k":"river","ns":1},"geometry":{"type":"LineString","coordinates":[[7.51937,46.31868],[7.51972,46.31817],[7.52139,46.31781],[7.52192,46.31726],[7.52274,46.317],[7.52328,46.316],[7.52372,46.31573],[7.5242,46.31251],[7.52532,46.31201],[7.52615,46.31077],[7.52749,46.3103],[7.5277,46.30968],[7.52846,46.30916],[7.5288,46.30865],[7.52827,46.30769],[7.52783,46.30757],[7.52713,46.30614],[7.52795,46.30538],[7.52832,46.30456],[7.52811,46.30112],[7.52734,46.30033],[7.52691,46.30033],[7.52696,46.29993],[7.52655,46.29933],[7.52671,46.29886],[7.52729,46.29841],[7.52786,46.29706],[7.52637,46.29614],[7.52599,46.29564],[7.52489,46.2954],[7.52435,46.29496],[7.52346,46.29471],[7.5228,46.29412],[7.52278,46.29382],[7.52295,46.29354],[7.52442,46.29296],[7.52766,46.29182],[7.52846,46.29176],[7.52983,46.29087],[7.53149,46.29072],[7.53298,46.28932],[7.53313,46.28849],[7.53378,46.28752]]}},{"type":"Feature","properties":{"id":"mondereche-vs-2","c":"VS","p":"patent","q":"official","k":"river","ns":1},"geometry":{"type":"LineString","coordinates":[[7.50764,46.32777],[7.50764,46.32722],[7.50816,46.32633],[7.50906,46.32562],[7.50921,46.32284],[7.50983,46.32144],[7.51081,46.32092],[7.51097,46.32064],[7.51319,46.32048],[7.51474,46.32077],[7.51632,46.32047],[7.51656,46.32005],[7.51717,46.31982],[7.51766,46.3193],[7.51811,46.31933],[7.51937,46.31868]]}},{"type":"Feature","properties":{"id":"torrent-de-pinsec-reserve-vs","c":"VS","p":"closed","q":"official","k":"river"},"geometry":{"type":"LineString","coordinates":[[7.55827,46.21503],[7.55893,46.21525],[7.56093,46.2166],[7.56173,46.21661],[7.5627,46.21697],[7.56382,46.21691],[7.56593,46.2185],[7.56728,46.21907],[7.56875,46.21939],[7.57034,46.22019],[7.57163,46.22041],[7.57346,46.2204],[7.57502,46.22082],[7.57654,46.22174],[7.57811,46.22187]]}},{"type":"Feature","properties":{"id":"navisence-2-vs","c":"VS","p":"patent","q":"official","k":"river","ns":1},"geometry":{"type":"LineString","coordinates":[[7.6435,46.09861],[7.64222,46.09859],[7.6408,46.0981],[7.64017,46.09865],[7.63897,46.09907],[7.63733,46.10066],[7.63707,46.10176],[7.63639,46.10212],[7.63562,46.10314],[7.63594,46.10392],[7.63569,46.10421],[7.63609,46.10509],[7.63585,46.10531],[7.63584,46.10587],[7.63513,46.10717],[7.63398,46.10812],[7.63453,46.10905],[7.63418,46.10995],[7.6332,46.11088],[7.6326,46.1131],[7.63225,46.1134],[7.63309,46.11547],[7.63308,46.11613],[7.63261,46.11683],[7.63263,46.11736],[7.63233,46.11786],[7.63274,46.11836],[7.63228,46.1186],[7.63162,46.12095],[7.63171,46.12145],[7.63115,46.12238],[7.63111,46.12352],[7.6307,46.12455],[7.63078,46.12588],[7.62921,46.12781],[7.62812,46.12968],[7.62633,46.13165],[7.624,46.13578],[7.62355,46.13708],[7.62368,46.13756],[7.62316,46.13805],[7.62338,46.13887],[7.6229,46.13962],[7.62308,46.14118],[7.62299,46.14155],[7.62224,46.14231],[7.62274,46.14325],[7.62362,46.14407],[7.62384,46.14484],[7.62324,46.14555],[7.6236,46.14637],[7.62311,46.14688],[7.623,46.14734],[7.6232,46.14793],[7.62284,46.14826],[7.62269,46.15132],[7.62213,46.1529],[7.62057,46.15538],[7.62034,46.15615],[7.62058,46.15723],[7.62019,46.15745],[7.62015,46.15793],[7.61898,46.15884],[7.6183,46.15972],[7.61832,46.16],[7.61533,46.16183],[7.61434,46.16286],[7.61366,46.16424],[7.61293,46.16486],[7.61208,46.16523],[7.61027,46.16774],[7.61039,46.16801],[7.61004,46.16824],[7.60997,46.1687],[7.60927,46.16948],[7.6084,46.16984],[7.60796,46.17045],[7.60652,46.17127],[7.60645,46.17166],[7.60564,46.1719],[7.60513,46.17261],[7.60487,46.17261],[7.60477,46.17293],[7.60422,46.17318],[7.60375,46.17368],[7.60324,46.17487],[7.60248,46.17549],[7.6021,46.17544],[7.60138,46.17648],[7.60076,46.17656],[7.59918,46.17794],[7.5987,46.17798],[7.59813,46.17859],[7.59709,46.17912],[7.59582,46.18127],[7.59346,46.18229],[7.5931,46.18325],[7.59231,46.1838],[7.59211,46.18441],[7.59121,46.18533]]}},{"type":"Feature","properties":{"id":"gletscherboden-schongebiet-vs","c":"VS","p":"closed","q":"official","k":"river"},"geometry":{"type":"LineString","coordinates":[[8.36408,46.56363],[8.36386,46.56394],[8.36429,46.5648],[8.36494,46.56513],[8.36575,46.56595],[8.36656,46.56615],[8.36714,46.56698],[8.36839,46.56746],[8.36869,46.56814],[8.36985,46.5688],[8.37071,46.56892]]}},{"type":"Feature","properties":{"id":"le-tove-bouverette-vs","c":"VS","p":"patent","q":"official","k":"river","ns":1},"geometry":{"type":"LineString","coordinates":[[6.86754,46.37309],[6.8657,46.37294],[6.86426,46.37337],[6.86356,46.37391],[6.8634,46.37442],[6.86456,46.37676]]}},{"type":"Feature","properties":{"id":"rone-gletsch-fiesch-vs","c":"VS","p":"patent","q":"official","k":"river","ns":1},"geometry":{"type":"LineString","coordinates":[[8.37929,46.57008],[8.37935,46.57086],[8.38037,46.57121],[8.38066,46.57175],[8.38119,46.57193],[8.38156,46.57229],[8.38173,46.57278],[8.38155,46.57321],[8.38058,46.57378],[8.38023,46.57436],[8.37945,46.57457],[8.37942,46.57495],[8.38032,46.57543],[8.38035,46.5757],[8.37999,46.57596],[8.38208,46.57648],[8.38249,46.57665],[8.3823,46.57679],[8.38279,46.57694],[8.38285,46.57769],[8.38356,46.57796],[8.38363,46.57863],[8.38332,46.57905]]}},{"type":"Feature","properties":{"id":"gletscherboden-schongebiet-vs-2","c":"VS","p":"closed","q":"official","k":"river"},"geometry":{"type":"LineString","coordinates":[[8.36967,46.56606],[8.36981,46.56638],[8.37056,46.5669],[8.37101,46.56828],[8.37156,46.56881],[8.37177,46.56943],[8.37301,46.57013],[8.37342,46.57058],[8.37356,46.5716],[8.37465,46.57194],[8.3749,46.57225],[8.37435,46.57265],[8.37486,46.57304],[8.37476,46.57348],[8.37507,46.57384],[8.3749,46.57473],[8.3742,46.57522],[8.37438,46.5764],[8.37414,46.57741],[8.37377,46.57803],[8.37321,46.57815],[8.3722,46.5789],[8.37215,46.57922]]}},{"type":"Feature","properties":{"id":"gletscherboden-schongebiet-vs-3","c":"VS","p":"closed","q":"official","k":"river"},"geometry":{"type":"LineString","coordinates":[[8.37074,46.56732],[8.37038,46.56816],[8.37072,46.56879],[8.37177,46.56943]]}},{"type":"Feature","properties":{"id":"gletscherboden-schongebiet-vs-4","c":"VS","p":"closed","q":"official","k":"river"},"geometry":{"type":"LineString","coordinates":[[8.37074,46.56732],[8.37164,46.56765],[8.37177,46.56885],[8.37377,46.57029]]}},{"type":"Feature","properties":{"id":"gletscherboden-schongebiet-vs-5","c":"VS","p":"closed","q":"official","k":"river"},"geometry":{"type":"LineString","coordinates":[[8.36581,46.56448],[8.36645,46.56566],[8.36817,46.56638],[8.36862,46.56679],[8.36866,46.56723]]}},{"type":"Feature","properties":{"id":"gletscherboden-schongebiet-vs-6","c":"VS","p":"closed","q":"official","k":"river"},"geometry":{"type":"LineString","coordinates":[[8.36383,46.56378],[8.36347,46.56405],[8.36338,46.56455],[8.3639,46.56546],[8.36519,46.56632],[8.36655,46.56656],[8.36756,46.56714]]}},{"type":"Feature","properties":{"id":"muttbach-schongebiet-vs","c":"VS","p":"closed","q":"official","k":"river"},"geometry":{"type":"LineString","coordinates":[[8.37928,46.57003],[8.38033,46.56997],[8.38126,46.57016],[8.38232,46.57006],[8.38317,46.57053],[8.3838,46.57064],[8.38632,46.57082],[8.38763,46.57073],[8.39022,46.5712],[8.39398,46.57084],[8.39514,46.57098],[8.39559,46.57076],[8.39794,46.57037],[8.39914,46.57042],[8.39997,46.57004],[8.40045,46.57008],[8.40152,46.56957],[8.40225,46.56897],[8.40384,46.56835],[8.40448,46.56846],[8.40561,46.56738],[8.40561,46.56708],[8.40634,46.56677],[8.40667,46.56441],[8.40712,46.56361],[8.41038,46.55998],[8.41159,46.55783]]}},{"type":"Feature","properties":{"id":"rhone-gletsch-fiesch-vs","c":"VS","p":"patent","q":"official","k":"river","ns":1},"geometry":{"type":"LineString","coordinates":[[8.24505,46.46844],[8.24485,46.46934],[8.24504,46.46999],[8.24604,46.47066],[8.24754,46.47125],[8.25095,46.47176],[8.25137,46.47207],[8.25252,46.47376],[8.25353,46.47412],[8.25425,46.47518],[8.25573,46.47637],[8.25643,46.47666],[8.26298,46.47784],[8.26516,46.4786],[8.26682,46.48061],[8.26916,46.4819],[8.26923,46.48311],[8.26963,46.48336],[8.27237,46.48341],[8.27382,46.48389],[8.27587,46.48505],[8.27813,46.48841],[8.28125,46.49029],[8.28288,46.49182],[8.28476,46.49289],[8.2866,46.49363],[8.28877,46.49504],[8.29651,46.49887],[8.29908,46.49986],[8.30486,46.50264],[8.30657,46.50306],[8.30864,46.50406],[8.30947,46.50463],[8.31233,46.50785],[8.31719,46.5084],[8.31844,46.50827],[8.32142,46.50919],[8.32312,46.51099],[8.32458,46.51214],[8.32599,46.51288],[8.32797,46.51353],[8.33036,46.51524],[8.33112,46.51679],[8.33337,46.51815],[8.33467,46.52023]]}},{"type":"Feature","properties":{"id":"rhone-gletsch-fiesch-vs-2","c":"VS","p":"patent","q":"official","k":"river","ns":1},"geometry":{"type":"LineString","coordinates":[[8.33467,46.52023],[8.33545,46.52143],[8.3405,46.52603],[8.34126,46.52725],[8.34728,46.53333],[8.35001,46.53487],[8.3508,46.53613],[8.3531,46.53665],[8.35479,46.5373],[8.35622,46.53731],[8.35695,46.53696]]}},{"type":"Feature","properties":{"id":"laldnerkanal-vs","c":"VS","p":"patent","q":"official","k":"canal","ns":1},"geometry":{"type":"LineString","coordinates":[[7.86555,46.30247],[7.86573,46.30301],[7.87709,46.30282],[7.88163,46.30231],[7.89211,46.30159],[7.90178,46.29843],[7.90713,46.29805],[7.91289,46.29983],[7.91649,46.29992],[7.91755,46.29962],[7.9183,46.29966],[7.92099,46.30077],[7.92308,46.30085],[7.92565,46.3018],[7.92839,46.30208],[7.9297,46.30202],[7.93188,46.30241],[7.93603,46.30388]]}},{"type":"Feature","properties":{"id":"hofkanal-schongebiet-vs","c":"VS","p":"closed","q":"official","k":"river"},"geometry":{"type":"LineString","coordinates":[[7.84374,46.30696],[7.84416,46.30716],[7.84774,46.30738],[7.8544,46.30882],[7.85669,46.30887],[7.85828,46.30845]]}},{"type":"Feature","properties":{"id":"grossgrabenkanal-brig-vs","c":"VS","p":"patent","q":"official","k":"canal","ns":1},"geometry":{"type":"LineString","coordinates":[[7.94552,46.30618],[7.94585,46.30577],[7.94703,46.30612],[7.95043,46.30641],[7.96798,46.31093],[7.96941,46.31135],[7.97297,46.31297],[7.97849,46.31504]]}},{"type":"Feature","properties":{"id":"italienergraben-vs","c":"VS","p":"patent","q":"official","k":"canal","ns":1},"geometry":{"type":"LineString","coordinates":[[7.95576,46.30777],[7.96234,46.30784],[7.9682,46.30844],[7.96935,46.30978],[7.96995,46.31012],[7.97071,46.30959],[7.97099,46.30884]]}},{"type":"Feature","properties":{"id":"putiergraben-vs","c":"VS","p":"patent","q":"official","k":"canal","ns":1},"geometry":{"type":"LineString","coordinates":[[7.69049,46.30813],[7.69078,46.30773],[7.69782,46.30903],[7.69932,46.30908],[7.69943,46.30874],[7.71478,46.30626],[7.71839,46.30678],[7.71867,46.30615],[7.7189,46.30609],[7.72424,46.30672]]}},{"type":"Feature","properties":{"id":"torrent-de-drone-vs","c":"VS","p":"closed","q":"official","k":"river"},"geometry":{"type":"LineString","coordinates":[[7.36301,46.25431],[7.36392,46.25382],[7.36579,46.25341],[7.36722,46.25258]]}},{"type":"Feature","properties":{"id":"la-rogne-vs","c":"VS","p":"patent","q":"official","k":"river","ns":1},"geometry":{"type":"LineString","coordinates":[[7.3197,46.26531],[7.31843,46.26627],[7.31803,46.26608],[7.31679,46.26623],[7.3165,46.26682],[7.31373,46.26817],[7.31277,46.26891],[7.31179,46.26906],[7.31096,46.26944],[7.30976,46.26953],[7.30876,46.27011],[7.3084,46.27068],[7.30782,46.2709],[7.30699,46.27173],[7.30667,46.27169],[7.30505,46.2724],[7.30381,46.27368],[7.30424,46.2747],[7.30344,46.27566],[7.30265,46.27618],[7.3015,46.2776],[7.3006,46.27807],[7.30048,46.27833],[7.29692,46.27947],[7.29575,46.28034],[7.29524,46.28045],[7.29401,46.28158],[7.29323,46.28186],[7.29204,46.28264],[7.29072,46.28457],[7.28973,46.28484],[7.28898,46.28544],[7.28858,46.28544],[7.28804,46.28608],[7.28784,46.2869]]}},{"type":"Feature","properties":{"id":"la-morge-vs","c":"VS","p":"patent","q":"official","k":"river","ns":1},"geometry":{"type":"LineString","coordinates":[[7.32228,46.27079],[7.32228,46.27176],[7.32403,46.27283],[7.32467,46.27303],[7.3247,46.27329],[7.32426,46.27365],[7.32473,46.27435],[7.32577,46.27493],[7.32622,46.27581],[7.32617,46.27623],[7.32774,46.27724],[7.32826,46.27737],[7.3286,46.2779],[7.32829,46.27837],[7.32856,46.27902],[7.32929,46.27948],[7.32973,46.27951],[7.33018,46.27993],[7.33021,46.28042],[7.32973,46.28151],[7.33049,46.28216],[7.33049,46.28239],[7.33007,46.283],[7.33029,46.28396],[7.33,46.2843],[7.33002,46.28511],[7.32968,46.28566],[7.32997,46.28617],[7.32972,46.28642],[7.32908,46.28658],[7.3287,46.28821],[7.32897,46.28908],[7.32864,46.28958],[7.32912,46.29049],[7.32896,46.29114],[7.3299,46.29261],[7.32992,46.29316],[7.33051,46.29428],[7.33021,46.29481],[7.32883,46.2956],[7.32889,46.29578],[7.3276,46.29717],[7.32757,46.29787],[7.32664,46.29872],[7.32638,46.29954],[7.32604,46.29944],[7.32524,46.29963],[7.32474,46.30012],[7.32425,46.29973],[7.32295,46.30023],[7.32229,46.30008],[7.3215,46.30023],[7.32084,46.3008],[7.32015,46.30108],[7.31946,46.30112],[7.31851,46.30153],[7.31763,46.30133],[7.31712,46.30152],[7.31592,46.30212],[7.31551,46.30275],[7.31526,46.30273],[7.31436,46.30338],[7.31284,46.3051],[7.31223,46.30514],[7.30944,46.30681],[7.30826,46.30699],[7.30721,46.30752],[7.30646,46.30837],[7.30545,46.30873],[7.30535,46.30894]]}},{"type":"Feature","properties":{"id":"lizerne-vs","c":"VS","p":"patent","q":"official","k":"river","ns":1},"geometry":{"type":"LineString","coordinates":[[7.25059,46.22258],[7.25084,46.22239],[7.25063,46.22217],[7.25063,46.22115],[7.25161,46.22045],[7.25178,46.21994],[7.25372,46.21885],[7.25419,46.21804],[7.2549,46.21787],[7.25895,46.21548],[7.26399,46.21343],[7.26734,46.21159],[7.28112,46.20162],[7.28234,46.20029],[7.28259,46.19917]]}},{"type":"Feature","properties":{"id":"lizerne-vs-2","c":"VS","p":"patent","q":"official","k":"river","ns":1},"geometry":{"type":"LineString","coordinates":[[7.23565,46.28849],[7.23653,46.28879]]}},{"type":"Feature","properties":{"id":"lizerne-vs-3","c":"VS","p":"patent","q":"official","k":"river","ns":1},"geometry":{"type":"LineString","coordinates":[[7.23499,46.28771],[7.23339,46.28675],[7.2336,46.28598],[7.23325,46.28571],[7.23395,46.28469],[7.23381,46.28411],[7.23406,46.28382],[7.23384,46.28361],[7.23373,46.28271],[7.23391,46.28209],[7.2345,46.28166],[7.23427,46.27982],[7.23478,46.2789],[7.23413,46.27862],[7.23399,46.27828],[7.23518,46.27642],[7.23558,46.27625],[7.23623,46.27543],[7.23566,46.27477],[7.23598,46.27391],[7.23647,46.27345],[7.23656,46.27275],[7.23762,46.27203],[7.23859,46.27019],[7.23949,46.26941],[7.23983,46.26859],[7.24045,46.26826],[7.24054,46.26771],[7.24097,46.26718],[7.24179,46.26678],[7.24271,46.26668],[7.24371,46.26584],[7.24324,46.26452],[7.2435,46.26405],[7.24325,46.26292],[7.24263,46.26184],[7.24141,46.26072],[7.24149,46.25993],[7.24205,46.25956],[7.2428,46.25784],[7.24407,46.25704],[7.24448,46.25654],[7.24478,46.25419],[7.2455,46.25377],[7.24591,46.25322],[7.24631,46.25204],[7.24736,46.25144],[7.24737,46.25102],[7.24834,46.25052],[7.24855,46.24909],[7.25029,46.24758],[7.25016,46.24685],[7.24978,46.24659],[7.24983,46.24588],[7.2496,46.24547],[7.2505,46.24417],[7.25064,46.24363],[7.2516,46.24381],[7.25214,46.24304],[7.25184,46.24217],[7.25236,46.24172],[7.25236,46.24099],[7.25208,46.24051],[7.25314,46.24009],[7.25394,46.23937],[7.25329,46.23882],[7.25339,46.2359],[7.25302,46.23546],[7.25306,46.23478],[7.25277,46.23462],[7.25269,46.2342],[7.25302,46.23386],[7.25278,46.23308],[7.25284,46.23203],[7.25249,46.23156],[7.25287,46.23055],[7.25246,46.22996],[7.25255,46.22901],[7.25135,46.22756],[7.25136,46.227],[7.25059,46.22604],[7.25056,46.22557],[7.25155,46.22474],[7.25183,46.22401],[7.25059,46.22258]]}},{"type":"Feature","properties":{"id":"lizerne-vs-4","c":"VS","p":"patent","q":"official","k":"river","ns":1},"geometry":{"type":"LineString","coordinates":[[7.22818,46.28181],[7.22889,46.28135],[7.22979,46.28125],[7.23057,46.28076],[7.2308,46.2799],[7.23213,46.27868],[7.23324,46.27865],[7.23399,46.27828]]}},{"type":"Feature","properties":{"id":"la-derbonne-vs","c":"VS","p":"closed","q":"official","k":"river"},"geometry":{"type":"LineString","coordinates":[[7.18471,46.24871],[7.18701,46.24962],[7.18819,46.25068],[7.19044,46.2522],[7.19045,46.25273],[7.19097,46.25306],[7.19125,46.25374],[7.1905,46.25445],[7.19043,46.2553],[7.19245,46.25643],[7.19258,46.25676],[7.1944,46.25752],[7.19498,46.25808],[7.19504,46.25842],[7.19611,46.25913],[7.19647,46.26007],[7.19758,46.26077],[7.19808,46.26083],[7.19943,46.26152],[7.20015,46.2621],[7.20125,46.26227],[7.20235,46.26268],[7.20301,46.26308],[7.20313,46.26351],[7.20351,46.2636],[7.20369,46.26386],[7.2045,46.26412],[7.20605,46.26522],[7.20657,46.26536],[7.20655,46.26605],[7.2071,46.26631],[7.2075,46.2672],[7.20971,46.26947],[7.21066,46.27009],[7.21117,46.27154],[7.21101,46.27197],[7.2116,46.27311],[7.21236,46.27389],[7.21297,46.27422],[7.21397,46.27569],[7.21471,46.27618],[7.21473,46.27658]]}},{"type":"Feature","properties":{"id":"lizerne-vs-5","c":"VS","p":"patent","q":"official","k":"river","ns":1},"geometry":{"type":"LineString","coordinates":[[7.24172,46.29196],[7.24206,46.29212],[7.24247,46.29206],[7.24278,46.29229],[7.24372,46.2934],[7.2461,46.29396],[7.24684,46.29393],[7.24785,46.29484],[7.24839,46.29468],[7.25031,46.29498],[7.25116,46.29534],[7.25203,46.29536],[7.25248,46.29515],[7.25344,46.29542],[7.25442,46.29533],[7.2555,46.29574],[7.25846,46.29585],[7.25905,46.29611],[7.26005,46.29607],[7.26019,46.29594],[7.26082,46.29605],[7.26141,46.2965],[7.26269,46.29701],[7.26361,46.29708]]}},{"type":"Feature","properties":{"id":"rhone-aproz-riddes-vs","c":"VS","p":"patent","q":"official","k":"river","ns":1},"geometry":{"type":"LineString","coordinates":[[7.22898,46.17703],[7.23006,46.17696],[7.23093,46.17719],[7.23399,46.18028],[7.23519,46.18106],[7.24851,46.18347],[7.25127,46.18415],[7.25342,46.18494],[7.25587,46.18615],[7.25728,46.18706],[7.25909,46.18865],[7.2616,46.19034],[7.26371,46.19143],[7.28182,46.19896],[7.28361,46.19942],[7.2939,46.20101],[7.29585,46.20154],[7.2991,46.20279],[7.30191,46.20403],[7.31029,46.2092],[7.31181,46.2098],[7.31462,46.21014],[7.32131,46.2103]]}},{"type":"Feature","properties":{"id":"rhone-riddes-fully-vs","c":"VS","p":"patent","q":"official","k":"river","ns":1},"geometry":{"type":"LineString","coordinates":[[7.06617,46.12557],[7.06666,46.12445],[7.06724,46.12188],[7.06768,46.12132],[7.06917,46.12049],[7.0699,46.12033],[7.08203,46.12265],[7.0875,46.12443],[7.09821,46.1268],[7.11444,46.13303],[7.13028,46.13774],[7.13153,46.13834],[7.13926,46.1432],[7.14311,46.1451],[7.16481,46.15498],[7.16728,46.1559],[7.17596,46.15797],[7.18492,46.15922],[7.19406,46.16137],[7.1953,46.16189],[7.19684,46.16285],[7.19751,46.1635],[7.19914,46.16656],[7.1999,46.16881],[7.20036,46.17228],[7.20102,46.17382],[7.20179,46.17478],[7.20417,46.1764],[7.20541,46.17701],[7.20796,46.17774],[7.2095,46.17792],[7.22453,46.17854],[7.22898,46.17703]]}},{"type":"Feature","properties":{"id":"salentse-vs","c":"VS","p":"patent","q":"official","k":"river","ns":1},"geometry":{"type":"LineString","coordinates":[[7.19083,46.18091],[7.19385,46.17936],[7.19583,46.17786],[7.20073,46.17616],[7.20123,46.17575],[7.20179,46.17478]]}},{"type":"Feature","properties":{"id":"salentse-vs-2","c":"VS","p":"patent","q":"official","k":"river","ns":1},"geometry":{"type":"LineString","coordinates":[[7.19083,46.18091],[7.19013,46.18135],[7.18907,46.18141],[7.18669,46.18231],[7.18419,46.18255],[7.18318,46.18293],[7.18259,46.18356],[7.18136,46.18424],[7.18038,46.18545],[7.17913,46.18595],[7.1783,46.18684],[7.17824,46.18802],[7.17681,46.18872],[7.17584,46.18864],[7.17524,46.18927],[7.17453,46.18963],[7.17428,46.19067],[7.1732,46.19147],[7.17339,46.19237],[7.1724,46.19354],[7.17175,46.19374],[7.17158,46.19398],[7.17167,46.19581],[7.1705,46.19665],[7.16996,46.19735],[7.16859,46.19802],[7.16777,46.19895],[7.16718,46.1992],[7.16691,46.19969]]}},{"type":"Feature","properties":{"id":"salentse-vs-3","c":"VS","p":"patent","q":"official","k":"river","ns":1},"geometry":{"type":"LineString","coordinates":[[7.16691,46.19969],[7.16528,46.20144],[7.16506,46.20283],[7.1638,46.20354],[7.16305,46.20439],[7.1616,46.20496],[7.16107,46.20557],[7.15693,46.20606],[7.15627,46.20601],[7.15565,46.2067],[7.1544,46.20729],[7.15388,46.20747],[7.15276,46.20738],[7.15193,46.20767]]}},{"type":"Feature","properties":{"id":"torrent-be-vs","c":"VS","p":"patent","q":"official","k":"river","ns":1},"geometry":{"type":"LineString","coordinates":[[7.2895,46.11367],[7.28983,46.1133],[7.29033,46.11334],[7.29113,46.113],[7.29199,46.11324],[7.2933,46.11322],[7.29553,46.11411],[7.29674,46.11425],[7.29938,46.11532],[7.30086,46.11568],[7.30202,46.11717],[7.3021,46.11777],[7.30281,46.11814],[7.30484,46.12011],[7.30676,46.12145],[7.30817,46.12214],[7.30899,46.12312],[7.31062,46.12439],[7.31044,46.12469],[7.31081,46.12526],[7.31204,46.12577],[7.3125,46.12663],[7.31372,46.12739],[7.31648,46.12763],[7.31732,46.12842]]}},{"type":"Feature","properties":{"id":"la-printse-vs","c":"VS","p":"patent","q":"official","k":"river","ns":1},"geometry":{"type":"LineString","coordinates":[[7.32335,46.18144],[7.32309,46.18207],[7.32355,46.18249],[7.3242,46.18458],[7.32358,46.18533],[7.32364,46.18624],[7.32235,46.18725],[7.32132,46.18741],[7.32107,46.1878],[7.32114,46.18859],[7.31967,46.18964],[7.31974,46.19017],[7.32162,46.19121],[7.32147,46.19199],[7.32055,46.19274],[7.32086,46.19299],[7.32076,46.19344],[7.32131,46.19405],[7.32133,46.19455],[7.32074,46.19478],[7.31983,46.19577],[7.32016,46.19597],[7.32018,46.19659],[7.31966,46.19698],[7.31926,46.19803],[7.31839,46.19851],[7.3183,46.19906],[7.31685,46.19965],[7.31759,46.20009],[7.31739,46.20118],[7.31778,46.20189],[7.31871,46.20242],[7.31874,46.20304],[7.3181,46.20377],[7.3182,46.20475],[7.31963,46.2051],[7.32102,46.20586],[7.32119,46.20613],[7.32174,46.20916],[7.32131,46.2103]]}},{"type":"Feature","properties":{"id":"ojintse-reserve-vs","c":"VS","p":"closed","q":"official","k":"river"},"geometry":{"type":"LineString","coordinates":[[7.35665,46.1652],[7.35554,46.16748],[7.35551,46.16832],[7.35526,46.16867],[7.35402,46.16939],[7.35349,46.17143],[7.35215,46.17361],[7.35064,46.17465],[7.34886,46.17661],[7.34763,46.17722],[7.34384,46.18],[7.34306,46.18035],[7.34196,46.18047],[7.34112,46.18099],[7.34026,46.18115],[7.33943,46.18157],[7.33776,46.18178],[7.33723,46.18222],[7.33502,46.18257],[7.33174,46.18208],[7.3306,46.18166],[7.32993,46.18162],[7.32887,46.18116],[7.32776,46.18158],[7.32692,46.18156],[7.32574,46.18222],[7.32507,46.18226],[7.32465,46.1827],[7.32408,46.18404]]}},{"type":"Feature","properties":{"id":"ruisseau-de-tortin-vs","c":"VS","p":"patent","q":"official","k":"river","ns":1},"geometry":{"type":"LineString","coordinates":[[7.31741,46.12682],[7.31654,46.12625],[7.31633,46.12577],[7.31556,46.12532],[7.31539,46.12492],[7.31426,46.1246],[7.31353,46.12406],[7.31284,46.12336],[7.31252,46.12246],[7.31204,46.12228],[7.31044,46.1207],[7.30955,46.12057],[7.30921,46.12008],[7.30885,46.1201],[7.30813,46.11973],[7.30743,46.11884],[7.30596,46.11792],[7.30397,46.11112],[7.30369,46.11091],[7.30362,46.1104],[7.30176,46.10818],[7.30178,46.10763],[7.3022,46.10723],[7.30274,46.10592],[7.3027,46.10544],[7.30307,46.10489],[7.30381,46.10458],[7.30367,46.10418],[7.30217,46.10334],[7.30227,46.10275],[7.30384,46.1012],[7.30459,46.09974],[7.30555,46.09891],[7.30563,46.09831]]}},{"type":"Feature","properties":{"id":"fare-vs","c":"VS","p":"patent","q":"official","k":"river","ns":1},"geometry":{"type":"LineString","coordinates":[[7.22898,46.17703],[7.22788,46.1756],[7.2272,46.17395],[7.22717,46.1706],[7.22746,46.16986],[7.22878,46.16898],[7.229,46.16824],[7.23094,46.16816],[7.23121,46.16683],[7.23173,46.16655],[7.23194,46.16607],[7.23245,46.16606],[7.23273,46.16584],[7.23364,46.16587],[7.2337,46.16564],[7.23478,46.16518],[7.23465,46.16467],[7.23514,46.16429],[7.23553,46.16419],[7.23651,46.16461],[7.23713,46.16434],[7.23754,46.16357],[7.23885,46.16276],[7.23963,46.16196],[7.23951,46.16159],[7.23982,46.16113],[7.23966,46.16035],[7.23899,46.15968],[7.23928,46.15876],[7.24007,46.1585],[7.24093,46.15748],[7.24198,46.15744],[7.24241,46.15724],[7.24262,46.15679],[7.24357,46.15693],[7.24525,46.15599],[7.24612,46.15584],[7.24684,46.15449],[7.24796,46.15397],[7.2479,46.15231]]}},{"type":"Feature","properties":{"id":"fare-de-rosey-vs","c":"VS","p":"patent","q":"official","k":"river","ns":1},"geometry":{"type":"LineString","coordinates":[[7.28229,46.12767],[7.28192,46.1295],[7.28049,46.13083],[7.27958,46.13224],[7.27901,46.13244],[7.27846,46.13299],[7.27753,46.13411],[7.27761,46.1343],[7.27515,46.13663],[7.27404,46.13933],[7.27404,46.1401],[7.27324,46.14162],[7.27155,46.14211],[7.27083,46.14323],[7.27025,46.14359],[7.26901,46.14388],[7.26721,46.14462],[7.26401,46.14546],[7.26379,46.14599],[7.26331,46.14623],[7.26342,46.14656],[7.26321,46.14701],[7.26147,46.1484],[7.25957,46.14925],[7.25867,46.15043],[7.2573,46.15047],[7.25343,46.15143],[7.25183,46.15131],[7.25091,46.15181],[7.25067,46.15221],[7.24975,46.15255],[7.24842,46.15216],[7.2479,46.15231]]}},{"type":"Feature","properties":{"id":"fare-de-chassoure-vs","c":"VS","p":"patent","q":"official","k":"river","ns":1},"geometry":{"type":"LineString","coordinates":[[7.2479,46.15231],[7.24739,46.15158],[7.24743,46.15113],[7.2481,46.15055],[7.24798,46.1498],[7.24856,46.14927],[7.2488,46.14745],[7.24925,46.14636],[7.24998,46.1457],[7.25011,46.14521],[7.2501,46.14252],[7.25046,46.14151],[7.25059,46.13956],[7.25014,46.13766],[7.25017,46.13611],[7.25123,46.13584],[7.25197,46.13456],[7.2517,46.13428],[7.25185,46.1338],[7.25113,46.13264],[7.25129,46.13173],[7.25219,46.13018],[7.25278,46.12793],[7.25344,46.12733],[7.25335,46.12694],[7.25421,46.1261],[7.25422,46.12544],[7.25458,46.12472],[7.25702,46.12223],[7.25743,46.12151],[7.25762,46.1204]]}},{"type":"Feature","properties":{"id":"torrent-du-cotterg-vs","c":"VS","p":"patent","q":"official","k":"river","ns":1},"geometry":{"type":"LineString","coordinates":[[7.20645,46.08236],[7.20832,46.08601],[7.20976,46.08817],[7.20988,46.09104],[7.21099,46.09179],[7.21116,46.09234],[7.21284,46.09383],[7.21358,46.09512],[7.21362,46.09599],[7.21423,46.0971],[7.21403,46.09868],[7.21443,46.10001],[7.21424,46.10034],[7.21436,46.10074]]}},{"type":"Feature","properties":{"id":"dranse-de-bagnes-vs","c":"VS","p":"patent","q":"official","k":"river","ns":1},"geometry":{"type":"LineString","coordinates":[[7.24585,46.05615],[7.24525,46.05811],[7.24532,46.05898],[7.24428,46.05994],[7.24314,46.06031],[7.24163,46.06034],[7.24124,46.06059],[7.24114,46.06139],[7.24007,46.06238],[7.23881,46.06317],[7.2389,46.06414],[7.23774,46.06535],[7.23762,46.06577],[7.23539,46.06692],[7.23116,46.0684],[7.22769,46.07028],[7.22439,46.07096],[7.22253,46.07225],[7.22153,46.07531],[7.21918,46.07682],[7.21574,46.07752],[7.21432,46.07806],[7.21376,46.07876],[7.2138,46.07984],[7.21339,46.08061],[7.21236,46.08121],[7.20981,46.08193],[7.20425,46.08259],[7.20345,46.08298],[7.20025,46.08364],[7.19849,46.08474],[7.19731,46.08507],[7.19343,46.08543],[7.19175,46.08496],[7.19017,46.08599],[7.18943,46.08607],[7.18748,46.08568],[7.18653,46.08502],[7.18568,46.08486],[7.18517,46.08458],[7.18431,46.08369],[7.18365,46.08226],[7.18268,46.08139],[7.1827,46.08114],[7.17982,46.07968],[7.17831,46.0795],[7.17748,46.07921],[7.17531,46.07909],[7.17345,46.07915],[7.17308,46.0795],[7.17267,46.07957],[7.17235,46.07946],[7.16976,46.07959],[7.16841,46.07915],[7.16284,46.07868],[7.1604,46.07816],[7.15937,46.07832]]}},{"type":"Feature","properties":{"id":"dranse-de-bagnes-vs-2","c":"VS","p":"patent","q":"official","k":"river","ns":1},"geometry":{"type":"LineString","coordinates":[[7.34881,45.99803],[7.34638,46.00039],[7.34572,46.00158],[7.34426,46.00319],[7.3443,46.00348],[7.34397,46.00355],[7.3418,46.00612],[7.34122,46.0062],[7.33996,46.00566],[7.33946,46.00574],[7.33879,46.00618],[7.33878,46.00675],[7.33839,46.00746],[7.3378,46.0078],[7.3377,46.00807],[7.3376,46.00921],[7.33701,46.00959],[7.33687,46.01008],[7.33608,46.01047],[7.33573,46.01091],[7.3358,46.01156],[7.33552,46.0118],[7.33516,46.01329],[7.33413,46.01369],[7.3333,46.01494],[7.33258,46.01539],[7.33101,46.01725],[7.33031,46.01726],[7.33022,46.01764],[7.32844,46.01959],[7.32807,46.02108],[7.32436,46.02314],[7.32385,46.02365],[7.32322,46.02386],[7.32236,46.02451],[7.3199,46.02535],[7.31912,46.02602],[7.31708,46.02663],[7.31607,46.02712],[7.31507,46.0282],[7.31474,46.02946],[7.3141,46.02972],[7.31336,46.02989],[7.31252,46.02984],[7.31151,46.03018],[7.30654,46.03337]]}},{"type":"Feature","properties":{"id":"dranse-de-bagnes-vs-3","c":"VS","p":"patent","q":"official","k":"river","ns":1},"geometry":{"type":"LineString","coordinates":[[7.30272,46.03439],[7.30087,46.03416],[7.2985,46.03483],[7.29602,46.03485],[7.29506,46.0347],[7.29376,46.03514],[7.29302,46.03554],[7.29231,46.03627],[7.29205,46.03703],[7.29051,46.03757],[7.29036,46.03818],[7.28955,46.03843],[7.28897,46.03894],[7.2884,46.03911],[7.28833,46.03958],[7.28787,46.03996],[7.28695,46.04024],[7.28568,46.0403],[7.28452,46.04126],[7.28441,46.04158],[7.28359,46.04185],[7.28223,46.04352],[7.28165,46.04337],[7.28103,46.0436],[7.27956,46.04361],[7.27756,46.04341],[7.27655,46.04433],[7.2747,46.04545],[7.27436,46.04596],[7.27396,46.04593],[7.27261,46.04662],[7.27031,46.04658],[7.26939,46.04673],[7.26783,46.04757],[7.26641,46.04788],[7.26388,46.04905],[7.26379,46.04958],[7.26294,46.05031],[7.26314,46.05094],[7.26299,46.05146],[7.26149,46.0517],[7.2607,46.05288],[7.25952,46.05376],[7.25852,46.0537],[7.25695,46.05423],[7.25568,46.05405],[7.25435,46.05455],[7.25288,46.0539],[7.25175,46.05396],[7.25104,46.05373],[7.25008,46.05376],[7.24914,46.05413],[7.24791,46.05381],[7.24672,46.05444],[7.24585,46.05615]]}},{"type":"Feature","properties":{"id":"torrent-de-louvie-vs","c":"VS","p":"patent","q":"official","k":"river","ns":1},"geometry":{"type":"LineString","coordinates":[[7.3079,46.04687],[7.30767,46.04645],[7.30692,46.04597],[7.30688,46.04557],[7.30606,46.04479],[7.30537,46.04464]]}},{"type":"Feature","properties":{"id":"dyure-de-sery-vs","c":"VS","p":"patent","q":"official","k":"river","ns":1},"geometry":{"type":"LineString","coordinates":[[7.29038,46.0381],[7.2899,46.03606],[7.2895,46.03583],[7.28942,46.03531],[7.28872,46.03444],[7.28674,46.03389],[7.28453,46.03203],[7.28433,46.03008],[7.28532,46.02808],[7.28365,46.02678],[7.28224,46.02663],[7.28101,46.02595],[7.28054,46.02533],[7.27651,46.02262],[7.27568,46.02164],[7.27419,46.02083],[7.27126,46.01865],[7.26873,46.01609]]}},{"type":"Feature","properties":{"id":"dyure-de-corbassieres-vs","c":"VS","p":"patent","q":"official","k":"river","ns":1},"geometry":{"type":"LineString","coordinates":[[7.28532,46.02808],[7.28607,46.02619],[7.28658,46.02592],[7.2872,46.02484],[7.28817,46.02402],[7.28923,46.02232],[7.28915,46.02126],[7.28997,46.02093],[7.29047,46.02015],[7.29188,46.01937],[7.29323,46.01889],[7.29348,46.01811],[7.29461,46.01717]]}},{"type":"Feature","properties":{"id":"le-pessot-dransette-reserve-vs","c":"VS","p":"closed","q":"official","k":"river"},"geometry":{"type":"LineString","coordinates":[[7.2651,46.04846],[7.26515,46.04756],[7.26605,46.04686],[7.26696,46.04677],[7.26728,46.04644],[7.26868,46.04591],[7.26848,46.04432],[7.26861,46.04361],[7.2691,46.04284],[7.26916,46.04085],[7.26956,46.04013],[7.26873,46.03931],[7.26899,46.03904],[7.26849,46.03819],[7.26853,46.03776]]}},{"type":"Feature","properties":{"id":"dranse-2-vs","c":"VS","p":"patent","q":"official","k":"river","ns":1},"geometry":{"type":"LineString","coordinates":[[7.15929,46.07836],[7.15807,46.07787],[7.15837,46.07686],[7.158,46.07638],[7.15714,46.07591],[7.15553,46.07561],[7.15425,46.07488],[7.15439,46.0739],[7.15404,46.07285],[7.15473,46.07213],[7.15354,46.07088],[7.15319,46.07016],[7.15398,46.06853],[7.15268,46.06777],[7.15207,46.06715],[7.15199,46.06688],[7.1523,46.06638],[7.15225,46.06462],[7.15207,46.06441],[7.15101,46.06404],[7.14977,46.0638],[7.14839,46.06258],[7.14886,46.06195],[7.14868,46.05981],[7.15002,46.05925],[7.15053,46.0584],[7.15059,46.05772],[7.1491,46.05467],[7.14974,46.05392],[7.15052,46.05343],[7.14998,46.05239],[7.14976,46.05105],[7.14848,46.0494],[7.14816,46.04864],[7.14825,46.04788],[7.14774,46.04728],[7.14791,46.04612],[7.14916,46.04466],[7.14867,46.04287],[7.14897,46.04232],[7.1483,46.04187],[7.14743,46.0406],[7.14762,46.03937],[7.1473,46.03801],[7.14765,46.03706],[7.14668,46.03613],[7.1459,46.03424],[7.14589,46.03368],[7.14653,46.03291],[7.1463,46.03234],[7.14533,46.03146],[7.14529,46.02825],[7.14434,46.02713],[7.14486,46.02611],[7.14424,46.02552],[7.14399,46.02486],[7.14474,46.02267],[7.1438,46.02185]]}},{"type":"Feature","properties":{"id":"torrent-de-versegeres-vs","c":"VS","p":"patent","q":"official","k":"river","ns":1},"geometry":{"type":"LineString","coordinates":[[7.2368,46.0662],[7.23666,46.06423],[7.23702,46.06378],[7.23554,46.06246],[7.23512,46.06182],[7.23529,46.06153],[7.23389,46.06007],[7.23386,46.05944],[7.23269,46.05877],[7.23214,46.05821],[7.23197,46.05769],[7.23097,46.05707],[7.23038,46.05636],[7.22941,46.05593],[7.22774,46.05454],[7.22782,46.05429],[7.22723,46.0533],[7.22742,46.05278],[7.22666,46.04983],[7.22575,46.049],[7.22428,46.04826],[7.22405,46.04785],[7.22321,46.04738],[7.22308,46.04692],[7.22329,46.04633],[7.22406,46.04591],[7.22391,46.04549],[7.22429,46.04369],[7.22388,46.04171],[7.2235,46.04084],[7.2229,46.04022],[7.22301,46.03944],[7.22282,46.03873],[7.22321,46.03752],[7.2231,46.03665],[7.22256,46.03594],[7.22294,46.03468],[7.22271,46.03305],[7.22287,46.02972]]}},{"type":"Feature","properties":{"id":"torrent-de-versegeres-vs-2","c":"VS","p":"patent","q":"official","k":"river","ns":1},"geometry":{"type":"LineString","coordinates":[[7.22559,46.04891],[7.22676,46.04751],[7.2265,46.04648],[7.22678,46.04586],[7.2274,46.04559],[7.22872,46.04434],[7.23052,46.04345],[7.23131,46.04277],[7.23255,46.04243],[7.23603,46.03978],[7.23781,46.03765],[7.23948,46.03668]]}},{"type":"Feature","properties":{"id":"torrent-de-bruson-reserve-vs","c":"VS","p":"closed","q":"official","k":"river"},"geometry":{"type":"LineString","coordinates":[[7.20498,46.0825],[7.20959,46.07634],[7.21057,46.07436],[7.2132,46.07226],[7.21499,46.07005],[7.21495,46.06939],[7.21472,46.06921],[7.21515,46.06832],[7.21685,46.06776],[7.21703,46.06738],[7.2159,46.06504],[7.21402,46.06349],[7.21377,46.0624],[7.2133,46.06164],[7.21012,46.05896],[7.20976,46.05819],[7.20936,46.05787],[7.20941,46.05753],[7.20856,46.05688],[7.20849,46.05609],[7.20905,46.05533],[7.2091,46.0543],[7.20768,46.05191],[7.20784,46.05101],[7.20763,46.04794]]}},{"type":"Feature","properties":{"id":"dranse-d-entremont-vs","c":"VS","p":"patent","q":"official","k":"river","ns":1},"geometry":{"type":"LineString","coordinates":[[7.17336,45.99571],[7.17289,45.99619],[7.17329,45.99675],[7.17398,45.99708],[7.17388,45.99746],[7.17306,45.99771],[7.17256,45.99768],[7.17233,45.99792],[7.17154,45.9981],[7.16991,46.00039],[7.16987,46.00135],[7.16949,46.00145],[7.169,46.00202],[7.16838,46.00221],[7.16833,46.00251],[7.16888,46.00294],[7.1688,46.00375],[7.16908,46.00446],[7.16829,46.00475],[7.16687,46.00598],[7.1666,46.00733],[7.16682,46.00807],[7.16555,46.00965],[7.16558,46.01091],[7.16337,46.01207],[7.16345,46.01387],[7.16149,46.01449],[7.15987,46.01445],[7.15928,46.01516],[7.15877,46.01536],[7.15783,46.01681],[7.15631,46.01699],[7.15542,46.01735],[7.15515,46.01823],[7.15487,46.01838],[7.15408,46.01826],[7.15348,46.01849],[7.15306,46.01921],[7.15198,46.01902],[7.15125,46.01921],[7.15109,46.01941],[7.15028,46.01945],[7.14995,46.01982],[7.14931,46.01959],[7.14872,46.01962],[7.14826,46.02021],[7.1472,46.02034],[7.14665,46.01999],[7.14593,46.01991],[7.14571,46.01994],[7.14533,46.0205],[7.1438,46.02054],[7.14352,46.02088],[7.1438,46.02185]]}},{"type":"Feature","properties":{"id":"dranse-d-entremont-vs-2","c":"VS","p":"patent","q":"official","k":"river","ns":1},"geometry":{"type":"LineString","coordinates":[[7.18229,45.98973],[7.1799,45.99215],[7.17794,45.9932],[7.17739,45.99317],[7.17691,45.9935],[7.1756,45.99358],[7.17528,45.99423],[7.17478,45.99437],[7.17459,45.995],[7.17336,45.99571]]}},{"type":"Feature","properties":{"id":"dranse-d-entremont-vs-3","c":"VS","p":"patent","q":"official","k":"river","ns":1},"geometry":{"type":"LineString","coordinates":[[7.20025,45.92624],[7.2005,45.92708],[7.20114,45.92724],[7.20227,45.92805],[7.20207,45.92838],[7.20227,45.92872],[7.20214,45.9294],[7.20368,45.93186],[7.20328,45.9323],[7.20338,45.93279],[7.2048,45.9345],[7.2053,45.93482],[7.2059,45.93638],[7.20634,45.93664],[7.20754,45.93877],[7.20733,45.94018],[7.20709,45.94066],[7.20687,45.9407],[7.20675,45.94145],[7.20674,45.942],[7.2071,45.94238],[7.20689,45.94297],[7.20713,45.94386],[7.20592,45.9449],[7.20618,45.94538],[7.20526,45.94677],[7.20523,45.94732],[7.20559,45.9475],[7.20562,45.94774],[7.20519,45.94808],[7.20451,45.9493],[7.20408,45.9495],[7.2041,45.95068],[7.20319,45.95232],[7.20334,45.95322],[7.203,45.95368],[7.20277,45.95491],[7.20325,45.95569],[7.20313,45.95674],[7.20389,45.9576],[7.20384,45.95792],[7.20478,45.95972],[7.20482,45.96041],[7.20454,45.96081],[7.20494,45.96137],[7.20477,45.96197],[7.20574,45.96362],[7.20583,45.96535],[7.20517,45.96624],[7.2055,45.9671],[7.20489,45.96822],[7.2052,45.96939],[7.20437,45.97041],[7.20342,45.97078],[7.20309,45.97113],[7.20307,45.97203],[7.20226,45.97295],[7.20155,45.9734],[7.20029,45.97338],[7.19917,45.9751],[7.19894,45.97594],[7.19794,45.97655],[7.19749,45.97748],[7.19661,45.97762],[7.19581,45.97851],[7.19559,45.9791],[7.19469,45.9796],[7.19367,45.97981],[7.19193,45.97988],[7.1913,45.98065],[7.1897,45.98138]]}},{"type":"Feature","properties":{"id":"vieze-de-champery-vs-2","c":"VS","p":"patent","q":"official","k":"river","ns":1},"geometry":{"type":"LineString","coordinates":[[6.79501,46.15143],[6.79523,46.1522],[6.79598,46.15289],[6.79754,46.15346],[6.7983,46.15425],[6.79878,46.15422],[6.79951,46.15467],[6.80003,46.15476],[6.80072,46.15559],[6.80044,46.15582],[6.8015,46.15739],[6.80326,46.15792],[6.80352,46.15778],[6.80436,46.15778],[6.80541,46.15795],[6.80605,46.15825],[6.80744,46.15836],[6.80991,46.15941],[6.81118,46.15938],[6.81174,46.15915],[6.81236,46.15921],[6.81255,46.15938],[6.81437,46.15941],[6.8157,46.15897],[6.81662,46.15895],[6.81708,46.15939],[6.81881,46.15928],[6.82037,46.15949],[6.82188,46.15902],[6.82344,46.15904],[6.82411,46.1594],[6.82518,46.15945],[6.82693,46.16013],[6.82883,46.16016],[6.8295,46.16052],[6.8312,46.16031],[6.83192,46.16057],[6.83381,46.16067],[6.83417,46.161],[6.83479,46.16111],[6.83526,46.16097],[6.83701,46.16112],[6.83746,46.16133],[6.83801,46.16123],[6.83927,46.16164],[6.84173,46.16089],[6.8422,46.16051],[6.84514,46.16097],[6.84558,46.16082],[6.84581,46.16024],[6.84691,46.16027],[6.84717,46.15994],[6.84813,46.16013],[6.84862,46.15972],[6.84923,46.15995],[6.85025,46.15991],[6.85058,46.16051],[6.85189,46.16026],[6.85266,46.1598],[6.8537,46.15992],[6.85435,46.16039],[6.85585,46.16099],[6.85606,46.1615],[6.85655,46.16165],[6.85763,46.16163],[6.85804,46.16208],[6.85932,46.1625],[6.85939,46.16313],[6.86015,46.16329],[6.86046,46.16362],[6.86044,46.16479],[6.86085,46.16527],[6.86064,46.16568],[6.86112,46.16641],[6.8621,46.16681],[6.86288,46.16766],[6.8638,46.16786]]}},{"type":"Feature","properties":{"id":"torrent-du-cretian-vs","c":"VS","p":"patent","q":"official","k":"river","ns":1},"geometry":{"type":"LineString","coordinates":[[6.92464,46.23099],[6.92529,46.23001],[6.92659,46.22938],[6.92702,46.22827],[6.92851,46.22745],[6.92879,46.22611],[6.9306,46.22446],[6.93159,46.22309],[6.93279,46.22254],[6.93334,46.22183],[6.93422,46.22135],[6.9349,46.21984],[6.93567,46.21896],[6.93552,46.21856],[6.93654,46.21774],[6.93624,46.21695],[6.93645,46.2164],[6.93764,46.21563],[6.93819,46.21498],[6.939,46.21192],[6.94019,46.21064]]}},{"type":"Feature","properties":{"id":"torrent-des-cretes-vs","c":"VS","p":"patent","q":"official","k":"river","ns":1},"geometry":{"type":"LineString","coordinates":[[6.90108,46.21165],[6.90294,46.20991],[6.90518,46.20975],[6.90608,46.20818],[6.90674,46.20781],[6.90831,46.20746],[6.90861,46.20672],[6.90918,46.20654],[6.90921,46.20589],[6.90957,46.20591],[6.90998,46.20565],[6.91111,46.20447],[6.91319,46.20419],[6.91371,46.20366],[6.91328,46.20268],[6.91398,46.20226],[6.9142,46.20167],[6.91552,46.20108],[6.91715,46.19966],[6.91752,46.19871],[6.91848,46.19772],[6.91929,46.19739],[6.92093,46.19623],[6.92197,46.19584],[6.92265,46.19491],[6.92387,46.19435],[6.92396,46.19346],[6.92574,46.19215],[6.92695,46.19049],[6.92801,46.18998],[6.92972,46.18962],[6.93143,46.18903],[6.93397,46.18629]]}},{"type":"Feature","properties":{"id":"torrent-d-alleves-reserve-vs","c":"VS","p":"closed","q":"official","k":"river"},"geometry":{"type":"LineString","coordinates":[[7.24272,45.97855],[7.24072,45.97745],[7.23898,45.97618],[7.23728,45.97531],[7.23555,45.97488],[7.23481,45.97491],[7.23337,45.97439],[7.23166,45.97426],[7.23094,45.97448],[7.22668,45.97462],[7.22488,45.97583],[7.2239,45.97611],[7.222,45.97638],[7.21992,45.97622],[7.21658,45.97685],[7.21423,45.97547],[7.21249,45.97529],[7.21163,45.97541],[7.21094,45.97517],[7.20989,45.97514],[7.20985,45.97485],[7.20866,45.9744],[7.20841,45.97352],[7.20794,45.97331],[7.20793,45.97297],[7.20747,45.97272],[7.20645,45.97281],[7.20541,45.97251],[7.20357,45.97316],[7.20231,45.97319],[7.20208,45.97303]]}},{"type":"Feature","properties":{"id":"dranse-d-entremont-vs-4","c":"VS","p":"patent","q":"official","k":"river","ns":1},"geometry":{"type":"LineString","coordinates":[[7.18684,45.88729],[7.18646,45.88777],[7.18736,45.88879],[7.18705,45.8894],[7.18726,45.88975],[7.18651,45.89035],[7.18636,45.89084],[7.18591,45.89084],[7.18572,45.89102],[7.18537,45.89183],[7.18561,45.89266],[7.18521,45.89373],[7.18531,45.89444],[7.18562,45.89457],[7.18581,45.89511],[7.18636,45.89554],[7.18628,45.89603],[7.18736,45.89832],[7.18801,45.89853],[7.18817,45.8988],[7.18955,45.8992],[7.19148,45.89942],[7.19332,45.90077],[7.19383,45.90216],[7.19373,45.90249],[7.19556,45.90417],[7.19687,45.90634],[7.19665,45.90697],[7.19706,45.90765],[7.19682,45.90867],[7.19727,45.90909],[7.19736,45.91019]]}},{"type":"Feature","properties":{"id":"torrent-d-aron-vs","c":"VS","p":"patent","q":"official","k":"river","ns":1},"geometry":{"type":"LineString","coordinates":[[7.2173,46.00167],[7.21656,46.00102],[7.21591,46.0011],[7.21313,46.00188],[7.2111,46.00307],[7.21086,46.00338],[7.20949,46.00392],[7.20831,46.00392],[7.20321,46.00478],[7.20055,46.0035],[7.19826,46.00281],[7.19654,46.00254],[7.19339,46.00164],[7.19054,46.00144],[7.18876,46.00089],[7.18637,45.99983],[7.18586,45.99919],[7.18268,45.99791],[7.18167,45.99777],[7.18028,45.99786],[7.17887,45.99745],[7.17816,45.99742],[7.17711,45.99772],[7.17476,45.99764],[7.17394,45.99733]]}},{"type":"Feature","properties":{"id":"torrent-de-palasuit-reserve-vs","c":"VS","p":"closed","q":"official","k":"river"},"geometry":{"type":"LineString","coordinates":[[7.22657,45.98926],[7.22529,45.98948],[7.22514,45.98964],[7.22293,45.98988],[7.22175,45.99092],[7.22015,45.99139],[7.21912,45.99098],[7.21772,45.99128],[7.21606,45.99112],[7.21488,45.99048],[7.20931,45.98862],[7.20713,45.98839],[7.2062,45.98786],[7.2052,45.98803],[7.20436,45.98754],[7.20265,45.9875],[7.20208,45.98714],[7.20016,45.98666],[7.19925,45.98613],[7.19831,45.98602],[7.19742,45.9855],[7.19756,45.98499],[7.1973,45.98414],[7.19635,45.98273],[7.19512,45.98226],[7.19313,45.982],[7.19237,45.98164],[7.1917,45.98157],[7.19055,45.98096]]}},{"type":"Feature","properties":{"id":"torrent-de-valsorey-vs","c":"VS","p":"patent","q":"official","k":"river","ns":1},"geometry":{"type":"LineString","coordinates":[[7.26315,45.91807],[7.26173,45.91879],[7.26053,45.91898],[7.26024,45.91941],[7.25925,45.91945],[7.25743,45.92001],[7.25715,45.92092],[7.25686,45.92093],[7.25634,45.92164],[7.25506,45.92201],[7.25461,45.92296],[7.25375,45.92397],[7.25236,45.92442],[7.25056,45.92371],[7.24917,45.9237],[7.24859,45.92464],[7.24872,45.92514],[7.24821,45.92612],[7.24717,45.92691],[7.24702,45.92805],[7.24467,45.92923],[7.24466,45.93007],[7.24336,45.93082],[7.2429,45.93129],[7.24301,45.93142],[7.24051,45.93346],[7.23952,45.93389],[7.23873,45.93349],[7.23691,45.93389],[7.23595,45.9343],[7.23444,45.93423],[7.23411,45.93437],[7.23318,45.93423],[7.23226,45.93365],[7.23158,45.93365],[7.23142,45.93378],[7.22986,45.93387],[7.22953,45.93453],[7.22861,45.93491],[7.22795,45.93455],[7.22765,45.93457],[7.22551,45.93563],[7.22428,45.93664],[7.22189,45.93739],[7.22153,45.93777],[7.22155,45.93809],[7.22086,45.93847],[7.22079,45.93879],[7.21972,45.93896],[7.21956,45.93977],[7.21872,45.94021],[7.21783,45.94189],[7.21714,45.94214],[7.21652,45.94289],[7.2156,45.94322],[7.21558,45.94365],[7.21319,45.94392],[7.21306,45.94411],[7.2133,45.94468],[7.21312,45.94487],[7.21195,45.94475],[7.21111,45.94521],[7.21023,45.94609],[7.20916,45.94648],[7.20921,45.94738],[7.20889,45.94785],[7.2083,45.94797],[7.2074,45.94857],[7.2068,45.94866],[7.20648,45.949],[7.20576,45.94884],[7.20553,45.9484],[7.20516,45.94831]]}},{"type":"Feature","properties":{"id":"dranse-d-entremont-vs-5","c":"VS","p":"patent","q":"official","k":"river","ns":1},"geometry":{"type":"LineString","coordinates":[[7.18684,45.88729],[7.18726,45.88684],[7.18681,45.88606],[7.18608,45.88552],[7.1855,45.88535],[7.1852,45.88493],[7.18496,45.88408],[7.18522,45.8827],[7.18431,45.88206],[7.18391,45.88131],[7.18374,45.87935],[7.18327,45.87888],[7.18338,45.87841],[7.1832,45.87822],[7.18345,45.8777],[7.18279,45.87705],[7.18258,45.87647]]}},{"type":"Feature","properties":{"id":"torrent-de-barasson-vs","c":"VS","p":"patent","q":"official","k":"river","ns":1},"geometry":{"type":"LineString","coordinates":[[7.18258,45.87647],[7.18269,45.87559],[7.18413,45.87432],[7.184,45.87387],[7.18524,45.87208],[7.18523,45.87127],[7.18576,45.8708],[7.18601,45.87014],[7.1868,45.86916],[7.18685,45.8683],[7.1876,45.86726],[7.18754,45.86704],[7.188,45.8668],[7.18831,45.86612],[7.18866,45.86591],[7.18897,45.86444]]}},{"type":"Feature","properties":{"id":"dranse-d-entremont-vs-6","c":"VS","p":"patent","q":"official","k":"river","ns":1},"geometry":{"type":"LineString","coordinates":[[7.17591,45.86939],[7.17837,45.87034],[7.18038,45.87174],[7.18104,45.87256],[7.18134,45.87408],[7.18118,45.87439],[7.18161,45.87463],[7.18167,45.8754],[7.18258,45.87647]]}},{"type":"Feature","properties":{"id":"borgne-2-confluence-hauderes-vs","c":"VS","p":"patent","q":"official","k":"river","ns":1},"geometry":{"type":"LineString","coordinates":[[7.41888,46.18031],[7.42072,46.17895],[7.4219,46.17864],[7.42301,46.17722],[7.42361,46.17718],[7.42392,46.17689],[7.425,46.17661],[7.42535,46.17598],[7.42593,46.17576],[7.42671,46.17472],[7.42778,46.17409],[7.4282,46.17328],[7.42967,46.17216],[7.4304,46.17115],[7.4328,46.17034],[7.4333,46.16947],[7.43334,46.16898],[7.43297,46.16836],[7.43362,46.16724],[7.43365,46.16681],[7.4334,46.16653],[7.43396,46.16572],[7.43396,46.16517],[7.43434,46.16506],[7.43457,46.16475],[7.43557,46.16473],[7.43601,46.16435],[7.43665,46.1628],[7.43706,46.16251],[7.43834,46.16253],[7.4409,46.16115],[7.4421,46.16078],[7.44243,46.15979],[7.44291,46.15966],[7.44539,46.15769],[7.44598,46.1566],[7.44673,46.15633],[7.44757,46.15554],[7.44792,46.15551],[7.44821,46.15516],[7.44887,46.15493],[7.44968,46.15416],[7.4507,46.15383],[7.45121,46.15271],[7.45288,46.15185],[7.4533,46.14988],[7.45409,46.14902],[7.45521,46.14861],[7.4563,46.14772],[7.45644,46.14736],[7.45808,46.14675],[7.45852,46.14641],[7.459,46.14637],[7.45969,46.14571],[7.46004,46.14567],[7.46104,46.14499],[7.46257,46.14272],[7.46297,46.1427],[7.46281,46.14216],[7.46355,46.14183],[7.46378,46.14136],[7.4642,46.14133],[7.4653,46.14042],[7.46584,46.13831],[7.46668,46.13777],[7.46692,46.13723],[7.46736,46.13698],[7.46768,46.13613],[7.46858,46.13535],[7.46975,46.13497],[7.47004,46.13359],[7.4711,46.13196],[7.47237,46.13059],[7.47246,46.13017],[7.47386,46.12867],[7.47373,46.12841],[7.47399,46.12819],[7.47395,46.1279],[7.47449,46.12736],[7.47552,46.1272],[7.47568,46.12692],[7.47745,46.12611],[7.4781,46.12608],[7.47977,46.1247],[7.48082,46.12457],[7.48101,46.12424],[7.48145,46.12406],[7.48124,46.12338],[7.48143,46.12237],[7.48224,46.12127],[7.48238,46.12069],[7.48295,46.12032],[7.48284,46.11984],[7.4844,46.11882],[7.48589,46.11706],[7.48682,46.11695],[7.48709,46.11676],[7.48746,46.11605],[7.48878,46.11505],[7.49027,46.11343],[7.49134,46.11309],[7.49242,46.11237],[7.49219,46.11193],[7.49498,46.10897],[7.49514,46.10789],[7.49709,46.10722],[7.49715,46.10655],[7.4988,46.10446],[7.4988,46.10341],[7.50032,46.10173],[7.50065,46.10146],[7.5011,46.10149],[7.50159,46.09999],[7.50242,46.09958],[7.50288,46.09858],[7.5042,46.09761],[7.50439,46.09675],[7.50515,46.09606],[7.50555,46.09508],[7.50547,46.09162],[7.50652,46.08819],[7.50556,46.0862],[7.50538,46.08366],[7.50479,46.08253]]}},{"type":"Feature","properties":{"id":"borgne-d-arolla-vs","c":"VS","p":"patent","q":"official","k":"river","ns":1},"geometry":{"type":"LineString","coordinates":[[7.49125,46.00167],[7.48975,46.0037],[7.48991,46.00423],[7.48858,46.005],[7.4888,46.00549],[7.48762,46.00648],[7.4873,46.00723],[7.48676,46.00763],[7.48693,46.00856],[7.48673,46.00884],[7.48716,46.0095],[7.48699,46.01083],[7.48653,46.01108],[7.48613,46.01177],[7.48593,46.01217],[7.48599,46.01315],[7.48485,46.01449],[7.48465,46.0155],[7.48432,46.01575],[7.48447,46.01616],[7.4838,46.01772],[7.48392,46.01811],[7.48328,46.01894],[7.4833,46.01923],[7.48292,46.01946],[7.4832,46.02012],[7.48303,46.02052],[7.48323,46.02158],[7.48388,46.02196],[7.48446,46.02307],[7.48421,46.02354],[7.48453,46.02469],[7.48448,46.02658],[7.48486,46.02732],[7.48614,46.02813],[7.48599,46.02828],[7.48627,46.02935],[7.48606,46.03007],[7.48686,46.03051],[7.48668,46.03147],[7.48728,46.03189],[7.48664,46.0341],[7.48732,46.03498],[7.48712,46.03684],[7.4876,46.03735],[7.48758,46.03811],[7.4881,46.03895],[7.48864,46.04068],[7.48867,46.04133],[7.48831,46.04176],[7.48876,46.04208],[7.48867,46.04273],[7.4885,46.04356],[7.48812,46.04388],[7.48876,46.0447],[7.48877,46.04504],[7.48833,46.04662],[7.48866,46.04718],[7.48894,46.04869],[7.48956,46.04906],[7.48975,46.04954],[7.49097,46.0507],[7.49102,46.05123],[7.49053,46.05159],[7.49131,46.05244],[7.49165,46.05314],[7.49161,46.05384],[7.49267,46.05492],[7.4928,46.05666],[7.49261,46.05713],[7.49314,46.05916],[7.49372,46.0604],[7.49353,46.06133],[7.49388,46.06179],[7.4938,46.06208],[7.49445,46.0629],[7.4935,46.06406],[7.49323,46.06507],[7.49446,46.06584],[7.49488,46.06732],[7.49524,46.06769],[7.4963,46.06809],[7.49642,46.06859],[7.49606,46.06978],[7.4962,46.07016],[7.4955,46.07106],[7.49666,46.07198],[7.49744,46.07211],[7.49828,46.07279],[7.49902,46.07377],[7.50014,46.0746],[7.5004,46.07519],[7.50124,46.07504],[7.50199,46.07539],[7.50269,46.07646],[7.50232,46.0769],[7.50385,46.07797],[7.5054,46.07985],[7.50567,46.08027],[7.50475,46.08111],[7.50446,46.08219],[7.50498,46.08278]]}},{"type":"Feature","properties":{"id":"torrent-d-evolene-vs","c":"VS","p":"patent","q":"official","k":"river","ns":1},"geometry":{"type":"LineString","coordinates":[[7.49947,46.10273],[7.49964,46.10286],[7.50128,46.10295],[7.50189,46.10339],[7.50465,46.10408],[7.506,46.10519],[7.50729,46.10562],[7.50834,46.10625],[7.5093,46.10741],[7.51184,46.10885],[7.51226,46.10991],[7.51309,46.11006],[7.51491,46.11144]]}},{"type":"Feature","properties":{"id":"dixence-vs","c":"VS","p":"patent","q":"official","k":"river","ns":1},"geometry":{"type":"LineString","coordinates":[[7.41888,46.18031],[7.4188,46.17982],[7.41821,46.17933],[7.41829,46.17911],[7.41782,46.17831],[7.41697,46.17789],[7.41631,46.17672],[7.41438,46.17525],[7.41416,46.17468],[7.41353,46.17466],[7.41315,46.17418],[7.41252,46.17396],[7.4124,46.17345],[7.41076,46.17217],[7.41037,46.17215],[7.41013,46.1719],[7.4073,46.17084],[7.40704,46.17065],[7.40682,46.1698],[7.4055,46.16897],[7.40496,46.16817],[7.40414,46.1678],[7.40319,46.16671],[7.40281,46.16569],[7.40214,46.16519],[7.40217,46.16459],[7.402,46.16421],[7.40144,46.16402],[7.40139,46.16337],[7.40021,46.16271],[7.3998,46.16141],[7.39861,46.16066],[7.39805,46.16005],[7.39707,46.15795],[7.39642,46.15728],[7.39571,46.15529],[7.39444,46.15428],[7.39368,46.15273],[7.3929,46.15222],[7.39248,46.1515],[7.39273,46.14985],[7.39324,46.14887],[7.39218,46.14651],[7.39246,46.1456],[7.3924,46.14453],[7.39306,46.14334],[7.39238,46.14251],[7.39238,46.14149],[7.39159,46.13992],[7.39179,46.13976],[7.3916,46.13958],[7.39166,46.13886],[7.39201,46.1387],[7.39211,46.13766],[7.39146,46.13682],[7.39158,46.13583],[7.39119,46.13512],[7.39142,46.13159],[7.39111,46.12952],[7.38954,46.12761],[7.39018,46.12646],[7.39067,46.12606],[7.39171,46.12401],[7.39316,46.12294],[7.39326,46.12245],[7.39291,46.12087],[7.39338,46.11943],[7.3933,46.11857],[7.39455,46.11736],[7.3946,46.11676],[7.39521,46.11558],[7.39516,46.11517],[7.39547,46.11491],[7.39531,46.11443],[7.39627,46.11305],[7.39771,46.10965],[7.3976,46.10927],[7.39666,46.1086],[7.39689,46.10801]]}},{"type":"Feature","properties":{"id":"torrent-de-la-sage-vs","c":"VS","p":"patent","q":"official","k":"river","ns":1},"geometry":{"type":"LineString","coordinates":[[7.50137,46.10059],[7.50284,46.10033],[7.50575,46.10041],[7.5076,46.10012],[7.50843,46.10034],[7.50872,46.10012],[7.51046,46.09976],[7.51214,46.09888],[7.51339,46.0988],[7.5165,46.09988],[7.51729,46.10047],[7.518,46.10066],[7.51898,46.1017],[7.51976,46.10211],[7.52113,46.10194],[7.52301,46.10262],[7.52389,46.1027],[7.52443,46.10247],[7.52545,46.10249],[7.52636,46.10276],[7.52739,46.10274],[7.52977,46.10339],[7.53032,46.10337]]}},{"type":"Feature","properties":{"id":"torrent-du-tsate-vs","c":"VS","p":"patent","q":"official","k":"river","ns":1},"geometry":{"type":"LineString","coordinates":[[7.50574,46.09081],[7.50933,46.09118],[7.51318,46.0926],[7.51421,46.09286],[7.51522,46.0927],[7.51687,46.09353],[7.51839,46.09398],[7.51909,46.09409],[7.52123,46.09396]]}},{"type":"Feature","properties":{"id":"le-merdesson-evolene-vs","c":"VS","p":"patent","q":"official","k":"river","ns":1},"geometry":{"type":"LineString","coordinates":[[7.44455,46.08757],[7.44389,46.08855],[7.44453,46.09142],[7.44518,46.09251],[7.44583,46.0931],[7.44659,46.09328],[7.44701,46.09386],[7.44606,46.09466],[7.44528,46.09572],[7.44557,46.09618],[7.44541,46.09665],[7.44575,46.09733],[7.44568,46.09768],[7.44685,46.09923],[7.44694,46.09966],[7.44739,46.10002],[7.44736,46.10046],[7.44791,46.10148],[7.44913,46.10257],[7.44968,46.10355],[7.45414,46.10679],[7.45561,46.10893],[7.45715,46.11038],[7.45827,46.11078],[7.46183,46.11278],[7.46229,46.1137],[7.46321,46.11439],[7.46388,46.11458],[7.46427,46.1154],[7.46554,46.116],[7.46617,46.11708],[7.46667,46.11722],[7.4681,46.11819],[7.46874,46.11828],[7.47032,46.11926],[7.47113,46.11936],[7.47143,46.11924],[7.4727,46.11949],[7.47271,46.11993],[7.47353,46.12047],[7.47572,46.12112],[7.47738,46.12208],[7.4778,46.122],[7.47838,46.12222],[7.48009,46.12348],[7.47982,46.12441],[7.47997,46.12464]]}},{"type":"Feature","properties":{"id":"dixence-vs-2","c":"VS","p":"patent","q":"official","k":"river","ns":1},"geometry":{"type":"LineString","coordinates":[[7.39689,46.10801],[7.39776,46.10751],[7.39857,46.10622],[7.39837,46.10553],[7.40009,46.10239],[7.39963,46.09975],[7.40001,46.09917],[7.40074,46.09891],[7.40099,46.09855],[7.40134,46.09583],[7.40235,46.09396],[7.40164,46.0928],[7.40113,46.09046],[7.40158,46.08924],[7.40159,46.08855],[7.40183,46.08808],[7.40223,46.08797],[7.40295,46.08713],[7.40388,46.08676],[7.40422,46.08554]]}},{"type":"Feature","properties":{"id":"liene-vs","c":"VS","p":"patent","q":"official","k":"river","ns":1},"geometry":{"type":"LineString","coordinates":[[7.43768,46.30509],[7.43716,46.3042],[7.43595,46.30332],[7.43589,46.30275],[7.43639,46.30184],[7.43584,46.30165],[7.43584,46.30146],[7.43508,46.30138],[7.43451,46.30099],[7.4346,46.30042],[7.43384,46.30017],[7.43323,46.29956],[7.43306,46.29797],[7.43199,46.29736],[7.43151,46.29666],[7.43109,46.29649],[7.43095,46.296],[7.4315,46.29535],[7.43209,46.29516],[7.43234,46.29469],[7.43222,46.29377],[7.43193,46.29357]]}},{"type":"Feature","properties":{"id":"liene-vs-2","c":"VS","p":"patent","q":"official","k":"river","ns":1},"geometry":{"type":"LineString","coordinates":[[7.43512,46.34736],[7.4364,46.34709],[7.43765,46.34659],[7.43782,46.34628],[7.43766,46.34601],[7.43864,46.3456],[7.43941,46.34455],[7.4393,46.34368],[7.44116,46.34309],[7.4413,46.34251],[7.44201,46.34211],[7.44232,46.34133],[7.44337,46.33996],[7.44354,46.33937],[7.44329,46.339],[7.44328,46.33756],[7.44355,46.33737],[7.44361,46.33667],[7.44426,46.33637],[7.44542,46.33428],[7.44706,46.33283],[7.44742,46.33202],[7.44852,46.33142],[7.44891,46.32987],[7.44933,46.32936],[7.44909,46.3291],[7.44951,46.32859],[7.4495,46.32806],[7.44998,46.3277],[7.45024,46.32611],[7.45027,46.32516],[7.45004,46.32482],[7.44888,46.32411],[7.44891,46.32345],[7.4483,46.32283],[7.44817,46.32235],[7.44885,46.32161],[7.44835,46.32047],[7.44782,46.32002],[7.44821,46.31976],[7.44819,46.31916],[7.44776,46.31884],[7.44777,46.31788],[7.44731,46.31752],[7.44726,46.31675],[7.44671,46.3152],[7.44641,46.31504],[7.44632,46.31424],[7.4452,46.31347],[7.44499,46.31308],[7.44517,46.31283],[7.44475,46.31227],[7.44383,46.31192],[7.44307,46.31097],[7.44308,46.31051],[7.44254,46.3103],[7.44227,46.30996],[7.44204,46.30919],[7.44167,46.30899],[7.44174,46.30864],[7.44102,46.30805],[7.43944,46.30723],[7.43883,46.30648],[7.43835,46.30628],[7.43768,46.30509]]}},{"type":"Feature","properties":{"id":"torrent-de-botyre-vs","c":"VS","p":"patent","q":"official","k":"river","ns":1},"geometry":{"type":"LineString","coordinates":[[7.41554,46.2633],[7.41468,46.26458],[7.41406,46.26482],[7.41369,46.26541],[7.41174,46.2671],[7.41138,46.26714],[7.41069,46.26769],[7.41005,46.26864],[7.40803,46.26909],[7.40737,46.26982],[7.40557,46.27065],[7.4042,46.27295],[7.40392,46.27416],[7.40496,46.27547],[7.40426,46.2766],[7.40396,46.27677],[7.40318,46.27667],[7.40193,46.27681],[7.40118,46.27728],[7.40086,46.27775],[7.3997,46.27729],[7.39879,46.27734],[7.39795,46.27791],[7.39797,46.27884],[7.39751,46.27925],[7.397,46.27915],[7.39477,46.27992],[7.39448,46.2802],[7.39475,46.2808],[7.39616,46.28176]]}},{"type":"Feature","properties":{"id":"la-tsamaroude-vs","c":"VS","p":"patent","q":"official","k":"river","ns":1},"geometry":{"type":"LineString","coordinates":[[7.38804,46.26344],[7.38614,46.26272],[7.38617,46.26237],[7.38579,46.26201],[7.38346,46.26171],[7.38283,46.2611],[7.38047,46.26019],[7.38051,46.25927],[7.37848,46.25779],[7.37591,46.25711],[7.37544,46.25712],[7.37526,46.25732],[7.37439,46.25727],[7.37421,46.25693],[7.37341,46.25673],[7.37254,46.25595],[7.37028,46.25493],[7.36751,46.25305]]}},{"type":"Feature","properties":{"id":"torrent-de-l-ertense-vs","c":"VS","p":"patent","q":"official","k":"river","ns":1},"geometry":{"type":"LineString","coordinates":[[7.44885,46.33042],[7.45107,46.33137],[7.45208,46.33125],[7.45279,46.33141],[7.45357,46.33191],[7.45472,46.33161],[7.45644,46.33189],[7.45699,46.33258],[7.459,46.33269],[7.46077,46.33328],[7.46113,46.33359],[7.46164,46.33363],[7.46194,46.33427],[7.46243,46.33446],[7.46329,46.33534],[7.46371,46.33543],[7.46388,46.33587],[7.46467,46.33629],[7.46442,46.33688],[7.4652,46.33735],[7.46507,46.33754],[7.46531,46.33799],[7.46672,46.33864],[7.46788,46.34039],[7.469,46.34108],[7.46978,46.34227],[7.46969,46.34297],[7.47058,46.34367],[7.47278,46.34449],[7.47347,46.34448],[7.47389,46.34476],[7.47448,46.34699],[7.47411,46.34722],[7.47409,46.3476],[7.47375,46.34789],[7.47406,46.34856],[7.47392,46.34948],[7.47475,46.34992]]}},{"type":"Feature","properties":{"id":"sionne-vs","c":"VS","p":"patent","q":"official","k":"river","ns":1},"geometry":{"type":"LineString","coordinates":[[7.37062,46.26421],[7.37123,46.263],[7.37086,46.26273],[7.37064,46.26162],[7.37129,46.26137],[7.37126,46.26095],[7.37192,46.26039],[7.37187,46.25942],[7.37155,46.2591],[7.37046,46.25866],[7.37004,46.25729],[7.36893,46.2565],[7.36888,46.25584],[7.36818,46.25546],[7.36751,46.25449],[7.36735,46.25372],[7.36754,46.25293],[7.36698,46.25208],[7.36651,46.25054],[7.36534,46.24986],[7.36458,46.24795],[7.36363,46.24726],[7.36339,46.24675],[7.36399,46.24507],[7.36258,46.24366],[7.36171,46.24228],[7.36063,46.24152],[7.35973,46.23948],[7.36033,46.23606],[7.36059,46.23575],[7.36052,46.23374],[7.36093,46.23279],[7.36302,46.23198],[7.36979,46.22873]]}},{"type":"Feature","properties":{"id":"sionne-vs-2","c":"VS","p":"patent","q":"official","k":"river","ns":1},"geometry":{"type":"LineString","coordinates":[[7.37062,46.26421],[7.37036,46.26455],[7.3711,46.26609],[7.37008,46.26646],[7.36992,46.26664],[7.3703,46.26706],[7.36973,46.26712],[7.3694,46.26778],[7.37008,46.26865],[7.37007,46.26995],[7.36978,46.27037],[7.37001,46.2708],[7.36894,46.27197],[7.36867,46.272],[7.36805,46.27259],[7.36789,46.27341],[7.36829,46.27365],[7.36789,46.27465],[7.36797,46.27514],[7.36827,46.27527],[7.36787,46.27562],[7.36792,46.27623],[7.36658,46.27754],[7.36338,46.27841],[7.36285,46.27891],[7.36294,46.27905]]}},{"type":"Feature","properties":{"id":"vieze-de-morgins-vs","c":"VS","p":"patent","q":"official","k":"river","ns":1},"geometry":{"type":"LineString","coordinates":[[6.81929,46.2076],[6.81986,46.20828],[6.8199,46.20865],[6.82138,46.21024],[6.82186,46.21131],[6.82229,46.21149],[6.82283,46.21122],[6.82437,46.21124],[6.82528,46.21153],[6.82623,46.2125],[6.82684,46.21375],[6.82912,46.2149],[6.82939,46.21573],[6.83021,46.21599],[6.8303,46.21645],[6.83169,46.21732],[6.83247,46.21839],[6.83388,46.21931],[6.83595,46.22176],[6.83625,46.22341],[6.83667,46.22374],[6.83702,46.22485],[6.83745,46.22499],[6.83741,46.22539],[6.83882,46.22629],[6.83885,46.22687],[6.83911,46.22695],[6.83921,46.22732],[6.84001,46.22765],[6.84137,46.22939],[6.84258,46.22984],[6.84349,46.23084],[6.84415,46.23106],[6.84437,46.23179],[6.84485,46.23197],[6.84504,46.23227],[6.84495,46.2327],[6.84604,46.23278],[6.84635,46.23338],[6.84718,46.23366],[6.84783,46.23426],[6.84906,46.23429],[6.84949,46.23502],[6.85019,46.23487],[6.85072,46.2353],[6.85223,46.23544],[6.85488,46.23633],[6.85728,46.23653],[6.85799,46.2369],[6.85876,46.23658],[6.85911,46.23662],[6.86035,46.23722],[6.86122,46.23818],[6.86174,46.23837],[6.86493,46.23842],[6.86634,46.2389],[6.86946,46.23891],[6.87249,46.23966],[6.87646,46.24024],[6.87735,46.24009],[6.8784,46.24041],[6.87884,46.24022],[6.87956,46.24046],[6.88116,46.24039],[6.88288,46.24067],[6.8848,46.24041],[6.88896,46.23963],[6.8893,46.23931],[6.88995,46.23916],[6.8925,46.23902],[6.89288,46.23854],[6.89463,46.23815],[6.89493,46.23778],[6.89607,46.23771],[6.89656,46.23717],[6.89737,46.23686],[6.89779,46.23645],[6.89904,46.23604],[6.89967,46.23553],[6.9006,46.23535],[6.90101,46.23494],[6.90327,46.23411],[6.90457,46.2338],[6.90522,46.23408],[6.90625,46.23411],[6.90897,46.2338],[6.90965,46.23322],[6.91119,46.23323],[6.91328,46.23158],[6.91546,46.23142],[6.91608,46.23113],[6.91854,46.23071],[6.91952,46.23036],[6.92065,46.23029],[6.92138,46.22989],[6.92225,46.22993]]}},{"type":"Feature","properties":{"id":"torrent-du-vaille-vs","c":"VS","p":"patent","q":"official","k":"river","ns":1},"geometry":{"type":"LineString","coordinates":[[6.85533,46.21882],[6.8568,46.2193],[6.85836,46.2192],[6.85944,46.21948],[6.86251,46.2193],[6.86368,46.21942],[6.86422,46.21965],[6.86637,46.21979],[6.86831,46.21948],[6.86888,46.21963],[6.8705,46.21958],[6.87268,46.21923],[6.87353,46.21875],[6.87359,46.21832],[6.87422,46.21823],[6.87513,46.2175],[6.8759,46.21738],[6.87681,46.21675],[6.87769,46.21668],[6.87993,46.21716],[6.88092,46.217]]}},{"type":"Feature","properties":{"id":"torrent-de-la-greffe-vs","c":"VS","p":"patent","q":"official","k":"river","ns":1},"geometry":{"type":"LineString","coordinates":[[6.87499,46.26491],[6.87533,46.26528],[6.87513,46.26563],[6.87552,46.26699],[6.87537,46.26761],[6.87578,46.26808],[6.87546,46.26859],[6.87582,46.26879],[6.87599,46.26972],[6.87655,46.27009],[6.87611,46.27114],[6.87666,46.27194],[6.87708,46.27318],[6.87778,46.27383],[6.87858,46.27414],[6.87967,46.27587],[6.87995,46.27592],[6.87997,46.27649],[6.8805,46.27738],[6.88038,46.27838],[6.88088,46.27863],[6.88129,46.27981],[6.88168,46.28016],[6.8828,46.28329],[6.88286,46.28401],[6.88391,46.28486],[6.88411,46.28609],[6.88488,46.28667],[6.88589,46.2871],[6.88726,46.28882],[6.88748,46.28981],[6.88707,46.29101],[6.88643,46.29178],[6.88623,46.29373],[6.88693,46.29447],[6.8876,46.29598],[6.88833,46.29666],[6.88983,46.29981],[6.89198,46.3014],[6.89224,46.30315],[6.89245,46.30367],[6.89315,46.30429],[6.89294,46.30467],[6.89342,46.30555],[6.89398,46.306],[6.89474,46.30597],[6.89577,46.30645],[6.89718,46.30666],[6.89911,46.30583],[6.8998,46.30583],[6.90174,46.30523],[6.90424,46.30508],[6.90487,46.30518],[6.90596,46.30504],[6.90628,46.30475],[6.90768,46.30466],[6.90785,46.30422],[6.9083,46.30411]]}},{"type":"Feature","properties":{"id":"torrent-de-la-greffe-vs-2","c":"VS","p":"patent","q":"official","k":"river","ns":1},"geometry":{"type":"LineString","coordinates":[[6.89322,46.30527],[6.89284,46.30576],[6.89218,46.30558],[6.89131,46.30479],[6.89041,46.30451],[6.88899,46.30348],[6.88839,46.30292],[6.88844,46.3025],[6.88716,46.30147],[6.88531,46.30088],[6.88254,46.29934],[6.88135,46.29912],[6.88066,46.29875],[6.87989,46.29752],[6.87854,46.29645],[6.87771,46.29614],[6.87725,46.29478],[6.87649,46.2942]]}},{"type":"Feature","properties":{"id":"l-avancon-vs","c":"VS","p":"patent","q":"official","k":"river","ns":1},"geometry":{"type":"LineString","coordinates":[[6.90556,46.3225],[6.90741,46.323],[6.90836,46.32356]]}},{"type":"Feature","properties":{"id":"l-avancon-vs-2","c":"VS","p":"patent","q":"official","k":"river","ns":1},"geometry":{"type":"LineString","coordinates":[[6.89599,46.32272],[6.89773,46.32293],[6.89993,46.32251],[6.9011,46.32258],[6.9012,46.32213],[6.90251,46.32176],[6.9051,46.32234]]}},{"type":"Feature","properties":{"id":"dranse-de-ferret-vs","c":"VS","p":"patent","q":"official","k":"river","ns":1},"geometry":{"type":"LineString","coordinates":[[7.10876,45.8717],[7.11026,45.8715],[7.11122,45.87115],[7.11207,45.87118],[7.11253,45.87132],[7.11274,45.87163],[7.11534,45.87242],[7.1156,45.87231],[7.11886,45.8729],[7.11963,45.87282],[7.12124,45.87381],[7.12252,45.87503],[7.12365,45.87517],[7.12382,45.87547],[7.12366,45.87573],[7.12401,45.87628],[7.12489,45.87652],[7.12573,45.877],[7.12604,45.87756],[7.12625,45.87756],[7.12725,45.87867],[7.12917,45.87969],[7.12957,45.88113],[7.13007,45.8816],[7.13019,45.88219],[7.13091,45.88282],[7.13103,45.88316],[7.13074,45.88371],[7.13105,45.88403],[7.13043,45.88445],[7.13057,45.8849],[7.12991,45.88602],[7.12872,45.88657],[7.12812,45.88722],[7.12752,45.88738],[7.12704,45.88783],[7.12408,45.88859],[7.12352,45.8889],[7.12256,45.89035],[7.12254,45.89087],[7.12284,45.89111],[7.1222,45.89145],[7.12227,45.89176],[7.12025,45.893],[7.11945,45.89448],[7.11888,45.89452],[7.11853,45.89683],[7.11931,45.89981],[7.11951,45.90105],[7.11934,45.9018],[7.11971,45.90241],[7.11906,45.9035],[7.1178,45.90422],[7.11691,45.90433],[7.11588,45.90496],[7.11526,45.90579],[7.1139,45.90687],[7.11175,45.90755],[7.11102,45.9082],[7.11021,45.90834],[7.10923,45.90891],[7.10854,45.91005],[7.10779,45.91048],[7.10704,45.9105],[7.10643,45.91123],[7.1059,45.91147],[7.10555,45.91201],[7.10544,45.91295],[7.10489,45.91328],[7.10448,45.91399],[7.10458,45.9149],[7.10379,45.91603],[7.10379,45.91644],[7.10265,45.9172],[7.10291,45.91796],[7.10237,45.91949],[7.10126,45.92053],[7.10084,45.92069],[7.10051,45.92172],[7.09935,45.92313],[7.09815,45.92383],[7.0977,45.92472],[7.09718,45.92498],[7.09507,45.92784],[7.09518,45.92938],[7.0955,45.92982],[7.0974,45.93115],[7.09811,45.93201],[7.09802,45.93266],[7.0969,45.93389],[7.09715,45.93494],[7.09703,45.93568],[7.09639,45.93632],[7.09688,45.93774],[7.09658,45.93928],[7.09708,45.93969],[7.09705,45.93997],[7.09632,45.94044],[7.09671,45.94193],[7.09647,45.94236],[7.09707,45.94323],[7.09825,45.94418],[7.09963,45.94647],[7.10033,45.94681],[7.10035,45.94812],[7.10073,45.94879],[7.10137,45.94895],[7.10163,45.94945],[7.1022,45.9496],[7.10286,45.9504],[7.10278,45.95168],[7.10344,45.95221],[7.10358,45.95389],[7.10472,45.95557],[7.10547,45.95581],[7.10562,45.95698],[7.10627,45.95769],[7.10636,45.95856],[7.10786,45.95945],[7.10861,45.9595],[7.10885,45.95974],[7.1089,45.9606],[7.10941,45.96096],[7.10951,45.9622],[7.10995,45.96267],[7.10966,45.96329],[7.10989,45.96492],[7.10942,45.96646],[7.11005,45.96719],[7.11105,45.96749],[7.11146,45.96816],[7.11118,45.96964],[7.11138,45.97042],[7.11327,45.9724],[7.11372,45.97392],[7.11465,45.97487],[7.11589,45.97523],[7.11612,45.97553],[7.1169,45.97584],[7.11708,45.97638],[7.11833,45.97705],[7.11874,45.97707],[7.11938,45.97767],[7.12194,45.97879],[7.12223,45.97909],[7.12421,45.98004],[7.12469,45.9805],[7.1248,45.98093],[7.12404,45.98155],[7.12363,45.98223],[7.12413,45.98285],[7.12401,45.9834],[7.12452,45.984],[7.1246,45.98466],[7.12509,45.98526],[7.12508,45.98558],[7.12441,45.98623],[7.12553,45.98652],[7.12471,45.98719],[7.1247,45.98828],[7.12506,45.98882],[7.12559,45.98897]]}},{"type":"Feature","properties":{"id":"ruisseau-le-pesseu-reserve-vs","c":"VS","p":"closed","q":"official","k":"river"},"geometry":{"type":"LineString","coordinates":[[7.12077,46.02064],[7.12318,46.02042],[7.12448,46.02053],[7.12639,46.0199],[7.12656,46.0195],[7.12725,46.01919],[7.12882,46.01877],[7.13096,46.01884],[7.13187,46.01833]]}},{"type":"Feature","properties":{"id":"torrent-de-la-peule-vs","c":"VS","p":"patent","q":"official","k":"river","ns":1},"geometry":{"type":"LineString","coordinates":[[7.08606,45.88864],[7.08724,45.88851],[7.09069,45.88764],[7.09296,45.8878],[7.09431,45.88759]]}},{"type":"Feature","properties":{"id":"le-durnand-vs","c":"VS","p":"patent","q":"official","k":"river","ns":1},"geometry":{"type":"LineString","coordinates":[[7.07085,46.07131],[7.06936,46.07235],[7.06357,46.07356],[7.06263,46.07442]]}},{"type":"Feature","properties":{"id":"le-durnand-vs-2","c":"VS","p":"patent","q":"official","k":"river","ns":1},"geometry":{"type":"LineString","coordinates":[[7.07561,46.05951],[7.07602,46.06032],[7.07508,46.06138],[7.07536,46.06189],[7.07534,46.06263],[7.07483,46.06309],[7.07472,46.06355],[7.07437,46.0637],[7.07424,46.06407],[7.07314,46.06511],[7.07286,46.0661],[7.07183,46.06645],[7.0715,46.06723],[7.07172,46.06826],[7.07097,46.06934],[7.07095,46.06995],[7.07134,46.07056],[7.07085,46.07131]]}},{"type":"Feature","properties":{"id":"reserve-champex-vs","c":"VS","p":"closed","q":"official","k":"river"},"geometry":{"type":"LineString","coordinates":[[7.11171,46.0298],[7.11339,46.02998]]}},{"type":"Feature","properties":{"id":"le-durnand-vs-3","c":"VS","p":"patent","q":"official","k":"river","ns":1},"geometry":{"type":"LineString","coordinates":[[7.07561,46.05951],[7.07627,46.05879],[7.07714,46.0583],[7.07781,46.05647],[7.07864,46.05516],[7.07978,46.0546],[7.08102,46.05318],[7.08377,46.05166],[7.08478,46.05019],[7.08722,46.04815],[7.08869,46.04737],[7.08936,46.04748],[7.09046,46.04737],[7.09137,46.04701],[7.09239,46.04539],[7.0923,46.0448],[7.0931,46.0431],[7.09447,46.04182],[7.09449,46.04148],[7.09532,46.04063],[7.09534,46.04017],[7.09628,46.03959],[7.09652,46.03909],[7.09745,46.03843],[7.09731,46.03804],[7.09657,46.03798],[7.09644,46.03755],[7.09662,46.03724],[7.09624,46.03708],[7.09621,46.03654],[7.0965,46.03632],[7.09694,46.03629],[7.09793,46.03537],[7.09824,46.03536],[7.09895,46.0345],[7.09892,46.03417]]}},{"type":"Feature","properties":{"id":"torrents-du-lac-de-champex-reserve-vs","c":"VS","p":"closed","q":"official","k":"river"},"geometry":{"type":"LineString","coordinates":[[7.10648,46.03063],[7.10683,46.03076],[7.10724,46.03056],[7.11044,46.03036],[7.11128,46.02982],[7.11257,46.02949],[7.11303,46.02904],[7.11373,46.02899]]}},{"type":"Feature","properties":{"id":"trient-vs","c":"VS","p":"patent","q":"official","k":"river","ns":1},"geometry":{"type":"LineString","coordinates":[[7.05143,46.13806],[7.05049,46.13462],[7.04974,46.13373],[7.0487,46.13309],[7.04328,46.13096],[7.04251,46.13003],[7.04268,46.12948],[7.04214,46.12913],[7.04081,46.12921],[7.03996,46.12894],[7.0382,46.12737],[7.03612,46.12456],[7.03629,46.12387],[7.0353,46.12254],[7.03486,46.12153],[7.03397,46.12088],[7.03365,46.11915],[7.03316,46.11881],[7.03229,46.11866],[7.03075,46.11905],[7.03021,46.11896],[7.02935,46.11779],[7.02858,46.11743],[7.02815,46.11694],[7.02777,46.11614],[7.02694,46.11585],[7.02684,46.11549],[7.02626,46.11522],[7.02556,46.11441],[7.0245,46.1137],[7.02343,46.1134],[7.0234,46.1129],[7.02294,46.11255],[7.02201,46.11221],[7.02115,46.11163],[7.0205,46.11156],[7.01928,46.11105],[7.01893,46.11045],[7.01857,46.11027],[7.01798,46.10915],[7.01539,46.10761],[7.01523,46.10721],[7.01446,46.1069],[7.01326,46.10574],[7.01294,46.10497],[7.01231,46.10465],[7.01025,46.1043],[7.00883,46.10274],[7.00745,46.10216]]}},{"type":"Feature","properties":{"id":"l-avancon-vs-3","c":"VS","p":"patent","q":"official","k":"river","ns":1},"geometry":{"type":"LineString","coordinates":[[6.83121,46.3096],[6.83275,46.3096],[6.8345,46.31032],[6.83508,46.31098],[6.83554,46.31215],[6.8362,46.31261],[6.83845,46.31253],[6.83923,46.31266],[6.84037,46.31239],[6.84185,46.31246],[6.84501,46.313],[6.84588,46.31334],[6.84697,46.31338],[6.84928,46.31305],[6.85046,46.3136],[6.85086,46.3136],[6.85127,46.31387],[6.852,46.31395],[6.85298,46.31437],[6.85412,46.31421],[6.85496,46.31433]]}},{"type":"Feature","properties":{"id":"l-avancon-vs-4","c":"VS","p":"patent","q":"official","k":"river","ns":1},"geometry":{"type":"LineString","coordinates":[[6.88082,46.31661],[6.88154,46.31748],[6.88256,46.3178],[6.88396,46.31806],[6.88487,46.31774],[6.88534,46.31775],[6.8864,46.31806],[6.88679,46.31841],[6.8877,46.31835],[6.8882,46.31888],[6.88949,46.3194],[6.88949,46.32027],[6.89043,46.32071],[6.89152,46.32156],[6.89599,46.32272]]}},{"type":"Feature","properties":{"id":"l-avancon-vs-5","c":"VS","p":"patent","q":"official","k":"river","ns":1},"geometry":{"type":"LineString","coordinates":[[6.85496,46.31433],[6.85557,46.31463],[6.85698,46.31485],[6.85904,46.3144],[6.85988,46.3147],[6.86261,46.31492],[6.86356,46.31526],[6.86428,46.31518],[6.86474,46.31566],[6.86514,46.31558],[6.86544,46.31579],[6.86675,46.31556],[6.86866,46.31685],[6.87127,46.31732],[6.87248,46.31715],[6.87501,46.31612],[6.87868,46.31613],[6.87924,46.31649],[6.88082,46.31661]]}},{"type":"Feature","properties":{"id":"l-avancon-vs-6","c":"VS","p":"patent","q":"official","k":"river","ns":1},"geometry":{"type":"LineString","coordinates":[[6.85496,46.31433],[6.85492,46.3139],[6.85306,46.31334],[6.85276,46.31283],[6.85169,46.31213],[6.85162,46.31134],[6.85099,46.31044],[6.85088,46.30957],[6.85017,46.30875],[6.85065,46.30741],[6.85036,46.30635],[6.85044,46.30524],[6.85091,46.30438],[6.85127,46.30211],[6.85094,46.30152],[6.85107,46.30012],[6.85,46.29878]]}},{"type":"Feature","properties":{"id":"l-avancon-vs-7","c":"VS","p":"patent","q":"official","k":"river","ns":1},"geometry":{"type":"LineString","coordinates":[[6.8643,46.3009],[6.86585,46.30175],[6.86601,46.30244],[6.86729,46.30288],[6.86842,46.30373],[6.86861,46.30457],[6.86845,46.30599],[6.86918,46.30697],[6.8713,46.30868],[6.87366,46.30959],[6.87468,46.31042],[6.87534,46.31132],[6.8763,46.31161]]}},{"type":"Feature","properties":{"id":"l-avancon-vs-8","c":"VS","p":"patent","q":"official","k":"river","ns":1},"geometry":{"type":"LineString","coordinates":[[6.8763,46.31161],[6.87799,46.31211],[6.88067,46.31254],[6.8821,46.31219],[6.88466,46.31194],[6.88509,46.31204],[6.88579,46.31184],[6.88611,46.31201],[6.88688,46.31181],[6.88733,46.31186],[6.88808,46.31246],[6.88948,46.31292],[6.8933,46.31289],[6.89326,46.31335],[6.89392,46.31347],[6.89431,46.31382],[6.89441,46.31428],[6.8954,46.31507],[6.89573,46.31597],[6.89488,46.31796],[6.89504,46.31854],[6.89637,46.31897]]}},{"type":"Feature","properties":{"id":"fossau-vs","c":"VS","p":"patent","q":"official","k":"river","ns":1},"geometry":{"type":"LineString","coordinates":[[6.89082,46.33947],[6.88539,46.3379],[6.88285,46.33698],[6.88144,46.33693],[6.87991,46.33623],[6.87936,46.33623],[6.87748,46.33528],[6.87581,46.33358],[6.87458,46.3333],[6.87388,46.33362],[6.87245,46.33385],[6.87173,46.33364],[6.87004,46.33373],[6.86743,46.33357],[6.86641,46.33332],[6.86546,46.33356],[6.86367,46.33352],[6.86283,46.33369],[6.86208,46.33357],[6.86007,46.33386],[6.85947,46.33375],[6.85909,46.33395],[6.85842,46.33394],[6.85725,46.33445],[6.856,46.33462],[6.85327,46.33553],[6.85223,46.33557]]}},{"type":"Feature","properties":{"id":"fossau-vs-2","c":"VS","p":"patent","q":"official","k":"river","ns":1},"geometry":{"type":"LineString","coordinates":[[6.83399,46.33155],[6.83525,46.33209],[6.83663,46.33207],[6.83762,46.33279],[6.83891,46.3332],[6.83971,46.33337],[6.84095,46.33335],[6.84281,46.33384],[6.8448,46.33388],[6.84582,46.33353],[6.84707,46.3334],[6.84903,46.33416],[6.84931,46.33442],[6.85103,46.33476],[6.85223,46.33557]]}},{"type":"Feature","properties":{"id":"le-tove-evouettes-vs","c":"VS","p":"patent","q":"official","k":"river","ns":1},"geometry":{"type":"LineString","coordinates":[[6.84691,46.35727],[6.84872,46.35753],[6.85026,46.35729],[6.85248,46.35782],[6.85375,46.35784],[6.85739,46.35703],[6.85998,46.35819],[6.86313,46.35879],[6.86366,46.35906],[6.86527,46.3593],[6.86611,46.35923],[6.8679,46.3598],[6.87063,46.35916],[6.87562,46.35948],[6.87731,46.3592],[6.87923,46.35965],[6.87966,46.36006],[6.87944,46.36256],[6.87865,46.36527],[6.87694,46.36857],[6.8778,46.36883]]}},{"type":"Feature","properties":{"id":"le-tove-bouverette-vs-2","c":"VS","p":"patent","q":"official","k":"river","ns":1},"geometry":{"type":"LineString","coordinates":[[6.87057,46.37134],[6.87161,46.37135],[6.87281,46.37078],[6.87467,46.37091],[6.87522,46.3713],[6.8752,46.37176],[6.87487,46.37228],[6.87406,46.37265],[6.87168,46.37333],[6.86912,46.37448],[6.86705,46.37494],[6.86573,46.37567],[6.8636,46.37752]]}},{"type":"Feature","properties":{"id":"trient-vs-2","c":"VS","p":"patent","q":"official","k":"river","ns":1},"geometry":{"type":"LineString","coordinates":[[7.00745,46.10216],[7.00583,46.10068],[7.0048,46.10051],[7.00395,46.09983],[7.00236,46.09937],[7.00142,46.09814],[7.00144,46.09738],[7.00005,46.09596],[6.99959,46.09393],[6.99886,46.09356],[6.99865,46.09307],[6.99797,46.09282],[6.9977,46.09137],[6.99798,46.09099],[6.99614,46.08858],[6.99624,46.08823],[6.99589,46.08765],[6.99514,46.08702],[6.99417,46.0855],[6.99221,46.08406],[6.99024,46.08336],[6.98989,46.08293],[6.98646,46.08176],[6.98575,46.08118],[6.98384,46.0803],[6.98313,46.07975],[6.98151,46.07946],[6.97943,46.07862],[6.97758,46.07883],[6.97671,46.07855],[6.97577,46.07863],[6.97539,46.07847],[6.97367,46.07713],[6.97387,46.07569],[6.97459,46.07517],[6.97602,46.07297],[6.97722,46.07188],[6.97942,46.07103],[6.98034,46.07003],[6.98253,46.06878],[6.98325,46.06814],[6.98424,46.0678],[6.98475,46.06727],[6.98525,46.06718],[6.9871,46.06588],[6.98855,46.06543],[6.99251,46.06082],[6.99322,46.0604],[6.99366,46.05862],[6.99357,46.05767],[6.99401,46.05688],[6.99378,46.0566],[6.99343,46.05403],[6.99369,46.05295],[6.99413,46.05255],[6.99441,46.05173],[6.99494,46.04656],[6.99482,46.04554],[6.99536,46.04497],[6.99532,46.0445],[6.99576,46.04414],[6.99678,46.04386],[6.99711,46.04309],[6.99716,46.04187],[6.99681,46.04133],[6.99725,46.04038],[6.99718,46.03962],[6.99774,46.0393],[6.99788,46.03889],[6.99923,46.03806],[6.99941,46.03736],[7.00017,46.0374],[7.00039,46.03709],[7.00114,46.03687],[7.00175,46.03643],[7.00174,46.03602],[7.00224,46.03571],[7.00229,46.03541],[7.00452,46.03475],[7.00483,46.03448],[7.00507,46.03333],[7.00595,46.03309],[7.00624,46.03318],[7.0072,46.03259],[7.0088,46.03204],[7.00976,46.03066],[7.01207,46.02945],[7.01239,46.02898],[7.01563,46.02687],[7.01724,46.02649],[7.01948,46.02415],[7.02053,46.02396],[7.02173,46.0229],[7.02259,46.02264]]}},{"type":"Feature","properties":{"id":"eau-noire-barberine-vs","c":"VS","p":"patent","q":"official","k":"river","ns":1},"geometry":{"type":"LineString","coordinates":[[6.97367,46.07713],[6.97255,46.07582],[6.97127,46.07341],[6.96857,46.07277],[6.96784,46.07221],[6.96703,46.07193],[6.96658,46.07031],[6.96625,46.07003],[6.96622,46.06941],[6.96648,46.06906],[6.96565,46.06649],[6.96466,46.06455],[6.96433,46.06317],[6.96346,46.0622],[6.96325,46.06137],[6.96082,46.0593],[6.95951,46.05896],[6.95825,46.05814],[6.95793,46.05764],[6.95703,46.05704],[6.9562,46.05559],[6.95496,46.05504],[6.95385,46.05498],[6.95257,46.05429],[6.95146,46.05304],[6.95046,46.05276],[6.94911,46.05187],[6.94904,46.05163]]}},{"type":"Feature","properties":{"id":"triege-vs","c":"VS","p":"patent","q":"official","k":"river","ns":1},"geometry":{"type":"LineString","coordinates":[[7.0035,46.09972],[7.00323,46.10084],[7.00236,46.10134],[7.00194,46.10218],[7.00008,46.10352],[6.99863,46.10379],[6.99572,46.10476],[6.99475,46.10464],[6.99281,46.10537],[6.99087,46.10503],[6.98998,46.10525],[6.98888,46.10521],[6.9883,46.1056],[6.98585,46.10609],[6.98437,46.106],[6.98323,46.10653],[6.98264,46.10651],[6.98142,46.10722],[6.97862,46.10788],[6.97761,46.10851],[6.9772,46.10854],[6.97565,46.1099],[6.97508,46.10979],[6.97348,46.11005],[6.97261,46.10975],[6.9714,46.10975],[6.96993,46.11008],[6.96843,46.11071],[6.96683,46.1107],[6.96528,46.11117],[6.96477,46.11098],[6.9638,46.11116],[6.96259,46.1109],[6.96121,46.11126],[6.96006,46.1111],[6.95914,46.11119],[6.95875,46.11102]]}},{"type":"Feature","properties":{"id":"salanfe-pissevache-vs","c":"VS","p":"patent","q":"official","k":"river","ns":1},"geometry":{"type":"LineString","coordinates":[[7.02915,46.14623],[7.0305,46.14784],[7.03102,46.14799],[7.03132,46.15038],[7.03116,46.15223],[7.03199,46.15542],[7.03227,46.15806],[7.03302,46.15861]]}},{"type":"Feature","properties":{"id":"salanfe-pissevache-reserve-rive-gauche-vs","c":"VS","p":"patent","q":"official","k":"river","ns":1},"geometry":{"type":"LineString","coordinates":[[7.02737,46.14375],[7.02805,46.14407],[7.02937,46.14417],[7.02892,46.14591],[7.02915,46.14623]]}},{"type":"Feature","properties":{"id":"salanfe-vs","c":"VS","p":"patent","q":"official","k":"river","ns":1},"geometry":{"type":"LineString","coordinates":[[7.02737,46.14375],[7.02681,46.14304],[7.02535,46.14233],[7.02428,46.14203],[7.02432,46.1416],[7.02355,46.14072],[7.02221,46.13981],[7.02072,46.13915],[7.02022,46.1396],[7.01956,46.13965],[7.01812,46.13918],[7.01686,46.13953],[7.01628,46.14008],[7.0156,46.14025],[7.0132,46.13976],[7.01172,46.13998],[7.01119,46.14023],[7.01096,46.14009],[7.01005,46.1401],[7.00965,46.13936],[7.00925,46.13916],[7.00724,46.13944],[7.005,46.13896],[7.00311,46.13929],[7.00202,46.1391],[7.00071,46.13949],[6.99831,46.13939],[6.9978,46.13914],[6.99691,46.13914],[6.9958,46.13874],[6.99443,46.13912],[6.99299,46.14029],[6.99103,46.14071],[6.99043,46.1407],[6.99041,46.14054],[6.9895,46.1406],[6.98912,46.14146],[6.98847,46.14162],[6.98778,46.14243],[6.98629,46.14286],[6.98533,46.14344],[6.98471,46.14431],[6.98307,46.1445],[6.98228,46.14414],[6.98156,46.1441],[6.98111,46.14468],[6.97987,46.14463],[6.97862,46.14396],[6.97689,46.14368],[6.97648,46.14343],[6.97574,46.14351],[6.97499,46.14325],[6.97418,46.14331],[6.97312,46.14269],[6.97158,46.14213],[6.97084,46.14146],[6.97048,46.14172],[6.9696,46.14151],[6.96892,46.14105],[6.96852,46.14102],[6.96816,46.14066],[6.96752,46.14095],[6.96687,46.14095]]}},{"type":"Feature","properties":{"id":"reserve-du-mont-vs","c":"VS","p":"closed","q":"official","k":"river"},"geometry":{"type":"LineString","coordinates":[[7.17504,46.17],[7.17616,46.1697],[7.1759,46.16912],[7.17595,46.16809]]}},{"type":"Feature","properties":{"id":"reserve-du-mont-vs-2","c":"VS","p":"closed","q":"official","k":"river"},"geometry":{"type":"LineString","coordinates":[[7.17616,46.1697],[7.17751,46.1691],[7.17739,46.16827]]}},{"type":"Feature","properties":{"id":"rhone-fully-evionnaz-vs","c":"VS","p":"patent","q":"official","k":"river","ns":1},"geometry":{"type":"LineString","coordinates":[[7.03418,46.18466],[7.03452,46.18417],[7.0346,46.18351],[7.03155,46.18186],[7.03052,46.18086],[7.02866,46.17878],[7.02741,46.17604],[7.02762,46.17416],[7.03305,46.16188],[7.03315,46.16006],[7.03265,46.15228],[7.03318,46.1502],[7.03471,46.14824],[7.03599,46.14717],[7.04566,46.14258],[7.04754,46.14131],[7.06153,46.12936],[7.06505,46.12673],[7.06617,46.12557]]}},{"type":"Feature","properties":{"id":"rhone-evionnaz-vieze-vs","c":"VS","p":"patent","q":"official","k":"river","ns":1},"geometry":{"type":"LineString","coordinates":[[6.97929,46.25731],[6.98123,46.25591],[6.98641,46.25342],[6.98736,46.2526],[6.98847,46.24997],[6.9886,46.24672],[6.98922,46.24456],[6.9897,46.24386],[6.99366,46.24042],[6.99462,46.23917],[6.99607,46.2364],[6.99658,46.236],[7.00018,46.23451],[7.00158,46.23355],[7.00223,46.23271],[7.00284,46.23104],[7.00275,46.22833],[7.00243,46.22656],[7.00265,46.22496],[7.00313,46.22379],[7.00368,46.22311],[7.00439,46.22264],[7.00738,46.22155],[7.00839,46.21821],[7.00945,46.21573],[7.01043,46.21103],[7.01144,46.20893],[7.01191,46.20561],[7.01309,46.2047],[7.01611,46.20377],[7.02104,46.20113],[7.0238,46.19853],[7.02561,46.19713],[7.02756,46.19344],[7.02847,46.19286],[7.02961,46.1915],[7.03068,46.19118],[7.03146,46.19033],[7.0321,46.18899],[7.03219,46.1878],[7.03246,46.18741],[7.03323,46.18715],[7.03375,46.18669],[7.03387,46.18527],[7.03418,46.18466]]}},{"type":"Feature","properties":{"id":"binna-vs","c":"VS","p":"patent","q":"official","k":"river","ns":1},"geometry":{"type":"LineString","coordinates":[[8.10191,46.37604],[8.10496,46.37731],[8.10675,46.37722],[8.10741,46.37671],[8.10932,46.3763],[8.11067,46.37678],[8.11152,46.37653],[8.11257,46.37671],[8.11428,46.37638],[8.115,46.37665],[8.11629,46.37679],[8.11718,46.37728],[8.11859,46.3776],[8.12113,46.37854],[8.12213,46.37819],[8.12371,46.37832],[8.12399,46.37797],[8.12451,46.37789],[8.126,46.37893],[8.12672,46.38024],[8.12796,46.3809],[8.12916,46.3811],[8.12967,46.38097],[8.13093,46.38191],[8.13182,46.38222],[8.13275,46.38197],[8.13458,46.38095],[8.13639,46.38207],[8.13825,46.38276],[8.13879,46.3827],[8.13954,46.38224],[8.14238,46.38213],[8.14309,46.38195],[8.14393,46.38143],[8.14497,46.38158],[8.14731,46.37965],[8.1472,46.37728],[8.14816,46.37663],[8.14817,46.37607],[8.14919,46.37561],[8.1509,46.37517],[8.15099,46.37356],[8.15061,46.3723],[8.15135,46.37109],[8.15123,46.37047],[8.15168,46.36973],[8.15257,46.36937],[8.1533,46.36965],[8.1544,46.36948],[8.15535,46.36852],[8.15767,46.36779],[8.15796,46.36681],[8.15866,46.36635],[8.15964,46.3662],[8.16081,46.36515],[8.16079,46.36422],[8.16178,46.36302],[8.16258,46.36256],[8.16358,46.36275],[8.16438,46.36192],[8.16532,46.36169],[8.16615,46.36106],[8.16754,46.36097],[8.1687,46.36033],[8.17044,46.36084],[8.17213,46.36058],[8.17346,46.36069],[8.17378,46.36033],[8.17448,46.36017],[8.17684,46.36108],[8.17705,46.36174],[8.17843,46.36196],[8.17866,46.36239],[8.18033,46.36371],[8.18218,46.36364],[8.18285,46.36345],[8.18523,46.36423],[8.18701,46.36456],[8.1892,46.36547],[8.18998,46.36605],[8.19247,46.36636],[8.19304,46.36711],[8.19432,46.36723],[8.19574,46.36824],[8.1965,46.36796],[8.19912,46.3686],[8.20011,46.36938],[8.20312,46.37035],[8.20458,46.37047],[8.20582,46.37017],[8.20679,46.37023],[8.20794,46.36939],[8.21161,46.36925],[8.2121,46.36896],[8.21349,46.36897],[8.2143,46.36867],[8.21531,46.36883],[8.21635,46.36874],[8.21777,46.36792],[8.22016,46.36765],[8.22111,46.36802],[8.22281,46.36822],[8.22378,46.3687],[8.22518,46.36902],[8.22646,46.36882],[8.22835,46.36953],[8.22898,46.37009],[8.23067,46.37037],[8.23326,46.37155],[8.2343,46.37174],[8.23571,46.37259],[8.23687,46.37275],[8.23791,46.37326],[8.23889,46.37339],[8.23976,46.37381],[8.2406,46.37348],[8.24122,46.37359],[8.24253,46.37423],[8.24404,46.37443],[8.24572,46.37546],[8.24755,46.37544],[8.24868,46.37573],[8.25127,46.37579],[8.25411,46.37621],[8.25441,46.376],[8.25554,46.37612],[8.25604,46.37649],[8.25718,46.37638],[8.2587,46.37746],[8.26041,46.37789],[8.26263,46.378],[8.26638,46.37876],[8.26677,46.3789],[8.26694,46.37924],[8.26745,46.37936]]}},{"type":"Feature","properties":{"id":"loewwibach-reckingen-vs","c":"VS","p":"patent","q":"official","k":"river","ns":1},"geometry":{"type":"LineString","coordinates":[[8.25416,46.475],[8.25598,46.47513],[8.25771,46.47488],[8.25785,46.47463],[8.25707,46.47258],[8.25827,46.47183],[8.26301,46.4722],[8.26362,46.47195],[8.26512,46.47028],[8.26569,46.46907],[8.26663,46.46856],[8.26756,46.46756],[8.26805,46.4665],[8.26952,46.46509],[8.26995,46.46501],[8.27122,46.46339],[8.27246,46.46238],[8.27316,46.46143],[8.27374,46.46116],[8.27415,46.46047],[8.2751,46.4599],[8.27611,46.45877],[8.27636,46.45813],[8.27809,46.45705],[8.28003,46.45507],[8.28059,46.4548],[8.28137,46.45485],[8.28139,46.45406],[8.28176,46.4534],[8.28461,46.45116]]}},{"type":"Feature","properties":{"id":"milibach-ernen-vs","c":"VS","p":"patent","q":"official","k":"river","ns":1},"geometry":{"type":"LineString","coordinates":[[8.14984,46.40777],[8.15189,46.40769],[8.15434,46.40642],[8.15595,46.40657],[8.15719,46.40723],[8.15854,46.40754],[8.16163,46.40588],[8.16289,46.40488],[8.1648,46.40442],[8.16562,46.40445],[8.16722,46.40388],[8.16859,46.40371],[8.16913,46.40348],[8.1691,46.403],[8.16949,46.40276],[8.17024,46.4025],[8.17082,46.40253],[8.1732,46.40174],[8.17505,46.39913],[8.17681,46.39786],[8.17869,46.39579],[8.18013,46.39487],[8.18191,46.39286],[8.18511,46.39212],[8.18713,46.39217],[8.18772,46.39234],[8.18799,46.39268],[8.18949,46.39269],[8.19007,46.39304],[8.19107,46.39298],[8.19155,46.39352],[8.19315,46.39379],[8.19403,46.39408],[8.19433,46.39442],[8.19501,46.39435],[8.19638,46.39455],[8.19795,46.39592],[8.19922,46.3962],[8.20075,46.39606],[8.20184,46.39637],[8.20338,46.39637],[8.20479,46.39722],[8.20624,46.39777],[8.20755,46.39809],[8.20913,46.39819],[8.20934,46.39857],[8.21012,46.39893],[8.21354,46.40011],[8.21426,46.40096],[8.21503,46.40108],[8.21578,46.40159],[8.21822,46.40211],[8.21953,46.40268],[8.22097,46.4029],[8.22601,46.40531],[8.22791,46.4056]]}},{"type":"Feature","properties":{"id":"saflischbach-vs","c":"VS","p":"patent","q":"official","k":"river","ns":1},"geometry":{"type":"LineString","coordinates":[[8.15557,46.34249],[8.15795,46.34189],[8.15984,46.34202],[8.16078,46.3415],[8.16251,46.34133],[8.16528,46.34198],[8.16793,46.34223],[8.17006,46.34214],[8.17158,46.34185],[8.17263,46.342]]}},{"type":"Feature","properties":{"id":"rhone-gletsch-oberwald-vs","c":"VS","p":"patent","q":"official","k":"river","ns":1},"geometry":{"type":"MultiLineString","coordinates":[[[8.13433,46.3965],[8.13613,46.39867],[8.13668,46.3991],[8.13751,46.39937],[8.13767,46.39991],[8.13844,46.40046],[8.1388,46.40119],[8.14271,46.40247],[8.14317,46.40299],[8.14524,46.40429],[8.14571,46.40501],[8.14635,46.40536],[8.14812,46.40705],[8.14964,46.40751],[8.15055,46.40883],[8.15266,46.40979],[8.15388,46.41085],[8.15533,46.41163],[8.15682,46.41202],[8.15714,46.4124],[8.15976,46.41381],[8.16014,46.41444],[8.16055,46.41459],[8.16167,46.41444],[8.16251,46.41457],[8.16286,46.41483],[8.16269,46.41546],[8.16286,46.41615],[8.16512,46.41706],[8.16567,46.41764],[8.16696,46.41842],[8.16833,46.41881],[8.16956,46.41942],[8.16988,46.42007],[8.17116,46.42081],[8.17125,46.42121],[8.17317,46.42255],[8.17382,46.42335],[8.17492,46.42387],[8.17552,46.42476],[8.17634,46.42541],[8.17812,46.42623],[8.17951,46.42617],[8.17985,46.4264],[8.17974,46.42822],[8.18113,46.4296],[8.18244,46.43026],[8.18377,46.43064],[8.18557,46.4322],[8.18616,46.43247],[8.1867,46.43258],[8.18914,46.43216],[8.19274,46.43414],[8.19357,46.43586],[8.19446,46.4363],[8.19509,46.43645],[8.19828,46.43632],[8.2002,46.43701],[8.20068,46.4375],[8.20061,46.43848],[8.20082,46.43889],[8.20325,46.44039],[8.20483,46.44182],[8.2041,46.44352],[8.20444,46.44389],[8.20489,46.44408],[8.20818,46.44392],[8.20885,46.4443],[8.2087,46.44515],[8.20981,46.44701],[8.21012,46.44716],[8.21108,46.44701],[8.21183,46.4473],[8.21242,46.44801],[8.21231,46.44885],[8.2132,46.4495],[8.21572,46.44996],[8.21658,46.4507],[8.2185,46.4531],[8.22037,46.4544],[8.22242,46.45497],[8.2238,46.45512],[8.22607,46.45482],[8.22681,46.45499],[8.23038,46.45759],[8.23045,46.45813],[8.23096,46.4585],[8.23152,46.45878],[8.2333,46.45898],[8.23367,46.45917],[8.23454,46.46023],[8.23715,46.46151],[8.23768,46.46212],[8.23916,46.46263],[8.24292,46.46347]],[[8.35898,46.53744],[8.35989,46.53866],[8.36013,46.53947],[8.35988,46.53984],[8.36028,46.54071],[8.361,46.54098],[8.36139,46.54176],[8.36226,46.54261],[8.36207,46.54313],[8.36217,46.54457],[8.36183,46.54513],[8.36215,46.54576],[8.36178,46.54623],[8.36151,46.54744],[8.36174,46.54893],[8.36038,46.55046],[8.35958,46.5521],[8.35887,46.55273],[8.35858,46.55331],[8.35805,46.55353],[8.35788,46.55437],[8.35695,46.55509],[8.35692,46.55551],[8.35652,46.5558],[8.35652,46.55633],[8.35553,46.55726],[8.35565,46.55772],[8.35504,46.5584],[8.35535,46.55868],[8.35533,46.55909],[8.3566,46.55955],[8.35669,46.55981],[8.35791,46.5605],[8.36115,46.56129],[8.36217,46.56191],[8.36423,46.56376],[8.36577,46.56449],[8.36652,46.56428],[8.36715,46.56457],[8.36797,46.56457],[8.36933,46.56596],[8.371,46.56624],[8.372,46.566],[8.37238,46.56612],[8.37362,46.56691],[8.37461,46.56716],[8.37543,46.568],[8.37631,46.56807],[8.37717,46.56898],[8.37877,46.56951],[8.37929,46.57008]]]}},{"type":"Feature","properties":{"id":"torrent-de-barme-vs-2","c":"VS","p":"patent","q":"official","k":"river","ns":1},"geometry":{"type":"LineString","coordinates":[[6.85333,46.15989],[6.85282,46.15882],[6.85299,46.1586],[6.85239,46.15808],[6.85247,46.15734],[6.85182,46.15619],[6.85173,46.15488],[6.85073,46.15419],[6.85066,46.15394],[6.84936,46.15347],[6.84855,46.15349],[6.8482,46.15315],[6.84792,46.15325],[6.84674,46.15289],[6.84606,46.15295],[6.8452,46.15263],[6.84404,46.15283],[6.84304,46.15249],[6.84115,46.15223],[6.84021,46.15175],[6.8402,46.15134],[6.84063,46.15103],[6.84034,46.15069],[6.84033,46.15008],[6.83986,46.14969],[6.83897,46.1497],[6.83863,46.14986],[6.83793,46.14974],[6.83538,46.14983],[6.83476,46.14967],[6.83416,46.15047],[6.83372,46.15066],[6.8317,46.14977],[6.83114,46.1489],[6.82909,46.14925],[6.82675,46.1493],[6.82616,46.14917],[6.825,46.14842],[6.82401,46.14839],[6.82342,46.14792],[6.82298,46.14806],[6.82164,46.14798],[6.82067,46.1464],[6.81962,46.14636],[6.81916,46.14672],[6.81846,46.14692],[6.81796,46.14651],[6.8149,46.14543]]}},{"type":"Feature","properties":{"id":"torrent-de-soi-vs","c":"VS","p":"patent","q":"official","k":"river","ns":1},"geometry":{"type":"LineString","coordinates":[[6.88804,46.18688],[6.88977,46.1865],[6.8908,46.18522],[6.89257,46.18453],[6.89285,46.18425],[6.89457,46.18389],[6.89547,46.18331],[6.89835,46.18261],[6.9009,46.18132],[6.90331,46.18047],[6.9047,46.18035],[6.90553,46.18068],[6.90683,46.18074],[6.90812,46.18109],[6.90912,46.18094],[6.91012,46.18106],[6.91241,46.17987],[6.91284,46.17901],[6.91521,46.17851],[6.91632,46.1776],[6.91728,46.17729],[6.91764,46.17704],[6.9177,46.1765],[6.91853,46.17555],[6.91972,46.17564],[6.92296,46.1753],[6.92415,46.17462],[6.92429,46.17397]]}},{"type":"Feature","properties":{"id":"torrent-de-tiere-vs","c":"VS","p":"patent","q":"official","k":"river","ns":1},"geometry":{"type":"LineString","coordinates":[[6.87822,46.17799],[6.8786,46.17742],[6.8791,46.17719],[6.88031,46.17702],[6.8814,46.17739],[6.88323,46.17717],[6.88369,46.17733],[6.88727,46.176],[6.88831,46.17622],[6.88875,46.17559],[6.89008,46.17543],[6.89087,46.17514],[6.8915,46.17446],[6.89129,46.17386],[6.89216,46.17261],[6.89221,46.17202],[6.89295,46.17123],[6.8946,46.17072],[6.8968,46.16955],[6.90081,46.16797],[6.90123,46.16721],[6.90136,46.16617]]}},{"type":"Feature","properties":{"id":"saufla-vs","c":"VS","p":"patent","q":"official","k":"river","ns":1},"geometry":{"type":"LineString","coordinates":[[6.86047,46.16403],[6.86118,46.16327],[6.86321,46.16214],[6.86697,46.16079],[6.86767,46.15956],[6.86868,46.15903],[6.86911,46.15858],[6.86991,46.15847],[6.87058,46.1574],[6.87137,46.15682],[6.87139,46.15555],[6.87194,46.15421]]}},{"type":"Feature","properties":{"id":"torrent-de-seumon-vs","c":"VS","p":"patent","q":"official","k":"river","ns":1},"geometry":{"type":"LineString","coordinates":[[6.81818,46.17579],[6.81861,46.1752],[6.82016,46.17476],[6.82096,46.17487],[6.82187,46.17468],[6.82216,46.17494],[6.82255,46.1748],[6.82294,46.17513],[6.82332,46.17489],[6.82489,46.17506],[6.8265,46.17365],[6.82688,46.17304],[6.8267,46.1725],[6.82691,46.17226],[6.82799,46.17214],[6.82834,46.1717],[6.82898,46.17173],[6.82944,46.17155],[6.83003,46.17195],[6.83068,46.17193],[6.83261,46.17139],[6.83348,46.17099],[6.83449,46.16999],[6.83569,46.16951],[6.8358,46.16847],[6.83644,46.16679],[6.83621,46.16648],[6.83648,46.1658],[6.83649,46.16523],[6.83587,46.16355],[6.83621,46.1623],[6.83715,46.16196],[6.83764,46.16133]]}},{"type":"Feature","properties":{"id":"torrent-de-chavalet-vs","c":"VS","p":"patent","q":"official","k":"river","ns":1},"geometry":{"type":"LineString","coordinates":[[6.83024,46.1853],[6.83076,46.18469],[6.83183,46.18443],[6.83232,46.18382],[6.8336,46.1835],[6.83516,46.18417],[6.83708,46.18398],[6.83768,46.18434],[6.83847,46.18423],[6.83928,46.18439],[6.83986,46.1843],[6.84036,46.18384],[6.84123,46.1836],[6.8428,46.18351],[6.84483,46.18381],[6.84659,46.18429],[6.84734,46.18419],[6.85,46.18478],[6.85085,46.18454],[6.85138,46.18465],[6.85191,46.1852],[6.85262,46.18528],[6.8533,46.18571],[6.85393,46.18563],[6.8563,46.18636],[6.85827,46.18625],[6.86009,46.1865],[6.8613,46.18639],[6.86183,46.18676],[6.86219,46.18679],[6.86686,46.18692],[6.86823,46.18678],[6.87047,46.18702],[6.87269,46.18793],[6.87517,46.18838],[6.87607,46.18827],[6.87844,46.18861],[6.88042,46.1891],[6.88202,46.18978],[6.88338,46.18945],[6.8849,46.18997],[6.88588,46.19006],[6.88657,46.18958],[6.88712,46.18945],[6.88769,46.18893],[6.88951,46.18854]]}},{"type":"Feature","properties":{"id":"torrent-du-fayot-vs","c":"VS","p":"patent","q":"official","k":"river","ns":1},"geometry":{"type":"LineString","coordinates":[[6.85417,46.19723],[6.85673,46.19785],[6.85724,46.19812],[6.85761,46.19845],[6.85818,46.19967],[6.86126,46.2014],[6.86149,46.20195],[6.86259,46.20312],[6.86267,46.20413],[6.86361,46.20497],[6.86472,46.20555],[6.86533,46.20564],[6.86625,46.20621],[6.8674,46.20631],[6.86776,46.20652],[6.8682,46.20639],[6.8689,46.20654],[6.86987,46.20711],[6.86967,46.20744],[6.87038,46.20757],[6.87045,46.20783],[6.87089,46.20779],[6.8709,46.20807],[6.87177,46.20882],[6.87164,46.20939],[6.87302,46.21033],[6.87349,46.21116],[6.87502,46.21236],[6.87592,46.21221],[6.87642,46.2123],[6.8767,46.21278],[6.87953,46.21507],[6.88099,46.21703],[6.88269,46.21752],[6.88359,46.21723],[6.88549,46.21743],[6.8874,46.21673],[6.88823,46.21699],[6.89135,46.2174],[6.8928,46.21816],[6.89354,46.2182],[6.89421,46.2185],[6.89634,46.21871],[6.89782,46.21802],[6.89871,46.21813],[6.8995,46.21856],[6.90237,46.21898],[6.90279,46.21897],[6.90339,46.21844],[6.90388,46.21829],[6.90569,46.21818],[6.90593,46.21781]]}},{"type":"Feature","properties":{"id":"torrent-de-la-peule-vs-2","c":"VS","p":"patent","q":"official","k":"river","ns":1},"geometry":{"type":"LineString","coordinates":[[7.11854,45.89619],[7.11566,45.89515],[7.11458,45.89532],[7.11176,45.89448],[7.11153,45.89423],[7.11004,45.89421],[7.10966,45.89398],[7.10912,45.894],[7.10718,45.89343],[7.10556,45.8928],[7.10305,45.89236],[7.10241,45.89193],[7.10232,45.89158],[7.10176,45.89107],[7.10094,45.8909],[7.10123,45.89021],[7.10027,45.8901],[7.09979,45.88955],[7.09891,45.88912],[7.09886,45.88872],[7.09816,45.88849],[7.09775,45.88803],[7.09648,45.88756],[7.09431,45.88759]]}},{"type":"Feature","properties":{"id":"torrents-des-erbets-fournoutse-vs","c":"VS","p":"patent","q":"official","k":"river","ns":1},"geometry":{"type":"LineString","coordinates":[[7.14604,45.90926],[7.14643,45.90903],[7.1477,45.90878],[7.14901,45.90804],[7.14902,45.90739],[7.1483,45.90698],[7.14856,45.90664],[7.15069,45.90681],[7.15213,45.90711],[7.15402,45.90802],[7.15436,45.90787],[7.1555,45.90812],[7.15608,45.90806],[7.15751,45.90869],[7.1578,45.90907],[7.1589,45.90925],[7.1602,45.90978],[7.16167,45.90979],[7.16368,45.91061],[7.16403,45.91104],[7.16574,45.9117],[7.16617,45.91214],[7.16724,45.91229],[7.16843,45.91283],[7.16877,45.9128],[7.17016,45.9136],[7.17175,45.91402],[7.17218,45.91458],[7.17442,45.9149],[7.17533,45.9154],[7.17597,45.91613],[7.18064,45.91793],[7.18448,45.91853],[7.18659,45.91941],[7.18754,45.91923],[7.1884,45.91939],[7.18869,45.91973],[7.19117,45.92053],[7.1934,45.92055],[7.19419,45.9209],[7.19429,45.92131],[7.1948,45.92173]]}},{"type":"Feature","properties":{"id":"torrent-de-l-a-vs","c":"VS","p":"patent","q":"official","k":"river","ns":1},"geometry":{"type":"LineString","coordinates":[[7.14363,45.92504],[7.14383,45.92542],[7.14481,45.9261],[7.14576,45.92634],[7.14716,45.92794],[7.14795,45.92835],[7.14833,45.9292],[7.14862,45.92931],[7.14879,45.93055],[7.14922,45.93096],[7.1495,45.93169],[7.15,45.93195],[7.1495,45.93272],[7.15108,45.93406],[7.15134,45.93475],[7.15213,45.93496],[7.15223,45.93554],[7.15331,45.93743],[7.15373,45.93971],[7.15412,45.94045],[7.15395,45.94106],[7.15461,45.94204],[7.15445,45.9424],[7.15478,45.94346],[7.15462,45.94464],[7.15554,45.94582],[7.15645,45.94825],[7.15608,45.9488],[7.15629,45.94984],[7.15593,45.95005],[7.15634,45.95278],[7.15621,45.95303],[7.15668,45.95376],[7.15646,45.95426],[7.1566,45.95523],[7.15638,45.95657],[7.15706,45.95771],[7.15726,45.95923],[7.15781,45.96049],[7.15866,45.96165],[7.15895,45.9626],[7.1593,45.96289],[7.15991,45.96421],[7.15986,45.96486],[7.16053,45.96631],[7.1625,45.96772],[7.16406,45.97092],[7.16532,45.9721],[7.16644,45.97456],[7.16726,45.97515],[7.16808,45.97644],[7.16811,45.97795],[7.16837,45.9783],[7.16774,45.97918],[7.16814,45.98017],[7.16822,45.9821],[7.16875,45.98273],[7.16915,45.98386],[7.16742,45.98639],[7.16753,45.98735],[7.16701,45.98786],[7.16717,45.9881],[7.16677,45.99026],[7.16693,45.99066],[7.1683,45.99192],[7.16954,45.99412],[7.17136,45.99579],[7.17166,45.99652],[7.17164,45.99744],[7.17195,45.99791]]}},{"type":"Feature","properties":{"id":"dranse-de-ferret-vs-2","c":"VS","p":"patent","q":"official","k":"river","ns":1},"geometry":{"type":"LineString","coordinates":[[7.12559,45.98897],[7.12597,45.98924],[7.12572,45.98968],[7.1259,45.99066],[7.12549,45.99226],[7.12624,45.99322],[7.12627,45.99396],[7.12683,45.99435],[7.12745,45.99548],[7.12738,45.99593],[7.12692,45.99633],[7.12741,45.99727],[7.12632,45.99829],[7.12623,45.9986],[7.12632,46.00033],[7.12678,46.00184],[7.12612,46.00286],[7.12617,46.00359],[7.1258,46.00422],[7.12481,46.00505],[7.12472,46.00538],[7.12587,46.00669],[7.12653,46.00688],[7.12686,46.0073],[7.12781,46.0077],[7.12762,46.00821],[7.12836,46.00873],[7.12822,46.00906],[7.12919,46.01044],[7.12889,46.0115],[7.12919,46.01194],[7.12894,46.01265],[7.1291,46.01319],[7.12869,46.01389],[7.12979,46.01523],[7.12983,46.01597],[7.12955,46.01617],[7.12953,46.01654],[7.13049,46.0173],[7.13113,46.01744],[7.13187,46.01833],[7.13245,46.01848],[7.13307,46.01828],[7.13455,46.01834],[7.13601,46.01811],[7.13607,46.01883],[7.13719,46.01893],[7.13934,46.01995],[7.1403,46.01999],[7.14059,46.02038],[7.14143,46.02076],[7.14244,46.02092],[7.14327,46.02178],[7.1438,46.02185]]}},{"type":"Feature","properties":{"id":"torrent-de-la-greffe-vs-3","c":"VS","p":"patent","q":"official","k":"river","ns":1},"geometry":{"type":"LineString","coordinates":[[6.9083,46.30411],[6.91069,46.30354],[6.91169,46.30201],[6.91223,46.30193],[6.91266,46.30248],[6.91479,46.30314],[6.91512,46.30308],[6.9161,46.30175]]}},{"type":"Feature","properties":{"id":"saltina-vs","c":"VS","p":"patent","q":"official","k":"river","ns":1},"geometry":{"type":"LineString","coordinates":[[8.01022,46.29831],[8.0109,46.29807],[8.0112,46.29741],[8.01185,46.29709],[8.01146,46.29674],[8.01155,46.29648],[8.01305,46.2955],[8.01415,46.29506],[8.01559,46.2936],[8.01601,46.29348],[8.0159,46.29281],[8.01672,46.29189],[8.01671,46.29157],[8.01754,46.29142],[8.01879,46.29076],[8.01973,46.29073],[8.0201,46.29022],[8.02065,46.28991],[8.02195,46.28955],[8.0226,46.28961],[8.02367,46.28916]]}},{"type":"Feature","properties":{"id":"baltschiederbach-vs","c":"VS","p":"patent","q":"official","k":"river","ns":1},"geometry":{"type":"LineString","coordinates":[[7.86513,46.30248],[7.86549,46.30352],[7.86551,46.30568],[7.8658,46.30697],[7.86632,46.30755],[7.86924,46.30947],[7.87065,46.31078],[7.87129,46.31086],[7.87187,46.3112],[7.8727,46.31128],[7.87336,46.31179],[7.8758,46.31245],[7.87613,46.31276],[7.87688,46.31287],[7.87748,46.31325],[7.87821,46.31335],[7.87893,46.31391]]}},{"type":"Feature","properties":{"id":"baltschiederbach-vs-2","c":"VS","p":"patent","q":"official","k":"river","ns":1},"geometry":{"type":"LineString","coordinates":[[7.87893,46.31391],[7.87977,46.31411],[7.88073,46.31512],[7.88061,46.31721],[7.88108,46.31914],[7.88073,46.32002],[7.88064,46.32172],[7.88086,46.3223],[7.88117,46.32252],[7.88096,46.32283],[7.88125,46.32386],[7.88096,46.32411],[7.88117,46.32565],[7.88149,46.32589],[7.88095,46.32668],[7.88082,46.32738],[7.88084,46.32843],[7.88064,46.32871],[7.881,46.32932],[7.88081,46.33003],[7.88102,46.3306],[7.88012,46.33286],[7.88004,46.33335],[7.88033,46.33396],[7.87986,46.33453],[7.8802,46.33509],[7.87978,46.33595],[7.88005,46.33651],[7.87973,46.33711],[7.87982,46.33747],[7.87943,46.33766],[7.8794,46.3379],[7.87989,46.33942],[7.87971,46.3396],[7.87978,46.34047],[7.88007,46.34102],[7.87961,46.3418],[7.88006,46.34222],[7.87989,46.34318],[7.87952,46.34335],[7.87963,46.34384],[7.8793,46.34436],[7.87955,46.3448],[7.87958,46.34686],[7.87986,46.34713],[7.87996,46.348],[7.87957,46.34828],[7.87966,46.3487],[7.87924,46.34945],[7.88,46.35007],[7.87985,46.35051],[7.88017,46.35072],[7.8799,46.3508],[7.88014,46.35113],[7.87997,46.35143],[7.88045,46.35225],[7.87944,46.35345],[7.87985,46.35399],[7.87969,46.35496],[7.88016,46.35519],[7.88022,46.35545],[7.88005,46.3569],[7.88027,46.35719],[7.87964,46.35753],[7.87978,46.35792],[7.87897,46.35893],[7.87885,46.36049],[7.87819,46.36072],[7.87781,46.36124],[7.87707,46.36172],[7.87719,46.36242],[7.8767,46.36305],[7.8769,46.36346],[7.87679,46.36431],[7.87769,46.36494]]}},{"type":"Feature","properties":{"id":"saltina-vs-2","c":"VS","p":"patent","q":"official","k":"river","ns":1},"geometry":{"type":"LineString","coordinates":[[8.00333,46.30438],[8.0032,46.30551],[8.00222,46.30599],[8.00208,46.30675],[8.00148,46.30694],[7.9993,46.30698],[7.99884,46.30672],[7.99804,46.30663],[7.99707,46.30547],[7.99662,46.30524],[7.99587,46.30566],[7.99494,46.30667],[7.99492,46.30754],[7.99354,46.30785],[7.99287,46.30834],[7.99247,46.31065],[7.99115,46.31285],[7.98751,46.31601],[7.98654,46.31662],[7.98476,46.31732],[7.97955,46.31851]]}},{"type":"Feature","properties":{"id":"taferna-vs","c":"VS","p":"patent","q":"official","k":"river","ns":1},"geometry":{"type":"LineString","coordinates":[[8.04684,46.25148],[8.04623,46.25187],[8.04626,46.25252],[8.04541,46.25299],[8.04502,46.25352],[8.0442,46.25377],[8.04358,46.25471],[8.04302,46.25493],[8.04241,46.25556],[8.03976,46.25599],[8.03703,46.2582],[8.03691,46.25895],[8.03636,46.25964],[8.03652,46.26009],[8.0362,46.26052],[8.03618,46.26128],[8.03576,46.26185],[8.03542,46.26194],[8.03486,46.26326],[8.03498,46.26375],[8.03476,46.26443],[8.03498,46.26485],[8.03466,46.26527],[8.03474,46.26594],[8.03428,46.26636],[8.03416,46.26695],[8.03363,46.26732],[8.03396,46.26849],[8.03346,46.2693],[8.03353,46.27008],[8.03301,46.27046],[8.03265,46.27125],[8.03279,46.27144],[8.03201,46.27208],[8.03203,46.27258],[8.03157,46.27305],[8.03118,46.27426],[8.03073,46.2746],[8.03079,46.27553],[8.02994,46.27612],[8.02931,46.27716],[8.02956,46.27779],[8.02914,46.27868],[8.02922,46.27919],[8.02823,46.28125],[8.02757,46.28193],[8.02753,46.28267],[8.02629,46.284],[8.02623,46.28494],[8.02557,46.28529],[8.02495,46.28616],[8.02518,46.28634],[8.02496,46.28738],[8.02368,46.28798],[8.02367,46.28916]]}},{"type":"Feature","properties":{"id":"riedbach-schongebiet-vs","c":"VS","p":"closed","q":"official","k":"river"},"geometry":{"type":"LineString","coordinates":[[8.02477,46.31649],[8.02284,46.31704],[8.01939,46.31767],[8.01679,46.31791],[8.01478,46.31761],[8.01426,46.31777],[8.01239,46.3172],[8.01074,46.31701],[8.00976,46.31664],[8.00782,46.31655],[8.0063,46.3161],[8.00606,46.31583],[8.00551,46.31578],[8.00446,46.3161],[8.00092,46.31485],[7.9987,46.31461],[7.99624,46.31404],[7.99549,46.31373],[7.99489,46.31316],[7.99356,46.31261],[7.99211,46.31229],[7.99136,46.31252]]}},{"type":"Feature","properties":{"id":"laggina-vs","c":"VS","p":"patent","q":"official","k":"river","ns":1},"geometry":{"type":"LineString","coordinates":[[8.05796,46.13904],[8.05748,46.13953],[8.05788,46.13999],[8.05762,46.14005],[8.05683,46.14113],[8.05589,46.14323],[8.05525,46.14404],[8.05512,46.14489],[8.05425,46.14677],[8.05258,46.14907],[8.05278,46.15021],[8.0537,46.15122],[8.0537,46.15214],[8.05415,46.15249],[8.05441,46.15389],[8.05519,46.15516],[8.05503,46.15564],[8.05541,46.15633],[8.05692,46.15699],[8.05745,46.15897],[8.05869,46.15985],[8.05918,46.1598],[8.05982,46.1602],[8.06077,46.16096],[8.06123,46.16204],[8.06257,46.16267],[8.06415,46.16413],[8.0656,46.16459],[8.06606,46.16573],[8.06684,46.16661],[8.06726,46.16815],[8.06764,46.16835],[8.06805,46.16922],[8.06927,46.16956],[8.06943,46.17017],[8.07049,46.17062],[8.07039,46.17108],[8.07068,46.17163],[8.07125,46.17169],[8.07174,46.17243],[8.07252,46.17295],[8.07241,46.17332],[8.07173,46.17358],[8.0725,46.17481],[8.07234,46.17495],[8.07257,46.17594],[8.0734,46.17726],[8.07331,46.17788],[8.07367,46.17825],[8.07334,46.17954],[8.07394,46.18124],[8.07383,46.18281],[8.07478,46.18374]]}},{"type":"Feature","properties":{"id":"ganterbach-vs","c":"VS","p":"patent","q":"official","k":"river","ns":1},"geometry":{"type":"LineString","coordinates":[[8.10502,46.28831],[8.10445,46.28864],[8.10302,46.289],[8.0984,46.28931],[8.09722,46.28971],[8.09583,46.28992],[8.09395,46.28982],[8.09296,46.29024],[8.09195,46.29043],[8.09029,46.29015],[8.08909,46.2904],[8.08606,46.29059],[8.08564,46.29081],[8.08463,46.29093],[8.08352,46.29086],[8.08257,46.29138],[8.08157,46.29227],[8.08108,46.29234],[8.08093,46.2926],[8.07981,46.29279],[8.07813,46.29277],[8.07713,46.29326],[8.07579,46.29326],[8.07506,46.29383],[8.0727,46.29407],[8.07254,46.29436],[8.07208,46.29433],[8.07166,46.29467],[8.07075,46.29451],[8.0691,46.29485],[8.0677,46.29543],[8.06688,46.29603],[8.065,46.2966],[8.06421,46.29733],[8.06309,46.29747],[8.06042,46.29737],[8.05889,46.29793],[8.0576,46.298],[8.05605,46.29769],[8.05534,46.29775],[8.05164,46.29737],[8.05023,46.29684],[8.05014,46.29656],[8.04965,46.29634],[8.04741,46.29608],[8.04598,46.29551],[8.04554,46.29551],[8.0448,46.29582],[8.04334,46.2955],[8.03991,46.29528],[8.03883,46.29442],[8.03758,46.29439],[8.0356,46.29378],[8.03445,46.29393],[8.03383,46.29352],[8.03204,46.29395],[8.03155,46.29466],[8.0295,46.29467],[8.02747,46.29313],[8.02742,46.29293],[8.02829,46.29239],[8.02879,46.29139],[8.02632,46.29066],[8.02523,46.28977],[8.02367,46.28916]]}},{"type":"Feature","properties":{"id":"affluent-taferna-vs","c":"VS","p":"patent","q":"official","k":"river","ns":1},"geometry":{"type":"LineString","coordinates":[[8.03756,46.25765],[8.03448,46.25502],[8.03381,46.25387],[8.03337,46.25359],[8.03303,46.25346],[8.032,46.25371],[8.03134,46.2536],[8.03082,46.25307],[8.0303,46.25298],[8.02999,46.25313],[8.02834,46.25235],[8.0269,46.25226],[8.02551,46.25251],[8.02433,46.25227]]}},{"type":"Feature","properties":{"id":"chrummbach-vs","c":"VS","p":"patent","q":"official","k":"river","ns":1},"geometry":{"type":"LineString","coordinates":[[8.03089,46.24572],[8.03006,46.24616],[8.02995,46.24657],[8.02942,46.24687],[8.02877,46.24685],[8.02662,46.24736],[8.02286,46.24547],[8.02144,46.24584],[8.02069,46.24576],[8.02015,46.24593],[8.01883,46.24507],[8.0161,46.24416],[8.01454,46.24393],[8.01429,46.24366],[8.01204,46.24296],[8.01193,46.24274],[8.01231,46.24249],[8.01011,46.24164],[8.00966,46.24112],[8.0095,46.23985],[8.00884,46.23976],[8.0086,46.2394],[8.00758,46.23886],[8.00762,46.23824],[8.00897,46.23517],[8.00876,46.23449],[8.00964,46.23404],[8.01027,46.23286],[8.00811,46.23239],[8.00774,46.23192],[8.00776,46.23137],[8.00908,46.23061],[8.0096,46.22998],[8.00963,46.22928],[8.01033,46.2289],[8.01123,46.2288],[8.01183,46.2284],[8.01157,46.22793],[8.01147,46.2266],[8.01276,46.2259],[8.01367,46.22491],[8.01426,46.22476],[8.0152,46.22498],[8.01605,46.22374],[8.01798,46.22318],[8.01853,46.22273],[8.01848,46.22235],[8.01897,46.22205],[8.02037,46.22175],[8.02174,46.2218],[8.02208,46.22142],[8.02264,46.2212],[8.02349,46.22117],[8.02398,46.22073],[8.02627,46.22044],[8.02694,46.21991],[8.02759,46.21989],[8.02791,46.21943],[8.02829,46.21932],[8.02909,46.21961],[8.0296,46.21959],[8.03025,46.21827],[8.03193,46.21809],[8.03251,46.21776],[8.03388,46.21681],[8.03409,46.21643],[8.03523,46.21589],[8.03731,46.21447],[8.03743,46.21384],[8.03891,46.21319],[8.04165,46.21125],[8.04196,46.21078],[8.04105,46.20976],[8.04169,46.20726],[8.04218,46.20641],[8.04343,46.20533],[8.04391,46.20452],[8.04387,46.20386],[8.04427,46.20359],[8.04601,46.20278],[8.04782,46.20238],[8.04872,46.20244],[8.04927,46.20204],[8.0508,46.20158],[8.05092,46.20117],[8.05265,46.20035],[8.05381,46.20047],[8.05401,46.19999],[8.05469,46.19986],[8.05561,46.19924],[8.05684,46.19904],[8.05754,46.19875],[8.05815,46.19789],[8.05817,46.19648],[8.05882,46.19594],[8.0609,46.195],[8.06152,46.19389],[8.06262,46.19314],[8.06287,46.19251],[8.06324,46.1926],[8.06571,46.19141],[8.06784,46.1915],[8.06954,46.19124],[8.06973,46.19107],[8.06957,46.18943],[8.07029,46.18883],[8.07046,46.1884],[8.07033,46.18773],[8.07081,46.18629],[8.07315,46.18444],[8.0739,46.18361]]}},{"type":"Feature","properties":{"id":"affluent-kapaenz-vs","c":"VS","p":"patent","q":"official","k":"river","ns":1},"geometry":{"type":"LineString","coordinates":[[8.11894,46.16735],[8.12034,46.16687],[8.12069,46.16653],[8.12126,46.16646],[8.12243,46.16708],[8.123,46.16702],[8.12319,46.16715],[8.12423,46.16697],[8.12497,46.16729],[8.12554,46.16701],[8.12715,46.1668],[8.12803,46.16637],[8.13012,46.16722],[8.13147,46.16648],[8.1337,46.16658],[8.13672,46.16459],[8.13789,46.16422],[8.13805,46.16379],[8.13896,46.16369],[8.13908,46.16338],[8.13957,46.16314],[8.13944,46.16287],[8.13975,46.16257],[8.13968,46.16224],[8.14116,46.16132],[8.14159,46.16041],[8.14216,46.1601],[8.14237,46.15865],[8.14273,46.15852],[8.1432,46.15758],[8.14249,46.15695],[8.1421,46.15603],[8.14184,46.15604],[8.1411,46.15539],[8.14097,46.15483],[8.14053,46.1544],[8.13973,46.15402],[8.1388,46.15391],[8.13875,46.15339],[8.13626,46.15213],[8.13682,46.15143],[8.13581,46.14982],[8.13613,46.14881]]}},{"type":"Feature","properties":{"id":"doveria-vs","c":"VS","p":"patent","q":"official","k":"river","ns":1},"geometry":{"type":"LineString","coordinates":[[8.0739,46.18361],[8.07634,46.18405],[8.07698,46.18443],[8.07749,46.18518],[8.07854,46.1855],[8.07981,46.18559],[8.08151,46.18526],[8.08371,46.1863],[8.08441,46.18617],[8.08486,46.18554],[8.08581,46.18556],[8.08711,46.18529],[8.09253,46.18603],[8.09524,46.18726],[8.09601,46.18779],[8.09766,46.18811],[8.09868,46.18874],[8.09852,46.18928],[8.09984,46.19049],[8.10194,46.19066],[8.10259,46.19122],[8.10456,46.19193],[8.10507,46.19243],[8.10512,46.19313],[8.10583,46.19353],[8.10733,46.19359],[8.10979,46.19415],[8.11047,46.19448],[8.11322,46.1949],[8.11375,46.19511],[8.11394,46.19581],[8.11569,46.19704],[8.11835,46.19736],[8.11894,46.19764],[8.11999,46.19777],[8.12028,46.19766],[8.12135,46.19796],[8.12173,46.19778],[8.12265,46.19806],[8.12311,46.19782],[8.12479,46.19792],[8.12518,46.19769],[8.12692,46.19764],[8.12754,46.19775],[8.12832,46.19834],[8.12921,46.1987],[8.13128,46.19854],[8.13206,46.19879],[8.13419,46.19855],[8.13499,46.19821],[8.13605,46.19692],[8.13723,46.19638],[8.13756,46.19593],[8.13847,46.19571],[8.13929,46.19505],[8.14095,46.19512],[8.14426,46.19581],[8.14601,46.19674],[8.14692,46.19675],[8.14819,46.19616],[8.14917,46.19638],[8.15091,46.1964]]}},{"type":"Feature","properties":{"id":"zwischbergenbach-vs","c":"VS","p":"patent","q":"official","k":"river","ns":1},"geometry":{"type":"LineString","coordinates":[[8.11896,46.16739],[8.11757,46.16619],[8.11738,46.16495],[8.11706,46.16453],[8.11707,46.16326],[8.11761,46.16257],[8.11728,46.16156],[8.11587,46.16077],[8.11494,46.15916],[8.11338,46.15782],[8.11295,46.15623],[8.11301,46.15537],[8.11227,46.15417],[8.10992,46.15244],[8.1094,46.1513],[8.10862,46.15058],[8.10888,46.14933],[8.10819,46.14884],[8.10759,46.1479],[8.10542,46.14708],[8.10525,46.14643],[8.10464,46.14585],[8.10296,46.14478],[8.10304,46.14381],[8.10192,46.14264],[8.10175,46.14181],[8.10019,46.13997],[8.09881,46.13936],[8.09875,46.13881],[8.09774,46.13665],[8.09741,46.13635],[8.09707,46.13443],[8.09732,46.13361],[8.09656,46.13136],[8.09688,46.13095],[8.09702,46.1301],[8.09608,46.12913],[8.09586,46.12859],[8.09448,46.12769],[8.09444,46.12679],[8.09162,46.12424],[8.09018,46.12374],[8.08948,46.12318],[8.08881,46.12308],[8.08776,46.12246],[8.08715,46.12245],[8.08521,46.12142],[8.08466,46.12023],[8.08363,46.11914],[8.08346,46.1179],[8.08214,46.11681],[8.08214,46.1156],[8.08241,46.11514],[8.08161,46.11442],[8.08079,46.11418],[8.08055,46.11387],[8.07978,46.11352],[8.07713,46.11344],[8.07673,46.11391],[8.0754,46.11401],[8.07445,46.11375],[8.07316,46.11389],[8.0713,46.11369]]}},{"type":"Feature","properties":{"id":"affluent-zwischbergenbach-vs","c":"VS","p":"patent","q":"official","k":"river","ns":1},"geometry":{"type":"LineString","coordinates":[[8.10683,46.12458],[8.10632,46.1246],[8.1057,46.12494],[8.10407,46.12498],[8.10146,46.12462],[8.10069,46.12548],[8.09906,46.12581],[8.09831,46.12553],[8.09663,46.12601],[8.09594,46.1265],[8.09502,46.1267],[8.09455,46.12702]]}},{"type":"Feature","properties":{"id":"zwischbergenbach-vs-2","c":"VS","p":"patent","q":"official","k":"river","ns":1},"geometry":{"type":"LineString","coordinates":[[8.1394,46.19505],[8.13931,46.19454],[8.13972,46.19406],[8.13945,46.19355],[8.14072,46.19286],[8.14075,46.19209],[8.14146,46.19122],[8.14188,46.19023],[8.14177,46.18969],[8.14123,46.18923],[8.14141,46.18773],[8.14,46.18736],[8.13849,46.18558],[8.13744,46.1855],[8.13675,46.18526],[8.1356,46.1845],[8.13539,46.18414],[8.1347,46.18393],[8.13453,46.18365],[8.13472,46.18355],[8.13469,46.18298],[8.13448,46.18274],[8.13315,46.1823],[8.13283,46.18208],[8.13258,46.18106],[8.13098,46.18031],[8.13087,46.17986],[8.13041,46.17942],[8.13014,46.17788],[8.12949,46.17725],[8.12878,46.17695],[8.12833,46.17592],[8.12657,46.17467],[8.12619,46.17399],[8.12457,46.17344],[8.1217,46.17116],[8.1216,46.17082],[8.12217,46.17009],[8.12217,46.16982],[8.12174,46.16944]]}},{"type":"Feature","properties":{"id":"gamsa-vs","c":"VS","p":"patent","q":"official","k":"river","ns":1},"geometry":{"type":"LineString","coordinates":[[7.94926,46.29991],[7.94869,46.30059],[7.94726,46.30115],[7.94627,46.30123],[7.94572,46.30157],[7.94542,46.30152],[7.94425,46.3019],[7.94315,46.30249],[7.94218,46.30246],[7.94111,46.30284],[7.94067,46.30331],[7.93897,46.30363]]}},{"type":"Feature","properties":{"id":"riedbach-visperterminnen-vs","c":"VS","p":"patent","q":"official","k":"river","ns":1},"geometry":{"type":"LineString","coordinates":[[7.87886,46.2661],[7.88254,46.2645],[7.88513,46.26396],[7.88556,46.26372],[7.88564,46.26319],[7.88613,46.26286],[7.88762,46.26338],[7.88893,46.26329],[7.88917,46.26295],[7.88947,46.2629],[7.89155,46.26282],[7.89227,46.26302],[7.89333,46.26293],[7.89349,46.26309],[7.89479,46.2631],[7.89618,46.26335],[7.89723,46.26308],[7.89881,46.26217],[7.89942,46.26213],[7.90131,46.26239],[7.90231,46.26318],[7.90323,46.2632],[7.90445,46.26367],[7.90652,46.26381],[7.90954,46.26452],[7.91029,46.26431],[7.91107,46.26463],[7.91207,46.26457],[7.91415,46.26493],[7.91531,46.2647],[7.91595,46.26419],[7.91871,46.26288],[7.92038,46.26224],[7.92087,46.26225],[7.92171,46.26146]]}},{"type":"Feature","properties":{"id":"taeschbach-vs","c":"VS","p":"patent","q":"official","k":"river","ns":1},"geometry":{"type":"LineString","coordinates":[[7.77527,46.0657],[7.78128,46.06714],[7.78254,46.06699],[7.78409,46.06706],[7.78504,46.06682],[7.78676,46.06672],[7.7887,46.06629],[7.78987,46.06573],[7.79271,46.06564],[7.79367,46.06531],[7.79477,46.06529],[7.79616,46.06427],[7.7985,46.06328],[7.79938,46.06266],[7.80348,46.06153],[7.8048,46.06085],[7.80678,46.06022],[7.80936,46.05851],[7.81018,46.05828],[7.81078,46.05779],[7.81381,46.05632],[7.81622,46.05368],[7.81676,46.05342],[7.81688,46.05282],[7.81791,46.0524],[7.81822,46.05177],[7.81993,46.05096],[7.82201,46.04939],[7.82275,46.04853],[7.82274,46.04775],[7.82324,46.04689],[7.82448,46.04626],[7.8263,46.0442],[7.82684,46.04411],[7.82794,46.04333],[7.82922,46.04109],[7.8314,46.0385],[7.83199,46.03795],[7.83253,46.0379],[7.83411,46.0372],[7.83499,46.03602],[7.83574,46.03576],[7.83572,46.03497],[7.83611,46.03457]]}},{"type":"Feature","properties":{"id":"findelbach-vs","c":"VS","p":"patent","q":"official","k":"river","ns":1},"geometry":{"type":"LineString","coordinates":[[7.74054,46.01269],[7.74095,46.01218],[7.74202,46.01189],[7.743,46.01183],[7.7435,46.01203],[7.74504,46.01207],[7.74544,46.01223],[7.74753,46.01116],[7.74803,46.01108],[7.74886,46.01125],[7.74974,46.01085],[7.75022,46.0109],[7.75121,46.01064],[7.75199,46.01071],[7.75555,46.0098],[7.75814,46.00954],[7.75988,46.0097],[7.76131,46.0096],[7.76219,46.00976],[7.76365,46.00967],[7.76408,46.00995],[7.76697,46.00977],[7.76922,46.01019],[7.77112,46.0101],[7.77211,46.01028],[7.77335,46.01019],[7.77448,46.00942],[7.77568,46.00933],[7.77662,46.00946],[7.77717,46.0093],[7.7781,46.00954],[7.77922,46.00951],[7.781,46.01023],[7.78401,46.01034],[7.78599,46.00966],[7.78616,46.00945],[7.78886,46.0091],[7.78979,46.00846],[7.79124,46.00813],[7.79225,46.0082],[7.79284,46.00845],[7.79385,46.00846],[7.79439,46.00821],[7.79429,46.00785],[7.79586,46.00666],[7.79739,46.00685],[7.79956,46.00636],[7.80179,46.00648],[7.80289,46.00625],[7.80348,46.00587],[7.80368,46.00305],[7.80443,46.00278],[7.80626,46.00273],[7.80699,46.00297],[7.80875,46.00282],[7.81353,46.00349],[7.81528,46.0033],[7.81616,46.00351],[7.8168,46.00429],[7.81754,46.00461],[7.81793,46.00454],[7.81818,46.0048],[7.81888,46.00437],[7.81994,46.00444],[7.82292,46.00515],[7.82395,46.00476],[7.82462,46.00381],[7.82619,46.00267],[7.82828,46.00239],[7.82903,46.0028],[7.83044,46.00249],[7.83169,46.00173],[7.83269,46.00161],[7.83334,46.00116],[7.8343,46.00116],[7.83539,46.00076],[7.8362,46.00006],[7.83649,45.9994]]}},{"type":"Feature","properties":{"id":"mattervispa-vs","c":"VS","p":"patent","q":"official","k":"river","ns":1},"geometry":{"type":"LineString","coordinates":[[7.87228,46.23087],[7.87102,46.22936],[7.87057,46.22923],[7.86903,46.22917],[7.86805,46.22892],[7.86709,46.22891],[7.86625,46.22916],[7.86471,46.22907],[7.8641,46.228],[7.86417,46.22734],[7.86342,46.22666],[7.862,46.22629],[7.86112,46.2264],[7.86037,46.22588],[7.85828,46.22584],[7.85763,46.22565],[7.85279,46.22231],[7.85105,46.222],[7.84758,46.22015],[7.84567,46.21944],[7.84497,46.21893],[7.84447,46.21821],[7.84307,46.21766],[7.84115,46.21618],[7.84078,46.21536],[7.83935,46.21426],[7.83922,46.21378],[7.83809,46.21324],[7.83679,46.21293],[7.83673,46.21262],[7.83442,46.21094],[7.83329,46.21074],[7.83311,46.2105],[7.83168,46.21016],[7.83032,46.20897],[7.8297,46.20875],[7.82944,46.20837],[7.82831,46.20765],[7.82777,46.20752],[7.82683,46.20634],[7.82584,46.20586],[7.82507,46.20489],[7.82492,46.2043],[7.82362,46.2033],[7.82266,46.20299],[7.82179,46.20239],[7.82132,46.20169],[7.81891,46.20053],[7.8188,46.19999],[7.81791,46.19919],[7.81782,46.19859],[7.81711,46.19809],[7.81664,46.19743],[7.81675,46.19665],[7.81598,46.1963],[7.8159,46.19591],[7.81553,46.19574],[7.81541,46.19531],[7.81504,46.19505],[7.81505,46.19425],[7.81399,46.1928],[7.81391,46.19194],[7.81122,46.18905],[7.80927,46.18555],[7.80591,46.18333],[7.80561,46.18257],[7.80618,46.17974],[7.80588,46.17799],[7.80476,46.17658],[7.80183,46.17454],[7.80115,46.17367],[7.79965,46.17119],[7.79996,46.17038],[7.79966,46.16976],[7.80015,46.16899],[7.80017,46.16828],[7.79936,46.1662],[7.79873,46.1658],[7.79727,46.16547],[7.79654,46.16479],[7.79589,46.16362],[7.7957,46.16265],[7.79455,46.16148],[7.79452,46.16051],[7.794,46.15989],[7.79384,46.159],[7.79318,46.15796],[7.79261,46.15595],[7.7921,46.15573],[7.7913,46.15489],[7.78994,46.15435],[7.79004,46.15362],[7.78957,46.1529],[7.78985,46.15143],[7.78918,46.14995],[7.79027,46.14912],[7.79206,46.14635],[7.7924,46.1442],[7.79214,46.14376],[7.79118,46.14302],[7.79116,46.14192],[7.79067,46.14077],[7.79075,46.13988],[7.79156,46.13888],[7.79154,46.13848],[7.79017,46.13713],[7.78984,46.13628],[7.78991,46.1337],[7.79149,46.13146],[7.79167,46.13077],[7.79063,46.12936],[7.79077,46.12826],[7.79053,46.12782],[7.78952,46.12658],[7.78868,46.12499],[7.78802,46.12443],[7.78776,46.12355],[7.78718,46.12293],[7.78712,46.12232],[7.78756,46.12136],[7.78707,46.1202],[7.78494,46.11844],[7.78468,46.11782],[7.78468,46.11735],[7.78509,46.11681],[7.78706,46.11514],[7.78731,46.11306],[7.78702,46.11259],[7.78598,46.11194],[7.78549,46.11073],[7.78038,46.10617],[7.77961,46.10456],[7.77953,46.1013],[7.78039,46.09999],[7.78042,46.09955],[7.77879,46.09485],[7.77872,46.09337],[7.77835,46.09281],[7.77837,46.09152],[7.77876,46.09084],[7.77867,46.08968],[7.77837,46.08938],[7.77865,46.0882],[7.77822,46.08797],[7.77846,46.08257],[7.77807,46.08126],[7.774,46.07342],[7.77373,46.07151],[7.77427,46.06919],[7.77434,46.0669],[7.77527,46.0657],[7.77546,46.06473],[7.77388,46.06225],[7.77334,46.06095],[7.77406,46.0577],[7.77327,46.05692],[7.77206,46.05618],[7.77088,46.05465],[7.77088,46.05275],[7.77044,46.05096],[7.76904,46.04838],[7.76974,46.04784],[7.76983,46.04749],[7.76941,46.04621],[7.76829,46.04531],[7.76735,46.04376],[7.76572,46.04246],[7.76534,46.04181],[7.76434,46.04122],[7.76414,46.04039],[7.76354,46.03969],[7.7623,46.03921],[7.76255,46.03819],[7.76237,46.03759],[7.76155,46.03683],[7.75914,46.03527],[7.75885,46.03356],[7.7574,46.03203],[7.75642,46.03144],[7.75619,46.03063],[7.75439,46.02921],[7.75396,46.0283],[7.75314,46.02752],[7.75319,46.02566],[7.75163,46.02368],[7.75146,46.02186],[7.74968,46.02126],[7.7485,46.0194],[7.74778,46.01873],[7.74268,46.01592],[7.74128,46.01437],[7.74062,46.01275],[7.73961,46.01202],[7.73937,46.01121],[7.73794,46.01128],[7.73749,46.01095],[7.73671,46.01085],[7.73622,46.01032],[7.73497,46.00989],[7.73411,46.00931],[7.73251,46.00901],[7.73139,46.00807],[7.72906,46.00709],[7.727,46.00589],[7.72655,46.00581],[7.72501,46.00465],[7.72152,46.00496],[7.72068,46.00537],[7.71887,46.00584],[7.71668,46.0057],[7.71525,46.00592],[7.71349,46.00677],[7.71277,46.00741],[7.71072,46.00781],[7.70963,46.00784]]}},{"type":"Feature","properties":{"id":"loeubbach-unterbaech-vs","c":"VS","p":"patent","q":"official","k":"river","ns":1},"geometry":{"type":"LineString","coordinates":[[7.79384,46.25019],[7.79582,46.2519],[7.7965,46.25217],[7.79791,46.25497],[7.79833,46.25965],[7.7989,46.26099],[7.7992,46.26297],[7.80003,46.26362],[7.80051,46.2646],[7.80121,46.26539],[7.8016,46.26639],[7.8029,46.26771],[7.80279,46.26792],[7.80327,46.26875],[7.80342,46.27048],[7.80534,46.27265],[7.80602,46.27433],[7.8069,46.27492],[7.80901,46.27577],[7.81006,46.27685],[7.80948,46.27797],[7.80929,46.27946],[7.8086,46.28019],[7.80853,46.28062],[7.81002,46.28204],[7.80982,46.28276]]}},{"type":"Feature","properties":{"id":"milibach-raron-vs","c":"VS","p":"patent","q":"official","k":"river","ns":1},"geometry":{"type":"LineString","coordinates":[[7.78145,46.30511],[7.78143,46.30443],[7.78479,46.30383],[7.78653,46.30305],[7.79166,46.30184],[7.79355,46.30101],[7.79432,46.30016],[7.79409,46.29953],[7.79341,46.29886],[7.79342,46.29827],[7.79223,46.29815],[7.79259,46.29768],[7.79226,46.29734],[7.79226,46.29687],[7.79312,46.29639],[7.79234,46.29558],[7.79277,46.29532],[7.79339,46.29526],[7.79356,46.29478],[7.79424,46.29438],[7.79401,46.29257],[7.79438,46.2914],[7.79308,46.29029],[7.79265,46.28954],[7.79259,46.28831],[7.79216,46.28761],[7.78999,46.28613],[7.78898,46.2857],[7.78785,46.28571],[7.78744,46.28546],[7.787,46.28456],[7.78707,46.28387],[7.78604,46.28238]]}},{"type":"Feature","properties":{"id":"bietschbach-vs","c":"VS","p":"patent","q":"official","k":"river","ns":1},"geometry":{"type":"LineString","coordinates":[[7.83606,46.36186],[7.83603,46.36072],[7.83627,46.36025],[7.83576,46.3594],[7.83623,46.35892],[7.83621,46.35842],[7.83667,46.35789],[7.83582,46.35669],[7.83532,46.35668],[7.83523,46.35601],[7.83475,46.35552],[7.83458,46.3551],[7.83499,46.35474],[7.83456,46.35426],[7.83454,46.35322],[7.83308,46.3524],[7.83284,46.35204],[7.83323,46.3517],[7.8331,46.3514],[7.83373,46.35089],[7.83398,46.35017],[7.83457,46.34971],[7.83479,46.34871],[7.83419,46.34678],[7.83333,46.34569],[7.83271,46.3443],[7.8333,46.34336],[7.83295,46.34293],[7.83309,46.34235],[7.83275,46.34202],[7.83314,46.34039],[7.83277,46.34011],[7.83281,46.33959],[7.83233,46.33899],[7.83156,46.33871],[7.83166,46.33656],[7.83041,46.33601],[7.83014,46.33547],[7.82868,46.33444],[7.8282,46.33344],[7.82779,46.3333],[7.82763,46.33283],[7.82595,46.33199],[7.82448,46.33077],[7.82386,46.33046],[7.82309,46.33041],[7.8225,46.32995],[7.82128,46.32983],[7.82096,46.32955],[7.81917,46.32896],[7.8173,46.3268],[7.8164,46.3268],[7.81544,46.3264],[7.81469,46.32503],[7.81422,46.3246],[7.81424,46.32412],[7.81361,46.32375],[7.81411,46.32309]]}},{"type":"Feature","properties":{"id":"turtmaenna-vs","c":"VS","p":"patent","q":"official","k":"river","ns":1},"geometry":{"type":"LineString","coordinates":[[7.71132,46.26416],[7.71093,46.2649],[7.71119,46.26501],[7.71112,46.26522],[7.70976,46.26736],[7.70961,46.26825],[7.70875,46.26914],[7.70853,46.26975],[7.70795,46.27009],[7.70781,46.27113],[7.70717,46.2718],[7.70714,46.27208],[7.70643,46.27269],[7.70662,46.2727],[7.70678,46.27328],[7.70672,46.2738],[7.70607,46.27541],[7.70564,46.27567],[7.70545,46.27683],[7.7059,46.2796],[7.70556,46.28018],[7.70594,46.281],[7.70562,46.28286],[7.70589,46.28408],[7.70631,46.28439],[7.70624,46.28538],[7.70566,46.2863],[7.70511,46.28674],[7.70446,46.28821],[7.70381,46.28904],[7.70425,46.29066],[7.70515,46.29155],[7.70498,46.2921],[7.70578,46.29293],[7.70474,46.29344],[7.70511,46.29382],[7.70468,46.29424],[7.70361,46.29467],[7.70351,46.2952],[7.70323,46.29535],[7.70325,46.29587]]}},{"type":"Feature","properties":{"id":"jolibach-vs","c":"VS","p":"patent","q":"official","k":"river","ns":1},"geometry":{"type":"LineString","coordinates":[[7.7932,46.32102],[7.79145,46.31979],[7.79035,46.31945],[7.78993,46.31894],[7.789,46.3188],[7.78796,46.3176],[7.78564,46.31739],[7.78409,46.31689],[7.78406,46.31645],[7.7832,46.3159],[7.78312,46.3154],[7.78207,46.31453],[7.78066,46.31396],[7.78008,46.31169],[7.77951,46.31108],[7.77909,46.31098]]}},{"type":"Feature","properties":{"id":"jolibach-vs-2","c":"VS","p":"patent","q":"official","k":"river","ns":1},"geometry":{"type":"LineString","coordinates":[[7.80478,46.34839],[7.80442,46.34813],[7.8044,46.34784],[7.80462,46.3474],[7.80508,46.34725],[7.8052,46.34669],[7.80494,46.34619],[7.80526,46.34594],[7.80435,46.34446],[7.80453,46.34403],[7.80432,46.34298],[7.80289,46.34165],[7.80328,46.34091],[7.80302,46.33975],[7.80238,46.33871],[7.80237,46.33764],[7.8019,46.33717],[7.80132,46.33518],[7.80072,46.33425],[7.79983,46.3334],[7.79833,46.33282],[7.79647,46.3316],[7.79587,46.33095],[7.79511,46.32901],[7.79461,46.32863],[7.79408,46.32759],[7.79418,46.32184],[7.79402,46.32135],[7.7932,46.32102]]}},{"type":"Feature","properties":{"id":"lonza-vs","c":"VS","p":"patent","q":"official","k":"river","ns":1},"geometry":{"type":"LineString","coordinates":[[7.75663,46.38489],[7.75677,46.38391],[7.75632,46.38253],[7.75584,46.38195],[7.75586,46.38124],[7.75532,46.38088],[7.75424,46.37895],[7.75424,46.37693],[7.75482,46.37592],[7.75441,46.37526],[7.75461,46.375],[7.75443,46.37447],[7.75451,46.37412],[7.75504,46.37381],[7.75509,46.37334],[7.75502,46.37214],[7.75434,46.37113],[7.75591,46.36678],[7.75643,46.36608],[7.75695,46.36425],[7.75699,46.36358],[7.75665,46.36306],[7.75656,46.36075],[7.75727,46.35915],[7.75685,46.35836],[7.75766,46.3578],[7.75744,46.35738],[7.75761,46.35711],[7.75819,46.35694],[7.75827,46.35599],[7.75718,46.35424],[7.75725,46.35298],[7.75688,46.35189],[7.75615,46.35117],[7.75512,46.3507],[7.75488,46.3501],[7.75497,46.34942],[7.7546,46.34849],[7.75514,46.34738],[7.75588,46.34686],[7.75583,46.34629],[7.75546,46.34604],[7.75528,46.34546],[7.75431,46.34433],[7.75365,46.34289],[7.75332,46.34265],[7.75295,46.34096],[7.75247,46.34058],[7.75264,46.33991],[7.75217,46.33952],[7.75236,46.33885],[7.75196,46.33802],[7.75153,46.33762],[7.75106,46.33751],[7.75089,46.33679],[7.7511,46.33654],[7.75161,46.33643],[7.75184,46.335],[7.75165,46.33461],[7.75096,46.33421],[7.75099,46.33347],[7.75136,46.33276],[7.75111,46.33224],[7.7514,46.33163],[7.75132,46.33069],[7.75107,46.33071],[7.75061,46.33035],[7.75008,46.32955],[7.74992,46.32871],[7.74833,46.3278],[7.74806,46.32664],[7.747,46.32613],[7.74652,46.32564],[7.74651,46.32504],[7.74608,46.32468],[7.74574,46.32378],[7.74499,46.32287],[7.74486,46.32237],[7.74386,46.32132],[7.74396,46.31941],[7.74422,46.31899],[7.74405,46.317],[7.74429,46.31575],[7.7449,46.31467],[7.74479,46.31293],[7.74506,46.31138],[7.74482,46.30837],[7.74323,46.30663],[7.74325,46.30632]]}},{"type":"Feature","properties":{"id":"gisentella-vs","c":"VS","p":"closed","q":"official","k":"river"},"geometry":{"type":"LineString","coordinates":[[7.80568,46.43825],[7.80796,46.4394],[7.80861,46.43947],[7.81016,46.43924],[7.81172,46.43862],[7.81234,46.43692],[7.81233,46.4363],[7.81265,46.43585],[7.81313,46.43566],[7.81347,46.43486],[7.81434,46.43399],[7.81417,46.4334],[7.81561,46.43216],[7.81588,46.43146],[7.81655,46.43067],[7.81761,46.43024],[7.81858,46.42931],[7.81911,46.42924],[7.81997,46.42843],[7.82203,46.42572],[7.8224,46.42449],[7.82235,46.42338],[7.82175,46.42245],[7.82009,46.42142],[7.8208,46.42077],[7.82026,46.42046]]}},{"type":"Feature","properties":{"id":"gamsa-vs-2","c":"VS","p":"patent","q":"official","k":"river","ns":1},"geometry":{"type":"LineString","coordinates":[[7.94926,46.29991],[7.94918,46.29899],[7.9486,46.29836],[7.94819,46.29733],[7.94817,46.29653],[7.94897,46.29575],[7.94901,46.29547],[7.95021,46.29444],[7.95012,46.29356],[7.94976,46.29292],[7.95036,46.29187],[7.95076,46.2917],[7.95112,46.29118],[7.95175,46.29119],[7.95238,46.28993],[7.95297,46.28954],[7.95312,46.28884],[7.95272,46.28789],[7.95338,46.28735],[7.95244,46.28629],[7.95275,46.28579],[7.95265,46.28524],[7.9515,46.28409],[7.95163,46.28307],[7.95204,46.28265],[7.95186,46.28217],[7.95055,46.28199],[7.95013,46.28169],[7.95091,46.28094],[7.95022,46.28037],[7.95092,46.27962],[7.95082,46.27915],[7.95177,46.27748],[7.95163,46.27674],[7.95183,46.27564],[7.95122,46.2745],[7.95118,46.2735],[7.95171,46.27283],[7.95082,46.27219],[7.95065,46.27126],[7.95097,46.27077],[7.95095,46.26994],[7.95167,46.26956],[7.95242,46.26839],[7.9522,46.26779],[7.95232,46.26735],[7.95206,46.267],[7.9524,46.26639],[7.95232,46.26582],[7.95424,46.2652],[7.95446,46.2648],[7.95499,46.26455],[7.95472,46.26353],[7.9543,46.26318],[7.9541,46.26259],[7.95434,46.2613],[7.95414,46.26111],[7.95431,46.26078],[7.95415,46.2604],[7.95458,46.25903],[7.9543,46.2574],[7.95464,46.25712],[7.9547,46.25617],[7.95442,46.25573],[7.95468,46.2553],[7.9552,46.25512],[7.95597,46.25435],[7.95599,46.25183],[7.95652,46.25103]]}},{"type":"Feature","properties":{"id":"vispa-vs","c":"VS","p":"patent","q":"official","k":"river","ns":1},"geometry":{"type":"LineString","coordinates":[[7.86985,46.30242],[7.87247,46.30058],[7.87871,46.29269],[7.87932,46.29019],[7.87955,46.28722],[7.88019,46.28586],[7.88017,46.28446],[7.88149,46.28101],[7.88235,46.278],[7.88182,46.27597],[7.88173,46.27373],[7.88022,46.26777],[7.87931,46.26687],[7.8777,46.26401],[7.87772,46.26263],[7.87796,46.26213],[7.87787,46.26036],[7.87916,46.25747],[7.87922,46.25617],[7.87892,46.25547],[7.87721,46.25381],[7.87683,46.25312],[7.87685,46.25246],[7.87719,46.25214],[7.87743,46.25126],[7.87637,46.24965],[7.87641,46.24829],[7.8758,46.24624],[7.87504,46.24509],[7.87487,46.24337],[7.87391,46.24238],[7.87359,46.24173],[7.87303,46.23911],[7.87396,46.23697],[7.87241,46.23523],[7.87347,46.23424],[7.87361,46.23346],[7.87228,46.23086]]}},{"type":"Feature","properties":{"id":"baechji-vs","c":"VS","p":"patent","q":"official","k":"river","ns":1},"geometry":{"type":"LineString","coordinates":[[7.8825,46.27778],[7.88464,46.27743],[7.88591,46.27742],[7.88945,46.27809],[7.88973,46.27811],[7.88995,46.27786],[7.89294,46.2781],[7.89343,46.27697],[7.8944,46.27652],[7.89539,46.27655],[7.8957,46.27637],[7.89705,46.27628],[7.89798,46.27661],[7.89942,46.27652],[7.90034,46.27674],[7.90211,46.27667],[7.90349,46.2762],[7.90545,46.27583],[7.90667,46.27472],[7.9069,46.27406],[7.9086,46.27361],[7.90915,46.27311],[7.91033,46.27256]]}},{"type":"Feature","properties":{"id":"breiterbach-vs","c":"VS","p":"patent","q":"official","k":"river","ns":1},"geometry":{"type":"LineString","coordinates":[[7.87698,46.25233],[7.88009,46.25281],[7.88043,46.25259],[7.88109,46.25275],[7.88194,46.2525],[7.88264,46.2526],[7.88365,46.25221],[7.88367,46.25193],[7.88339,46.25177],[7.88364,46.25128],[7.88425,46.25061],[7.88518,46.25036],[7.8849,46.24974],[7.8862,46.24839],[7.8856,46.24791],[7.88611,46.24715],[7.88589,46.24677],[7.88699,46.24642],[7.88693,46.24583],[7.88739,46.24564],[7.88865,46.24603],[7.88908,46.24553],[7.89076,46.24569],[7.8915,46.24527],[7.89244,46.24558],[7.89427,46.24517],[7.89594,46.24528],[7.89929,46.24465],[7.89985,46.24479],[7.90046,46.24455],[7.90139,46.24498],[7.90374,46.24495],[7.90471,46.24455],[7.90458,46.2441],[7.90572,46.24269],[7.90657,46.24235],[7.90725,46.24159],[7.90828,46.24118],[7.90848,46.2409],[7.90953,46.24069],[7.90964,46.24041],[7.90916,46.2401],[7.9095,46.23965],[7.91037,46.23942],[7.91165,46.23943],[7.91223,46.23876],[7.9132,46.23829],[7.91381,46.23817],[7.91455,46.23832],[7.91476,46.2379],[7.9155,46.23785],[7.91661,46.2374],[7.91891,46.23741],[7.9204,46.23721],[7.92239,46.23652]]}},{"type":"Feature","properties":{"id":"milibach-toerbelbach-vs","c":"VS","p":"patent","q":"official","k":"river","ns":1},"geometry":{"type":"LineString","coordinates":[[7.85583,46.22446],[7.85341,46.22535],[7.85072,46.22683],[7.84976,46.22767],[7.84936,46.22823],[7.84938,46.22887],[7.84844,46.2292],[7.8474,46.23045],[7.84723,46.23162],[7.84689,46.23197],[7.84697,46.23245],[7.84646,46.2328],[7.84558,46.23434],[7.84483,46.23473],[7.84419,46.23627],[7.84337,46.23709],[7.84322,46.23821],[7.8425,46.23953],[7.84191,46.24156],[7.84035,46.24272],[7.8397,46.24354],[7.83883,46.24402],[7.83795,46.24398],[7.83641,46.24348],[7.83501,46.24338],[7.83246,46.2438],[7.83168,46.2443],[7.83113,46.24432],[7.8306,46.24386],[7.82762,46.24257],[7.82607,46.24243],[7.8251,46.24195],[7.82055,46.24074],[7.81898,46.23985],[7.81751,46.23953],[7.81657,46.23883],[7.815,46.23836],[7.81375,46.2382],[7.81133,46.23756],[7.80969,46.23768],[7.80872,46.23817],[7.80785,46.23791],[7.80683,46.23788],[7.80645,46.23816]]}},{"type":"Feature","properties":{"id":"lonza-vs-2","c":"VS","p":"closed","q":"official","k":"river"},"geometry":{"type":"LineString","coordinates":[[7.894,46.44391],[7.89174,46.4436],[7.8914,46.44381],[7.88999,46.44393],[7.88781,46.44348],[7.88696,46.44321],[7.88624,46.4427],[7.88621,46.4424],[7.8826,46.44144],[7.88178,46.44088],[7.88089,46.44085],[7.87929,46.44013],[7.87585,46.43939],[7.87556,46.43909],[7.87396,46.43863],[7.87358,46.43814],[7.87271,46.43766],[7.87045,46.43758],[7.86925,46.437],[7.86834,46.43626],[7.86728,46.43584],[7.86666,46.43586],[7.86336,46.43434],[7.86071,46.43345],[7.85898,46.43314],[7.85849,46.43276],[7.85613,46.4321],[7.8557,46.4317],[7.85514,46.43182],[7.85331,46.4315],[7.85208,46.43096],[7.85179,46.43053],[7.84902,46.42989],[7.84847,46.42935],[7.8455,46.42881],[7.84445,46.42914],[7.84273,46.42823],[7.83997,46.42724],[7.8385,46.4275],[7.83806,46.42702],[7.83662,46.42668],[7.83565,46.42622],[7.83494,46.42645],[7.83417,46.42586],[7.83317,46.4257],[7.833,46.42548],[7.83112,46.4247],[7.83006,46.42456],[7.82802,46.42338],[7.82684,46.42318],[7.82401,46.42127],[7.82154,46.42054],[7.82026,46.42046],[7.81715,46.41898],[7.81659,46.41911],[7.81141,46.41657],[7.81107,46.41628],[7.81102,46.41571],[7.8103,46.41508],[7.81033,46.41447],[7.80904,46.41388],[7.80832,46.41295],[7.80766,46.41245],[7.80738,46.41247],[7.80679,46.41186],[7.80508,46.41135],[7.80375,46.41145],[7.80335,46.41132],[7.80134,46.41026],[7.80018,46.41002],[7.79814,46.40873],[7.79707,46.40827],[7.79263,46.40764],[7.79007,46.40584],[7.78871,46.40421],[7.78721,46.40382],[7.78655,46.40324],[7.78561,46.40296],[7.78371,46.40146],[7.78148,46.40072],[7.77942,46.40047],[7.77849,46.39992],[7.77713,46.3997],[7.7761,46.39904],[7.77433,46.39856],[7.77322,46.39758],[7.77109,46.39649],[7.76771,46.39616],[7.76746,46.39606],[7.76696,46.39504],[7.76552,46.39424],[7.76428,46.39396]]}},{"type":"Feature","properties":{"id":"rhone-fiesch-embouchure-binna-vs","c":"VS","p":"patent","q":"official","k":"river","ns":1},"geometry":{"type":"LineString","coordinates":[[8.10207,46.37613],[8.10249,46.37662],[8.10413,46.37772],[8.10629,46.37844],[8.10885,46.37998],[8.1105,46.3806],[8.1111,46.38151],[8.11186,46.38194],[8.11361,46.3826],[8.11518,46.38292],[8.1169,46.38376],[8.11735,46.38425],[8.11874,46.38452],[8.11927,46.3848],[8.11981,46.38535],[8.12156,46.38646],[8.12171,46.3869],[8.12255,46.3876],[8.12291,46.38874],[8.12414,46.38973],[8.12405,46.39046],[8.12471,46.39132],[8.12589,46.39134],[8.12751,46.39319],[8.128,46.39349],[8.1297,46.39377],[8.13045,46.39411],[8.13129,46.39512],[8.13298,46.39607],[8.13387,46.3962],[8.13433,46.3965]]}},{"type":"Feature","properties":{"id":"lengtalwasser-23-1-partielles-schongebiet-vs","c":"VS","p":"patent","q":"official","k":"river","ns":1},"geometry":{"type":"LineString","coordinates":[[8.17491,46.3592],[8.17565,46.35796],[8.17488,46.35714],[8.17541,46.35686],[8.17566,46.35575],[8.17604,46.35536],[8.17598,46.35463],[8.17512,46.35378],[8.17582,46.35148],[8.17542,46.35071],[8.1758,46.3502],[8.17585,46.34933],[8.17569,46.34866],[8.17516,46.34838],[8.17433,46.34616],[8.17483,46.3446],[8.17343,46.34354],[8.17294,46.34245]]}},{"type":"Feature","properties":{"id":"chriegalpwasser-vs","c":"VS","p":"patent","q":"official","k":"river","ns":1},"geometry":{"type":"LineString","coordinates":[[8.17283,46.34233],[8.17423,46.34107],[8.17629,46.34036],[8.17669,46.33986],[8.17743,46.33973],[8.17794,46.3393],[8.18231,46.33834],[8.18304,46.33769],[8.18388,46.33729],[8.18424,46.33681],[8.18482,46.33674],[8.18492,46.33641],[8.18546,46.33603],[8.18545,46.33516],[8.18734,46.33335],[8.18763,46.33199],[8.18892,46.33129],[8.18914,46.32909],[8.19023,46.32829],[8.19158,46.32683],[8.19305,46.32468],[8.19366,46.32432],[8.19419,46.32443]]}},{"type":"Feature","properties":{"id":"lengtalwasser-23-1-partielles-schongebiet-vs-2","c":"VS","p":"patent","q":"official","k":"river","ns":1},"geometry":{"type":"LineString","coordinates":[[8.14686,46.31914],[8.14699,46.31968],[8.14846,46.32029],[8.15019,46.3215],[8.1511,46.3219],[8.15163,46.32278],[8.15282,46.32388],[8.1548,46.32498],[8.15722,46.32734],[8.15827,46.32793],[8.15851,46.32835],[8.1597,46.32882],[8.16031,46.32939],[8.16296,46.33031],[8.16406,46.33055],[8.16526,46.33032]]}},{"type":"Feature","properties":{"id":"lengtalwasser-23-1-partielles-schongebiet-vs-3","c":"VS","p":"patent","q":"official","k":"river","ns":1},"geometry":{"type":"LineString","coordinates":[[8.16598,46.32456],[8.1662,46.32565],[8.16554,46.32661],[8.16537,46.32756],[8.16567,46.32858],[8.16557,46.32972],[8.16517,46.33019],[8.1659,46.33065],[8.16766,46.33101],[8.16732,46.33165],[8.16743,46.332],[8.16861,46.3336],[8.16933,46.33534],[8.16971,46.33542],[8.1704,46.33619],[8.17068,46.33695],[8.17201,46.33817],[8.17198,46.33871],[8.1728,46.34003],[8.17272,46.34063],[8.17309,46.34131],[8.17257,46.34176],[8.17294,46.34245]]}},{"type":"Feature","properties":{"id":"saflischbach-vs-2","c":"VS","p":"patent","q":"official","k":"river","ns":1},"geometry":{"type":"LineString","coordinates":[[8.12222,46.32722],[8.12293,46.32746],[8.12314,46.32785],[8.12354,46.32802],[8.12415,46.328],[8.12481,46.32868],[8.12544,46.32877],[8.12564,46.32905],[8.12645,46.32939],[8.12659,46.3298],[8.12721,46.33016],[8.12792,46.33015],[8.13314,46.3322],[8.1334,46.33266],[8.13396,46.33286],[8.13396,46.33319],[8.13463,46.33373],[8.13668,46.3346],[8.13751,46.33464],[8.13807,46.33506],[8.13972,46.33559],[8.14068,46.33628],[8.14071,46.33709],[8.14112,46.33722],[8.14223,46.3384],[8.14567,46.34006],[8.14619,46.34041],[8.14704,46.34147],[8.14819,46.34144],[8.14987,46.34203],[8.15061,46.34197],[8.15227,46.34248],[8.15358,46.34237],[8.15424,46.34252],[8.15557,46.34249]]}},{"type":"Feature","properties":{"id":"kelchbach-vs","c":"VS","p":"patent","q":"official","k":"river","ns":1},"geometry":{"type":"LineString","coordinates":[[7.98406,46.33557],[7.98419,46.33633],[7.98351,46.33686],[7.98291,46.33812],[7.98301,46.33892],[7.98254,46.34025],[7.98376,46.34207],[7.98396,46.34313],[7.98338,46.34354],[7.98289,46.3446],[7.98243,46.34473],[7.98199,46.34665],[7.981,46.34756],[7.98086,46.34834],[7.97987,46.34949],[7.97964,46.35024],[7.9798,46.35083],[7.97858,46.3518],[7.9787,46.35216],[7.97843,46.35236],[7.97928,46.35319],[7.97964,46.35496],[7.97883,46.35595],[7.97808,46.35635],[7.97557,46.35709],[7.9751,46.35776],[7.97456,46.35804],[7.96971,46.3599],[7.96815,46.36112],[7.96748,46.36192],[7.96596,46.36214],[7.96497,46.3629],[7.96404,46.36325],[7.96222,46.36327],[7.96163,46.3641],[7.96169,46.36476],[7.96085,46.36501],[7.96092,46.36604],[7.96155,46.36714],[7.96133,46.36771],[7.96189,46.36794],[7.96269,46.36867],[7.96291,46.36922],[7.96277,46.36994],[7.96309,46.37026],[7.96278,46.37054],[7.96268,46.37134],[7.96295,46.37145],[7.96295,46.37174],[7.96236,46.37419],[7.96264,46.37456],[7.96265,46.37563],[7.96205,46.37666],[7.96226,46.37764],[7.96257,46.37791],[7.96155,46.37926],[7.96145,46.38106]]}},{"type":"Feature","properties":{"id":"rhone-binna-massaboden-vs","c":"VS","p":"patent","q":"official","k":"river","ns":1},"geometry":{"type":"LineString","coordinates":[[8.01351,46.33053],[8.01442,46.3329],[8.01547,46.33424],[8.01671,46.33511],[8.01777,46.33558],[8.01963,46.33732],[8.02089,46.33815],[8.0224,46.33842],[8.02354,46.339],[8.02565,46.33966],[8.02634,46.34021],[8.02654,46.34098],[8.02609,46.34225],[8.02624,46.34296],[8.02705,46.34407],[8.02934,46.34532],[8.03132,46.34572],[8.03391,46.34682],[8.03505,46.34794],[8.03709,46.34909],[8.039,46.35052],[8.04033,46.35109],[8.0412,46.35267],[8.04173,46.35301],[8.04317,46.35338],[8.04477,46.35355],[8.04571,46.35392],[8.04689,46.35539],[8.04969,46.35709],[8.05034,46.35793],[8.05105,46.35944],[8.05272,46.35934],[8.05321,46.3594],[8.05366,46.35973],[8.05388,46.36122],[8.05426,46.36166],[8.05692,46.36287],[8.06018,46.36393],[8.06108,46.36504],[8.06408,46.36616],[8.06502,46.36677],[8.0682,46.3676],[8.06888,46.36816],[8.06898,46.36906],[8.06936,46.36935],[8.06984,46.36945],[8.07148,46.36911],[8.07216,46.36927],[8.07484,46.37113],[8.07539,46.37199],[8.07583,46.37226],[8.07659,46.37231],[8.07781,46.37163],[8.0788,46.37147],[8.07963,46.37182],[8.08145,46.37193],[8.08347,46.37332],[8.08399,46.37345],[8.08579,46.37339],[8.08944,46.37555],[8.0913,46.37744],[8.09239,46.37812],[8.09358,46.37822],[8.09465,46.37781],[8.09545,46.37612],[8.09574,46.37584],[8.09691,46.37549],[8.0987,46.37575],[8.10081,46.37562],[8.10207,46.37613]]}},{"type":"Feature","properties":{"id":"ritzibach-vs","c":"VS","p":"patent","q":"official","k":"river","ns":1},"geometry":{"type":"LineString","coordinates":[[8.22284,46.45501],[8.22321,46.45387],[8.22389,46.45337],[8.22453,46.45233],[8.22639,46.45129],[8.22733,46.4503],[8.22781,46.44942],[8.22947,46.44845],[8.23098,46.44654],[8.23225,46.44574],[8.23273,46.44466],[8.23467,46.44278],[8.23579,46.44084],[8.23681,46.43965],[8.23778,46.43893],[8.23876,46.43751],[8.23882,46.43658],[8.23934,46.4351],[8.23873,46.43395],[8.23903,46.43245],[8.24007,46.43115],[8.24004,46.43058],[8.24093,46.43033],[8.24232,46.42924],[8.24401,46.42847],[8.24424,46.42808],[8.24475,46.42787],[8.24483,46.42722],[8.24522,46.42677],[8.24566,46.42678]]}},{"type":"Feature","properties":{"id":"kelchbach-vs-2","c":"VS","p":"patent","q":"official","k":"river","ns":1},"geometry":{"type":"LineString","coordinates":[[7.98406,46.33557],[7.98388,46.33463],[7.98471,46.33371],[7.98644,46.33359],[7.98693,46.33307],[7.98773,46.33282],[7.9885,46.333],[7.98898,46.33237],[7.98956,46.33231],[7.98994,46.33181],[7.99102,46.33149],[7.99048,46.33065],[7.9899,46.3304],[7.98995,46.33015],[7.98831,46.32926]]}},{"type":"Feature","properties":{"id":"mundbach-vs","c":"VS","p":"patent","q":"official","k":"river","ns":1},"geometry":{"type":"LineString","coordinates":[[7.95259,46.30885],[7.95178,46.30947],[7.95203,46.31042]]}},{"type":"Feature","properties":{"id":"mundbach-vs-2","c":"VS","p":"patent","q":"official","k":"river","ns":1},"geometry":{"type":"LineString","coordinates":[[7.95203,46.31042],[7.95241,46.31128],[7.95128,46.31224],[7.95088,46.31284],[7.95111,46.31305],[7.95089,46.31343],[7.94967,46.3143],[7.94945,46.31465],[7.94961,46.31513],[7.9494,46.31574],[7.9482,46.31616],[7.94808,46.31693],[7.94869,46.31795],[7.94821,46.31867],[7.9482,46.31942],[7.94843,46.31976],[7.94806,46.32059],[7.94813,46.32136],[7.94742,46.32399],[7.94703,46.32478],[7.94586,46.32588],[7.94583,46.32633],[7.94527,46.3266],[7.94492,46.32747],[7.94507,46.32845],[7.94432,46.32903],[7.94416,46.32941],[7.9444,46.33007],[7.94419,46.33058],[7.9428,46.33205],[7.94255,46.33268],[7.94268,46.33336],[7.9424,46.33346],[7.94207,46.33404],[7.94153,46.33433],[7.94087,46.33562],[7.9409,46.33693],[7.94037,46.33775],[7.94052,46.33789],[7.93978,46.33844],[7.93975,46.33916],[7.94,46.33933],[7.93984,46.34017],[7.93913,46.34101],[7.93905,46.3415],[7.93828,46.34223],[7.93827,46.34269],[7.93858,46.34295],[7.93841,46.34339],[7.93866,46.34372],[7.93842,46.34413],[7.93881,46.34526],[7.93818,46.3462],[7.93821,46.34678],[7.9378,46.34765],[7.938,46.34816],[7.93733,46.34881],[7.93672,46.34984],[7.93671,46.35078],[7.937,46.35134],[7.93667,46.35221],[7.93617,46.35285],[7.93574,46.35297],[7.93566,46.35339],[7.93516,46.35379],[7.93468,46.35465],[7.93499,46.35559],[7.93455,46.35663],[7.93472,46.35775],[7.93363,46.35873],[7.93378,46.35901],[7.93332,46.36035],[7.93397,46.36147],[7.93382,46.36255],[7.93286,46.36385],[7.93154,46.36492],[7.93087,46.36593],[7.93062,46.36678],[7.93089,46.36713],[7.93074,46.36754],[7.92981,46.36803],[7.92927,46.36938],[7.92925,46.37015],[7.92853,46.37103],[7.9282,46.37222]]}},{"type":"Feature","properties":{"id":"rhone-brig-massa-brigerbad-vs","c":"VS","p":"patent","q":"official","k":"river","ns":1},"geometry":{"type":"LineString","coordinates":[[7.91997,46.29766],[7.92748,46.29834],[7.92943,46.29869],[7.93097,46.29918],[7.93359,46.30029],[7.94104,46.30475],[7.95054,46.30782],[7.95544,46.31029],[7.95987,46.31163],[7.97592,46.31743],[7.98137,46.31912],[7.98338,46.32018],[7.99101,46.32113],[8.00161,46.3245],[8.00943,46.32588],[8.01088,46.32679],[8.01265,46.32861],[8.01351,46.33053]]}},{"type":"Feature","properties":{"id":"rhone-visp-brigerbad-st-german-vs","c":"VS","p":"patent","q":"official","k":"river","ns":1},"geometry":{"type":"LineString","coordinates":[[7.83113,46.30827],[7.8419,46.30701],[7.84374,46.30696],[7.84816,46.30632],[7.85038,46.30579],[7.85889,46.30295],[7.86165,46.30252],[7.87692,46.30239],[7.87864,46.3023],[7.88191,46.30178],[7.88861,46.29983],[7.89088,46.29901],[7.89583,46.29675],[7.898,46.29614],[7.89961,46.29596],[7.90158,46.29604],[7.91997,46.29766]]}},{"type":"Feature","properties":{"id":"dala-vs","c":"VS","p":"patent","q":"official","k":"river","ns":1},"geometry":{"type":"LineString","coordinates":[[7.62292,46.33711],[7.62365,46.33656],[7.62378,46.33575],[7.62453,46.33529],[7.62446,46.33374],[7.62535,46.33316],[7.62505,46.33287],[7.62511,46.33233],[7.62399,46.33184],[7.62415,46.33134],[7.62363,46.33014],[7.62423,46.3296],[7.62502,46.3294],[7.62502,46.32855],[7.62579,46.32761],[7.62633,46.32553],[7.62686,46.32477],[7.62634,46.32425],[7.62608,46.32358],[7.62514,46.32317],[7.62509,46.32269],[7.62413,46.32203],[7.6244,46.32102],[7.62384,46.32058],[7.62439,46.31976],[7.62351,46.31895],[7.62334,46.3181],[7.62224,46.31614],[7.62166,46.3159],[7.62039,46.316],[7.6191,46.31572],[7.61803,46.31582],[7.6174,46.31572],[7.61669,46.31534]]}},{"type":"Feature","properties":{"id":"dala-vs-2","c":"VS","p":"patent","q":"official","k":"river","ns":1},"geometry":{"type":"LineString","coordinates":[[7.66584,46.39911],[7.66483,46.39875],[7.66445,46.39843],[7.66335,46.39821],[7.66241,46.39763],[7.66113,46.39602],[7.66035,46.39546],[7.65976,46.3945],[7.65978,46.39388],[7.65939,46.39303],[7.6573,46.392],[7.6573,46.39169],[7.65622,46.39154],[7.65437,46.39018],[7.65139,46.38965],[7.65014,46.38915],[7.64905,46.38895],[7.64829,46.38859],[7.64823,46.38832],[7.64776,46.38807],[7.64637,46.38775],[7.64537,46.38776],[7.6444,46.38707],[7.6432,46.38707],[7.6428,46.38691],[7.64131,46.38701],[7.63958,46.38588],[7.63845,46.38579],[7.63521,46.3844],[7.63469,46.38393],[7.63289,46.38358],[7.63173,46.38309],[7.63154,46.38266],[7.63099,46.38262],[7.62992,46.38189],[7.62977,46.3812],[7.6293,46.38079],[7.62782,46.38025],[7.62675,46.38031],[7.6248,46.37925],[7.6243,46.37805],[7.62436,46.37677],[7.62468,46.37611],[7.62409,46.37526],[7.62423,46.37466],[7.62404,46.37411],[7.62433,46.37364],[7.6239,46.37325],[7.62473,46.37158],[7.62395,46.36921],[7.62143,46.36602],[7.62163,46.36531],[7.62134,46.3646],[7.62084,46.36437],[7.62047,46.36374],[7.61945,46.36288],[7.61919,46.36288],[7.6186,46.36062],[7.61786,46.36024],[7.61762,46.35975],[7.61687,46.35942],[7.61633,46.35832],[7.61551,46.35799],[7.6156,46.35673],[7.61514,46.35608],[7.61571,46.35524],[7.61569,46.35472],[7.61608,46.35428],[7.61605,46.35392],[7.61703,46.3526],[7.61681,46.35153],[7.61629,46.35128],[7.61676,46.3507],[7.61618,46.34885],[7.61648,46.34848],[7.617,46.34841],[7.61733,46.34792],[7.61728,46.34756],[7.61818,46.34674],[7.61839,46.34625],[7.61906,46.3461],[7.62017,46.34501],[7.62044,46.34386],[7.62151,46.34309],[7.6221,46.34225],[7.62209,46.34178],[7.62268,46.34106],[7.62282,46.34012],[7.62195,46.33873],[7.62219,46.33808],[7.622,46.3377],[7.62292,46.33711]]}},{"type":"Feature","properties":{"id":"rhone-leuk-susten-chippis-vs","c":"VS","p":"patent","q":"official","k":"river","ns":1},"geometry":{"type":"LineString","coordinates":[[7.58183,46.30425],[7.58326,46.30404],[7.58357,46.3041],[7.58361,46.30436],[7.58428,46.30453],[7.58775,46.30503],[7.59004,46.30619],[7.59149,46.30624],[7.59267,46.3071],[7.59727,46.30871],[7.59909,46.31157],[7.59912,46.31216],[7.60032,46.31287]]}},{"type":"Feature","properties":{"id":"raspille-vs","c":"VS","p":"patent","q":"official","k":"river","ns":1},"geometry":{"type":"LineString","coordinates":[[7.55881,46.29596],[7.55889,46.29648],[7.55947,46.29685],[7.55999,46.29772],[7.56014,46.29964],[7.55986,46.30216],[7.5604,46.30385],[7.56112,46.30477],[7.56118,46.30517],[7.56085,46.30698],[7.55897,46.30706],[7.55868,46.30732],[7.5591,46.30844],[7.55899,46.30909],[7.55845,46.3097],[7.55848,46.31083],[7.55996,46.31292],[7.55981,46.31365],[7.55941,46.31433],[7.55836,46.3149],[7.55719,46.31593],[7.55722,46.31815],[7.55681,46.31865],[7.55641,46.31874],[7.55606,46.31954],[7.5569,46.31966],[7.55753,46.32033],[7.5576,46.32092],[7.55666,46.32138],[7.55637,46.32179],[7.5545,46.32271],[7.55356,46.32292],[7.553,46.32276],[7.55119,46.3232],[7.55069,46.32373],[7.55028,46.32474],[7.54993,46.32499],[7.55003,46.3258],[7.54973,46.32633],[7.54993,46.32674],[7.54961,46.32788],[7.5493,46.32808],[7.54979,46.32941],[7.55013,46.32966],[7.54985,46.33051]]}},{"type":"Feature","properties":{"id":"milibach-obergesteln-vs","c":"VS","p":"patent","q":"official","k":"river","ns":1},"geometry":{"type":"LineString","coordinates":[[8.33097,46.51654],[8.32913,46.51787],[8.32829,46.51892],[8.32504,46.52105],[8.32483,46.52139],[8.32264,46.52259],[8.32165,46.52267],[8.32102,46.52364],[8.3197,46.52487],[8.316,46.52721],[8.31333,46.52949],[8.31306,46.52994],[8.31134,46.53089],[8.31026,46.5318],[8.30811,46.53234],[8.30692,46.53303],[8.30432,46.53296],[8.30257,46.53387],[8.30216,46.53448],[8.30046,46.53476],[8.29793,46.536],[8.29566,46.53627],[8.29536,46.53615]]}},{"type":"Feature","properties":{"id":"oberbach-schongebiet-vs","c":"VS","p":"closed","q":"official","k":"river"},"geometry":{"type":"LineString","coordinates":[[8.28568,46.53249],[8.28541,46.53219],[8.28385,46.53197],[8.28303,46.53165],[8.28317,46.53108],[8.28391,46.53008],[8.28576,46.53004],[8.28606,46.5298],[8.28616,46.52782],[8.2871,46.52662],[8.28804,46.52588],[8.28853,46.52497],[8.28962,46.52382],[8.29122,46.52243],[8.29268,46.52174],[8.29331,46.52116],[8.29439,46.52077],[8.29663,46.51928],[8.29996,46.51781],[8.30033,46.51746],[8.30059,46.51621],[8.30322,46.51378],[8.30392,46.51344],[8.30659,46.51108],[8.30787,46.51032],[8.3086,46.50947],[8.3121,46.50766]]}},{"type":"Feature","properties":{"id":"niderbach-schongebiet-vs","c":"VS","p":"closed","q":"official","k":"river"},"geometry":{"type":"LineString","coordinates":[[8.274,46.52433],[8.27478,46.52404],[8.27516,46.52367],[8.27594,46.52253],[8.2757,46.52203],[8.27587,46.52179],[8.27869,46.52079],[8.2794,46.51989],[8.28171,46.5189],[8.28225,46.51758],[8.283,46.51694],[8.28347,46.51604],[8.28502,46.51464],[8.28804,46.50981],[8.28948,46.50849],[8.29007,46.50826],[8.2902,46.50756],[8.28978,46.50676],[8.28986,46.50625],[8.29047,46.50553],[8.2918,46.50504],[8.29196,46.50439],[8.29248,46.50371],[8.29207,46.50154],[8.29281,46.49961],[8.29276,46.49891],[8.28984,46.49727],[8.29019,46.49689],[8.29045,46.4969],[8.29064,46.49596]]}},{"type":"Feature","properties":{"id":"geschinerbach-schongebiet-vs","c":"VS","p":"closed","q":"official","k":"river"},"geometry":{"type":"LineString","coordinates":[[8.25153,46.52059],[8.25201,46.51988],[8.25267,46.51945],[8.2531,46.5188],[8.25406,46.51813],[8.25418,46.51774],[8.25485,46.51721],[8.2557,46.51702],[8.25731,46.51589],[8.2609,46.51535],[8.26138,46.51478],[8.26295,46.51404],[8.26337,46.51356],[8.26484,46.51275],[8.26589,46.51168],[8.26842,46.50979],[8.26939,46.50857],[8.26983,46.50838],[8.27022,46.50778],[8.2717,46.50665],[8.27403,46.50523],[8.2763,46.50349],[8.27879,46.50204],[8.2818,46.49935],[8.28505,46.49786],[8.28737,46.49607]]}},{"type":"Feature","properties":{"id":"muenstigerbach-vs","c":"VS","p":"patent","q":"official","k":"river","ns":1},"geometry":{"type":"LineString","coordinates":[[8.23249,46.51652],[8.23376,46.51542],[8.23547,46.51441],[8.23568,46.51382],[8.2367,46.51302],[8.23688,46.51243],[8.23894,46.51069],[8.2397,46.50861],[8.24236,46.50724],[8.24324,46.50631],[8.24465,46.50561],[8.24643,46.50313],[8.24703,46.50189],[8.24787,46.50158],[8.24822,46.50124],[8.24831,46.50063],[8.24956,46.49954],[8.24962,46.49893],[8.2502,46.49818],[8.25201,46.49733],[8.25202,46.49678],[8.25404,46.49514],[8.25628,46.49281],[8.25831,46.4915],[8.2614,46.49057],[8.26372,46.48922],[8.26363,46.48875],[8.26303,46.48839],[8.26283,46.48781],[8.26309,46.48667],[8.26383,46.48534],[8.26461,46.48478],[8.26648,46.48413],[8.26916,46.48261]]}},{"type":"Feature","properties":{"id":"reckingerbach-vs","c":"VS","p":"patent","q":"official","k":"river","ns":1},"geometry":{"type":"LineString","coordinates":[[8.21601,46.48715],[8.21622,46.48698],[8.21601,46.48584],[8.21664,46.48532],[8.2167,46.48495],[8.21719,46.48447],[8.21912,46.4834],[8.21967,46.4822],[8.22029,46.48186],[8.2211,46.47961],[8.22165,46.47887],[8.22175,46.47809],[8.22268,46.47731],[8.22283,46.47691],[8.22675,46.47426],[8.22887,46.4737],[8.23012,46.47297],[8.23171,46.47234],[8.23965,46.46796],[8.24062,46.46609],[8.24118,46.46546],[8.24123,46.46462],[8.24076,46.46365],[8.23866,46.46304],[8.23863,46.46248]]}},{"type":"Feature","properties":{"id":"walibach-vs","c":"VS","p":"patent","q":"official","k":"river","ns":1},"geometry":{"type":"LineString","coordinates":[[8.18498,46.48457],[8.18587,46.4837],[8.18641,46.48273],[8.18714,46.4804],[8.18886,46.47873],[8.18967,46.4783],[8.19115,46.47812],[8.19184,46.47747],[8.19352,46.47671],[8.19453,46.47502],[8.19709,46.47298],[8.19768,46.4728],[8.19832,46.4722],[8.19859,46.47148],[8.199,46.47141],[8.19914,46.47108],[8.19979,46.47063],[8.20053,46.46953],[8.20046,46.46788],[8.20221,46.46746],[8.20239,46.46682],[8.20205,46.4663],[8.20203,46.4656],[8.20293,46.4647],[8.20376,46.46313],[8.20572,46.46077],[8.20619,46.46046],[8.20651,46.46046],[8.20887,46.4589],[8.21061,46.45697],[8.21152,46.45642],[8.21457,46.45526],[8.21562,46.45414],[8.21582,46.45369],[8.21494,46.45236],[8.21513,46.45033],[8.2154,46.44991]]}},{"type":"Feature","properties":{"id":"hilperschbach-blizingen-vs","c":"VS","p":"patent","q":"official","k":"river","ns":1},"geometry":{"type":"LineString","coordinates":[[8.1872,46.4616],[8.18794,46.46148],[8.18857,46.46089],[8.1903,46.46021],[8.19218,46.4592],[8.19331,46.45785],[8.1957,46.45593],[8.19643,46.45504],[8.19827,46.45352],[8.19955,46.45279],[8.20003,46.45203],[8.20255,46.44962],[8.20429,46.44914],[8.2061,46.44838],[8.20676,46.44779],[8.20714,46.44771],[8.20814,46.44769],[8.20988,46.44828],[8.21026,46.44812],[8.21108,46.44701]]}},{"type":"Feature","properties":{"id":"wilerbach-schongebiet-vs","c":"VS","p":"closed","q":"official","k":"river"},"geometry":{"type":"LineString","coordinates":[[8.16974,46.45737],[8.17057,46.4564],[8.17122,46.45609],[8.17158,46.45563],[8.17255,46.45519],[8.17371,46.45487],[8.17469,46.45492],[8.17617,46.45455],[8.17767,46.45459],[8.17939,46.45412],[8.18079,46.45407],[8.18216,46.45359],[8.18387,46.4526],[8.18407,46.45228],[8.18468,46.452],[8.1872,46.44997],[8.18788,46.44906],[8.18858,46.44891],[8.18925,46.44847],[8.1893,46.44817],[8.18886,46.44754],[8.19055,46.44634],[8.19165,46.44462],[8.19475,46.44303],[8.19662,46.44265],[8.19739,46.44211],[8.19868,46.44058],[8.19936,46.43857],[8.19991,46.43816],[8.20072,46.43802]]}},{"type":"Feature","properties":{"id":"saaservispa-vs","c":"VS","p":"patent","q":"official","k":"river","ns":1},"geometry":{"type":"LineString","coordinates":[[7.95426,46.09889],[7.95292,46.09954],[7.95111,46.10076],[7.95084,46.10182],[7.9484,46.10302],[7.94774,46.10385],[7.94685,46.10446],[7.94658,46.10584],[7.94457,46.10641],[7.9427,46.113],[7.9399,46.11535],[7.9377,46.11779],[7.93564,46.12049],[7.93593,46.12336],[7.93461,46.12502],[7.93446,46.12805],[7.93327,46.1315],[7.93204,46.13295],[7.93092,46.13617],[7.93084,46.1378],[7.92993,46.13882],[7.93012,46.13971],[7.92956,46.14037],[7.92889,46.14284],[7.92835,46.14359],[7.9279,46.14579],[7.92692,46.14686],[7.92668,46.14789],[7.92768,46.14997],[7.92757,46.15091],[7.92809,46.15178],[7.9282,46.15254],[7.92787,46.15448],[7.92579,46.15505],[7.92516,46.15602],[7.92584,46.15766],[7.92643,46.15831],[7.92634,46.15867],[7.92544,46.15987],[7.92138,46.16255],[7.92048,46.16369],[7.91884,46.1648],[7.91668,46.1659],[7.91661,46.16625],[7.91587,46.16663],[7.9156,46.16718],[7.9146,46.16743],[7.91413,46.16879],[7.91315,46.1694],[7.91305,46.17036],[7.91223,46.1718],[7.90949,46.17318],[7.90912,46.17425],[7.90722,46.17568],[7.90705,46.1764],[7.90748,46.1769],[7.90709,46.17745],[7.90712,46.17835],[7.90617,46.1795],[7.90586,46.1812],[7.90532,46.18161],[7.90495,46.18249],[7.90413,46.18295],[7.90387,46.18335],[7.90445,46.18374],[7.90458,46.18432],[7.90423,46.18509],[7.90382,46.18546],[7.90386,46.18576],[7.90337,46.18658],[7.90119,46.18781],[7.90044,46.18879],[7.90087,46.19014],[7.90086,46.1919],[7.90013,46.19213],[7.89961,46.19331],[7.89926,46.19346],[7.8988,46.19447],[7.89916,46.19493],[7.89914,46.19529],[7.89862,46.19571],[7.89827,46.19681],[7.89751,46.19748],[7.89487,46.1989],[7.89449,46.19959],[7.89476,46.20085],[7.89456,46.20144],[7.89218,46.2023],[7.89202,46.20373],[7.89119,46.204],[7.89056,46.20452],[7.89032,46.20544],[7.88914,46.2063],[7.88854,46.20896],[7.88784,46.20955],[7.88765,46.21117],[7.88723,46.21148],[7.88693,46.21265],[7.88609,46.21317],[7.88586,46.21391],[7.88529,46.21439],[7.88532,46.21467],[7.88339,46.21539],[7.88316,46.21571],[7.88241,46.21608],[7.88154,46.21784],[7.88167,46.21819],[7.88094,46.21877],[7.88016,46.22099],[7.87883,46.2218],[7.8788,46.22257],[7.87821,46.22296],[7.87748,46.22489],[7.87639,46.22621],[7.87503,46.2268],[7.87431,46.22869],[7.8727,46.22989],[7.87228,46.23086]]}},{"type":"Feature","properties":{"id":"furggbach-vs","c":"VS","p":"patent","q":"official","k":"river","ns":1},"geometry":{"type":"LineString","coordinates":[[7.95932,46.08317],[7.96119,46.083],[7.96226,46.08238],[7.96485,46.08165],[7.96627,46.08107],[7.96736,46.08025],[7.96815,46.07996],[7.96865,46.07945],[7.97151,46.07906],[7.97197,46.07883],[7.97294,46.07888],[7.97488,46.07838],[7.97541,46.0774],[7.97687,46.07659],[7.97778,46.07645],[7.97966,46.07531],[7.9803,46.07519],[7.98101,46.07448],[7.98217,46.07438],[7.98281,46.07372],[7.98432,46.07293],[7.98462,46.07247],[7.9858,46.07184],[7.98619,46.0713],[7.98745,46.07069],[7.98804,46.06984],[7.98941,46.06925],[7.99007,46.06822],[7.99091,46.06792],[7.992,46.06605],[7.99253,46.06604],[7.9933,46.06551],[7.99412,46.06392],[7.99464,46.06378],[7.99533,46.06294],[7.99606,46.06276],[7.99635,46.06239],[7.99696,46.06217],[7.99778,46.06121],[7.99801,46.0603],[7.99903,46.05936],[7.99906,46.0588],[7.99986,46.05819],[7.99981,46.05765],[8.00199,46.05649],[8.00255,46.05562],[8.00236,46.05476],[8.00251,46.05456],[8.00298,46.0542],[8.00341,46.05341],[8.00388,46.05323],[8.00455,46.05257],[8.00461,46.0522],[8.00562,46.05181]]}},{"type":"Feature","properties":{"id":"saaservispa-vs-2","c":"VS","p":"patent","q":"official","k":"river","ns":1},"geometry":{"type":"LineString","coordinates":[[7.96453,46.02116],[7.96422,46.02051],[7.96416,46.01954],[7.96389,46.01926],[7.96382,46.01774],[7.96348,46.01716],[7.96378,46.01638],[7.96416,46.01584],[7.9648,46.01544],[7.96526,46.01477],[7.96539,46.01404],[7.96645,46.01294],[7.96669,46.01241],[7.9686,46.01149],[7.96931,46.01148]]}},{"type":"Feature","properties":{"id":"jungbach-vs","c":"VS","p":"patent","q":"official","k":"river","ns":1},"geometry":{"type":"LineString","coordinates":[[7.80914,46.1854],[7.80649,46.18663],[7.80568,46.18744],[7.80375,46.1878],[7.80331,46.18813],[7.80133,46.18866],[7.79828,46.18988],[7.79802,46.19019],[7.79625,46.19089],[7.79375,46.19246],[7.79183,46.19312],[7.78958,46.19327],[7.78917,46.1937],[7.78747,46.19346],[7.78679,46.19384],[7.78453,46.19427],[7.77943,46.19408],[7.7777,46.1937],[7.77652,46.19368],[7.77552,46.19293],[7.77427,46.19247],[7.77293,46.19266],[7.77261,46.19256],[7.7713,46.19291],[7.77053,46.19241],[7.76911,46.19237],[7.76764,46.19163],[7.76626,46.19162],[7.76453,46.19096],[7.76402,46.19102],[7.76247,46.19058],[7.75996,46.18948],[7.7586,46.18943],[7.75783,46.18917]]}},{"type":"Feature","properties":{"id":"loeubbach-unterbaech-vs-2","c":"VS","p":"patent","q":"official","k":"river","ns":1},"geometry":{"type":"LineString","coordinates":[[7.80494,46.30303],[7.80518,46.30103],[7.80347,46.30111],[7.802,46.30159],[7.80044,46.30183],[7.79997,46.30174],[7.79939,46.30109],[7.79976,46.30044],[7.80016,46.3002],[7.80008,46.3],[7.80047,46.2998],[7.80052,46.2989],[7.80094,46.2987],[7.80141,46.29761],[7.80193,46.29717],[7.80181,46.29687],[7.8021,46.29651],[7.80216,46.29566],[7.80109,46.29521],[7.80143,46.2949],[7.80153,46.29427],[7.80099,46.29357],[7.80143,46.29286],[7.80317,46.2923],[7.80305,46.29197],[7.80326,46.29174],[7.80403,46.29158],[7.80419,46.2909],[7.80475,46.29043],[7.80447,46.28998],[7.80509,46.28965],[7.80467,46.28938],[7.80469,46.28864],[7.80528,46.28849],[7.80638,46.28874],[7.80658,46.28839],[7.80721,46.28814],[7.80711,46.28763],[7.8081,46.28674],[7.8077,46.28548],[7.80868,46.2844],[7.80877,46.28336],[7.80965,46.2831],[7.80982,46.28276]]}},{"type":"Feature","properties":{"id":"cheerbach-vs","c":"VS","p":"patent","q":"official","k":"river","ns":1},"geometry":{"type":"LineString","coordinates":[[8.33549,46.52147],[8.33647,46.52097],[8.3396,46.51996],[8.34077,46.51919],[8.34198,46.51713],[8.34302,46.51614],[8.34396,46.51564],[8.34464,46.51482],[8.34535,46.51455],[8.34616,46.51395],[8.34682,46.51311],[8.34842,46.51243],[8.34983,46.51144],[8.35049,46.51039],[8.35129,46.50965],[8.35196,46.50812],[8.35275,46.50791],[8.3544,46.50664],[8.35417,46.50642],[8.35425,46.50587],[8.35482,46.5052],[8.35445,46.50493],[8.35459,46.50475]]}},{"type":"Feature","properties":{"id":"wysswasser-vs","c":"VS","p":"patent","q":"official","k":"river","ns":1},"geometry":{"type":"LineString","coordinates":[[8.13677,46.4521],[8.1386,46.44984],[8.13904,46.44962],[8.13951,46.44837],[8.13947,46.44785],[8.13869,46.4472],[8.13857,46.44676],[8.13939,46.44442],[8.14103,46.44318],[8.14122,46.44236],[8.14096,46.44201],[8.14239,46.44058],[8.14294,46.43938],[8.14342,46.439],[8.14314,46.43857],[8.14328,46.43815],[8.14288,46.43789],[8.1427,46.43746],[8.14281,46.43693],[8.14239,46.4368],[8.14218,46.43639],[8.14049,46.43529],[8.13864,46.43459],[8.13843,46.43413],[8.13763,46.43371],[8.13713,46.43227],[8.1373,46.43182],[8.13797,46.43162],[8.13842,46.43085],[8.13807,46.42986],[8.13832,46.42911],[8.13896,46.42843],[8.13864,46.42772],[8.13983,46.4263],[8.14062,46.42592],[8.14137,46.42523],[8.14188,46.4242],[8.14194,46.42383],[8.14122,46.42259],[8.14098,46.41857],[8.14384,46.41533],[8.14407,46.41466],[8.14201,46.41271],[8.14186,46.41246],[8.14227,46.41162],[8.1402,46.4094],[8.14028,46.40842],[8.13956,46.40751],[8.13891,46.40689],[8.13649,46.4056],[8.13497,46.40513],[8.13433,46.40423],[8.13371,46.4039],[8.13403,46.40255],[8.13351,46.40129],[8.13451,46.40007],[8.13383,46.39894],[8.13356,46.39774],[8.13372,46.39719],[8.13433,46.3965]]}},{"type":"Feature","properties":{"id":"glingulwasser-schongebiet-vs","c":"VS","p":"closed","q":"official","k":"river"},"geometry":{"type":"LineString","coordinates":[[8.12021,46.45179],[8.12146,46.45182],[8.12249,46.45165],[8.12311,46.45179],[8.12495,46.45107],[8.1268,46.45086],[8.12936,46.45005],[8.13019,46.4491],[8.13248,46.44752],[8.13345,46.44411],[8.13404,46.443],[8.1346,46.44244],[8.13475,46.44062],[8.13436,46.43998],[8.13484,46.43909],[8.13477,46.43858],[8.13579,46.43832],[8.13577,46.43759],[8.13662,46.43586],[8.13802,46.43472],[8.13881,46.43471]]}},{"type":"Feature","properties":{"id":"loeuwenwbach-schongebiet-vs","c":"VS","p":"closed","q":"official","k":"river"},"geometry":{"type":"LineString","coordinates":[[8.35987,46.51493],[8.3566,46.51823],[8.35406,46.5201],[8.35334,46.52026],[8.34987,46.52283],[8.34647,46.52449],[8.34576,46.52467],[8.3444,46.52582],[8.34376,46.52603],[8.34336,46.52591],[8.34108,46.52695]]}},{"type":"Feature","properties":{"id":"aegene-vs","c":"VS","p":"patent","q":"official","k":"river","ns":1},"geometry":{"type":"LineString","coordinates":[[8.34158,46.49929],[8.34274,46.49842],[8.34428,46.49767],[8.34526,46.49677],[8.34666,46.49621],[8.34839,46.49409],[8.34984,46.49338],[8.35011,46.49298],[8.35113,46.49278],[8.35197,46.49179],[8.35433,46.4902],[8.35492,46.48945],[8.35579,46.48913],[8.36184,46.48484],[8.3623,46.48403],[8.36378,46.48309],[8.36379,46.4827],[8.36443,46.48215],[8.36488,46.48102],[8.36541,46.48048],[8.36589,46.48029],[8.36565,46.48],[8.36609,46.47998],[8.36596,46.47973],[8.3663,46.47938],[8.36721,46.47899],[8.36732,46.47845],[8.3684,46.47711],[8.36815,46.47575],[8.36881,46.47511],[8.36884,46.47398],[8.36787,46.47355],[8.3675,46.47285],[8.36626,46.47176],[8.36591,46.47103],[8.36611,46.47066],[8.36678,46.47033],[8.36722,46.46953],[8.36719,46.4672],[8.3668,46.46615],[8.36874,46.46459],[8.3688,46.46369],[8.36914,46.46334],[8.36905,46.46276],[8.36972,46.46203],[8.36988,46.46153]]}},{"type":"Feature","properties":{"id":"aegene-vs-2","c":"VS","p":"patent","q":"official","k":"river","ns":1},"geometry":{"type":"LineString","coordinates":[[8.33638,46.46273],[8.3398,46.46498],[8.34212,46.46594],[8.34433,46.46728],[8.34526,46.46739],[8.34661,46.46856],[8.34774,46.46885],[8.34825,46.46881],[8.34923,46.46949],[8.35302,46.47027],[8.35379,46.4707],[8.355,46.47089],[8.35545,46.4713],[8.35618,46.47147],[8.35701,46.47132],[8.35855,46.47144],[8.35953,46.47133],[8.36257,46.47175],[8.36413,46.47229],[8.3646,46.47233],[8.36547,46.4721],[8.36682,46.47226]]}},{"type":"Feature","properties":{"id":"aegene-vs-3","c":"VS","p":"patent","q":"official","k":"river","ns":1},"geometry":{"type":"LineString","coordinates":[[8.36839,46.47639],[8.36943,46.47577],[8.37212,46.4764],[8.37426,46.47746],[8.37498,46.47755],[8.37841,46.47904],[8.37991,46.47997],[8.38041,46.48081],[8.38152,46.48152]]}},{"type":"Feature","properties":{"id":"merexebach-vs","c":"VS","p":"patent","q":"official","k":"river","ns":1},"geometry":{"type":"LineString","coordinates":[[8.27837,46.48862],[8.27925,46.48829],[8.27999,46.48826],[8.28428,46.48531],[8.28487,46.48425],[8.28521,46.48257],[8.28612,46.48216],[8.28678,46.48121],[8.2874,46.47931],[8.2879,46.47868],[8.2883,46.47719],[8.28913,46.47578],[8.28941,46.47454],[8.28988,46.47423],[8.29038,46.47335],[8.29174,46.47221],[8.29279,46.47066],[8.29335,46.47026],[8.29356,46.46934],[8.29392,46.46897],[8.29397,46.46796],[8.29505,46.46721],[8.29536,46.46629],[8.29598,46.46586],[8.29613,46.46522],[8.29682,46.46497],[8.29754,46.46401],[8.29815,46.4636],[8.29884,46.46198],[8.30005,46.46097],[8.30041,46.4604],[8.3002,46.45942],[8.30108,46.45639],[8.30097,46.4554],[8.29976,46.45485],[8.29933,46.45491],[8.29898,46.45471],[8.29875,46.45378],[8.29798,46.45306],[8.29582,46.45244],[8.29482,46.45238],[8.2943,46.45177],[8.2936,46.4514]]}},{"type":"Feature","properties":{"id":"merexebach-vs-2","c":"VS","p":"patent","q":"official","k":"river","ns":1},"geometry":{"type":"LineString","coordinates":[[8.3004,46.45897],[8.30225,46.45776],[8.30266,46.45714],[8.30375,46.45684],[8.30457,46.45527],[8.30506,46.45486],[8.30918,46.45224]]}},{"type":"Feature","properties":{"id":"grossgrundkanal-turtig-schongebiet-vs","c":"VS","p":"closed","q":"official","k":"river"},"geometry":{"type":"LineString","coordinates":[[7.76173,46.30867],[7.7617,46.30808],[7.77759,46.306],[7.77842,46.30548],[7.77937,46.30524],[7.79487,46.30429],[7.7983,46.3043],[7.80124,46.30393],[7.80489,46.30304],[7.8232,46.30026],[7.84916,46.29826],[7.85111,46.29821],[7.86099,46.3019],[7.86243,46.30192],[7.87166,46.30063],[7.8727,46.30097],[7.88354,46.29817],[7.89043,46.29606]]}},{"type":"Feature","properties":{"id":"galdikanal-vs","c":"VS","p":"patent","q":"official","k":"canal","ns":1},"geometry":{"type":"LineString","coordinates":[[7.74356,46.30637],[7.7437,46.30681],[7.74705,46.30765],[7.74765,46.30798],[7.74804,46.30833],[7.75121,46.31383],[7.75421,46.31524],[7.76169,46.3158],[7.76381,46.31573],[7.76587,46.31517],[7.77825,46.31085],[7.77934,46.3103],[7.78029,46.31009]]}},{"type":"Feature","properties":{"id":"grossgraben-grosse-grabu-vs","c":"VS","p":"patent","q":"official","k":"canal","ns":1},"geometry":{"type":"LineString","coordinates":[[7.71489,46.30957],[7.71602,46.31091],[7.71707,46.3134],[7.71745,46.31358],[7.71838,46.31369],[7.72302,46.31321],[7.72729,46.31411],[7.72878,46.31379],[7.7297,46.31278],[7.73511,46.30987]]}},{"type":"Feature","properties":{"id":"phuela-vs","c":"VS","p":"patent","q":"official","k":"canal","ns":1},"geometry":{"type":"LineString","coordinates":[[7.67851,46.30617],[7.67864,46.30743],[7.67964,46.30841],[7.6813,46.3088],[7.68264,46.30986],[7.68368,46.30991],[7.68398,46.3102],[7.68468,46.31028]]}},{"type":"Feature","properties":{"id":"gampinenkanal-vs","c":"VS","p":"patent","q":"official","k":"canal","ns":1},"geometry":{"type":"LineString","coordinates":[[7.65467,46.30921],[7.65473,46.30857],[7.6611,46.30714],[7.66079,46.30669],[7.66144,46.3057],[7.66162,46.30073],[7.66217,46.29989],[7.66271,46.29956],[7.66468,46.29893],[7.67482,46.29969],[7.67925,46.29838],[7.67953,46.29817],[7.69401,46.2998]]}},{"type":"Feature","properties":{"id":"pfynkanal-vs","c":"VS","p":"patent","q":"official","k":"canal","ns":1},"geometry":{"type":"LineString","coordinates":[[7.58358,46.3042],[7.58507,46.30394],[7.58576,46.30298],[7.58571,46.30212],[7.5915,46.30003],[7.59452,46.30216],[7.59791,46.3035],[7.59949,46.30466],[7.60257,46.30768],[7.60402,46.30849],[7.60622,46.30884],[7.60679,46.30859],[7.60837,46.30892],[7.61003,46.30895],[7.61091,46.30874],[7.61166,46.30883],[7.6123,46.30897],[7.6131,46.3095],[7.61518,46.31036],[7.61796,46.31097],[7.61974,46.31184],[7.62171,46.31231],[7.62453,46.31206],[7.62535,46.31161],[7.62547,46.31125]]}},{"type":"Feature","properties":{"id":"russen-russubrunnu-vs","c":"VS","p":"patent","q":"official","k":"canal","ns":1},"geometry":{"type":"LineString","coordinates":[[7.57187,46.30175],[7.57177,46.30201],[7.57283,46.30305],[7.57345,46.30305],[7.57361,46.30331],[7.57424,46.30338],[7.57571,46.30407],[7.57848,46.30441],[7.57978,46.30548],[7.5802,46.30611],[7.58015,46.30678],[7.58112,46.30729],[7.58182,46.30737],[7.58483,46.30839],[7.58615,46.30967],[7.58714,46.30986]]}},{"type":"Feature","properties":{"id":"canal-du-bras-noir-vs","c":"VS","p":"patent","q":"official","k":"canal","ns":1},"geometry":{"type":"LineString","coordinates":[[7.49511,46.27453],[7.49532,46.27498],[7.49615,46.27548],[7.4984,46.27604],[7.50165,46.27642],[7.50264,46.27735],[7.50445,46.27708],[7.50512,46.27722],[7.50605,46.27779],[7.50585,46.27837],[7.5079,46.27915],[7.51178,46.28023],[7.51209,46.28022],[7.51257,46.27967],[7.51318,46.27955],[7.51321,46.27938],[7.51388,46.27951],[7.51438,46.2788],[7.51467,46.2789],[7.51451,46.27923],[7.51502,46.27945],[7.51612,46.27883],[7.52577,46.28046],[7.52619,46.28072],[7.52985,46.28521],[7.53048,46.28573],[7.53378,46.28752],[7.53376,46.28776],[7.53568,46.28874]]}},{"type":"Feature","properties":{"id":"canal-du-milieu-reserve-vs","c":"VS","p":"closed","q":"official","k":"river"},"geometry":{"type":"LineString","coordinates":[[7.45325,46.25659],[7.47314,46.26369]]}},{"type":"Feature","properties":{"id":"canal-des-lavoirs-vs","c":"VS","p":"patent","q":"official","k":"canal","ns":1},"geometry":{"type":"LineString","coordinates":[[7.44866,46.25495],[7.46782,46.25658],[7.47975,46.25951],[7.48189,46.25766],[7.48457,46.25868],[7.48594,46.26008]]}},{"type":"Feature","properties":{"id":"chrottengraben-vs","c":"VS","p":"patent","q":"official","k":"canal","ns":1},"geometry":{"type":"LineString","coordinates":[[7.95732,46.30778],[7.9591,46.30508],[7.9595,46.30488],[7.96052,46.30477],[7.96293,46.30532]]}},{"type":"Feature","properties":{"id":"nordkanal-schongebiet-vs","c":"VS","p":"closed","q":"official","k":"river"},"geometry":{"type":"LineString","coordinates":[[7.79921,46.30419],[7.79938,46.30448],[7.80109,46.3054],[7.80288,46.30601],[7.80842,46.30594],[7.81891,46.30632],[7.83098,46.30712],[7.83234,46.30595],[7.83286,46.30503],[7.84072,46.30452]]}},{"type":"Feature","properties":{"id":"wannenmooskanal-schongebiet-vs","c":"VS","p":"closed","q":"official","k":"river"},"geometry":{"type":"LineString","coordinates":[[7.77782,46.31096],[7.78191,46.31061],[7.78236,46.3108],[7.78414,46.31256],[7.787,46.31254],[7.78806,46.31234],[7.79074,46.3099],[7.79185,46.30966]]}},{"type":"Feature","properties":{"id":"fosse-des-talons-vs","c":"VS","p":"patent","q":"official","k":"canal","ns":1},"geometry":{"type":"LineString","coordinates":[[6.90993,46.29938],[6.91143,46.29927],[6.91577,46.30159],[6.92151,46.3043]]}},{"type":"Feature","properties":{"id":"canal-des-chambettes-vs","c":"VS","p":"patent","q":"official","k":"canal","ns":1},"geometry":{"type":"LineString","coordinates":[[6.89293,46.32544],[6.89459,46.32622],[6.89996,46.32814],[6.89389,46.33705],[6.89364,46.33791],[6.89376,46.33836],[6.8954,46.33946]]}},{"type":"Feature","properties":{"id":"lowinenkanal-vs","c":"VS","p":"patent","q":"official","k":"canal","ns":1},"geometry":{"type":"LineString","coordinates":[[7.76771,46.31452],[7.76792,46.31489],[7.76825,46.31499],[7.77103,46.31512]]}},{"type":"Feature","properties":{"id":"muehlackern-schongebiet-vs","c":"VS","p":"closed","q":"official","k":"river"},"geometry":{"type":"LineString","coordinates":[[7.67953,46.29817],[7.68156,46.29654],[7.6841,46.2957],[7.68501,46.29599]]}},{"type":"Feature","properties":{"id":"canal-de-la-bouverette-vs","c":"VS","p":"patent","q":"official","k":"canal","ns":1},"geometry":{"type":"LineString","coordinates":[[6.85205,46.38683],[6.85212,46.3864],[6.8539,46.38506],[6.85425,46.38443],[6.8557,46.38382],[6.8636,46.37752]]}},{"type":"Feature","properties":{"id":"canal-la-loena-reserve-vs","c":"VS","p":"closed","q":"official","k":"river"},"geometry":{"type":"LineString","coordinates":[[6.97789,46.25582],[6.98046,46.25429],[6.98423,46.25096],[6.98449,46.25057],[6.98452,46.24917],[6.98494,46.24805],[6.98541,46.24747],[6.98801,46.24545],[6.98898,46.24392]]}},{"type":"Feature","properties":{"id":"canal-de-collonges-vs","c":"VS","p":"patent","q":"official","k":"canal","ns":1},"geometry":{"type":"LineString","coordinates":[[7.02798,46.17332],[7.02888,46.17337],[7.03127,46.17091],[7.03431,46.16992],[7.03607,46.16913],[7.03763,46.16763],[7.03888,46.16595],[7.03902,46.16482],[7.04017,46.16281],[7.04032,46.16053],[7.04388,46.1534]]}},{"type":"Feature","properties":{"id":"canal-des-mangettes-reserve-vs","c":"VS","p":"closed","q":"official","k":"river"},"geometry":{"type":"LineString","coordinates":[[6.95992,46.27561],[6.96026,46.27538],[6.96157,46.27313],[6.96285,46.26783],[6.96399,46.26473],[6.96463,46.26375],[6.96608,46.26259],[6.97789,46.25582]]}},{"type":"Feature","properties":{"id":"canal-du-bras-neuf-reserve-vs","c":"VS","p":"closed","q":"official","k":"river"},"geometry":{"type":"LineString","coordinates":[[6.93259,46.28693],[6.93658,46.28826],[6.93794,46.28823],[6.94031,46.28764],[6.94967,46.28237],[6.95759,46.27697],[6.95992,46.27561]]}},{"type":"Feature","properties":{"id":"canal-du-bois-noir-eau-bleue-vs","c":"VS","p":"patent","q":"official","k":"canal","ns":1},"geometry":{"type":"LineString","coordinates":[[7.01122,46.20942],[7.01079,46.20929],[7.00956,46.20765],[7.00918,46.20673],[7.00925,46.20545],[7.00904,46.20534]]}},{"type":"Feature","properties":{"id":"canal-de-la-lantze-vs","c":"VS","p":"patent","q":"official","k":"canal","ns":1},"geometry":{"type":"LineString","coordinates":[[7.03036,46.14768],[7.03164,46.14552],[7.03118,46.14308],[7.03141,46.14156],[7.033,46.1402],[7.03335,46.13904],[7.03564,46.13516],[7.03456,46.13424],[7.03452,46.13386]]}},{"type":"Feature","properties":{"id":"canal-du-bienvenu-vs","c":"VS","p":"patent","q":"official","k":"canal","ns":1},"geometry":{"type":"LineString","coordinates":[[7.054,46.11387],[7.05419,46.11399],[7.05238,46.11694],[7.0461,46.12331],[7.04541,46.12472],[7.04541,46.12637],[7.047,46.12828],[7.04789,46.12892],[7.05096,46.13305],[7.04977,46.13429],[7.04808,46.13763],[7.04626,46.14022],[7.04363,46.14243],[7.03657,46.14427],[7.03442,46.14682],[7.03366,46.14697],[7.03111,46.15127]]}},{"type":"Feature","properties":{"id":"canal-des-frasses-reserve-vs","c":"VS","p":"closed","q":"official","k":"river"},"geometry":{"type":"LineString","coordinates":[[7.19087,46.15801],[7.19781,46.15326],[7.19886,46.1532],[7.20224,46.1542]]}},{"type":"Feature","properties":{"id":"canal-des-kiesses-reserve-vs","c":"VS","p":"closed","q":"official","k":"river"},"geometry":{"type":"LineString","coordinates":[[7.1642,46.14274],[7.15893,46.1376],[7.156,46.13606],[7.15232,46.1338],[7.15055,46.13297],[7.14819,46.13234],[7.14379,46.12949],[7.1422,46.12775],[7.14078,46.12709],[7.13988,46.1271],[7.1385,46.12759],[7.13584,46.12707],[7.13354,46.12587],[7.13326,46.12528],[7.13325,46.1235],[7.1314,46.12088],[7.12846,46.12043],[7.12754,46.12058],[7.1263,46.12145],[7.12529,46.12355],[7.1248,46.124],[7.12345,46.12451],[7.12117,46.12452]]}},{"type":"Feature","properties":{"id":"canal-du-toleron-reserve-vs","c":"VS","p":"closed","q":"official","k":"river"},"geometry":{"type":"LineString","coordinates":[[7.08476,46.12164],[7.10139,46.11697],[7.10258,46.11643],[7.10413,46.11512],[7.10581,46.11466],[7.11599,46.11565],[7.1184,46.11643],[7.12024,46.11744]]}},{"type":"Feature","properties":{"id":"milibach-raron-vs-2","c":"VS","p":"patent","q":"official","k":"river","ns":1},"geometry":{"type":"LineString","coordinates":[[7.78604,46.28238],[7.78574,46.28128],[7.78447,46.28],[7.78413,46.27938],[7.7842,46.27898],[7.7834,46.27736],[7.78363,46.27651],[7.78347,46.2753],[7.78272,46.27446],[7.78227,46.27346],[7.78125,46.27254],[7.78189,46.27135],[7.78138,46.26865],[7.78196,46.26774],[7.7815,46.26676],[7.78184,46.26575],[7.7813,46.2652],[7.78069,46.26164],[7.77968,46.26054],[7.77937,46.25952],[7.7788,46.2593],[7.77802,46.25808],[7.77736,46.25749],[7.77599,46.25427],[7.77536,46.25329],[7.77418,46.25213],[7.77452,46.2517],[7.77455,46.2508],[7.77489,46.25036],[7.77464,46.2492],[7.77354,46.247],[7.77417,46.2462],[7.77464,46.24504],[7.7728,46.24194],[7.77281,46.24148],[7.77368,46.24058],[7.77378,46.24021],[7.77283,46.23878],[7.77307,46.23765],[7.77268,46.23491],[7.77345,46.23438],[7.7737,46.23389],[7.77347,46.23249],[7.77467,46.23165],[7.77533,46.23152],[7.77643,46.23016]]}},{"type":"Feature","properties":{"id":"turtmaenna-vs-2","c":"VS","p":"patent","q":"official","k":"river","ns":1},"geometry":{"type":"LineString","coordinates":[[7.69294,46.16972],[7.69277,46.17149],[7.6926,46.17199],[7.69211,46.17234],[7.69201,46.1731],[7.69258,46.17389],[7.69305,46.17525],[7.69289,46.17581],[7.69315,46.17754],[7.69292,46.17834],[7.69366,46.17853],[7.69333,46.17904],[7.69332,46.17969],[7.69393,46.18118],[7.69367,46.18211],[7.69424,46.18224],[7.69415,46.18253],[7.69489,46.18331],[7.69498,46.18403],[7.69581,46.1851],[7.69569,46.18572],[7.69627,46.18594],[7.6973,46.18786],[7.69623,46.19027],[7.69714,46.19197],[7.69746,46.19306],[7.69739,46.19378],[7.69782,46.19485],[7.69737,46.19592],[7.69758,46.19658],[7.69737,46.19726],[7.69782,46.19776],[7.69761,46.19822],[7.69876,46.2005],[7.69953,46.2013],[7.69966,46.20265],[7.69996,46.20292],[7.70004,46.20459],[7.70082,46.20532],[7.70095,46.20589],[7.70171,46.2063],[7.7025,46.20774],[7.70301,46.20796],[7.70308,46.20863],[7.70368,46.2093],[7.70379,46.20996],[7.70456,46.2104],[7.70463,46.21108],[7.70532,46.21129],[7.70514,46.21191],[7.70585,46.21262],[7.70619,46.21355],[7.70682,46.21398],[7.70758,46.21611],[7.70874,46.21668],[7.70883,46.21737],[7.70974,46.21887],[7.70997,46.22078],[7.71045,46.22165],[7.7114,46.22254],[7.71129,46.22531],[7.71164,46.22605],[7.71175,46.22744],[7.71152,46.22895],[7.71165,46.22958],[7.71128,46.23052],[7.71186,46.23159],[7.71178,46.23201],[7.71141,46.23224],[7.71177,46.23291],[7.71168,46.23469],[7.71263,46.23534]]}},{"type":"Feature","properties":{"id":"bietschbach-vs-2","c":"VS","p":"patent","q":"official","k":"river","ns":1},"geometry":{"type":"LineString","coordinates":[[7.81411,46.32309],[7.81325,46.3225],[7.81331,46.32202],[7.81302,46.32164],[7.81325,46.32129],[7.81293,46.32025],[7.8133,46.31909],[7.81298,46.31909],[7.81288,46.31871],[7.81229,46.31864],[7.81199,46.31828],[7.81207,46.31799],[7.81042,46.31703],[7.8101,46.31666],[7.8078,46.31551],[7.80627,46.31539],[7.80558,46.31512],[7.80481,46.31516],[7.80425,46.3149],[7.80343,46.31492],[7.80305,46.31461],[7.80201,46.31459],[7.79973,46.31418],[7.79819,46.31276],[7.79693,46.31214],[7.79589,46.30675],[7.79545,46.3061]]}},{"type":"Feature","properties":{"id":"meiebach-vs","c":"VS","p":"patent","q":"official","k":"river","ns":1},"geometry":{"type":"LineString","coordinates":[[8.35534,46.55878],[8.35375,46.55947],[8.35291,46.56028],[8.35156,46.56067],[8.35057,46.56139],[8.34824,46.56135],[8.34699,46.56096],[8.34659,46.56102],[8.34454,46.56059],[8.34391,46.5603]]}},{"type":"Feature","properties":{"id":"goneri-vs","c":"VS","p":"patent","q":"official","k":"river","ns":1},"geometry":{"type":"LineString","coordinates":[[8.35695,46.53696],[8.35732,46.53667],[8.35703,46.53642],[8.35731,46.5357],[8.35723,46.5332],[8.35739,46.53253],[8.35777,46.53206],[8.35868,46.5317],[8.3595,46.53081],[8.36066,46.5305],[8.36157,46.53001],[8.36197,46.52974],[8.36231,46.52903],[8.36357,46.52902],[8.36365,46.52855],[8.36511,46.52764],[8.36635,46.52732],[8.36712,46.52758],[8.36847,46.52773]]}},{"type":"Feature","properties":{"id":"gerenwasser-vs","c":"VS","p":"patent","q":"official","k":"river","ns":1},"geometry":{"type":"LineString","coordinates":[[8.40973,46.51877],[8.41122,46.5189],[8.41176,46.51833],[8.41271,46.518],[8.41276,46.51712],[8.41372,46.51654],[8.41379,46.5157],[8.41412,46.51553],[8.41478,46.51556],[8.41494,46.51521],[8.41582,46.51457],[8.41712,46.51412],[8.41757,46.51304],[8.41796,46.51282],[8.4181,46.51291],[8.42044,46.51149],[8.42087,46.51111],[8.42131,46.50946],[8.42497,46.50895],[8.42526,46.50851],[8.42644,46.50847],[8.42792,46.50796],[8.42844,46.50806],[8.42945,46.50877],[8.43012,46.50897],[8.43096,46.50996],[8.43199,46.51033],[8.43186,46.51066],[8.43216,46.51103],[8.43352,46.51166],[8.4335,46.51205],[8.4347,46.51251],[8.4348,46.5129],[8.43545,46.51328],[8.43604,46.51334],[8.43626,46.51372],[8.43791,46.51459],[8.43817,46.5151],[8.43897,46.51562],[8.43937,46.51621],[8.44006,46.51648],[8.44029,46.518],[8.44054,46.51817],[8.44158,46.51872],[8.44243,46.51892],[8.44246,46.5192],[8.4431,46.51948],[8.44423,46.52046],[8.44522,46.52031],[8.44615,46.52093],[8.44797,46.52138],[8.44809,46.52161],[8.44901,46.52197],[8.44917,46.52226]]}},{"type":"Feature","properties":{"id":"rhone-biel-blitzingen-vs","c":"VS","p":"patent","q":"official","k":"river","ns":1},"geometry":{"type":"LineString","coordinates":[[8.24292,46.46347],[8.24402,46.4642],[8.24387,46.46634],[8.24447,46.46789],[8.24505,46.46844]]}},{"type":"Feature","properties":{"id":"bettulbach-vs","c":"VS","p":"patent","q":"official","k":"river","ns":1},"geometry":{"type":"LineString","coordinates":[[8.18832,46.43234],[8.18816,46.43187],[8.19058,46.42979],[8.19247,46.42855],[8.19368,46.42845],[8.19431,46.42821],[8.19543,46.42687],[8.19739,46.42549],[8.19884,46.4241],[8.20172,46.42226],[8.20288,46.42094],[8.20301,46.4194],[8.2035,46.41857],[8.20362,46.41763],[8.20473,46.41641],[8.20483,46.41574],[8.20589,46.41423],[8.20865,46.41259],[8.20912,46.41205],[8.21045,46.41156]]}},{"type":"Feature","properties":{"id":"rhone-gletsch-oberwald-vs-2","c":"VS","p":"patent","q":"official","k":"river","ns":1},"geometry":{"type":"LineString","coordinates":[[8.35695,46.53696],[8.35898,46.53744]]}},{"type":"Feature","properties":{"id":"saasbach-vs","c":"VS","p":"patent","q":"official","k":"river","ns":1},"geometry":{"type":"LineString","coordinates":[[8.40925,46.51881],[8.41039,46.52005],[8.41075,46.52077],[8.41364,46.52263],[8.41421,46.52318],[8.41515,46.52344],[8.41779,46.52522],[8.42019,46.52792]]}},{"type":"Feature","properties":{"id":"gerenwasser-vs-2","c":"VS","p":"patent","q":"official","k":"river","ns":1},"geometry":{"type":"LineString","coordinates":[[8.38432,46.53027],[8.38487,46.53],[8.38548,46.52923],[8.38683,46.52851],[8.38746,46.52839],[8.38817,46.52764],[8.38884,46.52743],[8.38884,46.52691],[8.39001,46.5268],[8.39045,46.52627],[8.39152,46.52591],[8.3923,46.52533],[8.39314,46.52534],[8.39383,46.52464],[8.39503,46.5244],[8.39587,46.5236],[8.39666,46.5234],[8.39842,46.52244],[8.40125,46.52162],[8.40267,46.52086],[8.40397,46.52064],[8.40435,46.52037],[8.40622,46.51978],[8.4075,46.51966],[8.40835,46.51876],[8.40973,46.51877]]}},{"type":"Feature","properties":{"id":"gerenwasser-vs-3","c":"VS","p":"patent","q":"official","k":"river","ns":1},"geometry":{"type":"LineString","coordinates":[[8.36847,46.52773],[8.36889,46.52799],[8.36938,46.52798],[8.37233,46.5294],[8.37288,46.52949],[8.37269,46.52973],[8.37295,46.53013],[8.3758,46.53085],[8.37753,46.53166],[8.37908,46.53182],[8.38008,46.5314],[8.38077,46.53145],[8.38178,46.53112],[8.38364,46.53086],[8.38432,46.53027]]}},{"type":"Feature","properties":{"id":"gonerliwasser-vs","c":"VS","p":"patent","q":"official","k":"river","ns":1},"geometry":{"type":"LineString","coordinates":[[8.36847,46.52773],[8.36887,46.52744],[8.36961,46.52755],[8.36969,46.52701],[8.37156,46.52598],[8.37359,46.52364],[8.37417,46.52345],[8.37414,46.52318],[8.37559,46.52304],[8.37744,46.52217],[8.37789,46.5213],[8.37843,46.52121],[8.379,46.51989],[8.37974,46.51932],[8.38088,46.51913],[8.38114,46.51854],[8.38178,46.51816],[8.38331,46.51806],[8.3837,46.51767],[8.38437,46.51754],[8.3847,46.5171],[8.38693,46.5165],[8.38742,46.51617],[8.38826,46.51608],[8.38912,46.51518],[8.39113,46.51432],[8.39158,46.51394],[8.39216,46.51384],[8.39353,46.5132],[8.39412,46.51274]]}},{"type":"Feature","properties":{"id":"meiebach-vs-2","c":"VS","p":"patent","q":"official","k":"river","ns":1},"geometry":{"type":"LineString","coordinates":[[8.32925,46.55927],[8.33229,46.55995],[8.33538,46.56001]]}},{"type":"Feature","properties":{"id":"raetischbach-vs","c":"VS","p":"patent","q":"official","k":"river","ns":1},"geometry":{"type":"LineString","coordinates":[[8.35037,46.53548],[8.34885,46.53582],[8.34616,46.53686],[8.34518,46.53763],[8.34373,46.53809],[8.34243,46.53874],[8.34149,46.53875],[8.34021,46.53902],[8.33699,46.54001],[8.33611,46.54113],[8.33506,46.54157],[8.33391,46.54253],[8.33341,46.54266],[8.33292,46.54337],[8.33233,46.54355],[8.33216,46.54497],[8.33171,46.54514],[8.33173,46.54528],[8.33091,46.54551],[8.33073,46.54603],[8.33039,46.54625],[8.3303,46.54657],[8.33065,46.54676],[8.33089,46.54728],[8.33037,46.54771],[8.33023,46.54821],[8.32959,46.54867],[8.32927,46.54949]]}},{"type":"Feature","properties":{"id":"jostbach-oberwald-vs","c":"VS","p":"patent","q":"official","k":"river","ns":1},"geometry":{"type":"LineString","coordinates":[[8.3426,46.52842],[8.34093,46.52927],[8.33818,46.52983],[8.33623,46.53159],[8.33413,46.53283],[8.33054,46.53359],[8.32999,46.53486],[8.32906,46.53601],[8.32748,46.53703],[8.32635,46.53748],[8.32594,46.53804],[8.32419,46.53882],[8.32295,46.53986],[8.32205,46.5403],[8.32167,46.54133],[8.32126,46.54172],[8.32049,46.54217],[8.31952,46.5423],[8.3181,46.54286],[8.31739,46.54329],[8.31678,46.54408],[8.3158,46.54434]]}},{"type":"Feature","properties":{"id":"uistre-talbach-schongebiet-vs","c":"VS","p":"closed","q":"official","k":"river"},"geometry":{"type":"LineString","coordinates":[[7.83432,46.44992],[7.8345,46.44906],[7.83513,46.44858],[7.83542,46.44796],[7.83538,46.44719],[7.83573,46.44647],[7.83701,46.44543],[7.83748,46.44454],[7.83871,46.44349],[7.84016,46.44273],[7.84194,46.44057],[7.84289,46.44016],[7.84423,46.43878],[7.84488,46.43863],[7.84724,46.43711],[7.85055,46.434],[7.85039,46.43325],[7.84961,46.43264],[7.84906,46.43157],[7.84774,46.43085],[7.84784,46.43046],[7.8468,46.42986],[7.84498,46.42924]]}},{"type":"Feature","properties":{"id":"innre-talbach-schongebiet-vs","c":"VS","p":"closed","q":"official","k":"river"},"geometry":{"type":"LineString","coordinates":[[7.86343,46.45373],[7.86321,46.4535],[7.86344,46.45303],[7.86315,46.45228],[7.86324,46.45143],[7.86274,46.4509],[7.86298,46.45056],[7.86283,46.44853],[7.86247,46.44798],[7.86224,46.44652],[7.86155,46.44586],[7.86223,46.44463],[7.86194,46.44363],[7.86208,46.44275],[7.86163,46.44195],[7.86205,46.44165],[7.86192,46.44005],[7.86135,46.43849],[7.8617,46.43776],[7.86108,46.43694],[7.86121,46.43363]]}},{"type":"Feature","properties":{"id":"rhone-raron-st-german-gampel-vs","c":"VS","p":"patent","q":"official","k":"river","ns":1},"geometry":{"type":"LineString","coordinates":[[7.74325,46.30632],[7.75687,46.30912],[7.76077,46.30881],[7.78144,46.30609],[7.79545,46.3061],[7.80068,46.30692],[7.80884,46.30689],[7.82763,46.30853],[7.83113,46.30827]]}},{"type":"Feature","properties":{"id":"rhone-leuk-susten-chippis-vs-2","c":"VS","p":"patent","q":"official","k":"river","ns":1},"geometry":{"type":"LineString","coordinates":[[7.63762,46.31207],[7.63446,46.31175],[7.63348,46.31184],[7.6313,46.31299],[7.62959,46.3133],[7.62698,46.31479],[7.62382,46.31516],[7.62206,46.31506],[7.61906,46.31537],[7.61409,46.31524],[7.61183,46.31484],[7.60978,46.31429],[7.60879,46.31385],[7.60775,46.31379],[7.60726,46.31358],[7.6055,46.31352],[7.60391,46.31314],[7.60226,46.31339],[7.60032,46.31287],[7.5992,46.31285],[7.59574,46.31017],[7.59372,46.30905],[7.59254,46.30797],[7.5883,46.30547],[7.58662,46.30546],[7.58511,46.30482],[7.58324,46.30474],[7.58105,46.30389],[7.57645,46.30363],[7.5738,46.30294],[7.57187,46.30175],[7.57078,46.30148],[7.56841,46.30012],[7.56669,46.29876],[7.56609,46.29751],[7.56254,46.29646],[7.56125,46.29623],[7.56005,46.29627],[7.55881,46.29596],[7.55491,46.29545],[7.55428,46.29521],[7.55395,46.29467],[7.55424,46.28947],[7.55485,46.28836],[7.55456,46.2871],[7.55397,46.28649],[7.55306,46.28586],[7.55031,46.28456],[7.5418,46.28248]]}},{"type":"Feature","properties":{"id":"rhone-leuk-gampel-susten-vs","c":"VS","p":"patent","q":"official","k":"river","ns":1},"geometry":{"type":"LineString","coordinates":[[7.63762,46.31207],[7.63984,46.31265],[7.64147,46.3128],[7.64545,46.31254],[7.64756,46.31198],[7.64948,46.31051],[7.65184,46.30977],[7.66594,46.30668],[7.66961,46.30616],[7.67253,46.30594],[7.67539,46.30589],[7.68161,46.30652],[7.69149,46.30831],[7.69584,46.30981],[7.70716,46.31021],[7.71196,46.30998],[7.73839,46.3063],[7.741,46.30615],[7.74325,46.30632]]}},{"type":"Feature","properties":{"id":"canal-de-fully-vs","c":"VS","p":"patent","q":"official","k":"river","ns":1},"geometry":{"type":"LineString","coordinates":[[7.08901,46.12686],[7.09141,46.12815],[7.09446,46.12924],[7.09903,46.12998],[7.1063,46.13192],[7.11295,46.13482],[7.11624,46.13701],[7.11818,46.13876],[7.12277,46.14223]]}},{"type":"Feature","properties":{"id":"canal-de-fully-reserve-vs","c":"VS","p":"closed","q":"official","k":"river"},"geometry":{"type":"LineString","coordinates":[[7.0857,46.12511],[7.08901,46.12686]]}},{"type":"Feature","properties":{"id":"canal-du-milieu-saillon-vs","c":"VS","p":"patent","q":"official","k":"canal","ns":1},"geometry":{"type":"LineString","coordinates":[[7.15384,46.15596],[7.16422,46.15918]]}},{"type":"Feature","properties":{"id":"canal-du-milieu-saillon-vs-2","c":"VS","p":"patent","q":"official","k":"canal","ns":1},"geometry":{"type":"LineString","coordinates":[[7.16674,46.15999],[7.17576,46.16287]]}},{"type":"Feature","properties":{"id":"canal-du-milieu-saillon-reserve-vs","c":"VS","p":"closed","q":"official","k":"river"},"geometry":{"type":"LineString","coordinates":[[7.16422,46.15918],[7.16674,46.15999]]}},{"type":"Feature","properties":{"id":"nant-de-choex-reserve-vs","c":"VS","p":"closed","q":"official","k":"river"},"geometry":{"type":"LineString","coordinates":[[6.96666,46.25028],[6.96243,46.24884],[6.95966,46.24749],[6.9594,46.24641],[6.95966,46.24487],[6.95918,46.24451],[6.95919,46.24413]]}},{"type":"Feature","properties":{"id":"phuela-schongebiet-vs","c":"VS","p":"closed","q":"official","k":"river"},"geometry":{"type":"LineString","coordinates":[[7.68468,46.31028],[7.68509,46.31012],[7.6867,46.31022],[7.68772,46.31074],[7.68969,46.3113]]}},{"type":"Feature","properties":{"id":"nesselbach-vs","c":"VS","p":"patent","q":"official","k":"river","ns":1},"geometry":{"type":"LineString","coordinates":[[8.00428,46.27238],[8.00497,46.27277],[8.00587,46.27456],[8.01043,46.27885],[8.01108,46.27909],[8.01195,46.27991],[8.0144,46.28153],[8.01464,46.28249],[8.01509,46.28284],[8.01759,46.28393],[8.01781,46.28479],[8.01829,46.2852],[8.02027,46.28599],[8.02056,46.28643],[8.02124,46.28668],[8.02271,46.28777],[8.02266,46.28818],[8.02339,46.28881],[8.02353,46.28921]]}},{"type":"Feature","properties":{"id":"gamsa-vs-3","c":"VS","p":"patent","q":"official","k":"river","ns":1},"geometry":{"type":"LineString","coordinates":[[7.96158,46.22838],[7.96099,46.22909],[7.96115,46.23005],[7.9603,46.23077],[7.95973,46.23185],[7.95895,46.23282],[7.95782,46.23372],[7.95772,46.23411],[7.95777,46.23483],[7.9581,46.23534],[7.95763,46.23633],[7.95732,46.23786],[7.95756,46.23842],[7.95751,46.23933],[7.95638,46.24061],[7.95637,46.24113],[7.95685,46.24183],[7.95687,46.24231],[7.95657,46.24353],[7.95669,46.24549],[7.95638,46.24605],[7.95659,46.24645],[7.95599,46.24774],[7.95665,46.24936],[7.95652,46.25103]]}},{"type":"Feature","properties":{"id":"walibach-vs-2","c":"VS","p":"patent","q":"official","k":"river","ns":1},"geometry":{"type":"LineString","coordinates":[[8.04524,46.21744],[8.04542,46.21696],[8.04496,46.21638],[8.04498,46.21517],[8.04372,46.21332],[8.04265,46.21274],[8.04266,46.21197],[8.04185,46.21094]]}},{"type":"Feature","properties":{"id":"kelchbach-schongebiet-vs","c":"VS","p":"closed","q":"official","k":"river"},"geometry":{"type":"LineString","coordinates":[[7.98831,46.32926],[7.9869,46.32829],[7.9871,46.32754],[7.98792,46.32709],[7.9913,46.3236],[7.99101,46.32116]]}},{"type":"Feature","properties":{"id":"reservat-fischzucht-biel-vs","c":"VS","p":"closed","q":"official","k":"river"},"geometry":{"type":"LineString","coordinates":[[8.21788,46.44997],[8.21707,46.44948],[8.21624,46.4493],[8.21499,46.44957],[8.21474,46.44982]]}},{"type":"Feature","properties":{"id":"schongebiet-vs","c":"VS","p":"closed","q":"official","k":"river"},"geometry":{"type":"LineString","coordinates":[[8.36356,46.56318],[8.36263,46.56381],[8.36243,46.56417],[8.36311,46.56537]]}},{"type":"Feature","properties":{"id":"schongebiet-vs-2","c":"VS","p":"closed","q":"official","k":"river"},"geometry":{"type":"LineString","coordinates":[[8.3628,46.56496],[8.36261,46.56532]]}},{"type":"Feature","properties":{"id":"schongebiet-vs-3","c":"VS","p":"closed","q":"official","k":"river"},"geometry":{"type":"LineString","coordinates":[[8.36269,46.56457],[8.36236,46.56511]]}},{"type":"Feature","properties":{"id":"cours-d-eau-0-vs","c":"VS","p":"patent","q":"official","k":"river","ns":1},"geometry":{"type":"LineString","coordinates":[[8.36587,46.56446],[8.36652,46.56428]]}},{"type":"Feature","properties":{"id":"cours-d-eau-0-vs-2","c":"VS","p":"patent","q":"official","k":"river","ns":1},"geometry":{"type":"LineString","coordinates":[[8.36738,46.56461],[8.36819,46.5647]]}},{"type":"Feature","properties":{"id":"cours-d-eau-0-vs-3","c":"VS","p":"patent","q":"official","k":"river","ns":1},"geometry":{"type":"LineString","coordinates":[[8.36878,46.56532],[8.36931,46.56552],[8.36984,46.5661]]}},{"type":"Feature","properties":{"id":"cours-d-eau-0-vs-4","c":"VS","p":"patent","q":"official","k":"river","ns":1},"geometry":{"type":"LineString","coordinates":[[8.37005,46.5661],[8.37062,46.5659],[8.372,46.566]]}},{"type":"Feature","properties":{"id":"cours-d-eau-0-vs-5","c":"VS","p":"patent","q":"official","k":"river","ns":1},"geometry":{"type":"LineString","coordinates":[[8.37124,46.56614],[8.37277,46.56642]]}},{"type":"Feature","properties":{"id":"cours-d-eau-0-vs-6","c":"VS","p":"patent","q":"official","k":"river","ns":1},"geometry":{"type":"LineString","coordinates":[[8.3777,46.56915],[8.3767,46.56846]]}},{"type":"Feature","properties":{"id":"cours-d-eau-0-vs-7","c":"VS","p":"patent","q":"official","k":"river","ns":1},"geometry":{"type":"LineString","coordinates":[[8.371,46.56624],[8.37192,46.56661],[8.37289,46.56663],[8.37362,46.56691]]}},{"type":"Feature","properties":{"id":"cours-d-eau-0-vs-8","c":"VS","p":"patent","q":"official","k":"river","ns":1},"geometry":{"type":"LineString","coordinates":[[8.37438,46.5671],[8.37509,46.56726],[8.37631,46.56807]]}},{"type":"Feature","properties":{"id":"cours-d-eau-0-vs-9","c":"VS","p":"patent","q":"official","k":"river","ns":1},"geometry":{"type":"LineString","coordinates":[[8.37528,46.56772],[8.37559,46.56804]]}},{"type":"Feature","properties":{"id":"cours-d-eau-0-vs-10","c":"VS","p":"patent","q":"official","k":"river","ns":1},"geometry":{"type":"LineString","coordinates":[[8.37732,46.56878],[8.37774,46.56878],[8.37813,46.56921]]}},{"type":"Feature","properties":{"id":"cours-d-eau-0-vs-11","c":"VS","p":"patent","q":"official","k":"river","ns":1},"geometry":{"type":"LineString","coordinates":[[8.37934,46.57082],[8.3787,46.57053],[8.37876,46.56978],[8.37838,46.56939]]}},{"type":"Feature","properties":{"id":"cours-d-eau-0-vs-12","c":"VS","p":"patent","q":"official","k":"river","ns":1},"geometry":{"type":"LineString","coordinates":[[8.38056,46.5715],[8.38009,46.57107]]}},{"type":"Feature","properties":{"id":"cours-d-eau-0-vs-13","c":"VS","p":"patent","q":"official","k":"river","ns":1},"geometry":{"type":"LineString","coordinates":[[8.38136,46.57332],[8.38134,46.57272],[8.38081,46.57185]]}},{"type":"Feature","properties":{"id":"cours-d-eau-0-vs-14","c":"VS","p":"patent","q":"official","k":"river","ns":1},"geometry":{"type":"LineString","coordinates":[[8.38112,46.5734],[8.38115,46.57283],[8.38066,46.57175]]}},{"type":"Feature","properties":{"id":"bras-lateral-rhone-schongebiet-vs","c":"VS","p":"closed","q":"official","k":"river"},"geometry":{"type":"LineString","coordinates":[[8.37374,46.57168],[8.3742,46.57255],[8.37407,46.5729]]}},{"type":"Feature","properties":{"id":"bras-lateral-rhone-schongebiet-vs-2","c":"VS","p":"closed","q":"official","k":"river"},"geometry":{"type":"LineString","coordinates":[[8.37003,46.56655],[8.37101,46.56676],[8.37414,46.56813]]}},{"type":"Feature","properties":{"id":"bras-lateral-rhone-schongebiet-vs-3","c":"VS","p":"closed","q":"official","k":"river"},"geometry":{"type":"LineString","coordinates":[[8.37108,46.56679],[8.37204,46.56677],[8.37356,46.56741],[8.37449,46.56753],[8.37524,46.56806],[8.37601,46.56826],[8.37626,46.56862],[8.37731,46.56903]]}},{"type":"Feature","properties":{"id":"bras-lateral-rhone-vs","c":"VS","p":"patent","q":"official","k":"river","ns":1},"geometry":{"type":"LineString","coordinates":[[8.38161,46.57258],[8.38191,46.57306],[8.38282,46.57323],[8.38334,46.57435],[8.38382,46.57467],[8.38402,46.57559],[8.38439,46.57572]]}},{"type":"Feature","properties":{"id":"bras-lateral-rhone-vs-2","c":"VS","p":"patent","q":"official","k":"river","ns":1},"geometry":{"type":"LineString","coordinates":[[8.38282,46.57323],[8.38758,46.57529]]}},{"type":"Feature","properties":{"id":"bras-lateral-rhone-vs-3","c":"VS","p":"patent","q":"official","k":"river","ns":1},"geometry":{"type":"LineString","coordinates":[[8.38131,46.57206],[8.38317,46.57279],[8.38345,46.5731],[8.38449,46.57344],[8.3859,46.57429],[8.38721,46.57464],[8.38829,46.57526],[8.39057,46.57612]]}},{"type":"Feature","properties":{"id":"rhone-vs","c":"VS","p":"patent","q":"official","k":"river","ns":1},"geometry":{"type":"LineString","coordinates":[[8.24787,46.50158],[8.24806,46.50177],[8.24792,46.50197],[8.24733,46.50216],[8.24643,46.50313]]}},{"type":"Feature","properties":{"id":"reckingenbach-vs","c":"VS","p":"patent","q":"official","k":"river","ns":1},"geometry":{"type":"LineString","coordinates":[[8.21601,46.48715],[8.21589,46.48779],[8.2148,46.4885],[8.21246,46.48909],[8.21202,46.49098]]}},{"type":"Feature","properties":{"id":"reckingenbach-vs-2","c":"VS","p":"patent","q":"official","k":"river","ns":1},"geometry":{"type":"LineString","coordinates":[[8.21601,46.48715],[8.21437,46.48709],[8.21329,46.4874],[8.21344,46.48906],[8.21317,46.48928],[8.21303,46.49011],[8.21212,46.49138]]}},{"type":"Feature","properties":{"id":"merezebach-vs","c":"VS","p":"patent","q":"official","k":"river","ns":1},"geometry":{"type":"LineString","coordinates":[[8.30104,46.45556],[8.30105,46.45456],[8.2999,46.45452],[8.29847,46.4535]]}},{"type":"Feature","properties":{"id":"merezebach-vs-2","c":"VS","p":"patent","q":"official","k":"river","ns":1},"geometry":{"type":"LineString","coordinates":[[8.29739,46.45502],[8.29827,46.45531],[8.29993,46.45504]]}},{"type":"Feature","properties":{"id":"merezebach-vs-3","c":"VS","p":"patent","q":"official","k":"river","ns":1},"geometry":{"type":"LineString","coordinates":[[8.30001,46.46101],[8.30036,46.46086],[8.30071,46.46021],[8.30249,46.45949]]}},{"type":"Feature","properties":{"id":"merezebach-vs-4","c":"VS","p":"patent","q":"official","k":"river","ns":1},"geometry":{"type":"LineString","coordinates":[[8.29949,46.4614],[8.29935,46.4606]]}},{"type":"Feature","properties":{"id":"merezebach-vs-5","c":"VS","p":"patent","q":"official","k":"river","ns":1},"geometry":{"type":"LineString","coordinates":[[8.30893,46.45246],[8.30913,46.45216]]}},{"type":"Feature","properties":{"id":"merezebach-vs-6","c":"VS","p":"patent","q":"official","k":"river","ns":1},"geometry":{"type":"LineString","coordinates":[[8.30582,46.45432],[8.3066,46.45329]]}},{"type":"Feature","properties":{"id":"merezebach-vs-7","c":"VS","p":"patent","q":"official","k":"river","ns":1},"geometry":{"type":"LineString","coordinates":[[8.30266,46.45714],[8.30274,46.45635],[8.30337,46.45572],[8.30334,46.45551]]}},{"type":"Feature","properties":{"id":"binna-vs-2","c":"VS","p":"patent","q":"official","k":"river","ns":1},"geometry":{"type":"LineString","coordinates":[[8.2546,46.37607],[8.25536,46.37582],[8.25681,46.37616],[8.2571,46.37638]]}},{"type":"Feature","properties":{"id":"binna-vs-3","c":"VS","p":"patent","q":"official","k":"river","ns":1},"geometry":{"type":"LineString","coordinates":[[8.24458,46.37491],[8.24385,46.37491],[8.24335,46.37441]]}},{"type":"Feature","properties":{"id":"canal-riddes-saillon-vs","c":"VS","p":"patent","q":"official","k":"canal","ns":1},"geometry":{"type":"LineString","coordinates":[[7.20226,46.1751],[7.20202,46.17599],[7.20496,46.17753],[7.20623,46.17793],[7.20879,46.1785],[7.21774,46.17893]]}},{"type":"Feature","properties":{"id":"feevispa-vs","c":"VS","p":"patent","q":"official","k":"river","ns":1},"geometry":{"type":"LineString","coordinates":[[7.93844,46.11704],[7.93893,46.11514],[7.9401,46.1145],[7.94053,46.11335],[7.94009,46.11211],[7.93958,46.11192],[7.9373,46.11187],[7.93602,46.11033],[7.93446,46.1092],[7.93333,46.10872],[7.93235,46.10885],[7.92988,46.1079],[7.92792,46.10659],[7.92619,46.10591],[7.92556,46.10522],[7.9253,46.10448],[7.92442,46.10413],[7.92379,46.10339],[7.92259,46.10259],[7.91984,46.10112],[7.91983,46.10061],[7.9194,46.09987],[7.91976,46.09939],[7.91975,46.09801],[7.91928,46.09771],[7.91791,46.09733],[7.91732,46.09693],[7.91619,46.09702]]}},{"type":"Feature","properties":{"id":"torrent-de-verbier-vs","c":"VS","p":"patent","q":"official","k":"river","ns":1},"geometry":{"type":"LineString","coordinates":[[7.21394,46.08681],[7.21489,46.08752],[7.21524,46.08752],[7.21681,46.08909],[7.21747,46.09091],[7.21787,46.09345],[7.21864,46.09446],[7.21996,46.09502],[7.22017,46.09564],[7.21948,46.09605],[7.22009,46.09697],[7.21999,46.0975],[7.2211,46.10016],[7.22136,46.10261],[7.22164,46.10298],[7.22146,46.10391],[7.22202,46.10444],[7.22174,46.10484],[7.22196,46.10568],[7.2218,46.1072],[7.22104,46.10893],[7.22115,46.10971],[7.2206,46.11016],[7.22002,46.11135],[7.221,46.1133],[7.22089,46.11377],[7.2211,46.11438]]}},{"type":"Feature","properties":{"id":"trufferkanal-vs","c":"VS","p":"patent","q":"official","k":"canal","ns":1},"geometry":{"type":"LineString","coordinates":[[7.96606,46.31048],[7.9676,46.31234],[7.96986,46.31343],[7.97054,46.31395],[7.97219,46.3146]]}},{"type":"Feature","properties":{"id":"bruchi-blindbach-vs","c":"VS","p":"patent","q":"official","k":"river","ns":1},"geometry":{"type":"LineString","coordinates":[[7.97641,46.3868],[7.97664,46.38552],[7.97715,46.38511],[7.97704,46.38463],[7.97645,46.38417],[7.97599,46.38276],[7.97496,46.38174],[7.97451,46.38161],[7.97385,46.38083],[7.97388,46.37996],[7.97521,46.37912],[7.97529,46.37869],[7.97576,46.37818],[7.97606,46.37825],[7.97702,46.37797],[7.97757,46.37661],[7.97735,46.3763],[7.97786,46.37556],[7.98155,46.3726],[7.98431,46.37074],[7.9853,46.36799],[7.98579,46.36724],[7.98632,46.36662],[7.98725,46.36617],[7.98771,46.36555],[7.98836,46.36521],[7.9883,46.36492],[7.98871,46.36444],[7.98867,46.36375],[7.98807,46.36314],[7.98812,46.36272],[7.98742,46.36177],[7.98753,46.361],[7.98698,46.36018],[7.98752,46.35961],[7.98672,46.35835],[7.98702,46.3575],[7.98773,46.35738],[7.98835,46.35666]]}},{"type":"Feature","properties":{"id":"bruchi-blindbach-vs-2","c":"VS","p":"closed","q":"official","k":"river"},"geometry":{"type":"LineString","coordinates":[[7.98835,46.35666],[7.98853,46.35626],[7.98827,46.35535],[7.98911,46.3549],[7.98939,46.35373],[7.99011,46.35305],[7.9899,46.35221],[7.98954,46.35185],[7.98968,46.35086],[7.9888,46.34949],[7.98878,46.34867],[7.98847,46.34828],[7.98829,46.34732],[7.98767,46.34712],[7.98749,46.34656],[7.98504,46.34479],[7.98483,46.34374],[7.98441,46.3432],[7.98394,46.34297]]}},{"type":"Feature","properties":{"id":"russen-russubrunnu-vs-2","c":"VS","p":"patent","q":"official","k":"canal","ns":1},"geometry":{"type":"LineString","coordinates":[[7.59081,46.31066],[7.59168,46.31113],[7.59442,46.31069],[7.59556,46.31124],[7.59599,46.31182],[7.59723,46.31226]]}},{"type":"Feature","properties":{"id":"russen-russubrunnu-reserve-vs","c":"VS","p":"closed","q":"official","k":"river"},"geometry":{"type":"LineString","coordinates":[[7.58714,46.30986],[7.58821,46.31001],[7.5895,46.30978],[7.59081,46.31066]]}},{"type":"Feature","properties":{"id":"canal-amont-pisciculture-sierre-reserve-vs","c":"VS","p":"closed","q":"official","k":"river"},"geometry":{"type":"LineString","coordinates":[[7.57538,46.30419],[7.57866,46.30494],[7.57947,46.30551],[7.58011,46.30634]]}},{"type":"Feature","properties":{"id":"canal-la-loena-reserve-vs-2","c":"VS","p":"closed","q":"official","k":"river"},"geometry":{"type":"LineString","coordinates":[[6.98978,46.24192],[6.98958,46.24107],[6.99023,46.24019],[6.99059,46.23901],[6.9898,46.2382]]}},{"type":"Feature","properties":{"id":"torrents-du-lac-de-champex-reserve-vs-2","c":"VS","p":"closed","q":"official","k":"river"},"geometry":{"type":"LineString","coordinates":[[7.10775,46.03058],[7.10825,46.03082],[7.10855,46.03069],[7.10885,46.03093]]}},{"type":"Feature","properties":{"id":"torrents-du-lac-de-champex-reserve-vs-3","c":"VS","p":"closed","q":"official","k":"river"},"geometry":{"type":"LineString","coordinates":[[7.10855,46.03069],[7.10908,46.03076]]}},{"type":"Feature","properties":{"id":"canal-aval-pisciculture-sierre-reserve-vs","c":"VS","p":"closed","q":"official","k":"river"},"geometry":{"type":"LineString","coordinates":[[7.56836,46.30202],[7.56784,46.3014],[7.56705,46.30095],[7.56724,46.30053],[7.56691,46.30053],[7.5669,46.30021],[7.56633,46.29996],[7.56629,46.29961],[7.56492,46.29866],[7.56393,46.29894],[7.5638,46.29929],[7.56336,46.29928],[7.56337,46.29952],[7.56281,46.29941],[7.56297,46.29976],[7.56271,46.29947],[7.56232,46.2994]]}},{"type":"Feature","properties":{"id":"saaservispa-36-1-schongebiet-vs","c":"VS","p":"closed","q":"official","k":"river"},"geometry":{"type":"LineString","coordinates":[[7.96379,46.04986],[7.96391,46.05006],[7.96008,46.05388],[7.96061,46.05466],[7.9597,46.05517],[7.95976,46.0554],[7.95858,46.05679],[7.95874,46.05786],[7.95919,46.05868],[7.95842,46.06039],[7.95879,46.06137],[7.95732,46.06316],[7.95776,46.06423],[7.9575,46.06511],[7.95774,46.06545],[7.95768,46.06619],[7.95736,46.06693],[7.95667,46.06736],[7.95637,46.06911],[7.95593,46.06971],[7.95582,46.07104],[7.95611,46.07174],[7.95618,46.07301],[7.95594,46.07462],[7.95639,46.0775]]}},{"type":"Feature","properties":{"id":"bierle-reserve-vs","c":"VS","p":"closed","q":"official","k":"river"},"geometry":{"type":"LineString","coordinates":[[6.99035,46.06426],[6.99087,46.06395]]}},{"type":"Feature","properties":{"id":"turtmaenna-40-1-partielles-schongebiet-vs","c":"VS","p":"patent","q":"official","k":"river","ns":1},"geometry":{"type":"LineString","coordinates":[[7.71263,46.23534],[7.71328,46.23569],[7.71349,46.23668],[7.7132,46.2371],[7.71317,46.23777],[7.71233,46.23887],[7.71165,46.24038],[7.71184,46.24093],[7.71155,46.24183],[7.71202,46.24309],[7.71157,46.24362],[7.71148,46.24442],[7.71177,46.24496],[7.71118,46.24549],[7.70965,46.24857],[7.70988,46.24933],[7.71068,46.24975],[7.71153,46.2506],[7.71164,46.25134],[7.71259,46.2526],[7.71279,46.25319],[7.71265,46.25417],[7.71311,46.25473],[7.71382,46.25809],[7.7134,46.25884],[7.71347,46.25969],[7.71311,46.26001],[7.71254,46.26153],[7.71264,46.26251],[7.71132,46.26416]]}},{"type":"Feature","properties":{"id":"saltina-27-1-partielles-schongebiet-vs","c":"VS","p":"patent","q":"official","k":"river","ns":1},"geometry":{"type":"LineString","coordinates":[[8.00329,46.30438],[8.00326,46.30324],[8.00377,46.30236],[8.00461,46.30184],[8.00592,46.30175],[8.00654,46.30139],[8.00666,46.30118],[8.00631,46.30001],[8.0078,46.29941],[8.00906,46.29966],[8.00943,46.29958],[8.00979,46.29867],[8.01022,46.29831]]}},{"type":"Feature","properties":{"id":"bierle-reserve-vs-2","c":"VS","p":"closed","q":"official","k":"river"},"geometry":{"type":"LineString","coordinates":[[6.98927,46.06477],[6.98971,46.06465]]}},{"type":"Feature","properties":{"id":"lizerne-vs-6","c":"VS","p":"patent","q":"official","k":"river","ns":1},"geometry":{"type":"LineString","coordinates":[[7.23565,46.28849],[7.23564,46.2885],[7.23563,46.2885],[7.23561,46.2885],[7.23557,46.28851],[7.2355,46.28849],[7.23493,46.28807],[7.23499,46.28768],[7.23537,46.28755],[7.23627,46.28792],[7.23565,46.28817],[7.23565,46.2885]]}},{"type":"Feature","properties":{"id":"canal-sion-riddes-vs","c":"VS","p":"patent","q":"official","k":"canal","ns":1},"geometry":{"type":"LineString","coordinates":[[7.28058,46.202],[7.2977,46.20754],[7.30873,46.21007],[7.31412,46.21252]]}},{"type":"Feature","properties":{"id":"canal-sion-riddes-reserve-vs","c":"VS","p":"closed","q":"official","k":"river"},"geometry":{"type":"LineString","coordinates":[[7.27176,46.20002],[7.2775,46.20103],[7.28058,46.202]]}},{"type":"Feature","properties":{"id":"torrent-de-verbier-vs-2","c":"VS","p":"patent","q":"official","k":"river","ns":1},"geometry":{"type":"LineString","coordinates":[[7.22134,46.10202],[7.21913,46.10321],[7.21686,46.1038]]}},{"type":"Feature","properties":{"id":"torrent-de-verbier-vs-3","c":"VS","p":"patent","q":"official","k":"river","ns":1},"geometry":{"type":"LineString","coordinates":[[7.23189,46.1074],[7.23146,46.10696],[7.23154,46.1062],[7.2311,46.10591],[7.23106,46.10552],[7.23076,46.10548],[7.23071,46.10508],[7.23019,46.1047],[7.23028,46.10453],[7.22943,46.1039],[7.22932,46.10356],[7.22894,46.10342],[7.22857,46.10213],[7.22764,46.10182],[7.22713,46.10074],[7.22598,46.09953],[7.22605,46.09922],[7.2256,46.09887],[7.22515,46.09778],[7.22435,46.09768],[7.22402,46.0972],[7.22274,46.09666],[7.22179,46.09655],[7.22143,46.09623],[7.22092,46.09623],[7.22064,46.0958],[7.22017,46.09564]]}},{"type":"Feature","properties":{"id":"torrent-de-verbier-vs-4","c":"VS","p":"patent","q":"official","k":"river","ns":1},"geometry":{"type":"LineString","coordinates":[[7.24228,46.1002],[7.24151,46.09985],[7.23925,46.10007],[7.23777,46.10075],[7.23615,46.10099],[7.23435,46.10163],[7.23136,46.10136],[7.22931,46.10036],[7.22831,46.09918],[7.22717,46.09872],[7.22662,46.09802],[7.22616,46.098],[7.22553,46.09761],[7.22471,46.09763]]}},{"type":"Feature","properties":{"id":"torrent-de-medieres-vs","c":"VS","p":"patent","q":"official","k":"river","ns":1},"geometry":{"type":"LineString","coordinates":[[7.22571,46.09261],[7.22274,46.09176],[7.22244,46.091],[7.22126,46.08948],[7.21947,46.08871],[7.21825,46.08757],[7.21538,46.08684],[7.21416,46.0869],[7.21268,46.08621],[7.2111,46.08508],[7.21062,46.08437],[7.21052,46.08327],[7.21,46.08188]]}},{"type":"Feature","properties":{"id":"canal-de-la-blancherie-reserve-vs","c":"VS","p":"closed","q":"official","k":"river"},"geometry":{"type":"LineString","coordinates":[[7.32848,46.22097],[7.31964,46.21902],[7.31602,46.21381]]}},{"type":"Feature","properties":{"id":"liene-reserve-vs","c":"VS","p":"closed","q":"official","k":"river"},"geometry":{"type":"LineString","coordinates":[[7.43193,46.29356],[7.43101,46.29327],[7.43064,46.29286],[7.4308,46.29248],[7.43009,46.29189],[7.42995,46.29092],[7.43079,46.29026],[7.431,46.28905],[7.43076,46.28818],[7.42923,46.28734],[7.42878,46.28692],[7.42878,46.28615],[7.4284,46.28598],[7.42883,46.28479],[7.42849,46.28409],[7.42814,46.284],[7.42788,46.28279],[7.42747,46.28241],[7.42797,46.2819],[7.42741,46.2812],[7.42763,46.2805],[7.42727,46.28003],[7.4268,46.27997],[7.42644,46.27961],[7.42556,46.27949],[7.42507,46.27906]]}},{"type":"Feature","properties":{"id":"la-morge-vs-2","c":"VS","p":"patent","q":"official","k":"river","ns":1},"geometry":{"type":"LineString","coordinates":[[7.32228,46.27079],[7.32288,46.26937],[7.32183,46.26871],[7.322,46.26834],[7.31965,46.2669],[7.32029,46.26562],[7.31971,46.26534],[7.31908,46.26415],[7.31915,46.26305],[7.31844,46.2627],[7.31828,46.26236],[7.31851,46.26136],[7.31833,46.26096],[7.31767,46.26058],[7.31735,46.25982],[7.31696,46.25959],[7.3169,46.25918],[7.31728,46.25863],[7.31595,46.2575],[7.31657,46.25705],[7.31666,46.25643],[7.31654,46.2562],[7.316,46.25608],[7.31361,46.25474],[7.31254,46.2538],[7.31244,46.25326],[7.31185,46.2527],[7.31223,46.25221],[7.31239,46.25119],[7.31167,46.25047],[7.31136,46.2496],[7.31021,46.24843],[7.31015,46.24709],[7.30968,46.24639],[7.31067,46.24562],[7.30926,46.24377],[7.30972,46.24196],[7.31021,46.24152],[7.31146,46.24142],[7.31172,46.24123],[7.31182,46.24054],[7.31147,46.23928],[7.31101,46.23872],[7.31063,46.23708],[7.30984,46.23578],[7.31136,46.23325],[7.31161,46.23227],[7.31207,46.23165],[7.31201,46.23121],[7.31271,46.23019],[7.31316,46.22648],[7.31299,46.22492]]}},{"type":"Feature","properties":{"id":"liene-vs-3","c":"VS","p":"patent","q":"official","k":"river","ns":1},"geometry":{"type":"LineString","coordinates":[[7.42508,46.27906],[7.4243,46.27702],[7.42338,46.27644],[7.42421,46.27608],[7.42443,46.27575],[7.42444,46.27528],[7.42409,46.27492],[7.42473,46.27417],[7.42451,46.2736],[7.42407,46.27341],[7.42419,46.273],[7.42347,46.27187],[7.42368,46.27127],[7.42313,46.27093],[7.42287,46.27013],[7.42348,46.26904],[7.42341,46.26875],[7.42212,46.26839],[7.42139,46.26795],[7.41981,46.26778],[7.41969,46.267],[7.41864,46.26644],[7.41808,46.26516],[7.41735,46.2648],[7.41624,46.26375],[7.41553,46.26336],[7.41516,46.26236],[7.41366,46.26188],[7.41111,46.25928],[7.41109,46.25895],[7.4121,46.25822],[7.41244,46.25771],[7.41265,46.25627],[7.41317,46.256],[7.41378,46.25599],[7.415,46.25501],[7.41606,46.25491],[7.42183,46.24343],[7.42241,46.24263],[7.42246,46.24179]]}},{"type":"Feature","properties":{"id":"l-avancon-vs-9","c":"VS","p":"patent","q":"official","k":"river","ns":1},"geometry":{"type":"LineString","coordinates":[[6.89637,46.31897],[6.89931,46.31997],[6.90125,46.32145],[6.90251,46.32176]]}},{"type":"Feature","properties":{"id":"fossau-vs-3","c":"VS","p":"patent","q":"official","k":"river","ns":1},"geometry":{"type":"LineString","coordinates":[[6.89082,46.33947],[6.89458,46.34063],[6.8953,46.34103]]}},{"type":"Feature","properties":{"id":"la-printse-vs-2","c":"VS","p":"patent","q":"official","k":"river","ns":1},"geometry":{"type":"LineString","coordinates":[[7.32335,46.18144],[7.32366,46.17893],[7.32336,46.17856],[7.3231,46.17709],[7.32255,46.17685],[7.32271,46.17662],[7.32243,46.17525],[7.32087,46.17336],[7.32062,46.17197],[7.32024,46.17137],[7.3204,46.17107],[7.32103,46.17076],[7.32112,46.17036],[7.32063,46.16984],[7.31967,46.16968],[7.319,46.16908],[7.31889,46.168],[7.31943,46.16754],[7.31957,46.16688],[7.31891,46.16617],[7.31916,46.16548],[7.31854,46.16469],[7.31873,46.16405],[7.31912,46.1637],[7.31913,46.16324],[7.31871,46.16182],[7.31833,46.16154],[7.31839,46.16124],[7.31798,46.16069],[7.3183,46.15842],[7.31784,46.15783],[7.31794,46.15701],[7.31755,46.15618],[7.31739,46.15387],[7.31681,46.15319],[7.31695,46.15298],[7.31653,46.15235],[7.31676,46.15191],[7.3166,46.15166],[7.31674,46.1511],[7.31733,46.15041],[7.31724,46.14996],[7.31799,46.14951],[7.31774,46.14844],[7.31787,46.14816],[7.31715,46.14683],[7.31791,46.14642],[7.31804,46.14589],[7.31836,46.14578],[7.31726,46.14354],[7.31733,46.14139],[7.31655,46.14019],[7.31711,46.1375],[7.31667,46.137],[7.31678,46.1366],[7.31628,46.13589],[7.3167,46.13526],[7.3176,46.13466],[7.31796,46.13399],[7.3173,46.13256]]}},{"type":"Feature","properties":{"id":"la-printse-reserve-vs","c":"VS","p":"closed","q":"official","k":"river"},"geometry":{"type":"LineString","coordinates":[[7.3173,46.13256],[7.31675,46.13023],[7.3171,46.12949],[7.31709,46.12882],[7.31777,46.12798],[7.31734,46.12663],[7.31766,46.12634],[7.31762,46.12509],[7.31749,46.12414],[7.31668,46.1235],[7.31677,46.12239],[7.31622,46.12194],[7.31621,46.12152],[7.31733,46.12088],[7.3182,46.11859],[7.31936,46.11766],[7.31943,46.11683],[7.31908,46.11648],[7.31948,46.11576],[7.319,46.11496],[7.31965,46.11361],[7.32058,46.11321],[7.32183,46.11228]]}},{"type":"Feature","properties":{"id":"dranse-1-vs","c":"VS","p":"patent","q":"official","k":"river","ns":1},"geometry":{"type":"LineString","coordinates":[[7.15937,46.07832],[7.15731,46.07949],[7.15623,46.07985],[7.15542,46.07992],[7.154,46.07924],[7.15329,46.07922],[7.13996,46.08011],[7.13882,46.0801],[7.13622,46.07947],[7.13505,46.07975],[7.13405,46.07977],[7.13053,46.07848],[7.12781,46.07884],[7.12736,46.07879],[7.12614,46.07821],[7.12508,46.07801],[7.12253,46.07847],[7.11998,46.07929],[7.11646,46.07984],[7.11552,46.08017],[7.11301,46.08039],[7.1114,46.08083],[7.10735,46.08123],[7.10547,46.0816],[7.10245,46.08148],[7.10118,46.08187],[7.09822,46.08157],[7.09694,46.08208],[7.09594,46.08216],[7.09296,46.08173],[7.09068,46.08095],[7.08689,46.08122],[7.08582,46.08108],[7.08425,46.07994],[7.08339,46.07963],[7.07857,46.07862],[7.07786,46.07828],[7.07711,46.07823],[7.07577,46.07857],[7.07304,46.07668],[7.0713,46.07579],[7.06771,46.07581],[7.06585,46.07551],[7.06389,46.07463],[7.0615,46.07414],[7.06022,46.0734],[7.05888,46.07371],[7.05783,46.07375],[7.05674,46.07411],[7.05461,46.07418],[7.05391,46.07437],[7.05331,46.07487],[7.05324,46.07676],[7.05373,46.07842],[7.05482,46.07968],[7.05464,46.08125],[7.05494,46.08231],[7.05573,46.08359],[7.056,46.08479],[7.0572,46.08613],[7.05894,46.08955],[7.05897,46.09038],[7.05843,46.09241],[7.05851,46.09307],[7.06416,46.09877],[7.06567,46.10157],[7.06907,46.104],[7.07135,46.10513],[7.07226,46.10632],[7.07242,46.10697],[7.07208,46.10875],[7.07171,46.10917],[7.06624,46.12174],[7.06585,46.12519],[7.06607,46.12577]]}},{"type":"Feature","properties":{"id":"saaservispa-36-1-partielles-schongebiet-vs","c":"VS","p":"patent","q":"official","k":"river","ns":1},"geometry":{"type":"LineString","coordinates":[[7.95639,46.0775],[7.95662,46.07784],[7.95688,46.07998],[7.95921,46.08255],[7.95933,46.08404],[7.95897,46.0852],[7.95675,46.08749],[7.95619,46.08857],[7.95652,46.09343],[7.95562,46.09564],[7.95572,46.09685],[7.95529,46.09815],[7.95426,46.09889]]}},{"type":"Feature","properties":{"id":"galdikanal-vs-2","c":"VS","p":"patent","q":"official","k":"canal","ns":1},"geometry":{"type":"LineString","coordinates":[[7.79602,46.30757],[7.80574,46.30828],[7.81035,46.30761],[7.8118,46.30764],[7.81768,46.30927]]}},{"type":"Feature","properties":{"id":"galdikanal-schongebiet-vs","c":"VS","p":"closed","q":"official","k":"river"},"geometry":{"type":"LineString","coordinates":[[7.78029,46.31009],[7.79155,46.3074],[7.79264,46.30732],[7.79602,46.30757]]}},{"type":"Feature","properties":{"id":"la-sarvaz-reserve-vs","c":"VS","p":"closed","q":"official","k":"river"},"geometry":{"type":"LineString","coordinates":[[7.1715,46.16741],[7.17301,46.16885],[7.17469,46.16876],[7.17534,46.16911],[7.17566,46.16973]]}},{"type":"Feature","properties":{"id":"gougra-reserve-vs","c":"VS","p":"closed","q":"official","k":"river"},"geometry":{"type":"LineString","coordinates":[[7.57072,46.14275],[7.57027,46.14137],[7.57106,46.14032],[7.57071,46.14002],[7.57114,46.13843],[7.571,46.13921],[7.57169,46.13842]]}},{"type":"Feature","properties":{"id":"borgne-1-reserve-vs","c":"VS","p":"closed","q":"official","k":"river"},"geometry":{"type":"LineString","coordinates":[[7.40173,46.22935],[7.40089,46.22994],[7.39925,46.23039]]}},{"type":"Feature","properties":{"id":"evolena-vs","c":"VS","p":"patent","q":"official","k":"river","ns":1},"geometry":{"type":"LineString","coordinates":[[7.49254,46.11243],[7.49367,46.11184],[7.49408,46.11205]]}},{"type":"Feature","properties":{"id":"evolena-reserve-vs","c":"VS","p":"closed","q":"official","k":"river"},"geometry":{"type":"LineString","coordinates":[[7.49655,46.11227],[7.49759,46.11249],[7.49825,46.11244],[7.49822,46.11265],[7.49871,46.11289]]}},{"type":"Feature","properties":{"id":"borgne-1-vs-2","c":"VS","p":"patent","q":"official","k":"river","ns":1},"geometry":{"type":"LineString","coordinates":[[7.39925,46.23039],[7.39776,46.23083],[7.39652,46.23235],[7.39407,46.2331],[7.39185,46.23605],[7.38893,46.23775],[7.38434,46.24292],[7.38337,46.24365],[7.38233,46.24404]]}},{"type":"Feature","properties":{"id":"lizerne-reserve-vs","c":"VS","p":"closed","q":"official","k":"river"},"geometry":{"type":"LineString","coordinates":[[7.2243,46.28079],[7.22466,46.28089],[7.22488,46.28157],[7.22552,46.28196],[7.22612,46.28189],[7.22675,46.28216],[7.22818,46.28181]]}},{"type":"Feature","properties":{"id":"la-morge-vs-3","c":"VS","p":"patent","q":"official","k":"river","ns":1},"geometry":{"type":"LineString","coordinates":[[7.31051,46.22303],[7.30655,46.22022],[7.30542,46.21843],[7.30544,46.21697],[7.30881,46.20942],[7.30883,46.20824]]}},{"type":"Feature","properties":{"id":"la-morge-reserve-vs","c":"VS","p":"closed","q":"official","k":"river"},"geometry":{"type":"LineString","coordinates":[[7.31299,46.22492],[7.31051,46.22303]]}},{"type":"Feature","properties":{"id":"dranse-d-entremont-vs-7","c":"VS","p":"patent","q":"official","k":"river","ns":1},"geometry":{"type":"LineString","coordinates":[[7.18873,45.98223],[7.18809,45.98325],[7.18787,45.98431],[7.18714,45.9846],[7.18643,45.98455],[7.18559,45.98666],[7.18459,45.98724]]}},{"type":"Feature","properties":{"id":"dranse-d-entremont-reserve-vs","c":"VS","p":"closed","q":"official","k":"river"},"geometry":{"type":"LineString","coordinates":[[7.18459,45.98724],[7.18403,45.98793],[7.18388,45.98868],[7.18229,45.98973]]}},{"type":"Feature","properties":{"id":"fare-de-chassoure-reserve-vs","c":"VS","p":"closed","q":"official","k":"river"},"geometry":{"type":"LineString","coordinates":[[7.25762,46.1204],[7.25791,46.11965],[7.25832,46.11942],[7.25895,46.1185],[7.26093,46.11736],[7.26216,46.11715],[7.2631,46.1167],[7.26329,46.11628],[7.2641,46.11575],[7.26408,46.11524],[7.26331,46.11471],[7.26422,46.11387],[7.26423,46.11356],[7.26591,46.11219],[7.26654,46.11138],[7.26728,46.11036],[7.26766,46.10895],[7.26796,46.10871],[7.26897,46.10848],[7.26972,46.10867],[7.27006,46.10924],[7.27145,46.1089]]}},{"type":"Feature","properties":{"id":"saufla-vs-2","c":"VS","p":"patent","q":"official","k":"river","ns":1},"geometry":{"type":"LineString","coordinates":[[6.87242,46.15194],[6.87313,46.15003],[6.87462,46.14881],[6.87468,46.14802],[6.8751,46.14729],[6.87569,46.14694],[6.8762,46.14611],[6.87826,46.14474],[6.87855,46.1438],[6.87922,46.14343],[6.87929,46.14301],[6.88099,46.14223],[6.8807,46.14116],[6.88123,46.14095],[6.88115,46.13998],[6.8822,46.1388]]}},{"type":"Feature","properties":{"id":"saufla-reserve-vs","c":"VS","p":"closed","q":"official","k":"river"},"geometry":{"type":"LineString","coordinates":[[6.87194,46.15421],[6.87218,46.15361],[6.87207,46.15319],[6.87241,46.15298],[6.87207,46.15243],[6.87242,46.15194]]}},{"type":"Feature","properties":{"id":"aegene-vs-4","c":"VS","p":"patent","q":"official","k":"river","ns":1},"geometry":{"type":"LineString","coordinates":[[8.30822,46.50392],[8.30996,46.50403],[8.31095,46.50436],[8.31198,46.5043],[8.31691,46.50376],[8.31811,46.50301]]}},{"type":"Feature","properties":{"id":"aegene-18-1-partielles-schongebiet-vs","c":"VS","p":"patent","q":"official","k":"river","ns":1},"geometry":{"type":"LineString","coordinates":[[8.31811,46.50301],[8.31917,46.50268],[8.31914,46.5013],[8.31943,46.50098],[8.32014,46.5009],[8.32136,46.50116],[8.32141,46.50075],[8.322,46.50031],[8.32309,46.50007],[8.32496,46.50037],[8.32541,46.50021],[8.32618,46.50052],[8.328,46.50045],[8.32896,46.50017],[8.32946,46.50032],[8.33028,46.50024],[8.33184,46.50095],[8.33421,46.50129],[8.33514,46.50164],[8.33678,46.50152],[8.3393,46.50089],[8.34054,46.50023],[8.34072,46.49986],[8.34158,46.49929]]}},{"type":"Feature","properties":{"id":"canal-des-marais-neufs-reserve-vs","c":"VS","p":"closed","q":"official","k":"river"},"geometry":{"type":"LineString","coordinates":[[7.16041,46.15088],[7.14745,46.14437],[7.14239,46.14066],[7.14227,46.14022],[7.14611,46.13652]]}},{"type":"Feature","properties":{"id":"canal-de-la-sarvaz-reserve-partielle-vs","c":"VS","p":"patent","q":"official","k":"river","ns":1},"geometry":{"type":"LineString","coordinates":[[7.15367,46.15592],[7.15842,46.15852],[7.16131,46.16051],[7.16261,46.16113],[7.16524,46.16189],[7.16947,46.16601],[7.1715,46.16741]]}},{"type":"Feature","properties":{"id":"canal-de-chateauneuf-vs","c":"VS","p":"patent","q":"official","k":"canal","ns":1},"geometry":{"type":"LineString","coordinates":[[7.31412,46.21252],[7.31479,46.21499],[7.31341,46.21798],[7.32614,46.22073]]}},{"type":"Feature","properties":{"id":"canal-de-ceinture-ardon-vs","c":"VS","p":"patent","q":"official","k":"canal","ns":1},"geometry":{"type":"LineString","coordinates":[[7.25456,46.19167],[7.25313,46.1926],[7.25298,46.19321],[7.25322,46.19362],[7.26033,46.19893],[7.2612,46.20025]]}},{"type":"Feature","properties":{"id":"cretelongue-vs","c":"VS","p":"patent","q":"official","k":"canal","ns":1},"geometry":{"type":"LineString","coordinates":[[7.48907,46.26844],[7.49529,46.26838],[7.49683,46.26801],[7.49752,46.26802],[7.50875,46.27191],[7.51132,46.27416],[7.51254,46.27493],[7.51429,46.27451],[7.5172,46.27415],[7.52557,46.27735],[7.52747,46.27751]]}},{"type":"Feature","properties":{"id":"cretelongue-reserve-vs","c":"VS","p":"closed","q":"official","k":"river"},"geometry":{"type":"LineString","coordinates":[[7.48196,46.26598],[7.48742,46.26844],[7.48907,46.26844]]}},{"type":"Feature","properties":{"id":"canal-de-granges-vs","c":"VS","p":"patent","q":"official","k":"canal","ns":1},"geometry":{"type":"LineString","coordinates":[[7.4492,46.25517],[7.44975,46.25595],[7.44952,46.25737],[7.44916,46.25767],[7.44928,46.25782],[7.45164,46.25948],[7.45255,46.25977],[7.45326,46.26034],[7.45402,46.26035],[7.45683,46.26209],[7.46547,46.26475],[7.46882,46.26596],[7.47197,46.26593]]}},{"type":"Feature","properties":{"id":"cretelongue-reserve-vs-2","c":"VS","p":"closed","q":"official","k":"river"},"geometry":{"type":"LineString","coordinates":[[7.47197,46.26593],[7.47754,46.26574],[7.48196,46.26598]]}},{"type":"Feature","properties":{"id":"canal-de-granges-vs-2","c":"VS","p":"patent","q":"official","k":"canal","ns":1},"geometry":{"type":"LineString","coordinates":[[7.44017,46.25066],[7.44549,46.25368],[7.44919,46.25517]]}},{"type":"Feature","properties":{"id":"canal-de-granges-reserve-vs","c":"VS","p":"closed","q":"official","k":"river"},"geometry":{"type":"LineString","coordinates":[[7.42785,46.24438],[7.43085,46.24554],[7.43224,46.24524],[7.43332,46.24565],[7.43355,46.24591],[7.43456,46.24602],[7.43483,46.24623],[7.4346,46.24653],[7.43492,46.24705],[7.43608,46.24712],[7.43647,46.24735],[7.43742,46.24751],[7.4386,46.2483],[7.4398,46.2504],[7.44017,46.25066]]}},{"type":"Feature","properties":{"id":"canal-de-granges-vs-3","c":"VS","p":"patent","q":"official","k":"canal","ns":1},"geometry":{"type":"LineString","coordinates":[[7.42266,46.24194],[7.42287,46.24166],[7.42329,46.24156],[7.42785,46.24438]]}},{"type":"Feature","properties":{"id":"canal-de-st-leonard-vs","c":"VS","p":"patent","q":"official","k":"canal","ns":1},"geometry":{"type":"LineString","coordinates":[[7.4216,46.24411],[7.42288,46.24457],[7.42731,46.24781],[7.43255,46.24986],[7.43221,46.25049],[7.43217,46.25153],[7.43268,46.25384],[7.43497,46.25548]]}},{"type":"Feature","properties":{"id":"canal-de-st-leonard-vs-2","c":"VS","p":"patent","q":"official","k":"canal","ns":1},"geometry":{"type":"LineString","coordinates":[[7.42861,46.24829],[7.4268,46.25072],[7.42555,46.25338],[7.44466,46.25999]]}},{"type":"Feature","properties":{"id":"canal-d-uvrier-vs","c":"VS","p":"patent","q":"official","k":"canal","ns":1},"geometry":{"type":"LineString","coordinates":[[7.38508,46.24472],[7.38502,46.24514],[7.40257,46.24805],[7.4052,46.24655],[7.41443,46.2449],[7.41487,46.24445],[7.41602,46.24462],[7.42033,46.2439],[7.4216,46.24411]]}},{"type":"Feature","properties":{"id":"canal-de-gru-reserve-partielle-vs","c":"VS","p":"patent","q":"official","k":"river","ns":1},"geometry":{"type":"LineString","coordinates":[[7.1715,46.16741],[7.174,46.16808],[7.17598,46.16809],[7.18223,46.16895]]}},{"type":"Feature","properties":{"id":"canal-de-bramois-reserve-vs","c":"VS","p":"closed","q":"official","k":"river"},"geometry":{"type":"LineString","coordinates":[[7.38379,46.24339],[7.38438,46.244],[7.38722,46.24403],[7.39983,46.24235],[7.40126,46.24263],[7.40168,46.24211],[7.4092,46.24135],[7.41245,46.24003],[7.41179,46.23947],[7.41026,46.23903],[7.40968,46.2376]]}},{"type":"Feature","properties":{"id":"ancien-lit-de-la-raspille-reserve-vs","c":"VS","p":"closed","q":"official","k":"river"},"geometry":{"type":"LineString","coordinates":[[7.55968,46.2988],[7.55607,46.29858],[7.55464,46.29799],[7.55456,46.29676],[7.55413,46.29568],[7.55424,46.29517]]}},{"type":"Feature","properties":{"id":"canal-de-vissigen-reserve-vs","c":"VS","p":"closed","q":"official","k":"river"},"geometry":{"type":"LineString","coordinates":[[7.37667,46.23681],[7.38009,46.24048],[7.38373,46.24343]]}},{"type":"Feature","properties":{"id":"canal-de-vissigen-vs","c":"VS","p":"patent","q":"official","k":"canal","ns":1},"geometry":{"type":"LineString","coordinates":[[7.35903,46.21992],[7.35946,46.21974],[7.35976,46.21982],[7.36715,46.22257],[7.36826,46.2257],[7.3708,46.22825],[7.3738,46.23238],[7.37437,46.23435],[7.37667,46.23681]]}},{"type":"Feature","properties":{"id":"canal-des-polonais-reserve-vs","c":"VS","p":"closed","q":"official","k":"river"},"geometry":{"type":"LineString","coordinates":[[7.3145,46.21365],[7.32184,46.21469],[7.33538,46.2181]]}},{"type":"Feature","properties":{"id":"canal-du-milieu-vetroz-vs","c":"VS","p":"patent","q":"official","k":"canal","ns":1},"geometry":{"type":"LineString","coordinates":[[7.27867,46.22391],[7.28757,46.20426]]}},{"type":"Feature","properties":{"id":"canal-du-levant-vetroz-vs","c":"VS","p":"patent","q":"official","k":"canal","ns":1},"geometry":{"type":"LineString","coordinates":[[7.28625,46.22144],[7.29366,46.20624]]}},{"type":"Feature","properties":{"id":"canal-du-couchant-vetroz-vs","c":"VS","p":"patent","q":"official","k":"canal","ns":1},"geometry":{"type":"LineString","coordinates":[[7.28415,46.21184],[7.27968,46.21306],[7.27499,46.21941],[7.27499,46.21976],[7.27383,46.22096]]}},{"type":"Feature","properties":{"id":"canal-des-iles-reserve-vs","c":"VS","p":"closed","q":"official","k":"river"},"geometry":{"type":"LineString","coordinates":[[7.31325,46.21211],[7.33307,46.21455],[7.33649,46.21571]]}},{"type":"Feature","properties":{"id":"erlensand-a-gluringen-schongebiet-vs","c":"VS","p":"closed","q":"official","k":"river"},"geometry":{"type":"LineString","coordinates":[[8.23145,46.45873],[8.23269,46.46057],[8.23382,46.46163],[8.23505,46.4616],[8.23596,46.46193]]}},{"type":"Feature","properties":{"id":"lussenkanal-obergesteln-schongebiet-vs","c":"VS","p":"closed","q":"official","k":"river"},"geometry":{"type":"LineString","coordinates":[[8.3265,46.51303],[8.32662,46.51338],[8.32799,46.51397],[8.32966,46.51538]]}},{"type":"Feature","properties":{"id":"canal-aval-pisciculture-sierre-reserve-vs-2","c":"VS","p":"closed","q":"official","k":"river"},"geometry":{"type":"LineString","coordinates":[[7.56002,46.29864],[7.56028,46.29891],[7.56138,46.29897],[7.56204,46.2992],[7.56288,46.29988],[7.56501,46.30098],[7.56822,46.30204],[7.56881,46.30206],[7.5698,46.3026],[7.57042,46.30255],[7.57177,46.30298],[7.57355,46.30367],[7.57376,46.3041],[7.57441,46.30386],[7.57538,46.30419]]}},{"type":"Feature","properties":{"id":"canal-sion-riddes-vs-2","c":"VS","p":"patent","q":"official","k":"canal","ns":1},"geometry":{"type":"LineString","coordinates":[[7.22672,46.1789],[7.22863,46.17827],[7.2297,46.17822],[7.23177,46.17924],[7.23452,46.18141],[7.2384,46.18257],[7.24818,46.18711],[7.26108,46.19641],[7.26553,46.19879],[7.27176,46.20002]]}},{"type":"Feature","properties":{"id":"canal-du-syndicat-vs","c":"VS","p":"patent","q":"official","k":"canal","ns":1},"geometry":{"type":"LineString","coordinates":[[7.2031,46.16384],[7.20836,46.16637],[7.21078,46.16776],[7.21588,46.17162],[7.21637,46.17312]]}},{"type":"Feature","properties":{"id":"canal-du-syndicat-reserve-vs","c":"VS","p":"closed","q":"official","k":"river"},"geometry":{"type":"LineString","coordinates":[[7.19827,46.16155],[7.2031,46.16384]]}},{"type":"Feature","properties":{"id":"canal-du-syndicat-vs-2","c":"VS","p":"patent","q":"official","k":"canal","ns":1},"geometry":{"type":"LineString","coordinates":[[7.18958,46.15738],[7.19827,46.16155]]}},{"type":"Feature","properties":{"id":"canal-du-syndicat-reserve-vs-2","c":"VS","p":"closed","q":"official","k":"river"},"geometry":{"type":"LineString","coordinates":[[7.18459,46.15499],[7.18958,46.15738]]}},{"type":"Feature","properties":{"id":"canal-du-syndicat-vs-3","c":"VS","p":"patent","q":"official","k":"canal","ns":1},"geometry":{"type":"LineString","coordinates":[[7.17351,46.14984],[7.18459,46.15499]]}},{"type":"Feature","properties":{"id":"canal-du-syndicat-reserve-vs-3","c":"VS","p":"closed","q":"official","k":"river"},"geometry":{"type":"LineString","coordinates":[[7.16984,46.14804],[7.17351,46.14984]]}},{"type":"Feature","properties":{"id":"canal-du-syndicat-vs-4","c":"VS","p":"patent","q":"official","k":"canal","ns":1},"geometry":{"type":"LineString","coordinates":[[7.0519,46.13764],[7.05156,46.13682],[7.06501,46.12528],[7.06558,46.12441],[7.06556,46.12305],[7.06596,46.12108],[7.06704,46.12118],[7.06939,46.11991],[7.07726,46.12048],[7.08472,46.12164],[7.09049,46.12332],[7.12115,46.12454],[7.13488,46.13109]]}},{"type":"Feature","properties":{"id":"canal-du-syndicat-vs-5","c":"VS","p":"patent","q":"official","k":"canal","ns":1},"geometry":{"type":"LineString","coordinates":[[7.13711,46.13216],[7.16984,46.14804]]}},{"type":"Feature","properties":{"id":"canal-du-syndicat-reserve-vs-4","c":"VS","p":"closed","q":"official","k":"river"},"geometry":{"type":"LineString","coordinates":[[7.13488,46.13109],[7.13711,46.13216]]}},{"type":"Feature","properties":{"id":"canal-du-milieu-saillon-reserve-vs-2","c":"VS","p":"closed","q":"official","k":"river"},"geometry":{"type":"LineString","coordinates":[[7.19595,46.17206],[7.19826,46.17456],[7.20123,46.17575]]}},{"type":"Feature","properties":{"id":"canal-du-milieu-saillon-vs-3","c":"VS","p":"patent","q":"official","k":"canal","ns":1},"geometry":{"type":"LineString","coordinates":[[7.18395,46.16537],[7.19226,46.16813],[7.19595,46.17206]]}},{"type":"Feature","properties":{"id":"canal-du-milieu-saillon-reserve-vs-3","c":"VS","p":"closed","q":"official","k":"river"},"geometry":{"type":"LineString","coordinates":[[7.17576,46.16287],[7.18395,46.16537]]}},{"type":"Feature","properties":{"id":"canal-de-fully-vs-2","c":"VS","p":"patent","q":"official","k":"river","ns":1},"geometry":{"type":"LineString","coordinates":[[7.15096,46.15495],[7.15384,46.15596]]}},{"type":"Feature","properties":{"id":"canal-de-fully-vs-3","c":"VS","p":"patent","q":"official","k":"river","ns":1},"geometry":{"type":"LineString","coordinates":[[7.0665,46.12487],[7.06686,46.12479],[7.06711,46.12442],[7.06812,46.12176],[7.0697,46.1208],[7.07086,46.1209],[7.07908,46.12262],[7.082,46.12308],[7.08494,46.12454],[7.0857,46.12511]]}},{"type":"Feature","properties":{"id":"canal-de-fully-reserve-vs-2","c":"VS","p":"closed","q":"official","k":"river"},"geometry":{"type":"LineString","coordinates":[[7.14547,46.15245],[7.15096,46.15495]]}},{"type":"Feature","properties":{"id":"canal-de-fully-vs-4","c":"VS","p":"patent","q":"official","k":"river","ns":1},"geometry":{"type":"LineString","coordinates":[[7.1251,46.14393],[7.14547,46.15245]]}},{"type":"Feature","properties":{"id":"canal-de-fully-reserve-vs-3","c":"VS","p":"closed","q":"official","k":"river"},"geometry":{"type":"LineString","coordinates":[[7.12277,46.14223],[7.1251,46.14393]]}},{"type":"Feature","properties":{"id":"turtmaenna-40-2-partielles-schongebiet-vs","c":"VS","p":"patent","q":"official","k":"river","ns":1},"geometry":{"type":"LineString","coordinates":[[7.70325,46.29587],[7.7025,46.29593],[7.70197,46.29633],[7.70151,46.29761],[7.69685,46.30201],[7.69353,46.30445],[7.69166,46.30713],[7.69093,46.30727],[7.69008,46.30806]]}},{"type":"Feature","properties":{"id":"blinne-vs","c":"VS","p":"patent","q":"official","k":"river","ns":1},"geometry":{"type":"LineString","coordinates":[[8.24422,46.46725],[8.24694,46.46737],[8.24876,46.46711],[8.25,46.46722],[8.25248,46.46605],[8.25304,46.46599],[8.25351,46.46515],[8.25316,46.46464],[8.25364,46.46413],[8.25352,46.46366],[8.25467,46.46337],[8.25537,46.46289],[8.25696,46.46221],[8.25744,46.46216],[8.25861,46.46101],[8.25893,46.45945],[8.25872,46.4588],[8.25885,46.45818],[8.25966,46.45745],[8.25944,46.45674],[8.25965,46.45618]]}},{"type":"Feature","properties":{"id":"canal-du-milieu-vs","c":"VS","p":"closed","q":"official","k":"river"},"geometry":{"type":"LineString","coordinates":[[7.44919,46.25517],[7.45325,46.25659]]}},{"type":"Feature","properties":{"id":"canal-du-milieu-reserve-vs-2","c":"VS","p":"closed","q":"official","k":"river"},"geometry":{"type":"LineString","coordinates":[[7.47314,46.26369],[7.4758,46.264]]}},{"type":"Feature","properties":{"id":"canal-stockalper-vs","c":"VS","p":"closed","q":"official","k":"river"},"geometry":{"type":"LineString","coordinates":[[6.93874,46.27769],[6.93631,46.28253],[6.93436,46.28427],[6.92792,46.29386],[6.92364,46.30093],[6.91474,46.31465],[6.91251,46.31703],[6.91025,46.31992],[6.90737,46.32555],[6.90411,46.33039],[6.89872,46.33587],[6.89695,46.33688],[6.89565,46.33912],[6.8922,46.34283],[6.88711,46.34899],[6.88305,46.35132],[6.88135,46.35282],[6.88024,46.35418],[6.88022,46.35443],[6.88077,46.35467],[6.88073,46.35611],[6.88174,46.3594],[6.88013,46.36165],[6.87989,46.36291],[6.87802,46.36823],[6.87738,46.36974],[6.87588,46.3721],[6.87459,46.37348],[6.87218,46.37537],[6.8621,46.38131],[6.85805,46.38593]]}},{"type":"Feature","properties":{"id":"geschinersee-vs","c":"VS","p":"patent","q":"official","k":"lake","ns":1},"geometry":{"type":"Polygon","coordinates":[[[8.29045,46.49686],[8.28809,46.49572],[8.28596,46.49446],[8.28554,46.4943],[8.28537,46.49453],[8.28527,46.49434],[8.285,46.49442],[8.28502,46.49474],[8.28984,46.49727],[8.29019,46.49689],[8.29045,46.49686]]]}},{"type":"Feature","properties":{"id":"barrage-de-derborence-godey-vs","c":"VS","p":"patent","q":"official","k":"lake","ns":1},"geometry":{"type":"Polygon","coordinates":[[[7.23937,46.2892],[7.23807,46.28885],[7.2379,46.28853],[7.23731,46.28831],[7.23595,46.28935],[7.23665,46.28983],[7.23752,46.28969],[7.23787,46.28976],[7.2396,46.29074],[7.24008,46.29079],[7.24092,46.29148],[7.24142,46.29165],[7.24169,46.29199],[7.24129,46.29106],[7.24139,46.29058],[7.24115,46.29061],[7.24079,46.29031],[7.24022,46.29009],[7.24001,46.28977],[7.23944,46.28959],[7.23958,46.28944],[7.23937,46.2892]]]}},{"type":"Feature","properties":{"id":"cleuson-vs","c":"VS","p":"patent","q":"official","k":"lake","ns":1},"geometry":{"type":"Polygon","coordinates":[[[7.32042,46.11167],[7.32389,46.11299],[7.32407,46.1128],[7.32512,46.11257],[7.32543,46.11212],[7.32548,46.11175],[7.325,46.11134],[7.3249,46.1108],[7.32523,46.11023],[7.32563,46.10871],[7.32528,46.10784],[7.32594,46.10687],[7.32581,46.10653],[7.32523,46.10644],[7.32488,46.1062],[7.3301,46.10376],[7.33093,46.10308],[7.33049,46.10294],[7.32957,46.10313],[7.32884,46.10302],[7.32865,46.10294],[7.32867,46.10243],[7.32849,46.10234],[7.32798,46.10237],[7.32587,46.10328],[7.3251,46.10417],[7.32341,46.10482],[7.32273,46.10495],[7.32247,46.10526],[7.32047,46.1062],[7.31996,46.107],[7.31926,46.10863],[7.31888,46.11072],[7.319,46.11105],[7.31979,46.11164],[7.32042,46.11167]]]}},{"type":"Feature","properties":{"id":"grand-lac-des-vaux-2543-vs","c":"VS","p":"patent","q":"official","k":"lake","ns":1},"geometry":{"type":"Polygon","coordinates":[[[7.27129,46.1089],[7.2718,46.10931],[7.27211,46.10914],[7.27263,46.10924],[7.27316,46.10919],[7.27409,46.10943],[7.27426,46.10958],[7.27452,46.10955],[7.27455,46.10903],[7.2741,46.10872],[7.2746,46.10853],[7.27459,46.10811],[7.27486,46.10792],[7.27433,46.1074],[7.27418,46.10635],[7.2735,46.10576],[7.27277,46.10563],[7.27221,46.10578],[7.27135,46.10566],[7.27063,46.10581],[7.26997,46.10619],[7.27003,46.10657],[7.27123,46.10795],[7.27138,46.10858],[7.27129,46.1089]]]}},{"type":"Feature","properties":{"id":"lac-de-grin-2479-les-vaux-vs","c":"VS","p":"patent","q":"official","k":"lake","ns":1},"geometry":{"type":"Polygon","coordinates":[[[7.27235,46.11146],[7.27225,46.11075],[7.27167,46.11053],[7.27119,46.11054],[7.27127,46.11106],[7.2722,46.11172],[7.27235,46.11146]]]}},{"type":"Feature","properties":{"id":"lac-des-vaux-2545-vs","c":"VS","p":"patent","q":"official","k":"lake","ns":1},"geometry":{"type":"Polygon","coordinates":[[[7.26923,46.10589],[7.26935,46.10519],[7.26883,46.10484],[7.2686,46.10487],[7.26864,46.10463],[7.26833,46.10464],[7.26801,46.10484],[7.26773,46.10577],[7.26796,46.10583],[7.26814,46.10561],[7.26826,46.10577],[7.26849,46.10569],[7.26887,46.10588],[7.26923,46.10589]]]}},{"type":"Feature","properties":{"id":"lac-de-louvie-vs","c":"VS","p":"patent","q":"official","k":"lake","ns":1},"geometry":{"type":"Polygon","coordinates":[[[7.30683,46.05063],[7.30704,46.05098],[7.3079,46.05168],[7.30832,46.05149],[7.30864,46.05173],[7.30935,46.05153],[7.30951,46.05169],[7.30955,46.05155],[7.30975,46.05151],[7.31038,46.05152],[7.31029,46.05169],[7.31041,46.0518],[7.31045,46.0512],[7.31016,46.05095],[7.31044,46.05026],[7.31015,46.04979],[7.31019,46.04927],[7.30982,46.04902],[7.30981,46.04853],[7.30954,46.04842],[7.3084,46.04705],[7.30815,46.04706],[7.30814,46.0469],[7.30719,46.0473],[7.30706,46.04798],[7.30637,46.04773],[7.30616,46.0478],[7.30611,46.04834],[7.30626,46.0484],[7.30615,46.0485],[7.30679,46.0498],[7.30683,46.05063]]]}},{"type":"Feature","properties":{"id":"lac-superieur-de-fully-vs","c":"VS","p":"patent","q":"official","k":"lake","ns":1},"geometry":{"type":"Polygon","coordinates":[[[7.09171,46.17938],[7.09172,46.18011],[7.09191,46.18046],[7.09199,46.18057],[7.0925,46.18054],[7.0925,46.181],[7.09274,46.18096],[7.09255,46.18142],[7.09339,46.18126],[7.09397,46.18152],[7.09482,46.18118],[7.09501,46.18076],[7.09547,46.18073],[7.09613,46.18036],[7.09631,46.18011],[7.09645,46.17895],[7.09628,46.17833],[7.09533,46.17713],[7.09466,46.17716],[7.09437,46.17628],[7.09517,46.17576],[7.09537,46.17535],[7.09437,46.1753],[7.09343,46.17577],[7.09328,46.17574],[7.09311,46.17609],[7.09288,46.17601],[7.09276,46.17609],[7.09278,46.17638],[7.09253,46.17656],[7.09249,46.1768],[7.09198,46.17721],[7.09149,46.17737],[7.09141,46.17748],[7.0916,46.17766],[7.09127,46.17804],[7.0916,46.17857],[7.09155,46.17901],[7.09171,46.17938]]]}},{"type":"Feature","properties":{"id":"sanetschsee-lac-de-senin-vs","c":"VS","p":"patent","q":"official","k":"lake","ns":1},"geometry":{"type":"Polygon","coordinates":[[[7.29844,46.36109],[7.29902,46.36092],[7.29924,46.36108],[7.29946,46.36104],[7.29876,46.35885],[7.29921,46.35833],[7.29819,46.35852],[7.29702,46.35841],[7.29604,46.35776],[7.2956,46.35674],[7.29597,46.35552],[7.29409,46.35434],[7.2937,46.35377],[7.29369,46.35309],[7.29337,46.35224],[7.29265,46.35135],[7.29193,46.35089],[7.29135,46.35076],[7.29128,46.35033],[7.29109,46.35017],[7.29091,46.35067],[7.29097,46.35111],[7.29146,46.35131],[7.29146,46.3515],[7.29086,46.3518],[7.29064,46.35175],[7.29015,46.35207],[7.28971,46.35287],[7.28996,46.35366],[7.29046,46.35404],[7.29029,46.35422],[7.29067,46.35494],[7.29123,46.35531],[7.29132,46.35557],[7.29182,46.35597],[7.29229,46.35663],[7.29374,46.3575],[7.29389,46.35797],[7.29509,46.35906],[7.29533,46.3595],[7.29717,46.3606],[7.29844,46.36109]]]}},{"type":"Feature","properties":{"id":"laemmerensee-vs","c":"VS","p":"patent","q":"official","k":"lake","ns":1},"geometry":{"type":"Polygon","coordinates":[[[7.58591,46.40224],[7.58652,46.4024],[7.587,46.40233],[7.58783,46.40247],[7.58799,46.40273],[7.58889,46.40306],[7.58913,46.40299],[7.58947,46.40256],[7.58927,46.40239],[7.58935,46.40207],[7.58876,46.40151],[7.58642,46.40027],[7.58563,46.39971],[7.58523,46.39972],[7.58529,46.40052],[7.58511,46.40078],[7.58491,46.40181],[7.5854,46.4021],[7.58584,46.40212],[7.58591,46.40224]]]}},{"type":"Feature","properties":{"id":"meidsee-vs","c":"VS","p":"patent","q":"official","k":"lake","ns":1},"geometry":{"type":"Polygon","coordinates":[[[7.67276,46.22461],[7.67407,46.22433],[7.67505,46.22385],[7.67514,46.22362],[7.67485,46.22301],[7.67423,46.22302],[7.67341,46.22266],[7.67259,46.22256],[7.67231,46.22287],[7.6724,46.22329],[7.67225,46.2239],[7.67238,46.22427],[7.67276,46.22461]]]}},{"type":"Feature","properties":{"id":"teich-zenhaeusern-vs","c":"VS","p":"pacht","q":"official","k":"lake"},"geometry":{"type":"Polygon","coordinates":[[[7.98901,46.34024],[7.98972,46.34058],[7.99006,46.34037],[7.99,46.34015],[7.98919,46.33966],[7.98851,46.33956],[7.98853,46.33976],[7.98901,46.34024]]]}},{"type":"Feature","properties":{"id":"lac-de-crete-seche-vs","c":"VS","p":"pacht","q":"official","k":"lake"},"geometry":{"type":"MultiPolygon","coordinates":[[[[7.38964,45.92253],[7.38965,45.92253],[7.38965,45.92253],[7.38964,45.92253]]],[[[7.38962,45.92254],[7.38995,45.92235],[7.39003,45.92247],[7.39024,45.92238],[7.39031,45.92184],[7.39015,45.92174],[7.38992,45.92177],[7.3896,45.9221],[7.38948,45.92246],[7.38962,45.92254]]]]}},{"type":"Feature","properties":{"id":"findelsee-vs","c":"VS","p":"pacht","q":"official","k":"lake"},"geometry":{"type":"Polygon","coordinates":[[[7.94325,46.20734],[7.94459,46.20768],[7.94476,46.2074],[7.94446,46.20691],[7.94348,46.20687],[7.94273,46.20711],[7.94259,46.2073],[7.9427,46.20745],[7.94325,46.20734]]]}},{"type":"Feature","properties":{"id":"graviere-badgilla-vs","c":"VS","p":"pacht","q":"official","k":"lake"},"geometry":{"type":"MultiPolygon","coordinates":[[[[7.77413,46.30821],[7.77413,46.30821],[7.77413,46.30821],[7.77413,46.30821]]],[[[7.77404,46.3082],[7.77552,46.30797],[7.77713,46.30737],[7.77654,46.30733],[7.77537,46.30749],[7.77481,46.30774],[7.77453,46.30763],[7.77436,46.3078],[7.77376,46.30788],[7.77404,46.3082]]]]}},{"type":"Feature","properties":{"id":"etang-de-saxonne-etang-de-saxonne-vs","c":"VS","p":"pacht","q":"official","k":"lake"},"geometry":{"type":"Polygon","coordinates":[[[7.39774,46.28316],[7.39824,46.28316],[7.39834,46.28297],[7.39786,46.28284],[7.39774,46.28316]]]}},{"type":"Feature","properties":{"id":"lac-de-la-corne-reserve-vs","c":"VS","p":"closed","q":"official","k":"lake"},"geometry":{"type":"MultiPolygon","coordinates":[[[[7.44066,46.25058],[7.44065,46.25059],[7.44066,46.25059],[7.44066,46.25058]]],[[[7.44061,46.24823],[7.43931,46.24877],[7.43928,46.24899],[7.43967,46.24922],[7.43966,46.24945],[7.4403,46.24971],[7.44054,46.2501],[7.44028,46.25047],[7.44045,46.25064],[7.44276,46.25],[7.44194,46.24919],[7.44172,46.24877],[7.44215,46.24844],[7.442,46.2481],[7.44119,46.24815],[7.44083,46.24834],[7.44061,46.24823]]]]}},{"type":"Feature","properties":{"id":"geschinersee-schongebiet-vs","c":"VS","p":"closed","q":"official","k":"lake"},"geometry":{"type":"Polygon","coordinates":[[[8.29019,46.49689],[8.28984,46.49727],[8.29079,46.49765],[8.29093,46.49756],[8.29105,46.49732],[8.29065,46.49694],[8.29019,46.49689]]]}},{"type":"Feature","properties":{"id":"lac-de-la-moubra-reserve-vs","c":"VS","p":"closed","q":"official","k":"lake"},"geometry":{"type":"Polygon","coordinates":[[[7.47649,46.30401],[7.4749,46.30406],[7.47452,46.30421],[7.47453,46.30434],[7.47488,46.30456],[7.47665,46.30495],[7.47649,46.30401]]]}},{"type":"Feature","properties":{"id":"gouille-des-mangettes-reserve-vs","c":"VS","p":"closed","q":"official","k":"lake"},"geometry":{"type":"Polygon","coordinates":[[[6.96418,46.26485],[6.96423,46.26523],[6.96481,46.26524],[6.96535,46.26495],[6.96546,46.26437],[6.96521,46.26421],[6.96532,46.26376],[6.96502,46.26372],[6.96488,46.26382],[6.96418,46.26485]]]}},{"type":"Feature","properties":{"id":"etang-grenon-ycoor-a-montana-vs","c":"VS","p":"pacht","q":"official","k":"lake"},"geometry":{"type":"Polygon","coordinates":[[[7.47402,46.30982],[7.47627,46.31073],[7.47677,46.31075],[7.47722,46.31057],[7.47719,46.3095],[7.47436,46.30918],[7.47409,46.30925],[7.47402,46.30982]]]}},{"type":"Feature","properties":{"id":"etang-ycoor-vs","c":"VS","p":"pacht","q":"official","k":"lake"},"geometry":{"type":"Polygon","coordinates":[[[7.4782,46.31129],[7.47894,46.31154],[7.47939,46.31156],[7.4793,46.31118],[7.47887,46.311],[7.47841,46.31108],[7.4782,46.31129]]]}},{"type":"Feature","properties":{"id":"depotoire-de-champex-reserve-vs","c":"VS","p":"closed","q":"official","k":"lake"},"geometry":{"type":"Polygon","coordinates":[[[7.10884,46.03102],[7.10902,46.03103],[7.10997,46.03038],[7.10994,46.03025],[7.10986,46.0302],[7.10884,46.03102]]]}},{"type":"Feature","properties":{"id":"gouilles-de-la-bierle-reserve-vs","c":"VS","p":"closed","q":"official","k":"lake"},"geometry":{"type":"Polygon","coordinates":[[[6.98971,46.06465],[6.98983,46.06465],[6.99039,46.06428],[6.98998,46.06442],[6.98984,46.06435],[6.98971,46.06465]]]}},{"type":"Feature","properties":{"id":"lac-nan-vs","c":"VS","p":"pacht","q":"official","k":"lake"},"geometry":{"type":"Polygon","coordinates":[[[7.86428,46.27701],[7.86434,46.27684],[7.8642,46.27678],[7.86398,46.27703],[7.86428,46.27701]]]}},{"type":"Feature","properties":{"id":"etang-blanc-vs","c":"VS","p":"pacht","q":"official","k":"lake"},"geometry":{"type":"Polygon","coordinates":[[[7.47081,46.30172],[7.47187,46.30158],[7.472,46.3014],[7.47071,46.30109],[7.47069,46.30164],[7.47081,46.30172]]]}},{"type":"Feature","properties":{"id":"lac-de-fenetre-2456-vs","c":"VS","p":"pacht","q":"official","k":"lake"},"geometry":{"type":"Polygon","coordinates":[[[7.13896,45.88813],[7.13896,45.88826],[7.1398,45.88855],[7.13985,45.88884],[7.14035,45.88924],[7.1409,45.88925],[7.14138,45.88943],[7.14226,45.88905],[7.14233,45.88884],[7.14281,45.88882],[7.14321,45.88845],[7.14305,45.88806],[7.14217,45.88787],[7.1417,45.88754],[7.14125,45.88764],[7.14091,45.88754],[7.13998,45.88804],[7.13941,45.88819],[7.13896,45.88813]]]}},{"type":"Feature","properties":{"id":"lac-de-fenetre-2495-vs","c":"VS","p":"pacht","q":"official","k":"lake"},"geometry":{"type":"Polygon","coordinates":[[[7.14008,45.88369],[7.14073,45.8839],[7.14125,45.88369],[7.14231,45.8829],[7.14235,45.88255],[7.14191,45.88235],[7.14141,45.88234],[7.14126,45.88246],[7.14117,45.88205],[7.14099,45.88192],[7.14023,45.88203],[7.13984,45.88226],[7.13966,45.8826],[7.13969,45.88276],[7.13983,45.88276],[7.13982,45.88306],[7.14029,45.88321],[7.14008,45.88369]]]}},{"type":"Feature","properties":{"id":"lac-de-fenetre-2512-vs","c":"VS","p":"pacht","q":"official","k":"lake"},"geometry":{"type":"Polygon","coordinates":[[[7.1446,45.88461],[7.14566,45.88354],[7.14564,45.88341],[7.14463,45.88318],[7.14424,45.88367],[7.14431,45.88459],[7.14419,45.88487],[7.1446,45.88461]]]}},{"type":"Feature","properties":{"id":"lac-de-chanrion-bagnes-vs","c":"VS","p":"pacht","q":"official","k":"lake"},"geometry":{"type":"Polygon","coordinates":[[[7.37845,45.93656],[7.37881,45.93654],[7.37894,45.93614],[7.37852,45.93472],[7.37756,45.93459],[7.37801,45.93552],[7.37805,45.93609],[7.37845,45.93656]]]}},{"type":"Feature","properties":{"id":"lac-de-tsofeiret-bagnes-vs","c":"VS","p":"pacht","q":"official","k":"lake"},"geometry":{"type":"Polygon","coordinates":[[[7.38078,45.95395],[7.38038,45.95344],[7.37991,45.95327],[7.37955,45.95348],[7.37951,45.95412],[7.37895,45.95429],[7.37981,45.95448],[7.37984,45.95475],[7.38004,45.95472],[7.38017,45.95488],[7.38072,45.95477],[7.38088,45.95488],[7.38116,45.95458],[7.38099,45.954],[7.38078,45.95395]]]}},{"type":"Feature","properties":{"id":"le-verney-martigny-vs","c":"VS","p":"pacht","q":"official","k":"lake"},"geometry":{"type":"Polygon","coordinates":[[[7.07738,46.11798],[7.07792,46.11764],[7.07717,46.11702],[7.07611,46.11731],[7.07588,46.11752],[7.0756,46.11753],[7.07515,46.11712],[7.07474,46.11725],[7.07472,46.11808],[7.07511,46.11805],[7.07525,46.11778],[7.07579,46.1178],[7.07627,46.11799],[7.07655,46.11784],[7.07694,46.11806],[7.07738,46.11798]]]}},{"type":"Feature","properties":{"id":"lac-vert-crosets-vs","c":"VS","p":"pacht","q":"official","k":"lake"},"geometry":{"type":"Polygon","coordinates":[[[6.81633,46.19581],[6.81573,46.19576],[6.8152,46.19585],[6.81462,46.19632],[6.81395,46.19624],[6.81387,46.19657],[6.81423,46.19671],[6.81469,46.19656],[6.81511,46.19657],[6.8157,46.1968],[6.81721,46.19663],[6.81722,46.1959],[6.81671,46.1957],[6.81633,46.19581]]]}},{"type":"Feature","properties":{"id":"les-vernays-vs","c":"VS","p":"pacht","q":"official","k":"lake"},"geometry":{"type":"Polygon","coordinates":[[[7.19779,46.08351],[7.19508,46.08422],[7.19504,46.08476],[7.19533,46.08484],[7.19687,46.08482],[7.19821,46.08437],[7.19837,46.08391],[7.19822,46.08365],[7.19779,46.08351]]]}},{"type":"Feature","properties":{"id":"gouille-du-dragon-combe-des-planards-vs","c":"VS","p":"pacht","q":"official","k":"lake"},"geometry":{"type":"Polygon","coordinates":[[[7.14508,45.91033],[7.14596,45.91],[7.14597,45.90962],[7.14573,45.90949],[7.14612,45.90917],[7.14554,45.90912],[7.14512,45.90884],[7.14473,45.90889],[7.14448,45.90918],[7.14485,45.91017],[7.14508,45.91033]]]}},{"type":"Feature","properties":{"id":"jostsee-oberwald-vs","c":"VS","p":"pacht","q":"official","k":"lake"},"geometry":{"type":"Polygon","coordinates":[[[8.31402,46.54474],[8.31504,46.54492],[8.31497,46.54466],[8.31517,46.54459],[8.31587,46.54455],[8.31572,46.54429],[8.3148,46.544],[8.31476,46.54412],[8.31437,46.54413],[8.31404,46.54438],[8.31379,46.54441],[8.31402,46.54474]]]}},{"type":"Feature","properties":{"id":"lengsee-obergesteln-vs","c":"VS","p":"pacht","q":"official","k":"lake"},"geometry":{"type":"Polygon","coordinates":[[[8.29418,46.5401],[8.29474,46.54014],[8.29527,46.53983],[8.2957,46.53946],[8.29572,46.53925],[8.29637,46.5393],[8.29656,46.53895],[8.29619,46.5385],[8.29537,46.53831],[8.29503,46.53847],[8.29494,46.53872],[8.29395,46.53965],[8.29419,46.53983],[8.29418,46.5401]]]}},{"type":"Feature","properties":{"id":"mittelsee-geschinen-vs","c":"VS","p":"pacht","q":"official","k":"lake"},"geometry":{"type":"Polygon","coordinates":[[[8.27255,46.52459],[8.27336,46.52519],[8.27374,46.52531],[8.27422,46.52499],[8.27435,46.52464],[8.274,46.52433],[8.27252,46.52396],[8.2728,46.52412],[8.27271,46.52427],[8.27241,46.5243],[8.27257,46.52439],[8.27255,46.52459]]]}},{"type":"Feature","properties":{"id":"truetzisee-geschinen-vs","c":"VS","p":"pacht","q":"official","k":"lake"},"geometry":{"type":"Polygon","coordinates":[[[8.25161,46.52338],[8.25191,46.52335],[8.2521,46.52298],[8.25259,46.52279],[8.25262,46.52258],[8.252,46.52193],[8.25203,46.5216],[8.25179,46.52141],[8.25192,46.52128],[8.25152,46.52083],[8.25153,46.52059],[8.25141,46.5207],[8.25067,46.52055],[8.24978,46.52064],[8.24939,46.52131],[8.24972,46.52158],[8.24975,46.52182],[8.25016,46.52203],[8.25037,46.52252],[8.25081,46.52288],[8.2516,46.52321],[8.25161,46.52338]]]}},{"type":"Feature","properties":{"id":"mauvoisin-vs","c":"VS","p":"patent","q":"official","k":"lake","ns":1},"geometry":{"type":"Polygon","coordinates":[[[7.35779,45.95621],[7.35721,45.9538],[7.35781,45.95288],[7.35842,45.95255],[7.35832,45.95227],[7.35818,45.95239],[7.35811,45.95231],[7.35804,45.95252],[7.35779,45.95244],[7.35762,45.95251],[7.35649,45.95395],[7.35651,45.95435],[7.35621,45.95451],[7.35638,45.95475],[7.35631,45.9555],[7.3558,45.95554],[7.35471,45.95612],[7.35467,45.95629],[7.35364,45.95692],[7.35329,45.9575],[7.35342,45.95766],[7.35323,45.95813],[7.35286,45.95863],[7.3529,45.95924],[7.35277,45.95944],[7.35315,45.96012],[7.35299,45.961],[7.35353,45.96182],[7.35358,45.96246],[7.35345,45.96264],[7.35373,45.96294],[7.35264,45.96369],[7.35244,45.96405],[7.3528,45.96426],[7.35315,45.96483],[7.35294,45.9651],[7.35311,45.96556],[7.35276,45.96586],[7.35296,45.966],[7.35289,45.96677],[7.35316,45.96792],[7.35257,45.96891],[7.35198,45.96957],[7.35197,45.96992],[7.35149,45.9707],[7.35154,45.97133],[7.35078,45.97164],[7.35096,45.97193],[7.35085,45.97315],[7.35009,45.97496],[7.35017,45.97582],[7.34977,45.97639],[7.35001,45.97664],[7.34971,45.97679],[7.35018,45.97887],[7.35,45.97929],[7.35033,45.97933],[7.35036,45.97954],[7.35,45.98114],[7.34976,45.98137],[7.34993,45.98159],[7.34993,45.98196],[7.34889,45.98391],[7.34922,45.98393],[7.34931,45.98409],[7.34913,45.98526],[7.34925,45.98572],[7.3488,45.98676],[7.34826,45.9874],[7.34814,45.98965],[7.34787,45.99003],[7.34744,45.99025],[7.34784,45.99042],[7.34804,45.99069],[7.34813,45.99119],[7.34766,45.99177],[7.34834,45.99207],[7.34813,45.9923],[7.34879,45.99352],[7.34834,45.99406],[7.34792,45.99428],[7.34784,45.99451],[7.34801,45.99475],[7.34777,45.99556],[7.34651,45.997],[7.34559,45.99743],[7.34559,45.99758],[7.34687,45.99748],[7.34768,45.99756],[7.34866,45.99788],[7.34976,45.99871],[7.35036,45.99956],[7.35063,45.99946],[7.35075,45.99896],[7.35108,45.99873],[7.35129,45.99798],[7.35188,45.99769],[7.35273,45.99645],[7.35382,45.99642],[7.35371,45.99618],[7.35389,45.99538],[7.35429,45.99506],[7.35436,45.99479],[7.35474,45.99441],[7.3548,45.99396],[7.35377,45.99231],[7.35378,45.99126],[7.35428,45.9896],[7.35533,45.98856],[7.35509,45.98647],[7.3554,45.98564],[7.35579,45.98512],[7.35606,45.98503],[7.35608,45.98459],[7.35631,45.98425],[7.35618,45.98399],[7.35697,45.98207],[7.3569,45.9798],[7.35712,45.97921],[7.35748,45.97886],[7.35731,45.9784],[7.3575,45.97815],[7.35737,45.97778],[7.35789,45.97723],[7.35799,45.97695],[7.35768,45.97691],[7.35778,45.97677],[7.3587,45.97618],[7.3587,45.97536],[7.3591,45.97485],[7.35896,45.97465],[7.35936,45.97351],[7.35891,45.97299],[7.35914,45.97227],[7.35899,45.97219],[7.35933,45.97185],[7.35915,45.97156],[7.35918,45.97062],[7.35883,45.97054],[7.35848,45.96991],[7.35831,45.96914],[7.35849,45.96877],[7.35844,45.96833],[7.35818,45.96819],[7.35825,45.96797],[7.35761,45.96712],[7.35768,45.96685],[7.35749,45.96644],[7.35774,45.96615],[7.35721,45.96498],[7.3575,45.96409],[7.35676,45.96423],[7.3563,45.96411],[7.3566,45.96281],[7.35639,45.96238],[7.35663,45.96227],[7.35692,45.96145],[7.35567,45.96118],[7.35555,45.96058],[7.35562,45.96005],[7.35591,45.95982],[7.35652,45.95882],[7.35682,45.95789],[7.35749,45.95718],[7.35741,45.95656],[7.35779,45.95621]]]}},{"type":"Feature","properties":{"id":"petits-lacs-sierre-vs","c":"VS","p":"pacht","q":"official","k":"lake"},"geometry":{"type":"Polygon","coordinates":[[[7.53818,46.29101],[7.53848,46.29098],[7.53833,46.29073],[7.53751,46.29024],[7.53675,46.29004],[7.53704,46.29052],[7.53818,46.29101]]]}},{"type":"Feature","properties":{"id":"petits-lacs-sierre-vs-2","c":"VS","p":"pacht","q":"official","k":"lake"},"geometry":{"type":"Polygon","coordinates":[[[7.53884,46.29217],[7.53972,46.29235],[7.53968,46.29206],[7.53919,46.29171],[7.53901,46.29126],[7.5385,46.29119],[7.53833,46.29142],[7.53884,46.29217]]]}},{"type":"Feature","properties":{"id":"leman-genfersee-vs","c":"VS","p":"patent","q":"official","k":"lake","fr":1,"ns":1},"geometry":{"type":"Polygon","coordinates":[[[6.81582,46.39036],[6.81371,46.39023],[6.81314,46.39028],[6.81207,46.39062],[6.81087,46.39067],[6.80918,46.39139],[6.80914,46.39161],[6.80808,46.39215],[6.80626,46.39261],[6.80592,46.39293],[6.80602,46.39341],[6.80528,46.39415],[6.82111,46.42716],[6.82176,46.42697],[6.82323,46.42595],[6.8256,46.42401],[6.85045,46.40212],[6.85763,46.39599],[6.85867,46.3948],[6.85889,46.39486],[6.85909,46.39463],[6.85846,46.39442],[6.85792,46.39456],[6.85722,46.39432],[6.85717,46.39373],[6.85695,46.3934],[6.85731,46.39374],[6.8573,46.39424],[6.85767,46.39433],[6.85804,46.39357],[6.85986,46.39167],[6.85964,46.39153],[6.85771,46.39343],[6.8577,46.3933],[6.85879,46.39223],[6.85939,46.39029],[6.85942,46.39015],[6.85919,46.39],[6.85944,46.38989],[6.85927,46.38964],[6.85965,46.38963],[6.85988,46.38942],[6.85986,46.38914],[6.85946,46.38869],[6.85968,46.3886],[6.85961,46.38842],[6.85819,46.3873],[6.85859,46.38684],[6.85823,46.38658],[6.85777,46.38675],[6.85814,46.38593],[6.85793,46.3859],[6.85752,46.38661],[6.85679,46.38719],[6.85641,46.38704],[6.85759,46.38603],[6.85574,46.38535],[6.85527,46.38545],[6.85426,46.38609],[6.85439,46.38623],[6.85408,46.38636],[6.85396,46.38626],[6.85308,46.38668],[6.85264,46.38667],[6.85136,46.387],[6.85138,46.38717],[6.85111,46.3871],[6.84993,46.38759],[6.84842,46.388],[6.8481,46.38823],[6.84658,46.38838],[6.84612,46.38821],[6.84582,46.38824],[6.84561,46.38848],[6.8454,46.38845],[6.84529,46.38859],[6.84513,46.38848],[6.8437,46.38832],[6.8438,46.38802],[6.84363,46.38783],[6.8421,46.38743],[6.84198,46.38759],[6.84174,46.38737],[6.84023,46.38733],[6.83961,46.38701],[6.83943,46.387],[6.83939,46.3872],[6.83913,46.38696],[6.83721,46.38668],[6.83716,46.38677],[6.83677,46.38661],[6.83674,46.38676],[6.83596,46.38647],[6.83316,46.38615],[6.83247,46.38616],[6.83243,46.38625],[6.83217,46.38608],[6.83102,46.38578],[6.83017,46.38574],[6.82903,46.38592],[6.82811,46.38622],[6.82833,46.38627],[6.82822,46.38637],[6.82762,46.38637],[6.82729,46.38653],[6.8274,46.38667],[6.82689,46.38664],[6.82562,46.38691],[6.82528,46.38692],[6.82517,46.38679],[6.82453,46.38683],[6.82433,46.38704],[6.82268,46.38747],[6.82235,46.38801],[6.82192,46.38815],[6.82081,46.38823],[6.82016,46.38851],[6.81969,46.38852],[6.81945,46.38841],[6.81789,46.3889],[6.81756,46.38904],[6.81731,46.38947],[6.81676,46.3896],[6.8164,46.39004],[6.81582,46.39036]]]}},{"type":"Feature","properties":{"id":"tanay-vs","c":"VS","p":"patent","q":"official","k":"lake","ns":1},"geometry":{"type":"Polygon","coordinates":[[[6.84588,46.34605],[6.84544,46.34587],[6.84438,46.34503],[6.84254,46.34436],[6.84155,46.34446],[6.84128,46.34438],[6.84094,46.34468],[6.84003,46.34472],[6.83978,46.34459],[6.83877,46.34453],[6.83742,46.34415],[6.83651,46.34429],[6.83579,46.34411],[6.83486,46.34464],[6.83437,46.34456],[6.83431,46.34462],[6.83469,46.34477],[6.83453,46.34484],[6.83367,46.3446],[6.83337,46.34467],[6.83318,46.34499],[6.83266,46.34522],[6.83316,46.34519],[6.83376,46.34537],[6.83513,46.34517],[6.83508,46.34533],[6.83638,46.34588],[6.8383,46.34629],[6.83882,46.34626],[6.8392,46.34644],[6.84041,46.34666],[6.84278,46.34687],[6.84383,46.34683],[6.84473,46.34664],[6.8459,46.34675],[6.84617,46.34666],[6.84588,46.34605]]]}},{"type":"Feature","properties":{"id":"anteme-2051-vs","c":"VS","p":"patent","q":"official","k":"lake","ns":1},"geometry":{"type":"Polygon","coordinates":[[[6.89804,46.16079],[6.89821,46.16128],[6.89912,46.1617],[6.89897,46.16125],[6.89908,46.16094],[6.89884,46.16066],[6.89849,46.16056],[6.89804,46.16079]]]}},{"type":"Feature","properties":{"id":"barrage-de-dixence-vs","c":"VS","p":"patent","q":"official","k":"lake","ns":1},"geometry":{"type":"Polygon","coordinates":[[[7.39534,46.07398],[7.39569,46.07423],[7.39571,46.07436],[7.39551,46.07443],[7.39566,46.07537],[7.39586,46.07567],[7.39618,46.07579],[7.39599,46.07591],[7.3963,46.07635],[7.39676,46.07644],[7.3968,46.07656],[7.39723,46.0765],[7.39715,46.07681],[7.3975,46.07726],[7.39817,46.07752],[7.39838,46.07784],[7.39835,46.07824],[7.39867,46.07867],[7.39858,46.07883],[7.39899,46.07965],[7.39892,46.08008],[7.3986,46.08026],[7.39941,46.08078],[7.40084,46.08078],[7.4056,46.0803],[7.40721,46.08028],[7.40731,46.08005],[7.40707,46.07973],[7.40747,46.07951],[7.40791,46.07871],[7.4077,46.07807],[7.40718,46.07759],[7.4072,46.07729],[7.40671,46.07716],[7.4066,46.077],[7.40666,46.07648],[7.40609,46.07608],[7.4055,46.07532],[7.40553,46.07489],[7.40526,46.07482],[7.40493,46.07496],[7.40489,46.07468],[7.40418,46.07442],[7.40435,46.07387],[7.40392,46.07355],[7.40388,46.07313],[7.4033,46.07205],[7.40336,46.0718],[7.40313,46.07176],[7.40308,46.07153],[7.4028,46.07139],[7.40292,46.07096],[7.40251,46.07038],[7.40145,46.06952],[7.40097,46.06802],[7.40001,46.06666],[7.40012,46.06598],[7.39981,46.0654],[7.39982,46.06508],[7.40045,46.06387],[7.40024,46.06385],[7.40024,46.06374],[7.40056,46.06363],[7.40037,46.06359],[7.40031,46.06342],[7.40059,46.06326],[7.40051,46.06296],[7.4011,46.06212],[7.40104,46.06175],[7.40139,46.06165],[7.40123,46.0611],[7.40168,46.05994],[7.40203,46.05741],[7.40223,46.05724],[7.40207,46.05678],[7.40231,46.05612],[7.40254,46.05594],[7.40242,46.05587],[7.40283,46.05561],[7.40257,46.05538],[7.40289,46.05491],[7.40306,46.05383],[7.40336,46.05351],[7.40383,46.05339],[7.40421,46.05298],[7.40519,46.05269],[7.40519,46.0522],[7.40565,46.052],[7.40636,46.05199],[7.40601,46.0518],[7.40587,46.05142],[7.40621,46.0512],[7.4067,46.05056],[7.40624,46.04956],[7.40632,46.04845],[7.40687,46.04791],[7.40719,46.04784],[7.40731,46.04682],[7.40755,46.04649],[7.40736,46.04606],[7.40737,46.04538],[7.40711,46.04481],[7.40743,46.04442],[7.40715,46.04409],[7.40732,46.04393],[7.40724,46.04337],[7.40759,46.0426],[7.40757,46.04161],[7.40791,46.0411],[7.40782,46.04087],[7.40806,46.04069],[7.40827,46.03992],[7.40874,46.03967],[7.40853,46.03956],[7.40852,46.0394],[7.40926,46.03863],[7.40948,46.03798],[7.40976,46.03781],[7.40964,46.03759],[7.4108,46.03636],[7.41069,46.03612],[7.41097,46.03542],[7.41066,46.03519],[7.41085,46.03489],[7.41108,46.03487],[7.41135,46.03442],[7.41121,46.03419],[7.41194,46.03376],[7.41268,46.03365],[7.41309,46.03344],[7.41348,46.03301],[7.41311,46.03298],[7.41208,46.03329],[7.41157,46.03314],[7.4113,46.03329],[7.40969,46.03332],[7.40912,46.03301],[7.40842,46.03297],[7.40747,46.03268],[7.40615,46.0325],[7.40563,46.03253],[7.40556,46.03234],[7.40509,46.0322],[7.40466,46.03218],[7.40427,46.0323],[7.40354,46.03203],[7.4036,46.03172],[7.40327,46.03132],[7.40288,46.03211],[7.40306,46.03282],[7.40169,46.03488],[7.40171,46.03542],[7.40122,46.03596],[7.40143,46.03645],[7.40114,46.03736],[7.40086,46.03761],[7.40081,46.03837],[7.40034,46.03874],[7.40088,46.03911],[7.40094,46.03934],[7.40071,46.04086],[7.40025,46.04176],[7.39996,46.04189],[7.39996,46.04216],[7.39828,46.04383],[7.3985,46.04475],[7.3984,46.04502],[7.39882,46.04543],[7.39817,46.04715],[7.39766,46.04767],[7.39663,46.04755],[7.39627,46.04771],[7.39579,46.049],[7.39535,46.0495],[7.39533,46.05066],[7.3952,46.05081],[7.39461,46.05083],[7.39442,46.05104],[7.39363,46.05101],[7.39364,46.05129],[7.39314,46.05177],[7.39334,46.05194],[7.39312,46.05232],[7.39315,46.05263],[7.39228,46.05275],[7.39181,46.05314],[7.3922,46.05402],[7.39171,46.05465],[7.39172,46.05487],[7.39138,46.05497],[7.3911,46.0557],[7.39104,46.05592],[7.39133,46.05621],[7.39085,46.05754],[7.39089,46.05833],[7.38939,46.05879],[7.39029,46.06019],[7.39086,46.06076],[7.3904,46.06125],[7.39015,46.06228],[7.38948,46.06349],[7.38871,46.06356],[7.3892,46.06386],[7.38908,46.06415],[7.38929,46.06444],[7.38914,46.06507],[7.38942,46.06559],[7.39026,46.06593],[7.39005,46.06617],[7.39016,46.06649],[7.3912,46.06728],[7.39124,46.06767],[7.39158,46.06773],[7.39158,46.0679],[7.39211,46.0681],[7.39303,46.06883],[7.39348,46.06899],[7.39368,46.0698],[7.39412,46.07004],[7.39412,46.07022],[7.39448,46.07061],[7.39425,46.07076],[7.39431,46.07096],[7.39468,46.07104],[7.39462,46.07143],[7.39526,46.07173],[7.39559,46.07244],[7.39539,46.07267],[7.39573,46.07273],[7.39591,46.07314],[7.39534,46.07398]]]}},{"type":"Feature","properties":{"id":"lac-de-tseuzier-vs","c":"VS","p":"patent","q":"official","k":"lake","ns":1},"geometry":{"type":"Polygon","coordinates":[[[7.42377,46.35655],[7.42407,46.35666],[7.42484,46.35618],[7.42547,46.35611],[7.42591,46.35585],[7.42763,46.35529],[7.42838,46.35518],[7.42875,46.3548],[7.43054,46.35415],[7.43087,46.35385],[7.43218,46.35317],[7.43288,46.35305],[7.43355,46.35252],[7.43413,46.35246],[7.4344,46.35259],[7.43496,46.35219],[7.43638,46.35176],[7.43743,46.35105],[7.43826,46.35087],[7.43846,46.35053],[7.43922,46.34998],[7.43953,46.34957],[7.43934,46.34916],[7.43858,46.3489],[7.43796,46.34851],[7.43756,46.348],[7.43631,46.34788],[7.4356,46.34723],[7.43549,46.34669],[7.43479,46.34639],[7.43375,46.34617],[7.4324,46.34531],[7.43205,46.34567],[7.43048,46.34636],[7.42922,46.34757],[7.42718,46.34843],[7.42533,46.34904],[7.42497,46.34963],[7.42304,46.35057],[7.42236,46.35136],[7.42261,46.35146],[7.42257,46.35168],[7.42296,46.35186],[7.4224,46.35277],[7.42245,46.35295],[7.42201,46.35331],[7.42177,46.35375],[7.42183,46.35394],[7.42232,46.35396],[7.42273,46.35426],[7.4235,46.35407],[7.42467,46.35424],[7.4253,46.35452],[7.42527,46.35478],[7.42549,46.35498],[7.42534,46.35534],[7.42437,46.35603],[7.42435,46.3564],[7.42377,46.35655]]]}},{"type":"Feature","properties":{"id":"gouille-quennoz-aproz-vs","c":"VS","p":"pacht","q":"official","k":"lake"},"geometry":{"type":"Polygon","coordinates":[[[7.30862,46.21079],[7.30814,46.21189],[7.30819,46.21234],[7.30878,46.2125],[7.31027,46.21237],[7.31063,46.21214],[7.31093,46.2116],[7.31091,46.21124],[7.3092,46.21063],[7.30862,46.21079]]]}},{"type":"Feature","properties":{"id":"gouille-des-epines-1-reserve-vs","c":"VS","p":"closed","q":"official","k":"lake"},"geometry":{"type":"Polygon","coordinates":[[[7.30272,46.20847],[7.30489,46.20901],[7.30472,46.20886],[7.30503,46.20871],[7.30549,46.20816],[7.3054,46.20795],[7.30557,46.20717],[7.30494,46.20671],[7.30426,46.20655],[7.30403,46.20607],[7.30327,46.20561],[7.30156,46.20495],[7.30108,46.2059],[7.30085,46.20605],[7.30101,46.20614],[7.30116,46.20604],[7.3011,46.20633],[7.30316,46.20719],[7.30348,46.2072],[7.30293,46.2079],[7.30272,46.20847]]]}},{"type":"Feature","properties":{"id":"gouille-des-epines-2-reserve-vs","c":"VS","p":"closed","q":"official","k":"lake"},"geometry":{"type":"Polygon","coordinates":[[[7.30735,46.2092],[7.30591,46.20895],[7.30594,46.20874],[7.30625,46.2086],[7.3075,46.20903],[7.30793,46.20905],[7.30722,46.20859],[7.30644,46.20842],[7.30592,46.20847],[7.30496,46.20904],[7.30615,46.20928],[7.30669,46.20926],[7.30753,46.20956],[7.30787,46.20946],[7.3076,46.20935],[7.30785,46.20924],[7.30781,46.20915],[7.30735,46.2092]]]}},{"type":"Feature","properties":{"id":"lac-de-derborence-vs","c":"VS","p":"closed","q":"official","k":"lake"},"geometry":{"type":"Polygon","coordinates":[[[7.21478,46.27917],[7.21503,46.27972],[7.21579,46.27985],[7.21759,46.2799],[7.21825,46.27977],[7.21942,46.28001],[7.21964,46.27995],[7.2195,46.27975],[7.21883,46.27968],[7.2186,46.27937],[7.21992,46.27941],[7.21927,46.27913],[7.219,46.27914],[7.21789,46.27856],[7.21775,46.27784],[7.21748,46.27789],[7.21652,46.27763],[7.21624,46.27731],[7.21587,46.27726],[7.21489,46.27681],[7.21473,46.27658],[7.21486,46.2776],[7.21545,46.27768],[7.21576,46.2779],[7.21598,46.27867],[7.21559,46.27895],[7.2155,46.27883],[7.21479,46.27864],[7.21478,46.27917]]]}},{"type":"Feature","properties":{"id":"geronde-vs","c":"VS","p":"pacht","q":"official","k":"lake"},"geometry":{"type":"Polygon","coordinates":[[[7.54119,46.29048],[7.54284,46.28997],[7.54359,46.29045],[7.54423,46.29035],[7.54409,46.28937],[7.54336,46.28801],[7.54301,46.28744],[7.54251,46.28707],[7.54217,46.28702],[7.54139,46.2874],[7.54193,46.28841],[7.54183,46.28883],[7.54195,46.28912],[7.54169,46.28956],[7.54092,46.29016],[7.54119,46.29048]]]}},{"type":"Feature","properties":{"id":"etang-long-chermignon-vs","c":"VS","p":"pacht","q":"official","k":"lake"},"geometry":{"type":"Polygon","coordinates":[[[7.46597,46.3024],[7.4662,46.3026],[7.46694,46.3028],[7.46777,46.3033],[7.46902,46.3034],[7.46927,46.30332],[7.46942,46.30279],[7.46765,46.30242],[7.46656,46.30203],[7.46628,46.30204],[7.46597,46.3024]]]}},{"type":"Feature","properties":{"id":"lac-de-la-moubra-vs","c":"VS","p":"patent","q":"official","k":"lake","ns":1},"geometry":{"type":"Polygon","coordinates":[[[7.47649,46.30401],[7.47665,46.30495],[7.47954,46.30541],[7.47978,46.30525],[7.48028,46.30383],[7.47958,46.30385],[7.47856,46.30348],[7.4773,46.30392],[7.47649,46.30401]]]}},{"type":"Feature","properties":{"id":"etang-grenon-vs","c":"VS","p":"pacht","q":"official","k":"lake"},"geometry":{"type":"Polygon","coordinates":[[[7.47402,46.30982],[7.47627,46.31073],[7.47677,46.31075],[7.47722,46.31057],[7.47719,46.3095],[7.47436,46.30918],[7.47409,46.30925],[7.47402,46.30982]]]}},{"type":"Feature","properties":{"id":"lac-de-chermignon-vs","c":"VS","p":"pacht","q":"official","k":"lake"},"geometry":{"type":"Polygon","coordinates":[[[7.46594,46.31319],[7.46812,46.31312],[7.4685,46.31298],[7.4685,46.31278],[7.46682,46.31176],[7.46594,46.31319]]]}},{"type":"Feature","properties":{"id":"etang-de-rocher-saviese-vs","c":"VS","p":"pacht","q":"official","k":"lake"},"geometry":{"type":"Polygon","coordinates":[[[7.35408,46.26252],[7.35494,46.26283],[7.35535,46.26269],[7.3545,46.26219],[7.35408,46.26252]]]}},{"type":"Feature","properties":{"id":"etang-de-motone-saviese-vs","c":"VS","p":"pacht","q":"official","k":"lake"},"geometry":{"type":"Polygon","coordinates":[[[7.34632,46.25954],[7.34743,46.25971],[7.34768,46.25954],[7.34666,46.25912],[7.34632,46.25954]]]}},{"type":"Feature","properties":{"id":"lac-de-mouchy-saviese-vs","c":"VS","p":"pacht","q":"official","k":"lake"},"geometry":{"type":"Polygon","coordinates":[[[7.32285,46.25324],[7.32347,46.25338],[7.32377,46.25327],[7.3238,46.25309],[7.32357,46.25286],[7.32293,46.25262],[7.32276,46.25277],[7.32285,46.25324]]]}},{"type":"Feature","properties":{"id":"lac-de-sorniot-fully-vs","c":"VS","p":"pacht","q":"official","k":"lake"},"geometry":{"type":"Polygon","coordinates":[[[7.09902,46.16792],[7.09945,46.1676],[7.09919,46.16802],[7.09948,46.16812],[7.09954,46.16864],[7.10021,46.16842],[7.10081,46.16794],[7.10084,46.16778],[7.09986,46.16692],[7.09987,46.16678],[7.09923,46.16646],[7.09888,46.16643],[7.09787,46.16692],[7.09756,46.16724],[7.09902,46.16792]]]}},{"type":"Feature","properties":{"id":"totensee-vs","c":"VS","p":"patent","q":"official","k":"lake","ns":1},"geometry":{"type":"Polygon","coordinates":[[[8.33871,46.56175],[8.34019,46.56258],[8.34079,46.56269],[8.34196,46.56235],[8.34375,46.56228],[8.34437,46.56193],[8.34321,46.56152],[8.34294,46.56116],[8.34307,46.56081],[8.3437,46.56066],[8.34386,46.5603],[8.34414,46.56013],[8.34402,46.55994],[8.34294,46.55941],[8.34236,46.55886],[8.34174,46.55887],[8.34153,46.55857],[8.34102,46.55867],[8.34059,46.55853],[8.34022,46.55904],[8.33955,46.55881],[8.33962,46.55868],[8.33947,46.5586],[8.33917,46.5586],[8.33931,46.5588],[8.33878,46.55911],[8.33829,46.55886],[8.33744,46.55868],[8.33666,46.55892],[8.33679,46.55905],[8.33652,46.55915],[8.33668,46.55923],[8.33666,46.5596],[8.3368,46.55972],[8.33655,46.5599],[8.3352,46.55999],[8.33539,46.56008],[8.33538,46.56044],[8.33675,46.56074],[8.33675,46.56085],[8.33714,46.56103],[8.33758,46.5609],[8.33841,46.56173],[8.33871,46.56175]]]}},{"type":"Feature","properties":{"id":"rundsee-obergesteln-vs","c":"VS","p":"pacht","q":"official","k":"lake"},"geometry":{"type":"Polygon","coordinates":[[[8.29534,46.53613],[8.29554,46.53536],[8.29513,46.53472],[8.29453,46.53451],[8.29332,46.53475],[8.29308,46.53501],[8.29323,46.53517],[8.29327,46.53565],[8.29351,46.53591],[8.29405,46.53612],[8.29534,46.53613]]]}},{"type":"Feature","properties":{"id":"teifschlueechstsee-vs","c":"VS","p":"pacht","q":"official","k":"lake"},"geometry":{"type":"Polygon","coordinates":[[[8.29365,46.45084],[8.29388,46.45075],[8.29387,46.45061],[8.29343,46.45022],[8.29263,46.45045],[8.29234,46.45074],[8.29267,46.45122],[8.29322,46.45152],[8.29366,46.45132],[8.29365,46.45084]]]}},{"type":"Feature","properties":{"id":"hopschusee-vs","c":"VS","p":"patent","q":"official","k":"lake","ns":1},"geometry":{"type":"Polygon","coordinates":[[[8.02366,46.25309],[8.02398,46.25308],[8.02414,46.25295],[8.02428,46.25217],[8.0235,46.25218],[8.02312,46.252],[8.02305,46.25181],[8.02294,46.25195],[8.02278,46.25173],[8.02238,46.25195],[8.02222,46.25243],[8.02256,46.25271],[8.02366,46.25309]]]}},{"type":"Feature","properties":{"id":"serra-zwischbergenbach-vs","c":"VS","p":"patent","q":"official","k":"lake","ns":1},"geometry":{"type":"Polygon","coordinates":[[[8.12174,46.16944],[8.122,46.16948],[8.12188,46.16921],[8.12104,46.16868],[8.12064,46.16826],[8.11994,46.16803],[8.11904,46.16737],[8.11881,46.16742],[8.11879,46.1677],[8.1191,46.16839],[8.11975,46.16908],[8.12145,46.16971],[8.12174,46.16944]]]}},{"type":"Feature","properties":{"id":"gebidumsee-vs","c":"VS","p":"pacht","q":"official","k":"lake"},"geometry":{"type":"Polygon","coordinates":[[[7.93941,46.25933],[7.94018,46.25943],[7.94193,46.25908],[7.94161,46.2584],[7.94126,46.25816],[7.9414,46.25796],[7.94129,46.25765],[7.94103,46.25746],[7.94068,46.2578],[7.93989,46.25808],[7.939,46.25888],[7.93892,46.25912],[7.93941,46.25933]]]}},{"type":"Feature","properties":{"id":"mattmarksee-vs","c":"VS","p":"patent","q":"official","k":"lake","ns":1},"geometry":{"type":"Polygon","coordinates":[[[7.95447,46.04784],[7.96381,46.04998],[7.96403,46.04964],[7.96403,46.04875],[7.96443,46.04792],[7.96435,46.04735],[7.96457,46.04678],[7.96444,46.04637],[7.96465,46.04607],[7.96435,46.04566],[7.96472,46.04476],[7.96434,46.04285],[7.96454,46.04268],[7.96458,46.0422],[7.96428,46.04197],[7.9642,46.04157],[7.9646,46.04],[7.9646,46.03925],[7.96485,46.03905],[7.96433,46.03865],[7.96421,46.03814],[7.96451,46.03679],[7.96421,46.03538],[7.96399,46.03503],[7.96486,46.03121],[7.96538,46.03011],[7.96572,46.02885],[7.96611,46.02848],[7.96597,46.02819],[7.96654,46.02694],[7.96651,46.02557],[7.96687,46.02469],[7.96614,46.02368],[7.96624,46.02306],[7.96593,46.02255],[7.96611,46.0219],[7.96603,46.02165],[7.96585,46.02145],[7.96457,46.0212],[7.96456,46.02065],[7.9644,46.02055],[7.96426,46.02123],[7.96395,46.02141],[7.96363,46.02292],[7.9633,46.02352],[7.96267,46.02419],[7.96243,46.02488],[7.96208,46.02514],[7.96187,46.02555],[7.96181,46.02635],[7.96131,46.02672],[7.961,46.02749],[7.95973,46.02882],[7.95868,46.03158],[7.9585,46.03184],[7.95831,46.03188],[7.95826,46.03219],[7.95786,46.03237],[7.9573,46.03323],[7.95735,46.03339],[7.95693,46.03386],[7.95698,46.03418],[7.95673,46.03425],[7.95647,46.03458],[7.95618,46.03461],[7.95624,46.03472],[7.95593,46.0352],[7.95549,46.03521],[7.95585,46.03561],[7.95575,46.03588],[7.95602,46.03665],[7.95587,46.03734],[7.95508,46.03853],[7.95529,46.0395],[7.955,46.03987],[7.95516,46.04018],[7.95499,46.04036],[7.95509,46.04057],[7.95484,46.041],[7.95482,46.04141],[7.95437,46.04203],[7.95413,46.04327],[7.95415,46.0444],[7.95467,46.04648],[7.95472,46.04715],[7.95447,46.04784]]]}},{"type":"Feature","properties":{"id":"grosse-see-vs","c":"VS","p":"patent","q":"official","k":"lake","ns":1},"geometry":{"type":"Polygon","coordinates":[[[7.77623,46.23012],[7.77682,46.23028],[7.77719,46.23021],[7.77775,46.22979],[7.77783,46.22964],[7.77758,46.22917],[7.77714,46.22865],[7.77639,46.22901],[7.77611,46.22995],[7.77623,46.23012]]]}},{"type":"Feature","properties":{"id":"ferdensee-vs","c":"VS","p":"patent","q":"official","k":"lake","ns":1},"geometry":{"type":"Polygon","coordinates":[[[7.76322,46.39323],[7.76358,46.39362],[7.76446,46.39397],[7.76337,46.39308],[7.76231,46.3931],[7.76169,46.39299],[7.76064,46.39247],[7.75998,46.39184],[7.75924,46.39076],[7.75938,46.39023],[7.75867,46.38943],[7.75861,46.38922],[7.75872,46.38905],[7.75904,46.389],[7.75901,46.38873],[7.75785,46.38728],[7.7569,46.38641],[7.75686,46.38607],[7.75732,46.38515],[7.75719,46.38473],[7.75663,46.38489],[7.75568,46.38469],[7.75527,46.38579],[7.75584,46.38643],[7.75542,46.38679],[7.75553,46.38705],[7.75537,46.38722],[7.75572,46.38745],[7.75587,46.38783],[7.75697,46.3886],[7.75752,46.38958],[7.75798,46.38974],[7.75869,46.39025],[7.7584,46.39041],[7.75887,46.39057],[7.75869,46.39076],[7.75887,46.39102],[7.75875,46.39121],[7.75907,46.39134],[7.75904,46.39157],[7.75952,46.39178],[7.76001,46.39238],[7.76006,46.39266],[7.76104,46.39339],[7.76198,46.39357],[7.76282,46.39322],[7.76322,46.39323]]]}},{"type":"Feature","properties":{"id":"les-dailles-ardon-vs","c":"VS","p":"pacht","q":"official","k":"lake"},"geometry":{"type":"Polygon","coordinates":[[[7.27876,46.20194],[7.27906,46.20176],[7.2786,46.20152],[7.2784,46.20175],[7.27876,46.20194]]]}},{"type":"Feature","properties":{"id":"la-gouille-satarma-vs","c":"VS","p":"pacht","q":"official","k":"lake"},"geometry":{"type":"Polygon","coordinates":[[[7.49021,46.05459],[7.49038,46.05453],[7.49017,46.05426],[7.48969,46.05418],[7.48975,46.05446],[7.49021,46.05459]]]}},{"type":"Feature","properties":{"id":"les-toules-vs","c":"VS","p":"patent","q":"official","k":"lake","ns":1},"geometry":{"type":"Polygon","coordinates":[[[7.19591,45.92392],[7.197,45.925],[7.19706,45.92535],[7.19729,45.92539],[7.19752,45.92571],[7.19776,45.9258],[7.19761,45.92622],[7.19813,45.92678],[7.19881,45.92722],[7.19896,45.92753],[7.19936,45.92688],[7.1999,45.92646],[7.20048,45.92621],[7.20179,45.92609],[7.20323,45.92644],[7.20267,45.92604],[7.20062,45.92371],[7.20079,45.92312],[7.20058,45.92202],[7.20069,45.92174],[7.20046,45.92112],[7.20096,45.91804],[7.20092,45.91728],[7.20035,45.91505],[7.20023,45.9139],[7.20037,45.91308],[7.20011,45.91255],[7.20038,45.91256],[7.20019,45.91237],[7.20027,45.91162],[7.20006,45.91107],[7.20013,45.91079],[7.19997,45.91043],[7.19947,45.91033],[7.19887,45.91038],[7.19824,45.91017],[7.1982,45.90976],[7.19763,45.90984],[7.19762,45.91022],[7.19734,45.91004],[7.19718,45.91035],[7.19695,45.91032],[7.19713,45.91219],[7.19675,45.91301],[7.19688,45.91381],[7.19667,45.91425],[7.19656,45.91531],[7.19668,45.91772],[7.19687,45.91866],[7.19645,45.91926],[7.19676,45.91971],[7.19635,45.92005],[7.19569,45.92022],[7.19562,45.92039],[7.19581,45.92108],[7.19627,45.92165],[7.1961,45.92189],[7.19565,45.92197],[7.19526,45.92194],[7.19495,45.9217],[7.1948,45.92173],[7.19518,45.92305],[7.19561,45.92335],[7.19591,45.92392]]]}},{"type":"Feature","properties":{"id":"grand-st-bernard-vs","c":"VS","p":"closed","q":"official","k":"lake"},"geometry":{"type":"Polygon","coordinates":[[[7.16573,45.86868],[7.16619,45.86908],[7.16718,45.86902],[7.16843,45.86935],[7.16929,45.86919],[7.1695,45.86908],[7.16938,45.869],[7.16955,45.86883],[7.1694,45.8683],[7.16907,45.86816],[7.16832,45.86794],[7.16844,45.86809],[7.16761,45.86822],[7.16742,45.868],[7.16649,45.86758],[7.16634,45.86764],[7.16668,45.86789],[7.1666,45.86797],[7.16634,45.86783],[7.16615,45.86791],[7.16532,45.8677],[7.16561,45.8681],[7.16557,45.86841],[7.16583,45.86846],[7.16573,45.86868]]]}},{"type":"Feature","properties":{"id":"champex-vs","c":"VS","p":"pacht","q":"official","k":"lake"},"geometry":{"type":"Polygon","coordinates":[[[7.1143,46.02984],[7.11424,46.02955],[7.11413,46.02994],[7.11391,46.02972],[7.11399,46.02993],[7.11382,46.02999],[7.1135,46.02971],[7.11393,46.02963],[7.11392,46.02948],[7.11434,46.02948],[7.11469,46.02901],[7.11494,46.02902],[7.1152,46.02941],[7.11491,46.02978],[7.11467,46.02985],[7.11467,46.03016],[7.11536,46.03023],[7.11569,46.02961],[7.11689,46.02988],[7.11718,46.02964],[7.11712,46.02917],[7.1176,46.02894],[7.11833,46.02829],[7.11871,46.02816],[7.11994,46.02803],[7.12018,46.02784],[7.12024,46.02722],[7.11957,46.02698],[7.11804,46.02713],[7.11648,46.02689],[7.11611,46.02668],[7.1157,46.02676],[7.11514,46.02705],[7.11488,46.02741],[7.11411,46.02776],[7.11403,46.0284],[7.11363,46.02865],[7.11368,46.0288],[7.1141,46.02895],[7.11327,46.02917],[7.11344,46.02944],[7.11333,46.02999],[7.11453,46.03005],[7.11458,46.02985],[7.1143,46.02984]]]}},{"type":"Feature","properties":{"id":"rosel-vs","c":"VS","p":"patent","q":"official","k":"pond","ns":1},"geometry":{"type":"Polygon","coordinates":[[[7.05864,46.12964],[7.05891,46.12961],[7.05908,46.12936],[7.05829,46.12917],[7.05768,46.12968],[7.05671,46.12939],[7.05542,46.12959],[7.05485,46.12996],[7.05477,46.13018],[7.05511,46.13104],[7.05585,46.13191],[7.05613,46.13185],[7.05733,46.131],[7.05864,46.12964]]]}},{"type":"Feature","properties":{"id":"rosel-vs-2","c":"VS","p":"patent","q":"official","k":"pond","ns":1},"geometry":{"type":"Polygon","coordinates":[[[7.0603,46.12653],[7.06206,46.1259],[7.06269,46.12518],[7.06264,46.12497],[7.0629,46.1249],[7.06288,46.1247],[7.06331,46.12427],[7.06324,46.12419],[7.0636,46.12405],[7.06352,46.12385],[7.06319,46.12392],[7.0627,46.12465],[7.06256,46.12464],[7.06259,46.12491],[7.0622,46.12488],[7.06185,46.12504],[7.05962,46.124],[7.05932,46.12422],[7.05864,46.12526],[7.05908,46.12574],[7.05901,46.12608],[7.05864,46.12637],[7.05823,46.12628],[7.05809,46.1265],[7.05768,46.12667],[7.05721,46.12711],[7.05701,46.12758],[7.05711,46.12787],[7.05772,46.12816],[7.05742,46.12847],[7.05756,46.12863],[7.05848,46.12909],[7.05918,46.12925],[7.05942,46.12798],[7.05992,46.12705],[7.05914,46.12643],[7.05928,46.12635],[7.06016,46.12641],[7.0603,46.12653]]]}},{"type":"Feature","properties":{"id":"salanfe-vs-2","c":"VS","p":"patent","q":"official","k":"lake","ns":1},"geometry":{"type":"Polygon","coordinates":[[[6.94683,46.14023],[6.94677,46.14038],[6.94743,46.14111],[6.94827,46.14168],[6.94876,46.14172],[6.94889,46.14163],[6.9491,46.14099],[6.94942,46.14086],[6.95023,46.14178],[6.95108,46.14228],[6.95207,46.14248],[6.95255,46.14279],[6.95268,46.1428],[6.95273,46.1426],[6.95383,46.14329],[6.95442,46.14351],[6.95586,46.14393],[6.95673,46.14399],[6.95665,46.14425],[6.95618,46.14432],[6.95623,46.14446],[6.95661,46.14444],[6.95689,46.14419],[6.95739,46.14458],[6.95782,46.14473],[6.95797,46.14463],[6.95803,46.14477],[6.95857,46.14479],[6.9593,46.1458],[6.95992,46.14571],[6.96088,46.14596],[6.96263,46.14559],[6.96351,46.14568],[6.96394,46.1455],[6.9648,46.14586],[6.96513,46.14571],[6.96639,46.14589],[6.96816,46.14553],[6.96969,46.14583],[6.96993,46.1456],[6.96987,46.14495],[6.96927,46.14389],[6.96866,46.14345],[6.96818,46.14262],[6.96733,46.14218],[6.9666,46.13936],[6.96672,46.13878],[6.96618,46.13879],[6.96529,46.13841],[6.9624,46.13765],[6.96219,46.13745],[6.96205,46.13756],[6.96032,46.13676],[6.96003,46.13683],[6.95941,46.13654],[6.95818,46.13623],[6.9548,46.13489],[6.95396,46.13437],[6.95335,46.13442],[6.95336,46.13473],[6.95288,46.13505],[6.95252,46.13507],[6.9525,46.13523],[6.952,46.13562],[6.95072,46.13646],[6.95075,46.13665],[6.94993,46.13799],[6.94902,46.13864],[6.94943,46.13894],[6.94953,46.13865],[6.94995,46.13878],[6.9503,46.13913],[6.95015,46.13956],[6.9503,46.13981],[6.94987,46.13985],[6.94961,46.13943],[6.94936,46.13943],[6.94927,46.13926],[6.94627,46.1389],[6.94622,46.13901],[6.94654,46.13913],[6.94634,46.13944],[6.94754,46.13973],[6.94716,46.13995],[6.94722,46.14008],[6.94683,46.14023]]]}},{"type":"Feature","properties":{"id":"emosson-vs","c":"VS","p":"patent","q":"official","k":"lake","ns":1},"geometry":{"type":"Polygon","coordinates":[[[6.9173,46.08539],[6.91908,46.08451],[6.91828,46.08426],[6.9179,46.08341],[6.91816,46.08327],[6.91868,46.08325],[6.91906,46.08311],[6.91916,46.08249],[6.91974,46.08171],[6.91988,46.08067],[6.92011,46.08047],[6.92006,46.08007],[6.92026,46.08001],[6.92025,46.07982],[6.92045,46.07991],[6.92058,46.07979],[6.92112,46.0798],[6.9212,46.07971],[6.92137,46.0783],[6.92083,46.07652],[6.92056,46.07626],[6.92095,46.07603],[6.92085,46.07527],[6.9207,46.07517],[6.92077,46.07491],[6.92122,46.07465],[6.92215,46.07471],[6.92222,46.07455],[6.92358,46.07492],[6.9239,46.07457],[6.92454,46.07452],[6.92484,46.07412],[6.92517,46.07416],[6.92524,46.07386],[6.92566,46.07358],[6.92587,46.07316],[6.92661,46.07287],[6.92677,46.07269],[6.92842,46.07265],[6.92852,46.07245],[6.92887,46.07241],[6.92948,46.07263],[6.92996,46.07264],[6.9318,46.07243],[6.93206,46.07209],[6.93291,46.07183],[6.93297,46.0716],[6.93349,46.0712],[6.93342,46.07105],[6.93363,46.07098],[6.93391,46.07049],[6.93417,46.07042],[6.93387,46.07001],[6.93384,46.06963],[6.93432,46.06901],[6.93505,46.06846],[6.93516,46.06817],[6.93495,46.06815],[6.93466,46.06778],[6.93334,46.06786],[6.93263,46.06776],[6.93171,46.06742],[6.93132,46.06714],[6.93058,46.06616],[6.92976,46.06595],[6.92947,46.06606],[6.92909,46.06601],[6.92912,46.0658],[6.92943,46.06567],[6.92936,46.06557],[6.92858,46.06579],[6.92794,46.06554],[6.92761,46.06559],[6.92762,46.06551],[6.92723,46.06548],[6.92708,46.0656],[6.92693,46.06551],[6.92702,46.0653],[6.92678,46.06523],[6.92511,46.06579],[6.92469,46.06561],[6.92364,46.06551],[6.92277,46.06567],[6.92332,46.06714],[6.92299,46.06728],[6.92302,46.06752],[6.92241,46.06756],[6.92042,46.06727],[6.92022,46.06715],[6.92007,46.06727],[6.91788,46.06626],[6.91692,46.06622],[6.91635,46.06594],[6.91634,46.06644],[6.91585,46.06614],[6.91553,46.06627],[6.91325,46.0652],[6.91288,46.06488],[6.9126,46.06505],[6.91212,46.06482],[6.91147,46.06471],[6.91325,46.06552],[6.91402,46.0661],[6.91518,46.06764],[6.91454,46.06803],[6.91481,46.06817],[6.91461,46.06836],[6.91497,46.06913],[6.91496,46.06994],[6.91449,46.07042],[6.91412,46.07117],[6.91374,46.07286],[6.91383,46.07334],[6.91369,46.07373],[6.9133,46.07415],[6.9133,46.07453],[6.91355,46.07457],[6.91384,46.07437],[6.91483,46.07409],[6.91482,46.07396],[6.91518,46.07394],[6.91536,46.07409],[6.9153,46.07439],[6.91505,46.07443],[6.91511,46.07507],[6.9148,46.07552],[6.91443,46.07555],[6.91439,46.07595],[6.91402,46.07644],[6.91479,46.07738],[6.91522,46.07738],[6.9151,46.07762],[6.91533,46.07808],[6.91485,46.07887],[6.91421,46.07938],[6.91307,46.0798],[6.9128,46.08067],[6.91142,46.08192],[6.9105,46.0824],[6.90937,46.08268],[6.90866,46.08244],[6.90807,46.08194],[6.90768,46.08214],[6.90745,46.08263],[6.90624,46.08303],[6.90595,46.08295],[6.90536,46.08303],[6.90521,46.08313],[6.90555,46.08322],[6.90526,46.08383],[6.90428,46.08403],[6.90407,46.0879],[6.90448,46.08818],[6.9045,46.08841],[6.90506,46.08888],[6.9044,46.08924],[6.90527,46.08972],[6.90533,46.08993],[6.90514,46.09017],[6.90478,46.09032],[6.90428,46.09045],[6.90317,46.09049],[6.90425,46.09078],[6.90414,46.09144],[6.90458,46.09272],[6.90446,46.0936],[6.90452,46.09386],[6.90503,46.09438],[6.90493,46.09458],[6.90526,46.09512],[6.906,46.0955],[6.90625,46.09579],[6.90657,46.09582],[6.90723,46.0962],[6.90744,46.09648],[6.90746,46.09727],[6.90765,46.0977],[6.90752,46.09794],[6.90776,46.09818],[6.90771,46.09852],[6.90786,46.09884],[6.90762,46.09899],[6.90784,46.09913],[6.90813,46.10072],[6.90787,46.10095],[6.90823,46.10113],[6.90798,46.1027],[6.90831,46.10267],[6.90827,46.1024],[6.90884,46.10214],[6.90894,46.1017],[6.90913,46.10158],[6.90907,46.1013],[6.9093,46.10066],[6.90961,46.10036],[6.90993,46.09884],[6.90978,46.09873],[6.90998,46.0985],[6.90995,46.09797],[6.91024,46.09728],[6.91022,46.0964],[6.91042,46.09581],[6.91087,46.09568],[6.91165,46.09496],[6.91215,46.09416],[6.91212,46.09378],[6.9126,46.09377],[6.91317,46.09353],[6.9134,46.09281],[6.91471,46.0921],[6.91541,46.09215],[6.91596,46.09243],[6.91562,46.09174],[6.91488,46.09134],[6.91502,46.09096],[6.91494,46.09068],[6.91518,46.09055],[6.91515,46.09039],[6.91568,46.09009],[6.91512,46.08992],[6.91495,46.08972],[6.91496,46.08953],[6.91527,46.08939],[6.91531,46.08917],[6.91487,46.08833],[6.91488,46.088],[6.91526,46.08756],[6.91605,46.08703],[6.91646,46.08695],[6.91661,46.0864],[6.91703,46.08611],[6.9173,46.08539]]]}},{"type":"Feature","properties":{"id":"barrage-de-moiry-vs","c":"VS","p":"patent","q":"official","k":"lake","ns":1},"geometry":{"type":"Polygon","coordinates":[[[7.56762,46.13773],[7.56915,46.13698],[7.57064,46.13683],[7.57202,46.13717],[7.57393,46.13831],[7.5747,46.13823],[7.57524,46.13747],[7.57564,46.13584],[7.57632,46.13453],[7.57645,46.13387],[7.57636,46.13322],[7.57672,46.13247],[7.57639,46.12986],[7.57483,46.12735],[7.57353,46.12648],[7.57178,46.12602],[7.57144,46.12577],[7.57107,46.12497],[7.57138,46.12493],[7.5712,46.12477],[7.57133,46.12418],[7.57167,46.12406],[7.57189,46.12367],[7.57237,46.12335],[7.57271,46.12269],[7.57246,46.12163],[7.57203,46.12068],[7.57229,46.11956],[7.57207,46.11937],[7.5718,46.11858],[7.57198,46.11781],[7.57188,46.11722],[7.57216,46.11609],[7.57206,46.11524],[7.57174,46.115],[7.57183,46.11457],[7.57154,46.11487],[7.57153,46.11512],[7.57183,46.11547],[7.57167,46.11577],[7.57146,46.11583],[7.57124,46.11563],[7.57086,46.11591],[7.57065,46.11571],[7.57018,46.11572],[7.56969,46.11606],[7.56873,46.11749],[7.56824,46.11777],[7.56785,46.11847],[7.56755,46.1205],[7.56764,46.12074],[7.56714,46.12155],[7.56723,46.12178],[7.56687,46.12255],[7.56698,46.12395],[7.56654,46.12419],[7.56642,46.12444],[7.56554,46.12769],[7.56505,46.12789],[7.5653,46.12821],[7.56551,46.1295],[7.56612,46.13043],[7.56661,46.1323],[7.56657,46.13265],[7.56685,46.13293],[7.56734,46.13431],[7.56736,46.13526],[7.56803,46.13693],[7.56762,46.13773]]]}},{"type":"Feature","properties":{"id":"illsee-vs","c":"VS","p":"patent","q":"official","k":"lake","ns":1},"geometry":{"type":"Polygon","coordinates":[[[7.6323,46.25912],[7.6328,46.259],[7.63326,46.25909],[7.63339,46.25926],[7.63501,46.25946],[7.63555,46.25966],[7.63619,46.25935],[7.63588,46.25864],[7.6362,46.25862],[7.63612,46.25806],[7.63506,46.25753],[7.63507,46.25744],[7.63543,46.25742],[7.63555,46.25725],[7.63518,46.25721],[7.63499,46.25659],[7.6325,46.25537],[7.63129,46.25533],[7.63102,46.25552],[7.62854,46.25566],[7.62748,46.25625],[7.62731,46.25699],[7.62743,46.25746],[7.62799,46.25782],[7.62949,46.25808],[7.62986,46.25829],[7.63131,46.25863],[7.6315,46.25881],[7.63191,46.25885],[7.6323,46.25912]]]}},{"type":"Feature","properties":{"id":"grande-gouillle-des-iles-vs","c":"VS","p":"patent","q":"official","k":"pond","ns":1},"geometry":{"type":"Polygon","coordinates":[[[7.32824,46.21124],[7.32699,46.21087],[7.32505,46.21064],[7.324,46.21084],[7.3231,46.21131],[7.32188,46.21138],[7.32191,46.21215],[7.32244,46.21245],[7.32285,46.21242],[7.32346,46.21207],[7.32404,46.21234],[7.32463,46.21216],[7.32526,46.21245],[7.32624,46.21237],[7.32657,46.21242],[7.32662,46.21253],[7.3273,46.21251],[7.32815,46.21277],[7.32927,46.21336],[7.33081,46.21378],[7.33132,46.21375],[7.33162,46.21361],[7.3325,46.21387],[7.33348,46.21333],[7.33356,46.21316],[7.33279,46.21257],[7.33317,46.21244],[7.3335,46.21203],[7.33364,46.21175],[7.33347,46.21165],[7.33237,46.21149],[7.33237,46.21165],[7.33181,46.21208],[7.33163,46.21208],[7.32994,46.21153],[7.32971,46.21188],[7.32941,46.21184],[7.32921,46.21194],[7.32824,46.21124]]]}},{"type":"Feature","properties":{"id":"gouille-camping-les-iles-sion-vs","c":"VS","p":"patent","q":"official","k":"pond","ns":1},"geometry":{"type":"Polygon","coordinates":[[[7.31833,46.21258],[7.31994,46.21276],[7.32039,46.21158],[7.31997,46.21143],[7.31907,46.21186],[7.3184,46.21202],[7.3181,46.2124],[7.31833,46.21258]]]}},{"type":"Feature","properties":{"id":"gouille-du-carolet-aproz-vs","c":"VS","p":"pacht","q":"official","k":"lake"},"geometry":{"type":"Polygon","coordinates":[[[7.32035,46.20793],[7.32013,46.2095],[7.32074,46.2096],[7.32112,46.2095],[7.32141,46.20908],[7.32143,46.20877],[7.32119,46.20799],[7.32054,46.20807],[7.32049,46.20792],[7.32035,46.20793]]]}},{"type":"Feature","properties":{"id":"lac-de-la-breche-grone-vs","c":"VS","p":"pacht","q":"official","k":"lake"},"geometry":{"type":"Polygon","coordinates":[[[7.44678,46.25662],[7.44802,46.25752],[7.44882,46.25763],[7.449,46.25756],[7.4489,46.25737],[7.4492,46.25728],[7.44944,46.25616],[7.44925,46.25545],[7.44871,46.25514],[7.44732,46.25485],[7.44736,46.25467],[7.44694,46.25449],[7.44669,46.25447],[7.44658,46.25463],[7.44615,46.25447],[7.44566,46.25405],[7.44547,46.25403],[7.4457,46.25394],[7.44554,46.25384],[7.44457,46.25408],[7.4439,46.25495],[7.44546,46.25601],[7.44678,46.25662]]]}},{"type":"Feature","properties":{"id":"lac-de-la-corne-vs","c":"VS","p":"patent","q":"official","k":"pond","ns":1},"geometry":{"type":"Polygon","coordinates":[[[7.44118,46.25088],[7.44256,46.25166],[7.44306,46.25157],[7.44356,46.25134],[7.44331,46.25135],[7.44331,46.25124],[7.44371,46.25098],[7.44369,46.25056],[7.44267,46.25036],[7.44276,46.25],[7.44045,46.25064],[7.44118,46.25088]]]}},{"type":"Feature","properties":{"id":"etang-de-poutafontana-6-reserve-vs","c":"VS","p":"closed","q":"official","k":"lake"},"geometry":{"type":"Polygon","coordinates":[[[7.43844,46.24666],[7.43902,46.24727],[7.43886,46.24697],[7.43919,46.24694],[7.4388,46.24668],[7.43814,46.24636],[7.43781,46.24632],[7.4376,46.24643],[7.43765,46.24652],[7.43844,46.24666]]]}},{"type":"Feature","properties":{"id":"etang-de-poutafontana-1-reserve-vs","c":"VS","p":"closed","q":"official","k":"lake"},"geometry":{"type":"Polygon","coordinates":[[[7.42872,46.24428],[7.4294,46.24434],[7.42977,46.24477],[7.43129,46.24514],[7.43163,46.24469],[7.4311,46.24449],[7.43064,46.24449],[7.43002,46.24393],[7.42872,46.24395],[7.42856,46.24414],[7.42872,46.24428]]]}},{"type":"Feature","properties":{"id":"etang-de-poutafontana-2-reserve-vs","c":"VS","p":"closed","q":"official","k":"lake"},"geometry":{"type":"Polygon","coordinates":[[[7.43281,46.24768],[7.43339,46.24806],[7.43347,46.24777],[7.43375,46.24764],[7.43365,46.24729],[7.43337,46.2473],[7.43328,46.24714],[7.43363,46.2465],[7.43347,46.2464],[7.43308,46.24688],[7.43292,46.24672],[7.43302,46.24632],[7.43282,46.2458],[7.43195,46.24549],[7.4315,46.24577],[7.43083,46.24585],[7.43027,46.24537],[7.42941,46.24531],[7.42882,46.24512],[7.43025,46.24609],[7.43035,46.24598],[7.43068,46.24608],[7.43055,46.24626],[7.43165,46.24698],[7.43199,46.24706],[7.43212,46.2469],[7.43234,46.24692],[7.43237,46.24734],[7.43286,46.24744],[7.43281,46.24768]]]}},{"type":"Feature","properties":{"id":"etang-de-poutafontana-3-reserve-vs","c":"VS","p":"closed","q":"official","k":"lake"},"geometry":{"type":"Polygon","coordinates":[[[7.43549,46.24637],[7.43635,46.24654],[7.43597,46.24642],[7.43602,46.24623],[7.4356,46.24605],[7.43535,46.24622],[7.43549,46.24637]]]}},{"type":"Feature","properties":{"id":"etang-de-poutafontana-4-reserve-vs","c":"VS","p":"closed","q":"official","k":"lake"},"geometry":{"type":"Polygon","coordinates":[[[7.43651,46.24671],[7.43704,46.24671],[7.43753,46.24706],[7.43731,46.24667],[7.43658,46.24654],[7.43651,46.24671]]]}},{"type":"Feature","properties":{"id":"etang-de-poutafontana-5-reserve-vs","c":"VS","p":"closed","q":"official","k":"lake"},"geometry":{"type":"Polygon","coordinates":[[[7.43644,46.24633],[7.43673,46.24645],[7.43697,46.24642],[7.43655,46.24628],[7.43644,46.24633]]]}},{"type":"Feature","properties":{"id":"graechensee-graechen-vs","c":"VS","p":"pacht","q":"official","k":"lake"},"geometry":{"type":"Polygon","coordinates":[[[7.84488,46.19631],[7.84509,46.19635],[7.84544,46.19587],[7.84538,46.19564],[7.84467,46.19498],[7.84473,46.19603],[7.84488,46.19631]]]}},{"type":"Feature","properties":{"id":"schali-taesch-vs","c":"VS","p":"pacht","q":"official","k":"lake"},"geometry":{"type":"Polygon","coordinates":[[[7.77605,46.08002],[7.77692,46.07995],[7.77643,46.07965],[7.77656,46.07934],[7.7763,46.07871],[7.77584,46.07868],[7.77584,46.07829],[7.77565,46.07813],[7.77574,46.07794],[7.77553,46.07788],[7.77528,46.07826],[7.77552,46.07889],[7.77559,46.07897],[7.77582,46.07887],[7.77576,46.07943],[7.7759,46.07983],[7.77605,46.08002]]]}},{"type":"Feature","properties":{"id":"stellisee-zermatt-vs","c":"VS","p":"pacht","q":"official","k":"lake"},"geometry":{"type":"Polygon","coordinates":[[[7.79934,46.01365],[7.80018,46.01365],[7.80101,46.01381],[7.80184,46.01366],[7.80182,46.01349],[7.80122,46.01324],[7.80058,46.01328],[7.7991,46.01297],[7.79884,46.01317],[7.79934,46.01365]]]}},{"type":"Feature","properties":{"id":"grueensee-zermatt-vs","c":"VS","p":"pacht","q":"official","k":"lake"},"geometry":{"type":"Polygon","coordinates":[[[7.78452,46.00561],[7.78573,46.00582],[7.7863,46.00568],[7.78653,46.00543],[7.78562,46.00542],[7.78452,46.00561]]]}},{"type":"Feature","properties":{"id":"riffelsee-zermatt-vs","c":"VS","p":"pacht","q":"official","k":"lake"},"geometry":{"type":"Polygon","coordinates":[[[7.76138,45.98343],[7.76247,45.98363],[7.76275,45.98341],[7.76246,45.98316],[7.76182,45.98307],[7.76138,45.98343]]]}},{"type":"Feature","properties":{"id":"schwarzsee-zermatt-vs","c":"VS","p":"pacht","q":"official","k":"lake"},"geometry":{"type":"Polygon","coordinates":[[[7.70627,45.991],[7.7067,45.99115],[7.70723,45.99109],[7.70715,45.99033],[7.70664,45.9904],[7.70627,45.991]]]}},{"type":"Feature","properties":{"id":"lichtbrettersee-zermatt-vs","c":"VS","p":"pacht","q":"official","k":"lake"},"geometry":{"type":"Polygon","coordinates":[[[7.73017,45.97806],[7.73057,45.978],[7.73088,45.97818],[7.73124,45.97755],[7.73103,45.97736],[7.73051,45.97756],[7.73028,45.97741],[7.72987,45.97756],[7.72984,45.97772],[7.73017,45.97806]]]}},{"type":"Feature","properties":{"id":"blausee-gspontelli-a-visperterminen-vs","c":"VS","p":"pacht","q":"official","k":"lake"},"geometry":{"type":"Polygon","coordinates":[[[7.94966,46.21547],[7.95103,46.21545],[7.95115,46.2152],[7.9507,46.21491],[7.94987,46.21515],[7.94966,46.21547]]]}},{"type":"Feature","properties":{"id":"rotelsee-simplon-vs","c":"VS","p":"pacht","q":"official","k":"lake"},"geometry":{"type":"Polygon","coordinates":[[[8.03244,46.24525],[8.0327,46.24502],[8.03214,46.24467],[8.0319,46.24417],[8.03155,46.24414],[8.03121,46.24388],[8.03099,46.24404],[8.03076,46.24396],[8.03068,46.24425],[8.03018,46.24426],[8.031,46.24482],[8.03167,46.24492],[8.03199,46.24527],[8.03244,46.24525]]]}},{"type":"Feature","properties":{"id":"sirwoltensee-simplon-vs","c":"VS","p":"pacht","q":"official","k":"lake"},"geometry":{"type":"Polygon","coordinates":[[[7.99798,46.21174],[7.99815,46.21156],[7.99799,46.21139],[7.99809,46.21118],[7.99774,46.21108],[7.99768,46.21054],[7.99799,46.21032],[7.99747,46.21007],[7.99719,46.21019],[7.99683,46.21075],[7.99798,46.21174]]]}},{"type":"Feature","properties":{"id":"alpjensee-2484-gondo-vs","c":"VS","p":"pacht","q":"official","k":"lake"},"geometry":{"type":"Polygon","coordinates":[[[8.11284,46.22824],[8.11369,46.22799],[8.11328,46.22764],[8.1119,46.2271],[8.11172,46.22725],[8.11177,46.22738],[8.1115,46.2274],[8.11125,46.22757],[8.11144,46.22801],[8.11284,46.22824]]]}},{"type":"Feature","properties":{"id":"alpjensee-2609-gondo-vs","c":"VS","p":"pacht","q":"official","k":"lake"},"geometry":{"type":"Polygon","coordinates":[[[8.11367,46.23033],[8.11448,46.23046],[8.1149,46.23068],[8.11575,46.2317],[8.11632,46.23179],[8.11705,46.23159],[8.11702,46.23036],[8.11587,46.23011],[8.11527,46.23013],[8.1142,46.22974],[8.11421,46.22959],[8.11385,46.22978],[8.11379,46.22967],[8.11329,46.22966],[8.11345,46.22976],[8.11366,46.22971],[8.1137,46.22996],[8.11339,46.23011],[8.11367,46.23033]]]}},{"type":"Feature","properties":{"id":"haslesee-binn-vs","c":"VS","p":"pacht","q":"official","k":"lake"},"geometry":{"type":"Polygon","coordinates":[[[8.26302,46.3767],[8.26391,46.37687],[8.2643,46.3768],[8.26343,46.37636],[8.26296,46.37655],[8.26302,46.3767]]]}},{"type":"Feature","properties":{"id":"geisspfadsee-binn-vs","c":"VS","p":"pacht","q":"official","k":"lake"},"geometry":{"type":"Polygon","coordinates":[[[8.24838,46.347],[8.24879,46.34725],[8.24895,46.34763],[8.24954,46.34796],[8.25007,46.34823],[8.25193,46.34882],[8.25238,46.34919],[8.2524,46.34952],[8.25307,46.34983],[8.25387,46.34996],[8.25449,46.35032],[8.25512,46.3504],[8.25596,46.34993],[8.25622,46.34952],[8.25603,46.34921],[8.25606,46.34869],[8.25562,46.34823],[8.25521,46.34808],[8.25482,46.34819],[8.25456,46.34789],[8.25423,46.34776],[8.25342,46.34764],[8.25236,46.3473],[8.25187,46.347],[8.25111,46.34686],[8.24997,46.34671],[8.24927,46.34679],[8.24888,46.347],[8.24838,46.347]]]}},{"type":"Feature","properties":{"id":"zueesee-binn-vs","c":"VS","p":"pacht","q":"official","k":"lake"},"geometry":{"type":"Polygon","coordinates":[[[8.24293,46.34669],[8.24453,46.34722],[8.24515,46.34726],[8.24717,46.34705],[8.24771,46.34676],[8.24608,46.34623],[8.24518,46.34612],[8.24447,46.34623],[8.24324,46.34671],[8.24293,46.34669]]]}},{"type":"Feature","properties":{"id":"moossee-martisberg-vs","c":"VS","p":"pacht","q":"official","k":"lake"},"geometry":{"type":"Polygon","coordinates":[[[8.08421,46.40414],[8.0849,46.40452],[8.08635,46.40503],[8.08532,46.40443],[8.08418,46.40399],[8.08335,46.40346],[8.08254,46.40339],[8.08268,46.40361],[8.08319,46.40389],[8.08421,46.40414]]]}},{"type":"Feature","properties":{"id":"grand-le-drone-vs","c":"VS","p":"pacht","q":"official","k":"lake"},"geometry":{"type":"Polygon","coordinates":[[[7.16015,45.89446],[7.16021,45.89397],[7.16006,45.8939],[7.16016,45.89354],[7.16004,45.89316],[7.16046,45.8924],[7.15962,45.89148],[7.15912,45.8919],[7.15831,45.89211],[7.15782,45.89267],[7.15756,45.89276],[7.15793,45.89299],[7.15846,45.89374],[7.15936,45.89408],[7.15981,45.89449],[7.16015,45.89446]]]}},{"type":"Feature","properties":{"id":"petit-le-drone-vs","c":"VS","p":"pacht","q":"official","k":"lake"},"geometry":{"type":"Polygon","coordinates":[[[7.153,45.89073],[7.15315,45.89048],[7.15323,45.88981],[7.1525,45.89004],[7.15213,45.89],[7.15198,45.89027],[7.15229,45.89057],[7.15286,45.89061],[7.153,45.89073]]]}},{"type":"Feature","properties":{"id":"lac-des-bousses-vs","c":"VS","p":"pacht","q":"official","k":"lake"},"geometry":{"type":"Polygon","coordinates":[[[7.4539,46.25516],[7.4551,46.25535],[7.45541,46.2552],[7.45589,46.25545],[7.45642,46.25543],[7.45686,46.25523],[7.45693,46.25498],[7.45602,46.25478],[7.45489,46.25469],[7.45456,46.2549],[7.45397,46.25503],[7.4539,46.25516]]]}},{"type":"Feature","properties":{"id":"colline-aux-oiseaux-chamoson-vs","c":"VS","p":"pacht","q":"official","k":"lake"},"geometry":{"type":"Polygon","coordinates":[[[7.20779,46.2086],[7.20805,46.20854],[7.20798,46.20831],[7.20763,46.2084],[7.20779,46.2086]]]}},{"type":"Feature","properties":{"id":"gouille-sous-scex-champery-vs","c":"VS","p":"pacht","q":"official","k":"lake"},"geometry":{"type":"Polygon","coordinates":[[[6.87618,46.1743],[6.87627,46.17422],[6.87616,46.17407],[6.87609,46.17414],[6.87618,46.1743]]]}},{"type":"Feature","properties":{"id":"swarzsee-loetschental-vs","c":"VS","p":"closed","q":"official","k":"lake"},"geometry":{"type":"Polygon","coordinates":[[[7.83558,46.43146],[7.83588,46.43124],[7.83583,46.43108],[7.83499,46.43104],[7.83505,46.43132],[7.83558,46.43146]]]}},{"type":"Feature","properties":{"id":"fleschensee-vs","c":"VS","p":"pacht","q":"official","k":"lake"},"geometry":{"type":"Polygon","coordinates":[[[8.16856,46.44108],[8.1686,46.44093],[8.16777,46.44086],[8.16794,46.44102],[8.16856,46.44108]]]}},{"type":"Feature","properties":{"id":"rhonequelle-oben-oberwald-vs","c":"VS","p":"pacht","q":"official","k":"lake"},"geometry":{"type":"Polygon","coordinates":[[[8.35636,46.54487],[8.35652,46.54484],[8.35648,46.54468],[8.35632,46.54472],[8.35636,46.54487]]]}},{"type":"Feature","properties":{"id":"rhonequelle-unten-oberwald-vs","c":"VS","p":"pacht","q":"official","k":"lake"},"geometry":{"type":"Polygon","coordinates":[[[8.3564,46.54452],[8.35651,46.54436],[8.35647,46.54428],[8.35628,46.54445],[8.3564,46.54452]]]}},{"type":"Feature","properties":{"id":"petit-combin-vs","c":"VS","p":"pacht","q":"official","k":"lake"},"geometry":{"type":"Polygon","coordinates":[[[7.25351,46.00074],[7.25302,45.99972],[7.2527,45.99959],[7.25247,45.99967],[7.25213,45.99998],[7.25224,46.00031],[7.25261,46.00063],[7.25319,46.00081],[7.25351,46.00074]]]}},{"type":"Feature","properties":{"id":"lac-des-autannes-grimentz-vs","c":"VS","p":"pacht","q":"official","k":"lake"},"geometry":{"type":"Polygon","coordinates":[[[7.54108,46.1329],[7.54214,46.13297],[7.54214,46.13261],[7.5428,46.13272],[7.54254,46.13238],[7.54271,46.13224],[7.54246,46.13202],[7.54287,46.13163],[7.54279,46.1313],[7.54188,46.13101],[7.54136,46.13107],[7.54141,46.13134],[7.5411,46.13115],[7.54085,46.13118],[7.53997,46.13132],[7.53899,46.13165],[7.53899,46.13189],[7.53929,46.13204],[7.54002,46.13199],[7.54109,46.13227],[7.54142,46.13248],[7.54147,46.13274],[7.5411,46.13277],[7.54108,46.1329]]]}},{"type":"Feature","properties":{"id":"lac-de-l-armina-st-luc-vs","c":"VS","p":"pacht","q":"official","k":"lake"},"geometry":{"type":"Polygon","coordinates":[[[7.64807,46.22524],[7.64889,46.22503],[7.64895,46.22468],[7.64883,46.22446],[7.64804,46.22414],[7.64786,46.22426],[7.64764,46.22482],[7.64778,46.22512],[7.64807,46.22524]]]}},{"type":"Feature","properties":{"id":"lac-de-lona-grimentz-vs","c":"VS","p":"pacht","q":"official","k":"lake"},"geometry":{"type":"Polygon","coordinates":[[[7.5281,46.15312],[7.52875,46.1529],[7.52916,46.15295],[7.53012,46.15281],[7.53095,46.15297],[7.53139,46.15326],[7.53248,46.15367],[7.53266,46.1534],[7.53232,46.15306],[7.53156,46.15277],[7.53121,46.15242],[7.53,46.15205],[7.52872,46.15101],[7.52807,46.15115],[7.52734,46.15105],[7.527,46.15085],[7.52662,46.15095],[7.52641,46.15103],[7.5264,46.15171],[7.52708,46.15218],[7.52757,46.1529],[7.5281,46.15312]]]}},{"type":"Feature","properties":{"id":"lac-noir-st-luc-vs","c":"VS","p":"pacht","q":"official","k":"lake"},"geometry":{"type":"Polygon","coordinates":[[[7.63091,46.25025],[7.63213,46.25032],[7.63265,46.25013],[7.63297,46.24972],[7.6318,46.24954],[7.63049,46.24965],[7.63044,46.24993],[7.63091,46.25025]]]}},{"type":"Feature","properties":{"id":"lac-du-louche-vallon-de-rechy-vs","c":"VS","p":"pacht","q":"official","k":"lake"},"geometry":{"type":"Polygon","coordinates":[[[7.49896,46.17666],[7.49919,46.17643],[7.49986,46.17676],[7.50015,46.17665],[7.50043,46.1767],[7.50082,46.1771],[7.50073,46.17732],[7.5004,46.17749],[7.50042,46.1776],[7.50065,46.1776],[7.50103,46.17702],[7.50189,46.17637],[7.50225,46.17634],[7.5025,46.1759],[7.50252,46.17544],[7.50226,46.17465],[7.50097,46.17471],[7.49943,46.17551],[7.49925,46.17572],[7.49883,46.17572],[7.49911,46.17615],[7.49884,46.17637],[7.49896,46.17666]]]}},{"type":"Feature","properties":{"id":"gouille-de-chalais-vs","c":"VS","p":"pacht","q":"official","k":"lake"},"geometry":{"type":"Polygon","coordinates":[[[7.51207,46.27157],[7.51298,46.27097],[7.51312,46.27078],[7.51304,46.27064],[7.51279,46.27065],[7.51232,46.27106],[7.51207,46.27157]]]}},{"type":"Feature","properties":{"id":"gouille-tschanderunu-est-teich-rhone-a-salgesch-vs","c":"VS","p":"pacht","q":"official","k":"lake"},"geometry":{"type":"Polygon","coordinates":[[[7.57428,46.30433],[7.57469,46.30457],[7.57515,46.30459],[7.57523,46.30429],[7.57436,46.30397],[7.57428,46.30433]]]}},{"type":"Feature","properties":{"id":"gouille-tschanderunu-ouest-salgesch-vs","c":"VS","p":"pacht","q":"official","k":"lake"},"geometry":{"type":"Polygon","coordinates":[[[7.56857,46.30251],[7.56897,46.30275],[7.56991,46.30311],[7.57005,46.30274],[7.56918,46.30251],[7.56871,46.30211],[7.56858,46.30215],[7.56857,46.30251]]]}},{"type":"Feature","properties":{"id":"gouille-montani-salquenen-vs","c":"VS","p":"pacht","q":"official","k":"lake"},"geometry":{"type":"Polygon","coordinates":[[[7.58336,46.30947],[7.58359,46.30909],[7.58336,46.30904],[7.58297,46.30927],[7.58336,46.30947]]]}},{"type":"Feature","properties":{"id":"baggersee-steineji-a-raron-vs","c":"VS","p":"patent","q":"official","k":"pond","ns":1},"geometry":{"type":"Polygon","coordinates":[[[7.83727,46.30575],[7.83778,46.30584],[7.83788,46.3062],[7.8383,46.30643],[7.83901,46.30631],[7.83976,46.30602],[7.84137,46.30592],[7.84146,46.30565],[7.84088,46.30497],[7.84088,46.30477],[7.84068,46.30469],[7.83719,46.30492],[7.83727,46.30575]]]}},{"type":"Feature","properties":{"id":"ober-sewji-obersee-a-geschinen-vs","c":"VS","p":"pacht","q":"official","k":"lake"},"geometry":{"type":"Polygon","coordinates":[[[8.26901,46.52859],[8.26911,46.5288],[8.2705,46.52929],[8.27118,46.5292],[8.2714,46.529],[8.27119,46.52864],[8.2702,46.52829],[8.26925,46.52829],[8.26901,46.52859]]]}},{"type":"Feature","properties":{"id":"distelsee-vs","c":"VS","p":"pacht","q":"official","k":"lake"},"geometry":{"type":"Polygon","coordinates":[[[8.32258,46.46418],[8.32414,46.4643],[8.32432,46.46403],[8.32477,46.46396],[8.32498,46.46371],[8.32448,46.46339],[8.32441,46.4629],[8.32389,46.46265],[8.32364,46.46221],[8.32298,46.46198],[8.32234,46.46201],[8.32168,46.46232],[8.32151,46.46265],[8.3217,46.46286],[8.32161,46.46374],[8.32258,46.46418]]]}},{"type":"Feature","properties":{"id":"guggisee-blatten-loetschental-vs","c":"VS","p":"pacht","q":"official","k":"lake"},"geometry":{"type":"Polygon","coordinates":[[[7.88093,46.44461],[7.88171,46.4448],[7.88179,46.44471],[7.88098,46.44433],[7.88075,46.44446],[7.88093,46.44461]]]}},{"type":"Feature","properties":{"id":"unterer-meretschisee-illhorn-vs","c":"VS","p":"pacht","q":"official","k":"lake"},"geometry":{"type":"Polygon","coordinates":[[[7.64891,46.25574],[7.64983,46.25587],[7.65107,46.25575],[7.65149,46.2561],[7.65208,46.25618],[7.65291,46.25606],[7.65299,46.25596],[7.65204,46.25533],[7.65183,46.25501],[7.65142,46.25488],[7.65074,46.25492],[7.64981,46.25469],[7.64912,46.25471],[7.64815,46.25455],[7.64811,46.25471],[7.64874,46.25514],[7.64891,46.25574]]]}},{"type":"Feature","properties":{"id":"oberer-meretschisee-illhorn-vs","c":"VS","p":"pacht","q":"official","k":"lake"},"geometry":{"type":"Polygon","coordinates":[[[7.65392,46.25865],[7.65553,46.25893],[7.6559,46.2588],[7.65586,46.25832],[7.65562,46.25809],[7.65559,46.25783],[7.65513,46.2577],[7.6545,46.25709],[7.65403,46.25678],[7.6538,46.25676],[7.65355,46.25682],[7.65322,46.25788],[7.6534,46.25832],[7.65392,46.25865]]]}},{"type":"Feature","properties":{"id":"fleschensee-bellwald-fiechertal-vs","c":"VS","p":"pacht","q":"official","k":"lake"},"geometry":{"type":"Polygon","coordinates":[[[8.15703,46.43342],[8.15738,46.4332],[8.15734,46.43311],[8.15713,46.4332],[8.15703,46.43342]]]}},{"type":"Feature","properties":{"id":"goli-de-pindin-lac-de-sery-a-bagnes-vs","c":"VS","p":"pacht","q":"official","k":"lake"},"geometry":{"type":"Polygon","coordinates":[[[7.26267,46.01339],[7.26294,46.01333],[7.26316,46.01299],[7.26294,46.0128],[7.26267,46.01339]]]}},{"type":"Feature","properties":{"id":"ruckhaltebecken-zen-binnen-vs","c":"VS","p":"patent","q":"official","k":"lake","ns":1},"geometry":{"type":"Polygon","coordinates":[[[8.1722,46.36065],[8.17346,46.36069],[8.17419,46.36023],[8.17581,46.36067],[8.17432,46.35998],[8.17439,46.35961],[8.17491,46.35924],[8.17483,46.35919],[8.1739,46.35926],[8.17318,46.35956],[8.17257,46.36001],[8.17238,46.36032],[8.17204,46.36044],[8.1722,46.36065]]]}},{"type":"Feature","properties":{"id":"ueelisee-vs","c":"VS","p":"pacht","q":"official","k":"lake"},"geometry":{"type":"Polygon","coordinates":[[[8.28603,46.53355],[8.2866,46.53338],[8.28697,46.53283],[8.28688,46.53261],[8.28641,46.53235],[8.28573,46.53245],[8.28543,46.53279],[8.28537,46.53318],[8.28603,46.53355]]]}},{"type":"Feature","properties":{"id":"krummenbordsee-binn-vs","c":"VS","p":"pacht","q":"official","k":"lake"},"geometry":{"type":"Polygon","coordinates":[[[8.16591,46.3246],[8.16744,46.32455],[8.16824,46.32485],[8.16777,46.32453],[8.16739,46.3236],[8.16741,46.32324],[8.167,46.32296],[8.1665,46.32208],[8.16613,46.32175],[8.16558,46.32161],[8.16567,46.32141],[8.16548,46.32148],[8.16538,46.32137],[8.16547,46.32101],[8.16523,46.32108],[8.16508,46.32099],[8.16509,46.32144],[8.16498,46.32147],[8.16493,46.32131],[8.16465,46.32146],[8.1649,46.3216],[8.16504,46.32233],[8.16481,46.32254],[8.16473,46.32348],[8.1657,46.32407],[8.16594,46.3244],[8.16591,46.3246]]]}},{"type":"Feature","properties":{"id":"maerjelesee-vs","c":"VS","p":"pacht","q":"official","k":"lake"},"geometry":{"type":"Polygon","coordinates":[[[8.10862,46.4427],[8.10875,46.44239],[8.10792,46.44174],[8.10666,46.44104],[8.1049,46.4403],[8.10422,46.43992],[8.10418,46.43979],[8.10357,46.43977],[8.10267,46.44056],[8.10348,46.44093],[8.10414,46.44167],[8.10529,46.44196],[8.10568,46.44228],[8.10705,46.44257],[8.10862,46.4427]]]}},{"type":"Feature","properties":{"id":"etang-de-miers-drone-vs","c":"VS","p":"pacht","q":"official","k":"lake"},"geometry":{"type":"Polygon","coordinates":[[[7.36021,46.26128],[7.3604,46.26117],[7.36034,46.26106],[7.35933,46.26088],[7.36021,46.26128]]]}},{"type":"Feature","properties":{"id":"le-louche-moiry-vs","c":"VS","p":"pacht","q":"official","k":"lake"},"geometry":{"type":"Polygon","coordinates":[[[7.56047,46.12618],[7.56101,46.12533],[7.56079,46.12516],[7.56018,46.12504],[7.55992,46.12514],[7.55987,46.12556],[7.56047,46.12618]]]}},{"type":"Feature","properties":{"id":"gouille-de-cretelongue-vs","c":"VS","p":"pacht","q":"official","k":"lake"},"geometry":{"type":"Polygon","coordinates":[[[7.4803,46.26027],[7.48102,46.26034],[7.48117,46.2601],[7.48028,46.25983],[7.4803,46.26027]]]}},{"type":"Feature","properties":{"id":"gouille-cabane-chanrion-vs","c":"VS","p":"pacht","q":"official","k":"lake"},"geometry":{"type":"Polygon","coordinates":[[[7.38124,45.94035],[7.38159,45.94032],[7.38185,45.94012],[7.38183,45.93987],[7.38162,45.93976],[7.38136,45.93993],[7.38124,45.94035]]]}},{"type":"Feature","properties":{"id":"etang-neuf-mayens-d-arbaz-vs","c":"VS","p":"pacht","q":"official","k":"lake"},"geometry":{"type":"Polygon","coordinates":[[[7.38652,46.27968],[7.38691,46.27984],[7.38701,46.27962],[7.38664,46.27949],[7.38652,46.27968]]]}},{"type":"Feature","properties":{"id":"lac-louette-econdoue-vs","c":"VS","p":"pacht","q":"official","k":"lake"},"geometry":{"type":"Polygon","coordinates":[[[7.29886,46.09756],[7.30025,46.09778],[7.29958,46.09735],[7.29941,46.09713],[7.2995,46.09704],[7.299,46.09689],[7.29848,46.09693],[7.29785,46.09656],[7.29767,46.09666],[7.29753,46.09655],[7.2974,46.09676],[7.2973,46.09655],[7.29712,46.09655],[7.2972,46.0968],[7.29808,46.09704],[7.29886,46.09756]]]}},{"type":"Feature","properties":{"id":"lac-du-grand-desert-nendaz-vs","c":"VS","p":"patent","q":"official","k":"lake","ns":1},"geometry":{"type":"Polygon","coordinates":[[[7.33537,46.09014],[7.33597,46.08996],[7.33659,46.08954],[7.33686,46.0893],[7.33685,46.08911],[7.33749,46.08904],[7.3378,46.08883],[7.33688,46.08792],[7.33584,46.08789],[7.33556,46.0876],[7.33622,46.08708],[7.33631,46.08685],[7.33534,46.08746],[7.33539,46.08785],[7.33516,46.08819],[7.33422,46.0881],[7.33404,46.08822],[7.33404,46.08843],[7.33373,46.08843],[7.33364,46.08859],[7.33388,46.08869],[7.33402,46.08854],[7.33414,46.08888],[7.33428,46.08891],[7.33399,46.08916],[7.334,46.08947],[7.33377,46.0897],[7.33374,46.09029],[7.33399,46.09019],[7.33455,46.09032],[7.33463,46.09061],[7.33457,46.09073],[7.33438,46.09073],[7.33447,46.0909],[7.33471,46.09095],[7.33517,46.09082],[7.33537,46.09014]]]}},{"type":"Feature","properties":{"id":"lac-de-catogne-trient-vs","c":"VS","p":"pacht","q":"official","k":"lake"},"geometry":{"type":"Polygon","coordinates":[[[6.96657,46.03368],[6.96669,46.03364],[6.96654,46.03334],[6.9659,46.03286],[6.96575,46.03321],[6.96657,46.03368]]]}},{"type":"Feature","properties":{"id":"lac-de-la-forcla-chamoson-vs","c":"VS","p":"pacht","q":"official","k":"lake"},"geometry":{"type":"Polygon","coordinates":[[[7.15547,46.24027],[7.15639,46.24056],[7.15697,46.24055],[7.1581,46.24027],[7.15842,46.23981],[7.15788,46.23962],[7.15762,46.23981],[7.15693,46.23982],[7.15654,46.23959],[7.15608,46.23959],[7.15553,46.23974],[7.15547,46.24027]]]}},{"type":"Feature","properties":{"id":"etang-de-binii-etang-du-sillandont-a-saviese-vs","c":"VS","p":"pacht","q":"official","k":"lake"},"geometry":{"type":"Polygon","coordinates":[[[7.34504,46.26057],[7.3454,46.26077],[7.34601,46.26094],[7.34568,46.26044],[7.34494,46.25997],[7.34478,46.26016],[7.34504,46.26057]]]}},{"type":"Feature","properties":{"id":"gouille-niklas-vs","c":"VS","p":"pacht","q":"official","k":"lake"},"geometry":{"type":"Polygon","coordinates":[[[7.35924,46.26334],[7.35977,46.26385],[7.3599,46.2639],[7.36007,46.26359],[7.35947,46.26324],[7.35924,46.26334]]]}},{"type":"Feature","properties":{"id":"lac-miriouges-lens-vs","c":"VS","p":"pacht","q":"official","k":"lake"},"geometry":{"type":"Polygon","coordinates":[[[7.45787,46.29183],[7.45935,46.29226],[7.46021,46.29281],[7.4607,46.29287],[7.46109,46.29251],[7.46085,46.29232],[7.45992,46.29206],[7.45849,46.29116],[7.45793,46.29161],[7.45787,46.29183]]]}},{"type":"Feature","properties":{"id":"etang-louche-blanc-a-lens-vs","c":"VS","p":"pacht","q":"official","k":"lake"},"geometry":{"type":"Polygon","coordinates":[[[7.44577,46.28231],[7.44675,46.28247],[7.44752,46.28245],[7.44784,46.28181],[7.44755,46.2816],[7.44579,46.28171],[7.44577,46.28231]]]}},{"type":"Feature","properties":{"id":"etang-de-revouire-grimisuat-vs","c":"VS","p":"pacht","q":"official","k":"lake"},"geometry":{"type":"Polygon","coordinates":[[[7.38806,46.26378],[7.38878,46.26434],[7.38935,46.26408],[7.38869,46.26343],[7.38833,46.26327],[7.38798,46.2635],[7.38806,46.26378]]]}},{"type":"Feature","properties":{"id":"etang-long-arbaz-vs","c":"VS","p":"pacht","q":"official","k":"lake"},"geometry":{"type":"Polygon","coordinates":[[[7.38238,46.28142],[7.38411,46.28208],[7.38455,46.28201],[7.38285,46.28119],[7.38238,46.28142]]]}},{"type":"Feature","properties":{"id":"lac-du-liapey-superieur-derborence-vs","c":"VS","p":"pacht","q":"official","k":"lake"},"geometry":{"type":"Polygon","coordinates":[[[7.23167,46.28343],[7.2323,46.28399],[7.2325,46.28379],[7.23203,46.28359],[7.23202,46.28329],[7.23181,46.28327],[7.23167,46.28343]]]}},{"type":"Feature","properties":{"id":"lac-du-liapey-inferieur-derborence-vs","c":"VS","p":"pacht","q":"official","k":"lake"},"geometry":{"type":"Polygon","coordinates":[[[7.23235,46.28295],[7.23306,46.28234],[7.23354,46.28216],[7.23304,46.28177],[7.23331,46.28135],[7.23311,46.28139],[7.23282,46.28172],[7.23225,46.28281],[7.23235,46.28295]]]}},{"type":"Feature","properties":{"id":"la-pisciculture-ardon-vs","c":"VS","p":"pacht","q":"official","k":"lake"},"geometry":{"type":"Polygon","coordinates":[[[7.27894,46.2012],[7.27962,46.20155],[7.27981,46.20149],[7.27923,46.20109],[7.27894,46.2012]]]}},{"type":"Feature","properties":{"id":"bettmersee-betten-vs","c":"VS","p":"pacht","q":"official","k":"lake"},"geometry":{"type":"Polygon","coordinates":[[[8.06121,46.39543],[8.0616,46.39541],[8.06163,46.39492],[8.06201,46.39435],[8.06256,46.39451],[8.06287,46.39445],[8.06298,46.39421],[8.06223,46.39338],[8.06223,46.3931],[8.06152,46.3927],[8.06099,46.39273],[8.06044,46.39253],[8.05985,46.39254],[8.05959,46.39307],[8.0593,46.39332],[8.05878,46.39352],[8.05842,46.39346],[8.05867,46.39378],[8.05876,46.3943],[8.05913,46.39464],[8.06121,46.39543]]]}},{"type":"Feature","properties":{"id":"petite-camargue-vs","c":"VS","p":"pacht","q":"official","k":"lake"},"geometry":{"type":"Polygon","coordinates":[[[6.86697,46.38055],[6.8664,46.3812],[6.86589,46.38107],[6.86548,46.38134],[6.86537,46.38187],[6.86583,46.38224],[6.8666,46.38226],[6.8669,46.38217],[6.86722,46.38177],[6.86765,46.38191],[6.86798,46.38188],[6.8684,46.38161],[6.86852,46.3807],[6.86829,46.37988],[6.86719,46.37962],[6.86697,46.38055]],[[6.86698,46.38116],[6.86705,46.38088],[6.86732,46.38084],[6.86736,46.38106],[6.86698,46.38116]]]}},{"type":"Feature","properties":{"id":"la-praille-vs","c":"VS","p":"pacht","q":"official","k":"lake"},"geometry":{"type":"Polygon","coordinates":[[[6.87679,46.37333],[6.87656,46.37363],[6.87644,46.37448],[6.87588,46.3751],[6.87636,46.37564],[6.87697,46.37581],[6.87739,46.37558],[6.87758,46.37517],[6.87763,46.37478],[6.87735,46.37453],[6.87756,46.37422],[6.87813,46.37394],[6.87833,46.37332],[6.87805,46.37309],[6.87762,46.37305],[6.87679,46.37333]]]}},{"type":"Feature","properties":{"id":"la-sabliere-vs","c":"VS","p":"pacht","q":"official","k":"lake"},"geometry":{"type":"Polygon","coordinates":[[[6.93285,46.29979],[6.9335,46.29909],[6.9336,46.29861],[6.93325,46.29842],[6.93343,46.29797],[6.93282,46.2978],[6.93185,46.2996],[6.93194,46.29978],[6.93285,46.29979]]]}},{"type":"Feature","properties":{"id":"gouille-les-sables-vs","c":"VS","p":"pacht","q":"official","k":"lake"},"geometry":{"type":"Polygon","coordinates":[[[7.05255,46.13154],[7.05242,46.13189],[7.05276,46.13236],[7.0525,46.13283],[7.05352,46.1328],[7.05413,46.13293],[7.0551,46.1321],[7.05505,46.13188],[7.05491,46.13199],[7.05485,46.13188],[7.0547,46.13193],[7.05474,46.13182],[7.05442,46.13177],[7.05421,46.13118],[7.05347,46.13088],[7.05322,46.13087],[7.05295,46.13137],[7.05255,46.13154]]]}},{"type":"Feature","properties":{"id":"lac-des-otanes-goli-des-otanes-a-bagnes-vs","c":"VS","p":"pacht","q":"official","k":"lake"},"geometry":{"type":"Polygon","coordinates":[[[7.25156,46.01922],[7.25188,46.01906],[7.25235,46.01918],[7.2531,46.01898],[7.25257,46.01852],[7.25127,46.01811],[7.25113,46.0184],[7.25083,46.01848],[7.25082,46.01859],[7.25099,46.019],[7.25156,46.01922]]]}},{"type":"Feature","properties":{"id":"etang-de-botyre-vs","c":"VS","p":"pacht","q":"official","k":"lake"},"geometry":{"type":"Polygon","coordinates":[[[7.3957,46.28206],[7.39691,46.28248],[7.39711,46.28238],[7.39633,46.28172],[7.3957,46.28206]]]}},{"type":"Feature","properties":{"id":"etang-de-lombardon-vs","c":"VS","p":"pacht","q":"official","k":"lake"},"geometry":{"type":"Polygon","coordinates":[[[7.40101,46.28778],[7.4014,46.28787],[7.40158,46.2877],[7.40066,46.28727],[7.40062,46.2875],[7.40101,46.28778]]]}},{"type":"Feature","properties":{"id":"etang-de-la-tourbiere-arbaz-vs","c":"VS","p":"pacht","q":"official","k":"lake"},"geometry":{"type":"Polygon","coordinates":[[[7.38255,46.2802],[7.38438,46.28093],[7.38461,46.28083],[7.38463,46.28067],[7.38409,46.28051],[7.38384,46.28064],[7.38394,46.28047],[7.3828,46.28011],[7.38255,46.2802]]]}},{"type":"Feature","properties":{"id":"lac-d-icogne-vs","c":"VS","p":"pacht","q":"official","k":"lake"},"geometry":{"type":"Polygon","coordinates":[[[7.45505,46.30495],[7.45568,46.30527],[7.45606,46.30529],[7.45622,46.30518],[7.45672,46.30536],[7.45721,46.30537],[7.45731,46.30524],[7.45607,46.30493],[7.45519,46.30451],[7.45505,46.30495]]]}},{"type":"Feature","properties":{"id":"lac-du-vieux-emosson-vs","c":"VS","p":"patent","q":"derived","k":"lake","ns":1},"geometry":{"type":"Polygon","coordinates":[[[6.89432,46.06519],[6.89517,46.06501],[6.89565,46.06468],[6.89618,46.06462],[6.89803,46.06375],[6.89862,46.06317],[6.89799,46.06259],[6.89797,46.06221],[6.89821,46.06185],[6.89648,46.06156],[6.89553,46.06187],[6.89478,46.0617],[6.89403,46.06182],[6.89268,46.0606],[6.89191,46.06061],[6.89076,46.06026],[6.89063,46.06034],[6.88998,46.0596],[6.88934,46.05944],[6.88862,46.05899],[6.88797,46.05818],[6.8856,46.05614],[6.8848,46.05571],[6.88451,46.05577],[6.8844,46.05598],[6.8846,46.05667],[6.88458,46.05735],[6.88423,46.05846],[6.88415,46.05935],[6.88455,46.06049],[6.88516,46.06096],[6.88508,46.06176],[6.88551,46.06224],[6.88584,46.06334],[6.88652,46.06349],[6.88727,46.06397],[6.88789,46.06463],[6.8886,46.06503],[6.88906,46.06514],[6.89335,46.06505],[6.89432,46.06519]]]}},{"type":"Feature","properties":{"id":"stausee-gibidum-vs","c":"VS","p":"patent","q":"derived","k":"lake","ns":1},"geometry":{"type":"Polygon","coordinates":[[[8.0051,46.3829],[8.00499,46.38259],[8.00453,46.38219],[8.00404,46.38098],[8.0031,46.37981],[8.00311,46.37943],[8.00248,46.37901],[8.00365,46.37783],[8.00392,46.37625],[8.0047,46.37551],[8.00491,46.37512],[8.00479,46.37465],[8.00503,46.37398],[8.00476,46.3736],[8.00426,46.37326],[8.00402,46.37267],[8.00429,46.3723],[8.00435,46.37185],[8.00455,46.37173],[8.00416,46.37136],[8.00406,46.37075],[8.00365,46.37029],[8.00335,46.37079],[8.00262,46.37117],[8.00168,46.37121],[8.00077,46.37082],[8.00094,46.37111],[8.00095,46.37169],[8.00059,46.37215],[8.00084,46.37346],[8.00185,46.37412],[8.00224,46.37492],[8.00217,46.37572],[8.00173,46.37667],[8.00193,46.37768],[8.0012,46.37877],[8.00155,46.37953],[8.00318,46.3806],[8.00378,46.38123],[8.00433,46.38238],[8.0051,46.3829]]]}},{"type":"Feature","properties":{"id":"daubensee-vs","c":"VS","p":"patent","q":"derived","k":"lake","ns":1},"geometry":{"type":"Polygon","coordinates":[[[7.62165,46.41785],[7.62305,46.41875],[7.62341,46.41884],[7.62392,46.41853],[7.62411,46.41754],[7.62316,46.41356],[7.62236,46.41232],[7.62111,46.41138],[7.62095,46.41083],[7.62051,46.41028],[7.62088,46.41019],[7.62087,46.40914],[7.62025,46.40808],[7.62006,46.40729],[7.61957,46.40665],[7.61888,46.40623],[7.6185,46.40572],[7.61624,46.40442],[7.61603,46.4045],[7.6155,46.40436],[7.61546,46.40464],[7.61501,46.40507],[7.61431,46.40527],[7.61277,46.40462],[7.61353,46.40532],[7.61348,46.40562],[7.61394,46.40636],[7.61373,46.40692],[7.61387,46.40719],[7.61361,46.40715],[7.61376,46.40737],[7.61366,46.40762],[7.61415,46.40837],[7.61444,46.40846],[7.61447,46.40879],[7.615,46.40943],[7.61502,46.41015],[7.61719,46.41187],[7.61763,46.4125],[7.61791,46.41349],[7.61796,46.41423],[7.61775,46.41531],[7.61723,46.41584],[7.61703,46.41654],[7.61671,46.41679],[7.61652,46.41666],[7.61615,46.41671],[7.61623,46.41699],[7.61658,46.41741],[7.61713,46.41746],[7.61734,46.4176],[7.6178,46.41877],[7.61937,46.41717],[7.62087,46.41723],[7.62121,46.41736],[7.62165,46.41785]]]}},{"type":"Feature","properties":{"id":"turtmannsee-vs","c":"VS","p":"patent","q":"derived","k":"lake","ns":1},"geometry":{"type":"Polygon","coordinates":[[[7.69278,46.16974],[7.69322,46.16983],[7.69337,46.17014],[7.69361,46.17013],[7.69391,46.17038],[7.69499,46.16973],[7.69533,46.16852],[7.69468,46.16777],[7.69431,46.16777],[7.69359,46.16742],[7.69301,46.16759],[7.69252,46.16739],[7.69236,46.16675],[7.69242,46.16626],[7.69214,46.16658],[7.69187,46.16641],[7.69117,46.16663],[7.69069,46.16722],[7.69062,46.16819],[7.69125,46.16895],[7.69115,46.16975],[7.69147,46.16992],[7.69278,46.16974]]]}},{"type":"Feature","properties":{"id":"lac-des-audannes-vs","c":"VS","p":"patent","q":"derived","k":"lake","ns":1},"geometry":{"type":"Polygon","coordinates":[[[7.38702,46.34551],[7.3899,46.34546],[7.39057,46.34456],[7.39048,46.34404],[7.38916,46.34382],[7.38922,46.34366],[7.38891,46.34357],[7.3899,46.34372],[7.39014,46.34359],[7.38944,46.34321],[7.38834,46.34314],[7.38878,46.34343],[7.38846,46.34345],[7.38749,46.34332],[7.38737,46.34302],[7.38611,46.34284],[7.38549,46.344],[7.38573,46.34422],[7.38583,46.34473],[7.38626,46.34513],[7.38668,46.34524],[7.38702,46.34551]]]}},{"type":"Feature","properties":{"id":"griessee-vs","c":"VS","p":"patent","q":"derived","k":"lake","ns":1},"geometry":{"type":"Polygon","coordinates":[[[8.37282,46.4621],[8.37347,46.462],[8.37517,46.46121],[8.37553,46.46094],[8.37592,46.46],[8.37634,46.4596],[8.37608,46.45933],[8.37592,46.45881],[8.37599,46.45856],[8.37572,46.45804],[8.37581,46.45763],[8.37514,46.45626],[8.37475,46.45587],[8.3719,46.4544],[8.36935,46.45345],[8.36904,46.45353],[8.36808,46.45425],[8.3666,46.45476],[8.36572,46.45467],[8.36404,46.45426],[8.36391,46.45433],[8.36401,46.4546],[8.36232,46.45437],[8.3624,46.45455],[8.36198,46.45448],[8.36279,46.45505],[8.36159,46.45483],[8.36102,46.45497],[8.36183,46.45554],[8.36185,46.45568],[8.36151,46.45585],[8.36162,46.45596],[8.36408,46.45724],[8.36563,46.45833],[8.3663,46.45915],[8.36723,46.45981],[8.36815,46.46097],[8.37036,46.46123],[8.37152,46.46156],[8.37282,46.4621]]]}}]}