{"type":"FeatureCollection","features":[{"type":"Feature","properties":{"id":"zuerichsee-zh","c":"ZH","p":"patent","q":"official","k":"lake","fr":1,"ns":1},"geometry":{"type":"MultiPolygon","coordinates":[[[[8.61759,47.25507],[8.61759,47.25497],[8.61744,47.25492],[8.61759,47.25507]]],[[[8.55111,47.35271],[8.55431,47.35254],[8.55475,47.3524],[8.55509,47.3525],[8.55558,47.35245],[8.5558,47.35231],[8.55636,47.35225],[8.55788,47.3516],[8.55824,47.35174],[8.55905,47.35152],[8.56063,47.35007],[8.56089,47.34949],[8.56089,47.34908],[8.56132,47.34881],[8.56165,47.34895],[8.56181,47.34891],[8.56123,47.3485],[8.56163,47.3481],[8.56184,47.34819],[8.56199,47.34807],[8.56166,47.34801],[8.56209,47.34727],[8.56263,47.34745],[8.5628,47.34734],[8.56229,47.34717],[8.56233,47.34699],[8.56346,47.34602],[8.56418,47.34615],[8.56516,47.34517],[8.56647,47.34291],[8.56665,47.34288],[8.56694,47.34044],[8.56721,47.33949],[8.56743,47.33949],[8.56746,47.33929],[8.5673,47.33927],[8.56755,47.33868],[8.56775,47.33877],[8.56824,47.33799],[8.56812,47.3379],[8.56835,47.33769],[8.56882,47.3362],[8.56907,47.33619],[8.56935,47.33557],[8.57075,47.33416],[8.57063,47.33411],[8.57143,47.33207],[8.57241,47.33086],[8.57233,47.33068],[8.5726,47.33011],[8.5725,47.32976],[8.57296,47.3282],[8.57266,47.32809],[8.57315,47.32813],[8.57336,47.32756],[8.57326,47.32746],[8.57379,47.32672],[8.57467,47.32579],[8.57502,47.32586],[8.57521,47.32541],[8.57512,47.32531],[8.57523,47.32518],[8.57549,47.32519],[8.57535,47.32504],[8.57585,47.32474],[8.57586,47.32448],[8.57672,47.32318],[8.57671,47.32259],[8.57693,47.3221],[8.57683,47.32197],[8.5773,47.32177],[8.5776,47.32137],[8.57789,47.32133],[8.57774,47.32117],[8.57809,47.32051],[8.57786,47.32047],[8.57796,47.32026],[8.5783,47.32027],[8.57851,47.3195],[8.57835,47.31874],[8.57796,47.31829],[8.57691,47.31786],[8.57696,47.31754],[8.5772,47.31723],[8.57756,47.31721],[8.57829,47.31625],[8.57847,47.31624],[8.57872,47.31593],[8.5788,47.31535],[8.57895,47.31529],[8.57893,47.31504],[8.57871,47.31501],[8.57876,47.31482],[8.57955,47.31343],[8.57982,47.31337],[8.57978,47.31324],[8.57998,47.31332],[8.58029,47.31315],[8.58011,47.31301],[8.58071,47.31238],[8.58096,47.31243],[8.58116,47.31221],[8.58087,47.312],[8.58177,47.31126],[8.5823,47.31053],[8.58279,47.31026],[8.5833,47.30969],[8.58326,47.30953],[8.58401,47.30892],[8.58392,47.30885],[8.58411,47.30867],[8.58455,47.30831],[8.5847,47.30837],[8.58628,47.30739],[8.58651,47.30701],[8.58828,47.30585],[8.58874,47.30593],[8.58891,47.30555],[8.58881,47.30544],[8.58927,47.30483],[8.58951,47.30403],[8.58912,47.30396],[8.58904,47.30362],[8.58944,47.3028],[8.58962,47.30288],[8.58966,47.30265],[8.59026,47.30212],[8.59081,47.30188],[8.59098,47.30208],[8.59144,47.30176],[8.59144,47.30159],[8.59121,47.30149],[8.5919,47.30092],[8.59197,47.30056],[8.59215,47.30062],[8.59264,47.30005],[8.59326,47.29972],[8.59423,47.2996],[8.59406,47.29934],[8.59501,47.29893],[8.59529,47.299],[8.59522,47.2988],[8.5959,47.29851],[8.59661,47.29774],[8.59637,47.29762],[8.59641,47.29749],[8.59678,47.29686],[8.59694,47.29685],[8.59768,47.29542],[8.59804,47.29421],[8.59823,47.29414],[8.59866,47.29349],[8.59886,47.29345],[8.59882,47.29331],[8.59916,47.29321],[8.59993,47.29244],[8.60003,47.29204],[8.60104,47.29122],[8.60273,47.29027],[8.60367,47.28958],[8.60376,47.28949],[8.60364,47.28939],[8.60512,47.28815],[8.60529,47.28819],[8.60616,47.28755],[8.60601,47.28742],[8.60759,47.28587],[8.60859,47.28473],[8.60848,47.28465],[8.60859,47.28453],[8.6088,47.28459],[8.60972,47.28346],[8.60998,47.28343],[8.61014,47.28312],[8.60997,47.28299],[8.61049,47.2823],[8.61225,47.28116],[8.61258,47.28073],[8.61247,47.28053],[8.61279,47.28033],[8.61396,47.27899],[8.61452,47.27847],[8.6151,47.27837],[8.61519,47.27828],[8.61505,47.2781],[8.61558,47.27778],[8.61576,47.2779],[8.61607,47.27778],[8.61714,47.27725],[8.61722,47.27702],[8.61829,47.27643],[8.62078,47.27539],[8.62103,47.27515],[8.62098,47.275],[8.62133,47.27489],[8.62152,47.27499],[8.62299,47.27445],[8.62386,47.27363],[8.62414,47.27373],[8.62467,47.2735],[8.62559,47.2734],[8.62614,47.27319],[8.62584,47.27291],[8.62606,47.27279],[8.62652,47.27278],[8.6265,47.27259],[8.6267,47.27248],[8.62683,47.27245],[8.62705,47.27265],[8.62727,47.27254],[8.62755,47.27212],[8.62869,47.27122],[8.62979,47.27086],[8.63008,47.27101],[8.63368,47.2707],[8.63403,47.27084],[8.63399,47.2707],[8.63579,47.2705],[8.63577,47.27038],[8.63636,47.27025],[8.6368,47.26996],[8.63815,47.26828],[8.63846,47.26768],[8.63881,47.26787],[8.64038,47.2675],[8.64043,47.26767],[8.64105,47.26764],[8.64102,47.26748],[8.64246,47.2671],[8.64266,47.26706],[8.64291,47.26722],[8.64292,47.26702],[8.64325,47.26692],[8.64331,47.2671],[8.64353,47.26708],[8.64355,47.26698],[8.64398,47.26701],[8.64399,47.26715],[8.64436,47.26722],[8.64494,47.26718],[8.64485,47.26744],[8.6451,47.26759],[8.6453,47.26738],[8.6464,47.26759],[8.64779,47.26756],[8.64778,47.26706],[8.64804,47.26674],[8.64931,47.26663],[8.64958,47.2667],[8.64956,47.26659],[8.64994,47.26646],[8.6507,47.26528],[8.65175,47.2647],[8.65229,47.26457],[8.65248,47.26469],[8.65339,47.26464],[8.65341,47.26442],[8.65458,47.26425],[8.6548,47.26447],[8.65486,47.26418],[8.65554,47.26414],[8.65558,47.26396],[8.65583,47.26429],[8.65616,47.26421],[8.65616,47.26407],[8.65653,47.26417],[8.65668,47.26405],[8.65769,47.26403],[8.65855,47.26413],[8.65869,47.26425],[8.65959,47.26425],[8.65976,47.26451],[8.6604,47.26443],[8.66053,47.26381],[8.66069,47.26378],[8.66081,47.26399],[8.66072,47.26368],[8.66145,47.26318],[8.66195,47.26246],[8.66279,47.26216],[8.6631,47.26191],[8.66342,47.26206],[8.66639,47.262],[8.66685,47.26161],[8.66683,47.26149],[8.66661,47.26148],[8.6699,47.26049],[8.66983,47.26033],[8.67212,47.25965],[8.673,47.25918],[8.67428,47.25886],[8.67464,47.25888],[8.67472,47.2591],[8.67501,47.25914],[8.67566,47.25893],[8.67556,47.25858],[8.67601,47.25932],[8.67637,47.25923],[8.67615,47.25883],[8.67665,47.25869],[8.67688,47.25881],[8.67722,47.25867],[8.67699,47.25835],[8.67735,47.25823],[8.67776,47.25826],[8.67883,47.25787],[8.68018,47.25775],[8.68106,47.2575],[8.68113,47.25669],[8.68152,47.25695],[8.68416,47.25579],[8.6843,47.25578],[8.6846,47.25604],[8.68629,47.25542],[8.68762,47.25471],[8.68784,47.25496],[8.68797,47.25491],[8.68773,47.25464],[8.68801,47.25449],[8.68823,47.2546],[8.68848,47.25434],[8.68817,47.25416],[8.68827,47.25399],[8.68844,47.25398],[8.68869,47.25367],[8.6891,47.25386],[8.68894,47.2537],[8.68907,47.25338],[8.68868,47.25324],[8.689,47.25281],[8.6892,47.25276],[8.6897,47.25293],[8.68995,47.25265],[8.6897,47.25246],[8.69076,47.25187],[8.69191,47.25161],[8.69201,47.25182],[8.69221,47.25179],[8.69223,47.25161],[8.69318,47.25153],[8.6939,47.25101],[8.69387,47.25087],[8.69412,47.25086],[8.6964,47.2495],[8.69657,47.24917],[8.69694,47.24938],[8.69706,47.24932],[8.69689,47.24911],[8.69752,47.24903],[8.69752,47.24893],[8.69863,47.24863],[8.70011,47.24775],[8.70018,47.2479],[8.70062,47.2478],[8.70038,47.24748],[8.70136,47.24714],[8.70158,47.24745],[8.70598,47.24663],[8.70622,47.24648],[8.70609,47.24633],[8.7063,47.24617],[8.70607,47.24593],[8.70647,47.24571],[8.70723,47.24629],[8.70736,47.24627],[8.70712,47.24576],[8.70758,47.24568],[8.70844,47.24508],[8.70969,47.24457],[8.70982,47.24477],[8.70997,47.24473],[8.70988,47.24446],[8.71019,47.24427],[8.71055,47.24362],[8.71033,47.24353],[8.71035,47.24342],[8.71077,47.24286],[8.71151,47.24227],[8.71202,47.24154],[8.7122,47.24153],[8.71248,47.24119],[8.71343,47.24074],[8.71368,47.24093],[8.71391,47.24091],[8.71547,47.23958],[8.71618,47.23936],[8.71611,47.23923],[8.71643,47.23916],[8.71669,47.23958],[8.71687,47.23954],[8.71673,47.2393],[8.71718,47.23915],[8.71713,47.23906],[8.71742,47.23896],[8.71765,47.23924],[8.71813,47.23916],[8.71848,47.23903],[8.71835,47.23865],[8.71855,47.23864],[8.71867,47.23885],[8.71886,47.23884],[8.71889,47.23865],[8.71991,47.23829],[8.72014,47.23833],[8.72027,47.2386],[8.7206,47.23844],[8.72027,47.2382],[8.7213,47.23786],[8.72282,47.23775],[8.7229,47.23791],[8.7241,47.23798],[8.72488,47.23788],[8.7252,47.23799],[8.72602,47.23772],[8.72579,47.23741],[8.72627,47.23727],[8.72636,47.23738],[8.72685,47.23731],[8.72695,47.23743],[8.72724,47.23734],[8.72714,47.2372],[8.72782,47.23691],[8.72794,47.23704],[8.72864,47.23663],[8.7286,47.23653],[8.72948,47.23616],[8.72934,47.23604],[8.72958,47.23592],[8.72978,47.23601],[8.72974,47.23582],[8.73367,47.2345],[8.73389,47.23419],[8.73409,47.23419],[8.73393,47.23402],[8.73416,47.23378],[8.73485,47.23356],[8.73563,47.23345],[8.73574,47.23361],[8.7355,47.23374],[8.73603,47.2341],[8.73609,47.23387],[8.73663,47.23383],[8.73661,47.2336],[8.73685,47.23358],[8.73687,47.23381],[8.73695,47.23361],[8.73732,47.2336],[8.73752,47.23387],[8.73775,47.23389],[8.73784,47.23372],[8.73814,47.23368],[8.73806,47.23411],[8.73826,47.23371],[8.73885,47.23402],[8.73897,47.23393],[8.73927,47.234],[8.73917,47.23433],[8.73975,47.23434],[8.73984,47.2342],[8.74126,47.23448],[8.74123,47.23469],[8.74206,47.23476],[8.74522,47.23412],[8.74637,47.23368],[8.74644,47.2338],[8.74735,47.2339],[8.74729,47.2341],[8.74926,47.23463],[8.75006,47.23457],[8.75,47.23422],[8.75019,47.23421],[8.75024,47.23448],[8.75037,47.23449],[8.75082,47.23427],[8.75197,47.23434],[8.75204,47.23478],[8.75266,47.23476],[8.75271,47.23467],[8.75354,47.23456],[8.75531,47.23446],[8.75561,47.23429],[8.75591,47.23444],[8.75659,47.23424],[8.75697,47.23383],[8.75704,47.23404],[8.75716,47.23376],[8.75726,47.23405],[8.75753,47.23395],[8.75752,47.2338],[8.75804,47.23374],[8.75813,47.23347],[8.75828,47.23348],[8.75828,47.2339],[8.75879,47.23386],[8.7591,47.23402],[8.75931,47.23401],[8.75934,47.23389],[8.75942,47.23403],[8.7596,47.23394],[8.76118,47.23402],[8.76165,47.23408],[8.76166,47.2342],[8.764,47.23422],[8.76403,47.23437],[8.76676,47.23441],[8.76978,47.23468],[8.77038,47.23448],[8.77264,47.23449],[8.7727,47.23437],[8.77288,47.23437],[8.77288,47.23451],[8.77428,47.23462],[8.77517,47.2344],[8.77574,47.23412],[8.77668,47.23418],[8.77725,47.23393],[8.77726,47.23364],[8.77739,47.23365],[8.77833,47.2338],[8.77956,47.23434],[8.78095,47.23456],[8.78199,47.23518],[8.78431,47.23489],[8.78602,47.23419],[8.78703,47.23423],[8.78755,47.23436],[8.78841,47.2354],[8.78968,47.23566],[8.79095,47.23624],[8.79182,47.23699],[8.79193,47.23779],[8.79347,47.23892],[8.79425,47.23907],[8.79563,47.23887],[8.79564,47.23898],[8.79635,47.23936],[8.80894,47.22055],[8.80817,47.21979],[8.80836,47.21968],[8.79341,47.2221],[8.77737,47.21834],[8.74093,47.21122],[8.71746,47.20317],[8.71385,47.20266],[8.71326,47.2031],[8.71341,47.20319],[8.71289,47.20346],[8.71154,47.2053],[8.71174,47.20564],[8.71163,47.2057],[8.71179,47.20574],[8.7117,47.20646],[8.71138,47.20641],[8.71158,47.20664],[8.71128,47.2065],[8.71091,47.20666],[8.71114,47.20689],[8.71054,47.20717],[8.71031,47.20699],[8.70942,47.20743],[8.70733,47.20907],[8.70746,47.20911],[8.7073,47.20923],[8.70718,47.20919],[8.70578,47.2102],[8.70595,47.21047],[8.70625,47.21045],[8.70633,47.21077],[8.70623,47.2108],[8.7067,47.21211],[8.70636,47.21232],[8.70441,47.21206],[8.70366,47.21236],[8.70277,47.21335],[8.70267,47.21368],[8.70198,47.21412],[8.70073,47.21629],[8.70024,47.2167],[8.69974,47.21676],[8.69881,47.21754],[8.6974,47.21817],[8.69627,47.21851],[8.6963,47.21864],[8.69602,47.21854],[8.6937,47.2189],[8.69221,47.21944],[8.69088,47.22016],[8.69068,47.22005],[8.68799,47.22126],[8.68712,47.22181],[8.68653,47.22288],[8.68609,47.22333],[8.68587,47.22327],[8.68599,47.22341],[8.6856,47.22382],[8.68544,47.22378],[8.68546,47.22404],[8.68507,47.22434],[8.68381,47.22416],[8.68396,47.22399],[8.68343,47.22378],[8.68171,47.22445],[8.68079,47.22495],[8.68043,47.22523],[8.6804,47.22544],[8.67997,47.22543],[8.67865,47.22616],[8.67692,47.22751],[8.67595,47.22887],[8.67637,47.22905],[8.67614,47.22939],[8.67523,47.23034],[8.67499,47.23031],[8.67416,47.23104],[8.67426,47.23114],[8.6739,47.23144],[8.67349,47.23167],[8.67322,47.23159],[8.67131,47.23267],[8.67077,47.23263],[8.66917,47.23323],[8.66807,47.23389],[8.66784,47.23391],[8.66795,47.23405],[8.66693,47.23452],[8.66573,47.23532],[8.66549,47.23534],[8.66425,47.23602],[8.66435,47.23616],[8.6632,47.23691],[8.6624,47.237],[8.66153,47.23763],[8.66052,47.23868],[8.66072,47.23954],[8.6605,47.24002],[8.66026,47.24005],[8.65969,47.2407],[8.65973,47.24102],[8.65928,47.24105],[8.65899,47.24152],[8.6591,47.24156],[8.65848,47.24232],[8.65735,47.2432],[8.65751,47.24443],[8.65685,47.24445],[8.65658,47.24461],[8.65606,47.24454],[8.65555,47.24494],[8.65511,47.24496],[8.6541,47.24539],[8.65335,47.24521],[8.65335,47.24539],[8.65391,47.24548],[8.65286,47.24598],[8.65273,47.24625],[8.65284,47.24717],[8.65224,47.24751],[8.6517,47.24736],[8.65212,47.24831],[8.65194,47.24846],[8.65198,47.24885],[8.65161,47.24897],[8.65146,47.24926],[8.65111,47.24918],[8.65052,47.2495],[8.65057,47.24963],[8.64864,47.25034],[8.64877,47.25062],[8.64859,47.25044],[8.64834,47.2504],[8.64674,47.25095],[8.64615,47.25098],[8.64619,47.25111],[8.64483,47.25146],[8.6445,47.25153],[8.64429,47.25139],[8.64403,47.25165],[8.64277,47.25192],[8.64266,47.25174],[8.64143,47.25187],[8.63975,47.25176],[8.63938,47.25151],[8.63971,47.25138],[8.63952,47.25102],[8.63922,47.25109],[8.63821,47.25008],[8.63812,47.25018],[8.63787,47.25011],[8.63771,47.25029],[8.63692,47.25022],[8.6365,47.24996],[8.63548,47.24965],[8.63469,47.24963],[8.63252,47.25034],[8.63037,47.25069],[8.63049,47.25089],[8.63015,47.25106],[8.63024,47.25122],[8.62939,47.25154],[8.62919,47.2514],[8.62859,47.25151],[8.62818,47.25142],[8.6276,47.25184],[8.62708,47.25161],[8.62221,47.25274],[8.61998,47.25373],[8.62005,47.25388],[8.61944,47.25394],[8.61951,47.25411],[8.61917,47.2543],[8.61867,47.25432],[8.61838,47.25481],[8.61852,47.255],[8.61829,47.25519],[8.61799,47.25512],[8.61779,47.25522],[8.61789,47.25531],[8.61694,47.25551],[8.61576,47.25555],[8.61462,47.25573],[8.6146,47.25581],[8.61343,47.25585],[8.61151,47.25659],[8.6112,47.25668],[8.61105,47.25661],[8.60829,47.25811],[8.60755,47.25823],[8.60579,47.25879],[8.60555,47.25899],[8.60561,47.25908],[8.60489,47.25931],[8.6046,47.25916],[8.60378,47.25959],[8.60325,47.25952],[8.60271,47.25965],[8.60268,47.2598],[8.60239,47.25978],[8.60128,47.26031],[8.60032,47.26131],[8.59949,47.2614],[8.59938,47.26113],[8.59753,47.26183],[8.59768,47.26243],[8.59751,47.26245],[8.59745,47.26191],[8.59711,47.2619],[8.59697,47.26207],[8.59643,47.26217],[8.59566,47.26213],[8.5954,47.26255],[8.59482,47.26268],[8.59451,47.26262],[8.5935,47.26325],[8.59322,47.26325],[8.59331,47.26336],[8.59252,47.26389],[8.59182,47.26433],[8.59155,47.26433],[8.59176,47.2646],[8.59122,47.26484],[8.59091,47.26548],[8.59062,47.26546],[8.59054,47.26556],[8.59053,47.26565],[8.59104,47.26583],[8.59072,47.26656],[8.59031,47.26689],[8.59,47.26785],[8.58894,47.26824],[8.5882,47.26928],[8.58714,47.27034],[8.58436,47.27233],[8.58318,47.27407],[8.583,47.27414],[8.58264,47.27478],[8.583,47.27493],[8.58293,47.27508],[8.58266,47.27506],[8.58237,47.2758],[8.58283,47.27596],[8.58289,47.27619],[8.58279,47.27633],[8.58207,47.27657],[8.58202,47.27723],[8.58173,47.27729],[8.58167,47.278],[8.58186,47.27799],[8.5819,47.27883],[8.58159,47.27987],[8.58069,47.28089],[8.57976,47.28237],[8.57939,47.28261],[8.57917,47.28252],[8.57899,47.28269],[8.57917,47.28278],[8.57839,47.28322],[8.57825,47.28354],[8.57771,47.28398],[8.57792,47.28408],[8.5778,47.28466],[8.57679,47.28642],[8.57644,47.28668],[8.57624,47.28666],[8.57524,47.2877],[8.57506,47.28768],[8.57479,47.28826],[8.57501,47.28832],[8.57486,47.28878],[8.5745,47.28872],[8.5741,47.28925],[8.57429,47.28935],[8.574,47.28979],[8.57417,47.28986],[8.57353,47.2908],[8.57337,47.29095],[8.57316,47.29088],[8.57304,47.29096],[8.57321,47.29115],[8.57263,47.29187],[8.57034,47.29394],[8.56936,47.29521],[8.5693,47.29554],[8.56877,47.29563],[8.56882,47.29577],[8.56838,47.29617],[8.56828,47.29613],[8.56807,47.29677],[8.56781,47.29681],[8.56616,47.29809],[8.56588,47.29828],[8.56572,47.29823],[8.56471,47.299],[8.56485,47.29911],[8.56282,47.30116],[8.56262,47.30153],[8.56243,47.30173],[8.56224,47.30169],[8.56202,47.30208],[8.56149,47.30229],[8.5615,47.30258],[8.56124,47.30274],[8.56106,47.30313],[8.56083,47.3031],[8.55995,47.30396],[8.55983,47.30414],[8.55988,47.30495],[8.55944,47.305],[8.55927,47.30553],[8.55906,47.30556],[8.55908,47.30628],[8.5584,47.30927],[8.55825,47.30932],[8.55824,47.30945],[8.55847,47.30952],[8.55843,47.30975],[8.55824,47.30999],[8.55784,47.30986],[8.55781,47.31003],[8.55734,47.31034],[8.55739,47.31053],[8.55709,47.3107],[8.55695,47.31102],[8.55684,47.31299],[8.55661,47.31363],[8.55625,47.31363],[8.55622,47.31374],[8.55626,47.31392],[8.55645,47.31397],[8.55657,47.3145],[8.55642,47.31551],[8.55501,47.31722],[8.55479,47.31713],[8.55471,47.31721],[8.55495,47.3173],[8.55463,47.31769],[8.55431,47.31757],[8.55435,47.31781],[8.55411,47.31772],[8.55399,47.31785],[8.55447,47.31816],[8.55418,47.31848],[8.55391,47.31852],[8.55298,47.31971],[8.55278,47.3197],[8.55268,47.32027],[8.55245,47.32025],[8.55214,47.32069],[8.55171,47.32063],[8.55203,47.32089],[8.55166,47.32151],[8.55161,47.32244],[8.55206,47.32256],[8.552,47.32265],[8.55157,47.32257],[8.55141,47.32268],[8.5508,47.32372],[8.55052,47.32371],[8.55029,47.32411],[8.55,47.32415],[8.54957,47.32532],[8.54895,47.32602],[8.54765,47.32854],[8.54777,47.32887],[8.5475,47.32957],[8.54753,47.32993],[8.54742,47.33006],[8.54699,47.32999],[8.54681,47.33013],[8.54649,47.33057],[8.54666,47.33063],[8.54652,47.33086],[8.54618,47.33079],[8.54576,47.33133],[8.54625,47.33151],[8.54548,47.33255],[8.54519,47.33245],[8.54491,47.33256],[8.54466,47.33282],[8.54485,47.33295],[8.54424,47.33356],[8.54396,47.33351],[8.5433,47.3342],[8.54316,47.33531],[8.54251,47.33589],[8.54237,47.33636],[8.54199,47.33651],[8.54204,47.33631],[8.54178,47.33619],[8.54165,47.3363],[8.54185,47.33652],[8.54111,47.33695],[8.54039,47.33684],[8.54002,47.33695],[8.5405,47.33721],[8.54021,47.33774],[8.53966,47.33766],[8.53962,47.33778],[8.54067,47.33827],[8.54081,47.33847],[8.54073,47.33865],[8.54044,47.3386],[8.54018,47.33816],[8.5397,47.33828],[8.53868,47.34054],[8.53883,47.34093],[8.53815,47.34082],[8.53802,47.34111],[8.53767,47.34106],[8.53682,47.34239],[8.53683,47.34262],[8.53726,47.34277],[8.53695,47.3442],[8.5371,47.34436],[8.53668,47.34536],[8.53614,47.34533],[8.5367,47.34556],[8.53635,47.3458],[8.53587,47.3458],[8.53626,47.34592],[8.536,47.34689],[8.53681,47.34698],[8.53682,47.34705],[8.53679,47.34716],[8.53527,47.34709],[8.53494,47.34869],[8.53586,47.34879],[8.53624,47.34901],[8.53566,47.34986],[8.53584,47.35066],[8.536,47.35372],[8.53589,47.35517],[8.53629,47.35538],[8.53664,47.35608],[8.53675,47.3573],[8.53651,47.35731],[8.53653,47.35749],[8.53608,47.35768],[8.53593,47.3586],[8.53638,47.35872],[8.53648,47.35903],[8.53724,47.35905],[8.53722,47.35925],[8.53619,47.35925],[8.53601,47.3612],[8.53647,47.36123],[8.53599,47.36131],[8.53704,47.36238],[8.53738,47.36307],[8.53706,47.36345],[8.53716,47.36394],[8.53813,47.36461],[8.53995,47.3655],[8.53982,47.36571],[8.54019,47.36589],[8.54067,47.36588],[8.5409,47.36604],[8.54126,47.366],[8.54177,47.36618],[8.54178,47.36628],[8.54215,47.36632],[8.54243,47.36666],[8.54417,47.3669],[8.54479,47.36579],[8.54476,47.36547],[8.54499,47.36542],[8.54644,47.36288],[8.54729,47.36178],[8.54736,47.36022],[8.54715,47.35785],[8.54775,47.35781],[8.54865,47.35672],[8.54881,47.35673],[8.54905,47.35646],[8.54922,47.35576],[8.5499,47.35531],[8.5506,47.35442],[8.55065,47.35419],[8.55028,47.35372],[8.55023,47.3534],[8.55039,47.35328],[8.55084,47.35344],[8.55114,47.35342],[8.55089,47.35324],[8.55051,47.3532],[8.55056,47.35284],[8.55087,47.35289],[8.55111,47.35271]],[[8.71697,47.20354],[8.7172,47.20375],[8.7173,47.20414],[8.7167,47.20386],[8.71668,47.20372],[8.71697,47.20354]],[[8.53679,47.34941],[8.53702,47.34964],[8.53637,47.35011],[8.53617,47.34991],[8.53649,47.34949],[8.53679,47.34941]]]]}},{"type":"Feature","properties":{"id":"greifensee-zh","c":"ZH","p":"patent","q":"official","k":"lake","fr":1,"ns":1},"geometry":{"type":"Polygon","coordinates":[[[8.79076,47.35191],[8.79177,47.35008],[8.79155,47.34901],[8.79163,47.34893],[8.79221,47.34911],[8.79298,47.34877],[8.79345,47.3481],[8.79341,47.34763],[8.79308,47.3471],[8.79287,47.34702],[8.79233,47.34594],[8.7916,47.34527],[8.79079,47.34481],[8.78844,47.34443],[8.78826,47.34412],[8.78903,47.34386],[8.79038,47.34397],[8.79022,47.34366],[8.79073,47.34355],[8.7908,47.34345],[8.78987,47.34293],[8.78974,47.34267],[8.78995,47.34253],[8.79085,47.34242],[8.7909,47.34198],[8.78966,47.34164],[8.78838,47.34163],[8.78673,47.34211],[8.78602,47.34214],[8.78472,47.34159],[8.78459,47.34135],[8.78379,47.341],[8.78319,47.34092],[8.78217,47.34094],[8.78121,47.34121],[8.78005,47.34123],[8.77963,47.34146],[8.77913,47.34151],[8.77885,47.34097],[8.7782,47.34051],[8.77701,47.34036],[8.77618,47.34064],[8.77543,47.34114],[8.775,47.34168],[8.77501,47.3424],[8.77521,47.34243],[8.77522,47.34264],[8.77491,47.34334],[8.7751,47.34428],[8.77482,47.34474],[8.77487,47.34547],[8.7743,47.34688],[8.77439,47.34705],[8.77361,47.34801],[8.77358,47.34909],[8.77373,47.34947],[8.77429,47.34984],[8.77297,47.35095],[8.77171,47.35361],[8.77122,47.35399],[8.77106,47.35447],[8.77106,47.35477],[8.77166,47.35585],[8.77164,47.35635],[8.77148,47.35652],[8.76923,47.35707],[8.7684,47.35772],[8.76819,47.35814],[8.76821,47.35856],[8.76876,47.35941],[8.76883,47.36026],[8.76903,47.36066],[8.7697,47.36127],[8.76994,47.36133],[8.77097,47.36116],[8.77111,47.36138],[8.77106,47.36207],[8.77123,47.36229],[8.77205,47.36255],[8.77397,47.36272],[8.77442,47.36331],[8.77459,47.36324],[8.77514,47.36384],[8.77522,47.36374],[8.77545,47.36378],[8.77642,47.36416],[8.7774,47.36425],[8.77915,47.36411],[8.77968,47.36439],[8.78091,47.36414],[8.78187,47.36341],[8.78169,47.36332],[8.78199,47.36327],[8.78253,47.36241],[8.78284,47.36233],[8.78349,47.36114],[8.78388,47.36085],[8.78408,47.36047],[8.78431,47.36044],[8.7847,47.35979],[8.78561,47.35911],[8.78596,47.35836],[8.78604,47.35744],[8.78633,47.35725],[8.78706,47.35614],[8.78744,47.35582],[8.7874,47.35462],[8.78759,47.35401],[8.78831,47.35342],[8.78967,47.35289],[8.79076,47.35191]]]}},{"type":"Feature","properties":{"id":"pfaeffikersee-zh","c":"ZH","p":"patent","q":"official","k":"lake","fr":1,"ns":1},"geometry":{"type":"Polygon","coordinates":[[[8.67563,47.36357],[8.67645,47.36331],[8.68027,47.36272],[8.68142,47.36193],[8.68164,47.36152],[8.68226,47.36109],[8.68212,47.3609],[8.68222,47.36067],[8.6819,47.36076],[8.68186,47.36055],[8.68218,47.3606],[8.68266,47.36042],[8.68324,47.35979],[8.6844,47.35931],[8.68461,47.35863],[8.68439,47.35837],[8.68462,47.35826],[8.68515,47.35694],[8.6858,47.35613],[8.68741,47.35482],[8.68836,47.35354],[8.68856,47.35353],[8.68906,47.35289],[8.68952,47.35186],[8.68914,47.35167],[8.68879,47.35125],[8.68979,47.35038],[8.68963,47.34984],[8.69015,47.34885],[8.69008,47.34807],[8.68979,47.34728],[8.6899,47.3467],[8.68969,47.34606],[8.68986,47.34552],[8.68972,47.34504],[8.6901,47.34443],[8.6901,47.34374],[8.69069,47.34308],[8.69082,47.3421],[8.69131,47.34169],[8.69177,47.34069],[8.69336,47.33931],[8.69509,47.33826],[8.69556,47.33776],[8.69636,47.33744],[8.69729,47.33753],[8.69791,47.33742],[8.70223,47.33522],[8.70603,47.33411],[8.70645,47.33381],[8.70744,47.33262],[8.7077,47.33118],[8.70737,47.32935],[8.7066,47.32779],[8.70577,47.32686],[8.70507,47.32629],[8.70404,47.32606],[8.70161,47.3267],[8.70045,47.32669],[8.70026,47.32651],[8.70041,47.32609],[8.70031,47.32592],[8.70015,47.32598],[8.70022,47.32551],[8.70008,47.3253],[8.69821,47.32441],[8.69772,47.32388],[8.69762,47.32343],[8.69827,47.32267],[8.69817,47.32212],[8.69643,47.32118],[8.69552,47.32119],[8.69438,47.32142],[8.69304,47.32136],[8.69227,47.32146],[8.69159,47.32169],[8.69024,47.32257],[8.69015,47.32283],[8.69054,47.32306],[8.69071,47.32362],[8.69095,47.32378],[8.68996,47.32417],[8.68979,47.32434],[8.68952,47.32508],[8.6897,47.32636],[8.68955,47.32708],[8.68817,47.32899],[8.68805,47.32957],[8.6877,47.32989],[8.68775,47.3305],[8.68724,47.33064],[8.68703,47.33093],[8.68665,47.33094],[8.68614,47.33121],[8.6857,47.33185],[8.68556,47.3324],[8.68565,47.33295],[8.68505,47.33402],[8.68551,47.33448],[8.68478,47.33458],[8.68362,47.33555],[8.68275,47.33653],[8.68264,47.33756],[8.68119,47.33896],[8.67889,47.34017],[8.6791,47.34033],[8.67885,47.34022],[8.67864,47.34028],[8.67849,47.34092],[8.67829,47.34112],[8.67842,47.34144],[8.67814,47.34174],[8.67804,47.34223],[8.67625,47.3444],[8.67606,47.34482],[8.67561,47.34503],[8.67565,47.34552],[8.67549,47.34573],[8.67459,47.34564],[8.67307,47.34628],[8.6706,47.34653],[8.66935,47.3469],[8.66845,47.34739],[8.66725,47.34834],[8.66694,47.3488],[8.66607,47.34957],[8.66605,47.35001],[8.66531,47.35063],[8.66395,47.35291],[8.66371,47.35357],[8.66386,47.35381],[8.66184,47.35408],[8.6606,47.35452],[8.65985,47.35513],[8.658,47.3571],[8.65386,47.36071],[8.65252,47.36281],[8.65243,47.36324],[8.65269,47.36467],[8.65254,47.36579],[8.65308,47.3668],[8.65269,47.36693],[8.65234,47.36727],[8.65229,47.36766],[8.65328,47.36827],[8.65437,47.36797],[8.65458,47.36801],[8.65434,47.36849],[8.6539,47.36875],[8.6538,47.36933],[8.6534,47.36984],[8.65316,47.37066],[8.65327,47.37125],[8.65473,47.37206],[8.65533,47.37226],[8.6554,47.37263],[8.65577,47.37277],[8.65663,47.37245],[8.65802,47.37295],[8.66088,47.37374],[8.66138,47.37361],[8.66246,47.37363],[8.66318,47.37324],[8.6636,47.3733],[8.66403,47.37286],[8.66457,47.37291],[8.66498,47.37265],[8.66508,47.3721],[8.66552,47.37217],[8.66596,47.37203],[8.66652,47.37146],[8.66683,47.37158],[8.66711,47.37133],[8.66831,47.3709],[8.66834,47.37073],[8.6691,47.37003],[8.66899,47.36982],[8.66962,47.36915],[8.66964,47.36892],[8.67126,47.36701],[8.67143,47.36685],[8.67171,47.36682],[8.67195,47.36644],[8.67252,47.36616],[8.67383,47.36514],[8.67439,47.36499],[8.67498,47.36446],[8.67489,47.36438],[8.67504,47.36441],[8.67519,47.36419],[8.67508,47.36405],[8.67547,47.36421],[8.67514,47.36398],[8.67544,47.36385],[8.67563,47.36357]]]}},{"type":"Feature","properties":{"id":"tuerlersee-revier-5-zh","c":"ZH","p":"pacht","q":"official","k":"river","fr":1},"geometry":{"type":"MultiLineString","coordinates":[[[8.49365,47.27574],[8.49323,47.27541],[8.4922,47.27512]],[[8.49365,47.27574],[8.49354,47.27578]],[[8.49747,47.27331],[8.49739,47.27355],[8.49531,47.27392],[8.49462,47.27366],[8.49361,47.27385]],[[8.49848,47.27629],[8.49673,47.27606],[8.49614,47.27583],[8.49473,47.27613],[8.49365,47.27574]],[[8.49758,47.27888],[8.4952,47.27839],[8.49445,47.27797]],[[8.49747,47.27736],[8.49585,47.27734]],[[8.49782,47.27877],[8.49814,47.27833]],[[8.49784,47.27939],[8.49785,47.27938]],[[8.49785,47.2739],[8.49778,47.27413]],[[8.498,47.27708],[8.49794,47.27711]],[[8.49814,47.27833],[8.49827,47.27719],[8.498,47.27708]],[[8.498,47.27708],[8.49794,47.2767],[8.49848,47.27629]],[[8.49836,47.27378],[8.49796,47.27383]],[[8.49814,47.27833],[8.49819,47.27833],[8.49827,47.27834],[8.49847,47.27834],[8.49886,47.27845],[8.50007,47.27908],[8.50095,47.27917]],[[8.49848,47.27629],[8.49878,47.27456]],[[8.50007,47.27356],[8.50059,47.27428]],[[8.50059,47.27428],[8.50229,47.27547]],[[8.50059,47.27428],[8.50061,47.27427]],[[8.50138,47.27927],[8.50317,47.28083],[8.50356,47.28178],[8.50415,47.28238]],[[8.50169,47.27181],[8.50279,47.2726],[8.50326,47.27267]],[[8.50178,47.27413],[8.5028,47.27415],[8.50406,47.27385]],[[8.50229,47.27547],[8.50308,47.2759],[8.50371,47.27669]],[[8.50326,47.27267],[8.50415,47.27308]],[[8.50326,47.27267],[8.50384,47.27262]],[[8.50371,47.27669],[8.50492,47.27684],[8.50564,47.27665],[8.50675,47.27595],[8.50745,47.27583]],[[8.50371,47.27669],[8.50387,47.277]],[[8.50387,47.277],[8.504,47.27703]],[[8.50387,47.277],[8.50389,47.27755],[8.5042,47.27793]],[[8.50415,47.28238],[8.50467,47.28316],[8.5057,47.2839],[8.50575,47.28424]],[[8.50415,47.28238],[8.50424,47.28238],[8.50452,47.28243],[8.50488,47.28262],[8.5064,47.28404],[8.50643,47.28428]],[[8.50417,47.27832],[8.50488,47.27946],[8.50547,47.27973],[8.50586,47.28058],[8.50644,47.28114],[8.50788,47.28152]],[[8.5042,47.27793],[8.5042,47.27795]],[[8.5042,47.27793],[8.50422,47.27794]],[[8.50479,47.27778],[8.50551,47.27814],[8.50596,47.27867],[8.50675,47.27891],[8.50756,47.2788]],[[8.50575,47.28424],[8.50586,47.28527],[8.50512,47.28571]],[[8.5048,47.26955],[8.50538,47.26992]],[[8.50575,47.28424],[8.50592,47.28437]],[[8.50674,47.27083],[8.50728,47.27101],[8.50763,47.27201]],[[8.50745,47.27583],[8.50811,47.27638],[8.50909,47.2765],[8.50973,47.27683]],[[8.50745,47.27583],[8.50893,47.27506]],[[8.50756,47.2788],[8.50972,47.27898],[8.51153,47.2794]],[[8.50756,47.2788],[8.50794,47.27835]],[[8.50788,47.28152],[8.50827,47.28213]],[[8.50788,47.28152],[8.50875,47.28126]],[[8.50827,47.28213],[8.50942,47.28324]],[[8.50827,47.28213],[8.50863,47.28205],[8.50917,47.28241],[8.51039,47.28274]],[[8.51017,47.26564],[8.51201,47.26686]],[[8.51082,47.26448],[8.51249,47.26317]],[[8.51237,47.27416],[8.51185,47.27418]],[[8.51201,47.26686],[8.51317,47.26717],[8.51375,47.26715],[8.51429,47.2675],[8.51473,47.26747]],[[8.51201,47.26686],[8.51199,47.26757],[8.51284,47.26964],[8.513,47.27079],[8.51416,47.27307]],[[8.51237,47.27416],[8.51261,47.27524],[8.51239,47.27575],[8.51539,47.27837]],[[8.51416,47.27307],[8.51295,47.27364],[8.51237,47.27416]],[[8.51249,47.26317],[8.51249,47.26305]],[[8.51249,47.26317],[8.51438,47.26157]],[[8.51416,47.27307],[8.51476,47.27358],[8.51502,47.27417],[8.51693,47.27449]],[[8.51438,47.26157],[8.51453,47.2616]],[[8.51438,47.26157],[8.51527,47.26116],[8.51602,47.25999],[8.51741,47.25949],[8.51892,47.25937],[8.52053,47.25896]],[[8.51473,47.26747],[8.5155,47.26779]],[[8.51473,47.26747],[8.51533,47.26734],[8.51567,47.26696],[8.51613,47.26711]],[[8.5158,47.26786],[8.51582,47.26786]],[[8.51582,47.26786],[8.51673,47.26764]],[[8.51582,47.26786],[8.51582,47.26817],[8.51667,47.26822]],[[8.51613,47.26711],[8.51727,47.26695]],[[8.51613,47.26711],[8.51676,47.26736],[8.51849,47.26713],[8.51897,47.26718],[8.51926,47.26743]],[[8.51766,47.26684],[8.51841,47.26654]],[[8.52053,47.25896],[8.52059,47.25927],[8.52286,47.26062],[8.52368,47.26171]],[[8.52368,47.26171],[8.52396,47.26206]],[[8.52368,47.26171],[8.52321,47.26197],[8.52326,47.26245],[8.52455,47.26427]],[[8.52693,47.26107],[8.52836,47.26188]],[[8.5301,47.26479],[8.52998,47.26489]]]}},{"type":"Feature","properties":{"id":"chatzensee-revier-6-zh","c":"ZH","p":"pacht","q":"official","k":"river"},"geometry":{"type":"MultiLineString","coordinates":[[[8.48664,47.43015],[8.48556,47.43077]],[[8.48675,47.43057],[8.48664,47.43015]],[[8.48664,47.43015],[8.48669,47.42985]],[[8.49444,47.43535],[8.4945,47.4353]],[[8.49624,47.433],[8.49535,47.43261]]]}},{"type":"Feature","properties":{"id":"huettnersee-revier-7-zh","c":"ZH","p":"pacht","q":"official","k":"river"},"geometry":{"type":"MultiLineString","coordinates":[[[8.65916,47.17605],[8.65616,47.17664]],[[8.66904,47.18231],[8.66784,47.182],[8.66754,47.1823],[8.66661,47.18238],[8.66441,47.18171],[8.66393,47.18183],[8.66325,47.18238],[8.66252,47.18242],[8.6619,47.18223],[8.6616,47.18184],[8.65982,47.18167],[8.65925,47.18315],[8.65837,47.18347]],[[8.66255,47.17909],[8.66188,47.17815],[8.66094,47.17822],[8.66045,47.17797]],[[8.66255,47.17909],[8.66294,47.17876],[8.66254,47.17768],[8.66263,47.17695],[8.66238,47.1764],[8.66194,47.17611]],[[8.66654,47.17939],[8.6659,47.17936],[8.66578,47.17961],[8.66344,47.17958],[8.66258,47.17925],[8.66255,47.17909]],[[8.66904,47.18231],[8.66911,47.18108],[8.6686,47.18024],[8.66783,47.17959],[8.66677,47.17967],[8.66654,47.17939]],[[8.66654,47.17939],[8.66689,47.17895],[8.66716,47.17768]],[[8.66919,47.18287],[8.66904,47.18231]],[[8.68113,47.18347],[8.68036,47.18276],[8.67943,47.18263]]]}},{"type":"Feature","properties":{"id":"egelsee-revier-8-zh","c":"ZH","p":"pacht","q":"official","k":"river"},"geometry":{"type":"MultiLineString","coordinates":[[[8.81545,47.2572],[8.81152,47.25763],[8.80986,47.25808]],[[8.81531,47.25416],[8.81486,47.25345],[8.8146,47.25352],[8.81366,47.253],[8.81293,47.25288],[8.81072,47.25199],[8.81078,47.25161]],[[8.81091,47.24986],[8.81076,47.24979]],[[8.81091,47.24908],[8.81091,47.24907]],[[8.81091,47.24907],[8.81093,47.24898]],[[8.81091,47.24907],[8.81151,47.24901]],[[8.81606,47.25662],[8.81552,47.25589],[8.81602,47.25481],[8.81537,47.25438]],[[8.82162,47.25983],[8.82172,47.25804],[8.82074,47.25764]]]}},{"type":"Feature","properties":{"id":"luetzelsee-revier-9-zh","c":"ZH","p":"private","q":"official","k":"river"},"geometry":{"type":"MultiLineString","coordinates":[[[8.72136,47.25996],[8.71986,47.26058]],[[8.72715,47.25914],[8.72322,47.25903]],[[8.72646,47.25995],[8.72599,47.26067],[8.72618,47.26164]],[[8.72715,47.25914],[8.72719,47.25918]],[[8.72949,47.25885],[8.72754,47.2585],[8.72715,47.25914]],[[8.72893,47.26001],[8.72908,47.2608],[8.72889,47.26114]],[[8.72949,47.25885],[8.72945,47.25887]],[[8.73859,47.25994],[8.73824,47.25998],[8.7376,47.25951],[8.73688,47.25934],[8.73553,47.25847],[8.7346,47.25854],[8.73406,47.25833],[8.73251,47.25867],[8.72986,47.25891],[8.72949,47.25885]],[[8.73496,47.25691],[8.7335,47.25647],[8.73284,47.25649]],[[8.73732,47.25662],[8.73616,47.25648]],[[8.73732,47.25662],[8.73665,47.25704]],[[8.73785,47.25669],[8.73769,47.2567],[8.73735,47.2566],[8.73732,47.25662]],[[8.73845,47.25673],[8.73807,47.25661]],[[8.73895,47.26013],[8.7389,47.26011]],[[8.73958,47.25854],[8.74035,47.2569],[8.74001,47.257],[8.73883,47.25682]],[[8.74141,47.26039],[8.73995,47.26021]],[[8.74141,47.26039],[8.74144,47.2594],[8.74123,47.25937]],[[8.74218,47.26082],[8.74141,47.26039]],[[8.74828,47.26233],[8.74783,47.26259],[8.74682,47.26265],[8.74468,47.26243],[8.74304,47.26169],[8.74239,47.26099]],[[8.74631,47.25845],[8.74638,47.25819]],[[8.74631,47.25767],[8.74629,47.25738]],[[8.76177,47.25869],[8.76141,47.25866],[8.76005,47.2592],[8.75709,47.25988],[8.75363,47.26047],[8.75171,47.2597],[8.75073,47.25973],[8.74805,47.25917],[8.74651,47.25863]],[[8.74818,47.2622],[8.74768,47.26132]],[[8.74828,47.26233],[8.74818,47.2622]],[[8.74818,47.2622],[8.74892,47.26161],[8.74965,47.26054]],[[8.757,47.26335],[8.75238,47.26371],[8.75096,47.26363],[8.75016,47.26332],[8.74923,47.26261],[8.74843,47.26244],[8.74836,47.26228],[8.74828,47.26233]],[[8.76052,47.26365],[8.75774,47.26315],[8.757,47.26335]],[[8.76177,47.25869],[8.76091,47.25812],[8.75988,47.25831],[8.75866,47.25815]],[[8.76052,47.26365],[8.76042,47.26379]],[[8.76876,47.25948],[8.76871,47.25967],[8.76613,47.2611],[8.76565,47.26157],[8.7658,47.26178],[8.76474,47.2629],[8.76052,47.26365]],[[8.76353,47.2588],[8.76187,47.25865],[8.76177,47.25869]],[[8.76377,47.25876],[8.76378,47.25881],[8.76353,47.2588]],[[8.76377,47.25876],[8.76353,47.2588]],[[8.76689,47.25941],[8.76641,47.25864],[8.76409,47.25861],[8.76377,47.25876]],[[8.76516,47.26136],[8.76514,47.2614]],[[8.76622,47.26033],[8.76539,47.26119]],[[8.76689,47.25941],[8.76673,47.2595],[8.76698,47.25979],[8.76629,47.26029]],[[8.76802,47.25907],[8.76689,47.25941]],[[8.77096,47.26052],[8.77059,47.26341],[8.77021,47.26431],[8.77149,47.2656]],[[8.77149,47.2656],[8.77305,47.26681],[8.7738,47.26774],[8.77436,47.26809],[8.7752,47.2682]],[[8.77149,47.2656],[8.77118,47.26587],[8.77145,47.26674],[8.77124,47.26705],[8.7719,47.2674]],[[8.77571,47.25821],[8.77382,47.25815],[8.77313,47.25846]],[[8.77593,47.26828],[8.7773,47.268],[8.77781,47.26824]],[[8.77657,47.26131],[8.77783,47.26144]],[[8.77781,47.26824],[8.77982,47.26883],[8.78018,47.26837],[8.78199,47.26818],[8.78161,47.26748],[8.78207,47.26718]],[[8.77781,47.26824],[8.77807,47.26873],[8.77981,47.26949]],[[8.78229,47.26718],[8.7823,47.26717]],[[8.78304,47.27043],[8.78354,47.27044],[8.78417,47.27092]]]}},{"type":"Feature","properties":{"id":"mettmenhaslisee-revier-10-zh","c":"ZH","p":"private","q":"official","k":"river"},"geometry":{"type":"MultiLineString","coordinates":[[[8.48838,47.4761],[8.48874,47.47587]],[[8.48903,47.47517],[8.49076,47.47462]]]}},{"type":"Feature","properties":{"id":"husemersee-revier-11-zh","c":"ZH","p":"private","q":"official","k":"river"},"geometry":{"type":"LineString","coordinates":[[8.70074,47.62489],[8.70117,47.62452],[8.70272,47.62403],[8.70312,47.6229]]}},{"type":"Feature","properties":{"id":"wattweiher-revier-14-zh","c":"ZH","p":"private","q":"official","k":"river"},"geometry":{"type":"MultiLineString","coordinates":[[[8.70604,47.6253],[8.70684,47.62543],[8.70963,47.62538],[8.71211,47.62575],[8.71409,47.62531]],[[8.70605,47.62399],[8.70604,47.62449]],[[8.70779,47.62273],[8.70771,47.623]]]}},{"type":"Feature","properties":{"id":"rhein-18-zh","c":"ZH","p":"private","q":"official","k":"river"},"geometry":{"type":"LineString","coordinates":[[8.66343,47.6858],[8.66944,47.68484]]}},{"type":"Feature","properties":{"id":"rhein-19-zh","c":"ZH","p":"private","q":"official","k":"river"},"geometry":{"type":"MultiLineString","coordinates":[[[8.61576,47.67788],[8.61675,47.677],[8.61691,47.67641],[8.61773,47.67557],[8.61913,47.67505],[8.62045,47.67517],[8.62525,47.6769],[8.62656,47.67809],[8.62737,47.68004],[8.6272,47.68128],[8.62603,47.68384]],[[8.62602,47.68389],[8.62405,47.68973],[8.62417,47.69065],[8.62512,47.69166]]]}},{"type":"Feature","properties":{"id":"rhein-20-zh","c":"ZH","p":"private","q":"official","k":"river"},"geometry":{"type":"MultiLineString","coordinates":[[[8.60921,47.66585],[8.60877,47.66698],[8.60868,47.66809]],[[8.61093,47.66362],[8.61002,47.66432],[8.60929,47.66565]],[[8.60965,47.67201],[8.60917,47.67174],[8.60854,47.66984],[8.60822,47.66781],[8.60897,47.66558],[8.60968,47.66428],[8.61085,47.66317],[8.61419,47.66135],[8.61452,47.66158]],[[8.60965,47.67201],[8.61069,47.67552],[8.61346,47.67845],[8.61421,47.67857],[8.6147,47.67822],[8.61456,47.67804],[8.61576,47.67788]],[[8.61226,47.66272],[8.6119,47.66294]],[[8.6132,47.66223],[8.61268,47.66249]],[[8.61452,47.66158],[8.61358,47.66204]],[[8.61452,47.66158],[8.61453,47.66159]],[[8.61453,47.66158],[8.61452,47.66158]]]}},{"type":"Feature","properties":{"id":"rhein-21-zh","c":"ZH","p":"private","q":"official","k":"river"},"geometry":{"type":"MultiLineString","coordinates":[[[8.60868,47.66809],[8.60965,47.67201]],[[8.60929,47.66565],[8.60921,47.66585]],[[8.60965,47.67201],[8.60965,47.67201]],[[8.60965,47.67201],[8.60965,47.67201]],[[8.61517,47.66138],[8.61512,47.66174],[8.6115,47.66363],[8.61041,47.66447],[8.60967,47.66555],[8.60908,47.66783],[8.60987,47.67165],[8.60965,47.67201]],[[8.6119,47.66294],[8.61093,47.66362]],[[8.61268,47.66249],[8.61226,47.66272]],[[8.61358,47.66204],[8.6132,47.66223]],[[8.61509,47.66132],[8.61453,47.66158]],[[8.61509,47.66132],[8.61517,47.66138]],[[8.61519,47.66127],[8.61509,47.66132]],[[8.61517,47.66138],[8.61524,47.66144]],[[8.61519,47.66127],[8.61517,47.66138]],[[8.61519,47.66127],[8.61519,47.66127]],[[8.61519,47.66127],[8.61519,47.66127]],[[8.62236,47.65758],[8.62023,47.65893],[8.61519,47.66127]],[[8.62236,47.65758],[8.62291,47.65791]],[[8.62696,47.65433],[8.62236,47.65758]],[[8.62696,47.65433],[8.62826,47.65497],[8.629,47.65565]],[[8.62829,47.64835],[8.62887,47.64956],[8.62893,47.65171],[8.62825,47.65323],[8.62696,47.65433]]]}},{"type":"Feature","properties":{"id":"rhein-22-zh","c":"ZH","p":"pacht","q":"official","k":"river"},"geometry":{"type":"LineString","coordinates":[[8.60326,47.63922],[8.60361,47.63851],[8.60499,47.63757],[8.6062,47.63718],[8.60761,47.63702],[8.61541,47.63765],[8.61971,47.63881],[8.62197,47.63989],[8.62421,47.64168],[8.62532,47.64318],[8.62828,47.64834]]}},{"type":"Feature","properties":{"id":"rhein-23-zh","c":"ZH","p":"pacht","q":"official","k":"river"},"geometry":{"type":"MultiLineString","coordinates":[[[8.59575,47.63878],[8.59531,47.6411],[8.5959,47.64309],[8.59725,47.64411],[8.60044,47.64521],[8.60187,47.64613],[8.60273,47.64724],[8.60325,47.64931],[8.60399,47.65069]],[[8.60394,47.64115],[8.60332,47.64038],[8.60326,47.63922]],[[8.60413,47.65089],[8.60545,47.65216],[8.60624,47.65243],[8.60719,47.65249],[8.60956,47.6518],[8.61182,47.65044],[8.61308,47.64906],[8.61399,47.64681],[8.61407,47.64479],[8.61323,47.64328]],[[8.61323,47.64328],[8.61199,47.64237],[8.6102,47.64172],[8.6078,47.6415],[8.60548,47.64164],[8.60394,47.64115]],[[8.61323,47.64328],[8.60847,47.64306],[8.60455,47.64239],[8.60424,47.64222],[8.60394,47.64115]]]}},{"type":"Feature","properties":{"id":"rhein-25-zh","c":"ZH","p":"pacht","q":"official","k":"river"},"geometry":{"type":"LineString","coordinates":[[8.60342,47.61097],[8.60427,47.61197],[8.60504,47.6135],[8.60528,47.61497],[8.60511,47.61639],[8.60427,47.6179],[8.6008,47.6221],[8.59954,47.62404],[8.59819,47.62688],[8.59706,47.63035],[8.59671,47.63601],[8.59575,47.63878]]}},{"type":"Feature","properties":{"id":"rhein-27-zh","c":"ZH","p":"pacht","q":"official","k":"river"},"geometry":{"type":"MultiLineString","coordinates":[[[8.58568,47.59395],[8.58683,47.59422]],[[8.58683,47.59422],[8.59261,47.59545],[8.59355,47.59586],[8.59438,47.59651],[8.59491,47.59723],[8.59511,47.59803],[8.59436,47.60042],[8.59437,47.6014],[8.59526,47.60469],[8.59574,47.60561],[8.59648,47.60637],[8.59909,47.60775],[8.60342,47.61097]],[[8.58683,47.59422],[8.59051,47.59417]]]}},{"type":"Feature","properties":{"id":"rhein-28-zh","c":"ZH","p":"private","q":"official","k":"river"},"geometry":{"type":"MultiLineString","coordinates":[[[8.57794,47.57601],[8.578,47.57602]],[[8.578,47.57602],[8.57801,47.57602]],[[8.578,47.57602],[8.57808,47.576]],[[8.57801,47.57602],[8.5788,47.57612],[8.57969,47.57653],[8.58011,47.5771],[8.58025,47.57794],[8.57743,47.58358],[8.57712,47.58544],[8.57737,47.58741],[8.57839,47.58936],[8.57973,47.59088],[8.58265,47.59285],[8.58568,47.59395]],[[8.58402,47.59225],[8.58437,47.59238]]]}},{"type":"Feature","properties":{"id":"rhein-29-zh","c":"ZH","p":"pacht","q":"official","k":"river"},"geometry":{"type":"MultiLineString","coordinates":[[[8.56748,47.56247],[8.56764,47.56275]],[[8.56764,47.56275],[8.56859,47.56487]],[[8.56764,47.56275],[8.56877,47.56257]],[[8.56859,47.56487],[8.56964,47.56525],[8.57073,47.56474],[8.57145,47.56482],[8.57286,47.56453],[8.57364,47.564]],[[8.56859,47.56487],[8.56934,47.56697]],[[8.56897,47.56246],[8.56905,47.56245]],[[8.56934,47.56697],[8.57063,47.56765],[8.57176,47.56756],[8.57288,47.56716]],[[8.56934,47.56697],[8.56965,47.56948]],[[8.56926,47.5624],[8.56953,47.56244]],[[8.56965,47.56948],[8.57057,47.56989],[8.57104,47.5699],[8.57375,47.56935]],[[8.56965,47.56948],[8.57025,47.57157],[8.57225,47.57457],[8.57324,47.5752],[8.57457,47.57563],[8.57794,47.57601]],[[8.57059,47.56222],[8.57108,47.56193]],[[8.57155,47.56158],[8.57166,47.56154]],[[8.57375,47.56935],[8.574,47.56943]],[[8.57375,47.56935],[8.57395,47.56914]],[[8.57364,47.564],[8.57619,47.56357]],[[8.57364,47.564],[8.57411,47.56333]]]}},{"type":"Feature","properties":{"id":"rhein-30-zh","c":"ZH","p":"pacht","q":"official","k":"river"},"geometry":{"type":"MultiLineString","coordinates":[[[8.55466,47.55275],[8.55559,47.55244],[8.55679,47.55236],[8.55849,47.55276]],[[8.55849,47.55276],[8.56043,47.55433]],[[8.55849,47.55276],[8.55955,47.55242]],[[8.5599,47.55229],[8.5603,47.55191]],[[8.56043,47.55433],[8.56227,47.55642]],[[8.56043,47.55433],[8.56123,47.55428],[8.56261,47.55371]],[[8.56045,47.55176],[8.56071,47.55152]],[[8.56227,47.55642],[8.56488,47.55951]],[[8.56227,47.55642],[8.56497,47.55596]],[[8.56488,47.55951],[8.5663,47.56102]],[[8.56488,47.55951],[8.5662,47.55889]],[[8.5663,47.56102],[8.56748,47.56247]],[[8.5663,47.56102],[8.56768,47.56092],[8.56981,47.55998],[8.5711,47.5588],[8.57133,47.55804]],[[8.56659,47.5559],[8.56692,47.55593]],[[8.56692,47.55593],[8.56761,47.55521]],[[8.56692,47.55593],[8.56848,47.55536],[8.56945,47.55567],[8.56999,47.55548]],[[8.56877,47.56257],[8.56897,47.56246]],[[8.56905,47.56245],[8.56926,47.5624]],[[8.56953,47.56244],[8.57059,47.56222]],[[8.57108,47.56193],[8.57155,47.56158]],[[8.57166,47.56154],[8.57189,47.5615]]]}},{"type":"Feature","properties":{"id":"rhein-31-zh","c":"ZH","p":"pacht","q":"official","k":"river"},"geometry":{"type":"MultiLineString","coordinates":[[[8.52187,47.57528],[8.52386,47.57492]],[[8.52386,47.57492],[8.5239,47.57405]],[[8.52386,47.57492],[8.53158,47.57316]],[[8.53158,47.57316],[8.53214,47.57392]],[[8.53158,47.57316],[8.53535,47.57247],[8.53882,47.57131]],[[8.53228,47.5741],[8.53229,47.57438]],[[8.53242,47.57458],[8.53342,47.57644],[8.53491,47.57751],[8.53576,47.57785],[8.53743,47.57773]],[[8.53882,47.57131],[8.53977,47.5716],[8.54092,47.57241],[8.54161,47.57267]],[[8.53882,47.57131],[8.54159,47.56993]],[[8.54161,47.57267],[8.54222,47.57311],[8.54336,47.5735],[8.54402,47.5744],[8.54493,47.57482]],[[8.54159,47.56993],[8.54251,47.5705],[8.54309,47.57057],[8.54441,47.57117],[8.54622,47.57132]],[[8.54159,47.56993],[8.54587,47.56702],[8.54657,47.56635],[8.54846,47.56415],[8.54986,47.56142]],[[8.54402,47.55917],[8.54371,47.55923]],[[8.54489,47.56011],[8.54373,47.56023]],[[8.54402,47.55917],[8.54412,47.55891],[8.5439,47.55875]],[[8.54489,47.56011],[8.54481,47.55979],[8.54402,47.55917]],[[8.54651,47.5605],[8.54568,47.56046],[8.54489,47.56011]],[[8.54816,47.55731],[8.5473,47.55736],[8.54633,47.55714]],[[8.5507,47.55672],[8.54914,47.55635],[8.54908,47.55608],[8.54735,47.55555]],[[8.54816,47.55731],[8.54748,47.55666]],[[8.54818,47.55408],[8.54783,47.55405]],[[8.54812,47.5609],[8.54679,47.5606],[8.54702,47.56085],[8.54732,47.56085],[8.54757,47.56148],[8.54801,47.56112],[8.54986,47.56142]],[[8.54818,47.55408],[8.54797,47.55379]],[[8.55059,47.55767],[8.54943,47.55766],[8.54816,47.55731]],[[8.55034,47.55534],[8.54961,47.55507],[8.54915,47.55421],[8.54818,47.55408]],[[8.54993,47.56121],[8.54876,47.56104]],[[8.54986,47.56142],[8.54993,47.56121]],[[8.54993,47.56121],[8.55049,47.55929],[8.55059,47.55767]],[[8.55059,47.55767],[8.5507,47.55672]],[[8.55145,47.55549],[8.55063,47.55523]],[[8.5507,47.55672],[8.55145,47.55549]],[[8.55145,47.55549],[8.55409,47.55318]],[[8.55409,47.55318],[8.55395,47.55175]],[[8.55409,47.55318],[8.55466,47.55275]]]}},{"type":"Feature","properties":{"id":"rhein-32-zh","c":"ZH","p":"patent","q":"official","k":"river","ns":1},"geometry":{"type":"MultiLineString","coordinates":[[[8.47239,47.57559],[8.47602,47.57756],[8.47779,47.57804],[8.47958,47.57801],[8.48343,47.57712],[8.48456,47.57708],[8.48581,47.57726],[8.48681,47.5776],[8.49193,47.5802],[8.49384,47.58084],[8.49556,47.58114],[8.49745,47.5812],[8.49944,47.58095],[8.50596,47.57902]],[[8.49382,47.57661],[8.49384,47.57656]],[[8.4939,47.57636],[8.49416,47.57612],[8.49422,47.57535],[8.49503,47.57472]],[[8.49959,47.57197],[8.49906,47.57105]],[[8.50332,47.57524],[8.50261,47.57483],[8.50164,47.57338],[8.49975,47.57224]],[[8.50596,47.57902],[8.50495,47.57739]],[[8.50596,47.57902],[8.5124,47.57702],[8.52187,47.57528]]]}},{"type":"Feature","properties":{"id":"rhein-33-zh","c":"ZH","p":"pacht","q":"official","k":"river"},"geometry":{"type":"MultiLineString","coordinates":[[[8.42568,47.56786],[8.428,47.56704],[8.4298,47.5667],[8.43206,47.56653],[8.43453,47.56673]],[[8.43453,47.56673],[8.43451,47.56651]],[[8.43453,47.56673],[8.4384,47.56724],[8.45008,47.57094],[8.4527,47.5714],[8.45628,47.57245],[8.46109,47.572],[8.46354,47.57208],[8.46666,47.57286],[8.46947,47.57404]],[[8.46947,47.57404],[8.47239,47.57559]],[[8.46947,47.57404],[8.47083,47.57396]]]}},{"type":"Feature","properties":{"id":"muelibach-stammheim-43-zh","c":"ZH","p":"private","q":"official","k":"river"},"geometry":{"type":"MultiLineString","coordinates":[[[8.7738,47.63797],[8.77174,47.63791],[8.77172,47.63748],[8.7705,47.63721],[8.77079,47.63663],[8.7703,47.63644]],[[8.77516,47.6488],[8.7755,47.64834],[8.77567,47.64683],[8.77374,47.64443],[8.7733,47.64341],[8.77372,47.63867]],[[8.77372,47.63867],[8.7738,47.63797]],[[8.77372,47.63867],[8.77416,47.63851],[8.7756,47.6385]],[[8.7738,47.63797],[8.77399,47.63621]]]}},{"type":"Feature","properties":{"id":"dorfbach-dachsen-uhwiesen-revier-45-zh","c":"ZH","p":"pacht","q":"official","k":"river"},"geometry":{"type":"MultiLineString","coordinates":[[[8.61519,47.66127],[8.61519,47.66127]],[[8.61524,47.66144],[8.6158,47.66191],[8.6176,47.66237],[8.61784,47.66268]],[[8.61812,47.66292],[8.61886,47.66291]],[[8.61974,47.66309],[8.62048,47.66333],[8.62299,47.66355]],[[8.62299,47.66355],[8.62299,47.66356]],[[8.62299,47.66355],[8.62392,47.66352],[8.6246,47.66365],[8.62567,47.66407]],[[8.62585,47.66422],[8.62678,47.66484],[8.62742,47.6649]],[[8.62742,47.6649],[8.62926,47.6658],[8.63164,47.66742]],[[8.62742,47.6649],[8.62807,47.66466],[8.62928,47.66464],[8.6322,47.66484],[8.63377,47.66521],[8.63438,47.66512]],[[8.63438,47.66512],[8.63445,47.66511]],[[8.63438,47.66512],[8.63501,47.66492],[8.63674,47.6656],[8.63718,47.66562]],[[8.63867,47.66547],[8.63911,47.66546]],[[8.63911,47.66546],[8.63964,47.66581],[8.64253,47.66659]],[[8.63911,47.66546],[8.63913,47.66546]],[[8.64253,47.66659],[8.64264,47.66688],[8.64206,47.66798],[8.64303,47.66823],[8.64299,47.66906],[8.64356,47.66971]],[[8.64253,47.66659],[8.6432,47.66652],[8.6453,47.66694],[8.64572,47.66629]],[[8.65309,47.6671],[8.65333,47.66649],[8.65376,47.66613],[8.65415,47.66428],[8.65544,47.66302],[8.65679,47.66207],[8.65726,47.66208]]]}},{"type":"Feature","properties":{"id":"dorfbach-flaach-und-volkemerbach-revier-48-zh","c":"ZH","p":"pacht","q":"official","k":"river"},"geometry":{"type":"MultiLineString","coordinates":[[[8.57801,47.57602],[8.57801,47.57602]],[[8.57808,47.576],[8.58169,47.57535]],[[8.58169,47.57535],[8.58171,47.57537]],[[8.58169,47.57535],[8.58452,47.57483],[8.58761,47.57496],[8.58837,47.57479]],[[8.58622,47.56107],[8.58567,47.56051]],[[8.58708,47.57175],[8.58642,47.57076]],[[8.58761,47.5625],[8.58678,47.56197],[8.58616,47.56132],[8.58622,47.56107]],[[8.58622,47.56107],[8.58628,47.56043]],[[8.58708,47.57175],[8.58711,47.57175],[8.58717,47.57174],[8.58727,47.57174],[8.58738,47.57171],[8.58752,47.57155],[8.58766,47.57111]],[[8.58837,47.57479],[8.58807,47.5745],[8.58821,47.57398],[8.5878,47.57304],[8.58703,47.57231],[8.58708,47.57175]],[[8.58837,47.57479],[8.59411,47.5747]],[[8.58841,47.55923],[8.58807,47.55905]],[[8.58841,47.55923],[8.58828,47.55899]],[[8.58877,47.5615],[8.58975,47.56056],[8.58903,47.56017],[8.589,47.55968],[8.58841,47.55923]],[[8.59057,47.56001],[8.58925,47.55909]],[[8.59112,47.56466],[8.59027,47.56452],[8.58958,47.56388]],[[8.5911,47.55946],[8.59101,47.55917],[8.59029,47.55865]],[[8.59059,47.56128],[8.59058,47.56128]],[[8.59102,47.56217],[8.59095,47.56166],[8.59059,47.56128]],[[8.59059,47.56128],[8.59057,47.56001]],[[8.59057,47.56001],[8.59111,47.55965],[8.5911,47.55946]],[[8.5911,47.55946],[8.59154,47.55898],[8.59117,47.55831]],[[8.59334,47.56694],[8.59173,47.56619]],[[8.59181,47.56286],[8.59132,47.56221],[8.59164,47.56172],[8.59126,47.56089],[8.59233,47.55928]],[[8.59214,47.56506],[8.59188,47.56315]],[[8.59214,47.56506],[8.59214,47.56506]],[[8.59334,47.56694],[8.5932,47.56624],[8.59214,47.56506]],[[8.59487,47.56823],[8.59334,47.56694]],[[8.59411,47.5747],[8.59565,47.57525],[8.59637,47.57593],[8.59777,47.57608],[8.60235,47.57738],[8.60286,47.57728],[8.60395,47.57661],[8.60438,47.57549]],[[8.59411,47.5747],[8.5957,47.57447],[8.59621,47.57379],[8.59752,47.57283],[8.59714,47.57187],[8.59743,47.57087],[8.59639,47.56969],[8.59563,47.56951]],[[8.59521,47.56917],[8.59488,47.56928],[8.59438,47.5691]],[[8.59518,47.56915],[8.59497,47.56856]],[[8.59775,47.55405],[8.59649,47.55393]],[[8.59828,47.55187],[8.5968,47.5519]],[[8.59775,47.55405],[8.59735,47.55342],[8.59689,47.55326]],[[8.59924,47.55364],[8.59835,47.55329],[8.59811,47.55285],[8.59704,47.55255]],[[8.59828,47.55187],[8.59766,47.55147]],[[8.5987,47.55448],[8.59775,47.55405]],[[8.60081,47.55287],[8.6001,47.55248],[8.59899,47.55231],[8.59878,47.55202],[8.59828,47.55187]],[[8.60025,47.5514],[8.599,47.55078]],[[8.60151,47.55294],[8.60025,47.5514]],[[8.60025,47.5514],[8.60046,47.5497]],[[8.60408,47.5684],[8.60325,47.56814],[8.60161,47.56716]],[[8.60151,47.55294],[8.60144,47.55292]],[[8.60191,47.55346],[8.60151,47.55294]],[[8.60174,47.55804],[8.60161,47.55755]],[[8.60185,47.55492],[8.60178,47.55489]],[[8.60322,47.55664],[8.60185,47.55492]],[[8.60185,47.55492],[8.60186,47.5549]],[[8.60322,47.55664],[8.60271,47.55644]],[[8.60355,47.57346],[8.60309,47.5727],[8.60432,47.57158],[8.60509,47.57143],[8.60509,47.57082],[8.60546,47.57026]],[[8.60358,47.55695],[8.60322,47.55664]],[[8.60438,47.57549],[8.60429,47.57455],[8.60394,47.57408]],[[8.60495,47.56926],[8.60408,47.5684]],[[8.60408,47.5684],[8.60485,47.5662],[8.60487,47.56476],[8.60619,47.56279],[8.60565,47.56112]],[[8.60438,47.57549],[8.60507,47.57544],[8.60657,47.57551],[8.60726,47.57509],[8.60828,47.57498]],[[8.60413,47.55157],[8.60417,47.55022]],[[8.60546,47.57026],[8.60495,47.56926]],[[8.60495,47.56926],[8.6059,47.5684],[8.60585,47.56799],[8.60631,47.5679],[8.60664,47.56757],[8.60662,47.56734],[8.60815,47.56663],[8.60834,47.56617],[8.60925,47.56573]],[[8.60552,47.55844],[8.60479,47.55809]],[[8.60546,47.57026],[8.60918,47.56829],[8.61125,47.56793],[8.61259,47.56814]],[[8.60565,47.56112],[8.60535,47.55994],[8.60552,47.55844]],[[8.60552,47.55844],[8.60604,47.55825]],[[8.60565,47.56112],[8.60565,47.56112]],[[8.60874,47.54908],[8.60801,47.54916],[8.60706,47.54848],[8.60646,47.54853],[8.60619,47.54839]],[[8.60807,47.54684],[8.60777,47.54594]],[[8.60898,47.57488],[8.6109,47.57448],[8.61284,47.5745],[8.61327,47.5754],[8.61401,47.57542]],[[8.60861,47.54718],[8.60837,47.54704]],[[8.6097,47.5474],[8.60952,47.54695],[8.60884,47.54641],[8.60888,47.54574],[8.60854,47.54503]],[[8.61191,47.54603],[8.61124,47.54574],[8.60974,47.54554],[8.60944,47.54518],[8.6087,47.54483]],[[8.6097,47.5474],[8.60899,47.54749],[8.60879,47.54734]],[[8.60925,47.56573],[8.60939,47.56553]],[[8.60925,47.56573],[8.61119,47.56559],[8.61134,47.56433]],[[8.6113,47.55035],[8.60987,47.55028],[8.60897,47.54921]],[[8.61303,47.54823],[8.6097,47.5474]],[[8.61134,47.56433],[8.61177,47.56342],[8.61458,47.56177],[8.61463,47.56133],[8.61496,47.56119],[8.61528,47.55967]],[[8.61191,47.54603],[8.61147,47.54556],[8.61135,47.54471]],[[8.61338,47.54277],[8.61238,47.54211],[8.61162,47.54205]],[[8.61348,47.5476],[8.61191,47.54603]],[[8.61259,47.56814],[8.6127,47.56817]],[[8.61259,47.56814],[8.61269,47.56809],[8.6127,47.56817]],[[8.6127,47.56817],[8.6153,47.56766],[8.61621,47.56704],[8.61732,47.5667],[8.61873,47.56674]],[[8.61279,47.55004],[8.61258,47.55019]],[[8.61406,47.54119],[8.61296,47.54116],[8.6124,47.54062]],[[8.61325,47.55074],[8.61279,47.55004]],[[8.61279,47.55004],[8.61262,47.54985],[8.61313,47.54864],[8.61303,47.54823]],[[8.61338,47.54277],[8.61266,47.54254]],[[8.61303,47.54823],[8.61348,47.5476]],[[8.61447,47.54035],[8.61378,47.54027],[8.61336,47.53971],[8.61293,47.53961]],[[8.6136,47.53865],[8.61291,47.53853]],[[8.61747,47.55705],[8.6164,47.55406],[8.61533,47.55343],[8.61465,47.55255],[8.61476,47.55242],[8.61337,47.55094]],[[8.61348,47.5476],[8.6153,47.54609]],[[8.61344,47.54278],[8.61338,47.54277]],[[8.6136,47.53865],[8.61332,47.53832]],[[8.614,47.54243],[8.61361,47.54188]],[[8.61432,47.53932],[8.61399,47.53922],[8.6136,47.53865]],[[8.61393,47.54248],[8.61371,47.54276]],[[8.61444,47.57544],[8.61484,47.57577],[8.61677,47.57573],[8.61754,47.57596],[8.61825,47.57584],[8.61927,47.576]],[[8.61443,47.53901],[8.61394,47.53837]],[[8.61445,47.55778],[8.61448,47.55768]],[[8.61447,47.54035],[8.61463,47.5398],[8.61432,47.53932]],[[8.61432,47.53932],[8.61448,47.53909]],[[8.61451,47.54044],[8.61447,47.54035]],[[8.61447,47.53892],[8.6147,47.53763]],[[8.61528,47.55967],[8.61528,47.55966]],[[8.61528,47.55967],[8.61557,47.55955],[8.61635,47.55825],[8.61725,47.55761],[8.61747,47.55705]],[[8.61747,47.55705],[8.61817,47.55725],[8.61886,47.55695],[8.6196,47.55708],[8.62053,47.55691]],[[8.61873,47.56674],[8.61987,47.56666],[8.62043,47.5664],[8.62101,47.56636],[8.62114,47.56652],[8.62172,47.56632],[8.62224,47.56674],[8.62273,47.5663],[8.62447,47.56622],[8.62602,47.56573],[8.62753,47.56554],[8.62842,47.56557],[8.62887,47.56578],[8.62914,47.56565],[8.63033,47.56593],[8.63142,47.56573]],[[8.61873,47.56674],[8.61874,47.56674]],[[8.61927,47.576],[8.62102,47.57674],[8.62273,47.57663]],[[8.61927,47.576],[8.61929,47.57598]],[[8.62077,47.55674],[8.61995,47.55626],[8.61971,47.55519]],[[8.61996,47.55393],[8.61999,47.55392]],[[8.62018,47.55251],[8.62026,47.54967],[8.62084,47.54862],[8.6213,47.54813],[8.62176,47.54801]],[[8.62072,47.55678],[8.62077,47.55674]],[[8.62077,47.55674],[8.622,47.55582],[8.62425,47.55495]],[[8.62273,47.57663],[8.62627,47.57623]],[[8.62425,47.55495],[8.62426,47.5545],[8.62463,47.5542]],[[8.62425,47.55495],[8.62534,47.5548],[8.62679,47.5552],[8.62767,47.55508]],[[8.62627,47.57623],[8.62627,47.57624]],[[8.62627,47.57623],[8.62698,47.57622],[8.63154,47.57504],[8.63319,47.57486]],[[8.63142,47.56573],[8.63238,47.56605],[8.63309,47.56598]],[[8.63142,47.56573],[8.63194,47.56555],[8.63217,47.56573],[8.63284,47.56531],[8.63275,47.5651],[8.63299,47.56508],[8.63301,47.56484],[8.63358,47.56475],[8.63477,47.56395],[8.63561,47.56382]],[[8.63319,47.57486],[8.6332,47.57488]],[[8.63319,47.57486],[8.63507,47.57461]],[[8.63507,47.57461],[8.63508,47.57458]],[[8.63507,47.57461],[8.63607,47.57435],[8.63813,47.57336],[8.63995,47.57327],[8.64037,47.5735]],[[8.63561,47.56382],[8.63658,47.56208],[8.63654,47.56118]],[[8.63561,47.56382],[8.63564,47.56382]],[[8.63654,47.56118],[8.63654,47.56117]],[[8.63654,47.56118],[8.63663,47.56067],[8.63739,47.56029],[8.63745,47.56009],[8.63798,47.55986],[8.63902,47.55995],[8.63966,47.55976]],[[8.6393,47.56303],[8.63974,47.56294],[8.64028,47.56231],[8.6403,47.56155]],[[8.63966,47.55976],[8.64074,47.55981]],[[8.63966,47.55976],[8.63966,47.55975]],[[8.64037,47.5735],[8.64107,47.57378],[8.6448,47.57382]],[[8.64033,47.55452],[8.64,47.55451]],[[8.64072,47.55741],[8.64107,47.55679],[8.64177,47.55634],[8.64151,47.55567],[8.64033,47.55452]],[[8.64033,47.55452],[8.64071,47.55387]],[[8.64284,47.57966],[8.64418,47.58049],[8.64447,47.58091]],[[8.6448,47.57382],[8.64481,47.57383]],[[8.6448,47.57382],[8.64602,47.57329]],[[8.6463,47.57323],[8.64714,47.57299]],[[8.64658,47.5544],[8.64752,47.55383],[8.64786,47.55279]],[[8.64786,47.55279],[8.64703,47.552],[8.64725,47.55158],[8.64715,47.55119]],[[8.64822,47.57732],[8.64785,47.57822]],[[8.64822,47.57732],[8.64822,47.57732]],[[8.64822,47.57732],[8.64888,47.57773]],[[8.64786,47.55279],[8.64899,47.55185],[8.64927,47.55097],[8.64991,47.55004],[8.64983,47.54963]],[[8.64851,47.57073],[8.64916,47.5706],[8.64961,47.57073]],[[8.64961,47.57073],[8.64986,47.57075],[8.65014,47.5702]],[[8.64973,47.54945],[8.64967,47.54901],[8.64888,47.54806],[8.65022,47.54596]],[[8.65032,47.57006],[8.65107,47.56917],[8.65159,47.5689],[8.65199,47.56817],[8.65192,47.5661],[8.65264,47.56428]],[[8.65264,47.56428],[8.65267,47.56429]],[[8.65264,47.56428],[8.65345,47.56347]],[[8.65318,47.56442],[8.655,47.56482]],[[8.65345,47.56347],[8.65343,47.56345]],[[8.65345,47.56347],[8.65624,47.56184]],[[8.65344,47.56009],[8.65428,47.55912],[8.65402,47.55804],[8.65445,47.55735]],[[8.65445,47.55735],[8.65441,47.55716]],[[8.65445,47.55735],[8.65445,47.55716]],[[8.65532,47.56487],[8.65748,47.56507],[8.65886,47.56444],[8.65979,47.56436]]]}},{"type":"Feature","properties":{"id":"dorfbach-weiach-revier-52-zh","c":"ZH","p":"pacht","q":"official","k":"river"},"geometry":{"type":"MultiLineString","coordinates":[[[8.42818,47.54739],[8.42666,47.5464]],[[8.42996,47.5475],[8.42991,47.54749]],[[8.43125,47.55195],[8.43111,47.55049],[8.4301,47.54904],[8.42996,47.5475]],[[8.42996,47.5475],[8.43028,47.54683],[8.43192,47.54592],[8.43259,47.54509],[8.43316,47.54473],[8.43365,47.54384],[8.43426,47.54339],[8.43417,47.54306],[8.4354,47.54122]],[[8.43114,47.55213],[8.43108,47.55214]],[[8.43297,47.5544],[8.4322,47.55324],[8.43141,47.55273],[8.4314,47.55231]],[[8.43451,47.56651],[8.4344,47.56571],[8.43465,47.56468],[8.43374,47.56383],[8.43371,47.56326],[8.43431,47.5624],[8.43474,47.56073],[8.4362,47.56001],[8.43631,47.55857]],[[8.4354,47.54122],[8.43579,47.53913]],[[8.4354,47.54122],[8.43571,47.54102],[8.43606,47.54108],[8.43686,47.54082],[8.43959,47.54102]],[[8.44126,47.55463],[8.44137,47.55461]],[[8.44195,47.55433],[8.44241,47.55409]],[[8.4427,47.554],[8.44408,47.55342],[8.44462,47.55273]],[[8.44462,47.55273],[8.44455,47.55271]],[[8.44462,47.55273],[8.44487,47.55223],[8.4454,47.55201]],[[8.44583,47.55185],[8.44697,47.55087]],[[8.44697,47.55087],[8.44685,47.55047],[8.44717,47.54988],[8.44647,47.54838]],[[8.44697,47.55087],[8.44832,47.55058],[8.45039,47.54956]],[[8.44934,47.54661],[8.44923,47.54626],[8.4483,47.54588]],[[8.44861,47.56039],[8.44849,47.55987],[8.44878,47.55952],[8.45188,47.55763]],[[8.44932,47.54704],[8.44934,47.54661]],[[8.44934,47.54661],[8.44999,47.54622],[8.45015,47.54554]],[[8.45015,47.54554],[8.44928,47.54538],[8.44914,47.54518],[8.44945,47.54489]],[[8.45015,47.54554],[8.45027,47.54494],[8.44997,47.54481]],[[8.45039,47.54956],[8.45036,47.54942]],[[8.45039,47.54956],[8.4518,47.54919]],[[8.4521,47.54912],[8.45311,47.54875]]]}},{"type":"Feature","properties":{"id":"fisibach-bachs-revier-53-zh","c":"ZH","p":"pacht","q":"official","k":"river"},"geometry":{"type":"MultiLineString","coordinates":[[[8.40731,47.54005],[8.40618,47.5398],[8.40491,47.54013]],[[8.4096,47.53777],[8.40825,47.53759],[8.40774,47.53772]],[[8.40817,47.53571],[8.40784,47.53556]],[[8.40822,47.54372],[8.40829,47.54318],[8.40789,47.54314],[8.40809,47.54213],[8.40884,47.54142],[8.40901,47.54146],[8.40979,47.54043]],[[8.4096,47.53777],[8.40924,47.5368],[8.40816,47.53601]],[[8.40979,47.54043],[8.4096,47.54031]],[[8.41001,47.53811],[8.4096,47.53777]],[[8.40979,47.54043],[8.41102,47.53932]],[[8.41046,47.5388],[8.41027,47.53875]],[[8.41094,47.53901],[8.41093,47.53884]],[[8.41102,47.53932],[8.41101,47.53928]],[[8.41102,47.53932],[8.41257,47.5385],[8.4138,47.53875],[8.41444,47.53862],[8.41474,47.53806]],[[8.41145,47.53425],[8.41111,47.53395]],[[8.41282,47.53527],[8.41145,47.53425]],[[8.41145,47.53425],[8.4115,47.53388]],[[8.41383,47.53623],[8.41362,47.5356],[8.41282,47.53527]],[[8.41282,47.53527],[8.41274,47.53503],[8.41299,47.53494],[8.41308,47.53452]],[[8.41474,47.53806],[8.4144,47.53694],[8.41387,47.53627]],[[8.41474,47.53806],[8.41614,47.53792],[8.41657,47.53747]],[[8.41587,47.53736],[8.41526,47.53672]],[[8.41657,47.53747],[8.41661,47.53743]],[[8.41661,47.53743],[8.41664,47.5374]],[[8.41664,47.5374],[8.41661,47.5374]],[[8.41664,47.5374],[8.41715,47.53693],[8.41794,47.53659],[8.41996,47.53633],[8.42159,47.53528],[8.42285,47.53504]],[[8.42169,47.53118],[8.42112,47.53099]],[[8.42285,47.53504],[8.42288,47.53507]],[[8.42285,47.53504],[8.42339,47.53479]],[[8.42338,47.52541],[8.42276,47.52575]],[[8.42338,47.53549],[8.42346,47.53583]],[[8.42339,47.53479],[8.4234,47.53475]],[[8.42339,47.53479],[8.42467,47.5341]],[[8.42382,47.52531],[8.42368,47.52534]],[[8.42382,47.52531],[8.42372,47.52521]],[[8.42577,47.52669],[8.42498,47.52619],[8.42486,47.52563],[8.42413,47.52548],[8.4239,47.52539],[8.42389,47.52533],[8.42387,47.52531],[8.42385,47.52531],[8.42382,47.52531]],[[8.42467,47.5341],[8.42471,47.53411]],[[8.42467,47.5341],[8.42789,47.53119],[8.42841,47.5302],[8.43021,47.52947]],[[8.42492,47.52441],[8.42456,47.52381]],[[8.42669,47.52721],[8.42739,47.52674],[8.42726,47.52637],[8.42579,47.52549],[8.42553,47.52501],[8.42506,47.52484]],[[8.42561,47.53449],[8.42631,47.5347]],[[8.42621,47.52714],[8.42553,47.52713]],[[8.42621,47.52714],[8.42589,47.52675]],[[8.42631,47.5347],[8.42618,47.53501]],[[8.42631,47.5347],[8.42685,47.53464]],[[8.42669,47.52721],[8.42621,47.52714]],[[8.42669,47.52721],[8.42669,47.52721]],[[8.42794,47.52765],[8.42706,47.5276]],[[8.42813,47.52758],[8.42901,47.52723],[8.4284,47.52632],[8.42839,47.52526],[8.42814,47.52521]],[[8.43021,47.52947],[8.42818,47.52764]],[[8.43097,47.52615],[8.43041,47.52526],[8.43013,47.52422],[8.42962,47.52398],[8.42906,47.524]],[[8.43021,47.52947],[8.43104,47.52918],[8.43288,47.52774]],[[8.43288,47.52774],[8.43286,47.5277]],[[8.43288,47.52774],[8.4377,47.52667]],[[8.4397,47.5228],[8.4387,47.52169],[8.43893,47.52058],[8.43869,47.51988],[8.43799,47.51922],[8.43638,47.51846],[8.4348,47.5162]],[[8.4377,47.52667],[8.43763,47.5257],[8.43799,47.52438]],[[8.4377,47.52667],[8.43934,47.52609],[8.44025,47.52505],[8.44228,47.52458],[8.44355,47.52382]],[[8.44135,47.50998],[8.43993,47.50857],[8.43786,47.50838]],[[8.43861,47.52382],[8.43975,47.52325]],[[8.44088,47.50856],[8.44049,47.50827],[8.43863,47.50785]],[[8.44088,47.50856],[8.44038,47.50753],[8.43964,47.50713]],[[8.44135,47.50998],[8.44156,47.50951],[8.44092,47.50896],[8.44088,47.50856]],[[8.44788,47.51331],[8.44654,47.51271],[8.44637,47.51229],[8.44584,47.51204],[8.44546,47.51126],[8.4429,47.51072],[8.44135,47.50998]],[[8.44355,47.52382],[8.44486,47.52308],[8.44748,47.52106],[8.448,47.52043],[8.44785,47.52024],[8.44822,47.51968],[8.44952,47.51808]],[[8.4489,47.51169],[8.44874,47.51041]]]}},{"type":"Feature","properties":{"id":"landbach-rafz-revier-55-zh","c":"ZH","p":"pacht","q":"official","k":"river"},"geometry":{"type":"MultiLineString","coordinates":[[[8.46497,47.59271],[8.46198,47.59265],[8.46031,47.59312],[8.46024,47.59454],[8.45989,47.59526],[8.45882,47.59655],[8.4571,47.59754],[8.45664,47.59946]],[[8.46242,47.59786],[8.46223,47.59882]],[[8.46464,47.59741],[8.46386,47.59814],[8.46331,47.59938]],[[8.46497,47.59271],[8.46446,47.59329]],[[8.46729,47.59211],[8.46497,47.59271]],[[8.46623,47.59532],[8.46587,47.59581]],[[8.46641,47.59783],[8.46636,47.59867],[8.46668,47.59954],[8.46642,47.60059]],[[8.46687,47.58425],[8.4676,47.58398],[8.46902,47.58402]],[[8.46832,47.59464],[8.46828,47.59466]],[[8.46832,47.59464],[8.46883,47.59583]],[[8.46911,47.59127],[8.46956,47.59194],[8.46918,47.59256],[8.46925,47.59347],[8.46832,47.59464]],[[8.46883,47.59583],[8.46957,47.59605],[8.46987,47.59633],[8.4703,47.5977],[8.47173,47.59923]],[[8.46883,47.59583],[8.46937,47.59692]],[[8.46911,47.59127],[8.4691,47.59128]],[[8.46919,47.591],[8.46911,47.59127]],[[8.46902,47.58402],[8.47035,47.58463],[8.47227,47.58445]],[[8.46902,47.58402],[8.46926,47.58785]],[[8.4744,47.5937],[8.47408,47.59402],[8.47305,47.59424],[8.47206,47.59477],[8.47135,47.59572],[8.47133,47.59609]],[[8.47227,47.58445],[8.47256,47.58753]],[[8.47227,47.58445],[8.47373,47.58441],[8.47545,47.58453],[8.47927,47.58528],[8.47904,47.58649],[8.47853,47.58687],[8.47825,47.58754],[8.47844,47.58808],[8.47999,47.58834],[8.48091,47.58924],[8.48298,47.59004],[8.48757,47.59144],[8.49309,47.59264]],[[8.47286,47.58796],[8.47377,47.58826]],[[8.47456,47.59258],[8.47448,47.59285]],[[8.47602,47.5939],[8.47669,47.59522],[8.47639,47.59671]],[[8.48708,47.59996],[8.48626,47.60144]],[[8.49108,47.59646],[8.49052,47.59678]],[[8.49108,47.59646],[8.49107,47.59649]],[[8.49108,47.59646],[8.49143,47.59667]],[[8.4913,47.59609],[8.49108,47.59646]],[[8.49309,47.59264],[8.49163,47.59488],[8.4918,47.59515]],[[8.49295,47.59762],[8.49295,47.59762]],[[8.49295,47.59762],[8.49295,47.59763]],[[8.49295,47.59762],[8.49325,47.59834],[8.49386,47.59886],[8.494,47.59964]],[[8.49309,47.59264],[8.49363,47.59277],[8.49387,47.59338],[8.49562,47.59378],[8.49736,47.59383],[8.50066,47.59483],[8.50342,47.5945]],[[8.50367,47.59457],[8.50372,47.59459]],[[8.50372,47.59459],[8.50624,47.59602]],[[8.50372,47.59459],[8.50336,47.59405],[8.50433,47.59347]],[[8.50624,47.59602],[8.5062,47.59607]],[[8.50624,47.59602],[8.50716,47.59678],[8.50776,47.59821]],[[8.50797,47.59842],[8.50989,47.60046],[8.51139,47.60117],[8.51189,47.60167]],[[8.5121,47.60198],[8.51255,47.60242]],[[8.51255,47.60242],[8.51253,47.60245]],[[8.51255,47.60242],[8.5143,47.60346],[8.51657,47.60447],[8.52509,47.60793]],[[8.52602,47.60817],[8.53087,47.60958]],[[8.53087,47.60958],[8.53092,47.6096]],[[8.53087,47.60958],[8.53089,47.60963]],[[8.53271,47.6099],[8.53385,47.60975],[8.53535,47.60999]],[[8.55841,47.62475],[8.55311,47.62491],[8.55266,47.62477],[8.55053,47.62534],[8.54959,47.62514],[8.54861,47.62526],[8.54839,47.62509],[8.54757,47.62545],[8.54602,47.62529]],[[8.54883,47.61408],[8.55741,47.61774]],[[8.55812,47.61805],[8.56067,47.61957],[8.56108,47.62028],[8.56117,47.62132]]]}},{"type":"Feature","properties":{"id":"thur-61-zh","c":"ZH","p":"pacht","q":"official","k":"river"},"geometry":{"type":"MultiLineString","coordinates":[[[8.736,47.58958],[8.73839,47.58815],[8.7395,47.5879],[8.74065,47.5879],[8.74169,47.58814],[8.74257,47.58859],[8.74453,47.59058]],[[8.73856,47.57693],[8.74233,47.57583]],[[8.73986,47.57928],[8.73928,47.57938]],[[8.74279,47.58876],[8.74358,47.5885],[8.74384,47.58865]],[[8.74384,47.58865],[8.7443,47.58853]],[[8.74384,47.58865],[8.74411,47.58876]],[[8.74453,47.59058],[8.7461,47.5917],[8.74817,47.5923]],[[8.74453,47.59058],[8.74397,47.59091],[8.74376,47.59225],[8.74503,47.59345],[8.74755,47.59467],[8.74733,47.59523]],[[8.74493,47.58937],[8.74668,47.58943],[8.75488,47.587],[8.75967,47.5867],[8.76323,47.58669]],[[8.74586,47.57437],[8.74625,47.57413],[8.74613,47.57383],[8.7464,47.57339],[8.74784,47.57236]],[[8.74636,47.58772],[8.74617,47.58688],[8.74659,47.58554],[8.74991,47.5836]],[[8.74817,47.5923],[8.74817,47.5923]],[[8.74817,47.5923],[8.75637,47.59289],[8.76195,47.59285],[8.76503,47.59259],[8.80605,47.58314]],[[8.74817,47.5923],[8.74923,47.59179],[8.75009,47.5917]],[[8.74878,47.58207],[8.74814,47.58182],[8.74867,47.5815],[8.74866,47.58115]],[[8.75009,47.5917],[8.75683,47.59214],[8.76181,47.59191],[8.76605,47.59143],[8.77199,47.59007]],[[8.75009,47.5917],[8.75006,47.59146],[8.75125,47.59097],[8.75192,47.59016],[8.75409,47.58894],[8.7554,47.58884],[8.75622,47.58909],[8.75969,47.58898]],[[8.74991,47.5836],[8.74994,47.58353]],[[8.74991,47.5836],[8.75314,47.58189],[8.75837,47.58055]],[[8.75837,47.58055],[8.75748,47.57884]],[[8.75837,47.58055],[8.76341,47.57954]],[[8.7617,47.58949],[8.76365,47.59061],[8.76582,47.59056],[8.76647,47.59036],[8.76742,47.58967],[8.7686,47.58802],[8.76865,47.58659],[8.77024,47.58593]],[[8.76323,47.58669],[8.76558,47.58658],[8.76698,47.58576],[8.76893,47.58504]],[[8.76323,47.58669],[8.76356,47.58531]],[[8.76341,47.57954],[8.76359,47.5794]],[[8.76341,47.57954],[8.76693,47.57887],[8.77428,47.57829]],[[8.76362,47.58506],[8.76392,47.58378]],[[8.76359,47.5794],[8.76245,47.57638],[8.76272,47.5751],[8.7658,47.57439],[8.76688,47.5743],[8.76744,47.57355],[8.76864,47.57299],[8.76888,47.57129],[8.76924,47.57108]],[[8.76359,47.5794],[8.76577,47.5776],[8.76649,47.57723],[8.77214,47.57626],[8.77369,47.57625]],[[8.76413,47.58367],[8.76707,47.58368],[8.76941,47.58335],[8.77097,47.58268],[8.77162,47.5819]],[[8.77199,47.59007],[8.77257,47.58975],[8.77284,47.58929],[8.77219,47.5875],[8.77259,47.58661],[8.77341,47.58657],[8.7784,47.58425],[8.77968,47.58383],[8.78189,47.58226]],[[8.77199,47.59007],[8.80559,47.58224]],[[8.78092,47.57919],[8.77697,47.57901],[8.77455,47.57832]],[[8.78142,47.57031],[8.78075,47.56897]],[[8.78189,47.58226],[8.78189,47.5822]],[[8.78189,47.58226],[8.783,47.582],[8.78573,47.58192],[8.78842,47.5806]],[[8.78842,47.5806],[8.78789,47.57725]],[[8.78842,47.5806],[8.79306,47.57881]],[[8.79176,47.56894],[8.79135,47.56852],[8.78976,47.56858],[8.78964,47.56822]],[[8.80024,47.56517],[8.80003,47.56478],[8.79972,47.56469],[8.79863,47.56448],[8.79786,47.56468],[8.79695,47.56339],[8.79579,47.56289],[8.79082,47.56361],[8.78962,47.56396]],[[8.79285,47.57532],[8.7903,47.57458],[8.78867,47.57289],[8.78888,47.57229],[8.78981,47.5719],[8.79004,47.57122]],[[8.79031,47.5706],[8.79191,47.56947]],[[8.79306,47.57881],[8.79327,47.57845],[8.79285,47.57532]],[[8.79285,47.57532],[8.79318,47.57489],[8.79819,47.57393],[8.80022,47.57271],[8.80112,47.5726],[8.80277,47.57276],[8.8038,47.57247]],[[8.79306,47.57881],[8.79699,47.57696],[8.80493,47.57485],[8.8054,47.57427],[8.80532,47.57243],[8.80569,47.57201],[8.80632,47.57179]],[[8.80599,47.5711],[8.80457,47.57019],[8.80342,47.57034],[8.80276,47.5702]],[[8.80632,47.57179],[8.80631,47.57176]],[[8.80632,47.57179],[8.81363,47.57019]],[[8.81498,47.56973],[8.81515,47.56952],[8.81579,47.56949],[8.81604,47.56913],[8.81604,47.56874],[8.8156,47.56844],[8.8154,47.56784],[8.81396,47.56747],[8.81271,47.56756],[8.81258,47.56721],[8.81178,47.56744],[8.81164,47.56721],[8.81227,47.56672],[8.81188,47.56604]],[[8.81363,47.57019],[8.81363,47.57019]],[[8.81363,47.57019],[8.81498,47.57013]],[[8.81498,47.57013],[8.82057,47.57017]],[[8.81498,47.57013],[8.81498,47.57009]],[[8.82057,47.57017],[8.82058,47.57018]],[[8.82057,47.57017],[8.82058,47.57016]]]}},{"type":"Feature","properties":{"id":"thur-62-zh","c":"ZH","p":"pacht","q":"official","k":"river"},"geometry":{"type":"MultiLineString","coordinates":[[[8.72181,47.59236],[8.72128,47.59191]],[[8.72148,47.59447],[8.72453,47.59555]],[[8.72365,47.60164],[8.72464,47.60065],[8.72497,47.6],[8.72493,47.5992],[8.72442,47.59847],[8.7231,47.59779],[8.71848,47.59693],[8.71779,47.59652],[8.71742,47.59597],[8.71758,47.59509],[8.71849,47.59445],[8.72001,47.59419],[8.72148,47.59447]],[[8.72148,47.59447],[8.72182,47.59421]],[[8.72409,47.58492],[8.7232,47.58558]],[[8.72453,47.59555],[8.72767,47.59646],[8.73042,47.59689],[8.73168,47.59682],[8.7328,47.59639],[8.73355,47.5957],[8.7338,47.59502],[8.73375,47.59367]],[[8.72453,47.59555],[8.7247,47.59521]],[[8.73078,47.5969],[8.73102,47.5972],[8.7315,47.5973]],[[8.73204,47.59728],[8.7323,47.59725]],[[8.73266,47.59724],[8.73364,47.59722],[8.73506,47.59644],[8.73529,47.59564]],[[8.73375,47.59367],[8.73321,47.59342],[8.7331,47.59299],[8.73346,47.59123]],[[8.73375,47.59367],[8.73375,47.59249],[8.73411,47.59149],[8.73478,47.5906],[8.736,47.58958]]]}},{"type":"Feature","properties":{"id":"thur-63-zh","c":"ZH","p":"pacht","q":"official","k":"river"},"geometry":{"type":"MultiLineString","coordinates":[[[8.6906,47.59722],[8.69302,47.5977],[8.69587,47.59768]],[[8.69225,47.59481],[8.69219,47.59481]],[[8.69281,47.59502],[8.6928,47.59501]],[[8.6956,47.59672],[8.69435,47.59581],[8.69281,47.59502]],[[8.69281,47.59502],[8.69324,47.59473],[8.69344,47.59426],[8.69388,47.59408],[8.69379,47.59368],[8.69409,47.59299],[8.6946,47.59252],[8.69858,47.59113],[8.69954,47.59048],[8.70167,47.58981]],[[8.69587,47.59768],[8.6956,47.59672]],[[8.6956,47.59672],[8.69645,47.59645]],[[8.69587,47.59768],[8.6979,47.59725],[8.70166,47.5955],[8.70288,47.59541],[8.70405,47.59571]],[[8.70351,47.5861],[8.70291,47.58602],[8.70177,47.5862],[8.70098,47.58599]],[[8.70167,47.58981],[8.70157,47.58932],[8.7031,47.58868],[8.70288,47.5882],[8.70354,47.58749],[8.70351,47.5861]],[[8.70167,47.58981],[8.70388,47.58913],[8.7069,47.58865],[8.70745,47.58816],[8.70957,47.58741],[8.71154,47.5861],[8.71185,47.58564],[8.71347,47.58466]],[[8.70351,47.5861],[8.70469,47.58478],[8.70456,47.58386],[8.70685,47.58242]],[[8.70406,47.59571],[8.70473,47.59616],[8.706,47.59759],[8.70701,47.59825],[8.70952,47.59938],[8.71295,47.6002],[8.71449,47.60093],[8.71566,47.60214],[8.71636,47.60415],[8.71751,47.60489],[8.71878,47.60502],[8.71996,47.60469],[8.72209,47.60314],[8.72365,47.60164]],[[8.71707,47.60471],[8.71544,47.60647],[8.71421,47.60719],[8.71425,47.60764],[8.71488,47.60856],[8.71464,47.60902],[8.71549,47.60925],[8.71572,47.60965]],[[8.7162,47.60972],[8.71725,47.61022]],[[8.71715,47.57862],[8.71649,47.57766],[8.71649,47.57712]],[[8.71802,47.61014],[8.71895,47.60995],[8.71983,47.61029],[8.72247,47.61046]],[[8.71925,47.60494],[8.72032,47.60506]],[[8.72026,47.58085],[8.7209,47.58057],[8.72093,47.57972]],[[8.72151,47.60576],[8.72203,47.60615]],[[8.72247,47.61046],[8.72339,47.61036]],[[8.72247,47.61046],[8.72249,47.61049]],[[8.73067,47.61446],[8.73094,47.6156],[8.73021,47.61675],[8.72909,47.61731],[8.7268,47.61735]],[[8.72737,47.61014],[8.73072,47.61014],[8.7326,47.6095],[8.734,47.60944],[8.73554,47.61029],[8.73743,47.61099]],[[8.7274,47.57299],[8.72752,47.57289]],[[8.7278,47.57268],[8.73035,47.57017]],[[8.73012,47.61246],[8.73051,47.61244],[8.73062,47.61282]],[[8.73072,47.61312],[8.73059,47.61425]],[[8.73035,47.57017],[8.73035,47.57015]],[[8.73035,47.57017],[8.73093,47.56975]],[[8.73447,47.57192],[8.73511,47.57267]],[[8.73743,47.61099],[8.73876,47.61128],[8.74002,47.61108]],[[8.73743,47.61099],[8.73744,47.61101]],[[8.73774,47.61267],[8.7387,47.61292]],[[8.73901,47.61298],[8.74029,47.61369],[8.7408,47.61361],[8.741,47.61375],[8.74145,47.61509],[8.7444,47.61591],[8.74577,47.61689],[8.74624,47.61826],[8.74562,47.61993],[8.74562,47.62098],[8.74615,47.62191],[8.74731,47.6228]],[[8.74731,47.6228],[8.74734,47.62282]],[[8.74731,47.6228],[8.74741,47.62278],[8.74745,47.62281]],[[8.74734,47.62282],[8.74731,47.62284]],[[8.74734,47.62282],[8.74739,47.62284]],[[8.74739,47.62284],[8.74748,47.6229]],[[8.74739,47.62284],[8.74745,47.62281]],[[8.74745,47.62281],[8.74752,47.62276]],[[8.74953,47.62147],[8.74976,47.6207],[8.75017,47.62036]]]}},{"type":"Feature","properties":{"id":"thur-64-zh","c":"ZH","p":"pacht","q":"official","k":"river"},"geometry":{"type":"MultiLineString","coordinates":[[[8.66402,47.60741],[8.66567,47.60753],[8.66733,47.60733],[8.66915,47.60675],[8.67079,47.60592],[8.67262,47.60442],[8.67607,47.60008],[8.67766,47.59884],[8.67955,47.5978]],[[8.67956,47.59779],[8.68143,47.59706],[8.68325,47.59659],[8.68542,47.59636],[8.68711,47.5964]],[[8.68711,47.5964],[8.69029,47.59713]],[[8.68711,47.5964],[8.6872,47.5953]],[[8.69056,47.59721],[8.6906,47.59722]]]}},{"type":"Feature","properties":{"id":"thur-65-zh","c":"ZH","p":"private","q":"official","k":"river"},"geometry":{"type":"MultiLineString","coordinates":[[[8.65196,47.59578],[8.65196,47.59578]],[[8.65196,47.59578],[8.65315,47.59715],[8.65699,47.59991],[8.65837,47.60119],[8.65979,47.60473],[8.66058,47.6058],[8.66209,47.60682],[8.66402,47.60741]]]}},{"type":"Feature","properties":{"id":"thur-66-zh","c":"ZH","p":"private","q":"official","k":"river"},"geometry":{"type":"MultiLineString","coordinates":[[[8.63819,47.59198],[8.64759,47.58867],[8.64966,47.58842],[8.65057,47.58877]],[[8.65063,47.58882],[8.65097,47.58954],[8.65116,47.59391],[8.65196,47.59578]],[[8.65196,47.59578],[8.65196,47.59578]],[[8.65196,47.59578],[8.65196,47.59578]]]}},{"type":"Feature","properties":{"id":"thur-67-zh","c":"ZH","p":"private","q":"official","k":"river"},"geometry":{"type":"MultiLineString","coordinates":[[[8.59051,47.59417],[8.59488,47.59412],[8.59826,47.59379],[8.60664,47.59397],[8.61186,47.59387]],[[8.61186,47.59387],[8.61694,47.59397],[8.62102,47.59383],[8.62475,47.59318],[8.62878,47.59282],[8.63484,47.59277],[8.63819,47.59198]]]}},{"type":"Feature","properties":{"id":"luetzelmurg-revier-71-zh","c":"ZH","p":"private","q":"official","k":"river"},"geometry":{"type":"MultiLineString","coordinates":[[[8.89425,47.5024],[8.89403,47.50213],[8.89283,47.50187],[8.89301,47.50068],[8.89351,47.50032],[8.8932,47.49983],[8.89374,47.49922],[8.89479,47.49907],[8.89572,47.49845],[8.89569,47.49796],[8.89627,47.49739],[8.89657,47.49646],[8.89601,47.49557],[8.89407,47.49474],[8.89345,47.49393],[8.89355,47.49342],[8.89406,47.49288],[8.89318,47.49239],[8.89325,47.49191]],[[8.89425,47.5024],[8.89421,47.50242]],[[8.89536,47.50266],[8.89465,47.50274],[8.89425,47.5024]]]}},{"type":"Feature","properties":{"id":"schwarzbach-rickenbach-revier-74-zh","c":"ZH","p":"pacht","q":"official","k":"river"},"geometry":{"type":"MultiLineString","coordinates":[[[8.75736,47.55201],[8.75742,47.55195]],[[8.75745,47.55206],[8.75738,47.55206]],[[8.7578,47.55186],[8.75784,47.55184]],[[8.75871,47.55145],[8.76149,47.5505],[8.76216,47.54993],[8.76206,47.54972]],[[8.76917,47.56167],[8.76568,47.56122],[8.76224,47.56287]],[[8.76837,47.54808],[8.7679,47.54828],[8.76327,47.54864],[8.76277,47.54766]],[[8.77055,47.54508],[8.7698,47.54517],[8.76863,47.54503],[8.76728,47.54539],[8.7663,47.54544]],[[8.76852,47.5551],[8.76845,47.55511]],[[8.76839,47.54808],[8.76947,47.54729],[8.7715,47.54701],[8.7718,47.54689],[8.7719,47.54654]],[[8.77104,47.54478],[8.77083,47.54492]],[[8.77603,47.54423],[8.77593,47.54438],[8.77432,47.5435],[8.77363,47.54418],[8.77119,47.54468]],[[8.77654,47.55685],[8.77487,47.55734],[8.77273,47.55723],[8.77231,47.55699]],[[8.77381,47.56287],[8.77286,47.56263]],[[8.77937,47.55598],[8.77928,47.55691],[8.77992,47.55987],[8.77627,47.5606]],[[8.77937,47.55598],[8.77698,47.55673]],[[8.7784,47.5448],[8.77816,47.54481]],[[8.7784,47.5448],[8.77817,47.54418]],[[8.77961,47.54487],[8.77919,47.54496],[8.7784,47.5448]],[[8.78696,47.55044],[8.78459,47.55181],[8.78217,47.55228],[8.78103,47.5542],[8.77988,47.55512],[8.77937,47.55598]],[[8.787,47.55639],[8.78495,47.55656],[8.78388,47.55703],[8.78284,47.55701]],[[8.787,47.55639],[8.78696,47.55719],[8.78641,47.55789],[8.78538,47.55791]],[[8.78554,47.53447],[8.7856,47.53438]],[[8.78814,47.5365],[8.78743,47.53582],[8.78624,47.53548],[8.78564,47.53468]],[[8.78803,47.55419],[8.78619,47.55539]],[[8.78682,47.55042],[8.78625,47.55061]],[[8.78682,47.55042],[8.78677,47.55039]],[[8.78696,47.55044],[8.78682,47.55042]],[[8.78803,47.55419],[8.78778,47.55557],[8.787,47.55639]],[[8.79074,47.55106],[8.78932,47.55041],[8.7888,47.55037],[8.78696,47.55044]],[[8.79074,47.55106],[8.79069,47.55229],[8.78885,47.55283],[8.78805,47.55268],[8.7877,47.5528],[8.78808,47.55334],[8.78803,47.55419]],[[8.78941,47.5527],[8.78892,47.55447],[8.78952,47.55457]],[[8.79176,47.55109],[8.79074,47.55106]],[[8.79525,47.55158],[8.79428,47.55123],[8.79176,47.55109]],[[8.79176,47.55109],[8.79193,47.54874],[8.79274,47.54853],[8.79394,47.54592],[8.7939,47.54506],[8.79305,47.54399],[8.79349,47.54285]],[[8.79349,47.54285],[8.79362,47.54094],[8.79343,47.54065],[8.79276,47.54034]],[[8.79349,47.54285],[8.79351,47.54284]],[[8.79718,47.55183],[8.79525,47.55158]],[[8.79621,47.53648],[8.79663,47.53623]],[[8.79654,47.53559],[8.79641,47.53543]],[[8.79734,47.54059],[8.79662,47.53987]],[[8.80725,47.55402],[8.80306,47.55296],[8.80171,47.55306],[8.80081,47.55282],[8.80022,47.55287],[8.79718,47.55183]],[[8.80272,47.53891],[8.8022,47.53843],[8.80223,47.53771],[8.80185,47.53693]],[[8.80219,47.53771],[8.80221,47.53767]],[[8.80272,47.53891],[8.80267,47.53888]],[[8.80388,47.5392],[8.80272,47.53891]],[[8.80418,47.54659],[8.8052,47.54567]],[[8.8051,47.54294],[8.80432,47.54084]],[[8.80527,47.53255],[8.80534,47.53245]],[[8.80725,47.55402],[8.80718,47.55398]],[[8.80882,47.55442],[8.80725,47.55402]],[[8.80986,47.55582],[8.80882,47.55442]],[[8.80882,47.55442],[8.80946,47.55263]],[[8.8188,47.55921],[8.81797,47.55901],[8.81689,47.55827],[8.81609,47.55831],[8.816,47.55812],[8.81635,47.55799],[8.81558,47.55781],[8.81508,47.55737],[8.81418,47.55727],[8.81412,47.55702],[8.81351,47.55702],[8.81321,47.55673],[8.81136,47.55654],[8.81117,47.5563],[8.80986,47.55582]],[[8.82383,47.5614],[8.82261,47.56159],[8.82102,47.56117],[8.82021,47.56058],[8.81973,47.56049],[8.81974,47.56009],[8.8194,47.56001],[8.81938,47.55968],[8.81887,47.55976],[8.8188,47.55921]],[[8.8188,47.55921],[8.819,47.5586]],[[8.819,47.5586],[8.81953,47.55855],[8.81958,47.55828],[8.82035,47.55811],[8.82094,47.55767],[8.82161,47.55582],[8.8205,47.55508],[8.82051,47.55393],[8.82081,47.55363],[8.82184,47.55331]],[[8.82039,47.57235],[8.82205,47.57151]],[[8.82198,47.57146],[8.82205,47.57151]],[[8.82205,47.57151],[8.82211,47.57157]],[[8.82205,47.57151],[8.8292,47.56847],[8.82965,47.56793],[8.82939,47.56723],[8.82627,47.5651],[8.82558,47.56426],[8.82581,47.56368],[8.82517,47.56336],[8.82494,47.56295]],[[8.82428,47.5616],[8.82383,47.5614]],[[8.82494,47.56295],[8.8242,47.56264],[8.82428,47.5616]],[[8.82428,47.5616],[8.82431,47.56157]],[[8.82413,47.55294],[8.82632,47.55306],[8.82838,47.55291]],[[8.83942,47.5372],[8.8394,47.53717]],[[8.84618,47.52746],[8.84302,47.52635]],[[8.84701,47.52782],[8.84699,47.52781]],[[8.84701,47.52782],[8.84699,47.52782]],[[8.8553,47.52859],[8.85442,47.52822],[8.85318,47.52815],[8.85256,47.52832],[8.8517,47.52805],[8.85086,47.52812],[8.84866,47.52774],[8.84701,47.52782]],[[8.85664,47.52984],[8.85643,47.52923],[8.85564,47.52863],[8.8553,47.52859]],[[8.8553,47.52859],[8.85629,47.52777]],[[8.85755,47.5307],[8.85751,47.53066]]]}},{"type":"Feature","properties":{"id":"muelibach-andelfingen-revier-83-zh","c":"ZH","p":"private","q":"official","k":"river"},"geometry":{"type":"MultiLineString","coordinates":[[[8.67696,47.59534],[8.67695,47.59526]],[[8.67904,47.59655],[8.6786,47.5962],[8.67704,47.59576],[8.67696,47.59534]],[[8.67955,47.5978],[8.67966,47.59741],[8.67924,47.59694]],[[8.67955,47.5978],[8.67955,47.5978]],[[8.67955,47.5978],[8.67956,47.59779]],[[8.67964,47.594],[8.67982,47.59376],[8.6796,47.5934],[8.67968,47.59281],[8.68026,47.59229],[8.6817,47.59177],[8.68324,47.59161],[8.68432,47.59109],[8.68448,47.5902],[8.68509,47.58921],[8.6844,47.58735],[8.68507,47.58567]],[[8.69151,47.57555],[8.69329,47.57476],[8.69449,47.57302]],[[8.69847,47.56888],[8.69902,47.56907],[8.70013,47.56909],[8.70173,47.56891],[8.70262,47.56859],[8.70333,47.56864],[8.70466,47.56833],[8.70514,47.56809],[8.70525,47.56766],[8.70642,47.56727]],[[8.70642,47.56727],[8.70782,47.56726]],[[8.70642,47.56727],[8.70605,47.56626],[8.70677,47.56508]],[[8.70677,47.56508],[8.70678,47.56485]],[[8.70677,47.56508],[8.70724,47.56491]]]}},{"type":"Feature","properties":{"id":"schueepbach-revier-84-zh","c":"ZH","p":"pacht","q":"official","k":"river"},"geometry":{"type":"MultiLineString","coordinates":[[[8.65057,47.58877],[8.65061,47.5888]],[[8.65061,47.5888],[8.65063,47.58882]],[[8.65061,47.5888],[8.65225,47.58867],[8.65322,47.58881],[8.65394,47.58912],[8.65433,47.58959],[8.65457,47.59095],[8.65442,47.59227],[8.65712,47.59178],[8.65874,47.59219],[8.65926,47.593],[8.66116,47.5925],[8.66179,47.59049],[8.66442,47.58906],[8.66604,47.58857],[8.66633,47.58808],[8.66724,47.58762],[8.66813,47.58739],[8.6686,47.58677],[8.67165,47.58534],[8.67264,47.58433],[8.67267,47.58414],[8.67189,47.58382],[8.67107,47.57991],[8.67164,47.5796],[8.67229,47.5788]],[[8.66562,47.57108],[8.66553,47.57082]],[[8.66611,47.5738],[8.66586,47.57371]],[[8.66784,47.57527],[8.66696,47.57479],[8.66652,47.57412]],[[8.67087,47.57783],[8.67082,47.57779]],[[8.67229,47.5788],[8.67226,47.57877]],[[8.67229,47.5788],[8.67312,47.57825],[8.67482,47.57788],[8.67626,47.57724],[8.67671,47.57667],[8.67777,47.57594],[8.68092,47.57523],[8.68213,47.57274],[8.68322,47.56861]],[[8.67503,47.55932],[8.6743,47.55885]],[[8.67592,47.55998],[8.67528,47.55954]],[[8.67905,47.56047],[8.67864,47.56048],[8.67807,47.56111]],[[8.68041,47.56168],[8.68025,47.56129],[8.68014,47.56041],[8.67994,47.56035],[8.67929,47.5605],[8.67905,47.56047]],[[8.6792,47.56047],[8.67905,47.56047]],[[8.68019,47.56057],[8.68019,47.56052]],[[8.68021,47.56083],[8.68021,47.56083]]]}},{"type":"Feature","properties":{"id":"mederbach-revier-87-zh","c":"ZH","p":"pacht","q":"official","k":"river"},"geometry":{"type":"MultiLineString","coordinates":[[[8.61186,47.59387],[8.61186,47.59387]],[[8.61186,47.59387],[8.61186,47.59387]],[[8.61186,47.59387],[8.61454,47.59655],[8.61856,47.59794],[8.61863,47.59872],[8.61922,47.59978],[8.61983,47.60212],[8.62135,47.60361],[8.62314,47.60447],[8.6261,47.60509],[8.62715,47.60596],[8.62771,47.60684],[8.62787,47.60766],[8.6275,47.60943],[8.62786,47.61074],[8.62752,47.61167],[8.62763,47.61364],[8.62803,47.61452]],[[8.62802,47.61476],[8.629,47.61571],[8.63083,47.61612],[8.63254,47.6159],[8.63444,47.61711],[8.63653,47.61753],[8.63806,47.61807],[8.63831,47.61852],[8.63819,47.62012],[8.63873,47.6205],[8.64118,47.62063],[8.64301,47.62108],[8.64379,47.62263],[8.64502,47.62379],[8.64553,47.6248]],[[8.64796,47.64184],[8.6457,47.64444]],[[8.64553,47.6248],[8.64602,47.62492],[8.64735,47.62456],[8.648,47.62471],[8.64882,47.62435],[8.65055,47.6243],[8.65266,47.62375],[8.65349,47.62382],[8.65476,47.62358],[8.65652,47.6225],[8.65887,47.62149],[8.65969,47.62151],[8.66016,47.62176],[8.66041,47.62324],[8.66093,47.62359]],[[8.64553,47.6248],[8.64567,47.62501],[8.64528,47.62517],[8.64609,47.62598],[8.64741,47.62627],[8.64897,47.62714],[8.64969,47.6273],[8.65009,47.62717]],[[8.64796,47.64184],[8.64964,47.64326]],[[8.64802,47.63595],[8.64559,47.63861],[8.64796,47.64184]],[[8.64862,47.63308],[8.64862,47.63339],[8.64928,47.63391],[8.64932,47.6347],[8.64802,47.63595]],[[8.65009,47.62717],[8.6509,47.62725],[8.65258,47.62804],[8.65221,47.62935],[8.65253,47.63014],[8.65193,47.63093],[8.65067,47.63144],[8.6495,47.6315],[8.64865,47.63286]],[[8.64964,47.64326],[8.64999,47.64345],[8.65239,47.64331],[8.65289,47.64343]],[[8.64964,47.64326],[8.64966,47.64334]],[[8.65175,47.649],[8.65236,47.6507]],[[8.65319,47.64352],[8.65355,47.64329],[8.65543,47.64332],[8.65831,47.64581]],[[8.65703,47.65448],[8.65711,47.65451]],[[8.65711,47.65451],[8.65711,47.65451]],[[8.65711,47.65451],[8.65739,47.65458]],[[8.66013,47.65683],[8.65944,47.6571]],[[8.65997,47.6563],[8.66013,47.65683]],[[8.66013,47.65683],[8.66031,47.65682]],[[8.66045,47.6568],[8.66146,47.65702],[8.66296,47.65668]],[[8.66117,47.6237],[8.66197,47.6239],[8.66271,47.62378],[8.66356,47.6227],[8.66432,47.62244],[8.66856,47.62243],[8.67273,47.62361],[8.67588,47.62359]],[[8.66239,47.64969],[8.6632,47.65008],[8.66461,47.64999]],[[8.66404,47.64663],[8.66415,47.64661]],[[8.66435,47.6564],[8.66527,47.65652]],[[8.66461,47.64999],[8.66589,47.6498],[8.66711,47.64928],[8.66859,47.64979],[8.6699,47.64995]],[[8.66461,47.64999],[8.66497,47.65021]],[[8.66473,47.6469],[8.66632,47.64668]],[[8.66513,47.65035],[8.66527,47.65049]],[[8.66916,47.64702],[8.66941,47.64714]],[[8.66947,47.64713],[8.66967,47.64689],[8.67065,47.64696],[8.67087,47.64712]],[[8.67091,47.64697],[8.67108,47.64669]],[[8.67275,47.64534],[8.67312,47.64517]],[[8.67329,47.64502],[8.6738,47.64478]],[[8.67675,47.64156],[8.67735,47.64191]],[[8.67686,47.62419],[8.67733,47.6246],[8.67875,47.62509]],[[8.6845,47.63259],[8.67876,47.63401]],[[8.67898,47.6252],[8.68563,47.62753]],[[8.68581,47.64109],[8.68493,47.64141],[8.68447,47.64138]],[[8.6845,47.63259],[8.68496,47.63329],[8.68842,47.63414],[8.68844,47.63443],[8.68725,47.63595],[8.68797,47.63681]],[[8.68563,47.62753],[8.68597,47.62914],[8.68587,47.63039],[8.68553,47.63109],[8.6844,47.63187],[8.6845,47.63259]],[[8.68574,47.64119],[8.68491,47.64172]],[[8.68505,47.63996],[8.68603,47.64098]],[[8.68581,47.64109],[8.68579,47.64111]],[[8.68589,47.64111],[8.68581,47.64109]],[[8.68595,47.64122],[8.68621,47.64189]],[[8.68603,47.64098],[8.68595,47.64107]],[[8.68563,47.62753],[8.68623,47.62756],[8.68848,47.62699],[8.68968,47.62747],[8.69225,47.62801],[8.69444,47.62817],[8.69582,47.62796]],[[8.68603,47.64098],[8.6863,47.64129]],[[8.68639,47.6414],[8.68697,47.64183],[8.68773,47.64199],[8.68833,47.64196],[8.6895,47.64227],[8.69043,47.64211]],[[8.68692,47.63825],[8.68665,47.63841]],[[8.68797,47.63681],[8.68891,47.63715]],[[8.68797,47.63681],[8.68797,47.63683]],[[8.69582,47.62796],[8.69584,47.628]],[[8.69582,47.62796],[8.69686,47.62768],[8.69759,47.62715]],[[8.69588,47.62807],[8.69622,47.62828],[8.69735,47.62832]]]}},{"type":"Feature","properties":{"id":"toess-101-zh","c":"ZH","p":"pacht","q":"official","k":"river"},"geometry":{"type":"MultiLineString","coordinates":[[[8.85057,47.36665],[8.85046,47.36589],[8.84848,47.3648],[8.84847,47.36444]],[[8.85057,47.36665],[8.85007,47.36652]],[[8.85128,47.36692],[8.85057,47.36665]],[[8.85238,47.36798],[8.85128,47.36692]],[[8.85128,47.36692],[8.85139,47.36654],[8.85223,47.36647]],[[8.85418,47.38015],[8.85304,47.38042],[8.8515,47.38018],[8.85134,47.37963],[8.85196,47.37862],[8.85184,47.37834]],[[8.85644,47.36952],[8.85449,47.36916],[8.85268,47.36816]],[[8.85477,47.38032],[8.85437,47.38022]],[[8.85552,47.37848],[8.8547,47.37763],[8.85509,47.37708],[8.85495,47.37667],[8.85518,47.37625],[8.8547,47.37547]],[[8.85879,47.38122],[8.85746,47.38058],[8.85635,47.38028]],[[8.85644,47.36952],[8.85617,47.36893],[8.85628,47.36839]],[[8.86019,47.37006],[8.8585,47.37007],[8.85644,47.36952]],[[8.85823,47.3887],[8.85733,47.38522],[8.85751,47.38411],[8.85809,47.38316]],[[8.85809,47.38316],[8.85951,47.38155]],[[8.85809,47.38316],[8.85967,47.38301]],[[8.85951,47.38155],[8.85936,47.38146]],[[8.85951,47.38155],[8.86049,47.38047],[8.8615,47.37988]],[[8.86002,47.38344],[8.86164,47.3831]],[[8.8615,47.37988],[8.86139,47.37974]],[[8.8615,47.37988],[8.86234,47.37966],[8.86406,47.37958],[8.86504,47.37911]],[[8.86171,47.37775],[8.86129,47.37712],[8.86142,47.37645]],[[8.86164,47.3831],[8.86289,47.38366],[8.86378,47.38355]],[[8.86164,47.3831],[8.86307,47.38259]],[[8.86313,47.37056],[8.86247,47.37034]],[[8.86307,47.38259],[8.86362,47.3819]],[[8.86307,47.38259],[8.8632,47.38258],[8.86372,47.38259],[8.86414,47.38276]],[[8.86355,47.37055],[8.86338,47.37019],[8.86353,47.36933],[8.86325,47.36905]],[[8.86504,47.37911],[8.86542,47.37922]],[[8.86504,47.37911],[8.86576,47.37822],[8.86592,47.37737]],[[8.86533,47.37114],[8.86514,47.37103]],[[8.86542,47.37922],[8.8663,47.37887],[8.8679,47.37906]],[[8.86542,47.37922],[8.86547,47.37983],[8.86641,47.38048]],[[8.86592,47.37737],[8.86561,47.37494],[8.86468,47.37284],[8.86476,47.37192],[8.86533,47.37114]],[[8.86533,47.37114],[8.8656,47.37092]],[[8.86615,47.36594],[8.8657,47.36554],[8.86518,47.3654]],[[8.8656,47.37092],[8.86827,47.37238],[8.86922,47.37259],[8.8709,47.37428],[8.87247,47.37515]],[[8.8656,47.37092],[8.86647,47.37048]],[[8.86592,47.37737],[8.86609,47.37738],[8.86644,47.37733],[8.86691,47.37713],[8.86832,47.37721]],[[8.86647,47.37048],[8.86655,47.37036]],[[8.86647,47.37048],[8.86847,47.37025],[8.87102,47.37121],[8.87186,47.37132],[8.87325,47.37112],[8.87436,47.37065]],[[8.86685,47.36952],[8.86728,47.36903]],[[8.86749,47.36816],[8.86745,47.36813]],[[8.86757,47.36833],[8.86757,47.36832]],[[8.8679,47.37906],[8.8691,47.37943]],[[8.8679,47.37906],[8.86879,47.37876]],[[8.86879,47.37876],[8.8692,47.37812]],[[8.86879,47.37876],[8.87081,47.37864]],[[8.8691,47.37943],[8.87,47.37968]],[[8.8691,47.37943],[8.86979,47.3799]],[[8.87247,47.37515],[8.87453,47.37557],[8.87512,47.37623]],[[8.87247,47.37515],[8.87244,47.37557],[8.87293,47.37661]],[[8.87512,47.37623],[8.87446,47.37682],[8.87453,47.37706],[8.87396,47.378]],[[8.87436,47.37065],[8.87447,47.37077]],[[8.87436,47.37065],[8.87608,47.36993]],[[8.87464,47.37105],[8.87511,47.37186]],[[8.87637,47.37752],[8.8757,47.37792],[8.87516,47.37864]],[[8.87512,47.37623],[8.87602,47.3768]],[[8.87602,47.3768],[8.8764,47.37738]],[[8.87602,47.3768],[8.87834,47.3763],[8.87921,47.37651]],[[8.87608,47.36993],[8.87608,47.36992]],[[8.87608,47.36993],[8.87825,47.36961]],[[8.87637,47.37752],[8.87648,47.37848]],[[8.8764,47.37738],[8.87637,47.37752]],[[8.8764,47.37738],[8.8766,47.37762],[8.87766,47.37803],[8.87818,47.3781],[8.87887,47.37791]],[[8.87825,47.36961],[8.87891,47.3707],[8.8807,47.37252]],[[8.87825,47.36961],[8.88002,47.36944],[8.8812,47.36897]],[[8.88183,47.37396],[8.88037,47.37486]],[[8.8807,47.37252],[8.8824,47.37193]],[[8.8807,47.37252],[8.88071,47.37252],[8.88087,47.3726],[8.88099,47.37268],[8.88102,47.37294]],[[8.88102,47.37294],[8.88183,47.37396]],[[8.88102,47.37294],[8.88321,47.37283]],[[8.8812,47.36897],[8.88122,47.36895]],[[8.88122,47.36895],[8.88122,47.36893]],[[8.88122,47.36895],[8.88228,47.36841],[8.88521,47.36765]],[[8.88183,47.37396],[8.88246,47.37472],[8.8832,47.37509]],[[8.88393,47.37551],[8.88317,47.37613],[8.88301,47.3768]],[[8.8832,47.37509],[8.88393,47.37551]],[[8.8832,47.37509],[8.88511,47.37382]],[[8.88393,47.37551],[8.88439,47.37567]],[[8.88439,47.37567],[8.88498,47.37539]],[[8.88439,47.37567],[8.88502,47.37584],[8.88651,47.37671]],[[8.88651,47.37671],[8.8858,47.37747],[8.88487,47.37792]],[[8.88498,47.37539],[8.88564,47.37479],[8.88675,47.37435]],[[8.88498,47.37539],[8.88771,47.37487]],[[8.88521,47.36765],[8.88517,47.36721],[8.88616,47.3659]],[[8.88521,47.36765],[8.88635,47.36735]],[[8.88716,47.37731],[8.88684,47.37736],[8.88651,47.378]],[[8.88651,47.37671],[8.88663,47.37675]],[[8.88645,47.3693],[8.88642,47.3702]],[[8.88635,47.36735],[8.88708,47.36835]],[[8.88635,47.36735],[8.88783,47.36695]],[[8.88663,47.37675],[8.88691,47.37698]],[[8.88663,47.37675],[8.88778,47.37629],[8.88899,47.37549],[8.88968,47.37539],[8.89083,47.37557]],[[8.88646,47.36533],[8.88665,47.36491],[8.8873,47.36465],[8.88695,47.36403],[8.88737,47.36328]],[[8.88776,47.37812],[8.88691,47.37873]],[[8.88691,47.37698],[8.88716,47.37731]],[[8.88691,47.37698],[8.88774,47.37667],[8.89014,47.37652]],[[8.88708,47.36835],[8.8867,47.36857]],[[8.88716,47.37731],[8.88776,47.37812]],[[8.88708,47.36835],[8.88751,47.3687]],[[8.88737,47.36328],[8.88718,47.36266]],[[8.88718,47.36266],[8.88673,47.36152],[8.88791,47.35959]],[[8.88718,47.36266],[8.88792,47.36243],[8.88827,47.36212],[8.88844,47.36134],[8.88945,47.36036]],[[8.88818,47.3798],[8.88767,47.38006]],[[8.88776,47.37812],[8.88778,47.37832],[8.88856,47.37883]],[[8.88737,47.36328],[8.88868,47.36252],[8.88883,47.36162],[8.88987,47.3607]],[[8.88783,47.36695],[8.88798,47.36709]],[[8.88783,47.36695],[8.88899,47.36663]],[[8.88818,47.3798],[8.88825,47.38025]],[[8.88856,47.37883],[8.88818,47.3798]],[[8.88807,47.36738],[8.88887,47.36751],[8.88888,47.36834]],[[8.88856,47.37883],[8.88883,47.37887]],[[8.88883,47.37887],[8.8906,47.37966],[8.89251,47.37992],[8.89285,47.38039]],[[8.88883,47.37887],[8.88969,47.37859],[8.89049,47.37792],[8.89256,47.37724]],[[8.88899,47.36663],[8.88977,47.3676],[8.8899,47.36873]],[[8.88899,47.36663],[8.89159,47.3659]],[[8.88992,47.36459],[8.88958,47.36447],[8.89018,47.36277]],[[8.89159,47.3659],[8.89211,47.36704]],[[8.89159,47.3659],[8.89458,47.36523],[8.89629,47.36557],[8.89801,47.36665],[8.89862,47.36673],[8.89988,47.36655]],[[8.89245,47.36813],[8.89222,47.36844],[8.89232,47.36938],[8.89186,47.36985],[8.8919,47.37033]],[[8.89211,47.36704],[8.89213,47.36706]],[[8.89211,47.36704],[8.89245,47.36813]],[[8.89256,47.37724],[8.89336,47.37754]],[[8.89256,47.37724],[8.89337,47.37603]],[[8.89245,47.36813],[8.89334,47.36905],[8.89359,47.37088],[8.89291,47.37239]],[[8.89295,47.36745],[8.89434,47.36877]],[[8.90026,47.36427],[8.89984,47.36376],[8.89993,47.36316],[8.89966,47.36281]],[[8.89988,47.36655],[8.89988,47.36655]],[[8.89988,47.36655],[8.90157,47.36615],[8.9032,47.36444],[8.90404,47.36396]],[[8.9003,47.36438],[8.90026,47.36427]],[[8.90026,47.36427],[8.9008,47.36384],[8.90105,47.36323],[8.90092,47.36294]],[[8.90376,47.36354],[8.9036,47.36332],[8.90305,47.36319],[8.90284,47.36233]],[[8.90404,47.36396],[8.90396,47.36383]],[[8.90404,47.36396],[8.90503,47.36369],[8.90654,47.36366]],[[8.90653,47.36282],[8.90585,47.36277],[8.90443,47.36189]],[[8.90642,47.36217],[8.90491,47.36159],[8.90444,47.3609]],[[8.90642,47.36217],[8.90632,47.36065],[8.90596,47.36],[8.90543,47.35975]],[[8.90653,47.36282],[8.90642,47.36217]],[[8.90654,47.36366],[8.90949,47.36412]],[[8.90654,47.36366],[8.90665,47.36342]],[[8.90653,47.36322],[8.90653,47.36282]],[[8.90664,47.36334],[8.90756,47.36259],[8.90761,47.36099],[8.90727,47.36029],[8.90807,47.35941]],[[8.90807,47.35941],[8.90662,47.35812],[8.90679,47.3569]],[[8.90807,47.35941],[8.90865,47.35914]],[[8.90904,47.36699],[8.90921,47.36788]],[[8.91122,47.35735],[8.91028,47.35705],[8.90908,47.35633]],[[8.90949,47.36412],[8.90945,47.36427]],[[8.90949,47.36412],[8.91174,47.36416],[8.91276,47.36386]],[[8.91176,47.35568],[8.9099,47.35479]],[[8.91228,47.35379],[8.91042,47.35359]],[[8.91274,47.35237],[8.91184,47.35169],[8.91081,47.35143]],[[8.91235,47.35877],[8.91151,47.35795],[8.91122,47.35735]],[[8.91122,47.35735],[8.91176,47.35568]],[[8.91176,47.35568],[8.91208,47.35539]],[[8.91208,47.35539],[8.91228,47.35516],[8.91227,47.35411]],[[8.91208,47.35539],[8.91471,47.35503]],[[8.91508,47.36008],[8.91428,47.36003],[8.91235,47.35877]],[[8.91235,47.35877],[8.91261,47.3586]],[[8.91227,47.35411],[8.91228,47.35379]],[[8.91227,47.35411],[8.914,47.35376],[8.91514,47.35329]],[[8.91228,47.35379],[8.91218,47.35302],[8.91274,47.35237]],[[8.91261,47.3586],[8.91278,47.35829]],[[8.91261,47.3586],[8.91313,47.3582]],[[8.91276,47.36386],[8.91367,47.36439],[8.91366,47.36482],[8.91442,47.36642]],[[8.91276,47.36386],[8.91327,47.36327]],[[8.91274,47.35237],[8.91446,47.35127],[8.91491,47.35065]],[[8.91327,47.36327],[8.91643,47.36304],[8.91794,47.36407]],[[8.91327,47.36327],[8.91337,47.36227],[8.91369,47.36177]],[[8.91387,47.36161],[8.91463,47.3609],[8.91508,47.36008]],[[8.91442,47.36642],[8.91413,47.36718]],[[8.91442,47.36642],[8.91633,47.36669]],[[8.9158,47.35918],[8.91515,47.35897],[8.91463,47.35815]],[[8.91508,47.36008],[8.9158,47.35918]],[[8.91491,47.35065],[8.91681,47.35069]],[[8.91491,47.35065],[8.91497,47.35035],[8.91621,47.34896]],[[8.9158,47.35918],[8.91706,47.35858],[8.91777,47.35851]],[[8.91777,47.35851],[8.91794,47.35792],[8.91742,47.35689]],[[8.91777,47.35851],[8.91898,47.35885],[8.91995,47.35885]],[[8.91818,47.35143],[8.91825,47.35058]],[[8.92072,47.34872],[8.91856,47.34844]],[[8.92155,47.34994],[8.92057,47.34987],[8.91913,47.34947]],[[8.91995,47.35885],[8.92063,47.35969]],[[8.91995,47.35885],[8.92148,47.35867],[8.92353,47.35776]],[[8.92075,47.34854],[8.92045,47.34773]],[[8.9211,47.34893],[8.92072,47.34872]],[[8.92072,47.34872],[8.92075,47.34854]],[[8.92075,47.34854],[8.92093,47.34774]],[[8.92402,47.36737],[8.92327,47.36724],[8.9214,47.36744]],[[8.9212,47.36024],[8.92212,47.36071],[8.92359,47.36273]],[[8.92372,47.369],[8.92148,47.36986]],[[8.92155,47.34994],[8.9211,47.34893]],[[8.9211,47.34893],[8.9217,47.34803]],[[8.92372,47.369],[8.92281,47.36952],[8.92202,47.37039]],[[8.92174,47.35029],[8.92155,47.34994]],[[8.92174,47.35029],[8.92175,47.35029],[8.92181,47.35027],[8.92193,47.35021],[8.922,47.35022],[8.92254,47.34993],[8.92272,47.3499]],[[8.92303,47.35228],[8.92207,47.35134],[8.92174,47.35029]],[[8.92471,47.37044],[8.92289,47.37096]],[[8.92353,47.35776],[8.92296,47.35689],[8.92271,47.3559]],[[8.92471,47.37044],[8.92347,47.3718]],[[8.9237,47.35288],[8.92303,47.35228]],[[8.92303,47.35228],[8.924,47.35115]],[[8.92457,47.36834],[8.92372,47.369]],[[8.92359,47.36273],[8.92403,47.36394]],[[8.92359,47.36273],[8.92625,47.36193],[8.92673,47.362]],[[8.92353,47.35776],[8.92416,47.35772],[8.92657,47.35793]],[[8.92402,47.36737],[8.92457,47.36834]],[[8.92403,47.36394],[8.9243,47.3668],[8.92402,47.36737]],[[8.924,47.35302],[8.9237,47.35288]],[[8.9237,47.35288],[8.92454,47.35169]],[[8.92403,47.36394],[8.9257,47.36448],[8.9278,47.36455]],[[8.92463,47.35362],[8.924,47.35302]],[[8.924,47.35302],[8.92494,47.35227]],[[8.92457,47.36834],[8.92557,47.36957]],[[8.9257,47.37026],[8.92471,47.37044]],[[8.92546,47.35434],[8.92463,47.35362]],[[8.92463,47.35362],[8.92496,47.3534]],[[8.92626,47.37114],[8.92584,47.37144],[8.92542,47.37231]],[[8.92496,47.3534],[8.92552,47.35238]],[[8.92496,47.3534],[8.92584,47.35277]],[[8.92557,47.36957],[8.92626,47.36964],[8.92712,47.36927],[8.92878,47.36893],[8.93072,47.36932],[8.93237,47.36935]],[[8.92557,47.36957],[8.9257,47.37026]],[[8.9257,47.37026],[8.92626,47.37114]],[[8.92678,47.34715],[8.92522,47.3476]],[[8.92605,47.35478],[8.92546,47.35434]],[[8.92546,47.35434],[8.92614,47.35382],[8.92645,47.35319]],[[8.92678,47.34715],[8.9266,47.34752],[8.92536,47.34829]],[[8.92626,47.37114],[8.92694,47.37159]],[[8.92809,47.35772],[8.9277,47.35647],[8.92702,47.35606],[8.92605,47.35478]],[[8.92605,47.35478],[8.92654,47.3546],[8.92749,47.35353]],[[8.92635,47.35925],[8.92675,47.35972],[8.92887,47.36077]],[[8.92657,47.35793],[8.92655,47.35855]],[[8.92694,47.37159],[8.92828,47.37377]],[[8.92694,47.37159],[8.92754,47.37148],[8.92909,47.37171]],[[8.92657,47.35793],[8.92809,47.35772]],[[8.93077,47.34702],[8.92925,47.3465],[8.92678,47.34715]],[[8.9278,47.36455],[8.92809,47.36462]],[[8.9278,47.36455],[8.92798,47.36401]],[[8.92828,47.37377],[8.92818,47.3747]],[[8.92828,47.37377],[8.92878,47.37406]],[[8.92809,47.36462],[8.92906,47.36472]],[[8.92809,47.36462],[8.92896,47.36362]],[[8.92809,47.35772],[8.92897,47.35739]],[[8.92989,47.34802],[8.9282,47.34846]],[[8.92909,47.37171],[8.92997,47.37213],[8.93098,47.37221]],[[8.92909,47.37171],[8.93047,47.37078]],[[8.92944,47.36504],[8.92908,47.36524]],[[8.92906,47.36472],[8.92935,47.36472]],[[8.92906,47.36472],[8.92961,47.36424],[8.93002,47.36347]],[[8.92897,47.35739],[8.92908,47.35748]],[[8.92897,47.35739],[8.92942,47.35692],[8.9297,47.35524],[8.93074,47.35428]],[[8.92935,47.36472],[8.9316,47.36485]],[[8.92935,47.36472],[8.92944,47.36504]],[[8.92944,47.36504],[8.92953,47.3655]],[[8.93167,47.35346],[8.93012,47.35233],[8.92923,47.35235]],[[8.92989,47.34802],[8.92925,47.34847]],[[8.9296,47.35782],[8.93063,47.35836],[8.9323,47.35991]],[[8.9319,47.34926],[8.93145,47.35051],[8.92947,47.35039]],[[8.93075,47.34776],[8.92989,47.34802]],[[8.93167,47.34876],[8.93021,47.34947]],[[8.93098,47.37221],[8.93229,47.37177],[8.9337,47.37158]],[[8.93098,47.37221],[8.93303,47.37345]],[[8.93074,47.35428],[8.93139,47.35458]],[[8.93074,47.35428],[8.93167,47.35346]],[[8.93167,47.34876],[8.93075,47.34776]],[[8.93075,47.34776],[8.93077,47.34702]],[[8.93077,47.34702],[8.93175,47.34622]],[[8.9316,47.36485],[8.93206,47.36512]],[[8.9316,47.36485],[8.93282,47.36428]],[[8.93234,47.35995],[8.93176,47.36086]],[[8.93167,47.35346],[8.93292,47.35215]],[[8.93172,47.35473],[8.93517,47.35633]],[[8.93206,47.36512],[8.93353,47.36498],[8.93544,47.36519]],[[8.93206,47.36512],[8.93316,47.36641]],[[8.93221,47.34907],[8.93167,47.34876]],[[8.93177,47.34621],[8.93182,47.34616]],[[8.93182,47.34616],[8.93181,47.34614]],[[8.93182,47.34616],[8.93271,47.34559]],[[8.9323,47.35991],[8.93352,47.35947]],[[8.9323,47.35991],[8.93234,47.35995]],[[8.93234,47.35995],[8.93296,47.36046],[8.93416,47.36091]],[[8.93221,47.34907],[8.9321,47.34914]],[[8.93582,47.35039],[8.9346,47.35038],[8.93221,47.34907]],[[8.93282,47.36428],[8.93281,47.36398]],[[8.93282,47.36428],[8.93403,47.36401]],[[8.93316,47.36641],[8.9337,47.3674],[8.93572,47.3683]],[[8.93316,47.36641],[8.93393,47.36633],[8.93519,47.36661]],[[8.93271,47.34559],[8.9328,47.34565]],[[8.93271,47.34559],[8.93461,47.34469],[8.93558,47.34368]],[[8.93292,47.35215],[8.93307,47.35216]],[[8.93292,47.35215],[8.93344,47.35172],[8.93469,47.35124]],[[8.9337,47.37158],[8.9362,47.37264]],[[8.9337,47.37158],[8.9349,47.37117]],[[8.93318,47.3459],[8.93342,47.34595]],[[8.9336,47.3522],[8.93477,47.35279],[8.93695,47.3531],[8.93837,47.35386]],[[8.93416,47.36091],[8.93403,47.36197]],[[8.93416,47.36091],[8.9351,47.36107]],[[8.93416,47.36091],[8.93532,47.36037]],[[8.93389,47.34611],[8.93404,47.34634],[8.93468,47.34651],[8.93602,47.34647]],[[8.9349,47.37117],[8.93689,47.37152],[8.93917,47.37141]],[[8.9349,47.37117],[8.93548,47.3707]],[[8.93456,47.34854],[8.93465,47.34813],[8.93547,47.34785]],[[8.93548,47.3707],[8.93528,47.36986]],[[8.9351,47.36107],[8.93601,47.36169]],[[8.9351,47.36107],[8.93628,47.36078],[8.9371,47.36091]],[[8.93548,47.3707],[8.93549,47.3707]],[[8.93549,47.3707],[8.93586,47.36961]],[[8.93549,47.3707],[8.93676,47.37022]],[[8.93517,47.35633],[8.93583,47.3568]],[[8.93517,47.35633],[8.93656,47.35537]],[[8.93504,47.35122],[8.9353,47.35116]],[[8.9353,47.35116],[8.93533,47.35129]],[[8.9353,47.35116],[8.93601,47.3508],[8.93586,47.3504]],[[8.93539,47.35155],[8.93553,47.35192],[8.93608,47.35213]],[[8.9362,47.37264],[8.93884,47.37256],[8.94013,47.3719]],[[8.9362,47.37264],[8.93692,47.37319]],[[8.93539,47.34317],[8.93635,47.34283],[8.93622,47.34221]],[[8.93583,47.3568],[8.93629,47.35721]],[[8.93583,47.3568],[8.93764,47.35594]],[[8.93601,47.36169],[8.93617,47.36199]],[[8.93601,47.36169],[8.93677,47.36166],[8.93727,47.36174]],[[8.93558,47.34368],[8.93555,47.34361]],[[8.93558,47.34368],[8.93579,47.34367],[8.93624,47.34376]],[[8.93617,47.36199],[8.937,47.36244]],[[8.93617,47.36199],[8.93623,47.3629]],[[8.93629,47.35721],[8.93623,47.35765]],[[8.93629,47.35721],[8.9376,47.35754]],[[8.93632,47.35795],[8.93657,47.35876]],[[8.93692,47.37319],[8.93822,47.37347],[8.93931,47.37398]],[[8.93692,47.37319],[8.93702,47.3736],[8.9377,47.37427]],[[8.93624,47.34376],[8.93709,47.34393],[8.93851,47.34386],[8.93995,47.3435],[8.94101,47.34293]],[[8.93624,47.34376],[8.93633,47.34369]],[[8.93711,47.32863],[8.93617,47.32878]],[[8.9391,47.32948],[8.93789,47.33],[8.93633,47.33143]],[[8.93711,47.32863],[8.93651,47.32805]],[[8.93819,47.33575],[8.93683,47.33538]],[[8.9376,47.35754],[8.93859,47.35769],[8.93927,47.35813]],[[8.9376,47.35754],[8.93856,47.35676]],[[8.93764,47.35594],[8.93834,47.35584]],[[8.93764,47.35594],[8.93795,47.35567]],[[8.93818,47.32904],[8.93704,47.3294]],[[8.93819,47.33575],[8.93778,47.33494],[8.93723,47.33464]],[[8.93818,47.32904],[8.93711,47.32863]],[[8.93773,47.34038],[8.93758,47.33983],[8.93849,47.33722],[8.93819,47.33575]],[[8.93785,47.34296],[8.93805,47.3425],[8.93785,47.34058]],[[8.93885,47.32928],[8.93818,47.32904]],[[8.93927,47.35813],[8.93994,47.35883]],[[8.93927,47.35813],[8.93937,47.35812],[8.93951,47.35816],[8.93963,47.35815],[8.93983,47.35819],[8.94056,47.35822]],[[8.94355,47.33451],[8.94277,47.33431],[8.94219,47.3344],[8.94025,47.33415],[8.93893,47.33372]],[[8.9391,47.32948],[8.93885,47.32928]],[[8.93885,47.32928],[8.93887,47.32734]],[[8.94473,47.33117],[8.94376,47.33102],[8.9426,47.33049],[8.9391,47.32948]],[[8.93994,47.35883],[8.9406,47.35888],[8.94113,47.35919]],[[8.93994,47.35883],[8.94021,47.3597]],[[8.94375,47.33352],[8.94242,47.33345],[8.94007,47.33279],[8.93965,47.33281]],[[8.94254,47.33773],[8.94038,47.33775]],[[8.94101,47.34293],[8.94114,47.34303]],[[8.94101,47.34293],[8.94326,47.34133]],[[8.94187,47.34339],[8.94194,47.34348]],[[8.94191,47.34393],[8.94236,47.34479]],[[8.94216,47.34373],[8.94258,47.34376],[8.94323,47.34429]],[[8.94381,47.33988],[8.94286,47.33861],[8.94254,47.33773]],[[8.94254,47.33773],[8.94328,47.33616]],[[8.94545,47.3279],[8.94401,47.32747],[8.94245,47.32642]],[[8.94323,47.34429],[8.94328,47.34464]],[[8.94323,47.34429],[8.94328,47.34429],[8.94374,47.34445]],[[8.94326,47.34133],[8.94381,47.33988]],[[8.94326,47.34133],[8.9442,47.34118],[8.94727,47.34165]],[[8.94328,47.33616],[8.94416,47.33629],[8.94648,47.33603]],[[8.94328,47.33616],[8.94352,47.33485]],[[8.94374,47.34445],[8.94398,47.34454]],[[8.94374,47.34445],[8.94385,47.34456]],[[8.94352,47.33485],[8.9436,47.33485]],[[8.94352,47.33485],[8.94355,47.33451]],[[8.94355,47.33451],[8.94375,47.33352]],[[8.94381,47.33988],[8.94399,47.33989],[8.94434,47.33986],[8.94477,47.3397],[8.94608,47.3397]],[[8.94375,47.33352],[8.94429,47.33258]],[[8.94387,47.33487],[8.94699,47.33477]],[[8.94429,47.33258],[8.94726,47.33258],[8.95156,47.33203],[8.95232,47.33174]],[[8.94429,47.33258],[8.94473,47.33117]],[[8.94725,47.32594],[8.94661,47.32598],[8.9442,47.32508]],[[8.94821,47.3249],[8.94794,47.32466],[8.94696,47.32456],[8.9458,47.32408],[8.9442,47.32314]],[[8.94473,47.33117],[8.94555,47.32819],[8.94545,47.3279]],[[8.9467,47.30922],[8.94446,47.30949]],[[8.94739,47.30881],[8.9464,47.30878],[8.94449,47.30904]],[[8.94545,47.3279],[8.94582,47.32755],[8.94669,47.32738],[8.94719,47.32706],[8.94725,47.32594]],[[8.95007,47.30341],[8.94915,47.30333],[8.94751,47.30357],[8.94484,47.30364]],[[8.94586,47.3072],[8.94528,47.30734]],[[8.94586,47.3072],[8.94546,47.30703]],[[8.9493,47.32248],[8.94751,47.32159],[8.94592,47.32052]],[[8.94916,47.30762],[8.94712,47.3072],[8.94586,47.3072]],[[8.9467,47.30922],[8.94627,47.30983]],[[8.94727,47.34165],[8.94847,47.342]],[[8.94727,47.34165],[8.9483,47.34044],[8.94866,47.33861],[8.94933,47.33754],[8.95119,47.33617],[8.95246,47.33581]],[[8.9508,47.32103],[8.95036,47.32056],[8.94677,47.31827]],[[8.94847,47.342],[8.9478,47.3425],[8.94765,47.343]],[[8.94739,47.30881],[8.9467,47.30922]],[[8.94725,47.32594],[8.94744,47.32551],[8.94821,47.3249]],[[8.94785,47.30904],[8.94727,47.31026]],[[8.94811,47.30869],[8.94739,47.30881]],[[8.95104,47.30099],[8.94881,47.301],[8.94729,47.30161]],[[8.94847,47.342],[8.94856,47.34203]],[[8.94856,47.34203],[8.94923,47.34206],[8.95069,47.34287]],[[8.94856,47.34203],[8.94942,47.34116],[8.95085,47.34029]],[[8.94785,47.30904],[8.94801,47.30977],[8.94778,47.3104]],[[8.94821,47.3249],[8.94822,47.3249]],[[8.94822,47.3249],[8.95123,47.32638],[8.95294,47.32684]],[[8.94822,47.3249],[8.94859,47.32392]],[[8.94811,47.30869],[8.94785,47.30904]],[[8.95007,47.30341],[8.94845,47.30386],[8.94782,47.30424]],[[8.94916,47.30762],[8.94811,47.30869]],[[8.94859,47.32392],[8.94873,47.32318],[8.9493,47.32248]],[[8.94859,47.32392],[8.94955,47.32365],[8.95058,47.32381],[8.95437,47.32533]],[[8.9493,47.32248],[8.94998,47.32155],[8.9508,47.32103]],[[8.9534,47.31926],[8.95059,47.31758],[8.94929,47.31642]],[[8.9508,47.34375],[8.95054,47.34434],[8.95015,47.3446]],[[8.95245,47.30656],[8.94916,47.30762]],[[8.95069,47.34287],[8.95093,47.34349]],[[8.95069,47.34287],[8.95116,47.34262],[8.95165,47.34263]],[[8.95144,47.30425],[8.94977,47.30439]],[[8.95055,47.31158],[8.9503,47.31164]],[[8.95116,47.30334],[8.95007,47.30341]],[[8.95055,47.31158],[8.95048,47.3118]],[[8.95057,47.29921],[8.95015,47.29903]],[[8.9508,47.32103],[8.9522,47.32041]],[[8.95189,47.3108],[8.95055,47.31158]],[[8.95165,47.34263],[8.95261,47.3431],[8.95335,47.34292],[8.95417,47.34313],[8.95508,47.34304]],[[8.95165,47.34263],[8.95197,47.34178],[8.95403,47.33893],[8.95694,47.33645]],[[8.95071,47.29927],[8.95057,47.29921]],[[8.95071,47.29927],[8.95061,47.2992],[8.95057,47.29921]],[[8.95145,47.29984],[8.95071,47.29927]],[[8.9528,47.31697],[8.95182,47.31632],[8.95125,47.31558]],[[8.95189,47.3108],[8.95134,47.31267]],[[8.95118,47.30322],[8.95104,47.30099]],[[8.95104,47.30099],[8.95093,47.30081],[8.95145,47.29984]],[[8.95144,47.30425],[8.95144,47.30368],[8.95116,47.30334]],[[8.95116,47.30334],[8.95118,47.30322]],[[8.95118,47.30322],[8.95174,47.30324],[8.95258,47.30309]],[[8.95211,47.30906],[8.95146,47.30962]],[[8.95152,47.30453],[8.95144,47.30425]],[[8.95169,47.30532],[8.95152,47.30453]],[[8.95152,47.30453],[8.95236,47.30422]],[[8.95232,47.33174],[8.95321,47.33057],[8.95455,47.32979]],[[8.95232,47.33174],[8.9524,47.33173],[8.95256,47.3318],[8.95359,47.33194],[8.95412,47.33209],[8.95475,47.33216],[8.95504,47.33228],[8.95554,47.3323],[8.95696,47.33263]],[[8.95145,47.29984],[8.95199,47.29927],[8.95256,47.29904]],[[8.95245,47.30656],[8.95189,47.30597],[8.95169,47.30532]],[[8.95169,47.30532],[8.9525,47.30504]],[[8.95211,47.30906],[8.95218,47.31],[8.95189,47.3108]],[[8.9522,47.32041],[8.95423,47.32176],[8.95721,47.32328],[8.95802,47.32398]],[[8.9522,47.32041],[8.9534,47.31926]],[[8.95361,47.30715],[8.95211,47.30906]],[[8.95256,47.29904],[8.95186,47.29775],[8.9519,47.29677]],[[8.95361,47.30715],[8.9529,47.3071],[8.95245,47.30656]],[[8.95429,47.31849],[8.95306,47.31746],[8.9528,47.31697]],[[8.9528,47.31697],[8.95308,47.31539]],[[8.9525,47.30504],[8.95314,47.30516],[8.95525,47.30451]],[[8.9525,47.30504],[8.95366,47.30447]],[[8.95256,47.29904],[8.9529,47.29884]],[[8.9534,47.31926],[8.95406,47.31893],[8.95429,47.31849]],[[8.95521,47.30778],[8.95361,47.30715]],[[8.95455,47.32979],[8.95554,47.32771]],[[8.95455,47.32979],[8.95719,47.32897]],[[8.95429,47.31849],[8.95592,47.31797]],[[8.95508,47.34304],[8.95555,47.34391],[8.95578,47.34512],[8.95609,47.34534]],[[8.95508,47.34304],[8.95616,47.34281]],[[8.95537,47.31674],[8.95503,47.31617]],[[8.95616,47.34281],[8.95575,47.3416],[8.95592,47.34111]],[[8.95841,47.30942],[8.95508,47.31098]],[[8.95592,47.31797],[8.95537,47.31674]],[[8.95537,47.31674],[8.95539,47.31619]],[[8.95947,47.31326],[8.95525,47.31246]],[[8.95616,47.34281],[8.9577,47.34249]],[[8.95593,47.308],[8.95521,47.30778]],[[8.95521,47.30778],[8.95585,47.30706],[8.95625,47.30596]],[[8.95732,47.31382],[8.9558,47.31388]],[[8.95592,47.31797],[8.95707,47.31767],[8.95778,47.31703]],[[8.959,47.30982],[8.95867,47.31012],[8.95594,47.3113]],[[8.95677,47.30829],[8.95593,47.308]],[[8.95593,47.308],[8.95599,47.30785]],[[8.95709,47.30846],[8.95647,47.30953],[8.95605,47.30981]],[[8.95732,47.31382],[8.95621,47.31353]],[[8.95765,47.34145],[8.95709,47.34094]],[[8.95696,47.33263],[8.95868,47.3332]],[[8.95696,47.33263],[8.95796,47.33202],[8.95905,47.33189]],[[8.95627,47.30783],[8.95678,47.30691]],[[8.95765,47.34145],[8.95735,47.34086]],[[8.95811,47.34235],[8.95765,47.34145]],[[8.9577,47.34249],[8.95839,47.34335],[8.95903,47.34471]],[[8.9577,47.34249],[8.95811,47.34235]],[[8.95709,47.30846],[8.95677,47.30829]],[[8.95677,47.30829],[8.9576,47.30763],[8.95832,47.30661]],[[8.95802,47.32398],[8.95744,47.32549]],[[8.95808,47.30915],[8.95709,47.30846]],[[8.95811,47.34235],[8.95904,47.34216],[8.9592,47.34197]],[[8.95927,47.31407],[8.95732,47.31382]],[[8.95778,47.31703],[8.9579,47.31708]],[[8.95778,47.31703],[8.95851,47.31557],[8.95906,47.31497],[8.95927,47.31407]],[[8.95802,47.32398],[8.95966,47.32457],[8.96025,47.32525]],[[8.9579,47.31708],[8.95935,47.31776],[8.96043,47.31871],[8.96141,47.31925],[8.96205,47.32023],[8.96472,47.32244]],[[8.95841,47.30942],[8.95808,47.30915]],[[8.95808,47.30915],[8.96156,47.30694]],[[8.96025,47.31169],[8.95941,47.3116],[8.95821,47.31197]],[[8.9592,47.34197],[8.95926,47.34176],[8.96021,47.34157],[8.96021,47.34121],[8.9606,47.34094]],[[8.9592,47.34197],[8.9593,47.34192],[8.95965,47.34209],[8.96092,47.34287],[8.96348,47.34488],[8.96395,47.34511],[8.96485,47.34512],[8.96514,47.34533]],[[8.959,47.30982],[8.95841,47.30942]],[[8.9606,47.34094],[8.9593,47.33983]],[[8.96193,47.34042],[8.95943,47.33737]],[[8.95944,47.31012],[8.959,47.30982]],[[8.95927,47.31407],[8.95947,47.31326]],[[8.95947,47.31326],[8.95952,47.31267],[8.96034,47.31235]],[[8.96019,47.31138],[8.95944,47.31012]],[[8.95944,47.31012],[8.95952,47.31004]],[[8.95952,47.31004],[8.95911,47.30975],[8.95933,47.30936],[8.96029,47.30848],[8.9611,47.30826]],[[8.95952,47.31004],[8.96114,47.30928]],[[8.9606,47.34094],[8.96193,47.34042]],[[8.96531,47.33801],[8.96447,47.33772],[8.96235,47.3365],[8.96063,47.336]],[[8.96025,47.31169],[8.96019,47.31138]],[[8.96019,47.31138],[8.96037,47.31134]],[[8.96034,47.31235],[8.96025,47.31169]],[[8.96034,47.31235],[8.96215,47.31221]],[[8.96037,47.31134],[8.96005,47.31068],[8.96132,47.3103]],[[8.96037,47.31134],[8.9616,47.31099]],[[8.96193,47.34042],[8.96338,47.34021]],[[8.96732,47.33431],[8.96378,47.33286],[8.96233,47.33108]],[[8.96215,47.31221],[8.96239,47.31063]],[[8.96215,47.31221],[8.96243,47.3122],[8.96321,47.3123],[8.96357,47.31227]],[[8.96388,47.33974],[8.96318,47.3392]],[[8.96338,47.34021],[8.96442,47.34106],[8.96574,47.34176],[8.96638,47.3419]],[[8.96338,47.34021],[8.96388,47.33974]],[[8.96388,47.33974],[8.96471,47.33927],[8.96538,47.33854]],[[8.96357,47.31227],[8.96363,47.31228]],[[8.96357,47.31227],[8.96485,47.31134]],[[8.96518,47.31096],[8.96501,47.31038],[8.96357,47.30886]],[[8.96485,47.31134],[8.96436,47.31059],[8.96387,47.31028]],[[8.96538,47.33854],[8.96531,47.33801]],[[8.96531,47.33801],[8.9658,47.33764],[8.96646,47.33585],[8.96745,47.33515]],[[8.96538,47.33854],[8.96545,47.33853],[8.96564,47.33853],[8.96675,47.33895],[8.96803,47.33896]],[[8.96485,47.31134],[8.96527,47.31102]],[[8.96527,47.31102],[8.96518,47.31096]],[[8.96518,47.31096],[8.96658,47.31058],[8.96712,47.31003]],[[8.96818,47.32784],[8.96798,47.32793],[8.96674,47.32757],[8.96568,47.32768]],[[8.96527,47.31102],[8.96665,47.31064],[8.96794,47.30985]],[[8.96638,47.3419],[8.96628,47.34368]],[[8.96712,47.31003],[8.96597,47.30916],[8.96537,47.30824]],[[8.96638,47.3419],[8.96696,47.34204]],[[8.96905,47.32992],[8.96783,47.32911],[8.9663,47.3288]],[[8.96696,47.3307],[8.96641,47.33055]],[[8.96696,47.3307],[8.96645,47.33092]],[[8.96895,47.33006],[8.96764,47.32971],[8.96645,47.32961]],[[8.96818,47.32784],[8.96701,47.32721],[8.96648,47.32713]],[[8.96696,47.34204],[8.96887,47.34248]],[[8.96696,47.34204],[8.96741,47.34136],[8.96804,47.34102]],[[8.96712,47.31003],[8.96808,47.30964],[8.96802,47.30934],[8.96622,47.30748]],[[8.96877,47.33082],[8.96696,47.3307]],[[8.96745,47.33515],[8.96732,47.33431]],[[8.96732,47.33431],[8.96794,47.33391],[8.96846,47.33317]],[[8.96745,47.33515],[8.97015,47.33567],[8.97287,47.33593]],[[8.96803,47.33896],[8.96885,47.33884]],[[8.96803,47.33896],[8.96885,47.33826]],[[8.96959,47.32877],[8.96818,47.32784]],[[8.96846,47.33317],[8.97147,47.33352]],[[8.96846,47.33317],[8.96857,47.33262]],[[8.96857,47.33262],[8.96891,47.33157]],[[8.96857,47.33262],[8.96972,47.33255],[8.97168,47.33267]],[[8.96887,47.34248],[8.96968,47.34328],[8.97169,47.34418]],[[8.96887,47.34248],[8.9706,47.34174]],[[8.96794,47.30985],[8.97188,47.31271]],[[8.96794,47.30985],[8.96975,47.3091]],[[8.96891,47.33157],[8.96877,47.33082]],[[8.96877,47.33082],[8.96895,47.33006]],[[8.96891,47.33157],[8.97281,47.33117]],[[8.96895,47.33006],[8.96905,47.32992]],[[8.96905,47.32992],[8.96981,47.32936]],[[8.96975,47.3091],[8.96971,47.30854],[8.96881,47.30812]],[[8.96981,47.32936],[8.96959,47.32877]],[[8.96959,47.32877],[8.97,47.32783]],[[8.96981,47.32936],[8.97142,47.32923],[8.9726,47.32867],[8.9735,47.32851]],[[8.97,47.32783],[8.97127,47.32784],[8.97233,47.32759]],[[8.97,47.32783],[8.97,47.32711],[8.97037,47.3265],[8.97062,47.3265],[8.97103,47.32598],[8.97216,47.32528],[8.97554,47.32483],[8.97858,47.32521]],[[8.96975,47.3091],[8.97171,47.30816]],[[8.97169,47.34418],[8.97207,47.34467]],[[8.97169,47.34418],[8.97267,47.34414],[8.97312,47.34422]],[[8.97171,47.30816],[8.97171,47.30755],[8.97113,47.30645]],[[8.97171,47.30816],[8.97262,47.30796],[8.97368,47.30731],[8.97499,47.30712]],[[8.97188,47.31271],[8.97209,47.31341],[8.97283,47.31437],[8.97401,47.31521],[8.97541,47.31549],[8.97619,47.31518]],[[8.97188,47.31271],[8.97205,47.31267],[8.97293,47.31275]],[[8.97287,47.33593],[8.97334,47.33623]],[[8.97287,47.33593],[8.97447,47.33484],[8.97483,47.33439]],[[8.97281,47.33117],[8.97469,47.33156]],[[8.97281,47.33117],[8.97434,47.33055]],[[8.97334,47.33623],[8.97401,47.33638]],[[8.97334,47.33623],[8.97342,47.33819]],[[8.97401,47.33638],[8.97455,47.33666],[8.97625,47.33679]],[[8.97401,47.33638],[8.97592,47.33534]],[[8.97499,47.30712],[8.97759,47.31051],[8.97774,47.311],[8.97844,47.31166]],[[8.97499,47.30712],[8.97501,47.30712]],[[8.97619,47.31518],[8.97764,47.31439],[8.97853,47.31419]],[[8.97619,47.31518],[8.97878,47.31502]]]}},{"type":"Feature","properties":{"id":"toess-103-zh","c":"ZH","p":"pacht","q":"official","k":"river"},"geometry":{"type":"MultiLineString","coordinates":[[[8.8145,47.44306],[8.81588,47.44144],[8.81779,47.44008],[8.82409,47.43682]],[[8.82205,47.43294],[8.82098,47.43244],[8.82064,47.43183],[8.81841,47.43089],[8.81796,47.43039],[8.81807,47.4293],[8.81919,47.42792]],[[8.8231,47.43351],[8.82205,47.43294]],[[8.82205,47.43294],[8.82238,47.43194]],[[8.82322,47.43389],[8.8231,47.43351]],[[8.8231,47.43351],[8.82367,47.43227]],[[8.82351,47.43536],[8.82307,47.43444],[8.82322,47.43389]],[[8.82322,47.43389],[8.82395,47.43372],[8.82465,47.43271]],[[8.82409,47.43682],[8.82396,47.43578],[8.82351,47.43536]],[[8.82351,47.43536],[8.82392,47.43491],[8.82484,47.43451],[8.82501,47.43411],[8.82554,47.43389],[8.82566,47.43336],[8.82603,47.43315]],[[8.82409,47.43682],[8.82579,47.43669],[8.82714,47.43711]],[[8.8368,47.42806],[8.8357,47.42782],[8.83305,47.42831],[8.83059,47.4281],[8.82953,47.42747],[8.82844,47.42598],[8.82714,47.4253],[8.8256,47.42385],[8.82441,47.42329],[8.82417,47.42272],[8.82468,47.42175],[8.82458,47.42032],[8.82543,47.41959],[8.82573,47.41893],[8.82572,47.41816],[8.82617,47.4178]],[[8.82714,47.43711],[8.82943,47.43943]],[[8.82714,47.43711],[8.82748,47.43703],[8.82773,47.43714]],[[8.82773,47.43714],[8.82869,47.43745]],[[8.82773,47.43714],[8.82803,47.43694],[8.82813,47.4361],[8.82787,47.4356]],[[8.82779,47.43537],[8.82784,47.43486]],[[8.82869,47.43745],[8.83003,47.43786],[8.83064,47.43763]],[[8.82869,47.43745],[8.82902,47.43722],[8.83014,47.43712],[8.83062,47.43656]],[[8.83036,47.38551],[8.82925,47.38542],[8.82732,47.38479]],[[8.82943,47.43943],[8.83079,47.44017],[8.83202,47.44048],[8.83719,47.44057]],[[8.82943,47.43943],[8.82949,47.43976]],[[8.83064,47.43763],[8.831,47.43751],[8.83174,47.43781],[8.83222,47.43773],[8.83338,47.43593]],[[8.83062,47.43656],[8.83108,47.4365],[8.83136,47.43622]],[[8.83062,47.43656],[8.83043,47.4355],[8.83088,47.43528]],[[8.83013,47.38567],[8.82974,47.38584]],[[8.83148,47.43608],[8.83163,47.43523]],[[8.83156,47.43604],[8.83223,47.43546]],[[8.83036,47.38551],[8.83035,47.38551]],[[8.83719,47.38555],[8.83593,47.38546],[8.83439,47.38573],[8.83314,47.38557],[8.83226,47.38569],[8.8317,47.38552],[8.83107,47.38559],[8.83065,47.38548],[8.83036,47.38551]],[[8.83264,47.44155],[8.83457,47.44256]],[[8.83487,47.44301],[8.83498,47.4435],[8.83388,47.44408]],[[8.834,47.43781],[8.83476,47.43767],[8.8349,47.4371]],[[8.83404,47.43637],[8.83407,47.43611],[8.83439,47.43597]],[[8.8343,47.43535],[8.83467,47.43528]],[[8.83511,47.38861],[8.83386,47.38896],[8.83393,47.38951],[8.83363,47.3897]],[[8.83575,47.42899],[8.83467,47.42928]],[[8.83527,47.44281],[8.83595,47.44302]],[[8.837,47.44392],[8.83706,47.44416],[8.83593,47.44514]],[[8.83596,47.44302],[8.837,47.44392]],[[8.83765,47.44421],[8.83701,47.44568],[8.83624,47.44602]],[[8.83627,47.44305],[8.83839,47.44317],[8.83903,47.4435],[8.83903,47.44385]],[[8.8368,47.42806],[8.8361,47.4288]],[[8.83511,47.38861],[8.83537,47.38942],[8.83618,47.38987]],[[8.83719,47.38555],[8.83596,47.38692],[8.83618,47.38738],[8.83608,47.38798],[8.83511,47.38861]],[[8.837,47.44392],[8.83745,47.44392]],[[8.83628,47.3828],[8.83541,47.38252]],[[8.83584,47.36847],[8.83582,47.36766],[8.83476,47.3669],[8.83512,47.36656]],[[8.8445,47.42711],[8.84263,47.42666],[8.84192,47.42692],[8.84125,47.42677],[8.84012,47.42682],[8.8399,47.42715],[8.83967,47.42704],[8.83953,47.42724],[8.83904,47.42725],[8.8386,47.42779],[8.8378,47.42777],[8.83717,47.42804],[8.83683,47.42807],[8.8368,47.42806]],[[8.83719,47.44057],[8.83714,47.44032]],[[8.83719,47.44057],[8.83895,47.44057]],[[8.83618,47.38987],[8.83619,47.39019]],[[8.83618,47.38987],[8.83745,47.3897]],[[8.83603,47.37124],[8.83554,47.37022],[8.83584,47.36847]],[[8.83584,47.36847],[8.83672,47.36844],[8.83867,47.36795],[8.8413,47.36647]],[[8.83658,47.37343],[8.83651,47.37322],[8.8354,47.37282],[8.83603,47.37124]],[[8.83603,47.37124],[8.83635,47.37088]],[[8.83739,47.38294],[8.83654,47.38285]],[[8.83635,47.37088],[8.8363,47.36973]],[[8.83661,47.37506],[8.8365,47.37484]],[[8.8366,47.37411],[8.83658,47.37343]],[[8.83658,47.37343],[8.83715,47.37333],[8.8376,47.37352]],[[8.83886,47.38291],[8.83824,47.38453],[8.83832,47.38526],[8.83806,47.38546],[8.83777,47.38545],[8.83731,47.38556],[8.83719,47.38555]],[[8.84232,47.43218],[8.84116,47.43231],[8.83994,47.43269],[8.83842,47.43202]],[[8.84055,47.43763],[8.84,47.43725],[8.83884,47.43708]],[[8.83895,47.44057],[8.841,47.44032]],[[8.83895,47.44057],[8.8401,47.43931],[8.84055,47.43763]],[[8.8391,47.44503],[8.83884,47.44611],[8.83936,47.44626],[8.83975,47.44718]],[[8.8384,47.38304],[8.83769,47.38296]],[[8.83812,47.3792],[8.83812,47.37919]],[[8.84024,47.38279],[8.83903,47.38129],[8.83929,47.38029],[8.83893,47.38004],[8.83864,47.38015],[8.83821,47.37994],[8.83812,47.3792]],[[8.83812,47.3792],[8.83895,47.37889],[8.83986,47.37899],[8.84056,47.37828],[8.84198,47.37736]],[[8.83886,47.38291],[8.83879,47.38293]],[[8.84024,47.38279],[8.8398,47.38272],[8.83886,47.38291]],[[8.84055,47.43763],[8.84079,47.43734],[8.84029,47.43624]],[[8.84108,47.39007],[8.84082,47.39031],[8.84027,47.39041],[8.83935,47.39028]],[[8.84108,47.39007],[8.83965,47.38955]],[[8.841,47.44032],[8.84214,47.4405],[8.84289,47.44104],[8.84415,47.44123]],[[8.841,47.44032],[8.84187,47.43987],[8.84243,47.43933],[8.8436,47.43668]],[[8.84309,47.43392],[8.84109,47.43421]],[[8.84264,47.43011],[8.84196,47.42987],[8.84105,47.42921]],[[8.83969,47.36894],[8.8416,47.3681],[8.84243,47.36802]],[[8.84462,47.38575],[8.84396,47.38563],[8.84302,47.38494],[8.84227,47.38386],[8.84162,47.38335],[8.84063,47.38312],[8.84024,47.38279]],[[8.84404,47.39023],[8.84299,47.39037],[8.84237,47.3901],[8.84135,47.39004],[8.84108,47.39007]],[[8.84449,47.38608],[8.84432,47.38638],[8.8426,47.38693],[8.84112,47.38809]],[[8.84309,47.43392],[8.84232,47.43218]],[[8.84232,47.43218],[8.84213,47.43108],[8.84264,47.43011]],[[8.84404,47.39023],[8.84338,47.38953],[8.84248,47.38918],[8.84208,47.38934],[8.84122,47.38904]],[[8.84264,47.43011],[8.8445,47.42711]],[[8.84376,47.43621],[8.84373,47.4354],[8.84309,47.43392]],[[8.84198,47.37736],[8.8433,47.3776],[8.84366,47.37721],[8.84382,47.37726]],[[8.84198,47.37736],[8.84206,47.37698],[8.84164,47.37598],[8.84192,47.3748]],[[8.8436,47.43668],[8.84376,47.43621]],[[8.8436,47.43668],[8.8439,47.43659]],[[8.84376,47.43621],[8.84462,47.43584]],[[8.84552,47.43658],[8.84385,47.43883]],[[8.84428,47.43653],[8.84552,47.43658]],[[8.84244,47.36672],[8.84301,47.36603]],[[8.84455,47.44119],[8.84521,47.44131],[8.84563,47.44161],[8.84567,47.44198],[8.84654,47.44225],[8.84654,47.44271],[8.8469,47.44313],[8.84743,47.44313]],[[8.84462,47.43584],[8.84434,47.43597],[8.84417,47.43649],[8.84478,47.43724]],[[8.84533,47.43374],[8.84462,47.43584]],[[8.84462,47.43584],[8.84613,47.43519],[8.84734,47.43435],[8.84815,47.4344],[8.84856,47.4347],[8.84921,47.43477],[8.85083,47.43423],[8.85212,47.43416],[8.85372,47.43344],[8.85507,47.43321],[8.85675,47.43318]],[[8.8445,47.42711],[8.84498,47.42631]],[[8.84498,47.42631],[8.84491,47.42625]],[[8.84497,47.42668],[8.84483,47.42825],[8.846,47.42916],[8.84523,47.43061],[8.84514,47.43141],[8.84614,47.43267],[8.84671,47.43302],[8.84715,47.43381],[8.84698,47.43443]],[[8.84498,47.42631],[8.84502,47.42624]],[[8.84591,47.44815],[8.84558,47.44877]],[[8.85145,47.39167],[8.85057,47.39196],[8.84943,47.39137],[8.84751,47.39105],[8.84684,47.39121],[8.84548,47.39095],[8.84404,47.39023]],[[8.84504,47.42622],[8.84564,47.42549],[8.84796,47.42383]],[[8.84552,47.43658],[8.84715,47.43728],[8.84814,47.43744],[8.84903,47.43726],[8.84938,47.43698],[8.85125,47.43677]],[[8.84652,47.43502],[8.84642,47.4357],[8.84552,47.43658]],[[8.84462,47.38575],[8.84459,47.38577]],[[8.84674,47.44804],[8.84624,47.44803]],[[8.84631,47.38633],[8.84546,47.38618],[8.84462,47.38575]],[[8.84687,47.45095],[8.8465,47.45144],[8.84655,47.45178]],[[8.84594,47.38574],[8.84488,47.38519]],[[8.84486,47.38354],[8.84486,47.38348]],[[8.84498,47.38332],[8.84508,47.38168],[8.84685,47.37943]],[[8.84674,47.44804],[8.84714,47.44868],[8.84706,47.449],[8.84761,47.44941]],[[8.84883,47.4444],[8.84883,47.44472],[8.84738,47.44627],[8.84674,47.44804]],[[8.84687,47.45095],[8.84699,47.45141],[8.84755,47.45179]],[[8.84766,47.44955],[8.84687,47.45095]],[[8.8462,47.38716],[8.84543,47.38764]],[[8.84743,47.44313],[8.84806,47.44324],[8.84833,47.44393],[8.84883,47.4444]],[[8.84743,47.44313],[8.84755,47.44269],[8.84789,47.44252],[8.84916,47.44259],[8.84947,47.44241]],[[8.84761,47.44941],[8.84766,47.44955]],[[8.84761,47.44941],[8.84834,47.44938],[8.85063,47.44974]],[[8.84631,47.38633],[8.84626,47.38596],[8.84594,47.38574]],[[8.84594,47.38574],[8.84829,47.38486],[8.84846,47.38443]],[[8.84766,47.44955],[8.8483,47.44959],[8.84918,47.45053]],[[8.84676,47.38654],[8.84631,47.38633]],[[8.84676,47.38654],[8.84641,47.38702]],[[8.85193,47.39122],[8.85159,47.39114],[8.84913,47.38884],[8.84847,47.38764],[8.8472,47.38698],[8.84676,47.38654]],[[8.84796,47.42383],[8.85036,47.42498],[8.85093,47.42499],[8.85133,47.42538],[8.85221,47.42568]],[[8.84796,47.42383],[8.8494,47.42284],[8.8505,47.42157],[8.85139,47.41843]],[[8.84883,47.4444],[8.85012,47.44481]],[[8.84918,47.45053],[8.84934,47.45071]],[[8.84918,47.45053],[8.84924,47.45067],[8.84934,47.45071]],[[8.84934,47.45071],[8.85054,47.45154]],[[8.84846,47.38443],[8.84861,47.3838],[8.84782,47.38276]],[[8.84846,47.38443],[8.85075,47.3822]],[[8.85012,47.44481],[8.85002,47.44506],[8.85048,47.44535],[8.85197,47.44563],[8.8524,47.44552]],[[8.85012,47.44481],[8.85055,47.44454],[8.8506,47.44405],[8.85089,47.44405],[8.85163,47.44331]],[[8.85054,47.45154],[8.85088,47.45153],[8.85142,47.45185]],[[8.85054,47.45154],[8.85069,47.4518]],[[8.85155,47.43671],[8.85233,47.43646],[8.85396,47.43634],[8.85434,47.43695],[8.85529,47.43708]],[[8.85139,47.41843],[8.85206,47.41449],[8.85271,47.41334],[8.85377,47.41267],[8.8585,47.41091],[8.85977,47.40987],[8.86036,47.4089]],[[8.85139,47.41843],[8.85141,47.41842]],[[8.8524,47.44552],[8.8525,47.44525]],[[8.8524,47.44552],[8.85246,47.44551],[8.85261,47.44552],[8.85272,47.44556]],[[8.85212,47.4259],[8.8518,47.4266],[8.85194,47.42711]],[[8.8525,47.44525],[8.85291,47.4452]],[[8.8525,47.44525],[8.85205,47.44497],[8.85177,47.4444],[8.85254,47.44319]],[[8.85272,47.44556],[8.85353,47.44627],[8.85347,47.44646],[8.85439,47.44666],[8.85501,47.44701]],[[8.85272,47.44556],[8.85328,47.44541],[8.85382,47.44462],[8.85472,47.4441],[8.85496,47.44355],[8.8557,47.44299]],[[8.85221,47.42568],[8.8522,47.42569]],[[8.85221,47.42568],[8.85269,47.42568]],[[8.8541,47.41089],[8.85386,47.41085],[8.85358,47.41023],[8.85219,47.40957]],[[8.85269,47.42568],[8.85319,47.42553],[8.85329,47.42574],[8.85431,47.42587],[8.85485,47.42585],[8.85495,47.42571]],[[8.85269,47.42568],[8.85287,47.42524],[8.85463,47.42418]],[[8.85193,47.39122],[8.85185,47.39128]],[[8.85256,47.39109],[8.85193,47.39122]],[[8.85433,47.39322],[8.853,47.39199],[8.85256,47.39109]],[[8.85392,47.4],[8.85393,47.40028],[8.85318,47.4005]],[[8.85347,47.39964],[8.85317,47.39969]],[[8.85512,47.43773],[8.85462,47.4383],[8.85435,47.43977]],[[8.85344,47.39856],[8.85343,47.39856]],[[8.85437,47.39976],[8.85344,47.39856]],[[8.85344,47.39856],[8.8536,47.39739],[8.85603,47.39447]],[[8.85817,47.45386],[8.85775,47.45356],[8.85676,47.45352],[8.85498,47.45414]],[[8.85554,47.44764],[8.85493,47.44801]],[[8.85501,47.44701],[8.85554,47.44764]],[[8.85501,47.44701],[8.85548,47.44698],[8.85814,47.44575],[8.85938,47.44547]],[[8.85392,47.4],[8.85391,47.4]],[[8.85437,47.39976],[8.85392,47.4]],[[8.85536,47.43159],[8.85502,47.43109]],[[8.85495,47.42571],[8.85481,47.42554],[8.85528,47.42437]],[[8.85495,47.42571],[8.85532,47.42564],[8.85608,47.4258],[8.85648,47.42574]],[[8.85554,47.44764],[8.85579,47.44792],[8.85654,47.44814]],[[8.85529,47.43708],[8.85529,47.43709]],[[8.85529,47.43708],[8.85532,47.43709],[8.8554,47.43707],[8.85584,47.43691],[8.85726,47.43709],[8.85893,47.43903],[8.86029,47.43966],[8.86084,47.43954],[8.86111,47.43979],[8.86211,47.43991]],[[8.85945,47.40098],[8.85856,47.40068],[8.85523,47.40018],[8.85437,47.39976]],[[8.85796,47.44878],[8.85697,47.44965],[8.85663,47.45043],[8.85578,47.45098]],[[8.85872,47.45304],[8.85748,47.45286],[8.85612,47.453]],[[8.85603,47.39447],[8.85547,47.39388],[8.85459,47.39338]],[[8.85654,47.44814],[8.85609,47.44854]],[[8.85625,47.43152],[8.85571,47.43097]],[[8.85654,47.44814],[8.85759,47.44834]],[[8.85792,47.4551],[8.85688,47.45567]],[[8.85665,47.43237],[8.85664,47.43237]],[[8.85665,47.43237],[8.85664,47.43237]],[[8.85675,47.43318],[8.85665,47.43237]],[[8.85648,47.42574],[8.85635,47.42472],[8.85655,47.42415]],[[8.85648,47.42574],[8.85808,47.42554]],[[8.85675,47.43318],[8.85757,47.43313],[8.85779,47.43319]],[[8.85652,47.41456],[8.85998,47.41335],[8.86151,47.41359]],[[8.85603,47.39447],[8.85797,47.39218]],[[8.85759,47.44834],[8.85796,47.44878]],[[8.85759,47.44834],[8.85801,47.44776],[8.85905,47.44714],[8.85999,47.44684],[8.86081,47.44683]],[[8.85792,47.4551],[8.85863,47.45582],[8.85869,47.45628],[8.85898,47.45641]],[[8.85817,47.45386],[8.85792,47.4551]],[[8.85898,47.45641],[8.85891,47.45749],[8.8584,47.45743],[8.85816,47.45767],[8.85806,47.45872]],[[8.85796,47.44878],[8.85849,47.4489],[8.85987,47.44987]],[[8.85872,47.45304],[8.85817,47.45386]],[[8.85779,47.43319],[8.86138,47.43403]],[[8.85779,47.43319],[8.8579,47.43316]],[[8.86004,47.45008],[8.85872,47.45304]],[[8.85808,47.42554],[8.85876,47.42561]],[[8.85808,47.42554],[8.85934,47.42356]],[[8.85898,47.45641],[8.86069,47.45692]],[[8.85876,47.42561],[8.85969,47.42695]],[[8.85876,47.42561],[8.86042,47.42531],[8.86101,47.42505]],[[8.85797,47.39218],[8.86006,47.39212]],[[8.85797,47.39218],[8.85865,47.39064],[8.85823,47.3887]],[[8.85987,47.44987],[8.86004,47.45008]],[[8.85987,47.44987],[8.86077,47.44949]],[[8.86004,47.45008],[8.86188,47.45091]],[[8.85866,47.39714],[8.86057,47.39668]],[[8.85957,47.40072],[8.85881,47.40036],[8.85849,47.39996],[8.85932,47.39942],[8.85853,47.39823],[8.8587,47.39736]],[[8.86109,47.45729],[8.86036,47.45892]],[[8.86039,47.43056],[8.86043,47.43013],[8.85983,47.42956]],[[8.86064,47.40176],[8.85945,47.40098]],[[8.85945,47.40098],[8.85957,47.40072]],[[8.86077,47.44949],[8.86132,47.4481]],[[8.86077,47.44949],[8.86116,47.44931],[8.8615,47.44871],[8.86243,47.44831]],[[8.861,47.45697],[8.861,47.45697]],[[8.861,47.45697],[8.8611,47.45691]],[[8.861,47.45697],[8.861,47.45698]],[[8.85957,47.40072],[8.85999,47.40066]],[[8.86354,47.44183],[8.86289,47.44216],[8.86198,47.44231],[8.8612,47.44286]],[[8.86013,47.40048],[8.86026,47.40023],[8.8612,47.40005]],[[8.86036,47.4089],[8.86105,47.40684]],[[8.86036,47.4089],[8.86186,47.40877],[8.86246,47.40897],[8.86288,47.40935],[8.86467,47.40911],[8.86528,47.40943],[8.86643,47.40895],[8.86686,47.40901]],[[8.86006,47.39212],[8.86243,47.39301]],[[8.86006,47.39212],[8.86049,47.39177],[8.86182,47.39161],[8.86261,47.39104],[8.86353,47.39083]],[[8.86187,47.45848],[8.862,47.4597]],[[8.86101,47.42505],[8.86177,47.42368]],[[8.86101,47.42505],[8.86264,47.4246]],[[8.86188,47.45091],[8.86363,47.45105],[8.8644,47.45089]],[[8.86188,47.45091],[8.86232,47.45245],[8.86409,47.45393]],[[8.86105,47.40684],[8.86161,47.40502],[8.86116,47.40254],[8.86064,47.40176]],[[8.86064,47.40176],[8.8618,47.4016],[8.86294,47.40107]],[[8.86057,47.39668],[8.86064,47.39611],[8.86108,47.39568]],[[8.86057,47.39668],[8.86235,47.3962],[8.86329,47.39614]],[[8.86105,47.40684],[8.86122,47.40675]],[[8.86211,47.43991],[8.86304,47.44029]],[[8.86211,47.43991],[8.86252,47.4397],[8.86325,47.43843]],[[8.86209,47.43419],[8.86541,47.43406]],[[8.86386,47.44217],[8.86326,47.4427],[8.86302,47.44325]],[[8.86341,47.45783],[8.86359,47.45796]],[[8.86304,47.44029],[8.86349,47.44095]],[[8.86304,47.44029],[8.8647,47.43935]],[[8.86264,47.4246],[8.86336,47.42468],[8.86404,47.42502],[8.86636,47.42526],[8.86838,47.42484],[8.86972,47.42503],[8.87071,47.42482]],[[8.86264,47.4246],[8.86455,47.42346]],[[8.86223,47.4064],[8.86322,47.40599],[8.86392,47.40502]],[[8.86349,47.44095],[8.86354,47.44183]],[[8.86349,47.44095],[8.86469,47.44076]],[[8.86354,47.44183],[8.86386,47.44217]],[[8.86243,47.39301],[8.86256,47.39341],[8.86283,47.3935]],[[8.86243,47.39301],[8.86377,47.39271]],[[8.86386,47.44217],[8.86533,47.44303],[8.86625,47.44443]],[[8.86283,47.3935],[8.86338,47.3936]],[[8.86283,47.3935],[8.86329,47.39382]],[[8.8644,47.45089],[8.86583,47.45094]],[[8.8644,47.45089],[8.86503,47.45024]],[[8.86469,47.44076],[8.86727,47.44127]],[[8.86469,47.44076],[8.86553,47.43988]],[[8.86503,47.45024],[8.8651,47.44948]],[[8.86503,47.45024],[8.86578,47.44966]],[[8.86583,47.43093],[8.86482,47.43002],[8.86449,47.42912]],[[8.86377,47.39271],[8.86377,47.39271]],[[8.86377,47.39271],[8.86377,47.39271]],[[8.86583,47.45094],[8.86729,47.45129]],[[8.86583,47.45094],[8.86599,47.45046],[8.86698,47.45015]],[[8.86541,47.43406],[8.86907,47.43358]],[[8.86541,47.43406],[8.86548,47.43394]],[[8.86625,47.44443],[8.8683,47.44488],[8.86956,47.44541],[8.87114,47.44558]],[[8.86625,47.44443],[8.86529,47.44563],[8.86614,47.44614],[8.86656,47.44712]],[[8.86729,47.45129],[8.86789,47.45206]],[[8.86729,47.45129],[8.86832,47.45098],[8.86859,47.45068]],[[8.86716,47.40292],[8.86609,47.40245]],[[8.8673,47.40259],[8.86628,47.4022]],[[8.86789,47.45206],[8.86728,47.45294],[8.86709,47.45391],[8.86748,47.45472],[8.86798,47.455]],[[8.86789,47.45206],[8.86796,47.45205],[8.86818,47.4521],[8.86887,47.45256],[8.87064,47.45293]],[[8.86686,47.40901],[8.86817,47.40966],[8.86871,47.4096],[8.86917,47.40913],[8.86968,47.40903],[8.87101,47.40961],[8.87185,47.40944]],[[8.86686,47.40901],[8.86788,47.40835],[8.8685,47.40734],[8.86858,47.40671]],[[8.86784,47.40579],[8.86692,47.40478],[8.86692,47.40417],[8.86726,47.40376],[8.86716,47.40292]],[[8.86716,47.40292],[8.8673,47.40259]],[[8.8673,47.40259],[8.86755,47.40247],[8.86775,47.40193],[8.86912,47.4008],[8.86903,47.40066]],[[8.86987,47.39725],[8.86805,47.39626],[8.86781,47.3962],[8.86728,47.39646]],[[8.86858,47.40671],[8.86784,47.40579]],[[8.86784,47.40579],[8.86887,47.40493],[8.86941,47.40475]],[[8.86874,47.43198],[8.86754,47.43037],[8.86716,47.42939],[8.86869,47.42778],[8.86917,47.42689]],[[8.869,47.4319],[8.86891,47.43024],[8.8692,47.42939]],[[8.86907,47.43358],[8.86909,47.43348]],[[8.86907,47.43358],[8.8706,47.43326],[8.87167,47.43323],[8.87304,47.43359]],[[8.8692,47.42939],[8.86907,47.42882]],[[8.86858,47.40671],[8.87028,47.40613]],[[8.8692,47.42939],[8.8706,47.42897],[8.871,47.4281]],[[8.86903,47.40066],[8.86854,47.4]],[[8.86903,47.40066],[8.86959,47.40064],[8.87058,47.40008]],[[8.87064,47.45293],[8.8711,47.45314]],[[8.87064,47.45293],[8.87112,47.45255]],[[8.8711,47.45314],[8.87194,47.45324],[8.87252,47.45298]],[[8.8711,47.45314],[8.872,47.4546]],[[8.87114,47.44558],[8.87215,47.44613],[8.87258,47.447],[8.8735,47.44771],[8.87452,47.44828],[8.87533,47.44831],[8.8757,47.44859]],[[8.87114,47.44558],[8.87168,47.44532]],[[8.87058,47.40008],[8.87041,47.39968],[8.87075,47.39906],[8.87067,47.39871],[8.86997,47.39782],[8.86987,47.39725]],[[8.86987,47.39725],[8.87004,47.39685],[8.87033,47.39676]],[[8.871,47.4281],[8.87095,47.42726]],[[8.871,47.4281],[8.87194,47.42739]],[[8.87168,47.44532],[8.87319,47.44531],[8.87381,47.44507],[8.87475,47.44504]],[[8.87168,47.44532],[8.87178,47.44501]],[[8.8721,47.4306],[8.8713,47.42994],[8.87133,47.42908]],[[8.87178,47.44494],[8.87179,47.44491]],[[8.87179,47.44494],[8.87179,47.44491]],[[8.87058,47.40008],[8.87119,47.39982],[8.8716,47.39932],[8.87292,47.39907]],[[8.87179,47.44491],[8.87279,47.44354]],[[8.8719,47.41236],[8.87153,47.41288],[8.87181,47.41348],[8.8717,47.41397],[8.87123,47.41439]],[[8.87252,47.45298],[8.87269,47.4523]],[[8.87252,47.45298],[8.87448,47.45271]],[[8.8719,47.41236],[8.87376,47.41352]],[[8.87185,47.40944],[8.87272,47.41014],[8.87191,47.41123],[8.8719,47.41236]],[[8.87185,47.40944],[8.87218,47.40928]],[[8.87218,47.40928],[8.87297,47.40738]],[[8.87218,47.40928],[8.87273,47.40923],[8.87495,47.40942],[8.87583,47.40936]],[[8.87304,47.43359],[8.87445,47.43338],[8.87563,47.43367],[8.87662,47.4336]],[[8.87304,47.43359],[8.87308,47.4335]],[[8.87264,47.4039],[8.87252,47.40267]],[[8.87311,47.40573],[8.87268,47.40501],[8.87264,47.4039]],[[8.87264,47.4039],[8.87355,47.40277]],[[8.87297,47.40738],[8.87271,47.40656],[8.87311,47.40573]],[[8.87297,47.40738],[8.87398,47.40706],[8.8749,47.40631],[8.87551,47.40625],[8.87641,47.40577]],[[8.87292,47.39907],[8.87318,47.39856]],[[8.87292,47.39907],[8.87298,47.39906],[8.87324,47.39909],[8.87338,47.39907],[8.87454,47.39934],[8.87585,47.39935]],[[8.87311,47.40573],[8.87398,47.4048],[8.87445,47.40476]],[[8.87448,47.45271],[8.87542,47.45287],[8.87641,47.45272],[8.87653,47.45252]],[[8.87448,47.45271],[8.87556,47.4518],[8.87609,47.45162]],[[8.87475,47.44504],[8.87518,47.44405]],[[8.87475,47.44504],[8.87475,47.44504],[8.87488,47.44506],[8.87502,47.44507],[8.87511,47.44509],[8.8754,47.44507]],[[8.87352,47.39809],[8.87383,47.39705]],[[8.87369,47.40252],[8.87384,47.40223]],[[8.87736,47.43513],[8.87745,47.43552],[8.87669,47.43764],[8.87666,47.43855],[8.87522,47.43929],[8.87489,47.44037],[8.875,47.44095]],[[8.8754,47.44507],[8.87843,47.44556]],[[8.8754,47.44507],[8.8756,47.44505],[8.87596,47.44509],[8.87662,47.44459],[8.87756,47.44434]],[[8.87445,47.40476],[8.87534,47.40456],[8.87545,47.40421]],[[8.87445,47.40476],[8.87525,47.40419],[8.87545,47.40421]],[[8.87687,47.4309],[8.87597,47.43026],[8.87558,47.42868],[8.87557,47.42638]],[[8.87545,47.40421],[8.87576,47.40384],[8.87656,47.40365]],[[8.87583,47.40936],[8.87588,47.40988],[8.87733,47.41028],[8.8772,47.41072],[8.87748,47.41113]],[[8.87583,47.40936],[8.87784,47.40909]],[[8.87662,47.4336],[8.87708,47.43366]],[[8.87662,47.4336],[8.87722,47.43182],[8.87687,47.4309]],[[8.87585,47.39935],[8.87603,47.39951]],[[8.87585,47.39935],[8.87733,47.39888],[8.87828,47.39828],[8.87999,47.39816],[8.88097,47.39768]],[[8.87687,47.4309],[8.8771,47.43048],[8.87704,47.42976],[8.87794,47.42831]],[[8.87708,47.43366],[8.87707,47.43371]],[[8.87708,47.43366],[8.87867,47.4338]],[[8.87794,47.42831],[8.87768,47.42739],[8.87703,47.42672]],[[8.8765,47.39967],[8.87682,47.3997],[8.87717,47.40013]],[[8.87721,47.41267],[8.87697,47.41286],[8.87701,47.41339]],[[8.87721,47.41267],[8.87735,47.41295]],[[8.87737,47.41149],[8.87721,47.41267]],[[8.87794,47.42831],[8.87821,47.42771]],[[8.87843,47.44556],[8.8792,47.44577],[8.88056,47.4457]],[[8.87843,47.44556],[8.87894,47.44507],[8.87949,47.44491]],[[8.87821,47.42771],[8.87829,47.4269],[8.87804,47.42634]],[[8.87821,47.42771],[8.87928,47.4274],[8.87965,47.42709]],[[8.87784,47.40909],[8.87873,47.40778]],[[8.87784,47.40909],[8.87797,47.40908],[8.87844,47.40909],[8.87856,47.40915],[8.87878,47.40977],[8.88003,47.40957]],[[8.87867,47.4338],[8.88004,47.43444],[8.88573,47.43626]],[[8.87867,47.4338],[8.87882,47.4337]],[[8.8791,47.40662],[8.87835,47.4056]],[[8.87921,47.43313],[8.88029,47.43243],[8.8817,47.432],[8.88299,47.43134],[8.8838,47.43048],[8.88379,47.43018]],[[8.87873,47.40778],[8.8798,47.40775],[8.8808,47.40744]],[[8.87873,47.40778],[8.87872,47.40723],[8.8791,47.40662]],[[8.8791,47.40662],[8.88021,47.40544]],[[8.88689,47.43798],[8.88395,47.43965],[8.88099,47.44159],[8.88043,47.44218]],[[8.87969,47.41206],[8.87995,47.4127]],[[8.88004,47.4107],[8.87977,47.41099],[8.87973,47.4117]],[[8.88021,47.40544],[8.87976,47.40525]],[[8.88003,47.40957],[8.88022,47.41017]],[[8.88003,47.40957],[8.88,47.40918],[8.88075,47.40871],[8.88121,47.40802]],[[8.88022,47.41017],[8.88012,47.41049]],[[8.88022,47.41017],[8.88076,47.41037],[8.88151,47.41115]],[[8.88033,47.40535],[8.88014,47.40465]],[[8.88021,47.40544],[8.88033,47.40535]],[[8.88033,47.40535],[8.8805,47.40526]],[[8.8805,47.40526],[8.88209,47.40504]],[[8.8805,47.40526],[8.88076,47.40471]],[[8.88372,47.42804],[8.88162,47.42719],[8.88143,47.4268]],[[8.88151,47.41115],[8.88229,47.41073],[8.88366,47.41092],[8.88377,47.41034],[8.88438,47.4097]],[[8.88151,47.41115],[8.88157,47.41122]],[[8.88178,47.41172],[8.88195,47.41212]],[[8.88355,47.40051],[8.88181,47.40057]],[[8.88197,47.39949],[8.88154,47.39865],[8.88185,47.39814]],[[8.88355,47.40051],[8.88222,47.39968]],[[8.8836,47.42721],[8.88326,47.42696],[8.88325,47.42614],[8.88301,47.42591]],[[8.88494,47.40916],[8.8835,47.40832],[8.8826,47.40825]],[[8.88445,47.40052],[8.88349,47.39984],[8.8827,47.39897]],[[8.88643,47.41179],[8.8851,47.41253],[8.88453,47.41335],[8.88291,47.41467],[8.88265,47.41587],[8.88325,47.41693]],[[8.88372,47.42804],[8.8836,47.42721]],[[8.8836,47.42721],[8.8836,47.42669],[8.88438,47.4258]],[[8.88417,47.42899],[8.88372,47.42804]],[[8.88379,47.43018],[8.88417,47.42899]],[[8.88379,47.43018],[8.88382,47.43017],[8.88484,47.43028],[8.88522,47.43033],[8.88582,47.43029],[8.88659,47.42997],[8.88772,47.42889],[8.88825,47.42867]],[[8.88549,47.40815],[8.88429,47.40754],[8.88401,47.40679],[8.88343,47.40645],[8.88336,47.40617]],[[8.88417,47.42899],[8.88486,47.4287],[8.88552,47.4279]],[[8.88449,47.40085],[8.88355,47.40051]],[[8.88566,47.40229],[8.88531,47.40247],[8.88408,47.40255]],[[8.88438,47.4097],[8.88505,47.40993],[8.88514,47.41051],[8.88633,47.41129],[8.88643,47.41179]],[[8.88438,47.4097],[8.88494,47.40916]],[[8.88449,47.40085],[8.88445,47.40052]],[[8.88445,47.40052],[8.88445,47.39963],[8.88476,47.39908]],[[8.88481,47.40115],[8.88449,47.40085]],[[8.88494,47.40916],[8.88583,47.40867],[8.88549,47.40815]],[[8.88476,47.39908],[8.88466,47.39841]],[[8.88873,47.4132],[8.88781,47.4144],[8.88592,47.41568],[8.88518,47.41657]],[[8.88573,47.43626],[8.88772,47.43689]],[[8.88573,47.43626],[8.88671,47.43485]],[[8.88552,47.4279],[8.88593,47.42512]],[[8.88552,47.4279],[8.88639,47.42742]],[[8.88688,47.4066],[8.88668,47.40619],[8.8849,47.40474]],[[8.88516,47.40148],[8.88481,47.40115]],[[8.88481,47.40115],[8.88582,47.4],[8.88655,47.39949]],[[8.88476,47.39908],[8.88554,47.39832]],[[8.88578,47.40244],[8.88529,47.40253],[8.88496,47.40301]],[[8.88566,47.40229],[8.88516,47.40148]],[[8.88516,47.40148],[8.88534,47.40124],[8.88678,47.40066],[8.88729,47.40018]],[[8.88549,47.40815],[8.88619,47.40789],[8.88609,47.40735],[8.88654,47.40689]],[[8.88847,47.41817],[8.88749,47.41786],[8.88582,47.41791]],[[8.88578,47.40244],[8.88566,47.40229]],[[8.88639,47.42742],[8.8869,47.42669]],[[8.88639,47.42742],[8.88815,47.42712],[8.88846,47.42691]],[[8.88641,47.40273],[8.88578,47.40244]],[[8.88856,47.4224],[8.88811,47.4227],[8.8867,47.42286]],[[8.88643,47.41179],[8.88696,47.41214],[8.88804,47.4124],[8.88842,47.41272]],[[8.88847,47.41817],[8.88678,47.41979]],[[8.88762,47.4032],[8.88641,47.40273]],[[8.88641,47.40273],[8.88704,47.40178],[8.88783,47.4011],[8.88823,47.40099]],[[8.88654,47.40689],[8.8877,47.40757]],[[8.88654,47.40689],[8.88688,47.4066]],[[8.88711,47.42653],[8.88813,47.42549]],[[8.88772,47.43689],[8.88769,47.43697]],[[8.88688,47.4066],[8.88732,47.40613],[8.88826,47.40567],[8.88826,47.40528],[8.88871,47.40518]],[[8.88772,47.43689],[8.88976,47.43755],[8.8908,47.43822]],[[8.88856,47.4224],[8.88739,47.42183]],[[8.88806,47.43331],[8.88925,47.43256],[8.89065,47.43128],[8.89143,47.42995]],[[8.88871,47.40518],[8.88905,47.40493],[8.88909,47.40435],[8.88762,47.4032]],[[8.88762,47.4032],[8.88854,47.40217],[8.88857,47.40185]],[[8.88804,47.40765],[8.89021,47.40852],[8.89213,47.40861],[8.89294,47.409]],[[8.88998,47.42222],[8.88856,47.4224]],[[8.89349,47.41743],[8.89253,47.41782],[8.88847,47.41817]],[[8.88842,47.41272],[8.88873,47.4132]],[[8.88842,47.41272],[8.88901,47.41231],[8.8902,47.41206]],[[8.88914,47.39887],[8.88809,47.39812]],[[8.88998,47.42222],[8.88887,47.42441]],[[8.88873,47.4132],[8.88957,47.4134]],[[8.88871,47.40518],[8.88922,47.40552],[8.88989,47.40514],[8.88951,47.40444],[8.88986,47.40443],[8.89023,47.40483],[8.89097,47.40428]],[[8.89062,47.42187],[8.88916,47.42118]],[[8.88914,47.39887],[8.88898,47.39712]],[[8.89105,47.40208],[8.88946,47.39984],[8.88914,47.39887]],[[8.88957,47.4134],[8.89024,47.41402],[8.891,47.41433]],[[8.88957,47.4134],[8.8915,47.41205],[8.89217,47.4119]],[[8.89062,47.42187],[8.88998,47.42222]],[[8.89143,47.42995],[8.89129,47.42959],[8.89029,47.42877]],[[8.8908,47.43822],[8.891,47.43824]],[[8.8908,47.43822],[8.89355,47.43976]],[[8.89161,47.42137],[8.89052,47.42079]],[[8.89082,47.42183],[8.89076,47.42187],[8.89064,47.42188],[8.89062,47.42187]],[[8.89082,47.42183],[8.89203,47.42382]],[[8.89161,47.42137],[8.89082,47.42183]],[[8.89274,47.4209],[8.89238,47.42061],[8.8911,47.42026]],[[8.891,47.41433],[8.89196,47.41493]],[[8.891,47.41433],[8.89194,47.41387],[8.8935,47.41266]],[[8.89143,47.42995],[8.89205,47.42939]],[[8.89097,47.40428],[8.89244,47.40444],[8.89329,47.40504],[8.89369,47.40544],[8.89369,47.40614],[8.89446,47.40775],[8.89525,47.40852]],[[8.89097,47.40428],[8.89139,47.40395],[8.89252,47.40384],[8.89266,47.40347]],[[8.89266,47.40347],[8.89105,47.40208]],[[8.89105,47.40208],[8.89136,47.40204],[8.89185,47.40151]],[[8.89237,47.42114],[8.89161,47.42137]],[[8.89196,47.41493],[8.89291,47.41615]],[[8.89196,47.41493],[8.89324,47.41403],[8.89561,47.41325]],[[8.89237,47.42114],[8.89309,47.42202],[8.89357,47.42312]],[[8.89274,47.4209],[8.89237,47.42114]],[[8.89536,47.41944],[8.89274,47.4209]],[[8.89206,47.39579],[8.89208,47.39517]],[[8.89337,47.39767],[8.89287,47.39706],[8.89297,47.39679],[8.89256,47.39669],[8.89221,47.39616]],[[8.89291,47.41615],[8.89358,47.4171],[8.89351,47.41734]],[[8.89291,47.41615],[8.89339,47.41608],[8.89648,47.4145]],[[8.89266,47.40347],[8.89303,47.4033],[8.89317,47.40298],[8.8949,47.40288]],[[8.89349,47.41743],[8.89483,47.41826]],[[8.89351,47.41734],[8.89349,47.41743]],[[8.89523,47.39988],[8.89394,47.3987],[8.89337,47.39767]],[[8.89337,47.39767],[8.89346,47.39704]],[[8.89512,47.4028],[8.89383,47.4012]],[[8.8951,47.44021],[8.89528,47.44011]],[[8.89483,47.41826],[8.89536,47.41826],[8.89606,47.41778]],[[8.89483,47.41826],[8.89538,47.41917]],[[8.8971,47.4264],[8.89543,47.42622]],[[8.89584,47.4397],[8.89743,47.43909]],[[8.8949,47.40288],[8.89501,47.40295]],[[8.8949,47.40288],[8.89512,47.4028]],[[8.89536,47.41944],[8.89556,47.41946],[8.8957,47.41939],[8.89587,47.41942],[8.8973,47.4204]],[[8.89538,47.41917],[8.89536,47.41944]],[[8.89538,47.41917],[8.89548,47.41919],[8.89594,47.41913],[8.89762,47.41876],[8.89784,47.41878],[8.89892,47.41836]],[[8.89525,47.40852],[8.89615,47.40926]],[[8.89525,47.40852],[8.89623,47.40801],[8.89779,47.4076]],[[8.89512,47.4028],[8.8962,47.4023],[8.89658,47.40154]],[[8.89619,47.41748],[8.89609,47.41717],[8.89557,47.41684]],[[8.8973,47.4204],[8.89668,47.42124],[8.89571,47.42181]],[[8.89611,47.40087],[8.89523,47.39988]],[[8.89523,47.39988],[8.89643,47.39909]],[[8.89633,47.43259],[8.89652,47.4319],[8.8973,47.43115],[8.89866,47.43028],[8.89934,47.43032]],[[8.89606,47.41778],[8.89619,47.41748]],[[8.89606,47.41778],[8.89649,47.4176],[8.89811,47.41754],[8.90046,47.41652]],[[8.89568,47.40323],[8.89603,47.40333],[8.8968,47.40318],[8.89706,47.4033],[8.8983,47.40524]],[[8.89619,47.41748],[8.89634,47.4175],[8.8965,47.41709],[8.89759,47.41634],[8.90024,47.4152],[8.90126,47.41444],[8.90207,47.41414]],[[8.8971,47.4264],[8.89708,47.42684],[8.89654,47.42765]],[[8.89615,47.40926],[8.8973,47.41009]],[[8.89615,47.40926],[8.89823,47.4086]],[[8.89658,47.40154],[8.89611,47.40087]],[[8.89611,47.40087],[8.8969,47.4]],[[8.89743,47.43909],[8.89745,47.4391]],[[8.89743,47.43909],[8.9001,47.43844],[8.90144,47.43751],[8.90213,47.43668]],[[8.89885,47.42457],[8.8971,47.4264]],[[8.89658,47.40154],[8.89691,47.40154],[8.89701,47.40153],[8.8975,47.40186],[8.89805,47.4017],[8.89908,47.40216],[8.89997,47.40186],[8.90012,47.40142]],[[8.8973,47.4204],[8.89755,47.42038],[8.89793,47.42047],[8.8983,47.42042],[8.89848,47.42048]],[[8.89722,47.39387],[8.8966,47.39351]],[[8.89799,47.43937],[8.90032,47.43998],[8.90231,47.43984],[8.90278,47.44002],[8.90327,47.4397],[8.90437,47.43948]],[[8.89896,47.4244],[8.89825,47.42424],[8.89767,47.42432]],[[8.8973,47.41009],[8.89817,47.41125]],[[8.8973,47.41009],[8.90013,47.40917]],[[8.89934,47.42239],[8.89775,47.42294]],[[8.89824,47.39549],[8.89722,47.39387]],[[8.89722,47.39387],[8.89735,47.39305]],[[8.89817,47.41125],[8.89821,47.41238],[8.89872,47.41281],[8.89943,47.4131],[8.90022,47.41282]],[[8.89817,47.41125],[8.89822,47.41124],[8.89885,47.41132],[8.89962,47.41125]],[[8.89848,47.42048],[8.89866,47.42136],[8.89934,47.42239]],[[8.89848,47.42048],[8.89915,47.4202],[8.9015,47.41981]],[[8.8983,47.40524],[8.89987,47.40553]],[[8.8983,47.40524],[8.89827,47.40592],[8.89902,47.40658]],[[8.89885,47.42457],[8.89959,47.42523],[8.90028,47.42549],[8.90136,47.42659]],[[8.89896,47.4244],[8.89885,47.42457]],[[8.90027,47.42363],[8.89896,47.4244]],[[8.8983,47.39733],[8.89824,47.39549]],[[8.89824,47.39549],[8.89879,47.39477]],[[8.89973,47.39942],[8.89876,47.39836],[8.8983,47.39733]],[[8.8983,47.39733],[8.89946,47.39682]],[[8.89992,47.43463],[8.89931,47.4333]],[[8.89934,47.42239],[8.89995,47.42292],[8.90027,47.42363]],[[8.89879,47.39477],[8.8986,47.39438],[8.89876,47.39391]],[[8.89879,47.39477],[8.90035,47.39415]],[[8.89962,47.41125],[8.90083,47.41083],[8.90147,47.41087],[8.90176,47.4111]],[[8.89962,47.41125],[8.90018,47.41166]],[[8.90027,47.42363],[8.90177,47.42427]],[[8.89998,47.39973],[8.89973,47.39942]],[[8.89973,47.39942],[8.90056,47.39893],[8.90108,47.39808]],[[8.90012,47.40142],[8.90022,47.4013],[8.90054,47.40119],[8.90058,47.40081],[8.89998,47.39973]],[[8.89998,47.39973],[8.90127,47.39912]],[[8.90012,47.40142],[8.90014,47.4014],[8.90023,47.40142],[8.90066,47.40177],[8.90136,47.40186],[8.90183,47.40182],[8.90218,47.40155]],[[8.90172,47.43208],[8.90097,47.43182]],[[8.90172,47.43208],[8.90126,47.43142]],[[8.90282,47.43387],[8.90275,47.43332],[8.90172,47.43208]],[[8.90201,47.43622],[8.90195,47.4362]],[[8.9015,47.41981],[8.90244,47.41986]],[[8.9015,47.41981],[8.9014,47.41923],[8.90232,47.41853]],[[8.90213,47.43668],[8.90201,47.43622]],[[8.90201,47.43622],[8.90214,47.43508],[8.90269,47.43457],[8.90282,47.43387]],[[8.90177,47.42427],[8.90245,47.4245]],[[8.90177,47.42427],[8.90292,47.42344]],[[8.90213,47.43668],[8.90279,47.43661],[8.90369,47.43623]],[[8.90231,47.41833],[8.90219,47.41806]],[[8.90245,47.4245],[8.90388,47.42475]],[[8.90245,47.4245],[8.90227,47.42519],[8.903,47.42575]],[[8.90232,47.41853],[8.90231,47.41833]],[[8.90231,47.41833],[8.90247,47.41811]],[[8.90232,47.41853],[8.90281,47.41818]],[[8.90282,47.43387],[8.90317,47.43291],[8.90404,47.43218],[8.90487,47.43181]],[[8.90244,47.41986],[8.90414,47.42004],[8.90469,47.41993]],[[8.90244,47.41986],[8.90262,47.42092]],[[8.90218,47.40155],[8.90252,47.4017],[8.90257,47.40238],[8.90331,47.4025],[8.90349,47.4024]],[[8.90218,47.40155],[8.90292,47.40109],[8.90292,47.40068]],[[8.90369,47.43623],[8.90433,47.43645],[8.90512,47.43643]],[[8.90369,47.43623],[8.90389,47.43569],[8.90624,47.43439]],[[8.90306,47.40053],[8.9036,47.39973],[8.90345,47.39912]],[[8.9058,47.42821],[8.90433,47.4287],[8.90393,47.42924]],[[8.90388,47.42475],[8.90551,47.42577]],[[8.90388,47.42475],[8.90445,47.42415],[8.90533,47.4239]],[[8.90349,47.4024],[8.90349,47.40237]],[[8.90349,47.4024],[8.90354,47.40238]],[[8.90589,47.42768],[8.90426,47.42782]],[[8.9036,47.40237],[8.90441,47.40287],[8.90455,47.40482],[8.90588,47.40613]],[[8.90588,47.40613],[8.90525,47.40689],[8.90432,47.40743]],[[8.90469,47.41993],[8.90491,47.42]],[[8.90469,47.41993],[8.9043,47.41829],[8.90456,47.41657],[8.90498,47.41599],[8.90572,47.41572],[8.90635,47.41575],[8.90655,47.41551]],[[8.90491,47.42],[8.90462,47.4202],[8.90492,47.42098]],[[8.90491,47.42],[8.90571,47.42002]],[[8.90551,47.42577],[8.9064,47.42573],[8.90645,47.4259],[8.90674,47.42591],[8.9068,47.42571],[8.90725,47.4257]],[[8.90551,47.42577],[8.90541,47.42629],[8.90589,47.42768]],[[8.9058,47.42821],[8.90554,47.42916],[8.90614,47.43035]],[[8.90587,47.42777],[8.9058,47.42821]],[[8.90864,47.40859],[8.90795,47.40907],[8.90714,47.40912],[8.90593,47.40957],[8.90537,47.41024]],[[8.90587,47.42777],[8.9072,47.42793]],[[8.90589,47.42768],[8.90587,47.42777]],[[8.90571,47.42002],[8.90622,47.42061]],[[8.90571,47.42002],[8.90598,47.41994]],[[8.90624,47.43439],[8.90626,47.43382]],[[8.90624,47.43439],[8.90678,47.43404],[8.90818,47.43412],[8.90882,47.43399]],[[8.90626,47.43382],[8.9065,47.43267]],[[8.90626,47.43382],[8.90726,47.43343]],[[8.90598,47.41994],[8.90821,47.42006]],[[8.90598,47.41994],[8.90644,47.41868]],[[8.90588,47.40613],[8.90655,47.40695],[8.90763,47.40758],[8.90864,47.40859]],[[8.90644,47.41868],[8.90705,47.41734]],[[8.90644,47.41868],[8.90742,47.41844],[8.90815,47.41784]],[[8.90954,47.41002],[8.90805,47.41044],[8.90642,47.41127]],[[8.90725,47.4257],[8.90776,47.42604],[8.90864,47.42629],[8.90896,47.42685],[8.90971,47.42724]],[[8.90725,47.4257],[8.90882,47.42479],[8.90937,47.42463],[8.91066,47.42472]],[[8.90925,47.41165],[8.90697,47.4122]],[[8.90723,47.41718],[8.90775,47.41673]],[[8.90796,47.43676],[8.90862,47.43651],[8.90905,47.43665]],[[8.90821,47.42006],[8.91072,47.42078],[8.9114,47.42059],[8.91236,47.41998]],[[8.90821,47.42006],[8.90883,47.41927],[8.91061,47.41845]],[[8.90925,47.41165],[8.9087,47.41265],[8.90864,47.41414]],[[8.90864,47.40859],[8.90947,47.40912],[8.90954,47.41002]],[[8.91009,47.41092],[8.90925,47.41165]],[[8.90954,47.41002],[8.91009,47.41092]],[[8.91009,47.41092],[8.9108,47.4119],[8.91123,47.41209]],[[8.91061,47.41845],[8.91074,47.41767]],[[8.91061,47.41845],[8.91161,47.41817]],[[8.91123,47.41209],[8.91062,47.41253],[8.91003,47.41374],[8.91069,47.4147]],[[8.91123,47.41209],[8.91149,47.41237],[8.91262,47.41275],[8.91292,47.41393]]]}},{"type":"Feature","properties":{"id":"toess-105-zh","c":"ZH","p":"pacht","q":"official","k":"river"},"geometry":{"type":"MultiLineString","coordinates":[[[8.78257,47.44013],[8.78187,47.44024],[8.78095,47.44006]],[[8.78257,47.44013],[8.7818,47.43907],[8.78125,47.43885]],[[8.78547,47.44057],[8.78501,47.44046],[8.78387,47.4407],[8.7833,47.4406],[8.78257,47.44013]],[[8.78528,47.43938],[8.78435,47.43936],[8.78386,47.43881]],[[8.78492,47.43647],[8.78444,47.43632],[8.78398,47.43513]],[[8.78473,47.44612],[8.78436,47.44616]],[[8.78538,47.44604],[8.78508,47.44615],[8.78473,47.44612]],[[8.78538,47.44604],[8.78473,47.44612]],[[8.78528,47.43938],[8.78514,47.439],[8.78539,47.43837],[8.7851,47.43791],[8.78533,47.43697],[8.78492,47.43647]],[[8.78492,47.43647],[8.78496,47.43627],[8.78536,47.43615]],[[8.78587,47.44576],[8.78538,47.44604]],[[8.78547,47.44057],[8.78556,47.43976],[8.78528,47.43938]],[[8.78736,47.44565],[8.78694,47.44509],[8.78598,47.44447],[8.78526,47.4432],[8.78595,47.44129],[8.78547,47.44057]],[[8.78687,47.45571],[8.7874,47.45514]],[[8.7874,47.45514],[8.78809,47.45416],[8.7889,47.45363],[8.79,47.45338],[8.79263,47.45324],[8.79336,47.45299],[8.79407,47.45229],[8.79408,47.45157]],[[8.7874,47.45514],[8.78799,47.45513],[8.78913,47.45617],[8.79027,47.45675],[8.79179,47.4564],[8.79251,47.45597],[8.79338,47.45609]],[[8.78794,47.44746],[8.78728,47.4475]],[[8.78736,47.44565],[8.78732,47.44563]],[[8.78871,47.44745],[8.78761,47.44627],[8.78736,47.44565]],[[8.78844,47.43671],[8.7878,47.43635]],[[8.78871,47.44745],[8.78871,47.44745]],[[8.78908,47.44019],[8.78848,47.43909],[8.78866,47.43874],[8.78832,47.43817],[8.78844,47.43671]],[[8.78844,47.43671],[8.78869,47.43634]],[[8.7896,47.44789],[8.78871,47.44745]],[[8.79014,47.44005],[8.7901,47.43972],[8.7892,47.43922],[8.78913,47.43827]],[[8.78913,47.43827],[8.7893,47.43781]],[[8.78913,47.43827],[8.78946,47.43788]],[[8.79126,47.44907],[8.79068,47.4491],[8.7896,47.44789]],[[8.7896,47.44789],[8.78954,47.44725],[8.79017,47.44622]],[[8.79009,47.44019],[8.79014,47.44005]],[[8.79014,47.44005],[8.79072,47.44007],[8.79145,47.43994],[8.79129,47.43954],[8.79075,47.43924],[8.7909,47.439],[8.79057,47.43841],[8.79076,47.438]],[[8.79077,47.44919],[8.79207,47.45065]],[[8.79408,47.45157],[8.79126,47.44907]],[[8.79126,47.44907],[8.79038,47.44813],[8.79021,47.44755],[8.79064,47.44652],[8.79147,47.44599]],[[8.79147,47.44599],[8.79146,47.44593]],[[8.79147,47.44599],[8.79251,47.44567]],[[8.79251,47.44567],[8.79285,47.44581]],[[8.79251,47.44567],[8.79603,47.4447],[8.79752,47.4441],[8.79871,47.4434],[8.80098,47.44159]],[[8.79338,47.45609],[8.79317,47.4564],[8.79395,47.45735]],[[8.79338,47.45609],[8.79433,47.45564],[8.79557,47.45547],[8.79618,47.45507],[8.79823,47.45465]],[[8.79408,47.45157],[8.7943,47.4513]],[[8.79486,47.45097],[8.79651,47.45056],[8.7979,47.45108]],[[8.79761,47.44636],[8.79846,47.44627]],[[8.79823,47.45465],[8.79935,47.45487],[8.79974,47.45538],[8.80046,47.45561],[8.80133,47.45632]],[[8.79823,47.45465],[8.79872,47.45401]],[[8.79872,47.45401],[8.79915,47.45313]],[[8.79872,47.45401],[8.79991,47.45387]],[[8.79876,47.44778],[8.79872,47.4483]],[[8.79874,47.44851],[8.79891,47.44893]],[[8.79889,47.44638],[8.79922,47.44677]],[[8.79947,47.44685],[8.79956,47.44718],[8.80094,47.4478]],[[8.80133,47.45632],[8.80157,47.45692],[8.80115,47.45775]],[[8.80094,47.4478],[8.80141,47.44764],[8.8027,47.44795]],[[8.80094,47.4478],[8.80102,47.44839],[8.80155,47.44909]],[[8.80133,47.45632],[8.8017,47.45625],[8.80201,47.45635]],[[8.80098,47.44159],[8.80088,47.44115],[8.80197,47.44051]],[[8.80098,47.44159],[8.80268,47.44065],[8.8037,47.4405],[8.80468,47.44058],[8.80707,47.44124],[8.80797,47.44181],[8.80875,47.44264]],[[8.80201,47.45635],[8.80208,47.45676],[8.80324,47.45775]],[[8.80201,47.45635],[8.80215,47.45621],[8.80329,47.45629],[8.80387,47.45615]],[[8.80197,47.44051],[8.80263,47.44001]],[[8.80197,47.44051],[8.80347,47.44026]],[[8.80275,47.44811],[8.8028,47.44831]],[[8.80415,47.43851],[8.80328,47.43743],[8.80301,47.43741]],[[8.80387,47.45615],[8.80459,47.45756],[8.80517,47.45803],[8.80576,47.45794]],[[8.80387,47.45615],[8.80462,47.45583]],[[8.80462,47.45583],[8.80434,47.4551]],[[8.80414,47.4387],[8.80415,47.43851]],[[8.80415,47.43851],[8.80443,47.4361]],[[8.80462,47.45583],[8.80573,47.45558],[8.80715,47.45555],[8.80804,47.45527]],[[8.80478,47.4402],[8.80518,47.43871],[8.80589,47.43872]],[[8.80589,47.43872],[8.80679,47.43924],[8.8077,47.4395]],[[8.80589,47.43872],[8.80743,47.43835],[8.80811,47.43776]],[[8.80804,47.45527],[8.80797,47.45488]],[[8.80804,47.45527],[8.80812,47.45526],[8.80823,47.45529],[8.80842,47.45538],[8.81022,47.45547]],[[8.8077,47.4395],[8.80828,47.43981],[8.809,47.43975]],[[8.8077,47.4395],[8.80771,47.43949]],[[8.80852,47.43751],[8.80849,47.43706],[8.80799,47.43638],[8.80801,47.43536],[8.80777,47.43501]],[[8.80797,47.43932],[8.80905,47.43884]],[[8.80811,47.43776],[8.80819,47.43764],[8.8084,47.43761]],[[8.80811,47.43776],[8.8084,47.43761]],[[8.8084,47.43761],[8.80852,47.43751]],[[8.80875,47.44264],[8.80864,47.44292]],[[8.80852,47.43751],[8.8094,47.43701],[8.80939,47.43614]],[[8.80875,47.44264],[8.81005,47.44389],[8.81128,47.44436],[8.81279,47.44429],[8.81398,47.44364]],[[8.80923,47.44731],[8.80893,47.44732],[8.80864,47.44769],[8.80871,47.44856],[8.80897,47.44893]],[[8.809,47.43975],[8.81115,47.43999]],[[8.809,47.43975],[8.80959,47.43913],[8.81023,47.43893]],[[8.81036,47.44672],[8.81004,47.44692]],[[8.81099,47.44683],[8.81132,47.447],[8.81134,47.44757],[8.81185,47.44797],[8.81177,47.44871],[8.81211,47.4502],[8.81346,47.45077],[8.8141,47.4508]],[[8.81398,47.44364],[8.81403,47.44365]],[[8.81398,47.44364],[8.8145,47.44306]],[[8.81748,47.45595],[8.81817,47.45616]],[[8.81846,47.45619],[8.82002,47.45631],[8.82055,47.45654]]]}},{"type":"Feature","properties":{"id":"toess-106-zh","c":"ZH","p":"private","q":"official","k":"river"},"geometry":{"type":"MultiLineString","coordinates":[[[8.74651,47.45645],[8.7458,47.45615],[8.74551,47.4557]],[[8.74662,47.46145],[8.74782,47.46131]],[[8.74903,47.4588],[8.74735,47.45688],[8.74651,47.45645]],[[8.74651,47.45645],[8.74668,47.45592]],[[8.74681,47.45589],[8.74733,47.45564]],[[8.74936,47.46222],[8.74702,47.462]],[[8.74782,47.46131],[8.74874,47.46158],[8.74936,47.46222]],[[8.74782,47.46131],[8.74833,47.46068],[8.74857,47.45935],[8.74903,47.4588]],[[8.74903,47.4588],[8.75031,47.45706]],[[8.74998,47.46217],[8.74929,47.46174]],[[8.74936,47.46222],[8.75228,47.46791],[8.75271,47.46837]],[[8.75607,47.46579],[8.75569,47.46588],[8.75003,47.46221],[8.74936,47.46222]],[[8.75031,47.45706],[8.74964,47.45647],[8.74953,47.45578]],[[8.75066,47.45092],[8.7501,47.45088],[8.74994,47.45069]],[[8.75031,47.45706],[8.751,47.45649],[8.75183,47.45615],[8.75225,47.45537]],[[8.75066,47.45092],[8.75063,47.45084]],[[8.75078,47.45097],[8.75066,47.45092]],[[8.75117,47.45183],[8.75078,47.45097]],[[8.75078,47.45097],[8.7508,47.45063]],[[8.75225,47.45537],[8.752,47.45468],[8.752,47.45297],[8.75149,47.45258],[8.75117,47.45183]],[[8.75117,47.45183],[8.75173,47.45163]],[[8.75405,47.4688],[8.75376,47.46932],[8.754,47.47008],[8.75385,47.47143],[8.75299,47.47255],[8.75252,47.47414]],[[8.75225,47.45537],[8.75277,47.45521]],[[8.75271,47.46837],[8.75271,47.46838]],[[8.75271,47.46837],[8.75405,47.4688]],[[8.75277,47.45521],[8.75294,47.45503]],[[8.75277,47.45521],[8.7532,47.45512]],[[8.75405,47.4688],[8.75433,47.4688],[8.75465,47.46877],[8.75508,47.46869],[8.75569,47.46837],[8.75821,47.4657],[8.75832,47.46481],[8.7577,47.46312]],[[8.75584,47.459],[8.75514,47.45862]],[[8.75584,47.459],[8.75553,47.45846]],[[8.75692,47.45984],[8.75584,47.459]],[[8.75852,47.45452],[8.75733,47.45395]],[[8.7577,47.46312],[8.75758,47.46295]],[[8.7577,47.46312],[8.75845,47.46221],[8.7659,47.45897]],[[8.759,47.45896],[8.75786,47.45835]],[[8.75852,47.45452],[8.7578,47.45364]],[[8.75811,47.46284],[8.75918,47.4623],[8.75942,47.4624]],[[8.75942,47.4624],[8.7587,47.4629],[8.75825,47.46367]],[[8.7601,47.45823],[8.76001,47.45808],[8.75939,47.45802],[8.75878,47.45739],[8.75833,47.4573]],[[8.76093,47.45633],[8.76048,47.45624],[8.75852,47.45452]],[[8.76705,47.45976],[8.76197,47.4612],[8.76171,47.46114],[8.75942,47.4624]],[[8.76093,47.45633],[8.76075,47.45528]],[[8.76144,47.45711],[8.7611,47.45644],[8.761,47.45639],[8.76095,47.45634],[8.76093,47.45633],[8.76093,47.45633]],[[8.76588,47.4568],[8.76554,47.45608],[8.76581,47.45503],[8.7655,47.45437]],[[8.7659,47.45897],[8.76584,47.45872]],[[8.7659,47.45897],[8.76927,47.45728]],[[8.76979,47.459],[8.76705,47.45976]],[[8.76979,47.459],[8.76979,47.459],[8.76705,47.45976]],[[8.76927,47.45728],[8.76929,47.45728]],[[8.76927,47.45728],[8.77516,47.45452],[8.77636,47.45421],[8.77772,47.45419]],[[8.77101,47.45822],[8.77039,47.45883],[8.76979,47.459]],[[8.77029,47.45886],[8.76979,47.459]],[[8.771,47.45817],[8.77103,47.45819]],[[8.77101,47.45822],[8.77101,47.45822]],[[8.77109,47.45826],[8.77109,47.45826]],[[8.77112,47.45823],[8.77112,47.45823]],[[8.77114,47.45821],[8.7716,47.45773],[8.77136,47.45751],[8.77511,47.45534],[8.77735,47.45485],[8.77784,47.45494],[8.77855,47.45467],[8.7795,47.45479],[8.78094,47.45529]],[[8.77772,47.45419],[8.77896,47.4544]],[[8.77772,47.45419],[8.77778,47.45397]],[[8.778,47.45388],[8.77925,47.45359],[8.77924,47.45318]],[[8.77876,47.45449],[8.77896,47.4544]],[[8.77896,47.4544],[8.77932,47.45446]],[[8.77896,47.4544],[8.78052,47.45371]],[[8.77924,47.45318],[8.77892,47.45269]],[[8.77924,47.45318],[8.77958,47.45244]],[[8.77932,47.45446],[8.78256,47.45569],[8.78425,47.45608],[8.78585,47.45613],[8.78687,47.45571]],[[8.77932,47.45446],[8.78066,47.45378]],[[8.78089,47.45124],[8.7803,47.4508],[8.78024,47.4505]],[[8.7805,47.45358],[8.78048,47.45357]],[[8.78049,47.45358],[8.78048,47.45357]],[[8.78048,47.45357],[8.78128,47.45323]],[[8.78066,47.45378],[8.78065,47.45376]],[[8.78066,47.45378],[8.78066,47.45377],[8.78066,47.45376]],[[8.78066,47.45378],[8.78056,47.45366],[8.78302,47.45292]],[[8.78082,47.45064],[8.78081,47.45053]],[[8.78081,47.45053],[8.78082,47.45037]],[[8.78081,47.45053],[8.78096,47.45042]],[[8.78089,47.45124],[8.78082,47.45064]],[[8.78082,47.45064],[8.78101,47.45044]],[[8.78158,47.45177],[8.78089,47.45124]],[[8.78179,47.4507],[8.78148,47.45059]],[[8.78237,47.45286],[8.78218,47.45213],[8.78158,47.45177]],[[8.78158,47.45177],[8.78189,47.45073]],[[8.78179,47.4507],[8.78175,47.45042]],[[8.78189,47.45073],[8.78179,47.4507]],[[8.78194,47.45302],[8.78206,47.45296]],[[8.78189,47.45073],[8.78202,47.45057]],[[8.78302,47.45292],[8.78424,47.45297],[8.78574,47.45261],[8.78603,47.45192],[8.78594,47.45057]],[[8.78302,47.45292],[8.78304,47.45201],[8.78335,47.4515],[8.78321,47.45116],[8.78354,47.45107],[8.78335,47.45042]],[[8.78335,47.45042],[8.78325,47.44996]],[[8.78335,47.45042],[8.7839,47.45015],[8.78398,47.44987]],[[8.78594,47.45057],[8.78625,47.45023],[8.78529,47.44964]],[[8.78594,47.45057],[8.78533,47.45036]],[[8.79207,47.45065],[8.79176,47.45101],[8.78579,47.45258]],[[8.79207,47.45065],[8.79207,47.45065]],[[8.7928,47.4506],[8.79207,47.45065]]]}},{"type":"Feature","properties":{"id":"toess-107-zh","c":"ZH","p":"pacht","q":"official","k":"river"},"geometry":{"type":"MultiLineString","coordinates":[[[8.70869,47.46959],[8.71075,47.46896],[8.72121,47.46867],[8.72281,47.4681],[8.72449,47.46677]],[[8.71245,47.4669],[8.713,47.46679],[8.7128,47.46576]],[[8.71583,47.46823],[8.71607,47.46726],[8.71642,47.46709],[8.71648,47.46672],[8.71623,47.46593],[8.71576,47.4654],[8.71602,47.46491]],[[8.7208,47.46679],[8.72094,47.46583]],[[8.72115,47.4675],[8.72089,47.46696]],[[8.72135,47.46926],[8.72176,47.47011],[8.72263,47.47083]],[[8.72447,47.45956],[8.72223,47.45927],[8.72139,47.45895]],[[8.72697,47.46116],[8.72658,47.46142],[8.72455,47.46168],[8.72357,47.46153],[8.72334,47.46112],[8.72216,47.46076]],[[8.72447,47.45956],[8.72401,47.45976],[8.72273,47.45962],[8.7225,47.45974]],[[8.72449,47.46677],[8.72291,47.4649]],[[8.7267,47.46433],[8.7264,47.46411],[8.72568,47.46408],[8.72437,47.4636]],[[8.72449,47.46677],[8.72703,47.46465],[8.72761,47.4638],[8.72858,47.46327],[8.72893,47.46255],[8.72905,47.46104]],[[8.72541,47.45842],[8.72432,47.45798]],[[8.72621,47.45951],[8.72523,47.4596],[8.72447,47.45956]],[[8.72541,47.45842],[8.72448,47.45704],[8.72462,47.45565]],[[8.72621,47.45951],[8.72561,47.45884],[8.72474,47.45847]],[[8.72643,47.45961],[8.72603,47.45888],[8.72541,47.45842]],[[8.72957,47.45413],[8.72913,47.45423],[8.72706,47.45376],[8.72572,47.45366]],[[8.72549,47.43955],[8.72539,47.43798]],[[8.73115,47.45456],[8.72607,47.45457]],[[8.72965,47.45191],[8.72878,47.45159],[8.72684,47.45189],[8.72601,47.45186]],[[8.72643,47.45961],[8.72621,47.45951]],[[8.72708,47.44478],[8.72599,47.44414],[8.72564,47.44351],[8.72586,47.44318]],[[8.72857,47.46054],[8.72731,47.46018],[8.72713,47.45985],[8.72643,47.45961]],[[8.72728,47.44995],[8.72705,47.44986],[8.7264,47.45017]],[[8.72779,47.44852],[8.72651,47.44834]],[[8.72747,47.44663],[8.7266,47.44661]],[[8.72679,47.44113],[8.72722,47.44033]],[[8.72771,47.44617],[8.72754,47.44552],[8.72704,47.44509],[8.72708,47.44478]],[[8.72708,47.44478],[8.72835,47.44363]],[[8.72957,47.45413],[8.72777,47.4538],[8.72731,47.45348]],[[8.72977,47.45868],[8.72888,47.4583],[8.72809,47.45749],[8.72754,47.45732]],[[8.72884,47.45037],[8.72746,47.4501]],[[8.72779,47.44852],[8.72792,47.44785],[8.72747,47.44663]],[[8.72747,47.44663],[8.72771,47.44617]],[[8.72771,47.44617],[8.72932,47.44597]],[[8.72884,47.45037],[8.72779,47.44852]],[[8.73026,47.45807],[8.72995,47.4577],[8.72825,47.45671]],[[8.72812,47.44002],[8.72808,47.43947],[8.72903,47.43873],[8.73026,47.43873],[8.73217,47.43832]],[[8.72905,47.46104],[8.72894,47.46093]],[[8.72905,47.46104],[8.72916,47.45958],[8.72977,47.45868]],[[8.72952,47.45149],[8.72917,47.45132],[8.72884,47.45037]],[[8.73033,47.45373],[8.73014,47.45409],[8.72957,47.45413]],[[8.72969,47.45178],[8.72952,47.45149]],[[8.72952,47.45149],[8.7301,47.45091],[8.73007,47.45024],[8.73053,47.44924]],[[8.72977,47.45868],[8.73013,47.45842]],[[8.72992,47.45229],[8.72965,47.45191]],[[8.72965,47.45191],[8.72969,47.45178]],[[8.72969,47.45178],[8.73048,47.45143],[8.73182,47.44992]],[[8.7297,47.44332],[8.72917,47.44209],[8.72944,47.44161]],[[8.72956,47.44144],[8.73084,47.44132],[8.73144,47.4409]],[[8.72974,47.446],[8.73086,47.44576],[8.73176,47.44511],[8.73248,47.44421],[8.73376,47.44372]],[[8.72992,47.45229],[8.72995,47.45229],[8.73006,47.45225],[8.73059,47.45218],[8.73063,47.45215],[8.73173,47.45124],[8.73249,47.4502]],[[8.73001,47.45331],[8.72992,47.45229]],[[8.73013,47.45842],[8.73014,47.4583]],[[8.73013,47.45842],[8.73109,47.45804],[8.73219,47.45795]],[[8.73033,47.45373],[8.73001,47.45331]],[[8.73001,47.45331],[8.73339,47.4523],[8.73407,47.45166],[8.7346,47.45154]],[[8.73115,47.45456],[8.73093,47.45392],[8.73033,47.45373]],[[8.73219,47.45795],[8.73215,47.45757],[8.73124,47.45722],[8.73121,47.45642],[8.73091,47.45604],[8.73111,47.45533]],[[8.73111,47.45533],[8.73115,47.45456]],[[8.73111,47.45533],[8.73265,47.45475],[8.73387,47.45367],[8.73553,47.45313]],[[8.73189,47.44991],[8.73192,47.44983]],[[8.73219,47.45795],[8.73363,47.45834],[8.73453,47.45917]],[[8.73747,47.46533],[8.73688,47.4663],[8.73604,47.46695],[8.73534,47.46697],[8.73268,47.46637]],[[8.73436,47.4631],[8.73468,47.46367],[8.7359,47.46483],[8.73747,47.46533]],[[8.73453,47.45917],[8.73469,47.45985],[8.73433,47.46235],[8.73471,47.46297],[8.73538,47.46336],[8.73631,47.46351],[8.74134,47.46349],[8.74272,47.46305],[8.74409,47.46215]],[[8.73453,47.45917],[8.73584,47.45909],[8.73646,47.45872],[8.73659,47.45884],[8.73701,47.45867],[8.73739,47.45821],[8.73746,47.45739]],[[8.73747,47.46533],[8.7396,47.46563],[8.74104,47.46543],[8.74233,47.46613],[8.74316,47.46722],[8.74319,47.4676],[8.74268,47.46817],[8.74279,47.46837],[8.74335,47.46859],[8.74426,47.46824]],[[8.73746,47.45739],[8.73722,47.45557],[8.73833,47.4542],[8.73844,47.45374],[8.73925,47.453],[8.73949,47.45207],[8.74,47.45154]],[[8.73746,47.45739],[8.73805,47.45724]],[[8.74702,47.462],[8.74608,47.46202],[8.74427,47.4625],[8.74296,47.4633],[8.74178,47.46371],[8.73933,47.46383],[8.73801,47.46361]],[[8.73805,47.45724],[8.73846,47.45639],[8.73902,47.45585],[8.73915,47.45511]],[[8.73805,47.45724],[8.74052,47.45717],[8.7412,47.45694]],[[8.74,47.45154],[8.73948,47.45125],[8.7389,47.4504],[8.73852,47.45022]],[[8.74,47.45154],[8.74076,47.45107]],[[8.74099,47.45066],[8.74112,47.45051]],[[8.7412,47.45694],[8.74264,47.45682],[8.74358,47.45645]],[[8.7412,47.45694],[8.74191,47.45652],[8.74211,47.45614]],[[8.74112,47.45051],[8.74202,47.45054]],[[8.74112,47.45051],[8.7416,47.44966],[8.74246,47.449]],[[8.74211,47.45614],[8.74271,47.45526]],[[8.74211,47.45614],[8.7429,47.45594]],[[8.74271,47.45526],[8.74244,47.45505]],[[8.74271,47.45526],[8.74302,47.45522]],[[8.74409,47.46215],[8.74337,47.46136]],[[8.74486,47.45919],[8.74381,47.4586]],[[8.74409,47.46215],[8.74457,47.46196]],[[8.74457,47.46196],[8.7444,47.46141]],[[8.74457,47.46196],[8.74581,47.46164]],[[8.74486,47.45919],[8.74449,47.45833]],[[8.74554,47.46127],[8.74486,47.45919]],[[8.74581,47.46164],[8.74567,47.46145]],[[8.74581,47.46164],[8.74662,47.46145]]]}},{"type":"Feature","properties":{"id":"toess-108-zh","c":"ZH","p":"pacht","q":"official","k":"river"},"geometry":{"type":"MultiLineString","coordinates":[[[8.68428,47.47545],[8.68295,47.47511]],[[8.68697,47.47778],[8.6856,47.47762],[8.68478,47.47734],[8.6844,47.47696],[8.68365,47.47688]],[[8.68562,47.48416],[8.68404,47.48344]],[[8.68562,47.48416],[8.68516,47.48336]],[[8.68925,47.48662],[8.68631,47.48581],[8.68671,47.48536],[8.68614,47.48452],[8.68562,47.48416]],[[8.6864,47.47254],[8.68581,47.47259]],[[8.68697,47.47778],[8.68631,47.47887]],[[8.6864,47.47254],[8.68639,47.47256]],[[8.69069,47.47335],[8.68937,47.47284],[8.68797,47.47258],[8.68674,47.47248],[8.6864,47.47254]],[[8.69914,47.47697],[8.69888,47.47691],[8.6971,47.47762],[8.69428,47.47699],[8.6911,47.47759],[8.68697,47.47778]],[[8.69261,47.48282],[8.69084,47.48417],[8.68835,47.4837],[8.68736,47.48293],[8.68711,47.48228]],[[8.69098,47.4818],[8.68746,47.47982]],[[8.68839,47.48731],[8.68795,47.4874]],[[8.68839,47.48731],[8.68826,47.48762],[8.68884,47.48788],[8.69152,47.48845],[8.6921,47.48892],[8.69207,47.48951]],[[8.68925,47.48662],[8.68839,47.48731]],[[8.6926,47.48446],[8.69114,47.48494],[8.68925,47.48662]],[[8.69069,47.47335],[8.69011,47.47352]],[[8.6919,47.47369],[8.69102,47.47358],[8.69069,47.47335]],[[8.69261,47.48282],[8.69106,47.48199]],[[8.6926,47.48446],[8.69296,47.4847]],[[8.69333,47.48292],[8.6935,47.48371],[8.6926,47.48446]],[[8.69956,47.47446],[8.69924,47.47444],[8.69858,47.47365],[8.69693,47.47322],[8.69623,47.47328],[8.6954,47.47373],[8.69418,47.47396],[8.69236,47.4738]],[[8.69333,47.48292],[8.69296,47.483],[8.69261,47.48282]],[[8.69326,47.48479],[8.69489,47.485],[8.69589,47.48487]],[[8.6961,47.47945],[8.69582,47.48037],[8.69333,47.48292]],[[8.6961,47.47945],[8.69669,47.4796],[8.6972,47.47919],[8.6975,47.47926]],[[8.69683,47.47795],[8.69575,47.4788],[8.6961,47.47945]],[[8.70118,47.47072],[8.7005,47.4703],[8.69983,47.47027],[8.699,47.46984],[8.69811,47.47026],[8.69603,47.47047]],[[8.69873,47.48044],[8.69862,47.48061],[8.69907,47.48076],[8.69902,47.48099]],[[8.69914,47.47697],[8.6991,47.47698]],[[8.70208,47.47623],[8.70113,47.4766],[8.69914,47.47697]],[[8.70203,47.47616],[8.69956,47.47446]],[[8.69956,47.47446],[8.70039,47.47372],[8.70053,47.47296]],[[8.70066,47.47006],[8.70049,47.4701]],[[8.70066,47.47279],[8.70132,47.47195]],[[8.70208,47.47623],[8.70203,47.47616]],[[8.7041,47.47706],[8.70234,47.47626],[8.70224,47.47623],[8.70208,47.47623]],[[8.70605,47.47745],[8.70519,47.47737]],[[8.70856,47.47863],[8.70697,47.47761],[8.70632,47.47747]],[[8.70856,47.47863],[8.70725,47.47549]],[[8.70725,47.47549],[8.70698,47.47156],[8.70759,47.47045],[8.70869,47.46959]],[[8.70725,47.47549],[8.70817,47.47497],[8.7083,47.4735],[8.70973,47.47339],[8.7102,47.47299],[8.7111,47.47322],[8.71422,47.47467],[8.71498,47.47447],[8.71602,47.47454],[8.7172,47.47403],[8.71973,47.4746]],[[8.70794,47.4758],[8.70996,47.47564],[8.71028,47.47688],[8.71339,47.47671]],[[8.70914,47.48051],[8.70908,47.4798],[8.70856,47.47863]],[[8.709,47.48119],[8.70877,47.48105],[8.70914,47.48051]],[[8.70914,47.48051],[8.70985,47.48048],[8.71012,47.48002],[8.71064,47.4801],[8.71136,47.47947],[8.71229,47.4792],[8.71492,47.47966],[8.71605,47.47945]],[[8.7106,47.48283],[8.71159,47.48247],[8.71231,47.48265],[8.71262,47.48248]],[[8.71262,47.48248],[8.71262,47.48201],[8.71407,47.48157],[8.71804,47.48165]],[[8.71262,47.48248],[8.71272,47.48247],[8.71309,47.4825],[8.71355,47.4827],[8.71435,47.48246],[8.71583,47.48263],[8.71605,47.48281],[8.71612,47.48356],[8.71642,47.48369]],[[8.71605,47.47945],[8.71608,47.47922],[8.71722,47.47879],[8.71849,47.47868]],[[8.71605,47.47945],[8.71611,47.47944],[8.7165,47.47969],[8.71753,47.48005],[8.72128,47.48094],[8.7231,47.48175],[8.72454,47.48172],[8.72738,47.48072]],[[8.71973,47.4746],[8.72014,47.47536],[8.72077,47.47586],[8.72209,47.4761],[8.72396,47.47582],[8.72466,47.47592],[8.72569,47.47651],[8.72794,47.47729],[8.72864,47.47816]],[[8.71973,47.4746],[8.72258,47.47364],[8.72565,47.47383],[8.72812,47.47457],[8.729,47.47453],[8.72928,47.47434]],[[8.72905,47.47858],[8.72951,47.47915],[8.72972,47.48014]],[[8.72989,47.48029],[8.73101,47.48112],[8.73106,47.48181],[8.73192,47.48204],[8.73233,47.48184]],[[8.7299,47.4742],[8.73038,47.47462],[8.73051,47.4753],[8.73142,47.47591],[8.7318,47.47659],[8.73231,47.47682],[8.73266,47.47677],[8.73308,47.47704],[8.73316,47.47753],[8.7343,47.47868]]]}},{"type":"Feature","properties":{"id":"toess-109-zh","c":"ZH","p":"pacht","q":"official","k":"river"},"geometry":{"type":"MultiLineString","coordinates":[[[8.68521,47.50448],[8.68481,47.50425],[8.6841,47.5044],[8.68371,47.50415],[8.68229,47.50394],[8.6824,47.50228]],[[8.68375,47.50577],[8.68366,47.50665],[8.68327,47.50694]],[[8.68347,47.51011],[8.68347,47.51011]],[[8.68347,47.51011],[8.68305,47.50747],[8.68345,47.50569],[8.68395,47.50505],[8.68521,47.50448]],[[8.68347,47.51011],[8.68347,47.51011]],[[8.68466,47.50483],[8.68482,47.50505],[8.6843,47.50533]],[[8.68521,47.50448],[8.68748,47.50424]],[[8.68802,47.50398],[8.69018,47.50272],[8.69186,47.50202],[8.69278,47.50046],[8.69401,47.4994]],[[8.69292,47.49862],[8.69276,47.49791],[8.69123,47.49721],[8.69003,47.49757]],[[8.69401,47.4994],[8.69379,47.49924]],[[8.69401,47.4994],[8.69604,47.4979],[8.69943,47.49716]],[[8.69828,47.4977],[8.69734,47.49788],[8.69669,47.49782]],[[8.69831,47.49417],[8.69761,47.49341]],[[8.70162,47.48795],[8.70136,47.48781],[8.70067,47.48788],[8.69884,47.48843]],[[8.70067,47.49708],[8.70033,47.49739],[8.69938,47.49753]],[[8.69943,47.49716],[8.7006,47.49579]],[[8.69943,47.49716],[8.69975,47.49714],[8.69986,47.49716]],[[8.7006,47.49579],[8.70059,47.49545]],[[8.7006,47.49579],[8.70324,47.49437],[8.70397,47.49343],[8.70377,47.49187],[8.70236,47.49003]],[[8.70348,47.49092],[8.70444,47.49302],[8.70432,47.49394],[8.70366,47.49468],[8.70211,47.49569]],[[8.70255,47.48741],[8.70258,47.4874]],[[8.7028,47.48728],[8.70487,47.4867],[8.70712,47.4825],[8.70877,47.48105]],[[8.70497,47.49593],[8.70457,47.4967],[8.7047,47.49822],[8.70446,47.49861]],[[8.71463,47.48652],[8.71661,47.48631],[8.71748,47.48591]],[[8.71792,47.48567],[8.71947,47.48513]]]}},{"type":"Feature","properties":{"id":"toess-110-zh","c":"ZH","p":"pacht","q":"official","k":"river"},"geometry":{"type":"MultiLineString","coordinates":[[[8.64111,47.52147],[8.64259,47.52196]],[[8.64259,47.52196],[8.64363,47.52183],[8.65207,47.51892]],[[8.64259,47.52196],[8.64259,47.52196]],[[8.65207,47.51892],[8.6521,47.51892]],[[8.65207,47.51892],[8.6521,47.51891]],[[8.65212,47.5189],[8.65642,47.51741],[8.65873,47.51682],[8.66613,47.51604],[8.66749,47.51608],[8.66866,47.51635],[8.67213,47.51776],[8.67342,47.51809],[8.67604,47.51807],[8.67688,47.51752],[8.67713,47.51684]],[[8.6725,47.50831],[8.67211,47.50804],[8.67143,47.50793],[8.67049,47.50796],[8.66957,47.50823],[8.66698,47.50778]],[[8.67247,47.50824],[8.67186,47.5074],[8.67097,47.50696],[8.66945,47.50683],[8.6687,47.50656],[8.66787,47.50672],[8.66761,47.50645]],[[8.67659,47.51641],[8.67657,47.51634],[8.67671,47.51606],[8.67698,47.51581],[8.67866,47.51516],[8.67763,47.51419],[8.67831,47.51378],[8.67838,47.51334],[8.67546,47.51148]],[[8.67713,47.51684],[8.67688,47.51682],[8.67687,47.51673],[8.67659,47.51641]],[[8.67659,47.51641],[8.67676,47.51706]],[[8.68075,47.51447],[8.6804,47.51447],[8.67712,47.51577],[8.67659,47.51641]],[[8.67713,47.51684],[8.67787,47.51592],[8.6796,47.51545],[8.68052,47.51494]],[[8.68052,47.51494],[8.68097,47.51508]],[[8.68052,47.51494],[8.68152,47.51384],[8.68331,47.51101],[8.68347,47.51011]],[[8.68241,47.51545],[8.6833,47.5155],[8.68353,47.5157],[8.68356,47.51693],[8.68329,47.51729]]]}},{"type":"Feature","properties":{"id":"toess-111-zh","c":"ZH","p":"pacht","q":"official","k":"river"},"geometry":{"type":"MultiLineString","coordinates":[[[8.61737,47.52159],[8.61745,47.52156]],[[8.61745,47.52156],[8.61755,47.52148]],[[8.61745,47.52156],[8.61877,47.52131],[8.63155,47.52023]],[[8.63244,47.52141],[8.63237,47.52185],[8.63152,47.52267],[8.63158,47.52291]],[[8.63155,47.52023],[8.63175,47.52048]],[[8.63155,47.52023],[8.63214,47.52018]],[[8.63176,47.52309],[8.63216,47.52353]],[[8.63221,47.52018],[8.6326,47.52015]],[[8.6326,47.52015],[8.63272,47.52003]],[[8.6326,47.52015],[8.63758,47.51984],[8.63908,47.52019],[8.64026,47.52089]],[[8.63278,47.52458],[8.63335,47.52581],[8.63381,47.52606],[8.63408,47.52684]],[[8.63918,47.52393],[8.63832,47.52393],[8.63724,47.52435],[8.63647,47.52535],[8.63624,47.52721]],[[8.64026,47.52089],[8.63971,47.52206]],[[8.64015,47.52278],[8.64024,47.52286]],[[8.64026,47.52089],[8.64111,47.52147]],[[8.64045,47.52296],[8.64069,47.52321]],[[8.64069,47.52321],[8.64069,47.52321]],[[8.64069,47.52321],[8.64069,47.52321]]]}},{"type":"Feature","properties":{"id":"toess-112-zh","c":"ZH","p":"pacht","q":"official","k":"river"},"geometry":{"type":"MultiLineString","coordinates":[[[8.58738,47.52853],[8.58744,47.52855]],[[8.58744,47.52855],[8.59002,47.52951],[8.5913,47.52924],[8.59446,47.52672],[8.59521,47.5238],[8.59581,47.52374],[8.59866,47.52437],[8.59965,47.52416],[8.60079,47.52309],[8.60177,47.52178],[8.60262,47.52136],[8.60386,47.52163],[8.60435,47.52297],[8.60469,47.52314],[8.60606,47.52315],[8.60807,47.52239],[8.60865,47.52193],[8.60982,47.52177],[8.61078,47.52195],[8.61237,47.52345],[8.61301,47.5234],[8.61404,47.52286]],[[8.61329,47.52968],[8.61329,47.52971]],[[8.61336,47.5299],[8.6135,47.53078]],[[8.61363,47.53106],[8.61394,47.53138]],[[8.61404,47.52286],[8.61432,47.52286]],[[8.61404,47.52286],[8.6149,47.52245]],[[8.61426,47.53178],[8.61506,47.53231],[8.6149,47.53264]],[[8.6149,47.52245],[8.61516,47.52251]],[[8.6149,47.52245],[8.61737,47.52159]],[[8.61551,47.52354],[8.61597,47.52366],[8.61652,47.52415]],[[8.61549,47.52252],[8.61777,47.52232],[8.62109,47.52146],[8.62109,47.52243],[8.62184,47.52293],[8.62286,47.52435],[8.62346,47.5246]],[[8.61663,47.52444],[8.61598,47.52554]],[[8.61658,47.52932],[8.61616,47.52995]],[[8.61652,47.52415],[8.61732,47.52449]],[[8.61652,47.52415],[8.61663,47.52444]],[[8.61822,47.52679],[8.61732,47.52771],[8.61712,47.52868]],[[8.61757,47.53021],[8.61794,47.53031]],[[8.61764,47.52464],[8.61812,47.52497]],[[8.61794,47.53031],[8.61785,47.53053]],[[8.61789,47.53072],[8.61829,47.53125]],[[8.61794,47.53031],[8.61886,47.53057]],[[8.61829,47.52517],[8.61851,47.52603]],[[8.61886,47.53161],[8.6187,47.5321],[8.61902,47.53349]],[[8.61925,47.53077],[8.61994,47.53067],[8.62085,47.53083]],[[8.62469,47.53329],[8.62474,47.53364],[8.62391,47.53479],[8.62296,47.53504]],[[8.62597,47.52888],[8.62448,47.52977]],[[8.62463,47.52547],[8.62487,47.52579],[8.62543,47.52595],[8.62581,47.52651]],[[8.62692,47.52988],[8.62646,47.53126],[8.62531,47.53243]],[[8.62599,47.52668],[8.62625,47.52776]],[[8.62625,47.52776],[8.62621,47.5278]],[[8.62625,47.52776],[8.62662,47.5285]],[[8.62676,47.52887],[8.62679,47.52903]],[[8.62679,47.52903],[8.62948,47.52964]],[[8.62679,47.52903],[8.62686,47.52945]],[[8.62686,47.52945],[8.62703,47.52954],[8.62692,47.52988]],[[8.62686,47.52945],[8.62692,47.52988]]]}},{"type":"Feature","properties":{"id":"toess-113-zh","c":"ZH","p":"pacht","q":"official","k":"river"},"geometry":{"type":"MultiLineString","coordinates":[[[8.55311,47.54952],[8.55245,47.54954],[8.5521,47.54927]],[[8.55311,47.54952],[8.55255,47.54891]],[[8.55448,47.55007],[8.55409,47.54971],[8.55311,47.54952]],[[8.55395,47.55175],[8.55398,47.55074],[8.55448,47.55007]],[[8.55448,47.55007],[8.55764,47.54844],[8.55786,47.54813]],[[8.55535,47.54386],[8.55462,47.54358]],[[8.55531,47.5469],[8.55508,47.54681]],[[8.55635,47.54695],[8.55584,47.54697]],[[8.55661,47.54378],[8.55631,47.54365]],[[8.55786,47.54813],[8.55734,47.54756]],[[8.55786,47.54813],[8.55922,47.54757],[8.5616,47.5479],[8.56224,47.54782],[8.56266,47.54746],[8.56293,47.54617]],[[8.55907,47.54503],[8.55881,47.54475]],[[8.56293,47.54617],[8.55985,47.54564]],[[8.56073,47.53792],[8.56035,47.53747]],[[8.5632,47.53914],[8.56136,47.53855],[8.56085,47.53809]],[[8.56293,47.54617],[8.56295,47.54604]],[[8.56295,47.54604],[8.56249,47.54435],[8.56281,47.544],[8.56389,47.54355]],[[8.56295,47.54604],[8.56444,47.5457]],[[8.5657,47.54024],[8.56451,47.54012],[8.56378,47.53977],[8.56371,47.53935]],[[8.56389,47.54355],[8.5639,47.54355]],[[8.56389,47.54355],[8.56488,47.54264]],[[8.5666,47.5357],[8.56595,47.5354],[8.56428,47.53368]],[[8.56488,47.54264],[8.5657,47.54024]],[[8.56488,47.54264],[8.56639,47.5408],[8.56706,47.54038]],[[8.56496,47.54561],[8.56603,47.54575],[8.56695,47.54627]],[[8.5657,47.54024],[8.569,47.53944],[8.57024,47.53731]],[[8.56849,47.53219],[8.56762,47.53194],[8.56586,47.53209]],[[8.568,47.53629],[8.5669,47.53584]],[[8.56796,47.52894],[8.56715,47.52845]],[[8.5704,47.5302],[8.56817,47.52913]],[[8.56907,47.53242],[8.56883,47.53233]],[[8.57024,47.53731],[8.56897,47.53666]],[[8.57024,47.53731],[8.57153,47.53615],[8.57412,47.53493]],[[8.57125,47.53064],[8.57062,47.53033]],[[8.57412,47.53493],[8.57427,47.53453],[8.57405,47.53379],[8.57492,47.53295],[8.57493,47.5327]],[[8.57412,47.53493],[8.57473,47.5349],[8.57529,47.53498],[8.57749,47.53554],[8.57888,47.53545],[8.57961,47.53512],[8.57984,47.53477],[8.57971,47.53355]],[[8.57971,47.53355],[8.57928,47.53202],[8.57938,47.5314],[8.58029,47.53017],[8.58192,47.52886],[8.58355,47.52819],[8.58508,47.52795],[8.58607,47.52804],[8.58738,47.52853]],[[8.57971,47.53355],[8.58039,47.53346]],[[8.5821,47.53391],[8.58255,47.53399]],[[8.58406,47.53444],[8.58469,47.53504],[8.58605,47.53556],[8.58721,47.53541],[8.58917,47.53459]],[[8.58744,47.52855],[8.58744,47.52855]]]}},{"type":"Feature","properties":{"id":"muelibach-fischenthal-revier-117-zh","c":"ZH","p":"pacht","q":"official","k":"river"},"geometry":{"type":"MultiLineString","coordinates":[[[8.89684,47.31932],[8.89633,47.31817],[8.89533,47.31769],[8.89504,47.31736],[8.8942,47.31722],[8.89289,47.31734],[8.89132,47.31704]],[[8.89884,47.3214],[8.8971,47.32097],[8.8952,47.32107],[8.8942,47.32166],[8.89232,47.32177]],[[8.89684,47.31932],[8.89426,47.32001]],[[8.89829,47.32609],[8.89801,47.32651],[8.8968,47.3268]],[[8.90048,47.32012],[8.8996,47.31951],[8.89798,47.31927],[8.89713,47.3194],[8.89684,47.31932]],[[8.89829,47.32609],[8.89708,47.32606]],[[8.89834,47.32547],[8.89756,47.32544]],[[8.89858,47.32521],[8.89784,47.32506]],[[8.89909,47.32554],[8.899,47.32576],[8.89854,47.32604],[8.89831,47.32609],[8.89829,47.32609]],[[8.89884,47.3214],[8.89854,47.32157]],[[8.90048,47.32012],[8.90013,47.32022],[8.89999,47.32069],[8.89945,47.32115],[8.89884,47.3214]],[[8.90338,47.32427],[8.90158,47.3248],[8.90098,47.32517],[8.89937,47.32546]],[[8.90606,47.31929],[8.904,47.3195],[8.90377,47.31975],[8.90347,47.31965],[8.9032,47.31988],[8.90272,47.31978],[8.90209,47.32019],[8.90154,47.32013],[8.90123,47.32027],[8.90071,47.32003],[8.90067,47.32002],[8.90049,47.32013],[8.90048,47.32012]],[[8.90221,47.32348],[8.90177,47.32366]],[[8.90221,47.32348],[8.90216,47.32334]],[[8.90338,47.32427],[8.90221,47.32348]],[[8.90575,47.32425],[8.90488,47.32436],[8.90434,47.32417],[8.90405,47.32431],[8.90375,47.32422],[8.90338,47.32427]],[[8.90777,47.3281],[8.90669,47.32875],[8.9045,47.32943],[8.90387,47.32993]],[[8.90682,47.31902],[8.90599,47.31868],[8.90603,47.31853],[8.90558,47.31825],[8.90572,47.31799],[8.90489,47.31776],[8.90472,47.31745],[8.90386,47.31707],[8.90353,47.31659]],[[8.90742,47.3319],[8.90514,47.33171]],[[8.90629,47.33287],[8.9052,47.33327]],[[8.90575,47.32425],[8.90565,47.32369],[8.90524,47.32346]],[[8.90651,47.32435],[8.90595,47.32444],[8.90585,47.32425],[8.9058,47.32424],[8.90575,47.32425]],[[8.90651,47.32435],[8.90606,47.32418],[8.9058,47.32303]],[[8.90629,47.33287],[8.90634,47.33318]],[[8.90742,47.3319],[8.90692,47.33255],[8.90629,47.33287]],[[8.90768,47.33648],[8.90677,47.33658]],[[8.90777,47.3281],[8.90655,47.32804]],[[8.90854,47.3248],[8.90741,47.32469],[8.90715,47.32446],[8.9069,47.32454],[8.90669,47.3243],[8.90651,47.32435]],[[8.90687,47.31938],[8.90671,47.31976]],[[8.90768,47.33648],[8.90734,47.33676]],[[8.9143,47.32754],[8.91388,47.3276],[8.91303,47.32826],[8.91284,47.32868],[8.91131,47.32952],[8.91121,47.32996],[8.91047,47.33056],[8.90742,47.3319]],[[8.90917,47.33472],[8.90768,47.33648]],[[8.90917,47.33472],[8.90787,47.33517]],[[8.91224,47.3268],[8.91131,47.32704],[8.9098,47.32793],[8.90777,47.3281]],[[8.91263,47.31555],[8.91211,47.31644],[8.91238,47.31681],[8.91164,47.31777],[8.91107,47.31783],[8.91055,47.31835],[8.90942,47.31843],[8.90835,47.3188],[8.90811,47.31923],[8.9077,47.31921]],[[8.91125,47.3392],[8.9099,47.33966],[8.90833,47.33976]],[[8.91224,47.3268],[8.91174,47.32619],[8.91066,47.32593],[8.90953,47.32506],[8.90854,47.3248]],[[8.90854,47.3248],[8.90872,47.32419]],[[8.90872,47.32419],[8.90862,47.32342]],[[8.90872,47.32419],[8.90929,47.32335]],[[8.91312,47.33352],[8.9107,47.33378],[8.91038,47.33406],[8.90978,47.3343],[8.90947,47.33461],[8.9093,47.3347],[8.90924,47.33472],[8.90919,47.33472],[8.90918,47.33472],[8.90917,47.33472]],[[8.91102,47.31561],[8.90965,47.31567],[8.90864,47.31549]],[[8.91122,47.33829],[8.91018,47.33817]],[[8.91125,47.3392],[8.91135,47.34006],[8.91085,47.34054],[8.91053,47.34057]],[[8.91159,47.3385],[8.91125,47.3392]],[[8.91103,47.3209],[8.91096,47.32116]],[[8.91159,47.3385],[8.91157,47.33849]],[[8.91584,47.33728],[8.91343,47.33776],[8.91243,47.3383],[8.91159,47.3385]],[[8.91263,47.31555],[8.9114,47.31563]],[[8.9143,47.32754],[8.91319,47.32701],[8.91224,47.3268]],[[8.91312,47.33352],[8.91291,47.33459]],[[8.915,47.32747],[8.91471,47.32693],[8.91379,47.32625],[8.91361,47.32576],[8.91321,47.32558],[8.91313,47.32516],[8.9127,47.32474]],[[8.91496,47.32843],[8.9136,47.32904],[8.91298,47.33001]],[[8.91776,47.31694],[8.91739,47.31548],[8.91606,47.31447],[8.9146,47.3146],[8.91263,47.31555]],[[8.91619,47.33265],[8.91435,47.33301],[8.91312,47.33352]],[[8.91495,47.32776],[8.91462,47.32755],[8.91449,47.32753],[8.9143,47.32754]],[[8.91791,47.32289],[8.91704,47.32294],[8.91535,47.32353],[8.91443,47.32365]],[[8.91584,47.33728],[8.9151,47.33809]],[[8.91607,47.32782],[8.91495,47.32776]],[[8.91495,47.32776],[8.91496,47.32773]],[[8.91744,47.34304],[8.91546,47.34303]],[[8.91795,47.32232],[8.91568,47.32255],[8.91493,47.32247]],[[8.91952,47.33593],[8.91728,47.33695],[8.91584,47.33728]],[[8.9192,47.32219],[8.91864,47.32201],[8.91752,47.32197],[8.91727,47.32149],[8.91603,47.32049],[8.91577,47.31967]],[[8.91607,47.32782],[8.91602,47.32786]],[[8.91619,47.33265],[8.91646,47.33304],[8.91642,47.33358]],[[8.92127,47.33212],[8.92065,47.33186],[8.91817,47.33204],[8.91619,47.33265]],[[8.91931,47.32785],[8.91887,47.32781],[8.91822,47.32811],[8.91763,47.32784],[8.91607,47.32782]],[[8.91674,47.31704],[8.91589,47.31736]],[[8.91628,47.31451],[8.91606,47.31447]],[[8.91933,47.32476],[8.9185,47.3245],[8.9171,47.32475],[8.91639,47.32469]],[[8.91818,47.3183],[8.91757,47.31814],[8.91625,47.31827]],[[8.91744,47.34304],[8.9172,47.34264]],[[8.91818,47.32548],[8.91691,47.32538]],[[8.91998,47.34309],[8.91744,47.34304]],[[8.92131,47.34311],[8.92104,47.34368],[8.91773,47.34551]],[[8.91776,47.31694],[8.91775,47.31694]],[[8.91933,47.31866],[8.91791,47.31784],[8.91776,47.31694]],[[8.91906,47.31679],[8.91776,47.31543]],[[8.92253,47.33314],[8.921,47.33342],[8.91947,47.33409],[8.91837,47.33431]],[[8.91963,47.3239],[8.9189,47.3237],[8.91894,47.32311],[8.9182,47.32289]],[[8.91861,47.32552],[8.91853,47.3255]],[[8.91855,47.32562],[8.91861,47.32552]],[[8.91861,47.32552],[8.91925,47.32509],[8.91933,47.32476]],[[8.9192,47.32219],[8.91862,47.32237]],[[8.91933,47.31866],[8.91938,47.31808],[8.91881,47.31726]],[[8.91881,47.31726],[8.91906,47.31679]],[[8.91881,47.31726],[8.91997,47.31691],[8.92055,47.31702],[8.92252,47.31671]],[[8.91998,47.34309],[8.91963,47.34209]],[[8.91998,47.32271],[8.92008,47.32224],[8.9192,47.32219]],[[8.91906,47.31679],[8.91971,47.31669],[8.91957,47.3164],[8.91982,47.3156],[8.91893,47.31421],[8.9193,47.31382],[8.91994,47.3138]],[[8.91939,47.32791],[8.91946,47.32765]],[[8.91933,47.32476],[8.91963,47.3239]],[[8.91968,47.32813],[8.91951,47.32799]],[[8.92131,47.34311],[8.92059,47.34303],[8.91998,47.34309]],[[8.91937,47.31873],[8.91933,47.31866]],[[8.92029,47.32101],[8.91937,47.31873]],[[8.91937,47.31873],[8.91978,47.31835],[8.92178,47.31809],[8.92438,47.31832]],[[8.92255,47.33029],[8.9223,47.32992],[8.9218,47.32993],[8.92067,47.32948],[8.91984,47.32865],[8.91968,47.32813]],[[8.91968,47.32813],[8.92079,47.32767]],[[8.91963,47.3239],[8.91998,47.32271]],[[8.91998,47.32271],[8.92041,47.32251]],[[8.91994,47.3138],[8.92234,47.31388],[8.92314,47.31343],[8.92376,47.31351],[8.92532,47.31322],[8.92607,47.3133]],[[8.91994,47.3138],[8.92162,47.31303],[8.92165,47.31265]],[[8.92041,47.32251],[8.92029,47.32101]],[[8.92029,47.32101],[8.92058,47.32089]],[[8.92041,47.32251],[8.92177,47.3228],[8.92231,47.32273]],[[8.92457,47.33757],[8.92273,47.33736],[8.92152,47.33783],[8.92098,47.33787]],[[8.9239,47.33451],[8.92292,47.33462],[8.92168,47.33516],[8.92098,47.33522]],[[8.92235,47.3427],[8.92229,47.34288],[8.92131,47.34311]],[[8.92231,47.33953],[8.92138,47.33958]],[[8.92235,47.3427],[8.92163,47.34179]],[[8.92231,47.33953],[8.92158,47.34002]],[[8.9213,47.32726],[8.92166,47.32647],[8.92294,47.32571]],[[8.92238,47.33237],[8.92206,47.33227]],[[8.92372,47.34285],[8.92324,47.34271],[8.92268,47.34273],[8.92258,47.34271],[8.9224,47.3427],[8.92235,47.3427]],[[8.9253,47.33835],[8.92474,47.33841],[8.92319,47.33934],[8.92231,47.33953]],[[8.92253,47.33314],[8.92238,47.33237]],[[8.92238,47.33237],[8.92309,47.332]],[[8.92212,47.32037],[8.92335,47.32073]],[[8.92214,47.31953],[8.92334,47.31954]],[[8.9239,47.33451],[8.92285,47.33381],[8.92253,47.33314]],[[8.92309,47.332],[8.9234,47.33168],[8.92289,47.33115],[8.92255,47.33029]],[[8.92255,47.33029],[8.92332,47.32993]],[[8.92252,47.31671],[8.92426,47.31736]],[[8.92252,47.31671],[8.92392,47.31625]],[[8.92372,47.34285],[8.92331,47.34321]],[[8.92574,47.33904],[8.92506,47.33973],[8.92325,47.34051]],[[8.92309,47.332],[8.92343,47.33259],[8.92574,47.33242],[8.92784,47.33147],[8.92915,47.33126],[8.93081,47.3306],[8.93275,47.33046]],[[8.92294,47.32571],[8.92304,47.32574]],[[8.92294,47.32571],[8.92528,47.3247],[8.92557,47.32441],[8.92585,47.32445]],[[8.92304,47.32574],[8.92412,47.32655],[8.92555,47.32664],[8.92683,47.3263],[8.92783,47.32667]],[[8.92332,47.32993],[8.92465,47.32991],[8.92823,47.33037]],[[8.92332,47.32993],[8.92361,47.32959]],[[8.92872,47.34315],[8.92843,47.34302],[8.92743,47.3432],[8.92605,47.34313],[8.92372,47.34285]],[[8.92361,47.32959],[8.92501,47.32847],[8.92638,47.32819]],[[8.92361,47.32959],[8.92489,47.32919],[8.92648,47.32895]],[[8.92334,47.31954],[8.92414,47.31974]],[[8.92334,47.31954],[8.9241,47.3194]],[[8.92458,47.33558],[8.9239,47.33451]],[[8.92392,47.31625],[8.92418,47.3156]],[[8.92392,47.31625],[8.92585,47.31567],[8.92737,47.31554],[8.92916,47.31486]],[[8.9253,47.33835],[8.92518,47.33814],[8.92445,47.33787],[8.92457,47.33757]],[[8.92457,47.33757],[8.92458,47.33558]],[[8.92458,47.33558],[8.92468,47.33553]],[[8.92503,47.33536],[8.92587,47.33482]],[[8.92574,47.33904],[8.9253,47.33835]],[[8.92952,47.34506],[8.92692,47.34547],[8.92587,47.34589]],[[8.92823,47.34019],[8.92775,47.3402],[8.92679,47.33934],[8.92574,47.33904]],[[8.92587,47.33482],[8.928,47.33545],[8.92938,47.33552],[8.93063,47.33525],[8.93245,47.3343]],[[8.92587,47.33482],[8.92691,47.33417]],[[8.92585,47.32445],[8.92611,47.32392],[8.92575,47.32331]],[[8.92585,47.32445],[8.92603,47.32463],[8.9268,47.32446]],[[8.92648,47.32895],[8.92763,47.32898]],[[8.92648,47.32895],[8.9271,47.32848]],[[8.92691,47.33417],[8.92784,47.33428],[8.92964,47.33405]],[[8.92691,47.33417],[8.92771,47.33319],[8.92951,47.33233],[8.93163,47.33227],[8.93413,47.33245]],[[8.92639,47.31322],[8.92768,47.31293]],[[8.9268,47.32446],[8.92704,47.32412]],[[8.9268,47.32446],[8.92684,47.32446],[8.92688,47.32446],[8.92714,47.32457],[8.92816,47.32461],[8.92918,47.32451]],[[8.92704,47.32412],[8.92696,47.3232]],[[8.92704,47.32412],[8.92804,47.32364]],[[8.92823,47.34019],[8.92778,47.33968],[8.92982,47.33869],[8.93015,47.3382]],[[8.92905,47.34032],[8.92864,47.34013],[8.92823,47.34019]],[[8.92922,47.34066],[8.92905,47.34032]],[[8.92905,47.34032],[8.93029,47.33976],[8.93127,47.3389]],[[8.9304,47.34204],[8.92916,47.34103],[8.92922,47.34066]],[[8.92922,47.34066],[8.92925,47.34066],[8.9294,47.34067],[8.92952,47.34072],[8.93009,47.34077],[8.93025,47.34084],[8.9307,47.34086],[8.93157,47.33977]],[[8.92978,47.34339],[8.92969,47.3433]],[[8.93009,47.34494],[8.93055,47.34429],[8.92978,47.34339]],[[8.92978,47.34339],[8.92991,47.34274],[8.93087,47.34245],[8.9304,47.34204]],[[8.93009,47.34494],[8.93001,47.34495]],[[8.92951,47.32469],[8.92974,47.32584],[8.93094,47.32663],[8.93161,47.32767]],[[8.93181,47.34614],[8.93115,47.34533],[8.93009,47.34494]],[[8.93015,47.3382],[8.93017,47.338]],[[8.93015,47.3382],[8.93049,47.33811]],[[8.9304,47.34204],[8.93092,47.34143],[8.93319,47.34079],[8.9334,47.34035],[8.93321,47.33849],[8.93332,47.33825],[8.93383,47.33824],[8.93382,47.33811]],[[8.93033,47.3244],[8.93033,47.3244]],[[8.93033,47.3244],[8.93034,47.3244]],[[8.93033,47.3244],[8.93117,47.32388]],[[8.93036,47.32442],[8.93116,47.32531],[8.93322,47.32653],[8.93537,47.32707]],[[8.93117,47.32388],[8.9307,47.32328],[8.93056,47.32233]],[[8.93073,47.32216],[8.93122,47.3217]],[[8.93175,47.34622],[8.93177,47.34621]],[[8.93117,47.32388],[8.93178,47.32376],[8.93213,47.32347]],[[8.93122,47.3217],[8.93158,47.32125]],[[8.93122,47.3217],[8.93152,47.32142],[8.93158,47.32125]],[[8.93144,47.32074],[8.93133,47.32058]],[[8.93158,47.32125],[8.9316,47.32091]],[[8.93213,47.32347],[8.93459,47.32424],[8.93588,47.32491]],[[8.93213,47.32347],[8.93334,47.32281]],[[8.93334,47.32281],[8.93415,47.32344],[8.93543,47.32387]],[[8.93334,47.32281],[8.93441,47.32191]],[[8.9338,47.33759],[8.93424,47.33669],[8.93421,47.33626]],[[8.93441,47.32191],[8.93528,47.32221],[8.937,47.32201]],[[8.93441,47.32191],[8.93565,47.32083]],[[8.93629,47.31921],[8.93524,47.3189]],[[8.93737,47.31741],[8.93569,47.31629],[8.93475,47.31609],[8.93448,47.31578],[8.93449,47.31484],[8.93508,47.31275]],[[8.93565,47.32083],[8.93858,47.32094],[8.93935,47.3212]],[[8.93565,47.32083],[8.93601,47.32001]],[[8.93601,47.32001],[8.93907,47.32034]],[[8.93601,47.32001],[8.93644,47.31953],[8.93629,47.31921]],[[8.93629,47.31921],[8.93737,47.31741]],[[8.937,47.32201],[8.93798,47.32198],[8.94003,47.32257]],[[8.937,47.32201],[8.93857,47.32281]],[[8.93737,47.31741],[8.93749,47.31733]],[[8.93749,47.31733],[8.93834,47.31759],[8.93982,47.31863]],[[8.93749,47.31733],[8.93915,47.31638],[8.94199,47.31392]],[[8.94199,47.31392],[8.94165,47.31354],[8.94112,47.31186]],[[8.94199,47.31392],[8.94322,47.31308]],[[8.94299,47.3118],[8.94261,47.31055]],[[8.94322,47.31308],[8.94299,47.3118]],[[8.94299,47.3118],[8.94303,47.31034]],[[8.94322,47.31308],[8.94539,47.31135]]]}},{"type":"Feature","properties":{"id":"fuchslochbach-steg-revier-119-zh","c":"ZH","p":"pacht","q":"official","k":"river"},"geometry":{"type":"MultiLineString","coordinates":[[[8.93547,47.34785],[8.93657,47.34741]],[[8.93584,47.35039],[8.93582,47.35039]],[[8.93586,47.3504],[8.93584,47.35039]],[[8.93584,47.35039],[8.9376,47.34984],[8.93846,47.34996]],[[8.93602,47.34647],[8.93676,47.3465]],[[8.94593,47.36111],[8.94341,47.36063],[8.94124,47.36102],[8.93917,47.36195],[8.93775,47.36381],[8.9371,47.36612],[8.9372,47.36684]],[[8.93846,47.34996],[8.93918,47.35029],[8.94,47.34976],[8.94049,47.35013]],[[8.93846,47.34996],[8.93856,47.34991]],[[8.93885,47.34976],[8.93931,47.34877]],[[8.93931,47.34877],[8.93884,47.34776],[8.93896,47.34687]],[[8.93931,47.34877],[8.94026,47.34802]],[[8.94049,47.35013],[8.94082,47.3509],[8.94012,47.3528]],[[8.94026,47.34802],[8.9402,47.34764],[8.94061,47.34699]],[[8.94026,47.34802],[8.94168,47.34769],[8.94202,47.34744]],[[8.94049,47.35013],[8.94055,47.35014],[8.9407,47.35013],[8.94112,47.34999],[8.94136,47.35],[8.94202,47.35057]],[[8.94974,47.37273],[8.94919,47.37322],[8.94902,47.37392],[8.94843,47.37459],[8.94663,47.37497],[8.94533,47.37469],[8.94327,47.37363],[8.94242,47.37339],[8.94222,47.37244]],[[8.94202,47.35057],[8.94239,47.35048],[8.9431,47.34978],[8.94389,47.34997],[8.94553,47.3497]],[[8.94202,47.35057],[8.94272,47.35145],[8.94296,47.35256],[8.9426,47.35524],[8.94236,47.35532],[8.94185,47.35633],[8.94183,47.35706],[8.94272,47.35776]],[[8.94202,47.34744],[8.94226,47.34682]],[[8.94202,47.34744],[8.94254,47.34704]],[[8.94236,47.34479],[8.94238,47.34498]],[[8.94707,47.36153],[8.94411,47.36319],[8.94394,47.36417],[8.94297,47.36566]],[[8.94974,47.37273],[8.9492,47.3726],[8.94751,47.37159],[8.94348,47.3703]],[[8.94328,47.34464],[8.94329,47.34482]],[[8.95211,47.36787],[8.94857,47.36751],[8.94729,47.36821],[8.94608,47.36838],[8.9441,47.369]],[[8.94385,47.34456],[8.94393,47.34468]],[[8.94398,47.34454],[8.94414,47.34455]],[[8.94553,47.3497],[8.94638,47.34993]],[[8.94553,47.3497],[8.94572,47.34876],[8.94545,47.34691]],[[8.94707,47.36153],[8.94593,47.36111]],[[8.94593,47.36111],[8.94733,47.35948]],[[8.94695,47.35503],[8.94627,47.35593],[8.94618,47.35686]],[[8.94638,47.34993],[8.94673,47.3519]],[[8.94638,47.34993],[8.94719,47.34978],[8.94807,47.34915],[8.94931,47.3486]],[[8.94673,47.35284],[8.94781,47.35333],[8.9496,47.35372]],[[8.94673,47.35284],[8.94648,47.35394],[8.94695,47.35503]],[[8.94673,47.3519],[8.94673,47.35284]],[[8.94673,47.3519],[8.94839,47.3522],[8.94958,47.35264]],[[8.94898,47.36164],[8.94707,47.36153]],[[8.94695,47.35503],[8.94796,47.35552],[8.94854,47.35616],[8.94979,47.35686]],[[8.94898,47.36164],[8.94867,47.36239]],[[8.94897,47.34714],[8.94861,47.34691],[8.94831,47.3461]],[[8.9493,47.36163],[8.94872,47.36001]],[[8.9493,47.36163],[8.94909,47.36163],[8.94898,47.36164],[8.94898,47.36164]],[[8.95167,47.36962],[8.95026,47.36984],[8.94949,47.36967]],[[8.95153,47.36142],[8.95013,47.36139],[8.9493,47.36163]],[[8.94897,47.34714],[8.94911,47.34654],[8.94891,47.34626]],[[8.94931,47.3486],[8.94897,47.34714]],[[8.95167,47.36962],[8.95123,47.37172],[8.95043,47.37252],[8.94974,47.37273]],[[8.94931,47.3486],[8.9496,47.34859],[8.95012,47.34876],[8.95058,47.34865]],[[8.95058,47.34865],[8.95063,47.34885]],[[8.95058,47.34865],[8.95103,47.34861]],[[8.95066,47.34906],[8.95095,47.35029]],[[8.95103,47.34861],[8.95132,47.34783],[8.95133,47.34639]],[[8.95103,47.34861],[8.95158,47.34854]],[[8.95211,47.36787],[8.95179,47.36845],[8.95167,47.36962]],[[8.95569,47.36151],[8.95452,47.36159],[8.95153,47.36142]],[[8.95153,47.36142],[8.9515,47.3596]],[[8.95346,47.36535],[8.95256,47.36528],[8.95207,47.36502],[8.95175,47.36454]],[[8.95346,47.36535],[8.95227,47.36723],[8.95242,47.3675],[8.95211,47.36787]],[[8.95158,47.34854],[8.95325,47.34889]],[[8.95158,47.34854],[8.95255,47.34634]],[[8.95692,47.35986],[8.95602,47.35967],[8.95451,47.35872],[8.95391,47.35864],[8.95265,47.358]],[[8.95405,47.34954],[8.95259,47.35242]],[[8.95569,47.36151],[8.95476,47.36343],[8.95467,47.36412],[8.95346,47.36535]],[[8.95325,47.34889],[8.95391,47.34738],[8.9537,47.34694]],[[8.95325,47.34889],[8.95327,47.34889],[8.95328,47.34889],[8.9536,47.34894],[8.95366,47.34896],[8.95378,47.34904]],[[8.95378,47.34904],[8.95413,47.34893],[8.95485,47.34811]],[[8.95378,47.34904],[8.95409,47.34928]],[[8.95409,47.34928],[8.95409,47.3493]],[[8.95409,47.34928],[8.95636,47.35013]],[[8.95787,47.35856],[8.95655,47.35809],[8.95492,47.35691]],[[8.95485,47.34811],[8.95508,47.34733]],[[8.95485,47.34811],[8.95599,47.34755]],[[8.95692,47.35986],[8.95607,47.36071],[8.95608,47.36116],[8.95569,47.36151]],[[8.95976,47.3567],[8.95813,47.3564],[8.95612,47.35639]],[[8.9579,47.35137],[8.95701,47.35196],[8.95667,47.35262],[8.95605,47.35314]],[[8.95636,47.35013],[8.95744,47.3511]],[[8.95636,47.35013],[8.95748,47.34939],[8.95834,47.34775]],[[8.95792,47.35858],[8.95804,47.35908],[8.95692,47.35986]],[[8.9598,47.35434],[8.95796,47.35449],[8.95725,47.35474]],[[8.95744,47.3511],[8.9579,47.35137]],[[8.95744,47.3511],[8.95939,47.34998],[8.96134,47.34787]],[[8.95792,47.35858],[8.95787,47.35856]],[[8.95976,47.3567],[8.95934,47.35769],[8.95792,47.35858]],[[8.9579,47.35137],[8.95922,47.35241]],[[8.95834,47.34775],[8.95829,47.34695]],[[8.95834,47.34775],[8.95844,47.34765]],[[8.95844,47.34765],[8.95898,47.34685]],[[8.95844,47.34765],[8.95931,47.34706]],[[8.95922,47.35241],[8.9593,47.35284],[8.96017,47.35339],[8.96028,47.35365]],[[8.95922,47.35241],[8.9611,47.35115]],[[8.9598,47.35434],[8.96001,47.35525],[8.96061,47.35567],[8.96018,47.35585],[8.95976,47.3567]],[[8.95986,47.35412],[8.9598,47.35434]],[[8.96028,47.35365],[8.96004,47.35393]],[[8.96028,47.35365],[8.96081,47.35391]],[[8.96081,47.35391],[8.96337,47.35444],[8.96687,47.35419]],[[8.96081,47.35391],[8.96241,47.35266]],[[8.9611,47.35115],[8.96372,47.35144]],[[8.9611,47.35115],[8.96186,47.35041],[8.9623,47.34956]],[[8.9623,47.34956],[8.96231,47.34897],[8.9631,47.34818]],[[8.9623,47.34956],[8.96464,47.34894]],[[8.9631,47.34818],[8.96335,47.34781]],[[8.9631,47.34818],[8.96314,47.34818],[8.96324,47.34827],[8.96343,47.34834],[8.96371,47.34828]],[[8.96687,47.35419],[8.96747,47.35425]],[[8.96687,47.35419],[8.9674,47.35318],[8.96714,47.35207],[8.96784,47.34953],[8.96856,47.34854],[8.97046,47.34773]],[[8.97046,47.34773],[8.97221,47.34763]],[[8.97046,47.34773],[8.97174,47.34715]]]}},{"type":"Feature","properties":{"id":"tobelbach-tuefenbach-revier-121-zh","c":"ZH","p":"pacht","q":"official","k":"river"},"geometry":{"type":"MultiLineString","coordinates":[[[8.89984,47.36763],[8.90001,47.36851],[8.89953,47.36934],[8.89843,47.3705],[8.8979,47.37152],[8.89661,47.37243],[8.89551,47.37358]],[[8.89859,47.37694],[8.89701,47.37729]],[[8.89859,47.37694],[8.89788,47.37769]],[[8.90115,47.37744],[8.90009,47.37772],[8.89808,47.37867]],[[8.90088,47.37664],[8.89859,47.37694]],[[8.90066,47.37556],[8.89887,47.37557]],[[8.90066,47.37556],[8.90018,47.3754],[8.89972,47.37472]],[[8.90107,47.37873],[8.90019,47.37925],[8.89998,47.37966]],[[8.89988,47.36655],[8.90055,47.3673]],[[8.90055,47.3673],[8.90011,47.36752]],[[8.90322,47.37457],[8.90285,47.37457],[8.90193,47.37414],[8.90056,47.37393]],[[8.90158,47.37563],[8.90122,47.37552],[8.90066,47.37556]],[[8.90055,47.3673],[8.90132,47.36768],[8.90228,47.36873],[8.90287,47.36871],[8.90299,47.36884]],[[8.90158,47.37563],[8.90119,47.37653],[8.90102,47.37664],[8.90088,47.37664]],[[8.90088,47.37664],[8.90115,47.37744]],[[8.90107,47.37873],[8.90146,47.3799]],[[8.90137,47.37837],[8.90107,47.37873]],[[8.90115,47.37744],[8.90137,47.37837]],[[8.90137,47.37837],[8.90252,47.37878],[8.90331,47.37876],[8.90385,47.37895]],[[8.90322,47.37463],[8.90158,47.37563]],[[8.90388,47.37332],[8.90173,47.373]],[[8.90299,47.36884],[8.90401,47.36846],[8.90531,47.36854]],[[8.90299,47.36884],[8.90318,47.36954],[8.90388,47.36967],[8.90478,47.37048]],[[8.90322,47.37463],[8.9045,47.37499],[8.90512,47.37536],[8.90561,47.37758],[8.90628,47.37815]],[[8.90322,47.37457],[8.90322,47.37463]],[[8.90388,47.37332],[8.90322,47.37457]],[[8.90435,47.3727],[8.90388,47.37332]],[[8.90435,47.3727],[8.90552,47.37301]],[[8.90478,47.37048],[8.90462,47.37108],[8.90478,47.3717],[8.90435,47.3727]],[[8.90478,47.37048],[8.90521,47.3705]],[[8.90521,47.3705],[8.90604,47.37072],[8.9065,47.37106],[8.9069,47.37107]],[[8.90521,47.3705],[8.90597,47.36964]],[[8.9069,47.37107],[8.90763,47.37134],[8.90781,47.37166]],[[8.9069,47.37107],[8.90768,47.37016]],[[8.90781,47.37166],[8.90873,47.37205],[8.90934,47.37256]],[[8.90781,47.37166],[8.90792,47.37144],[8.90882,47.37108],[8.90932,47.37053]],[[8.90934,47.37256],[8.90998,47.3726]],[[8.90934,47.37256],[8.90951,47.37309],[8.9089,47.37379],[8.90846,47.37518],[8.90873,47.37624],[8.90962,47.37724],[8.90965,47.37769],[8.9102,47.37835]],[[8.90998,47.3726],[8.91103,47.37331],[8.91175,47.37354],[8.91256,47.37354]],[[8.90998,47.3726],[8.91081,47.37212],[8.91104,47.37166]],[[8.91104,47.37166],[8.91129,47.371],[8.91206,47.37015]],[[8.91104,47.37166],[8.91208,47.37132],[8.91297,47.37127],[8.91395,47.37072]],[[8.91256,47.37354],[8.91134,47.37564]],[[8.91206,47.37015],[8.91234,47.36927]],[[8.91206,47.37015],[8.91434,47.36941]],[[8.91392,47.37433],[8.91384,47.37501],[8.91287,47.37595],[8.9125,47.37666]],[[8.91256,47.37354],[8.91268,47.37364]],[[8.91268,47.37364],[8.91392,47.37433]],[[8.91268,47.37364],[8.91322,47.3728],[8.91421,47.37235]],[[8.91392,47.37433],[8.91419,47.3744],[8.91555,47.37413]],[[8.91635,47.37705],[8.91478,47.37809],[8.91412,47.379]],[[8.91555,47.37413],[8.91604,47.37437],[8.9175,47.37461]],[[8.91555,47.37413],[8.91675,47.37204]],[[8.91635,47.37705],[8.91671,47.37851]],[[8.91901,47.37558],[8.91837,47.37629],[8.91635,47.37705]],[[8.91792,47.38069],[8.91645,47.38062]],[[8.91675,47.37204],[8.91607,47.37132],[8.91641,47.36996]],[[8.91675,47.37204],[8.91766,47.37152]],[[8.91936,47.38174],[8.91889,47.38258],[8.91721,47.38394]],[[8.91792,47.38069],[8.91717,47.38128]],[[8.9175,47.37461],[8.91818,47.37478],[8.91901,47.37558]],[[8.9175,47.37461],[8.9196,47.37295],[8.9212,47.3725]],[[8.91766,47.37152],[8.91781,47.37115]],[[8.91766,47.37152],[8.92001,47.3713]],[[8.91966,47.38065],[8.91792,47.38069]],[[8.91781,47.37115],[8.91766,47.37065],[8.91792,47.37019]],[[8.91781,47.37115],[8.91928,47.37035]],[[8.91901,47.37558],[8.91914,47.3757]],[[8.91914,47.3757],[8.91923,47.37631],[8.92029,47.37718]],[[8.91914,47.3757],[8.92012,47.37536],[8.92253,47.37353]],[[8.91936,47.38174],[8.92018,47.38224]],[[8.91966,47.38065],[8.91936,47.38174]],[[8.92134,47.37848],[8.91966,47.38065]],[[8.92029,47.37718],[8.92351,47.37545],[8.92508,47.37497],[8.92612,47.37517]],[[8.92029,47.37718],[8.92134,47.37848]],[[8.92134,47.37848],[8.92389,47.37925]],[[8.92389,47.37925],[8.92492,47.37945]],[[8.92389,47.37925],[8.92521,47.37774]],[[8.92513,47.37961],[8.92454,47.38061],[8.92441,47.38151],[8.92481,47.3819]],[[8.92492,47.37945],[8.92513,47.37961]],[[8.92492,47.37945],[8.92583,47.37814],[8.92592,47.37754]],[[8.92513,47.37961],[8.92566,47.37979],[8.92633,47.37971]],[[8.92633,47.37971],[8.92649,47.37898],[8.9276,47.37732]],[[8.92633,47.37971],[8.92656,47.3797],[8.92706,47.37984],[8.92758,47.37987],[8.92935,47.37955]],[[8.92935,47.37955],[8.9297,47.37973]],[[8.92935,47.37955],[8.93011,47.37868]],[[8.9297,47.37973],[8.93083,47.38061],[8.93171,47.381],[8.93237,47.38092],[8.93335,47.38114]],[[8.9297,47.37973],[8.93202,47.37949],[8.93296,47.37958]],[[8.93011,47.37868],[8.93086,47.37773]],[[8.93011,47.37868],[8.93182,47.37839]],[[8.93086,47.37773],[8.93087,47.37656]],[[8.93086,47.37773],[8.93496,47.37631]],[[8.93296,47.37958],[8.93407,47.38025]],[[8.93296,47.37958],[8.93363,47.37933],[8.93443,47.37932]]]}},{"type":"Feature","properties":{"id":"cholerbach-seewadel-revier-122-zh","c":"ZH","p":"pacht","q":"official","k":"river"},"geometry":{"type":"MultiLineString","coordinates":[[[8.8898,47.35017],[8.88798,47.34832]],[[8.8899,47.35036],[8.88854,47.35054]],[[8.88972,47.35641],[8.88934,47.35647]],[[8.88972,47.35641],[8.88937,47.35626]],[[8.89139,47.35408],[8.89073,47.35391],[8.88939,47.3531]],[[8.89183,47.35534],[8.89121,47.35553],[8.88949,47.3552]],[[8.8915,47.35437],[8.88996,47.35447],[8.88959,47.35435]],[[8.89257,47.35643],[8.89087,47.35629],[8.88972,47.35641]],[[8.8899,47.35036],[8.8898,47.35017]],[[8.8898,47.35017],[8.89002,47.34934]],[[8.89118,47.35108],[8.8899,47.35036]],[[8.89151,47.35228],[8.89029,47.35195]],[[8.89143,47.35783],[8.89102,47.35776]],[[8.89143,47.35783],[8.89109,47.35797]],[[8.89151,47.35228],[8.89154,47.35175],[8.89118,47.35108]],[[8.89118,47.35108],[8.89111,47.3491],[8.89156,47.34864],[8.89202,47.34753],[8.89195,47.34658]],[[8.89382,47.35769],[8.89287,47.3576],[8.89143,47.35783]],[[8.8915,47.35437],[8.89139,47.35408]],[[8.89139,47.35408],[8.89151,47.35228]],[[8.89183,47.35534],[8.8915,47.35437]],[[8.89203,47.35565],[8.89183,47.35534]],[[8.89257,47.35643],[8.89203,47.35565]],[[8.89203,47.35565],[8.89298,47.35528],[8.89433,47.35429]],[[8.8946,47.35901],[8.89358,47.35899],[8.89227,47.35934]],[[8.89334,47.35726],[8.89257,47.35643]],[[8.89412,47.36267],[8.89275,47.36123]],[[8.89382,47.35769],[8.89334,47.35726]],[[8.89334,47.35726],[8.89491,47.35561]],[[8.89382,47.35771],[8.89382,47.35769]],[[8.89449,47.35872],[8.89382,47.35771]],[[8.89382,47.35771],[8.89566,47.35649]],[[8.8946,47.35901],[8.89449,47.35872]],[[8.89449,47.35872],[8.89529,47.35851],[8.8966,47.35765]],[[8.89603,47.34826],[8.89511,47.34831],[8.89425,47.34812]],[[8.89537,47.35982],[8.8946,47.35901]],[[8.89656,47.36266],[8.89579,47.36253],[8.89482,47.36278]],[[8.89501,47.36527],[8.89623,47.36398],[8.89611,47.36362],[8.89649,47.36345],[8.89656,47.36266]],[[8.89665,47.36189],[8.89675,47.36093],[8.89537,47.35982]],[[8.89537,47.35982],[8.8967,47.35881]],[[8.89629,47.34677],[8.89525,47.3455]],[[8.89587,47.35635],[8.89685,47.35572]],[[8.89692,47.35067],[8.8962,47.34934],[8.89603,47.34826]],[[8.89603,47.34826],[8.89629,47.34677]],[[8.89798,47.35188],[8.89627,47.35263]],[[8.89656,47.36266],[8.8968,47.36217],[8.89665,47.36189]],[[8.89665,47.36189],[8.89774,47.36062],[8.8994,47.35997],[8.90056,47.35927],[8.90152,47.3582]],[[8.89629,47.34677],[8.8968,47.34581]],[[8.8968,47.34581],[8.89634,47.34534]],[[8.89798,47.35188],[8.89692,47.35067]],[[8.89692,47.35067],[8.89856,47.3492]],[[8.8968,47.34581],[8.89724,47.34523]],[[8.89939,47.35271],[8.89798,47.35188]],[[8.90072,47.35388],[8.89876,47.35381]],[[8.90072,47.35388],[8.89979,47.35325],[8.89939,47.35271]],[[8.89939,47.35271],[8.89981,47.35127],[8.90029,47.35073]],[[8.90152,47.3582],[8.90104,47.35815],[8.90029,47.35751],[8.89961,47.35743]],[[8.90202,47.35718],[8.9001,47.35635]],[[8.90269,47.35556],[8.90137,47.35469],[8.90072,47.35388]],[[8.90162,47.34732],[8.90062,47.34547]],[[8.90152,47.3582],[8.90202,47.35718]],[[8.90166,47.34545],[8.90152,47.34535]],[[8.90356,47.34977],[8.90212,47.34847],[8.90162,47.34732]],[[8.90162,47.34732],[8.90166,47.34545]],[[8.90166,47.34545],[8.90197,47.34516]],[[8.90202,47.35718],[8.90215,47.35665]],[[8.90215,47.35665],[8.90269,47.35556]],[[8.90269,47.35556],[8.90296,47.35532]],[[8.90296,47.35532],[8.90479,47.35591]],[[8.90296,47.35532],[8.90355,47.35491]],[[8.90355,47.35491],[8.90476,47.35521]],[[8.90355,47.35491],[8.90458,47.35393]],[[8.905,47.35165],[8.90476,47.35107],[8.90356,47.34977]],[[8.90356,47.34977],[8.90454,47.34865]],[[8.90495,47.34376],[8.90403,47.34325],[8.90368,47.34275]],[[8.905,47.35165],[8.90453,47.35156],[8.90411,47.35172]],[[8.90458,47.35393],[8.90575,47.35406]],[[8.90458,47.35393],[8.90521,47.35211]],[[8.90521,47.35211],[8.905,47.35165]],[[8.90576,47.3447],[8.90495,47.34376]],[[8.90495,47.34376],[8.90502,47.34254],[8.90589,47.34172]],[[8.90521,47.35211],[8.90596,47.35175],[8.90796,47.34966]],[[8.90575,47.35406],[8.90655,47.35392]],[[8.90575,47.35406],[8.90668,47.35436]],[[8.90691,47.34735],[8.90646,47.34698],[8.90654,47.34654],[8.90576,47.3447]],[[8.90576,47.3447],[8.90624,47.34402],[8.90627,47.34305],[8.90673,47.34199]],[[8.90796,47.34966],[8.90691,47.34735]],[[8.90691,47.34735],[8.90739,47.34695],[8.90784,47.34697],[8.9101,47.34572],[8.91034,47.34506]],[[8.90796,47.34966],[8.90925,47.34926],[8.91023,47.34933],[8.91126,47.34905]],[[8.91018,47.34464],[8.90976,47.34436],[8.90891,47.34306]],[[8.91034,47.34506],[8.91018,47.34464]],[[8.91018,47.34464],[8.91038,47.34376]],[[8.91038,47.34376],[8.91017,47.34292]],[[8.91034,47.34506],[8.91135,47.34438],[8.91176,47.34303]],[[8.91038,47.34376],[8.91087,47.34305]],[[8.91126,47.34905],[8.91296,47.3489]],[[8.91126,47.34905],[8.91317,47.34725],[8.91385,47.34692]],[[8.91361,47.34861],[8.91475,47.34826]],[[8.91385,47.34692],[8.91395,47.3463]],[[8.91385,47.34692],[8.9146,47.34665]]]}},{"type":"Feature","properties":{"id":"wissenbach-bauma-revier-124-zh","c":"ZH","p":"pacht","q":"official","k":"river"},"geometry":{"type":"MultiLineString","coordinates":[[[8.86045,47.35421],[8.85692,47.35531],[8.85604,47.35544],[8.85535,47.35519],[8.85458,47.35517],[8.85269,47.35644]],[[8.85946,47.35895],[8.85919,47.35875],[8.85943,47.35841],[8.85861,47.35746],[8.85774,47.35727],[8.85642,47.35747]],[[8.85946,47.35895],[8.85726,47.35922]],[[8.86143,47.35916],[8.85946,47.35895]],[[8.86379,47.35721],[8.86416,47.35561],[8.86335,47.35445],[8.86216,47.35369],[8.8607,47.3541]],[[8.86217,47.35631],[8.86187,47.35632]],[[8.86257,47.35891],[8.86203,47.35899]],[[8.86377,47.3588],[8.86314,47.35889]],[[8.86379,47.35721],[8.86378,47.35721]],[[8.86389,47.35746],[8.86379,47.35721]],[[8.86391,47.35782],[8.86393,47.35773]],[[8.86411,47.3586],[8.86404,47.35864]],[[8.86475,47.35918],[8.86485,47.35907],[8.86442,47.35871]],[[8.86518,47.36038],[8.8646,47.361]],[[8.86586,47.36005],[8.86547,47.36021]],[[8.86565,47.35984],[8.86559,47.3598]],[[8.86586,47.36005],[8.86565,47.35984]],[[8.86565,47.35984],[8.86614,47.35893],[8.86744,47.35752],[8.86881,47.35705],[8.86871,47.3568],[8.86904,47.35643],[8.86881,47.35617],[8.86892,47.35582]],[[8.86928,47.36149],[8.8684,47.36139],[8.86742,47.36101],[8.86709,47.36079],[8.86711,47.36056],[8.86586,47.36005]],[[8.86813,47.34427],[8.86744,47.34338]],[[8.86744,47.34338],[8.86674,47.34201],[8.86778,47.34123]],[[8.86744,47.34338],[8.86745,47.34338]],[[8.86892,47.35582],[8.86894,47.35562],[8.86839,47.35541],[8.86842,47.35385],[8.86791,47.35287]],[[8.86791,47.35287],[8.86731,47.35133],[8.86781,47.35111],[8.8676,47.35057],[8.86854,47.35024],[8.86858,47.34958]],[[8.86791,47.35287],[8.86818,47.35275],[8.87149,47.35287]],[[8.86796,47.34258],[8.86821,47.3425]],[[8.87059,47.34617],[8.86813,47.34427]],[[8.86813,47.34427],[8.86871,47.34381],[8.87019,47.34325]],[[8.86809,47.34112],[8.86978,47.34086],[8.87131,47.33968]],[[8.86858,47.34958],[8.86881,47.34842],[8.86919,47.34796],[8.86989,47.3476]],[[8.86858,47.34958],[8.86862,47.34958]],[[8.86984,47.34682],[8.8694,47.34615],[8.86944,47.34552],[8.86854,47.34501]],[[8.86892,47.35582],[8.87022,47.3554],[8.87135,47.35535],[8.87185,47.35516]],[[8.86874,47.34229],[8.87116,47.34155],[8.87181,47.3415]],[[8.86989,47.36182],[8.86928,47.36149]],[[8.86928,47.36149],[8.8702,47.36056]],[[8.86907,47.34968],[8.86964,47.34953]],[[8.87265,47.36374],[8.87107,47.36304],[8.86983,47.36219],[8.86989,47.36182]],[[8.86989,47.36182],[8.87069,47.36146],[8.8718,47.36029]],[[8.86989,47.3476],[8.86984,47.34682]],[[8.86984,47.34682],[8.87059,47.34617]],[[8.86989,47.3476],[8.86995,47.3476],[8.87016,47.34761],[8.87049,47.34785],[8.87084,47.3477],[8.87124,47.34776],[8.87179,47.34743],[8.87247,47.34746],[8.87312,47.34719],[8.87373,47.34725],[8.87415,47.34681]],[[8.87059,47.34617],[8.87134,47.34575],[8.87295,47.34563]],[[8.87073,47.34991],[8.87109,47.35016],[8.87263,47.35039]],[[8.87072,47.34315],[8.87236,47.34256]],[[8.87149,47.36242],[8.87254,47.36095]],[[8.87131,47.33968],[8.87134,47.33944]],[[8.87131,47.33968],[8.87173,47.33963],[8.87211,47.33969],[8.87256,47.33997]],[[8.87134,47.33944],[8.87127,47.33893],[8.87178,47.33844]],[[8.87134,47.33944],[8.87266,47.33902]],[[8.87185,47.35516],[8.87219,47.35511]],[[8.87185,47.35516],[8.87231,47.35456],[8.87356,47.35365]],[[8.87219,47.35511],[8.87294,47.35562],[8.87321,47.3556]],[[8.87219,47.35511],[8.87269,47.35486]],[[8.87256,47.36306],[8.873,47.36192]],[[8.87265,47.36374],[8.87262,47.36369]],[[8.87636,47.36774],[8.87557,47.36653],[8.87543,47.36587],[8.87405,47.36488],[8.87412,47.36448],[8.87265,47.36374]],[[8.87236,47.34256],[8.87326,47.3416]],[[8.87236,47.34256],[8.87312,47.34245],[8.87364,47.34203]],[[8.87263,47.35039],[8.87353,47.35088]],[[8.87263,47.35039],[8.87341,47.3502]],[[8.87317,47.34539],[8.87321,47.34479],[8.87401,47.34387],[8.8742,47.34293]],[[8.87415,47.34681],[8.87423,47.34682]],[[8.87415,47.34681],[8.87413,47.34653],[8.87535,47.34585],[8.87575,47.34599],[8.87741,47.34588]],[[8.87486,47.34745],[8.87509,47.34789],[8.87598,47.34799],[8.8764,47.34879]],[[8.87608,47.36992],[8.87647,47.36926],[8.87631,47.36843]],[[8.8785,47.34454],[8.87733,47.34401],[8.87537,47.34233]],[[8.87736,47.34083],[8.87626,47.3409],[8.87545,47.34069]],[[8.87732,47.3407],[8.87644,47.34017],[8.87645,47.33962]],[[8.87732,47.3407],[8.87723,47.33938]],[[8.87741,47.34588],[8.878,47.34628],[8.87874,47.34759],[8.87933,47.34817],[8.88064,47.34875]],[[8.87741,47.34588],[8.87851,47.3455],[8.8782,47.34501],[8.8785,47.34454]],[[8.87736,47.34083],[8.87732,47.3407]],[[8.87859,47.34185],[8.87736,47.34083]],[[8.87995,47.33772],[8.87949,47.33727],[8.87812,47.33666]],[[8.8785,47.34454],[8.87861,47.34446],[8.87898,47.34459],[8.87976,47.34427]],[[8.87976,47.34427],[8.87995,47.34355],[8.87859,47.34185]],[[8.87859,47.34185],[8.87888,47.34128]],[[8.87995,47.33772],[8.87894,47.33782]],[[8.87976,47.34427],[8.88015,47.34444],[8.88071,47.34428]],[[8.88097,47.33813],[8.87995,47.33772]],[[8.88107,47.34031],[8.8803,47.34031]],[[8.88107,47.34031],[8.88039,47.33999]],[[8.88071,47.34428],[8.88082,47.34435]],[[8.88071,47.34428],[8.88158,47.34281],[8.88222,47.34223]],[[8.88106,47.3448],[8.88114,47.34527],[8.88259,47.34633]],[[8.88334,47.34026],[8.88261,47.33906],[8.88097,47.33813]],[[8.88097,47.33813],[8.88129,47.33746]],[[8.88252,47.34103],[8.88107,47.34031]],[[8.88222,47.34223],[8.88182,47.34191],[8.88196,47.34146],[8.88252,47.34103]],[[8.88222,47.34223],[8.883,47.34216],[8.8835,47.34172]],[[8.88259,47.34633],[8.8842,47.34627]],[[8.88259,47.34633],[8.88304,47.34662]],[[8.88252,47.34103],[8.8826,47.3408],[8.88325,47.34058],[8.88334,47.34026]],[[8.88304,47.34662],[8.8828,47.34786]],[[8.88304,47.34662],[8.88365,47.34685]],[[8.88334,47.34026],[8.88409,47.33957],[8.88525,47.33916]],[[8.88365,47.34685],[8.88521,47.34714]],[[8.88365,47.34685],[8.88447,47.34771]],[[8.88382,47.34159],[8.88457,47.34126],[8.88572,47.34115],[8.88762,47.34225]],[[8.88525,47.33916],[8.88655,47.3378],[8.88673,47.33676],[8.88635,47.33623]],[[8.88525,47.33916],[8.88548,47.33914],[8.88607,47.33923],[8.88619,47.33919],[8.88709,47.33933],[8.88776,47.33914],[8.88987,47.33906],[8.8906,47.33847]],[[8.8866,47.33605],[8.88687,47.33558]],[[8.88696,47.33508],[8.88741,47.3346],[8.8891,47.33465]],[[8.88769,47.34228],[8.88723,47.3434]],[[8.88762,47.34225],[8.88769,47.34228]],[[8.88762,47.34225],[8.88906,47.34178]],[[8.88769,47.34228],[8.88917,47.34332]],[[8.88917,47.34332],[8.8888,47.34439]],[[8.88917,47.34332],[8.89031,47.3436]],[[8.89031,47.3436],[8.89179,47.34475],[8.89305,47.34488]],[[8.89031,47.3436],[8.89095,47.34349],[8.89168,47.34297],[8.89278,47.34278]],[[8.8906,47.33847],[8.89075,47.33797],[8.89179,47.33698]],[[8.8906,47.33847],[8.89084,47.33845],[8.89173,47.33856],[8.89243,47.33849],[8.89294,47.33862],[8.89418,47.33818]],[[8.89179,47.33698],[8.89147,47.33601]],[[8.89179,47.33698],[8.89299,47.33659]],[[8.89328,47.33197],[8.89292,47.3314],[8.8932,47.33047]],[[8.89391,47.33399],[8.89332,47.33353],[8.89328,47.33197]],[[8.89328,47.33197],[8.89393,47.33114],[8.89479,47.33075],[8.89488,47.33051]],[[8.89436,47.33528],[8.89391,47.33399]],[[8.89391,47.33399],[8.89578,47.33309],[8.8963,47.33256],[8.89732,47.33201]],[[8.89418,47.33818],[8.89479,47.3372],[8.89436,47.33528]],[[8.89418,47.33818],[8.89475,47.33812],[8.89548,47.33836]],[[8.89436,47.33528],[8.89667,47.33463]],[[8.8974,47.34158],[8.89558,47.34282]],[[8.89548,47.33836],[8.89649,47.33947]],[[8.89548,47.33836],[8.89615,47.33832]],[[8.89615,47.33832],[8.89697,47.33832],[8.89743,47.33873]],[[8.89615,47.33832],[8.8967,47.33803],[8.89695,47.3374],[8.89763,47.33671],[8.90027,47.33536]],[[8.89643,47.33977],[8.89675,47.34082],[8.8974,47.34158]],[[8.89667,47.33463],[8.89699,47.33413]],[[8.89667,47.33463],[8.89713,47.33451]],[[8.8974,47.34158],[8.8976,47.34183],[8.89843,47.34207]],[[8.89743,47.33873],[8.90033,47.33915]],[[8.89743,47.33873],[8.89874,47.33856],[8.89888,47.33834],[8.89975,47.33803]],[[8.89843,47.34207],[8.89909,47.34253]],[[8.89843,47.34207],[8.90045,47.34141],[8.90266,47.34166]],[[8.90017,47.3346],[8.90002,47.33395],[8.8993,47.33383],[8.89876,47.33326]],[[8.89909,47.34253],[8.8998,47.34278]],[[8.89909,47.34253],[8.89929,47.34311]],[[8.90033,47.33915],[8.90035,47.33916]],[[8.90033,47.33915],[8.90034,47.33915]],[[8.90027,47.33536],[8.90022,47.33519]],[[8.90027,47.33536],[8.90063,47.33514]],[[8.90176,47.33959],[8.9027,47.33973]],[[8.90263,47.33847],[8.90375,47.3381],[8.90409,47.3375]]]}},{"type":"Feature","properties":{"id":"lochbach-sternenberg-revier-125-zh","c":"ZH","p":"pacht","q":"official","k":"river"},"geometry":{"type":"MultiLineString","coordinates":[[[8.85823,47.3887],[8.85903,47.38838],[8.86143,47.38806],[8.86358,47.38817]],[[8.86358,47.38817],[8.86607,47.38821],[8.86732,47.38871],[8.86963,47.38849]],[[8.86358,47.38817],[8.86454,47.38747]],[[8.8647,47.38712],[8.86473,47.38708]],[[8.86488,47.38681],[8.86482,47.38646]],[[8.865,47.38612],[8.8648,47.38577],[8.86533,47.3854],[8.86542,47.38466]],[[8.8655,47.38615],[8.86623,47.38569],[8.86658,47.38511],[8.86758,47.38431],[8.86909,47.38352]],[[8.86909,47.38352],[8.8699,47.38253],[8.86992,47.38184]],[[8.86909,47.38352],[8.8707,47.3831]],[[8.86959,47.38889],[8.8695,47.38957]],[[8.86963,47.38849],[8.86963,47.38853]],[[8.86963,47.38849],[8.86978,47.38851]],[[8.86978,47.38851],[8.87096,47.38874],[8.87256,47.38993]],[[8.86978,47.38851],[8.87029,47.38825],[8.87085,47.3872]],[[8.87021,47.38992],[8.87008,47.39219]],[[8.86992,47.38184],[8.87049,47.38122]],[[8.86992,47.38184],[8.87061,47.38159],[8.87105,47.3817],[8.87128,47.38147]],[[8.87085,47.3872],[8.8722,47.38725]],[[8.87085,47.3872],[8.87155,47.38634]],[[8.87155,47.38634],[8.87095,47.38565]],[[8.87236,47.39199],[8.87181,47.39215],[8.87114,47.39268]],[[8.87236,47.39199],[8.87164,47.39254]],[[8.87155,47.38634],[8.87242,47.38589]],[[8.87242,47.38589],[8.87214,47.38538],[8.8721,47.38452]],[[8.87288,47.39133],[8.87236,47.39199]],[[8.87242,47.38589],[8.87382,47.38532]],[[8.87256,47.38993],[8.87329,47.39021]],[[8.87256,47.38993],[8.87336,47.38968],[8.87544,47.38781],[8.87751,47.38736]],[[8.87288,47.39133],[8.87306,47.3934]],[[8.87304,47.39108],[8.87288,47.39133]],[[8.87332,47.39049],[8.8732,47.39093]],[[8.87329,47.39021],[8.87329,47.39026]],[[8.87329,47.39021],[8.87356,47.39021]],[[8.87382,47.38532],[8.87378,47.38454],[8.87336,47.3836]],[[8.87356,47.39021],[8.87439,47.39026],[8.87502,47.3905],[8.87555,47.39099],[8.87731,47.39156],[8.87753,47.39146]],[[8.87356,47.39021],[8.87491,47.3892],[8.87606,47.3889],[8.87683,47.3889]],[[8.87382,47.38532],[8.87464,47.38533],[8.87505,47.38505],[8.87631,47.38479],[8.87711,47.38417]],[[8.8764,47.38251],[8.87528,47.38129]],[[8.87711,47.38417],[8.87656,47.38271]],[[8.87711,47.38417],[8.87736,47.3842],[8.87831,47.38387]],[[8.87753,47.39146],[8.8783,47.39058]],[[8.87753,47.39146],[8.87754,47.39146],[8.87763,47.39149],[8.87775,47.39167],[8.87897,47.3918]],[[8.87831,47.38387],[8.87907,47.38402],[8.87981,47.38447],[8.88127,47.38452]],[[8.87831,47.38387],[8.87876,47.38328]],[[8.87862,47.39318],[8.87933,47.39413],[8.88028,47.39428],[8.88115,47.39465]],[[8.87913,47.39189],[8.87905,47.39253],[8.87866,47.39299]],[[8.87897,47.3918],[8.87913,47.39189]],[[8.87897,47.3918],[8.8797,47.39053]],[[8.87876,47.38328],[8.87868,47.38244],[8.88087,47.3802]],[[8.87876,47.38328],[8.87922,47.38315],[8.8802,47.38322],[8.88189,47.38262]],[[8.87913,47.39189],[8.8823,47.39256],[8.8832,47.39255],[8.88358,47.39233]],[[8.88115,47.39465],[8.88098,47.39533]],[[8.88115,47.39465],[8.88185,47.39501]],[[8.88189,47.38262],[8.88293,47.38153],[8.88422,47.38125]],[[8.88189,47.38262],[8.88478,47.38243]],[[8.88358,47.39233],[8.88342,47.39116],[8.88366,47.39065],[8.88341,47.38885]],[[8.88341,47.38885],[8.88327,47.38832],[8.88352,47.38757]],[[8.88341,47.38885],[8.88407,47.38852]],[[8.88358,47.39233],[8.88365,47.39237]],[[8.88365,47.39237],[8.88427,47.39237],[8.88505,47.39208]],[[8.88365,47.39237],[8.88361,47.39302],[8.88442,47.39442],[8.88454,47.39533]],[[8.88505,47.39208],[8.88566,47.39239],[8.88611,47.39367],[8.8873,47.39489]],[[8.88505,47.39208],[8.88646,47.39132]],[[8.8873,47.39489],[8.88682,47.39551],[8.88601,47.39595]],[[8.88646,47.39132],[8.88704,47.3921],[8.88752,47.39223],[8.88946,47.39356]],[[8.88646,47.39132],[8.88694,47.39104],[8.88955,47.39046]],[[8.8879,47.38487],[8.88631,47.38368]],[[8.8873,47.39489],[8.88834,47.39573]],[[8.88879,47.38707],[8.88824,47.38689],[8.88774,47.38596],[8.8879,47.38487]],[[8.8879,47.38487],[8.88809,47.38276],[8.88847,47.38226]],[[8.89108,47.38973],[8.88961,47.38858],[8.88879,47.38707]],[[8.88879,47.38707],[8.89049,47.38556]],[[8.88946,47.39356],[8.88951,47.39377]],[[8.88946,47.39356],[8.88954,47.39356],[8.88981,47.39364],[8.89032,47.39369]],[[8.88955,47.39046],[8.88975,47.39066]],[[8.88955,47.39046],[8.89055,47.39017],[8.89108,47.38973]],[[8.88979,47.39085],[8.89039,47.39137]],[[8.89068,47.39153],[8.89241,47.39191],[8.89292,47.3922]],[[8.89108,47.38973],[8.89225,47.3891]],[[8.89225,47.3891],[8.89318,47.3895],[8.89549,47.38985],[8.89647,47.38982],[8.89862,47.39018],[8.89956,47.39059],[8.90006,47.39058]],[[8.89225,47.3891],[8.89316,47.38878]],[[8.89316,47.38878],[8.89375,47.38809],[8.89249,47.3865],[8.89246,47.38611],[8.89352,47.38292]],[[8.89316,47.38878],[8.89363,47.38873],[8.89679,47.38706]],[[8.89806,47.38494],[8.89674,47.38407],[8.89645,47.38364],[8.8963,47.38217],[8.89572,47.38152],[8.89588,47.38098]],[[8.89679,47.38706],[8.8983,47.38768]],[[8.89679,47.38706],[8.89752,47.38633]],[[8.89752,47.38633],[8.89928,47.38699],[8.90031,47.38765]],[[8.89752,47.38633],[8.89863,47.38579],[8.89882,47.38552]],[[8.89882,47.38552],[8.89843,47.38524]],[[8.89882,47.38552],[8.90056,47.385]],[[8.90006,47.39058],[8.90092,47.39085],[8.90215,47.39058]],[[8.90006,47.39058],[8.90151,47.38965],[8.90244,47.38933]],[[8.90056,47.385],[8.90021,47.38371],[8.90021,47.3824]],[[8.90052,47.38783],[8.90131,47.38832]],[[8.90056,47.385],[8.90178,47.38476]],[[8.90178,47.38476],[8.90244,47.3849],[8.9037,47.38583]],[[8.90178,47.38476],[8.90355,47.38347]],[[8.9037,47.38583],[8.90275,47.38715]],[[8.90355,47.38347],[8.90285,47.38209]],[[8.90355,47.38347],[8.90505,47.38316]],[[8.9037,47.38583],[8.9051,47.38712],[8.9055,47.38722],[8.90813,47.3869]],[[8.90505,47.38316],[8.9049,47.38224]],[[8.90505,47.38316],[8.9062,47.38308]],[[8.9062,47.38308],[8.90686,47.38306]],[[8.9062,47.38308],[8.9065,47.3839]],[[8.90686,47.38306],[8.9083,47.38355]],[[8.90686,47.38306],[8.90785,47.38187],[8.90825,47.38098]],[[8.9083,47.38355],[8.90781,47.38443]],[[8.90825,47.38098],[8.90786,47.38034]],[[8.9083,47.38355],[8.90842,47.38361]],[[8.90825,47.38098],[8.90918,47.38021]],[[8.90842,47.38361],[8.91056,47.38505]],[[8.90842,47.38361],[8.91108,47.3825]],[[8.91056,47.38505],[8.91106,47.38562],[8.91193,47.38572]],[[8.91056,47.38505],[8.91191,47.38462]]]}},{"type":"Feature","properties":{"id":"steinenbach-bauma-revier-127-zh","c":"ZH","p":"private","q":"official","k":"river"},"geometry":{"type":"MultiLineString","coordinates":[[[8.90349,47.40237],[8.90348,47.40205],[8.90372,47.40192],[8.90655,47.40133],[8.90698,47.40102]],[[8.90354,47.40238],[8.9036,47.40237]],[[8.90504,47.39847],[8.90474,47.39805]],[[8.90474,47.39805],[8.90406,47.39723],[8.9037,47.39591],[8.90395,47.39346],[8.90472,47.39257]],[[8.90474,47.39805],[8.90538,47.39777],[8.9055,47.39745]],[[8.90472,47.39257],[8.90476,47.39214]],[[8.90472,47.39257],[8.90509,47.39244]],[[8.90698,47.40102],[8.90687,47.40049],[8.90557,47.39936],[8.90504,47.39847]],[[8.90504,47.39847],[8.90587,47.39822]],[[8.90698,47.40102],[8.90719,47.40099],[8.90801,47.40111],[8.9087,47.40108],[8.90916,47.40119]],[[8.91,47.39159],[8.90871,47.39143],[8.90734,47.39161]],[[8.90873,47.39012],[8.90812,47.38968],[8.90751,47.3895]],[[8.90873,47.39012],[8.90789,47.3903]],[[8.91051,47.39353],[8.90951,47.39363],[8.90883,47.39312],[8.90797,47.39292]],[[8.90936,47.39019],[8.909,47.39009],[8.90873,47.39012]],[[8.90916,47.40119],[8.90954,47.40091],[8.90961,47.40024],[8.90908,47.39848]],[[8.90916,47.40119],[8.91001,47.40128],[8.91063,47.40109],[8.91138,47.40141],[8.91165,47.40102],[8.91222,47.40091],[8.91343,47.4012],[8.91332,47.40075],[8.91354,47.40042]],[[8.91,47.39159],[8.90936,47.39019]],[[8.90936,47.39019],[8.90943,47.38922],[8.91008,47.38801]],[[8.91051,47.39227],[8.91,47.39159]],[[8.91077,47.39393],[8.91051,47.39353]],[[8.91051,47.39353],[8.91051,47.39227]],[[8.91051,47.39227],[8.91079,47.39215]],[[8.91177,47.39555],[8.91091,47.39448],[8.91077,47.39393]],[[8.91077,47.39393],[8.91237,47.39324],[8.91353,47.39295]],[[8.91079,47.39215],[8.91148,47.39227]],[[8.91079,47.39215],[8.91149,47.39086]],[[8.91149,47.39086],[8.91172,47.38984],[8.91248,47.38885],[8.91295,47.3886]],[[8.91149,47.39086],[8.91159,47.39085],[8.9117,47.39086]],[[8.91322,47.39829],[8.91209,47.39667],[8.91177,47.39555]],[[8.91177,47.39555],[8.91284,47.39513]],[[8.91209,47.39074],[8.91362,47.39068]],[[8.91295,47.3886],[8.91288,47.3876]],[[8.91304,47.39198],[8.91414,47.39169]],[[8.91354,47.40042],[8.91388,47.39925],[8.91322,47.39829]],[[8.91322,47.39829],[8.91441,47.39763]],[[8.91295,47.3886],[8.91301,47.3886],[8.91325,47.38855],[8.91373,47.38837]],[[8.91354,47.40042],[8.9136,47.40041],[8.91368,47.40042],[8.9141,47.40061],[8.91433,47.40033],[8.91546,47.40019],[8.91583,47.39986],[8.91664,47.39994]],[[8.9138,47.39473],[8.91412,47.39461]],[[8.91412,47.39461],[8.91477,47.39405]],[[8.91412,47.39461],[8.9154,47.39428]],[[8.91414,47.39169],[8.91483,47.39173]],[[8.91414,47.39169],[8.91467,47.39137]],[[8.91664,47.39994],[8.91633,47.39861]],[[8.91664,47.39994],[8.91728,47.39987],[8.91788,47.39996],[8.91914,47.39969]],[[8.91914,47.39969],[8.91936,47.39922],[8.9192,47.39879],[8.91775,47.39758],[8.91689,47.39549]],[[8.91983,47.39338],[8.91849,47.39215],[8.91712,47.39138]],[[8.91983,47.39338],[8.91782,47.39385]],[[8.91956,47.38823],[8.91801,47.38809]],[[8.91919,47.38754],[8.91839,47.38686]],[[8.91914,47.39969],[8.92074,47.39949],[8.92122,47.39916]],[[8.92122,47.39916],[8.92083,47.3989],[8.9194,47.39657],[8.91936,47.39617]],[[8.91959,47.38814],[8.91919,47.38754]],[[8.91919,47.38754],[8.91967,47.3869]],[[8.92138,47.39033],[8.91932,47.39048]],[[8.92106,47.38989],[8.91956,47.38823]],[[8.91956,47.38823],[8.91959,47.38814]],[[8.91959,47.38814],[8.92093,47.38725]],[[8.9253,47.39711],[8.9225,47.39572],[8.92029,47.39398],[8.91983,47.39338]],[[8.92122,47.39916],[8.9219,47.39898],[8.92238,47.39858],[8.92318,47.39839],[8.9253,47.39711]],[[8.92138,47.39033],[8.92106,47.38989]],[[8.92106,47.38989],[8.92142,47.38955]],[[8.92402,47.39229],[8.92246,47.39149],[8.92138,47.39033]],[[8.92142,47.38955],[8.92155,47.38898],[8.92216,47.38818]],[[8.92142,47.38955],[8.92252,47.38896],[8.92263,47.3886]],[[8.92421,47.38598],[8.92386,47.38542],[8.92269,47.38466]],[[8.92421,47.38598],[8.92315,47.38609]],[[8.92728,47.39474],[8.92524,47.39343],[8.92402,47.39229]],[[8.92402,47.39229],[8.92444,47.39084],[8.92471,47.39058]],[[8.92561,47.38661],[8.92421,47.38598]],[[8.92471,47.39058],[8.92476,47.39026]],[[8.92471,47.39058],[8.92506,47.39043]],[[8.9253,47.39711],[8.92598,47.3969],[8.92606,47.39656],[8.92652,47.39622],[8.92739,47.39585],[8.92748,47.39557],[8.92713,47.39519],[8.92728,47.39474]],[[8.92903,47.38868],[8.92718,47.38751],[8.9263,47.3872],[8.92561,47.38661]],[[8.92561,47.38661],[8.92553,47.38619],[8.9259,47.38576],[8.92616,47.38468]],[[8.92728,47.39474],[8.92771,47.39461],[8.92776,47.39434],[8.92837,47.39386],[8.92888,47.3939],[8.92958,47.39332]],[[8.92919,47.38904],[8.92799,47.38926],[8.92742,47.38955]],[[8.92958,47.39332],[8.92861,47.39244]],[[8.92919,47.38904],[8.92903,47.38868]],[[8.92903,47.38868],[8.92967,47.3875],[8.93002,47.38508]],[[8.93011,47.39018],[8.92919,47.38904]],[[8.93002,47.38508],[8.92967,47.38426],[8.92914,47.38379],[8.92911,47.38341]],[[8.92958,47.39332],[8.93011,47.3931],[8.93011,47.39267],[8.93088,47.3922]],[[8.93088,47.3922],[8.93119,47.39152],[8.93011,47.39018]],[[8.93011,47.39018],[8.93186,47.38942]],[[8.93002,47.38508],[8.931,47.38472]],[[8.93088,47.3922],[8.93187,47.39147],[8.93381,47.39068]],[[8.931,47.38472],[8.93115,47.38434],[8.93208,47.38362]],[[8.931,47.38472],[8.93235,47.38433],[8.93315,47.38364]],[[8.93381,47.39068],[8.93315,47.38962]],[[8.93381,47.39068],[8.93572,47.39033]],[[8.93572,47.39033],[8.93414,47.38833],[8.93389,47.38754]],[[8.93773,47.38896],[8.93544,47.3866]],[[8.93572,47.39033],[8.93633,47.39014],[8.93653,47.38978],[8.93773,47.38896]],[[8.93883,47.3862],[8.93634,47.38429],[8.93619,47.38332]],[[8.93773,47.38896],[8.94069,47.38752]],[[8.94069,47.38752],[8.94013,47.38686],[8.93883,47.3862]],[[8.93883,47.3862],[8.93908,47.38604],[8.93924,47.38533]],[[8.94012,47.37975],[8.93945,47.37897],[8.93868,47.37855]],[[8.94282,47.38616],[8.94356,47.38555],[8.94356,47.38379],[8.94264,47.38252],[8.94108,47.38146],[8.94012,47.37975]],[[8.94012,47.37975],[8.94113,47.37812]],[[8.94069,47.38752],[8.94155,47.38731],[8.94282,47.38616]],[[8.94282,47.38616],[8.94185,47.38521],[8.94112,47.38484]],[[8.94113,47.37812],[8.94084,47.37726],[8.94096,47.3765]],[[8.94113,47.37812],[8.94174,47.37776],[8.94233,47.37707]]]}},{"type":"Feature","properties":{"id":"reinisbach-und-aegetswilerbach-wila-revier-129-zh","c":"ZH","p":"pacht","q":"official","k":"river"},"geometry":{"type":"MultiLineString","coordinates":[[[8.84033,47.39986],[8.83809,47.39853],[8.83774,47.39847],[8.83733,47.39874],[8.83608,47.39889]],[[8.84374,47.40887],[8.84236,47.40845],[8.8418,47.40861],[8.84007,47.40844]],[[8.84442,47.40268],[8.84319,47.40174],[8.84241,47.4008],[8.84058,47.39991]],[[8.84442,47.40268],[8.84385,47.40291],[8.84321,47.40285],[8.84264,47.4033],[8.84135,47.40298]],[[8.84688,47.41208],[8.84472,47.41194],[8.84377,47.41211],[8.84326,47.41249],[8.84223,47.41264]],[[8.84382,47.40907],[8.8434,47.40924],[8.84264,47.40918]],[[8.84392,47.40778],[8.84369,47.40754],[8.84375,47.40709],[8.84312,47.4071],[8.84287,47.40693]],[[8.84382,47.40907],[8.84374,47.40887]],[[8.84374,47.40887],[8.84392,47.40778]],[[8.84624,47.41152],[8.84467,47.41088],[8.84442,47.40949],[8.84394,47.40907],[8.84382,47.40907]],[[8.84392,47.40778],[8.84441,47.40727]],[[8.84703,47.41127],[8.84797,47.41044],[8.84853,47.40931],[8.84901,47.40913],[8.84973,47.40841],[8.8501,47.4072],[8.85003,47.40605],[8.84927,47.40501],[8.84826,47.40447],[8.84719,47.4043],[8.84509,47.40339],[8.84442,47.40268]],[[8.84722,47.41355],[8.84688,47.41208]],[[8.84688,47.41208],[8.84696,47.41194]],[[8.84846,47.41608],[8.84778,47.41611],[8.84752,47.41595],[8.84769,47.4154],[8.84705,47.41413]],[[8.84715,47.41389],[8.84722,47.41355]],[[8.84722,47.41355],[8.84723,47.41355]],[[8.84763,47.41169],[8.84803,47.41124],[8.84955,47.41095],[8.85134,47.4114]],[[8.85152,47.41769],[8.85099,47.41749],[8.85042,47.41688],[8.84881,47.41624]],[[8.85141,47.41842],[8.85212,47.41808],[8.85291,47.41838],[8.85461,47.41773],[8.85716,47.41795],[8.86085,47.41855]],[[8.86085,47.41855],[8.86186,47.41827],[8.86266,47.41767],[8.86363,47.41745]],[[8.86085,47.41855],[8.86121,47.41915],[8.86195,47.41924],[8.86234,47.41946],[8.86282,47.41938],[8.86322,47.41961],[8.8649,47.41948]],[[8.8649,47.41948],[8.86597,47.41963],[8.86625,47.4195]],[[8.8649,47.41948],[8.86559,47.41848]],[[8.86567,47.4182],[8.86527,47.41725]],[[8.86625,47.4195],[8.86668,47.41967]],[[8.86625,47.4195],[8.86633,47.41813],[8.86765,47.41665],[8.8678,47.41616]],[[8.86668,47.41967],[8.86672,47.42018]],[[8.86668,47.41967],[8.86814,47.41904],[8.86896,47.41936]],[[8.86794,47.41597],[8.86814,47.41578]],[[8.86896,47.41936],[8.87158,47.41964]],[[8.86896,47.41936],[8.86976,47.42056],[8.86998,47.42205]],[[8.87158,47.41964],[8.87272,47.42041]],[[8.87158,47.41964],[8.87249,47.41941],[8.87437,47.41823],[8.87548,47.41802]],[[8.87272,47.42041],[8.87192,47.4216],[8.8718,47.42233]],[[8.87272,47.42041],[8.87387,47.42088]],[[8.87387,47.42088],[8.87352,47.42202]],[[8.87387,47.42088],[8.87464,47.42099],[8.87498,47.42129]],[[8.87498,47.42129],[8.87573,47.42087]],[[8.87498,47.42129],[8.87518,47.42129],[8.87522,47.42131]],[[8.87522,47.42131],[8.87498,47.42214],[8.8751,47.42475]],[[8.87522,47.42131],[8.87685,47.42179],[8.87791,47.42181]],[[8.87567,47.41759],[8.87673,47.41666],[8.87736,47.41662]],[[8.87791,47.42181],[8.87858,47.42211],[8.8789,47.42283]],[[8.87791,47.42181],[8.87896,47.42171],[8.87974,47.4214]],[[8.87884,47.423],[8.87833,47.42341]],[[8.87884,47.423],[8.87948,47.42404],[8.88025,47.42461]],[[8.8789,47.42283],[8.87884,47.423]],[[8.8789,47.42283],[8.8793,47.42317],[8.88077,47.42347]],[[8.87974,47.4214],[8.88092,47.42136],[8.88197,47.42177]],[[8.87974,47.4214],[8.87991,47.42081]],[[8.88014,47.42038],[8.88056,47.4197],[8.88089,47.41962]],[[8.88197,47.42177],[8.88262,47.42215],[8.88365,47.42347],[8.88458,47.42363]],[[8.88197,47.42177],[8.88429,47.42051],[8.88459,47.42018]]]}},{"type":"Feature","properties":{"id":"muelibach-wila-revier-131-zh","c":"ZH","p":"pacht","q":"official","k":"river"},"geometry":{"type":"MultiLineString","coordinates":[[[8.8295,47.42059],[8.82786,47.42027],[8.82713,47.41963]],[[8.83379,47.41603],[8.83316,47.41612],[8.83211,47.41597],[8.83163,47.41616],[8.82994,47.41772],[8.82886,47.41802]],[[8.8295,47.42059],[8.8291,47.41983]],[[8.83436,47.42338],[8.83134,47.42226],[8.83031,47.42161],[8.82992,47.42087],[8.8295,47.42059]],[[8.83363,47.4158],[8.83274,47.41499],[8.83233,47.4149],[8.83219,47.41446],[8.83166,47.41423],[8.83162,47.41336],[8.83104,47.41294]],[[8.83379,47.41603],[8.83363,47.4158]],[[8.83363,47.4158],[8.83403,47.4152],[8.83403,47.41422]],[[8.83867,47.41827],[8.83795,47.41758],[8.83729,47.41748],[8.83682,47.41708],[8.83584,47.41697],[8.83379,47.41603]],[[8.83436,47.42338],[8.83403,47.42231]],[[8.83592,47.42401],[8.83515,47.42416],[8.83467,47.42467],[8.83417,47.42473]],[[8.83456,47.42346],[8.83436,47.42338]],[[8.83592,47.42401],[8.83504,47.42382],[8.83456,47.42346]],[[8.83456,47.42346],[8.83519,47.42243]],[[8.8363,47.41089],[8.83609,47.41055],[8.83449,47.41094]],[[8.8368,47.42429],[8.83636,47.42497],[8.8356,47.42539],[8.83518,47.42534]],[[8.8368,47.42429],[8.83592,47.42401]],[[8.83749,47.42455],[8.8368,47.42429]],[[8.83844,47.41244],[8.83772,47.4123],[8.83697,47.41189],[8.83648,47.41126]],[[8.84124,47.42477],[8.84065,47.42498],[8.8392,47.42495],[8.83884,47.42458],[8.83842,47.42449]],[[8.84124,47.42477],[8.84038,47.42439],[8.84003,47.42319],[8.83965,47.42293],[8.83926,47.42213],[8.83885,47.42204]],[[8.84369,47.42121],[8.84247,47.42099],[8.84003,47.42009],[8.83963,47.41986],[8.83884,47.41868]],[[8.83944,47.41276],[8.83886,47.41258]],[[8.8442,47.41614],[8.84392,47.41564],[8.84334,47.41547],[8.84221,47.41452],[8.84168,47.41364],[8.84006,47.41307]],[[8.84458,47.42549],[8.8434,47.42515],[8.84229,47.42513],[8.84124,47.42477]],[[8.84405,47.41996],[8.84426,47.41947]],[[8.84454,47.42055],[8.84409,47.42024]],[[8.84435,47.42137],[8.84413,47.42133]],[[8.8449,47.42038],[8.84468,47.41966],[8.84426,47.41947]],[[8.84426,47.41947],[8.84477,47.41838],[8.84471,47.41801]],[[8.8449,47.42624],[8.84463,47.42605],[8.84458,47.42563]],[[8.84458,47.42563],[8.84458,47.42549]],[[8.84458,47.42563],[8.84491,47.42449],[8.84438,47.42406],[8.84414,47.42338],[8.84504,47.42259],[8.84504,47.42159]],[[8.84458,47.42549],[8.8446,47.42501]],[[8.84481,47.41782],[8.84523,47.41764],[8.84441,47.4163]],[[8.84478,47.42081],[8.84473,47.42074]],[[8.84478,47.42081],[8.84478,47.4208]],[[8.84492,47.42096],[8.84478,47.42081]],[[8.84503,47.42623],[8.84504,47.42622]],[[8.84504,47.42159],[8.84492,47.42096]],[[8.84504,47.42159],[8.84498,47.4215]]]}},{"type":"Feature","properties":{"id":"tobelbach-wildberg-revier-134-zh","c":"ZH","p":"pacht","q":"official","k":"river"},"geometry":{"type":"MultiLineString","coordinates":[[[8.77999,47.40311],[8.77948,47.40348],[8.77869,47.40331],[8.77772,47.40279]],[[8.78481,47.41268],[8.78424,47.41299],[8.78295,47.41428],[8.78277,47.41477]],[[8.78462,47.40832],[8.78403,47.4087],[8.78288,47.4087]],[[8.78454,47.43154],[8.78434,47.43151]],[[8.78772,47.40793],[8.78714,47.4079],[8.78613,47.40834],[8.78511,47.40825]],[[8.78784,47.41234],[8.78728,47.41249],[8.78602,47.4123],[8.78524,47.4125]],[[8.78576,47.39936],[8.78726,47.39952],[8.78835,47.39929],[8.78885,47.39897]],[[8.78784,47.41234],[8.78738,47.41371],[8.78753,47.41449],[8.78731,47.41534],[8.78767,47.41593],[8.7875,47.41618]],[[8.7894,47.41143],[8.78784,47.41234]],[[8.79263,47.43221],[8.79229,47.43156],[8.79129,47.43063],[8.79061,47.43027],[8.78931,47.43005]],[[8.78931,47.40637],[8.78902,47.4061]],[[8.78931,47.40637],[8.78906,47.40627]],[[8.7897,47.40667],[8.78931,47.40637]],[[8.7898,47.41097],[8.78946,47.41126]],[[8.79263,47.43221],[8.79008,47.43262]],[[8.7897,47.40667],[8.78964,47.40671]],[[8.79143,47.40816],[8.7897,47.40667]],[[8.79143,47.40816],[8.79004,47.40897],[8.7898,47.40982]],[[8.78975,47.40528],[8.79036,47.40491],[8.79169,47.40453]],[[8.79483,47.43546],[8.79301,47.43548],[8.79107,47.43511],[8.79053,47.43479]],[[8.79411,47.43799],[8.79282,47.43758],[8.79218,47.43708],[8.7911,47.43678],[8.79063,47.43639]],[[8.79009,47.39769],[8.79031,47.39585],[8.79125,47.39588],[8.79255,47.39557],[8.79319,47.39524],[8.79369,47.39467],[8.7954,47.39421],[8.7962,47.3936]],[[8.79146,47.44593],[8.79115,47.44365],[8.79199,47.4423],[8.79216,47.4414],[8.79262,47.44114],[8.79372,47.44101],[8.79467,47.44067],[8.79492,47.44016]],[[8.79294,47.40887],[8.79143,47.40816]],[[8.79302,47.43672],[8.79246,47.43659]],[[8.79731,47.42232],[8.79625,47.42232],[8.79372,47.42176],[8.79266,47.42116],[8.79211,47.42048]],[[8.7957,47.43552],[8.79613,47.43468],[8.7956,47.43388],[8.79512,47.43348],[8.79359,47.43299],[8.79263,47.43221]],[[8.79483,47.43546],[8.79419,47.43526],[8.79379,47.4342],[8.79342,47.43423],[8.79268,47.43388]],[[8.79411,47.43799],[8.79329,47.43688]],[[8.80252,47.41429],[8.80167,47.41351],[8.80073,47.41308],[8.80087,47.4129],[8.80037,47.41237],[8.79976,47.41233],[8.7994,47.41188],[8.79917,47.41196],[8.79885,47.41162],[8.79835,47.41154],[8.79713,47.41065],[8.79587,47.41044],[8.79492,47.40964],[8.79294,47.40887]],[[8.79294,47.40887],[8.79367,47.40829],[8.79524,47.4079],[8.79656,47.40722],[8.79753,47.40612],[8.7979,47.40492],[8.7972,47.40383],[8.79696,47.40212]],[[8.79496,47.43841],[8.79411,47.43799]],[[8.79915,47.4268],[8.79823,47.42613],[8.79759,47.4262],[8.7965,47.42599],[8.79587,47.42617],[8.79467,47.42611],[8.79446,47.42576],[8.7938,47.42552]],[[8.79488,47.41813],[8.79431,47.4181]],[[8.79492,47.44016],[8.79497,47.43861]],[[8.79492,47.44016],[8.79577,47.44004],[8.7961,47.43948],[8.79717,47.43906],[8.79669,47.43864],[8.79682,47.43813],[8.79722,47.43774],[8.79703,47.4374]],[[8.7957,47.43552],[8.79489,47.43544],[8.79483,47.43546]],[[8.79489,47.41813],[8.79498,47.41806]],[[8.79533,47.42896],[8.79517,47.42898]],[[8.79915,47.4268],[8.79706,47.42685],[8.79516,47.42644]],[[8.79533,47.42896],[8.79523,47.42885]],[[8.79552,47.42903],[8.79533,47.42896]],[[8.79731,47.42232],[8.7967,47.42175],[8.7967,47.42061],[8.79568,47.41998],[8.79536,47.41949],[8.79544,47.41884],[8.79509,47.41835]],[[8.79703,47.4374],[8.79629,47.43679],[8.7957,47.43552]],[[8.80054,47.43163],[8.79848,47.42958],[8.79785,47.42932],[8.79586,47.42915]],[[8.79857,47.43327],[8.79798,47.43328],[8.79737,47.43296],[8.79593,47.43134]],[[8.79703,47.4374],[8.79758,47.43695],[8.7978,47.4356],[8.7988,47.43541],[8.79883,47.43464]],[[8.79756,47.42275],[8.79718,47.4235]],[[8.79735,47.42234],[8.79731,47.42246]],[[8.79735,47.42234],[8.79731,47.42232]],[[8.8022,47.42357],[8.80169,47.42309],[8.80047,47.42247],[8.79982,47.42259],[8.79911,47.42233],[8.79775,47.42255],[8.79735,47.42234]],[[8.79827,47.43431],[8.79807,47.43416]],[[8.79883,47.43464],[8.79922,47.43437],[8.7991,47.4336],[8.79857,47.43327]],[[8.79857,47.43327],[8.79917,47.43236],[8.80051,47.43207],[8.80054,47.43163]],[[8.79883,47.43464],[8.7988,47.43463]],[[8.79964,47.42688],[8.79897,47.42786],[8.79866,47.42788]],[[8.79964,47.42688],[8.79915,47.4268]],[[8.80429,47.42647],[8.80316,47.427],[8.80041,47.427],[8.79996,47.42686],[8.79964,47.42688]],[[8.80054,47.43163],[8.80119,47.43144]],[[8.8017,47.42369],[8.80095,47.42364]],[[8.80111,47.42393],[8.80098,47.42388]],[[8.80119,47.43144],[8.80123,47.43148]],[[8.80119,47.43144],[8.80249,47.4309],[8.80316,47.4308],[8.80331,47.43053],[8.80297,47.43008]],[[8.80111,47.42393],[8.80104,47.42393]],[[8.8017,47.42369],[8.80149,47.42388],[8.80129,47.42393],[8.80111,47.42393]],[[8.80381,47.39465],[8.80302,47.39502],[8.80061,47.39541]],[[8.80178,47.41852],[8.80175,47.41888],[8.80121,47.41905]],[[8.80258,47.424],[8.80142,47.42451]],[[8.8034,47.39378],[8.80232,47.39311],[8.80205,47.3921],[8.80246,47.39148],[8.80186,47.39109],[8.80146,47.39108],[8.80075,47.39032]],[[8.8019,47.43199],[8.80186,47.43215],[8.80293,47.43284],[8.804,47.43305],[8.80455,47.43337]],[[8.8022,47.42357],[8.8017,47.42369]],[[8.80297,47.43008],[8.80187,47.43006]],[[8.80325,47.42971],[8.80311,47.4294],[8.80198,47.4287]],[[8.80322,47.42453],[8.80189,47.4248]],[[8.80258,47.424],[8.8022,47.42357]],[[8.80322,47.42453],[8.80258,47.424]],[[8.80444,47.41647],[8.80449,47.41597],[8.80341,47.41588],[8.80283,47.41549],[8.8024,47.4146],[8.80252,47.41429]],[[8.80252,47.41429],[8.80365,47.41391],[8.80391,47.41351],[8.80466,47.41333],[8.80442,47.41249],[8.80488,47.41242],[8.8055,47.41181],[8.80557,47.41146],[8.80598,47.41155],[8.8071,47.41086],[8.80838,47.41059],[8.80841,47.41007]],[[8.80297,47.43008],[8.80325,47.42971]],[[8.80325,47.42971],[8.80381,47.42978],[8.80431,47.42909],[8.80488,47.42901],[8.80515,47.42876]],[[8.80396,47.42499],[8.80322,47.42453]],[[8.80429,47.42647],[8.80377,47.42605],[8.8043,47.42564],[8.8039,47.42531],[8.80396,47.42499]],[[8.80396,47.42499],[8.80423,47.42484]],[[8.8042,47.41853],[8.80389,47.41845]],[[8.80381,47.39465],[8.8034,47.39378]],[[8.8034,47.39378],[8.80393,47.39325],[8.80442,47.39314],[8.80489,47.39259],[8.80522,47.39137]],[[8.80423,47.42484],[8.80464,47.42503],[8.80678,47.42444]],[[8.80423,47.42484],[8.80476,47.42453],[8.80416,47.42358],[8.80503,47.42281]],[[8.80517,47.42764],[8.80494,47.42708],[8.80429,47.42647]],[[8.80488,47.42073],[8.80461,47.41993],[8.80534,47.4194],[8.80505,47.419],[8.80414,47.41868],[8.8042,47.41853]],[[8.8042,47.41853],[8.80443,47.41821],[8.80542,47.41812],[8.8054,47.41785],[8.80579,47.41756],[8.80559,47.41746]],[[8.80643,47.3971],[8.80586,47.39687],[8.80601,47.39628],[8.80514,47.3952],[8.80381,47.39465]],[[8.80559,47.41746],[8.80503,47.41709],[8.8051,47.4169],[8.80473,47.41692],[8.8045,47.41673],[8.80444,47.41647]],[[8.80444,47.41647],[8.80526,47.41602],[8.80648,47.41617],[8.80652,47.41587],[8.80769,47.41493],[8.80786,47.41455],[8.8092,47.41397],[8.80995,47.41392],[8.81001,47.41365]],[[8.80559,47.40862],[8.80477,47.40852],[8.80424,47.40794]],[[8.80535,47.42184],[8.80546,47.42146],[8.80488,47.42073]],[[8.80488,47.42073],[8.80545,47.42029]],[[8.80515,47.42876],[8.80545,47.42812],[8.80517,47.42764]],[[8.80515,47.42876],[8.80581,47.42873],[8.80792,47.42936],[8.8094,47.42941]],[[8.80503,47.42281],[8.80535,47.42184]],[[8.80503,47.42281],[8.80513,47.42278],[8.80549,47.42294],[8.80643,47.42303]],[[8.80517,47.42764],[8.80519,47.42762]],[[8.80559,47.40862],[8.80576,47.40848],[8.80556,47.40811],[8.80466,47.40733]],[[8.80517,47.39801],[8.80445,47.39846]],[[8.80535,47.42184],[8.80567,47.42173],[8.80745,47.42186]],[[8.80545,47.42029],[8.80618,47.42057]],[[8.80545,47.42029],[8.80656,47.42003],[8.80904,47.42047],[8.81188,47.42055],[8.81331,47.42011]],[[8.80559,47.41746],[8.80621,47.41709],[8.80647,47.41713]],[[8.80642,47.40215],[8.80568,47.40221],[8.80524,47.40204]],[[8.80584,47.4091],[8.80556,47.4089],[8.80559,47.40862]],[[8.80612,47.42717],[8.80738,47.42672]],[[8.80522,47.39137],[8.80547,47.39143]],[[8.80522,47.39137],[8.80548,47.39077],[8.80542,47.38991],[8.8058,47.38952],[8.80552,47.38793]],[[8.80841,47.41007],[8.80624,47.40928]],[[8.80591,47.3915],[8.80664,47.3916]],[[8.80674,47.39769],[8.80643,47.3971]],[[8.80643,47.3971],[8.80643,47.3971]],[[8.8071,47.41728],[8.80818,47.41722]],[[8.80731,47.42403],[8.80823,47.4241],[8.80901,47.42473],[8.80946,47.42469]],[[8.80738,47.42672],[8.80829,47.42585],[8.80983,47.42556],[8.81095,47.4256]],[[8.80738,47.42672],[8.80776,47.42666],[8.8083,47.42683]],[[8.81149,47.40243],[8.80854,47.40229],[8.80678,47.40197]],[[8.80674,47.39769],[8.80673,47.39769]],[[8.80712,47.39786],[8.80674,47.39769]],[[8.80695,47.39162],[8.80734,47.39145]],[[8.81149,47.40243],[8.81054,47.4021],[8.81042,47.40169],[8.80864,47.40007],[8.80812,47.4],[8.80798,47.39961],[8.80833,47.39915],[8.80712,47.39786]],[[8.8073,47.39621],[8.8077,47.39603],[8.80783,47.39456],[8.8082,47.39398]],[[8.80734,47.39753],[8.80779,47.39709],[8.81019,47.39639]],[[8.80734,47.39145],[8.80747,47.39078],[8.80804,47.39032],[8.80849,47.39041],[8.80944,47.39019]],[[8.80734,47.39145],[8.8098,47.39122],[8.81037,47.39099]],[[8.80756,47.38553],[8.80887,47.38461],[8.80891,47.38431]],[[8.80841,47.41007],[8.80847,47.40988],[8.80903,47.40991],[8.80999,47.4092],[8.81008,47.40878],[8.81046,47.40855],[8.81052,47.40808],[8.81078,47.40802],[8.81053,47.40772],[8.81113,47.40764],[8.8114,47.40714],[8.81219,47.40676]],[[8.8094,47.42941],[8.81076,47.42997]],[[8.8094,47.42941],[8.80948,47.43037]],[[8.80918,47.41753],[8.81,47.41797]],[[8.81001,47.41365],[8.8116,47.41459],[8.81247,47.41461],[8.81309,47.41433]],[[8.81001,47.41365],[8.81063,47.41351],[8.81057,47.41307],[8.81109,47.41281],[8.81113,47.4123],[8.81366,47.41113],[8.81435,47.41104],[8.81534,47.41048],[8.81576,47.41047],[8.81593,47.40983],[8.81738,47.40935],[8.81806,47.40892],[8.81937,47.40946],[8.82019,47.40874],[8.82113,47.40861]],[[8.81013,47.41817],[8.81127,47.4185],[8.81249,47.41836]],[[8.80944,47.39019],[8.81086,47.39028]],[[8.80944,47.39019],[8.81045,47.39]],[[8.81076,47.42997],[8.81089,47.43047]],[[8.81076,47.42997],[8.81113,47.42989],[8.81134,47.43001],[8.81216,47.42952]],[[8.81068,47.42459],[8.8111,47.42432]],[[8.81019,47.39639],[8.81086,47.39642],[8.81185,47.39592]],[[8.81019,47.39639],[8.81078,47.39546]],[[8.81037,47.39099],[8.81142,47.39103]],[[8.81037,47.39099],[8.81106,47.39045]],[[8.81216,47.42952],[8.81253,47.42832],[8.81398,47.42726],[8.81478,47.42619],[8.81478,47.42512],[8.81554,47.42395],[8.81555,47.42314]],[[8.81216,47.42952],[8.81279,47.42946]],[[8.8127,47.40441],[8.81213,47.40405],[8.81228,47.40373],[8.81149,47.40243]],[[8.81219,47.40676],[8.81201,47.40623],[8.81234,47.40602],[8.81209,47.40559],[8.81232,47.4051],[8.81295,47.40472],[8.8127,47.40441]],[[8.81219,47.40676],[8.81302,47.4064],[8.81458,47.40714],[8.81518,47.4072],[8.81548,47.40678]],[[8.81293,47.4184],[8.81405,47.41807]],[[8.8127,47.40441],[8.81299,47.40405],[8.81299,47.40344],[8.81351,47.40328]],[[8.81309,47.41433],[8.81414,47.4148]],[[8.81309,47.41433],[8.81326,47.41428],[8.81355,47.41438],[8.81391,47.41433],[8.8144,47.41445],[8.8152,47.414]],[[8.81331,47.42011],[8.81363,47.42013]],[[8.81331,47.42011],[8.8145,47.41944],[8.81497,47.41883],[8.81607,47.418],[8.81691,47.41767],[8.81716,47.41774],[8.81757,47.41751],[8.81993,47.41791]],[[8.81299,47.40405],[8.81393,47.40333],[8.81488,47.40298]],[[8.81314,47.40179],[8.81441,47.40041],[8.81481,47.40014],[8.81515,47.4002],[8.81574,47.39996]],[[8.81454,47.40236],[8.81542,47.40212],[8.81634,47.40149]],[[8.81555,47.42314],[8.8154,47.42277]],[[8.8152,47.414],[8.81597,47.4141]],[[8.8152,47.414],[8.81619,47.41364]],[[8.81555,47.42314],[8.81663,47.42265],[8.81796,47.42242],[8.81872,47.42174]],[[8.81548,47.40678],[8.81544,47.40661]],[[8.81548,47.40678],[8.81595,47.4067],[8.81732,47.40598]],[[8.81619,47.41364],[8.81734,47.41375],[8.81771,47.41408],[8.81859,47.41433],[8.81904,47.41427]],[[8.81619,47.41364],[8.81669,47.41296]],[[8.8175,47.39233],[8.81698,47.39189],[8.8165,47.39008],[8.81657,47.38923]],[[8.81758,47.40588],[8.81758,47.40588]],[[8.82068,47.38822],[8.81738,47.38852]],[[8.81872,47.42174],[8.81926,47.42186]],[[8.81872,47.42174],[8.81887,47.42138]],[[8.81887,47.42138],[8.81857,47.42075],[8.81902,47.42005]],[[8.81887,47.42138],[8.81943,47.4212]],[[8.82208,47.40126],[8.82056,47.40053]],[[8.82113,47.40861],[8.82132,47.4093],[8.8222,47.40992],[8.82267,47.41079],[8.82387,47.41158],[8.82398,47.41187],[8.82468,47.41212]],[[8.82113,47.40861],[8.82246,47.40816],[8.82351,47.40732]],[[8.82207,47.39863],[8.82106,47.39731]],[[8.82691,47.40168],[8.82589,47.40102],[8.82462,47.40067],[8.82315,47.39984],[8.82231,47.39916],[8.82207,47.39863]],[[8.82207,47.39863],[8.82428,47.39606]],[[8.8238,47.40706],[8.82354,47.40666]],[[8.82364,47.40714],[8.8238,47.40706]],[[8.82643,47.4056],[8.825,47.40276],[8.82466,47.40239],[8.82366,47.40216]],[[8.8238,47.40706],[8.82382,47.40706]],[[8.82382,47.40706],[8.82383,47.40704]],[[8.82382,47.40706],[8.82538,47.40671]],[[8.82529,47.41288],[8.82407,47.41388]],[[8.82395,47.40681],[8.82392,47.40627]],[[8.82468,47.41212],[8.82508,47.41213]],[[8.82468,47.41212],[8.82525,47.41264]],[[8.82449,47.39588],[8.82553,47.39498],[8.82537,47.394]],[[8.82538,47.40671],[8.82544,47.40671]],[[8.82538,47.40671],[8.82592,47.40647]],[[8.82586,47.40621],[8.82664,47.40611],[8.82643,47.4056]],[[8.82643,47.40738],[8.82647,47.40874],[8.82616,47.40903]],[[8.82643,47.4056],[8.82749,47.40515],[8.8275,47.40436],[8.82717,47.40392],[8.82779,47.40373],[8.82812,47.40323]],[[8.82812,47.40323],[8.82773,47.40292],[8.82743,47.40197],[8.82695,47.4019],[8.82691,47.40168]],[[8.82691,47.40168],[8.82707,47.40101],[8.82784,47.40032]],[[8.8271,47.40672],[8.8272,47.40674]],[[8.82812,47.40323],[8.82824,47.4032],[8.82856,47.40325],[8.82876,47.40322]]]}},{"type":"Feature","properties":{"id":"baentalbach-kollbrunn-revier-136-zh","c":"ZH","p":"pacht","q":"official","k":"river"},"geometry":{"type":"MultiLineString","coordinates":[[[8.78425,47.45608],[8.78426,47.45621]],[[8.78427,47.4564],[8.78446,47.45681],[8.78609,47.45715],[8.78739,47.45786],[8.78811,47.45877],[8.78807,47.45907],[8.78869,47.4593],[8.78882,47.45984],[8.78981,47.4606],[8.79035,47.46129],[8.7916,47.46163],[8.79158,47.46195],[8.7923,47.46179],[8.79307,47.462],[8.79297,47.46221],[8.79329,47.46241],[8.79355,47.46231],[8.79347,47.46204]],[[8.79347,47.46204],[8.79359,47.4616],[8.79402,47.46133],[8.79495,47.46113],[8.79646,47.46047]],[[8.79347,47.46204],[8.79363,47.46203],[8.79376,47.46205],[8.794,47.46214],[8.79413,47.46236],[8.79471,47.46232],[8.79496,47.46258],[8.79522,47.46246],[8.79541,47.46267],[8.79595,47.46264],[8.79622,47.46294],[8.79691,47.46301],[8.79707,47.46357],[8.79756,47.4635],[8.80025,47.46482],[8.80052,47.4646]],[[8.80079,47.46115],[8.80026,47.46037]],[[8.80052,47.4646],[8.80136,47.46472],[8.80153,47.46458],[8.80196,47.46473],[8.80288,47.46448],[8.8036,47.46456],[8.80406,47.46427],[8.80585,47.46384],[8.8074,47.46431],[8.80895,47.46434],[8.80962,47.4641]],[[8.80052,47.4646],[8.80068,47.46362],[8.80159,47.46239],[8.80079,47.46115]],[[8.80079,47.46115],[8.80159,47.46078]],[[8.80159,47.46078],[8.8019,47.46081]],[[8.80159,47.46078],[8.80174,47.46058]],[[8.80962,47.4641],[8.80962,47.46363],[8.81009,47.4629]],[[8.80962,47.4641],[8.81097,47.46408],[8.81222,47.46443],[8.81268,47.46434]],[[8.81268,47.46434],[8.81213,47.46616],[8.81241,47.46671]],[[8.81268,47.46434],[8.8127,47.46434],[8.81278,47.46436],[8.81306,47.46453],[8.81328,47.46453],[8.81416,47.46426],[8.81569,47.46419],[8.81654,47.46396],[8.81711,47.46356]],[[8.81669,47.46305],[8.81623,47.46263]],[[8.81711,47.46356],[8.81669,47.46305]],[[8.81669,47.46305],[8.81676,47.46257]],[[8.81711,47.46356],[8.81748,47.46336],[8.81804,47.4634]],[[8.81804,47.4634],[8.81815,47.46198],[8.81746,47.46067]],[[8.81804,47.4634],[8.81951,47.46382],[8.82016,47.4637],[8.82037,47.46382]],[[8.82037,47.46382],[8.82264,47.4651]],[[8.82037,47.46382],[8.82119,47.46297]],[[8.82119,47.46297],[8.82122,47.46179],[8.8207,47.46066]],[[8.82119,47.46297],[8.8221,47.46277],[8.82294,47.46205]],[[8.82264,47.4651],[8.82261,47.4656],[8.82197,47.46643]],[[8.82264,47.4651],[8.82375,47.46549],[8.82566,47.46656],[8.82748,47.46692]],[[8.82294,47.46205],[8.82288,47.46145],[8.8232,47.46064]],[[8.82294,47.46205],[8.82449,47.46145],[8.825,47.46082],[8.82511,47.46031]],[[8.82583,47.46845],[8.82474,47.46833]],[[8.8266,47.46861],[8.82638,47.46855]],[[8.82724,47.46348],[8.82685,47.463]],[[8.82748,47.46692],[8.82756,47.46708]],[[8.82748,47.46692],[8.82786,47.46674]],[[8.82786,47.46674],[8.8279,47.46671]],[[8.82786,47.46674],[8.82931,47.46646],[8.82964,47.46619],[8.83077,47.46625]],[[8.82816,47.46633],[8.82818,47.4661]],[[8.83126,47.46569],[8.83105,47.46454],[8.8305,47.46405],[8.82996,47.46275],[8.82952,47.46265]],[[8.83077,47.46625],[8.83084,47.46628]],[[8.83077,47.46625],[8.83122,47.46614]],[[8.83122,47.46614],[8.83116,47.46589]],[[8.83122,47.46614],[8.83329,47.46583]],[[8.83235,47.46762],[8.83353,47.46873],[8.83388,47.46935]],[[8.83329,47.46583],[8.83359,47.46369]],[[8.83329,47.46583],[8.83338,47.46582],[8.83381,47.46589],[8.83426,47.46601],[8.83527,47.46611],[8.83654,47.46612],[8.83828,47.46574],[8.83859,47.46553]],[[8.83844,47.46384],[8.8392,47.46349]],[[8.83859,47.46553],[8.83858,47.46548]],[[8.83859,47.46553],[8.83946,47.46524],[8.84072,47.46515],[8.84397,47.46521],[8.8445,47.46499],[8.84488,47.46455]],[[8.8392,47.46349],[8.83882,47.46299],[8.83875,47.46222]],[[8.8392,47.46349],[8.83948,47.46334],[8.83916,47.46282],[8.83917,47.46228]],[[8.84581,47.46066],[8.84512,47.46018],[8.84424,47.46025]],[[8.84488,47.46455],[8.84632,47.46514]],[[8.84488,47.46455],[8.84481,47.46388],[8.84656,47.46252],[8.8467,47.46108]],[[8.8467,47.46108],[8.84668,47.46107]],[[8.8467,47.46108],[8.84743,47.46046],[8.84846,47.45904],[8.8491,47.45881],[8.84961,47.45818],[8.85018,47.45798]],[[8.84805,47.46387],[8.84888,47.46369],[8.84987,47.46377],[8.85079,47.46346],[8.85163,47.46349],[8.85194,47.46332],[8.85232,47.46261],[8.85266,47.46243],[8.85311,47.46248]],[[8.85045,47.45791],[8.85129,47.45742],[8.85354,47.45737],[8.85518,47.45849]],[[8.85311,47.46248],[8.8535,47.4625],[8.8537,47.46214]],[[8.85311,47.46248],[8.85328,47.46184]]]}},{"type":"Feature","properties":{"id":"wissenbach-weisslingen-revier-137-zh","c":"ZH","p":"pacht","q":"official","k":"river"},"geometry":{"type":"MultiLineString","coordinates":[[[8.74592,47.44244],[8.74342,47.44209],[8.74262,47.4417],[8.74141,47.44207],[8.74035,47.44195]],[[8.74588,47.43843],[8.7437,47.4386],[8.74271,47.43907]],[[8.74826,47.43883],[8.74506,47.43936]],[[8.74588,47.43843],[8.74546,47.43772]],[[8.74826,47.43883],[8.74759,47.43854],[8.74588,47.43843]],[[8.74858,47.44261],[8.74681,47.4427],[8.74622,47.44256]],[[8.74858,47.44261],[8.74808,47.44361]],[[8.75781,47.43795],[8.75725,47.43803],[8.75656,47.43782],[8.75493,47.43782],[8.7535,47.43758],[8.75217,47.43799],[8.75113,47.43807],[8.74956,47.43864],[8.74826,47.43883]],[[8.74951,47.44225],[8.74858,47.44261]],[[8.74951,47.44225],[8.74911,47.44186]],[[8.75191,47.44247],[8.7512,47.44253],[8.74958,47.44223],[8.74951,47.44225]],[[8.7542,47.43513],[8.75361,47.43507],[8.75208,47.43435],[8.75145,47.43432],[8.74984,47.43474]],[[8.75095,47.43672],[8.75036,47.43663]],[[8.75095,47.43672],[8.75072,47.43638]],[[8.75222,47.43691],[8.75095,47.43672]],[[8.75181,47.4442],[8.75155,47.44403]],[[8.75181,47.44484],[8.75175,47.44496]],[[8.75181,47.4442],[8.75181,47.44484]],[[8.75544,47.44336],[8.75469,47.44384],[8.75266,47.44389],[8.75181,47.4442]],[[8.75544,47.44336],[8.75448,47.44291],[8.75191,47.44247]],[[8.7522,47.43407],[8.75173,47.43397]],[[8.7522,47.43407],[8.75196,47.43416]],[[8.75254,47.43412],[8.7522,47.43407]],[[8.75254,47.43412],[8.75237,47.43364]],[[8.75352,47.43426],[8.75254,47.43412]],[[8.75366,47.43408],[8.75319,47.43319]],[[8.75399,47.43445],[8.75397,47.43444]],[[8.75399,47.43445],[8.75398,47.43444]],[[8.7542,47.43513],[8.75399,47.43445]],[[8.75529,47.43627],[8.7542,47.43513]],[[8.75465,47.42469],[8.75613,47.42464]],[[8.75935,47.42587],[8.75738,47.42527],[8.75502,47.42518],[8.75478,47.42477]],[[8.7556,47.43672],[8.75516,47.43668]],[[8.75597,47.44343],[8.75544,47.44336]],[[8.7556,47.43672],[8.75546,47.43648]],[[8.75752,47.43759],[8.75638,47.43721],[8.7556,47.43672]],[[8.76526,47.44246],[8.76482,47.44273],[8.76368,47.4427],[8.76262,47.44298],[8.76183,47.44286],[8.75973,47.44361],[8.75849,47.44365],[8.75813,47.44351],[8.75754,47.4437],[8.75641,47.4435]],[[8.75613,47.42464],[8.75678,47.42469],[8.75743,47.42447],[8.7591,47.42458],[8.76008,47.42426]],[[8.75613,47.42464],[8.7562,47.42421],[8.75707,47.42384],[8.75723,47.4233],[8.75684,47.42291]],[[8.75781,47.43795],[8.75752,47.43759]],[[8.75821,47.4382],[8.75759,47.43873]],[[8.75821,47.4382],[8.75781,47.43795]],[[8.76046,47.43967],[8.75949,47.43912],[8.75841,47.4381],[8.75821,47.4382]],[[8.75935,47.42587],[8.75931,47.42588]],[[8.76373,47.43004],[8.7624,47.42795],[8.76131,47.42676],[8.75935,47.42587]],[[8.76046,47.43967],[8.75997,47.44036]],[[8.76398,47.4404],[8.76244,47.44005],[8.76226,47.43984],[8.7615,47.43997],[8.76046,47.43967]],[[8.76243,47.434],[8.7624,47.43359]],[[8.76301,47.43422],[8.76254,47.43424]],[[8.7645,47.44172],[8.76345,47.44172]],[[8.76401,47.43836],[8.7634,47.43841]],[[8.76512,47.41984],[8.76377,47.42042],[8.76301,47.42043]],[[8.76416,47.44846],[8.76385,47.44852]],[[8.76426,47.4346],[8.76355,47.43436]],[[8.76398,47.4404],[8.76394,47.43995]],[[8.76394,47.43995],[8.76365,47.43961],[8.76418,47.43875],[8.76401,47.43836]],[[8.76394,47.43995],[8.76397,47.43994]],[[8.7645,47.44172],[8.76436,47.44079],[8.76398,47.4404]],[[8.76401,47.43836],[8.76469,47.43678]],[[8.76468,47.43563],[8.76421,47.43526],[8.76426,47.4346]],[[8.76426,47.4346],[8.76411,47.43264],[8.76438,47.43128]],[[8.76534,47.44242],[8.7645,47.44172]],[[8.76451,47.43984],[8.7655,47.43977]],[[8.76469,47.43678],[8.76452,47.4364],[8.76468,47.43563]],[[8.76469,47.43678],[8.76471,47.43678]],[[8.76468,47.43563],[8.76549,47.43539]],[[8.76678,47.44874],[8.76562,47.44885],[8.7653,47.44872]],[[8.76501,47.43707],[8.76565,47.43692],[8.7658,47.43717]],[[8.76534,47.44242],[8.76526,47.44246]],[[8.76758,47.44425],[8.7667,47.44354],[8.76593,47.44253],[8.76534,47.44242]],[[8.76887,47.44708],[8.76837,47.44718],[8.76623,47.44689]],[[8.76678,47.44874],[8.76669,47.44906]],[[8.76821,47.44851],[8.76779,47.44845],[8.76678,47.44874]],[[8.76641,47.42867],[8.76646,47.42843],[8.77011,47.42559]],[[8.76665,47.43529],[8.76708,47.43553]],[[8.76758,47.44425],[8.76754,47.44427]],[[8.76821,47.44851],[8.76807,47.44917],[8.7677,47.44951]],[[8.76993,47.4455],[8.76948,47.44537],[8.76897,47.44467],[8.7683,47.44462],[8.76758,47.44425]],[[8.76887,47.44708],[8.76887,47.4479],[8.76821,47.44851]],[[8.76753,47.41432],[8.76896,47.41318]],[[8.76915,47.44672],[8.76887,47.44708]],[[8.76872,47.42244],[8.76873,47.42215],[8.76844,47.42199]],[[8.76977,47.44579],[8.76939,47.44655]],[[8.77217,47.45239],[8.77075,47.45068],[8.76966,47.45043]],[[8.76993,47.4455],[8.76988,47.44561]],[[8.77076,47.44545],[8.77035,47.44553],[8.76993,47.4455]],[[8.77008,47.44054],[8.77003,47.43984]],[[8.77003,47.43984],[8.76962,47.4391],[8.76959,47.43849],[8.76994,47.43822],[8.77001,47.43782],[8.771,47.43691],[8.77146,47.43672],[8.77199,47.43567]],[[8.77003,47.43984],[8.77128,47.43956]],[[8.77008,47.44054],[8.77019,47.44054],[8.77029,47.44053],[8.77072,47.44047],[8.77143,47.44028]],[[8.77092,47.44391],[8.77051,47.44335],[8.76995,47.44162],[8.77008,47.44054]],[[8.76984,47.41681],[8.77034,47.41644]],[[8.77076,47.44545],[8.77031,47.44521],[8.77025,47.4449],[8.77057,47.44415],[8.77092,47.44391]],[[8.77162,47.44592],[8.77091,47.44544],[8.77076,47.44545]],[[8.77052,47.42468],[8.77043,47.42447]],[[8.77092,47.44391],[8.7727,47.44335],[8.77473,47.44143]],[[8.77059,47.4253],[8.7716,47.42536]],[[8.77292,47.44662],[8.77162,47.44592]],[[8.77162,47.44592],[8.772,47.44531],[8.77232,47.44503],[8.77276,47.44498],[8.77312,47.44455]],[[8.77351,47.44974],[8.77285,47.4498],[8.77202,47.4496]],[[8.7716,47.42536],[8.77329,47.42506],[8.77551,47.42528],[8.77694,47.42513]],[[8.7716,47.42536],[8.7718,47.42596],[8.77357,47.42629],[8.77499,47.42707],[8.77581,47.42724]],[[8.77199,47.43567],[8.77306,47.43578]],[[8.77199,47.43567],[8.77233,47.43479]],[[8.77172,47.41764],[8.77173,47.41763]],[[8.77173,47.41763],[8.77189,47.41775]],[[8.77173,47.41763],[8.77176,47.41726],[8.77244,47.41679],[8.77266,47.4162],[8.77318,47.41576],[8.77346,47.41371]],[[8.77278,47.4543],[8.77366,47.45299]],[[8.77332,47.45533],[8.77323,47.45479],[8.77278,47.4543]],[[8.77233,47.43479],[8.77219,47.43403],[8.77263,47.43363],[8.77311,47.43359]],[[8.77233,47.43479],[8.77303,47.43472]],[[8.77292,47.44662],[8.77343,47.44594],[8.77403,47.44562]],[[8.77298,47.44722],[8.77338,47.44684],[8.77316,47.44666],[8.77302,47.44661],[8.77292,47.44662]],[[8.77222,47.41776],[8.77391,47.41752],[8.77578,47.41687]],[[8.77395,47.44825],[8.77381,47.44788],[8.77298,47.44722]],[[8.77306,47.43578],[8.77344,47.43587]],[[8.77306,47.43578],[8.77328,47.43558]],[[8.77366,47.45299],[8.77357,47.45293]],[[8.77366,47.45299],[8.77403,47.45181],[8.77389,47.45152],[8.77429,47.4507]],[[8.77344,47.43587],[8.77351,47.43586]],[[8.77344,47.43587],[8.77346,47.43591]],[[8.77351,47.43357],[8.77496,47.43367],[8.77577,47.43296]],[[8.77401,47.44986],[8.77397,47.44986]],[[8.77401,47.44986],[8.77395,47.44825]],[[8.77395,47.44825],[8.77467,47.44785],[8.7757,47.4479],[8.77699,47.44731]],[[8.77429,47.4507],[8.77401,47.44986]],[[8.77403,47.44562],[8.77433,47.44532]],[[8.77403,47.44562],[8.77447,47.4455]],[[8.77429,47.4507],[8.7752,47.45047],[8.7749,47.44946],[8.77774,47.44931]],[[8.77365,47.42059],[8.77428,47.42064],[8.77549,47.41986],[8.77637,47.41967]],[[8.7751,47.4506],[8.7753,47.4507],[8.77785,47.45012]],[[8.77473,47.42186],[8.77553,47.42182]],[[8.77584,47.42181],[8.77688,47.42187],[8.77724,47.42163],[8.77945,47.42166]],[[8.77699,47.44731],[8.77916,47.44764]],[[8.77699,47.44731],[8.77763,47.44685]],[[8.77694,47.42513],[8.77702,47.42523]],[[8.77694,47.42513],[8.77756,47.42483],[8.7786,47.4248]],[[8.77763,47.44685],[8.779,47.447]],[[8.77763,47.44685],[8.77768,47.44653],[8.77912,47.44523],[8.77962,47.44373]],[[8.77804,47.44929],[8.77981,47.44895]],[[8.77745,47.41899],[8.77713,47.4183],[8.77748,47.4181]],[[8.77912,47.42472],[8.78035,47.42457]],[[8.77981,47.44895],[8.78027,47.44891]],[[8.77981,47.44895],[8.77983,47.44856]]]}},{"type":"Feature","properties":{"id":"brauereiweiher-weisslingen-revier-138-zh","c":"ZH","p":"pacht","q":"official","k":"river"},"geometry":{"type":"MultiLineString","coordinates":[[[8.75335,47.4234],[8.7537,47.42333],[8.75418,47.42255]],[[8.75418,47.42255],[8.75436,47.42238]],[[8.75418,47.42255],[8.75462,47.42242]],[[8.75464,47.42469],[8.75465,47.42469]]]}},{"type":"Feature","properties":{"id":"weiher-wisental-revier-139-zh","c":"ZH","p":"pacht","q":"official","k":"river"},"geometry":{"type":"MultiLineString","coordinates":[[[8.76698,47.44467],[8.76649,47.44506],[8.76516,47.44536]],[[8.76754,47.44427],[8.76751,47.4443]]]}},{"type":"Feature","properties":{"id":"bolsterenbach-kollbrunn-revier-140-zh","c":"ZH","p":"pacht","q":"official","k":"river"},"geometry":{"type":"MultiLineString","coordinates":[[[8.76929,47.45728],[8.77021,47.4576],[8.77083,47.4581]],[[8.77083,47.4581],[8.771,47.45817]],[[8.77083,47.4581],[8.77101,47.45822]],[[8.77109,47.45826],[8.77268,47.45877]],[[8.7711,47.45826],[8.77113,47.45823]],[[8.77112,47.45823],[8.77113,47.45823]],[[8.77112,47.45823],[8.77113,47.45823]],[[8.77113,47.45823],[8.77113,47.45823]],[[8.77113,47.45823],[8.77114,47.45821],[8.77113,47.45823]],[[8.77113,47.45823],[8.7712,47.45826]],[[8.77292,47.45886],[8.77312,47.45895]],[[8.77296,47.45885],[8.77312,47.45895]],[[8.77312,47.45895],[8.77369,47.45913],[8.77535,47.45887],[8.7762,47.45921],[8.77737,47.46017]],[[8.77678,47.46048],[8.77609,47.46078]],[[8.77737,47.46017],[8.77735,47.46019]],[[8.77737,47.46017],[8.77829,47.46062],[8.78075,47.46105],[8.78217,47.46228],[8.78302,47.46271]],[[8.78248,47.4652],[8.78335,47.46619],[8.78432,47.46667],[8.78476,47.46655]],[[8.78302,47.46271],[8.78301,47.46273]],[[8.78302,47.46271],[8.7841,47.46297],[8.78619,47.46306],[8.78868,47.46411]],[[8.78868,47.46411],[8.7889,47.46418]],[[8.78868,47.46411],[8.78885,47.46417],[8.7889,47.46418]],[[8.7889,47.46418],[8.78991,47.46492],[8.79094,47.4651],[8.79116,47.46528],[8.79314,47.46543],[8.79427,47.46693],[8.79555,47.46783]],[[8.79437,47.47561],[8.79407,47.47619]],[[8.79612,47.47341],[8.79519,47.47379]],[[8.79555,47.46783],[8.79593,47.46849]],[[8.79555,47.46783],[8.79648,47.46728],[8.79724,47.46731],[8.79931,47.46688],[8.8002,47.46696]],[[8.79593,47.46849],[8.79658,47.46884]],[[8.79593,47.46849],[8.79669,47.47106]],[[8.79664,47.47312],[8.79638,47.47326]],[[8.79658,47.46884],[8.79711,47.46936],[8.79808,47.46895]],[[8.79658,47.46884],[8.79664,47.46881],[8.79697,47.4689],[8.79788,47.46832]],[[8.79669,47.47106],[8.79787,47.47075],[8.79967,47.47091],[8.80039,47.4706],[8.80084,47.47063],[8.80153,47.47024],[8.80213,47.47023],[8.80246,47.46985],[8.80434,47.46907],[8.80758,47.46843],[8.80854,47.46847],[8.8093,47.46875],[8.81004,47.46821],[8.81129,47.4679]],[[8.79669,47.47106],[8.79774,47.47192]],[[8.79774,47.47192],[8.79773,47.47194]],[[8.79774,47.47192],[8.79803,47.47214]],[[8.79803,47.47214],[8.7987,47.47235]],[[8.79803,47.47214],[8.79805,47.47217]],[[8.7986,47.47494],[8.79858,47.47542],[8.79919,47.47618],[8.79991,47.47665]],[[8.79933,47.47369],[8.79894,47.47447]],[[8.79958,47.47281],[8.80036,47.47288],[8.80251,47.47357],[8.80352,47.47422],[8.80456,47.47441]],[[8.805,47.47463],[8.80513,47.47463]],[[8.80513,47.47463],[8.80513,47.47462]],[[8.80513,47.47463],[8.80576,47.47453],[8.80852,47.47491]],[[8.80524,47.47397],[8.80524,47.47359],[8.80573,47.47322],[8.80589,47.47232]],[[8.80852,47.47491],[8.80853,47.47491]],[[8.80852,47.47491],[8.80852,47.47491]],[[8.80854,47.47491],[8.80998,47.47495]],[[8.80915,47.47467],[8.80958,47.47399]],[[8.81002,47.47495],[8.81034,47.475]],[[8.81034,47.475],[8.81096,47.47518],[8.81119,47.47551]],[[8.81034,47.475],[8.81034,47.47448]],[[8.81034,47.47448],[8.81033,47.47419],[8.81131,47.47338],[8.81184,47.4726]],[[8.81034,47.47448],[8.81123,47.4742],[8.81258,47.47291]],[[8.81119,47.47551],[8.81254,47.47609],[8.81444,47.47729]],[[8.81119,47.47551],[8.81196,47.47469],[8.81276,47.47477],[8.81432,47.47399]],[[8.81432,47.47399],[8.8142,47.4736],[8.8144,47.47336]],[[8.81432,47.47399],[8.81493,47.47372],[8.8154,47.47325]],[[8.81444,47.47729],[8.8169,47.47793],[8.81927,47.4797],[8.82204,47.47985],[8.82381,47.47957]],[[8.81444,47.47729],[8.81445,47.47728]],[[8.81512,47.47675],[8.81537,47.47607],[8.81622,47.4754]],[[8.8162,47.47518],[8.8168,47.47475],[8.81722,47.47396],[8.81727,47.47323]],[[8.82441,47.47947],[8.82495,47.47941]]]}},{"type":"Feature","properties":{"id":"berentalbach-sennhof-revier-143-zh","c":"ZH","p":"pacht","q":"official","k":"river"},"geometry":{"type":"MultiLineString","coordinates":[[[8.7426,47.4719],[8.73886,47.47146],[8.73795,47.47252],[8.73774,47.47338],[8.73764,47.47468],[8.73794,47.47572],[8.73825,47.47595]],[[8.7426,47.4719],[8.74193,47.47111],[8.74074,47.47085],[8.7395,47.47092],[8.73898,47.47077]],[[8.74399,47.4724],[8.74395,47.47276],[8.74301,47.47311],[8.74259,47.47355],[8.74088,47.47444]],[[8.74399,47.4724],[8.74359,47.47213],[8.7432,47.4721],[8.74299,47.47201],[8.74283,47.47198],[8.74264,47.47191],[8.7426,47.4719],[8.7426,47.4719]],[[8.75271,47.46838],[8.75207,47.4694],[8.7523,47.46958],[8.75124,47.47012],[8.74888,47.47062],[8.74693,47.47023],[8.74511,47.47077],[8.74452,47.47138],[8.74449,47.47212],[8.74399,47.4724]],[[8.75433,47.4688],[8.75476,47.46909],[8.75578,47.46901],[8.75665,47.46942],[8.75757,47.46944],[8.75974,47.46865]],[[8.75974,47.46865],[8.76119,47.46855]],[[8.76188,47.46848],[8.76395,47.46919],[8.76443,47.46956]],[[8.76454,47.46973],[8.76503,47.4701],[8.76565,47.46979]],[[8.76565,47.46979],[8.76566,47.46979]],[[8.76565,47.46979],[8.76756,47.46831],[8.76743,47.4674]],[[8.76611,47.46979],[8.76691,47.4698]],[[8.76839,47.4656],[8.76885,47.46546]],[[8.76937,47.46982],[8.77099,47.46982],[8.77223,47.46947]]]}},{"type":"Feature","properties":{"id":"luppmenweiher-revier-144-zh","c":"ZH","p":"pacht","q":"official","k":"river"},"geometry":{"type":"MultiLineString","coordinates":[[[8.837,47.35898],[8.83744,47.35823],[8.83788,47.35808],[8.83779,47.3579],[8.83824,47.35789],[8.83886,47.35751],[8.83934,47.35683]],[[8.83707,47.35946],[8.83765,47.35966]],[[8.83765,47.35966],[8.83821,47.3608]],[[8.83765,47.35966],[8.83782,47.35957]],[[8.83949,47.35132],[8.8382,47.35041],[8.83834,47.34982],[8.83798,47.34846]],[[8.83803,47.34838],[8.83806,47.34825]],[[8.83862,47.35942],[8.839,47.35923]],[[8.839,47.35923],[8.83996,47.35897],[8.84156,47.3592],[8.844,47.35891],[8.84476,47.35847]],[[8.839,47.35923],[8.83904,47.35923],[8.83912,47.35924],[8.84024,47.35963]],[[8.83934,47.35683],[8.83918,47.35637],[8.83953,47.355],[8.83908,47.35456],[8.84002,47.35279]],[[8.83934,47.35683],[8.84005,47.35669],[8.84169,47.35584],[8.84213,47.35548],[8.84233,47.35482]],[[8.84026,47.35261],[8.84023,47.35226],[8.83949,47.35132]],[[8.83949,47.35132],[8.84066,47.35024]],[[8.84233,47.35482],[8.84222,47.35416],[8.8419,47.35379],[8.84254,47.35234],[8.84349,47.35181],[8.84562,47.35127],[8.84663,47.35061],[8.84677,47.34941],[8.84665,47.34882],[8.84629,47.34859]],[[8.84233,47.35482],[8.84374,47.35402],[8.84442,47.35408],[8.84533,47.35463],[8.84664,47.3548]],[[8.84686,47.35463],[8.84828,47.35473],[8.84989,47.35453]],[[8.84989,47.35453],[8.85,47.35458]],[[8.84989,47.35453],[8.85002,47.35449]]]}},{"type":"Feature","properties":{"id":"kempt-145-zh","c":"ZH","p":"pacht","q":"official","k":"river"},"geometry":{"type":"MultiLineString","coordinates":[[[8.72564,47.4085],[8.72603,47.40801]],[[8.7309,47.39456],[8.73007,47.39437],[8.72806,47.39488],[8.72546,47.39622]],[[8.72603,47.40801],[8.726,47.40443],[8.72771,47.40251]],[[8.72603,47.40801],[8.72613,47.40799]],[[8.72771,47.40251],[8.72804,47.40163]],[[8.72771,47.40251],[8.72782,47.40248]],[[8.72803,47.40128],[8.72793,47.40128]],[[8.72845,47.4007],[8.72852,47.40044]],[[8.72852,47.40044],[8.72901,47.39887],[8.7312,47.39629],[8.74304,47.38949]],[[8.72852,47.40044],[8.72873,47.40035]],[[8.72872,47.40791],[8.72972,47.40806],[8.73166,47.40887]],[[8.72872,47.4004],[8.72873,47.40035]],[[8.72873,47.40035],[8.72874,47.40031]],[[8.72873,47.40035],[8.72878,47.40034],[8.72961,47.40045],[8.72986,47.40056],[8.73079,47.40157],[8.73178,47.40227],[8.73366,47.40249],[8.73543,47.403],[8.73587,47.40334],[8.73702,47.40354],[8.73745,47.40429],[8.73809,47.40455],[8.73918,47.40543],[8.74109,47.40524],[8.74388,47.40577],[8.74462,47.40567],[8.74564,47.406],[8.74747,47.40575],[8.74829,47.40507],[8.74881,47.40517],[8.74933,47.40496],[8.74942,47.40471],[8.75026,47.40465],[8.75068,47.40485],[8.75125,47.40473],[8.75221,47.40488]],[[8.72999,47.39726],[8.73038,47.39669],[8.7309,47.39456]],[[8.7309,47.39456],[8.733,47.39294]],[[8.73227,47.40906],[8.7323,47.40907]],[[8.7323,47.40907],[8.73231,47.40925]],[[8.7323,47.40907],[8.73354,47.40905],[8.73464,47.40873],[8.7357,47.40875]],[[8.74052,47.40971],[8.74127,47.41002],[8.74178,47.41055]],[[8.74191,47.41071],[8.74287,47.41159]],[[8.74304,47.38949],[8.74304,47.38949]],[[8.74304,47.38949],[8.74305,47.38949]],[[8.74305,47.38948],[8.74717,47.38751]],[[8.74717,47.38751],[8.74792,47.38808]],[[8.74717,47.38751],[8.74903,47.38658]],[[8.74827,47.38584],[8.74794,47.38562]],[[8.74847,47.38423],[8.74942,47.3832],[8.75384,47.37958]],[[8.74903,47.38658],[8.74903,47.3863],[8.74864,47.38606]],[[8.74903,47.38658],[8.74973,47.38625],[8.75043,47.38538],[8.75317,47.38372],[8.75409,47.38342],[8.7557,47.38322],[8.75678,47.38234]],[[8.75221,47.40488],[8.75282,47.40608],[8.75218,47.4074],[8.75222,47.40844],[8.75163,47.40959],[8.75167,47.40997],[8.75261,47.41079]],[[8.75221,47.40488],[8.75286,47.40486],[8.75306,47.40497],[8.75333,47.40506],[8.75443,47.40523],[8.75602,47.40776],[8.75901,47.40864],[8.75928,47.40911]],[[8.75317,47.40499],[8.75321,47.40496]],[[8.75321,47.40496],[8.75327,47.40383]],[[8.75625,47.40303],[8.75797,47.40235]],[[8.75678,47.38234],[8.7579,47.38131],[8.7594,47.38052],[8.76343,47.37958],[8.764,47.37962]],[[8.75678,47.38234],[8.75684,47.38233],[8.75692,47.38236],[8.75727,47.38257],[8.75835,47.38346],[8.75944,47.38283]],[[8.75953,47.40279],[8.76065,47.40319],[8.76075,47.40343]],[[8.75972,47.38282],[8.76077,47.3833],[8.76112,47.38356],[8.76098,47.38378],[8.76186,47.38429]],[[8.76021,47.40163],[8.76212,47.40055],[8.76377,47.40045],[8.76514,47.40099],[8.76583,47.40107],[8.76724,47.4005]],[[8.76098,47.40356],[8.76183,47.40386]],[[8.76235,47.40946],[8.76346,47.41015]],[[8.76245,47.40913],[8.76357,47.40902],[8.76434,47.4086]],[[8.76327,47.40367],[8.76388,47.4038]],[[8.76434,47.4086],[8.76503,47.40947],[8.76721,47.41012]],[[8.76434,47.4086],[8.76646,47.4082],[8.7677,47.40821],[8.76865,47.40795]],[[8.76561,47.37147],[8.76404,47.37048]],[[8.77028,47.40066],[8.77024,47.40156]]]}},{"type":"Feature","properties":{"id":"kempt-146-zh","c":"ZH","p":"pacht","q":"official","k":"river"},"geometry":{"type":"MultiLineString","coordinates":[[[8.69994,47.43434],[8.69958,47.43398],[8.69883,47.43371]],[[8.70119,47.43517],[8.70025,47.43473]],[[8.70133,47.43711],[8.70154,47.43672],[8.70108,47.43568],[8.70119,47.43517]],[[8.70119,47.43517],[8.70121,47.43448],[8.70425,47.43247]],[[8.70516,47.43172],[8.70605,47.43117],[8.70641,47.43051]],[[8.70641,47.43051],[8.70857,47.43116],[8.70921,47.43153]],[[8.70641,47.43051],[8.70865,47.42765]],[[8.70865,47.42765],[8.70955,47.428],[8.70986,47.42841],[8.71192,47.42874],[8.71295,47.42873],[8.71529,47.43014],[8.71707,47.43014],[8.71797,47.43061]],[[8.70865,47.42765],[8.71082,47.42492]],[[8.71105,47.42469],[8.7104,47.42452],[8.7099,47.42412]],[[8.71082,47.42492],[8.71128,47.425]],[[8.71082,47.42492],[8.71105,47.42469]],[[8.71105,47.42469],[8.71226,47.42304],[8.71305,47.4227],[8.71549,47.42102],[8.71729,47.41942],[8.7177,47.41794],[8.71819,47.41717],[8.71966,47.41648],[8.72001,47.41614],[8.72009,47.41461],[8.72046,47.41401],[8.72302,47.41075],[8.72447,47.41005],[8.72564,47.4085]],[[8.71155,47.42501],[8.71215,47.42503],[8.71429,47.42461],[8.71656,47.42517],[8.71879,47.42539]],[[8.71797,47.43061],[8.71797,47.43137]],[[8.71797,47.43061],[8.71955,47.43064]],[[8.71879,47.42539],[8.72013,47.42615],[8.72161,47.42622]],[[8.71879,47.42539],[8.71945,47.42518],[8.71977,47.42448]],[[8.71955,47.43064],[8.71966,47.43079]],[[8.71955,47.43064],[8.71986,47.43055],[8.7201,47.43012]],[[8.72035,47.42982],[8.722,47.43044],[8.7224,47.4308],[8.72417,47.431]],[[8.72417,47.431],[8.72463,47.43123],[8.72468,47.43218],[8.72318,47.43407]],[[8.7236,47.4265],[8.72455,47.42659],[8.72514,47.4264]],[[8.72417,47.431],[8.7252,47.43058]],[[8.72948,47.42615],[8.73013,47.42692]]]}},{"type":"Feature","properties":{"id":"kempt-147-zh","c":"ZH","p":"pacht","q":"official","k":"river"},"geometry":{"type":"MultiLineString","coordinates":[[[8.67693,47.45521],[8.67589,47.45566],[8.6745,47.45593],[8.67382,47.45661],[8.67312,47.45801]],[[8.6747,47.46422],[8.67383,47.46463]],[[8.67595,47.46355],[8.67534,47.46358],[8.67435,47.46332]],[[8.6747,47.46422],[8.67473,47.46611]],[[8.67595,47.46355],[8.6747,47.46422]],[[8.67678,47.46186],[8.67658,47.46211],[8.67526,47.46172]],[[8.67678,47.46186],[8.67691,47.46155],[8.67544,47.46103]],[[8.68756,47.46371],[8.68683,47.46388],[8.68511,47.46358],[8.68295,47.4637],[8.6811,47.46348],[8.68079,47.46367],[8.67959,47.46355],[8.6788,47.46377],[8.67774,47.46358],[8.67595,47.46355]],[[8.67693,47.45521],[8.67598,47.45506]],[[8.6768,47.46186],[8.67678,47.46186]],[[8.67939,47.4503],[8.67886,47.45054],[8.67824,47.45049],[8.67778,47.45087],[8.67697,47.45097],[8.6768,47.45121]],[[8.67929,47.4537],[8.67852,47.45383],[8.67832,47.45457],[8.67693,47.45521]],[[8.68947,47.46499],[8.68872,47.46526],[8.6862,47.46498],[8.6804,47.46496],[8.67955,47.46465],[8.67883,47.46502],[8.67825,47.46507],[8.67771,47.46563],[8.6779,47.46588],[8.67723,47.46644]],[[8.67968,47.46041],[8.67886,47.45971],[8.67722,47.45931]],[[8.67931,47.45183],[8.67841,47.45216],[8.67807,47.45248]],[[8.68167,47.45633],[8.68126,47.4568],[8.68013,47.45685],[8.67971,47.45703],[8.67951,47.45748]],[[8.67939,47.4503],[8.67939,47.45031]],[[8.6815,47.44905],[8.67939,47.4503]],[[8.68329,47.44823],[8.68271,47.4487]],[[8.69439,47.46638],[8.69267,47.46756],[8.69182,47.46785],[8.69065,47.46797],[8.68982,47.46774],[8.68838,47.4677],[8.68598,47.46732],[8.68403,47.46788],[8.68344,47.4683]],[[8.68568,47.4618],[8.6836,47.46133]],[[8.68467,47.45508],[8.68479,47.45527]],[[8.68756,47.46371],[8.68673,47.46256],[8.68568,47.4618]],[[8.68568,47.4618],[8.68596,47.4612],[8.68636,47.46098]],[[8.68954,47.4426],[8.68895,47.44285],[8.68837,47.44271],[8.68673,47.44126],[8.68563,47.44207]],[[8.68947,47.46499],[8.6894,47.46476],[8.68756,47.46371]],[[8.68954,47.4426],[8.68859,47.44382],[8.6886,47.44519]],[[8.69337,47.46581],[8.69126,47.46551],[8.69028,47.46509],[8.68947,47.46499]],[[8.69404,47.44467],[8.69295,47.44374],[8.69119,47.44277],[8.69032,47.44251],[8.68954,47.4426]],[[8.69476,47.4498],[8.69418,47.45013],[8.69257,47.4523],[8.6913,47.45285]],[[8.69114,47.4289],[8.69116,47.42799],[8.69038,47.42646],[8.69125,47.4253],[8.69146,47.42459],[8.692,47.42405]],[[8.69166,47.4339],[8.69087,47.43277],[8.69175,47.4312]],[[8.69175,47.4312],[8.69209,47.43086]],[[8.69379,47.43667],[8.69193,47.43616]],[[8.69468,47.4361],[8.69454,47.43566],[8.69221,47.4344]],[[8.69337,47.46581],[8.69287,47.46463],[8.69299,47.46415]],[[8.69222,47.43051],[8.69231,47.4301]],[[8.6921,47.42388],[8.69382,47.42123],[8.69355,47.4187],[8.69539,47.41595],[8.69738,47.41205],[8.70002,47.41075],[8.70209,47.41056]],[[8.69439,47.46638],[8.69384,47.46631],[8.69337,47.46581]],[[8.69476,47.4498],[8.69399,47.4496]],[[8.70349,47.4694],[8.70249,47.46773],[8.70208,47.4677],[8.70183,47.46737],[8.70148,47.4676],[8.70087,47.46752],[8.70054,47.46735],[8.70026,47.46744],[8.69726,47.46686],[8.69657,47.46687],[8.69553,47.46654],[8.6948,47.46656],[8.69465,47.46646],[8.69441,47.46638],[8.69439,47.46638]],[[8.69439,47.43594],[8.69376,47.43569]],[[8.6943,47.43703],[8.69452,47.43763],[8.69422,47.4383]],[[8.69711,47.44867],[8.69591,47.44925],[8.69557,47.4496],[8.69476,47.4498]],[[8.69468,47.4361],[8.69463,47.43609]],[[8.69514,47.43636],[8.69468,47.4361]],[[8.69726,47.44778],[8.6961,47.44699],[8.69506,47.44572]],[[8.69514,47.43636],[8.69497,47.4364]],[[8.6978,47.43667],[8.69514,47.43636]],[[8.7009,47.46393],[8.69946,47.46427],[8.69883,47.46402],[8.6987,47.46361]],[[8.703,47.43996],[8.70144,47.43852],[8.70102,47.43773],[8.70121,47.43697],[8.69871,47.43627],[8.69811,47.43632]],[[8.70031,47.4607],[8.69939,47.46074]],[[8.70031,47.4607],[8.69968,47.45963]],[[8.70291,47.46408],[8.70187,47.46142],[8.70136,47.46102],[8.70031,47.4607]],[[8.70333,47.46969],[8.70298,47.46966],[8.70223,47.46998],[8.70066,47.47006]],[[8.70291,47.46408],[8.7012,47.46388]],[[8.70699,47.45829],[8.70604,47.45854],[8.70435,47.45827],[8.70344,47.45857],[8.70248,47.45849],[8.70206,47.45862]],[[8.70304,47.45048],[8.70206,47.45068]],[[8.70515,47.46767],[8.70412,47.46628],[8.70417,47.46574],[8.70291,47.46408]],[[8.70471,47.47253],[8.70426,47.47252],[8.70378,47.47212],[8.70333,47.46969]],[[8.70333,47.46969],[8.70349,47.4694]],[[8.70626,47.45696],[8.705,47.45708],[8.70304,47.45655]],[[8.70581,47.45554],[8.70452,47.45583],[8.70315,47.4559]],[[8.70209,47.41056],[8.70288,47.41055],[8.70334,47.41007],[8.70457,47.40998],[8.70582,47.40957]],[[8.70209,47.41056],[8.70212,47.41061]],[[8.70349,47.4694],[8.7046,47.46893],[8.70527,47.46835]],[[8.70336,47.44244],[8.70365,47.44083],[8.703,47.43996]],[[8.703,47.43996],[8.70385,47.43944],[8.70348,47.4389],[8.70404,47.43869],[8.70475,47.43802],[8.70517,47.43805]],[[8.70347,47.44699],[8.7034,47.44698]],[[8.70386,47.44433],[8.70336,47.44244]],[[8.70336,47.44244],[8.70476,47.44216]],[[8.70459,47.45054],[8.70347,47.44699]],[[8.70347,47.44699],[8.70337,47.44669],[8.70397,47.44465]],[[8.70775,47.46024],[8.70624,47.45969],[8.70524,47.46023],[8.70441,47.46036],[8.70415,47.46018]],[[8.70397,47.44465],[8.70394,47.44456]],[[8.70404,47.44488],[8.70397,47.44465]],[[8.70407,47.4454],[8.70413,47.44541]],[[8.70468,47.45155],[8.70452,47.45082]],[[8.70459,47.45054],[8.70453,47.45052]],[[8.70458,47.45055],[8.70459,47.45054]],[[8.70451,47.44546],[8.70494,47.44396],[8.70818,47.44328],[8.70897,47.4435],[8.7097,47.44347],[8.71002,47.44373],[8.7116,47.44379],[8.71307,47.44286],[8.71362,47.44287]],[[8.70527,47.46835],[8.70532,47.46793]],[[8.70527,47.46835],[8.70689,47.46719],[8.7072,47.46421],[8.70823,47.46176]],[[8.70698,47.47283],[8.70665,47.47261],[8.70539,47.47255]],[[8.70476,47.44216],[8.705,47.44218]],[[8.70476,47.44216],[8.70503,47.44211]],[[8.70569,47.45174],[8.70552,47.4517]],[[8.70569,47.45174],[8.70567,47.45169]],[[8.70618,47.45269],[8.70569,47.45174]],[[8.70578,47.45129],[8.70585,47.45125]],[[8.70567,47.44196],[8.70574,47.44193]],[[8.70571,47.44196],[8.70574,47.44193]],[[8.70574,47.44193],[8.70793,47.44145],[8.70883,47.44098],[8.70952,47.44021]],[[8.70607,47.45113],[8.70735,47.45064],[8.70759,47.45035],[8.70924,47.45002],[8.71014,47.4496],[8.71164,47.44877],[8.71244,47.44782]],[[8.70688,47.45433],[8.70618,47.45269]],[[8.70618,47.45269],[8.70648,47.45252]],[[8.70688,47.45433],[8.70742,47.45479]],[[8.7069,47.45539],[8.70688,47.45433]],[[8.70684,47.45231],[8.70799,47.452],[8.71121,47.45174],[8.71372,47.45017]],[[8.70723,47.45827],[8.70721,47.45828],[8.70702,47.45829],[8.70699,47.45829]],[[8.70723,47.45827],[8.70699,47.45829]],[[8.70785,47.45836],[8.70712,47.45609]],[[8.70724,47.45827],[8.70719,47.45825]],[[8.70724,47.45827],[8.70723,47.45827]],[[8.70816,47.4594],[8.70777,47.45945],[8.70724,47.45827]],[[8.70662,47.40963],[8.7073,47.40955],[8.70777,47.4099],[8.70857,47.40988]],[[8.70816,47.4594],[8.70785,47.45836]],[[8.70785,47.45836],[8.70816,47.45832]],[[8.70777,47.45491],[8.70828,47.45504],[8.71008,47.45482],[8.71066,47.45437],[8.71121,47.45429],[8.71199,47.45386]],[[8.70837,47.46016],[8.70816,47.4594]],[[8.70823,47.46176],[8.70852,47.46174]],[[8.70823,47.46176],[8.7084,47.46041]],[[8.70837,47.46016],[8.70822,47.46018]],[[8.7084,47.46041],[8.70837,47.46016]],[[8.7084,47.46041],[8.70854,47.46033]],[[8.70952,47.44021],[8.70907,47.43934],[8.70835,47.43888]],[[8.70937,47.46162],[8.70965,47.46101]],[[8.70936,47.45792],[8.7104,47.4575],[8.71257,47.45771],[8.7133,47.45725],[8.71418,47.45714],[8.71467,47.45652],[8.7163,47.45614],[8.71814,47.45655],[8.71872,47.45641]],[[8.7095,47.46083],[8.7096,47.46088]],[[8.7096,47.46088],[8.70998,47.46097],[8.7123,47.46018]],[[8.7096,47.46088],[8.70965,47.46101]],[[8.70965,47.46101],[8.7103,47.46142],[8.71075,47.46141],[8.71106,47.46161]],[[8.70952,47.44021],[8.71208,47.43886]],[[8.71117,47.46196],[8.71231,47.46167],[8.71292,47.46178]],[[8.71199,47.45386],[8.71417,47.45284],[8.71474,47.45199],[8.71744,47.44999]],[[8.71199,47.45386],[8.71212,47.45384],[8.71307,47.45417],[8.71365,47.45407],[8.71586,47.45286],[8.71899,47.4516],[8.71949,47.45101]],[[8.71208,47.43886],[8.71266,47.4377],[8.7126,47.43709]],[[8.71208,47.43886],[8.71213,47.43885]],[[8.71244,47.44782],[8.71231,47.44732],[8.71277,47.4468]],[[8.71244,47.44782],[8.71313,47.44758]],[[8.7126,47.43709],[8.71244,47.437]],[[8.7126,47.43709],[8.71273,47.43692]],[[8.71266,47.43879],[8.71483,47.4394],[8.71601,47.4401],[8.71736,47.44021],[8.71764,47.44002]],[[8.71313,47.44758],[8.71425,47.44776]],[[8.71313,47.44758],[8.71344,47.44733],[8.71421,47.44728],[8.71449,47.44685]],[[8.71768,47.43659],[8.71941,47.4378],[8.72134,47.43774]],[[8.71872,47.45641],[8.71854,47.45607],[8.71942,47.45534],[8.71951,47.45479],[8.71916,47.45297]],[[8.71872,47.45641],[8.71892,47.4564],[8.71916,47.45641],[8.7197,47.45669],[8.72072,47.45647]]]}},{"type":"Feature","properties":{"id":"wildbach-fehraltorf-revier-148-zh","c":"ZH","p":"pacht","q":"official","k":"river"},"geometry":{"type":"MultiLineString","coordinates":[[[8.74304,47.38949],[8.74305,47.38948]],[[8.74305,47.38949],[8.74627,47.39038],[8.74768,47.39208],[8.74828,47.39248],[8.74942,47.3927],[8.75045,47.39253],[8.75115,47.39292],[8.75291,47.39325]],[[8.75312,47.39336],[8.7544,47.39587],[8.7559,47.39582],[8.75741,47.39616],[8.75905,47.39567],[8.76121,47.39556]],[[8.7623,47.39602],[8.76366,47.39691]],[[8.76386,47.39441],[8.76405,47.39419]],[[8.76405,47.39419],[8.76487,47.3942],[8.76682,47.39529],[8.76918,47.39594]],[[8.76405,47.39419],[8.76538,47.39282],[8.76655,47.39246],[8.76672,47.39204],[8.76748,47.39151],[8.76953,47.39099]],[[8.76953,47.39099],[8.77268,47.38973]],[[8.76953,47.39099],[8.76958,47.39099],[8.76964,47.391],[8.76989,47.3911],[8.77101,47.39134],[8.77114,47.39141]],[[8.77268,47.38973],[8.77269,47.38967]],[[8.77268,47.38973],[8.77308,47.38968],[8.77356,47.38988]],[[8.77269,47.38967],[8.77281,47.38952]],[[8.77269,47.38967],[8.77304,47.38961],[8.77356,47.38988]],[[8.7735,47.39229],[8.77375,47.3924]],[[8.77356,47.38988],[8.77521,47.39051],[8.77975,47.39029],[8.78152,47.39107],[8.78207,47.39156],[8.78269,47.3914],[8.78383,47.39147],[8.78424,47.39105],[8.78499,47.39079]],[[8.77409,47.39278],[8.77422,47.39362]],[[8.77432,47.39403],[8.77542,47.39465]],[[8.78499,47.39079],[8.78542,47.39101]],[[8.78499,47.39079],[8.78533,47.39058],[8.78513,47.39015],[8.7856,47.3897],[8.78555,47.38917]],[[8.7858,47.39113],[8.78622,47.39133]],[[8.78684,47.39165],[8.78852,47.3919],[8.78899,47.39229]],[[8.78899,47.39229],[8.78913,47.39271],[8.78971,47.39288],[8.79002,47.39326]],[[8.78899,47.39229],[8.78997,47.3922],[8.79074,47.39111],[8.79343,47.39071],[8.79454,47.38982]],[[8.78937,47.38773],[8.79086,47.38777],[8.79258,47.38812]]]}},{"type":"Feature","properties":{"id":"hueenerbach-illnau-revier-151-zh","c":"ZH","p":"pacht","q":"official","k":"river"},"geometry":{"type":"MultiLineString","coordinates":[[[8.72046,47.41401],[8.72145,47.41429],[8.7218,47.41459],[8.72341,47.415],[8.7248,47.41586],[8.7251,47.41627],[8.72592,47.41618],[8.72627,47.41636],[8.72595,47.41656],[8.72663,47.41672],[8.72664,47.41685],[8.72757,47.41695]],[[8.72757,47.41695],[8.72737,47.41684],[8.72749,47.41672],[8.72781,47.41675]],[[8.72757,47.41695],[8.72764,47.41687]],[[8.72764,47.41687],[8.72781,47.41675]],[[8.72764,47.41687],[8.72773,47.41686],[8.72788,47.4169],[8.72806,47.41702],[8.72797,47.41759],[8.72837,47.41816],[8.72848,47.41892],[8.72922,47.41985]],[[8.72781,47.41675],[8.72836,47.41676]],[[8.72836,47.41676],[8.72844,47.4169],[8.72966,47.41662],[8.73008,47.41677]],[[8.72836,47.41676],[8.72891,47.41649],[8.72898,47.41523]],[[8.72922,47.41985],[8.72883,47.42015]],[[8.72922,47.41985],[8.72951,47.42008],[8.73025,47.42012],[8.73077,47.42061],[8.7313,47.42079],[8.73212,47.42164]],[[8.73008,47.41677],[8.73107,47.41669],[8.73159,47.41599],[8.73206,47.41575],[8.73243,47.41588],[8.73284,47.41573],[8.73302,47.41542],[8.73451,47.41552],[8.73501,47.41533],[8.73528,47.41553]],[[8.73008,47.41677],[8.73054,47.41779],[8.73162,47.41855]],[[8.73212,47.42164],[8.73239,47.42216],[8.7315,47.42273]],[[8.73212,47.42164],[8.73244,47.42183],[8.73279,47.42179],[8.73274,47.42202],[8.73373,47.42208]],[[8.73447,47.43001],[8.73451,47.43103]],[[8.7347,47.42315],[8.73396,47.42397],[8.73447,47.42512],[8.73414,47.42577],[8.73455,47.4267],[8.73534,47.42692]],[[8.73528,47.41553],[8.73657,47.41637],[8.73804,47.4167],[8.73838,47.41808]],[[8.73528,47.41553],[8.73584,47.41508],[8.73655,47.41488],[8.73718,47.41482],[8.73729,47.41509],[8.73762,47.41504]],[[8.7361,47.43016],[8.73616,47.4304]],[[8.73863,47.43267],[8.73864,47.43346],[8.73813,47.4341]],[[8.73952,47.42964],[8.73936,47.43004],[8.73852,47.43058],[8.73819,47.43129]],[[8.73803,47.41518],[8.73853,47.41584]],[[8.73838,47.41808],[8.73857,47.4181]],[[8.73838,47.41808],[8.73769,47.41914],[8.73806,47.41936],[8.73867,47.42038],[8.73938,47.42062],[8.73958,47.42105],[8.74006,47.42113],[8.74017,47.42091],[8.74191,47.42169],[8.74189,47.42285],[8.7414,47.42349]],[[8.74071,47.42397],[8.7404,47.42404],[8.73941,47.42506],[8.73828,47.42554],[8.73788,47.42591],[8.73775,47.42622],[8.73875,47.42754]],[[8.74103,47.42398],[8.74097,47.42398]],[[8.74103,47.42398],[8.74052,47.42502],[8.74157,47.4259]],[[8.7414,47.42349],[8.74103,47.42398]],[[8.7414,47.42349],[8.74141,47.42351]],[[8.74234,47.4265],[8.74269,47.42679],[8.74275,47.42738],[8.74339,47.42781],[8.74349,47.4284],[8.74397,47.42895],[8.74496,47.42949],[8.74516,47.42999]],[[8.74466,47.43022],[8.74282,47.43056],[8.74258,47.43088]],[[8.74459,47.4319],[8.74485,47.4321],[8.74476,47.43249]],[[8.74459,47.4319],[8.74447,47.43205],[8.74476,47.43249]],[[8.74466,47.43022],[8.7438,47.43139],[8.74459,47.4319]],[[8.74516,47.42999],[8.74466,47.43022]],[[8.74476,47.43249],[8.74506,47.43298],[8.74497,47.43366]],[[8.74516,47.42999],[8.74623,47.43012]],[[8.74636,47.41893],[8.74664,47.42046],[8.7474,47.42054],[8.74903,47.42024]],[[8.74788,47.43141],[8.7483,47.43217]]]}},{"type":"Feature","properties":{"id":"eulach-153-zh","c":"ZH","p":"private","q":"official","k":"river"},"geometry":{"type":"MultiLineString","coordinates":[[[8.82882,47.5047],[8.83172,47.50552]],[[8.83172,47.50552],[8.83445,47.50628],[8.83567,47.5063]],[[8.83172,47.50552],[8.83173,47.50558]],[[8.83192,47.50729],[8.83193,47.50729]],[[8.83538,47.50479],[8.8355,47.50443],[8.83466,47.50256],[8.83467,47.50198],[8.83289,47.50028]],[[8.83391,47.50852],[8.83403,47.51008],[8.83432,47.51072]],[[8.83545,47.50564],[8.83545,47.50498]],[[8.83567,47.5063],[8.83566,47.50623]],[[8.83567,47.5063],[8.83591,47.50625]],[[8.83591,47.50625],[8.8367,47.50743]],[[8.83591,47.50625],[8.84111,47.50458]],[[8.8367,47.50743],[8.83684,47.50794]],[[8.8367,47.50743],[8.83946,47.50693]],[[8.83676,47.50823],[8.83615,47.50908],[8.83633,47.50968],[8.83611,47.51051],[8.83686,47.51235]],[[8.83676,47.50823],[8.83871,47.50979],[8.83911,47.51064]],[[8.83676,47.50815],[8.83676,47.50823]],[[8.84139,47.50188],[8.83997,47.50127],[8.83901,47.50033]],[[8.84266,47.4958],[8.84183,47.4958],[8.83952,47.49533]],[[8.84027,47.50752],[8.84078,47.508],[8.84258,47.50879],[8.84376,47.50957]],[[8.84111,47.50458],[8.84118,47.50448]],[[8.84111,47.50458],[8.84575,47.50306]],[[8.84266,47.4958],[8.84211,47.49554],[8.84155,47.49458]],[[8.84485,47.50037],[8.84428,47.49981],[8.84419,47.49923],[8.84199,47.49829]],[[8.84378,47.49176],[8.8425,47.49177]],[[8.85017,47.49848],[8.848,47.49733],[8.84762,47.49736],[8.84266,47.4958]],[[8.84378,47.49176],[8.8433,47.49073]],[[8.84401,47.51035],[8.84424,47.51045],[8.84415,47.51094],[8.84446,47.51123]],[[8.8472,47.49277],[8.84646,47.49268],[8.84556,47.49218],[8.84378,47.49176]],[[8.84471,47.51139],[8.84522,47.51173],[8.84559,47.51251]],[[8.84428,47.47473],[8.84375,47.47395]],[[8.84575,47.47583],[8.84559,47.47541],[8.84437,47.47494]],[[8.84592,47.50015],[8.84587,47.4997],[8.8453,47.49917]],[[8.84577,47.5127],[8.84706,47.51371],[8.84819,47.51353]],[[8.84575,47.50306],[8.84671,47.50375]],[[8.84575,47.50306],[8.85176,47.5011]],[[8.85435,47.47944],[8.85331,47.47943],[8.85166,47.47899],[8.84954,47.47793],[8.84866,47.4779],[8.84732,47.47818],[8.84555,47.47809],[8.84532,47.47752],[8.84575,47.47687],[8.84575,47.47583]],[[8.84575,47.47583],[8.84656,47.47521]],[[8.84685,47.50391],[8.84906,47.50568],[8.85198,47.50712],[8.85575,47.51148]],[[8.85291,47.52217],[8.85068,47.52232],[8.8492,47.5226],[8.84845,47.5223],[8.84778,47.52242],[8.84737,47.52227],[8.84739,47.52159]],[[8.8472,47.49277],[8.84675,47.49199],[8.84752,47.49105],[8.84711,47.4906]],[[8.84847,47.49343],[8.8472,47.49277]],[[8.85205,47.49667],[8.85211,47.49502],[8.84847,47.49343]],[[8.84847,47.49343],[8.84865,47.49252],[8.84841,47.4918],[8.84905,47.4909],[8.84867,47.48997]],[[8.85605,47.48669],[8.85572,47.4863],[8.85371,47.48643],[8.85177,47.48606],[8.85021,47.48548],[8.84876,47.48525]],[[8.85176,47.5011],[8.85174,47.50104]],[[8.85176,47.5011],[8.85312,47.50066]],[[8.85785,47.49102],[8.85706,47.49124],[8.85555,47.49046],[8.85343,47.49024],[8.85207,47.48991]],[[8.85598,47.48226],[8.85346,47.4815],[8.85232,47.48203]],[[8.85338,47.50057],[8.85339,47.50057]],[[8.85339,47.50057],[8.85342,47.5005]],[[8.85339,47.50057],[8.8565,47.49955]],[[8.85412,47.49389],[8.85332,47.49326]],[[8.85314,47.47029],[8.85353,47.4685],[8.85398,47.4676]],[[8.85384,47.47094],[8.85337,47.47046]],[[8.85605,47.48669],[8.85468,47.48763],[8.85389,47.48775]],[[8.85829,47.48873],[8.85747,47.48833],[8.85462,47.48892],[8.85412,47.4888]],[[8.85558,47.47202],[8.85398,47.4711]],[[8.85398,47.4676],[8.85357,47.46687],[8.85406,47.46591]],[[8.85398,47.4676],[8.85481,47.46753],[8.85504,47.46776],[8.85577,47.46793],[8.85736,47.46783],[8.85917,47.468],[8.86044,47.46776],[8.86228,47.46645]],[[8.85618,47.48159],[8.85611,47.48128],[8.85562,47.48112],[8.85529,47.48063],[8.85449,47.48009],[8.85435,47.47944]],[[8.85435,47.47944],[8.85472,47.47832],[8.85586,47.4773],[8.8569,47.4771],[8.85812,47.47641],[8.85952,47.47602],[8.86067,47.47469]],[[8.86054,47.52089],[8.85912,47.52124],[8.85737,47.52125],[8.85619,47.52203]],[[8.85657,47.51197],[8.85742,47.51257],[8.8597,47.51498]],[[8.85761,47.48625],[8.85655,47.48642],[8.85605,47.48669]],[[8.85637,47.48415],[8.85591,47.4833],[8.85613,47.48268],[8.85598,47.48226]],[[8.85598,47.48226],[8.85618,47.48159]],[[8.8565,47.49955],[8.85699,47.49961]],[[8.8565,47.49955],[8.85698,47.4994]],[[8.85667,47.47333],[8.85587,47.47274]],[[8.85593,47.47221],[8.85588,47.47215]],[[8.85618,47.48159],[8.85718,47.48128],[8.85754,47.48093]],[[8.85761,47.48625],[8.85683,47.48564],[8.85637,47.48415]],[[8.85637,47.48415],[8.85647,47.48361],[8.85715,47.48364],[8.85765,47.48345]],[[8.85698,47.4994],[8.85739,47.49936]],[[8.85698,47.4994],[8.85718,47.49933]],[[8.85667,47.47333],[8.8566,47.47333]],[[8.86067,47.47469],[8.86021,47.47392],[8.85952,47.4736],[8.85804,47.47348],[8.85705,47.47319],[8.85698,47.4733],[8.85675,47.47334],[8.85667,47.47333]],[[8.8575,47.49923],[8.86255,47.49757],[8.86406,47.49648],[8.8648,47.49482],[8.86478,47.49363],[8.86372,47.49214],[8.86339,47.4911]],[[8.8585,47.48734],[8.85831,47.48685],[8.85761,47.48625]],[[8.86013,47.49001],[8.85968,47.48922],[8.85986,47.48905],[8.85954,47.48861],[8.85871,47.48811],[8.85866,47.48754]],[[8.8597,47.51498],[8.86116,47.51652]],[[8.8597,47.51498],[8.85973,47.51497]],[[8.86013,47.49001],[8.86009,47.49001]],[[8.86023,47.49016],[8.86013,47.49001]],[[8.86023,47.49016],[8.86021,47.49017]],[[8.86339,47.4911],[8.86297,47.49071],[8.86142,47.49075],[8.86023,47.49016]],[[8.86099,47.51435],[8.86194,47.5139],[8.86365,47.51216]],[[8.86116,47.51652],[8.86247,47.51793]],[[8.86116,47.51652],[8.86119,47.51652]],[[8.86067,47.47469],[8.86068,47.47469]],[[8.86247,47.51793],[8.86249,47.51794]],[[8.86247,47.51793],[8.86247,47.51794]],[[8.86309,47.50482],[8.86518,47.50599]],[[8.86228,47.46645],[8.86241,47.46634],[8.86211,47.46627]],[[8.86228,47.46645],[8.86289,47.46636],[8.86343,47.46601],[8.86426,47.46593]],[[8.86283,47.47318],[8.86381,47.47283]],[[8.86339,47.4911],[8.86387,47.49032],[8.86412,47.489],[8.86484,47.48852],[8.86599,47.48826]],[[8.8642,47.51597],[8.86464,47.51585],[8.86537,47.51633],[8.86648,47.51629],[8.86785,47.51589],[8.86883,47.5151]],[[8.86288,47.46573],[8.86292,47.46484]],[[8.86611,47.48517],[8.86518,47.48419],[8.86489,47.48337],[8.86425,47.48314]],[[8.87135,47.48119],[8.87084,47.4807],[8.87085,47.48022],[8.87016,47.47975],[8.86983,47.47885],[8.8695,47.47864],[8.86669,47.47826],[8.86567,47.47835]],[[8.86613,47.47203],[8.867,47.47177]],[[8.87135,47.48119],[8.86962,47.48127],[8.86843,47.48103]],[[8.86999,47.47606],[8.8687,47.47559]],[[8.87317,47.47792],[8.87178,47.47692],[8.86999,47.47606]],[[8.86999,47.47606],[8.87024,47.47572]],[[8.87433,47.50792],[8.87348,47.5078],[8.8718,47.50804]],[[8.87179,47.4813],[8.87135,47.48119]],[[8.87384,47.48294],[8.87325,47.48273],[8.87179,47.4813]],[[8.87179,47.4813],[8.87263,47.47993],[8.87358,47.47934],[8.87376,47.47853],[8.87317,47.47792]],[[8.87226,47.48536],[8.87378,47.48463],[8.87452,47.48391]],[[8.87433,47.50792],[8.87419,47.50966],[8.87386,47.51006]],[[8.87317,47.47792],[8.87337,47.47725],[8.87316,47.47694]],[[8.87495,47.50579],[8.87447,47.5068],[8.87433,47.50792]],[[8.87451,47.50156],[8.87435,47.50209],[8.87469,47.50313],[8.87438,47.50409]],[[8.87391,47.46857],[8.87388,47.46823],[8.87481,47.46765]],[[8.87452,47.48391],[8.87451,47.48389]],[[8.87452,47.48391],[8.87541,47.48325]],[[8.87541,47.48325],[8.87544,47.48323]],[[8.87541,47.48325],[8.87547,47.48324]],[[8.87602,47.48254],[8.87744,47.48172],[8.87774,47.48106],[8.8799,47.47968]],[[8.87837,47.47645],[8.87804,47.47458],[8.87851,47.47411],[8.87626,47.47326]]]}},{"type":"Feature","properties":{"id":"eulach-155-zh","c":"ZH","p":"pacht","q":"official","k":"river"},"geometry":{"type":"MultiLineString","coordinates":[[[8.76051,47.50634],[8.76217,47.50579],[8.76528,47.50587],[8.76691,47.50499]],[[8.76691,47.50499],[8.76724,47.50482]],[[8.76691,47.50499],[8.76814,47.50497],[8.7696,47.50522]],[[8.7696,47.50527],[8.7696,47.50522]],[[8.7696,47.50522],[8.77203,47.50624],[8.77301,47.50596],[8.77377,47.50549],[8.77531,47.50538]],[[8.7696,47.50522],[8.7696,47.50517]],[[8.77462,47.49976],[8.77399,47.49866],[8.77405,47.49804]],[[8.77531,47.50538],[8.77538,47.50543]],[[8.77531,47.50538],[8.77578,47.50535],[8.77965,47.50551],[8.78035,47.50505]],[[8.77987,47.50516],[8.78035,47.50505]],[[8.78035,47.50505],[8.78332,47.50368]],[[8.78708,47.50013],[8.78639,47.4994],[8.78544,47.49907],[8.78492,47.49869],[8.78462,47.49712],[8.78302,47.49637]],[[8.78332,47.50368],[8.78435,47.50269],[8.78759,47.50088]],[[8.78332,47.50368],[8.78352,47.50368]],[[8.78538,47.49054],[8.78454,47.48964]],[[8.78966,47.49625],[8.78948,47.49462],[8.78882,47.49366],[8.78736,47.49213],[8.78547,47.49085],[8.78538,47.49054]],[[8.78538,47.49054],[8.78599,47.48962]],[[8.78759,47.50088],[8.78765,47.50073]],[[8.78759,47.50088],[8.78777,47.5008]],[[8.78777,47.5008],[8.78882,47.50133]],[[8.78777,47.5008],[8.78997,47.50015],[8.79121,47.50022]],[[8.78966,47.49625],[8.78809,47.49586]],[[8.78922,47.50156],[8.79174,47.5024],[8.79396,47.50346],[8.79563,47.50363],[8.79754,47.50353],[8.79845,47.50383],[8.79889,47.50425]],[[8.79139,47.49961],[8.7912,47.49903],[8.79023,47.49792],[8.78966,47.49625]],[[8.79121,47.50022],[8.79246,47.50057],[8.79384,47.50065],[8.79521,47.50004],[8.79544,47.49938],[8.79647,47.49863],[8.7981,47.49834]],[[8.79121,47.50022],[8.79136,47.49985]],[[8.7981,47.49834],[8.79837,47.49833]],[[8.79837,47.49833],[8.80001,47.49859],[8.8006,47.49831],[8.80149,47.49876]],[[8.79837,47.49833],[8.79839,47.49829]],[[8.79889,47.50425],[8.80117,47.505]],[[8.79889,47.50425],[8.79896,47.50451],[8.80018,47.5052]],[[8.80149,47.49876],[8.80397,47.50001],[8.80628,47.50046]],[[8.80149,47.49876],[8.8024,47.49759]],[[8.80262,47.49746],[8.80421,47.49699],[8.80522,47.4957]],[[8.8038,47.50708],[8.80411,47.50757]],[[8.80411,47.50757],[8.80425,47.50853]],[[8.80411,47.50757],[8.80457,47.50755],[8.80547,47.50774]],[[8.80422,47.50872],[8.80501,47.50933],[8.80572,47.5095]],[[8.80522,47.4957],[8.805,47.49509],[8.8052,47.49462]],[[8.80522,47.4957],[8.80611,47.49536],[8.80669,47.49534]],[[8.80628,47.50046],[8.81094,47.49998],[8.81243,47.50009]],[[8.80628,47.50046],[8.8067,47.5011]],[[8.80731,47.50179],[8.80823,47.50271],[8.80975,47.50511],[8.81026,47.50557]],[[8.81243,47.50009],[8.81317,47.50028]],[[8.81243,47.50009],[8.81244,47.50009]],[[8.81317,47.50028],[8.81542,47.5011],[8.81787,47.5029]],[[8.81317,47.50028],[8.81317,47.50028]],[[8.81722,47.50382],[8.81658,47.50436],[8.81654,47.50463]],[[8.81848,47.5033],[8.81779,47.50375]],[[8.81787,47.5029],[8.81848,47.5033]],[[8.81787,47.5029],[8.81855,47.50217]],[[8.81848,47.5033],[8.81947,47.50375],[8.82214,47.5044]],[[8.81903,47.50143],[8.81919,47.50066],[8.81983,47.50027],[8.82019,47.49959],[8.82148,47.49887],[8.82242,47.49887],[8.82342,47.49844],[8.82528,47.49825],[8.82651,47.49776]],[[8.82687,47.50902],[8.82508,47.50878],[8.82162,47.51038],[8.82063,47.50997]],[[8.82214,47.5044],[8.82739,47.50445],[8.82882,47.5047]],[[8.82214,47.5044],[8.82259,47.50491],[8.82745,47.50631],[8.8269,47.5081]],[[8.82528,47.51273],[8.82473,47.51363],[8.82335,47.51385]],[[8.82528,47.51273],[8.82639,47.51317],[8.82729,47.5137],[8.82755,47.51412],[8.82782,47.51412],[8.82786,47.515],[8.8283,47.5152],[8.829,47.51656],[8.82982,47.51694],[8.83165,47.51687]],[[8.82687,47.50902],[8.82674,47.50943],[8.82603,47.50988],[8.82483,47.51147],[8.8248,47.51214],[8.82528,47.51273]],[[8.82651,47.49776],[8.82833,47.49866]],[[8.82651,47.49776],[8.82689,47.49736],[8.82767,47.49541],[8.82878,47.49507],[8.83027,47.49508],[8.83051,47.49523]],[[8.8269,47.5081],[8.82682,47.50863],[8.82713,47.50873],[8.82687,47.50902]],[[8.83096,47.49553],[8.83161,47.49564],[8.83204,47.49596]],[[8.83243,47.49617],[8.83354,47.49541]],[[8.83254,47.49623],[8.83257,47.49625]],[[8.83503,47.51613],[8.83665,47.51642]]]}},{"type":"Feature","properties":{"id":"eulach-156-zh","c":"ZH","p":"pacht","q":"official","k":"river"},"geometry":{"type":"MultiLineString","coordinates":[[[8.68347,47.51011],[8.68578,47.50896],[8.68665,47.50896]],[[8.68704,47.50906],[8.6892,47.50944],[8.69214,47.50963],[8.69396,47.51041]],[[8.69481,47.5105],[8.69684,47.51014],[8.70001,47.50921],[8.70223,47.50824],[8.70386,47.50713],[8.70602,47.5067],[8.70679,47.5058]],[[8.70657,47.50557],[8.70605,47.50549],[8.70486,47.50411],[8.70384,47.50353],[8.70356,47.503]],[[8.70662,47.50389],[8.70538,47.50329],[8.70497,47.50243]],[[8.70662,47.50389],[8.70693,47.50295],[8.70606,47.50213]],[[8.70777,47.50442],[8.70694,47.50432],[8.70662,47.50389]],[[8.70679,47.5058],[8.7069,47.50564]],[[8.70679,47.5058],[8.70697,47.50576]],[[8.7069,47.50564],[8.70685,47.50563]],[[8.7069,47.50564],[8.70777,47.50442]],[[8.70738,47.5012],[8.70697,47.50101]],[[8.70777,47.50442],[8.70871,47.50332],[8.70938,47.50299]],[[8.70938,47.50299],[8.7089,47.50208],[8.70891,47.50155],[8.70772,47.50107]],[[8.70938,47.50299],[8.71017,47.50268]],[[8.71017,47.50268],[8.71017,47.50252]],[[8.71017,47.50268],[8.71103,47.50308],[8.71279,47.50259],[8.71468,47.50015],[8.71639,47.49977],[8.71755,47.49974],[8.7182,47.49923]],[[8.71197,47.50147],[8.71137,47.50075]],[[8.72608,47.49783],[8.72614,47.49781]],[[8.72696,47.4976],[8.73237,47.49494],[8.73335,47.49474],[8.73467,47.49477]],[[8.73467,47.49477],[8.73812,47.49537]],[[8.73467,47.49477],[8.73467,47.49477]],[[8.73996,47.49594],[8.74381,47.49714],[8.74523,47.49805]],[[8.74566,47.49832],[8.74767,47.49931]],[[8.74791,47.49945],[8.74798,47.49952]],[[8.74828,47.49994],[8.74847,47.5004]],[[8.74869,47.50049],[8.75259,47.50163],[8.75398,47.50229],[8.75492,47.50325],[8.75567,47.50492],[8.75681,47.50584]]]}},{"type":"Feature","properties":{"id":"waltensteiner-eulach-revier-157-zh","c":"ZH","p":"pacht","q":"official","k":"river"},"geometry":{"type":"MultiLineString","coordinates":[[[8.81244,47.50009],[8.81365,47.49905],[8.81413,47.49799]],[[8.81317,47.50028],[8.81331,47.50023]],[[8.81443,47.49325],[8.81387,47.49274]],[[8.81408,47.49812],[8.81413,47.49799]],[[8.81413,47.49799],[8.81426,47.49648],[8.81476,47.49631]],[[8.81476,47.49631],[8.81427,47.49603],[8.81393,47.49544],[8.81461,47.49395],[8.81443,47.49325]],[[8.81443,47.49325],[8.8155,47.49081]],[[8.81476,47.49631],[8.81679,47.49496]],[[8.81888,47.48871],[8.81805,47.48789],[8.81652,47.48707]],[[8.81679,47.49496],[8.81707,47.49494]],[[8.81679,47.49496],[8.81698,47.49492],[8.81707,47.49494]],[[8.81707,47.49494],[8.81757,47.49434],[8.8188,47.49378],[8.81872,47.49355]],[[8.81872,47.49355],[8.81878,47.49288],[8.81934,47.49221],[8.81872,47.48895],[8.81888,47.48871]],[[8.81872,47.49355],[8.819,47.49322],[8.81969,47.49295],[8.82202,47.49078],[8.82268,47.4907],[8.82419,47.49012]],[[8.81888,47.48871],[8.82285,47.48733],[8.82318,47.48647],[8.82381,47.48615],[8.82397,47.48561],[8.8259,47.48414],[8.82808,47.48112]],[[8.82808,47.48112],[8.82821,47.47978],[8.82787,47.47889],[8.82694,47.47896],[8.82432,47.47837],[8.82307,47.47837],[8.82246,47.47867],[8.82153,47.47813],[8.82172,47.47747],[8.82164,47.47607],[8.82253,47.47519],[8.82319,47.47284]],[[8.82431,47.48996],[8.82468,47.48938],[8.82563,47.48895]],[[8.82814,47.48687],[8.82876,47.48649],[8.82933,47.48651],[8.83005,47.4868],[8.83021,47.4871],[8.83188,47.48768]],[[8.82794,47.47893],[8.82797,47.4789]],[[8.82808,47.48112],[8.82878,47.48135],[8.83068,47.48155],[8.83412,47.48331]],[[8.82811,47.47874],[8.82844,47.47859]],[[8.82844,47.47859],[8.82852,47.4786]],[[8.82844,47.47859],[8.82859,47.47847],[8.8283,47.47816],[8.82907,47.47716]],[[8.8286,47.4786],[8.82863,47.47859]],[[8.82875,47.47852],[8.82969,47.47767],[8.8313,47.47756]],[[8.82907,47.47716],[8.82942,47.47637],[8.8302,47.47559]],[[8.82907,47.47716],[8.82987,47.47686],[8.83102,47.47673]],[[8.83753,47.48495],[8.83849,47.48526],[8.8385,47.4856],[8.84065,47.48596]]]}},{"type":"Feature","properties":{"id":"weiher-raeterschen-revier-158-zh","c":"ZH","p":"pacht","q":"official","k":"river"},"geometry":{"type":"MultiLineString","coordinates":[[[8.79645,47.49515],[8.79639,47.49394],[8.79602,47.4935],[8.7953,47.49317],[8.79315,47.49276],[8.79317,47.49265]],[[8.7981,47.49834],[8.7981,47.49834]],[[8.7981,47.49834],[8.79814,47.49829]],[[8.7981,47.49834],[8.7981,47.49834]],[[8.79936,47.49668],[8.79956,47.4963]],[[8.79988,47.4925],[8.79953,47.492]],[[8.79968,47.49607],[8.7998,47.49603]],[[8.80013,47.49503],[8.80006,47.49497]],[[8.80041,47.49588],[8.80059,47.49559]]]}},{"type":"Feature","properties":{"id":"wisenbach-wiesendangen-revier-159-zh","c":"ZH","p":"pacht","q":"official","k":"river"},"geometry":{"type":"MultiLineString","coordinates":[[[8.7595,47.5073],[8.76,47.50805]],[[8.76006,47.50823],[8.76027,47.51046],[8.76196,47.51188],[8.76254,47.51289],[8.76366,47.51397]],[[8.76366,47.51397],[8.7636,47.51407]],[[8.76366,47.51397],[8.76448,47.51476]],[[8.76448,47.5209],[8.76332,47.52122],[8.76297,47.5221],[8.76339,47.52362],[8.76416,47.52476],[8.76489,47.52681]],[[8.76455,47.52089],[8.76448,47.5209]],[[8.76455,47.52089],[8.76448,47.5209]],[[8.76448,47.51476],[8.76492,47.51481],[8.7661,47.51434]],[[8.76448,47.51476],[8.76523,47.51549],[8.76507,47.51575]],[[8.76489,47.52082],[8.76482,47.52083]],[[8.76489,47.5208],[8.76483,47.52082]],[[8.76489,47.52082],[8.76499,47.52221]],[[8.76489,47.5208],[8.76489,47.52082]],[[8.7649,47.51599],[8.76495,47.51744],[8.76576,47.51849],[8.76591,47.51953],[8.76489,47.5208]],[[8.76792,47.51362],[8.76855,47.5134],[8.7693,47.51279]],[[8.76917,47.50788],[8.76924,47.50781]],[[8.76979,47.5127],[8.77,47.51266]],[[8.77,47.51266],[8.76982,47.51078],[8.77058,47.51028],[8.77092,47.5086],[8.77194,47.50874]],[[8.77,47.51266],[8.77015,47.51263]],[[8.77158,47.51237],[8.77392,47.51258]],[[8.77392,47.51258],[8.77412,47.51259]],[[8.77392,47.51258],[8.77452,47.51462]],[[8.77412,47.51259],[8.77433,47.51251],[8.77448,47.51072],[8.77484,47.5105]],[[8.77412,47.51259],[8.77418,47.51259],[8.77439,47.51261]],[[8.77452,47.51462],[8.77482,47.51494],[8.77536,47.51501],[8.77832,47.51518],[8.77977,47.51496],[8.78119,47.51507],[8.78375,47.51581],[8.78513,47.51641],[8.78677,47.51666]],[[8.77452,47.51462],[8.77424,47.51876],[8.77855,47.51985],[8.78215,47.52032]],[[8.77694,47.5127],[8.77703,47.51274]],[[8.78215,47.52032],[8.78717,47.5208]],[[8.78215,47.52032],[8.78218,47.52034]],[[8.78677,47.51666],[8.78679,47.51665]],[[8.78677,47.51666],[8.78685,47.51665]],[[8.78771,47.52085],[8.78919,47.52098]],[[8.78803,47.51602],[8.78957,47.51532],[8.79313,47.51551]],[[8.79069,47.52128],[8.7919,47.52122],[8.79282,47.52137]],[[8.79282,47.52137],[8.79303,47.52138]],[[8.79282,47.52137],[8.79297,47.52136]],[[8.79348,47.51561],[8.79364,47.51565]],[[8.79365,47.5215],[8.79464,47.52192]],[[8.79361,47.51565],[8.79364,47.51565]],[[8.79364,47.51565],[8.79552,47.51572]],[[8.79511,47.52204],[8.79672,47.52235],[8.7973,47.52321]],[[8.79677,47.52359],[8.79543,47.52449],[8.79454,47.52557],[8.79513,47.52645],[8.79631,47.52688]],[[8.79638,47.52105],[8.79975,47.51963],[8.80053,47.51951]],[[8.7973,47.52321],[8.79729,47.52321]],[[8.7973,47.52321],[8.79816,47.52336],[8.79855,47.52314],[8.80165,47.52262],[8.80263,47.52278],[8.80315,47.52266]],[[8.80082,47.51941],[8.80131,47.51906]],[[8.80082,47.51614],[8.8019,47.51525],[8.80492,47.51509]],[[8.80131,47.51906],[8.80128,47.51897],[8.80148,47.51883]],[[8.80131,47.51906],[8.80148,47.51883]],[[8.80148,47.51883],[8.80194,47.51851],[8.80253,47.5187]],[[8.80253,47.5187],[8.80806,47.51938],[8.81097,47.51902],[8.81215,47.51923]],[[8.80428,47.52473],[8.80477,47.52565]],[[8.80628,47.52267],[8.81016,47.52433]],[[8.81215,47.51923],[8.8126,47.51893],[8.81285,47.51833]],[[8.81215,47.51923],[8.81242,47.51937],[8.8132,47.51917]],[[8.81307,47.51802],[8.81338,47.51731],[8.81421,47.51649]],[[8.8132,47.51917],[8.8138,47.51929],[8.81526,47.52032],[8.81625,47.52051]],[[8.8132,47.51917],[8.81497,47.51872],[8.81821,47.5191],[8.81979,47.51899]],[[8.81423,47.52445],[8.81441,47.52385],[8.81481,47.52365],[8.81603,47.52364],[8.81732,47.5233]],[[8.81421,47.51649],[8.81408,47.51615]],[[8.81421,47.51649],[8.81455,47.51619]],[[8.8189,47.52697],[8.8189,47.52661]],[[8.82406,47.52772],[8.82591,47.52781]],[[8.82591,47.52781],[8.82609,47.52807]],[[8.82591,47.52781],[8.82645,47.52742],[8.82663,47.52694],[8.82725,47.52668],[8.82773,47.5261],[8.8285,47.52565]],[[8.82718,47.52812],[8.82821,47.52826],[8.82967,47.52754]],[[8.8285,47.52565],[8.82844,47.52535]],[[8.8285,47.52565],[8.82936,47.5253],[8.83003,47.52458]],[[8.82967,47.52754],[8.83115,47.52796]],[[8.82967,47.52754],[8.83204,47.52624],[8.83338,47.52512],[8.83473,47.52461]],[[8.83003,47.52458],[8.83005,47.52442]],[[8.83003,47.52458],[8.83006,47.52456],[8.83005,47.52442]],[[8.83005,47.52442],[8.82997,47.52409],[8.82959,47.52387],[8.82977,47.52298],[8.83163,47.52153]]]}},{"type":"Feature","properties":{"id":"mattenbach-seen-revier-161-zh","c":"ZH","p":"pacht","q":"official","k":"river"},"geometry":{"type":"MultiLineString","coordinates":[[[8.73105,47.48945],[8.7291,47.48685],[8.72822,47.4863],[8.72877,47.48454],[8.72964,47.4838],[8.73038,47.48347]],[[8.73373,47.48849],[8.73321,47.48736],[8.73359,47.48636],[8.73339,47.48605]],[[8.73467,47.49477],[8.73646,47.49244]],[[8.7363,47.48923],[8.73635,47.48916]],[[8.73862,47.49056],[8.73741,47.48961],[8.73635,47.4892]],[[8.73646,47.49244],[8.73643,47.49235]],[[8.73646,47.49244],[8.73749,47.49162]],[[8.737,47.48823],[8.73649,47.48768]],[[8.73677,47.48876],[8.73591,47.48615],[8.73644,47.48538]],[[8.73672,47.48882],[8.73677,47.48876]],[[8.73667,47.4853],[8.73706,47.48516],[8.73707,47.48407]],[[8.73677,47.48876],[8.73705,47.48845]],[[8.73749,47.48976],[8.73744,47.48972]],[[8.73749,47.49162],[8.73732,47.49144],[8.73857,47.49058]],[[8.73749,47.49162],[8.73869,47.49079]],[[8.74022,47.48969],[8.74146,47.48887],[8.74313,47.48861],[8.74306,47.48794],[8.74603,47.48583],[8.74581,47.48546],[8.74429,47.48474],[8.74391,47.4842],[8.74084,47.48383],[8.74035,47.48326],[8.73981,47.48308],[8.7393,47.4826],[8.73877,47.48193],[8.73853,47.48113],[8.73784,47.4806]],[[8.73857,47.49058],[8.73856,47.49057]],[[8.73869,47.49079],[8.73857,47.49058]],[[8.73857,47.49058],[8.73862,47.49056]],[[8.7388,47.49072],[8.73862,47.49056]],[[8.73862,47.49056],[8.73978,47.48982],[8.74022,47.48969]],[[8.73869,47.49079],[8.7388,47.49072]],[[8.7388,47.49072],[8.74021,47.48988]],[[8.74021,47.48988],[8.74022,47.48969]],[[8.74021,47.48988],[8.74157,47.48933],[8.7443,47.48898],[8.74592,47.48856],[8.74989,47.48636]],[[8.74838,47.48361],[8.7477,47.48372],[8.74701,47.48415],[8.74524,47.48399],[8.74431,47.48316],[8.74255,47.48262],[8.74163,47.48174]],[[8.74821,47.48043],[8.74775,47.48073],[8.7468,47.48013],[8.74681,47.47951],[8.74717,47.47892],[8.7469,47.47846],[8.74509,47.4782]],[[8.74854,47.48264],[8.74741,47.48215],[8.74723,47.48156],[8.74627,47.48079]],[[8.74936,47.48078],[8.74821,47.48043]],[[8.74936,47.48078],[8.74918,47.48033],[8.74842,47.4803],[8.74821,47.48043]],[[8.74989,47.48636],[8.74946,47.48519],[8.74838,47.48361]],[[8.74838,47.48361],[8.74854,47.48264]],[[8.74854,47.48264],[8.75025,47.48192],[8.74977,47.48104]],[[8.74977,47.48104],[8.74936,47.48078]],[[8.74989,47.48636],[8.75213,47.48503],[8.75331,47.48456]],[[8.74977,47.48104],[8.75049,47.48054],[8.75095,47.47958],[8.75109,47.47904],[8.7508,47.47742]],[[8.75553,47.4811],[8.75476,47.48108],[8.7535,47.48069],[8.75319,47.47934],[8.75373,47.47877],[8.75285,47.47793],[8.75282,47.4776],[8.75225,47.47744]],[[8.75331,47.48456],[8.75355,47.48277],[8.75418,47.4823]],[[8.75331,47.48456],[8.75499,47.48429],[8.75641,47.48436]],[[8.75927,47.48165],[8.75728,47.48096],[8.75643,47.48096]],[[8.76078,47.48042],[8.76179,47.47862],[8.76153,47.4767]],[[8.76236,47.48377],[8.7632,47.48352],[8.76325,47.48299]],[[8.76338,47.48264],[8.76502,47.48226],[8.76645,47.48241]],[[8.76645,47.48241],[8.76647,47.48242]],[[8.76645,47.48241],[8.7671,47.48204],[8.76899,47.48182],[8.76918,47.47889],[8.76949,47.47821],[8.77141,47.47746],[8.7715,47.47727],[8.77331,47.47699]],[[8.76718,47.48273],[8.76859,47.48263],[8.77139,47.4829],[8.77206,47.48101]],[[8.76761,47.48669],[8.76748,47.48707],[8.76784,47.48722]],[[8.76763,47.48658],[8.76761,47.48669]],[[8.76842,47.48532],[8.76761,47.48669]],[[8.76799,47.48741],[8.7678,47.48778],[8.76809,47.48799],[8.76827,47.48957],[8.77072,47.4907],[8.77145,47.49071],[8.77355,47.49148],[8.77452,47.49204],[8.77758,47.49244],[8.77825,47.4921],[8.78029,47.49217],[8.78199,47.49185]],[[8.77236,47.48069],[8.77337,47.48074],[8.77467,47.48033],[8.77514,47.48042]],[[8.77331,47.47699],[8.77359,47.47614],[8.77432,47.47558],[8.77593,47.47536],[8.77646,47.47498],[8.77728,47.47481],[8.77736,47.47463],[8.77874,47.47467],[8.77931,47.47496],[8.78054,47.47483],[8.78083,47.47458],[8.78194,47.47431],[8.78274,47.4732],[8.78368,47.47296]],[[8.77331,47.47699],[8.77336,47.47698]],[[8.77336,47.47698],[8.77593,47.47688],[8.77682,47.47664],[8.77702,47.47627],[8.77786,47.47632],[8.77787,47.47647],[8.77828,47.47643],[8.77836,47.47672],[8.78011,47.47699],[8.78026,47.47719],[8.78079,47.47713],[8.78219,47.4777],[8.78299,47.47846],[8.78462,47.47851],[8.78479,47.47869],[8.78543,47.47876],[8.78746,47.47868],[8.78817,47.47913],[8.78886,47.47999],[8.78996,47.48064],[8.79314,47.48468]],[[8.77634,47.4804],[8.77727,47.48068],[8.77812,47.4813],[8.77857,47.4823]],[[8.77933,47.48289],[8.78093,47.48293],[8.78203,47.48246],[8.7825,47.48248],[8.78274,47.48279]],[[8.78368,47.47296],[8.78517,47.47367],[8.78712,47.47407],[8.78742,47.47437]],[[8.78368,47.47296],[8.78394,47.47264],[8.78388,47.47218],[8.78429,47.47175]],[[8.7847,47.47141],[8.78485,47.47115],[8.78572,47.47075]],[[8.78824,47.48463],[8.7879,47.48513],[8.78759,47.48488],[8.78709,47.4848]],[[8.78742,47.47437],[8.78725,47.47481]],[[8.78742,47.47437],[8.7885,47.47475],[8.78945,47.47476]],[[8.78824,47.48463],[8.78804,47.48461]],[[8.79314,47.48468],[8.79268,47.48492],[8.79065,47.48527],[8.78859,47.48459],[8.78824,47.48463]],[[8.79366,47.48608],[8.79181,47.48631],[8.78939,47.48801]],[[8.79314,47.48468],[8.79401,47.48531]],[[8.79451,47.48572],[8.79399,47.48607]],[[8.79401,47.48531],[8.79451,47.48572]],[[8.79401,47.48531],[8.79473,47.48506],[8.79533,47.48449]],[[8.79451,47.48572],[8.79532,47.48621],[8.79736,47.487]],[[8.79736,47.487],[8.79768,47.48707],[8.79878,47.48847],[8.80144,47.48997]],[[8.79736,47.487],[8.79745,47.48697]],[[8.79862,47.48652],[8.80055,47.48595]],[[8.80144,47.48997],[8.80191,47.49019],[8.80344,47.49037],[8.80614,47.48981],[8.80751,47.49005]],[[8.80144,47.48997],[8.80146,47.48996]],[[8.80273,47.48257],[8.802,47.48159],[8.80196,47.48106]],[[8.80288,47.4827],[8.80273,47.48257]],[[8.80275,47.48261],[8.80273,47.48257]],[[8.80325,47.48316],[8.80317,47.48293]],[[8.81034,47.48868],[8.81077,47.48685]],[[8.81088,47.48655],[8.81151,47.4857]],[[8.81079,47.48326],[8.81139,47.48267],[8.81141,47.48203]],[[8.81151,47.4857],[8.81151,47.4857]],[[8.81151,47.4857],[8.81156,47.48569]],[[8.81532,47.48398],[8.81608,47.4827]]]}},{"type":"Feature","properties":{"id":"rosentalbach-revier-162-zh","c":"ZH","p":"pacht","q":"official","k":"river"},"geometry":{"type":"MultiLineString","coordinates":[[[8.72456,47.511],[8.72455,47.51116],[8.7251,47.51141],[8.72623,47.5117],[8.72714,47.51257]],[[8.72714,47.51257],[8.72826,47.51242],[8.73147,47.51299],[8.7324,47.51275],[8.73271,47.51239],[8.73385,47.51205]],[[8.72714,47.51257],[8.72725,47.51267]],[[8.72819,47.51373],[8.72843,47.51408]],[[8.7296,47.51486],[8.72978,47.51494]],[[8.73057,47.51525],[8.73122,47.51551],[8.73188,47.51544]],[[8.73188,47.51544],[8.73262,47.51571],[8.7337,47.51668],[8.7336,47.51721],[8.73297,47.51767],[8.73374,47.5186],[8.73342,47.51911]],[[8.73188,47.51544],[8.73429,47.51469],[8.73498,47.51425],[8.73606,47.51428]],[[8.73606,47.51428],[8.73867,47.51422],[8.74031,47.5154],[8.74197,47.51523],[8.7439,47.51572]],[[8.73606,47.51428],[8.73639,47.51593],[8.73759,47.51778]]]}},{"type":"Feature","properties":{"id":"naefbach-revier-163-zh","c":"ZH","p":"pacht","q":"official","k":"river"},"geometry":{"type":"MultiLineString","coordinates":[[[8.62656,47.5405],[8.62584,47.53964]],[[8.63413,47.53473],[8.63189,47.53465],[8.63119,47.53445]],[[8.63509,47.54118],[8.63502,47.54156],[8.63448,47.54189],[8.63354,47.54211]],[[8.63509,47.54118],[8.63426,47.54069]],[[8.63655,47.54075],[8.63509,47.54118]],[[8.63655,47.54075],[8.6361,47.54006]],[[8.64,47.53469],[8.63634,47.53533]],[[8.63986,47.54031],[8.63655,47.54075]],[[8.64,47.53469],[8.63884,47.53412]],[[8.64107,47.53766],[8.64035,47.53785],[8.63954,47.53782]],[[8.63986,47.54031],[8.6404,47.54137],[8.6414,47.54214]],[[8.64153,47.53778],[8.64127,47.53821],[8.64133,47.53875],[8.64044,47.53945],[8.63986,47.54031]],[[8.64309,47.53564],[8.6418,47.53507],[8.64,47.53469]],[[8.64107,47.53766],[8.64022,47.53733]],[[8.64153,47.53778],[8.64107,47.53766]],[[8.64244,47.53733],[8.64153,47.53778]],[[8.64244,47.53733],[8.6434,47.53762],[8.64427,47.5385],[8.64555,47.53888],[8.6461,47.5388]],[[8.64309,47.53564],[8.64305,47.53626],[8.64253,47.53666],[8.64244,47.53733]],[[8.64259,47.52196],[8.64353,47.5223]],[[8.64618,47.53451],[8.64524,47.53473],[8.64453,47.53512],[8.64361,47.53525],[8.64309,47.53564]],[[8.64353,47.5223],[8.64354,47.52231]],[[8.64353,47.5223],[8.64354,47.5223],[8.64369,47.52232],[8.64419,47.52235],[8.64446,47.52235],[8.64474,47.52238],[8.64485,47.52237],[8.64719,47.52253],[8.64771,47.52253],[8.65014,47.52311],[8.65024,47.52403],[8.64988,47.5247],[8.65012,47.52504],[8.65108,47.52544],[8.65098,47.52576],[8.6513,47.52592],[8.65127,47.52635],[8.65092,47.52674]],[[8.64583,47.5244],[8.64573,47.52452]],[[8.64846,47.53157],[8.6477,47.53155],[8.64597,47.532]],[[8.64614,47.53887],[8.64654,47.53923]],[[8.64618,47.53451],[8.6466,47.5356]],[[8.64846,47.53157],[8.64725,47.53412],[8.64618,47.53451]],[[8.64904,47.52759],[8.6481,47.52872]],[[8.65126,47.52785],[8.65089,47.52913],[8.65105,47.52953],[8.6505,47.52996],[8.64972,47.53018],[8.64846,47.53157]],[[8.65092,47.52674],[8.65038,47.52668],[8.64958,47.52734]],[[8.65092,47.52674],[8.65149,47.52717],[8.65109,47.52748]],[[8.6521,47.51891],[8.65212,47.5189]],[[8.6521,47.51892],[8.65262,47.519]],[[8.65262,47.519],[8.65511,47.51937],[8.65581,47.51974],[8.65609,47.52134],[8.65562,47.52297],[8.65567,47.52403],[8.65743,47.52515],[8.6581,47.52536]],[[8.65262,47.519],[8.6529,47.51895],[8.65363,47.51906]],[[8.65798,47.53686],[8.65703,47.53661],[8.65468,47.53662],[8.65303,47.53607]],[[8.65594,47.52979],[8.65593,47.53049],[8.65559,47.53086]],[[8.65602,47.52742],[8.65577,47.52828]],[[8.65738,47.53794],[8.65702,47.53837],[8.65689,47.53914],[8.65712,47.53989],[8.6576,47.54044]],[[8.65781,47.53738],[8.65753,47.53776]],[[8.65798,47.53686],[8.65788,47.53718]],[[8.66156,47.53594],[8.65916,47.53665],[8.65816,47.53669],[8.65798,47.53686]],[[8.6579,47.52595],[8.65814,47.52663]],[[8.6581,47.52536],[8.6581,47.52538]],[[8.6581,47.52536],[8.65991,47.52583],[8.66054,47.52636],[8.66173,47.5267]],[[8.65963,47.51986],[8.65968,47.51987]],[[8.65986,47.52025],[8.65987,47.52051]],[[8.65993,47.52001],[8.65994,47.52005]],[[8.66089,47.52138],[8.66099,47.5214]],[[8.66156,47.53594],[8.66184,47.5363],[8.6626,47.53643],[8.6632,47.53694],[8.66236,47.53859]],[[8.66395,47.53284],[8.66252,47.53426],[8.66226,47.53541],[8.66156,47.53594]],[[8.66173,47.5267],[8.66274,47.52683],[8.66366,47.52732],[8.66504,47.52745]],[[8.66173,47.5267],[8.66178,47.52674]],[[8.6646,47.52907],[8.663,47.53094],[8.6638,47.53263]],[[8.66398,47.53277],[8.66395,47.53284]],[[8.664,47.53278],[8.66395,47.53284]],[[8.66504,47.52745],[8.66481,47.5285]],[[8.66504,47.52745],[8.66693,47.52836],[8.6674,47.52907],[8.66965,47.5297],[8.67348,47.53282]],[[8.66897,47.5362],[8.66735,47.53716]],[[8.67142,47.5376],[8.6703,47.53786],[8.66827,47.53875]],[[8.67199,47.53761],[8.67017,47.53925],[8.66916,47.53948],[8.66846,47.53993]],[[8.67154,47.52661],[8.6711,47.5257],[8.67135,47.52529]],[[8.67199,47.53761],[8.67198,47.53761]],[[8.67212,47.53744],[8.67199,47.53761]],[[8.67303,47.5391],[8.6721,47.53989]],[[8.67291,47.52425],[8.67382,47.52437]],[[8.67348,47.53282],[8.67343,47.53296]],[[8.67348,47.53282],[8.67482,47.53464]],[[8.67479,47.54063],[8.67491,47.54118],[8.67465,47.5419]],[[8.67491,47.53984],[8.67482,47.54039]],[[8.67482,47.53464],[8.67471,47.53476]],[[8.67482,47.53464],[8.67527,47.53523],[8.67622,47.53577]],[[8.67622,47.53577],[8.68429,47.53886],[8.68459,47.53876],[8.68553,47.53765],[8.68624,47.53748],[8.68704,47.53655]],[[8.67622,47.53577],[8.67623,47.53591]],[[8.68116,47.52467],[8.67887,47.52576]],[[8.68672,47.52524],[8.68553,47.52548],[8.68363,47.52484]],[[8.68971,47.53673],[8.6912,47.53637],[8.69145,47.53566]],[[8.69145,47.53566],[8.69149,47.53543]],[[8.69145,47.53566],[8.69199,47.53539],[8.69221,47.53485],[8.69197,47.53444],[8.69229,47.5342],[8.69243,47.53358],[8.69293,47.53338]],[[8.69175,47.53365],[8.69175,47.53334]],[[8.69325,47.53334],[8.69749,47.53294],[8.70062,47.53318]],[[8.70123,47.52962],[8.69977,47.52859]],[[8.70062,47.53318],[8.70347,47.53353],[8.70628,47.53443],[8.70933,47.53428]],[[8.70062,47.53318],[8.70144,47.53258],[8.70225,47.53065],[8.70212,47.53028],[8.70123,47.52962]],[[8.70123,47.52962],[8.70226,47.52658],[8.70303,47.52515]],[[8.70303,47.52515],[8.70301,47.52512]],[[8.70303,47.52515],[8.70329,47.52508],[8.70475,47.52531]],[[8.70511,47.52537],[8.70891,47.52688],[8.71017,47.5272]],[[8.71467,47.52131],[8.71114,47.51997],[8.70988,47.51961],[8.70837,47.51944]],[[8.70973,47.53423],[8.71352,47.53378],[8.71491,47.53389]],[[8.71069,47.52728],[8.71171,47.52729],[8.71257,47.52692],[8.71289,47.52654],[8.71305,47.52502],[8.71388,47.52436]],[[8.71314,47.51612],[8.71242,47.51582],[8.71214,47.51524],[8.71143,47.51473],[8.71113,47.51378]],[[8.71305,47.5234],[8.71384,47.52281],[8.71421,47.52222]],[[8.71388,47.52436],[8.71331,47.52383]],[[8.71388,47.52436],[8.71406,47.52415]],[[8.71406,47.52415],[8.71416,47.52368]],[[8.71419,47.52202],[8.71467,47.52131]],[[8.71491,47.53389],[8.71758,47.53432]],[[8.71491,47.53389],[8.71508,47.53383]],[[8.71467,47.52131],[8.71556,47.52019],[8.71686,47.52025],[8.71745,47.51968]],[[8.71616,47.51844],[8.71616,47.51844]],[[8.71758,47.53432],[8.72406,47.5355],[8.72975,47.53598]],[[8.71758,47.53432],[8.7176,47.53441]],[[8.7293,47.53848],[8.72992,47.53852]],[[8.72975,47.53598],[8.72979,47.53599]],[[8.72975,47.53598],[8.72976,47.53602]],[[8.7306,47.53854],[8.73247,47.53955]],[[8.73055,47.53606],[8.73229,47.53588],[8.7349,47.53522]],[[8.73252,47.54738],[8.73146,47.54824]],[[8.73281,47.53965],[8.73664,47.54055]],[[8.73434,47.54457],[8.73422,47.54576]],[[8.73477,47.52559],[8.73437,47.52552],[8.73402,47.5246],[8.73468,47.52393],[8.73461,47.52348]],[[8.7349,47.53522],[8.73938,47.53395],[8.74135,47.53207],[8.74199,47.53188]],[[8.7349,47.53522],[8.73495,47.53522],[8.73517,47.53523],[8.7352,47.53526]],[[8.73929,47.52592],[8.73859,47.52572],[8.736,47.52577]],[[8.73664,47.54055],[8.73663,47.54057]],[[8.73664,47.54055],[8.73792,47.54088],[8.73879,47.54188]],[[8.74134,47.52452],[8.73982,47.52406],[8.7387,47.52337],[8.73734,47.52287],[8.73705,47.52256]],[[8.73742,47.53733],[8.73752,47.53742]],[[8.73776,47.53771],[8.73801,47.53796]],[[8.73828,47.53814],[8.73883,47.53849],[8.7403,47.53866],[8.7419,47.5391]],[[8.73958,47.54307],[8.73949,47.54318]],[[8.73963,47.54333],[8.73977,47.54341]],[[8.73977,47.54341],[8.73974,47.54391]],[[8.73977,47.54341],[8.74015,47.54414]],[[8.74043,47.54442],[8.74055,47.54471],[8.74104,47.54491]],[[8.74167,47.54506],[8.74344,47.54544]],[[8.74199,47.53188],[8.74154,47.53107]],[[8.74199,47.53188],[8.74311,47.53193],[8.74502,47.53169]],[[8.74288,47.53927],[8.74429,47.53948]],[[8.74403,47.54548],[8.74464,47.54535],[8.74504,47.54547],[8.74578,47.54594],[8.74599,47.54638]],[[8.74502,47.53169],[8.74514,47.53176]],[[8.74502,47.53169],[8.74612,47.53137],[8.74669,47.53013]],[[8.74625,47.53294],[8.74562,47.53323],[8.7456,47.5334],[8.74627,47.53484]],[[8.7464,47.52965],[8.74738,47.52856],[8.74831,47.52814],[8.74875,47.52815],[8.74917,47.52769],[8.7497,47.52755]],[[8.74685,47.5297],[8.7468,47.5297]],[[8.74684,47.52974],[8.74685,47.5297]],[[8.74685,47.5297],[8.74918,47.52993],[8.7499,47.52944],[8.75002,47.52912],[8.75099,47.52896]],[[8.74752,47.53969],[8.74815,47.53936],[8.74949,47.53935],[8.75075,47.53897],[8.75242,47.5395],[8.75435,47.5398],[8.7544,47.54012]],[[8.75138,47.52887],[8.75196,47.52843]],[[8.75309,47.53448],[8.75169,47.53525]],[[8.75196,47.52843],[8.75231,47.52796],[8.75482,47.52758]],[[8.75196,47.52843],[8.75202,47.52842]],[[8.75248,47.53333],[8.75309,47.53448]],[[8.75309,47.53448],[8.75349,47.53529],[8.75504,47.53595],[8.75564,47.53662]],[[8.75407,47.52467],[8.75289,47.52473]],[[8.75488,47.5273],[8.75473,47.52546],[8.75388,47.52519]],[[8.75463,47.54029],[8.75573,47.54037]],[[8.75583,47.53675],[8.75647,47.53696]],[[8.76203,47.53552],[8.76387,47.5383]]]}},{"type":"Feature","properties":{"id":"luppmen-revier-164-zh","c":"ZH","p":"pacht","q":"official","k":"river"},"geometry":{"type":"MultiLineString","coordinates":[[[8.764,47.37962],[8.76855,47.37934],[8.76953,47.37956],[8.77025,47.37924],[8.77191,47.37904],[8.77268,47.37934],[8.77442,47.37857],[8.77531,47.37896]],[[8.77531,47.37896],[8.77599,47.37886],[8.77642,47.37849],[8.77716,47.3784],[8.77861,47.37782],[8.78265,47.37692]],[[8.77531,47.37896],[8.77532,47.37898]],[[8.78265,47.37692],[8.78402,47.37761],[8.78482,47.37771],[8.78486,47.37798],[8.7852,47.3779],[8.7866,47.37889],[8.78758,47.37895],[8.78899,47.37866],[8.78931,47.3788]],[[8.78265,47.37692],[8.78307,47.37678],[8.78328,47.37605],[8.78425,47.37597],[8.78447,47.3756],[8.78571,47.37562],[8.78659,47.37474],[8.78707,47.37472],[8.78738,47.3742],[8.78799,47.37424],[8.78837,47.37408],[8.78855,47.37448]],[[8.78389,47.3803],[8.78484,47.38024]],[[8.78854,47.3745],[8.78837,47.37495]],[[8.78855,47.37448],[8.78854,47.3745]],[[8.78855,47.37448],[8.78858,47.37452],[8.78911,47.37443],[8.78939,47.37399],[8.79024,47.37358],[8.79074,47.37368],[8.79119,47.37332],[8.79199,47.37321],[8.79222,47.37297],[8.79203,47.37257],[8.79273,47.37237],[8.79262,47.37215],[8.79352,47.37206],[8.7939,47.37155],[8.79442,47.37153],[8.79503,47.37115],[8.79532,47.37151],[8.79759,47.37147],[8.7978,47.37178],[8.7991,47.37236],[8.79919,47.37258],[8.79881,47.37291],[8.79995,47.37355],[8.8001,47.37399],[8.80088,47.37415],[8.80096,47.37438]],[[8.78931,47.3788],[8.79016,47.37933],[8.79048,47.37931],[8.79113,47.37966],[8.79191,47.38035],[8.79252,47.38048],[8.793,47.38089]],[[8.78931,47.3788],[8.79097,47.3778],[8.79194,47.37835],[8.79385,47.37854]],[[8.793,47.38089],[8.79395,47.38088],[8.79439,47.3803],[8.7951,47.38003],[8.79568,47.37949],[8.79646,47.37948],[8.79657,47.37933],[8.79748,47.37943],[8.79921,47.38091],[8.79938,47.38165]],[[8.793,47.38089],[8.79279,47.38116],[8.79301,47.38176],[8.79261,47.3821],[8.79283,47.38304],[8.79425,47.3839]],[[8.79456,47.38408],[8.79584,47.38424],[8.79629,47.38413]],[[8.80096,47.37438],[8.80076,47.37463],[8.80101,47.37539],[8.8009,47.37588]],[[8.80096,47.37438],[8.80133,47.37454]],[[8.80382,47.37842],[8.80288,47.37906]],[[8.80308,47.37465],[8.80328,47.37478],[8.80326,47.37532],[8.80299,47.37578],[8.80328,47.37635],[8.80407,47.37706],[8.80382,47.37842]],[[8.80382,47.37842],[8.80553,47.37918]],[[8.80405,47.37469],[8.80492,47.37463],[8.80509,47.37538]],[[8.80413,47.37425],[8.80461,47.37399],[8.80567,47.37447],[8.80636,47.3742]],[[8.80581,47.37941],[8.80652,47.37987],[8.80759,47.38015]],[[8.80636,47.3742],[8.80724,47.37433],[8.80762,47.37463]],[[8.80636,47.3742],[8.807,47.37328],[8.80816,47.37284]],[[8.80759,47.38015],[8.80867,47.38074]],[[8.80759,47.38015],[8.8085,47.38004],[8.80956,47.38033],[8.81075,47.38041],[8.81286,47.38152]],[[8.80762,47.37463],[8.80754,47.37504],[8.80782,47.37537]],[[8.80762,47.37463],[8.8077,47.37462],[8.80788,47.37464],[8.80853,47.37478]],[[8.80816,47.37284],[8.80821,47.37253],[8.80887,47.37194],[8.80911,47.37062],[8.81022,47.37034],[8.81045,47.37048],[8.81084,47.37034],[8.81081,47.37012],[8.81267,47.36961]],[[8.80816,47.37284],[8.80821,47.37284]],[[8.80929,47.3728],[8.81057,47.37344],[8.81085,47.37393],[8.81072,47.37465],[8.81143,47.37587],[8.81203,47.37634],[8.81272,47.37645]],[[8.81267,47.36961],[8.81243,47.36903],[8.81295,47.36797]],[[8.81267,47.36961],[8.81351,47.36931],[8.81505,47.36984]],[[8.81352,47.37695],[8.8138,47.37714]],[[8.81505,47.36984],[8.81596,47.36999]],[[8.81505,47.36984],[8.81576,47.36921],[8.81629,47.36907],[8.81808,47.36894],[8.81845,47.36867],[8.81923,47.36869],[8.81997,47.36838],[8.82113,47.36885],[8.82183,47.36836]],[[8.8157,47.38248],[8.81596,47.38254]],[[8.81676,47.37039],[8.8193,47.37174],[8.82219,47.37272],[8.82278,47.37347],[8.82331,47.37499]],[[8.81682,47.37078],[8.8168,47.37099]],[[8.81764,47.37628],[8.81747,47.37674]],[[8.81942,47.3834],[8.819,47.38346]],[[8.81942,47.3834],[8.81939,47.38351]],[[8.82012,47.38328],[8.81942,47.3834]],[[8.82012,47.38328],[8.81992,47.38352]],[[8.82573,47.38339],[8.82478,47.38342],[8.82435,47.38362],[8.82265,47.38332],[8.82188,47.38348],[8.82074,47.38324],[8.82012,47.38328]],[[8.82266,47.37762],[8.8213,47.37908]],[[8.82182,47.36035],[8.82191,47.35821],[8.82232,47.35804],[8.82356,47.35822]],[[8.82315,47.36161],[8.82253,47.36158],[8.82234,47.36116],[8.82193,47.36116]],[[8.82243,47.36839],[8.82304,47.36841],[8.82392,47.36815]],[[8.82423,47.37832],[8.82373,47.37862],[8.82302,47.37955]],[[8.82331,47.37499],[8.82327,47.37504]],[[8.82331,47.37499],[8.82352,47.37568],[8.82402,47.37622]],[[8.82315,47.36161],[8.82306,47.36156]],[[8.82472,47.36725],[8.82536,47.36565],[8.82613,47.36477],[8.82597,47.36362],[8.82559,47.36292],[8.82481,47.36234],[8.82315,47.36161]],[[8.82402,47.37622],[8.824,47.37624]],[[8.82402,47.37622],[8.82525,47.37645]],[[8.82771,47.38184],[8.82738,47.38171],[8.82571,47.38185],[8.82472,47.38145],[8.82434,47.38147]],[[8.82393,47.35816],[8.82399,47.35814]],[[8.82395,47.35818],[8.82399,47.35814]],[[8.82423,47.36803],[8.82472,47.36725]],[[8.82399,47.35814],[8.82508,47.35704],[8.82546,47.35606]],[[8.82472,47.36725],[8.82475,47.36725],[8.82498,47.36729],[8.82507,47.3673],[8.82636,47.36676]],[[8.82562,47.35491],[8.82509,47.35491],[8.82445,47.35427]],[[8.82525,47.37645],[8.82523,47.37648]],[[8.82525,47.37645],[8.82713,47.37659],[8.82868,47.37784]],[[8.82612,47.38333],[8.82601,47.38339],[8.82573,47.38339]],[[8.82576,47.38337],[8.82573,47.38339]],[[8.82612,47.38333],[8.82611,47.38332]],[[8.82771,47.38184],[8.8273,47.38249],[8.82734,47.38312],[8.82653,47.38312],[8.82612,47.38333]],[[8.82546,47.35606],[8.82604,47.35613],[8.82725,47.35547]],[[8.82546,47.35606],[8.82562,47.35491]],[[8.82562,47.35491],[8.82627,47.35348],[8.82691,47.35314],[8.8273,47.35255]],[[8.82662,47.36673],[8.82746,47.36627]],[[8.82877,47.38154],[8.82771,47.38184]],[[8.82746,47.36627],[8.82869,47.36564],[8.82928,47.36554],[8.82972,47.36433],[8.83052,47.36436]],[[8.82725,47.35547],[8.82781,47.35542]],[[8.82725,47.35547],[8.82736,47.35525]],[[8.8273,47.35255],[8.82748,47.35242],[8.82736,47.35208],[8.82794,47.3516]],[[8.8273,47.35255],[8.8274,47.35255],[8.82771,47.3526],[8.82784,47.35257]],[[8.82772,47.3491],[8.82771,47.3491]],[[8.8278,47.34961],[8.82772,47.3491]],[[8.82772,47.3491],[8.82773,47.34909]],[[8.82784,47.35257],[8.82794,47.35211]],[[8.82784,47.35257],[8.82903,47.35249],[8.82937,47.3523],[8.83016,47.35239],[8.83148,47.35183],[8.83244,47.35188]],[[8.82794,47.3516],[8.82759,47.35076],[8.8278,47.34961]],[[8.8278,47.34961],[8.82797,47.34949]],[[8.82794,47.3516],[8.8283,47.3514]],[[8.82797,47.34949],[8.82802,47.3494]],[[8.82797,47.34949],[8.82798,47.34948]],[[8.82829,47.3488],[8.82915,47.34836]],[[8.83112,47.36404],[8.8314,47.36335],[8.83205,47.36303],[8.83249,47.36203],[8.83236,47.36181],[8.83272,47.36142],[8.83258,47.36102],[8.83442,47.36043],[8.83461,47.3601]],[[8.83323,47.35125],[8.83346,47.35086]],[[8.83432,47.35984],[8.83464,47.35835],[8.83561,47.357]],[[8.83461,47.3601],[8.8345,47.36009]],[[8.83461,47.3601],[8.83497,47.35974]]]}},{"type":"Feature","properties":{"id":"wiesenbach-hettlingen-revier-168-zh","c":"ZH","p":"pacht","q":"official","k":"river"},"geometry":{"type":"MultiLineString","coordinates":[[[8.67222,47.54861],[8.67078,47.54974],[8.66912,47.55033]],[[8.67222,47.54861],[8.67216,47.5486]],[[8.67486,47.54822],[8.67222,47.54861]],[[8.67645,47.555],[8.67467,47.55476]],[[8.6775,47.54777],[8.67531,47.54821]],[[8.6775,47.54777],[8.67707,47.5486],[8.67709,47.54931]],[[8.67831,47.54284],[8.67698,47.54311]],[[8.68854,47.54045],[8.68661,47.54365],[8.686,47.54531],[8.68434,47.54646],[8.68372,47.5475],[8.6828,47.54756],[8.68173,47.54799],[8.68138,47.54831],[8.67994,47.54781],[8.67937,47.54724],[8.67814,47.54734],[8.6775,47.54777]],[[8.67952,47.53714],[8.6778,47.53931]],[[8.67817,47.5404],[8.67827,47.54071]],[[8.68418,47.55438],[8.68275,47.5543]],[[8.6842,47.53885],[8.68854,47.54045]],[[8.6858,47.55449],[8.68548,47.55448]],[[8.69201,47.55056],[8.68789,47.55341]],[[8.68854,47.54045],[8.68888,47.54059]],[[8.68888,47.54059],[8.68894,47.5406]],[[8.68888,47.54059],[8.68915,47.54087],[8.69076,47.54146]],[[8.69318,47.55254],[8.69208,47.55269],[8.69061,47.55348]],[[8.69076,47.54146],[8.6909,47.54151]],[[8.69076,47.54146],[8.6909,47.54153]],[[8.6915,47.54172],[8.69154,47.54171]],[[8.69151,47.5417],[8.69154,47.54171]],[[8.69154,47.54171],[8.69154,47.54171]],[[8.69154,47.54171],[8.69195,47.5418]],[[8.69154,47.54171],[8.69157,47.54167]],[[8.69201,47.55056],[8.69205,47.55058]],[[8.6937,47.5462],[8.69288,47.54739],[8.69325,47.54887],[8.69201,47.55056]],[[8.69195,47.5418],[8.69426,47.54251]],[[8.69318,47.55254],[8.69361,47.55317]],[[8.69329,47.55164],[8.69367,47.55214],[8.69318,47.55254]],[[8.69395,47.55331],[8.69489,47.5538]],[[8.69431,47.54575],[8.6943,47.54576]],[[8.69431,47.54575],[8.69433,47.54576]],[[8.69543,47.54298],[8.69431,47.54575]],[[8.69426,47.54251],[8.69527,47.54282]],[[8.69428,47.54229],[8.69426,47.54251]],[[8.69527,47.54282],[8.69589,47.54296],[8.69715,47.54282],[8.70415,47.54367]],[[8.69527,47.54282],[8.69543,47.54298]],[[8.69543,47.54297],[8.69543,47.54298]],[[8.69928,47.55501],[8.69908,47.55559],[8.69996,47.55601],[8.7002,47.55645],[8.70125,47.55636],[8.70246,47.55583]],[[8.70318,47.55188],[8.7037,47.55235],[8.70443,47.55266],[8.70639,47.55309],[8.70723,47.55377]],[[8.70407,47.54362],[8.70415,47.54367]],[[8.70415,47.54367],[8.70491,47.54428],[8.70559,47.54561],[8.70675,47.54632],[8.70749,47.5473]],[[8.70749,47.5473],[8.70868,47.54806],[8.70986,47.54854]],[[8.71005,47.54872],[8.71268,47.54993],[8.71507,47.5502],[8.71629,47.55056],[8.7175,47.55135],[8.71812,47.5513]],[[8.71542,47.55613],[8.71352,47.55698],[8.7135,47.55852]],[[8.7195,47.55143],[8.72028,47.55235],[8.7225,47.55351]],[[8.7225,47.55351],[8.72248,47.55353]],[[8.7225,47.55351],[8.72647,47.55633],[8.7273,47.55719]],[[8.7273,47.55719],[8.72771,47.5577],[8.72771,47.55866],[8.72892,47.56008],[8.72954,47.56167]],[[8.7273,47.55719],[8.72733,47.55719]],[[8.72954,47.56167],[8.7295,47.56171]],[[8.72954,47.56167],[8.72959,47.56169]],[[8.73145,47.55642],[8.7316,47.55608]]]}},{"type":"Feature","properties":{"id":"muelibach-pfungen-revier-174-zh","c":"ZH","p":"pacht","q":"official","k":"river"},"geometry":{"type":"MultiLineString","coordinates":[[[8.63214,47.52018],[8.63221,47.52018]],[[8.63272,47.52003],[8.63331,47.51919],[8.63516,47.51746],[8.63572,47.51635],[8.63664,47.51563],[8.63707,47.51492]],[[8.63731,47.51446],[8.63761,47.51404]],[[8.63761,47.51404],[8.63806,47.51379],[8.63893,47.51365],[8.64017,47.51234],[8.64116,47.51213],[8.64195,47.51153],[8.64258,47.51063],[8.64251,47.51024],[8.64356,47.50906],[8.6432,47.5086],[8.64394,47.5079],[8.64458,47.50685]],[[8.63951,47.50333],[8.63839,47.50298]],[[8.63951,47.50333],[8.63856,47.50146]],[[8.63976,47.50343],[8.63951,47.50333]],[[8.64458,47.50685],[8.64299,47.50544],[8.64225,47.50531],[8.6416,47.50486],[8.64061,47.50456],[8.63986,47.50387],[8.63976,47.50343]],[[8.63976,47.50343],[8.63987,47.50257],[8.64316,47.49976]],[[8.64316,47.49976],[8.64293,47.49922]],[[8.64316,47.49976],[8.64356,47.49965]],[[8.64458,47.50685],[8.64544,47.50648],[8.64602,47.50648]],[[8.6466,47.5038],[8.64554,47.50282],[8.6453,47.50216],[8.64566,47.50157]],[[8.64602,47.50648],[8.6466,47.50713],[8.64715,47.50722],[8.64813,47.50793],[8.64964,47.50818],[8.6515,47.50789]],[[8.64602,47.50648],[8.6465,47.50583]],[[8.64667,47.50541],[8.64705,47.50477],[8.64691,47.50395]],[[8.64691,47.50395],[8.6469,47.50394]],[[8.64691,47.50395],[8.64793,47.50312],[8.6484,47.5022]],[[8.64819,47.50211],[8.64702,47.50122]],[[8.64819,47.50211],[8.64739,47.50106]],[[8.64851,47.50198],[8.6479,47.50097]],[[8.6484,47.5022],[8.64819,47.50211]],[[8.6484,47.5022],[8.64851,47.50198]],[[8.64851,47.50198],[8.64861,47.50184]],[[8.64861,47.50184],[8.64854,47.5009]],[[8.64861,47.50184],[8.64924,47.50136],[8.64995,47.50029],[8.65071,47.49981]],[[8.65174,47.5078],[8.65267,47.50774],[8.65359,47.50724],[8.65473,47.50699],[8.65521,47.50706],[8.65666,47.50652],[8.65739,47.50649],[8.65807,47.50607],[8.65892,47.50485],[8.65901,47.50427]],[[8.65859,47.50414],[8.65812,47.50379],[8.6572,47.50396],[8.65651,47.50376],[8.65507,47.50241],[8.65485,47.50171],[8.6537,47.50084]],[[8.65963,47.49662],[8.65681,47.49678],[8.65489,47.49641]],[[8.65917,47.5023],[8.65837,47.5014],[8.65698,47.5009],[8.65647,47.50099],[8.65604,47.50068]],[[8.66008,47.49867],[8.65863,47.49903],[8.65763,47.49865],[8.65637,47.49849]],[[8.65963,47.49662],[8.65923,47.49598],[8.65874,47.49586],[8.65806,47.49537],[8.65732,47.49458]],[[8.65901,47.50427],[8.65895,47.50426]],[[8.65901,47.50427],[8.65915,47.50355],[8.65996,47.50268]],[[8.66129,47.49819],[8.66095,47.49766],[8.65963,47.49662]],[[8.65996,47.50268],[8.65995,47.50267]],[[8.65996,47.50268],[8.66002,47.50268],[8.66029,47.50246],[8.66039,47.50233],[8.66069,47.50218],[8.66147,47.50133],[8.66251,47.50073]],[[8.6639,47.49578],[8.66352,47.49549],[8.66258,47.49544],[8.66082,47.49443],[8.65988,47.49342]],[[8.66418,47.48729],[8.66237,47.48729],[8.66122,47.48708]],[[8.66418,47.48729],[8.6633,47.48622],[8.66335,47.48564],[8.66178,47.48481]],[[8.66251,47.50073],[8.66241,47.50057]],[[8.66251,47.50073],[8.66267,47.5006]],[[8.66267,47.5006],[8.66267,47.50057]],[[8.66267,47.5006],[8.66442,47.49975]],[[8.66596,47.48801],[8.66497,47.48839],[8.6636,47.48931]],[[8.66386,47.49783],[8.66359,47.49757],[8.66401,47.49659],[8.6639,47.49578]],[[8.6639,47.49578],[8.66438,47.49536],[8.66443,47.49501]],[[8.66442,47.49975],[8.66439,47.4993]],[[8.66442,47.49975],[8.66807,47.49911],[8.67013,47.4984],[8.67313,47.49618],[8.67387,47.49538]],[[8.66811,47.48303],[8.66718,47.48298],[8.66571,47.48249],[8.66432,47.48246],[8.66403,47.4823]],[[8.66596,47.48801],[8.66418,47.48729]],[[8.6702,47.489],[8.6688,47.48817],[8.66757,47.48842],[8.66596,47.48801]],[[8.66843,47.49291],[8.66778,47.4931]],[[8.66843,47.49291],[8.66801,47.49285]],[[8.66949,47.4808],[8.66901,47.48096],[8.66782,47.48089]],[[8.67023,47.49354],[8.66925,47.49302],[8.66899,47.49293],[8.66857,47.49289],[8.66843,47.49291]],[[8.6716,47.48434],[8.67099,47.48356],[8.66856,47.48307]],[[8.67327,47.48213],[8.67254,47.48149],[8.67115,47.48116],[8.67063,47.48123],[8.66963,47.48087]],[[8.67372,47.49314],[8.67363,47.49237],[8.67315,47.49178],[8.67106,47.49073],[8.67035,47.48945],[8.67049,47.48923],[8.6702,47.489]],[[8.6702,47.489],[8.67026,47.48862],[8.66963,47.48791],[8.67009,47.48672],[8.66978,47.48613],[8.6716,47.48434]],[[8.67379,47.48039],[8.6737,47.47996],[8.67298,47.47943],[8.67291,47.479],[8.6722,47.47825],[8.67105,47.47752],[8.67051,47.47693]],[[8.6716,47.48434],[8.67255,47.4838],[8.67282,47.4831],[8.67318,47.4829],[8.6731,47.48229]],[[8.67327,47.48213],[8.67327,47.48213]],[[8.67327,47.48213],[8.67337,47.48169],[8.6738,47.48128],[8.67363,47.4808],[8.67379,47.48039]],[[8.67372,47.49314],[8.67367,47.49314]],[[8.67372,47.49314],[8.67372,47.49314]],[[8.67372,47.49314],[8.67377,47.49313]],[[8.67413,47.49499],[8.67372,47.49314]],[[8.6738,47.4954],[8.67387,47.49538]],[[8.67387,47.49538],[8.674,47.49523]],[[8.67387,47.49538],[8.67392,47.49536]],[[8.67379,47.48039],[8.674,47.48025]],[[8.67428,47.48015],[8.67584,47.47963],[8.67692,47.47903],[8.67767,47.47889],[8.67908,47.47908],[8.67974,47.47951],[8.68109,47.47972]],[[8.67478,47.49298],[8.67584,47.49298],[8.67707,47.49232],[8.6774,47.49089]],[[8.67742,47.49071],[8.67688,47.48933]],[[8.68626,47.48974],[8.68553,47.48953],[8.68521,47.48914],[8.68395,47.48841],[8.68292,47.48819]]]}},{"type":"Feature","properties":{"id":"wildbach-embrach-oberlauf-revier-175-zh","c":"ZH","p":"pacht","q":"official","k":"river"},"geometry":{"type":"MultiLineString","coordinates":[[[8.58514,47.48881],[8.58374,47.48892],[8.58261,47.48929],[8.58107,47.48928]],[[8.5824,47.49163],[8.58134,47.49182]],[[8.59004,47.49311],[8.58925,47.49338],[8.5866,47.49308],[8.58291,47.4917]],[[8.58763,47.48755],[8.58732,47.48726],[8.58696,47.48563],[8.58666,47.4853],[8.58497,47.48512],[8.58316,47.48523]],[[8.59004,47.48035],[8.58999,47.47864],[8.58922,47.47749],[8.58885,47.47642],[8.5875,47.47772],[8.58667,47.47822],[8.58583,47.47794],[8.58361,47.47819]],[[8.58763,47.48755],[8.58699,47.4877],[8.58607,47.48713],[8.58435,47.4869]],[[8.58794,47.48772],[8.58543,47.48874]],[[8.58794,47.48772],[8.58763,47.48755]],[[8.59319,47.48816],[8.59247,47.48826],[8.59202,47.48764],[8.59148,47.4875],[8.59063,47.48766],[8.59042,47.48786],[8.58981,47.48773],[8.58945,47.48781],[8.58873,47.48771],[8.58794,47.48772]],[[8.5897,47.48167],[8.58887,47.48145]],[[8.5902,47.49084],[8.58933,47.49076]],[[8.59027,47.48231],[8.59006,47.48222]],[[8.59392,47.49076],[8.59255,47.49134],[8.59034,47.49296]],[[8.59027,47.48231],[8.59026,47.4823]],[[8.59076,47.48241],[8.59027,47.48231]],[[8.59054,47.49085],[8.59052,47.49085]],[[8.59084,47.48112],[8.59061,47.48052]],[[8.59501,47.48704],[8.59236,47.48559],[8.59094,47.4838],[8.59076,47.48241]],[[8.59076,47.48241],[8.59093,47.48165]],[[8.59241,47.4902],[8.59164,47.49047]],[[8.59203,47.47758],[8.5928,47.47782],[8.59321,47.47768],[8.59399,47.4779],[8.59535,47.47886]],[[8.59508,47.48739],[8.59479,47.48741],[8.59414,47.48798],[8.59347,47.48814]],[[8.59392,47.49076],[8.59389,47.49075]],[[8.59591,47.49086],[8.59489,47.49068],[8.59392,47.49076]],[[8.59502,47.48692],[8.59488,47.48665]],[[8.59508,47.48739],[8.59501,47.48704]],[[8.59501,47.48704],[8.59502,47.48692]],[[8.59502,47.48692],[8.59542,47.48638],[8.59651,47.48613],[8.59801,47.48521],[8.5989,47.48514],[8.5994,47.4849],[8.60057,47.48345],[8.60035,47.48309],[8.60068,47.48254],[8.60067,47.48117]],[[8.59899,47.49321],[8.59879,47.49294],[8.5993,47.49073],[8.59917,47.49024],[8.59765,47.48882],[8.59532,47.48778],[8.59508,47.48739]],[[8.59586,47.498],[8.59739,47.49736],[8.59797,47.49683],[8.59918,47.49631],[8.60059,47.49424]],[[8.59643,47.49102],[8.59643,47.49101]],[[8.59655,47.49152],[8.59655,47.49151]],[[8.59899,47.49321],[8.59711,47.49283]],[[8.60059,47.49424],[8.59899,47.49321]],[[8.60067,47.48117],[8.60026,47.48069],[8.59908,47.4803]],[[8.60059,47.49424],[8.60101,47.49372],[8.60082,47.49336],[8.60198,47.49212]],[[8.60067,47.48117],[8.60111,47.48059]],[[8.60127,47.48027],[8.60177,47.47957]],[[8.60198,47.49212],[8.60204,47.49214]],[[8.60198,47.49212],[8.6021,47.49205]],[[8.60177,47.47957],[8.60201,47.47856]],[[8.60177,47.47957],[8.6041,47.47916]],[[8.6021,47.49205],[8.60346,47.49137],[8.60593,47.4905],[8.61016,47.48842]],[[8.60284,47.49247],[8.60659,47.49448],[8.60754,47.49521],[8.60985,47.4956]],[[8.60765,47.4849],[8.60749,47.48456]],[[8.60865,47.4859],[8.60848,47.48527],[8.60799,47.48499]],[[8.61165,47.48338],[8.61064,47.48217],[8.61068,47.48137],[8.61004,47.48109],[8.61018,47.4805],[8.6098,47.47971],[8.60993,47.4793]],[[8.61016,47.48842],[8.61014,47.48838]],[[8.61016,47.48842],[8.61333,47.48734]],[[8.61173,47.48356],[8.61165,47.48338]],[[8.61165,47.48338],[8.61229,47.48298],[8.61246,47.48261],[8.61188,47.48093],[8.61147,47.48043],[8.6115,47.48017],[8.61179,47.48006]],[[8.61491,47.48658],[8.61173,47.48356]],[[8.61336,47.49595],[8.61407,47.49616],[8.61546,47.49615]],[[8.61333,47.48734],[8.61491,47.48658]],[[8.61333,47.48734],[8.61364,47.48733],[8.61391,47.48735],[8.61435,47.48744],[8.61622,47.48819],[8.6179,47.48747],[8.61873,47.48765],[8.62053,47.48757],[8.62178,47.48791]],[[8.61659,47.47717],[8.61616,47.47673],[8.61505,47.47639],[8.61336,47.47629]],[[8.61401,47.47232],[8.61352,47.47256]],[[8.61401,47.47232],[8.61357,47.47201]],[[8.61994,47.47373],[8.61831,47.47369],[8.61688,47.47232],[8.61401,47.47232]],[[8.61491,47.48658],[8.61693,47.48536],[8.61864,47.48393],[8.61889,47.48331],[8.61879,47.4822]],[[8.61659,47.47717],[8.61485,47.47729]],[[8.61546,47.49615],[8.61554,47.49602]],[[8.61546,47.49615],[8.6156,47.49614],[8.61565,47.49616],[8.61638,47.49646],[8.61735,47.49698]],[[8.61756,47.46788],[8.61667,47.46796],[8.61591,47.46759],[8.61591,47.46737]],[[8.61922,47.47812],[8.61659,47.47717]],[[8.61903,47.46788],[8.61888,47.46774],[8.61849,47.46794],[8.6179,47.4679]],[[8.61879,47.4822],[8.61864,47.48082],[8.61916,47.47921],[8.61898,47.47901],[8.61922,47.47812]],[[8.61879,47.4822],[8.61888,47.48218]],[[8.61989,47.47355],[8.61899,47.47234]],[[8.61899,47.47234],[8.61884,47.47114],[8.61823,47.46957],[8.61846,47.46856],[8.61903,47.46788]],[[8.61899,47.47234],[8.61979,47.47203],[8.62121,47.47026],[8.62237,47.47011]],[[8.61922,47.47812],[8.61893,47.47675],[8.61968,47.47563],[8.61958,47.47538],[8.62002,47.47408]],[[8.61903,47.46788],[8.62088,47.46634],[8.62181,47.46391],[8.62277,47.46306]],[[8.61994,47.47373],[8.61989,47.47355]],[[8.62002,47.47408],[8.61994,47.47373]],[[8.62002,47.47408],[8.62027,47.47405],[8.62107,47.47413],[8.62167,47.4744],[8.62246,47.47433],[8.62471,47.47357],[8.62529,47.4732]],[[8.62154,47.48976],[8.62157,47.49014],[8.62192,47.49031]],[[8.62178,47.48791],[8.62178,47.48795]],[[8.62178,47.48791],[8.62431,47.48864],[8.62605,47.48873]],[[8.62289,47.46998],[8.62421,47.46964],[8.6258,47.46973],[8.62678,47.46959],[8.62774,47.46909],[8.62865,47.46892]],[[8.62277,47.46306],[8.62346,47.46347],[8.62484,47.46346]],[[8.62277,47.46306],[8.62364,47.46264]],[[8.62511,47.46347],[8.62609,47.46407],[8.62659,47.46415]],[[8.62542,47.46149],[8.62692,47.46232],[8.62675,47.46303],[8.62708,47.46328]],[[8.62605,47.48873],[8.62714,47.48879]],[[8.62592,47.46102],[8.6272,47.46018]],[[8.62714,47.48879],[8.62773,47.48902],[8.62788,47.48931]],[[8.62714,47.48879],[8.62852,47.48805],[8.62882,47.48731]],[[8.62757,47.49038],[8.62764,47.49123],[8.62861,47.49183]],[[8.62788,47.48931],[8.62787,47.48933]],[[8.62788,47.48931],[8.62902,47.48972],[8.63021,47.48978],[8.63059,47.49006],[8.6313,47.49001],[8.63232,47.49105],[8.63272,47.49116]],[[8.62731,47.46056],[8.62775,47.46102],[8.62888,47.46137],[8.62952,47.46207]],[[8.62861,47.49183],[8.62832,47.49195],[8.62851,47.49247],[8.62819,47.49276]],[[8.62861,47.49183],[8.62879,47.49182],[8.62904,47.49217],[8.62901,47.4927]],[[8.62817,47.45976],[8.62848,47.4597]],[[8.62882,47.48731],[8.62953,47.48738],[8.63004,47.48713],[8.63094,47.48721],[8.63293,47.48664]],[[8.62882,47.48731],[8.6285,47.4868],[8.62917,47.48616],[8.62909,47.48578],[8.63003,47.48529],[8.63019,47.48486],[8.63162,47.48451],[8.63187,47.48407],[8.63234,47.48412],[8.63276,47.48381],[8.63348,47.48377],[8.63348,47.48351],[8.63409,47.48363],[8.6346,47.48295],[8.63522,47.48257]],[[8.62905,47.46903],[8.62906,47.46903]],[[8.63109,47.47644],[8.6306,47.47607],[8.63072,47.47576],[8.62913,47.47485],[8.62954,47.47365]],[[8.63359,47.49647],[8.63274,47.49645],[8.63136,47.49576]],[[8.6342,47.47849],[8.63149,47.47782],[8.63109,47.47644]],[[8.63109,47.47644],[8.6314,47.47587],[8.63136,47.47539],[8.6325,47.47478],[8.6328,47.47438],[8.63139,47.47359]],[[8.63272,47.49116],[8.6328,47.49102],[8.63378,47.49098],[8.6341,47.49082],[8.63457,47.49106],[8.63512,47.491]],[[8.63272,47.49116],[8.63284,47.49111],[8.63296,47.49117],[8.63299,47.49135],[8.63277,47.49202]],[[8.63359,47.49647],[8.63309,47.49715]],[[8.63431,47.49581],[8.63359,47.49647]],[[8.63573,47.47403],[8.63457,47.47409],[8.63327,47.47452]],[[8.63498,47.47895],[8.6342,47.47849]],[[8.6342,47.47849],[8.63455,47.47736]],[[8.63522,47.48257],[8.63493,47.48237],[8.63473,47.48128],[8.63431,47.48095],[8.63447,47.4808],[8.63426,47.48048],[8.63481,47.47957]],[[8.63487,47.47936],[8.6349,47.47924]],[[8.63498,47.47897],[8.63498,47.47895]],[[8.63498,47.47895],[8.635,47.4784],[8.63554,47.47804],[8.6363,47.47677],[8.63624,47.47524]],[[8.63522,47.48257],[8.63549,47.48206],[8.63631,47.48174],[8.63643,47.48147],[8.63707,47.48167],[8.63732,47.48151],[8.63832,47.48154],[8.63905,47.48123],[8.64015,47.4816],[8.64226,47.48161]],[[8.6355,47.49102],[8.63636,47.49094],[8.63816,47.49041]],[[8.63586,47.49436],[8.63777,47.49421],[8.63828,47.49432],[8.63904,47.49411],[8.63985,47.49451]],[[8.63624,47.47524],[8.63573,47.47403]],[[8.63573,47.47403],[8.63605,47.47262]],[[8.63605,47.47262],[8.63573,47.47243]],[[8.63605,47.47262],[8.63702,47.47167]],[[8.63624,47.47524],[8.63766,47.47448],[8.63827,47.47443]],[[8.63735,47.47109],[8.63785,47.47088]],[[8.63816,47.49041],[8.63908,47.49107],[8.64084,47.49161]],[[8.63816,47.49041],[8.63874,47.4899],[8.63981,47.4896],[8.64014,47.48933],[8.64139,47.48917]],[[8.64139,47.48917],[8.64166,47.48922],[8.6419,47.4896],[8.64348,47.49],[8.64461,47.49054]],[[8.64139,47.48917],[8.64175,47.48899]],[[8.64175,47.48899],[8.64176,47.48892]],[[8.64175,47.48899],[8.64446,47.48881],[8.64529,47.48851],[8.64767,47.48878],[8.64824,47.48863],[8.64869,47.48872]],[[8.64179,47.48872],[8.64233,47.48789]],[[8.64226,47.48161],[8.64282,47.4825]],[[8.64226,47.48161],[8.64296,47.48159],[8.64478,47.48097],[8.64566,47.48028]],[[8.64489,47.49062],[8.64607,47.49146],[8.64606,47.49191]],[[8.64606,47.49191],[8.64539,47.49265]],[[8.64601,47.47724],[8.64519,47.4762]],[[8.64566,47.48028],[8.64704,47.48026]],[[8.64566,47.48028],[8.64567,47.47939]],[[8.64606,47.49191],[8.64732,47.49249]],[[8.64704,47.48026],[8.6469,47.48044],[8.64741,47.48088],[8.64869,47.48154]],[[8.64704,47.48026],[8.64825,47.48014],[8.64957,47.47968],[8.65039,47.47826],[8.65171,47.47764]],[[8.64869,47.48872],[8.64905,47.4889]],[[8.64869,47.48872],[8.65098,47.48639]],[[8.64869,47.48154],[8.64927,47.48224],[8.65051,47.48259]],[[8.64869,47.48154],[8.64963,47.4814]],[[8.64928,47.48901],[8.65039,47.48971],[8.65223,47.48989]],[[8.65106,47.47686],[8.65059,47.4761]],[[8.65088,47.48261],[8.65255,47.48312]],[[8.65171,47.47764],[8.65113,47.47737]],[[8.65171,47.47764],[8.65269,47.47684]],[[8.65255,47.48312],[8.65287,47.48302]]]}},{"type":"Feature","properties":{"id":"wildbach-embrach-unterlauf-revier-176-zh","c":"ZH","p":"pacht","q":"official","k":"river"},"geometry":{"type":"MultiLineString","coordinates":[[[8.57179,47.52311],[8.57116,47.52297],[8.57049,47.52237]],[[8.57725,47.5282],[8.57663,47.52771],[8.57601,47.52652],[8.57493,47.52533],[8.57375,47.52433],[8.57317,47.52428],[8.57288,47.52367],[8.57204,47.52323]],[[8.57701,47.50822],[8.57672,47.50778],[8.57605,47.5074]],[[8.57897,47.5245],[8.57714,47.52426]],[[8.57784,47.50918],[8.57704,47.5095]],[[8.57784,47.50918],[8.57721,47.50835]],[[8.57867,47.49842],[8.57735,47.49822]],[[8.57891,47.52841],[8.57855,47.52813],[8.57812,47.52819]],[[8.57938,47.50936],[8.57837,47.50932],[8.57794,47.50917],[8.57784,47.50918]],[[8.57957,47.4985],[8.57829,47.49942],[8.5777,47.49953]],[[8.58152,47.51998],[8.57982,47.51948],[8.57933,47.51916],[8.57839,47.51945]],[[8.57953,47.52265],[8.57876,47.52241]],[[8.57976,47.53075],[8.57874,47.52958],[8.57891,47.52841]],[[8.57891,47.52841],[8.57928,47.52819],[8.58021,47.52806],[8.58044,47.52738],[8.58012,47.52695],[8.57977,47.5268],[8.57942,47.52689],[8.57916,47.52658],[8.5792,47.52589],[8.57883,47.52532],[8.57939,47.52457]],[[8.57944,47.50914],[8.57865,47.50687]],[[8.58106,47.52096],[8.57907,47.5207]],[[8.57939,47.52457],[8.57932,47.52456]],[[8.58137,47.51523],[8.58063,47.51457],[8.58051,47.51402],[8.57911,47.5128]],[[8.57939,47.52457],[8.57986,47.52319]],[[8.57986,47.52319],[8.5796,47.52314]],[[8.57957,47.4985],[8.57919,47.49843]],[[8.57953,47.50933],[8.57945,47.50936]],[[8.57953,47.50933],[8.57947,47.5092]],[[8.58636,47.51384],[8.58647,47.51294],[8.5857,47.51266],[8.58509,47.51281],[8.58286,47.5122],[8.58078,47.51124],[8.57989,47.50959],[8.57953,47.50933]],[[8.57986,47.52319],[8.58008,47.52276],[8.5806,47.52266],[8.58101,47.52221],[8.58135,47.52133],[8.58106,47.52096]],[[8.5826,47.49881],[8.58191,47.49855],[8.57957,47.4985]],[[8.58106,47.52096],[8.58152,47.51998]],[[8.58152,47.51998],[8.58286,47.51911],[8.5835,47.51896],[8.58306,47.51857],[8.58334,47.51737],[8.58399,47.51694],[8.58528,47.51704],[8.58577,47.51631]],[[8.58507,47.51618],[8.58483,47.51599],[8.58368,47.51588],[8.58238,47.51621],[8.58162,47.51551]],[[8.58618,47.50654],[8.58504,47.50664],[8.58349,47.5062],[8.58213,47.50631]],[[8.58323,47.5004],[8.58289,47.50068]],[[8.58353,47.49905],[8.58306,47.49893]],[[8.58474,47.50384],[8.58372,47.50372]],[[8.58474,47.50384],[8.58426,47.50331],[8.58372,47.50334]],[[8.58444,47.4996],[8.58423,47.49964]],[[8.58444,47.4996],[8.58425,47.49941]],[[8.58633,47.49986],[8.58522,47.49997],[8.58479,47.49989],[8.58444,47.4996]],[[8.58778,47.50579],[8.58748,47.50526],[8.58664,47.50468],[8.58601,47.50453],[8.58474,47.50384]],[[8.58516,47.49862],[8.58468,47.49777]],[[8.58515,47.51619],[8.58514,47.5162]],[[8.58577,47.51631],[8.58572,47.51631]],[[8.58577,47.51631],[8.58583,47.51588],[8.58543,47.51554],[8.58589,47.51467],[8.58636,47.5144]],[[8.58633,47.49986],[8.58546,47.49874]],[[8.58636,47.5144],[8.58639,47.51419]],[[8.58636,47.5144],[8.58749,47.51412],[8.58827,47.51282],[8.58918,47.51222],[8.58926,47.51166],[8.58977,47.51113]],[[8.58639,47.51418],[8.58636,47.51384]],[[8.58639,47.51418],[8.58639,47.51418]],[[8.58687,47.50845],[8.58631,47.50837]],[[8.58902,47.5006],[8.58829,47.50025],[8.58723,47.50017],[8.58653,47.4999],[8.58638,47.49985],[8.58633,47.49986]],[[8.589,47.51073],[8.58898,47.51036],[8.58774,47.51017]],[[8.58778,47.50579],[8.58772,47.50579]],[[8.59219,47.5074],[8.58957,47.50665],[8.58778,47.50579]],[[8.58999,47.50019],[8.58942,47.5005]],[[8.58977,47.51113],[8.58975,47.5111]],[[8.58977,47.51113],[8.59005,47.51065]],[[8.59016,47.51046],[8.5903,47.51019]],[[8.5903,47.51019],[8.59043,47.50975],[8.59226,47.5077],[8.59219,47.5074]],[[8.5903,47.51019],[8.59041,47.5101]],[[8.59074,47.50986],[8.59225,47.50986]],[[8.59139,47.50039],[8.59075,47.50012]],[[8.59318,47.50094],[8.59192,47.50053]],[[8.59219,47.5074],[8.59252,47.50685],[8.59233,47.50637],[8.59322,47.50526],[8.59286,47.50434],[8.59309,47.50379],[8.593,47.50285],[8.5935,47.50223],[8.5936,47.50168]],[[8.59259,47.50986],[8.59338,47.50979]],[[8.5936,47.50168],[8.59318,47.50094]],[[8.59318,47.50094],[8.59281,47.50009],[8.59315,47.49955],[8.59367,47.49934]],[[8.5936,47.50168],[8.59374,47.50134]],[[8.59367,47.49934],[8.59372,47.49931]],[[8.59372,47.49931],[8.59464,47.4984],[8.59586,47.498]],[[8.59497,47.5098],[8.59518,47.50979]],[[8.59555,47.50978],[8.59822,47.51009]],[[8.59822,47.51009],[8.59985,47.51013],[8.60242,47.50969]],[[8.59822,47.51009],[8.59831,47.51013]],[[8.59863,47.50148],[8.59919,47.50162]],[[8.60006,47.50176],[8.60257,47.50233]],[[8.6006,47.51199],[8.60206,47.51211],[8.60336,47.51268],[8.60432,47.51286],[8.60591,47.51288]],[[8.60317,47.50944],[8.60491,47.50843],[8.60564,47.50843],[8.60627,47.50866]],[[8.60339,47.50247],[8.60527,47.50281],[8.60774,47.5028]],[[8.60659,47.50875],[8.60732,47.50892],[8.60807,47.5086],[8.61043,47.50833],[8.61116,47.50844],[8.61138,47.50873]],[[8.60806,47.50274],[8.60947,47.50259],[8.6105,47.50292],[8.6116,47.50278]],[[8.6116,47.50278],[8.61391,47.50345],[8.61484,47.50343],[8.61571,47.50314],[8.61619,47.50273]],[[8.6116,47.50278],[8.61243,47.50227]],[[8.61198,47.50853],[8.61217,47.5085]],[[8.61217,47.5085],[8.61265,47.50877]],[[8.61217,47.5085],[8.61427,47.50834],[8.6152,47.50713],[8.61706,47.50573],[8.61769,47.50477],[8.61819,47.5046],[8.61921,47.50364],[8.62,47.50351]],[[8.61265,47.50877],[8.61264,47.50915],[8.6123,47.5094]],[[8.61265,47.50877],[8.61395,47.50908],[8.61464,47.50901],[8.61544,47.5093]],[[8.62,47.50351],[8.62015,47.50311]],[[8.62,47.50351],[8.62103,47.50325]]]}},{"type":"Feature","properties":{"id":"mueliweiher-oberembrach-revier-180-zh","c":"ZH","p":"pacht","q":"official","k":"river"},"geometry":{"type":"MultiLineString","coordinates":[[[8.62046,47.48707],[8.6195,47.48751]],[[8.62605,47.48873],[8.62515,47.48869],[8.62138,47.48765]],[[8.62605,47.48873],[8.62605,47.48873]],[[8.62605,47.48873],[8.62605,47.48873]],[[8.62605,47.48873],[8.62605,47.48873]]]}},{"type":"Feature","properties":{"id":"elsaesserbrunnenbach-embrach-revier-185-zh","c":"ZH","p":"pacht","q":"official","k":"river"},"geometry":{"type":"MultiLineString","coordinates":[[[8.58039,47.51615],[8.57945,47.51625]],[[8.58123,47.51709],[8.58092,47.51724],[8.5807,47.51712],[8.58091,47.51637]],[[8.58114,47.51606],[8.58112,47.51606]],[[8.58326,47.51747],[8.58195,47.51699]]]}},{"type":"Feature","properties":{"id":"tuefenbach-teufen-revier-186-zh","c":"ZH","p":"pacht","q":"official","k":"river"},"geometry":{"type":"MultiLineString","coordinates":[[[8.5639,47.54355],[8.56421,47.5439],[8.56505,47.54393],[8.56544,47.54422],[8.5662,47.54418],[8.5667,47.54457],[8.57074,47.54486]],[[8.57145,47.54493],[8.57362,47.54487],[8.57493,47.54553],[8.57607,47.54572],[8.57707,47.5462]],[[8.57707,47.5462],[8.57731,47.54636],[8.57738,47.54724],[8.57718,47.54745],[8.57721,47.54911],[8.57774,47.54974],[8.57824,47.55]],[[8.57707,47.5462],[8.5779,47.5461]],[[8.5779,47.5461],[8.5779,47.5461]],[[8.5779,47.5461],[8.5779,47.5461]],[[8.57853,47.55013],[8.58046,47.55085]],[[8.57855,47.54604],[8.57876,47.54632],[8.58029,47.54709]],[[8.57886,47.5452],[8.5792,47.54513],[8.57943,47.54529],[8.58091,47.5449],[8.58229,47.54419],[8.58299,47.54419],[8.5842,47.54389],[8.58464,47.54358],[8.58536,47.54382]],[[8.58029,47.54709],[8.58192,47.54774]],[[8.58029,47.54709],[8.58134,47.54679],[8.58205,47.54625]],[[8.5807,47.551],[8.58184,47.55107]],[[8.58184,47.55107],[8.58275,47.55145],[8.58398,47.55141]],[[8.58192,47.54774],[8.58314,47.54832],[8.58411,47.54789],[8.58511,47.54809],[8.58559,47.54798]],[[8.58192,47.54774],[8.58361,47.54721],[8.58426,47.54732],[8.58632,47.54716],[8.58685,47.54692],[8.58763,47.54596]],[[8.58424,47.55128],[8.58433,47.55124]],[[8.5846,47.55119],[8.58629,47.55089]],[[8.58587,47.54791],[8.5873,47.54784],[8.58782,47.5473],[8.58849,47.54709]],[[8.58629,47.55089],[8.58672,47.55119],[8.58673,47.55175]],[[8.58629,47.55089],[8.58699,47.55079],[8.58777,47.55033],[8.58947,47.55038],[8.59006,47.54986]],[[8.59006,47.54986],[8.5894,47.54894]],[[8.59006,47.54986],[8.59029,47.5498]],[[8.59029,47.5498],[8.59077,47.54868]],[[8.59029,47.5498],[8.59139,47.54972],[8.59242,47.54909]],[[8.59077,47.54868],[8.59025,47.54756]],[[8.59077,47.54868],[8.59114,47.54848],[8.59157,47.5478],[8.59125,47.5471]],[[8.59164,47.55006],[8.59241,47.55047]],[[8.59164,47.55006],[8.59232,47.55064]],[[8.59166,47.54982],[8.59164,47.55006]],[[8.59343,47.54795],[8.59287,47.54746],[8.59189,47.54726],[8.59202,47.54651]],[[8.59242,47.54909],[8.59338,47.5493],[8.59357,47.54909],[8.59393,47.54913]],[[8.59242,47.54909],[8.59272,47.54896],[8.59343,47.54795]],[[8.59422,47.54658],[8.59371,47.54661],[8.59321,47.5464]],[[8.59343,47.54795],[8.594,47.54757]],[[8.59429,47.5462],[8.59387,47.5455]],[[8.594,47.54757],[8.59507,47.54777],[8.5954,47.54739]],[[8.594,47.54757],[8.59445,47.54694]],[[8.59445,47.54694],[8.59422,47.54658]],[[8.59422,47.54658],[8.59429,47.5462]],[[8.59429,47.5462],[8.59457,47.54547],[8.59532,47.54474]],[[8.59445,47.54694],[8.59583,47.54676],[8.59594,47.54655]],[[8.59552,47.54452],[8.59557,47.54446]]]}},{"type":"Feature","properties":{"id":"oberwasserkanal-embrach-revier-189-zh","c":"ZH","p":"pacht","q":"official","k":"river"},"geometry":{"type":"MultiLineString","coordinates":[[[8.58639,47.51419],[8.58575,47.51464],[8.58518,47.51552],[8.58515,47.51619]],[[8.58639,47.51419],[8.58639,47.51418]],[[8.58639,47.51419],[8.58639,47.51419]],[[8.58639,47.51418],[8.58639,47.51419]],[[8.58822,47.51241],[8.58738,47.51387],[8.58639,47.51418]]]}},{"type":"Feature","properties":{"id":"glatt-203-zh","c":"ZH","p":"pacht","q":"official","k":"river"},"geometry":{"type":"MultiLineString","coordinates":[[[8.61848,47.36765],[8.6171,47.36626],[8.61685,47.36536],[8.61633,47.36502],[8.61538,47.36457],[8.61266,47.36432],[8.61229,47.36411]],[[8.61805,47.36975],[8.61701,47.36937],[8.61489,47.36899]],[[8.61761,47.36401],[8.6168,47.36353],[8.61559,47.3634]],[[8.61766,47.36406],[8.61761,47.36401]],[[8.61761,47.36401],[8.61887,47.36337]],[[8.61787,47.36481],[8.61772,47.36437]],[[8.61883,47.37077],[8.61805,47.36975]],[[8.61805,47.36975],[8.61862,47.36858],[8.61848,47.36765]],[[8.61848,47.36765],[8.619,47.36639],[8.61801,47.36519]],[[8.61883,47.37077],[8.61887,47.37081]],[[8.61926,47.37227],[8.61883,47.37077]],[[8.63043,47.38349],[8.63002,47.38286],[8.62948,47.38251],[8.62615,47.38109],[8.62481,47.38005],[8.62356,47.37983],[8.62313,47.37947],[8.62256,47.37933],[8.62168,47.37927],[8.62004,47.37948],[8.61948,47.3781],[8.61755,47.37744],[8.61677,47.37674],[8.6166,47.37604],[8.61716,47.37554],[8.6176,47.37406],[8.61803,47.3737],[8.6179,47.3735],[8.61926,47.37227]],[[8.61926,47.37227],[8.61999,47.37198]],[[8.61999,47.37198],[8.61998,47.37193]],[[8.61999,47.37198],[8.62008,47.37194]],[[8.62451,47.368],[8.62393,47.36779],[8.62348,47.36699]],[[8.63343,47.37427],[8.63189,47.37332],[8.63121,47.37191],[8.63034,47.37144],[8.62925,47.37009],[8.62888,47.36993],[8.62782,47.36995],[8.62707,47.36962],[8.62555,47.36953],[8.62451,47.368]],[[8.62451,47.368],[8.6245,47.36728]],[[8.62542,47.37616],[8.62547,47.3758],[8.62481,47.3754],[8.62475,47.37502],[8.62512,47.37457],[8.6251,47.37395],[8.62634,47.3732]],[[8.62624,47.39024],[8.62618,47.3904]],[[8.6264,47.39042],[8.62641,47.39039]],[[8.62641,47.39039],[8.62638,47.38964],[8.62675,47.38963]],[[8.62641,47.39039],[8.62675,47.38963]],[[8.62656,47.35718],[8.62583,47.35751]],[[8.62675,47.38963],[8.62875,47.38506],[8.63043,47.38349]],[[8.6265,47.37312],[8.6266,47.37305]],[[8.62935,47.35506],[8.62915,47.35433],[8.62848,47.35446],[8.62809,47.3543],[8.62777,47.35453],[8.62748,47.35443],[8.62707,47.35354]],[[8.62935,47.35506],[8.62843,47.35592]],[[8.63196,47.38228],[8.63054,47.38079],[8.62923,47.37977]],[[8.63088,47.36392],[8.63011,47.36404],[8.62942,47.3636],[8.62928,47.36326]],[[8.63037,47.35498],[8.62993,47.35501],[8.62959,47.35505],[8.62953,47.35505],[8.62943,47.35506],[8.62937,47.35507],[8.62935,47.35506]],[[8.63043,47.35181],[8.62999,47.3517],[8.62948,47.35092]],[[8.63043,47.38349],[8.63196,47.38228]],[[8.63047,47.35432],[8.6305,47.35423]],[[8.63164,47.3551],[8.63068,47.35497]],[[8.6335,47.36398],[8.63245,47.3638],[8.63123,47.3639]],[[8.63196,47.38228],[8.6334,47.38168],[8.6351,47.38153]],[[8.63267,47.36176],[8.63172,47.36189]],[[8.63267,47.36176],[8.63253,47.3612],[8.63201,47.36084],[8.63196,47.35985],[8.63163,47.35963],[8.63155,47.35922],[8.63185,47.35786],[8.6328,47.35705],[8.63299,47.35572],[8.632,47.35517]],[[8.63211,47.35167],[8.63214,47.35119]],[[8.6335,47.36398],[8.63368,47.36385],[8.63343,47.36301],[8.63267,47.36176]],[[8.6351,47.38153],[8.63538,47.38122],[8.636,47.37643],[8.63484,47.37518],[8.6337,47.37441]],[[8.63638,47.36747],[8.63492,47.36695],[8.63372,47.36683],[8.63341,47.36657],[8.63396,47.36474],[8.6335,47.36398]],[[8.6351,47.38153],[8.64092,47.38152],[8.6425,47.38124],[8.64394,47.38069]],[[8.6366,47.36865],[8.63609,47.3685],[8.63607,47.36816],[8.63571,47.36791],[8.63485,47.36821]],[[8.6366,47.36865],[8.63638,47.36747]],[[8.63638,47.36747],[8.6379,47.36638]],[[8.63814,47.36979],[8.63805,47.36956],[8.63722,47.36925],[8.6366,47.36865]],[[8.63803,47.36618],[8.63846,47.36516],[8.63908,47.36461],[8.63865,47.36413],[8.6388,47.36382]],[[8.63892,47.36366],[8.63906,47.36324],[8.63872,47.36285]],[[8.64394,47.38069],[8.64399,47.3804],[8.64303,47.37877],[8.64085,47.37716],[8.64136,47.37567],[8.64234,47.37444],[8.64154,47.37353]],[[8.64394,47.38069],[8.6451,47.37998]],[[8.6451,47.37998],[8.64843,47.38076],[8.65177,47.38085],[8.65373,47.38059],[8.65497,47.37998],[8.65585,47.37985],[8.65796,47.38049],[8.6609,47.3809]],[[8.6451,47.37998],[8.64671,47.37889]],[[8.6609,47.3809],[8.66203,47.38125],[8.66354,47.38235],[8.66377,47.38336],[8.66303,47.38427]],[[8.6609,47.3809],[8.661,47.38087]],[[8.66285,47.38446],[8.66006,47.38527],[8.65954,47.38568],[8.65982,47.38953],[8.66022,47.39005],[8.66198,47.39044],[8.66444,47.39],[8.6689,47.38812]],[[8.66389,47.38176],[8.66703,47.38021],[8.6712,47.3801],[8.67514,47.37938],[8.67596,47.37909]],[[8.67596,47.37909],[8.67602,47.37911]],[[8.67596,47.37909],[8.67611,47.37901]],[[8.67646,47.37882],[8.67683,47.37863]],[[8.67737,47.37835],[8.6795,47.37725],[8.68148,47.37748],[8.68598,47.37618],[8.68633,47.3759],[8.68668,47.3748],[8.68829,47.3739]],[[8.68048,47.38633],[8.68125,47.38667]],[[8.68198,47.38663],[8.68343,47.38705]],[[8.68343,47.38705],[8.68524,47.38749]],[[8.68343,47.38705],[8.68347,47.38702]],[[8.68524,47.38749],[8.68752,47.38798]],[[8.68524,47.38749],[8.68527,47.38752]],[[8.68731,47.38791],[8.68752,47.38798]],[[8.68752,47.38798],[8.6877,47.38804]],[[8.68752,47.38798],[8.68863,47.38736]],[[8.68779,47.38818],[8.68827,47.38802],[8.68875,47.38891]],[[8.68911,47.38733],[8.68933,47.38751],[8.69047,47.38743],[8.69069,47.38773]],[[8.69043,47.38895],[8.69138,47.38868]],[[8.69103,47.38775],[8.69135,47.38777]],[[8.69134,47.38777],[8.69135,47.38777]],[[8.69135,47.38777],[8.69155,47.3878]],[[8.69184,47.38875],[8.69261,47.38914]],[[8.69192,47.38793],[8.69248,47.38832]],[[8.69261,47.38914],[8.69262,47.38915]],[[8.69263,47.38847],[8.69261,47.38914]],[[8.69294,47.38945],[8.69301,47.38953]],[[8.6981,47.37492],[8.6998,47.37647],[8.70004,47.37641]]]}},{"type":"Feature","properties":{"id":"glatt-204-zh","c":"ZH","p":"pacht","q":"official","k":"river"},"geometry":{"type":"MultiLineString","coordinates":[[[8.62108,47.39891],[8.62359,47.39687],[8.62394,47.39608],[8.62603,47.39347],[8.6264,47.39042]],[[8.62618,47.3904],[8.62576,47.39182],[8.62599,47.39289],[8.62571,47.39351],[8.62396,47.39551],[8.62395,47.39593]]]}},{"type":"Feature","properties":{"id":"glatt-205-zh","c":"ZH","p":"pacht","q":"official","k":"river"},"geometry":{"type":"LineString","coordinates":[[8.60672,47.40125],[8.6136,47.39971],[8.6155,47.39974],[8.61706,47.4001],[8.6193,47.39979],[8.62024,47.3995],[8.62108,47.39891]]}},{"type":"Feature","properties":{"id":"glatt-206-zh","c":"ZH","p":"pacht","q":"official","k":"river"},"geometry":{"type":"MultiLineString","coordinates":[[[8.59723,47.40633],[8.59776,47.40609]],[[8.59725,47.40613],[8.59726,47.40613]],[[8.59726,47.40613],[8.59727,47.40617]],[[8.59726,47.40613],[8.59851,47.40598]],[[8.59896,47.40584],[8.59898,47.40584]],[[8.59999,47.40522],[8.60344,47.40276]],[[8.60344,47.40276],[8.60366,47.40258]],[[8.60344,47.40276],[8.60352,47.40275]],[[8.60393,47.40236],[8.60488,47.40171],[8.60606,47.40138]],[[8.60412,47.40278],[8.60414,47.40279]],[[8.60569,47.40975],[8.60691,47.40991],[8.60726,47.40974],[8.60819,47.40979],[8.60853,47.40953],[8.61173,47.40951]],[[8.60632,47.40132],[8.6065,47.40129]],[[8.6065,47.40129],[8.60672,47.40125]]]}},{"type":"Feature","properties":{"id":"glatt-207-zh","c":"ZH","p":"pacht","q":"official","k":"river"},"geometry":{"type":"MultiLineString","coordinates":[[[8.58134,47.39216],[8.57975,47.39141]],[[8.58134,47.39216],[8.58171,47.39051],[8.58011,47.38948]],[[8.5884,47.3995],[8.58797,47.39903],[8.58805,47.39839],[8.58782,47.39811],[8.58623,47.39776],[8.58497,47.39718],[8.58311,47.39561],[8.58303,47.39379],[8.58182,47.39296],[8.58134,47.39216]],[[8.58244,47.40909],[8.58732,47.40797],[8.58799,47.40757]],[[8.58597,47.40936],[8.58637,47.40914],[8.58788,47.40895],[8.58941,47.40839]],[[8.58814,47.4074],[8.58857,47.4071]],[[8.58857,47.4071],[8.58884,47.40653]],[[8.58857,47.4071],[8.59152,47.40672]],[[8.58903,47.40614],[8.59058,47.40296],[8.58849,47.39969]],[[8.5919,47.40732],[8.59676,47.40656],[8.59723,47.40633]],[[8.59189,47.40669],[8.59316,47.40655],[8.5934,47.40677],[8.59579,47.40628]],[[8.59579,47.40628],[8.59579,47.40627]],[[8.5958,47.40627],[8.59649,47.40635],[8.59725,47.40613]]]}},{"type":"Feature","properties":{"id":"glatt-208-zh","c":"ZH","p":"private","q":"official","k":"river"},"geometry":{"type":"MultiLineString","coordinates":[[[8.57659,47.41044],[8.58244,47.40909]],[[8.57889,47.411],[8.58123,47.41103],[8.58291,47.41016]]]}},{"type":"Feature","properties":{"id":"glatt-209-zh","c":"ZH","p":"pacht","q":"official","k":"river"},"geometry":{"type":"MultiLineString","coordinates":[[[8.56846,47.40149],[8.56824,47.40118],[8.56838,47.40058],[8.56683,47.39937]],[[8.56839,47.41995],[8.56648,47.41599],[8.56711,47.4145],[8.56718,47.41314]],[[8.56719,47.41296],[8.5678,47.41215],[8.57007,47.41139]],[[8.56893,47.40183],[8.56859,47.40155]],[[8.5693,47.40381],[8.56878,47.40317]],[[8.56894,47.4026],[8.56893,47.40183]],[[8.56893,47.40183],[8.56928,47.40187],[8.56951,47.40182],[8.57042,47.40062],[8.5708,47.40045]],[[8.57151,47.39972],[8.57109,47.39923],[8.57004,47.3986],[8.56944,47.39777]],[[8.57007,47.41139],[8.57012,47.41123]],[[8.57007,47.41139],[8.57054,47.41131]],[[8.574,47.39718],[8.57427,47.39671],[8.57635,47.39511],[8.57615,47.39464],[8.57442,47.39378],[8.57363,47.39297],[8.57096,47.39204],[8.56976,47.39201]],[[8.57204,47.39639],[8.57014,47.39516]],[[8.57099,47.41129],[8.57124,47.41131]],[[8.5708,47.40045],[8.57075,47.40016],[8.57151,47.39972]],[[8.5708,47.40045],[8.57126,47.40017]],[[8.57124,47.41131],[8.57151,47.41133]],[[8.57124,47.41131],[8.57188,47.41091]],[[8.57126,47.40017],[8.57149,47.40003]],[[8.57126,47.40017],[8.57135,47.40014],[8.57149,47.40003]],[[8.57149,47.40003],[8.57158,47.39968]],[[8.57151,47.39972],[8.57158,47.39968]],[[8.57158,47.39968],[8.57217,47.3993],[8.5726,47.39842],[8.5734,47.39798],[8.574,47.39718]],[[8.57186,47.41065],[8.5721,47.41026],[8.57201,47.40859],[8.5723,47.40831],[8.5727,47.4067],[8.57248,47.40495]],[[8.57213,47.41138],[8.57221,47.41139]],[[8.57253,47.41137],[8.57538,47.41072]],[[8.574,47.39718],[8.57227,47.39653]],[[8.57538,47.41072],[8.57557,47.41049]],[[8.57538,47.41072],[8.57659,47.41044]]]}},{"type":"Feature","properties":{"id":"glatt-210-zh","c":"ZH","p":"pacht","q":"official","k":"river"},"geometry":{"type":"MultiLineString","coordinates":[[[8.49638,47.41418],[8.4959,47.41407]],[[8.49638,47.41418],[8.49613,47.41425]],[[8.49794,47.41378],[8.49638,47.41418]],[[8.49794,47.41378],[8.49638,47.41248]],[[8.4995,47.41182],[8.4999,47.4126],[8.49952,47.41348],[8.49851,47.41391],[8.49794,47.41378]],[[8.4995,47.41164],[8.4995,47.41181]],[[8.50106,47.41064],[8.49978,47.41115],[8.49951,47.41159]],[[8.50132,47.41053],[8.50129,47.41054]],[[8.5034,47.41092],[8.5024,47.41049],[8.50174,47.4106],[8.50132,47.41053]],[[8.50132,47.41053],[8.50107,47.40992],[8.50171,47.40921]],[[8.50193,47.43706],[8.5021,47.43778]],[[8.51036,47.43189],[8.50425,47.43386],[8.50207,47.43475]],[[8.50216,47.41354],[8.50219,47.41287],[8.5034,47.41092]],[[8.50466,47.41767],[8.50427,47.41747],[8.50423,47.41646],[8.50327,47.41557],[8.50221,47.41374]],[[8.5034,47.41092],[8.50441,47.41053]],[[8.50572,47.42412],[8.50458,47.42219]],[[8.50466,47.41767],[8.50462,47.41768]],[[8.50585,47.41812],[8.50466,47.41767]],[[8.50483,47.42213],[8.5059,47.42184]],[[8.50544,47.40634],[8.50645,47.4058]],[[8.50615,47.42177],[8.50732,47.42146]],[[8.51337,47.4278],[8.51058,47.42818],[8.50861,47.42824],[8.50628,47.42748]],[[8.50721,47.42107],[8.50663,47.42016]],[[8.50645,47.4058],[8.50711,47.40585],[8.50742,47.40524],[8.50833,47.40453],[8.5101,47.40422]],[[8.50645,47.4058],[8.50742,47.40476],[8.50928,47.40373]],[[8.50863,47.44056],[8.50878,47.44131],[8.50937,47.44209],[8.5104,47.44265]],[[8.51234,47.41484],[8.51176,47.41348],[8.51121,47.41295]],[[8.51168,47.43111],[8.51295,47.43241]],[[8.51187,47.42975],[8.51182,47.42977]],[[8.51337,47.4278],[8.5128,47.42963],[8.51222,47.42975]],[[8.5154,47.41764],[8.51453,47.41703],[8.51375,47.41685],[8.513,47.41597]],[[8.52553,47.4257],[8.52049,47.42584],[8.51743,47.42522],[8.51638,47.42531],[8.51531,47.4258],[8.51364,47.42721],[8.51337,47.4278]],[[8.51367,47.44005],[8.51414,47.44136],[8.51482,47.44231]],[[8.5171,47.4124],[8.51707,47.41192],[8.51682,47.41181],[8.51533,47.41162],[8.51491,47.41171],[8.51477,47.41079],[8.51452,47.41057],[8.51472,47.40962]],[[8.52268,47.40919],[8.52138,47.40821],[8.52072,47.40686],[8.52017,47.40629]],[[8.52217,47.4096],[8.52198,47.4094],[8.52155,47.40951],[8.52038,47.409]],[[8.52286,47.41023],[8.52217,47.4096]],[[8.52217,47.4096],[8.52253,47.40944]],[[8.52553,47.4257],[8.52553,47.42573]],[[8.53584,47.42605],[8.52713,47.42566],[8.52553,47.4257]],[[8.52582,47.42769],[8.52535,47.42826],[8.52575,47.42859],[8.52595,47.4304],[8.52631,47.43115]],[[8.52965,47.40739],[8.52821,47.40656]],[[8.53096,47.41593],[8.52906,47.41544]],[[8.52998,47.40724],[8.52997,47.40724]],[[8.53248,47.41618],[8.5314,47.41605]],[[8.53742,47.41676],[8.53283,47.4162]],[[8.53615,47.42606],[8.53568,47.4264],[8.53623,47.42759],[8.53573,47.42795],[8.53508,47.42805],[8.53513,47.42845]],[[8.53584,47.42605],[8.53581,47.42608]],[[8.53615,47.42606],[8.53584,47.42605]],[[8.5503,47.42203],[8.54822,47.42309],[8.54347,47.4245],[8.54163,47.42565],[8.53715,47.42607],[8.53615,47.42606]],[[8.53741,47.41683],[8.53742,47.41676]],[[8.53775,47.41681],[8.53742,47.41676]],[[8.53774,47.41687],[8.53775,47.41681]],[[8.5379,47.41682],[8.53775,47.41681]],[[8.544,47.41716],[8.54202,47.417]],[[8.54918,47.41355],[8.54847,47.41349],[8.54836,47.41376]],[[8.54989,47.41304],[8.54961,47.41308],[8.54951,47.4133]],[[8.55333,47.42115],[8.55052,47.42192]],[[8.55234,47.413],[8.55084,47.41296]],[[8.558,47.41303],[8.55269,47.413]],[[8.55333,47.42115],[8.5533,47.42098],[8.55357,47.42091],[8.55371,47.42099]],[[8.55371,47.42099],[8.55333,47.42115]],[[8.55371,47.42099],[8.55347,47.42109],[8.55333,47.42115]],[[8.55597,47.42011],[8.55371,47.42099]],[[8.56062,47.41825],[8.55638,47.41994]],[[8.55793,47.41728],[8.55785,47.41724]],[[8.55841,47.4174],[8.55793,47.41728]],[[8.55793,47.41728],[8.55798,47.41711]],[[8.55798,47.41711],[8.55878,47.41465]],[[8.55863,47.41745],[8.55841,47.4174]],[[8.55863,47.41745],[8.55853,47.41741],[8.55846,47.41739],[8.55841,47.4174]],[[8.56003,47.4178],[8.55863,47.41745]],[[8.55878,47.41442],[8.55855,47.41311]],[[8.55958,47.43634],[8.5632,47.43465],[8.56623,47.43432],[8.56788,47.4323],[8.57071,47.43136],[8.57123,47.43082],[8.5715,47.42867],[8.57214,47.428]],[[8.56111,47.41806],[8.56003,47.4178]],[[8.56111,47.41806],[8.56105,47.41808]],[[8.56139,47.41812],[8.56111,47.41806]],[[8.56839,47.41996],[8.56207,47.41829]],[[8.56839,47.41996],[8.56839,47.41995]],[[8.56902,47.42118],[8.56839,47.41996]],[[8.57313,47.42464],[8.56902,47.42118]],[[8.56902,47.42118],[8.56995,47.41938],[8.57244,47.41886],[8.57337,47.41821],[8.57368,47.4178],[8.57355,47.41676]],[[8.5726,47.4277],[8.57354,47.42707],[8.57399,47.4264],[8.57396,47.42555],[8.57353,47.42497]],[[8.57353,47.42497],[8.57341,47.42486]],[[8.57353,47.42497],[8.5736,47.42475]],[[8.57355,47.41676],[8.57384,47.41441]],[[8.57411,47.41325],[8.57592,47.41328],[8.57638,47.41358]],[[8.57638,47.41358],[8.57734,47.41473],[8.57713,47.41543]],[[8.57638,47.41358],[8.57699,47.41309],[8.57792,47.41293],[8.58106,47.41165]],[[8.58193,47.4114],[8.58196,47.41142]],[[8.58239,47.41139],[8.58363,47.41057],[8.58609,47.41033],[8.58663,47.41007],[8.58632,47.40974]]]}},{"type":"Feature","properties":{"id":"glatt-211-zh","c":"ZH","p":"pacht","q":"official","k":"river"},"geometry":{"type":"MultiLineString","coordinates":[[[8.54781,47.43555],[8.54606,47.4354],[8.54567,47.43598]],[[8.54781,47.43555],[8.5476,47.43529]],[[8.55049,47.43564],[8.5495,47.43538],[8.54838,47.4357],[8.54781,47.43555]],[[8.55413,47.43617],[8.55352,47.43594],[8.5523,47.43603],[8.55085,47.4358]],[[8.55102,47.44318],[8.55726,47.43805]],[[8.55698,47.43784],[8.55507,47.43736],[8.55482,47.43709],[8.55482,47.4365],[8.55456,47.43636]],[[8.55726,47.43805],[8.55717,47.43799]],[[8.55726,47.43805],[8.55958,47.43634]]]}},{"type":"Feature","properties":{"id":"glatt-212-zh","c":"ZH","p":"pacht","q":"official","k":"river"},"geometry":{"type":"MultiLineString","coordinates":[[[8.52731,47.44325],[8.52653,47.44305]],[[8.52738,47.44339],[8.52731,47.44325]],[[8.52738,47.44339],[8.5273,47.44335],[8.52731,47.44325]],[[8.52867,47.44387],[8.52738,47.44339]],[[8.5287,47.44535],[8.52857,47.44593]],[[8.5302,47.44666],[8.53036,47.44596],[8.5287,47.44535]],[[8.5287,47.44535],[8.52893,47.44398]],[[8.52893,47.44398],[8.52867,47.44387]],[[8.52888,47.44389],[8.52876,47.44386],[8.52867,47.44387]],[[8.52893,47.44398],[8.52888,47.44389]],[[8.52888,47.44389],[8.52912,47.44243]],[[8.53125,47.44449],[8.53025,47.4434]],[[8.5335,47.44609],[8.53322,47.44587],[8.53352,47.44545],[8.53205,47.44488]],[[8.53443,47.44693],[8.53398,47.44652]],[[8.53578,47.4359],[8.53589,47.43553]],[[8.53735,47.45448],[8.54133,47.45103]],[[8.53718,47.43685],[8.53704,47.4369]],[[8.53718,47.43685],[8.53712,47.43678]],[[8.53763,47.43703],[8.53718,47.43685]],[[8.54133,47.45103],[8.54115,47.45093]],[[8.54133,47.45103],[8.5475,47.44603]],[[8.54255,47.44237],[8.54379,47.4409]],[[8.5449,47.44451],[8.54327,47.44361],[8.54323,47.44267],[8.543,47.44255]],[[8.54688,47.44504],[8.54517,47.44468]],[[8.5475,47.44603],[8.5475,47.44603]],[[8.5475,47.44603],[8.55203,47.44743]],[[8.5475,47.44603],[8.54767,47.44589]],[[8.54767,47.44589],[8.54751,47.44572]],[[8.54767,47.44589],[8.551,47.4432]],[[8.551,47.4432],[8.55037,47.4427],[8.55031,47.44155],[8.54984,47.44099]],[[8.551,47.4432],[8.55102,47.44318]]]}},{"type":"Feature","properties":{"id":"glatt-213-zh","c":"ZH","p":"pacht","q":"official","k":"river"},"geometry":{"type":"MultiLineString","coordinates":[[[8.51457,47.46439],[8.51422,47.46427]],[[8.51457,47.46439],[8.51422,47.46446]],[[8.51461,47.4644],[8.51457,47.46439]],[[8.51637,47.46234],[8.51493,47.46196]],[[8.51608,47.45183],[8.51543,47.45194]],[[8.51655,47.45179],[8.51639,47.4518]],[[8.52467,47.47221],[8.51702,47.47415]],[[8.51965,47.46306],[8.51705,47.46249]],[[8.51855,47.45156],[8.51702,47.45176]],[[8.51855,47.46626],[8.51846,47.46622]],[[8.52267,47.47108],[8.51758,47.4686],[8.51751,47.46823],[8.51855,47.46626]],[[8.51855,47.46626],[8.51938,47.46461],[8.51965,47.46306]],[[8.52061,47.44948],[8.52004,47.44923],[8.52031,47.44895],[8.51859,47.44819],[8.51832,47.44752]],[[8.51965,47.46306],[8.51978,47.46242]],[[8.52131,47.4512],[8.51976,47.45141]],[[8.52178,47.44478],[8.52155,47.44472]],[[8.52195,47.44965],[8.52255,47.44881]],[[8.52314,47.445],[8.5221,47.44483]],[[8.52361,47.45535],[8.5223,47.45375]],[[8.52467,47.47221],[8.52267,47.47108]],[[8.52267,47.47108],[8.5243,47.46314],[8.52496,47.46127]],[[8.52344,47.4469],[8.52362,47.44639]],[[8.52707,47.4743],[8.5265,47.47324],[8.52467,47.47221]],[[8.5265,47.47528],[8.52707,47.4743]],[[8.52707,47.4743],[8.53588,47.45593],[8.53735,47.45448]]]}},{"type":"Feature","properties":{"id":"glatt-214-zh","c":"ZH","p":"pacht","q":"official","k":"river"},"geometry":{"type":"MultiLineString","coordinates":[[[8.50831,47.48234],[8.50962,47.48232],[8.51064,47.48266],[8.51174,47.4844],[8.51258,47.48496],[8.51393,47.48529],[8.51503,47.48529],[8.51601,47.48494],[8.51762,47.48342],[8.5181,47.48252],[8.51848,47.48057]],[[8.5167,47.48157],[8.51524,47.48151],[8.51373,47.48117]],[[8.51848,47.48057],[8.5175,47.4805]],[[8.51848,47.48057],[8.519,47.47995],[8.51981,47.47946],[8.52163,47.47866],[8.52433,47.47778],[8.5251,47.47721],[8.5265,47.47528]]]}},{"type":"Feature","properties":{"id":"glatt-215-zh","c":"ZH","p":"pacht","q":"official","k":"river"},"geometry":{"type":"LineString","coordinates":[[8.49682,47.49508],[8.4975,47.49455],[8.49986,47.49334],[8.50063,47.49322],[8.50344,47.4933],[8.50432,47.49309],[8.50517,47.49253],[8.50546,47.49196],[8.50537,47.49135],[8.50419,47.49021],[8.5041,47.48983],[8.50443,47.4895],[8.50639,47.48883],[8.50794,47.48746],[8.50808,47.48625],[8.50662,47.48439],[8.50638,47.48357],[8.50697,47.48271],[8.50831,47.48234]]}},{"type":"Feature","properties":{"id":"glatt-216-zh","c":"ZH","p":"pacht","q":"official","k":"river"},"geometry":{"type":"MultiLineString","coordinates":[[[8.49695,47.50211],[8.49613,47.50113],[8.49583,47.49972],[8.4957,47.49677],[8.49594,47.49582],[8.49682,47.49508]],[[8.50334,47.50602],[8.50229,47.50513],[8.50011,47.50442],[8.49695,47.50211]],[[8.51372,47.51277],[8.5069,47.51056],[8.5045,47.50927],[8.504,47.50854],[8.50334,47.50602]],[[8.50334,47.50602],[8.50355,47.50593]]]}},{"type":"Feature","properties":{"id":"glatt-217-zh","c":"ZH","p":"private","q":"official","k":"river"},"geometry":{"type":"MultiLineString","coordinates":[[[8.50702,47.51343],[8.50507,47.51271]],[[8.50601,47.51558],[8.5052,47.51794]],[[8.50702,47.51343],[8.50541,47.51523]],[[8.51538,47.5133],[8.51389,47.51384],[8.5122,47.51363],[8.50987,47.51398],[8.50702,47.51343]],[[8.51538,47.5133],[8.51372,47.51277]],[[8.52554,47.51855],[8.5251,47.51746],[8.52438,47.51694],[8.52166,47.51611],[8.51787,47.51411],[8.51538,47.5133]]]}},{"type":"Feature","properties":{"id":"glatt-218-zh","c":"ZH","p":"pacht","q":"official","k":"river"},"geometry":{"type":"LineString","coordinates":[[8.51862,47.52369],[8.52101,47.52258],[8.52423,47.52154],[8.52575,47.52085],[8.52607,47.52018],[8.52554,47.51855]]}},{"type":"Feature","properties":{"id":"glatt-219-zh","c":"ZH","p":"pacht","q":"official","k":"river"},"geometry":{"type":"MultiLineString","coordinates":[[[8.50562,47.5236],[8.50291,47.52282],[8.49879,47.52097],[8.49871,47.52079]],[[8.50658,47.55096],[8.51405,47.55129],[8.51519,47.55097],[8.51752,47.54953],[8.51851,47.54949],[8.52154,47.55026],[8.52223,47.5502],[8.5228,47.54976]],[[8.52062,47.54534],[8.52049,47.54508],[8.52002,47.54504],[8.51982,47.54481],[8.51832,47.54443]],[[8.51847,47.54362],[8.51851,47.54345]],[[8.51851,47.54345],[8.5198,47.54353],[8.52185,47.54306],[8.52256,47.54267],[8.52364,47.54159],[8.52371,47.54109],[8.52342,47.54065],[8.52126,47.53973],[8.52062,47.53903],[8.52068,47.53807],[8.52164,47.53706]],[[8.52062,47.54534],[8.51852,47.54543],[8.51773,47.54512],[8.5172,47.54432],[8.51721,47.54389],[8.51768,47.5435],[8.51851,47.54345]],[[8.51846,47.52512],[8.51817,47.52505]],[[8.52088,47.53094],[8.52021,47.53009],[8.51869,47.52688],[8.51846,47.52512]],[[8.51846,47.52512],[8.51835,47.5241],[8.51862,47.52369]],[[8.5228,47.54976],[8.52252,47.54918],[8.52018,47.54837],[8.5192,47.54767],[8.5194,47.54709],[8.52115,47.54629],[8.52116,47.5457],[8.52062,47.54534]],[[8.5217,47.533],[8.52136,47.53238],[8.52058,47.53181]],[[8.5217,47.533],[8.52068,47.53242],[8.52058,47.53181]],[[8.52058,47.53181],[8.52088,47.53094]],[[8.52259,47.53321],[8.52158,47.53163],[8.52088,47.53094]],[[8.52164,47.53706],[8.52122,47.53627],[8.52132,47.53605],[8.5229,47.53546]],[[8.52164,47.53706],[8.52262,47.53612],[8.5229,47.53546]],[[8.52259,47.53321],[8.5217,47.533]],[[8.5228,47.54976],[8.52301,47.5497]],[[8.5229,47.53546],[8.52309,47.53441],[8.52259,47.53321]],[[8.52328,47.54966],[8.52346,47.54963]],[[8.52462,47.5497],[8.52525,47.55013],[8.52564,47.55018],[8.52677,47.54958],[8.52809,47.54917],[8.52918,47.54849],[8.53346,47.54725],[8.54066,47.54619]],[[8.54066,47.54619],[8.54069,47.5462]],[[8.54066,47.54619],[8.54163,47.54447]],[[8.54227,47.54186],[8.54266,47.5396],[8.5437,47.53746]],[[8.5437,47.53746],[8.5442,47.53542]],[[8.5437,47.53746],[8.54375,47.53746]]]}},{"type":"Feature","properties":{"id":"glatt-220-zh","c":"ZH","p":"pacht","q":"official","k":"river"},"geometry":{"type":"MultiLineString","coordinates":[[[8.47083,47.57396],[8.47089,47.57395]],[[8.47474,47.57372],[8.47578,47.57344],[8.47691,47.57256],[8.47813,47.57208],[8.47852,47.57061],[8.47946,47.56918],[8.48135,47.56773]],[[8.48135,47.56773],[8.48135,47.56773]],[[8.48135,47.56773],[8.48135,47.56773]],[[8.48135,47.56773],[8.48158,47.56758]],[[8.48195,47.56733],[8.48348,47.56652],[8.48709,47.56537],[8.49084,47.56335],[8.49209,47.56233],[8.49711,47.55674],[8.50412,47.55174],[8.50658,47.55096]]]}},{"type":"Feature","properties":{"id":"weiher-hinteren-grindel-revier-221-zh","c":"ZH","p":"pacht","q":"official","k":"river"},"geometry":{"type":"MultiLineString","coordinates":[[[8.58291,47.41016],[8.58562,47.4094]],[[8.58594,47.40937],[8.58597,47.40936]]]}},{"type":"Feature","properties":{"id":"aabach-baeretswil-revier-231-zh","c":"ZH","p":"pacht","q":"official","k":"river"},"geometry":{"type":"MultiLineString","coordinates":[[[8.85025,47.33612],[8.85126,47.33595],[8.8518,47.33518],[8.8527,47.33467]],[[8.85311,47.33081],[8.85217,47.3305],[8.85178,47.32927]],[[8.8527,47.33467],[8.85284,47.33405],[8.85254,47.33339],[8.85273,47.33306],[8.85253,47.33234],[8.85343,47.33208]],[[8.8527,47.33467],[8.85442,47.33457],[8.8555,47.33427]],[[8.85342,47.33162],[8.85311,47.33081]],[[8.85311,47.33081],[8.85313,47.33081]],[[8.85313,47.33081],[8.85313,47.3308]],[[8.85313,47.33081],[8.85353,47.33067]],[[8.8534,47.32609],[8.85324,47.32542]],[[8.85353,47.33067],[8.85571,47.32954],[8.85576,47.32827]],[[8.85353,47.33067],[8.85344,47.32997],[8.85369,47.3296],[8.85441,47.32928],[8.85461,47.32843],[8.8546,47.3278],[8.854,47.32712]],[[8.8555,47.33427],[8.85524,47.33409],[8.85523,47.33308],[8.85595,47.33317],[8.85661,47.33282],[8.85668,47.33253],[8.85726,47.3324],[8.85736,47.33214],[8.85822,47.33229],[8.85893,47.33217],[8.85945,47.33166],[8.85951,47.33108],[8.85921,47.33062],[8.85936,47.33006],[8.8591,47.32977],[8.8597,47.32909],[8.85939,47.32887],[8.85945,47.32865],[8.85995,47.32851],[8.86025,47.32792],[8.8614,47.3274],[8.86169,47.32699],[8.86227,47.32702],[8.86284,47.32674],[8.86326,47.32691],[8.86331,47.32667],[8.86383,47.32659],[8.86442,47.32558]],[[8.8555,47.33427],[8.85611,47.33412],[8.85725,47.33443]],[[8.85577,47.32804],[8.85593,47.32777],[8.85701,47.32728],[8.85637,47.32699],[8.85646,47.32659],[8.85541,47.32578],[8.85612,47.32494],[8.85603,47.32449]],[[8.85755,47.33444],[8.85772,47.33407],[8.8596,47.33377],[8.8598,47.3339],[8.86018,47.33382]],[[8.86018,47.33382],[8.86044,47.33456],[8.86012,47.33479]],[[8.86018,47.33382],[8.86097,47.3335],[8.86254,47.33383]],[[8.86343,47.32425],[8.86283,47.32443],[8.86219,47.32433]],[[8.86254,47.33383],[8.8632,47.33426]],[[8.86254,47.33383],[8.86294,47.33357],[8.86375,47.33347],[8.86466,47.3331],[8.86512,47.33274]],[[8.86343,47.32425],[8.86314,47.32394]],[[8.86384,47.32427],[8.86384,47.32365],[8.86333,47.32292]],[[8.86384,47.32427],[8.86359,47.32429],[8.86347,47.32424],[8.86343,47.32425]],[[8.86442,47.32558],[8.86384,47.32427]],[[8.86442,47.32558],[8.86452,47.32558],[8.86484,47.32555],[8.86487,47.32556],[8.86513,47.32528],[8.86575,47.32517],[8.86642,47.32461]],[[8.86512,47.33274],[8.86494,47.3324],[8.86708,47.33079]],[[8.86512,47.33274],[8.86526,47.33266],[8.86696,47.33323]],[[8.86708,47.33079],[8.86783,47.33072],[8.86807,47.33043],[8.86875,47.33021],[8.87075,47.33022],[8.87098,47.33034]],[[8.86708,47.33079],[8.86743,47.32965],[8.86812,47.3293],[8.86827,47.32889],[8.86926,47.32873],[8.86957,47.32838],[8.87017,47.32829],[8.87022,47.32799]],[[8.87068,47.32232],[8.87015,47.3226],[8.86936,47.32224],[8.86862,47.32222]],[[8.87098,47.33034],[8.87118,47.33086],[8.87082,47.3309],[8.86996,47.33146]],[[8.87013,47.32668],[8.86988,47.32638],[8.86999,47.32557],[8.87126,47.32486]],[[8.87184,47.32454],[8.87096,47.32335],[8.87099,47.32287],[8.87068,47.32232]],[[8.87068,47.32232],[8.87162,47.32182]],[[8.87098,47.33034],[8.87183,47.3302]],[[8.87137,47.32462],[8.87184,47.32454]],[[8.87183,47.3302],[8.87176,47.33]],[[8.87183,47.3302],[8.87238,47.33018],[8.87278,47.3305],[8.87418,47.33035],[8.8763,47.3304]],[[8.87162,47.32182],[8.8716,47.32154],[8.87099,47.3212],[8.87102,47.32093],[8.87148,47.32049],[8.87214,47.32035],[8.87219,47.3199],[8.87275,47.31921],[8.87459,47.31801],[8.87654,47.31777],[8.87871,47.31795],[8.87909,47.31772],[8.88053,47.31782],[8.88098,47.31801]],[[8.87162,47.32182],[8.87379,47.32075]],[[8.87184,47.32454],[8.8719,47.32454]],[[8.8719,47.32454],[8.87337,47.32465],[8.8744,47.32433],[8.87508,47.32373],[8.87582,47.32343],[8.87696,47.32359]],[[8.8719,47.32454],[8.87255,47.324],[8.87428,47.32324]],[[8.87254,47.33534],[8.87255,47.33535]],[[8.87318,47.33584],[8.87466,47.33664]],[[8.87573,47.32068],[8.87715,47.31992]],[[8.8763,47.3304],[8.87635,47.33043]],[[8.8763,47.3304],[8.87819,47.32918],[8.87898,47.329]],[[8.87696,47.32359],[8.87742,47.3232],[8.88018,47.32318],[8.88038,47.32308],[8.88043,47.32188],[8.88162,47.32169]],[[8.87696,47.32359],[8.8789,47.32367],[8.88082,47.3242],[8.88152,47.32407],[8.88201,47.32439]],[[8.87899,47.33168],[8.88131,47.33216]],[[8.87954,47.32896],[8.8802,47.32885],[8.88136,47.32912],[8.88225,47.32906],[8.88362,47.32856]],[[8.88098,47.31801],[8.88175,47.31739],[8.88198,47.31685],[8.88327,47.3159],[8.88445,47.31541]],[[8.88098,47.31801],[8.88172,47.31795]],[[8.88165,47.33217],[8.88169,47.33213]],[[8.88169,47.33213],[8.88345,47.33058],[8.88471,47.33071],[8.88663,47.33028],[8.88886,47.3304],[8.89001,47.33073]],[[8.88169,47.33213],[8.88183,47.3321],[8.88294,47.33236],[8.8832,47.33265]],[[8.88172,47.31795],[8.8832,47.31809],[8.885,47.31873]],[[8.88172,47.31795],[8.88456,47.31733]],[[8.88359,47.33345],[8.8833,47.33386],[8.88328,47.33451],[8.88222,47.3354]],[[8.88242,47.32193],[8.88242,47.32193]],[[8.8826,47.32193],[8.88349,47.3223],[8.88518,47.322]],[[8.88285,47.32144],[8.88447,47.3209],[8.88499,47.32049]],[[8.88357,47.33304],[8.88359,47.33345]],[[8.88359,47.33345],[8.88374,47.3336]],[[8.88362,47.32856],[8.885,47.32778],[8.88526,47.32715]],[[8.88362,47.32856],[8.88762,47.32803]],[[8.88456,47.31733],[8.88537,47.3177],[8.88643,47.31751]],[[8.88456,47.31733],[8.88598,47.31671]],[[8.88521,47.33383],[8.88578,47.33386]],[[8.88499,47.32049],[8.88499,47.32049]],[[8.885,47.31873],[8.8871,47.31939]],[[8.885,47.31873],[8.88675,47.31844]],[[8.88526,47.32715],[8.88754,47.32643]],[[8.88526,47.32715],[8.88543,47.32653]],[[8.88518,47.322],[8.88612,47.32194]],[[8.88518,47.322],[8.88571,47.32154],[8.88659,47.32128]],[[8.88543,47.32653],[8.88514,47.32603],[8.88547,47.32533]],[[8.88543,47.32653],[8.88579,47.32619],[8.8856,47.32593],[8.88586,47.32538]],[[8.88605,47.33389],[8.88806,47.33378],[8.88981,47.33325],[8.89023,47.33287]],[[8.88598,47.31671],[8.88647,47.31604]],[[8.88598,47.31671],[8.88682,47.31653]],[[8.88612,47.32194],[8.88723,47.32198]],[[8.88612,47.32194],[8.88681,47.32156]],[[8.8871,47.31939],[8.88741,47.31938]],[[8.8871,47.31939],[8.88742,47.31949]],[[8.88754,47.32643],[8.88765,47.32523]],[[8.88754,47.32643],[8.88826,47.32582],[8.88841,47.32524]],[[8.88762,47.32803],[8.88779,47.32818]],[[8.88762,47.32803],[8.88813,47.32785]],[[8.88813,47.32785],[8.88944,47.32765]],[[8.88813,47.32785],[8.8886,47.32751]],[[8.88816,47.32843],[8.88928,47.3294],[8.89019,47.32974]],[[8.88841,47.32524],[8.88825,47.32415]],[[8.88841,47.32524],[8.88898,47.32424]],[[8.8886,47.32751],[8.88893,47.3261],[8.88936,47.32561]],[[8.8886,47.32751],[8.89093,47.32695],[8.89291,47.32557]],[[8.88936,47.32561],[8.89037,47.32512],[8.89069,47.32467]],[[8.88936,47.32561],[8.88946,47.32504],[8.89053,47.32427]],[[8.88944,47.32765],[8.8915,47.32841]],[[8.88944,47.32765],[8.89235,47.32759]]]}},{"type":"Feature","properties":{"id":"chaemtnerbach-revier-232-zh","c":"ZH","p":"pacht","q":"official","k":"river"},"geometry":{"type":"MultiLineString","coordinates":[[[8.79088,47.34348],[8.79161,47.34328],[8.79363,47.34326],[8.79899,47.34094],[8.80055,47.34073],[8.80192,47.33878],[8.80395,47.33678],[8.80656,47.33595],[8.81071,47.33396],[8.81256,47.33335],[8.81395,47.33316]],[[8.81395,47.33316],[8.81486,47.33379],[8.81516,47.33628]],[[8.81395,47.33316],[8.81477,47.33288],[8.81646,47.33267],[8.82027,47.3308],[8.8216,47.33095],[8.82241,47.33022],[8.8237,47.33078],[8.82715,47.3308],[8.82817,47.33063],[8.82935,47.33152],[8.82957,47.33151]],[[8.81516,47.33628],[8.81587,47.3362]],[[8.81516,47.33628],[8.81629,47.33687],[8.81662,47.33672],[8.81681,47.33693],[8.81802,47.33726],[8.81904,47.33792],[8.81909,47.33845],[8.82092,47.33878]],[[8.81634,47.3361],[8.81718,47.33565],[8.81785,47.33575],[8.81889,47.3355],[8.82049,47.33575],[8.82181,47.33521],[8.82362,47.33499],[8.82512,47.33431]],[[8.82092,47.33878],[8.82179,47.33977],[8.82173,47.34016],[8.82245,47.34097],[8.82447,47.34166],[8.82502,47.3423],[8.82602,47.34295],[8.82718,47.34328]],[[8.82092,47.33878],[8.82179,47.33835],[8.82226,47.33833],[8.8238,47.33929],[8.82603,47.33899],[8.82741,47.33939]],[[8.82512,47.33431],[8.82537,47.33401],[8.8251,47.33358],[8.82528,47.33344],[8.82631,47.33361]],[[8.82512,47.33431],[8.82522,47.3343]],[[8.82634,47.33415],[8.82902,47.33433]],[[8.82741,47.33939],[8.82785,47.33966],[8.82915,47.33979],[8.82999,47.33978],[8.83059,47.33953],[8.83102,47.34005]],[[8.82741,47.33939],[8.82793,47.33925],[8.82911,47.33829],[8.83002,47.33803],[8.83116,47.33813]],[[8.82811,47.33062],[8.82887,47.33015],[8.82882,47.32979],[8.82911,47.32943]],[[8.82957,47.33151],[8.82975,47.33136],[8.83011,47.33146]],[[8.82957,47.33151],[8.83011,47.33146]],[[8.82953,47.3293],[8.83014,47.32918],[8.8305,47.32931]],[[8.83011,47.33146],[8.83051,47.33169],[8.83076,47.33155]],[[8.83011,47.33146],[8.83024,47.33137],[8.83076,47.33155]],[[8.8305,47.32931],[8.83124,47.32969],[8.83131,47.33001],[8.83228,47.33005],[8.83314,47.32964],[8.83465,47.32961]],[[8.8305,47.32931],[8.83243,47.32861],[8.83299,47.32799],[8.83373,47.32806],[8.83399,47.32832],[8.83492,47.32806]],[[8.83076,47.33155],[8.83118,47.33137],[8.83216,47.3315],[8.83314,47.33235]],[[8.83165,47.34017],[8.8322,47.34008]],[[8.83314,47.33235],[8.83285,47.33357],[8.83215,47.33463]],[[8.83257,47.34005],[8.83342,47.34013],[8.83418,47.34078]],[[8.83314,47.33235],[8.83347,47.33237],[8.83411,47.33217],[8.83472,47.33231]],[[8.83437,47.34095],[8.83454,47.34152]],[[8.83465,47.32961],[8.83589,47.3295],[8.83612,47.32978],[8.8366,47.32941],[8.83742,47.32914],[8.83841,47.32909],[8.83894,47.32827],[8.83975,47.32805],[8.84024,47.32759]],[[8.83465,47.32961],[8.83534,47.32871]],[[8.83472,47.33231],[8.83686,47.33256],[8.83727,47.33294],[8.83848,47.33344],[8.83861,47.33422],[8.83955,47.33411],[8.84015,47.33426],[8.84086,47.33476],[8.84144,47.33463],[8.84198,47.33483],[8.84285,47.33477],[8.84461,47.33586]],[[8.83472,47.33231],[8.83444,47.33273],[8.83471,47.33375],[8.83594,47.33442]],[[8.83516,47.32797],[8.83573,47.32749]],[[8.83594,47.33442],[8.83577,47.33469]],[[8.83594,47.33442],[8.83614,47.33472]],[[8.83582,47.32731],[8.83723,47.32621],[8.83863,47.32417]],[[8.84222,47.33685],[8.84076,47.33722],[8.83919,47.33735],[8.83845,47.33827],[8.83844,47.33879]],[[8.83909,47.33908],[8.83972,47.3393]],[[8.83995,47.33943],[8.84001,47.33951]],[[8.84042,47.34071],[8.8399,47.34167],[8.84018,47.34255],[8.84088,47.3431]],[[8.84041,47.3274],[8.84043,47.32661],[8.84142,47.32561]],[[8.84136,47.34094],[8.8418,47.34147],[8.8428,47.34192],[8.84251,47.3423]],[[8.84217,47.34278],[8.84191,47.34395]],[[8.84222,47.33685],[8.84254,47.33755]],[[8.84461,47.33586],[8.84432,47.33611],[8.84318,47.33642],[8.84285,47.33673],[8.84222,47.33685]],[[8.84237,47.32587],[8.84302,47.32619],[8.84447,47.32499]],[[8.84301,47.34297],[8.84354,47.343],[8.84453,47.34379]],[[8.84342,47.34125],[8.84463,47.34123],[8.84467,47.3416],[8.84523,47.34177],[8.84562,47.34223],[8.84562,47.34302]],[[8.84461,47.33586],[8.84484,47.33595],[8.84558,47.3358]],[[8.84695,47.33144],[8.8468,47.33064],[8.84578,47.33026],[8.84579,47.32976],[8.84529,47.32943]],[[8.84529,47.32943],[8.84495,47.32793],[8.84573,47.32701],[8.8464,47.32557]],[[8.84529,47.32943],[8.84576,47.32919]],[[8.84558,47.3358],[8.84623,47.33682],[8.84681,47.33722],[8.84672,47.33815]],[[8.84558,47.3358],[8.8466,47.33499],[8.84686,47.33504]],[[8.84609,47.32895],[8.8461,47.32894]],[[8.84654,47.33828],[8.84648,47.33858]],[[8.84686,47.33504],[8.84725,47.33526]],[[8.84686,47.33504],[8.84728,47.33476]],[[8.84725,47.33526],[8.8483,47.3354],[8.84864,47.33576],[8.84961,47.33618],[8.85025,47.33612],[8.85079,47.33655],[8.85126,47.33649],[8.85153,47.3367]],[[8.84725,47.33526],[8.8476,47.33485],[8.84891,47.33447]],[[8.84901,47.33418],[8.84886,47.33342],[8.84774,47.33239]],[[8.85504,47.34497],[8.85382,47.346],[8.85295,47.3462],[8.85168,47.34611]],[[8.85153,47.3367],[8.85199,47.33679]],[[8.85153,47.3367],[8.85154,47.33671]],[[8.85192,47.33866],[8.85191,47.33933],[8.85236,47.33991]],[[8.85199,47.33679],[8.85199,47.3368]],[[8.85199,47.33679],[8.85236,47.3369]],[[8.85248,47.34009],[8.85257,47.34032]],[[8.85259,47.33698],[8.85449,47.33781]],[[8.85508,47.33799],[8.85648,47.33836]],[[8.85744,47.34306],[8.85677,47.34361]],[[8.85692,47.33836],[8.8578,47.33839],[8.85887,47.33881],[8.85939,47.33936],[8.85941,47.33973],[8.85988,47.33995]],[[8.85799,47.34748],[8.85783,47.34835],[8.85978,47.34905],[8.86063,47.34904],[8.86265,47.34799],[8.86358,47.34797]],[[8.85859,47.34319],[8.858,47.34359],[8.85823,47.34592],[8.85803,47.3473]],[[8.85859,47.34319],[8.85858,47.34319]],[[8.8588,47.34298],[8.85859,47.34319]],[[8.85884,47.34295],[8.8588,47.34298]],[[8.85884,47.34296],[8.8588,47.34298]],[[8.85907,47.3428],[8.85905,47.34281]],[[8.85907,47.3428],[8.85906,47.34282]],[[8.85988,47.33995],[8.85994,47.34128],[8.85907,47.3428]],[[8.85988,47.33995],[8.86057,47.33976]],[[8.86129,47.33992],[8.86282,47.33935]],[[8.86321,47.33935],[8.86364,47.33941]],[[8.86509,47.33924],[8.86556,47.33922]],[[8.86599,47.33909],[8.86611,47.33902]],[[8.86647,47.3388],[8.8666,47.33869]]]}},{"type":"Feature","properties":{"id":"auslikerbach-revier-233-zh","c":"ZH","p":"pacht","q":"official","k":"river"},"geometry":{"type":"MultiLineString","coordinates":[[[8.79877,47.34194],[8.79955,47.34213],[8.80061,47.34192]],[[8.79877,47.34195],[8.79978,47.34247]],[[8.80004,47.34254],[8.8017,47.34325],[8.80182,47.34393],[8.80313,47.34422]],[[8.80061,47.34192],[8.80137,47.34242],[8.80252,47.34253]],[[8.80061,47.34192],[8.8007,47.34191],[8.80121,47.34196],[8.80131,47.342],[8.80212,47.3416],[8.80219,47.34105],[8.80284,47.34063],[8.80299,47.34023],[8.80339,47.34022],[8.80347,47.33977],[8.8042,47.34007]],[[8.80522,47.34388],[8.8057,47.34384],[8.80613,47.34407]],[[8.80797,47.346],[8.81024,47.34721],[8.81125,47.34715]],[[8.80881,47.34404],[8.81003,47.34431],[8.81116,47.34399],[8.81313,47.34386],[8.81479,47.34451],[8.81606,47.34452]],[[8.81096,47.34102],[8.81271,47.34096],[8.81352,47.34127]],[[8.8119,47.33917],[8.81345,47.33876],[8.81484,47.33895]],[[8.81213,47.34713],[8.81286,47.34767],[8.8137,47.34778]],[[8.8137,47.34778],[8.81463,47.34809],[8.81566,47.34894],[8.81607,47.3489],[8.81641,47.34913]],[[8.8137,47.34778],[8.81482,47.34748]],[[8.81606,47.34452],[8.81668,47.34502],[8.81903,47.34553],[8.82069,47.34642]],[[8.81606,47.34452],[8.81745,47.34421],[8.81828,47.3443]],[[8.81876,47.34426],[8.82073,47.34465],[8.82249,47.34454],[8.82292,47.34417],[8.82325,47.34418]],[[8.82069,47.34642],[8.82095,47.34645],[8.82167,47.34599],[8.82217,47.34606],[8.82283,47.34575]],[[8.82069,47.34642],[8.82075,47.34653]],[[8.821,47.34663],[8.8212,47.34675]],[[8.82153,47.347],[8.82163,47.34714]],[[8.82187,47.34778],[8.82223,47.34831]],[[8.82401,47.3456],[8.82508,47.34559]],[[8.82434,47.34407],[8.82551,47.3446]],[[8.8259,47.34474],[8.826,47.34472]]]}},{"type":"Feature","properties":{"id":"krebsi-und-muehleweiher-pfaeffikon-revier-235-zh","c":"ZH","p":"pacht","q":"official","k":"river"},"geometry":{"type":"MultiLineString","coordinates":[[[8.77957,47.3644],[8.77978,47.36498],[8.78014,47.3652]],[[8.78234,47.36858],[8.78254,47.36868]],[[8.78405,47.37],[8.78413,47.37004]],[[8.78678,47.36993],[8.78679,47.36994]],[[8.78807,47.37019],[8.78886,47.37039]],[[8.78896,47.37039],[8.78886,47.37039]],[[8.78886,47.37039],[8.78895,47.37044]],[[8.79165,47.37091],[8.79189,47.37085]],[[8.79253,47.3708],[8.79408,47.37047],[8.79451,47.37055],[8.79526,47.37017],[8.79584,47.37011]],[[8.79611,47.37144],[8.795,47.37101],[8.79384,47.37104],[8.79266,47.37082]]]}},{"type":"Feature","properties":{"id":"wildbach-hinwil-revier-237-zh","c":"ZH","p":"pacht","q":"official","k":"river"},"geometry":{"type":"MultiLineString","coordinates":[[[8.83259,47.30626],[8.83287,47.30623]],[[8.83287,47.30623],[8.83327,47.30674],[8.83432,47.30721]],[[8.83287,47.30623],[8.83414,47.30601],[8.83686,47.3046],[8.83987,47.30388]],[[8.83432,47.30721],[8.83504,47.30739],[8.83526,47.30727],[8.83495,47.30793],[8.83579,47.30847],[8.83616,47.30831]],[[8.83432,47.30721],[8.83451,47.30719]],[[8.83659,47.30806],[8.83688,47.30803]],[[8.83731,47.30792],[8.83887,47.30751],[8.83997,47.30805]],[[8.84027,47.30814],[8.84169,47.30823]],[[8.84056,47.30372],[8.8416,47.30339]],[[8.84169,47.30823],[8.84227,47.30848]],[[8.84169,47.30823],[8.84258,47.30796]],[[8.8416,47.30339],[8.84184,47.30351]],[[8.8416,47.30339],[8.84425,47.30248],[8.84645,47.30257],[8.84841,47.30324],[8.84899,47.30328]],[[8.84297,47.3043],[8.84337,47.30452]],[[8.84301,47.30527],[8.84308,47.30545]],[[8.84347,47.30546],[8.84412,47.30536],[8.84428,47.30557]],[[8.84889,47.30355],[8.84868,47.30397],[8.84912,47.30467],[8.84948,47.30483],[8.84977,47.30613],[8.85071,47.30637]],[[8.84899,47.30328],[8.84897,47.30332]],[[8.84899,47.30328],[8.85015,47.30355],[8.85058,47.30346],[8.8508,47.30362]],[[8.8508,47.30362],[8.85125,47.30433],[8.85232,47.30496],[8.8527,47.30541],[8.85519,47.30626]],[[8.8508,47.30362],[8.85115,47.30361],[8.85263,47.30274],[8.8528,47.30281],[8.85349,47.30203],[8.8538,47.30209]],[[8.85316,47.31194],[8.85275,47.31239],[8.85191,47.31256]],[[8.85367,47.30903],[8.85474,47.30903],[8.85691,47.30807],[8.85821,47.30778]],[[8.85367,47.30903],[8.85375,47.30942],[8.85346,47.30978],[8.85378,47.31016],[8.85347,47.31033],[8.85391,47.311]],[[8.85519,47.30626],[8.85461,47.30649],[8.85464,47.30725],[8.85352,47.30873],[8.85367,47.30903]],[[8.8538,47.30209],[8.85413,47.30146],[8.85444,47.3014],[8.85516,47.30158],[8.85525,47.30148],[8.85579,47.30183],[8.85616,47.30181]],[[8.8538,47.30209],[8.85394,47.30205],[8.85519,47.30286]],[[8.85412,47.31243],[8.85401,47.31291],[8.8543,47.3133]],[[8.8543,47.3133],[8.8559,47.31343],[8.85625,47.31371],[8.85693,47.3136],[8.85788,47.31421],[8.85861,47.31422],[8.85889,47.31396],[8.85974,47.31425],[8.86009,47.3142]],[[8.8543,47.3133],[8.85486,47.31399],[8.8544,47.31467],[8.85443,47.3152],[8.85542,47.31615],[8.85768,47.3171],[8.85906,47.31987]],[[8.85482,47.31133],[8.85519,47.31149]],[[8.85492,47.31115],[8.85748,47.30957]],[[8.85519,47.30626],[8.85525,47.30626],[8.85535,47.30625],[8.85569,47.30616],[8.85584,47.30605],[8.85626,47.30601],[8.85658,47.30588],[8.85723,47.30541],[8.85786,47.30536],[8.85917,47.30569],[8.85979,47.30549],[8.86032,47.30501]],[[8.85616,47.30181],[8.85722,47.30158],[8.85787,47.30182],[8.8587,47.30183],[8.86038,47.3015]],[[8.85616,47.30181],[8.85663,47.30191],[8.85698,47.30241]],[[8.85709,47.31172],[8.858,47.31138]],[[8.858,47.31138],[8.85839,47.31173]],[[8.858,47.31138],[8.85898,47.31066]],[[8.85821,47.30778],[8.86016,47.30841],[8.86111,47.30856],[8.86202,47.30848],[8.86308,47.30912],[8.86317,47.30936],[8.86347,47.30917],[8.86415,47.3094],[8.86473,47.30929],[8.86516,47.30945],[8.86599,47.30923],[8.86672,47.30946],[8.8677,47.30932],[8.86805,47.30945],[8.86914,47.30932],[8.8696,47.3088]],[[8.85821,47.30778],[8.85925,47.30749],[8.8601,47.30689]],[[8.86009,47.3142],[8.86103,47.31457],[8.86185,47.31457],[8.86295,47.31546]],[[8.86009,47.3142],[8.86115,47.3138],[8.86269,47.31411],[8.8632,47.31404]],[[8.86038,47.3015],[8.86098,47.30182]],[[8.86038,47.3015],[8.86135,47.30121],[8.86182,47.30076]],[[8.86159,47.3061],[8.86187,47.30629],[8.86285,47.30576],[8.8641,47.30576]],[[8.86184,47.30227],[8.86376,47.30263]],[[8.86267,47.31631],[8.86257,47.31666],[8.86458,47.31814]],[[8.86293,47.30077],[8.86386,47.3009]],[[8.86344,47.31586],[8.86398,47.31557],[8.86592,47.31595]],[[8.86352,47.31397],[8.86476,47.31402]],[[8.86386,47.3009],[8.86509,47.30189]],[[8.86386,47.3009],[8.86432,47.30073],[8.86482,47.30082],[8.8663,47.30059],[8.86668,47.30131],[8.86775,47.30149]],[[8.86408,47.30271],[8.86442,47.30278]],[[8.86549,47.30602],[8.86625,47.30636]],[[8.86877,47.30137],[8.87021,47.30155]],[[8.8696,47.3088],[8.87042,47.30929]],[[8.8696,47.3088],[8.87029,47.30843]],[[8.87029,47.30843],[8.87033,47.30817]],[[8.87029,47.30843],[8.87114,47.30829],[8.87171,47.30787],[8.87285,47.30785],[8.87441,47.30745],[8.87498,47.30757],[8.87505,47.30741],[8.87532,47.30743]],[[8.87021,47.30155],[8.87031,47.3017],[8.87157,47.30187]],[[8.87021,47.30155],[8.87123,47.30134],[8.87201,47.30143],[8.87236,47.30117]],[[8.87042,47.30929],[8.87067,47.30948]],[[8.87042,47.30929],[8.87079,47.30927],[8.87153,47.30942],[8.87199,47.30938]],[[8.87164,47.3122],[8.8706,47.31288]],[[8.87049,47.30733],[8.8706,47.30728]],[[8.87095,47.30707],[8.87152,47.30668],[8.87218,47.30578]],[[8.87103,47.30974],[8.87154,47.31046],[8.87143,47.31182],[8.87164,47.3122]],[[8.87164,47.3122],[8.87196,47.31304]],[[8.87196,47.31304],[8.87212,47.31305]],[[8.87196,47.31304],[8.87219,47.3136]],[[8.87247,47.30543],[8.87312,47.30527]],[[8.87276,47.31309],[8.87288,47.31326]],[[8.87286,47.3094],[8.87359,47.30951],[8.87406,47.30928],[8.87461,47.3093],[8.87659,47.30987],[8.87835,47.30989],[8.87952,47.31027],[8.87984,47.31054],[8.88041,47.31056]],[[8.87314,47.30982],[8.87378,47.31019],[8.87486,47.31028],[8.87493,47.31101]],[[8.87359,47.30507],[8.87377,47.30374]],[[8.87493,47.31101],[8.87414,47.31267],[8.87444,47.31317]],[[8.87493,47.31101],[8.8754,47.31112],[8.87603,47.31063]],[[8.87532,47.30743],[8.87549,47.30734]],[[8.87532,47.30743],[8.87542,47.30742],[8.87549,47.30734]],[[8.87549,47.30734],[8.87618,47.30696]],[[8.87618,47.30696],[8.87599,47.3067],[8.87618,47.30621],[8.87689,47.30588]],[[8.87618,47.30696],[8.87678,47.30662],[8.87719,47.30663]],[[8.87658,47.31373],[8.87747,47.31374],[8.87811,47.31407]],[[8.87689,47.30588],[8.8779,47.30493],[8.87992,47.30437],[8.88092,47.30392],[8.88142,47.30343]],[[8.87719,47.30663],[8.87746,47.30714],[8.87835,47.30782],[8.87935,47.30809],[8.88106,47.30817],[8.88276,47.30855],[8.88587,47.30851]],[[8.87719,47.30663],[8.87797,47.3061],[8.87879,47.30601],[8.88039,47.3054]],[[8.88041,47.31056],[8.8818,47.31094],[8.88268,47.31151]],[[8.88041,47.31056],[8.88513,47.31024]],[[8.88039,47.3054],[8.8808,47.3053],[8.8814,47.30548]],[[8.88039,47.3054],[8.88237,47.30443],[8.88481,47.30359],[8.88572,47.30363],[8.88674,47.30344]],[[8.88177,47.30325],[8.88283,47.30259],[8.88533,47.30008],[8.88758,47.29904]],[[8.88268,47.31151],[8.88304,47.31183],[8.88472,47.31237]],[[8.88268,47.31151],[8.8833,47.31148],[8.88398,47.31154]],[[8.88472,47.31237],[8.88661,47.31371]],[[8.88472,47.31237],[8.88518,47.31236],[8.88534,47.31237]],[[8.88513,47.31024],[8.8855,47.3104]],[[8.88513,47.31024],[8.8857,47.31017]],[[8.88807,47.29887],[8.88871,47.29881]]]}},{"type":"Feature","properties":{"id":"wildbach-wetzikon-revier-238-zh","c":"ZH","p":"pacht","q":"official","k":"river"},"geometry":{"type":"MultiLineString","coordinates":[[[8.78529,47.32399],[8.78678,47.32273],[8.78833,47.322]],[[8.78833,47.322],[8.78921,47.32137]],[[8.78833,47.322],[8.78863,47.32197]],[[8.7896,47.32155],[8.79005,47.32155]],[[8.78968,47.32149],[8.79005,47.32155]],[[8.79005,47.32155],[8.7925,47.3202],[8.79435,47.32056]],[[8.79614,47.31187],[8.79452,47.31123],[8.7939,47.31075]],[[8.79457,47.32046],[8.79588,47.32004]],[[8.79588,47.32004],[8.79707,47.32082],[8.79789,47.32224]],[[8.79588,47.32004],[8.7976,47.31949],[8.79835,47.31895],[8.80079,47.31399]],[[8.79789,47.32224],[8.79791,47.32227]],[[8.79789,47.32224],[8.7979,47.32229]],[[8.7981,47.32245],[8.79828,47.32263]],[[8.79825,47.32262],[8.79828,47.32263]],[[8.79828,47.32263],[8.79872,47.32279],[8.79892,47.32331],[8.79955,47.32368],[8.79926,47.32486],[8.79972,47.32525]],[[8.7982,47.31236],[8.7981,47.31231]],[[8.80079,47.31399],[8.80001,47.31317],[8.79891,47.31288],[8.7982,47.31236]],[[8.7982,47.31236],[8.798,47.31134],[8.79889,47.31057],[8.79876,47.31044],[8.79955,47.30949],[8.80015,47.30818],[8.80173,47.30594],[8.80312,47.30445],[8.80332,47.30363]],[[8.80022,47.32538],[8.80155,47.32563],[8.80227,47.32537],[8.80352,47.32534],[8.80451,47.32559],[8.80534,47.3256]],[[8.80079,47.31399],[8.80231,47.31324],[8.80449,47.31248],[8.80519,47.31242]],[[8.80285,47.30238],[8.8027,47.30175],[8.80171,47.30169]],[[8.80332,47.30363],[8.80305,47.30352],[8.80285,47.30238]],[[8.80332,47.30363],[8.80513,47.30106],[8.81016,47.2978]],[[8.80581,47.32559],[8.80816,47.32557],[8.80972,47.32467],[8.81208,47.3246]],[[8.80566,47.31239],[8.80614,47.31234]],[[8.80614,47.31234],[8.80677,47.31348],[8.80732,47.31395],[8.80791,47.31412],[8.80836,47.31461],[8.81053,47.31486],[8.81879,47.31846],[8.81942,47.31833],[8.82133,47.31687],[8.82195,47.31672],[8.82331,47.31688],[8.82486,47.31662],[8.82586,47.31563]],[[8.80614,47.31234],[8.80773,47.31151],[8.81024,47.3107],[8.81067,47.31032],[8.81376,47.30907],[8.81948,47.30712]],[[8.81016,47.2978],[8.81176,47.29941],[8.81224,47.29948],[8.8127,47.29999]],[[8.81016,47.2978],[8.81151,47.29696],[8.81176,47.2966],[8.81169,47.29615],[8.81307,47.29585]],[[8.81208,47.3246],[8.81532,47.3243],[8.81793,47.32444],[8.8194,47.32433],[8.82392,47.32293]],[[8.81208,47.3246],[8.81211,47.32462]],[[8.81265,47.32506],[8.81329,47.3255],[8.81415,47.32578],[8.81498,47.3268],[8.81569,47.32682]],[[8.81291,47.30015],[8.81393,47.3001],[8.8161,47.29913]],[[8.81556,47.32745],[8.81664,47.32799]],[[8.81611,47.32693],[8.81722,47.32663],[8.81815,47.32678],[8.82088,47.32599],[8.82241,47.32697],[8.8245,47.32716],[8.82545,47.32711],[8.82608,47.32668],[8.82722,47.32677]],[[8.81678,47.29892],[8.81969,47.29616]],[[8.81948,47.30712],[8.81948,47.30706]],[[8.81948,47.30712],[8.82362,47.30614]],[[8.81948,47.30686],[8.81952,47.30574]],[[8.81953,47.30541],[8.81956,47.30435],[8.81977,47.30417],[8.82117,47.30408],[8.82225,47.30426]],[[8.82133,47.30199],[8.82127,47.30159]],[[8.82258,47.30324],[8.82209,47.30326],[8.82133,47.30199]],[[8.82133,47.30199],[8.82188,47.30181],[8.82152,47.30109],[8.82181,47.30047],[8.82284,47.29964],[8.82314,47.29906]],[[8.82225,47.30426],[8.82333,47.30446]],[[8.82225,47.30426],[8.82292,47.3036]],[[8.82334,47.29879],[8.82455,47.29657]],[[8.82362,47.30614],[8.82379,47.30618]],[[8.82362,47.30614],[8.8266,47.30545],[8.82784,47.30533],[8.83259,47.30626]],[[8.8242,47.32292],[8.82421,47.32293]],[[8.82421,47.32293],[8.82525,47.32314]],[[8.82421,47.32293],[8.82423,47.32291]],[[8.82426,47.30649],[8.82715,47.30838]],[[8.82512,47.32309],[8.82525,47.32314]],[[8.82525,47.32314],[8.82561,47.32324],[8.82599,47.32305],[8.82661,47.32308],[8.82794,47.32261]],[[8.82586,47.31563],[8.826,47.31555]],[[8.82586,47.31563],[8.82596,47.31562],[8.82616,47.31567]],[[8.82673,47.31581],[8.82736,47.31659],[8.82915,47.31748],[8.83051,47.31743],[8.83118,47.31764],[8.83219,47.31738],[8.83338,47.31761],[8.83446,47.31747],[8.83515,47.31758],[8.83789,47.31718],[8.839,47.31669],[8.84051,47.31635]],[[8.82722,47.32677],[8.82778,47.32681],[8.82845,47.32559]],[[8.82722,47.32677],[8.82738,47.32778]],[[8.82733,47.31437],[8.82756,47.31432]],[[8.82794,47.32261],[8.82969,47.3234],[8.83108,47.32358],[8.83218,47.32243],[8.83353,47.32159],[8.83352,47.32138],[8.83399,47.32131],[8.83414,47.32107],[8.83458,47.32106],[8.83498,47.32076]],[[8.82794,47.32261],[8.82862,47.32258],[8.8294,47.32277]],[[8.82937,47.30987],[8.8314,47.31087]],[[8.8314,47.31087],[8.83291,47.31082],[8.83374,47.31022],[8.83426,47.31021],[8.83432,47.31008],[8.83489,47.31033],[8.83572,47.3102],[8.83572,47.31102],[8.83656,47.31146],[8.83817,47.31131],[8.83824,47.31108],[8.83844,47.31121],[8.83866,47.31108]],[[8.8314,47.31087],[8.83177,47.31155],[8.8314,47.31223],[8.83291,47.31254],[8.83314,47.31239]],[[8.83155,47.31469],[8.83206,47.31483]],[[8.83245,47.31492],[8.8337,47.3161],[8.8343,47.31632],[8.8347,47.31622]],[[8.83314,47.31239],[8.83347,47.31215]],[[8.83314,47.31239],[8.83314,47.31239]],[[8.83415,47.31209],[8.83537,47.31239],[8.83522,47.313],[8.83615,47.31326]],[[8.83441,47.31337],[8.83503,47.31409]],[[8.83567,47.32077],[8.83833,47.32063],[8.83923,47.31995],[8.84024,47.31968],[8.84035,47.31941],[8.843,47.31984],[8.8455,47.31914]],[[8.83866,47.31108],[8.83898,47.31111]],[[8.83866,47.31108],[8.83885,47.31119]],[[8.83916,47.31139],[8.83922,47.31182],[8.83954,47.31209]],[[8.8395,47.31104],[8.8418,47.31114]],[[8.83954,47.31209],[8.83988,47.31238]],[[8.83954,47.31209],[8.84047,47.31187]],[[8.83988,47.31238],[8.84043,47.31245],[8.84091,47.31278],[8.84154,47.31264],[8.84248,47.31288]],[[8.83988,47.31238],[8.84079,47.31383],[8.84065,47.31421]],[[8.84248,47.31288],[8.8431,47.31362],[8.84424,47.31394]],[[8.84248,47.31288],[8.84622,47.31132]],[[8.8455,47.31914],[8.84577,47.31865],[8.84549,47.31785]],[[8.8455,47.31914],[8.8467,47.31877],[8.8479,47.31862],[8.8483,47.31835]],[[8.84598,47.3143],[8.84629,47.31433]],[[8.84676,47.31426],[8.84708,47.314]],[[8.8483,47.31835],[8.8488,47.31786]],[[8.8483,47.31835],[8.84837,47.31832],[8.84849,47.31836]],[[8.84974,47.31882],[8.84994,47.31904]],[[8.84994,47.31904],[8.85098,47.31939]],[[8.84994,47.31904],[8.85027,47.31938]],[[8.85125,47.31939],[8.85315,47.31918]]]}},{"type":"Feature","properties":{"id":"aabach-241-zh","c":"ZH","p":"private","q":"official","k":"river"},"geometry":{"type":"MultiLineString","coordinates":[[[8.78807,47.32582],[8.78821,47.32634]],[[8.78933,47.3282],[8.79008,47.32873],[8.78978,47.32932],[8.78937,47.32955]]]}},{"type":"Feature","properties":{"id":"aabach-242-zh","c":"ZH","p":"pacht","q":"official","k":"river"},"geometry":{"type":"MultiLineString","coordinates":[[[8.75844,47.34022],[8.75887,47.34015]],[[8.75887,47.34015],[8.7591,47.34014],[8.76128,47.33889]],[[8.75887,47.34015],[8.7634,47.33746],[8.76494,47.33722],[8.76578,47.3369],[8.76714,47.33627],[8.76784,47.33571]],[[8.76226,47.33922],[8.7631,47.3392],[8.76313,47.33947],[8.76413,47.34013],[8.76443,47.34066]],[[8.76784,47.33571],[8.76797,47.33574]],[[8.76784,47.33571],[8.77129,47.33384],[8.77336,47.33203],[8.77445,47.33137]],[[8.76922,47.33589],[8.7694,47.33647],[8.76905,47.33811]],[[8.7743,47.33115],[8.77434,47.33002],[8.77392,47.32962],[8.77386,47.32815],[8.77353,47.32776]],[[8.77445,47.33137],[8.77442,47.33134]],[[8.77445,47.33137],[8.77877,47.32982],[8.77988,47.32923],[8.7803,47.32775],[8.78072,47.32726],[8.78296,47.32575],[8.78384,47.32551],[8.78446,47.32476]],[[8.78446,47.32476],[8.78529,47.32399]],[[8.78446,47.32476],[8.7846,47.32474]],[[8.7849,47.32472],[8.78604,47.32441]],[[8.78653,47.32435],[8.78756,47.32477]],[[8.78804,47.32549],[8.78807,47.32582]]]}},{"type":"Feature","properties":{"id":"aabach-243-zh","c":"ZH","p":"private","q":"official","k":"river"},"geometry":{"type":"MultiLineString","coordinates":[[[8.73689,47.34539],[8.73913,47.34599],[8.74139,47.34569],[8.74177,47.34499],[8.74248,47.34442],[8.74438,47.34358],[8.74586,47.34324],[8.74668,47.34251],[8.74854,47.34171],[8.75278,47.34045]],[[8.74197,47.34362],[8.74147,47.34409],[8.7404,47.34442],[8.73983,47.34491]],[[8.74865,47.34126],[8.74716,47.34188],[8.74655,47.34234],[8.74476,47.34272],[8.74332,47.3434]],[[8.75279,47.34045],[8.75451,47.34019],[8.75641,47.34045],[8.75844,47.34022]]]}},{"type":"Feature","properties":{"id":"aabach-244-zh","c":"ZH","p":"pacht","q":"official","k":"river"},"geometry":{"type":"MultiLineString","coordinates":[[[8.68911,47.35149],[8.6928,47.35005],[8.69494,47.34886]],[[8.69035,47.35067],[8.68974,47.35046]],[[8.69035,47.35067],[8.6898,47.35047]],[[8.69427,47.34885],[8.69245,47.34983],[8.69048,47.35068],[8.69035,47.35067]],[[8.69509,47.34872],[8.6957,47.34758],[8.69901,47.34515],[8.70057,47.34495]],[[8.70057,47.34495],[8.70054,47.34494]],[[8.70117,47.3451],[8.70057,47.34495]],[[8.70057,47.34495],[8.70316,47.34486],[8.70735,47.34527],[8.70815,47.34619],[8.71042,47.34734]],[[8.70986,47.34727],[8.70914,47.34717]],[[8.71042,47.34734],[8.70986,47.34727]],[[8.70986,47.34727],[8.71076,47.3478],[8.71252,47.348]],[[8.71044,47.34735],[8.71042,47.34734]],[[8.71042,47.34734],[8.71165,47.3478],[8.71555,47.34823]],[[8.71594,47.34818],[8.71644,47.34804],[8.71717,47.34721],[8.71826,47.34696],[8.72098,47.34548],[8.72221,47.34504],[8.72374,47.34484],[8.72881,47.34531],[8.72952,47.34523]],[[8.72974,47.3451],[8.73067,47.34465],[8.73318,47.34485]],[[8.73318,47.34485],[8.73325,47.34481]],[[8.73318,47.34485],[8.73324,47.34485],[8.73467,47.34489],[8.7353,47.34491],[8.73552,47.34493],[8.73689,47.34539]]]}},{"type":"Feature","properties":{"id":"aabach-grueningen-revier-249-zh","c":"ZH","p":"pacht","q":"official","k":"river"},"geometry":{"type":"MultiLineString","coordinates":[[[8.72045,47.31],[8.72065,47.30967],[8.72169,47.30957]],[[8.72084,47.31041],[8.72048,47.31003]],[[8.72169,47.30957],[8.72171,47.30957]],[[8.72169,47.30957],[8.7217,47.30956]],[[8.72172,47.30957],[8.72289,47.3094],[8.72405,47.30972],[8.72785,47.30965],[8.72882,47.30931],[8.73514,47.30598]],[[8.73251,47.2989],[8.73225,47.29861],[8.73226,47.29809]],[[8.73514,47.30598],[8.73511,47.3059]],[[8.73514,47.30598],[8.74092,47.30357]],[[8.73706,47.29544],[8.73593,47.29578]],[[8.73698,47.29468],[8.73718,47.29389],[8.73698,47.29328],[8.73731,47.29273]],[[8.73706,47.29544],[8.73699,47.29503]],[[8.7378,47.29579],[8.73706,47.29544]],[[8.73837,47.29555],[8.73916,47.29456],[8.74016,47.29386]],[[8.74092,47.30357],[8.73765,47.30128],[8.73888,47.29978]],[[8.74092,47.30357],[8.74552,47.30173]],[[8.74394,47.29276],[8.74332,47.29218],[8.74335,47.29188]],[[8.74335,47.29188],[8.7431,47.2915],[8.74352,47.2915]],[[8.74335,47.29188],[8.74352,47.2915]],[[8.74352,47.2915],[8.74358,47.2908],[8.74375,47.29083],[8.74413,47.29026],[8.74504,47.28955]],[[8.74634,47.28836],[8.74564,47.28795],[8.74491,47.28785],[8.74401,47.28802],[8.74357,47.28765]],[[8.74482,47.29355],[8.7448,47.29349]],[[8.74552,47.30173],[8.74546,47.30168]],[[8.74552,47.30173],[8.74554,47.30172]],[[8.74554,47.30172],[8.74561,47.30174]],[[8.74554,47.30172],[8.74703,47.30091],[8.74852,47.2998],[8.75041,47.29757]],[[8.74593,47.28894],[8.74634,47.28836]],[[8.75011,47.29743],[8.74646,47.2956]],[[8.74634,47.28836],[8.74676,47.28785]],[[8.75041,47.29757],[8.75035,47.29754]],[[8.75041,47.29757],[8.75281,47.29435],[8.7545,47.29312]],[[8.75381,47.28564],[8.75379,47.28539],[8.75333,47.28523],[8.75186,47.28511]],[[8.7587,47.28891],[8.75818,47.28831],[8.75668,47.28753],[8.75573,47.28649],[8.75425,47.28578]],[[8.7545,47.29312],[8.75457,47.29314]],[[8.7545,47.29312],[8.75753,47.29127],[8.75797,47.28992],[8.75858,47.28935]],[[8.75869,47.28894],[8.7587,47.28891]],[[8.7587,47.28891],[8.76048,47.2881],[8.76119,47.28678]],[[8.75999,47.28464],[8.75921,47.28404]],[[8.76119,47.28678],[8.76147,47.28637],[8.7599,47.2849],[8.75999,47.28464]],[[8.75999,47.28464],[8.76057,47.28408],[8.76192,47.28398]],[[8.76119,47.28678],[8.76313,47.28643]],[[8.76245,47.28107],[8.76121,47.28158]],[[8.76217,47.28379],[8.76224,47.28373]],[[8.76245,47.28107],[8.76226,47.2809]],[[8.76247,47.28354],[8.76299,47.28285],[8.76414,47.28222],[8.76409,47.28193],[8.7649,47.28167]],[[8.7649,47.28167],[8.76454,47.2809],[8.76332,47.28104],[8.76272,47.28094],[8.76245,47.28107]],[[8.7649,47.28167],[8.76566,47.28108],[8.76619,47.28105],[8.76618,47.28071],[8.76805,47.28062]],[[8.76581,47.28498],[8.7666,47.28468]],[[8.76737,47.27828],[8.76657,47.27766]],[[8.76823,47.2885],[8.76909,47.28802],[8.76989,47.28725]],[[8.76805,47.28062],[8.7686,47.2808],[8.76874,47.28134]],[[8.76805,47.28062],[8.76842,47.27975]],[[8.76842,47.27975],[8.7683,47.2795]],[[8.76842,47.27975],[8.76933,47.27941],[8.76936,47.27907],[8.76978,47.27883]],[[8.76952,47.28155],[8.77038,47.28206],[8.77103,47.28194],[8.77158,47.28233],[8.77274,47.28266],[8.77317,47.28261],[8.77353,47.28299],[8.77436,47.28269],[8.77492,47.28284],[8.7763,47.28231],[8.77852,47.282],[8.78205,47.28112],[8.78553,47.2808],[8.78763,47.2808],[8.78967,47.27972],[8.78914,47.27867]],[[8.78787,47.27252],[8.78624,47.27235]],[[8.79033,47.27247],[8.79023,47.27235],[8.78953,47.2727],[8.78827,47.27257]],[[8.78914,47.27867],[8.78859,47.27828],[8.78853,47.2779],[8.78918,47.27469]],[[8.78914,47.27867],[8.79007,47.27653]],[[8.7899,47.27398],[8.79102,47.2737]],[[8.79007,47.27653],[8.79089,47.27552]],[[8.79007,47.27653],[8.79009,47.27653],[8.79015,47.27654],[8.79105,47.27655],[8.79108,47.27656],[8.79113,47.27655],[8.79206,47.27659]],[[8.79102,47.2737],[8.79045,47.27267]],[[8.79102,47.2737],[8.79316,47.27355]],[[8.79316,47.27355],[8.79342,47.27181]],[[8.79316,47.27355],[8.79814,47.27334],[8.79913,47.27385],[8.80102,47.27442]],[[8.79342,47.27181],[8.79312,47.27146]],[[8.79342,47.27181],[8.79465,47.27097],[8.79495,47.26989],[8.79563,47.26996],[8.79608,47.26979]],[[8.7974,47.26866],[8.79791,47.26837],[8.79817,47.2679]],[[8.80102,47.27442],[8.80335,47.27582],[8.80447,47.27721],[8.80524,47.27766],[8.80559,47.27893]],[[8.80102,47.27442],[8.80246,47.2739]],[[8.80559,47.27893],[8.8069,47.27926],[8.80797,47.28069],[8.80761,47.28102]],[[8.80559,47.27893],[8.80594,47.27975]]]}},{"type":"Feature","properties":{"id":"aabach-moenchaltorf-revier-250-zh","c":"ZH","p":"pacht","q":"official","k":"river"},"geometry":{"type":"MultiLineString","coordinates":[[[8.66858,47.30551],[8.66763,47.30481],[8.66643,47.30492],[8.66599,47.30456]],[[8.66858,47.30551],[8.66845,47.30489],[8.66699,47.30436]],[[8.66725,47.29923],[8.66716,47.29922]],[[8.67132,47.30208],[8.67072,47.30234],[8.66937,47.30249],[8.66891,47.30185],[8.66815,47.30135],[8.66776,47.30129],[8.66721,47.30158]],[[8.66725,47.29923],[8.66719,47.29907]],[[8.67059,47.30141],[8.67032,47.30091],[8.66918,47.30044],[8.66825,47.29966],[8.66725,47.29923]],[[8.67465,47.30752],[8.67109,47.30613],[8.66858,47.30551]],[[8.67285,47.30318],[8.67105,47.3033],[8.66888,47.30292]],[[8.67066,47.3109],[8.66934,47.31043]],[[8.66969,47.30162],[8.66925,47.30144]],[[8.67271,47.30051],[8.67121,47.29996],[8.67034,47.29987],[8.6698,47.29945]],[[8.67271,47.30051],[8.67227,47.29983],[8.67118,47.2993],[8.67,47.29899]],[[8.67059,47.30141],[8.67008,47.3015]],[[8.67132,47.30208],[8.67059,47.30141]],[[8.67285,47.30318],[8.6728,47.30337],[8.67166,47.3039],[8.67087,47.304]],[[8.67235,47.30763],[8.67122,47.30745]],[[8.673,47.30305],[8.6719,47.30217],[8.67147,47.30208],[8.67132,47.30208]],[[8.6752,47.30951],[8.67274,47.31091]],[[8.67961,47.30442],[8.67886,47.30317],[8.67851,47.30295],[8.67853,47.30251],[8.67832,47.30236],[8.67742,47.30236],[8.67604,47.30202],[8.67373,47.30111],[8.67319,47.30062],[8.67271,47.30051]],[[8.673,47.30305],[8.67285,47.30318]],[[8.6778,47.30524],[8.67677,47.30478],[8.67585,47.30408],[8.67502,47.30389],[8.6737,47.30316],[8.673,47.30305]],[[8.6752,47.30951],[8.67438,47.30913],[8.67384,47.30916]],[[8.67561,47.30889],[8.6752,47.30951]],[[8.67565,47.30852],[8.67577,47.30796],[8.67534,47.30771]],[[8.67561,47.30889],[8.67565,47.30852]],[[8.68054,47.30785],[8.6796,47.3087],[8.67798,47.30871],[8.67646,47.30902],[8.67601,47.3089],[8.67577,47.30888],[8.67561,47.30889]],[[8.67565,47.30852],[8.67565,47.30852]],[[8.67732,47.30715],[8.67682,47.30698]],[[8.67885,47.30573],[8.67812,47.3059],[8.67697,47.30561]],[[8.67885,47.30573],[8.67797,47.30541]],[[8.68113,47.30535],[8.67982,47.30572],[8.6796,47.30575],[8.67885,47.30573]],[[8.68054,47.30785],[8.6793,47.30738]],[[8.68113,47.30535],[8.67981,47.30468]],[[8.68137,47.30791],[8.68088,47.3078],[8.68054,47.30785]],[[8.68731,47.30243],[8.68703,47.30264],[8.68638,47.30244],[8.68532,47.30186],[8.68517,47.30143],[8.68433,47.30127],[8.68232,47.30146],[8.68169,47.30166],[8.68066,47.30155],[8.68051,47.30139]],[[8.68196,47.30562],[8.68113,47.30535]],[[8.68279,47.30739],[8.68263,47.30808],[8.68171,47.30796]],[[8.68289,47.30604],[8.68217,47.30574]],[[8.68416,47.30632],[8.68339,47.30684]],[[8.68387,47.30372],[8.68343,47.30366]],[[8.68416,47.30632],[8.68414,47.30632]],[[8.68903,47.30751],[8.68716,47.30655],[8.68607,47.3066],[8.68548,47.30612],[8.68474,47.30604],[8.68416,47.30632]],[[8.6865,47.30426],[8.68581,47.30459],[8.68507,47.30441],[8.68429,47.30395]],[[8.68763,47.30364],[8.68703,47.30408]],[[8.68814,47.30294],[8.6876,47.30264]],[[8.69019,47.30312],[8.68999,47.30322],[8.68918,47.30297]],[[8.69166,47.30761],[8.69133,47.3074],[8.68984,47.30769]],[[8.69913,47.30705],[8.69891,47.30724],[8.69875,47.30709],[8.69851,47.30719],[8.69799,47.30765],[8.69736,47.30766],[8.69699,47.30789],[8.69465,47.30791],[8.69452,47.30809],[8.69347,47.30817],[8.69345,47.30832],[8.69209,47.30827],[8.69166,47.30761]],[[8.69166,47.30761],[8.69186,47.30731]],[[8.69616,47.31517],[8.69444,47.31478]],[[8.70036,47.31543],[8.70093,47.31487],[8.70023,47.31398],[8.70039,47.31284],[8.69936,47.31277],[8.69799,47.31159],[8.69656,47.31081]],[[8.69808,47.31486],[8.69765,47.31473],[8.69722,47.31518],[8.69677,47.31528]],[[8.69796,47.30643],[8.69787,47.30652]],[[8.69796,47.30643],[8.69788,47.30639]],[[8.69889,47.30682],[8.69833,47.30651],[8.69817,47.30644],[8.69804,47.30642],[8.69796,47.30643]],[[8.70468,47.31112],[8.70379,47.31135],[8.70111,47.31125],[8.69919,47.31019],[8.69839,47.30943]],[[8.69889,47.30682],[8.69858,47.30601]],[[8.69985,47.31593],[8.6989,47.31536]],[[8.69913,47.30705],[8.69888,47.307],[8.69889,47.30682]],[[8.70445,47.3067],[8.7036,47.30684],[8.70342,47.30666],[8.70294,47.30665],[8.70223,47.30692],[8.70118,47.30687],[8.70044,47.30711],[8.69975,47.30687],[8.69913,47.30705]],[[8.70038,47.32603],[8.70082,47.32571],[8.70265,47.32518],[8.70351,47.32463]],[[8.70811,47.32239],[8.70534,47.32031],[8.7029,47.31814]],[[8.70351,47.32463],[8.70434,47.32455],[8.70468,47.32433]],[[8.70351,47.32463],[8.7039,47.32437],[8.70468,47.32433]],[[8.70445,47.3067],[8.70402,47.30588]],[[8.70468,47.32433],[8.70557,47.32411],[8.70811,47.32239]],[[8.70468,47.31112],[8.70539,47.31031],[8.70703,47.30926],[8.70814,47.30815],[8.70864,47.30799],[8.70885,47.30713],[8.70807,47.30656],[8.70618,47.30672],[8.70544,47.30661],[8.70468,47.30686],[8.70456,47.3067],[8.70445,47.3067]],[[8.7126,47.31788],[8.70637,47.31297],[8.70468,47.31112]],[[8.70811,47.32239],[8.71063,47.31988]],[[8.71063,47.31988],[8.71026,47.31969],[8.7104,47.31951],[8.71113,47.31964]],[[8.71063,47.31988],[8.71113,47.31964]],[[8.71113,47.31964],[8.7118,47.31923],[8.71189,47.31865],[8.7126,47.31788]],[[8.7126,47.31788],[8.71366,47.31697],[8.71378,47.31572],[8.7149,47.3154]],[[8.7149,47.3154],[8.71511,47.31542]],[[8.7149,47.3154],[8.71654,47.31379],[8.71881,47.31314],[8.72076,47.31081],[8.72084,47.31041]],[[8.71712,47.31609],[8.71743,47.31631],[8.71764,47.3172],[8.71847,47.31761]]]}},{"type":"Feature","properties":{"id":"chindsmuelibach-revier-252-zh","c":"ZH","p":"pacht","q":"official","k":"river"},"geometry":{"type":"MultiLineString","coordinates":[[[8.74852,47.2998],[8.75406,47.29958],[8.75812,47.2985],[8.76,47.29764]],[[8.76,47.29764],[8.76005,47.29767]],[[8.76,47.29764],[8.76298,47.29612],[8.7651,47.29382],[8.76616,47.29342],[8.76864,47.29295]],[[8.76864,47.29295],[8.76875,47.29291]],[[8.76864,47.29295],[8.76876,47.29294]],[[8.76973,47.29243],[8.77033,47.29221],[8.77073,47.2918],[8.77142,47.29173],[8.77181,47.29145]],[[8.77034,47.29282],[8.77102,47.29272],[8.77257,47.29355],[8.77491,47.29311]],[[8.77268,47.2908],[8.7742,47.29079],[8.77486,47.29106]],[[8.77519,47.29306],[8.77611,47.29278]],[[8.7752,47.29095],[8.7769,47.29115],[8.77817,47.29091]],[[8.77637,47.29268],[8.7773,47.29278]],[[8.77789,47.29258],[8.77995,47.29157],[8.78054,47.29153]],[[8.77867,47.29045],[8.77942,47.28989],[8.77973,47.28937]],[[8.78109,47.28837],[8.78245,47.28764],[8.7834,47.28664],[8.78468,47.28591]],[[8.78148,47.29141],[8.78206,47.29115],[8.782,47.29091],[8.78239,47.29087]],[[8.78307,47.29069],[8.78397,47.2896],[8.7849,47.28908],[8.78713,47.28891],[8.7904,47.28753],[8.79157,47.28735]],[[8.78706,47.28528],[8.7877,47.2848],[8.78811,47.28396]]]}},{"type":"Feature","properties":{"id":"gossauerbach-revier-253-zh","c":"ZH","p":"pacht","q":"official","k":"river"},"geometry":{"type":"MultiLineString","coordinates":[[[8.74561,47.30174],[8.74998,47.30624]],[[8.74998,47.30624],[8.74991,47.3064]],[[8.74998,47.30624],[8.75024,47.30631],[8.75075,47.30611],[8.75222,47.30611],[8.75316,47.30588],[8.75417,47.30658],[8.75474,47.30645]],[[8.75605,47.30689],[8.75641,47.30688]],[[8.75647,47.30689],[8.75662,47.30658],[8.75767,47.30614],[8.75848,47.30552]],[[8.75708,47.30698],[8.75697,47.30791]],[[8.75771,47.30703],[8.75876,47.30715]],[[8.75905,47.30712],[8.7613,47.30686],[8.7622,47.3065],[8.76267,47.30678],[8.76407,47.30615]],[[8.76099,47.30409],[8.76216,47.30344]],[[8.76444,47.30292],[8.76472,47.3028],[8.76527,47.30323]],[[8.76468,47.30635],[8.76521,47.30645],[8.7662,47.30702]],[[8.7662,47.30702],[8.76626,47.30702]],[[8.7662,47.30702],[8.76623,47.30703]],[[8.76799,47.30675],[8.76799,47.30675]],[[8.76838,47.30657],[8.76957,47.30607]],[[8.76957,47.30607],[8.76999,47.30603],[8.77041,47.30558],[8.77116,47.30547],[8.77124,47.30527],[8.77185,47.30533],[8.77297,47.30476],[8.77378,47.30459],[8.77399,47.30417],[8.77438,47.304],[8.77786,47.30311],[8.77889,47.30261]],[[8.76957,47.30607],[8.76962,47.30642]],[[8.76962,47.30642],[8.76983,47.30651]],[[8.77006,47.30758],[8.77017,47.30785],[8.76909,47.30876],[8.76862,47.30972],[8.76969,47.31123],[8.77126,47.31184]],[[8.77013,47.30682],[8.77005,47.30709]],[[8.77889,47.30261],[8.78047,47.30408]],[[8.77889,47.30261],[8.78243,47.30076]],[[8.78243,47.30076],[8.78248,47.30079]],[[8.78243,47.30076],[8.78246,47.30074]],[[8.78268,47.30092],[8.78386,47.3019],[8.78629,47.3013]],[[8.78483,47.29692],[8.78483,47.29692]]]}},{"type":"Feature","properties":{"id":"lieburgerbach-revier-254-zh","c":"ZH","p":"pacht","q":"official","k":"river"},"geometry":{"type":"MultiLineString","coordinates":[[[8.69282,47.28277],[8.69234,47.2822],[8.69146,47.28192]],[[8.69441,47.27937],[8.69342,47.27888],[8.69325,47.27837],[8.69289,47.27813],[8.69157,47.27775]],[[8.6977,47.28422],[8.69639,47.28378],[8.69548,47.28315],[8.69409,47.28273],[8.69305,47.28288]],[[8.69479,47.27988],[8.69461,47.27952]],[[8.69514,47.282],[8.69534,47.28099],[8.69496,47.28021]],[[8.69596,47.27597],[8.69566,47.27531],[8.69514,47.2753]],[[8.6977,47.28422],[8.6976,47.28326],[8.69567,47.28241]],[[8.69698,47.27603],[8.69622,47.27613]],[[8.70377,47.27931],[8.7036,47.27864],[8.70107,47.27773],[8.69979,47.27745],[8.69956,47.27716],[8.69784,47.27665],[8.69698,47.27603]],[[8.69698,47.27603],[8.69779,47.2754]],[[8.70398,47.29159],[8.70484,47.29063],[8.70439,47.2892],[8.70265,47.28814],[8.70055,47.28742],[8.70066,47.2873],[8.70014,47.28694],[8.70048,47.28675],[8.70039,47.28638],[8.69922,47.28556],[8.69799,47.28503],[8.69801,47.28452],[8.6977,47.28422]],[[8.70317,47.28329],[8.70279,47.28283]],[[8.70377,47.27931],[8.70293,47.27942]],[[8.70572,47.2738],[8.70495,47.27391],[8.70327,47.2732],[8.70305,47.27325]],[[8.70398,47.29159],[8.70362,47.29142],[8.70359,47.29102]],[[8.70542,47.2732],[8.70383,47.27225],[8.70343,47.27134]],[[8.70456,47.29197],[8.70398,47.29159]],[[8.70652,47.2807],[8.7053,47.28074],[8.70404,47.27997],[8.70377,47.27931]],[[8.70445,47.28458],[8.70427,47.28446]],[[8.70652,47.2807],[8.70642,47.28026],[8.70482,47.27952],[8.70466,47.2788]],[[8.70696,47.29135],[8.70524,47.292]],[[8.70913,47.2881],[8.70885,47.28725],[8.70721,47.28661],[8.70637,47.28597],[8.70646,47.28568],[8.70543,47.28519]],[[8.70572,47.2738],[8.70572,47.2738]],[[8.70575,47.27382],[8.70572,47.2738]],[[8.70572,47.2738],[8.70572,47.27364]],[[8.71116,47.28226],[8.71166,47.28144],[8.71168,47.28094],[8.71112,47.27978],[8.70939,47.27727],[8.70728,47.27625],[8.70708,47.27572],[8.70738,47.27543],[8.70604,47.27406]],[[8.70731,47.28197],[8.70672,47.28175],[8.7064,47.28218]],[[8.70811,47.28155],[8.70794,47.28107],[8.70652,47.2807]],[[8.70696,47.29135],[8.70719,47.29148]],[[8.70945,47.28831],[8.70752,47.28991],[8.70696,47.29135]],[[8.70794,47.28168],[8.70761,47.28197]],[[8.70794,47.28168],[8.70789,47.28163]],[[8.70811,47.28155],[8.70798,47.28167],[8.70794,47.28168],[8.70794,47.28168]],[[8.71029,47.28193],[8.70918,47.2819],[8.70811,47.28155]],[[8.70926,47.29598],[8.70879,47.29581]],[[8.7125,47.27461],[8.7117,47.27536],[8.71025,47.27473],[8.70852,47.27477]],[[8.71094,47.26891],[8.70964,47.26952],[8.70916,47.26923]],[[8.70987,47.28813],[8.70984,47.28813]],[[8.70987,47.28813],[8.70984,47.28814]],[[8.71226,47.28847],[8.71162,47.28783],[8.70987,47.28813]],[[8.7125,47.27461],[8.71057,47.27428],[8.7097,47.27367]],[[8.71029,47.28193],[8.70991,47.28243]],[[8.71116,47.28226],[8.71029,47.28193]],[[8.71196,47.2697],[8.71042,47.26995]],[[8.71264,47.28518],[8.71256,47.28474],[8.71305,47.28394],[8.71296,47.28337],[8.71214,47.28278],[8.71207,47.28249],[8.71116,47.28226]],[[8.71196,47.2697],[8.71138,47.26954],[8.71094,47.26891]],[[8.71094,47.26891],[8.71083,47.26853],[8.7111,47.26819]],[[8.71297,47.26982],[8.71196,47.2697]],[[8.71285,47.2892],[8.7125,47.28857]],[[8.71427,47.28682],[8.71278,47.28603],[8.71264,47.28518]],[[8.71433,47.27538],[8.71343,47.27522],[8.713,47.27467],[8.7125,47.27461]],[[8.71366,47.29031],[8.71324,47.2899]],[[8.71451,47.27216],[8.71445,47.27164],[8.7136,47.27088],[8.71297,47.26982]],[[8.71297,47.26982],[8.71306,47.2693]],[[8.71543,47.2916],[8.71448,47.29168],[8.71386,47.29134],[8.71339,47.29075],[8.71366,47.29031]],[[8.71366,47.29031],[8.7139,47.28968],[8.7144,47.2894]],[[8.71524,47.29805],[8.71417,47.29766]],[[8.7144,47.2894],[8.71486,47.2892],[8.71445,47.28863],[8.71468,47.28795],[8.71447,47.28768],[8.71378,47.2876],[8.71427,47.28682]],[[8.71427,47.28682],[8.71469,47.28637],[8.71549,47.28599],[8.71603,47.28604],[8.71737,47.28551]],[[8.71762,47.27885],[8.71713,47.27856],[8.71691,47.27805],[8.71603,47.27781],[8.71575,47.27756],[8.71465,47.27619],[8.71433,47.27538]],[[8.71433,47.27538],[8.7147,47.27473],[8.71474,47.2735]],[[8.7157,47.29168],[8.71543,47.2916]],[[8.71543,47.2916],[8.71682,47.29065]],[[8.71599,47.28197],[8.71545,47.28177]],[[8.71984,47.30107],[8.71922,47.30074],[8.71877,47.30021],[8.71643,47.29909],[8.71617,47.29837]],[[8.71942,47.29395],[8.71886,47.29379],[8.71881,47.29329],[8.71833,47.29301],[8.71761,47.29306],[8.71702,47.29288],[8.71684,47.29241]],[[8.71673,47.2822],[8.71672,47.28217]],[[8.71673,47.2822],[8.71672,47.28219]],[[8.71737,47.28551],[8.71748,47.28384],[8.71701,47.28342],[8.71673,47.2822]],[[8.717,47.28169],[8.71764,47.28099],[8.71742,47.28066],[8.71839,47.27965],[8.71786,47.27898]],[[8.71737,47.28551],[8.71987,47.28539],[8.72191,47.2842],[8.72193,47.28399],[8.72262,47.28353],[8.72217,47.28349]],[[8.71857,47.29543],[8.71848,47.29576]],[[8.72005,47.29627],[8.71851,47.29701]],[[8.71968,47.29406],[8.7191,47.29431],[8.71875,47.29516]],[[8.71968,47.29406],[8.71942,47.29395]],[[8.71942,47.29395],[8.71978,47.29329]],[[8.71911,47.27378],[8.71935,47.27245],[8.71976,47.27209]],[[8.72016,47.29498],[8.72027,47.2945],[8.71968,47.29406]],[[8.72218,47.29805],[8.7217,47.2974],[8.7211,47.29737],[8.72014,47.29674],[8.72005,47.29627]],[[8.72005,47.29627],[8.72007,47.29604]],[[8.72007,47.29604],[8.72032,47.29538],[8.72016,47.29498]],[[8.72016,47.29498],[8.72082,47.29481],[8.72125,47.29447],[8.72294,47.29494]],[[8.72018,47.29329],[8.72203,47.29333],[8.7225,47.2927],[8.72288,47.29262],[8.72376,47.29192]],[[8.72268,47.27739],[8.72185,47.2771],[8.71956,47.27535],[8.71988,47.27415]],[[8.7201,47.26801],[8.7204,47.26762]],[[8.7204,47.26762],[8.7204,47.26762]],[[8.7204,47.26762],[8.72132,47.26738],[8.72125,47.26686],[8.72374,47.26578],[8.72593,47.26413]],[[8.7217,47.30956],[8.72206,47.30916],[8.72283,47.30886],[8.72441,47.30714]],[[8.72171,47.30957],[8.72172,47.30957]],[[8.72223,47.30099],[8.72217,47.30098]],[[8.72441,47.30714],[8.72459,47.30665],[8.72432,47.30629],[8.72441,47.3058],[8.72326,47.30522],[8.72219,47.3033],[8.7225,47.30213],[8.72223,47.30099]],[[8.72223,47.30099],[8.72225,47.30022],[8.72302,47.29944],[8.72196,47.29874],[8.72218,47.29805]],[[8.72217,47.28349],[8.72172,47.28303],[8.72168,47.28144],[8.72123,47.28053],[8.72158,47.28045],[8.72166,47.27991],[8.722,47.27979],[8.72211,47.27892]],[[8.72217,47.28349],[8.72291,47.28313]],[[8.72211,47.27892],[8.72234,47.27854],[8.72214,47.2783],[8.72246,47.27816],[8.72216,47.27786],[8.72244,47.27783],[8.72268,47.27739]],[[8.72211,47.27892],[8.72213,47.27892]],[[8.72294,47.29494],[8.72338,47.29527]],[[8.72294,47.29494],[8.72379,47.29426],[8.72518,47.29418],[8.72567,47.29392],[8.72565,47.29355],[8.7267,47.29251],[8.72809,47.29188],[8.72856,47.29142],[8.73029,47.29132],[8.73062,47.29063],[8.73029,47.28945]],[[8.72268,47.27739],[8.72296,47.27715]],[[8.72296,47.27715],[8.72292,47.27709]],[[8.72296,47.27715],[8.72341,47.27708],[8.7237,47.27716],[8.72564,47.27652],[8.72611,47.27564],[8.72871,47.27427]],[[8.72299,47.27677],[8.72338,47.27616]],[[8.72353,47.27593],[8.72361,47.2758]],[[8.72441,47.30714],[8.72454,47.30714],[8.72464,47.30707],[8.72477,47.30685]],[[8.72591,47.26363],[8.72557,47.26341],[8.72499,47.26358]],[[8.72626,47.27074],[8.72608,47.27062],[8.72621,47.27005]],[[8.72662,47.27151],[8.72638,47.27137]],[[8.72871,47.27427],[8.72691,47.27243],[8.72707,47.27183],[8.72662,47.27151]],[[8.72662,47.27151],[8.72851,47.2703],[8.72888,47.27028]],[[8.72741,47.26887],[8.72795,47.26837],[8.72822,47.26759]],[[8.72869,47.27723],[8.72975,47.27672]],[[8.72871,47.27427],[8.72887,47.27419]],[[8.72939,47.2978],[8.73023,47.29712]],[[8.72952,47.28888],[8.7283,47.28751],[8.72967,47.28663]],[[8.72938,47.28079],[8.73023,47.27898]],[[8.72967,47.28663],[8.72969,47.28665]],[[8.72967,47.28663],[8.73125,47.28574],[8.73208,47.2849]],[[8.73029,47.28945],[8.73025,47.28941]],[[8.73029,47.28945],[8.7304,47.28939]],[[8.73023,47.27898],[8.73041,47.27844]],[[8.73023,47.27898],[8.73053,47.27889]],[[8.73177,47.28356],[8.7313,47.28303],[8.73126,47.28273],[8.73156,47.2825]],[[8.73156,47.2825],[8.73199,47.28127]],[[8.73156,47.2825],[8.73158,47.2825]],[[8.73154,47.26815],[8.73272,47.2665],[8.73411,47.26574]],[[8.73208,47.2849],[8.73207,47.28485]],[[8.73199,47.28127],[8.73202,47.28123]],[[8.73208,47.2849],[8.73214,47.28491]],[[8.73202,47.28108],[8.73294,47.28034],[8.73412,47.27995],[8.73528,47.2793]],[[8.73398,47.27001],[8.73349,47.26963]],[[8.73483,47.26433],[8.73379,47.26325]],[[8.73654,47.27836],[8.73676,47.27794],[8.73649,47.27753],[8.73729,47.27657]],[[8.73664,47.26642],[8.73652,47.26628],[8.73724,47.26599],[8.73723,47.26581]],[[8.73762,47.28129],[8.7383,47.2811],[8.73913,47.28055]],[[8.73812,47.28268],[8.73903,47.28177],[8.74072,47.28122],[8.74341,47.2799],[8.74611,47.2795],[8.74791,47.27857],[8.74987,47.27794]],[[8.73815,47.27448],[8.73832,47.27438]],[[8.73829,47.26791],[8.73855,47.2676],[8.7381,47.26733]],[[8.73934,47.27843],[8.74168,47.27675]],[[8.7391,47.26486],[8.74021,47.2642]],[[8.74741,47.27492],[8.74665,47.27487],[8.74595,47.27455]],[[8.74987,47.27794],[8.74986,47.27792]],[[8.74987,47.27794],[8.75088,47.27763]]]}},{"type":"Feature","properties":{"id":"tueftalerbach-moenchaltorf-revier-255-zh","c":"ZH","p":"pacht","q":"official","k":"river"},"geometry":{"type":"MultiLineString","coordinates":[[[8.67086,47.29729],[8.66989,47.29718],[8.66941,47.2973]],[[8.67026,47.29705],[8.67011,47.29705]],[[8.67026,47.29705],[8.67019,47.29699]],[[8.67086,47.29729],[8.67026,47.29705]],[[8.67419,47.29937],[8.67299,47.29966],[8.67203,47.29896],[8.67074,47.29853],[8.67055,47.29819]],[[8.67105,47.29679],[8.67083,47.29681]],[[8.67321,47.2983],[8.67086,47.29729]],[[8.67105,47.29679],[8.6709,47.29668]],[[8.67865,47.29954],[8.67847,47.29895],[8.67673,47.29725],[8.67495,47.29657],[8.67098,47.29422]],[[8.67138,47.29679],[8.67105,47.29679]],[[8.67138,47.29679],[8.67115,47.29637]],[[8.67321,47.2983],[8.67303,47.29785],[8.67172,47.29717],[8.67138,47.29679]],[[8.67419,47.29937],[8.67321,47.2983]],[[8.67865,47.29954],[8.6775,47.29946],[8.67634,47.30009],[8.67526,47.29988],[8.67437,47.29941],[8.67427,47.29936],[8.67419,47.29937]],[[8.68658,47.29405],[8.68375,47.29326],[8.6817,47.29319],[8.6799,47.29264],[8.67911,47.29273],[8.67822,47.29241],[8.67739,47.2926],[8.67598,47.29145],[8.67466,47.29118]],[[8.68238,47.29735],[8.68154,47.29703],[8.68083,47.29653],[8.68051,47.29595],[8.67939,47.29534],[8.67811,47.29495],[8.67724,47.29514],[8.67618,47.29462]],[[8.68378,47.30042],[8.68273,47.30069],[8.68136,47.29993],[8.67945,47.29979],[8.67865,47.29954]],[[8.6857,47.29315],[8.68478,47.29307],[8.68348,47.29219],[8.68278,47.29218],[8.68206,47.29192],[8.68161,47.29198],[8.68096,47.29148]],[[8.68428,47.298],[8.68265,47.29746]],[[8.68727,47.30036],[8.68575,47.3003],[8.68469,47.30065],[8.68406,47.30047]],[[8.6865,47.29819],[8.68456,47.29807]],[[8.68658,47.29405],[8.68622,47.29341]],[[8.68975,47.2955],[8.68812,47.29506],[8.68658,47.29405]],[[8.68908,47.29816],[8.68738,47.29796]],[[8.68814,47.29615],[8.68757,47.29609],[8.68748,47.29591]],[[8.69002,47.28899],[8.68847,47.28882],[8.68761,47.28838]],[[8.69232,47.28779],[8.69068,47.2878],[8.68904,47.28758],[8.68807,47.28722]],[[8.68848,47.2922],[8.68833,47.29212]],[[8.69001,47.30052],[8.68932,47.30069]],[[8.69102,47.2922],[8.68938,47.29256]],[[8.69139,47.29801],[8.68956,47.29806]],[[8.68975,47.2955],[8.68972,47.2955]],[[8.69261,47.2962],[8.69192,47.29544],[8.6909,47.29556],[8.68975,47.2955]],[[8.69092,47.29998],[8.69033,47.30038]],[[8.69247,47.29082],[8.69195,47.29048],[8.69103,47.2891],[8.69061,47.28891]],[[8.69112,47.2999],[8.69095,47.29996],[8.69092,47.29998]],[[8.69122,47.29994],[8.69092,47.29998]],[[8.69122,47.29994],[8.69121,47.29994]],[[8.69123,47.29995],[8.69122,47.29994]],[[8.69234,47.29896],[8.69181,47.29973],[8.69122,47.29994]],[[8.69179,47.29183],[8.6913,47.29207]],[[8.69416,47.28574],[8.69302,47.28523],[8.69142,47.28503]],[[8.692,47.28712],[8.69189,47.28712]],[[8.69232,47.28779],[8.692,47.28712]],[[8.692,47.28712],[8.692,47.28661]],[[8.69381,47.28831],[8.69357,47.28809],[8.69232,47.28779]],[[8.69275,47.29625],[8.69261,47.2962]],[[8.69375,47.29623],[8.69275,47.29625]],[[8.6952,47.29456],[8.69428,47.294],[8.69385,47.29323]],[[8.69423,47.28863],[8.69401,47.28845]],[[8.69572,47.2968],[8.69455,47.29654]],[[8.69572,47.2968],[8.69467,47.29764]],[[8.69924,47.29259],[8.69916,47.2922],[8.69844,47.29172],[8.69844,47.29144],[8.69587,47.29108],[8.69531,47.2901],[8.69444,47.28984],[8.69462,47.28933]],[[8.69537,47.28629],[8.69458,47.28602]],[[8.69972,47.29498],[8.69866,47.29481],[8.69572,47.2968]],[[8.69595,47.28673],[8.69548,47.28645]],[[8.69789,47.29998],[8.69613,47.30002]],[[8.69656,47.29468],[8.69605,47.29469]],[[8.69943,47.29441],[8.69888,47.29429],[8.69829,47.29456],[8.69685,47.29469]],[[8.69766,47.28703],[8.69735,47.28695]],[[8.70152,47.29826],[8.70013,47.29833],[8.69919,47.29816],[8.69816,47.29827],[8.69784,47.29815]],[[8.69766,47.28703],[8.69765,47.28678]],[[8.69899,47.2877],[8.69821,47.28744],[8.69766,47.28703]],[[8.70383,47.30079],[8.70319,47.3008],[8.70107,47.29998],[8.69883,47.30007]],[[8.69899,47.2877],[8.69887,47.28718]],[[8.70148,47.29229],[8.7011,47.29098],[8.70004,47.28975],[8.70012,47.28936],[8.69922,47.28888],[8.69899,47.2877]],[[8.69943,47.29441],[8.69918,47.29371]],[[8.69972,47.29498],[8.69943,47.29441]],[[8.70141,47.29561],[8.70056,47.29509],[8.70039,47.29516],[8.70025,47.29504],[8.69993,47.29508],[8.69989,47.29495],[8.69972,47.29498]],[[8.70483,47.3019],[8.70407,47.30244],[8.70341,47.30244],[8.70337,47.30279],[8.703,47.30296],[8.70241,47.30314],[8.70149,47.3031],[8.70056,47.30338]],[[8.70152,47.29826],[8.70206,47.29754],[8.70172,47.29742],[8.70178,47.29649],[8.70136,47.29629],[8.70145,47.29607],[8.70124,47.29596],[8.70141,47.29561]],[[8.70141,47.29561],[8.70173,47.29417],[8.70219,47.29358],[8.70136,47.29251]],[[8.70218,47.2986],[8.70152,47.29826]],[[8.70383,47.30079],[8.70411,47.30022],[8.70381,47.29997],[8.70395,47.29955],[8.70244,47.29866]],[[8.70483,47.3019],[8.70474,47.30161],[8.70407,47.3016],[8.70352,47.30122],[8.70383,47.30079]],[[8.71035,47.30414],[8.70856,47.3039],[8.70774,47.30393],[8.70742,47.30413],[8.70727,47.30366],[8.70676,47.30342],[8.70663,47.30296],[8.70584,47.30272],[8.70571,47.30232],[8.70511,47.30221],[8.70483,47.3019]],[[8.70929,47.30193],[8.70885,47.30192]],[[8.70929,47.30193],[8.70895,47.30149],[8.71009,47.30049],[8.70982,47.30022]],[[8.70989,47.30202],[8.70957,47.30189],[8.70929,47.30193]],[[8.71035,47.30414],[8.71035,47.30317],[8.70989,47.30202]],[[8.70989,47.30202],[8.71069,47.30155]],[[8.72045,47.31],[8.71649,47.3088],[8.71568,47.30829],[8.71417,47.30584],[8.71258,47.30501],[8.71256,47.30468],[8.71213,47.30473],[8.71131,47.30451],[8.7111,47.30461],[8.7109,47.30441],[8.71039,47.30412],[8.71035,47.30414]],[[8.72045,47.31],[8.72045,47.31]],[[8.72048,47.31003],[8.72045,47.31]]]}},{"type":"Feature","properties":{"id":"riedikerbach-revier-256-zh","c":"ZH","p":"pacht","q":"official","k":"river"},"geometry":{"type":"MultiLineString","coordinates":[[[8.70766,47.33066],[8.71019,47.33027],[8.71082,47.33049],[8.71094,47.33075]],[[8.7113,47.33099],[8.71209,47.33128],[8.71309,47.33102]],[[8.71309,47.33102],[8.71495,47.33285],[8.71624,47.33328]],[[8.71309,47.33102],[8.71702,47.32974],[8.71953,47.32973],[8.72245,47.33063],[8.72302,47.33059],[8.72384,47.3302]],[[8.71624,47.33328],[8.71787,47.3337]],[[8.71624,47.33328],[8.71641,47.33325]],[[8.71664,47.3333],[8.71697,47.3334]],[[8.71722,47.33344],[8.71787,47.3337]],[[8.71787,47.3337],[8.71869,47.33402],[8.71936,47.33456],[8.72071,47.33624],[8.7209,47.33743],[8.72201,47.33816],[8.72495,47.33828],[8.72827,47.33761]],[[8.72384,47.3302],[8.72586,47.33191]],[[8.72384,47.3302],[8.72584,47.32901],[8.72795,47.3246],[8.72857,47.32403],[8.72989,47.32345]],[[8.72586,47.33191],[8.72596,47.33194]],[[8.72586,47.33191],[8.72692,47.33271],[8.72779,47.33238]],[[8.72779,47.33228],[8.72789,47.33232]],[[8.72779,47.33238],[8.72789,47.33232]],[[8.72779,47.33238],[8.72801,47.33237]],[[8.72789,47.33232],[8.72801,47.33237]],[[8.72801,47.33237],[8.72954,47.33319],[8.73371,47.33331],[8.73403,47.33318],[8.73395,47.33299],[8.736,47.33192],[8.73722,47.33052],[8.73798,47.33012],[8.73893,47.32924],[8.73998,47.32889],[8.74139,47.32803]],[[8.72943,47.33742],[8.72987,47.33733]],[[8.72987,47.33733],[8.73022,47.33721]],[[8.72987,47.33733],[8.7302,47.33718]],[[8.72989,47.32345],[8.73374,47.32487],[8.73468,47.32462],[8.73507,47.32486],[8.73682,47.32483],[8.73715,47.32435],[8.73817,47.32381],[8.74182,47.32073]],[[8.72989,47.32345],[8.7308,47.32282],[8.73129,47.32192]],[[8.73031,47.33715],[8.73269,47.33524],[8.73347,47.33484],[8.73436,47.33468]],[[8.73436,47.33468],[8.73455,47.33469]],[[8.73436,47.33468],[8.73442,47.33467],[8.73455,47.33469]],[[8.73455,47.33469],[8.73576,47.33404],[8.73715,47.33377],[8.73791,47.33309],[8.73995,47.33196],[8.74273,47.33116]],[[8.73496,47.32828],[8.73663,47.32747]],[[8.73702,47.32736],[8.73752,47.32714],[8.73819,47.32714]],[[8.74157,47.31429],[8.74309,47.31325]],[[8.74193,47.32794],[8.743,47.32781],[8.74504,47.32685]],[[8.74182,47.32073],[8.74233,47.3203],[8.74458,47.32012],[8.7462,47.32037],[8.74913,47.31968],[8.7519,47.3184],[8.75365,47.31717],[8.75617,47.31656]],[[8.74182,47.32073],[8.74209,47.32052]],[[8.74358,47.33117],[8.74606,47.33038]],[[8.74737,47.33005],[8.75227,47.32986],[8.7528,47.32968]],[[8.75341,47.32948],[8.75504,47.32912],[8.75604,47.32845],[8.75684,47.32883]],[[8.75617,47.31656],[8.75663,47.31658],[8.7573,47.3175],[8.75719,47.31772]],[[8.75705,47.31816],[8.7569,47.31897],[8.75709,47.31933]],[[8.75847,47.32233],[8.76051,47.32232]]]}},{"type":"Feature","properties":{"id":"werrikerbach-revier-257-zh","c":"ZH","p":"pacht","q":"official","k":"river"},"geometry":{"type":"MultiLineString","coordinates":[[[8.67563,47.3636],[8.67619,47.36384]],[[8.67614,47.36364],[8.67619,47.36384]],[[8.67619,47.36384],[8.67725,47.36446],[8.67726,47.36484]],[[8.67724,47.36492],[8.67746,47.36545],[8.67884,47.36624],[8.67903,47.36676],[8.6798,47.36741],[8.6803,47.36753]],[[8.67726,47.36484],[8.67724,47.36492]],[[8.68059,47.36751],[8.68396,47.36781],[8.68501,47.36751],[8.68584,47.36692]],[[8.68584,47.36692],[8.68709,47.36831]],[[8.68584,47.36692],[8.68659,47.36642],[8.68764,47.36606],[8.69049,47.36583],[8.69211,47.36545],[8.69375,47.36603],[8.6951,47.36593],[8.69584,47.36555],[8.69681,47.36455],[8.69832,47.36363],[8.69952,47.36178],[8.7006,47.3613],[8.70199,47.36163]],[[8.6876,47.36867],[8.6888,47.36963],[8.68886,47.36988],[8.69039,47.37095]],[[8.69455,47.36994],[8.69469,47.36991]],[[8.69533,47.36976],[8.69754,47.36922],[8.70014,47.36887]],[[8.70014,47.36887],[8.7007,47.36891],[8.70124,47.3687],[8.70292,47.36904],[8.70577,47.36995],[8.70788,47.36986],[8.7086,47.37027]],[[8.70014,47.36887],[8.70054,47.36856],[8.70106,47.36748]],[[8.70266,47.35494],[8.70138,47.35575]],[[8.70199,47.36163],[8.70254,47.36232],[8.70311,47.36267],[8.70417,47.36262],[8.70572,47.36291],[8.7059,47.36365],[8.7071,47.36381],[8.70782,47.36414]],[[8.70199,47.36163],[8.70204,47.36161]],[[8.70307,47.35472],[8.70289,47.35476]],[[8.70307,47.35472],[8.70285,47.35396],[8.70304,47.35366]],[[8.70446,47.35782],[8.70399,47.35743],[8.7039,47.35605],[8.70415,47.35591],[8.70307,47.35472]],[[8.70358,47.36065],[8.70694,47.35975],[8.7086,47.36088],[8.70936,47.36086]],[[8.70382,47.36017],[8.70459,47.35886],[8.70443,47.35871],[8.70493,47.3584],[8.70464,47.35798]],[[8.70957,47.37049],[8.71159,47.36973]],[[8.7118,47.36966],[8.71197,47.36954]],[[8.71247,47.36931],[8.71297,47.36907]],[[8.72034,47.37217],[8.72201,47.37319]],[[8.72237,47.3733],[8.72407,47.37373],[8.7255,47.37433]],[[8.72637,47.37453],[8.72883,47.37454],[8.73095,47.37431]],[[8.76689,47.36304],[8.76636,47.36318]],[[8.77081,47.36205],[8.76726,47.36295]]]}},{"type":"Feature","properties":{"id":"greifenseezufluesse-pfannenstiel-revier-258-zh","c":"ZH","p":"pacht","q":"official","k":"river","fr":1},"geometry":{"type":"MultiLineString","coordinates":[[[8.63898,47.35113],[8.63844,47.35022],[8.63865,47.34947]],[[8.64101,47.35249],[8.64082,47.35233]],[[8.6443,47.35715],[8.64318,47.3564],[8.64267,47.3553],[8.64217,47.35492],[8.64203,47.35456],[8.64224,47.35377],[8.64121,47.35261]],[[8.64288,47.34305],[8.64202,47.34272],[8.6417,47.34231],[8.6419,47.34121],[8.64282,47.34023],[8.64284,47.33909]],[[8.64285,47.33878],[8.64282,47.33867]],[[8.64283,47.33891],[8.64285,47.33878]],[[8.64285,47.33878],[8.64288,47.33878]],[[8.65303,47.3668],[8.65081,47.36571],[8.6479,47.36394],[8.64729,47.36308],[8.64582,47.36267],[8.64569,47.36245],[8.64603,47.36205],[8.64561,47.36176],[8.64569,47.36143],[8.64482,47.36096],[8.64447,47.36035],[8.64332,47.35951],[8.64327,47.35894],[8.64359,47.35881],[8.6435,47.35855],[8.64394,47.35821],[8.64382,47.35743],[8.6443,47.35715]],[[8.6443,47.35715],[8.64468,47.35686],[8.64457,47.35668]],[[8.64841,47.34599],[8.64726,47.34551],[8.64656,47.34442],[8.64514,47.34392],[8.64403,47.34415]],[[8.64525,47.34116],[8.64421,47.34066],[8.64403,47.34024],[8.64419,47.33953]],[[8.64625,47.33881],[8.64539,47.3387]],[[8.64616,47.33849],[8.6455,47.33825]],[[8.64625,47.33881],[8.64616,47.33849]],[[8.64616,47.33849],[8.64616,47.33761]],[[8.64731,47.33965],[8.64625,47.33881]],[[8.6495,47.3441],[8.64826,47.34324]],[[8.65,47.33658],[8.64815,47.33648]],[[8.64877,47.33511],[8.64867,47.33515]],[[8.64877,47.33511],[8.64869,47.33505]],[[8.65002,47.33527],[8.64877,47.33511]],[[8.65101,47.34644],[8.6506,47.34607]],[[8.66382,47.35377],[8.66335,47.35371],[8.66275,47.3532],[8.66139,47.35263],[8.66072,47.35192],[8.65912,47.35167],[8.6569,47.35081],[8.65639,47.35094],[8.65557,47.35058],[8.65516,47.35071],[8.65418,47.35009],[8.65283,47.34955],[8.65123,47.34785],[8.65136,47.34682]],[[8.65334,47.33056],[8.65282,47.33064],[8.65206,47.33048],[8.65146,47.33001]],[[8.65343,47.34108],[8.6534,47.34107]],[[8.6542,47.34114],[8.65371,47.34113]],[[8.6542,47.34114],[8.65418,47.34113]],[[8.66071,47.34314],[8.65939,47.34204],[8.65884,47.34183],[8.658,47.34181],[8.65622,47.34101],[8.65528,47.34095],[8.6542,47.34114]],[[8.65561,47.33064],[8.65525,47.33055]],[[8.65865,47.33066],[8.65735,47.33106],[8.65669,47.33168],[8.65595,47.33083]],[[8.65953,47.3378],[8.65902,47.33783],[8.65857,47.33753],[8.65673,47.33763]],[[8.6576,47.3288],[8.65702,47.32862]],[[8.65865,47.33066],[8.65759,47.32943],[8.6576,47.3288]],[[8.6576,47.3288],[8.65887,47.32693],[8.6587,47.32597]],[[8.66125,47.31772],[8.65994,47.31689],[8.65815,47.31639]],[[8.66321,47.33371],[8.66241,47.33357],[8.6623,47.3333],[8.66159,47.33293],[8.66111,47.33211],[8.66027,47.33161],[8.66008,47.33117],[8.65865,47.33066]],[[8.66016,47.34412],[8.65932,47.34393]],[[8.66179,47.3439],[8.66103,47.3432]],[[8.66323,47.31596],[8.66194,47.31573],[8.66104,47.31526]],[[8.66179,47.3439],[8.66175,47.34392]],[[8.66358,47.3443],[8.66263,47.34388],[8.66244,47.34384],[8.66186,47.34391],[8.66179,47.3439]],[[8.66493,47.31568],[8.66498,47.31491],[8.664,47.31486],[8.66374,47.31502],[8.66326,47.31477],[8.66247,47.31473],[8.66129,47.31412]],[[8.66327,47.33374],[8.66176,47.33445]],[[8.66217,47.32185],[8.66194,47.32153]],[[8.66368,47.3086],[8.66312,47.30865],[8.66211,47.3084]],[[8.66462,47.30987],[8.66365,47.31005],[8.66216,47.30978]],[[8.66341,47.32257],[8.66245,47.32201]],[[8.66321,47.33371],[8.66296,47.33233]],[[8.66325,47.33372],[8.66321,47.33371]],[[8.66327,47.33374],[8.66325,47.33372]],[[8.66325,47.33372],[8.66417,47.33287]],[[8.66779,47.33745],[8.66646,47.33679],[8.66526,47.33521],[8.66412,47.33482],[8.66327,47.33374]],[[8.66358,47.3443],[8.66353,47.34395]],[[8.66523,47.34494],[8.66358,47.3443]],[[8.66779,47.33745],[8.66673,47.33795],[8.66581,47.33772],[8.66347,47.33805]],[[8.66352,47.30547],[8.66308,47.30468]],[[8.66462,47.30987],[8.66442,47.30935],[8.66368,47.3086]],[[8.66368,47.3086],[8.66321,47.30791],[8.66346,47.30726],[8.66389,47.30674],[8.66462,47.30638],[8.66377,47.30569]],[[8.66761,47.32389],[8.66696,47.32428],[8.6659,47.32427],[8.66435,47.32298]],[[8.66951,47.34685],[8.66763,47.34587],[8.6663,47.34573],[8.66542,47.34507]],[[8.67166,47.31376],[8.66999,47.31169],[8.66828,47.31102],[8.66796,47.31117],[8.66668,47.31093],[8.66462,47.30987]],[[8.66486,47.3161],[8.66486,47.3161]],[[8.66547,47.31652],[8.66486,47.3161]],[[8.66486,47.3161],[8.66486,47.31609]],[[8.66701,47.31742],[8.66635,47.31695]],[[8.66942,47.33998],[8.66826,47.3387],[8.66779,47.33745]],[[8.66998,47.31863],[8.66846,47.31816],[8.66767,47.31768]],[[8.66803,47.32381],[8.66793,47.32381]],[[8.67968,47.33105],[8.67922,47.33061],[8.6785,47.33041],[8.67733,47.32966],[8.6763,47.32794],[8.67409,47.32633],[8.6729,47.32618],[8.6717,47.32563],[8.67064,47.32572],[8.66906,47.32521],[8.66857,47.32498],[8.66803,47.32381]],[[8.66803,47.32381],[8.66779,47.32368],[8.66771,47.32319],[8.66814,47.32268],[8.6685,47.32153]],[[8.675,47.34533],[8.67101,47.34255],[8.66969,47.34058]],[[8.67008,47.31864],[8.66998,47.31863]],[[8.6704,47.31868],[8.66998,47.31863]],[[8.6704,47.31868],[8.67038,47.31867]],[[8.67145,47.31937],[8.6704,47.31868]],[[8.67325,47.31949],[8.67173,47.31936]],[[8.67284,47.31451],[8.67189,47.31406]],[[8.67422,47.33004],[8.67325,47.32966],[8.67261,47.32967]],[[8.67355,47.3245],[8.67296,47.32428]],[[8.67303,47.32054],[8.67295,47.3204]],[[8.67303,47.32054],[8.67296,47.32051]],[[8.67491,47.32436],[8.67501,47.32342],[8.67453,47.32261],[8.67456,47.32133],[8.67402,47.32119],[8.67303,47.32054]],[[8.67623,47.31974],[8.67609,47.31874],[8.67561,47.31827],[8.67609,47.31636],[8.6755,47.31554],[8.67317,47.31461]],[[8.67623,47.31974],[8.67554,47.31977],[8.67405,47.31949]],[[8.67491,47.32436],[8.67451,47.3244]],[[8.67535,47.34573],[8.675,47.34533]],[[8.67968,47.33105],[8.67654,47.33167],[8.67585,47.33145],[8.67486,47.33069]],[[8.68774,47.33051],[8.68546,47.32914],[8.68327,47.3273],[8.68332,47.32714],[8.68292,47.32699],[8.68179,47.32702],[8.68048,47.32603],[8.67775,47.32575],[8.67647,47.32498],[8.67514,47.32468],[8.67491,47.32436]],[[8.68406,47.32598],[8.68373,47.32602],[8.68285,47.32568],[8.68239,47.32509],[8.68154,47.32506],[8.68051,47.32417],[8.68015,47.32412],[8.67965,47.32198],[8.67903,47.32163],[8.67899,47.32105],[8.67806,47.32033],[8.67687,47.32022],[8.67623,47.31974]],[[8.68549,47.33449],[8.68295,47.33358],[8.68231,47.33285],[8.6814,47.33257],[8.68075,47.33212],[8.67968,47.33105]],[[8.68335,47.32316],[8.68314,47.32281]],[[8.68517,47.32368],[8.6842,47.32367],[8.68346,47.32333]],[[8.68665,47.3247],[8.68516,47.32522],[8.68496,47.32566],[8.68444,47.32583]],[[8.68548,47.32371],[8.68544,47.3237]],[[8.68665,47.3247],[8.68665,47.32469]],[[8.69087,47.3238],[8.68933,47.32363],[8.68799,47.32327],[8.68722,47.32385],[8.68665,47.3247]]]}},{"type":"Feature","properties":{"id":"breitibach-duebendorf-revier-266-zh","c":"ZH","p":"pacht","q":"official","k":"river"},"geometry":{"type":"MultiLineString","coordinates":[[[8.59114,47.37239],[8.59099,47.37231]],[[8.59138,47.37266],[8.59114,47.37239]],[[8.59114,47.37239],[8.59125,47.37211]],[[8.59231,47.37324],[8.59393,47.37272]],[[8.59361,47.38209],[8.5925,47.38169]],[[8.5928,47.37354],[8.5929,47.37357]],[[8.59477,47.384],[8.59432,47.38386],[8.59476,47.38294],[8.59386,47.38224]],[[8.59681,47.38808],[8.59554,47.38586],[8.59537,47.38484],[8.59476,47.38431]],[[8.59521,47.37898],[8.59518,47.379]],[[8.59521,47.37898],[8.59518,47.37895]],[[8.59732,47.38123],[8.59662,47.37987],[8.59521,47.37898]],[[8.59769,47.37931],[8.5973,47.37828],[8.59584,47.37724],[8.59553,47.37677]],[[8.6055,47.39537],[8.60407,47.39524],[8.60389,47.3948],[8.5989,47.39028],[8.59919,47.38979],[8.59902,47.38946],[8.59695,47.38829]],[[8.59865,47.3799],[8.59796,47.37981],[8.59772,47.37952]],[[8.59899,47.38165],[8.59865,47.3799]],[[8.59865,47.3799],[8.59945,47.37868]],[[8.60694,47.38057],[8.60538,47.38008],[8.6045,47.37934],[8.60404,47.37833],[8.60292,47.3781],[8.60129,47.37677],[8.59914,47.37549],[8.59849,47.37483],[8.59819,47.37403],[8.59862,47.37313]],[[8.59987,47.38224],[8.5991,47.38184]],[[8.59987,47.38224],[8.59975,47.38215]],[[8.60511,47.3883],[8.60454,47.38811],[8.60416,47.38769],[8.60409,47.38714],[8.60436,47.38662],[8.60419,47.38633],[8.60269,47.38503],[8.60242,47.38505],[8.60186,47.38461],[8.60089,47.38431],[8.59987,47.38224]],[[8.60265,47.37242],[8.60173,47.37193]],[[8.60718,47.38645],[8.60622,47.38573],[8.60613,47.38533],[8.6053,47.3848],[8.60438,47.38303],[8.60343,47.38253],[8.60279,47.3819],[8.60262,47.38164],[8.60285,47.38109]],[[8.60694,47.38057],[8.60687,47.37964],[8.6071,47.37911],[8.60783,47.37863],[8.60815,47.37814],[8.60795,47.3773],[8.60825,47.37631],[8.60529,47.37539],[8.6043,47.3732],[8.60293,47.37244]],[[8.60634,47.38931],[8.60511,47.3883]],[[8.60511,47.3883],[8.60524,47.38801],[8.60659,47.38723],[8.60718,47.38645]],[[8.60559,47.39558],[8.60556,47.39521],[8.60657,47.39426],[8.60707,47.39269],[8.60882,47.39158]],[[8.6078,47.39984],[8.60737,47.39821],[8.60571,47.39575]],[[8.60922,47.37145],[8.60824,47.37182],[8.60718,47.3716],[8.60567,47.37097]],[[8.60882,47.39158],[8.60634,47.38931]],[[8.60634,47.38931],[8.60634,47.38931]],[[8.61293,47.38899],[8.61056,47.38723],[8.61207,47.38592],[8.61045,47.38453],[8.6088,47.38425],[8.60847,47.38273],[8.60694,47.38057]],[[8.6072,47.38647],[8.60718,47.38645]],[[8.60952,47.37324],[8.60881,47.37418],[8.60812,47.37369],[8.60707,47.37372]],[[8.60825,47.4009],[8.60806,47.39998]],[[8.60882,47.39158],[8.61293,47.38899]],[[8.60925,47.37149],[8.60922,47.37145]],[[8.60922,47.37145],[8.60973,47.37051]],[[8.60998,47.37233],[8.60931,47.37168]],[[8.61075,47.37138],[8.61113,47.37104],[8.61104,47.37076],[8.61011,47.36986],[8.6098,47.36864]],[[8.60999,47.37233],[8.60998,47.37233]],[[8.60998,47.37233],[8.60998,47.37232]],[[8.61447,47.38743],[8.61556,47.38562],[8.61583,47.38464],[8.61643,47.38417],[8.61709,47.383],[8.61558,47.38074],[8.61563,47.38051],[8.61524,47.38037],[8.61463,47.3797],[8.61241,47.37838],[8.61058,47.37673],[8.61019,47.37587],[8.61048,47.3751]],[[8.61293,47.38899],[8.61362,47.38849]]]}},{"type":"Feature","properties":{"id":"sagentobelbach-duebendorf-revier-267-zh","c":"ZH","p":"pacht","q":"official","k":"river"},"geometry":{"type":"MultiLineString","coordinates":[[[8.57979,47.38395],[8.57825,47.38363],[8.57736,47.38314],[8.57581,47.38263]],[[8.57703,47.38146],[8.57584,47.38086]],[[8.57703,47.38146],[8.57673,47.38152]],[[8.58171,47.38289],[8.58133,47.38295],[8.58032,47.38263],[8.57926,47.3818],[8.57703,47.38146]],[[8.57979,47.38395],[8.57918,47.38416]],[[8.58193,47.38375],[8.57979,47.38395]],[[8.58193,47.38375],[8.58171,47.38289]],[[8.58171,47.38289],[8.58201,47.3826]],[[8.58723,47.39203],[8.58642,47.39209],[8.58554,47.39148],[8.58553,47.3907],[8.58494,47.39011],[8.58433,47.38894],[8.58486,47.38696],[8.58429,47.3852],[8.58379,47.38461],[8.58193,47.38375]],[[8.58201,47.3826],[8.58185,47.38169],[8.58242,47.38088]],[[8.58201,47.3826],[8.58413,47.38206]],[[8.58339,47.37888],[8.58222,47.37842],[8.58206,47.37792]],[[8.58271,47.38051],[8.5833,47.37976]],[[8.5833,47.37976],[8.58339,47.37888]],[[8.5833,47.37976],[8.58561,47.37941]],[[8.58339,47.37888],[8.5837,47.3784]],[[8.58367,47.37713],[8.58358,47.37647]],[[8.58406,47.3783],[8.58431,47.37778],[8.58391,47.37757],[8.58387,47.37727]],[[8.58457,47.38189],[8.58762,47.38098],[8.58826,47.38037]],[[8.58538,47.37566],[8.58644,47.37567],[8.58808,47.37521]],[[8.58566,47.37939],[8.58594,47.37915],[8.58609,47.37839],[8.58666,47.37775],[8.58728,47.37749]],[[8.59361,47.39383],[8.59298,47.39381],[8.59207,47.39417],[8.59147,47.39397],[8.59072,47.39428],[8.59057,47.39351],[8.59006,47.39303],[8.58938,47.39279],[8.58801,47.39273],[8.58723,47.39203]],[[8.58723,47.39203],[8.58732,47.39129],[8.58691,47.39098],[8.58672,47.39044],[8.58703,47.3896],[8.58779,47.38889],[8.5877,47.38868]],[[8.58808,47.37521],[8.58808,47.3752]],[[8.58808,47.37521],[8.58918,47.37497],[8.59148,47.37404],[8.59171,47.37374],[8.59138,47.37266]],[[8.58826,47.38037],[8.58899,47.38024],[8.58934,47.37971],[8.59037,47.379],[8.59228,47.37822]],[[8.58826,47.38037],[8.58832,47.3797],[8.58949,47.37881],[8.58941,47.37826],[8.58972,47.37803]],[[8.59174,47.37384],[8.5919,47.3737]],[[8.5919,47.3737],[8.59231,47.37324]],[[8.5919,47.3737],[8.5928,47.37354]],[[8.59228,47.37822],[8.59287,47.37786]],[[8.59228,47.37822],[8.59306,47.37802]],[[8.59293,47.37767],[8.59367,47.37716]],[[8.59573,47.39506],[8.59601,47.39443],[8.59566,47.39393],[8.59361,47.39383]],[[8.59498,47.39672],[8.59478,47.39546],[8.59573,47.39506]],[[8.59518,47.40449],[8.59713,47.40386],[8.59749,47.40343],[8.59526,47.39973],[8.59515,47.39927],[8.59583,47.39866],[8.59593,47.39816],[8.59513,47.39716]],[[8.59579,47.40627],[8.59595,47.40602],[8.59526,47.4048]],[[8.59579,47.40628],[8.5958,47.40627]]]}},{"type":"Feature","properties":{"id":"hinterbergweiher-effretikon-revier-274-zh","c":"ZH","p":"pacht","q":"official","k":"river"},"geometry":{"type":"MultiLineString","coordinates":[[[8.68222,47.4227],[8.68262,47.42291],[8.68306,47.42367],[8.68223,47.42532],[8.68126,47.42657],[8.67994,47.42725],[8.67927,47.42736]],[[8.68185,47.42204],[8.68228,47.4223],[8.68211,47.4225]]]}},{"type":"Feature","properties":{"id":"altbach-kloten-revier-276-zh","c":"ZH","p":"pacht","q":"official","k":"river"},"geometry":{"type":"MultiLineString","coordinates":[[[8.5727,47.4577],[8.57279,47.45769]],[[8.57588,47.4522],[8.57692,47.45242],[8.58172,47.45152]],[[8.58334,47.45122],[8.58488,47.45086]],[[8.58523,47.4508],[8.58661,47.45058]],[[8.58705,47.45051],[8.58908,47.45011]],[[8.58908,47.45011],[8.58923,47.45014]],[[8.58908,47.45011],[8.59095,47.44981]],[[8.59133,47.44977],[8.59268,47.44958],[8.59697,47.44805],[8.59792,47.4475]],[[8.59292,47.45337],[8.59314,47.45356]],[[8.59601,47.45554],[8.59469,47.45705],[8.59584,47.45814],[8.59497,47.45871],[8.5932,47.45919]],[[8.59335,47.45374],[8.59391,47.45423]],[[8.59427,47.45453],[8.59558,47.45513],[8.59601,47.45554]],[[8.59601,47.45554],[8.59617,47.45576]],[[8.59635,47.45594],[8.59673,47.45632]],[[8.59673,47.45632],[8.59941,47.45637],[8.60056,47.45599]],[[8.59673,47.45632],[8.59695,47.45643]],[[8.59812,47.44734],[8.59889,47.44687],[8.60173,47.44591]],[[8.60056,47.45599],[8.60118,47.45608],[8.60296,47.45688],[8.60384,47.4575],[8.60469,47.4585]],[[8.60056,47.45599],[8.60264,47.45503],[8.60395,47.45417]],[[8.60253,47.4458],[8.60594,47.44585],[8.60904,47.44471],[8.61193,47.44407]],[[8.60395,47.45417],[8.60457,47.45468],[8.60602,47.45744],[8.60814,47.45854],[8.60885,47.45931],[8.60975,47.45989]],[[8.60395,47.45417],[8.6044,47.45393],[8.60609,47.45391],[8.60806,47.45398],[8.60942,47.45437],[8.60986,47.45402],[8.61052,47.45386],[8.61257,47.4547]],[[8.61193,47.44407],[8.61208,47.44412]],[[8.61193,47.44407],[8.61431,47.44356]],[[8.61257,47.4547],[8.61294,47.45506]],[[8.61257,47.4547],[8.61243,47.45524],[8.61338,47.45552],[8.61366,47.45587],[8.61342,47.45651]],[[8.61339,47.45502],[8.61558,47.45455],[8.61613,47.45468]],[[8.61431,47.44356],[8.61479,47.444],[8.61699,47.44432]],[[8.61431,47.44356],[8.61569,47.44305],[8.61731,47.44187],[8.6185,47.44139],[8.62173,47.43945],[8.62299,47.4391],[8.62443,47.43945],[8.62539,47.43992],[8.62853,47.44271],[8.62872,47.44309]],[[8.61621,47.45472],[8.61719,47.45549]],[[8.61734,47.44437],[8.61936,47.44466],[8.62237,47.44417],[8.62402,47.44424],[8.628,47.44348]],[[8.61987,47.44985],[8.62082,47.45031]],[[8.62196,47.45072],[8.62373,47.45084],[8.62404,47.45133]],[[8.6235,47.45414],[8.62257,47.45522]],[[8.62404,47.45133],[8.62443,47.45233],[8.62361,47.45396]],[[8.62404,47.45133],[8.62672,47.45154]],[[8.62661,47.45631],[8.62582,47.45643],[8.62529,47.45684]],[[8.62946,47.44363],[8.63073,47.44403],[8.63173,47.44475],[8.63204,47.44517],[8.6319,47.44568],[8.63214,47.44634],[8.63393,47.44638]],[[8.63295,47.45671],[8.63265,47.45702],[8.63299,47.45717],[8.63283,47.4574],[8.63385,47.45812],[8.6341,47.45894]],[[8.63433,47.45209],[8.63298,47.45339]],[[8.63361,47.45033],[8.63473,47.45134],[8.63566,47.45175]],[[8.63393,47.44638],[8.63433,47.44667],[8.6354,47.44684],[8.63569,47.44749],[8.6353,47.44847],[8.63361,47.44967],[8.63344,47.45009],[8.63361,47.45033]],[[8.63361,47.45033],[8.63374,47.45031],[8.63391,47.45036],[8.63456,47.45067],[8.6349,47.4507]],[[8.63393,47.44638],[8.63539,47.44623],[8.63791,47.44447],[8.63947,47.44477],[8.64055,47.44526],[8.64168,47.4454],[8.64242,47.44527],[8.64458,47.44575],[8.64552,47.4456],[8.64571,47.44539],[8.64665,47.44539]],[[8.63451,47.45959],[8.63497,47.46066],[8.63491,47.46147],[8.63436,47.46241]],[[8.63439,47.45923],[8.63451,47.45959]],[[8.63448,47.45959],[8.63451,47.45959]],[[8.6349,47.4507],[8.63713,47.45256]],[[8.6349,47.4507],[8.63492,47.45069],[8.6354,47.45074],[8.63561,47.45073],[8.63574,47.45077],[8.63639,47.45123]],[[8.63566,47.45175],[8.63507,47.45197]],[[8.63566,47.45175],[8.63635,47.45265],[8.63637,47.45302],[8.63672,47.45305],[8.637,47.45368],[8.63738,47.45392],[8.63864,47.45425],[8.63892,47.45454],[8.63985,47.45463],[8.6401,47.45484],[8.64042,47.45477],[8.64092,47.4551]],[[8.64092,47.4551],[8.6425,47.45571],[8.64392,47.45586]],[[8.64092,47.4551],[8.64132,47.45594],[8.64197,47.45622],[8.64221,47.45614],[8.64243,47.45706],[8.64386,47.45812],[8.64396,47.45869],[8.64419,47.45877],[8.64411,47.45928],[8.64465,47.45974]],[[8.64465,47.45974],[8.64474,47.45987],[8.64387,47.46051],[8.64342,47.46132],[8.64251,47.46206],[8.64175,47.4624]],[[8.64392,47.45586],[8.64442,47.45583]],[[8.64392,47.45586],[8.6441,47.45577],[8.64442,47.45583]],[[8.64442,47.45583],[8.64491,47.45568],[8.64625,47.45579],[8.64729,47.45534],[8.64836,47.45614]],[[8.64465,47.45974],[8.64469,47.45976],[8.64512,47.45965],[8.64522,47.45966],[8.64729,47.46057]],[[8.64729,47.46057],[8.64766,47.46097],[8.64714,47.46178],[8.64716,47.46256],[8.6469,47.46315],[8.64594,47.46364],[8.64583,47.46407]],[[8.64665,47.44539],[8.64721,47.44579]],[[8.64665,47.44539],[8.64839,47.44476],[8.64839,47.44456],[8.64957,47.44417],[8.64953,47.44401],[8.64993,47.44381],[8.65274,47.44358],[8.65286,47.44331],[8.65357,47.44353],[8.65381,47.44406],[8.65456,47.44408],[8.65699,47.44524],[8.65759,47.44535],[8.65883,47.44517],[8.65956,47.44496],[8.66141,47.44387],[8.66259,47.44291]],[[8.64729,47.46057],[8.64803,47.4605],[8.64998,47.461]],[[8.64721,47.44579],[8.64734,47.44587]],[[8.64721,47.44579],[8.64767,47.44608]],[[8.64763,47.44606],[8.64767,47.44608]],[[8.64767,47.44608],[8.64824,47.44622],[8.64884,47.44681]],[[8.6486,47.45623],[8.64897,47.45648],[8.64918,47.4572],[8.65195,47.45879]],[[8.64912,47.44702],[8.64971,47.44741]],[[8.65003,47.46207],[8.64991,47.46215]],[[8.64967,47.4474],[8.64971,47.44741]],[[8.64998,47.461],[8.65026,47.46167],[8.65003,47.46207]],[[8.64998,47.461],[8.65041,47.46097],[8.65152,47.4611],[8.65281,47.46165],[8.65313,47.46201]],[[8.65003,47.46207],[8.65009,47.46214]],[[8.64971,47.44741],[8.65115,47.44802],[8.65276,47.4497],[8.65378,47.45017],[8.65471,47.45052],[8.65545,47.45053],[8.65558,47.45069],[8.65658,47.45061]],[[8.65315,47.46257],[8.65224,47.46353],[8.65201,47.46417],[8.65121,47.46458]],[[8.65313,47.46201],[8.65315,47.46257]],[[8.65313,47.46201],[8.65332,47.462],[8.65391,47.4621],[8.65502,47.46244],[8.65506,47.46259]],[[8.65315,47.46257],[8.65352,47.46295],[8.65349,47.46322],[8.65385,47.46329],[8.65409,47.46367],[8.6539,47.46409],[8.65432,47.46481],[8.65516,47.46533],[8.65782,47.46601],[8.65811,47.4664],[8.65778,47.46686]],[[8.65505,47.4575],[8.65561,47.45846]],[[8.65658,47.45061],[8.6574,47.45065],[8.65881,47.45125]],[[8.65658,47.45061],[8.65671,47.45101]],[[8.65778,47.46686],[8.65738,47.46737]],[[8.65778,47.46686],[8.65812,47.46749],[8.65866,47.46759]],[[8.65897,47.4511],[8.65982,47.45095],[8.66126,47.45193]],[[8.66126,47.45193],[8.6609,47.45311],[8.65967,47.45386],[8.65924,47.4545],[8.65925,47.45499],[8.65966,47.45543]],[[8.66126,47.45193],[8.66189,47.45143],[8.66229,47.45175]],[[8.66405,47.44492],[8.66546,47.44529],[8.66562,47.44596],[8.6653,47.44642],[8.66534,47.44683],[8.66699,47.44758]],[[8.66492,47.44342],[8.6643,47.44423]],[[8.66551,47.46301],[8.66526,47.46329]],[[8.66699,47.44758],[8.66713,47.44764]],[[8.66699,47.44758],[8.66711,47.44789]],[[8.66799,47.44786],[8.66846,47.44851]],[[8.66854,47.45276],[8.6682,47.45346],[8.66849,47.4544],[8.67057,47.45521],[8.67179,47.45508]],[[8.67105,47.44559],[8.67052,47.44667],[8.66887,47.44782]],[[8.6716,47.44273],[8.67165,47.44334]],[[8.67549,47.4405],[8.67957,47.44016]],[[8.67664,47.44941],[8.67576,47.44935]],[[8.67664,47.44941],[8.67642,47.45005]],[[8.67765,47.44588],[8.6774,47.44655],[8.67743,47.44768],[8.67696,47.44824],[8.67664,47.44941]],[[8.67957,47.44016],[8.68108,47.4403]],[[8.67957,47.44016],[8.67959,47.44018]]]}},{"type":"Feature","properties":{"id":"himmelbach-revier-279-zh","c":"ZH","p":"pacht","q":"official","k":"river"},"geometry":{"type":"MultiLineString","coordinates":[[[8.5265,47.47528],[8.52882,47.47443],[8.52967,47.47432],[8.53391,47.4756]],[[8.53304,47.49339],[8.53273,47.49409]],[[8.53778,47.48931],[8.53327,47.4932]],[[8.53819,47.48814],[8.53804,47.48858]],[[8.53935,47.48505],[8.5384,47.48484]],[[8.53863,47.48694],[8.53854,47.48718]],[[8.53852,47.47707],[8.53968,47.47706]],[[8.53935,47.48505],[8.53898,47.48541]],[[8.54033,47.48511],[8.53935,47.48505]],[[8.53968,47.47706],[8.54,47.47677],[8.5398,47.47566],[8.54177,47.47295],[8.54791,47.47123]],[[8.53968,47.47706],[8.54021,47.47703],[8.54058,47.47721]],[[8.54072,47.48411],[8.54058,47.48415]],[[8.54072,47.48411],[8.54147,47.48532]],[[8.54293,47.48137],[8.54072,47.48411]],[[8.54158,47.48548],[8.542,47.48614],[8.5433,47.4872],[8.54362,47.48782]],[[8.54293,47.48137],[8.54322,47.48148]],[[8.54346,47.47901],[8.54369,47.47954],[8.54329,47.48089],[8.54293,47.48137]],[[8.54292,47.47867],[8.54346,47.47901]],[[8.54351,47.48158],[8.54402,47.48176]],[[8.54346,47.47901],[8.54403,47.47914],[8.54466,47.47898],[8.54556,47.47773],[8.54787,47.47618]],[[8.54385,47.48827],[8.54478,47.48945],[8.54533,47.49113],[8.54604,47.49204],[8.54699,47.49223],[8.55027,47.49177],[8.55146,47.49201]],[[8.54409,47.48287],[8.54388,47.48508]],[[8.54493,47.48203],[8.54515,47.48192],[8.54779,47.48268]],[[8.54787,47.47618],[8.55185,47.47752],[8.55152,47.47801]],[[8.54787,47.47618],[8.5491,47.47531]],[[8.54815,47.48279],[8.54898,47.48311],[8.54883,47.48361],[8.5495,47.48396]],[[8.5491,47.47531],[8.55267,47.47251],[8.55449,47.4715],[8.55569,47.47041],[8.55707,47.46956]],[[8.5491,47.47531],[8.54939,47.47524]],[[8.54975,47.48405],[8.5515,47.48453],[8.55213,47.48497],[8.5539,47.48534],[8.55581,47.48471]],[[8.5499,47.4751],[8.55064,47.4754]],[[8.5517,47.47845],[8.55291,47.47939],[8.55469,47.48021],[8.55532,47.48075]],[[8.55209,47.47463],[8.55332,47.47478]],[[8.55481,47.49276],[8.55769,47.49333],[8.55832,47.49323],[8.55995,47.49367],[8.56181,47.49374],[8.56269,47.49397]],[[8.55484,47.475],[8.55675,47.47581]],[[8.55669,47.49039],[8.55902,47.49002]],[[8.55694,47.48067],[8.55797,47.48125],[8.55916,47.48121],[8.56009,47.48097]],[[8.55709,47.4759],[8.55854,47.47612],[8.56011,47.476],[8.56124,47.47612],[8.56331,47.47689],[8.56499,47.47684],[8.56666,47.47616]],[[8.55707,47.46956],[8.55798,47.47052]],[[8.55707,47.46956],[8.56062,47.46669]],[[8.55813,47.47068],[8.55856,47.47115]],[[8.56016,47.4884],[8.56201,47.48743]],[[8.56009,47.48097],[8.56074,47.48129],[8.56055,47.48257]],[[8.56009,47.48097],[8.56017,47.48077],[8.56115,47.48055],[8.5623,47.48002],[8.56306,47.48042],[8.56402,47.48012]],[[8.56062,47.46669],[8.56145,47.46667]],[[8.56062,47.46669],[8.56424,47.46423],[8.56903,47.46053],[8.5695,47.45958],[8.57042,47.45886]],[[8.56142,47.47169],[8.56332,47.47257],[8.56643,47.47213],[8.56761,47.47161],[8.56797,47.47098],[8.56971,47.4705],[8.5708,47.46991]],[[8.56145,47.46667],[8.56243,47.4673]],[[8.56145,47.46667],[8.56311,47.46604],[8.56459,47.46581]],[[8.56224,47.48733],[8.56322,47.48709]],[[8.56241,47.48287],[8.56395,47.48312]],[[8.56269,47.49397],[8.56526,47.49296],[8.56794,47.49266],[8.56953,47.49197],[8.5702,47.49184],[8.57048,47.49165],[8.57031,47.49056],[8.57052,47.49046]],[[8.56269,47.49397],[8.56313,47.49462],[8.5645,47.49569]],[[8.5645,47.49569],[8.56466,47.49634]],[[8.5645,47.49569],[8.56465,47.49568],[8.56492,47.49582]],[[8.56475,47.49651],[8.56485,47.49688],[8.5664,47.49852]],[[8.56525,47.49596],[8.56582,47.49634],[8.567,47.49655],[8.57078,47.49606]],[[8.56666,47.47616],[8.56668,47.47617]],[[8.56666,47.47616],[8.56878,47.47463],[8.57111,47.4736],[8.57283,47.47364],[8.57371,47.47324],[8.57426,47.47327]],[[8.56729,47.4796],[8.56807,47.47974]],[[8.56769,47.47637],[8.56978,47.47637]],[[8.56876,47.50063],[8.57133,47.50165]],[[8.56953,47.48026],[8.57028,47.48058],[8.57039,47.4809],[8.57099,47.48116]],[[8.57003,47.47631],[8.57072,47.47599]],[[8.57158,47.48266],[8.57168,47.48329],[8.57078,47.48398]],[[8.57092,47.48545],[8.57171,47.48573]],[[8.57042,47.45886],[8.57105,47.45893],[8.57309,47.45857]],[[8.57042,47.45886],[8.57174,47.45795],[8.5727,47.4577]],[[8.57099,47.48116],[8.57113,47.48128]],[[8.57099,47.48116],[8.5714,47.48109]],[[8.57309,47.45857],[8.57315,47.45861]],[[8.57309,47.45857],[8.57316,47.45856],[8.57343,47.45858],[8.57393,47.45879],[8.57461,47.45833],[8.5758,47.45984]],[[8.5734,47.46355],[8.57489,47.46519],[8.57613,47.46589],[8.57652,47.46576],[8.578,47.46595],[8.58026,47.46747]],[[8.57419,47.47622],[8.57561,47.47783],[8.57561,47.4786],[8.5762,47.47937],[8.57697,47.48008],[8.57766,47.4803]],[[8.57455,47.47327],[8.575,47.47362]],[[8.57622,47.4613],[8.57551,47.4622],[8.57443,47.46277]],[[8.57518,47.48057],[8.57689,47.48048]],[[8.57616,47.46123],[8.57618,47.46124]],[[8.57618,47.46124],[8.57622,47.4613]],[[8.57623,47.46012],[8.57618,47.46124]],[[8.57622,47.4613],[8.57687,47.46192]],[[8.57632,47.46252],[8.57602,47.46327],[8.57682,47.46388]],[[8.57705,47.46212],[8.57712,47.4622]],[[8.57712,47.4622],[8.57708,47.46221]],[[8.57712,47.4622],[8.57922,47.46421],[8.58101,47.46391],[8.58257,47.46333],[8.58361,47.46338]],[[8.57766,47.4803],[8.57848,47.48152]],[[8.57766,47.4803],[8.57889,47.47969]],[[8.58134,47.46754],[8.58242,47.46762]],[[8.58361,47.46338],[8.58462,47.4634],[8.5849,47.46372],[8.58589,47.46392],[8.58646,47.46376],[8.58652,47.46354],[8.58785,47.46356],[8.58852,47.46416],[8.58863,47.46472],[8.58842,47.46505],[8.5888,47.46525]],[[8.5888,47.46525],[8.58925,47.46525],[8.59053,47.46601],[8.59222,47.46622],[8.59421,47.46708],[8.5953,47.46732],[8.59559,47.46724],[8.59607,47.46774],[8.59669,47.46775],[8.59699,47.46801]],[[8.5888,47.46525],[8.58794,47.46675],[8.58894,47.46844],[8.58948,47.46891],[8.59088,47.46905],[8.59108,47.46938],[8.59084,47.46971],[8.59114,47.47011],[8.59171,47.47052],[8.59254,47.47073],[8.59252,47.47093],[8.59317,47.47148]],[[8.59504,47.47502],[8.59767,47.4755]],[[8.59699,47.46801],[8.59707,47.46809]],[[8.59707,47.46809],[8.59732,47.46824],[8.59714,47.469]],[[8.59707,47.46809],[8.59713,47.46771],[8.59793,47.46735],[8.59874,47.46749],[8.59967,47.4674],[8.60387,47.46578],[8.60561,47.46573],[8.60737,47.46516],[8.60846,47.46519]],[[8.60094,47.47164],[8.60287,47.47243]]]}},{"type":"Feature","properties":{"id":"allmendsee-revier-280-zh","c":"ZH","p":"pacht","q":"official","k":"river"},"geometry":{"type":"MultiLineString","coordinates":[[[8.54421,47.3987],[8.54392,47.39804]],[[8.54481,47.3978],[8.54536,47.39851]],[[8.5474,47.39682],[8.54707,47.39597],[8.54761,47.39545]],[[8.5478,47.39532],[8.54855,47.39512],[8.54906,47.3945],[8.54961,47.39441],[8.54984,47.39417]],[[8.54858,47.39917],[8.54864,47.39915]],[[8.54938,47.39931],[8.55042,47.39954],[8.55101,47.39917]],[[8.55122,47.39901],[8.55201,47.399],[8.55276,47.39874],[8.5522,47.39654]],[[8.55136,47.39373],[8.55138,47.39374]],[[8.5522,47.39654],[8.55121,47.39379],[8.55138,47.39374]],[[8.55138,47.39374],[8.55429,47.39295],[8.55745,47.39254],[8.56223,47.3908]],[[8.5522,47.39654],[8.55554,47.39557],[8.5587,47.3944]],[[8.55417,47.39208],[8.55417,47.39208]],[[8.55437,47.39199],[8.556,47.39163],[8.55811,47.39073],[8.55986,47.39029],[8.5612,47.38973],[8.56161,47.38935]],[[8.56185,47.389],[8.56355,47.38788]]]}},{"type":"Feature","properties":{"id":"fischbach-oberhoeri-revier-282-zh","c":"ZH","p":"pacht","q":"official","k":"river"},"geometry":{"type":"MultiLineString","coordinates":[[[8.42817,47.48741],[8.42736,47.48644],[8.4254,47.48581],[8.42422,47.48575],[8.42383,47.48549]],[[8.42698,47.47603],[8.42683,47.47595]],[[8.42939,47.49189],[8.42835,47.49051],[8.42912,47.49018],[8.4286,47.48931],[8.42796,47.48882],[8.42817,47.48741]],[[8.42817,47.48741],[8.42867,47.48668]],[[8.42998,47.49301],[8.42947,47.49208]],[[8.43089,47.49349],[8.43085,47.49348]],[[8.4383,47.49345],[8.43325,47.49443],[8.43298,47.49503],[8.43238,47.49534],[8.43123,47.49496],[8.43089,47.49349]],[[8.43089,47.49349],[8.43094,47.49322]],[[8.4331,47.50567],[8.43302,47.50585]],[[8.43346,47.50149],[8.43364,47.50192]],[[8.43372,47.50214],[8.43376,47.50265]],[[8.43399,47.50276],[8.43421,47.50286],[8.43423,47.50335]],[[8.43488,47.48812],[8.43637,47.4876]],[[8.4383,47.49345],[8.43749,47.49472]],[[8.44553,47.49191],[8.44246,47.49143],[8.44155,47.49202],[8.44061,47.49198],[8.43881,47.49241],[8.4383,47.49345]],[[8.44457,47.48174],[8.44309,47.48147],[8.44207,47.48168],[8.44087,47.48152],[8.43825,47.48088]],[[8.44297,47.47501],[8.44167,47.4747],[8.43986,47.47394],[8.43831,47.47242]],[[8.44104,47.48954],[8.4406,47.48912]],[[8.4409,47.49114],[8.44161,47.49005]],[[8.44161,47.49005],[8.44136,47.48975]],[[8.44263,47.49721],[8.44169,47.49749]],[[8.44161,47.49005],[8.44234,47.48964]],[[8.442,47.48886],[8.4421,47.48837]],[[8.4454,47.50104],[8.44245,47.50077]],[[8.44234,47.48964],[8.44228,47.48955]],[[8.44234,47.48964],[8.44297,47.48952]],[[8.44314,47.48935],[8.44441,47.48853],[8.4444,47.48827],[8.44579,47.4878],[8.44541,47.48685]],[[8.44549,47.47778],[8.445,47.47784],[8.44438,47.47637],[8.44339,47.47517]],[[8.44399,47.49531],[8.44397,47.49532]],[[8.44399,47.49531],[8.44443,47.49616],[8.44445,47.49852],[8.4449,47.49888],[8.44588,47.49901],[8.4454,47.50104]],[[8.44662,47.4933],[8.44473,47.49423],[8.44437,47.49477],[8.44446,47.49504],[8.44399,47.49531]],[[8.4454,47.50104],[8.44734,47.50122]],[[8.44582,47.48181],[8.44544,47.48176]],[[8.45241,47.47268],[8.45181,47.47285],[8.4513,47.4719],[8.45029,47.47155],[8.44952,47.47096],[8.44877,47.47082],[8.44819,47.4705],[8.44645,47.47046],[8.44527,47.4708]],[[8.44597,47.47874],[8.44568,47.47821]],[[8.45303,47.48102],[8.45259,47.48091],[8.45252,47.48065],[8.45145,47.48004],[8.44952,47.47981],[8.44743,47.47993],[8.44609,47.47921]],[[8.44855,47.49261],[8.44805,47.49215],[8.44659,47.49239]],[[8.44855,47.49261],[8.44697,47.49311]],[[8.44975,47.48221],[8.4488,47.48193],[8.44803,47.48196]],[[8.45753,47.48999],[8.45517,47.49148],[8.45198,47.49235],[8.45018,47.49241],[8.44912,47.49271],[8.44855,47.49261]],[[8.44978,47.48222],[8.44975,47.48221]],[[8.44977,47.48223],[8.44975,47.48221]],[[8.45433,47.50189],[8.45384,47.50329],[8.45034,47.50285]],[[8.45272,47.47671],[8.45189,47.47664]],[[8.45458,47.47338],[8.45432,47.4734],[8.45341,47.47264],[8.45241,47.47268]],[[8.45359,47.47672],[8.4531,47.47671]],[[8.45586,47.46862],[8.45465,47.46805],[8.45436,47.4672],[8.45387,47.46682],[8.45354,47.4659],[8.45293,47.46529]],[[8.45384,47.48726],[8.45379,47.48675]],[[8.45453,47.50007],[8.45423,47.50045]],[[8.4544,47.48102],[8.45391,47.48103]],[[8.45433,47.50188],[8.45433,47.50189]],[[8.45454,47.50149],[8.45433,47.50189]],[[8.45456,47.47634],[8.45388,47.47665]],[[8.45443,47.50083],[8.45454,47.50149]],[[8.45454,47.50149],[8.45453,47.5015]],[[8.45753,47.48999],[8.45439,47.48756]],[[8.45432,47.47159],[8.45504,47.47046]],[[8.45458,47.47338],[8.45476,47.47235],[8.45432,47.47159]],[[8.45523,47.49967],[8.45498,47.49977]],[[8.45455,47.47378],[8.45458,47.47338]],[[8.45504,47.47046],[8.45475,47.46944],[8.45515,47.46918],[8.45426,47.46897],[8.45448,47.46845]],[[8.45504,47.47046],[8.45504,47.47046],[8.45507,47.47046],[8.4551,47.47047],[8.45514,47.47048],[8.45518,47.47048],[8.45539,47.47048],[8.45607,47.47059],[8.45701,47.46996],[8.45753,47.4692],[8.45623,47.46898],[8.45586,47.46862]],[[8.45571,47.47609],[8.45562,47.47608]],[[8.45571,47.47609],[8.45562,47.47557]],[[8.45699,47.47721],[8.45571,47.47609]],[[8.45653,47.49795],[8.4564,47.49927]],[[8.45758,47.48996],[8.4577,47.49155],[8.45728,47.49512],[8.45665,47.49744]],[[8.45758,47.48996],[8.45753,47.48999]],[[8.47109,47.48952],[8.46622,47.48888],[8.46529,47.48889],[8.46261,47.48927],[8.45948,47.48937],[8.45758,47.48996]],[[8.45751,47.48476],[8.45749,47.48476]],[[8.45834,47.48067],[8.45747,47.48109]],[[8.45926,47.47998],[8.45826,47.47921],[8.45747,47.47792]],[[8.4646,47.48553],[8.46288,47.48617],[8.46071,47.48588],[8.45778,47.48484]],[[8.46055,47.47961],[8.45984,47.4798]],[[8.46181,47.46388],[8.46011,47.46437],[8.45964,47.46424]],[[8.46274,47.47955],[8.46181,47.47989],[8.46101,47.47948]],[[8.46181,47.46388],[8.46138,47.46351],[8.461,47.46255],[8.46128,47.46235]],[[8.46266,47.46434],[8.46181,47.46388]],[[8.46477,47.49428],[8.46389,47.49471],[8.4627,47.49565]],[[8.46286,47.47954],[8.46282,47.47952],[8.46276,47.47955],[8.46274,47.47955]],[[8.4629,47.47952],[8.46283,47.4795],[8.46274,47.47955]],[[8.4654,47.46826],[8.4628,47.46913]],[[8.46307,47.47972],[8.46302,47.47971]],[[8.46307,47.47972],[8.46306,47.47971]],[[8.46901,47.47985],[8.46845,47.47985],[8.4675,47.48026],[8.46695,47.48028],[8.46608,47.48007],[8.46479,47.48012],[8.46307,47.47972]],[[8.46539,47.46656],[8.46415,47.46514],[8.46292,47.46468]],[[8.46386,47.48634],[8.46781,47.48758]],[[8.46475,47.48555],[8.46463,47.48552],[8.4646,47.48553]],[[8.46475,47.48555],[8.46462,47.48553],[8.4646,47.48553]],[[8.46658,47.48598],[8.46475,47.48555]],[[8.46866,47.46419],[8.46757,47.46348],[8.46615,47.46318],[8.46443,47.46212]],[[8.46611,47.46712],[8.4657,47.46682]],[[8.47333,47.48931],[8.47244,47.48868],[8.47132,47.48696],[8.46703,47.48607]],[[8.47109,47.48952],[8.47226,47.49037],[8.47092,47.49023],[8.46767,47.49056]],[[8.46783,47.4876],[8.46811,47.48778]],[[8.46865,47.48814],[8.47112,47.4895]],[[8.47001,47.46506],[8.46937,47.46495],[8.46886,47.46437]],[[8.47039,47.47971],[8.46934,47.4799]],[[8.46997,47.47774],[8.47131,47.4746],[8.47182,47.47109],[8.47261,47.47015]],[[8.47064,47.47974],[8.47001,47.47792]],[[8.47056,47.47973],[8.47039,47.47971]],[[8.47056,47.47973],[8.47049,47.47969],[8.47039,47.47971]],[[8.47055,47.4651],[8.47024,47.46507]],[[8.47064,47.47974],[8.47056,47.47973]],[[8.47342,47.4838],[8.47144,47.48055],[8.47064,47.47974]],[[8.47333,47.48931],[8.47109,47.48952]],[[8.47261,47.47015],[8.47254,47.47011]],[[8.47261,47.47015],[8.47415,47.46856]],[[8.47548,47.49353],[8.47332,47.49345]],[[8.47584,47.48947],[8.47512,47.48922],[8.4747,47.48923],[8.4734,47.48931],[8.47333,47.48931]],[[8.47584,47.48947],[8.47578,47.48853],[8.47512,47.48659],[8.47342,47.4838]],[[8.47342,47.4838],[8.47383,47.48325],[8.48207,47.48137]],[[8.47339,47.46138],[8.47355,47.46078],[8.47329,47.45996]],[[8.47447,47.4628],[8.47347,47.46158]],[[8.47415,47.46856],[8.4741,47.46851]],[[8.47415,47.46856],[8.47518,47.46749]],[[8.4748,47.46685],[8.47537,47.46543],[8.47622,47.46518]],[[8.47782,47.49341],[8.47665,47.49368],[8.47574,47.49357]],[[8.47782,47.49341],[8.47643,47.49265],[8.47598,47.4921],[8.47584,47.48947]],[[8.4761,47.46291],[8.47752,47.46213],[8.4808,47.461]],[[8.48901,47.49873],[8.48394,47.49583],[8.48214,47.495],[8.47965,47.49437],[8.47782,47.49341]],[[8.48138,47.46069],[8.48149,47.46062]],[[8.48149,47.46062],[8.48275,47.45933],[8.4829,47.45874],[8.48355,47.45813],[8.48345,47.45743],[8.48375,47.45703],[8.48378,47.45597]],[[8.48149,47.46062],[8.48234,47.4606],[8.4837,47.45988],[8.48415,47.45855],[8.48493,47.45766]],[[8.48207,47.48137],[8.48254,47.47944],[8.48347,47.47857]],[[8.48441,47.47823],[8.48501,47.4776]],[[8.48501,47.4776],[8.48582,47.47771],[8.48626,47.4766],[8.48686,47.47663],[8.48838,47.4761]],[[8.48501,47.4776],[8.48562,47.47668],[8.48565,47.47349],[8.48587,47.47206],[8.48613,47.47171],[8.49214,47.46783],[8.49607,47.46568]],[[8.48567,47.4927],[8.48537,47.49248]],[[8.48917,47.49839],[8.48709,47.4962],[8.48644,47.49336],[8.48567,47.4927]],[[8.48567,47.4927],[8.48604,47.48969],[8.4864,47.48917]],[[8.4864,47.48917],[8.48628,47.4886],[8.48652,47.48792]],[[8.4864,47.48917],[8.48727,47.48856],[8.4879,47.48768],[8.48976,47.48638],[8.49021,47.48455]],[[8.49329,47.49985],[8.49238,47.49934],[8.48901,47.49873]],[[8.48906,47.49871],[8.48901,47.49873]],[[8.49329,47.49985],[8.49323,47.49975]],[[8.49695,47.50211],[8.49423,47.50111],[8.49329,47.49985]],[[8.50062,47.45461],[8.49846,47.45377],[8.49849,47.45305],[8.49664,47.45279],[8.4949,47.45278],[8.494,47.45366],[8.49364,47.45361]],[[8.49835,47.46442],[8.49928,47.46314],[8.49795,47.46133],[8.49813,47.46035]],[[8.49845,47.45993],[8.49923,47.45928],[8.5,47.45909],[8.50113,47.45773]],[[8.50126,47.45409],[8.50129,47.45207],[8.50079,47.45181],[8.49891,47.45159]],[[8.50113,47.45773],[8.50112,47.45769]],[[8.50113,47.45773],[8.50116,47.4577]],[[8.50304,47.45356],[8.50295,47.45239],[8.50266,47.45193],[8.50277,47.45047],[8.50222,47.45009]],[[8.50681,47.45334],[8.50709,47.45249],[8.50793,47.45177],[8.50939,47.4498]],[[8.50786,47.45368],[8.5086,47.45314],[8.51021,47.45314],[8.51138,47.4526],[8.5132,47.45258],[8.51333,47.45243]],[[8.50977,47.44957],[8.51042,47.44949],[8.51046,47.44927]],[[8.51039,47.44861],[8.5113,47.44599],[8.51155,47.44581],[8.51184,47.44591]]]}},{"type":"Feature","properties":{"id":"neeracherried-revier-290-zh","c":"ZH","p":"private","q":"official","k":"river"},"geometry":{"type":"MultiLineString","coordinates":[[[8.47148,47.50136],[8.47156,47.50196],[8.46923,47.50302],[8.46853,47.50442]],[[8.47583,47.49857],[8.47351,47.4989],[8.47336,47.50091],[8.47245,47.50074]],[[8.4769,47.49896],[8.47611,47.49853]],[[8.47735,47.49917],[8.4769,47.49896]],[[8.47735,47.49917],[8.4772,47.49915],[8.4769,47.49896]],[[8.47896,47.49944],[8.47735,47.49917]],[[8.4888,47.50039],[8.48378,47.49883],[8.48092,47.5001],[8.48007,47.50028],[8.47912,47.49965]],[[8.49023,47.50051],[8.48969,47.50168],[8.4888,47.50569],[8.48694,47.50652],[8.48532,47.50815],[8.48539,47.51024],[8.48404,47.51243],[8.48393,47.51462],[8.48305,47.51653],[8.48322,47.51673],[8.48849,47.51837]],[[8.48897,47.50044],[8.4888,47.50039]],[[8.489,47.50017],[8.4888,47.50039]],[[8.49023,47.50051],[8.48951,47.50061]],[[8.49042,47.50034],[8.49023,47.50051]],[[8.49093,47.50008],[8.49042,47.49987]],[[8.49093,47.50008],[8.49075,47.50017]],[[8.49238,47.49934],[8.49093,47.50008]]]}},{"type":"Feature","properties":{"id":"dorfbach-neerach-revier-291-zh","c":"ZH","p":"pacht","q":"official","k":"river"},"geometry":{"type":"MultiLineString","coordinates":[[[8.46698,47.51042],[8.46686,47.51032]],[[8.467,47.51044],[8.46713,47.51082]],[[8.4686,47.50989],[8.46822,47.5098],[8.46738,47.51019]],[[8.4692,47.50983],[8.46899,47.50995]],[[8.46993,47.51023],[8.46984,47.51018]],[[8.47102,47.51046],[8.4705,47.51028]],[[8.47163,47.51194],[8.47118,47.51143],[8.4712,47.51078]],[[8.47374,47.51248],[8.47304,47.51211],[8.47214,47.51209]],[[8.47818,47.51254],[8.47734,47.51291]],[[8.48053,47.51439],[8.47918,47.51423],[8.47843,47.51259]],[[8.48325,47.51607],[8.48193,47.51542],[8.48078,47.51455]]]}},{"type":"Feature","properties":{"id":"riedbach-bachenbuelach-revier-293-zh","c":"ZH","p":"pacht","q":"official","k":"river"},"geometry":{"type":"MultiLineString","coordinates":[[[8.54403,47.50827],[8.54296,47.50649],[8.54369,47.50474]],[[8.54369,47.50474],[8.5437,47.50472]],[[8.54369,47.50474],[8.54376,47.50471]],[[8.5437,47.50472],[8.54373,47.50467],[8.54388,47.50465],[8.54448,47.50472]],[[8.5437,47.50472],[8.54377,47.50469]],[[8.54439,47.50472],[8.54448,47.50472]],[[8.54448,47.50472],[8.5447,47.50474]],[[8.54448,47.50472],[8.54459,47.50474],[8.5447,47.50474]],[[8.54461,47.50472],[8.54477,47.50472]],[[8.5447,47.50474],[8.54575,47.50475]],[[8.5447,47.50474],[8.54474,47.50474]],[[8.54563,47.50478],[8.54574,47.50479]],[[8.54881,47.50419],[8.54898,47.50399],[8.54973,47.504]],[[8.55031,47.50348],[8.55055,47.5036]],[[8.55034,47.50348],[8.5504,47.50348]],[[8.5504,47.50348],[8.55106,47.50392],[8.55166,47.50399]],[[8.5504,47.50348],[8.55045,47.50347]],[[8.55146,47.504],[8.55166,47.50399]],[[8.55149,47.50312],[8.55267,47.50257]],[[8.55166,47.50399],[8.55229,47.50438]],[[8.55229,47.50438],[8.55246,47.50441]],[[8.55229,47.50438],[8.5524,47.50445]],[[8.55334,47.50459],[8.55351,47.50474],[8.55495,47.50493],[8.55612,47.50595],[8.55747,47.50635],[8.55781,47.50664],[8.55957,47.50697],[8.56131,47.50837],[8.56197,47.50845]],[[8.55518,47.50091],[8.55629,47.50071],[8.55686,47.49967],[8.55778,47.49877]],[[8.56197,47.50845],[8.5624,47.50871],[8.56225,47.50908],[8.56277,47.50945]],[[8.56197,47.50845],[8.56258,47.50817],[8.56379,47.50692],[8.56387,47.50616],[8.56454,47.5046],[8.56655,47.50373],[8.56721,47.50403],[8.56773,47.50394]],[[8.56277,47.50945],[8.56305,47.50971],[8.56438,47.50958]],[[8.56277,47.50945],[8.56413,47.50935],[8.56499,47.50901],[8.56612,47.50906],[8.56775,47.50842]],[[8.568,47.50826],[8.56948,47.50746],[8.57076,47.50716],[8.57114,47.50731],[8.57211,47.50722]]]}},{"type":"Feature","properties":{"id":"riedbach-buelach-revier-294-zh","c":"ZH","p":"private","q":"official","k":"river"},"geometry":{"type":"MultiLineString","coordinates":[[[8.52554,47.51855],[8.52572,47.51846]],[[8.52655,47.51805],[8.52831,47.51717],[8.52881,47.51712]],[[8.52912,47.51711],[8.53003,47.5171],[8.53055,47.51726]],[[8.53311,47.51651],[8.5338,47.51627]],[[8.5338,47.51627],[8.5355,47.51458],[8.54041,47.51137]],[[8.5338,47.51627],[8.53911,47.51617]],[[8.54041,47.51137],[8.54054,47.5114]],[[8.54041,47.51137],[8.54403,47.50827]],[[8.54179,47.51656],[8.54191,47.51668]],[[8.54468,47.51834],[8.54655,47.51858]],[[8.54681,47.51862],[8.54808,47.51874],[8.54843,47.51898],[8.54895,47.51892]],[[8.54895,47.51892],[8.54901,47.51896]],[[8.54895,47.51892],[8.55245,47.51875],[8.55363,47.51886],[8.55401,47.51869],[8.5547,47.5188],[8.55543,47.51866],[8.55656,47.51798],[8.55738,47.51774],[8.55916,47.51773],[8.55999,47.51731]],[[8.54963,47.51921],[8.54975,47.51926]],[[8.55606,47.52035],[8.55685,47.52013],[8.55721,47.52034],[8.55786,47.52033]],[[8.5585,47.52091],[8.55896,47.52097]],[[8.55927,47.52117],[8.56069,47.52136],[8.56098,47.52154]],[[8.55999,47.51731],[8.5601,47.51733]],[[8.55999,47.51731],[8.56004,47.5167]],[[8.56004,47.5167],[8.56003,47.51662]],[[8.56004,47.5167],[8.56009,47.51666]],[[8.56124,47.51726],[8.5626,47.51729]],[[8.56175,47.51609],[8.56204,47.51607]],[[8.56237,47.51599],[8.56293,47.51592]],[[8.56334,47.51759],[8.56431,47.51768]]]}},{"type":"Feature","properties":{"id":"dorfbach-stadel-revier-296-zh","c":"ZH","p":"pacht","q":"official","k":"river"},"geometry":{"type":"MultiLineString","coordinates":[[[8.45461,47.53029],[8.45405,47.53051],[8.45411,47.53091]],[[8.45461,47.53029],[8.45518,47.53094]],[[8.45481,47.53001],[8.45461,47.53029]],[[8.45497,47.52924],[8.45478,47.52984]],[[8.45694,47.54363],[8.45651,47.54307]],[[8.45726,47.54389],[8.45717,47.54381]],[[8.45726,47.54389],[8.45725,47.54389]],[[8.45768,47.54424],[8.45726,47.54389]],[[8.45764,47.52734],[8.45736,47.52742]],[[8.45798,47.54485],[8.45772,47.54482]],[[8.45917,47.54499],[8.45826,47.54489]],[[8.46247,47.52754],[8.46027,47.52742],[8.4589,47.52707],[8.45799,47.52725]],[[8.46617,47.55389],[8.46592,47.55381],[8.46518,47.5543],[8.4645,47.55417],[8.46367,47.5547]],[[8.46463,47.52435],[8.46439,47.52434]],[[8.46635,47.53329],[8.46479,47.53346]],[[8.46695,47.52426],[8.46518,47.52435]],[[8.46737,47.53053],[8.46734,47.53048]],[[8.4693,47.53273],[8.46737,47.53053]],[[8.46737,47.53053],[8.46739,47.53052]],[[8.46789,47.53747],[8.46751,47.53747]],[[8.46787,47.52428],[8.46768,47.52415],[8.46727,47.52421]],[[8.46986,47.54194],[8.46796,47.54209]],[[8.47139,47.53729],[8.46972,47.53755],[8.46822,47.53752]],[[8.4693,47.53273],[8.46928,47.53273]],[[8.46936,47.5328],[8.4693,47.53273]],[[8.46986,47.54194],[8.47012,47.54482]],[[8.47385,47.54088],[8.47258,47.54116],[8.47147,47.54166],[8.46986,47.54194]],[[8.47139,47.53729],[8.4702,47.53449]],[[8.47164,47.53795],[8.47139,47.53729]],[[8.47444,47.55341],[8.47439,47.5534]],[[8.47785,47.56432],[8.47745,47.56385],[8.47711,47.56384],[8.47718,47.5633],[8.47643,47.56237],[8.4763,47.5617],[8.47576,47.56125],[8.47502,47.55665],[8.47367,47.55497],[8.47437,47.55399],[8.47444,47.55341]],[[8.47444,47.55341],[8.47446,47.55268],[8.47581,47.54902],[8.47558,47.54246]],[[8.47487,47.54085],[8.47483,47.54086]],[[8.48086,47.56735],[8.48007,47.56732],[8.47904,47.56694],[8.47893,47.56653],[8.47828,47.56594],[8.47854,47.56552],[8.47806,47.56469]],[[8.48135,47.56773],[8.48126,47.56761]],[[8.48135,47.56773],[8.48135,47.56773]]]}},{"type":"Feature","properties":{"id":"jona-301-zh","c":"ZH","p":"pacht","q":"official","k":"river"},"geometry":{"type":"MultiLineString","coordinates":[[[8.88871,47.29881],[8.88875,47.29879]],[[8.89086,47.29805],[8.88948,47.29807]],[[8.89145,47.31191],[8.89121,47.3124],[8.89005,47.31293]],[[8.89185,47.30805],[8.89111,47.30843]],[[8.89362,47.31136],[8.89296,47.31123],[8.89164,47.31171]],[[8.89185,47.30805],[8.89154,47.30755]],[[8.90657,47.30775],[8.90522,47.30819],[8.90454,47.30828],[8.90393,47.30813],[8.90226,47.30847],[8.90141,47.30841],[8.90067,47.30808],[8.90054,47.30825],[8.90012,47.30813],[8.89997,47.30829],[8.89905,47.30836],[8.89791,47.30834],[8.89651,47.30799],[8.89585,47.30813],[8.89533,47.308],[8.89467,47.30818],[8.89384,47.30807],[8.89228,47.30819],[8.89185,47.30805]],[[8.89503,47.29721],[8.89211,47.29763]],[[8.89503,47.29721],[8.89388,47.29666],[8.89227,47.29649]],[[8.89577,47.30249],[8.89491,47.30241],[8.89411,47.30171]],[[8.9098,47.31053],[8.90965,47.31075],[8.90868,47.3111],[8.90774,47.31112],[8.90586,47.3109],[8.90395,47.31108],[8.90227,47.3105],[8.90162,47.31048],[8.90086,47.31088],[8.90055,47.31131],[8.89961,47.31154],[8.89814,47.31163],[8.89783,47.31143],[8.89445,47.31197]],[[8.89601,47.30215],[8.89492,47.30139]],[[8.89689,47.29498],[8.89618,47.29464],[8.89582,47.29414],[8.89488,47.29381]],[[8.89729,47.29662],[8.89675,47.29657],[8.89561,47.29714],[8.89503,47.29721]],[[8.89577,47.30249],[8.89523,47.30194]],[[8.89601,47.30215],[8.89572,47.30172]],[[8.8963,47.30238],[8.89577,47.30249]],[[8.8963,47.30238],[8.89601,47.30215]],[[8.89724,47.3],[8.89596,47.30009]],[[8.89724,47.3],[8.89613,47.30047]],[[8.89723,47.30243],[8.8963,47.30238]],[[8.89936,47.29971],[8.89896,47.29953],[8.89724,47.3]],[[8.89729,47.29662],[8.89724,47.29719]],[[8.89959,47.29603],[8.89729,47.29662]],[[8.90021,47.30497],[8.89847,47.30419],[8.8982,47.30317],[8.89757,47.30252]],[[8.90031,47.30607],[8.89887,47.3059]],[[8.89959,47.29603],[8.89881,47.2956]],[[8.90031,47.30607],[8.89996,47.30639],[8.89957,47.30639]],[[8.90909,47.29421],[8.90704,47.29362],[8.9049,47.29343],[8.90447,47.29359],[8.90282,47.29526],[8.90136,47.29574],[8.89994,47.2958],[8.89959,47.29603]],[[8.90234,47.30577],[8.90185,47.3066],[8.90006,47.30728]],[[8.90234,47.30577],[8.90031,47.30607]],[[8.9079,47.29138],[8.90666,47.2921],[8.90571,47.29218],[8.90413,47.29283],[8.90327,47.29271],[8.90018,47.29338]],[[8.9015,47.29934],[8.90073,47.29895]],[[8.9015,47.29934],[8.9015,47.29934]],[[8.90282,47.29978],[8.90187,47.29936],[8.90161,47.29936],[8.9015,47.29934],[8.9015,47.29934]],[[8.90795,47.29034],[8.90649,47.28938],[8.9057,47.28935],[8.90508,47.28962],[8.904,47.28966],[8.90289,47.29004],[8.90139,47.28965]],[[8.90776,47.29058],[8.90632,47.29102],[8.90547,47.29085],[8.90507,47.29052],[8.90415,47.29078],[8.90293,47.29043],[8.9017,47.29092]],[[8.90711,47.28742],[8.9064,47.28739],[8.90533,47.28699],[8.90167,47.28623]],[[8.90235,47.30577],[8.90234,47.30577]],[[8.90545,47.28841],[8.90255,47.28797]],[[8.9033,47.30571],[8.90309,47.30572]],[[8.90411,47.30019],[8.90308,47.29984]],[[8.9033,47.30571],[8.90329,47.3057]],[[8.90657,47.30775],[8.90607,47.3076],[8.90584,47.3072],[8.90507,47.30689],[8.90478,47.3065],[8.90398,47.30644],[8.9038,47.30613],[8.90338,47.30605],[8.9033,47.30571]],[[8.90318,47.27217],[8.90363,47.27254],[8.9041,47.27257]],[[8.90299,47.26372],[8.90361,47.26392]],[[8.90766,47.27869],[8.9059,47.27903],[8.90422,47.28002]],[[8.90527,47.26949],[8.90497,47.26803],[8.90527,47.26707],[8.9052,47.26635],[8.90563,47.26572],[8.90555,47.2653],[8.90483,47.26449],[8.90379,47.26401]],[[8.9041,47.27257],[8.90418,47.27251]],[[8.9041,47.27257],[8.90449,47.27256]],[[8.90438,47.27225],[8.90502,47.27158],[8.90455,47.27103],[8.90527,47.26949]],[[8.9055,47.27828],[8.90534,47.27807],[8.90493,47.27802]],[[8.90852,47.28155],[8.90679,47.28213],[8.90652,47.28287],[8.90568,47.28323],[8.90515,47.28324]],[[8.907,47.30115],[8.90577,47.30077]],[[8.90527,47.26949],[8.90535,47.26942]],[[8.9098,47.31053],[8.90937,47.31024],[8.90914,47.30956],[8.90875,47.30951],[8.90852,47.30919],[8.90778,47.30915],[8.90771,47.30861],[8.90657,47.30775]],[[8.90796,47.28765],[8.9062,47.28828]],[[8.90955,47.30503],[8.90793,47.30298],[8.90673,47.30237]],[[8.90758,47.29093],[8.90644,47.29136]],[[8.90806,47.27812],[8.90694,47.27837],[8.90642,47.2783]],[[8.90657,47.2733],[8.9064,47.27373]],[[8.90787,47.2784],[8.9066,47.2786]],[[8.90795,47.30117],[8.90724,47.30121]],[[8.90652,47.27328],[8.90657,47.2733]],[[8.90657,47.2733],[8.90767,47.27365],[8.90787,47.27394],[8.90774,47.27419],[8.90798,47.2743],[8.9101,47.27424],[8.91044,47.27452]],[[8.90661,47.273],[8.90666,47.273]],[[8.90701,47.27276],[8.90721,47.27277],[8.90764,47.27226],[8.90902,47.27218]],[[8.90758,47.29093],[8.9079,47.29138]],[[8.90776,47.29058],[8.90758,47.29093]],[[8.90696,47.26811],[8.90716,47.26777],[8.90706,47.26689]],[[8.90796,47.28765],[8.90759,47.28748]],[[8.9079,47.29138],[8.90775,47.29201]],[[8.90708,47.26642],[8.90704,47.26571],[8.90665,47.26506],[8.90724,47.26352]],[[8.90795,47.29034],[8.90776,47.29058]],[[8.90766,47.27869],[8.90758,47.2796]],[[8.91339,47.29017],[8.91104,47.29022],[8.90968,47.28984],[8.90795,47.29034]],[[8.90787,47.2784],[8.90766,47.27869]],[[8.91455,47.28666],[8.91304,47.28693],[8.91157,47.28696],[8.91098,47.28731],[8.90899,47.28739],[8.90796,47.28765]],[[8.90878,47.28313],[8.90791,47.28354]],[[8.90806,47.27812],[8.90787,47.2784]],[[8.90909,47.29421],[8.90832,47.29438]],[[8.91053,47.27729],[8.90892,47.27763],[8.90806,47.27812]],[[8.90848,47.28598],[8.90837,47.28695]],[[8.91648,47.3015],[8.91482,47.30142],[8.91357,47.30112],[8.913,47.30126],[8.91238,47.30095],[8.91023,47.30109],[8.90948,47.30079],[8.90919,47.30095]],[[8.90942,47.29433],[8.90905,47.29475]],[[8.90942,47.29433],[8.90909,47.29421]],[[8.90924,47.28115],[8.90889,47.28138]],[[8.90986,47.28434],[8.90904,47.28492]],[[8.91619,47.30936],[8.91489,47.31084],[8.91308,47.31153],[8.91255,47.31145],[8.91174,47.31095],[8.9098,47.31053]],[[8.9134,47.28462],[8.91248,47.28483],[8.91203,47.28526],[8.90912,47.28575]],[[8.91099,47.29439],[8.90942,47.29433]],[[8.91206,47.30795],[8.91092,47.30604],[8.90986,47.30544]],[[8.90902,47.27218],[8.90963,47.27223]],[[8.90902,47.27218],[8.91012,47.27134]],[[8.9099,47.28318],[8.9094,47.28319]],[[8.90986,47.26913],[8.90944,47.26867],[8.90921,47.26708],[8.90965,47.2661],[8.90919,47.26567],[8.90902,47.2651]],[[8.91058,47.29527],[8.9103,47.29529]],[[8.91048,47.28401],[8.9101,47.28426]],[[8.91058,47.29527],[8.91051,47.29539]],[[8.91098,47.2946],[8.91101,47.2949],[8.91058,47.29527]],[[8.9131,47.27912],[8.91135,47.28011],[8.91129,47.28042],[8.91034,47.28067]],[[8.91203,47.28277],[8.91053,47.28297]],[[8.91203,47.28277],[8.91202,47.28333],[8.91158,47.28368],[8.91069,47.28381]],[[8.91099,47.29439],[8.91099,47.29441]],[[8.91768,47.29364],[8.91692,47.2935],[8.91589,47.29408],[8.91542,47.29403],[8.91388,47.2944],[8.91327,47.29429],[8.91099,47.29439]],[[8.91044,47.27452],[8.9107,47.27453]],[[8.91044,47.27452],[8.91123,47.27583],[8.91126,47.27713]],[[8.91039,47.27103],[8.91032,47.26992]],[[8.91039,47.27103],[8.91039,47.27103]],[[8.91039,47.27103],[8.91041,47.27101]],[[8.91039,47.27103],[8.91131,47.27058],[8.9116,47.27021]],[[8.91126,47.27713],[8.9108,47.27726]],[[8.91257,47.29586],[8.91161,47.29592]],[[8.91114,47.27446],[8.91216,47.27423],[8.91303,47.27447]],[[8.91126,47.27713],[8.91186,47.27799]],[[8.91239,47.30829],[8.91236,47.30826]],[[8.91257,47.29586],[8.91214,47.29654]],[[8.91177,47.25957],[8.91118,47.25919]],[[8.9154,47.30426],[8.91484,47.3044],[8.91396,47.30522],[8.91251,47.30569]],[[8.91204,47.28276],[8.91203,47.28277]],[[8.91175,47.26989],[8.9118,47.26982]],[[8.91177,47.2699],[8.9118,47.26982]],[[8.91496,47.28075],[8.91419,47.28136],[8.91299,47.28172],[8.91212,47.28252]],[[8.9118,47.26982],[8.91223,47.26896],[8.91312,47.26862]],[[8.91619,47.30936],[8.91593,47.30904],[8.91408,47.30934],[8.9129,47.3089]],[[8.91762,47.29573],[8.91645,47.29575],[8.91472,47.29538],[8.91257,47.29586]],[[8.91234,47.27848],[8.9131,47.27912]],[[8.91469,47.29968],[8.91314,47.29971]],[[8.91312,47.26862],[8.91299,47.26782],[8.9124,47.26722],[8.91253,47.26665]],[[8.9148,47.26343],[8.91485,47.26271],[8.91417,47.2614],[8.91243,47.2599]],[[8.91649,47.29053],[8.91503,47.2902],[8.91339,47.29017]],[[8.9131,47.27912],[8.91489,47.27977],[8.91496,47.28075]],[[8.91593,47.2974],[8.91387,47.2975]],[[8.91312,47.26862],[8.91409,47.26846],[8.91505,47.26872]],[[8.91498,47.28406],[8.91446,47.28436],[8.91372,47.28446]],[[8.9148,47.26343],[8.9141,47.26332],[8.91332,47.26247]],[[8.9154,47.30426],[8.91596,47.30471],[8.91581,47.30508],[8.91649,47.30548],[8.91626,47.30591],[8.9167,47.30693],[8.91671,47.30795]],[[8.9159,47.30259],[8.91549,47.30351],[8.91564,47.30374],[8.91528,47.30399],[8.9154,47.30426]],[[8.91673,47.28592],[8.91502,47.28658]],[[8.91496,47.28075],[8.91543,47.28174],[8.91632,47.28218],[8.91649,47.2827],[8.91623,47.28323],[8.91652,47.28358]],[[8.91501,47.27266],[8.91532,47.27254]],[[8.91692,47.26559],[8.91502,47.26416],[8.9148,47.26343]],[[8.91648,47.3015],[8.91619,47.30165],[8.91634,47.30193],[8.91557,47.30237],[8.9159,47.30259]],[[8.9159,47.30259],[8.91591,47.30259],[8.91615,47.30269],[8.91633,47.30282],[8.91646,47.30283],[8.91687,47.3032],[8.91798,47.30491],[8.91762,47.30547],[8.91775,47.30563]],[[8.91724,47.29189],[8.9166,47.29216],[8.91562,47.29194]],[[8.91652,47.28358],[8.91542,47.28385]],[[8.91505,47.26872],[8.91515,47.26877]],[[8.91505,47.26872],[8.91471,47.26891],[8.91489,47.26909],[8.91638,47.26975]],[[8.91654,47.30866],[8.91619,47.30936]],[[8.91658,47.30863],[8.91675,47.30865],[8.91652,47.30961]],[[8.91686,47.30102],[8.91648,47.3015]],[[8.91574,47.27252],[8.9172,47.27204],[8.92,47.27207],[8.92196,47.2714],[8.9223,47.27093],[8.92417,47.2706],[8.92703,47.27059],[8.92737,47.27128],[8.92792,47.27162]],[[8.91699,47.31054],[8.91891,47.31063],[8.9206,47.31],[8.92153,47.30998],[8.92205,47.3098]],[[8.91686,47.30102],[8.91741,47.30132]],[[8.91784,47.3001],[8.91683,47.30029],[8.91692,47.30055],[8.91657,47.30073],[8.91686,47.30102]],[[8.91616,47.27527],[8.91645,47.27534]],[[8.91652,47.28358],[8.91696,47.284]],[[8.91615,47.26888],[8.91695,47.26867]],[[8.91753,47.29068],[8.91713,47.29074],[8.91677,47.29057]],[[8.91673,47.28592],[8.91709,47.28677]],[[8.91696,47.284],[8.91673,47.28592]],[[8.91744,47.29945],[8.91727,47.29952]],[[8.9163,47.26305],[8.91576,47.26278],[8.91627,47.26215],[8.91666,47.26059]],[[8.91696,47.284],[8.91752,47.28367],[8.91803,47.28405]],[[8.91674,47.27541],[8.91783,47.27547]],[[8.91744,47.29945],[8.91784,47.3001]],[[8.91849,47.29841],[8.91776,47.2986],[8.91739,47.29907],[8.91744,47.29945]],[[8.91709,47.28677],[8.91764,47.28864]],[[8.91709,47.28677],[8.91739,47.28673],[8.91789,47.28679]],[[8.91724,47.29189],[8.91738,47.29229]],[[8.91753,47.29068],[8.9171,47.29151],[8.9174,47.29165],[8.91724,47.29189]],[[8.91666,47.2698],[8.91773,47.27003],[8.92005,47.27006],[8.92176,47.27047]],[[8.91738,47.29229],[8.91881,47.29278]],[[8.91738,47.29229],[8.91768,47.29364]],[[8.91762,47.29573],[8.9176,47.29577]],[[8.91803,47.29562],[8.91762,47.29573]],[[8.91771,47.28935],[8.91734,47.28991],[8.91759,47.29014],[8.91753,47.29068]],[[8.91784,47.3001],[8.91849,47.30066],[8.91952,47.30115]],[[8.91768,47.29364],[8.9177,47.29379]],[[8.9177,47.29379],[8.9176,47.2941],[8.91828,47.29432],[8.91797,47.29454],[8.91803,47.29562]],[[8.9177,47.29379],[8.91871,47.29352],[8.91903,47.29383],[8.92003,47.29389],[8.92067,47.29431]],[[8.91764,47.28864],[8.91773,47.28892]],[[8.91764,47.28864],[8.91833,47.28858],[8.91918,47.28781]],[[8.91771,47.28935],[8.91888,47.28983]],[[8.91773,47.28892],[8.91771,47.28935]],[[8.91773,47.28892],[8.91898,47.28897]],[[8.91824,47.30584],[8.91919,47.30608],[8.92003,47.30589],[8.92128,47.30595],[8.92168,47.30583],[8.92379,47.3062],[8.92466,47.30602],[8.92515,47.30643]],[[8.91803,47.29562],[8.91804,47.29611],[8.91833,47.29625],[8.91839,47.29656]],[[8.92046,47.26238],[8.92033,47.26146],[8.91976,47.26077],[8.91763,47.25995],[8.91715,47.2595]],[[8.91851,47.30306],[8.91865,47.30306]],[[8.91803,47.28405],[8.91848,47.28437]],[[8.91803,47.28405],[8.91851,47.28403],[8.91868,47.28407]],[[8.91839,47.29656],[8.91997,47.29668],[8.92147,47.29653],[8.92266,47.29673]],[[8.91839,47.29656],[8.91887,47.2974],[8.91826,47.29762],[8.91867,47.29782]],[[8.91849,47.29841],[8.91847,47.29862]],[[8.91866,47.29821],[8.91849,47.29841]],[[8.91879,47.3034],[8.91938,47.30378]],[[8.91878,47.30301],[8.91995,47.30308],[8.92039,47.30287],[8.92126,47.30281],[8.92254,47.30306],[8.92373,47.30284],[8.92387,47.30254],[8.92426,47.30258],[8.92494,47.30229]],[[8.91866,47.29821],[8.91893,47.29838]],[[8.91867,47.29782],[8.91866,47.29821]],[[8.91867,47.29782],[8.91902,47.29808]],[[8.91823,47.27548],[8.91913,47.27569],[8.91944,47.2764],[8.92036,47.27643]],[[8.9191,47.29001],[8.91999,47.29026],[8.921,47.29]],[[8.91951,47.29852],[8.92033,47.29868]],[[8.91934,47.28896],[8.92058,47.28894]],[[8.91976,47.30387],[8.92016,47.30398]],[[8.91977,47.30123],[8.92102,47.30157],[8.92258,47.3015]],[[8.91979,47.29289],[8.92012,47.29277]],[[8.92019,47.29937],[8.92036,47.2994]],[[8.92046,47.30405],[8.92098,47.3042]],[[8.92023,47.29302],[8.92054,47.29304]],[[8.92041,47.29815],[8.92058,47.29816]],[[8.92039,47.29273],[8.9206,47.29264]],[[8.9206,47.29264],[8.92301,47.29218]],[[8.9206,47.29264],[8.92091,47.29216],[8.92157,47.29185]],[[8.92085,47.293],[8.92203,47.29303]],[[8.92109,47.29824],[8.92201,47.29841]],[[8.92098,47.29433],[8.92174,47.29451],[8.92269,47.29446]],[[8.92065,47.27679],[8.9215,47.27713],[8.92299,47.27737],[8.92381,47.27803],[8.92476,47.27807]],[[8.92047,47.2667],[8.92062,47.26686],[8.92209,47.2671],[8.92277,47.26771],[8.9243,47.26782]],[[8.92076,47.2648],[8.92078,47.26419],[8.92126,47.26412],[8.92103,47.26336]],[[8.92269,47.29446],[8.92473,47.29559],[8.92675,47.2956],[8.92709,47.29604],[8.92852,47.29671],[8.92927,47.2978],[8.92982,47.29783],[8.93,47.29807],[8.93061,47.29808],[8.93346,47.29926],[8.93492,47.29949],[8.93632,47.3001],[8.93687,47.30011],[8.93778,47.30044],[8.93851,47.30113],[8.93937,47.30157]],[[8.92269,47.29446],[8.92273,47.29405],[8.92343,47.29402]],[[8.92343,47.29402],[8.92498,47.29394]],[[8.92343,47.29402],[8.92423,47.29352]],[[8.92481,47.3089],[8.9248,47.30909]],[[8.92494,47.30229],[8.92524,47.3019]],[[8.92494,47.30229],[8.926,47.30219]],[[8.92515,47.30643],[8.92576,47.30634]],[[8.92515,47.30643],[8.92525,47.30701],[8.92495,47.30743],[8.92523,47.30786]],[[8.92523,47.30786],[8.92523,47.30787]],[[8.92523,47.30786],[8.92569,47.30787]],[[8.92498,47.29394],[8.92633,47.294]],[[8.92498,47.29394],[8.92577,47.29362]],[[8.9243,47.26782],[8.92432,47.26783]],[[8.9243,47.26782],[8.9243,47.26783]],[[8.92439,47.26832],[8.92439,47.26876]],[[8.92476,47.27807],[8.92609,47.27806],[8.92691,47.2776]],[[8.92476,47.27807],[8.92567,47.27747]],[[8.92569,47.30787],[8.92638,47.30786]],[[8.92569,47.30787],[8.9257,47.30788]],[[8.92466,47.26789],[8.92551,47.2682]],[[8.92576,47.30634],[8.92713,47.30655]],[[8.92576,47.30634],[8.92602,47.30608]],[[8.92587,47.30494],[8.92587,47.30492]],[[8.92587,47.30492],[8.92571,47.30453],[8.92591,47.30413]],[[8.92587,47.30492],[8.92607,47.3049],[8.92622,47.30493]],[[8.92657,47.30203],[8.9269,47.30161]],[[8.92696,47.30802],[8.92766,47.30818],[8.92803,47.3085],[8.92885,47.30863],[8.92968,47.30919]],[[8.92713,47.30655],[8.92821,47.30715],[8.92852,47.30707],[8.92951,47.30747],[8.93027,47.30746]],[[8.92713,47.30655],[8.92926,47.30598]],[[8.92711,47.29308],[8.92774,47.29279]],[[8.92691,47.2776],[8.927,47.27728],[8.92743,47.27727],[8.92779,47.27703],[8.92839,47.27714]],[[8.92691,47.2776],[8.927,47.2776],[8.92707,47.27763],[8.92766,47.27788],[8.92949,47.27806],[8.93016,47.27839],[8.93089,47.2785]],[[8.92866,47.30973],[8.92936,47.31082]],[[8.92926,47.30598],[8.92918,47.30576]],[[8.92926,47.30598],[8.92998,47.30596]],[[8.92968,47.30919],[8.93068,47.30972],[8.9326,47.31027],[8.93372,47.31079]],[[8.92968,47.30919],[8.92996,47.30986],[8.93122,47.311]],[[8.92972,47.30465],[8.93121,47.30395],[8.93231,47.30311]],[[8.93027,47.30746],[8.93039,47.3075]],[[8.93027,47.30746],[8.93083,47.30718],[8.93135,47.30734],[8.93227,47.30725],[8.93294,47.3075],[8.93413,47.30744]],[[8.93122,47.311],[8.93126,47.3114]],[[8.93122,47.311],[8.93131,47.31096],[8.9317,47.31131]],[[8.9306,47.27186],[8.9312,47.27306],[8.93233,47.27319]],[[8.93089,47.2785],[8.93097,47.27867]],[[8.93089,47.2785],[8.93114,47.2784]],[[8.93192,47.30832],[8.93388,47.30953]],[[8.93231,47.30311],[8.93242,47.30291]],[[8.93231,47.30311],[8.93271,47.30293]],[[8.93413,47.30744],[8.93609,47.30889],[8.93628,47.3096]],[[8.93413,47.30744],[8.9343,47.30739]],[[8.9343,47.30739],[8.93448,47.3073]],[[8.93448,47.3073],[8.93632,47.30784]],[[8.93448,47.3073],[8.93498,47.30708]],[[8.93498,47.30708],[8.93548,47.30677],[8.93679,47.30653]],[[8.93498,47.30708],[8.93596,47.30705],[8.93706,47.30737],[8.93776,47.30733],[8.93957,47.30767]],[[8.93661,47.30789],[8.93762,47.30797],[8.93999,47.3089],[8.94092,47.30903]],[[8.93679,47.30653],[8.93841,47.30677],[8.93875,47.30697]],[[8.93679,47.30653],[8.93755,47.30603]],[[8.93755,47.30603],[8.93833,47.30549]],[[8.93755,47.30603],[8.93797,47.30597]],[[8.93875,47.30697],[8.93971,47.30713],[8.9417,47.30693]],[[8.93875,47.30697],[8.93971,47.30667],[8.94009,47.30627]],[[8.93952,47.30248],[8.93926,47.30291]],[[8.93937,47.30157],[8.94078,47.30186]],[[8.93937,47.30157],[8.93952,47.30248]],[[8.93952,47.30248],[8.94046,47.30391],[8.94093,47.30424]],[[8.94078,47.30186],[8.94188,47.30274]],[[8.94078,47.30186],[8.94087,47.30185],[8.94099,47.30187],[8.94242,47.3023]]]}},{"type":"Feature","properties":{"id":"jona-302-zh","c":"ZH","p":"pacht","q":"official","k":"river"},"geometry":{"type":"MultiLineString","coordinates":[[[8.87291,47.269],[8.87348,47.26896],[8.87342,47.2695],[8.87421,47.26988],[8.87511,47.26991],[8.87566,47.26954],[8.87674,47.27008],[8.87724,47.27014]],[[8.87717,47.27258],[8.87776,47.2728],[8.87831,47.27333],[8.8798,47.27391]],[[8.87717,47.27258],[8.87708,47.27352],[8.87671,47.27374],[8.87667,47.27403],[8.87789,47.27493],[8.8788,47.27674],[8.88005,47.27765],[8.88104,47.27806]],[[8.87724,47.27014],[8.87776,47.27123],[8.87743,47.27197],[8.87695,47.2722],[8.87717,47.27258]],[[8.87724,47.27014],[8.87784,47.2693]],[[8.87784,47.2693],[8.87771,47.26881],[8.87792,47.26847],[8.8785,47.2683],[8.87979,47.26714],[8.88031,47.26713]],[[8.87784,47.2693],[8.87836,47.26919],[8.8791,47.26957],[8.87994,47.26966]],[[8.8798,47.27391],[8.88062,47.27389],[8.88173,47.27349]],[[8.8798,47.27391],[8.87989,47.27412]],[[8.87988,47.27022],[8.88,47.2706],[8.88097,47.27117],[8.8807,47.27154]],[[8.87994,47.26966],[8.8799,47.27003]],[[8.87994,47.26966],[8.88043,47.26963],[8.88095,47.26973],[8.88215,47.2702]],[[8.88016,47.27452],[8.88019,47.27456]],[[8.8811,47.27906],[8.88112,47.27909]],[[8.88139,47.26716],[8.88156,47.2672]],[[8.88173,47.27349],[8.88182,47.27353]],[[8.88173,47.27349],[8.88188,47.27341]],[[8.8821,47.27955],[8.8821,47.27957]],[[8.88215,47.2702],[8.88189,47.27125]],[[8.88204,47.26746],[8.88254,47.26761]],[[8.88215,47.2702],[8.88337,47.27037]],[[8.88337,47.27037],[8.88452,47.27044]],[[8.88337,47.27037],[8.88386,47.2697],[8.88476,47.26905],[8.88578,47.26873],[8.88844,47.26737],[8.88948,47.26733],[8.89038,47.2667],[8.89144,47.26654],[8.89187,47.26627],[8.89483,47.26601],[8.89749,47.26498],[8.89795,47.26462]],[[8.88426,47.29023],[8.88588,47.29189]],[[8.88476,47.28635],[8.88449,47.28766],[8.88423,47.28796]],[[8.88453,47.27074],[8.88427,47.2723]],[[8.88476,47.28635],[8.88511,47.28651],[8.88547,47.28771],[8.88571,47.28779]],[[8.88617,47.28416],[8.88559,47.28437],[8.88514,47.28493],[8.88512,47.28582],[8.88476,47.28635]],[[8.88452,47.27044],[8.88452,47.27053]],[[8.88452,47.27044],[8.88542,47.27045],[8.88667,47.2708]],[[8.8858,47.28289],[8.88544,47.28258],[8.88494,47.28255]],[[8.88573,47.27864],[8.88504,47.27892]],[[8.8866,47.28314],[8.88587,47.28307]],[[8.88669,47.27113],[8.88575,47.27201]],[[8.8863,47.27831],[8.88599,47.2785]],[[8.88617,47.28416],[8.88628,47.2845]],[[8.8866,47.28314],[8.88635,47.28354],[8.88646,47.28391],[8.88617,47.28416]],[[8.88677,47.28298],[8.8866,47.28314]],[[8.8888,47.27733],[8.88821,47.27766],[8.88744,47.27768],[8.8866,47.27799]],[[8.88677,47.28298],[8.88701,47.28338]],[[8.88812,47.28116],[8.88753,47.28152],[8.88677,47.28298]],[[8.88667,47.2708],[8.88657,47.27102]],[[8.88667,47.2708],[8.88784,47.27107],[8.88902,47.27065]],[[8.88889,47.29222],[8.88792,47.29308]],[[8.88767,47.27268],[8.88774,47.27328]],[[8.88775,47.27147],[8.88772,47.27241]],[[8.88812,47.28116],[8.88866,47.28229],[8.88927,47.28281]],[[8.89059,47.27875],[8.8898,47.27912],[8.88899,47.28017],[8.8884,47.28057],[8.88812,47.28116]],[[8.89157,47.28183],[8.89148,47.28314],[8.89112,47.28369],[8.89184,47.28507],[8.89143,47.28621],[8.89149,47.2867],[8.89186,47.28713],[8.89156,47.28852],[8.89125,47.2889],[8.89136,47.28929],[8.89105,47.28991],[8.88979,47.29148],[8.88906,47.29205]],[[8.88925,47.28431],[8.88948,47.2847]],[[8.89095,47.27656],[8.88996,47.2771],[8.88908,47.2772]],[[8.88902,47.27065],[8.8888,47.27005],[8.88911,47.26973]],[[8.88902,47.27065],[8.89082,47.27045]],[[8.89013,47.28522],[8.88958,47.28541]],[[8.89059,47.27875],[8.892,47.27969],[8.89227,47.28043],[8.89157,47.28183]],[[8.8908,47.27744],[8.89059,47.27875]],[[8.8908,47.27744],[8.89245,47.27807]],[[8.89088,47.27696],[8.8908,47.27744]],[[8.89088,47.27696],[8.89126,47.27722],[8.89225,47.27729]],[[8.89095,47.27656],[8.89088,47.27696]],[[8.89082,47.27045],[8.89128,47.27074],[8.89076,47.27194],[8.89125,47.27258],[8.89043,47.27403],[8.89059,47.27446],[8.89011,47.27567],[8.89093,47.27629],[8.89095,47.27656]],[[8.89082,47.27045],[8.89172,47.27043]],[[8.89157,47.28183],[8.89237,47.28255],[8.89297,47.2826]],[[8.89172,47.27043],[8.89241,47.27105],[8.89478,47.27168],[8.89664,47.27133]],[[8.89172,47.27043],[8.89192,47.27038]],[[8.89192,47.27038],[8.89263,47.26955]],[[8.89192,47.27038],[8.89213,47.26936]],[[8.89402,47.27766],[8.89434,47.27784],[8.89443,47.27848],[8.89481,47.27876]],[[8.89588,47.27003],[8.89519,47.26938]],[[8.89664,47.27133],[8.89729,47.27176]],[[8.89664,47.27133],[8.89717,47.27105]],[[8.89835,47.27353],[8.89721,47.2739],[8.89674,47.27462]],[[8.89717,47.27105],[8.8977,47.27101],[8.89777,47.27084]],[[8.89717,47.27105],[8.89718,47.27074]],[[8.89743,47.27197],[8.89779,47.2723],[8.89828,47.27237]],[[8.89865,47.26829],[8.89786,47.26723],[8.89787,47.26682]],[[8.89828,47.27237],[8.8985,47.27267],[8.89835,47.27353]],[[8.89828,47.27237],[8.89978,47.2719],[8.90106,47.27195]],[[8.89835,47.27353],[8.89849,47.27389],[8.89821,47.27415],[8.8983,47.27534],[8.89802,47.2762],[8.89879,47.27809],[8.89995,47.27869]],[[8.89823,47.26452],[8.89872,47.26431]],[[8.89892,47.2703],[8.9,47.26962]],[[8.89995,47.27869],[8.90046,47.27868]],[[8.89995,47.27869],[8.9001,47.2803],[8.90049,47.28087],[8.9004,47.28147]],[[8.90035,47.26745],[8.89973,47.26715],[8.89966,47.26639]],[[8.90011,47.28158],[8.90011,47.28213]],[[8.9,47.26962],[8.89982,47.26929]],[[8.9,47.26962],[8.90005,47.26961]],[[8.90068,47.26945],[8.90125,47.26855],[8.90057,47.26806],[8.90035,47.26745]],[[8.90035,47.26745],[8.90035,47.26626]],[[8.90106,47.27195],[8.90318,47.27217]],[[8.90106,47.27195],[8.90112,47.27133]]]}},{"type":"Feature","properties":{"id":"jona-303-zh","c":"ZH","p":"pacht","q":"official","k":"river"},"geometry":{"type":"MultiLineString","coordinates":[[[8.82795,47.25405],[8.82723,47.25444]],[[8.82795,47.25405],[8.82774,47.2534]],[[8.84179,47.25732],[8.84014,47.2566],[8.83954,47.25612],[8.83812,47.25586],[8.83771,47.25561],[8.83642,47.2555],[8.83542,47.255],[8.83376,47.2547],[8.83268,47.25489],[8.83224,47.25518],[8.8319,47.25513],[8.83154,47.2555],[8.83079,47.25546],[8.83031,47.25533],[8.82986,47.25451],[8.82867,47.25396],[8.82806,47.25411],[8.82795,47.25405]],[[8.83329,47.25725],[8.83204,47.25689],[8.83202,47.25724],[8.83128,47.25739],[8.83099,47.25773],[8.83011,47.25788]],[[8.83329,47.25725],[8.83317,47.25755],[8.83341,47.25801]],[[8.83799,47.2576],[8.83703,47.25738],[8.83568,47.25672],[8.83387,47.25664],[8.83329,47.25725]],[[8.83715,47.25798],[8.83678,47.25808],[8.83515,47.25788]],[[8.83715,47.25798],[8.83717,47.25872],[8.83647,47.25913]],[[8.83799,47.2576],[8.83744,47.25766],[8.83715,47.25798]],[[8.84179,47.25732],[8.84119,47.25781],[8.84008,47.258],[8.83873,47.2577],[8.8383,47.25762],[8.83807,47.2576],[8.83799,47.2576]],[[8.84185,47.25737],[8.84179,47.25732]],[[8.85131,47.25115],[8.84859,47.25161]],[[8.85053,47.2505],[8.84968,47.25027]],[[8.85034,47.26002],[8.85043,47.26004]],[[8.85034,47.26002],[8.85035,47.26005]],[[8.85281,47.25242],[8.85287,47.25294],[8.85128,47.25624],[8.85017,47.25801],[8.84993,47.25949],[8.85034,47.26002]],[[8.85045,47.26005],[8.85131,47.26029]],[[8.85154,47.26038],[8.85186,47.26052],[8.85174,47.26108]],[[8.85173,47.26138],[8.85203,47.26255],[8.85367,47.2635],[8.85418,47.26413],[8.85474,47.26624],[8.85582,47.26643],[8.85769,47.26593],[8.85867,47.26633]],[[8.85207,47.25116],[8.85189,47.25115]],[[8.85207,47.25116],[8.8521,47.25163],[8.85281,47.25242]],[[8.85689,47.24497],[8.8563,47.24484],[8.85562,47.2444],[8.85525,47.24441],[8.85476,47.24515],[8.85422,47.24536],[8.85448,47.24599],[8.85338,47.24661],[8.85268,47.24676],[8.85297,47.25011],[8.85207,47.25116]],[[8.85281,47.25242],[8.85295,47.25248]],[[8.86001,47.24398],[8.85867,47.2445],[8.8578,47.2444],[8.85726,47.24487],[8.85695,47.24498],[8.85689,47.24497]],[[8.85689,47.24497],[8.85729,47.24529],[8.85834,47.24539],[8.85829,47.24566],[8.86067,47.24601]],[[8.85867,47.26633],[8.85951,47.2667],[8.86102,47.2667],[8.86262,47.26706],[8.86356,47.2675],[8.86423,47.26845],[8.86478,47.26813],[8.86527,47.26811],[8.86569,47.26834],[8.86576,47.269],[8.86609,47.26932],[8.86794,47.26962]],[[8.85867,47.26633],[8.85949,47.26581]],[[8.85949,47.26581],[8.85951,47.26576]],[[8.85949,47.26581],[8.85983,47.26532],[8.86103,47.26498],[8.86127,47.26475],[8.86208,47.26479]],[[8.85988,47.24363],[8.8601,47.24375],[8.86001,47.24398]],[[8.86001,47.24398],[8.86215,47.24454],[8.86269,47.24496]],[[8.86067,47.24601],[8.86205,47.2466]],[[8.86067,47.24601],[8.86083,47.24656]],[[8.86125,47.26069],[8.86402,47.26142]],[[8.86089,47.24687],[8.86084,47.2471],[8.86134,47.2474]],[[8.86134,47.2474],[8.86136,47.24741]],[[8.86134,47.2474],[8.86089,47.24862],[8.86293,47.24927],[8.86282,47.24978],[8.86354,47.25],[8.86314,47.25059]],[[8.862,47.24774],[8.86393,47.24844]],[[8.86275,47.24447],[8.86251,47.24426]],[[8.86295,47.25078],[8.86286,47.25111]],[[8.86306,47.24481],[8.86275,47.24447]],[[8.86275,47.24447],[8.86297,47.24417],[8.86952,47.24574],[8.86973,47.24638],[8.87076,47.24697],[8.87377,47.24766]],[[8.86383,47.25123],[8.86456,47.25137],[8.86451,47.25152],[8.86548,47.25192],[8.86665,47.25208]],[[8.86452,47.26163],[8.86459,47.26167]],[[8.86419,47.24855],[8.86457,47.24883]],[[8.86459,47.26167],[8.86548,47.26214],[8.86546,47.26244],[8.86576,47.26261],[8.86834,47.26351]],[[8.86459,47.26167],[8.86488,47.26161]],[[8.86515,47.26148],[8.8666,47.26031],[8.86738,47.26023],[8.86873,47.26013],[8.86942,47.26034],[8.87013,47.26021],[8.87067,47.26054],[8.87139,47.26048],[8.874,47.26077]],[[8.86556,47.24712],[8.86734,47.24734]],[[8.86766,47.26998],[8.86662,47.27249]],[[8.86753,47.27322],[8.86853,47.27381]],[[8.86766,47.26998],[8.86802,47.27065],[8.86882,47.27068]],[[8.86794,47.26962],[8.86766,47.26998]],[[8.86794,47.26962],[8.87008,47.26964],[8.87291,47.269]],[[8.86801,47.25228],[8.86826,47.25226]],[[8.86834,47.26351],[8.86836,47.26352]],[[8.86834,47.26351],[8.86834,47.26353]],[[8.86883,47.27401],[8.87103,47.27458],[8.87133,47.27527]],[[8.86861,47.26456],[8.86882,47.26478],[8.87108,47.26506],[8.8717,47.26533],[8.87283,47.26552],[8.87292,47.26536],[8.87329,47.26536],[8.87367,47.26566],[8.87567,47.26533]],[[8.8705,47.27271],[8.87155,47.2724]],[[8.87054,47.2632],[8.87107,47.26296],[8.87211,47.26287],[8.87269,47.26243],[8.87404,47.26234],[8.87527,47.26268],[8.87657,47.26255],[8.87801,47.26197],[8.87891,47.262],[8.88,47.26175],[8.88046,47.26188],[8.88137,47.26141],[8.88248,47.26165],[8.88479,47.26164],[8.88673,47.26139],[8.8882,47.26146]],[[8.87693,47.26558],[8.87887,47.2646],[8.88034,47.26463],[8.88281,47.26421]],[[8.87757,47.26584],[8.87852,47.26599],[8.88021,47.26575],[8.88158,47.26508],[8.88322,47.26481],[8.88403,47.26515],[8.88509,47.26525],[8.88799,47.26424],[8.88979,47.26428],[8.89224,47.26257],[8.89485,47.26215],[8.89966,47.26211],[8.90035,47.2623],[8.90057,47.26267]],[[8.88011,47.25989],[8.88046,47.25964],[8.88159,47.25952]],[[8.8882,47.26146],[8.88922,47.26177]],[[8.8882,47.26146],[8.88839,47.26143]],[[8.88867,47.26135],[8.88946,47.26121]],[[8.90083,47.26284],[8.90083,47.26286]],[[8.90171,47.26344],[8.90299,47.26372]]]}},{"type":"Feature","properties":{"id":"schmittenbach-wald-revier-307-zh","c":"ZH","p":"pacht","q":"official","k":"river"},"geometry":{"type":"MultiLineString","coordinates":[[[8.91122,47.27699],[8.91244,47.27681],[8.91322,47.27702],[8.91455,47.277],[8.91482,47.27717],[8.91472,47.27748],[8.91535,47.27793],[8.91661,47.2777],[8.91822,47.27839],[8.91848,47.27875],[8.91849,47.2794]],[[8.91882,47.2796],[8.91988,47.28024]],[[8.91988,47.28024],[8.92004,47.28061]],[[8.91988,47.28024],[8.92038,47.27999],[8.92166,47.27984],[8.92356,47.28004]],[[8.92004,47.28061],[8.92152,47.28082]],[[8.92004,47.28061],[8.91984,47.28083],[8.92024,47.28157],[8.92131,47.2824]],[[8.92131,47.2824],[8.92176,47.28307],[8.92248,47.28341],[8.9228,47.28401],[8.92279,47.28463],[8.9237,47.2849]],[[8.92131,47.2824],[8.92279,47.2821],[8.92329,47.28169],[8.92391,47.2817],[8.92413,47.28189],[8.92503,47.28177]],[[8.9237,47.2849],[8.92334,47.28564]],[[8.9237,47.2849],[8.92388,47.28495]],[[8.92388,47.28495],[8.92455,47.28535],[8.92471,47.28578],[8.92648,47.28629],[8.92654,47.28656],[8.92747,47.28718]],[[8.92388,47.28495],[8.92482,47.2844],[8.92642,47.28403],[8.92681,47.28373]],[[8.92703,47.28732],[8.92622,47.28792]],[[8.92681,47.28373],[8.92668,47.28298]],[[8.92681,47.28373],[8.92816,47.28343],[8.92854,47.28297],[8.93053,47.28193],[8.93319,47.28165]],[[8.92747,47.28718],[8.92744,47.28718]],[[8.92747,47.28718],[8.92806,47.2874]],[[8.92806,47.2874],[8.92931,47.28736],[8.92987,47.28821],[8.93052,47.28833]],[[8.92806,47.2874],[8.92831,47.28829],[8.92815,47.28888],[8.92842,47.28927],[8.92934,47.28986]],[[8.93052,47.28833],[8.93057,47.28873],[8.93007,47.28937],[8.93033,47.29017]],[[8.93052,47.28833],[8.93085,47.28822]],[[8.93066,47.2903],[8.93164,47.29067]],[[8.93085,47.28822],[8.93132,47.28836],[8.93238,47.28819],[8.93252,47.288]],[[8.93085,47.28822],[8.93137,47.28771],[8.93147,47.28673]],[[8.93194,47.29081],[8.93232,47.29088]],[[8.93252,47.288],[8.93372,47.28831]],[[8.93252,47.288],[8.93379,47.28699]],[[8.93372,47.28831],[8.93479,47.28862],[8.93543,47.28915]],[[8.93372,47.28831],[8.93435,47.28781],[8.93523,47.28776],[8.93652,47.2872],[8.93833,47.2853]],[[8.935,47.28114],[8.93632,47.28015],[8.93689,47.27932]],[[8.93543,47.28915],[8.93612,47.28923],[8.93654,47.28908],[8.93682,47.28926],[8.93786,47.28925],[8.93838,47.28964],[8.94085,47.29001],[8.94151,47.2903],[8.94233,47.29103],[8.94308,47.29128]],[[8.93543,47.28915],[8.93485,47.29114],[8.93479,47.29237],[8.93635,47.29354],[8.93685,47.29513]],[[8.94113,47.29616],[8.93948,47.29648]],[[8.94219,47.29599],[8.94143,47.29729],[8.94041,47.29775]],[[8.94219,47.29599],[8.94294,47.29779]],[[8.94225,47.29565],[8.94219,47.29599]],[[8.94225,47.29565],[8.9422,47.29567]],[[8.94308,47.29128],[8.9436,47.29192],[8.94345,47.29241],[8.94383,47.29322],[8.94374,47.29418],[8.94225,47.29565]],[[8.94308,47.29128],[8.94322,47.2912]],[[8.94322,47.2912],[8.94359,47.29119],[8.94441,47.29187],[8.94466,47.29189],[8.94466,47.29212],[8.94517,47.29238],[8.94525,47.29267],[8.94697,47.29291],[8.94841,47.29334]],[[8.94322,47.2912],[8.94363,47.29084],[8.94469,47.29077],[8.94527,47.29093],[8.94563,47.29124],[8.9464,47.29135],[8.94674,47.29159],[8.94719,47.29156],[8.94746,47.29182],[8.94891,47.29217]],[[8.94851,47.29501],[8.94826,47.29532],[8.94829,47.29595],[8.94705,47.29791]],[[8.94841,47.29334],[8.94918,47.29448]],[[8.94841,47.29334],[8.94853,47.29327]],[[8.94918,47.29448],[8.94861,47.29482]],[[8.94918,47.29448],[8.9504,47.29496]]]}},{"type":"Feature","properties":{"id":"muelibach-hadlikon-revier-309-zh","c":"ZH","p":"pacht","q":"official","k":"river"},"geometry":{"type":"MultiLineString","coordinates":[[[8.84388,47.28585],[8.84394,47.28666]],[[8.84394,47.28666],[8.84389,47.28828],[8.84416,47.28858]],[[8.84394,47.28666],[8.844,47.28665]],[[8.84416,47.28858],[8.84408,47.28917]],[[8.84416,47.28858],[8.84429,47.28859],[8.84466,47.28853],[8.84548,47.28877],[8.84852,47.28875],[8.85051,47.28722],[8.85281,47.28776],[8.85509,47.28758],[8.8563,47.28826],[8.8565,47.28874]],[[8.84424,47.28975],[8.84499,47.29061],[8.84662,47.29168],[8.84619,47.29281],[8.84727,47.29358],[8.84774,47.29473],[8.84997,47.29513]],[[8.84684,47.2865],[8.84789,47.28502],[8.84929,47.28534]],[[8.84997,47.29513],[8.85017,47.29531],[8.85106,47.29534]],[[8.84997,47.29513],[8.85063,47.29484],[8.85122,47.29488]],[[8.85122,47.29488],[8.85123,47.29489]],[[8.85122,47.29488],[8.85159,47.29476]],[[8.85184,47.29468],[8.85324,47.29437],[8.85456,47.29373],[8.85596,47.29368],[8.85708,47.29484],[8.85821,47.29521]],[[8.85241,47.29589],[8.85244,47.29589]],[[8.85244,47.29589],[8.85347,47.29538],[8.85375,47.29541],[8.85423,47.29594],[8.85402,47.29648],[8.85417,47.29675]],[[8.85244,47.29589],[8.85258,47.2963]],[[8.8565,47.28874],[8.8565,47.28899]],[[8.8565,47.28874],[8.85652,47.28874]],[[8.85665,47.29005],[8.85689,47.29044],[8.85821,47.29127]],[[8.85733,47.28828],[8.85778,47.28847]],[[8.85821,47.29521],[8.85882,47.29632],[8.85877,47.29675],[8.86041,47.29693],[8.86103,47.29634],[8.86207,47.29621],[8.86276,47.29585],[8.86411,47.29626],[8.86483,47.29674]],[[8.85821,47.29521],[8.85881,47.2948]],[[8.85821,47.29127],[8.85859,47.29111]],[[8.85821,47.29127],[8.85846,47.29157],[8.8591,47.29166],[8.85957,47.29151],[8.86015,47.29159],[8.86044,47.29134],[8.86107,47.29133],[8.86118,47.29118],[8.86149,47.29127]],[[8.8587,47.29075],[8.85878,47.29052],[8.85979,47.29003],[8.85992,47.28973],[8.86167,47.28979],[8.86281,47.28945],[8.86282,47.28921],[8.86346,47.28891],[8.864,47.28899],[8.86424,47.28885],[8.86441,47.289],[8.8648,47.2889],[8.86507,47.28902],[8.86534,47.28878],[8.86677,47.2885]],[[8.86149,47.29127],[8.86336,47.29154],[8.86484,47.29233],[8.86577,47.2925]],[[8.86149,47.29127],[8.86152,47.29144],[8.86187,47.29146],[8.86184,47.29175],[8.86219,47.2917],[8.86272,47.29199],[8.86419,47.29319],[8.86647,47.2937]],[[8.86521,47.29707],[8.86591,47.2974]],[[8.8661,47.29754],[8.86629,47.29788]],[[8.86634,47.29811],[8.86662,47.2987]],[[8.86647,47.2937],[8.86669,47.29379],[8.86671,47.29389]],[[8.86647,47.2937],[8.86671,47.29389]],[[8.86662,47.2987],[8.8669,47.29911]],[[8.86671,47.29389],[8.86726,47.29437]],[[8.86677,47.2885],[8.86702,47.28854],[8.86751,47.28812]],[[8.86677,47.2885],[8.86705,47.28867],[8.86843,47.28873],[8.86929,47.2896]],[[8.86727,47.29506],[8.86693,47.29566],[8.86771,47.2962]],[[8.86726,47.29437],[8.86726,47.2944]],[[8.86726,47.29437],[8.86837,47.29474],[8.86928,47.29447],[8.87007,47.29459]],[[8.8674,47.29923],[8.86845,47.2994]],[[8.86814,47.2967],[8.86892,47.29667],[8.86933,47.29683],[8.87037,47.29647]],[[8.8692,47.29953],[8.87036,47.29928],[8.87094,47.29875],[8.87198,47.2991],[8.87282,47.29904]],[[8.86929,47.2896],[8.87102,47.29084],[8.87361,47.29136]],[[8.86929,47.2896],[8.8695,47.28954]],[[8.86978,47.28941],[8.87003,47.28932]],[[8.87007,47.29459],[8.87061,47.29485]],[[8.87007,47.29459],[8.87223,47.29414]],[[8.87035,47.28924],[8.87092,47.2895]],[[8.87066,47.29647],[8.87266,47.29687],[8.87319,47.29715],[8.87629,47.29692],[8.8769,47.29656],[8.87903,47.29688],[8.88131,47.29613],[8.88252,47.29612],[8.88366,47.29574]],[[8.87254,47.29409],[8.87292,47.29398],[8.87693,47.29399],[8.87814,47.29374],[8.88115,47.29412]],[[8.87282,47.29904],[8.87324,47.29897]],[[8.87282,47.29904],[8.87286,47.29916]],[[8.87347,47.29911],[8.87349,47.29911]],[[8.87349,47.2997],[8.87352,47.29972]],[[8.87348,47.29911],[8.87349,47.29911]],[[8.87349,47.29911],[8.87673,47.29913]],[[8.87361,47.29136],[8.87468,47.29188]],[[8.87361,47.29136],[8.87417,47.29119]],[[8.87398,47.29977],[8.87455,47.29984],[8.87484,47.29963],[8.87633,47.29988]],[[8.87417,47.29119],[8.87468,47.29135],[8.87655,47.29127],[8.87769,47.29144]],[[8.87417,47.29119],[8.87455,47.29092],[8.87571,47.29065],[8.87855,47.29025]],[[8.87515,47.2921],[8.87577,47.29208]],[[8.87783,47.29905],[8.87995,47.29872]],[[8.87811,47.29148],[8.88043,47.29184],[8.88167,47.29223]],[[8.87855,47.29025],[8.88179,47.29076]],[[8.87855,47.29025],[8.87931,47.29013]],[[8.88115,47.29412],[8.88238,47.29383]],[[8.88115,47.29412],[8.88321,47.29394]],[[8.88167,47.29223],[8.88198,47.29228]],[[8.88167,47.29223],[8.88237,47.29252]],[[8.88366,47.29574],[8.88453,47.29576]],[[8.88366,47.29574],[8.88478,47.2951],[8.88511,47.29469]]]}},{"type":"Feature","properties":{"id":"possengraben-revier-310-zh","c":"ZH","p":"pacht","q":"official","k":"river"},"geometry":{"type":"MultiLineString","coordinates":[[[8.82864,47.29052],[8.8279,47.29067],[8.8272,47.29142]],[[8.82808,47.29692],[8.82828,47.29699]],[[8.82919,47.29091],[8.82931,47.29168],[8.82888,47.29268],[8.82827,47.29298],[8.82782,47.29389],[8.82731,47.29423],[8.82803,47.29562],[8.82749,47.29647],[8.82808,47.29692]],[[8.82808,47.29692],[8.82817,47.29691],[8.82828,47.29699]],[[8.82755,47.26941],[8.82752,47.26942]],[[8.82755,47.26941],[8.82739,47.2701],[8.82767,47.27085],[8.8306,47.27322]],[[8.82991,47.26695],[8.82988,47.26719],[8.82755,47.26941]],[[8.82828,47.29699],[8.82985,47.29745],[8.83084,47.29707],[8.83437,47.29722],[8.83481,47.29674],[8.83553,47.29642],[8.83743,47.29713],[8.83817,47.29718]],[[8.82864,47.29052],[8.8287,47.29059]],[[8.83353,47.28556],[8.83329,47.28633],[8.83216,47.28729],[8.8316,47.28749],[8.83122,47.28809],[8.82992,47.28905],[8.82864,47.29052]],[[8.82921,47.28424],[8.82888,47.2844]],[[8.82918,47.2909],[8.82919,47.29091]],[[8.82919,47.29091],[8.82945,47.29094],[8.8304,47.29068],[8.83162,47.29092],[8.83383,47.28954],[8.83416,47.28983],[8.83502,47.28943],[8.83592,47.28839]],[[8.83019,47.26151],[8.82952,47.26183],[8.82891,47.26169]],[[8.83194,47.26464],[8.83006,47.26581],[8.82979,47.26671]],[[8.831,47.28326],[8.83086,47.28379]],[[8.831,47.28326],[8.83144,47.28361],[8.83109,47.28437],[8.8312,47.28465],[8.83306,47.28532]],[[8.83299,47.27877],[8.83254,47.27921],[8.8312,47.27973],[8.83087,47.28003],[8.83088,47.28165],[8.8315,47.28242],[8.83146,47.28268],[8.83099,47.28296],[8.831,47.28326]],[[8.83092,47.26143],[8.83043,47.26137]],[[8.83087,47.27343],[8.83193,47.27385],[8.83392,47.27363]],[[8.8339,47.26251],[8.83219,47.26197],[8.83189,47.2616]],[[8.83299,47.27877],[8.83236,47.27875]],[[8.8329,47.26281],[8.83271,47.26306],[8.83286,47.26331],[8.83344,47.26359],[8.83245,47.26433]],[[8.83535,47.27614],[8.83452,47.27685],[8.83365,47.27849],[8.83299,47.27877]],[[8.8339,47.26251],[8.8329,47.26281]],[[8.83392,47.27363],[8.83423,47.27385],[8.83535,47.27614]],[[8.83392,47.27363],[8.83658,47.27301]],[[8.83481,47.26255],[8.8342,47.26243],[8.8339,47.26251]],[[8.83535,47.27614],[8.8354,47.27617]],[[8.83661,47.28453],[8.83684,47.28497]],[[8.838,47.28296],[8.8367,47.28354]],[[8.83658,47.27301],[8.84663,47.27116]],[[8.83658,47.27301],[8.8367,47.27301],[8.83681,47.27303],[8.83696,47.27314],[8.83834,47.27652],[8.83937,47.27721]],[[8.838,47.28296],[8.8379,47.28355],[8.83845,47.2838]],[[8.83969,47.28057],[8.83956,47.2813],[8.838,47.28296]],[[8.83871,47.29696],[8.83954,47.29746],[8.83991,47.29795]],[[8.83937,47.27721],[8.83992,47.27747]],[[8.83937,47.27721],[8.83938,47.27728]],[[8.83942,47.279],[8.83997,47.27992],[8.83982,47.28004]],[[8.84025,47.29801],[8.84246,47.29801],[8.84465,47.29889],[8.845,47.29883]],[[8.83992,47.27747],[8.84071,47.2774],[8.84214,47.27778]],[[8.8411,47.28404],[8.84085,47.28408],[8.84066,47.28446],[8.8409,47.2856]],[[8.84189,47.28375],[8.8414,47.28394]],[[8.84241,47.28323],[8.84248,47.28344]],[[8.84321,47.28034],[8.84258,47.28119],[8.84284,47.28171],[8.84236,47.28281],[8.84241,47.28323]],[[8.84241,47.28323],[8.84245,47.28322]],[[8.84248,47.28344],[8.84243,47.28347]],[[8.84248,47.28344],[8.8427,47.2838]],[[8.84273,47.28319],[8.84332,47.28321],[8.84496,47.28204]],[[8.8427,47.27826],[8.84251,47.27877],[8.84299,47.2798]],[[8.84334,47.28401],[8.84376,47.28453]],[[8.84376,47.28453],[8.84407,47.28525],[8.84388,47.28585]],[[8.84376,47.28453],[8.84445,47.2844],[8.84537,47.28377]],[[8.84527,47.29883],[8.84721,47.2987],[8.84816,47.29807]],[[8.84663,47.27116],[8.84692,47.27129],[8.84836,47.27443],[8.84949,47.27572]],[[8.84663,47.27116],[8.85021,47.27042],[8.85236,47.27073]],[[8.84751,47.27927],[8.84719,47.27953]],[[8.84843,47.29803],[8.84973,47.29798]],[[8.84949,47.27572],[8.84948,47.27576]],[[8.84949,47.27572],[8.84953,47.27574]],[[8.85085,47.29863],[8.85192,47.29919],[8.85376,47.29899],[8.85457,47.29863],[8.85713,47.29937],[8.85904,47.29934]],[[8.85085,47.27925],[8.85137,47.27998]],[[8.85137,47.27998],[8.85126,47.28004]],[[8.85137,47.27998],[8.8529,47.28077]],[[8.8516,47.27665],[8.85194,47.2767],[8.85291,47.27632]],[[8.8529,47.28077],[8.85272,47.28105]],[[8.8529,47.28077],[8.85368,47.28105],[8.85508,47.281],[8.85633,47.28155],[8.85674,47.28194],[8.85691,47.28277],[8.85775,47.28418]],[[8.85265,47.27072],[8.85277,47.27072]],[[8.85291,47.27632],[8.85292,47.27632]],[[8.85291,47.27632],[8.85384,47.27595],[8.85495,47.2764],[8.85617,47.27624],[8.85659,47.27653],[8.8568,47.27705],[8.85795,47.27731],[8.85881,47.27817],[8.85984,47.27854]],[[8.85302,47.27736],[8.85371,47.27795]],[[8.85303,47.27071],[8.85428,47.27084],[8.85446,47.27121]],[[8.85397,47.27833],[8.85457,47.27851]],[[8.85446,47.27121],[8.85578,47.27178],[8.85662,47.27142]],[[8.85446,47.27121],[8.85497,47.27187],[8.85619,47.2724]],[[8.85499,47.27859],[8.8558,47.2794],[8.85663,47.27987]],[[8.85619,47.2724],[8.85635,47.2725]],[[8.85619,47.2724],[8.85631,47.27248],[8.85635,47.2725]],[[8.85635,47.2725],[8.85739,47.2733],[8.85803,47.27337],[8.85863,47.27369],[8.8596,47.27518],[8.86139,47.27524],[8.8629,47.27471],[8.86434,47.27497],[8.8658,47.27545],[8.86654,47.27633],[8.86669,47.27659],[8.86649,47.27681],[8.86689,47.27723],[8.86769,47.27751],[8.86876,47.2771],[8.86962,47.27703],[8.86978,47.27728]],[[8.85775,47.28418],[8.85775,47.2846]],[[8.85775,47.28418],[8.85779,47.28416],[8.85793,47.28421],[8.85848,47.28467],[8.85941,47.28503],[8.85972,47.28542],[8.86093,47.28506],[8.86223,47.2852],[8.86269,47.28484],[8.86331,47.28472],[8.86432,47.28482]],[[8.85925,47.2711],[8.86271,47.27044],[8.86363,47.27074]],[[8.85984,47.27854],[8.85991,47.27865]],[[8.85984,47.27854],[8.85987,47.27854]],[[8.86014,47.27919],[8.86033,47.28007],[8.85983,47.28128],[8.86081,47.28196],[8.86068,47.28263]],[[8.86027,47.27853],[8.86152,47.27828]],[[8.86075,47.28281],[8.86118,47.28369]],[[8.86157,47.28376],[8.86208,47.28397]],[[8.86176,47.27816],[8.86279,47.27818],[8.86318,47.27841],[8.86384,47.27839],[8.86425,47.27856]],[[8.86389,47.27076],[8.86492,47.271]],[[8.86432,47.28482],[8.86595,47.28592],[8.86753,47.28606]],[[8.86432,47.28482],[8.86512,47.28464],[8.86758,47.28529]],[[8.86534,47.27887],[8.86587,47.27897]],[[8.86623,47.279],[8.86681,47.2792]],[[8.86656,47.27993],[8.86645,47.28009]],[[8.86656,47.27993],[8.86656,47.27994]],[[8.86681,47.2792],[8.86656,47.27993]],[[8.86661,47.28025],[8.86662,47.28025]],[[8.86662,47.28025],[8.86662,47.28025]],[[8.86662,47.28025],[8.86672,47.28034]],[[8.86681,47.2792],[8.86682,47.27921]],[[8.86707,47.27929],[8.86712,47.2793]],[[8.86753,47.28606],[8.86864,47.28674]],[[8.86753,47.28606],[8.86814,47.28592]],[[8.86768,47.28185],[8.86882,47.28222],[8.86934,47.28216],[8.86995,47.28249]],[[8.86787,47.28531],[8.8682,47.28533],[8.86935,47.28485]],[[8.86814,47.28592],[8.87107,47.28621]],[[8.86814,47.28592],[8.86908,47.28556],[8.86977,47.28553]],[[8.86978,47.27728],[8.87064,47.27877]],[[8.86978,47.27728],[8.86991,47.27726],[8.8703,47.27741],[8.8707,47.27742]],[[8.87064,47.27877],[8.87065,47.27878]],[[8.87065,47.27878],[8.87176,47.27951],[8.87322,47.28004]],[[8.87065,47.27878],[8.87035,47.27932],[8.87103,47.27981],[8.87129,47.28053],[8.87169,47.28087]],[[8.87144,47.28623],[8.87173,47.28571]],[[8.87195,47.28106],[8.87164,47.28135]],[[8.87351,47.28025],[8.87364,47.28032],[8.87273,47.28139]],[[8.87322,47.28004],[8.87351,47.28025]],[[8.87322,47.28004],[8.87356,47.27999]],[[8.87351,47.28025],[8.8736,47.2802],[8.87387,47.28025],[8.8744,47.28045]],[[8.87394,47.27996],[8.87469,47.28015],[8.87549,47.27998]],[[8.8744,47.28045],[8.87454,47.28056]],[[8.8744,47.28045],[8.87445,47.28044],[8.87454,47.28056]],[[8.87454,47.28056],[8.87464,47.28064]],[[8.87464,47.28064],[8.87511,47.28111]],[[8.87464,47.28064],[8.87492,47.28061],[8.87537,47.28082],[8.87607,47.28084]],[[8.87511,47.28111],[8.87496,47.28182],[8.87543,47.28299],[8.87634,47.2834],[8.87695,47.28422],[8.87785,47.28483]],[[8.87511,47.28111],[8.87541,47.28109]],[[8.87785,47.28483],[8.87912,47.28537]],[[8.87785,47.28483],[8.87862,47.28557]]]}},{"type":"Feature","properties":{"id":"schwarz-rueti-revier-311-zh","c":"ZH","p":"pacht","q":"official","k":"river"},"geometry":{"type":"MultiLineString","coordinates":[[[8.84199,47.26192],[8.84055,47.26205],[8.83946,47.26172],[8.83481,47.26255]],[[8.83916,47.26361],[8.83703,47.26445],[8.83558,47.26531]],[[8.83916,47.26361],[8.83921,47.26407],[8.83983,47.26461]],[[8.84199,47.26192],[8.84181,47.26254],[8.83916,47.26361]],[[8.83983,47.26461],[8.84091,47.26547]],[[8.84657,47.2619],[8.8456,47.26141],[8.8448,47.26144],[8.84322,47.26105],[8.84263,47.2618],[8.84217,47.2619],[8.842,47.26192],[8.84199,47.26192]],[[8.84657,47.2619],[8.84645,47.26237]],[[8.85035,47.26005],[8.84938,47.26105],[8.84826,47.26124],[8.84657,47.2619]],[[8.85043,47.26004],[8.85045,47.26005]]]}},{"type":"Feature","properties":{"id":"waendhueslenbach-revier-312-zh","c":"ZH","p":"pacht","q":"official","k":"river"},"geometry":{"type":"MultiLineString","coordinates":[[[8.8118,47.27374],[8.81081,47.27426],[8.80996,47.27443]],[[8.81935,47.27289],[8.81833,47.27284],[8.81795,47.27252],[8.81686,47.27229],[8.81525,47.27255],[8.81337,47.27206],[8.81251,47.27316]],[[8.8154,47.28216],[8.81494,47.28326],[8.8161,47.28401],[8.81605,47.28516],[8.8193,47.28602]],[[8.81616,47.28105],[8.81591,47.2813]],[[8.81723,47.27738],[8.81661,47.27754]],[[8.81972,47.2781],[8.8191,47.28022],[8.81746,47.28015]],[[8.81972,47.2781],[8.8185,47.2779],[8.81761,47.27744]],[[8.8193,47.28602],[8.81893,47.28648]],[[8.8193,47.28602],[8.8195,47.28628]],[[8.81976,47.27799],[8.81972,47.2781]],[[8.81976,47.27799],[8.81983,47.278]],[[8.82102,47.27443],[8.82107,47.2754],[8.81976,47.27799]],[[8.82019,47.27305],[8.82002,47.2731]],[[8.82019,47.27305],[8.82071,47.27388]],[[8.82066,47.27271],[8.82019,47.27305]],[[8.82221,47.27193],[8.82098,47.27267]],[[8.82262,47.27895],[8.8237,47.27859],[8.82438,47.27951],[8.82519,47.27987]],[[8.82752,47.26942],[8.82706,47.26955],[8.82702,47.26979],[8.82529,47.27128],[8.82259,47.27177]]]}},{"type":"Feature","properties":{"id":"diezikonerbach-revier-314-zh","c":"ZH","p":"pacht","q":"official","k":"river"},"geometry":{"type":"MultiLineString","coordinates":[[[8.92407,47.26197],[8.92393,47.26135],[8.92296,47.26045]],[[8.92462,47.26271],[8.9241,47.26229],[8.92407,47.26197]],[[8.92407,47.26197],[8.92431,47.26164]],[[8.92488,47.26034],[8.92444,47.26005],[8.92429,47.25964]],[[8.92445,47.26146],[8.92488,47.26034]],[[8.92488,47.26034],[8.92626,47.26021]],[[8.92668,47.26304],[8.92586,47.26324],[8.92522,47.26302]],[[8.9267,47.26485],[8.92672,47.265],[8.92591,47.26536]],[[8.9259,47.26231],[8.92594,47.26169]],[[8.92613,47.26251],[8.92637,47.26221],[8.92625,47.26133]],[[8.93066,47.26116],[8.92985,47.26034],[8.92907,47.26004],[8.92853,47.25956],[8.92622,47.25889]],[[8.92668,47.26304],[8.92667,47.26304]],[[8.92702,47.26308],[8.92668,47.26304]],[[8.9269,47.26459],[8.92685,47.2646]],[[8.9297,47.26339],[8.92922,47.26383],[8.9272,47.26454]],[[8.92759,47.26314],[8.92744,47.26311]],[[8.92804,47.2632],[8.92759,47.26314]],[[8.92759,47.26314],[8.92759,47.26313]],[[8.9276,47.26209],[8.92756,47.26089]],[[8.92951,47.26315],[8.92913,47.26308]],[[8.93164,47.2646],[8.93087,47.26502],[8.93051,47.26592],[8.93,47.26624]],[[8.93039,47.26651],[8.93102,47.26665],[8.93107,47.26706],[8.9318,47.26704],[8.93192,47.26757]],[[8.93282,47.26234],[8.93197,47.26221],[8.93187,47.26198],[8.93136,47.2619],[8.93069,47.26139]],[[8.93194,47.26266],[8.93094,47.26273]],[[8.93157,47.26777],[8.93127,47.26829]],[[8.93184,47.26361],[8.93164,47.2646]],[[8.93164,47.2646],[8.9317,47.2646],[8.93178,47.26469],[8.93225,47.26476]],[[8.93192,47.26757],[8.93188,47.26759]],[[8.93192,47.26757],[8.9334,47.26781],[8.93333,47.26804],[8.93415,47.26831],[8.9342,47.26866],[8.93471,47.26902],[8.93562,47.26925],[8.93597,47.26909],[8.93712,47.26923],[8.93719,47.26952],[8.93768,47.2697],[8.93814,47.27022],[8.93809,47.27068],[8.93901,47.271],[8.93942,47.27145]],[[8.93238,47.26273],[8.93174,47.26345],[8.93184,47.26361]],[[8.93184,47.26361],[8.93185,47.26361]],[[8.93219,47.26358],[8.93293,47.2638],[8.93485,47.264],[8.93776,47.26408]],[[8.93225,47.26476],[8.93279,47.26551]],[[8.93225,47.26476],[8.93253,47.26475],[8.93302,47.26485],[8.93389,47.26465],[8.9352,47.26509],[8.93655,47.26503]],[[8.93238,47.26273],[8.93234,47.26272]],[[8.93282,47.26234],[8.93238,47.26273]],[[8.93361,47.26186],[8.93282,47.26234]],[[8.93361,47.26186],[8.93363,47.26187]],[[8.93361,47.26186],[8.93338,47.26126],[8.93362,47.26051],[8.93414,47.25996],[8.93492,47.26035],[8.93587,47.26051],[8.93597,47.2608],[8.93695,47.2612]],[[8.93562,47.26235],[8.9375,47.26259]],[[8.9366,47.2662],[8.93725,47.26649]],[[8.93683,47.26504],[8.93979,47.2657],[8.93996,47.26588]],[[8.93942,47.27145],[8.93844,47.27426]],[[8.9387,47.2695],[8.93894,47.26944]],[[8.9391,47.26921],[8.93959,47.26898]],[[8.93942,47.27145],[8.94008,47.27156]],[[8.93985,47.26893],[8.94355,47.26835]],[[8.94008,47.27156],[8.94038,47.27384],[8.94129,47.27534],[8.94155,47.27658]],[[8.94008,47.27156],[8.94011,47.27154],[8.94027,47.2716],[8.9406,47.27159],[8.94088,47.27167]],[[8.94011,47.26611],[8.94057,47.26652]],[[8.94088,47.27167],[8.9412,47.2722],[8.9424,47.27241],[8.94366,47.27295],[8.94479,47.27394],[8.94485,47.27421],[8.94611,47.27438],[8.94714,47.27495],[8.94765,47.27606],[8.94758,47.27671],[8.94794,47.27783],[8.94773,47.27903],[8.94824,47.27969],[8.94817,47.28051]],[[8.94088,47.27167],[8.94119,47.27154]],[[8.94162,47.27685],[8.94153,47.27704]],[[8.94185,47.271],[8.94196,47.27088]]]}},{"type":"Feature","properties":{"id":"grenzbach-hombrechtikon-revier-315-zh","c":"ZH","p":"pacht","q":"official","k":"river"},"geometry":{"type":"MultiLineString","coordinates":[[[8.79264,47.24088],[8.79076,47.24147],[8.79053,47.24224],[8.79205,47.24286],[8.79292,47.24299],[8.79459,47.24359],[8.79631,47.24351],[8.79802,47.24395],[8.79933,47.24454],[8.79996,47.24413],[8.80229,47.24404],[8.80231,47.24482],[8.80253,47.24494]],[[8.79589,47.24026],[8.79621,47.24083],[8.79604,47.24135],[8.79518,47.24145],[8.79382,47.24127]],[[8.79564,47.239],[8.7955,47.23986]],[[8.79569,47.24],[8.79574,47.24005]],[[8.80263,47.24523],[8.80278,47.24537],[8.80254,47.24663]]]}},{"type":"Feature","properties":{"id":"feldbacherbach-revier-317-zh","c":"ZH","p":"pacht","q":"official","k":"river"},"geometry":{"type":"MultiLineString","coordinates":[[[8.75189,47.24986],[8.75134,47.25047]],[[8.75379,47.24836],[8.75223,47.24909],[8.7522,47.24956]],[[8.75379,47.24836],[8.75357,47.24806],[8.753,47.24805]],[[8.75415,47.2483],[8.75407,47.24793],[8.75373,47.24775]],[[8.7538,47.24836],[8.75379,47.24836]],[[8.75444,47.25376],[8.75404,47.25377]],[[8.75415,47.2483],[8.75415,47.2483]],[[8.75709,47.24825],[8.7542,47.24836],[8.75415,47.2483]],[[8.75568,47.25257],[8.75558,47.25355],[8.75483,47.2538]],[[8.75717,47.25177],[8.75648,47.25167],[8.75588,47.25186]],[[8.75851,47.25273],[8.75761,47.25344]],[[8.7595,47.25146],[8.75907,47.25126],[8.75808,47.25191],[8.75774,47.25189]],[[8.7595,47.25146],[8.75874,47.25232]],[[8.76358,47.25135],[8.76118,47.25194],[8.7595,47.25146]],[[8.76408,47.24725],[8.76025,47.24743]],[[8.76717,47.24842],[8.76661,47.24937],[8.76561,47.24954],[8.76381,47.25068]],[[8.76592,47.24681],[8.76422,47.24673]],[[8.76717,47.24842],[8.76643,47.24835],[8.76588,47.24858],[8.76437,47.2485]],[[8.77062,47.24698],[8.77056,47.24722],[8.7697,47.2474],[8.76855,47.24826],[8.76788,47.24822],[8.76717,47.24842]],[[8.77062,47.24698],[8.76888,47.24711],[8.76881,47.24724],[8.76715,47.24695]],[[8.77431,47.25115],[8.77353,47.25056],[8.77269,47.25087],[8.77223,47.25078],[8.77139,47.25096],[8.77064,47.25124],[8.77064,47.25146]],[[8.7763,47.24517],[8.77441,47.24552],[8.77418,47.24583],[8.7732,47.24578],[8.77265,47.24596],[8.77264,47.24614],[8.77156,47.24623],[8.77062,47.24698]],[[8.77431,47.25115],[8.77472,47.25154],[8.77436,47.25213],[8.77501,47.25245],[8.77504,47.25331]],[[8.77534,47.25035],[8.77431,47.25115]],[[8.77561,47.25073],[8.77539,47.25079],[8.77499,47.25112]],[[8.77534,47.25035],[8.7757,47.25053],[8.77561,47.25073]],[[8.77583,47.24984],[8.77513,47.25019],[8.77534,47.25035]],[[8.77561,47.25073],[8.77508,47.25132],[8.77754,47.25218],[8.77754,47.25237],[8.77822,47.25283],[8.77823,47.2531],[8.7788,47.25336],[8.77815,47.25408],[8.77847,47.25464],[8.77808,47.25608],[8.77656,47.25732],[8.77644,47.25791],[8.77571,47.25821]],[[8.7763,47.24517],[8.7762,47.24554]],[[8.78113,47.24531],[8.77903,47.24429],[8.7763,47.24517]],[[8.7797,47.24669],[8.77949,47.24825],[8.77787,47.24908],[8.77767,47.24942],[8.77713,47.2495]],[[8.78036,47.24585],[8.78005,47.24618]],[[8.78113,47.24531],[8.78082,47.24557]],[[8.78481,47.24564],[8.78416,47.24571],[8.78261,47.2451],[8.78113,47.24531]],[[8.78251,47.25355],[8.78217,47.2536]],[[8.78251,47.25355],[8.78253,47.25378]],[[8.78328,47.25331],[8.78251,47.25355]],[[8.78287,47.25449],[8.78276,47.25484]],[[8.78292,47.25505],[8.78297,47.25513]],[[8.78328,47.25331],[8.78362,47.25357]],[[8.78444,47.2515],[8.78436,47.25182],[8.78374,47.25231],[8.7837,47.25281],[8.78328,47.25331]],[[8.78444,47.2515],[8.78601,47.25194]],[[8.78489,47.24866],[8.785,47.24889],[8.78435,47.25013],[8.78444,47.2515]],[[8.78481,47.24564],[8.78503,47.24573]],[[8.78621,47.2403],[8.78592,47.24126],[8.78629,47.24146],[8.78566,47.24256],[8.78587,47.24324],[8.78571,47.244],[8.78535,47.24502],[8.78481,47.24564]],[[8.78489,47.24866],[8.7857,47.24888],[8.78618,47.24923],[8.78606,47.24961],[8.78642,47.25001],[8.78638,47.2505],[8.7868,47.2506]],[[8.78526,47.24578],[8.7843,47.2476],[8.78454,47.24847],[8.78489,47.24866]],[[8.78503,47.24573],[8.7852,47.24577]],[[8.7852,47.24577],[8.78526,47.24578]],[[8.78526,47.24578],[8.78543,47.24578],[8.78592,47.24584],[8.78685,47.24622],[8.78775,47.2462]],[[8.78578,47.23915],[8.78559,47.23954]],[[8.78559,47.23954],[8.78621,47.23981],[8.78617,47.24]],[[8.78591,47.23425],[8.78611,47.2349],[8.78591,47.23522],[8.7869,47.23715],[8.78655,47.23816],[8.78575,47.23841],[8.78578,47.239]],[[8.78578,47.239],[8.78578,47.23914]],[[8.78578,47.23914],[8.78578,47.23915]],[[8.78775,47.2462],[8.7885,47.24624],[8.7889,47.24609]],[[8.78775,47.2462],[8.78804,47.24743]],[[8.78957,47.25789],[8.78855,47.25851]],[[8.7889,47.24609],[8.7889,47.24609]],[[8.7889,47.24609],[8.78979,47.24665],[8.79046,47.24658],[8.79109,47.2468],[8.79277,47.24693],[8.79307,47.24764],[8.79395,47.24839],[8.7942,47.24922],[8.79366,47.24974],[8.7932,47.24977],[8.79278,47.25045],[8.79439,47.25152]],[[8.7889,47.24609],[8.78891,47.24609]],[[8.78958,47.24573],[8.79218,47.24598]],[[8.79521,47.25478],[8.79551,47.25573],[8.7947,47.25614],[8.79341,47.25628]],[[8.79439,47.25152],[8.79448,47.25168],[8.79406,47.25218],[8.79428,47.2526],[8.7941,47.25318],[8.79468,47.25425]],[[8.79439,47.25152],[8.79452,47.25151],[8.79527,47.25152],[8.79618,47.2516],[8.79794,47.25203]],[[8.79494,47.25447],[8.79521,47.25478]],[[8.79794,47.25203],[8.79883,47.25244]],[[8.79794,47.25203],[8.79811,47.25199]],[[8.79883,47.25244],[8.79894,47.25245],[8.79925,47.25262]],[[8.79883,47.25244],[8.79925,47.25262]],[[8.79925,47.25262],[8.80258,47.25408]],[[8.80351,47.25431],[8.80391,47.25481],[8.80443,47.25463]],[[8.80494,47.25453],[8.80552,47.25468],[8.80591,47.2554]]]}},{"type":"Feature","properties":{"id":"schirmensee-revier-318-zh","c":"ZH","p":"private","q":"official","k":"river"},"geometry":{"type":"LineString","coordinates":[[8.78157,47.23501],[8.78044,47.23526],[8.77937,47.2358],[8.77811,47.23596]]}},{"type":"Feature","properties":{"id":"baeche-staefa-maennedorf-revier-319-zh","c":"ZH","p":"pacht","q":"official","k":"river"},"geometry":{"type":"MultiLineString","coordinates":[[[8.67831,47.25801],[8.67871,47.2586]],[[8.67998,47.25975],[8.68072,47.25993],[8.68215,47.25994]],[[8.68215,47.25994],[8.6829,47.26026],[8.68317,47.26027]],[[8.68215,47.25994],[8.68219,47.25993],[8.68228,47.25995],[8.68245,47.26],[8.68317,47.26027]],[[8.68317,47.26027],[8.68324,47.26092]],[[8.68317,47.26027],[8.68321,47.26026],[8.68331,47.26027],[8.68439,47.2604],[8.68495,47.26076],[8.68611,47.26098]],[[8.68339,47.26109],[8.68393,47.26183]],[[8.6842,47.2619],[8.68489,47.26177]],[[8.68625,47.2633],[8.68624,47.26368]],[[8.68693,47.26399],[8.68889,47.26383]],[[8.68804,47.2619],[8.69024,47.26101],[8.69169,47.26197]],[[8.69027,47.25631],[8.69115,47.25683],[8.69172,47.25681],[8.69234,47.25734],[8.69177,47.25771],[8.69207,47.25796]],[[8.69202,47.26305],[8.69249,47.26337]],[[8.69221,47.25421],[8.6925,47.25435]],[[8.69278,47.25464],[8.69335,47.25506],[8.6949,47.255],[8.69569,47.25544]],[[8.69485,47.2593],[8.69492,47.25943]],[[8.69546,47.25576],[8.69507,47.25582]],[[8.69555,47.25588],[8.69557,47.25708]],[[8.69579,47.2555],[8.69568,47.2556]],[[8.69572,47.25727],[8.69668,47.25765],[8.69694,47.25842],[8.6978,47.25894],[8.69803,47.25951]],[[8.69569,47.25544],[8.69579,47.2555]],[[8.69569,47.25544],[8.69571,47.25543]],[[8.69571,47.25543],[8.69665,47.25532],[8.69771,47.25489],[8.6986,47.25504]],[[8.69579,47.2555],[8.69633,47.25602],[8.69683,47.25621]],[[8.69712,47.25639],[8.69787,47.25666],[8.6987,47.25725],[8.69974,47.2588],[8.70106,47.25924],[8.70257,47.25888],[8.70324,47.25946]],[[8.69809,47.2597],[8.69801,47.26061],[8.69895,47.26246],[8.69964,47.26287],[8.70144,47.26305]],[[8.69949,47.25347],[8.69955,47.25369]],[[8.70006,47.25605],[8.70057,47.25622],[8.70133,47.25608],[8.70179,47.25651]],[[8.70047,47.24787],[8.70073,47.24833]],[[8.70061,47.24894],[8.70073,47.2495]],[[8.70108,47.25446],[8.70151,47.25422]],[[8.70144,47.26305],[8.70145,47.26305]],[[8.70144,47.26305],[8.70185,47.2629],[8.70263,47.26317]],[[8.70204,47.25663],[8.70253,47.2568]],[[8.70227,47.26486],[8.70261,47.26566]],[[8.7027,47.26586],[8.70308,47.26699]],[[8.7032,47.2631],[8.70426,47.26294]],[[8.70309,47.24715],[8.70354,47.24806],[8.70395,47.24831]],[[8.70337,47.25411],[8.70372,47.25406],[8.70387,47.25422]],[[8.70384,47.2599],[8.70404,47.26059]],[[8.70384,47.2571],[8.70422,47.25704],[8.70455,47.25726],[8.70777,47.25638]],[[8.70387,47.25422],[8.7049,47.25521]],[[8.70387,47.25422],[8.70497,47.25388],[8.70522,47.25418],[8.70602,47.2542],[8.70739,47.25471]],[[8.7044,47.26385],[8.70496,47.2642],[8.70703,47.26354],[8.70808,47.2636]],[[8.70446,47.2597],[8.70683,47.25986],[8.70848,47.26072]],[[8.70429,47.24842],[8.705,47.24834]],[[8.70521,47.26279],[8.70647,47.26241]],[[8.7061,47.24945],[8.70639,47.2497]],[[8.70665,47.2509],[8.70644,47.25123],[8.70658,47.25151]],[[8.70658,47.24984],[8.7069,47.25054]],[[8.70678,47.25197],[8.70678,47.2527]],[[8.70741,47.24594],[8.70762,47.24614]],[[8.70796,47.24682],[8.70809,47.24715]],[[8.7082,47.25647],[8.70861,47.25667]],[[8.70814,47.25128],[8.70845,47.25215]],[[8.70848,47.26072],[8.70859,47.261]],[[8.70848,47.26072],[8.70895,47.26051]],[[8.70913,47.24925],[8.70825,47.25059]],[[8.70818,47.24738],[8.70832,47.2484],[8.7091,47.24922]],[[8.70895,47.26051],[8.70902,47.26053]],[[8.70895,47.26051],[8.70956,47.26035]],[[8.70891,47.25695],[8.70948,47.25737],[8.70967,47.25785],[8.70921,47.25813]],[[8.70898,47.25445],[8.7095,47.2543]],[[8.70897,47.24523],[8.7095,47.24591]],[[8.70951,47.25853],[8.71068,47.25922]],[[8.7095,47.2543],[8.70978,47.25473],[8.71022,47.25472],[8.71062,47.25505],[8.71037,47.25532]],[[8.7095,47.2543],[8.70994,47.25416]],[[8.70952,47.24959],[8.70987,47.24981]],[[8.7095,47.24591],[8.70947,47.24634]],[[8.7095,47.24591],[8.71013,47.24594],[8.7104,47.24556]],[[8.70993,47.24479],[8.71012,47.24492]],[[8.71009,47.25001],[8.7108,47.25056],[8.7114,47.25209]],[[8.71011,47.24706],[8.71061,47.2484]],[[8.71015,47.24428],[8.71068,47.24449]],[[8.71053,47.25378],[8.71189,47.25338],[8.71282,47.2535]],[[8.71109,47.25939],[8.71192,47.26025],[8.71233,47.26026]],[[8.71083,47.24572],[8.71086,47.24573]],[[8.71095,47.24529],[8.71091,47.24554],[8.71182,47.24617]],[[8.71121,47.24495],[8.71233,47.24557]],[[8.71182,47.2523],[8.71331,47.25306],[8.71367,47.25438]],[[8.71304,47.25541],[8.71306,47.2561]],[[8.7132,47.25523],[8.71315,47.25622]],[[8.7132,47.25523],[8.71313,47.25524]],[[8.71367,47.25438],[8.7132,47.25523]],[[8.71317,47.25125],[8.71403,47.25201]],[[8.71367,47.25438],[8.71399,47.2546],[8.71486,47.25469],[8.71504,47.25545]],[[8.71461,47.24927],[8.71512,47.24937]],[[8.71497,47.25563],[8.71486,47.25611],[8.71447,47.25644],[8.71443,47.257],[8.71506,47.25765],[8.71614,47.25789]],[[8.71679,47.25315],[8.71733,47.25423]],[[8.71665,47.24229],[8.71517,47.24335],[8.7156,47.24407],[8.71671,47.24497],[8.71705,47.24583]],[[8.71726,47.25555],[8.71726,47.25565]],[[8.71705,47.24583],[8.71772,47.24647],[8.7199,47.24688],[8.72049,47.24808]],[[8.71743,47.25466],[8.71729,47.25482]],[[8.71753,47.24113],[8.71767,47.24209],[8.71719,47.24224]],[[8.71922,47.24948],[8.71893,47.25038],[8.71774,47.25182]],[[8.71932,47.25416],[8.71843,47.25421]],[[8.71937,47.24022],[8.71869,47.24059],[8.71869,47.24082]],[[8.72098,47.25321],[8.72081,47.25348],[8.71976,47.25367],[8.71984,47.25406]],[[8.72049,47.24808],[8.72013,47.24827]],[[8.72049,47.24808],[8.721,47.24888],[8.72183,47.24926]],[[8.72098,47.25321],[8.72146,47.25421]],[[8.72119,47.2524],[8.72098,47.25321]],[[8.72134,47.25098],[8.72122,47.25197]],[[8.72204,47.24981],[8.72145,47.25078]],[[8.72144,47.23802],[8.72162,47.2385]],[[8.72183,47.24926],[8.72183,47.2493]],[[8.72183,47.24926],[8.72235,47.2494],[8.72317,47.24998],[8.72386,47.2499],[8.72419,47.25084]],[[8.72422,47.25103],[8.7247,47.25258]],[[8.72481,47.25275],[8.72492,47.25346],[8.72439,47.25404],[8.72509,47.25464]],[[8.72505,47.24069],[8.72508,47.2407]],[[8.72507,47.24069],[8.72508,47.2407]],[[8.72542,47.2549],[8.72589,47.25534]],[[8.72508,47.2407],[8.72557,47.24088],[8.72695,47.24284],[8.72797,47.2436]],[[8.72589,47.25534],[8.72616,47.25565],[8.72567,47.25588]],[[8.72589,47.25534],[8.72612,47.25533]],[[8.72706,47.2475],[8.72706,47.24752]],[[8.72708,47.24779],[8.72717,47.24793]],[[8.72737,47.24676],[8.72718,47.24727]],[[8.72733,47.24808],[8.72843,47.24855],[8.72904,47.24941],[8.72917,47.25018],[8.72979,47.25096],[8.73015,47.25252],[8.73075,47.25323],[8.73059,47.2535]],[[8.72851,47.24589],[8.72753,47.24652]],[[8.72841,47.24405],[8.72846,47.24437]],[[8.72846,47.24437],[8.72856,47.24447]],[[8.72846,47.24437],[8.72833,47.24497],[8.72873,47.24546],[8.72851,47.24589]],[[8.72851,47.24589],[8.72985,47.24668]],[[8.72897,47.24449],[8.72929,47.24448]],[[8.73035,47.24448],[8.7313,47.24469]],[[8.73034,47.23642],[8.73038,47.23655]],[[8.73058,47.23667],[8.73117,47.23687]],[[8.73122,47.24822],[8.7314,47.24904]],[[8.73145,47.24922],[8.7315,47.24932]],[[8.73459,47.2473],[8.73503,47.24956],[8.73402,47.25116],[8.73394,47.25254],[8.73417,47.2532]],[[8.73403,47.24115],[8.73416,47.24177],[8.73466,47.24212],[8.73533,47.24327],[8.73517,47.24358]],[[8.73416,47.23916],[8.73357,47.23958],[8.73405,47.24011]],[[8.73417,47.23382],[8.73462,47.23452],[8.73443,47.23555],[8.73497,47.23585]],[[8.73447,47.24416],[8.73505,47.245]],[[8.73505,47.245],[8.73487,47.24545]],[[8.73484,47.23865],[8.73481,47.23869]],[[8.73484,47.23865],[8.73542,47.23906]],[[8.73539,47.23791],[8.73504,47.23812],[8.73484,47.23865]],[[8.73505,47.245],[8.73509,47.24502]],[[8.73513,47.23606],[8.73574,47.23677]],[[8.73538,47.23929],[8.73542,47.23938]],[[8.73553,47.24525],[8.73631,47.24556],[8.73625,47.24608]],[[8.73577,47.23765],[8.73572,47.2377]],[[8.73583,47.23703],[8.73586,47.23743]],[[8.73604,47.23985],[8.73673,47.24004],[8.73771,47.2399]],[[8.73651,47.24668],[8.73659,47.24715]],[[8.73809,47.23999],[8.73858,47.24025],[8.7389,47.24155]],[[8.7389,47.24155],[8.73992,47.24258],[8.74075,47.24302]],[[8.7389,47.24155],[8.73861,47.24171],[8.73852,47.24211],[8.73856,47.24347],[8.74001,47.24611],[8.74171,47.24736],[8.74364,47.24777],[8.74489,47.24853]],[[8.74494,47.24872],[8.74573,47.25008],[8.74501,47.2503],[8.74357,47.25132]],[[8.749,47.24409],[8.74909,47.24472]],[[8.75407,47.24131],[8.75249,47.24116],[8.75152,47.24155],[8.75029,47.24255],[8.74955,47.24249]],[[8.7541,47.23869],[8.75089,47.23837]],[[8.75407,47.24131],[8.75371,47.24218]],[[8.75527,47.24029],[8.75467,47.24106],[8.75419,47.2413],[8.75414,47.24131],[8.75407,47.24131]],[[8.75529,47.23849],[8.75511,47.23849]],[[8.75527,47.24029],[8.75713,47.24035],[8.75748,47.24147],[8.75908,47.24156],[8.7595,47.24186]],[[8.75553,47.23866],[8.75511,47.23904],[8.75494,47.23967],[8.75527,47.24029]],[[8.75553,47.23866],[8.75552,47.23865]],[[8.75812,47.2374],[8.75659,47.23847],[8.75553,47.23866]],[[8.75709,47.23397],[8.75715,47.23459]],[[8.75727,47.23486],[8.75776,47.2352],[8.75811,47.23581]],[[8.75803,47.23624],[8.75807,47.23644]],[[8.75985,47.24294],[8.75851,47.24316]],[[8.75857,47.237],[8.75944,47.23683],[8.76045,47.23686]],[[8.75985,47.24294],[8.75983,47.24321],[8.75914,47.24377]],[[8.76002,47.24258],[8.75985,47.24294]],[[8.76403,47.24432],[8.7637,47.24473],[8.76196,47.24503],[8.76139,47.24494]],[[8.76414,47.2381],[8.7643,47.23835]],[[8.76678,47.23981],[8.76725,47.24214],[8.76652,47.24302],[8.76549,47.24327],[8.76483,47.24391],[8.76431,47.24409]],[[8.7643,47.23835],[8.76442,47.23856]],[[8.7643,47.23835],[8.76433,47.2385],[8.76442,47.23856]],[[8.76444,47.23932],[8.76444,47.23954]],[[8.76442,47.23856],[8.76462,47.23903],[8.76444,47.23932]],[[8.76444,47.23932],[8.7649,47.23935],[8.7657,47.23972],[8.76678,47.23981]],[[8.76678,47.23981],[8.76806,47.23983],[8.77042,47.2396]]]}},{"type":"Feature","properties":{"id":"dollikerbach-und-beugenbach-revier-321-zh","c":"ZH","p":"pacht","q":"official","k":"river"},"geometry":{"type":"MultiLineString","coordinates":[[[8.65212,47.26533],[8.65256,47.26596],[8.65324,47.26617]],[[8.65324,47.26617],[8.65532,47.26755]],[[8.65532,47.26755],[8.65599,47.26802]],[[8.65609,47.26836],[8.65621,47.26872],[8.65769,47.26987],[8.66001,47.27038],[8.66061,47.27032],[8.66149,47.27078],[8.66146,47.27151],[8.66247,47.2722],[8.66299,47.27309]],[[8.66114,47.26358],[8.6625,47.26455]],[[8.66257,47.27449],[8.66199,47.27456]],[[8.66257,47.27449],[8.66288,47.27459],[8.66333,47.27519]],[[8.66299,47.27309],[8.66313,47.27335],[8.66257,47.27449]],[[8.66279,47.26468],[8.66298,47.26512],[8.66279,47.26575],[8.66315,47.26673]],[[8.66299,47.27309],[8.66301,47.27309],[8.66322,47.27306],[8.66337,47.27301],[8.66349,47.27302],[8.66429,47.27334],[8.66455,47.27324],[8.6653,47.27435],[8.66935,47.27547],[8.67076,47.27635]],[[8.66315,47.26673],[8.66272,47.2679],[8.66293,47.26832]],[[8.66286,47.26321],[8.66287,47.26321]],[[8.66287,47.26321],[8.66373,47.26355],[8.66378,47.26417],[8.66455,47.26433]],[[8.66333,47.27519],[8.66327,47.27549],[8.66373,47.27606],[8.66362,47.27672],[8.66396,47.27755],[8.6632,47.27808],[8.6632,47.27898],[8.66421,47.27955],[8.66432,47.28011],[8.66572,47.28086]],[[8.66333,47.27519],[8.66345,47.27518],[8.66424,47.27577],[8.66468,47.27593],[8.6657,47.27718],[8.66606,47.27729],[8.66632,47.27904],[8.6673,47.27942],[8.66843,47.28027],[8.6691,47.2803],[8.66919,47.28065],[8.6699,47.28102],[8.6704,47.28196],[8.67132,47.28233],[8.67135,47.28308]],[[8.66315,47.26673],[8.66527,47.2668],[8.66769,47.26624],[8.66854,47.26646]],[[8.66347,47.26907],[8.66459,47.26925],[8.66459,47.26971],[8.66529,47.27001],[8.6653,47.27059]],[[8.66487,47.2644],[8.66597,47.26474],[8.66795,47.26428],[8.67235,47.26428],[8.67336,47.26403]],[[8.66618,47.28687],[8.66604,47.28778],[8.66554,47.28779]],[[8.66572,47.28086],[8.66628,47.28134],[8.66722,47.28162]],[[8.66572,47.28086],[8.66608,47.2816],[8.66561,47.28241],[8.66567,47.28319],[8.6663,47.28432],[8.66618,47.28687]],[[8.66618,47.28687],[8.66618,47.28688]],[[8.66665,47.28699],[8.66836,47.28783]],[[8.66722,47.28162],[8.66722,47.28162]],[[8.66722,47.28162],[8.66726,47.28189]],[[8.66895,47.26655],[8.66982,47.26674],[8.67046,47.26665],[8.67062,47.26752],[8.67023,47.26771],[8.67019,47.26842],[8.6722,47.26976],[8.67224,47.27015]],[[8.67051,47.28844],[8.67108,47.28714],[8.67148,47.28733]],[[8.67076,47.27635],[8.67129,47.27722],[8.6713,47.27809],[8.67227,47.27942]],[[8.67076,47.27635],[8.67124,47.27614],[8.67182,47.27629],[8.67447,47.27752]],[[8.67148,47.28607],[8.67137,47.28645]],[[8.67135,47.28308],[8.67208,47.2841],[8.67286,47.28453]],[[8.67135,47.28308],[8.67068,47.28367],[8.67057,47.28432],[8.67106,47.28483],[8.67148,47.28607]],[[8.67148,47.28607],[8.67175,47.28625]],[[8.67175,47.28625],[8.67157,47.28713]],[[8.67175,47.28625],[8.67287,47.28685]],[[8.67227,47.27942],[8.67197,47.27995],[8.67243,47.28074],[8.67462,47.28304],[8.67515,47.28408],[8.67614,47.28429],[8.67686,47.28388]],[[8.67227,47.27942],[8.67256,47.27941],[8.67314,47.27953]],[[8.67246,47.27115],[8.67252,47.27206],[8.67232,47.27251],[8.67167,47.27302],[8.67283,47.27511],[8.67409,47.27562],[8.67511,47.27575],[8.67543,47.27603],[8.67604,47.27608]],[[8.67286,47.28453],[8.67333,47.28454],[8.67321,47.28561],[8.67412,47.28556],[8.67424,47.28593]],[[8.67336,47.26403],[8.67337,47.26403]],[[8.67336,47.26403],[8.67355,47.26399],[8.67378,47.26419],[8.67448,47.2643]],[[8.67337,47.26403],[8.67348,47.26413]],[[8.67372,47.26452],[8.67434,47.26461],[8.67431,47.26556],[8.67491,47.26629]],[[8.67447,47.27752],[8.67448,47.27752]],[[8.67447,47.27752],[8.67492,47.27839],[8.67575,47.27923]],[[8.67448,47.2643],[8.67537,47.26451]],[[8.67567,47.27724],[8.67582,47.27777]],[[8.67537,47.26451],[8.67651,47.26528]],[[8.67537,47.26451],[8.67606,47.26428]],[[8.67642,47.28009],[8.67694,47.28067]],[[8.67606,47.26428],[8.67722,47.26471]],[[8.67606,47.26428],[8.67773,47.26374],[8.67907,47.2637]],[[8.67645,47.26635],[8.67642,47.26697]],[[8.67674,47.27878],[8.67694,47.27893]],[[8.67669,47.26764],[8.67785,47.26863]],[[8.67712,47.26615],[8.67722,47.26642],[8.67776,47.26645]],[[8.67785,47.26863],[8.67825,47.26934],[8.6786,47.2711],[8.67833,47.27166]],[[8.67815,47.27194],[8.67848,47.27248],[8.67952,47.27273],[8.67987,47.27303]],[[8.67814,47.26656],[8.67973,47.26766],[8.68056,47.26785]],[[8.67907,47.2637],[8.67954,47.26412],[8.67993,47.26419],[8.68037,47.26402],[8.68059,47.26367]],[[8.67907,47.2637],[8.67925,47.2637]],[[8.67998,47.27321],[8.6803,47.27396],[8.68018,47.27456]],[[8.68044,47.26814],[8.68042,47.26866],[8.68071,47.26892]],[[8.68071,47.26892],[8.68056,47.26927]],[[8.68056,47.26785],[8.68336,47.26825],[8.68416,47.26922],[8.6859,47.26952],[8.68729,47.27052],[8.68737,47.2711],[8.68673,47.27174],[8.68678,47.27217],[8.68616,47.27293],[8.68622,47.2733]],[[8.68056,47.26785],[8.68057,47.26787]],[[8.68061,47.26984],[8.6807,47.27001]],[[8.68053,47.26367],[8.68059,47.26367]],[[8.68059,47.26367],[8.68129,47.2636]],[[8.68071,47.26892],[8.68271,47.26938],[8.68292,47.27037]],[[8.68113,47.27104],[8.68104,47.27139],[8.68127,47.27157]],[[8.68119,47.27062],[8.6812,47.27074]],[[8.68163,47.27188],[8.68174,47.27228]],[[8.68174,47.27228],[8.68198,47.27255]],[[8.68316,47.27109],[8.68327,47.27139]],[[8.6831,47.26465],[8.68396,47.26516]],[[8.68396,47.26516],[8.68397,47.26517]],[[8.68396,47.26516],[8.6841,47.26515],[8.68429,47.26519]],[[8.68455,47.266],[8.68479,47.26614]],[[8.68469,47.26532],[8.68557,47.26555],[8.68741,47.26555]],[[8.68479,47.26614],[8.68623,47.26782],[8.68667,47.26805],[8.68719,47.26865],[8.68718,47.26902],[8.68803,47.2698],[8.68796,47.27114],[8.68827,47.27152]],[[8.68541,47.27556],[8.68595,47.27649]],[[8.68586,47.27417],[8.68555,47.27457]],[[8.68586,47.27417],[8.6867,47.2747]],[[8.68614,47.27349],[8.68586,47.27417]],[[8.68597,47.27672],[8.68601,47.27689]],[[8.68635,47.27808],[8.68626,47.27843]],[[8.68694,47.2749],[8.68855,47.27537],[8.6886,47.27664],[8.68913,47.27702]],[[8.68741,47.26555],[8.68791,47.26608],[8.68883,47.26624],[8.68923,47.26659],[8.69048,47.26677],[8.69141,47.26735],[8.69298,47.26754]],[[8.68741,47.26555],[8.68914,47.26474],[8.69136,47.26409]],[[8.68827,47.27152],[8.6889,47.27164],[8.68986,47.27224]],[[8.68827,47.27152],[8.68897,47.27253],[8.68909,47.27309]],[[8.68986,47.27224],[8.69076,47.27219]],[[8.68986,47.27224],[8.69026,47.27292]],[[8.69044,47.2734],[8.69045,47.27363]],[[8.69177,47.27269],[8.69386,47.27326]],[[8.6922,47.26435],[8.69287,47.26425]],[[8.69298,47.26754],[8.69444,47.26882],[8.69475,47.26974],[8.69451,47.27053],[8.69518,47.27105],[8.69579,47.27112]],[[8.69298,47.26754],[8.69381,47.26732],[8.69521,47.26848],[8.69686,47.26867],[8.69874,47.26956],[8.69995,47.26957]],[[8.69341,47.26421],[8.69392,47.2644],[8.69451,47.26433]],[[8.69487,47.26426],[8.69707,47.26425]],[[8.6975,47.26473],[8.69772,47.26541],[8.69719,47.26603]]]}},{"type":"Feature","properties":{"id":"dorfbach-meilen-revier-323-zh","c":"ZH","p":"pacht","q":"official","k":"river"},"geometry":{"type":"MultiLineString","coordinates":[[[8.61092,47.28304],[8.61126,47.28311]],[[8.61149,47.28322],[8.61155,47.28363],[8.61202,47.28411],[8.61299,47.28427],[8.61436,47.28482],[8.61613,47.2843],[8.61733,47.28429]],[[8.61733,47.28429],[8.61777,47.28478],[8.61855,47.28515]],[[8.61733,47.28429],[8.61843,47.28412],[8.61875,47.28384],[8.61971,47.28394],[8.62109,47.28326]],[[8.61845,47.28808],[8.61872,47.28812],[8.61935,47.28885]],[[8.61971,47.28906],[8.62117,47.28951]],[[8.62163,47.28291],[8.62341,47.28236],[8.62403,47.28259],[8.62518,47.28346]],[[8.62641,47.28452],[8.62647,47.28512],[8.62622,47.28554],[8.62484,47.28668]],[[8.62518,47.28687],[8.62587,47.28854],[8.6256,47.28897],[8.62571,47.28989],[8.62655,47.29113]],[[8.62518,47.28346],[8.62636,47.28338],[8.62754,47.28295]],[[8.62518,47.28346],[8.62582,47.28421],[8.62641,47.28452]],[[8.62641,47.28452],[8.62824,47.28471]],[[8.62869,47.28543],[8.6285,47.28571],[8.62848,47.28799],[8.62813,47.28822]],[[8.62817,47.28863],[8.62817,47.28865]],[[8.62824,47.28471],[8.62824,47.28472]],[[8.62824,47.28471],[8.62871,47.28455],[8.62992,47.28463],[8.63138,47.28539],[8.63246,47.28506],[8.63357,47.28522]],[[8.62824,47.28472],[8.62828,47.28473]],[[8.62824,47.28472],[8.62836,47.28494]],[[8.62854,47.28509],[8.62868,47.28532]],[[8.62943,47.28574],[8.63037,47.28573],[8.63139,47.28602]],[[8.63357,47.28522],[8.63358,47.28526]],[[8.63357,47.28522],[8.63397,47.28512],[8.63443,47.28539],[8.63507,47.28536],[8.63641,47.28628],[8.6374,47.28607],[8.63773,47.28628],[8.63963,47.28613],[8.64143,47.2864],[8.64195,47.28677],[8.64242,47.28804],[8.64349,47.28861],[8.64449,47.28888],[8.64475,47.28974]],[[8.63533,47.28895],[8.63553,47.28945],[8.63649,47.29016],[8.63789,47.29071],[8.63818,47.2913]],[[8.63876,47.27729],[8.63767,47.27765]],[[8.63876,47.27729],[8.63891,47.27769],[8.63954,47.27802],[8.64,47.2779],[8.64132,47.27816],[8.6418,47.2791],[8.64166,47.27962],[8.64127,47.2798],[8.64148,47.28012]],[[8.63956,47.27591],[8.63876,47.27729]],[[8.63876,47.26803],[8.63882,47.2682]],[[8.63891,47.26846],[8.63912,47.26879],[8.64143,47.27008]],[[8.63987,47.27519],[8.63932,47.27493]],[[8.63956,47.27591],[8.63987,47.27608],[8.6408,47.27606],[8.64141,47.27689],[8.64252,47.27724]],[[8.63987,47.27519],[8.63956,47.27591]],[[8.64109,47.27337],[8.64122,47.27433],[8.64096,47.27471],[8.63987,47.27519]],[[8.64069,47.27227],[8.64061,47.27265],[8.64109,47.27337]],[[8.64148,47.28012],[8.64124,47.28033]],[[8.64109,47.27337],[8.64136,47.27349]],[[8.64157,47.27094],[8.64109,47.27181]],[[8.64148,47.28012],[8.642,47.28064],[8.64331,47.28083],[8.64351,47.28205],[8.64321,47.28217],[8.64325,47.28248],[8.64427,47.28283],[8.64479,47.28333]],[[8.64136,47.27349],[8.64176,47.2734]],[[8.64136,47.27349],[8.64179,47.27356]],[[8.64246,47.29113],[8.64311,47.29262],[8.64211,47.29368]],[[8.64278,47.27365],[8.6445,47.27345],[8.64483,47.27321],[8.64538,47.27315]],[[8.64417,47.28009],[8.64421,47.28032],[8.64503,47.28086]],[[8.64475,47.28974],[8.64455,47.28981]],[[8.64475,47.28974],[8.64497,47.2908],[8.64584,47.29151],[8.64686,47.2932],[8.64763,47.29369]],[[8.64479,47.28333],[8.64539,47.2846],[8.64507,47.28481],[8.64521,47.28544],[8.6463,47.28606]],[[8.64479,47.28333],[8.64615,47.28297]],[[8.64538,47.27315],[8.64602,47.27296]],[[8.64538,47.27315],[8.64541,47.27317]],[[8.64595,47.28138],[8.64663,47.28173],[8.64823,47.28153]],[[8.6463,47.28606],[8.64701,47.28588],[8.64772,47.28604],[8.64919,47.28602]],[[8.6463,47.28606],[8.64634,47.28639],[8.64682,47.28654],[8.64663,47.28698],[8.6471,47.28724],[8.64711,47.28808],[8.64765,47.28843],[8.64942,47.28876]],[[8.64656,47.27461],[8.64699,47.27532],[8.64704,47.2759],[8.64741,47.27615]],[[8.64741,47.27615],[8.64787,47.27631],[8.65059,47.27639]],[[8.64741,47.27615],[8.64715,47.27671],[8.64727,47.27767],[8.64817,47.27935]],[[8.64843,47.29445],[8.64866,47.29578],[8.64943,47.29661]],[[8.64942,47.28876],[8.64989,47.28891],[8.64979,47.28952],[8.65023,47.29019],[8.65124,47.29036],[8.6517,47.29075],[8.65162,47.29182],[8.65264,47.29312]],[[8.64942,47.28876],[8.65196,47.28799],[8.65295,47.28799]],[[8.65075,47.28523],[8.6513,47.28491],[8.65259,47.28456]],[[8.65059,47.27639],[8.65121,47.27622],[8.65118,47.27598],[8.65169,47.27594],[8.65196,47.2757],[8.65232,47.2758],[8.65286,47.27563],[8.65465,47.27692]],[[8.65059,47.27639],[8.65059,47.2764]],[[8.65095,47.27683],[8.6513,47.2773],[8.65219,47.27721],[8.6524,47.27782]],[[8.65099,47.27175],[8.65231,47.27355]],[[8.65264,47.29312],[8.65316,47.2936],[8.65489,47.29401],[8.65522,47.29425],[8.65577,47.29414],[8.65701,47.29454],[8.65763,47.29524]],[[8.65264,47.29312],[8.65226,47.29344],[8.65241,47.294],[8.65333,47.29467],[8.65369,47.29529],[8.65505,47.29565],[8.65585,47.2961]],[[8.6534,47.28819],[8.65427,47.28916],[8.65522,47.28974],[8.65588,47.28984],[8.65767,47.29072],[8.65847,47.29082],[8.65892,47.29125],[8.66033,47.29176],[8.66199,47.29194]],[[8.65465,47.27692],[8.65501,47.27696]],[[8.65465,47.27692],[8.65473,47.27723],[8.65545,47.27777],[8.65565,47.2786],[8.65707,47.27886],[8.65813,47.27946],[8.65865,47.28035]],[[8.65501,47.27696],[8.65669,47.27776],[8.6576,47.27776],[8.6581,47.27799]],[[8.65501,47.27696],[8.65533,47.27657]],[[8.65585,47.2961],[8.65677,47.29686],[8.65681,47.2977],[8.65767,47.29869]],[[8.65585,47.2961],[8.65607,47.29691],[8.6559,47.29781],[8.65628,47.29888]],[[8.65763,47.29524],[8.65809,47.29554]],[[8.65763,47.29524],[8.65773,47.29612]],[[8.65809,47.29554],[8.6605,47.2966]],[[8.65809,47.29554],[8.65841,47.29616],[8.65897,47.29658]],[[8.65865,47.28035],[8.65963,47.28087],[8.65991,47.28121],[8.66006,47.28214],[8.65973,47.28341],[8.66039,47.28498],[8.66174,47.28641]],[[8.65865,47.28035],[8.65863,47.28138],[8.65838,47.28174],[8.6585,47.28278],[8.65964,47.28481]],[[8.66047,47.27945],[8.66043,47.28015],[8.66102,47.28041]],[[8.66162,47.28091],[8.66205,47.28155],[8.66199,47.28189],[8.66326,47.28175]],[[8.66191,47.2936],[8.66259,47.294]],[[8.66191,47.2936],[8.6616,47.29449],[8.66209,47.29537]],[[8.66199,47.29194],[8.6624,47.29255],[8.66193,47.29311],[8.66191,47.2936]],[[8.66199,47.29194],[8.66292,47.29195],[8.66314,47.29185],[8.66413,47.29198],[8.66472,47.29176]],[[8.66259,47.294],[8.66383,47.29434]],[[8.66259,47.294],[8.66271,47.29429]],[[8.665,47.29162],[8.66569,47.29124],[8.66716,47.29103]]]}},{"type":"Feature","properties":{"id":"dorfbach-erlenbach-revier-325-zh","c":"ZH","p":"pacht","q":"official","k":"river"},"geometry":{"type":"MultiLineString","coordinates":[[[8.58656,47.30709],[8.58732,47.30769],[8.58775,47.30844],[8.58782,47.3094],[8.58817,47.31004],[8.58912,47.31045]],[[8.58972,47.31071],[8.59053,47.31095],[8.59244,47.31048]],[[8.58964,47.30282],[8.59031,47.30308],[8.59099,47.30303],[8.59131,47.30319]],[[8.59164,47.30335],[8.59283,47.30304]],[[8.59324,47.31041],[8.59385,47.31078]],[[8.5931,47.30302],[8.59416,47.30329],[8.59451,47.30311],[8.59549,47.30308],[8.59629,47.30357],[8.59654,47.30308],[8.5974,47.30323],[8.59786,47.3031]],[[8.59418,47.31087],[8.59421,47.31088]],[[8.59486,47.31099],[8.59571,47.31092],[8.59743,47.31143],[8.59832,47.3112],[8.60002,47.31165],[8.60064,47.31162],[8.60138,47.31191]],[[8.59786,47.3031],[8.59794,47.30302],[8.59814,47.30305]],[[8.59786,47.3031],[8.59814,47.30309]],[[8.59814,47.30309],[8.59814,47.30305]],[[8.59814,47.30309],[8.59817,47.30309],[8.59827,47.3031],[8.59839,47.30315],[8.59906,47.30389],[8.59953,47.30403],[8.59974,47.3044],[8.60017,47.30458],[8.60209,47.30479],[8.60263,47.30456],[8.60314,47.30458]],[[8.59814,47.30305],[8.59863,47.30276]],[[8.59932,47.30253],[8.59992,47.30257],[8.60031,47.3029],[8.60245,47.30307],[8.604,47.30262],[8.60446,47.3021],[8.60563,47.30152],[8.608,47.30084]],[[8.60223,47.31226],[8.60405,47.31233],[8.60574,47.31205],[8.60663,47.31169],[8.6073,47.31102],[8.60824,47.3105],[8.60855,47.31064],[8.6086,47.31048],[8.60986,47.31036]],[[8.60314,47.30458],[8.60366,47.30491]],[[8.60314,47.30458],[8.60412,47.304],[8.6058,47.30399],[8.60638,47.3036],[8.60774,47.30332]],[[8.60774,47.30332],[8.60888,47.30369],[8.60911,47.30397],[8.61078,47.30469],[8.61092,47.30512],[8.61233,47.30606],[8.61365,47.30632]],[[8.60774,47.30332],[8.60801,47.30315],[8.60894,47.30309],[8.60939,47.30277]],[[8.60814,47.30069],[8.60886,47.30054],[8.61015,47.29992]],[[8.60939,47.30277],[8.60969,47.30219],[8.61148,47.3015],[8.61202,47.30083],[8.61301,47.30034],[8.61335,47.29964],[8.61406,47.29943],[8.61452,47.29896],[8.61501,47.29884],[8.61584,47.29825]],[[8.60939,47.30277],[8.60951,47.30274],[8.60999,47.30285],[8.61079,47.3027],[8.61132,47.30296],[8.61226,47.30297],[8.61389,47.3022],[8.61416,47.3019],[8.61508,47.30176],[8.61544,47.30132],[8.61612,47.30119]],[[8.60986,47.31036],[8.61021,47.311],[8.61153,47.31145]],[[8.60986,47.31036],[8.61207,47.30962],[8.61299,47.3091]],[[8.61153,47.31145],[8.61264,47.31128]],[[8.61153,47.31145],[8.61255,47.31187]],[[8.61365,47.30632],[8.6139,47.30675]],[[8.61365,47.30632],[8.61438,47.30628],[8.61668,47.30652]],[[8.61584,47.29825],[8.6176,47.29873],[8.61831,47.29842]],[[8.61584,47.29825],[8.61663,47.29789],[8.61761,47.2978],[8.61847,47.29721],[8.62058,47.29675],[8.62121,47.29616],[8.62295,47.29619],[8.62425,47.29584],[8.62505,47.29581]],[[8.61668,47.30652],[8.6171,47.30677]],[[8.61668,47.30652],[8.61717,47.30601],[8.6177,47.3058]],[[8.61756,47.30194],[8.61777,47.30225],[8.61959,47.30316],[8.6215,47.30489],[8.62203,47.30489],[8.62366,47.30544],[8.62449,47.30637]],[[8.61863,47.29848],[8.6199,47.2993],[8.62165,47.2997]],[[8.62236,47.30006],[8.62328,47.30021],[8.62507,47.30093],[8.62575,47.30083],[8.62632,47.30112],[8.62724,47.30121]],[[8.62505,47.29581],[8.62534,47.29635]],[[8.62505,47.29581],[8.62664,47.29552],[8.62726,47.2949],[8.62727,47.29448],[8.62765,47.29426],[8.62874,47.29398],[8.63048,47.29403]],[[8.62654,47.29709],[8.62686,47.29736]],[[8.62724,47.30121],[8.62869,47.30138]],[[8.62724,47.30121],[8.62736,47.30197]],[[8.62745,47.29754],[8.62847,47.29793]],[[8.62869,47.30138],[8.6293,47.30266],[8.62909,47.30321]],[[8.62869,47.30138],[8.62891,47.30138],[8.62947,47.30144],[8.62979,47.30141]],[[8.62979,47.30141],[8.63211,47.3012],[8.63365,47.30044],[8.63419,47.30057]],[[8.62979,47.30141],[8.62983,47.30179]],[[8.63077,47.2941],[8.63091,47.29419]],[[8.63178,47.29483],[8.63198,47.29489]],[[8.63232,47.29508],[8.63269,47.2952]],[[8.63269,47.2952],[8.63324,47.29488],[8.63385,47.29492],[8.63449,47.2951],[8.63508,47.29569],[8.63705,47.29665],[8.63772,47.29666],[8.63795,47.29649],[8.63946,47.2967],[8.6406,47.29744],[8.64203,47.2977]],[[8.63269,47.2952],[8.63321,47.29593],[8.63342,47.29673]],[[8.63342,47.29673],[8.63334,47.29709],[8.63294,47.29723]],[[8.63342,47.29673],[8.63417,47.29695],[8.63453,47.29767],[8.63517,47.29785],[8.63522,47.29812]],[[8.63419,47.30057],[8.63463,47.3004],[8.63482,47.30053]],[[8.63419,47.30057],[8.63458,47.30118],[8.63478,47.30107],[8.63582,47.30141],[8.63639,47.3026]],[[8.63522,47.29812],[8.63515,47.29826]],[[8.63522,47.29812],[8.63542,47.29823]],[[8.63672,47.30296],[8.63809,47.30326],[8.63879,47.30322],[8.63972,47.30214],[8.64021,47.30197],[8.641,47.30207],[8.64173,47.30252],[8.64477,47.30254],[8.64555,47.30271],[8.64699,47.30173]],[[8.64203,47.2977],[8.64199,47.29824]],[[8.64203,47.2977],[8.6428,47.2977]],[[8.6428,47.2977],[8.64329,47.29826],[8.64415,47.29871],[8.64572,47.29886],[8.64635,47.2991],[8.64813,47.29918],[8.64969,47.29985],[8.6512,47.2999]],[[8.6428,47.2977],[8.64351,47.29711]],[[8.64699,47.30173],[8.64722,47.30145]],[[8.64699,47.30173],[8.64745,47.30161]],[[8.65153,47.29994],[8.65352,47.30059],[8.65401,47.30113]]]}},{"type":"Feature","properties":{"id":"dorfbach-kuesnacht-revier-327-zh","c":"ZH","p":"pacht","q":"official","k":"river"},"geometry":{"type":"MultiLineString","coordinates":[[[8.57166,47.33204],[8.5727,47.33217]],[[8.57298,47.33221],[8.57352,47.33232]],[[8.57386,47.3325],[8.57465,47.3329],[8.57523,47.33289],[8.5766,47.33365],[8.57889,47.33275],[8.57942,47.33263],[8.58004,47.33275],[8.58061,47.33294],[8.58198,47.33414],[8.58193,47.33429],[8.58239,47.33442]],[[8.57686,47.32198],[8.57802,47.32229]],[[8.57697,47.31753],[8.57867,47.31764],[8.58122,47.31743]],[[8.58151,47.32189],[8.58283,47.32213]],[[8.58153,47.3174],[8.58365,47.31722]],[[8.58239,47.33442],[8.58337,47.33485]],[[8.58239,47.33442],[8.58322,47.33405],[8.58314,47.33347],[8.58349,47.33288]],[[8.58337,47.33485],[8.58483,47.33537],[8.58585,47.33546]],[[8.58337,47.33485],[8.58387,47.33745]],[[8.58387,47.33745],[8.5838,47.33891]],[[8.58374,47.33276],[8.58429,47.33251],[8.58499,47.33158],[8.58557,47.33128],[8.58598,47.33128]],[[8.58387,47.33745],[8.58524,47.33792]],[[8.58412,47.31718],[8.58505,47.31719]],[[8.58468,47.32291],[8.58724,47.32381],[8.58834,47.32406],[8.5892,47.32395],[8.59033,47.32449],[8.59114,47.32466],[8.59188,47.32519],[8.59238,47.32529],[8.59243,47.32582],[8.59292,47.3259],[8.59288,47.32609],[8.59361,47.32655]],[[8.58546,47.3381],[8.58584,47.3384],[8.58585,47.33878],[8.58637,47.3391]],[[8.58531,47.31722],[8.58796,47.3176],[8.58822,47.31819],[8.58853,47.31836],[8.58924,47.31836],[8.59145,47.31884],[8.59393,47.31834],[8.59526,47.31932],[8.59654,47.31932]],[[8.58585,47.33546],[8.5871,47.33617],[8.58877,47.33651]],[[8.58585,47.33546],[8.58667,47.33531],[8.58786,47.33541],[8.58871,47.33513],[8.58929,47.33472],[8.58997,47.33463],[8.59098,47.33418],[8.59194,47.33448],[8.59284,47.33444],[8.59342,47.33468]],[[8.58598,47.33128],[8.58801,47.33187],[8.59157,47.33171]],[[8.58598,47.33128],[8.58653,47.33111],[8.5887,47.3295],[8.59094,47.32892]],[[8.58877,47.33651],[8.58888,47.33656]],[[8.58888,47.33656],[8.59093,47.33678],[8.59176,47.33712]],[[8.59176,47.33712],[8.59312,47.33712],[8.59407,47.3367],[8.59621,47.33657],[8.59809,47.33662],[8.59922,47.33726],[8.5997,47.33682],[8.60083,47.33704]],[[8.59342,47.33468],[8.59353,47.33488],[8.59387,47.33488]],[[8.59342,47.33468],[8.59406,47.33458]],[[8.59361,47.32655],[8.59396,47.32679],[8.59404,47.32754]],[[8.59403,47.32786],[8.59407,47.32827],[8.59479,47.3288]],[[8.59404,47.32781],[8.59403,47.32786]],[[8.59479,47.3288],[8.59597,47.32969],[8.59793,47.33074],[8.59979,47.33071],[8.60038,47.33018]],[[8.59654,47.31932],[8.59711,47.31946],[8.59751,47.31936]],[[8.59654,47.31932],[8.59676,47.32043]],[[8.59676,47.32043],[8.59673,47.32044]],[[8.59751,47.31936],[8.59724,47.31861],[8.59754,47.31808],[8.59797,47.31783],[8.59855,47.31651],[8.60007,47.31534],[8.60354,47.31459],[8.6081,47.31464]],[[8.59751,47.31936],[8.59921,47.31891],[8.60033,47.31894]],[[8.60033,47.31894],[8.60228,47.32044],[8.60302,47.32071]],[[8.60033,47.31894],[8.60055,47.31793]],[[8.60111,47.33687],[8.60285,47.33714],[8.60382,47.33626]],[[8.60302,47.32071],[8.60351,47.32103],[8.60443,47.32249],[8.60607,47.32286],[8.60668,47.32375]],[[8.60302,47.32071],[8.60343,47.32058]],[[8.60343,47.32058],[8.60433,47.3209],[8.60589,47.32093],[8.60642,47.32079]],[[8.60343,47.32058],[8.60414,47.31958],[8.60479,47.31946],[8.60544,47.3189],[8.60629,47.31867],[8.60674,47.31755],[8.60736,47.31735],[8.60797,47.31663]],[[8.60668,47.32375],[8.60654,47.32407],[8.60537,47.32473],[8.60502,47.32524]],[[8.60642,47.32079],[8.60784,47.32152]],[[8.60642,47.32079],[8.60875,47.31912],[8.61049,47.31827],[8.61157,47.31848],[8.61374,47.31824],[8.61412,47.31785],[8.61531,47.3174]],[[8.60668,47.32375],[8.60756,47.32425],[8.6078,47.32475]],[[8.6078,47.32475],[8.6079,47.32476]],[[8.6078,47.32475],[8.60891,47.32566],[8.60955,47.32567]],[[8.60955,47.32567],[8.60978,47.32631],[8.60819,47.32772],[8.60811,47.32812]],[[8.6082,47.3248],[8.60919,47.32454],[8.61013,47.32401]],[[8.6081,47.31464],[8.60837,47.31465]],[[8.6081,47.31464],[8.60837,47.31452]],[[8.60955,47.32567],[8.61012,47.32554]],[[8.61012,47.32554],[8.61084,47.32648]],[[8.61012,47.32554],[8.61042,47.32489],[8.61127,47.32463]],[[8.61013,47.32401],[8.61083,47.32351]],[[8.61084,47.32648],[8.61258,47.32641],[8.61365,47.32663]],[[8.61084,47.32648],[8.61065,47.32683],[8.61149,47.32796],[8.61189,47.32961]],[[8.61112,47.32107],[8.61346,47.32109],[8.61441,47.32037],[8.61504,47.32018],[8.61554,47.31945],[8.61717,47.31891]],[[8.61189,47.32961],[8.61165,47.32985],[8.61183,47.33014]],[[8.61189,47.32961],[8.61227,47.32986]],[[8.61227,47.32986],[8.61248,47.32989]],[[8.61227,47.32986],[8.61253,47.33006]],[[8.61365,47.32663],[8.61479,47.32762],[8.61495,47.32809],[8.61599,47.32894],[8.61695,47.32941],[8.61697,47.33029]],[[8.61365,47.32663],[8.61509,47.32572],[8.61722,47.32527],[8.61883,47.32471]],[[8.61531,47.3174],[8.61531,47.3174]],[[8.61531,47.3174],[8.61533,47.3174],[8.61666,47.3174],[8.6179,47.31636]],[[8.61697,47.33029],[8.61641,47.33277],[8.61644,47.33335],[8.61706,47.33404],[8.6168,47.33422]],[[8.61697,47.33029],[8.61719,47.33049]],[[8.61719,47.33049],[8.61804,47.33079],[8.61959,47.33087],[8.62019,47.33074],[8.62113,47.33016],[8.62221,47.32991]],[[8.61719,47.33049],[8.61724,47.3311],[8.61898,47.33197],[8.61935,47.33236]],[[8.61758,47.3151],[8.61763,47.31436],[8.61797,47.31397],[8.61877,47.31388]],[[8.61883,47.32471],[8.61871,47.32392]],[[8.61883,47.32471],[8.61977,47.32452]],[[8.61935,47.33236],[8.61911,47.33262]],[[8.61935,47.33236],[8.61975,47.33268],[8.62018,47.33266]],[[8.61977,47.32452],[8.62118,47.32546]],[[8.61977,47.32452],[8.62028,47.32382]],[[8.62028,47.32382],[8.62071,47.32264]],[[8.62028,47.32382],[8.62068,47.32374],[8.62149,47.32383],[8.62449,47.32349]],[[8.62065,47.33243],[8.62084,47.33246]],[[8.62119,47.33261],[8.62147,47.33272]],[[8.62104,47.32177],[8.62138,47.32117]],[[8.62127,47.3256],[8.62178,47.32613]],[[8.62219,47.32613],[8.6222,47.32613]],[[8.6222,47.32614],[8.6222,47.32613]],[[8.6222,47.32613],[8.62288,47.32593],[8.6233,47.32607],[8.6233,47.32626],[8.62374,47.3263]],[[8.62366,47.33303],[8.62392,47.33322],[8.62445,47.33318],[8.62514,47.33288]],[[8.62449,47.32349],[8.62499,47.32423]],[[8.62449,47.32349],[8.62571,47.32299]],[[8.62571,47.32299],[8.62638,47.32362]],[[8.62571,47.32299],[8.62718,47.32201],[8.62867,47.32189],[8.62975,47.32129]],[[8.62866,47.31632],[8.62835,47.31605],[8.62802,47.31504],[8.62809,47.31304]],[[8.63241,47.31817],[8.63125,47.31771],[8.63058,47.31715],[8.62928,47.31678]],[[8.63277,47.32257],[8.63222,47.32313],[8.63225,47.32372],[8.63174,47.32412],[8.63116,47.32441],[8.63043,47.32439],[8.62936,47.32496],[8.62958,47.32543],[8.62926,47.32583],[8.62955,47.32659]],[[8.62975,47.32129],[8.63293,47.31959],[8.63271,47.31909]],[[8.62975,47.32129],[8.6307,47.32126],[8.6309,47.32131],[8.632,47.32184],[8.63217,47.32226],[8.63277,47.32257]],[[8.62995,47.32691],[8.63032,47.32721],[8.63116,47.32724],[8.6335,47.32693]],[[8.63296,47.31281],[8.63257,47.31235],[8.63171,47.31209]],[[8.63217,47.31037],[8.63185,47.31018]],[[8.6329,47.31156],[8.63241,47.31114],[8.63217,47.31037]],[[8.63217,47.31037],[8.63237,47.30878],[8.63266,47.30824]],[[8.63277,47.32257],[8.63313,47.3226],[8.63375,47.32247],[8.63542,47.32281]],[[8.63271,47.31909],[8.63274,47.31882]],[[8.63271,47.31909],[8.63311,47.31895]],[[8.63289,47.31831],[8.63283,47.31829]],[[8.63284,47.31847],[8.63289,47.31831]],[[8.63289,47.31831],[8.63338,47.31756],[8.63384,47.31607]],[[8.63312,47.31258],[8.63326,47.31209],[8.63288,47.31179],[8.6329,47.31156]],[[8.6329,47.31156],[8.63306,47.31061],[8.63343,47.31013],[8.63417,47.31003],[8.63419,47.30984],[8.63461,47.30976],[8.6347,47.30948],[8.63574,47.3089],[8.63589,47.30842]],[[8.63384,47.31607],[8.63318,47.3152],[8.63296,47.31281]],[[8.63296,47.31281],[8.63312,47.31258]],[[8.63312,47.31258],[8.63385,47.31259]],[[8.63335,47.31888],[8.6335,47.31884]],[[8.63381,47.32699],[8.63415,47.32721]],[[8.63384,47.31607],[8.63514,47.31559],[8.63514,47.3151]],[[8.63385,47.31259],[8.63495,47.31261],[8.63529,47.31234],[8.63567,47.3125],[8.63605,47.31225],[8.63644,47.31239],[8.6379,47.31211],[8.63835,47.3122],[8.63893,47.31199]],[[8.63385,47.31259],[8.63396,47.31206],[8.63525,47.31117],[8.63573,47.31047]],[[8.63401,47.31868],[8.63686,47.31821]],[[8.63476,47.32736],[8.63603,47.32676],[8.63706,47.32695],[8.63751,47.32841],[8.63883,47.32912],[8.63917,47.32967],[8.64029,47.33002],[8.64028,47.33077],[8.64129,47.33099],[8.64129,47.33151]],[[8.63542,47.32281],[8.63539,47.3231]],[[8.63542,47.32281],[8.63614,47.32272]],[[8.63614,47.32272],[8.63674,47.32342],[8.6378,47.32335]],[[8.63614,47.32272],[8.63684,47.32162],[8.63894,47.32119],[8.63918,47.32099],[8.63973,47.321]],[[8.63715,47.3182],[8.63819,47.31808]],[[8.63819,47.31808],[8.63834,47.31754],[8.63913,47.31699],[8.63949,47.3164]],[[8.63819,47.31808],[8.63888,47.31785],[8.6406,47.31785]],[[8.63893,47.31199],[8.63906,47.31201]],[[8.63893,47.31199],[8.639,47.31194]],[[8.63929,47.31176],[8.64037,47.31131],[8.64077,47.31095],[8.64113,47.30972],[8.64164,47.30928]],[[8.63952,47.312],[8.64088,47.3117],[8.64131,47.31144],[8.6418,47.31155],[8.64264,47.31121],[8.64381,47.31121],[8.64437,47.31094]],[[8.63973,47.321],[8.63976,47.32101]],[[8.63973,47.321],[8.63973,47.32099],[8.63977,47.321]],[[8.64164,47.30928],[8.64246,47.30831],[8.64256,47.30731]],[[8.64164,47.30928],[8.64249,47.3092],[8.64342,47.30926],[8.64472,47.30829]],[[8.64256,47.32426],[8.64284,47.32475]],[[8.64301,47.32536],[8.64327,47.32606]],[[8.6437,47.31945],[8.64453,47.31815],[8.64502,47.31632],[8.64572,47.31558],[8.64663,47.31529]],[[8.64437,47.31094],[8.64594,47.3117],[8.64755,47.31145],[8.64819,47.31112]],[[8.64437,47.31094],[8.64471,47.31085],[8.64538,47.31007],[8.64844,47.30963]],[[8.64557,47.30507],[8.6463,47.30419],[8.64856,47.30381]],[[8.64663,47.31529],[8.64767,47.31356]],[[8.64663,47.31529],[8.64993,47.31492],[8.65128,47.31455],[8.653,47.31449]],[[8.64819,47.31112],[8.64834,47.31093]],[[8.64819,47.31112],[8.649,47.31102]],[[8.64844,47.30963],[8.64911,47.30993],[8.64919,47.30981],[8.64962,47.30993],[8.65198,47.30954]],[[8.64844,47.30963],[8.6489,47.30899],[8.64962,47.30883],[8.65002,47.30822],[8.6504,47.30805]],[[8.65198,47.30954],[8.65222,47.30975],[8.6531,47.30994],[8.65426,47.30983]],[[8.65198,47.30954],[8.65403,47.30941],[8.65556,47.30858],[8.65593,47.30796],[8.65587,47.30763],[8.65629,47.30718],[8.6575,47.30661],[8.6589,47.30541],[8.65948,47.30528]],[[8.66076,47.30446],[8.66111,47.30413]]]}},{"type":"Feature","properties":{"id":"wehrenbach-revier-332-zh","c":"ZH","p":"pacht","q":"official","k":"river"},"geometry":{"type":"MultiLineString","coordinates":[[[8.55289,47.3527],[8.55294,47.35427]],[[8.55462,47.35538],[8.5559,47.35599]],[[8.55626,47.3562],[8.55702,47.3568]],[[8.55707,47.35704],[8.5567,47.35755],[8.55701,47.35841]],[[8.55766,47.35915],[8.55789,47.35922]],[[8.55819,47.3593],[8.5601,47.35968],[8.56108,47.35943],[8.56169,47.36004]],[[8.56169,47.36004],[8.56168,47.36007]],[[8.56169,47.36004],[8.56179,47.36005],[8.56224,47.35995],[8.56313,47.35949],[8.56578,47.35966],[8.56722,47.35876],[8.56812,47.35902],[8.56932,47.35878],[8.56974,47.35852],[8.56988,47.35787],[8.57261,47.35811]],[[8.57261,47.35811],[8.57392,47.35845],[8.57429,47.35887],[8.57417,47.35928],[8.57484,47.35993],[8.5746,47.36017],[8.57484,47.36049],[8.57453,47.36079],[8.57503,47.36162],[8.57477,47.36198],[8.57481,47.36282],[8.57552,47.36413],[8.5762,47.36454]],[[8.57261,47.35811],[8.57362,47.35743]],[[8.57362,47.35743],[8.57552,47.35795],[8.57614,47.35832],[8.57634,47.35882]],[[8.57362,47.35743],[8.57449,47.35699],[8.57463,47.35661],[8.57513,47.35632],[8.57523,47.35555],[8.57602,47.35543],[8.57635,47.35496],[8.57692,47.35508],[8.57744,47.35485],[8.57805,47.35491],[8.57827,47.35444],[8.57911,47.35428]],[[8.5762,47.36454],[8.57722,47.36462],[8.57903,47.36419]],[[8.5762,47.36454],[8.57623,47.36474]],[[8.5764,47.36489],[8.57698,47.36605],[8.57871,47.36659]],[[8.57871,47.36659],[8.57958,47.36643],[8.58023,47.36689]],[[8.57871,47.36659],[8.57985,47.36734],[8.5801,47.36791],[8.58123,47.36817],[8.58341,47.36908]],[[8.57903,47.36419],[8.57956,47.36452],[8.58036,47.36465],[8.58138,47.36536]],[[8.57903,47.36419],[8.57914,47.36408]],[[8.57914,47.36408],[8.58106,47.3642]],[[8.57914,47.36408],[8.57877,47.36329],[8.57885,47.36296],[8.57913,47.36253],[8.57988,47.3622],[8.58124,47.36215],[8.58204,47.36246],[8.58261,47.36231],[8.58304,47.36257],[8.58381,47.36242],[8.58547,47.36252]],[[8.57911,47.35428],[8.57995,47.35488]],[[8.57911,47.35428],[8.57951,47.35405],[8.57965,47.35363],[8.58035,47.35367],[8.58085,47.35342],[8.58162,47.35381],[8.58185,47.3535],[8.58259,47.35335],[8.58286,47.35286],[8.58364,47.35261],[8.58448,47.35297],[8.5855,47.35253],[8.58603,47.3529],[8.58749,47.35267],[8.58785,47.35304],[8.5881,47.35301]],[[8.58547,47.36252],[8.58621,47.36384]],[[8.58547,47.36252],[8.58678,47.36238],[8.58837,47.36274],[8.5898,47.36254],[8.59054,47.36273],[8.59199,47.36233]],[[8.58638,47.36405],[8.58667,47.36468],[8.58798,47.36546]],[[8.58752,47.37245],[8.58813,47.37145],[8.58839,47.37144]],[[8.58822,47.36554],[8.58946,47.36596],[8.58984,47.36663]],[[8.5881,47.35301],[8.58814,47.35304]],[[8.5881,47.35301],[8.59048,47.35271],[8.59119,47.35321],[8.59191,47.35278],[8.59213,47.35238],[8.59281,47.35219]],[[8.58814,47.35304],[8.58895,47.354],[8.58922,47.35499]],[[8.59199,47.36233],[8.59247,47.36171],[8.59405,47.36078]],[[8.59199,47.36233],[8.59267,47.36266]],[[8.59227,47.34521],[8.59352,47.34347],[8.59418,47.34334],[8.59444,47.34306],[8.59553,47.34267],[8.5962,47.34261],[8.59724,47.34061],[8.59806,47.33966],[8.59902,47.33904]],[[8.59397,47.3516],[8.59364,47.35011],[8.59341,47.35001],[8.59379,47.34975],[8.59364,47.34936],[8.5939,47.34906],[8.59358,47.34813],[8.59386,47.34786],[8.59384,47.34701],[8.59288,47.3464],[8.5929,47.34605],[8.59247,47.34551]],[[8.59281,47.35219],[8.59506,47.35418],[8.59549,47.35506]],[[8.59281,47.35219],[8.59351,47.35211],[8.59397,47.3516]],[[8.59397,47.3516],[8.59455,47.35175],[8.59495,47.35161],[8.59566,47.3519],[8.59597,47.35169],[8.59666,47.35161],[8.5968,47.35141],[8.59758,47.35155]],[[8.5944,47.36078],[8.59565,47.36166],[8.59638,47.36192],[8.59675,47.36187],[8.59751,47.36231],[8.59732,47.36245],[8.59816,47.36306]],[[8.59758,47.35155],[8.59824,47.35165],[8.5986,47.35145],[8.5991,47.35147]],[[8.59758,47.35155],[8.59781,47.35247]],[[8.59854,47.36322],[8.59891,47.36361],[8.59952,47.3638],[8.59998,47.36384],[8.60053,47.36357],[8.60236,47.36402],[8.60232,47.36451],[8.60311,47.36464],[8.6036,47.36518],[8.60506,47.36577],[8.60574,47.36575],[8.60677,47.3654],[8.60799,47.36586],[8.60776,47.36648]],[[8.5991,47.35147],[8.59989,47.35075]],[[8.5991,47.35147],[8.60105,47.35104],[8.60161,47.35073],[8.60301,47.35076]],[[8.59999,47.35055],[8.60001,47.35],[8.60059,47.34947],[8.60078,47.34878]],[[8.60301,47.35076],[8.60306,47.35219],[8.60382,47.353],[8.60507,47.35359]],[[8.60301,47.35076],[8.60492,47.35013],[8.60512,47.34963]],[[8.60507,47.35359],[8.60506,47.35412],[8.60552,47.35477]],[[8.60507,47.35359],[8.60542,47.35358],[8.60608,47.35362],[8.60777,47.35333],[8.60947,47.35351],[8.61043,47.35337],[8.61108,47.35352],[8.61252,47.35435]],[[8.60512,47.34963],[8.60587,47.34844],[8.60648,47.34823]],[[8.60512,47.34963],[8.60565,47.34942],[8.60725,47.34937],[8.60774,47.34961],[8.60963,47.34985],[8.611,47.34958],[8.61346,47.3496],[8.6135,47.34942],[8.61407,47.34935],[8.61424,47.34963],[8.61515,47.35001]],[[8.60701,47.34762],[8.60658,47.34641],[8.60592,47.34606]],[[8.60675,47.34803],[8.60701,47.34762]],[[8.60701,47.34762],[8.60782,47.34749],[8.60828,47.34767],[8.60868,47.34754],[8.60894,47.34696]],[[8.60848,47.34106],[8.60997,47.33922]],[[8.60894,47.34696],[8.6087,47.34618]],[[8.60894,47.34696],[8.60916,47.34686],[8.60985,47.347],[8.61039,47.34674],[8.61153,47.3467],[8.61171,47.34654],[8.61275,47.34665],[8.61452,47.34625],[8.61476,47.34592],[8.61499,47.34604],[8.61529,47.34581],[8.61532,47.34532],[8.61587,47.34503],[8.61579,47.34442]],[[8.61252,47.35435],[8.61389,47.35401],[8.61498,47.35405],[8.61646,47.35497]],[[8.61252,47.35435],[8.61248,47.35458],[8.61307,47.35476],[8.61291,47.35531]],[[8.61561,47.34385],[8.61431,47.34365]],[[8.61579,47.34442],[8.61561,47.34385]],[[8.61561,47.34385],[8.61587,47.34344],[8.61564,47.34303],[8.61594,47.34273],[8.61556,47.34213],[8.61599,47.34191],[8.61628,47.34139],[8.61664,47.34149],[8.61742,47.34135],[8.61793,47.34151],[8.61795,47.34127],[8.61809,47.34141],[8.6183,47.34127],[8.61818,47.34109],[8.61854,47.34105],[8.61852,47.34072],[8.61969,47.34057],[8.62096,47.34008]],[[8.61579,47.34442],[8.61643,47.3443]],[[8.62096,47.34008],[8.62199,47.33978],[8.62279,47.34],[8.62302,47.33977],[8.62418,47.33997],[8.6244,47.33988],[8.62454,47.34001],[8.62466,47.33989],[8.62541,47.34027]],[[8.62272,47.35104],[8.62384,47.35094],[8.62405,47.35114]],[[8.62541,47.34027],[8.6264,47.34044],[8.62729,47.34033],[8.62764,47.3405],[8.62955,47.3402],[8.63135,47.34039]],[[8.62541,47.34027],[8.62569,47.34002]],[[8.62569,47.34002],[8.62585,47.33993]],[[8.62569,47.34002],[8.62583,47.33998],[8.62585,47.33993]],[[8.62585,47.33993],[8.62615,47.33963]],[[8.63135,47.34039],[8.63148,47.3406]],[[8.63135,47.34039],[8.6314,47.34039],[8.63144,47.3404],[8.63155,47.34053]],[[8.63155,47.34053],[8.63177,47.34056],[8.63222,47.34031],[8.63268,47.3404],[8.63372,47.34011],[8.63493,47.34028],[8.63568,47.34062]],[[8.63155,47.34053],[8.63216,47.34005]],[[8.63216,47.34005],[8.63179,47.33938],[8.63247,47.33875]],[[8.63216,47.34005],[8.63365,47.33893],[8.63472,47.33737],[8.63575,47.33708],[8.63708,47.33702],[8.63832,47.33635],[8.63845,47.33597]],[[8.6331,47.33744],[8.63318,47.33693]],[[8.63377,47.3356],[8.6342,47.33522]],[[8.63427,47.33512],[8.63446,47.33465]],[[8.63446,47.33465],[8.6346,47.33361]],[[8.63446,47.33465],[8.63481,47.33442]],[[8.63597,47.34063],[8.63657,47.34057],[8.63823,47.33967],[8.63999,47.33917]],[[8.63845,47.33597],[8.63923,47.33616],[8.63948,47.33588],[8.64101,47.33552]],[[8.63845,47.33597],[8.63884,47.33531]],[[8.63999,47.33917],[8.64037,47.33884]],[[8.63999,47.33917],[8.64094,47.33914],[8.64103,47.33925]]]}},{"type":"Feature","properties":{"id":"muelibach-richterswil-revier-334-zh","c":"ZH","p":"pacht","q":"official","k":"river"},"geometry":{"type":"MultiLineString","coordinates":[[[8.67114,47.19473],[8.6683,47.19608],[8.66623,47.19641],[8.66394,47.19653],[8.66076,47.1973]],[[8.67114,47.19473],[8.67109,47.19471]],[[8.67206,47.19417],[8.67114,47.19473]],[[8.67206,47.19417],[8.672,47.19414]],[[8.67538,47.19273],[8.67367,47.19312],[8.67206,47.19417]],[[8.67527,47.19832],[8.67452,47.19886],[8.67395,47.19883],[8.67343,47.19908]],[[8.67452,47.19764],[8.67416,47.19723]],[[8.67527,47.19832],[8.6748,47.19784]],[[8.67786,47.19787],[8.67623,47.19793],[8.67527,47.19832]],[[8.67589,47.19269],[8.67565,47.19264]],[[8.68071,47.19478],[8.67934,47.19426],[8.67851,47.19414],[8.67801,47.19368],[8.67654,47.19343],[8.67611,47.19317],[8.67589,47.19269]],[[8.67589,47.19269],[8.67589,47.19267]],[[8.67638,47.19209],[8.67753,47.19096],[8.67677,47.19057]],[[8.68105,47.19716],[8.6796,47.19742],[8.67899,47.19771]],[[8.68157,47.197],[8.68119,47.19649],[8.68116,47.19589],[8.68147,47.19532],[8.68113,47.19481],[8.68071,47.19478]],[[8.68071,47.19478],[8.68121,47.19411],[8.68209,47.19383],[8.68229,47.19349]],[[8.68413,47.19822],[8.68309,47.19871],[8.68268,47.19881],[8.68232,47.19859],[8.68108,47.19904]],[[8.68157,47.197],[8.68155,47.19701]],[[8.68441,47.19809],[8.68359,47.19717],[8.68157,47.197]],[[8.68441,47.19809],[8.68438,47.19811]],[[8.68755,47.19634],[8.68633,47.19687],[8.68606,47.19717],[8.68559,47.19722],[8.68479,47.198],[8.68468,47.19805],[8.68449,47.1981],[8.68441,47.19809]],[[8.69067,47.19441],[8.69078,47.19398],[8.69049,47.19366],[8.69048,47.19288],[8.69011,47.19264],[8.68909,47.19261],[8.68833,47.19185]],[[8.68878,47.19572],[8.68843,47.19501]],[[8.6911,47.1952],[8.68958,47.19581]],[[8.6911,47.1952],[8.69088,47.19517]],[[8.69295,47.19567],[8.69279,47.1953],[8.69214,47.19508],[8.6911,47.1952]],[[8.70067,47.19741],[8.69787,47.1966],[8.69589,47.19673],[8.69443,47.19637],[8.69358,47.19646],[8.69283,47.19616],[8.69295,47.19567]],[[8.69295,47.19567],[8.69308,47.19557],[8.6937,47.19576]],[[8.70277,47.20063],[8.70252,47.20015],[8.70028,47.19928]],[[8.70277,47.20063],[8.70304,47.20025],[8.7028,47.19971],[8.70337,47.19908],[8.70286,47.19871],[8.70254,47.1981],[8.70114,47.19755]],[[8.70421,47.20279],[8.70363,47.20175],[8.70299,47.20154],[8.70277,47.20063]],[[8.70421,47.20279],[8.70416,47.20278]],[[8.70554,47.20474],[8.70421,47.20279]],[[8.7065,47.20516],[8.70576,47.20494]],[[8.70693,47.20528],[8.70677,47.2053]],[[8.71014,47.20583],[8.70879,47.2054],[8.70751,47.20537]],[[8.71137,47.20643],[8.71092,47.20619]]]}},{"type":"Feature","properties":{"id":"baeche-waedenswil-revier-336-zh","c":"ZH","p":"pacht","q":"official","k":"river"},"geometry":{"type":"MultiLineString","coordinates":[[[8.6445,47.2314],[8.6442,47.23087],[8.64263,47.23066]],[[8.6445,47.2314],[8.64298,47.23128]],[[8.64802,47.23339],[8.64731,47.23324],[8.64676,47.23335],[8.64594,47.233],[8.64452,47.23298]],[[8.6517,47.2317],[8.65106,47.23139],[8.64938,47.23125],[8.64704,47.23162],[8.6451,47.2315],[8.64485,47.23134],[8.6445,47.2314]],[[8.64802,47.23339],[8.64613,47.23386]],[[8.64805,47.23336],[8.64802,47.23339]],[[8.65104,47.2321],[8.65089,47.23225],[8.65038,47.23209],[8.64845,47.23309]],[[8.65292,47.23065],[8.65178,47.23028],[8.65047,47.23015],[8.64935,47.22952]],[[8.65313,47.22953],[8.65281,47.22915],[8.65198,47.2291],[8.65144,47.22888]],[[8.6517,47.2317],[8.65151,47.23176]],[[8.65292,47.23065],[8.6525,47.23106],[8.65244,47.23149],[8.6519,47.23172],[8.6517,47.2317]],[[8.65368,47.23032],[8.65292,47.23065]],[[8.65313,47.22953],[8.65317,47.22953],[8.65319,47.22953],[8.65327,47.22944],[8.6533,47.2293],[8.6541,47.22876]],[[8.65368,47.23032],[8.65313,47.22953]],[[8.66176,47.232],[8.66091,47.232],[8.66001,47.23119],[8.65923,47.23118],[8.65882,47.23082],[8.65834,47.23075],[8.65807,47.23036],[8.65685,47.22956],[8.65587,47.22962],[8.6547,47.23022],[8.6545,47.23021],[8.65434,47.23027],[8.65388,47.23032],[8.65368,47.23032]],[[8.65758,47.22405],[8.65691,47.22347]],[[8.65798,47.22805],[8.65733,47.22775]],[[8.65943,47.22676],[8.65865,47.22624],[8.65875,47.22569],[8.65823,47.22505],[8.65808,47.22447],[8.65758,47.22405]],[[8.65758,47.22405],[8.65784,47.223]],[[8.65903,47.22875],[8.65855,47.22843]],[[8.65995,47.22934],[8.65933,47.22879]],[[8.66033,47.22774],[8.65971,47.22754],[8.65957,47.227]],[[8.66042,47.22981],[8.65995,47.22934]],[[8.66273,47.22936],[8.66228,47.22886],[8.66059,47.22779]],[[8.66151,47.23052],[8.66109,47.23028]],[[8.66176,47.232],[8.66175,47.23199]],[[8.66221,47.23197],[8.66176,47.232]],[[8.66369,47.23035],[8.66318,47.22999]],[[8.66532,47.23105],[8.66509,47.23108]],[[8.66657,47.23137],[8.66564,47.23111]],[[8.67071,47.2053],[8.66916,47.20637],[8.66557,47.2077]],[[8.67281,47.20039],[8.67157,47.20045],[8.67025,47.20096]],[[8.67529,47.20382],[8.67406,47.20353],[8.67395,47.20379],[8.67271,47.20376],[8.67071,47.2053]],[[8.67256,47.19983],[8.67164,47.1999],[8.67125,47.19965],[8.67135,47.19946]],[[8.68219,47.20345],[8.68144,47.20226],[8.68097,47.20225],[8.67962,47.20142],[8.67951,47.20075],[8.68015,47.19996],[8.67977,47.19995],[8.67934,47.19944],[8.67839,47.19993],[8.67453,47.19968],[8.67421,47.1997],[8.67395,47.19996]],[[8.67692,47.20389],[8.67671,47.2038]],[[8.67722,47.20429],[8.67716,47.20425]],[[8.68711,47.21716],[8.68635,47.21668],[8.68625,47.21617],[8.68556,47.21554],[8.6828,47.21412],[8.68288,47.21271],[8.68443,47.21063],[8.68424,47.20948],[8.68392,47.20921],[8.68195,47.2086],[8.67956,47.20808],[8.6792,47.20719],[8.67924,47.20578]],[[8.68022,47.20531],[8.68173,47.2045]],[[8.68467,47.22282],[8.68441,47.22236],[8.68463,47.22187]],[[8.6849,47.22129],[8.68487,47.22125]],[[8.68524,47.22309],[8.68513,47.22302]],[[8.68562,47.2198],[8.68588,47.21949],[8.68558,47.2192],[8.68567,47.21873]]]}},{"type":"Feature","properties":{"id":"tiefenhofbach-waedenswil-revier-337-zh","c":"ZH","p":"private","q":"official","k":"river"},"geometry":{"type":"MultiLineString","coordinates":[[[8.65883,47.23425],[8.65848,47.2342],[8.65749,47.23465],[8.65547,47.23505],[8.65381,47.23467]],[[8.66206,47.23561],[8.65959,47.23411],[8.65922,47.23417]],[[8.6639,47.23646],[8.66368,47.23632]]]}},{"type":"Feature","properties":{"id":"aabach-waedenswil-revier-339-zh","c":"ZH","p":"pacht","q":"official","k":"river"},"geometry":{"type":"MultiLineString","coordinates":[[[8.62471,47.22379],[8.62419,47.22347],[8.62356,47.22255],[8.62242,47.22216],[8.62161,47.22125],[8.62119,47.2211],[8.62092,47.22052],[8.62059,47.22045],[8.62077,47.21998],[8.62037,47.21966],[8.62129,47.21838],[8.62305,47.21765],[8.62498,47.21643]],[[8.62527,47.22446],[8.62491,47.22414]],[[8.62547,47.22536],[8.62543,47.22461]],[[8.62785,47.22735],[8.6268,47.22691],[8.62661,47.22643],[8.62596,47.22589]],[[8.62701,47.22816],[8.62742,47.22817],[8.62802,47.22761],[8.62785,47.22735]],[[8.62785,47.22735],[8.62807,47.22683],[8.62891,47.22682],[8.6291,47.22638],[8.63045,47.22599],[8.63102,47.22555],[8.6311,47.22486],[8.63168,47.22468],[8.63175,47.22421]],[[8.63024,47.21828],[8.63017,47.21803]],[[8.63145,47.21927],[8.63121,47.21905]],[[8.63175,47.22421],[8.63077,47.22351],[8.63059,47.22304],[8.63067,47.22257],[8.63082,47.22233],[8.63109,47.22234],[8.63102,47.22206],[8.63131,47.22173]],[[8.63135,47.22145],[8.63273,47.22027],[8.63145,47.21927]],[[8.63145,47.21927],[8.63189,47.21882],[8.63197,47.21812],[8.63308,47.21732],[8.63365,47.21584]],[[8.63175,47.22421],[8.6326,47.223],[8.63362,47.22297]],[[8.63329,47.21566],[8.63295,47.21548]],[[8.63362,47.22297],[8.63452,47.22278],[8.63515,47.22301]],[[8.63362,47.22297],[8.63386,47.22316]],[[8.63365,47.21584],[8.63364,47.21584]],[[8.63365,47.21584],[8.6344,47.21477]],[[8.63515,47.22301],[8.63514,47.22313]],[[8.63515,47.22301],[8.63661,47.22258],[8.63691,47.22222],[8.63717,47.22229],[8.63806,47.22174],[8.63828,47.22148],[8.63812,47.22134],[8.63853,47.22125],[8.63823,47.22087],[8.63851,47.22065],[8.63823,47.21975],[8.63862,47.21966],[8.63892,47.21932],[8.63932,47.21928],[8.63932,47.21901],[8.64006,47.21887],[8.64053,47.21818]],[[8.63646,47.22339],[8.63727,47.22357],[8.63854,47.22288]],[[8.64457,47.21212],[8.64398,47.2114],[8.64242,47.21089],[8.64055,47.2094],[8.63978,47.20909],[8.63917,47.20821],[8.63798,47.20732]],[[8.64053,47.21818],[8.64245,47.21871],[8.6431,47.2187],[8.64363,47.21834],[8.64597,47.21857],[8.64848,47.21805],[8.65088,47.21703]],[[8.64053,47.21818],[8.64111,47.21789],[8.64132,47.21738],[8.64162,47.21734],[8.64145,47.21715],[8.64209,47.21683],[8.64197,47.21662],[8.64243,47.2163],[8.64252,47.21574],[8.64318,47.2154],[8.64293,47.21467],[8.64263,47.21443],[8.64269,47.21418]],[[8.64269,47.20374],[8.64146,47.20323]],[[8.64236,47.20655],[8.64167,47.20591]],[[8.64269,47.21418],[8.64373,47.21419],[8.64408,47.21384],[8.64439,47.21387],[8.64505,47.21354]],[[8.64269,47.21418],[8.64379,47.21313],[8.64395,47.21271],[8.64439,47.21257],[8.64457,47.21212]],[[8.64366,47.20629],[8.64293,47.2057],[8.64282,47.20514]],[[8.64482,47.20531],[8.64395,47.20474],[8.64365,47.20416]],[[8.64457,47.21212],[8.64481,47.21158],[8.64534,47.21122],[8.64537,47.21068],[8.64574,47.21022],[8.6468,47.20964],[8.64644,47.20901],[8.64696,47.20825]],[[8.64482,47.20531],[8.64481,47.20532]],[[8.64619,47.20676],[8.64573,47.20668],[8.64517,47.20605],[8.64521,47.20561],[8.64482,47.20531]],[[8.64522,47.21328],[8.64534,47.21319]],[[8.64616,47.19851],[8.64562,47.19921],[8.6451,47.1994]],[[8.64604,47.19846],[8.64587,47.19822],[8.64542,47.19818],[8.6451,47.19771]],[[8.6457,47.21303],[8.6467,47.21265]],[[8.64597,47.20311],[8.64557,47.20288]],[[8.64592,47.20711],[8.64587,47.20711]],[[8.64696,47.20825],[8.64656,47.20776],[8.64591,47.2075],[8.64592,47.20711]],[[8.64592,47.20711],[8.64619,47.20676]],[[8.64619,47.20676],[8.64649,47.20606]],[[8.6462,47.19853],[8.64708,47.19791]],[[8.64649,47.20606],[8.64632,47.20505],[8.64685,47.20466],[8.64625,47.20412],[8.64632,47.20331]],[[8.64649,47.20606],[8.64659,47.20609],[8.64733,47.20591],[8.64878,47.20514]],[[8.64696,47.20825],[8.64697,47.20825],[8.64702,47.20825],[8.64707,47.20826],[8.64716,47.20834],[8.64734,47.20835],[8.64833,47.20837],[8.64884,47.20817],[8.64891,47.20782],[8.64858,47.20753],[8.64882,47.20694],[8.6495,47.20685],[8.6496,47.20651],[8.65072,47.20591],[8.65078,47.20523],[8.65117,47.20472],[8.65162,47.20455],[8.65182,47.20381],[8.65249,47.2038],[8.65357,47.20318],[8.65341,47.20272],[8.65377,47.20244],[8.65349,47.20178],[8.65375,47.20143]],[[8.64919,47.20423],[8.6486,47.20401],[8.64874,47.20356],[8.6485,47.20321]],[[8.64978,47.19598],[8.64879,47.19543],[8.64915,47.19479],[8.64861,47.19418]],[[8.64921,47.1986],[8.6489,47.19848]],[[8.64919,47.20423],[8.64915,47.20348]],[[8.64923,47.2043],[8.64925,47.20425],[8.64923,47.20423],[8.64919,47.20423]],[[8.64929,47.20071],[8.64931,47.19956]],[[8.65141,47.1865],[8.65022,47.18679]],[[8.65366,47.18763],[8.65263,47.18673]],[[8.65319,47.1971],[8.65318,47.1971]],[[8.65328,47.19718],[8.65319,47.1971]],[[8.65319,47.1971],[8.65292,47.19665],[8.65307,47.19631],[8.65341,47.19618]],[[8.65332,47.20098],[8.65355,47.2]],[[8.65375,47.20143],[8.6535,47.2012]],[[8.65364,47.19812],[8.65359,47.19761]],[[8.65375,47.20143],[8.65376,47.20142]],[[8.65381,47.195],[8.65425,47.19416],[8.65371,47.1935],[8.65301,47.19323],[8.65326,47.19272],[8.65296,47.19252],[8.65293,47.19135],[8.65323,47.19055],[8.65358,47.19071],[8.6547,47.19063],[8.65494,47.19025]],[[8.65425,47.19564],[8.65398,47.19545]],[[8.65471,47.18788],[8.65414,47.18767]],[[8.6544,47.19562],[8.65508,47.19543]],[[8.6566,47.19481],[8.65729,47.19403],[8.65886,47.19324],[8.65821,47.19227],[8.65825,47.19182]],[[8.65846,47.1902],[8.65806,47.18975],[8.65836,47.18899]],[[8.6585,47.18825],[8.65857,47.18814]],[[8.65959,47.18687],[8.65956,47.18673]],[[8.65974,47.18718],[8.65961,47.18709]]]}},{"type":"Feature","properties":{"id":"aabach-horgen-revier-340-zh","c":"ZH","p":"pacht","q":"official","k":"river"},"geometry":{"type":"MultiLineString","coordinates":[[[8.60756,47.2434],[8.60618,47.24273]],[[8.60877,47.24861],[8.60704,47.24792],[8.60674,47.24741],[8.60699,47.247]],[[8.60741,47.24476],[8.60756,47.24454],[8.60719,47.24429]],[[8.61444,47.25073],[8.61195,47.251],[8.61066,47.25085],[8.60946,47.25031],[8.60904,47.25033]],[[8.61129,47.23768],[8.6099,47.23709]],[[8.61073,47.24425],[8.61017,47.24333],[8.61055,47.24309],[8.61009,47.24251],[8.61044,47.24181],[8.61038,47.24114]],[[8.61218,47.23658],[8.61074,47.23571],[8.61076,47.23527],[8.61034,47.23506]],[[8.61355,47.24942],[8.61273,47.24976],[8.61075,47.24999]],[[8.61063,47.24449],[8.61073,47.24425]],[[8.61073,47.24425],[8.61323,47.24344],[8.61399,47.24277]],[[8.61415,47.24768],[8.61293,47.24678],[8.61263,47.24626],[8.61174,47.24587],[8.61159,47.2454],[8.61082,47.24483]],[[8.61306,47.22993],[8.61253,47.22979],[8.61158,47.22987],[8.61143,47.22938],[8.61081,47.2291]],[[8.61348,47.23032],[8.61306,47.22993]],[[8.61306,47.22993],[8.61259,47.2293],[8.61335,47.22772]],[[8.61382,47.24962],[8.61355,47.24942]],[[8.61355,47.24942],[8.61355,47.24923],[8.61455,47.24877],[8.61516,47.24811],[8.61508,47.24785]],[[8.61435,47.25052],[8.61402,47.24983]],[[8.61415,47.24768],[8.6141,47.2477]],[[8.61508,47.24785],[8.61428,47.24767],[8.61415,47.24768]],[[8.61547,47.231],[8.61385,47.2306]],[[8.61444,47.25073],[8.61444,47.25072]],[[8.61792,47.25519],[8.61717,47.25466],[8.61713,47.25424],[8.61636,47.2535],[8.61625,47.25272],[8.61559,47.25281],[8.61528,47.25261],[8.61517,47.25239],[8.61543,47.2521],[8.61444,47.25073]],[[8.61508,47.24785],[8.61655,47.24705]],[[8.61514,47.23184],[8.61541,47.23122]],[[8.61644,47.23494],[8.61569,47.2346],[8.61492,47.23379],[8.61495,47.23322],[8.61553,47.23247],[8.61515,47.23207]],[[8.61655,47.24705],[8.61659,47.24705]],[[8.61655,47.24705],[8.61624,47.24634],[8.61652,47.24606],[8.61638,47.24439],[8.61711,47.24402],[8.61764,47.24334],[8.6183,47.24311]],[[8.61772,47.22707],[8.61715,47.22626],[8.61655,47.22584]],[[8.6183,47.24311],[8.6174,47.24195],[8.61732,47.24141]],[[8.61863,47.23365],[8.61774,47.23278],[8.61776,47.23236],[8.61744,47.2323],[8.61735,47.23176],[8.61767,47.2316],[8.61761,47.23121]],[[8.61884,47.23596],[8.61771,47.23525]],[[8.6183,47.24311],[8.61893,47.24252],[8.61989,47.24243],[8.62041,47.24203],[8.62093,47.24193],[8.62137,47.24153],[8.62185,47.24001]],[[8.62013,47.23505],[8.61967,47.23416],[8.61904,47.23388]],[[8.61933,47.23808],[8.61921,47.23753]],[[8.62013,47.23505],[8.61943,47.23568]],[[8.62185,47.24001],[8.6211,47.23981],[8.61952,47.23876]],[[8.61969,47.24608],[8.61971,47.24604]],[[8.62058,47.22768],[8.61973,47.22757],[8.61933,47.22731]],[[8.62136,47.23518],[8.62098,47.23518],[8.6208,47.23509],[8.62064,47.23513],[8.62021,47.23505],[8.62013,47.23505]],[[8.62058,47.22768],[8.62058,47.22768]],[[8.62058,47.22768],[8.62065,47.22732]],[[8.62313,47.22792],[8.62223,47.22768],[8.62163,47.22784],[8.62092,47.22777]],[[8.62185,47.24001],[8.62217,47.23949],[8.62201,47.23878],[8.62253,47.2388],[8.62293,47.2378],[8.62286,47.23709],[8.62379,47.23658],[8.624,47.23617],[8.6237,47.23559]],[[8.6237,47.23559],[8.6227,47.23557],[8.6219,47.23518]],[[8.62241,47.23267],[8.62245,47.2326]],[[8.62379,47.23462],[8.62342,47.23454],[8.62357,47.23408],[8.62294,47.23383],[8.62247,47.23289]],[[8.62397,47.22954],[8.62408,47.22935],[8.62354,47.22892],[8.62341,47.22837]],[[8.6237,47.23559],[8.6237,47.23505],[8.62401,47.23478],[8.62379,47.23462]],[[8.62379,47.23462],[8.62419,47.23408],[8.62678,47.23316],[8.62757,47.23306],[8.62797,47.23253],[8.62768,47.23241],[8.62769,47.23211],[8.62816,47.23202],[8.62862,47.23153]],[[8.62413,47.2296],[8.62455,47.22954],[8.6252,47.229],[8.62621,47.22898],[8.62653,47.22845],[8.62701,47.22816]],[[8.62845,47.24909],[8.62799,47.24882],[8.62722,47.24924],[8.62667,47.2479]],[[8.62718,47.24218],[8.62681,47.24187]],[[8.62759,47.25136],[8.62763,47.25101]],[[8.62763,47.25101],[8.62761,47.251]],[[8.62763,47.25101],[8.62765,47.2509]],[[8.62765,47.2509],[8.62781,47.24983],[8.62845,47.24909]],[[8.62845,47.24909],[8.62935,47.24867],[8.62994,47.24793],[8.63005,47.24718],[8.62972,47.24606],[8.62999,47.24605],[8.6307,47.24506]],[[8.6307,47.24506],[8.63025,47.24483],[8.62942,47.24498],[8.62902,47.24488],[8.62889,47.24445]],[[8.62862,47.23153],[8.62863,47.23153]],[[8.62862,47.23153],[8.62923,47.23123]],[[8.63053,47.24069],[8.62983,47.24004],[8.62983,47.23914]],[[8.6307,47.24506],[8.63154,47.24431],[8.63201,47.24434],[8.63286,47.24379],[8.63324,47.24277],[8.63321,47.24219],[8.63278,47.24161],[8.63197,47.24153],[8.6317,47.24132],[8.63142,47.24146],[8.63108,47.24136],[8.63053,47.24069]],[[8.63053,47.24069],[8.63093,47.24011],[8.63058,47.23911],[8.63085,47.23881],[8.63163,47.23854],[8.63305,47.23867],[8.63371,47.23784],[8.63439,47.23742]],[[8.63046,47.23267],[8.63103,47.23306],[8.63172,47.23321]]]}},{"type":"Feature","properties":{"id":"ausee-revier-343-zh","c":"ZH","p":"pacht","q":"official","k":"river"},"geometry":{"type":"MultiLineString","coordinates":[[[8.63882,47.24945],[8.63885,47.24965],[8.63826,47.25014]],[[8.64925,47.24729],[8.6433,47.24812]],[[8.64913,47.24664],[8.64941,47.24726]],[[8.65242,47.24712],[8.6514,47.24694],[8.64996,47.24717]]]}},{"type":"Feature","properties":{"id":"limmat-351-zh","c":"ZH","p":"pacht","q":"official","k":"river"},"geometry":{"type":"LineString","coordinates":[[8.54249,47.36991],[8.54318,47.36703]]}},{"type":"Feature","properties":{"id":"limmat-352-zh","c":"ZH","p":"pacht","q":"official","k":"river"},"geometry":{"type":"MultiLineString","coordinates":[[[8.54235,47.37429],[8.54224,47.37198]],[[8.54229,47.37155],[8.54249,47.36991]]]}},{"type":"Feature","properties":{"id":"limmat-353-zh","c":"ZH","p":"pacht","q":"official","k":"river"},"geometry":{"type":"MultiLineString","coordinates":[[[8.54003,47.38192],[8.53943,47.38284],[8.53259,47.387]],[[8.53904,47.38257],[8.54003,47.38192]],[[8.54003,47.38192],[8.54003,47.38192]],[[8.54003,47.38192],[8.54146,47.37994],[8.54201,47.37877]],[[8.54212,47.37851],[8.54277,47.37703]],[[8.54283,47.37677],[8.54241,47.37449]]]}},{"type":"Feature","properties":{"id":"limmat-354-zh","c":"ZH","p":"pacht","q":"official","k":"river"},"geometry":{"type":"MultiLineString","coordinates":[[[8.5328,47.38622],[8.53716,47.38369]],[[8.53716,47.38369],[8.53843,47.38202]],[[8.53716,47.38369],[8.53904,47.38257]]]}},{"type":"Feature","properties":{"id":"limmat-355-zh","c":"ZH","p":"pacht","q":"official","k":"river"},"geometry":{"type":"MultiLineString","coordinates":[[[8.51334,47.39442],[8.51702,47.39312]],[[8.51702,47.39312],[8.51733,47.39332]],[[8.51702,47.39312],[8.52296,47.39166]],[[8.5183,47.39883],[8.51727,47.3996]],[[8.5183,47.39883],[8.51909,47.39929],[8.51936,47.39971]],[[8.51843,47.39815],[8.51819,47.39839],[8.5183,47.39883]],[[8.52259,47.40082],[8.52388,47.40097],[8.52405,47.40158],[8.52379,47.40202],[8.52208,47.40332]],[[8.52291,47.3967],[8.52225,47.39892]],[[8.52231,47.39911],[8.52277,47.39972],[8.52262,47.40064]],[[8.52227,47.39519],[8.52294,47.3965]],[[8.52296,47.39166],[8.52308,47.39188]],[[8.52296,47.39166],[8.52311,47.39162]],[[8.52355,47.39152],[8.5254,47.39092],[8.52812,47.38954],[8.5328,47.38622]]]}},{"type":"Feature","properties":{"id":"limmat-357-zh","c":"ZH","p":"pacht","q":"official","k":"river"},"geometry":{"type":"LineString","coordinates":[[8.50411,47.39525],[8.50568,47.39495],[8.51334,47.39442]]}},{"type":"Feature","properties":{"id":"limmat-358-zh","c":"ZH","p":"patent","q":"official","k":"river","ns":1},"geometry":{"type":"LineString","coordinates":[[8.50045,47.39767],[8.50245,47.39605],[8.50411,47.39525]]}},{"type":"Feature","properties":{"id":"limmat-359-zh","c":"ZH","p":"pacht","q":"official","k":"river"},"geometry":{"type":"MultiLineString","coordinates":[[[8.4834,47.36723],[8.48233,47.36642],[8.48138,47.3663]],[[8.4822,47.36435],[8.48187,47.36416]],[[8.4822,47.36435],[8.48215,47.36405]],[[8.483,47.36594],[8.4829,47.36506],[8.48223,47.36459],[8.4822,47.36435]],[[8.48321,47.36633],[8.483,47.36594]],[[8.483,47.36594],[8.48335,47.36513],[8.48279,47.36421],[8.48296,47.36377]],[[8.48307,47.36356],[8.4839,47.36304],[8.48458,47.36221],[8.48428,47.36174],[8.48415,47.36052],[8.48455,47.35982],[8.48497,47.35961]],[[8.48343,47.36662],[8.48321,47.36633]],[[8.48343,47.36662],[8.48326,47.36655],[8.48321,47.36633]],[[8.48422,47.36813],[8.4836,47.36767],[8.4834,47.36723]],[[8.4834,47.36723],[8.48343,47.36662]],[[8.48498,47.36876],[8.48451,47.36844]],[[8.49044,47.36977],[8.48683,47.3698],[8.48669,47.36951],[8.48527,47.36878]],[[8.49408,47.39928],[8.49266,47.39958],[8.49058,47.39962],[8.48667,47.40155]],[[8.48656,47.3676],[8.48656,47.36661],[8.48612,47.36616]],[[8.48815,47.35819],[8.48642,47.35679],[8.48615,47.35614]],[[8.48854,47.36875],[8.48796,47.3688],[8.48711,47.36848],[8.48678,47.36851],[8.48661,47.36828]],[[8.48815,47.35819],[8.48797,47.35692],[8.48695,47.35646],[8.48654,47.35586]],[[8.48822,47.36727],[8.4885,47.36683],[8.48811,47.36606]],[[8.48854,47.36875],[8.48868,47.36849],[8.48826,47.36791]],[[8.48929,47.35911],[8.48815,47.35819]],[[8.48929,47.35911],[8.4883,47.35866]],[[8.4889,47.3689],[8.48854,47.36875]],[[8.49185,47.3612],[8.49167,47.36086],[8.49033,47.36008],[8.48929,47.35911]],[[8.49091,47.36969],[8.48961,47.36916]],[[8.49152,47.36589],[8.49166,47.36575],[8.49138,47.36505],[8.49071,47.36451],[8.48973,47.36412]],[[8.49185,47.3612],[8.49164,47.36147],[8.49069,47.36175],[8.48992,47.36152]],[[8.49091,47.36969],[8.49082,47.36971]],[[8.49092,47.37207],[8.49086,47.37102],[8.49162,47.36991]],[[8.49162,47.36991],[8.49091,47.36969]],[[8.4916,47.39891],[8.49275,47.39905]],[[8.4924,47.37493],[8.49221,47.37434],[8.49163,47.374],[8.49127,47.37344],[8.49203,47.37301],[8.49112,47.37233]],[[8.49215,47.36678],[8.49154,47.36605]],[[8.49162,47.36991],[8.49176,47.36934]],[[8.49169,47.36914],[8.49149,47.36866],[8.49228,47.36832],[8.49208,47.36785],[8.49261,47.36729]],[[8.49408,47.36496],[8.49385,47.36298],[8.49185,47.3612]],[[8.49275,47.39905],[8.49398,47.39917]],[[8.49275,47.39905],[8.49308,47.39871]],[[8.49215,47.36678],[8.49215,47.36678]],[[8.49219,47.36683],[8.49215,47.36678]],[[8.49413,47.37623],[8.49368,47.37642],[8.49307,47.37617],[8.49259,47.37504]],[[8.49314,47.39865],[8.49311,47.39865]],[[8.49261,47.36729],[8.49257,47.36723]],[[8.49261,47.36729],[8.49266,47.36724]],[[8.49294,47.36688],[8.49395,47.36563],[8.49405,47.36519]],[[8.49402,47.39917],[8.49394,47.39902]],[[8.49398,47.39917],[8.49402,47.39917]],[[8.49398,47.39917],[8.49408,47.39928]],[[8.49402,47.39917],[8.49437,47.39917],[8.49468,47.39916]],[[8.49403,47.39919],[8.49402,47.39917]],[[8.49408,47.39928],[8.49446,47.39973],[8.49429,47.39996]],[[8.49468,47.39916],[8.49408,47.39928]],[[8.49438,47.40034],[8.49479,47.40097],[8.4961,47.40166]],[[8.4947,47.39915],[8.49468,47.39916]],[[8.49468,47.39916],[8.49497,47.39914]],[[8.49407,47.36498],[8.49408,47.36496]],[[8.49417,47.36497],[8.49408,47.36496]],[[8.49527,47.39911],[8.49826,47.39861],[8.50045,47.39767]],[[8.49721,47.37806],[8.49522,47.3762]],[[8.49637,47.40178],[8.49657,47.40184]],[[8.50388,47.40296],[8.50407,47.40316]],[[8.50418,47.40336],[8.50492,47.40396]]]}},{"type":"Feature","properties":{"id":"limmat-360-zh","c":"ZH","p":"pacht","q":"official","k":"river"},"geometry":{"type":"MultiLineString","coordinates":[[[8.47876,47.40385],[8.48026,47.40366],[8.48172,47.4031]],[[8.48172,47.4031],[8.48251,47.40435],[8.48348,47.4046],[8.48376,47.40498],[8.48469,47.40544],[8.48674,47.40758],[8.48829,47.40779],[8.48886,47.40823]],[[8.48172,47.4031],[8.48317,47.4022],[8.48549,47.39982],[8.48657,47.3992],[8.48871,47.39869],[8.4916,47.39891]],[[8.48667,47.40155],[8.48273,47.40299],[8.48208,47.40301]],[[8.49002,47.40937],[8.49025,47.41009],[8.4908,47.41074],[8.4905,47.41132],[8.49031,47.41304],[8.48982,47.4139],[8.48889,47.41405]],[[8.48886,47.40823],[8.48886,47.40847]],[[8.48886,47.40823],[8.48891,47.40831]],[[8.48907,47.40861],[8.49002,47.40937]],[[8.49004,47.40936],[8.49002,47.40937]]]}},{"type":"Feature","properties":{"id":"hauserkanal-revier-361-zh","c":"ZH","p":"pacht","q":"official","k":"river"},"geometry":{"type":"MultiLineString","coordinates":[[[8.48099,47.40071],[8.48145,47.40148],[8.48127,47.40176],[8.47711,47.40384]],[[8.49311,47.39865],[8.48981,47.39824],[8.48683,47.39812],[8.48543,47.39822],[8.48413,47.39845],[8.48144,47.39929],[8.48073,47.39976],[8.48058,47.40021]],[[8.49394,47.39902],[8.49377,47.39874],[8.49314,47.39865]]]}},{"type":"Feature","properties":{"id":"limmat-362-zh","c":"ZH","p":"private","q":"official","k":"river"},"geometry":{"type":"MultiLineString","coordinates":[[[8.40896,47.40178],[8.41057,47.40099],[8.41243,47.40052]],[[8.41245,47.40052],[8.42859,47.39983],[8.43037,47.4001],[8.43162,47.40055]],[[8.44592,47.40962],[8.44565,47.40984],[8.4448,47.41001],[8.44373,47.40983],[8.44276,47.40921],[8.44128,47.40862],[8.43989,47.40835],[8.43926,47.40774],[8.43728,47.40735],[8.43508,47.40667],[8.43377,47.40596],[8.43267,47.40494],[8.42916,47.40358],[8.42706,47.40327],[8.42459,47.4032],[8.42352,47.40224],[8.42152,47.40114]],[[8.43162,47.40055],[8.43273,47.40119],[8.43371,47.40207]],[[8.43162,47.40055],[8.43307,47.40039]],[[8.43341,47.40038],[8.43433,47.40035]],[[8.43386,47.40222],[8.43618,47.40438],[8.4404,47.40651],[8.44298,47.40862],[8.44458,47.40938],[8.44592,47.40962]],[[8.4346,47.40035],[8.43922,47.40042]],[[8.43603,47.40465],[8.43608,47.40501],[8.43881,47.40702],[8.44067,47.40761],[8.44139,47.40865]],[[8.43964,47.40045],[8.44023,47.40049]],[[8.44592,47.40962],[8.44856,47.40965],[8.45107,47.40908],[8.45242,47.40839],[8.45571,47.406],[8.45746,47.40523]],[[8.44593,47.40961],[8.44592,47.40962]],[[8.44739,47.39049],[8.44596,47.38868],[8.4457,47.38767]],[[8.44792,47.39159],[8.44736,47.39124],[8.44739,47.39049]],[[8.44739,47.39049],[8.44749,47.38955]],[[8.44786,47.39294],[8.44796,47.39284]],[[8.44809,47.39169],[8.44792,47.39159]],[[8.44823,47.3926],[8.44809,47.39169]],[[8.44809,47.39169],[8.44846,47.39136],[8.45102,47.39016]],[[8.45147,47.38997],[8.45258,47.38943],[8.45293,47.38874],[8.45391,47.38793],[8.45444,47.38685],[8.4543,47.38642]],[[8.45364,47.38313],[8.45179,47.38224]],[[8.4543,47.38642],[8.45365,47.38612],[8.45231,47.38475]],[[8.45364,47.38313],[8.45281,47.38393]],[[8.45407,47.38313],[8.45364,47.38313]],[[8.45407,47.38313],[8.45387,47.38301],[8.45414,47.38235]],[[8.45433,47.38321],[8.45422,47.38313],[8.45407,47.38313]],[[8.4543,47.38642],[8.45481,47.38584],[8.45483,47.38542],[8.45557,47.38499],[8.45581,47.38455]],[[8.45581,47.38455],[8.45491,47.38427],[8.45465,47.38345],[8.45433,47.38321]],[[8.45433,47.38321],[8.45449,47.38229]],[[8.45581,47.38455],[8.4576,47.38337]],[[8.45746,47.40523],[8.45786,47.40553]],[[8.45746,47.40523],[8.4623,47.40437],[8.46663,47.40316],[8.46873,47.40294]],[[8.46696,47.41311],[8.46637,47.41388],[8.46474,47.41412],[8.46417,47.41438]],[[8.46416,47.40983],[8.46421,47.40985]],[[8.46416,47.40982],[8.46421,47.40985]],[[8.46421,47.40985],[8.46516,47.41065]],[[8.46516,47.41065],[8.4653,47.4119],[8.46578,47.41242],[8.46696,47.41311]],[[8.46516,47.41065],[8.46539,47.41042]],[[8.46776,47.38799],[8.46575,47.38692]],[[8.46791,47.38783],[8.46633,47.38635],[8.46617,47.38596]],[[8.46696,47.41311],[8.46803,47.41333],[8.46868,47.41369]],[[8.48093,47.37382],[8.47907,47.37458],[8.47785,47.37459],[8.47603,47.37591],[8.47536,47.37553],[8.47366,47.3763],[8.47191,47.3757],[8.4704,47.3758],[8.46885,47.37547],[8.4681,47.37483],[8.4674,47.37463],[8.46708,47.37422],[8.46635,47.37407]],[[8.46782,47.38571],[8.46735,47.38514],[8.46667,47.38499]],[[8.46731,47.4094],[8.46869,47.40909],[8.47008,47.40962],[8.4725,47.4096],[8.47407,47.41012],[8.47475,47.40993]],[[8.46791,47.38784],[8.46791,47.38783]],[[8.46945,47.38852],[8.46872,47.38854],[8.46866,47.38825],[8.46791,47.38783]],[[8.46865,47.41395],[8.46957,47.41483],[8.47063,47.41635]],[[8.46868,47.41369],[8.46868,47.41385]],[[8.46868,47.41369],[8.46883,47.41373],[8.46984,47.41355],[8.4704,47.41337],[8.47156,47.41365],[8.473,47.41365],[8.47384,47.41402],[8.47444,47.41387]],[[8.46872,47.41387],[8.46874,47.4139]],[[8.46947,47.37973],[8.46897,47.37873],[8.46892,47.37676]],[[8.46945,47.40295],[8.47702,47.40389]],[[8.46986,47.40298],[8.4702,47.40262]],[[8.47141,47.38135],[8.46985,47.38046],[8.46952,47.37993]],[[8.47898,47.373],[8.47803,47.37286],[8.47742,47.37304],[8.47535,47.37291],[8.47483,47.37251],[8.47341,47.37212],[8.47306,47.37187],[8.47071,47.37149],[8.47007,47.37094]],[[8.4741,47.38279],[8.47372,47.38253],[8.47267,47.38237],[8.4722,47.38214],[8.47207,47.3818]],[[8.47776,47.37235],[8.47491,47.37228],[8.47429,47.372],[8.47386,47.37127],[8.47262,47.37134],[8.47209,47.37104]],[[8.47542,47.36651],[8.47535,47.36586],[8.47507,47.36562],[8.47365,47.36545]],[[8.47491,47.38384],[8.47429,47.38312]],[[8.47515,47.38537],[8.47459,47.38444],[8.4749,47.38415]],[[8.47664,47.3697],[8.4764,47.36964],[8.47541,47.36797]],[[8.4755,47.36725],[8.4755,47.36676]],[[8.47702,47.40389],[8.47698,47.40392]],[[8.47702,47.40389],[8.47774,47.40389],[8.47876,47.40385]],[[8.47711,47.40384],[8.47702,47.40389]],[[8.4806,47.38018],[8.48052,47.37992],[8.47966,47.3796],[8.47888,47.37884],[8.47713,47.37786],[8.4767,47.37804],[8.47658,47.37787]],[[8.47844,47.37244],[8.47691,47.37062]],[[8.47844,47.37244],[8.47806,47.37237]],[[8.47871,47.39182],[8.47865,47.39169]],[[8.4788,47.39196],[8.47886,47.39188],[8.47871,47.39182]],[[8.4788,47.39196],[8.47871,47.39182]],[[8.47923,47.39282],[8.4788,47.39196]],[[8.47898,47.373],[8.47844,47.37244]],[[8.4806,47.38018],[8.47908,47.37967]],[[8.48052,47.37334],[8.48006,47.37337],[8.47898,47.373]],[[8.47939,47.39018],[8.47953,47.38981]],[[8.48003,47.37289],[8.47997,47.37216],[8.48132,47.37092]],[[8.48069,47.38016],[8.48064,47.38018],[8.4806,47.38018]],[[8.4808,47.38029],[8.48069,47.38016]],[[8.48331,47.38031],[8.48244,47.38005],[8.48193,47.37962],[8.48069,47.38016]],[[8.48104,47.37379],[8.48098,47.37382],[8.48093,47.37382]],[[8.48103,47.37379],[8.48093,47.37382]],[[8.48225,47.416],[8.48203,47.41671]],[[8.48289,47.41786],[8.48379,47.41815],[8.48409,47.4188],[8.48373,47.41941],[8.48311,47.41965]],[[8.48596,47.38007],[8.48536,47.38011],[8.48466,47.37958],[8.48385,47.37996]],[[8.48488,47.37299],[8.48404,47.37276]],[[8.48623,47.3797],[8.48652,47.37969],[8.48676,47.37935],[8.48611,47.37835],[8.48662,47.37791],[8.48699,47.37711],[8.48629,47.37701],[8.48622,47.3763],[8.48478,47.37563]],[[8.48596,47.38007],[8.48594,47.37997]],[[8.48698,47.38245],[8.48732,47.3823],[8.48722,47.38202],[8.48596,47.38007]],[[8.4875,47.38469],[8.48771,47.384],[8.4869,47.38269]],[[8.48741,47.38593],[8.48711,47.38495],[8.48731,47.38489]]]}},{"type":"Feature","properties":{"id":"limmat-364-zh","c":"ZH","p":"pacht","q":"official","k":"river"},"geometry":{"type":"MultiLineString","coordinates":[[[8.40548,47.41694],[8.40524,47.4163],[8.4049,47.41609]],[[8.40511,47.41749],[8.40548,47.41694]],[[8.40834,47.4061],[8.40824,47.40682],[8.40857,47.40779],[8.40787,47.41157],[8.4065,47.41244],[8.40579,47.41335],[8.40511,47.41529],[8.40537,47.41637]],[[8.40548,47.41694],[8.40711,47.41455]],[[8.40711,47.41455],[8.40796,47.41452]],[[8.40711,47.41455],[8.40998,47.41006],[8.41001,47.40855],[8.40928,47.40713]],[[8.40796,47.41452],[8.40841,47.41449]],[[8.40796,47.41452],[8.4082,47.41442],[8.40841,47.41449]],[[8.40841,47.41449],[8.41022,47.41402],[8.41299,47.41263]],[[8.40917,47.40701],[8.40769,47.40533],[8.40732,47.40421],[8.40771,47.40291],[8.40896,47.40178]],[[8.40928,47.40713],[8.40919,47.40702]],[[8.40928,47.40713],[8.4095,47.40706]],[[8.41299,47.41263],[8.41414,47.41271]],[[8.41299,47.41263],[8.41333,47.41221]],[[8.41441,47.41275],[8.41616,47.41302],[8.41967,47.41519]],[[8.42,47.41549],[8.42008,47.41556]],[[8.42008,47.41556],[8.42008,47.41556]],[[8.42008,47.41556],[8.4201,47.41555]],[[8.42025,47.41572],[8.42034,47.41584],[8.42109,47.41616]],[[8.42081,47.4157],[8.42122,47.41577],[8.42109,47.41616]],[[8.42109,47.41616],[8.4218,47.41667],[8.42807,47.4156],[8.43025,47.41507],[8.43054,47.4154],[8.43442,47.41472],[8.43517,47.41609],[8.43448,47.41826]],[[8.42986,47.42572],[8.42876,47.42623],[8.42817,47.42673],[8.42741,47.42687],[8.42721,47.42657],[8.42626,47.4268],[8.42628,47.42712]],[[8.43197,47.42544],[8.43152,47.42561],[8.43131,47.42538],[8.43009,47.42557]],[[8.43529,47.42372],[8.43373,47.42415],[8.43321,47.42473],[8.43333,47.42492]],[[8.43423,47.42676],[8.43485,47.42725],[8.43504,47.42778]],[[8.43504,47.42778],[8.43499,47.4281],[8.43436,47.42848]],[[8.43504,47.42778],[8.43549,47.42807]],[[8.43522,47.42105],[8.43546,47.42121]],[[8.43529,47.42372],[8.43528,47.42377]],[[8.43533,47.42371],[8.43529,47.42372]],[[8.43587,47.42279],[8.43694,47.42299]],[[8.43643,47.42664],[8.43645,47.42667]],[[8.43645,47.42667],[8.43661,47.42681]],[[8.43645,47.42667],[8.43657,47.42707]],[[8.43667,47.42701],[8.43694,47.42717],[8.43696,47.42749]],[[8.43698,47.42327],[8.43673,47.42351],[8.43675,47.42398]],[[8.43694,47.42299],[8.43695,47.42299]],[[8.43694,47.42299],[8.43835,47.42293],[8.43861,47.42323],[8.4411,47.42453],[8.44212,47.42471]],[[8.442,47.42643],[8.44181,47.42694]],[[8.44212,47.42471],[8.44302,47.42485]],[[8.44212,47.42471],[8.44213,47.42474]]]}},{"type":"Feature","properties":{"id":"limmat-366-zh","c":"ZH","p":"private","q":"official","k":"river"},"geometry":{"type":"MultiLineString","coordinates":[[[8.40104,47.42331],[8.40125,47.42334]],[[8.40129,47.4228],[8.40224,47.42169]],[[8.4025,47.42131],[8.40511,47.41749]],[[8.40384,47.42204],[8.40403,47.42195]],[[8.40403,47.42195],[8.40419,47.42214]],[[8.40403,47.42195],[8.40762,47.42069]],[[8.40446,47.42249],[8.40484,47.42279]],[[8.41209,47.42533],[8.41219,47.42548]],[[8.41254,47.42678],[8.41203,47.42731],[8.41176,47.4282],[8.41217,47.42882]]]}},{"type":"Feature","properties":{"id":"limmat-367-zh","c":"ZH","p":"private","q":"official","k":"river"},"geometry":{"type":"MultiLineString","coordinates":[[[8.37467,47.43225],[8.37508,47.43067],[8.376,47.4299],[8.37726,47.42941],[8.38015,47.42905],[8.38326,47.4281],[8.38848,47.42794],[8.39033,47.42741]],[[8.38334,47.40847],[8.38221,47.40789]],[[8.38275,47.40444],[8.38233,47.40406]],[[8.3843,47.40592],[8.38355,47.40517],[8.38277,47.4048],[8.38278,47.40462]],[[8.3856,47.43257],[8.38671,47.4346],[8.3868,47.43505],[8.38654,47.43555]],[[8.38716,47.40558],[8.38893,47.40375],[8.38828,47.4034]],[[8.3881,47.4032],[8.38857,47.40229],[8.38739,47.40165]],[[8.38786,47.42796],[8.38797,47.42843]],[[8.39017,47.42674],[8.39003,47.42608],[8.39041,47.42539],[8.39156,47.4245],[8.39633,47.42243]],[[8.39033,47.42741],[8.39023,47.42699]],[[8.39033,47.42741],[8.39179,47.42676],[8.39357,47.42634]],[[8.3908,47.40893],[8.39008,47.40862]],[[8.39142,47.41414],[8.39047,47.41316],[8.39037,47.41265],[8.39134,47.4114],[8.39228,47.40961],[8.39211,47.40943],[8.39119,47.40952]],[[8.39357,47.42634],[8.39359,47.42708],[8.3942,47.42756]],[[8.39357,47.42634],[8.39497,47.42596],[8.39659,47.42522]],[[8.39542,47.42846],[8.39678,47.42881]],[[8.396,47.42195],[8.39572,47.42149],[8.39576,47.4208]],[[8.39633,47.42243],[8.3963,47.42239]],[[8.39659,47.42522],[8.39707,47.42363],[8.39633,47.42243]],[[8.39633,47.42243],[8.39639,47.42239]],[[8.39659,47.42522],[8.40062,47.42328]],[[8.39744,47.42909],[8.39857,47.42962],[8.40071,47.42977]],[[8.40062,47.42328],[8.40104,47.42331]],[[8.40062,47.42328],[8.40129,47.4228]],[[8.40117,47.42988],[8.40262,47.42974],[8.40456,47.43037],[8.40668,47.43071],[8.41035,47.43018]],[[8.41035,47.43018],[8.41036,47.43019]],[[8.41035,47.43018],[8.41271,47.42983],[8.41404,47.42981]],[[8.4106,47.43297],[8.41076,47.43369]]]}},{"type":"Feature","properties":{"id":"reppisch-370-zh","c":"ZH","p":"pacht","q":"official","k":"river"},"geometry":{"type":"MultiLineString","coordinates":[[[8.41653,47.36479],[8.41674,47.36436],[8.41743,47.36396],[8.41933,47.36333],[8.42062,47.36232],[8.42207,47.36165],[8.42337,47.36132]],[[8.42278,47.36067],[8.42164,47.36013],[8.42079,47.35945]],[[8.42772,47.35573],[8.42704,47.35526],[8.42625,47.35513],[8.42501,47.35508],[8.42214,47.35535]],[[8.42312,47.36087],[8.42308,47.36082]],[[8.42337,47.36132],[8.42333,47.36122]],[[8.42337,47.36132],[8.42448,47.36087],[8.42514,47.36019]],[[8.42635,47.35929],[8.42554,47.35867],[8.42437,47.35824]],[[8.42514,47.36019],[8.42583,47.35968]],[[8.42514,47.36019],[8.42559,47.36008],[8.42593,47.35966]],[[8.42674,47.35876],[8.42611,47.35839],[8.42572,47.3577]],[[8.42583,47.35968],[8.42635,47.35929]],[[8.42583,47.35968],[8.42593,47.35966]],[[8.42593,47.35966],[8.42671,47.35918]],[[8.42635,47.35929],[8.42671,47.35918]],[[8.42671,47.35918],[8.42945,47.35756],[8.42971,47.35684]],[[8.42971,47.35684],[8.42786,47.35599]],[[8.42971,47.35684],[8.43032,47.35594],[8.43146,47.35558],[8.43287,47.35578],[8.43457,47.35662],[8.43521,47.35674],[8.43981,47.35561]]]}},{"type":"Feature","properties":{"id":"schaeflibach-revier-371-zh","c":"ZH","p":"pacht","q":"official","k":"river"},"geometry":{"type":"MultiLineString","coordinates":[[[8.41009,47.3965],[8.40939,47.39604]],[[8.41177,47.39731],[8.41152,47.39695],[8.4105,47.39666]],[[8.41262,47.3799],[8.41107,47.37952],[8.41037,47.37902]],[[8.41332,47.38649],[8.41227,47.38517],[8.41064,47.38481]],[[8.41223,47.39967],[8.41155,47.3986]],[[8.41155,47.3986],[8.41163,47.39843]],[[8.41155,47.3986],[8.41166,47.39843]],[[8.41167,47.39816],[8.41159,47.39805]],[[8.41164,47.39819],[8.41159,47.39805]],[[8.41159,47.39805],[8.41177,47.39731]],[[8.41177,47.39731],[8.41215,47.3972],[8.41188,47.39675]],[[8.41188,47.39675],[8.41186,47.39675]],[[8.41188,47.39675],[8.41245,47.3954],[8.41424,47.39502],[8.41542,47.39424],[8.41549,47.39399]],[[8.41243,47.40052],[8.41244,47.40052]],[[8.41244,47.40052],[8.41257,47.40019]],[[8.41244,47.40052],[8.41245,47.40052]],[[8.41255,47.4],[8.41243,47.39983]],[[8.41589,47.38232],[8.41576,47.3813],[8.41498,47.38052],[8.41378,47.38034],[8.41362,47.38014],[8.41291,47.37994]],[[8.41561,47.39372],[8.41585,47.39331]],[[8.41572,47.39301],[8.41571,47.39262]],[[8.41599,47.39223],[8.41622,47.39214],[8.4163,47.39176]],[[8.41585,47.38433],[8.41588,47.38429]],[[8.41612,47.38394],[8.41614,47.38389]],[[8.4163,47.39176],[8.41653,47.39055]],[[8.4163,47.39176],[8.41645,47.39155],[8.41768,47.3911],[8.41827,47.39058]],[[8.41635,47.39018],[8.41631,47.38972]],[[8.41636,47.38353],[8.41664,47.38301],[8.41651,47.38274]],[[8.41852,47.39009],[8.42063,47.38646],[8.42097,47.3852],[8.4219,47.38345]],[[8.42026,47.37069],[8.42061,47.37021]],[[8.4241,47.37439],[8.42194,47.37374],[8.42165,47.37347],[8.42224,47.37184]],[[8.42254,47.38244],[8.42283,47.38225]],[[8.42283,47.38225],[8.42283,47.38223]],[[8.42283,47.38225],[8.42331,47.38191]],[[8.42349,47.38161],[8.42424,47.38103],[8.42458,47.38023],[8.42529,47.37995],[8.42524,47.37964],[8.42571,47.37924],[8.4255,47.37871]],[[8.42526,47.37735],[8.42393,47.37708]],[[8.42451,47.37456],[8.42448,47.37453]],[[8.42454,47.37518],[8.42451,47.37456]],[[8.42451,47.37456],[8.42467,47.37406],[8.42444,47.3729],[8.42471,47.37214]],[[8.42526,47.37735],[8.42562,47.37695],[8.42527,47.37641],[8.42554,47.3758],[8.42454,47.37518]],[[8.42454,47.37518],[8.42455,47.37518]],[[8.42469,47.37194],[8.42519,47.37158],[8.42589,47.36967],[8.42643,47.3694]],[[8.42491,47.37507],[8.42526,47.37496],[8.42544,47.37508]],[[8.4255,47.37871],[8.42507,47.37792],[8.42526,47.37735]],[[8.4255,47.37871],[8.42648,47.37819],[8.42829,47.37796],[8.42962,47.37724]],[[8.42578,47.3751],[8.42594,47.37513]],[[8.42695,47.36932],[8.42753,47.36922],[8.42755,47.36899],[8.42795,47.36918],[8.42819,47.36875],[8.42874,47.36857],[8.42887,47.36834],[8.42911,47.36842],[8.42918,47.36821],[8.43027,47.36792],[8.43011,47.36772],[8.4305,47.36726],[8.43013,47.36607]],[[8.42962,47.37724],[8.42964,47.37724]],[[8.42962,47.37724],[8.43025,47.37635]],[[8.43025,47.37635],[8.43026,47.37636]],[[8.43025,47.37635],[8.43017,47.37507],[8.43063,47.37434],[8.43134,47.37399],[8.43123,47.37355],[8.43159,47.37326],[8.43161,47.37266],[8.43248,47.37206],[8.43251,47.37173],[8.43314,47.37112],[8.43378,47.37099]],[[8.43027,47.36585],[8.43041,47.36567]],[[8.43061,47.36555],[8.43156,47.36499]],[[8.43222,47.37827],[8.43225,47.37828]],[[8.43299,47.37658],[8.43301,47.37658]],[[8.43337,47.37856],[8.43383,47.37873]],[[8.43415,47.39011],[8.43593,47.38728],[8.43654,47.387],[8.43737,47.38701],[8.43867,47.38669],[8.44088,47.38597],[8.44153,47.38595]],[[8.43419,47.37067],[8.4344,47.37103],[8.43573,47.37143],[8.43638,47.37136],[8.43773,47.37157]],[[8.43441,47.37016],[8.43481,47.36959],[8.43579,47.36914],[8.43579,47.36808],[8.43618,47.36709],[8.43666,47.36667],[8.43823,47.36628],[8.43972,47.36675]],[[8.43458,47.37901],[8.43525,47.37938]],[[8.43525,47.37938],[8.43539,47.37941]],[[8.43525,47.37938],[8.43534,47.37941],[8.43539,47.37941]],[[8.43539,47.37941],[8.43581,47.37948]],[[8.43581,47.37948],[8.43581,47.37948]],[[8.43581,47.37948],[8.43581,47.37948]],[[8.43904,47.38004],[8.43922,47.38008]],[[8.43985,47.37926],[8.43999,47.37927]],[[8.43972,47.36675],[8.43977,47.36676]],[[8.43977,47.36676],[8.44094,47.3672],[8.44212,47.36724],[8.44222,47.36702],[8.44245,47.36705],[8.44304,47.3667],[8.44297,47.36647],[8.44409,47.36594],[8.44542,47.36566],[8.44571,47.36588],[8.4465,47.36589],[8.44893,47.3651]],[[8.44033,47.37929],[8.44293,47.38007],[8.44447,47.38024]],[[8.44084,47.37616],[8.44106,47.37614]],[[8.44106,47.37614],[8.44195,47.37581]],[[8.44106,47.37614],[8.44285,47.37562],[8.44341,47.37581]],[[8.44153,47.38595],[8.44234,47.38591]],[[8.44153,47.38595],[8.44171,47.38564]],[[8.44365,47.37281],[8.44379,47.37276]],[[8.44893,47.3651],[8.44987,47.36564],[8.45033,47.36657]],[[8.44893,47.3651],[8.44949,47.36491],[8.45043,47.36491],[8.45191,47.36422],[8.45409,47.36377]],[[8.45033,47.36657],[8.45037,47.36657]],[[8.45033,47.36657],[8.45037,47.36802]],[[8.4544,47.36363],[8.45467,47.36326]],[[8.4546,47.36396],[8.45505,47.36422]],[[8.45467,47.36326],[8.45463,47.36298]],[[8.45467,47.36326],[8.4558,47.36306],[8.45633,47.36245],[8.45789,47.36226]]]}},{"type":"Feature","properties":{"id":"reppisch-376-zh","c":"ZH","p":"pacht","q":"official","k":"river"},"geometry":{"type":"MultiLineString","coordinates":[[[8.48125,47.2914],[8.47928,47.2926],[8.47883,47.29255]],[[8.48386,47.30146],[8.48243,47.30136],[8.4805,47.30048]],[[8.48125,47.2914],[8.48053,47.29101]],[[8.48248,47.2925],[8.482,47.29268],[8.48143,47.29349],[8.48068,47.29391],[8.48073,47.29429]],[[8.48146,47.29142],[8.48134,47.29139],[8.48125,47.2914]],[[8.48267,47.28316],[8.48114,47.28215]],[[8.48131,47.28068],[8.48097,47.28038],[8.48094,47.27988],[8.48218,47.27789],[8.48291,47.27716],[8.48373,47.27695]],[[8.48274,47.28292],[8.48164,47.28222],[8.48151,47.28186]],[[8.48234,47.29132],[8.4817,47.2915]],[[8.48293,47.30016],[8.48223,47.29987]],[[8.48297,47.29097],[8.48208,47.28916],[8.48205,47.28754]],[[8.48205,47.28754],[8.4816,47.28713],[8.48197,47.28627],[8.48141,47.28459],[8.48164,47.284],[8.48267,47.28316]],[[8.48205,47.28754],[8.48331,47.2867],[8.48336,47.28586],[8.48421,47.28574],[8.48551,47.28517],[8.48596,47.28483],[8.48639,47.28403]],[[8.48293,47.30016],[8.48265,47.29959]],[[8.48386,47.30146],[8.48384,47.30101],[8.48293,47.30016]],[[8.48267,47.28316],[8.48274,47.28292]],[[8.48274,47.28292],[8.48311,47.28208],[8.48352,47.28178],[8.48376,47.28095]],[[8.48297,47.29097],[8.48295,47.29097]],[[8.48463,47.29197],[8.48297,47.29097]],[[8.48319,47.29445],[8.48321,47.29471]],[[8.48341,47.2939],[8.48333,47.29393]],[[8.48376,47.28095],[8.48332,47.27999]],[[8.48469,47.30186],[8.48464,47.30159],[8.48386,47.30146]],[[8.48376,47.28095],[8.48391,47.28086]],[[8.48463,47.29197],[8.48453,47.29199]],[[8.4851,47.2933],[8.48463,47.29197]],[[8.48557,47.2824],[8.48526,47.28224],[8.48519,47.2818],[8.4858,47.28074],[8.48467,47.27922],[8.48498,47.27898],[8.48467,47.27792]],[[8.4851,47.2933],[8.48503,47.29331]],[[8.48511,47.29337],[8.4851,47.2933]],[[8.48707,47.29771],[8.4866,47.29621],[8.48545,47.29489],[8.48511,47.29337]],[[8.48511,47.29337],[8.4857,47.29304],[8.48745,47.29264],[8.48875,47.29277],[8.49008,47.29205],[8.49067,47.2914]],[[8.48565,47.3019],[8.4868,47.30035],[8.48714,47.29874]],[[8.48639,47.28403],[8.48659,47.28383],[8.48625,47.28318],[8.48646,47.28269],[8.48582,47.28252]],[[8.48639,47.28403],[8.48676,47.28405]],[[8.48714,47.29874],[8.48707,47.29771]],[[8.48707,47.29771],[8.48734,47.29742]],[[8.48714,47.29874],[8.48733,47.29869]],[[8.487,47.28397],[8.48845,47.28322]],[[8.48762,47.29873],[8.48859,47.2989],[8.49042,47.29869],[8.49223,47.2989],[8.49521,47.30013],[8.49754,47.30059]],[[8.48766,47.29728],[8.48876,47.29699],[8.48983,47.29714],[8.49144,47.2963]],[[8.4894,47.27828],[8.48943,47.27803],[8.48897,47.27773],[8.48794,47.27761]],[[8.48845,47.28322],[8.48801,47.28281],[8.48824,47.28218],[8.48778,47.28129],[8.4878,47.28012],[8.48889,47.27973],[8.48927,47.27844]],[[8.48845,47.28322],[8.48896,47.28308],[8.48915,47.28278],[8.48991,47.28269]],[[8.48937,47.2822],[8.48963,47.28125]],[[8.48991,47.28269],[8.48965,47.28252]],[[8.49039,47.28056],[8.48961,47.27977]],[[8.48991,47.28269],[8.49089,47.28242]],[[8.49067,47.2914],[8.49198,47.29129],[8.49324,47.29057]],[[8.49067,47.2914],[8.49054,47.29087],[8.49124,47.28983],[8.49308,47.28913],[8.49393,47.28908],[8.49451,47.2894]],[[8.49089,47.28242],[8.49087,47.28203],[8.49027,47.28148],[8.4906,47.28076]],[[8.49089,47.28242],[8.49096,47.28242],[8.49123,47.28239],[8.49143,47.2823]],[[8.49144,47.2963],[8.49148,47.29623],[8.49259,47.29583],[8.49317,47.29507],[8.4934,47.29423],[8.49433,47.2932]],[[8.49144,47.2963],[8.49236,47.29612],[8.49545,47.29654],[8.49605,47.29633],[8.49721,47.29638],[8.49846,47.2957],[8.49924,47.29554]],[[8.49143,47.2823],[8.49167,47.28144]],[[8.49143,47.2823],[8.49285,47.28204]],[[8.49221,47.27863],[8.49194,47.27859]],[[8.49362,47.27946],[8.4931,47.27939],[8.49276,47.27879],[8.49221,47.27863]],[[8.49221,47.27863],[8.49229,47.27804]],[[8.49285,47.28204],[8.49257,47.28182]],[[8.49285,47.28204],[8.4933,47.28183]],[[8.4933,47.28183],[8.49299,47.28085]],[[8.4933,47.28183],[8.49377,47.28184]],[[8.49377,47.28184],[8.49409,47.28223],[8.49489,47.28249]],[[8.49377,47.28184],[8.49576,47.28084]],[[8.49433,47.2932],[8.4945,47.29306]],[[8.49433,47.2932],[8.49447,47.29313],[8.4945,47.29306]],[[8.4945,47.29306],[8.49504,47.29241],[8.4954,47.29064],[8.49607,47.29016],[8.49622,47.28961],[8.49741,47.28872],[8.4998,47.28798],[8.50204,47.28814]],[[8.49576,47.28084],[8.49512,47.28016],[8.49461,47.28006]],[[8.49524,47.28265],[8.49608,47.28311]],[[8.49576,47.28084],[8.49685,47.28058]],[[8.49754,47.28005],[8.49599,47.27909]],[[8.49608,47.28311],[8.49708,47.28305],[8.4978,47.28328],[8.49839,47.28323],[8.49988,47.28391],[8.50011,47.2841],[8.50011,47.28543]],[[8.49608,47.28311],[8.49737,47.28444],[8.49895,47.28549],[8.49876,47.28607]],[[8.49685,47.28058],[8.4969,47.28059]],[[8.49685,47.28058],[8.49754,47.28005]],[[8.49754,47.30059],[8.49839,47.30091]],[[8.49754,47.30059],[8.49857,47.29996],[8.49916,47.29992]],[[8.49754,47.28005],[8.49765,47.27973]],[[8.49783,47.27941],[8.49784,47.27939]],[[8.49839,47.30091],[8.4989,47.3009],[8.50037,47.30042],[8.50153,47.29929],[8.50266,47.29874]],[[8.49839,47.30091],[8.49888,47.3014]],[[8.49921,47.30168],[8.49935,47.3018]],[[8.49924,47.29554],[8.49973,47.29564]],[[8.49924,47.29554],[8.49951,47.29534]],[[8.49961,47.302],[8.49984,47.30233]],[[8.50143,47.3031],[8.50201,47.30331],[8.50243,47.303]],[[8.50262,47.30248],[8.50271,47.3021]],[[8.50271,47.3021],[8.50272,47.30209]],[[8.50271,47.3021],[8.50273,47.3021]],[[8.50266,47.29874],[8.50328,47.29914],[8.50329,47.29969],[8.50375,47.30063]],[[8.50266,47.29874],[8.50268,47.29837],[8.5033,47.29785],[8.50447,47.29748]],[[8.50294,47.30199],[8.5032,47.30203]],[[8.50302,47.30216],[8.50349,47.30234]],[[8.50349,47.29511],[8.50321,47.29489]],[[8.50391,47.29691],[8.50344,47.29601],[8.50349,47.29546]],[[8.50447,47.29395],[8.50412,47.29273],[8.50431,47.29189]],[[8.50447,47.29748],[8.50445,47.29746]],[[8.50447,47.29748],[8.50572,47.29698]],[[8.50498,47.29536],[8.50454,47.29414]],[[8.50572,47.29698],[8.50518,47.29553]],[[8.50616,47.29625],[8.50599,47.29507],[8.50551,47.29465],[8.5055,47.29402],[8.50481,47.29364],[8.5046,47.29304],[8.50521,47.29181]],[[8.50572,47.29698],[8.50594,47.29685]]]}},{"type":"Feature","properties":{"id":"reppisch-377-zh","c":"ZH","p":"pacht","q":"official","k":"river"},"geometry":{"type":"MultiLineString","coordinates":[[[8.48197,47.31805],[8.47941,47.31683]],[[8.48197,47.31805],[8.48173,47.31786]],[[8.48404,47.31893],[8.48283,47.31872],[8.48197,47.31805]],[[8.48404,47.31893],[8.48296,47.31941],[8.48224,47.32007]],[[8.48744,47.32465],[8.48675,47.32467],[8.48578,47.32522],[8.48359,47.32511]],[[8.48691,47.31877],[8.48673,47.31865],[8.48555,47.31886],[8.48477,47.31882],[8.48447,47.31885],[8.48438,47.3189],[8.48428,47.31889],[8.48408,47.31894],[8.48404,47.31893]],[[8.49155,47.31147],[8.4892,47.3106],[8.4872,47.31011],[8.48595,47.30939],[8.48552,47.30854]],[[8.48552,47.30854],[8.48502,47.3075],[8.4853,47.30671],[8.4847,47.3058],[8.48349,47.30522],[8.48328,47.30451],[8.48355,47.30414],[8.48556,47.30279],[8.48564,47.30205]],[[8.48552,47.30854],[8.48562,47.30848]],[[8.48564,47.30205],[8.48557,47.302]],[[8.48564,47.30205],[8.48565,47.3019]],[[8.488,47.31959],[8.48764,47.31924],[8.48792,47.31907],[8.4878,47.31889],[8.48691,47.31877]],[[8.48691,47.31877],[8.48677,47.31706],[8.48701,47.31653],[8.48736,47.31648],[8.48724,47.31621],[8.48763,47.31599],[8.48744,47.31561],[8.48903,47.31523],[8.48908,47.31481],[8.48962,47.3148],[8.49063,47.3141],[8.49099,47.31409],[8.491,47.31389],[8.49169,47.31404],[8.49199,47.3132],[8.49223,47.31309]],[[8.48749,47.32501],[8.48744,47.32465]],[[8.48744,47.32465],[8.4874,47.32412],[8.48812,47.32393],[8.48792,47.32358],[8.489,47.3222],[8.48901,47.32156]],[[8.48901,47.32156],[8.48797,47.32039]],[[8.48797,47.32039],[8.48773,47.32016],[8.488,47.31959]],[[8.48797,47.32039],[8.49037,47.32012]],[[8.488,47.31959],[8.48804,47.3196],[8.4883,47.31953]],[[8.48901,47.32156],[8.48964,47.32145],[8.49209,47.32154],[8.49281,47.32136],[8.49334,47.32162],[8.4938,47.32161]],[[8.48883,47.30682],[8.48954,47.30621]],[[8.48954,47.30621],[8.48953,47.30617]],[[8.48953,47.30617],[8.48938,47.30566],[8.49025,47.30508]],[[8.48953,47.30617],[8.48987,47.30571],[8.49085,47.30515],[8.49151,47.30428]],[[8.48954,47.30621],[8.4902,47.30595],[8.49022,47.30568],[8.49118,47.30513]],[[8.49046,47.31906],[8.4907,47.31918]],[[8.4907,47.31918],[8.49108,47.31932]],[[8.4907,47.31918],[8.49097,47.31899]],[[8.49155,47.31147],[8.49145,47.31128]],[[8.49183,47.31185],[8.49155,47.31147]],[[8.49168,47.30873],[8.4917,47.30771],[8.49244,47.30745]],[[8.49242,47.31258],[8.49183,47.31185]],[[8.49183,47.31185],[8.4931,47.31136]],[[8.49223,47.31309],[8.49438,47.31371]],[[8.49223,47.31309],[8.49253,47.31298],[8.49242,47.31258]],[[8.49239,47.32048],[8.49315,47.3202]],[[8.49242,47.31258],[8.49245,47.3125]],[[8.49263,47.32053],[8.49265,47.32053]],[[8.49265,47.32053],[8.49462,47.32046],[8.49582,47.3201],[8.49619,47.31975],[8.49671,47.31979],[8.49784,47.31937]],[[8.49265,47.32053],[8.49415,47.32107]],[[8.49248,47.30961],[8.49425,47.3089],[8.4937,47.30849],[8.49433,47.30726]],[[8.49315,47.3202],[8.49449,47.32007],[8.49547,47.31941]],[[8.49315,47.3202],[8.49388,47.3195]],[[8.4938,47.32161],[8.49437,47.32201]],[[8.4938,47.32161],[8.49411,47.32159],[8.49438,47.32175]],[[8.49365,47.31122],[8.49412,47.31095],[8.49485,47.31095]],[[8.49395,47.31204],[8.49461,47.31201]],[[8.49476,47.3138],[8.49778,47.31424],[8.49875,47.3142]],[[8.49508,47.31208],[8.49581,47.31233]],[[8.4952,47.31078],[8.49564,47.3108],[8.49574,47.31045],[8.49611,47.31034]],[[8.49582,47.32168],[8.49719,47.32164],[8.49785,47.32127]],[[8.49611,47.31034],[8.49676,47.31038],[8.49985,47.30942]],[[8.49611,47.31034],[8.49619,47.31024]],[[8.49622,47.30968],[8.49639,47.3095]],[[8.49651,47.30906],[8.49673,47.30847],[8.4975,47.30805],[8.49802,47.30735]],[[8.49875,47.3142],[8.49899,47.31457],[8.49893,47.31516],[8.49998,47.31657]],[[8.49875,47.3142],[8.49941,47.31379],[8.50039,47.31404],[8.50388,47.31322]],[[8.49985,47.30942],[8.5002,47.30891],[8.50093,47.3086],[8.50162,47.30858],[8.5024,47.30813],[8.50374,47.30831],[8.50436,47.30807],[8.50515,47.30807]],[[8.49985,47.30942],[8.50021,47.30939],[8.50067,47.30956],[8.50265,47.30924],[8.50288,47.30935],[8.50309,47.31055],[8.5038,47.3105],[8.50402,47.31077]],[[8.50562,47.30785],[8.50591,47.3076]],[[8.50624,47.30748],[8.50763,47.30819]]]}},{"type":"Feature","properties":{"id":"reppisch-378-zh","c":"ZH","p":"pacht","q":"official","k":"river"},"geometry":{"type":"MultiLineString","coordinates":[[[8.46729,47.35084],[8.46769,47.35076],[8.46831,47.35028],[8.46905,47.35031]],[[8.46905,47.35031],[8.4703,47.3514]],[[8.46905,47.35031],[8.46988,47.34996],[8.46988,47.34964],[8.47054,47.34905],[8.47122,47.34915],[8.47114,47.3488],[8.47169,47.34855],[8.47203,47.34808],[8.47308,47.34816],[8.47307,47.34758],[8.47334,47.34758],[8.47348,47.34783],[8.47366,47.34723],[8.4739,47.34716]],[[8.47024,47.35177],[8.4701,47.35247],[8.47059,47.35306]],[[8.4703,47.3514],[8.4717,47.35103],[8.47334,47.3514]],[[8.4703,47.3514],[8.47043,47.35154]],[[8.47059,47.35306],[8.47104,47.35312],[8.47146,47.3535],[8.47221,47.35358],[8.47367,47.35447]],[[8.47059,47.35306],[8.47067,47.35329]],[[8.47067,47.35329],[8.47171,47.3543],[8.47182,47.35482],[8.47112,47.35504]],[[8.47067,47.35329],[8.47091,47.35429]],[[8.4739,47.34716],[8.47548,47.34829],[8.47597,47.34906]],[[8.4739,47.34716],[8.47453,47.34672],[8.47525,47.34661],[8.47524,47.34615],[8.47614,47.34536],[8.47632,47.34478],[8.47708,47.34452],[8.47737,47.34419],[8.47781,47.34425],[8.47803,47.34409]],[[8.47407,47.35215],[8.47441,47.35248]],[[8.47602,47.34924],[8.47692,47.35061],[8.47839,47.35115]],[[8.47803,47.34409],[8.47953,47.34496]],[[8.47803,47.34409],[8.47806,47.34382],[8.47849,47.34369],[8.47927,47.34269]],[[8.47839,47.35115],[8.47899,47.35102],[8.47948,47.35121],[8.48042,47.35105],[8.48116,47.35116]],[[8.47839,47.35115],[8.47826,47.3519],[8.47876,47.35279]],[[8.47876,47.35279],[8.47931,47.3532]],[[8.47876,47.35279],[8.47888,47.35438]],[[8.47931,47.3532],[8.48023,47.35366]],[[8.47931,47.3532],[8.47947,47.35372],[8.47988,47.3539]],[[8.47927,47.34269],[8.48108,47.34303]],[[8.47927,47.34269],[8.47965,47.34256],[8.4794,47.3423],[8.4796,47.34185],[8.48,47.34142],[8.48035,47.34149],[8.4805,47.3408],[8.48138,47.34065],[8.48164,47.34039],[8.48132,47.34031],[8.48133,47.34013],[8.48161,47.33999],[8.48178,47.34019],[8.48201,47.34012],[8.48236,47.33938],[8.48282,47.33929],[8.48354,47.33866]],[[8.48005,47.34524],[8.48071,47.34557]],[[8.48064,47.34673],[8.48056,47.34703],[8.48214,47.34854],[8.48443,47.3492],[8.48625,47.34928],[8.4868,47.34968],[8.48784,47.34989],[8.48854,47.35034]],[[8.48094,47.3457],[8.4811,47.34601],[8.48064,47.34673]],[[8.48116,47.35116],[8.48331,47.35134],[8.48596,47.35243]],[[8.48116,47.35116],[8.48205,47.35196],[8.48266,47.35217]],[[8.48166,47.34376],[8.48249,47.34426]],[[8.48143,47.33012],[8.48177,47.32945]],[[8.48319,47.33139],[8.48157,47.33055]],[[8.48266,47.35217],[8.4834,47.35235],[8.48437,47.35295]],[[8.48266,47.35217],[8.48377,47.35308]],[[8.48354,47.33866],[8.48551,47.33986],[8.48685,47.34217],[8.49076,47.34368],[8.49136,47.34376]],[[8.48354,47.33866],[8.48502,47.33729],[8.48503,47.33683]],[[8.48439,47.34592],[8.48541,47.34607]],[[8.4862,47.3328],[8.48606,47.33247],[8.48554,47.33219],[8.48416,47.33178]],[[8.48503,47.33683],[8.48853,47.33779],[8.4908,47.33901],[8.49195,47.33916],[8.49254,47.33947]],[[8.48503,47.33683],[8.48521,47.33591],[8.48504,47.33555],[8.48538,47.3353],[8.48498,47.33511],[8.48569,47.3347]],[[8.48569,47.3347],[8.48596,47.33484]],[[8.48569,47.3347],[8.48556,47.33399],[8.48619,47.33373],[8.48636,47.33343]],[[8.4862,47.3328],[8.48628,47.3328],[8.48632,47.33279],[8.48678,47.33219],[8.48755,47.3319],[8.48741,47.33155],[8.48773,47.33144],[8.48794,47.3307],[8.48848,47.33018]],[[8.48636,47.33343],[8.48606,47.33316],[8.4862,47.3328]],[[8.48636,47.33343],[8.48844,47.3336]],[[8.48772,47.32569],[8.48752,47.32549],[8.48749,47.32501]],[[8.48815,47.33562],[8.48787,47.33636]],[[8.48848,47.33018],[8.48809,47.33005],[8.48826,47.32963],[8.48801,47.32936],[8.4882,47.32914],[8.48769,47.32912],[8.48778,47.32814],[8.48724,47.32759],[8.48727,47.32729],[8.48755,47.32733],[8.48734,47.32631],[8.48778,47.32623],[8.48756,47.3259],[8.48772,47.32569]],[[8.48772,47.32569],[8.48928,47.32534],[8.48985,47.32539],[8.49053,47.32559],[8.49066,47.32599]],[[8.48848,47.33018],[8.48853,47.33017],[8.48888,47.33021],[8.48915,47.33031]],[[8.48891,47.33367],[8.48963,47.33368]],[[8.48963,47.33368],[8.48988,47.33434],[8.49219,47.33541]],[[8.48963,47.33368],[8.49043,47.33312],[8.49115,47.33303]],[[8.49136,47.34376],[8.49166,47.34338],[8.49247,47.34316],[8.49327,47.34257],[8.49414,47.34244]],[[8.49136,47.34376],[8.49139,47.34375],[8.49142,47.34376],[8.49149,47.34377]],[[8.49149,47.34377],[8.49381,47.34402],[8.49523,47.34469],[8.49595,47.3447]],[[8.49149,47.34377],[8.49219,47.34421],[8.4921,47.34478],[8.49165,47.34518],[8.49189,47.34602]],[[8.49189,47.34602],[8.49187,47.34652],[8.49214,47.34686],[8.49197,47.34773],[8.49161,47.34792]],[[8.49128,47.32602],[8.49235,47.32611],[8.49472,47.32554],[8.49597,47.32579],[8.49688,47.32663],[8.49866,47.32648]],[[8.49189,47.34602],[8.49219,47.346],[8.49259,47.34608],[8.49325,47.34641]],[[8.49186,47.33306],[8.49262,47.33293]],[[8.49227,47.32919],[8.49254,47.32885],[8.49324,47.32884],[8.49384,47.32853],[8.49504,47.32836]],[[8.49262,47.33555],[8.4936,47.33616],[8.49547,47.33655]],[[8.49262,47.33293],[8.49396,47.33288]],[[8.49358,47.33935],[8.49543,47.33988]],[[8.49396,47.33288],[8.4964,47.33308],[8.49789,47.33396]],[[8.49396,47.33288],[8.49533,47.33267]],[[8.49533,47.33267],[8.49606,47.33282]],[[8.49533,47.33267],[8.49532,47.33195],[8.49613,47.33092]],[[8.49547,47.33655],[8.4968,47.33733]],[[8.49547,47.33655],[8.49716,47.33646]],[[8.49606,47.33282],[8.49656,47.33298],[8.49742,47.33291],[8.4984,47.33239]],[[8.49606,47.33282],[8.49671,47.33203],[8.49664,47.3317],[8.49698,47.33114]]]}},{"type":"Feature","properties":{"id":"reppisch-379-zh","c":"ZH","p":"pacht","q":"official","k":"river"},"geometry":{"type":"MultiLineString","coordinates":[[[8.43981,47.35561],[8.44076,47.35529],[8.44249,47.35543]],[[8.44249,47.35543],[8.44411,47.35554],[8.44458,47.35543],[8.4455,47.35572],[8.44653,47.35556],[8.44702,47.35524],[8.44833,47.35533],[8.44985,47.35442],[8.45149,47.35418],[8.45189,47.35395],[8.452,47.35336],[8.45231,47.35326],[8.45561,47.35296],[8.45654,47.35257],[8.45717,47.35267],[8.4599,47.35213],[8.4615,47.35253]],[[8.46167,47.35286],[8.46139,47.35376]],[[8.46141,47.35397],[8.46222,47.35505]],[[8.4615,47.35253],[8.46237,47.35246],[8.46317,47.35168],[8.46393,47.35154],[8.46463,47.35101],[8.46553,47.35114],[8.46592,47.35082],[8.46674,47.35079]],[[8.4615,47.35253],[8.46156,47.35262]],[[8.46235,47.35524],[8.46269,47.35569],[8.46312,47.35588]],[[8.46312,47.35588],[8.46459,47.3567],[8.46412,47.35837],[8.46481,47.35939]],[[8.46312,47.35588],[8.464,47.35543],[8.46608,47.35594]],[[8.46483,47.35322],[8.46636,47.35368],[8.46642,47.3539]],[[8.46843,47.35851],[8.46977,47.35799]],[[8.47524,47.35949],[8.47707,47.35979]]]}},{"type":"Feature","properties":{"id":"reppisch-380-zh","c":"ZH","p":"pacht","q":"official","k":"river"},"geometry":{"type":"MultiLineString","coordinates":[[[8.39638,47.37722],[8.39676,47.37646],[8.39662,47.376],[8.39599,47.37539],[8.397,47.37481],[8.39793,47.3738],[8.39833,47.37385],[8.39937,47.37481],[8.40026,47.37429],[8.40079,47.3742]],[[8.40079,47.3742],[8.40002,47.37319],[8.40011,47.37286],[8.40075,47.37232],[8.40048,47.37199],[8.40083,47.37163],[8.401,47.37048]],[[8.40079,47.3742],[8.40082,47.3742]],[[8.40082,47.3742],[8.40272,47.37435],[8.403,47.37386],[8.40366,47.37379],[8.40386,47.3741],[8.40641,47.37409],[8.40751,47.37367],[8.40917,47.37346],[8.40974,47.37322],[8.41053,47.37345],[8.41096,47.37289],[8.41213,47.37269],[8.41281,47.37187],[8.41346,47.3715],[8.41311,47.37103],[8.41417,47.36915],[8.41325,47.36785],[8.41448,47.36645]],[[8.40082,47.3742],[8.40128,47.37409],[8.40141,47.37301],[8.40177,47.37262],[8.40171,47.37172],[8.40194,47.37136],[8.40179,47.37067],[8.40299,47.37]],[[8.41385,47.36309],[8.41284,47.36219],[8.41214,47.36201],[8.41142,47.36149],[8.4112,47.36101],[8.41027,47.36034],[8.40922,47.3586],[8.40829,47.35843]],[[8.41081,47.35354],[8.41,47.35381],[8.40848,47.35377]],[[8.40945,47.36538],[8.40879,47.36521]],[[8.40945,47.36538],[8.40912,47.3651]],[[8.41448,47.36645],[8.41266,47.3656],[8.41216,47.36564],[8.41181,47.36545],[8.41061,47.36564],[8.40945,47.36538]],[[8.41585,47.36535],[8.41419,47.36457],[8.41385,47.36309]],[[8.41385,47.36309],[8.41457,47.36258],[8.41477,47.3621],[8.41555,47.3616],[8.41596,47.36088],[8.41631,47.35907]],[[8.41448,47.36645],[8.41585,47.36535]],[[8.41585,47.36535],[8.41634,47.36512],[8.41653,47.36479]],[[8.41639,47.35884],[8.41617,47.3575]]]}},{"type":"Feature","properties":{"id":"reppisch-381-zh","c":"ZH","p":"pacht","q":"official","k":"river"},"geometry":{"type":"MultiLineString","coordinates":[[[8.39396,47.39717],[8.39353,47.39727]],[[8.3944,47.3953],[8.39391,47.39498]],[[8.39445,47.39562],[8.39444,47.39554]],[[8.39497,47.39651],[8.39425,47.39576],[8.39445,47.39562]],[[8.39445,47.39562],[8.3956,47.39535],[8.39613,47.39414]],[[8.39497,47.39651],[8.3946,47.39677]],[[8.39613,47.39414],[8.39634,47.39383],[8.39536,47.39353],[8.39478,47.39353]],[[8.39521,47.39671],[8.39497,47.39651]],[[8.39644,47.39266],[8.39603,47.39183],[8.39541,47.39141]],[[8.39541,47.39141],[8.39452,47.39142],[8.39409,47.39124],[8.39493,47.39016],[8.39461,47.38995],[8.39397,47.38997],[8.39387,47.38972],[8.39406,47.38839],[8.39444,47.38776],[8.39497,47.38741],[8.39497,47.38683],[8.39537,47.38618],[8.39477,47.38529],[8.39509,47.38437],[8.39487,47.38327],[8.39543,47.38167]],[[8.39541,47.39141],[8.39601,47.39096],[8.39605,47.39069],[8.39745,47.39047],[8.39866,47.38857]],[[8.39543,47.38167],[8.395,47.38115],[8.39495,47.38073],[8.39515,47.38042],[8.39584,47.38009],[8.39612,47.37937],[8.39666,47.37887],[8.39666,47.37765],[8.39638,47.37722]],[[8.39543,47.38167],[8.39555,47.38152]],[[8.39613,47.39414],[8.39664,47.39373],[8.39619,47.39311],[8.39644,47.39266]],[[8.39644,47.39266],[8.39775,47.3927],[8.39842,47.39207]],[[8.39688,47.3811],[8.39851,47.38088],[8.39973,47.37995]],[[8.39851,47.39175],[8.39865,47.39132],[8.39904,47.39114]],[[8.39887,47.38831],[8.3998,47.38763],[8.40025,47.387],[8.40043,47.38551]],[[8.3993,47.39102],[8.40121,47.39051],[8.4021,47.38978],[8.40311,47.38948],[8.40468,47.38746],[8.40555,47.38695],[8.40611,47.38612]],[[8.40053,47.38522],[8.4006,47.38497],[8.39976,47.38429],[8.39976,47.38386],[8.40039,47.38324],[8.40177,47.38234],[8.4034,47.38275]],[[8.40611,47.38612],[8.40693,47.38623],[8.40843,47.3857],[8.40843,47.38528],[8.40785,47.38448]],[[8.40611,47.38612],[8.40629,47.38581],[8.40602,47.3852],[8.40609,47.38464]]]}},{"type":"Feature","properties":{"id":"reppisch-382-zh","c":"ZH","p":"pacht","q":"official","k":"river"},"geometry":{"type":"MultiLineString","coordinates":[[[8.38936,47.39633],[8.38862,47.39583],[8.38775,47.39571]],[[8.39045,47.39681],[8.38963,47.39644]],[[8.39105,47.39717],[8.39068,47.39695]],[[8.39315,47.39846],[8.39263,47.39803]],[[8.39591,47.39981],[8.39627,47.39933],[8.39646,47.39786],[8.39521,47.39671]],[[8.39566,47.4002],[8.39553,47.40016]],[[8.39848,47.41126],[8.39919,47.40944],[8.40116,47.40786],[8.40137,47.40716],[8.39997,47.40602],[8.40021,47.40505],[8.39999,47.40453],[8.39899,47.40404],[8.39814,47.40322],[8.39688,47.40278],[8.39553,47.40153],[8.39543,47.40084],[8.39566,47.4002]],[[8.39566,47.4002],[8.39591,47.39981]],[[8.39934,47.41238],[8.3993,47.41235]],[[8.4049,47.41609],[8.40114,47.41389],[8.3995,47.41253]]]}},{"type":"Feature","properties":{"id":"wueeribach-birmensdorf-revier-385-zh","c":"ZH","p":"pacht","q":"official","k":"river"},"geometry":{"type":"MultiLineString","coordinates":[[[8.41286,47.32862],[8.41257,47.32687],[8.41338,47.32632],[8.4142,47.32619]],[[8.41328,47.32869],[8.41509,47.3286],[8.41684,47.32753]],[[8.4143,47.33106],[8.41533,47.33136],[8.41621,47.33128],[8.41744,47.33151],[8.41874,47.3309]],[[8.42013,47.32948],[8.42145,47.32896],[8.42283,47.32914]],[[8.43074,47.33579],[8.42953,47.33589],[8.42733,47.3353],[8.42666,47.33534]],[[8.43188,47.35557],[8.43402,47.35486],[8.43621,47.35342],[8.43709,47.35308],[8.43829,47.35214],[8.43854,47.35137],[8.43918,47.35066]],[[8.43358,47.33487],[8.43352,47.33482]],[[8.43539,47.33202],[8.43491,47.33158],[8.4345,47.33069]],[[8.43711,47.33572],[8.43682,47.33386],[8.43623,47.33281],[8.43539,47.33202]],[[8.43539,47.33202],[8.43539,47.33201]],[[8.43692,47.33793],[8.43638,47.33802],[8.4357,47.3386]],[[8.43684,47.33645],[8.43681,47.33644]],[[8.43754,47.3377],[8.43684,47.33645]],[[8.43684,47.33645],[8.43708,47.33605]],[[8.43759,47.33772],[8.43752,47.33776]],[[8.43759,47.33772],[8.43754,47.3377]],[[8.43754,47.3377],[8.43787,47.33747]],[[8.44118,47.34272],[8.4409,47.3418],[8.43992,47.34108],[8.43975,47.34039],[8.43921,47.34029],[8.43815,47.33938],[8.43798,47.33902],[8.43821,47.33819],[8.43759,47.33772]],[[8.44127,47.34294],[8.44035,47.34264],[8.43946,47.34299],[8.43911,47.34332]],[[8.43927,47.3466],[8.43957,47.34564],[8.44126,47.34396],[8.44132,47.34343],[8.44109,47.34322],[8.44127,47.34294]],[[8.43937,47.35031],[8.43979,47.34971]],[[8.43979,47.34971],[8.43934,47.34782],[8.4398,47.34746],[8.43936,47.34692]],[[8.43979,47.34971],[8.44015,47.34939],[8.44098,47.34921],[8.4414,47.34867],[8.44218,47.3482],[8.44299,47.34813],[8.44344,47.34787],[8.44487,47.34618],[8.44499,47.34576],[8.44592,47.34537],[8.44633,47.34549]],[[8.44025,47.32785],[8.44133,47.32721]],[[8.44127,47.34294],[8.44118,47.34272]],[[8.44118,47.34272],[8.44299,47.34232]],[[8.44146,47.33663],[8.44226,47.33614]],[[8.44254,47.336],[8.44306,47.33586],[8.44422,47.33473],[8.44424,47.33401],[8.4449,47.33361],[8.44534,47.33204],[8.44581,47.33168],[8.44564,47.33149],[8.44584,47.33023],[8.44625,47.33006],[8.4463,47.32983]],[[8.44633,47.34549],[8.4472,47.34546],[8.44804,47.34511],[8.44855,47.34514]],[[8.44854,47.32237],[8.44819,47.32236],[8.44758,47.32187],[8.44667,47.32161]],[[8.44845,47.34459],[8.44792,47.34325]],[[8.45038,47.32246],[8.44811,47.32299]],[[8.44855,47.34514],[8.44857,47.34512]],[[8.44855,47.34514],[8.44982,47.34475]],[[8.45038,47.32246],[8.44937,47.32221],[8.44882,47.32233]],[[8.45279,47.34267],[8.45185,47.34216],[8.45178,47.34115],[8.4509,47.34022],[8.45037,47.33991],[8.44957,47.33987]],[[8.44978,47.34444],[8.44967,47.34422]],[[8.44982,47.34475],[8.44981,47.34473]],[[8.44982,47.34475],[8.45121,47.34449]],[[8.45273,47.3266],[8.45186,47.32661],[8.45081,47.32694],[8.45005,47.32689]],[[8.4534,47.32258],[8.45203,47.32264],[8.4517,47.32246],[8.45038,47.32246]],[[8.45121,47.34449],[8.45292,47.3446],[8.45358,47.34478],[8.45391,47.34515]],[[8.45121,47.34449],[8.45142,47.34417],[8.45238,47.34401],[8.45277,47.34293]],[[8.4534,47.32258],[8.45155,47.32207]],[[8.45649,47.33882],[8.4559,47.33851],[8.45509,47.33728],[8.4543,47.33675],[8.45396,47.33596],[8.45301,47.33534]],[[8.45626,47.32507],[8.45522,47.32575],[8.45305,47.32658]],[[8.46054,47.32448],[8.45951,47.32281],[8.45713,47.32247],[8.4534,47.32258]],[[8.4539,47.34537],[8.45405,47.34583],[8.45467,47.34586],[8.4549,47.34611],[8.45614,47.3461],[8.45669,47.34586],[8.45759,47.34577],[8.45824,47.34602],[8.45993,47.34531],[8.46073,47.34526],[8.46156,47.34491],[8.4624,47.34148]],[[8.4556,47.32464],[8.45428,47.3246]],[[8.45626,47.32507],[8.45626,47.32506]],[[8.45666,47.32494],[8.45641,47.32499],[8.45631,47.32507],[8.45626,47.32507]],[[8.4583,47.33944],[8.45697,47.33898]],[[8.45861,47.32739],[8.45791,47.32767]],[[8.4624,47.34148],[8.46158,47.34025],[8.46098,47.33973],[8.46069,47.33973]],[[8.46054,47.32448],[8.46049,47.32447]],[[8.46212,47.32716],[8.46054,47.32448]],[[8.46292,47.33974],[8.46307,47.33909],[8.46144,47.33863],[8.46122,47.33827],[8.46152,47.33788],[8.46167,47.3355],[8.46195,47.33506]],[[8.46212,47.32716],[8.46206,47.32713]],[[8.46361,47.33101],[8.46212,47.32716]],[[8.4624,47.34148],[8.46251,47.34047],[8.46287,47.34029],[8.46292,47.33974]],[[8.46292,47.33974],[8.46354,47.33957]],[[8.46354,47.33957],[8.46541,47.33608],[8.46567,47.33239]],[[8.46354,47.33957],[8.46438,47.33944],[8.4646,47.33921],[8.46517,47.33921]],[[8.46361,47.33101],[8.46353,47.33099]],[[8.46567,47.33239],[8.46361,47.33101]],[[8.46486,47.34257],[8.46555,47.34299],[8.46568,47.34352]],[[8.46439,47.31038],[8.46428,47.30971]],[[8.46517,47.33921],[8.46516,47.33921]],[[8.46517,47.33921],[8.46824,47.33716],[8.46857,47.33648]],[[8.46576,47.31426],[8.4647,47.31386]],[[8.46589,47.34402],[8.46604,47.34444]],[[8.46567,47.33239],[8.46584,47.32899],[8.46458,47.32297],[8.46354,47.32173],[8.46337,47.3212],[8.46426,47.31936],[8.46717,47.31745]],[[8.46637,47.30809],[8.46551,47.30768]],[[8.46738,47.3098],[8.46649,47.30849],[8.4666,47.30817]],[[8.46857,47.33648],[8.47042,47.32801]],[[8.46857,47.33648],[8.46863,47.33644]],[[8.46975,47.31272],[8.46969,47.31221],[8.46918,47.31161]],[[8.46927,47.30822],[8.46931,47.30757]],[[8.46978,47.31697],[8.46993,47.31628],[8.47099,47.31591],[8.47108,47.3153]],[[8.4703,47.32605],[8.46978,47.31697]],[[8.4697,47.30943],[8.46964,47.30913]],[[8.47042,47.32801],[8.47032,47.32639]],[[8.47042,47.32801],[8.47047,47.328]],[[8.47047,47.328],[8.47049,47.328]],[[8.47049,47.328],[8.47292,47.32785],[8.47388,47.3275],[8.47429,47.32672],[8.4739,47.32559],[8.4744,47.32507],[8.47482,47.32486],[8.47517,47.3249]],[[8.47163,47.31435],[8.47168,47.31387],[8.47225,47.31321],[8.47349,47.31266]],[[8.47243,47.3367],[8.4735,47.33708]],[[8.47349,47.31266],[8.47348,47.31263]],[[8.47349,47.31266],[8.47354,47.31264]],[[8.47563,47.31118],[8.47581,47.3111]],[[8.47722,47.31313],[8.47872,47.31418],[8.47975,47.31559],[8.48115,47.31604]],[[8.47974,47.32425],[8.48011,47.32489]]]}},{"type":"Feature","properties":{"id":"lunnerenbach-revier-386-zh","c":"ZH","p":"pacht","q":"official","k":"river"},"geometry":{"type":"MultiLineString","coordinates":[[[8.40646,47.34412],[8.40576,47.34463],[8.40479,47.34498]],[[8.40907,47.34258],[8.40808,47.34262],[8.40692,47.34241]],[[8.40907,47.34258],[8.4084,47.34136]],[[8.40959,47.34412],[8.40853,47.34413]],[[8.41145,47.34335],[8.40981,47.34271],[8.40969,47.34271],[8.40911,47.34257],[8.40907,47.34258]],[[8.40959,47.34412],[8.40949,47.34424]],[[8.41145,47.34335],[8.41075,47.34383],[8.40959,47.34412]],[[8.41132,47.34798],[8.41064,47.34863],[8.41004,47.34866]],[[8.41242,47.34313],[8.41145,47.34335]],[[8.41205,47.3426],[8.41148,47.3416]],[[8.41641,47.34076],[8.41173,47.33969]],[[8.41242,47.34313],[8.41215,47.34281]],[[8.41736,47.34526],[8.41682,47.34467],[8.41607,47.34461],[8.4146,47.3435],[8.41416,47.34331],[8.41386,47.34335],[8.41297,47.34316],[8.41249,47.34309],[8.41242,47.34313]],[[8.41526,47.346],[8.41463,47.34591]],[[8.41526,47.346],[8.41505,47.34613]],[[8.41557,47.346],[8.4155,47.34601],[8.41536,47.34599],[8.41526,47.346]],[[8.42068,47.34562],[8.42049,47.34525],[8.41927,47.34485],[8.41903,47.34442],[8.41785,47.34398],[8.41731,47.34328],[8.41747,47.34308],[8.41684,47.34276],[8.41692,47.34206],[8.41645,47.34174],[8.41641,47.34076]],[[8.41641,47.34076],[8.41705,47.33984],[8.41698,47.33933],[8.41733,47.33846],[8.41693,47.33806],[8.41683,47.33758],[8.41633,47.33722],[8.41665,47.33668],[8.41588,47.33571],[8.41677,47.33439],[8.41688,47.33346],[8.41793,47.33273],[8.41855,47.33262]],[[8.41736,47.34526],[8.41729,47.34538]],[[8.41886,47.34572],[8.41806,47.34525],[8.41736,47.34526]],[[8.41855,47.33262],[8.4192,47.33284]],[[8.41855,47.33262],[8.41893,47.33242]],[[8.41886,47.34572],[8.4188,47.3458]],[[8.42068,47.34562],[8.42001,47.34582],[8.41886,47.34572]],[[8.42234,47.34633],[8.42177,47.34607],[8.4214,47.3461],[8.42097,47.34577],[8.42069,47.34578],[8.42068,47.34562]],[[8.4254,47.34709],[8.42397,47.34702],[8.42373,47.34685],[8.42322,47.34693],[8.42234,47.34633]],[[8.42234,47.34633],[8.42317,47.34569],[8.424,47.34386],[8.42393,47.34317],[8.42335,47.34222],[8.42329,47.34111]],[[8.42329,47.34111],[8.42295,47.34111],[8.42248,47.34043]],[[8.43098,47.35286],[8.42907,47.35265],[8.42833,47.35282],[8.42687,47.35244],[8.42536,47.35232],[8.42429,47.35255],[8.4233,47.35245]],[[8.42329,47.34111],[8.42363,47.34046],[8.42493,47.33979]],[[8.42604,47.34733],[8.4254,47.34709]],[[8.4254,47.34709],[8.42549,47.34654]],[[8.4275,47.3484],[8.42612,47.34775],[8.42604,47.34733]],[[8.42604,47.34733],[8.42644,47.34716],[8.42667,47.34659]],[[8.42776,47.34532],[8.42891,47.34417]],[[8.42808,47.34848],[8.42784,47.34845]],[[8.43214,47.35026],[8.43047,47.34942],[8.42948,47.34923],[8.42925,47.34886],[8.4285,47.34857]],[[8.43057,47.35582],[8.43237,47.35425],[8.43216,47.35388]],[[8.43216,47.35388],[8.43174,47.35352]],[[8.43216,47.35388],[8.43281,47.35322],[8.43486,47.3524],[8.43308,47.35076],[8.43236,47.35037]]]}},{"type":"Feature","properties":{"id":"furtbach-daellikon-revier-390-zh","c":"ZH","p":"pacht","q":"official","k":"river"},"geometry":{"type":"MultiLineString","coordinates":[[[8.38176,47.4487],[8.38444,47.44906]],[[8.38501,47.44491],[8.38389,47.44436]],[[8.38444,47.44906],[8.38616,47.44931],[8.38827,47.45015]],[[8.38444,47.44906],[8.38472,47.44892],[8.38534,47.44776],[8.38561,47.44622]],[[8.38827,47.45015],[8.38998,47.45086]],[[8.38827,47.45015],[8.38839,47.45007]],[[8.38998,47.45086],[8.38997,47.45087]],[[8.38998,47.45086],[8.39123,47.45152],[8.39377,47.45164]],[[8.39377,47.45164],[8.39379,47.45165]],[[8.39377,47.45164],[8.39377,47.45165]],[[8.39379,47.45165],[8.3975,47.45179],[8.40317,47.45114]],[[8.40504,47.44256],[8.40368,47.44208],[8.40339,47.44167],[8.40289,47.44143],[8.40297,47.44115],[8.40256,47.44082]],[[8.40317,47.45114],[8.40279,47.44945]],[[8.40317,47.45114],[8.40411,47.45114],[8.40673,47.45085]],[[8.40537,47.44309],[8.40488,47.44308]],[[8.40554,47.4475],[8.40535,47.44703]],[[8.40559,47.44537],[8.40562,47.44525]],[[8.40673,47.45085],[8.40575,47.44762]],[[8.40582,47.44464],[8.40666,47.4445]],[[8.40673,47.45085],[8.4104,47.45044]],[[8.407,47.44435],[8.40752,47.44358],[8.40728,47.44304]],[[8.40709,47.44294],[8.40688,47.44268],[8.40762,47.44238]],[[8.40747,47.44218],[8.40711,47.4416]],[[8.40762,47.44238],[8.40757,47.44228]],[[8.40762,47.44238],[8.40909,47.44186],[8.40921,47.44126],[8.40876,47.44104]],[[8.4104,47.45044],[8.41042,47.44973],[8.40933,47.44692],[8.40945,47.44676],[8.41057,47.44661]],[[8.4104,47.45044],[8.41588,47.44999]],[[8.41114,47.44561],[8.41333,47.44486],[8.41429,47.44435]],[[8.41374,47.44254],[8.41223,47.44099],[8.41294,47.44084]],[[8.41555,47.46178],[8.41557,47.4619]],[[8.41565,47.46254],[8.41662,47.46358],[8.41603,47.46411],[8.41615,47.46462],[8.41587,47.46556]],[[8.41529,47.44187],[8.41547,47.44052]],[[8.41686,47.44522],[8.41624,47.44457],[8.41576,47.44454],[8.4151,47.44398],[8.41546,47.44352],[8.41544,47.44302]],[[8.41588,47.44999],[8.41571,47.44819],[8.41745,47.44759]],[[8.41588,47.44999],[8.41597,47.44998],[8.41613,47.45]],[[8.41613,47.45],[8.42884,47.45122]],[[8.41613,47.45],[8.42139,47.45332],[8.42324,47.45414]],[[8.41802,47.4681],[8.41685,47.46936],[8.41717,47.4704]],[[8.41745,47.44759],[8.41745,47.44755]],[[8.41745,47.44759],[8.41921,47.44694]],[[8.41802,47.4681],[8.41903,47.47003],[8.41907,47.47112]],[[8.4202,47.46625],[8.41804,47.46697],[8.41802,47.4681]],[[8.41885,47.44072],[8.41783,47.44036]],[[8.41902,47.45742],[8.41861,47.4579],[8.42149,47.45922]],[[8.41885,47.44072],[8.41879,47.4402]],[[8.41892,47.44094],[8.41885,47.44072]],[[8.42033,47.45663],[8.4194,47.45699],[8.41917,47.45726]],[[8.41925,47.4467],[8.41951,47.44599],[8.42057,47.44533]],[[8.4202,47.46625],[8.42018,47.46728],[8.42048,47.46764],[8.42022,47.4677],[8.41981,47.46995]],[[8.4199,47.44371],[8.41948,47.44268]],[[8.42149,47.45922],[8.42139,47.45974],[8.42162,47.45997],[8.42132,47.46098],[8.42072,47.46116],[8.4199,47.46176],[8.4201,47.46276],[8.41983,47.46317],[8.42045,47.46383],[8.42039,47.46454],[8.42079,47.4652],[8.42039,47.46553],[8.42048,47.46595],[8.4202,47.46625]],[[8.42075,47.47005],[8.42099,47.47023],[8.42124,47.47016]],[[8.42075,47.47005],[8.42106,47.47095]],[[8.42449,47.46669],[8.42325,47.46729],[8.42197,47.46909],[8.42101,47.4694],[8.42063,47.46971],[8.42075,47.47005]],[[8.42057,47.44533],[8.42057,47.4453]],[[8.42057,47.44533],[8.42346,47.4447],[8.42348,47.44332],[8.42417,47.44287]],[[8.42106,47.47095],[8.42174,47.47104]],[[8.42106,47.47095],[8.42112,47.47142]],[[8.42429,47.44156],[8.42362,47.44108],[8.42273,47.43972],[8.42097,47.43973],[8.42061,47.43894],[8.42049,47.43761]],[[8.42112,47.47142],[8.42118,47.47143]],[[8.42112,47.47142],[8.42114,47.47147]],[[8.42245,47.46086],[8.42238,47.46162],[8.42128,47.4626],[8.42143,47.46285]],[[8.42149,47.45922],[8.42209,47.45915],[8.42224,47.45928],[8.42244,47.46053]],[[8.42245,47.46086],[8.42267,47.46145],[8.42331,47.46184],[8.42383,47.46309],[8.42322,47.46397],[8.42263,47.46417],[8.42183,47.46518],[8.42231,47.46581],[8.42348,47.46615]],[[8.42249,47.46072],[8.42245,47.46086]],[[8.42249,47.45798],[8.42325,47.45848],[8.4234,47.4592]],[[8.42348,47.46615],[8.42449,47.46669]],[[8.42348,47.46615],[8.42378,47.46612],[8.42434,47.46616],[8.42443,47.46623]],[[8.42341,47.45429],[8.4236,47.4543]],[[8.42425,47.43894],[8.42355,47.43869],[8.42313,47.43791]],[[8.4236,47.4543],[8.42356,47.45434]],[[8.4236,47.4543],[8.42394,47.45428]],[[8.42444,47.43482],[8.42333,47.43497]],[[8.42394,47.45428],[8.42423,47.45629]],[[8.42394,47.45428],[8.42856,47.45396]],[[8.42444,47.43482],[8.42463,47.43441],[8.42369,47.4338]],[[8.42436,47.45791],[8.42428,47.45819]],[[8.42431,47.45676],[8.42439,47.45773]],[[8.42902,47.46485],[8.42818,47.46514],[8.42576,47.4655],[8.42449,47.46669]],[[8.42417,47.44287],[8.42418,47.4427],[8.42421,47.44268]],[[8.42417,47.44287],[8.42421,47.44268]],[[8.42421,47.44268],[8.42429,47.44156]],[[8.42429,47.44156],[8.42615,47.4413],[8.42674,47.44066]],[[8.42615,47.43981],[8.4248,47.43986],[8.42436,47.43899]],[[8.42438,47.43892],[8.42469,47.43839],[8.4244,47.43792]],[[8.4258,47.43787],[8.42479,47.43787],[8.4244,47.43721]],[[8.4281,47.4348],[8.42679,47.43444],[8.42505,47.43483],[8.42444,47.43482]],[[8.4258,47.43787],[8.42553,47.43695]],[[8.42595,47.45836],[8.42603,47.46026]],[[8.42602,47.46044],[8.42612,47.4606],[8.42684,47.46063],[8.42705,47.46093],[8.42809,47.46127],[8.42818,47.46175],[8.42756,47.46264],[8.42757,47.46305],[8.42902,47.46485]],[[8.4258,47.43787],[8.4258,47.43787]],[[8.42615,47.43981],[8.42593,47.43842]],[[8.42618,47.43982],[8.42615,47.43981]],[[8.42667,47.44035],[8.42643,47.43992]],[[8.42826,47.43744],[8.42801,47.43743]],[[8.42889,47.43497],[8.4281,47.4348]],[[8.4281,47.4348],[8.42794,47.43423],[8.42837,47.43362],[8.42809,47.43348]],[[8.42826,47.43744],[8.42824,47.43722]],[[8.42849,47.43806],[8.42826,47.43744]],[[8.43366,47.46339],[8.43303,47.46346],[8.43092,47.46435],[8.42902,47.46485]],[[8.42918,47.43645],[8.42892,47.43572],[8.42854,47.43562]],[[8.42918,47.43645],[8.42856,47.43641]],[[8.42884,47.45122],[8.43337,47.4518],[8.43582,47.45189]],[[8.42884,47.45122],[8.42934,47.44657],[8.43164,47.44609]],[[8.432,47.43807],[8.43214,47.43742],[8.43156,47.43634],[8.42918,47.43645]],[[8.43028,47.44015],[8.42936,47.43972],[8.42924,47.43945]],[[8.43351,47.43532],[8.43046,47.43538],[8.42919,47.43504]],[[8.42983,47.43363],[8.42982,47.43329]],[[8.42988,47.43321],[8.43048,47.4329]],[[8.43351,47.43532],[8.43328,47.43507],[8.43014,47.43379]],[[8.43076,47.44164],[8.43028,47.44015]],[[8.43028,47.44015],[8.43088,47.43934],[8.43078,47.43913]],[[8.4316,47.45758],[8.43159,47.45823]],[[8.43159,47.45823],[8.43163,47.45837]],[[8.43164,47.44609],[8.43163,47.44605]],[[8.43164,47.44609],[8.43403,47.4456]],[[8.43399,47.46297],[8.43365,47.46313]],[[8.43603,47.43563],[8.4348,47.43535],[8.43351,47.43532]],[[8.43437,47.46263],[8.43432,47.46294]],[[8.43498,47.43226],[8.43449,47.43215]],[[8.43498,47.43226],[8.43489,47.43212]],[[8.4369,47.43369],[8.43628,47.43334],[8.43616,47.43306],[8.43535,47.43275],[8.43498,47.43226]],[[8.43582,47.45189],[8.43644,47.45258]],[[8.43582,47.45189],[8.43783,47.4516]],[[8.43634,47.46154],[8.43631,47.46208]],[[8.43644,47.45258],[8.43685,47.45306]],[[8.43671,47.43578],[8.4364,47.43568]],[[8.43671,47.43578],[8.43686,47.43584]],[[8.43717,47.43716],[8.43724,47.43678],[8.43671,47.43578]],[[8.43689,47.43398],[8.4369,47.43369]],[[8.4369,47.43369],[8.4375,47.43318],[8.43744,47.4327]],[[8.43695,47.43584],[8.43723,47.43558]],[[8.43723,47.43558],[8.43703,47.43505]],[[8.4373,47.43432],[8.43713,47.43409]],[[8.43724,47.43472],[8.43726,47.43442]],[[8.43835,47.45151],[8.44011,47.45121],[8.44356,47.45096]],[[8.43952,47.46252],[8.44015,47.46288],[8.4406,47.46352]],[[8.44082,47.46396],[8.44195,47.46508],[8.44118,47.46636]],[[8.44062,47.43604],[8.44175,47.43491],[8.44264,47.43439]],[[8.44217,47.46105],[8.4412,47.46374],[8.44223,47.46404]],[[8.44401,47.44982],[8.44376,47.44952],[8.4426,47.44937],[8.44247,47.44883],[8.44195,47.44849],[8.44193,47.44812],[8.44122,47.44814],[8.44089,47.44786],[8.4415,47.44662],[8.44202,47.44648],[8.44236,47.44486],[8.4422,47.44416]],[[8.44279,47.43416],[8.44273,47.43403]],[[8.44433,47.46068],[8.444,47.46088],[8.44357,47.46172]],[[8.44356,47.45096],[8.44396,47.45062]],[[8.44356,47.45096],[8.44442,47.45091],[8.44568,47.45127]],[[8.44374,47.45593],[8.44353,47.45612],[8.44385,47.457]],[[8.44401,47.44982],[8.44403,47.44947],[8.4437,47.44938]],[[8.44401,47.4593],[8.44458,47.4602]],[[8.444,47.45881],[8.44401,47.4593]],[[8.44401,47.4593],[8.44403,47.4593]],[[8.44396,47.45062],[8.44752,47.44918],[8.4493,47.44227],[8.44912,47.44208],[8.44921,47.43942],[8.45261,47.43866],[8.45173,47.43726]],[[8.44396,47.45062],[8.44401,47.44982]],[[8.44433,47.46068],[8.44452,47.46153]],[[8.4444,47.46056],[8.44433,47.46068]],[[8.44452,47.46153],[8.44451,47.46154]],[[8.44452,47.46153],[8.44477,47.46188]],[[8.44458,47.46256],[8.44462,47.46315]],[[8.44458,47.4602],[8.44457,47.46024]],[[8.44458,47.4602],[8.44483,47.46029],[8.44549,47.46004],[8.44695,47.45904]],[[8.44489,47.46192],[8.44546,47.46211],[8.44566,47.46336]],[[8.44561,47.45905],[8.44569,47.45902]],[[8.44561,47.45195],[8.44563,47.45198]],[[8.44568,47.45127],[8.44905,47.45213]],[[8.44568,47.45127],[8.44576,47.45147]],[[8.44686,47.45903],[8.44696,47.45903]],[[8.44695,47.45904],[8.44699,47.45904]],[[8.44695,47.45904],[8.44696,47.45903]],[[8.44696,47.45903],[8.44723,47.45871]],[[8.44733,47.43097],[8.44708,47.43099],[8.4466,47.43067]],[[8.44856,47.43572],[8.44679,47.43463]],[[8.44723,47.45586],[8.44727,47.45654]],[[8.45106,47.43642],[8.45003,47.43417],[8.44866,47.43233],[8.44741,47.43123]],[[8.44808,47.45904],[8.44942,47.45888]],[[8.44905,47.45213],[8.45057,47.45239]],[[8.44905,47.45213],[8.44938,47.45194],[8.45068,47.44986]],[[8.45047,47.45616],[8.45054,47.45627]],[[8.45057,47.45239],[8.45065,47.45248]],[[8.45057,47.45239],[8.45352,47.45204]],[[8.45074,47.45368],[8.45082,47.45424]],[[8.45106,47.43642],[8.451,47.4364]],[[8.45148,47.43706],[8.45106,47.43642]],[[8.4516,47.43707],[8.45148,47.43706]],[[8.45173,47.43726],[8.45148,47.43706]],[[8.45173,47.43724],[8.45172,47.43723]],[[8.45173,47.43726],[8.45173,47.43724]],[[8.45173,47.43724],[8.45411,47.43652]],[[8.45352,47.45204],[8.45377,47.45218]],[[8.45352,47.45204],[8.45519,47.45181],[8.4562,47.4512],[8.45795,47.4507],[8.45976,47.44993]],[[8.45727,47.42848],[8.45758,47.42765],[8.45751,47.42705],[8.45631,47.42656],[8.45513,47.42641],[8.4536,47.42648],[8.45318,47.42619]],[[8.45416,47.45898],[8.45408,47.45908]],[[8.45412,47.45336],[8.45374,47.45443],[8.4541,47.4548]],[[8.45416,47.45586],[8.45415,47.456]],[[8.45439,47.43642],[8.45613,47.43566],[8.45749,47.43466]],[[8.45607,47.45417],[8.4562,47.45561]],[[8.4562,47.45609],[8.45653,47.45611],[8.45658,47.4565]],[[8.45922,47.45591],[8.45793,47.45711],[8.45658,47.45776]],[[8.45976,47.44993],[8.45989,47.45001]],[[8.45976,47.44993],[8.46137,47.44932],[8.462,47.44864]],[[8.462,47.44864],[8.46216,47.44848]],[[8.462,47.44864],[8.4622,47.44857]],[[8.46232,47.44831],[8.46555,47.4449],[8.46599,47.4448],[8.4686,47.44512]],[[8.46317,47.43202],[8.46276,47.4313]],[[8.46282,47.42774],[8.46273,47.42764]],[[8.4628,47.42752],[8.46285,47.42741]],[[8.46309,47.4284],[8.46325,47.42809]],[[8.46315,47.42644],[8.46315,47.42628]],[[8.46323,47.4259],[8.46341,47.42548]],[[8.46437,47.42644],[8.46474,47.42563]],[[8.46584,47.42748],[8.46549,47.42727],[8.46557,47.42597],[8.46481,47.42516]],[[8.46584,47.42748],[8.46584,47.42748]],[[8.46585,47.42749],[8.46584,47.42748]],[[8.46615,47.42837],[8.466,47.42797]],[[8.4686,47.44512],[8.46897,47.44502],[8.47119,47.44313],[8.47989,47.44256],[8.48493,47.44084],[8.48675,47.43923],[8.48762,47.43903]],[[8.4686,47.44512],[8.47132,47.44551]],[[8.47229,47.44563],[8.474,47.44562]],[[8.47369,47.45238],[8.47406,47.45234]],[[8.474,47.44562],[8.47722,47.44522]],[[8.48489,47.44556],[8.48557,47.44527],[8.48615,47.44582]],[[8.49094,47.43886],[8.49122,47.43721]],[[8.49122,47.43721],[8.49252,47.4371]],[[8.49122,47.43721],[8.49128,47.43664],[8.49185,47.43629],[8.49444,47.43535]],[[8.50012,47.44063],[8.50022,47.44088]]]}},{"type":"Feature","properties":{"id":"dorfbach-otelfingen-revier-393-zh","c":"ZH","p":"pacht","q":"official","k":"river"},"geometry":{"type":"MultiLineString","coordinates":[[[8.38635,47.46954],[8.38635,47.46954]],[[8.38635,47.46954],[8.38635,47.46954]],[[8.38778,47.46351],[8.38785,47.46378],[8.38751,47.46422],[8.38797,47.4646],[8.388,47.46502],[8.38838,47.46545],[8.38798,47.46595],[8.38798,47.46647],[8.38608,47.46882],[8.38599,47.46917],[8.38635,47.46954]],[[8.38635,47.46954],[8.38754,47.46996],[8.3877,47.47063],[8.38797,47.47078],[8.38926,47.47078]],[[8.38889,47.4601],[8.38777,47.46238],[8.38776,47.46323]],[[8.3891,47.45588],[8.389,47.45952]],[[8.38926,47.47078],[8.3896,47.47161]],[[8.38926,47.47078],[8.39145,47.47053],[8.39196,47.47033],[8.39246,47.47043]],[[8.38921,47.45542],[8.38912,47.45557]],[[8.38997,47.45087],[8.38934,47.45522]],[[8.39246,47.47043],[8.39246,47.47044]],[[8.39246,47.47043],[8.39391,47.47017]],[[8.39279,47.47341],[8.39293,47.47417]],[[8.39296,47.4746],[8.39296,47.47517],[8.39395,47.47591],[8.39393,47.4761]],[[8.39391,47.47017],[8.39438,47.46971],[8.39647,47.46987],[8.39817,47.4697]],[[8.39817,47.4697],[8.39829,47.4698]],[[8.39829,47.4698],[8.39836,47.47035],[8.39908,47.47034],[8.39935,47.47077]],[[8.39935,47.47077],[8.40038,47.47074],[8.40089,47.47098]],[[8.40252,47.47188],[8.4036,47.47241],[8.40395,47.47303]],[[8.40265,47.47133],[8.40315,47.47129],[8.40437,47.47184]],[[8.40408,47.47331],[8.40357,47.4734],[8.40364,47.47426],[8.40333,47.47551]],[[8.40414,47.47323],[8.4041,47.47327]],[[8.40437,47.47184],[8.40437,47.47216],[8.40563,47.47326]],[[8.40437,47.47184],[8.40492,47.4717],[8.40616,47.47257],[8.40794,47.4728]],[[8.40579,47.47608],[8.40488,47.47708],[8.40495,47.47743]],[[8.40563,47.47326],[8.40511,47.47467],[8.40544,47.47524]],[[8.40563,47.47326],[8.40754,47.47419],[8.40807,47.47501]],[[8.40807,47.47501],[8.4078,47.47523],[8.40882,47.47638]],[[8.40807,47.47501],[8.40842,47.47487],[8.40867,47.47498],[8.40963,47.47583]],[[8.40965,47.47349],[8.41203,47.47476],[8.41389,47.475],[8.41582,47.47553],[8.41702,47.47545]],[[8.40979,47.47641],[8.41028,47.4772]]]}},{"type":"Feature","properties":{"id":"luchernbach-revier-394-zh","c":"ZH","p":"pacht","q":"official","k":"river"},"geometry":{"type":"MultiLineString","coordinates":[[[8.38284,47.47077],[8.38119,47.4716],[8.38109,47.47222],[8.37974,47.47275],[8.3783,47.47249],[8.37718,47.47281],[8.37527,47.47515],[8.37505,47.47575]],[[8.38369,47.47054],[8.38339,47.47056]],[[8.38576,47.46972],[8.38549,47.4697],[8.38489,47.47031],[8.38369,47.47054]],[[8.38521,47.47574],[8.38461,47.47708],[8.38455,47.4779]],[[8.38576,47.46972],[8.38629,47.47074]],[[8.38635,47.46954],[8.38591,47.4695],[8.38576,47.46972]],[[8.3864,47.47502],[8.38604,47.47591]],[[8.3864,47.47502],[8.38627,47.47509]],[[8.38629,47.47074],[8.38662,47.47246]],[[8.38664,47.47365],[8.38624,47.47388],[8.3864,47.47502]],[[8.38635,47.46954],[8.38635,47.46954]],[[8.38662,47.47246],[8.38665,47.47271]],[[8.38662,47.47246],[8.38667,47.47243],[8.38665,47.47271]],[[8.38664,47.47365],[8.38693,47.47472]],[[8.38665,47.47271],[8.38664,47.47365]],[[8.38693,47.47472],[8.38676,47.4756]],[[8.38693,47.47472],[8.38708,47.47512],[8.38762,47.47545]]]}},{"type":"Feature","properties":{"id":"surb-revier-395-zh","c":"ZH","p":"pacht","q":"official","k":"river"},"geometry":{"type":"MultiLineString","coordinates":[[[8.36123,47.5101],[8.36393,47.51091]],[[8.3647,47.51089],[8.3663,47.51077],[8.36664,47.50976],[8.36721,47.50961]],[[8.36707,47.50903],[8.36666,47.50856]],[[8.36721,47.50961],[8.3672,47.50956]],[[8.36721,47.50961],[8.3679,47.50946],[8.37307,47.50942]],[[8.36981,47.49088],[8.36939,47.4907],[8.36839,47.48939],[8.36803,47.48795],[8.3675,47.48751],[8.36758,47.487],[8.36717,47.48657],[8.3673,47.4864]],[[8.3673,47.4864],[8.36739,47.4863]],[[8.36834,47.48459],[8.36845,47.48415]],[[8.37436,47.49874],[8.37404,47.49825],[8.37343,47.49792],[8.37318,47.49702],[8.37192,47.49665],[8.37139,47.49577],[8.37149,47.49533],[8.37105,47.49495],[8.37094,47.49428],[8.37031,47.4936],[8.3699,47.49267],[8.3696,47.49157],[8.36981,47.49088]],[[8.36981,47.49088],[8.37032,47.49044]],[[8.37032,47.49044],[8.37083,47.48904]],[[8.37032,47.49044],[8.3712,47.49017],[8.37255,47.48884]],[[8.37104,47.48859],[8.37107,47.48841]],[[8.37255,47.48884],[8.37369,47.48899],[8.37538,47.48855],[8.37554,47.48835]],[[8.37255,47.48884],[8.37239,47.48865],[8.37392,47.48772],[8.37328,47.48708],[8.37465,47.48466]],[[8.37336,47.50944],[8.37673,47.50912],[8.37899,47.50843]],[[8.37711,47.50387],[8.37565,47.50285],[8.37567,47.50247],[8.37526,47.50187],[8.37408,47.50108],[8.37506,47.50014],[8.37402,47.49931],[8.37436,47.49874]],[[8.37436,47.49874],[8.37438,47.49874]],[[8.37438,47.49874],[8.37491,47.49873],[8.37528,47.49833],[8.37586,47.49812],[8.37607,47.49748],[8.37667,47.49734]],[[8.37554,47.48835],[8.37581,47.4875]],[[8.37554,47.48835],[8.37611,47.48813],[8.37615,47.48745]],[[8.37698,47.49679],[8.37748,47.49467],[8.3774,47.49261]],[[8.3774,47.49261],[8.37738,47.49178]],[[8.37899,47.50843],[8.37882,47.50794]],[[8.37899,47.50843],[8.38132,47.50745],[8.3816,47.50716],[8.38162,47.50644],[8.38288,47.50563],[8.39082,47.50342],[8.39417,47.50326]],[[8.38665,47.48997],[8.38542,47.48912],[8.38454,47.48806],[8.38418,47.48749],[8.38432,47.48699]],[[8.38685,47.48905],[8.38683,47.48823],[8.38619,47.48692],[8.38631,47.48648]],[[8.38769,47.49506],[8.38781,47.49366],[8.38742,47.49247],[8.38767,47.49197],[8.38727,47.49129],[8.38735,47.49065],[8.38665,47.48997]],[[8.38665,47.48997],[8.38682,47.48923]],[[8.38769,47.49506],[8.38768,47.49506]],[[8.391,47.49815],[8.39049,47.49682],[8.39013,47.49666],[8.38992,47.49626],[8.38913,47.49613],[8.38846,47.49542],[8.38769,47.49506]],[[8.38906,47.4856],[8.38859,47.48401]],[[8.38925,47.48574],[8.38906,47.4856]],[[8.38925,47.48574],[8.38906,47.48566],[8.38906,47.4856]],[[8.38973,47.48658],[8.38969,47.48611],[8.38925,47.48574]],[[8.39178,47.49508],[8.39231,47.49374],[8.39232,47.49145],[8.39038,47.48998],[8.39044,47.48951],[8.39012,47.48906],[8.39029,47.48885],[8.3899,47.48847],[8.39002,47.48796],[8.38973,47.48658]],[[8.38973,47.48658],[8.39022,47.48573]],[[8.39027,47.48555],[8.3902,47.48494],[8.3897,47.48431]],[[8.39044,47.48561],[8.39131,47.48493],[8.39099,47.48388]],[[8.39385,47.50242],[8.39318,47.50138],[8.3917,47.50028],[8.39112,47.49925]],[[8.39172,47.49645],[8.39186,47.49605]],[[8.39192,47.49586],[8.39201,47.49542]],[[8.39417,47.50326],[8.39428,47.50307],[8.39395,47.50261]],[[8.39417,47.50326],[8.39551,47.50315],[8.40105,47.50084],[8.40121,47.5006]],[[8.40083,47.4888],[8.40036,47.48857],[8.39868,47.48552],[8.39873,47.48525],[8.39834,47.48499],[8.3984,47.48366]],[[8.39954,47.48572],[8.3994,47.48505]],[[8.40121,47.5006],[8.40075,47.49911],[8.39981,47.49752],[8.39989,47.49697]],[[8.40083,47.4888],[8.39978,47.48586]],[[8.40001,47.49645],[8.40134,47.49413],[8.40147,47.49285],[8.40205,47.49214],[8.40187,47.49084],[8.40083,47.4888]],[[8.40121,47.5006],[8.40407,47.49968]],[[8.40407,47.49968],[8.40413,47.49968]],[[8.40407,47.49968],[8.40433,47.49946]],[[8.40448,47.49019],[8.40447,47.49017]],[[8.40467,47.49937],[8.40898,47.49789]],[[8.40544,47.49177],[8.40477,47.4911]],[[8.40582,47.49277],[8.40544,47.49177]],[[8.40544,47.49177],[8.40628,47.49024]],[[8.4073,47.49394],[8.40706,47.49341],[8.40613,47.49309]],[[8.40751,47.50297],[8.40823,47.50322],[8.40837,47.50366],[8.40868,47.50361]],[[8.40898,47.49789],[8.40898,47.49785]],[[8.40898,47.49789],[8.41096,47.49752]],[[8.41005,47.49063],[8.40993,47.49028]],[[8.41076,47.49211],[8.41041,47.49175],[8.41005,47.49063]],[[8.41005,47.49063],[8.41106,47.48897]],[[8.41096,47.49752],[8.411,47.49748]],[[8.41096,47.49752],[8.41382,47.49716]],[[8.41382,47.49716],[8.41365,47.49642],[8.41407,47.49632]],[[8.41382,47.49716],[8.41423,47.49711]],[[8.41423,47.49711],[8.41426,47.49709]],[[8.41423,47.49711],[8.41428,47.49711],[8.41437,47.49712],[8.41442,47.49715],[8.41505,47.49817],[8.41554,47.49816]],[[8.41428,47.48822],[8.41425,47.48791]],[[8.41488,47.49173],[8.41464,47.49057]],[[8.41554,47.49816],[8.41562,47.49877]],[[8.41554,47.49816],[8.41837,47.4979],[8.41961,47.49863]],[[8.41584,47.50092],[8.41594,47.50223]],[[8.41598,47.50239],[8.41595,47.50255]],[[8.41626,47.50267],[8.41668,47.50273],[8.41698,47.50315]],[[8.41726,47.50323],[8.41772,47.50327],[8.41798,47.50361]],[[8.41806,47.50422],[8.41859,47.50473]],[[8.41972,47.49885],[8.41973,47.49887]],[[8.41978,47.49889],[8.41987,47.49929]],[[8.42017,47.49964],[8.4202,47.49966]],[[8.42017,47.49966],[8.4202,47.49966]],[[8.4202,47.49966],[8.42327,47.50003]],[[8.42263,47.48674],[8.4222,47.4865]],[[8.4241,47.48855],[8.42411,47.48833],[8.4231,47.48799],[8.42302,47.4873],[8.42263,47.48674]],[[8.42263,47.48674],[8.42326,47.48617]],[[8.42328,47.5015],[8.42316,47.50268]],[[8.42327,47.50301],[8.42438,47.50356]],[[8.42336,47.5003],[8.42334,47.50117]],[[8.42438,47.50356],[8.42429,47.50427]],[[8.42438,47.50356],[8.42459,47.50385]]]}},{"type":"Feature","properties":{"id":"harberenbach-revier-397-zh","c":"ZH","p":"pacht","q":"official","k":"river"},"geometry":{"type":"MultiLineString","coordinates":[[[8.39377,47.45165],[8.39509,47.4528],[8.39635,47.45338],[8.39768,47.45439],[8.39845,47.45441],[8.39941,47.45519],[8.39943,47.45555],[8.39975,47.45586]],[[8.39379,47.45165],[8.39379,47.45165]],[[8.3998,47.4562],[8.39988,47.45667]],[[8.40797,47.46004],[8.40659,47.46034],[8.40609,47.46022],[8.40336,47.46031]],[[8.40452,47.45736],[8.40545,47.45834]],[[8.40525,47.45878],[8.40588,47.45913],[8.40783,47.45945],[8.40792,47.4598]],[[8.40545,47.45834],[8.40543,47.4584]],[[8.40545,47.45834],[8.40554,47.45839]],[[8.40732,47.45809],[8.40862,47.45771],[8.4091,47.45839]],[[8.40796,47.46003],[8.40797,47.46004]],[[8.40797,47.46004],[8.40909,47.46066],[8.40987,47.46146],[8.4092,47.46378]],[[8.40824,47.46491],[8.40796,47.46626],[8.40822,47.46696]],[[8.4092,47.46378],[8.40854,47.4645]],[[8.4092,47.46378],[8.41128,47.46473],[8.41168,47.46544],[8.41372,47.46674],[8.41406,47.46735],[8.41411,47.4683],[8.41542,47.46895]],[[8.41599,47.46922],[8.41616,47.46973],[8.41597,47.47019]]]}},{"type":"Feature","properties":{"id":"sihl-398-zh","c":"ZH","p":"pacht","q":"official","k":"river"},"geometry":{"type":"MultiLineString","coordinates":[[[8.66074,47.17031],[8.66075,47.17031]],[[8.66075,47.17031],[8.66046,47.16925],[8.66117,47.16816]],[[8.66075,47.17031],[8.66114,47.1703],[8.66141,47.17033],[8.66189,47.17047]],[[8.66117,47.16816],[8.66082,47.16735],[8.66103,47.1654],[8.66081,47.16432],[8.66045,47.16393],[8.66106,47.162]],[[8.66117,47.16816],[8.66205,47.1675],[8.66355,47.16729],[8.6647,47.16694],[8.66677,47.16426],[8.66687,47.16362]],[[8.66189,47.17047],[8.66395,47.17135]],[[8.66189,47.17047],[8.66264,47.16965]],[[8.66395,47.17135],[8.66622,47.17258],[8.66721,47.17269],[8.66852,47.17254]],[[8.66395,47.17135],[8.66496,47.17081]],[[8.6664,47.16156],[8.66534,47.16107]],[[8.66631,47.16138],[8.66615,47.16127],[8.66584,47.16062]],[[8.66631,47.16138],[8.66613,47.15999]],[[8.6664,47.16156],[8.66631,47.16138]],[[8.66659,47.16287],[8.6664,47.16156]],[[8.66687,47.16362],[8.66659,47.16287]],[[8.66659,47.16287],[8.66683,47.16261],[8.66682,47.16186],[8.66705,47.1617]],[[8.66687,47.16362],[8.66924,47.16268],[8.67053,47.16191]],[[8.66705,47.1617],[8.66698,47.1616],[8.6671,47.16103],[8.66748,47.16058],[8.6677,47.1596]],[[8.66705,47.1617],[8.66827,47.15962]],[[8.66852,47.17254],[8.66874,47.17191],[8.66993,47.17035],[8.66942,47.16814],[8.66962,47.1677],[8.67035,47.16721],[8.67309,47.1666]],[[8.66852,47.17254],[8.66877,47.17254],[8.669,47.17256],[8.66921,47.17262],[8.66955,47.17285]],[[8.66955,47.17285],[8.67009,47.17354]],[[8.66955,47.17285],[8.66982,47.17277]],[[8.67009,47.17354],[8.67038,47.17437],[8.6708,47.1746],[8.67188,47.17465],[8.67344,47.17437],[8.67467,47.17477]],[[8.67009,47.17354],[8.67314,47.17316],[8.67515,47.17162]],[[8.67066,47.1726],[8.67115,47.17232]],[[8.67053,47.16191],[8.67086,47.16094]],[[8.67053,47.16191],[8.67124,47.16161]],[[8.67124,47.16161],[8.67183,47.15987]],[[8.67124,47.16161],[8.67164,47.16151]],[[8.67164,47.16151],[8.6729,47.16149]],[[8.67164,47.16151],[8.67267,47.16118],[8.67379,47.16045]],[[8.67309,47.1666],[8.67439,47.16489]],[[8.67309,47.1666],[8.67333,47.16659],[8.67366,47.16667],[8.67409,47.16653]],[[8.67423,47.16459],[8.67361,47.1642]],[[8.67432,47.16411],[8.67392,47.16341]],[[8.67409,47.16653],[8.6757,47.16683]],[[8.67409,47.16653],[8.67409,47.16653]],[[8.67439,47.16489],[8.67423,47.16459]],[[8.67423,47.16459],[8.67432,47.16411]],[[8.67432,47.16411],[8.6745,47.16359],[8.67425,47.16307]],[[8.67439,47.16489],[8.67499,47.16451]],[[8.67445,47.16617],[8.67579,47.16505]],[[8.67467,47.17477],[8.67587,47.17611],[8.67651,47.17647],[8.67739,47.17676],[8.68144,47.17731]],[[8.67467,47.17477],[8.67616,47.17364]],[[8.67515,47.17162],[8.67476,47.17091]],[[8.67524,47.16426],[8.67486,47.16173]],[[8.67499,47.16451],[8.67524,47.16426]],[[8.67499,47.16451],[8.67602,47.16416],[8.67682,47.16334]],[[8.67515,47.17162],[8.67668,47.17102],[8.67871,47.17095],[8.68009,47.17031],[8.68168,47.16987],[8.68232,47.16947]],[[8.67524,47.16426],[8.67579,47.16372]],[[8.6757,47.16683],[8.67733,47.16737]],[[8.6757,47.16683],[8.67666,47.166]],[[8.67579,47.16372],[8.67572,47.16272],[8.67639,47.16189],[8.67654,47.1609]],[[8.67579,47.16372],[8.67697,47.16275]],[[8.67622,47.16482],[8.67705,47.16448]],[[8.67666,47.166],[8.67658,47.16542]],[[8.67666,47.166],[8.67685,47.16578]],[[8.67682,47.16334],[8.67767,47.1626],[8.67895,47.16196]],[[8.67682,47.16334],[8.67933,47.16228]],[[8.67697,47.16275],[8.6769,47.16182],[8.67722,47.16117]],[[8.67697,47.16275],[8.67704,47.16258]],[[8.67705,47.16448],[8.6772,47.16412]],[[8.67705,47.16448],[8.67779,47.16431],[8.67827,47.16385]],[[8.67704,47.16258],[8.67764,47.16142]],[[8.67704,47.16258],[8.67827,47.16139]],[[8.68132,47.16456],[8.68092,47.16239]],[[8.68144,47.17731],[8.68144,47.17731]],[[8.68144,47.17731],[8.68251,47.17566],[8.68264,47.17516],[8.68241,47.17431],[8.68309,47.17348]],[[8.68127,47.16698],[8.68125,47.1657]],[[8.68125,47.1657],[8.68131,47.16541]],[[8.68125,47.1657],[8.68157,47.16539]],[[8.68125,47.1651],[8.68132,47.16456]],[[8.68132,47.16456],[8.68204,47.16354]],[[8.68232,47.16947],[8.68145,47.16724]],[[8.68232,47.16947],[8.68277,47.1694],[8.68348,47.16878],[8.6844,47.16858],[8.68479,47.16832]],[[8.68479,47.16832],[8.68479,47.16832]],[[8.68479,47.16832],[8.68603,47.1669],[8.6866,47.16471]],[[8.68514,47.16823],[8.68674,47.16715],[8.68826,47.16663]],[[8.6866,47.16471],[8.68658,47.16329]],[[8.6866,47.16471],[8.68721,47.164],[8.68727,47.16308]],[[8.68826,47.16663],[8.68975,47.1654],[8.69055,47.16412],[8.69056,47.16368]],[[8.68826,47.16663],[8.68862,47.1666]],[[8.68903,47.16659],[8.68964,47.16686]]]}},{"type":"Feature","properties":{"id":"sihl-399-zh","c":"ZH","p":"pacht","q":"official","k":"river"},"geometry":{"type":"MultiLineString","coordinates":[[[8.62679,47.17765],[8.62515,47.17656],[8.62461,47.17529],[8.62401,47.17468],[8.62386,47.17372],[8.62425,47.17308],[8.62504,47.17262],[8.62602,47.17235],[8.62847,47.17207],[8.63113,47.17218],[8.63281,47.17188]],[[8.62817,47.17928],[8.62682,47.17768]],[[8.62893,47.1796],[8.62999,47.17991]],[[8.63281,47.17188],[8.6337,47.17288],[8.63428,47.17292]],[[8.63281,47.17188],[8.63375,47.17162],[8.63653,47.17175],[8.63859,47.17164],[8.63954,47.17142],[8.63982,47.17111]],[[8.63429,47.17384],[8.63456,47.17389],[8.63508,47.17459],[8.6354,47.17449],[8.63697,47.17542]],[[8.63982,47.17111],[8.6394,47.16968],[8.6398,47.16936],[8.64122,47.16899],[8.64265,47.16899],[8.6464,47.1699]],[[8.63982,47.17111],[8.64022,47.17109],[8.64047,47.17111],[8.64134,47.17134]],[[8.6464,47.1699],[8.64627,47.17104]],[[8.6464,47.1699],[8.64851,47.1702]],[[8.64851,47.1702],[8.64824,47.17107]],[[8.64851,47.1702],[8.65037,47.17036],[8.65227,47.17104],[8.65303,47.17093],[8.65487,47.17006],[8.65569,47.16988],[8.65657,47.16996],[8.65783,47.17049],[8.65874,47.17061]],[[8.65874,47.17061],[8.65865,47.17142]],[[8.65874,47.17061],[8.66074,47.17031]]]}},{"type":"Feature","properties":{"id":"sihl-400-zh","c":"ZH","p":"pacht","q":"official","k":"river"},"geometry":{"type":"MultiLineString","coordinates":[[[8.60319,47.20307],[8.60511,47.20492],[8.60563,47.20515]],[[8.60563,47.20515],[8.60446,47.20559],[8.60394,47.20725]],[[8.60563,47.20515],[8.60605,47.20525],[8.60765,47.2048]],[[8.60765,47.2048],[8.60768,47.20483]],[[8.60765,47.2048],[8.60918,47.20426],[8.61024,47.20299],[8.61282,47.20201],[8.61339,47.20056],[8.61456,47.19987],[8.61547,47.19904],[8.6163,47.19677],[8.61819,47.19454],[8.6182,47.19405],[8.61736,47.19283],[8.61736,47.19238],[8.61895,47.19126],[8.62093,47.19031],[8.62056,47.18789],[8.62429,47.18363]],[[8.6243,47.18362],[8.62533,47.18252]],[[8.62533,47.18252],[8.62623,47.1828],[8.6268,47.18271]],[[8.62533,47.18252],[8.62582,47.18184],[8.62613,47.18069],[8.62786,47.17986]],[[8.62786,47.17986],[8.62888,47.18046]],[[8.62786,47.17986],[8.62812,47.17956]],[[8.62812,47.17956],[8.6285,47.17966]],[[8.62812,47.17956],[8.62817,47.17928]],[[8.62881,47.1796],[8.62893,47.1796]],[[8.62888,47.18046],[8.62951,47.18065]],[[8.62888,47.18046],[8.62908,47.18077]],[[8.62999,47.17991],[8.63002,47.17994]]]}},{"type":"Feature","properties":{"id":"sihl-401-zh","c":"ZH","p":"unknown","q":"stub","k":"river"},"geometry":{"type":"MultiLineString","coordinates":[[[8.57718,47.21866],[8.57717,47.21866]],[[8.57718,47.21866],[8.57718,47.21866]],[[8.57718,47.21866],[8.57778,47.21801],[8.57927,47.21755],[8.58054,47.21754],[8.58203,47.21792],[8.5827,47.21792],[8.58331,47.21761],[8.58349,47.2171]],[[8.58479,47.21066],[8.58469,47.21089],[8.58349,47.21085],[8.58315,47.21104],[8.58298,47.21221],[8.58216,47.21331],[8.58163,47.21335]],[[8.58349,47.2171],[8.58656,47.21747]],[[8.58349,47.2171],[8.58325,47.21672],[8.58142,47.2153],[8.58103,47.21459],[8.58113,47.21397],[8.58202,47.2127],[8.58205,47.21152],[8.58236,47.21085],[8.58329,47.21048],[8.58445,47.21059],[8.58473,47.21063],[8.58521,47.21075],[8.58621,47.21122],[8.58767,47.21249]],[[8.58755,47.21325],[8.58742,47.2134]],[[8.58767,47.21249],[8.58763,47.21304]],[[8.58767,47.21249],[8.58865,47.21253]],[[8.58865,47.21253],[8.58901,47.21323]],[[8.58865,47.21253],[8.59073,47.21165],[8.59138,47.21153],[8.59212,47.21171]],[[8.58928,47.21381],[8.58909,47.21413]],[[8.58916,47.21362],[8.58928,47.21381]],[[8.58928,47.21381],[8.58953,47.21399]],[[8.59212,47.21171],[8.59364,47.21212],[8.59417,47.21206],[8.59484,47.21168]],[[8.59212,47.21171],[8.59172,47.21246],[8.59163,47.21333],[8.59249,47.21377]],[[8.5926,47.21421],[8.59238,47.21455]],[[8.59484,47.21168],[8.59691,47.21253]],[[8.59484,47.21168],[8.59662,47.20974]],[[8.59662,47.20974],[8.59872,47.21041],[8.59972,47.21054],[8.60098,47.21036]],[[8.59662,47.20974],[8.59745,47.2093],[8.59771,47.20855],[8.59663,47.20701],[8.59738,47.20572],[8.5964,47.20528],[8.59639,47.20458],[8.59715,47.20325],[8.59795,47.20271],[8.59836,47.20178],[8.59903,47.20144],[8.60003,47.20157],[8.60196,47.20279],[8.60319,47.20307]]]}},{"type":"Feature","properties":{"id":"sihl-402-zh","c":"ZH","p":"pacht","q":"official","k":"river"},"geometry":{"type":"MultiLineString","coordinates":[[[8.56141,47.22655],[8.56031,47.22745]],[[8.56141,47.22655],[8.56137,47.22743],[8.56196,47.2276],[8.56239,47.22847],[8.56301,47.22871]],[[8.56206,47.22595],[8.56141,47.22655]],[[8.56206,47.22595],[8.56367,47.22631],[8.56418,47.22662]],[[8.56386,47.22428],[8.5626,47.22492],[8.56206,47.22595]],[[8.56386,47.22428],[8.56273,47.22542]],[[8.56378,47.21995],[8.56355,47.22015]],[[8.56386,47.22428],[8.56386,47.22428]],[[8.56577,47.21907],[8.56397,47.21975]],[[8.56418,47.22662],[8.56529,47.22647],[8.56567,47.22664],[8.56614,47.22812],[8.56659,47.22853]],[[8.56418,47.22662],[8.56493,47.22697],[8.56544,47.22781],[8.56499,47.22881],[8.56536,47.22972],[8.5649,47.23052]],[[8.56791,47.22264],[8.56675,47.22271],[8.5645,47.22328]],[[8.56775,47.23396],[8.56679,47.23406]],[[8.56775,47.23396],[8.56685,47.23344]],[[8.56791,47.22264],[8.56773,47.22286],[8.56704,47.2229]],[[8.57237,47.234],[8.57207,47.23381],[8.57104,47.23377],[8.57006,47.23395],[8.5683,47.23387],[8.56775,47.23396]],[[8.57306,47.22147],[8.57073,47.2221],[8.56906,47.22221],[8.56791,47.22264]],[[8.57508,47.2325],[8.57395,47.23253],[8.57307,47.23228],[8.57166,47.23231],[8.56955,47.23199]],[[8.57213,47.22925],[8.57115,47.22969],[8.57013,47.22971]],[[8.57237,47.234],[8.57092,47.23423],[8.57064,47.23446]],[[8.57404,47.22913],[8.57069,47.22787]],[[8.57213,47.22925],[8.57175,47.22914],[8.57163,47.2289],[8.57082,47.22874]],[[8.57306,47.22147],[8.57303,47.22191],[8.57156,47.22364]],[[8.57404,47.22913],[8.57338,47.22923],[8.57253,47.22926],[8.57213,47.22925]],[[8.57309,47.22797],[8.57214,47.22771]],[[8.57567,47.23337],[8.57468,47.23336],[8.57304,47.234],[8.57237,47.234]],[[8.57309,47.22797],[8.57273,47.22768]],[[8.57577,47.22904],[8.57309,47.22797]],[[8.5764,47.21876],[8.57601,47.21868],[8.5746,47.2192],[8.57306,47.22147]],[[8.57574,47.23042],[8.57337,47.23037]],[[8.57577,47.22904],[8.57404,47.22913]],[[8.57676,47.22856],[8.57587,47.22802],[8.57515,47.22722]],[[8.57578,47.23253],[8.57542,47.23251]],[[8.57594,47.23625],[8.57507,47.23502],[8.57567,47.23337]],[[8.57567,47.23337],[8.57578,47.23253]],[[8.57573,47.23104],[8.57857,47.23134],[8.5801,47.23227],[8.58125,47.23248]],[[8.57578,47.23253],[8.57573,47.23104]],[[8.57573,47.23104],[8.57574,47.23042]],[[8.57574,47.23042],[8.57623,47.22917]],[[8.57623,47.22917],[8.57577,47.22904]],[[8.57689,47.23732],[8.57594,47.23625]],[[8.57594,47.23625],[8.57634,47.23617]],[[8.57767,47.22771],[8.57636,47.22696],[8.576,47.22646]],[[8.57623,47.22917],[8.57658,47.22875]],[[8.57658,47.22875],[8.57774,47.22956],[8.57848,47.22969],[8.57932,47.23026],[8.58128,47.23099]],[[8.57658,47.22875],[8.57676,47.22856]],[[8.57685,47.23607],[8.57749,47.23606]],[[8.57748,47.23794],[8.57689,47.23732]],[[8.57689,47.23732],[8.57932,47.23631]],[[8.57676,47.22856],[8.57767,47.22771]],[[8.57717,47.21866],[8.57683,47.21872]],[[8.57749,47.23606],[8.57996,47.2357],[8.58072,47.23537],[8.58117,47.23484]],[[8.57749,47.23606],[8.57778,47.23536],[8.57861,47.23456]],[[8.5778,47.21932],[8.57732,47.21906],[8.57718,47.21866]],[[8.57767,47.22771],[8.57888,47.22705],[8.5807,47.22673]],[[8.5778,47.21932],[8.57764,47.21963]],[[8.57996,47.22154],[8.58003,47.21956],[8.57949,47.21933],[8.5778,47.21932]],[[8.57996,47.22154],[8.57834,47.22188]],[[8.57932,47.23631],[8.58067,47.23637],[8.58186,47.2362]],[[8.57932,47.23631],[8.57987,47.23595],[8.58224,47.23521]],[[8.58222,47.2237],[8.58069,47.22261],[8.57996,47.22154]],[[8.5807,47.22673],[8.58139,47.22813],[8.58359,47.22914],[8.58467,47.22985],[8.58491,47.23111],[8.58685,47.23285]],[[8.5807,47.22673],[8.58317,47.22596]],[[8.58128,47.23099],[8.5817,47.23144],[8.58236,47.2316]],[[8.58128,47.23099],[8.5815,47.23096],[8.58212,47.23109]],[[8.58186,47.2362],[8.58299,47.23636]],[[8.58186,47.2362],[8.58294,47.2356]],[[8.58294,47.22404],[8.58222,47.2237]],[[8.58222,47.2237],[8.58322,47.22212]],[[8.58374,47.22446],[8.58294,47.22404]],[[8.58294,47.22404],[8.58359,47.22325],[8.58575,47.22206],[8.58684,47.2217],[8.58763,47.22105]],[[8.58317,47.22596],[8.58417,47.22695],[8.58425,47.22746],[8.58521,47.22818],[8.58553,47.22892]],[[8.58317,47.22596],[8.58363,47.22574]],[[8.58363,47.22574],[8.58444,47.2263],[8.58545,47.22611],[8.58724,47.22677],[8.58782,47.22746]],[[8.58363,47.22574],[8.58389,47.22548]],[[8.58389,47.22548],[8.58402,47.22492],[8.58374,47.22446]],[[8.58374,47.22446],[8.58467,47.22394]],[[8.58389,47.22548],[8.58535,47.22543]],[[8.58467,47.22394],[8.58569,47.22436],[8.58767,47.22476],[8.58825,47.22472],[8.58841,47.22492]],[[8.58467,47.22394],[8.58788,47.2232],[8.58896,47.22332],[8.58979,47.22364]],[[8.58841,47.22492],[8.58943,47.22684],[8.58926,47.22747]],[[8.58841,47.22492],[8.59001,47.22487]],[[8.58882,47.22067],[8.59009,47.2202]],[[8.59016,47.22014],[8.59161,47.21992],[8.59249,47.21902],[8.59005,47.21847]],[[8.59033,47.22016],[8.5914,47.22106],[8.5919,47.22193]],[[8.59242,47.22231],[8.59348,47.2225],[8.59276,47.22334],[8.59477,47.22387],[8.5956,47.22435],[8.5976,47.22463]]]}},{"type":"Feature","properties":{"id":"sihl-403-zh","c":"ZH","p":"pacht","q":"official","k":"river"},"geometry":{"type":"MultiLineString","coordinates":[[[8.56879,47.23804],[8.56747,47.23841],[8.56676,47.23839]],[[8.57179,47.23832],[8.56979,47.23732],[8.5689,47.23715],[8.56829,47.23668]],[[8.57179,47.23832],[8.56916,47.23808]],[[8.57136,47.239],[8.56926,47.23907]],[[8.57136,47.239],[8.57041,47.23982],[8.56997,47.23989]],[[8.57222,47.2387],[8.5718,47.23965],[8.57072,47.24046],[8.57071,47.2409],[8.57044,47.24111],[8.57004,47.24111]],[[8.57222,47.2387],[8.57136,47.239]],[[8.57278,47.23839],[8.57216,47.23832],[8.57208,47.23831],[8.57179,47.23832]],[[8.57278,47.23839],[8.57222,47.2387]],[[8.57241,47.24499],[8.57406,47.24519],[8.57523,47.24491]],[[8.57657,47.23811],[8.57472,47.23831],[8.57452,47.23812],[8.57421,47.23822],[8.57387,47.23822],[8.57323,47.23835],[8.57288,47.23839],[8.57283,47.23839],[8.57278,47.23839]],[[8.57523,47.24491],[8.57621,47.24643],[8.57812,47.24712]],[[8.57523,47.24491],[8.57578,47.24454]],[[8.57581,47.24451],[8.57639,47.24288],[8.57723,47.24155]],[[8.57748,47.23795],[8.57712,47.23799]],[[8.57723,47.24155],[8.57925,47.24168],[8.58096,47.24229],[8.58171,47.24291],[8.58283,47.24319],[8.5846,47.24329],[8.5855,47.24305],[8.5858,47.24279]],[[8.57723,47.24155],[8.57814,47.24064]],[[8.57748,47.23795],[8.57748,47.23794]],[[8.57857,47.23939],[8.57831,47.2388],[8.57748,47.23795]],[[8.57814,47.24064],[8.57994,47.24105],[8.58221,47.24089],[8.58384,47.2404]],[[8.57814,47.24064],[8.57857,47.23939]],[[8.57852,47.24724],[8.57881,47.24772]],[[8.57857,47.23939],[8.58033,47.23908]],[[8.58033,47.23908],[8.58083,47.23851],[8.58161,47.23813]],[[8.58033,47.23908],[8.58186,47.23872],[8.58304,47.23805]],[[8.58384,47.2404],[8.58431,47.24051],[8.58618,47.23958],[8.58689,47.23944],[8.58676,47.23877]],[[8.58384,47.2404],[8.58457,47.23962],[8.58489,47.23959]],[[8.58799,47.24197],[8.58824,47.24188]],[[8.5898,47.23758],[8.59028,47.23698],[8.58891,47.23637]],[[8.58955,47.24052],[8.58962,47.24037]]]}},{"type":"Feature","properties":{"id":"sihl-404-zh","c":"ZH","p":"pacht","q":"official","k":"river"},"geometry":{"type":"MultiLineString","coordinates":[[[8.54471,47.26035],[8.54353,47.25866],[8.5426,47.25791]],[[8.54471,47.26035],[8.54375,47.26033],[8.54305,47.26001]],[[8.54661,47.26028],[8.54604,47.26038],[8.54471,47.26035]],[[8.55136,47.25936],[8.54951,47.25937],[8.54852,47.25914],[8.54709,47.25909],[8.54647,47.25889],[8.54591,47.25837],[8.54492,47.25788]],[[8.54556,47.25531],[8.54492,47.25508]],[[8.54556,47.25531],[8.5454,47.25457]],[[8.55027,47.25595],[8.54885,47.25633],[8.54803,47.25626],[8.54704,47.25584],[8.54652,47.25582],[8.54556,47.25531]],[[8.55402,47.26345],[8.55341,47.26279],[8.55348,47.26244],[8.55303,47.26214],[8.55248,47.2622],[8.55151,47.26182],[8.55035,47.2617],[8.54879,47.26201],[8.54795,47.2616],[8.54717,47.26174],[8.54587,47.26141]],[[8.55001,47.25453],[8.54647,47.25372],[8.54583,47.25324]],[[8.55493,47.26025],[8.55305,47.26113],[8.55208,47.26104],[8.55045,47.26028],[8.54944,47.26016],[8.54777,47.26044],[8.54688,47.26032]],[[8.55001,47.25453],[8.54816,47.25295],[8.54751,47.25266],[8.54703,47.2521]],[[8.55136,47.25936],[8.55098,47.25896],[8.54917,47.25856],[8.54797,47.25775],[8.54727,47.2578]],[[8.55047,47.2551],[8.54988,47.25514],[8.54752,47.25453]],[[8.55264,47.25613],[8.55259,47.25477],[8.55169,47.254],[8.55173,47.25362],[8.55106,47.25292],[8.55072,47.25173],[8.54872,47.25102],[8.54829,47.25022]],[[8.55027,47.25595],[8.5491,47.25541],[8.54863,47.25542]],[[8.55209,47.25821],[8.55114,47.25754],[8.54894,47.25729]],[[8.55402,47.26345],[8.5536,47.26361],[8.55251,47.26339],[8.55171,47.26289],[8.54941,47.26289]],[[8.55489,47.26426],[8.55251,47.26359],[8.55007,47.26346]],[[8.55047,47.2551],[8.55001,47.25453]],[[8.55647,47.25103],[8.55608,47.25071],[8.5534,47.24995],[8.5511,47.24889],[8.54996,47.24856]],[[8.55133,47.25582],[8.55066,47.256],[8.55027,47.25595]],[[8.55133,47.25582],[8.55047,47.2551]],[[8.55493,47.26025],[8.55426,47.26021],[8.55311,47.2594],[8.55236,47.25951],[8.55136,47.25936]],[[8.55264,47.25613],[8.55133,47.25582]],[[8.56158,47.25776],[8.56051,47.25731],[8.55948,47.25725],[8.55931,47.25698],[8.5587,47.2568],[8.55684,47.25416],[8.55412,47.25266],[8.55254,47.25224],[8.55213,47.25172]],[[8.55515,47.26009],[8.55229,47.25833]],[[8.55842,47.2591],[8.55802,47.25847],[8.55723,47.25807],[8.55582,47.25789],[8.55532,47.25756],[8.55494,47.25772],[8.55338,47.25706],[8.55264,47.25613]],[[8.55647,47.25103],[8.55649,47.25066],[8.5559,47.24979],[8.55357,47.24813]],[[8.55489,47.26426],[8.55402,47.26345]],[[8.55783,47.24892],[8.55752,47.24835],[8.55615,47.24737],[8.55465,47.24592],[8.55449,47.24551]],[[8.55855,47.26584],[8.55608,47.26523],[8.55489,47.26426]],[[8.55515,47.26009],[8.55493,47.26025]],[[8.55842,47.2591],[8.55784,47.25905],[8.55707,47.25954],[8.55515,47.26009]],[[8.55783,47.24892],[8.55646,47.24858],[8.55539,47.24776]],[[8.5565,47.2512],[8.55647,47.25103]],[[8.56351,47.25713],[8.56308,47.25669],[8.56316,47.25638],[8.56266,47.25565],[8.56292,47.25543],[8.56245,47.25464],[8.56057,47.25485],[8.56022,47.25457],[8.55885,47.25414],[8.55789,47.25283],[8.55698,47.25226],[8.55654,47.2514]],[[8.55716,47.24504],[8.55787,47.24522]],[[8.55787,47.24522],[8.55732,47.24485]],[[8.55787,47.24522],[8.55767,47.2447]],[[8.56779,47.25137],[8.56699,47.25142],[8.56587,47.25105],[8.5655,47.25109],[8.56451,47.25064],[8.56311,47.25043],[8.56155,47.24983],[8.55914,47.24951],[8.55783,47.24892]],[[8.56755,47.24858],[8.5653,47.24868],[8.56398,47.24838],[8.56324,47.24772],[8.56156,47.24717],[8.5608,47.2466],[8.55987,47.24639],[8.55912,47.24576],[8.55787,47.24522]],[[8.56032,47.25937],[8.55842,47.2591]],[[8.55886,47.26796],[8.55907,47.26725]],[[8.55907,47.26725],[8.55947,47.26732],[8.55977,47.26696],[8.56248,47.26752],[8.56349,47.26743]],[[8.55907,47.26725],[8.55957,47.26584]],[[8.55957,47.26584],[8.55915,47.26577]],[[8.55957,47.26584],[8.55965,47.26555]],[[8.55965,47.26555],[8.56097,47.26568],[8.56244,47.26623],[8.5644,47.26629],[8.56479,47.26609],[8.5653,47.26532],[8.56617,47.26534],[8.56684,47.26468],[8.56748,47.26447],[8.56871,47.26458],[8.56893,47.26443],[8.56919,47.26455],[8.56943,47.26419],[8.57001,47.26415],[8.57016,47.26376],[8.5708,47.26369],[8.57114,47.26328],[8.57249,47.26278]],[[8.55965,47.26555],[8.55969,47.26317],[8.56113,47.26175],[8.5613,47.26128],[8.56121,47.26084],[8.56049,47.26017],[8.56032,47.25937]],[[8.5675,47.24765],[8.56613,47.24759],[8.56509,47.24713],[8.56297,47.24564],[8.56157,47.24526],[8.55982,47.2432]],[[8.56032,47.25937],[8.56078,47.25839],[8.56158,47.25776]],[[8.56701,47.24579],[8.56606,47.24564],[8.56572,47.24537],[8.56445,47.24504],[8.56399,47.24428],[8.563,47.24361],[8.56227,47.24342],[8.56139,47.24268],[8.56056,47.24236]],[[8.56144,47.25995],[8.56259,47.25923],[8.56307,47.25922]],[[8.56701,47.24579],[8.56497,47.24295],[8.56381,47.24258],[8.5629,47.24256],[8.56235,47.24209],[8.56118,47.24177]],[[8.56158,47.25776],[8.56351,47.25713]],[[8.56307,47.25922],[8.56447,47.25944],[8.5654,47.2599],[8.56686,47.25985],[8.56886,47.26039]],[[8.56307,47.25922],[8.56334,47.25904],[8.56478,47.25919]],[[8.56351,47.25713],[8.56573,47.25654],[8.56693,47.25582]],[[8.56921,47.24523],[8.56768,47.24326],[8.56655,47.24241],[8.56643,47.24199]],[[8.56693,47.25582],[8.56852,47.25661]],[[8.56693,47.25582],[8.56747,47.25516]],[[8.56806,47.24613],[8.56701,47.24579]],[[8.56747,47.25516],[8.56779,47.25524]],[[8.56747,47.25516],[8.56794,47.25422]],[[8.56755,47.24858],[8.5675,47.24765]],[[8.5675,47.24765],[8.56765,47.24698]],[[8.56779,47.25137],[8.56786,47.25026],[8.56755,47.24858]],[[8.56755,47.24858],[8.56755,47.24858]],[[8.56765,47.24698],[8.56806,47.24613]],[[8.56765,47.24698],[8.56787,47.24696],[8.56868,47.24716],[8.56941,47.24716],[8.56983,47.2473],[8.57039,47.24726]],[[8.56799,47.25236],[8.56779,47.25137]],[[8.56794,47.25422],[8.57027,47.25447]],[[8.56794,47.25422],[8.56799,47.25236]],[[8.56799,47.25236],[8.56821,47.25236],[8.56874,47.25232],[8.56948,47.25214]],[[8.56806,47.25533],[8.56919,47.25554],[8.56997,47.25597]],[[8.56806,47.24613],[8.56848,47.24557],[8.56921,47.24523]],[[8.56921,47.24523],[8.57133,47.24492]],[[8.56948,47.25214],[8.57027,47.25248],[8.57072,47.25248],[8.57182,47.25194]],[[8.56948,47.25214],[8.57051,47.25168],[8.57189,47.25159]],[[8.57027,47.25447],[8.57163,47.25513]],[[8.57027,47.25447],[8.57208,47.25432],[8.57306,47.25446]],[[8.57151,47.24445],[8.57126,47.24415],[8.57133,47.24369],[8.57089,47.24322]],[[8.57133,47.24492],[8.57241,47.24499]],[[8.57133,47.24492],[8.57146,47.24467]]]}},{"type":"Feature","properties":{"id":"sihl-405-zh","c":"ZH","p":"pacht","q":"official","k":"river"},"geometry":{"type":"MultiLineString","coordinates":[[[8.53117,47.27453],[8.52981,47.27423],[8.52833,47.27449],[8.52796,47.27441]],[[8.52937,47.27262],[8.52819,47.27163]],[[8.52937,47.27262],[8.52932,47.27171],[8.52881,47.27128]],[[8.54388,47.27594],[8.54233,47.27517],[8.54059,47.27524],[8.53952,47.27438],[8.53823,47.27404],[8.53744,47.27349],[8.53595,47.2731],[8.53386,47.27156],[8.53283,47.26981],[8.53101,47.26893],[8.52974,47.26881],[8.52925,47.26859]],[[8.53117,47.27453],[8.53011,47.27312],[8.52937,47.27262]],[[8.5339,47.27474],[8.53117,47.27453]],[[8.54124,47.27673],[8.54063,47.27636],[8.53795,47.27585],[8.53541,47.2751]],[[8.53709,47.26699],[8.53631,47.26709],[8.53536,47.26652]],[[8.54513,47.27589],[8.54448,47.27518],[8.54364,47.27469],[8.54318,47.27463],[8.54227,47.2737],[8.54147,47.2733],[8.54104,47.27284],[8.53999,47.27263],[8.53887,47.27188],[8.53789,47.27081],[8.53702,47.27059],[8.53671,47.2696],[8.53565,47.26817]],[[8.53709,47.26699],[8.5365,47.26689],[8.5357,47.26542]],[[8.54804,47.26901],[8.54712,47.26901],[8.54469,47.2684],[8.54353,47.26854],[8.54263,47.26887],[8.5397,47.26813],[8.53888,47.26826],[8.53748,47.26765],[8.53752,47.26728],[8.53721,47.26702],[8.53714,47.26699],[8.53709,47.26699]],[[8.53843,47.26097],[8.53822,47.2608],[8.53741,47.26078]],[[8.53843,47.26097],[8.53757,47.26139]],[[8.53919,47.26131],[8.53843,47.26097]],[[8.54596,47.26737],[8.54558,47.26664],[8.54471,47.26614],[8.54327,47.26569],[8.54217,47.26566],[8.54165,47.26528],[8.5416,47.26452],[8.53933,47.26342],[8.53919,47.26312],[8.53941,47.26271],[8.53892,47.26245],[8.53924,47.26187],[8.53919,47.26131]],[[8.53919,47.26131],[8.53907,47.25991],[8.5423,47.25662]],[[8.54162,47.26333],[8.54075,47.26314]],[[8.54124,47.27673],[8.54124,47.27674]],[[8.54388,47.27594],[8.54254,47.27665],[8.54124,47.27673]],[[8.54162,47.26333],[8.54117,47.2626]],[[8.55092,47.26758],[8.55058,47.26757],[8.55046,47.26725],[8.54988,47.26711],[8.54945,47.26667],[8.54728,47.26571],[8.54579,47.26461],[8.54471,47.26415],[8.54317,47.26383],[8.54242,47.26341],[8.54162,47.26333]],[[8.5442,47.27216],[8.5431,47.27184],[8.54202,47.27181]],[[8.5426,47.25791],[8.54217,47.25776]],[[8.54281,47.28323],[8.54261,47.28276],[8.54292,47.2823],[8.54538,47.28141],[8.54703,47.28]],[[8.54596,47.26737],[8.5446,47.26692],[8.54364,47.26626],[8.54298,47.26649]],[[8.5442,47.27216],[8.54342,47.27117],[8.54353,47.27069],[8.54321,47.27025]],[[8.54862,47.26816],[8.54729,47.26627],[8.54539,47.26533],[8.54481,47.26525],[8.54361,47.2647]],[[8.54513,47.27589],[8.54442,47.27575],[8.54425,47.2759],[8.544,47.27596],[8.54388,47.27594]],[[8.54659,47.27352],[8.54578,47.27325],[8.54504,47.27243],[8.5442,47.27216]],[[8.5473,47.2642],[8.54457,47.26325]],[[8.54659,47.27975],[8.54673,47.27947],[8.54608,47.27911],[8.54632,47.27894],[8.54611,47.27872],[8.54646,47.27749],[8.54603,47.277],[8.54609,47.27664],[8.54565,47.27663],[8.54565,47.27635],[8.54513,47.27589]],[[8.5473,47.2642],[8.54733,47.26323],[8.54688,47.2627],[8.54526,47.26222]],[[8.54804,47.26901],[8.54768,47.26863],[8.54676,47.26821],[8.54596,47.26737]],[[8.54659,47.27352],[8.54615,47.27211]],[[8.54703,47.28],[8.54659,47.27975]],[[8.54932,47.27556],[8.54792,47.27605],[8.54703,47.27576],[8.54663,47.27507],[8.54659,47.27352]],[[8.54703,47.28],[8.54829,47.27928],[8.55003,47.27878]],[[8.55048,47.26688],[8.55009,47.26638],[8.549,47.2659],[8.5473,47.2642]],[[8.5491,47.26921],[8.54804,47.26901]],[[8.5491,47.26921],[8.5488,47.26833]],[[8.55142,47.27209],[8.55196,47.27161],[8.55178,47.27129],[8.5521,47.27112],[8.55206,47.27029],[8.55044,47.2696],[8.54948,47.26942],[8.54927,47.26932],[8.54919,47.26925],[8.54912,47.26921],[8.5491,47.26921]],[[8.55003,47.27878],[8.55045,47.27907],[8.54972,47.27953],[8.55049,47.28032]],[[8.55003,47.27878],[8.55091,47.27838],[8.55129,47.27771],[8.55033,47.27546]],[[8.55033,47.27546],[8.55009,47.27543]],[[8.55033,47.27546],[8.55022,47.27475]],[[8.55022,47.27475],[8.54981,47.2732],[8.5507,47.27274]],[[8.55022,47.27475],[8.55039,47.27464]],[[8.5507,47.27274],[8.55121,47.27228]],[[8.5507,47.27274],[8.55105,47.27273],[8.55341,47.27287],[8.55462,47.27263],[8.55585,47.27183],[8.55716,47.27025]],[[8.55092,47.26758],[8.55061,47.26705]],[[8.551,47.27428],[8.55196,47.27401],[8.55244,47.27405]],[[8.5561,47.26965],[8.55423,47.2687],[8.55333,47.26873],[8.55207,47.26849],[8.55141,47.26771],[8.55092,47.26758]],[[8.55292,47.27413],[8.55342,47.2743],[8.55418,47.27421]],[[8.55396,47.27804],[8.55631,47.2768],[8.55702,47.27665]],[[8.55716,47.27025],[8.55629,47.2699]],[[8.5564,47.27428],[8.55682,47.27417]],[[8.55716,47.27025],[8.55886,47.26796]]]}},{"type":"Feature","properties":{"id":"sihl-406-zh","c":"ZH","p":"pacht","q":"official","k":"river"},"geometry":{"type":"MultiLineString","coordinates":[[[8.53521,47.29785],[8.53718,47.29615]],[[8.53718,47.29615],[8.54052,47.29806]],[[8.53718,47.29615],[8.53901,47.29495]],[[8.53901,47.29495],[8.53997,47.29555]],[[8.53901,47.29495],[8.54211,47.29357],[8.54262,47.29309],[8.54285,47.29251]],[[8.54285,47.29251],[8.54372,47.29269]],[[8.54285,47.29251],[8.54316,47.29152],[8.54454,47.28959],[8.54502,47.2885]],[[8.54446,47.28442],[8.54281,47.28323]],[[8.54372,47.29269],[8.54395,47.29262]],[[8.54372,47.29269],[8.54403,47.29279]],[[8.54503,47.28848],[8.54524,47.28602],[8.54446,47.28442]],[[8.54446,47.28442],[8.54449,47.28442]]]}},{"type":"Feature","properties":{"id":"sihl-407-zh","c":"ZH","p":"pacht","q":"official","k":"river"},"geometry":{"type":"MultiLineString","coordinates":[[[8.50369,47.32254],[8.50318,47.32255],[8.50141,47.32199]],[[8.50369,47.32254],[8.50259,47.32153],[8.50184,47.32121]],[[8.50643,47.32752],[8.50568,47.3277],[8.50403,47.32768],[8.50238,47.32719]],[[8.50975,47.32894],[8.50877,47.32954],[8.50705,47.3295],[8.50655,47.32997],[8.50531,47.33013],[8.50271,47.33114],[8.50249,47.33137]],[[8.50466,47.32281],[8.50312,47.3211]],[[8.50466,47.32281],[8.50369,47.32254]],[[8.50896,47.32027],[8.50554,47.3199],[8.50435,47.3194]],[[8.51331,47.32531],[8.51277,47.32484],[8.51207,47.32464],[8.51113,47.32382],[8.50925,47.32369],[8.50716,47.32253],[8.50702,47.32261],[8.50493,47.32281],[8.50466,47.32281]],[[8.50643,47.32752],[8.50602,47.32631],[8.5053,47.32559]],[[8.50874,47.31942],[8.5077,47.31912],[8.50732,47.31922],[8.50602,47.31861],[8.5054,47.31811],[8.50535,47.31777]],[[8.51098,47.31727],[8.51007,47.31749],[8.50892,47.31695],[8.5071,47.31687],[8.50632,47.31664],[8.50561,47.31602]],[[8.50975,47.32894],[8.50697,47.32823],[8.50643,47.32752]],[[8.50874,47.31942],[8.50866,47.31921],[8.50722,47.31848],[8.50669,47.31793]],[[8.50722,47.31257],[8.50696,47.31256]],[[8.50722,47.31257],[8.50702,47.31242]],[[8.51179,47.31465],[8.51139,47.3145],[8.5108,47.31365],[8.50907,47.31339],[8.50722,47.31257]],[[8.51037,47.31694],[8.51032,47.31644],[8.50977,47.31593],[8.5082,47.31568],[8.5078,47.3158],[8.5073,47.31522]],[[8.51425,47.32275],[8.51296,47.32289],[8.51162,47.32222],[8.50961,47.322],[8.5095,47.32167],[8.50794,47.32206]],[[8.51053,47.30489],[8.50843,47.30479]],[[8.50896,47.32027],[8.50874,47.32008],[8.50895,47.3198],[8.50874,47.31942]],[[8.51432,47.29636],[8.51376,47.29629],[8.51305,47.29665],[8.51168,47.29655],[8.50988,47.296],[8.50875,47.29615],[8.50843,47.29569]],[[8.51603,47.3231],[8.51527,47.32234],[8.51324,47.32193],[8.5123,47.32145],[8.5107,47.3213],[8.51028,47.32087],[8.50896,47.32027]],[[8.51056,47.29333],[8.5103,47.29307],[8.50929,47.29302],[8.50901,47.29265]],[[8.51256,47.32859],[8.51183,47.32869],[8.51146,47.32897],[8.50975,47.32894]],[[8.51053,47.30489],[8.51009,47.3052],[8.50948,47.30525]],[[8.51412,47.29949],[8.51334,47.29958],[8.51025,47.29908],[8.50937,47.29933]],[[8.51037,47.31694],[8.50974,47.31644]],[[8.51109,47.30475],[8.50991,47.30457]],[[8.51098,47.31727],[8.51037,47.31694]],[[8.51282,47.29873],[8.51247,47.29852],[8.51163,47.29863],[8.51005,47.29845]],[[8.51109,47.30475],[8.51053,47.30489]],[[8.51219,47.29345],[8.51122,47.29301],[8.51035,47.29195]],[[8.51595,47.31915],[8.51542,47.31893],[8.51484,47.31902],[8.51355,47.31883],[8.5123,47.31774],[8.51098,47.31727]],[[8.51828,47.3065],[8.51497,47.30755],[8.51083,47.30767]],[[8.51359,47.3049],[8.51349,47.30434],[8.51304,47.30402],[8.51094,47.3038]],[[8.51219,47.29345],[8.5113,47.29361],[8.51077,47.29345]],[[8.51315,47.31192],[8.51209,47.31201],[8.51116,47.31145]],[[8.51359,47.3049],[8.5126,47.30477],[8.51208,47.30481],[8.51164,47.30474],[8.51109,47.30475]],[[8.51315,47.31192],[8.51202,47.31133],[8.5117,47.31067]],[[8.51282,47.29873],[8.51297,47.29831],[8.51178,47.29776]],[[8.51766,47.3195],[8.5173,47.31891],[8.51535,47.31752],[8.51246,47.31639],[8.51299,47.31509],[8.51289,47.31481],[8.51253,47.31472]],[[8.51333,47.29365],[8.51242,47.29343],[8.51219,47.29345]],[[8.5126,47.29228],[8.51232,47.29219]],[[8.5126,47.29228],[8.51238,47.2916]],[[8.51732,47.30099],[8.51687,47.30119],[8.51651,47.30102],[8.51589,47.30116],[8.51499,47.30096],[8.5137,47.3012],[8.51277,47.30103]],[[8.51333,47.29365],[8.51361,47.29317],[8.5126,47.29228]],[[8.51412,47.29949],[8.51337,47.29922],[8.51282,47.29873]],[[8.51782,47.31299],[8.5173,47.31304],[8.51661,47.3128],[8.51503,47.3129],[8.51315,47.31192]],[[8.51786,47.3286],[8.51455,47.32772],[8.51352,47.32775]],[[8.51421,47.3253],[8.51383,47.32515],[8.51358,47.32532]],[[8.51432,47.29636],[8.51402,47.29599],[8.51421,47.29527],[8.51405,47.29474],[8.51333,47.29365]],[[8.51828,47.3065],[8.51721,47.3059],[8.51527,47.30575],[8.51359,47.3049]],[[8.51603,47.3231],[8.51554,47.32313],[8.51451,47.32272]],[[8.51638,47.30026],[8.51446,47.29981],[8.51412,47.29949]],[[8.51532,47.32542],[8.51469,47.32551]],[[8.51638,47.30026],[8.5159,47.29978],[8.51435,47.29905]],[[8.52224,47.30112],[8.52185,47.29991],[8.52113,47.2991],[8.52084,47.29897],[8.5196,47.29908],[8.51863,47.29896],[8.51749,47.29784],[8.51521,47.29694],[8.51432,47.29636]],[[8.51815,47.3253],[8.51691,47.32548],[8.51567,47.32545]],[[8.51869,47.32386],[8.51772,47.3232],[8.51643,47.32308],[8.51603,47.3231]],[[8.51766,47.3195],[8.51713,47.31953],[8.5164,47.31923]],[[8.51732,47.30099],[8.51638,47.30026]],[[8.5175,47.30331],[8.51688,47.30362]],[[8.52042,47.32047],[8.52001,47.32009],[8.5192,47.32011],[8.51766,47.3195]],[[8.52085,47.3024],[8.51732,47.30099]],[[8.5178,47.30301],[8.51738,47.303]],[[8.5184,47.32889],[8.51805,47.32875]],[[8.5178,47.30301],[8.51776,47.30305]],[[8.5183,47.32901],[8.51834,47.32897]],[[8.51822,47.3031],[8.5178,47.30301]],[[8.51835,47.32896],[8.5184,47.32889]],[[8.51913,47.3128],[8.51807,47.31291]],[[8.5184,47.32889],[8.51942,47.32735],[8.51902,47.32547]],[[8.51845,47.32892],[8.51845,47.32896]],[[8.52207,47.30621],[8.5206,47.30665],[8.51955,47.30672],[8.51828,47.3065]],[[8.51902,47.32547],[8.51867,47.32534]],[[8.51895,47.3241],[8.51893,47.32404]],[[8.51902,47.32541],[8.51872,47.32512],[8.51895,47.3241]],[[8.51895,47.3241],[8.52056,47.3226]],[[8.51902,47.32547],[8.51902,47.32541]],[[8.51902,47.32541],[8.51923,47.32478],[8.51987,47.32431],[8.52061,47.32415],[8.52323,47.32415],[8.5243,47.32354]],[[8.52008,47.3156],[8.51895,47.31512]],[[8.52197,47.31242],[8.51952,47.31275]],[[8.52057,47.30308],[8.51945,47.30307]],[[8.52078,47.3038],[8.51959,47.30371]],[[8.52014,47.31561],[8.52008,47.3156]],[[8.52111,47.31563],[8.52043,47.31585],[8.52008,47.3156]],[[8.52085,47.3024],[8.52061,47.30259]],[[8.5233,47.30241],[8.5219,47.30253],[8.52085,47.3024]],[[8.5233,47.30241],[8.5227,47.30196],[8.52241,47.30143]],[[8.52417,47.30293],[8.5233,47.30241]],[[8.5242,47.30568],[8.52392,47.30576]],[[8.5243,47.32354],[8.52493,47.32351],[8.52583,47.32287]],[[8.5243,47.32354],[8.52469,47.32036],[8.52568,47.31911],[8.52739,47.31797]],[[8.52654,47.31037],[8.52638,47.3092],[8.5242,47.30568]],[[8.5242,47.30568],[8.52416,47.30503],[8.5247,47.30452]],[[8.5247,47.30452],[8.52479,47.30417],[8.52452,47.304]],[[8.5247,47.30452],[8.52687,47.3036],[8.52853,47.30158],[8.53044,47.30056]],[[8.52612,47.31262],[8.52581,47.31254]],[[8.52609,47.32297],[8.52667,47.3233],[8.52813,47.32344]],[[8.52943,47.31629],[8.52907,47.31582],[8.52701,47.31436],[8.52612,47.31262]],[[8.52612,47.31262],[8.52648,47.31067]],[[8.52648,47.31067],[8.52675,47.31068]],[[8.52648,47.31067],[8.52651,47.31057]],[[8.52739,47.31797],[8.52782,47.31806]],[[8.52739,47.31797],[8.52918,47.31695],[8.52943,47.31629]],[[8.52844,47.31018],[8.53002,47.30987],[8.53169,47.30922]],[[8.52907,47.32334],[8.52927,47.32333]],[[8.52934,47.31858],[8.5299,47.31847]],[[8.52943,47.31629],[8.52961,47.31609]],[[8.53044,47.30056],[8.53044,47.30056]],[[8.53044,47.30056],[8.53295,47.29953],[8.53494,47.29811]],[[8.53253,47.29611],[8.53173,47.29572],[8.53074,47.29489]],[[8.53188,47.31345],[8.53385,47.31285]],[[8.53332,47.29652],[8.53253,47.29611]],[[8.53494,47.29811],[8.53471,47.29797]],[[8.53494,47.29811],[8.53521,47.29785]],[[8.53575,47.30834],[8.53585,47.30667]]]}},{"type":"Feature","properties":{"id":"sihl-408-zh","c":"ZH","p":"pacht","q":"official","k":"river"},"geometry":{"type":"MultiLineString","coordinates":[[[8.51631,47.34953],[8.51594,47.34957]],[[8.51641,47.34805],[8.51615,47.34795]],[[8.51882,47.35118],[8.51738,47.3507],[8.51631,47.34953]],[[8.51631,47.34953],[8.51616,47.34884],[8.51641,47.34805]],[[8.51641,47.34805],[8.5173,47.34607]],[[8.5173,47.34607],[8.5171,47.34577]],[[8.51729,47.33067],[8.51696,47.33065]],[[8.5173,47.34607],[8.51806,47.34518],[8.51841,47.34418]],[[8.51755,47.3315],[8.51729,47.33067]],[[8.51729,47.33067],[8.5183,47.32901]],[[8.51755,47.3315],[8.51732,47.33157]],[[8.51765,47.33767],[8.51755,47.33733]],[[8.51848,47.344],[8.51866,47.34279],[8.51802,47.34145],[8.51681,47.34004],[8.51651,47.33925],[8.51667,47.33847],[8.51765,47.33767]],[[8.51765,47.33767],[8.51999,47.33629],[8.5206,47.33566],[8.52087,47.33495],[8.52043,47.33406],[8.51755,47.3315]],[[8.51834,47.32897],[8.51835,47.32896]],[[8.51845,47.32978],[8.51889,47.33104],[8.5209,47.33371],[8.52124,47.33448]],[[8.51845,47.32896],[8.51846,47.32935]],[[8.51898,47.34459],[8.51774,47.34659],[8.51713,47.3488],[8.51748,47.34972],[8.51908,47.35103]],[[8.52071,47.33626],[8.52077,47.33719],[8.52136,47.33883]]]}},{"type":"Feature","properties":{"id":"sihl-409-zh","c":"ZH","p":"pacht","q":"official","k":"river"},"geometry":{"type":"MultiLineString","coordinates":[[[8.52436,47.353],[8.52284,47.35224],[8.51882,47.35118]],[[8.51908,47.35103],[8.51917,47.35121]],[[8.52315,47.36469],[8.52279,47.36465]],[[8.52315,47.36469],[8.52299,47.36428]],[[8.52355,47.36536],[8.52315,47.36469]],[[8.52743,47.36835],[8.52474,47.36656],[8.52367,47.36552]],[[8.52465,47.35332],[8.52456,47.3532]]]}},{"type":"Feature","properties":{"id":"sihl-410-zh","c":"ZH","p":"pacht","q":"official","k":"river"},"geometry":{"type":"MultiLineString","coordinates":[[[8.53083,47.37103],[8.52976,47.36989],[8.52743,47.36835]],[[8.53215,47.37317],[8.53093,47.37121]],[[8.53515,47.37623],[8.53329,47.37471],[8.53227,47.37336]],[[8.53656,47.37735],[8.53535,47.37638]],[[8.53656,47.37735],[8.53646,47.37714]],[[8.53709,47.37787],[8.53656,47.37735]],[[8.53865,47.38084],[8.53809,47.37945]],[[8.53843,47.38202],[8.53865,47.38086]]]}},{"type":"Feature","properties":{"id":"teufenbachweiher-revier-411-zh","c":"ZH","p":"pacht","q":"official","k":"river"},"geometry":{"type":"MultiLineString","coordinates":[[[8.6268,47.17766],[8.62679,47.17765]],[[8.62682,47.17768],[8.6268,47.17766]],[[8.6268,47.17766],[8.62775,47.17708],[8.62879,47.17713],[8.63155,47.17836],[8.63244,47.17856],[8.63329,47.17928]],[[8.63351,47.17944],[8.63563,47.18081],[8.63653,47.18054]],[[8.63408,47.17905],[8.63485,47.17852],[8.63553,47.1784],[8.6365,47.17853],[8.63765,47.1781],[8.63783,47.17779],[8.63757,47.17752],[8.63792,47.17708]],[[8.63981,47.18271],[8.63994,47.18319],[8.63932,47.18327]],[[8.64076,47.18126],[8.64099,47.18187],[8.64146,47.18191],[8.64317,47.18305]],[[8.64102,47.18054],[8.64169,47.18048],[8.64192,47.1803],[8.64221,47.18038],[8.64261,47.18007],[8.64303,47.18014]],[[8.64303,47.18014],[8.6436,47.1799]],[[8.64303,47.18014],[8.64281,47.18028],[8.64296,47.18049],[8.644,47.18039],[8.64483,47.18006],[8.64487,47.17986],[8.64544,47.17972],[8.64618,47.17986],[8.64687,47.17955],[8.64691,47.17912],[8.64951,47.17725],[8.64976,47.17662]],[[8.64317,47.18305],[8.64419,47.18348]],[[8.64317,47.18305],[8.6442,47.18274]],[[8.65357,47.17423],[8.65381,47.17412]]]}},{"type":"Feature","properties":{"id":"sagenbach-schoenenberg-revier-412-zh","c":"ZH","p":"pacht","q":"official","k":"river"},"geometry":{"type":"MultiLineString","coordinates":[[[8.62358,47.19254],[8.62375,47.19312],[8.62359,47.19379]],[[8.62414,47.19199],[8.62379,47.19235]],[[8.62429,47.18363],[8.6243,47.18362]],[[8.6243,47.18362],[8.62516,47.18409]],[[8.6243,47.18362],[8.6243,47.18362]],[[8.62482,47.19143],[8.62481,47.19144]],[[8.62482,47.19143],[8.62553,47.19228],[8.62707,47.19276],[8.62827,47.19245],[8.62903,47.19251]],[[8.6285,47.18755],[8.62838,47.18783],[8.62806,47.18788],[8.62817,47.1881],[8.62689,47.18915],[8.62562,47.18962],[8.62554,47.19032],[8.6249,47.19056],[8.62519,47.19079],[8.62475,47.19119],[8.62482,47.19143]],[[8.62516,47.18409],[8.62566,47.18466],[8.62777,47.1856],[8.62839,47.18633],[8.6285,47.18755]],[[8.62516,47.18409],[8.62581,47.18385],[8.62662,47.18397]],[[8.6285,47.18755],[8.62851,47.18753],[8.6288,47.18759],[8.62913,47.18776],[8.62984,47.18768],[8.63055,47.18793]],[[8.62919,47.19256],[8.63085,47.19249],[8.63095,47.19267],[8.63158,47.19264]],[[8.63102,47.18813],[8.63189,47.18898],[8.6332,47.18847],[8.63425,47.18844]],[[8.63158,47.19264],[8.63147,47.19303]],[[8.63158,47.19264],[8.63254,47.19228]],[[8.63222,47.19178],[8.63211,47.19103]],[[8.63254,47.19228],[8.63222,47.19178]],[[8.63222,47.19178],[8.63288,47.19157],[8.63353,47.19109],[8.63514,47.19153],[8.63579,47.19125],[8.63659,47.19123],[8.63745,47.19096],[8.63811,47.19121],[8.63832,47.19163],[8.63936,47.19189]],[[8.63254,47.19228],[8.63257,47.19228],[8.63297,47.19236],[8.6334,47.19261]],[[8.63936,47.19189],[8.64047,47.19171],[8.64154,47.19092],[8.64278,47.1905]],[[8.63936,47.19189],[8.63963,47.19242]],[[8.6412,47.19266],[8.64168,47.19271]],[[8.64306,47.19031],[8.64363,47.18982]]]}},{"type":"Feature","properties":{"id":"muelibach-hirzel-revier-413-zh","c":"ZH","p":"pacht","q":"official","k":"river"},"geometry":{"type":"MultiLineString","coordinates":[[[8.61051,47.22159],[8.60904,47.22263],[8.60822,47.22431],[8.60743,47.22509],[8.60728,47.22571],[8.60654,47.22657],[8.60665,47.22705],[8.6072,47.22764]],[[8.60768,47.20483],[8.60875,47.20587],[8.60891,47.20648]],[[8.60859,47.20917],[8.6087,47.21018],[8.60963,47.21074]],[[8.60891,47.20648],[8.60824,47.20754],[8.60852,47.20812],[8.60819,47.2086],[8.60866,47.20892]],[[8.60891,47.20648],[8.60943,47.20666],[8.61113,47.20669],[8.61228,47.20743]],[[8.61055,47.22155],[8.61053,47.22155]],[[8.61055,47.22155],[8.61054,47.22157]],[[8.61113,47.22109],[8.61055,47.22155]],[[8.61347,47.2167],[8.61348,47.21787],[8.61305,47.21878],[8.61234,47.2194],[8.61141,47.22094]],[[8.61206,47.2165],[8.61156,47.21592],[8.61157,47.21556]],[[8.61212,47.21089],[8.61163,47.21156]],[[8.61277,47.20952],[8.61233,47.20999],[8.61222,47.21055]],[[8.61228,47.20743],[8.61255,47.20749]],[[8.61228,47.20743],[8.61315,47.2069]],[[8.61347,47.2167],[8.61258,47.2166]],[[8.61255,47.20749],[8.61353,47.2072]],[[8.61255,47.20749],[8.61274,47.20821],[8.61331,47.20877],[8.6134,47.20947]],[[8.61614,47.2134],[8.61571,47.21406],[8.61459,47.21463],[8.61347,47.2167]],[[8.6134,47.20947],[8.61338,47.20948]],[[8.6134,47.20947],[8.61419,47.21011]],[[8.61419,47.21011],[8.61498,47.21063],[8.616,47.21029],[8.61645,47.21051],[8.61669,47.21104],[8.61705,47.21121]],[[8.61419,47.21011],[8.61441,47.20994]],[[8.61484,47.20773],[8.61597,47.20857],[8.61682,47.2089]],[[8.6167,47.21155],[8.61688,47.21186],[8.61624,47.21242],[8.6164,47.2127],[8.61622,47.21314]],[[8.61705,47.21121],[8.6167,47.21155]],[[8.61705,47.21121],[8.61738,47.21149],[8.61779,47.21142],[8.61832,47.21159],[8.61991,47.2113],[8.62126,47.21067],[8.62252,47.21079]],[[8.61826,47.20728],[8.61887,47.20674]],[[8.62336,47.21083],[8.62398,47.21061]],[[8.62405,47.21229],[8.62363,47.2125],[8.62348,47.21288],[8.62362,47.21339]],[[8.62373,47.21376],[8.62425,47.21457]],[[8.62398,47.21061],[8.6243,47.21073]],[[8.62398,47.21061],[8.625,47.21034]],[[8.62441,47.21474],[8.62482,47.21525]],[[8.62498,47.21111],[8.62505,47.21116]],[[8.625,47.21034],[8.62505,47.21116]],[[8.625,47.21034],[8.62701,47.20976]],[[8.62505,47.21116],[8.62543,47.21169],[8.62507,47.21234]],[[8.6275,47.20169],[8.62588,47.20138]],[[8.62701,47.20976],[8.62742,47.20923],[8.62689,47.20879],[8.62718,47.20841],[8.62695,47.20708],[8.62866,47.20516],[8.62881,47.20459],[8.62768,47.20277]],[[8.62701,47.20976],[8.62798,47.20971],[8.62981,47.20975],[8.63103,47.20891],[8.6315,47.20774],[8.63131,47.20675],[8.63148,47.20569]],[[8.62727,47.19997],[8.62855,47.1981]],[[8.62768,47.20277],[8.6275,47.20169]],[[8.6275,47.20169],[8.62751,47.20153]],[[8.62751,47.20153],[8.62751,47.20152]],[[8.62751,47.20153],[8.62948,47.2007],[8.63122,47.20051]],[[8.62768,47.20277],[8.62768,47.20276]],[[8.62855,47.1981],[8.62817,47.19797]],[[8.62846,47.20232],[8.62901,47.20204],[8.6298,47.20205],[8.63064,47.20164]],[[8.62855,47.1981],[8.62903,47.19741]],[[8.63122,47.20051],[8.63227,47.20002],[8.63264,47.19942]],[[8.63215,47.19863],[8.63147,47.19848]],[[8.63215,47.19863],[8.63205,47.19742]],[[8.63264,47.19942],[8.63215,47.19863]],[[8.63264,47.19942],[8.63297,47.19944],[8.63403,47.19933],[8.63415,47.19905],[8.63466,47.19911]],[[8.63466,47.19911],[8.63484,47.19914]],[[8.63466,47.19911],[8.63519,47.1983],[8.63622,47.19772],[8.63645,47.1972],[8.63695,47.19689]],[[8.63608,47.19954],[8.63608,47.19954]],[[8.63608,47.19954],[8.63633,47.1992],[8.63712,47.19913]],[[8.63608,47.19954],[8.63725,47.19978]]]}},{"type":"Feature","properties":{"id":"grindelbach-und-wueeribach-horgen-revier-415-zh","c":"ZH","p":"pacht","q":"official","k":"river"},"geometry":{"type":"MultiLineString","coordinates":[[[8.57578,47.24454],[8.57579,47.24453]],[[8.57579,47.24453],[8.57735,47.24481],[8.57776,47.24472],[8.57938,47.24519]],[[8.57579,47.24453],[8.57581,47.24451]],[[8.57938,47.24519],[8.58055,47.24538],[8.581,47.24524],[8.58181,47.2453],[8.5834,47.24495],[8.58582,47.24528],[8.58665,47.24523],[8.58696,47.24544],[8.58812,47.24559],[8.58823,47.24621],[8.58795,47.24653],[8.58829,47.24706]],[[8.57938,47.24519],[8.58016,47.24676]],[[8.58772,47.24913],[8.58772,47.2497]],[[8.58829,47.24706],[8.58928,47.24752],[8.59059,47.24763],[8.59319,47.24568]],[[8.58829,47.24706],[8.58832,47.2471]],[[8.5929,47.23919],[8.59228,47.239],[8.59196,47.23849]],[[8.59319,47.24568],[8.59179,47.24483],[8.59372,47.24322]],[[8.59319,47.24568],[8.59514,47.24467],[8.59495,47.24391],[8.59542,47.24359],[8.5964,47.24338]],[[8.59444,47.24053],[8.59393,47.24022]],[[8.59409,47.24215],[8.5951,47.24119],[8.59483,47.24072]],[[8.59675,47.23342],[8.59427,47.23243]],[[8.59441,47.23453],[8.59446,47.23373]],[[8.59721,47.23197],[8.59517,47.23106]],[[8.59646,47.23465],[8.59594,47.23468]],[[8.59634,47.24345],[8.59634,47.24341]],[[8.60127,47.23566],[8.59963,47.23615],[8.59995,47.23688],[8.59916,47.23744],[8.59881,47.23742],[8.59876,47.23719],[8.59701,47.23584],[8.59716,47.23528],[8.59683,47.23492]],[[8.59824,47.2411],[8.59781,47.24091],[8.59776,47.24039],[8.59753,47.24023]],[[8.59812,47.24157],[8.59824,47.2411]],[[8.59824,47.2411],[8.59924,47.24078],[8.59934,47.24033],[8.60067,47.23977],[8.60089,47.23925],[8.60151,47.23872],[8.60255,47.23634],[8.60243,47.23589]],[[8.60505,47.22743],[8.60386,47.22875],[8.60318,47.22891],[8.60199,47.22883]],[[8.60243,47.23589],[8.60243,47.23589]],[[8.60243,47.23589],[8.60239,47.23545],[8.6032,47.23348],[8.60482,47.23145],[8.60568,47.23057],[8.60621,47.2303],[8.60697,47.22936],[8.60676,47.22833],[8.60569,47.22731],[8.60536,47.22731]]]}},{"type":"Feature","properties":{"id":"weiher-gattikon-revier-417-zh","c":"ZH","p":"pacht","q":"official","k":"river"},"geometry":{"type":"MultiLineString","coordinates":[[[8.54449,47.28442],[8.54484,47.2844]],[[8.54531,47.28438],[8.54574,47.28437]],[[8.54857,47.28494],[8.54923,47.28492]],[[8.55117,47.28538],[8.55245,47.2851]],[[8.55275,47.28483],[8.55275,47.28481]],[[8.55352,47.28378],[8.55376,47.28315],[8.5532,47.28184],[8.55377,47.2811],[8.5544,47.28107],[8.55439,47.28062]],[[8.55439,47.28062],[8.55439,47.28062]],[[8.55439,47.28062],[8.55447,47.28057],[8.55528,47.28065],[8.55567,47.28036]],[[8.55972,47.27784],[8.56101,47.27619],[8.56158,47.27432],[8.5614,47.27375],[8.56205,47.27317],[8.56175,47.27283],[8.56206,47.27273],[8.56186,47.27233],[8.56208,47.27194],[8.56279,47.2713],[8.56505,47.27075],[8.56649,47.26999],[8.56698,47.2688]],[[8.56698,47.26875],[8.56724,47.2674],[8.56764,47.2667],[8.56893,47.26572],[8.56987,47.26534],[8.5725,47.26281]],[[8.57249,47.26278],[8.57329,47.26223],[8.57403,47.26128],[8.57405,47.26065],[8.57477,47.26046],[8.57583,47.26056],[8.57742,47.25938]],[[8.5764,47.25401],[8.5759,47.25303]],[[8.57804,47.25899],[8.57969,47.25706],[8.58076,47.25633]],[[8.57923,47.25161],[8.57888,47.25139]],[[8.58275,47.25218],[8.58249,47.25206],[8.5811,47.25241],[8.5804,47.25213]],[[8.58076,47.25633],[8.58108,47.25611],[8.58171,47.25485]],[[8.58076,47.25633],[8.58084,47.2563]]]}},{"type":"Feature","properties":{"id":"dorfbach-langnau-revier-418-zh","c":"ZH","p":"pacht","q":"official","k":"river"},"geometry":{"type":"MultiLineString","coordinates":[[[8.51937,47.28259],[8.51867,47.28294],[8.51544,47.2827],[8.51465,47.28283],[8.51352,47.28258]],[[8.51937,47.28259],[8.51733,47.28164]],[[8.51919,47.28131],[8.51835,47.28089]],[[8.52726,47.28634],[8.52493,47.28667],[8.52228,47.28604],[8.52085,47.28601],[8.52032,47.28573],[8.51982,47.28579],[8.51856,47.28465]],[[8.51919,47.28131],[8.51868,47.28046]],[[8.52053,47.28227],[8.51919,47.28131]],[[8.52095,47.28264],[8.52056,47.28275],[8.52021,47.28266],[8.51984,47.28265],[8.51975,47.28261],[8.51952,47.28259],[8.51937,47.28259]],[[8.52053,47.28227],[8.5207,47.28172],[8.52146,47.28126],[8.52152,47.281],[8.52059,47.28037],[8.51982,47.28011]],[[8.52095,47.28264],[8.52053,47.28227]],[[8.52276,47.28024],[8.52231,47.28005],[8.52218,47.27967],[8.52086,47.27916]],[[8.52266,47.28334],[8.52165,47.28322],[8.52095,47.28264]],[[8.52266,47.28334],[8.52128,47.28384]],[[8.52276,47.28024],[8.52266,47.27983],[8.52213,47.27935],[8.52218,47.27907]],[[8.52484,47.28352],[8.52369,47.28361],[8.52338,47.28341],[8.52266,47.28334]],[[8.52463,47.28145],[8.52402,47.28157],[8.52354,47.28132],[8.52276,47.28024]],[[8.52463,47.28145],[8.52402,47.28047]],[[8.52557,47.28364],[8.52569,47.28243],[8.52532,47.28173],[8.52463,47.28145]],[[8.52557,47.28364],[8.52484,47.28352]],[[8.52958,47.28607],[8.52892,47.28556],[8.52845,47.28543],[8.5284,47.28518],[8.5269,47.28471],[8.5261,47.28377],[8.52557,47.28364]],[[8.52749,47.27746],[8.5262,47.27735],[8.52556,47.27753]],[[8.52674,47.27674],[8.52596,47.27681]],[[8.52749,47.27746],[8.52674,47.27674]],[[8.52674,47.27674],[8.52758,47.27582]],[[8.53463,47.28281],[8.53607,47.28104],[8.53596,47.28089],[8.53335,47.27977],[8.53331,47.27946],[8.53079,47.27875],[8.52923,47.27812],[8.52849,47.27757],[8.52795,47.27745],[8.52779,47.27744],[8.52749,47.27746]],[[8.52958,47.28607],[8.52846,47.28618]],[[8.52903,47.27945],[8.52883,47.27941]],[[8.52968,47.2861],[8.52958,47.28607]],[[8.5342,47.28632],[8.53282,47.2865],[8.53233,47.28624],[8.53117,47.28632],[8.53029,47.28598],[8.52968,47.2861]],[[8.53452,47.28296],[8.53255,47.28152],[8.53077,47.28059],[8.53025,47.28057]],[[8.53184,47.28797],[8.53132,47.28797],[8.53098,47.2877]],[[8.53229,47.2882],[8.53207,47.28814]],[[8.53257,47.27788],[8.53256,47.27787]],[[8.53379,47.27824],[8.53283,47.27796]],[[8.5341,47.28556],[8.53385,47.28504],[8.53441,47.2832]],[[8.5342,47.28632],[8.53413,47.28598]],[[8.53533,47.28709],[8.5342,47.28632]],[[8.53518,47.2851],[8.53567,47.28472],[8.5368,47.28441],[8.53842,47.28326]],[[8.53533,47.28709],[8.53531,47.28709]],[[8.54265,47.28808],[8.54099,47.28807],[8.53952,47.28763],[8.53749,47.28762],[8.53533,47.28709]],[[8.53841,47.2813],[8.5391,47.28065]],[[8.54502,47.2885],[8.54479,47.28843]],[[8.54502,47.2885],[8.54502,47.2885]],[[8.54502,47.2885],[8.54503,47.28848]]]}},{"type":"Feature","properties":{"id":"schanzengraben-421-zh","c":"ZH","p":"pacht","q":"official","k":"river"},"geometry":{"type":"MultiLineString","coordinates":[[[8.53289,47.37148],[8.53242,47.37084],[8.53443,47.37025],[8.53539,47.36902],[8.53729,47.36876],[8.53981,47.36602]],[[8.5334,47.3719],[8.53306,47.37163]]]}},{"type":"Feature","properties":{"id":"schanzengraben-422-zh","c":"ZH","p":"pacht","q":"official","k":"river"},"geometry":{"type":"MultiLineString","coordinates":[[[8.53363,47.3727],[8.5334,47.3719]],[[8.5359,47.37593],[8.53519,47.37445],[8.53364,47.37371],[8.53362,47.373]],[[8.53646,47.37714],[8.53602,47.37619]],[[8.53865,47.38086],[8.53865,47.38084]]]}},{"type":"Feature","properties":{"id":"littibach-revier-423-zh","c":"ZH","p":"pacht","q":"official","k":"river"},"geometry":{"type":"MultiLineString","coordinates":[[[8.51283,47.22918],[8.51112,47.23013],[8.5101,47.23016],[8.50929,47.23065]],[[8.51283,47.22918],[8.51229,47.23004],[8.51213,47.2309],[8.51144,47.23179]],[[8.51234,47.21552],[8.51283,47.21654]],[[8.51615,47.22661],[8.51431,47.22711],[8.51354,47.22825],[8.51288,47.22876],[8.51307,47.22891],[8.51283,47.22918]],[[8.51658,47.22566],[8.51305,47.22303]],[[8.51615,47.22661],[8.51511,47.22555]],[[8.51694,47.22662],[8.51671,47.22657],[8.51615,47.22661]],[[8.51658,47.22566],[8.51667,47.22365],[8.51645,47.22319]],[[8.51658,47.22566],[8.51658,47.22566]],[[8.51772,47.22629],[8.51671,47.22584]],[[8.51694,47.22662],[8.51692,47.22664]],[[8.51772,47.22629],[8.51694,47.22662]],[[8.52467,47.2216],[8.5246,47.2221],[8.52303,47.22315],[8.52046,47.2233],[8.51772,47.22629]],[[8.51818,47.22931],[8.51848,47.22998]],[[8.51878,47.23024],[8.5189,47.23079]],[[8.51899,47.2311],[8.51968,47.23164]],[[8.51968,47.23164],[8.51934,47.23206],[8.51942,47.23276]],[[8.51968,47.23164],[8.51969,47.23164],[8.51982,47.23165],[8.52001,47.2317],[8.52149,47.23229],[8.52244,47.23276]],[[8.52307,47.23273],[8.52297,47.23306],[8.5236,47.23334]],[[8.52424,47.22922],[8.52341,47.23021]],[[8.5236,47.23334],[8.52356,47.23412]],[[8.5236,47.23334],[8.52477,47.23358]],[[8.52941,47.21832],[8.52833,47.21862],[8.52671,47.21871],[8.52595,47.21859],[8.52578,47.21888],[8.52539,47.21873],[8.52507,47.21886],[8.52428,47.21873],[8.52371,47.21891],[8.52313,47.21872],[8.52289,47.2189],[8.52197,47.21898],[8.52144,47.21949],[8.52186,47.22046],[8.52229,47.22036],[8.52244,47.22079],[8.52412,47.22128],[8.52467,47.2216]],[[8.52467,47.2216],[8.52474,47.22157],[8.52479,47.22166],[8.52515,47.22167],[8.52615,47.22224],[8.52627,47.22241],[8.52575,47.22283],[8.52598,47.22332]],[[8.52482,47.22428],[8.52571,47.22528]],[[8.52598,47.22332],[8.52597,47.22333]],[[8.52598,47.22332],[8.526,47.22332]],[[8.52826,47.22766],[8.52846,47.22772]],[[8.52822,47.22178],[8.52896,47.22178],[8.52999,47.22214]],[[8.52941,47.21832],[8.52988,47.2188],[8.52969,47.21917]],[[8.52941,47.21832],[8.53001,47.21816],[8.53013,47.21777],[8.53098,47.21757],[8.5319,47.21827],[8.53169,47.21909],[8.53185,47.21991],[8.53252,47.22065],[8.53248,47.22209],[8.53305,47.22292]],[[8.53503,47.22459],[8.53536,47.22447]]]}},{"type":"Feature","properties":{"id":"lorze-425-zh","c":"ZH","p":"private","q":"official","k":"river"},"geometry":{"type":"LineString","coordinates":[[8.41706,47.23059],[8.41739,47.22936],[8.41726,47.22883],[8.41786,47.22859],[8.41836,47.22695],[8.41814,47.22655],[8.41919,47.22629],[8.41997,47.22577],[8.42094,47.22565],[8.42153,47.22385]]}},{"type":"Feature","properties":{"id":"lorze-426-zh","c":"ZH","p":"private","q":"official","k":"river"},"geometry":{"type":"MultiLineString","coordinates":[[[8.41423,47.23918],[8.41446,47.23876],[8.41516,47.23847],[8.41642,47.23716],[8.41628,47.23586],[8.41676,47.23526],[8.41666,47.23455],[8.41702,47.23383]],[[8.41699,47.23326],[8.41684,47.23223],[8.41706,47.23059]],[[8.41699,47.2333],[8.41699,47.23328]],[[8.41705,47.23377],[8.41699,47.23332]],[[8.41702,47.23383],[8.41705,47.23377]]]}},{"type":"Feature","properties":{"id":"lorze-427-zh","c":"ZH","p":"pacht","q":"official","k":"river"},"geometry":{"type":"MultiLineString","coordinates":[[[8.41013,47.24837],[8.41104,47.24803],[8.41237,47.24705],[8.41302,47.24609],[8.41338,47.2445],[8.4145,47.24279],[8.4158,47.24231],[8.41652,47.24113]],[[8.41543,47.24005],[8.41465,47.23973],[8.41423,47.23918]],[[8.41652,47.24113],[8.41543,47.24005]],[[8.41543,47.24005],[8.41594,47.23963],[8.4173,47.23945],[8.41836,47.23822],[8.41757,47.23694],[8.41804,47.23588],[8.41775,47.23511],[8.41736,47.23486]],[[8.41652,47.24113],[8.41721,47.24083]],[[8.41721,47.24083],[8.41748,47.24089]],[[8.41721,47.24083],[8.41748,47.24031],[8.41883,47.23934]],[[8.42122,47.24105],[8.42215,47.2413],[8.42314,47.24121]]]}},{"type":"Feature","properties":{"id":"brunnenbach-maschwanden-revier-428-zh","c":"ZH","p":"closed","q":"official","k":"river"},"geometry":{"type":"MultiLineString","coordinates":[[[8.41699,47.23327],[8.41699,47.23326]],[[8.41699,47.23327],[8.41699,47.23327]],[[8.41699,47.23327],[8.41794,47.23275],[8.41864,47.2319]],[[8.41864,47.2319],[8.41869,47.23189]],[[8.41869,47.23189],[8.4193,47.23203],[8.42034,47.23262],[8.42099,47.23256],[8.4222,47.23213],[8.42259,47.23123],[8.42227,47.23096]],[[8.42118,47.22726],[8.42217,47.22765],[8.42352,47.22752]],[[8.42227,47.23096],[8.42216,47.23067],[8.42052,47.22992],[8.4206,47.22961],[8.42013,47.22883],[8.42033,47.22791],[8.4206,47.22788],[8.42118,47.22726]],[[8.42118,47.22726],[8.42166,47.2268],[8.42088,47.22632],[8.4213,47.22606]],[[8.42227,47.23096],[8.42334,47.22977],[8.42302,47.22837],[8.42359,47.2283]]]}},{"type":"Feature","properties":{"id":"haselbach-knonau-revier-430-zh","c":"ZH","p":"pacht","q":"official","k":"river"},"geometry":{"type":"MultiLineString","coordinates":[[[8.41699,47.23328],[8.41699,47.23327]],[[8.41699,47.2333],[8.41699,47.2333]],[[8.41699,47.23332],[8.41699,47.2333]],[[8.41699,47.2333],[8.4175,47.23325],[8.41948,47.23352],[8.4204,47.23379],[8.42338,47.23391],[8.42476,47.23442],[8.42526,47.23423],[8.42553,47.2337],[8.42646,47.23461]],[[8.42153,47.22385],[8.42169,47.22339]],[[8.42169,47.22339],[8.4217,47.22332]],[[8.42169,47.22339],[8.42215,47.22334],[8.42564,47.22376]],[[8.42564,47.22376],[8.4297,47.22495],[8.43033,47.22487],[8.43232,47.22412]],[[8.42646,47.23461],[8.42674,47.23477],[8.42744,47.23478],[8.42795,47.23561],[8.42859,47.2354],[8.42902,47.23561],[8.42998,47.23503],[8.43083,47.2348],[8.43176,47.23551],[8.43265,47.23575],[8.43561,47.2354]],[[8.43557,47.23798],[8.43647,47.23861]],[[8.43561,47.2354],[8.43561,47.23541]],[[8.43561,47.2354],[8.4362,47.23482],[8.43859,47.23354],[8.43935,47.23357],[8.44035,47.23304],[8.44085,47.23322],[8.44203,47.23244]],[[8.43555,47.22369],[8.43614,47.22386],[8.43636,47.22442],[8.43772,47.22561]],[[8.4378,47.22742],[8.43732,47.22882]],[[8.4378,47.22742],[8.43781,47.22742]],[[8.43817,47.22605],[8.4378,47.22742]],[[8.43816,47.22604],[8.43817,47.22605]],[[8.43817,47.22605],[8.43817,47.22605]],[[8.43973,47.22608],[8.44064,47.22482]],[[8.4428,47.22904],[8.44288,47.22918],[8.44149,47.2309]],[[8.44203,47.23244],[8.44401,47.23304],[8.44535,47.23388],[8.44746,47.2331],[8.44883,47.23287]],[[8.44203,47.23244],[8.44255,47.23198]],[[8.44234,47.22876],[8.4428,47.22904]],[[8.44239,47.22725],[8.44477,47.22496]],[[8.44278,47.23176],[8.44358,47.23071],[8.44417,47.2303]],[[8.4428,47.22904],[8.44288,47.22904],[8.44293,47.22901],[8.44329,47.22863],[8.44444,47.22805]],[[8.44417,47.2303],[8.44563,47.22921],[8.44618,47.22769]],[[8.44417,47.2303],[8.44458,47.23025],[8.44541,47.2306]],[[8.44618,47.22769],[8.44626,47.22714]],[[8.44618,47.22769],[8.44633,47.22733],[8.44626,47.22714]],[[8.44626,47.22714],[8.44704,47.22611]],[[8.44704,47.22611],[8.44705,47.22601],[8.44718,47.22589]],[[8.44704,47.22611],[8.44718,47.22589]],[[8.44718,47.22589],[8.44813,47.22466],[8.44873,47.22307],[8.44905,47.22281],[8.45305,47.22237],[8.45592,47.22139],[8.45813,47.22207],[8.45957,47.22161]],[[8.45957,47.22161],[8.46021,47.22178],[8.46115,47.22294],[8.46259,47.22326],[8.46204,47.22413],[8.46231,47.22461],[8.46169,47.22485],[8.46045,47.22592],[8.46102,47.22688],[8.46074,47.22713],[8.46049,47.22837],[8.45973,47.22977],[8.45898,47.2305]],[[8.45942,47.23152],[8.45927,47.23249],[8.4584,47.23416],[8.45814,47.23424],[8.45678,47.23739],[8.45638,47.24024],[8.45656,47.24048],[8.45692,47.24053],[8.46043,47.23992]],[[8.45957,47.22161],[8.46062,47.2213],[8.4616,47.22125],[8.46317,47.22148],[8.4639,47.22194]],[[8.46043,47.23992],[8.46163,47.24116]],[[8.46043,47.23992],[8.46147,47.23931],[8.46238,47.23825],[8.46375,47.23719],[8.4678,47.23512]],[[8.46163,47.24116],[8.46408,47.24068],[8.46496,47.2403],[8.4674,47.2415],[8.46848,47.24112],[8.4693,47.24123],[8.47077,47.24073]],[[8.46163,47.24116],[8.46184,47.24162]],[[8.46184,47.24162],[8.46182,47.24166]],[[8.46184,47.24162],[8.46213,47.24207]],[[8.46273,47.24279],[8.46276,47.2428]],[[8.46274,47.24279],[8.46276,47.2428]],[[8.46276,47.2428],[8.46293,47.24295]],[[8.4643,47.24312],[8.46547,47.24346],[8.46604,47.24397],[8.46667,47.2442],[8.4682,47.2445]],[[8.4639,47.22194],[8.46525,47.22293]],[[8.4639,47.22194],[8.4649,47.22143]],[[8.46595,47.22124],[8.46634,47.22054]],[[8.46619,47.22326],[8.46671,47.22362],[8.46674,47.22405]],[[8.46674,47.22405],[8.46751,47.22421]],[[8.46674,47.22405],[8.4659,47.22557],[8.46575,47.22715],[8.46652,47.2283],[8.46737,47.22887],[8.46823,47.22899]],[[8.4678,47.23512],[8.46789,47.23512]],[[8.4678,47.23512],[8.46838,47.23431],[8.47025,47.23267],[8.46935,47.23229],[8.46987,47.23166],[8.47057,47.23166],[8.47207,47.23109]],[[8.46759,47.22014],[8.46783,47.2197]],[[8.4682,47.2445],[8.46932,47.24526],[8.46946,47.24571]],[[8.4682,47.2445],[8.46821,47.2445]],[[8.46784,47.22425],[8.46857,47.22435],[8.46989,47.2234]],[[8.46783,47.2197],[8.46925,47.21714]],[[8.46783,47.2197],[8.46788,47.2197]],[[8.46823,47.22899],[8.46823,47.229]],[[8.46823,47.22899],[8.46903,47.229],[8.46963,47.22845],[8.47096,47.22794],[8.4713,47.22761],[8.47131,47.22694],[8.47179,47.22684],[8.4724,47.22604],[8.47334,47.22596],[8.47431,47.22563],[8.4747,47.22578],[8.47643,47.22533],[8.47887,47.22359],[8.4798,47.22356],[8.48052,47.22322],[8.48084,47.2227],[8.48139,47.22239],[8.4827,47.22055],[8.48383,47.22045]],[[8.46915,47.24975],[8.46989,47.25027]],[[8.4693,47.24831],[8.46958,47.24868]],[[8.46946,47.24571],[8.46978,47.24594]],[[8.46946,47.24571],[8.46946,47.24574]],[[8.46941,47.23475],[8.47085,47.23267]],[[8.46955,47.21661],[8.47076,47.21415],[8.47133,47.21188]],[[8.47021,47.22316],[8.47141,47.22243]],[[8.47077,47.24073],[8.47189,47.23952],[8.47269,47.23897]],[[8.47077,47.24073],[8.4708,47.24072]],[[8.47136,47.24611],[8.47157,47.24631]],[[8.47143,47.24494],[8.47194,47.24523]],[[8.47171,47.24649],[8.47248,47.24672],[8.47359,47.24666]],[[8.4716,47.21184],[8.47185,47.21182],[8.47314,47.21033]],[[8.47234,47.24522],[8.47277,47.24518]],[[8.47207,47.23109],[8.47314,47.23162],[8.47324,47.23232]],[[8.47207,47.23109],[8.47276,47.23014],[8.47465,47.22893],[8.47502,47.2282],[8.47572,47.22793],[8.47602,47.22754],[8.47657,47.22737],[8.47758,47.22747],[8.47956,47.22729]],[[8.47275,47.24517],[8.47277,47.24518]],[[8.47277,47.24518],[8.47472,47.24535],[8.4764,47.24491]],[[8.47269,47.23897],[8.4727,47.23897]],[[8.47269,47.23897],[8.47305,47.23867]],[[8.47299,47.24112],[8.47347,47.24119]],[[8.47271,47.21663],[8.47432,47.21628]],[[8.47324,47.23232],[8.47317,47.23249],[8.47375,47.23286],[8.47364,47.23343],[8.47383,47.23364]],[[8.47324,47.23232],[8.47425,47.23216],[8.47495,47.23175]],[[8.47359,47.24666],[8.47368,47.24666]],[[8.47359,47.24666],[8.47382,47.24678]],[[8.47397,47.24705],[8.47427,47.24754],[8.47479,47.24777],[8.47499,47.24848],[8.47602,47.24925],[8.47684,47.24907],[8.47743,47.24915],[8.47795,47.25016]],[[8.47373,47.23426],[8.47393,47.23453]],[[8.47409,47.23468],[8.47544,47.23603],[8.4763,47.23618],[8.47745,47.23606],[8.47841,47.2356],[8.47869,47.2358],[8.48057,47.23541],[8.48143,47.23552]],[[8.47459,47.21606],[8.47515,47.21578]],[[8.47499,47.2213],[8.475,47.22192],[8.47573,47.22201],[8.4768,47.22139],[8.47738,47.22037],[8.47831,47.22034],[8.47936,47.2199]],[[8.47563,47.24633],[8.47647,47.24647],[8.4781,47.24642]],[[8.47809,47.21606],[8.47995,47.2149]],[[8.47987,47.20858],[8.48257,47.20872]],[[8.48143,47.23552],[8.48222,47.23575],[8.48277,47.23613],[8.48346,47.23733],[8.48419,47.23773]],[[8.48383,47.22045],[8.48384,47.22046]],[[8.48383,47.22045],[8.48434,47.22022],[8.48457,47.21896],[8.48527,47.21838]],[[8.48419,47.23773],[8.48501,47.23815],[8.48566,47.23899],[8.48653,47.23936]],[[8.48419,47.23773],[8.48422,47.23773]],[[8.48558,47.21587],[8.48517,47.21577],[8.48418,47.21602]],[[8.48446,47.22588],[8.48841,47.22547],[8.49007,47.22611]],[[8.485,47.22908],[8.48628,47.23005]],[[8.48494,47.22117],[8.48528,47.22175]],[[8.48527,47.21838],[8.48553,47.21838]],[[8.48527,47.21838],[8.48548,47.21818]],[[8.48548,47.21818],[8.48588,47.21709],[8.48558,47.21587]],[[8.48553,47.21838],[8.48711,47.21889],[8.48792,47.21891],[8.48856,47.21871],[8.48955,47.21899],[8.49094,47.21868],[8.49124,47.21843]],[[8.48558,47.21587],[8.48554,47.21526],[8.48604,47.2146],[8.48811,47.21279]],[[8.48624,47.2303],[8.48641,47.23032]],[[8.48624,47.2303],[8.48629,47.2304]],[[8.48628,47.23005],[8.48624,47.2303]],[[8.48628,47.23005],[8.48671,47.23028]],[[8.48653,47.23936],[8.48716,47.23962]],[[8.48653,47.23936],[8.48657,47.24006]],[[8.48642,47.23045],[8.48646,47.23047]],[[8.48648,47.23042],[8.4865,47.23046]],[[8.48716,47.23962],[8.48794,47.24037],[8.48839,47.24041]],[[8.48716,47.23962],[8.48743,47.23953]],[[8.48713,47.23115],[8.48755,47.2321]],[[8.48839,47.24041],[8.48856,47.2411],[8.48841,47.24135]],[[8.48839,47.24041],[8.48863,47.24027]],[[8.48811,47.21279],[8.48883,47.2129]],[[8.48811,47.21279],[8.48873,47.21222],[8.48904,47.21115],[8.48944,47.2109]],[[8.48883,47.2129],[8.49167,47.2136]],[[8.48883,47.2129],[8.48891,47.21316],[8.48964,47.21367]],[[8.49003,47.23028],[8.49138,47.23106]],[[8.49112,47.22601],[8.49114,47.22599]],[[8.49124,47.21843],[8.49125,47.21843]],[[8.49124,47.21843],[8.49143,47.21824],[8.49199,47.21833],[8.49223,47.21859]],[[8.49215,47.21857],[8.49223,47.21859]],[[8.49223,47.21859],[8.4937,47.21876],[8.49463,47.21592],[8.49563,47.21564]],[[8.4947,47.23044],[8.49476,47.23042]],[[8.49601,47.23042],[8.49697,47.23106]],[[8.49847,47.21538],[8.4991,47.21536],[8.5004,47.21469]],[[8.50012,47.22237],[8.5008,47.22265],[8.501,47.22296]],[[8.501,47.22296],[8.50064,47.22393]],[[8.501,47.22296],[8.5011,47.22298],[8.50125,47.22295]],[[8.50197,47.22332],[8.50253,47.22369],[8.50354,47.22391]],[[8.50901,47.22511],[8.51034,47.22689],[8.50889,47.22855]],[[8.50903,47.2247],[8.51235,47.2259],[8.51331,47.22642]]]}},{"type":"Feature","properties":{"id":"lindenbach-obfelden-revier-431-zh","c":"ZH","p":"pacht","q":"official","k":"river"},"geometry":{"type":"MultiLineString","coordinates":[[[8.40145,47.26816],[8.40213,47.26792],[8.40237,47.26749]],[[8.40237,47.26749],[8.40485,47.26464],[8.40561,47.26345]],[[8.40237,47.26749],[8.40327,47.26747],[8.40423,47.26809],[8.40462,47.26925],[8.40523,47.26964],[8.4062,47.27001],[8.40781,47.27019],[8.40881,47.26996],[8.40948,47.27027],[8.41044,47.27028],[8.41138,47.26977],[8.41257,47.26998],[8.41419,47.26942],[8.41534,47.26934],[8.41586,47.26884]],[[8.40557,47.26344],[8.40561,47.26345]],[[8.40561,47.26345],[8.40564,47.26346]],[[8.40561,47.26345],[8.40563,47.26341]],[[8.40563,47.26341],[8.40597,47.26351]],[[8.40563,47.26341],[8.40639,47.26214],[8.40614,47.25966],[8.4075,47.25461],[8.40827,47.25353],[8.40864,47.25224],[8.41007,47.24974],[8.41119,47.24856]],[[8.41586,47.26884],[8.41565,47.2684],[8.41617,47.26794],[8.41627,47.2675],[8.41597,47.26686],[8.4166,47.26617],[8.41668,47.26524],[8.41741,47.265]],[[8.41586,47.26884],[8.41623,47.26881],[8.41654,47.26894]],[[8.41741,47.265],[8.41755,47.26519],[8.41832,47.26525]],[[8.41741,47.265],[8.41913,47.26193]],[[8.41832,47.26525],[8.41833,47.26523]],[[8.41832,47.26525],[8.41838,47.26524],[8.41851,47.26528],[8.41864,47.26534],[8.4189,47.26528]],[[8.4189,47.26527],[8.4189,47.26528]],[[8.4189,47.26528],[8.42015,47.26532],[8.4218,47.26611],[8.42246,47.26591],[8.42346,47.2648]],[[8.41936,47.26158],[8.42014,47.26119],[8.4215,47.26088],[8.42208,47.26026],[8.42288,47.25987],[8.42321,47.25935],[8.42373,47.25916],[8.42373,47.25897],[8.42625,47.25931]],[[8.42346,47.2648],[8.42423,47.26512],[8.42665,47.26684]],[[8.42346,47.2648],[8.42507,47.26334]],[[8.42529,47.26318],[8.42626,47.26264],[8.42779,47.2623],[8.42962,47.26285],[8.43243,47.26251]],[[8.42682,47.25928],[8.42826,47.2585],[8.43074,47.2549],[8.4326,47.25325]],[[8.42705,47.26683],[8.42751,47.26751],[8.42892,47.26863]],[[8.4314,47.25089],[8.43264,47.24839],[8.43157,47.24721],[8.43098,47.24806]],[[8.43155,47.26973],[8.43229,47.26994]],[[8.43243,47.26251],[8.43193,47.26335],[8.43214,47.26427],[8.43319,47.26438],[8.4337,47.26465],[8.43473,47.26476],[8.43547,47.26504],[8.4378,47.26511],[8.43851,47.26538],[8.43915,47.26615],[8.43977,47.26644]],[[8.43243,47.26251],[8.43283,47.26228],[8.43352,47.26085],[8.4353,47.26012],[8.43638,47.25946],[8.43797,47.25973]],[[8.43338,47.27332],[8.43333,47.27358],[8.43277,47.27399]],[[8.4326,47.25325],[8.43256,47.25323]],[[8.4326,47.25325],[8.43717,47.24932]],[[8.43705,47.24617],[8.43708,47.24509],[8.43797,47.24359]],[[8.43717,47.24932],[8.43717,47.24928]],[[8.43717,47.24932],[8.43874,47.24869]],[[8.43861,47.2596],[8.43906,47.25965],[8.4394,47.25948],[8.44077,47.25996],[8.44181,47.26005]],[[8.43874,47.24869],[8.43886,47.24866]],[[8.43874,47.24869],[8.43884,47.24868],[8.43891,47.2487],[8.44098,47.24968],[8.44159,47.25013]],[[8.43906,47.24622],[8.43981,47.2456],[8.4405,47.24451]],[[8.43968,47.26933],[8.44048,47.26929],[8.44076,47.269]],[[8.43968,47.26933],[8.43956,47.27022],[8.43994,47.27041],[8.44093,47.27007],[8.44185,47.27161]],[[8.4401,47.2665],[8.44026,47.26771],[8.43953,47.26882],[8.43968,47.26933]],[[8.44142,47.26861],[8.44176,47.26834]],[[8.44159,47.25013],[8.4418,47.25073],[8.44326,47.25076],[8.44451,47.25155],[8.44499,47.25151],[8.44634,47.2506],[8.44745,47.24928]],[[8.44221,47.26014],[8.44236,47.26025]],[[8.44236,47.26025],[8.44284,47.26036],[8.44335,47.26001],[8.44887,47.25876],[8.44961,47.25829]],[[8.44236,47.26025],[8.4424,47.26059],[8.44175,47.26166],[8.44201,47.26186],[8.44168,47.26268],[8.44426,47.26301]],[[8.44251,47.24738],[8.44345,47.24647]],[[8.44345,47.24647],[8.44454,47.24525],[8.44492,47.2443],[8.44565,47.2435],[8.44564,47.24316],[8.44521,47.2428],[8.4449,47.24205],[8.44606,47.23848]],[[8.44417,47.27258],[8.44537,47.27323],[8.44616,47.27279],[8.44718,47.2739]],[[8.44615,47.26337],[8.44843,47.26378]],[[8.44745,47.24928],[8.44929,47.24974]],[[8.44745,47.24928],[8.44751,47.24923]],[[8.44843,47.26378],[8.44998,47.26305],[8.453,47.26267],[8.45404,47.26198],[8.45399,47.26138]],[[8.44929,47.24974],[8.44965,47.25003]],[[8.44929,47.24974],[8.44936,47.24972]],[[8.45073,47.26877],[8.45076,47.26832]],[[8.45049,47.25106],[8.4511,47.25192],[8.45159,47.25204]],[[8.45399,47.24904],[8.45412,47.24913]],[[8.45413,47.25287],[8.45452,47.25295]],[[8.45507,47.25317],[8.45633,47.25377],[8.45599,47.25453]],[[8.45664,47.24647],[8.4579,47.24655],[8.45887,47.24627]],[[8.45959,47.24628],[8.46078,47.24673]],[[8.4612,47.2468],[8.46187,47.24686]],[[8.46187,47.24686],[8.46188,47.24686]],[[8.46187,47.24686],[8.46188,47.24686]],[[8.46225,47.24677],[8.46258,47.24646],[8.46293,47.24645]],[[8.46321,47.24729],[8.4637,47.2475],[8.46282,47.24874],[8.46276,47.24911],[8.46321,47.24919]],[[8.4632,47.24728],[8.46321,47.24729]],[[8.46321,47.24728],[8.46321,47.24729]]]}},{"type":"Feature","properties":{"id":"fabrikkanal-ottenbach-revier-433-zh","c":"ZH","p":"pacht","q":"official","k":"river"},"geometry":{"type":"MultiLineString","coordinates":[[[8.39091,47.2878],[8.39112,47.28757]],[[8.39112,47.28757],[8.39113,47.28753]],[[8.39112,47.28757],[8.39153,47.28756],[8.3919,47.28714],[8.3936,47.2842]],[[8.3936,47.2842],[8.39435,47.28237],[8.39594,47.28047]],[[8.3936,47.2842],[8.39454,47.28377],[8.39528,47.28421],[8.39624,47.28439]],[[8.39594,47.28047],[8.3976,47.28024]],[[8.40033,47.27466],[8.39942,47.2758],[8.39912,47.27762],[8.39837,47.27912],[8.39774,47.27967],[8.39594,47.28047]],[[8.39624,47.28439],[8.39755,47.28512]],[[8.39957,47.2747],[8.39958,47.27469]],[[8.39978,47.28089],[8.40073,47.28104]],[[8.40073,47.28104],[8.40075,47.28105]],[[8.40073,47.28104],[8.40074,47.28105]],[[8.40101,47.2813],[8.40139,47.28186],[8.40253,47.2825],[8.40373,47.28296],[8.40491,47.28299],[8.406,47.28379],[8.40673,47.28389]],[[8.40238,47.28988],[8.40412,47.29075],[8.40488,47.29088],[8.4056,47.29068]],[[8.40337,47.28087],[8.40409,47.28094]],[[8.40471,47.28081],[8.40674,47.27902],[8.40884,47.27852]],[[8.40673,47.28389],[8.40713,47.284]],[[8.40673,47.28389],[8.40748,47.28334]],[[8.40713,47.284],[8.4071,47.28477],[8.40793,47.28522],[8.40878,47.28534]],[[8.40713,47.284],[8.40717,47.284],[8.40719,47.28401],[8.40771,47.28423],[8.40783,47.28424],[8.40804,47.28436],[8.40887,47.28417]],[[8.40972,47.28434],[8.41148,47.28405]],[[8.4101,47.27871],[8.41054,47.27875],[8.4112,47.27927],[8.41227,47.27943],[8.41293,47.27919],[8.41502,47.27757]],[[8.41293,47.29062],[8.41643,47.28854]],[[8.41674,47.29057],[8.41784,47.2899],[8.41803,47.2893]],[[8.41666,47.27632],[8.41749,47.27565],[8.41843,47.27548]]]}},{"type":"Feature","properties":{"id":"jonen-435-zh","c":"ZH","p":"pacht","q":"official","k":"river"},"geometry":{"type":"MultiLineString","coordinates":[[[8.49413,47.2484],[8.49372,47.24734],[8.49316,47.24672],[8.49336,47.24493],[8.49516,47.24384],[8.49683,47.24194],[8.49739,47.2409],[8.49906,47.2399],[8.4999,47.23881],[8.50133,47.23787],[8.50206,47.23758],[8.50704,47.2366],[8.50746,47.23674],[8.50826,47.23763],[8.50961,47.23851]],[[8.49413,47.24842],[8.49413,47.2484]],[[8.50961,47.23851],[8.51111,47.23942],[8.51245,47.23948]],[[8.50961,47.23851],[8.51064,47.23815],[8.51109,47.23818]],[[8.51245,47.23948],[8.51248,47.23991],[8.50998,47.24274]],[[8.51153,47.23811],[8.5123,47.23816],[8.51315,47.23794],[8.51332,47.23759],[8.5137,47.23767]],[[8.51245,47.23948],[8.51385,47.23946]],[[8.51385,47.23946],[8.51397,47.23953]],[[8.51385,47.23946],[8.52148,47.23936]],[[8.51407,47.23764],[8.51789,47.2376],[8.51849,47.23782]],[[8.51853,47.23637],[8.51822,47.23591]],[[8.51884,47.23787],[8.51881,47.23741],[8.51824,47.23724],[8.5181,47.2369],[8.51853,47.23637]],[[8.51853,47.23637],[8.51945,47.23626]],[[8.52148,47.23936],[8.52344,47.241],[8.52352,47.24243]],[[8.52148,47.23936],[8.5228,47.2393],[8.52367,47.2389]],[[8.52352,47.24243],[8.52347,47.24246]],[[8.52352,47.24243],[8.52486,47.24346],[8.52518,47.24401]],[[8.52367,47.2389],[8.52832,47.23579]],[[8.52367,47.2389],[8.52393,47.23889],[8.52413,47.23896],[8.52632,47.24112],[8.52829,47.2424],[8.52916,47.24221],[8.52974,47.24158],[8.53086,47.24181]],[[8.52518,47.24401],[8.52597,47.24468],[8.52665,47.24584]],[[8.5258,47.25698],[8.52537,47.25738],[8.52606,47.25807],[8.52608,47.25867]],[[8.52572,47.25145],[8.52571,47.25226],[8.52661,47.25382]],[[8.52578,47.24719],[8.52539,47.24794],[8.52492,47.24818],[8.52465,47.2488],[8.52372,47.24967],[8.52422,47.25038],[8.52453,47.25063],[8.52518,47.25074],[8.52572,47.25145]],[[8.52572,47.25145],[8.52573,47.25145],[8.5258,47.25148],[8.52587,47.25153]],[[8.52578,47.24719],[8.52583,47.24723]],[[8.52665,47.24584],[8.52578,47.24719]],[[8.52699,47.25594],[8.5263,47.2568],[8.52603,47.25686]],[[8.52665,47.24584],[8.52732,47.24621],[8.52784,47.24681],[8.5288,47.24732]],[[8.52738,47.25571],[8.52857,47.25638]],[[8.52846,47.25089],[8.52906,47.25223],[8.52945,47.25254]],[[8.52832,47.23579],[8.52837,47.23581]],[[8.52832,47.23579],[8.53036,47.23443]],[[8.52936,47.25683],[8.53025,47.25748],[8.53035,47.25788]],[[8.52922,47.24771],[8.5293,47.24826]],[[8.52968,47.2527],[8.53039,47.25397],[8.53187,47.25488]],[[8.52969,47.24865],[8.52984,47.24893]],[[8.53035,47.25788],[8.53118,47.25843],[8.53266,47.25857],[8.5334,47.25888],[8.5349,47.25864]],[[8.53035,47.25788],[8.53114,47.25905],[8.53196,47.25962]],[[8.53027,47.23322],[8.53054,47.2328],[8.53289,47.2314],[8.53248,47.23097]],[[8.53036,47.23443],[8.53035,47.23438]],[[8.53036,47.23443],[8.53793,47.23332],[8.53964,47.23226],[8.54342,47.22933]],[[8.53101,47.24995],[8.53258,47.25014]],[[8.53196,47.25962],[8.53196,47.25963]],[[8.53196,47.25962],[8.53302,47.2599]],[[8.53187,47.25488],[8.53378,47.25536],[8.53521,47.25519],[8.53629,47.25539],[8.53661,47.25572],[8.53735,47.25567]],[[8.53187,47.25488],[8.5324,47.25568],[8.53335,47.25592],[8.53462,47.25653]],[[8.53203,47.24227],[8.53219,47.2424]],[[8.53263,47.2427],[8.533,47.24288]],[[8.53295,47.25018],[8.53413,47.25121]],[[8.53295,47.25018],[8.53497,47.24958],[8.53635,47.24941],[8.53713,47.24893]],[[8.53334,47.24327],[8.53341,47.24327]],[[8.53357,47.25199],[8.53408,47.25261],[8.53521,47.25302]],[[8.53413,47.25121],[8.53413,47.25121]],[[8.53413,47.25121],[8.53547,47.25142],[8.53655,47.25188]],[[8.53498,47.24303],[8.53549,47.24316],[8.53576,47.24305],[8.53631,47.24241],[8.5381,47.24117],[8.54108,47.23946],[8.54209,47.23911]],[[8.53655,47.25188],[8.53745,47.25199]],[[8.53655,47.25188],[8.53698,47.25222]],[[8.53637,47.2206],[8.53673,47.22178],[8.53848,47.22243],[8.53907,47.22274],[8.53922,47.22306],[8.53986,47.22299]],[[8.53713,47.24893],[8.53804,47.24938]],[[8.53713,47.24893],[8.53781,47.24862],[8.53838,47.24782]],[[8.54209,47.23911],[8.54333,47.23966],[8.54369,47.24067],[8.54561,47.24173],[8.54568,47.24195]],[[8.54209,47.23911],[8.54284,47.23866],[8.54295,47.23767],[8.54366,47.23726]],[[8.54342,47.22933],[8.54348,47.22928]],[[8.54342,47.22933],[8.54349,47.22932]],[[8.54348,47.22928],[8.54345,47.22924]],[[8.54348,47.22928],[8.54351,47.22925]],[[8.54366,47.23726],[8.54367,47.23726]],[[8.54366,47.23726],[8.54476,47.23683],[8.5447,47.2366],[8.54551,47.23608],[8.54656,47.23607],[8.5484,47.23574]],[[8.54452,47.23779],[8.54505,47.23821],[8.54762,47.23844],[8.54901,47.23924],[8.55063,47.23974],[8.5521,47.23984]],[[8.54628,47.24245],[8.54674,47.24274],[8.54691,47.2433]],[[8.54622,47.22723],[8.54622,47.22702]],[[8.54639,47.22883],[8.54768,47.22925],[8.54849,47.22841],[8.54913,47.22839]],[[8.54817,47.22199],[8.54809,47.22216]],[[8.5484,47.23574],[8.54842,47.23576]],[[8.5484,47.23574],[8.54889,47.23556],[8.54897,47.23527],[8.54942,47.235]],[[8.54837,47.22582],[8.55064,47.22575],[8.55512,47.22504]],[[8.54942,47.235],[8.54942,47.235]],[[8.54942,47.235],[8.54949,47.23504]],[[8.54942,47.235],[8.55277,47.233]],[[8.54962,47.23694],[8.55103,47.23783]],[[8.55178,47.23623],[8.5521,47.23677]],[[8.55753,47.2332],[8.55799,47.23347],[8.55896,47.23352]],[[8.55939,47.23366],[8.56055,47.23464]]]}},{"type":"Feature","properties":{"id":"jonen-436-zh","c":"ZH","p":"pacht","q":"official","k":"river"},"geometry":{"type":"MultiLineString","coordinates":[[[8.45419,47.27734],[8.4543,47.27716]],[[8.4545,47.27699],[8.45591,47.27499],[8.45704,47.27483]],[[8.45704,47.27483],[8.45731,47.27516],[8.45772,47.2752]],[[8.45704,47.27483],[8.45734,47.27458]],[[8.45755,47.2751],[8.45772,47.2752]],[[8.45772,47.2752],[8.45936,47.27571]],[[8.458,47.27401],[8.45813,47.2739]],[[8.45849,47.27359],[8.45964,47.27319],[8.46018,47.27256]],[[8.46018,47.27256],[8.46152,47.2713],[8.46125,47.2707],[8.46189,47.27053],[8.46314,47.26973],[8.46328,47.26951],[8.46304,47.26909],[8.46329,47.26872],[8.46396,47.26871],[8.46448,47.26708]],[[8.46018,47.27256],[8.46043,47.27254]],[[8.46078,47.2725],[8.46234,47.2729]],[[8.46448,47.26708],[8.46448,47.26708]],[[8.46448,47.26708],[8.46528,47.26637],[8.46645,47.26614],[8.46681,47.26571],[8.46744,47.26565]],[[8.46448,47.26708],[8.46456,47.26708],[8.46469,47.26716],[8.46487,47.26718],[8.46539,47.2674],[8.46624,47.26801],[8.46674,47.26804],[8.46687,47.26828]],[[8.46656,47.27311],[8.46804,47.27332],[8.46933,47.27295],[8.47107,47.27304]],[[8.46705,47.26843],[8.46757,47.26883],[8.46819,47.26896],[8.46848,47.26883],[8.46853,47.26849],[8.46945,47.26835],[8.46976,47.26806],[8.47064,47.26784],[8.47233,47.26871],[8.4737,47.26878],[8.47458,47.26808],[8.47496,47.26683],[8.47563,47.26621]],[[8.46744,47.26565],[8.46763,47.26615],[8.46805,47.26627]],[[8.46744,47.26565],[8.46837,47.26467],[8.46937,47.26432],[8.46963,47.26405],[8.47218,47.26364]],[[8.46805,47.26627],[8.46867,47.26646]],[[8.46805,47.26627],[8.46792,47.26697],[8.46925,47.26711]],[[8.46867,47.26646],[8.46882,47.26673],[8.46947,47.26686]],[[8.46867,47.26646],[8.46911,47.26633],[8.46994,47.26666]],[[8.47107,47.27304],[8.47256,47.2736],[8.47384,47.27453],[8.47492,47.27499]],[[8.47107,47.27304],[8.47227,47.27198],[8.47305,47.27217],[8.47457,47.27196]],[[8.47345,47.26117],[8.47312,47.26091],[8.47183,47.26062],[8.47154,47.26036],[8.47146,47.25981]],[[8.4716,47.25966],[8.47215,47.25919],[8.47229,47.25863],[8.47302,47.25809],[8.47325,47.25757]],[[8.47218,47.26364],[8.47263,47.26466]],[[8.47218,47.26364],[8.47262,47.26278],[8.47328,47.26238]],[[8.47325,47.25757],[8.47341,47.25672],[8.47288,47.25552]],[[8.47328,47.26238],[8.47491,47.26261]],[[8.47328,47.26238],[8.47345,47.26117]],[[8.47325,47.25757],[8.47392,47.25713],[8.47527,47.2549]],[[8.47345,47.26117],[8.47469,47.2604],[8.4758,47.26015],[8.47669,47.26034]],[[8.47527,47.2549],[8.47524,47.25443]],[[8.47527,47.2549],[8.47541,47.25447]],[[8.47586,47.26612],[8.47843,47.26468]],[[8.47669,47.26034],[8.47821,47.26001],[8.4797,47.25902],[8.48029,47.25885]],[[8.47669,47.26034],[8.47671,47.26041]],[[8.47843,47.26468],[8.47846,47.26467]],[[8.47843,47.26468],[8.47844,47.26468],[8.47847,47.26468]],[[8.48029,47.25885],[8.47968,47.25833]],[[8.48029,47.25885],[8.48057,47.25862],[8.48108,47.25857]],[[8.48108,47.25857],[8.48076,47.25813],[8.48071,47.25725]],[[8.48108,47.25857],[8.48186,47.2584],[8.48301,47.2578]],[[8.48301,47.2578],[8.4829,47.25738],[8.48238,47.25703]],[[8.48301,47.2578],[8.4835,47.25769],[8.48406,47.25722],[8.48609,47.2577],[8.48718,47.25744]],[[8.48607,47.26636],[8.48601,47.26692]],[[8.48718,47.25744],[8.48753,47.25781],[8.48781,47.25912],[8.48685,47.26066],[8.48683,47.26119]],[[8.48718,47.25744],[8.4873,47.25744],[8.48741,47.25741],[8.48846,47.25667],[8.48922,47.25646],[8.49065,47.2567]],[[8.49065,47.2567],[8.49312,47.25777],[8.49321,47.25819],[8.49267,47.2601],[8.49233,47.26041],[8.49266,47.26107],[8.49418,47.26124]],[[8.49065,47.2567],[8.49173,47.25578],[8.49203,47.25499],[8.49195,47.25386]],[[8.49195,47.25386],[8.4919,47.25382]],[[8.49195,47.25386],[8.49303,47.25321]],[[8.49303,47.25321],[8.49387,47.25342],[8.4945,47.25381],[8.49573,47.25512],[8.49555,47.25532],[8.49645,47.25578],[8.49641,47.25593]],[[8.49303,47.25321],[8.49341,47.25288],[8.49429,47.25035],[8.49413,47.24842]],[[8.49641,47.25593],[8.49613,47.25629]],[[8.49641,47.25593],[8.49653,47.25599],[8.49719,47.25587],[8.49728,47.25604],[8.49815,47.25606]],[[8.49815,47.25606],[8.49899,47.25629],[8.49958,47.25672],[8.49958,47.25692]],[[8.49815,47.25606],[8.49883,47.25549],[8.49856,47.25504]],[[8.49958,47.25692],[8.50027,47.25705],[8.50078,47.25668],[8.50274,47.25685],[8.5032,47.25666],[8.50344,47.25606],[8.50495,47.25466],[8.50495,47.25426],[8.50433,47.25313],[8.50482,47.25175],[8.50586,47.25044],[8.50776,47.25005],[8.51093,47.25019],[8.51233,47.25042]],[[8.49958,47.25692],[8.49934,47.25721],[8.50011,47.25799]],[[8.51273,47.25338],[8.50999,47.25543],[8.50973,47.25628]],[[8.51233,47.25042],[8.51234,47.25044]],[[8.51233,47.25042],[8.51418,47.24991]],[[8.5128,47.25299],[8.51281,47.25321]],[[8.51418,47.24991],[8.5143,47.24859],[8.5152,47.24853]],[[8.51418,47.24991],[8.51422,47.24988]],[[8.51722,47.25294],[8.51866,47.25372],[8.5194,47.2538]]]}},{"type":"Feature","properties":{"id":"jonen-437-zh","c":"ZH","p":"pacht","q":"official","k":"river"},"geometry":{"type":"MultiLineString","coordinates":[[[8.42175,47.29803],[8.42266,47.29767],[8.42353,47.29825],[8.4253,47.29754],[8.42432,47.29689],[8.42419,47.29606],[8.42441,47.29562]],[[8.42441,47.29562],[8.42387,47.29532],[8.42359,47.2945]],[[8.42441,47.29562],[8.42485,47.2956],[8.42524,47.29609],[8.42611,47.29578],[8.42761,47.29574],[8.42818,47.29521],[8.42822,47.29483],[8.42748,47.29384],[8.42812,47.29335]],[[8.42812,47.29335],[8.4281,47.29281],[8.42771,47.29265],[8.42672,47.29165]],[[8.42812,47.29335],[8.42838,47.29307]],[[8.42838,47.29307],[8.4285,47.2931]],[[8.42838,47.29307],[8.42883,47.29271],[8.42996,47.29248],[8.4307,47.29294],[8.43121,47.29269],[8.43241,47.29132],[8.43287,47.29111],[8.43258,47.29046],[8.43173,47.29051],[8.43096,47.29024],[8.43163,47.28878],[8.43298,47.28799],[8.4333,47.28745],[8.43542,47.28694]],[[8.4295,47.29326],[8.43027,47.29382]],[[8.43374,47.30556],[8.43145,47.30595]],[[8.43421,47.3066],[8.43393,47.30681],[8.4335,47.30674],[8.4329,47.30692],[8.432,47.30772]],[[8.43498,47.28626],[8.43545,47.28541],[8.43499,47.28481],[8.43108,47.2842],[8.42979,47.28348],[8.42877,47.28216],[8.42882,47.28116],[8.4291,47.28071],[8.43089,47.27938],[8.43247,47.27897],[8.43357,47.27786]],[[8.43633,47.30812],[8.43572,47.30823],[8.43438,47.30913]],[[8.43969,47.30671],[8.43838,47.30586],[8.43638,47.30498],[8.43493,47.30545]],[[8.43971,47.31439],[8.43915,47.31391],[8.43715,47.31304],[8.43635,47.31248],[8.43537,47.31226]],[[8.43542,47.28694],[8.43542,47.28687]],[[8.43542,47.28694],[8.43692,47.28688]],[[8.43938,47.31478],[8.43927,47.31518],[8.43621,47.31519]],[[8.43692,47.28688],[8.43699,47.28671]],[[8.43692,47.28688],[8.43876,47.28654],[8.43981,47.28665],[8.44018,47.28686]],[[8.43938,47.31478],[8.43886,47.31497],[8.43851,47.31491]],[[8.43971,47.31439],[8.43938,47.31478]],[[8.44165,47.29855],[8.43925,47.2987]],[[8.44094,47.31485],[8.44061,47.31451],[8.43971,47.31439]],[[8.43969,47.30671],[8.43957,47.30673]],[[8.44094,47.31485],[8.43985,47.31553]],[[8.44149,47.30676],[8.44093,47.30719],[8.43969,47.30671]],[[8.44186,47.31485],[8.44053,47.31785]],[[8.44018,47.28686],[8.44032,47.28785]],[[8.44032,47.28785],[8.44086,47.28823],[8.44181,47.28833],[8.44226,47.28868],[8.44494,47.28922],[8.44574,47.28915],[8.44596,47.28886]],[[8.44032,47.28785],[8.43963,47.28889],[8.43946,47.2902],[8.43972,47.29032],[8.43954,47.29046],[8.43975,47.29068],[8.43955,47.29089],[8.4397,47.29106],[8.43895,47.29519],[8.43933,47.29592],[8.44069,47.29669]],[[8.44032,47.28785],[8.44032,47.28785]],[[8.44186,47.31485],[8.44094,47.31485]],[[8.44069,47.29669],[8.44165,47.29705],[8.44391,47.29749]],[[8.44069,47.29669],[8.44165,47.29855]],[[8.44149,47.30676],[8.44193,47.30759],[8.44386,47.3087]],[[8.44165,47.29855],[8.44124,47.2995],[8.44145,47.30028],[8.44139,47.30188],[8.44115,47.30234],[8.44142,47.30286],[8.4416,47.30467],[8.44098,47.30535],[8.4413,47.30573],[8.44116,47.30625],[8.44149,47.30676]],[[8.4507,47.31086],[8.44908,47.31177],[8.44679,47.31437],[8.44613,47.31448],[8.44522,47.31511],[8.44353,47.31529],[8.44275,47.31491],[8.44186,47.31485]],[[8.44386,47.3087],[8.44397,47.30875]],[[8.44386,47.3087],[8.44567,47.30714],[8.44712,47.30746]],[[8.44346,47.2828],[8.44346,47.2828]],[[8.44397,47.30875],[8.44641,47.30961],[8.44814,47.30969],[8.4507,47.31086]],[[8.44525,47.29759],[8.44665,47.29778]],[[8.44596,47.28886],[8.44596,47.28886]],[[8.44596,47.28886],[8.44714,47.288],[8.44962,47.28366],[8.45147,47.28329],[8.453,47.28218]],[[8.44596,47.28886],[8.44598,47.28886]],[[8.44731,47.31968],[8.44669,47.31996]],[[8.44665,47.29778],[8.44801,47.29813],[8.44923,47.29802]],[[8.45079,47.31603],[8.44918,47.31764],[8.44806,47.31931],[8.44741,47.31948]],[[8.44742,47.30727],[8.44858,47.30631],[8.44925,47.30383],[8.45029,47.30261],[8.45095,47.30218]],[[8.44923,47.29802],[8.45017,47.29816],[8.45162,47.29871],[8.45246,47.29873],[8.45288,47.29846],[8.45504,47.29835],[8.4584,47.29889]],[[8.44923,47.29802],[8.44997,47.29749],[8.4519,47.29724],[8.45362,47.29628],[8.45468,47.2964]],[[8.4507,47.31086],[8.45174,47.31206],[8.45275,47.31268]],[[8.45132,47.30195],[8.45269,47.30148],[8.45339,47.30168],[8.45401,47.30149]],[[8.45163,47.28728],[8.45202,47.28543],[8.45326,47.28551],[8.45391,47.28628]],[[8.45275,47.31268],[8.45273,47.31271]],[[8.45275,47.31268],[8.45332,47.31294]],[[8.45332,47.31294],[8.45333,47.31297]],[[8.45332,47.31294],[8.45338,47.31292]],[[8.453,47.28218],[8.45301,47.28151]],[[8.45301,47.28151],[8.45287,47.2811],[8.45305,47.28076],[8.45397,47.28034],[8.45378,47.27904],[8.45423,47.27817],[8.45416,47.2777]],[[8.45301,47.28151],[8.45324,47.28118]],[[8.45401,47.30149],[8.45564,47.3015]],[[8.45468,47.2964],[8.45517,47.29637],[8.45571,47.29594],[8.45625,47.29473],[8.45884,47.29408],[8.46006,47.29331],[8.46337,47.29209]],[[8.4545,47.28634],[8.45565,47.28636],[8.45655,47.28662]],[[8.45508,47.2814],[8.45597,47.28114]],[[8.45564,47.3015],[8.45646,47.30152],[8.45733,47.30259],[8.45709,47.30325]],[[8.45597,47.28114],[8.45619,47.28122]],[[8.45619,47.28122],[8.45646,47.28105],[8.45672,47.28116],[8.45706,47.28085]],[[8.45619,47.28122],[8.45651,47.2814]],[[8.45766,47.28778],[8.45871,47.28835]],[[8.45787,47.2804],[8.45839,47.27965]],[[8.4584,47.29889],[8.45856,47.29928]],[[8.4584,47.29889],[8.45901,47.29873],[8.45976,47.29757],[8.4611,47.2965],[8.46252,47.29626],[8.46372,47.29635]],[[8.45834,47.28745],[8.45994,47.28776],[8.46121,47.28596]],[[8.45856,47.27938],[8.45858,47.27936]],[[8.45858,47.27936],[8.45858,47.27935]],[[8.45858,47.27936],[8.46106,47.27914],[8.46205,47.27878],[8.46312,47.27894],[8.46383,47.27925],[8.46517,47.27933]],[[8.45994,47.28191],[8.46244,47.28114],[8.4638,47.28151],[8.46424,47.28218]],[[8.46155,47.27754],[8.46225,47.27747],[8.46273,47.27774]],[[8.46372,47.29635],[8.46574,47.29698],[8.46906,47.30051],[8.47097,47.30185]],[[8.46372,47.29635],[8.46519,47.2949],[8.46599,47.2937]],[[8.46538,47.29146],[8.46589,47.29144],[8.46672,47.29108]],[[8.46599,47.2937],[8.46699,47.29212],[8.46672,47.29108]],[[8.46672,47.29108],[8.4669,47.29084]],[[8.4669,47.29084],[8.46754,47.28841]],[[8.4669,47.29084],[8.46769,47.29078],[8.4688,47.29111]],[[8.46754,47.28841],[8.46973,47.28439]],[[8.46754,47.28841],[8.46756,47.2884]],[[8.4688,47.29111],[8.46968,47.29101],[8.47037,47.29138],[8.47152,47.29062]],[[8.4688,47.29111],[8.46987,47.29203],[8.4702,47.2921]],[[8.46973,47.28439],[8.46974,47.2844]],[[8.46973,47.28439],[8.47053,47.28305],[8.47148,47.2826]],[[8.47097,47.30185],[8.47218,47.30275]],[[8.47097,47.30185],[8.47102,47.30183]],[[8.47118,47.28432],[8.47184,47.28401]],[[8.47265,47.30106],[8.47535,47.29968],[8.47639,47.29835],[8.4761,47.29801]],[[8.47252,47.28165],[8.47262,47.28082],[8.47302,47.28055]],[[8.4761,47.29801],[8.47542,47.29727],[8.47537,47.29673]],[[8.4761,47.29801],[8.47669,47.29609]]]}},{"type":"Feature","properties":{"id":"reuss-revier-442-zh","c":"ZH","p":"private","q":"official","k":"river"},"geometry":{"type":"MultiLineString","coordinates":[[[8.38865,47.29003],[8.39091,47.2878]],[[8.39113,47.28753],[8.39303,47.28364],[8.39465,47.27862],[8.39594,47.27715],[8.39957,47.2747]],[[8.39958,47.27469],[8.40166,47.27326],[8.40245,47.2716],[8.40235,47.27056],[8.40052,47.26539],[8.40103,47.26398],[8.40249,47.26289]],[[8.40051,47.2743],[8.40033,47.27466]],[[8.40249,47.26289],[8.40294,47.26298]],[[8.40249,47.26289],[8.40389,47.26174],[8.40452,47.26025],[8.40424,47.25885],[8.40271,47.25635],[8.40265,47.25555],[8.40295,47.25455],[8.40375,47.25355],[8.40793,47.25055],[8.41013,47.24837]]]}},{"type":"Feature","properties":{"id":"wolfisbueelbaechli-revier-450-zh","c":"ZH","p":"private","q":"official","k":"river"},"geometry":{"type":"MultiLineString","coordinates":[[[8.6033,47.22529],[8.60351,47.22469],[8.60335,47.22396]],[[8.60335,47.22396],[8.60331,47.2239]],[[8.60638,47.22313],[8.60514,47.22444],[8.6042,47.22442],[8.60335,47.22396]],[[8.6079,47.22169],[8.60782,47.22155],[8.60686,47.22159],[8.60604,47.2214]],[[8.61053,47.22155],[8.60971,47.22137]],[[8.61054,47.22157],[8.61051,47.22159]]]}},{"type":"Feature","properties":{"id":"schongebiet-schwarzbach-revier-1000-zh","c":"ZH","p":"closed","q":"official","k":"river"},"geometry":{"type":"MultiLineString","coordinates":[[[8.46104,47.58882],[8.46216,47.58885]],[[8.48407,47.60891],[8.48329,47.60846],[8.48258,47.60838],[8.481,47.60765],[8.48066,47.60771],[8.47879,47.60647],[8.47829,47.60645],[8.47734,47.60566],[8.47525,47.60509]],[[8.4793,47.61062],[8.47877,47.60983],[8.47731,47.60855]],[[8.47971,47.61504],[8.47969,47.61499]],[[8.48964,47.61294],[8.48858,47.61217],[8.48822,47.61167],[8.48723,47.61125],[8.48715,47.61058],[8.48588,47.61017],[8.4856,47.60989],[8.48519,47.60998],[8.48505,47.60971],[8.48477,47.60977],[8.48457,47.60949],[8.4847,47.60922],[8.48407,47.60891]],[[8.48407,47.60891],[8.48469,47.60756],[8.48528,47.60717],[8.48658,47.60675]],[[8.49096,47.61475],[8.4918,47.61451],[8.49381,47.61454],[8.49991,47.61617]],[[8.49991,47.61617],[8.50147,47.61659],[8.5023,47.61642],[8.50288,47.61657]],[[8.49991,47.61617],[8.49998,47.61615]],[[8.50026,47.61608],[8.50051,47.61556],[8.50178,47.61481],[8.50191,47.61434],[8.5038,47.61309],[8.50479,47.61284],[8.50669,47.61293]],[[8.50288,47.61657],[8.50336,47.61672]],[[8.50288,47.61657],[8.50377,47.61638],[8.50448,47.61674]],[[8.50426,47.61669],[8.50448,47.61674]],[[8.50448,47.61674],[8.50548,47.61705],[8.50667,47.61711],[8.50681,47.6169],[8.50755,47.61691],[8.50805,47.61742],[8.5091,47.61779],[8.50956,47.61773]],[[8.50878,47.62224],[8.50809,47.62374]],[[8.50819,47.62139],[8.50827,47.62203]],[[8.50956,47.61773],[8.50955,47.61917],[8.50913,47.62007]],[[8.50956,47.61773],[8.50968,47.61774],[8.50979,47.61768],[8.50989,47.61771],[8.51093,47.61746],[8.51244,47.61735],[8.51335,47.61759],[8.51372,47.61749],[8.51397,47.61775],[8.51585,47.61778],[8.51824,47.61813],[8.52077,47.61918]],[[8.52328,47.623],[8.5241,47.62447],[8.52263,47.62553],[8.5223,47.62544],[8.52098,47.62597],[8.52002,47.62757],[8.51947,47.62805],[8.51944,47.62984],[8.51916,47.63075],[8.51862,47.63115],[8.51813,47.63218]],[[8.52077,47.61918],[8.52143,47.61954],[8.52191,47.62099],[8.52248,47.62176],[8.52289,47.62193],[8.52328,47.623]],[[8.52077,47.61918],[8.52078,47.61918]],[[8.52328,47.623],[8.52332,47.62301]],[[8.53821,47.63119],[8.53685,47.63088],[8.53549,47.63097]],[[8.5812,47.58139],[8.58025,47.58275],[8.57986,47.58376],[8.5797,47.58727],[8.57928,47.58773],[8.58063,47.58972],[8.58402,47.59225]],[[8.58366,47.57915],[8.58149,47.58112]],[[8.58171,47.57537],[8.58179,47.57562]],[[8.58179,47.57562],[8.58607,47.57561],[8.59098,47.5766]],[[8.58179,47.57562],[8.58366,47.57915]],[[8.58366,47.57915],[8.5862,47.58017]],[[8.58437,47.59238],[8.58528,47.59273],[8.58628,47.59271],[8.59051,47.59156],[8.59498,47.58812]],[[8.5862,47.58017],[8.59746,47.58057]],[[8.5862,47.58017],[8.58897,47.58178],[8.59194,47.58241],[8.5912,47.58562]],[[8.62512,47.69166],[8.62564,47.69195]],[[8.62603,47.68386],[8.62602,47.68389]],[[8.62603,47.68386],[8.62658,47.6839]],[[8.62603,47.68384],[8.62603,47.68386]],[[8.62642,47.67792],[8.62778,47.67774],[8.62837,47.67747],[8.62899,47.67694],[8.62913,47.67642],[8.62966,47.6761]],[[8.62828,47.64834],[8.62828,47.64834]],[[8.62828,47.64834],[8.62829,47.64835]],[[8.62828,47.64834],[8.6309,47.64746]],[[8.62849,47.6312],[8.62855,47.63148]],[[8.62896,47.63144],[8.629,47.63143]],[[8.62852,47.58768],[8.63026,47.58734]],[[8.6309,47.64746],[8.63149,47.64761]],[[8.6309,47.64746],[8.6314,47.64726]],[[8.63258,47.68383],[8.63341,47.68396]],[[8.633,47.69288],[8.63691,47.6934],[8.6404,47.69462]],[[8.63208,47.64724],[8.63217,47.64721]],[[8.63208,47.64721],[8.63217,47.64721]],[[8.63217,47.64721],[8.63218,47.64721]],[[8.63426,47.64684],[8.63509,47.6466],[8.63625,47.64672]],[[8.63424,47.58618],[8.6348,47.58569],[8.63499,47.58461]],[[8.63653,47.6469],[8.63776,47.64819],[8.63764,47.64941],[8.63729,47.64992],[8.63737,47.65125],[8.63854,47.65308],[8.63918,47.65472]],[[8.63936,47.65488],[8.63917,47.65517]],[[8.63936,47.65486],[8.63936,47.65488]],[[8.63936,47.65488],[8.63946,47.65482]],[[8.64072,47.69472],[8.64088,47.69476]],[[8.64119,47.69482],[8.64206,47.69492]],[[8.64221,47.69491],[8.64247,47.69489]],[[8.64273,47.69487],[8.6465,47.69391]],[[8.64499,47.65863],[8.64665,47.65877]],[[8.64982,47.59915],[8.64996,47.60029],[8.64977,47.60083],[8.64914,47.60125],[8.64823,47.60142]],[[8.65011,47.59795],[8.65011,47.5981]],[[8.65196,47.59578],[8.65066,47.5964]],[[8.65413,47.68954],[8.65742,47.68789]],[[8.66279,47.68594],[8.66343,47.6858]],[[8.69061,47.55348],[8.69064,47.55352]],[[8.69131,47.5538],[8.69269,47.55415],[8.69281,47.55441],[8.69452,47.55536],[8.69449,47.55561]],[[8.69229,47.56546],[8.69321,47.56622],[8.69426,47.56636]],[[8.70022,47.56074],[8.70367,47.5613],[8.70583,47.56103],[8.70751,47.56124],[8.70851,47.56163],[8.7088,47.562]],[[8.70678,47.56485],[8.70658,47.5646]],[[8.70724,47.56491],[8.70752,47.56421]],[[8.70628,47.49774],[8.70629,47.49891]],[[8.71268,47.5101],[8.71288,47.512]],[[8.72467,47.64305],[8.72632,47.64288],[8.72694,47.64332]],[[8.72534,47.48986],[8.72435,47.48879],[8.72307,47.48833],[8.72278,47.488]],[[8.72738,47.64332],[8.72971,47.64241],[8.73309,47.6406],[8.73428,47.64022],[8.73473,47.63871],[8.73422,47.63814],[8.73356,47.63781]],[[8.72534,47.48986],[8.72512,47.4888]],[[8.72535,47.48991],[8.72534,47.48986]],[[8.73325,47.63719],[8.73279,47.63641],[8.73264,47.63646]],[[8.73472,47.50899],[8.73478,47.509]],[[8.73496,47.50903],[8.73679,47.50977],[8.73837,47.50963]],[[8.73549,47.50607],[8.73718,47.50751]],[[8.73904,47.50966],[8.73969,47.50978],[8.7401,47.51009],[8.74214,47.51024],[8.74405,47.51102],[8.74471,47.51109],[8.74516,47.51095]],[[8.74449,47.63479],[8.74723,47.63281],[8.74683,47.63257],[8.74646,47.63187]],[[8.74789,47.64015],[8.74809,47.64],[8.74771,47.63902],[8.7469,47.63789],[8.74628,47.63755],[8.74545,47.63763],[8.74484,47.6371]],[[8.74597,47.63153],[8.74512,47.63082]],[[8.74223,47.50781],[8.74294,47.5077],[8.74377,47.50718]],[[8.75096,47.54961],[8.75257,47.54932],[8.75458,47.54924],[8.75518,47.54889]],[[8.75211,47.51031],[8.75206,47.51059],[8.75154,47.51092],[8.75148,47.51133]],[[8.75173,47.51218],[8.75196,47.51288],[8.75181,47.51298]],[[8.75538,47.54868],[8.75669,47.5476]],[[8.7563,47.54741],[8.75786,47.5462],[8.75828,47.54553],[8.75738,47.54506],[8.75863,47.54427],[8.75803,47.54385],[8.75608,47.54366]],[[8.76262,47.62465],[8.76177,47.62485],[8.76035,47.62404],[8.76071,47.62344],[8.76223,47.62293]],[[8.77634,47.61994],[8.77578,47.61947],[8.77515,47.61927],[8.77439,47.61931],[8.77313,47.6198],[8.7706,47.61999]],[[8.77077,47.61542],[8.77081,47.61516]],[[8.76789,47.47557],[8.76785,47.47552]],[[8.76859,47.47745],[8.76877,47.4771],[8.76798,47.47573]],[[8.76949,47.47821],[8.76944,47.47817]],[[8.77399,47.63621],[8.77426,47.63359]],[[8.77426,47.63359],[8.77454,47.6321],[8.77775,47.62656],[8.78017,47.62408]],[[8.77426,47.63359],[8.77434,47.63353]],[[8.77458,47.6334],[8.78723,47.63343]],[[8.77667,47.62247],[8.77548,47.62292]],[[8.77715,47.62069],[8.77665,47.62037]],[[8.77844,47.62181],[8.77855,47.62145]],[[8.78017,47.62408],[8.78014,47.62405]],[[8.78017,47.62408],[8.78022,47.62405]],[[8.78741,47.66236],[8.78863,47.66261],[8.78981,47.66246],[8.78996,47.66269],[8.79083,47.66268]],[[8.78845,47.61055],[8.78772,47.60914]],[[8.7896,47.61898],[8.78991,47.61899]],[[8.79139,47.66267],[8.80398,47.66221]],[[8.79122,47.6504],[8.79219,47.65044],[8.7928,47.65012]],[[8.79434,47.6173],[8.79453,47.61668],[8.79605,47.61455],[8.79761,47.61449],[8.79826,47.61426],[8.79975,47.61333],[8.80212,47.61124],[8.80411,47.61007]],[[8.79762,47.63048],[8.79917,47.63003]],[[8.80235,47.56352],[8.80109,47.56308],[8.80101,47.56264]],[[8.8059,47.63152],[8.80607,47.63207],[8.8068,47.63261],[8.80783,47.63289]],[[8.80783,47.63289],[8.80787,47.63302],[8.80886,47.63314],[8.81103,47.63322],[8.81163,47.63351]],[[8.80783,47.63289],[8.80913,47.63239]],[[8.80534,47.53245],[8.80562,47.53216]],[[8.80857,47.63566],[8.80909,47.63614]],[[8.80935,47.63626],[8.81013,47.63663],[8.81099,47.63735],[8.8116,47.6385]],[[8.80815,47.56675],[8.80803,47.56632]],[[8.8116,47.6385],[8.81126,47.63901]],[[8.8112,47.63195],[8.8121,47.6321]],[[8.81145,47.63956],[8.81147,47.64005],[8.81206,47.6403],[8.8123,47.64091]],[[8.8116,47.6385],[8.81421,47.63906],[8.81549,47.63988],[8.81607,47.63977]],[[8.81191,47.63357],[8.81213,47.63361]],[[8.81213,47.63361],[8.81295,47.63403],[8.81432,47.63565],[8.8151,47.63617]],[[8.81213,47.63361],[8.81309,47.63343],[8.81383,47.63386]],[[8.81233,47.64111],[8.81266,47.64185],[8.81256,47.64239]],[[8.81256,47.64239],[8.81267,47.64251]],[[8.81256,47.64239],[8.81251,47.64248],[8.81267,47.64251]],[[8.81267,47.64251],[8.81366,47.64341]],[[8.81012,47.53162],[8.81197,47.53192],[8.81296,47.53161]],[[8.81346,47.56983],[8.81338,47.56934],[8.81306,47.56921],[8.81263,47.56843],[8.81206,47.56819],[8.81113,47.5683]],[[8.81227,47.53687],[8.81341,47.53663],[8.81361,47.53608],[8.81432,47.53564],[8.81407,47.53485],[8.8144,47.5348]],[[8.81363,47.57019],[8.81362,47.57016]],[[8.81687,47.63492],[8.81822,47.63524],[8.82056,47.63513]],[[8.81668,47.54053],[8.81668,47.54051]],[[8.82703,47.64224],[8.82526,47.64158],[8.82357,47.64166],[8.82254,47.64108],[8.82195,47.64105],[8.82107,47.64064],[8.82044,47.64068]],[[8.82622,47.64386],[8.82463,47.64418],[8.82298,47.6438],[8.82208,47.64416],[8.82119,47.64535],[8.82064,47.64536]],[[8.82037,47.53878],[8.81962,47.53809]],[[8.8217,47.54152],[8.8217,47.54148]],[[8.82277,47.5418],[8.82277,47.54175]],[[8.82357,47.54586],[8.82347,47.54578]],[[8.83157,47.54866],[8.83104,47.54829],[8.82945,47.54809],[8.82925,47.54788],[8.82648,47.54688],[8.82569,47.54702],[8.8251,47.54691],[8.82399,47.54641],[8.82365,47.54594]],[[8.82355,47.53842],[8.82355,47.53757]],[[8.82368,47.5374],[8.82449,47.53678],[8.82451,47.53561],[8.82554,47.53415]],[[8.82707,47.64229],[8.82703,47.64224]],[[8.82703,47.64224],[8.8272,47.64128],[8.82758,47.64087],[8.82718,47.63996]],[[8.83157,47.54866],[8.83154,47.54867]],[[8.83186,47.54865],[8.83157,47.54866]],[[8.8321,47.54862],[8.83186,47.54865]],[[8.8321,47.54862],[8.83204,47.54864],[8.83186,47.54865]],[[8.83265,47.54864],[8.83217,47.54858],[8.8321,47.54862]],[[8.87659,47.46232],[8.8746,47.46121],[8.87447,47.46087],[8.87355,47.46051]],[[8.87983,47.46467],[8.87896,47.46466],[8.87866,47.46432],[8.87805,47.46421],[8.87705,47.46364],[8.87652,47.4627],[8.87659,47.46232]],[[8.87659,47.46232],[8.87717,47.46127]],[[8.88113,47.46709],[8.8794,47.46723],[8.87891,47.46787],[8.87813,47.46838]],[[8.87983,47.46467],[8.87995,47.46419],[8.87931,47.46352],[8.8791,47.4625]],[[8.87918,47.46229],[8.87949,47.46185]],[[8.88249,47.45969],[8.88013,47.45892],[8.87952,47.45851],[8.87911,47.45795],[8.87921,47.45745]],[[8.88128,47.46614],[8.87983,47.46467]],[[8.88343,47.51415],[8.88285,47.51387],[8.88173,47.51372]],[[8.8817,47.45265],[8.88016,47.45208]],[[8.8817,47.45265],[8.88051,47.45311]],[[8.88359,47.47014],[8.88311,47.46981],[8.88253,47.46841],[8.88113,47.46709]],[[8.88113,47.46709],[8.88128,47.46614]],[[8.8875,47.45468],[8.88656,47.45495],[8.88574,47.45559],[8.88424,47.4562],[8.88309,47.45718],[8.88101,47.45721]],[[8.88128,47.46614],[8.88219,47.46572],[8.88343,47.46463],[8.88327,47.46358],[8.88363,47.46181]],[[8.88571,47.51322],[8.88526,47.51264],[8.88446,47.51224],[8.88326,47.51112],[8.8828,47.51037]],[[8.88197,47.4509],[8.8813,47.45041],[8.88121,47.44998]],[[8.88255,47.49306],[8.88257,47.49249],[8.88447,47.49027],[8.88475,47.48942],[8.88564,47.48879],[8.88559,47.48845]],[[8.88311,47.4526],[8.88223,47.45272],[8.8817,47.45265]],[[8.88198,47.45026],[8.88166,47.44998]],[[8.88311,47.4526],[8.88197,47.4509]],[[8.88197,47.4509],[8.88198,47.45026]],[[8.88198,47.45026],[8.88213,47.44999]],[[8.88367,47.46155],[8.88292,47.46003]],[[8.8875,47.45468],[8.88403,47.45323],[8.88311,47.4526]],[[8.89016,47.45104],[8.88984,47.45148],[8.88951,47.45154],[8.88777,47.45125],[8.88662,47.45047],[8.88516,47.44842],[8.88394,47.44765]],[[8.88611,47.46121],[8.88498,47.46105]],[[8.88899,47.5151],[8.88879,47.51526],[8.88732,47.51517]],[[8.88716,47.46956],[8.88666,47.46908],[8.88653,47.4681],[8.88569,47.46587],[8.88568,47.46489],[8.88629,47.46443]],[[8.88899,47.5151],[8.88795,47.51496]],[[8.88767,47.46136],[8.88657,47.45945]],[[8.88767,47.46136],[8.88669,47.46134]],[[8.89143,47.51626],[8.88986,47.51525],[8.88899,47.5151]],[[8.89223,47.46133],[8.89039,47.46133],[8.88987,47.46115],[8.88851,47.4612],[8.88798,47.46133],[8.88781,47.46136],[8.88767,47.46136]],[[8.89221,47.45439],[8.89101,47.45418],[8.88889,47.45466],[8.88778,47.45459],[8.8875,47.45468]],[[8.89428,47.51668],[8.89218,47.51861]],[[8.89223,47.46133],[8.89179,47.46062],[8.89085,47.45995]],[[8.89231,47.45074],[8.89132,47.45067],[8.89061,47.45087]],[[8.89334,47.50279],[8.89262,47.50268]],[[8.89334,47.50279],[8.89304,47.50355],[8.89371,47.50468]],[[8.89421,47.50242],[8.89354,47.50251],[8.89334,47.50279]],[[8.89671,47.45844],[8.89552,47.45912],[8.89443,47.46072],[8.89284,47.46137],[8.89265,47.46134],[8.89246,47.46135],[8.89233,47.46132],[8.89223,47.46133]],[[8.89428,47.51668],[8.89423,47.51667]],[[8.89294,47.45431],[8.89253,47.4544]],[[8.89468,47.51152],[8.89498,47.51397],[8.89428,47.51668]],[[8.89414,47.45067],[8.89382,47.44942]],[[8.89414,47.45067],[8.89407,47.45067]],[[8.89568,47.45367],[8.89517,47.45212],[8.89414,47.45067]],[[8.89575,47.4538],[8.89572,47.4538]],[[8.89623,47.45445],[8.89591,47.45409]],[[8.89774,47.45628],[8.89744,47.4561],[8.89782,47.45563],[8.89635,47.45461]],[[8.89769,47.45774],[8.89671,47.45844]],[[8.89883,47.45544],[8.89839,47.4541],[8.89858,47.45379],[8.90122,47.45224],[8.90267,47.4517],[8.90427,47.4504]],[[8.89872,47.44931],[8.89908,47.44938],[8.8998,47.44914]],[[8.9006,47.44917],[8.90112,47.44948],[8.90175,47.44927],[8.90212,47.44943],[8.90362,47.44906],[8.90435,47.44846]],[[8.90427,47.4504],[8.90465,47.44979]],[[8.90427,47.4504],[8.9051,47.45032],[8.90575,47.44965]]]}},{"type":"Feature","properties":{"id":"schongebiet-dachseggbaechli-revier-2000-zh","c":"ZH","p":"closed","q":"official","k":"river"},"geometry":{"type":"MultiLineString","coordinates":[[[8.67602,47.36355],[8.67614,47.36364]],[[8.68469,47.35903],[8.68505,47.35929]],[[8.68531,47.35944],[8.68662,47.36024],[8.68705,47.36013]],[[8.68705,47.36013],[8.68857,47.36079],[8.68787,47.36182]],[[8.68705,47.36013],[8.6881,47.36],[8.68893,47.35894]],[[8.68829,47.35391],[8.6889,47.35409]],[[8.68904,47.35875],[8.68932,47.35824]],[[8.6893,47.35415],[8.68979,47.35426],[8.69094,47.3537],[8.6919,47.35382]],[[8.6919,47.35382],[8.69218,47.35403]],[[8.6919,47.35382],[8.69361,47.35351],[8.69577,47.35255],[8.69674,47.35262]],[[8.75278,47.34045],[8.75278,47.34045]],[[8.75278,47.34045],[8.75314,47.34006],[8.7543,47.33976]],[[8.75278,47.34045],[8.75279,47.34045]],[[8.7546,47.33973],[8.75588,47.33981],[8.75726,47.33944],[8.75808,47.33958]],[[8.75863,47.33945],[8.75886,47.33924],[8.75823,47.33877],[8.75916,47.33812],[8.75917,47.33794]],[[8.75857,47.33613],[8.75895,47.33438],[8.75931,47.33368],[8.75957,47.33368]],[[8.75975,47.3333],[8.75997,47.33313]],[[8.77931,47.33812],[8.7782,47.33818]],[[8.77927,47.34004],[8.77864,47.3404]],[[8.78079,47.33834],[8.78012,47.33871],[8.77965,47.33946]],[[8.78079,47.33834],[8.7797,47.3382]],[[8.78825,47.3336],[8.78446,47.33626],[8.78313,47.3378],[8.78079,47.33834]],[[8.7865,47.35754],[8.78672,47.35761]],[[8.78825,47.3336],[8.78932,47.33397]],[[8.78937,47.32955],[8.78861,47.33072],[8.78825,47.3336]],[[8.79145,47.35143],[8.79325,47.35223],[8.794,47.35315],[8.79358,47.35366],[8.79344,47.35465]],[[8.79197,47.34558],[8.7949,47.34394],[8.79663,47.34361],[8.79686,47.34307],[8.7982,47.3425],[8.79875,47.34194]],[[8.79327,47.34866],[8.79409,47.3491],[8.79525,47.3505]],[[8.79324,47.347],[8.79453,47.34719],[8.79534,47.34778],[8.79778,47.34851]],[[8.79525,47.3505],[8.79789,47.35058],[8.79844,47.35003]],[[8.79525,47.3505],[8.79589,47.35145],[8.79701,47.35142],[8.79876,47.35283]],[[8.79621,47.36328],[8.79756,47.36361],[8.79809,47.36343]],[[8.79844,47.35003],[8.80035,47.35122],[8.79983,47.35149],[8.80103,47.35243],[8.80111,47.35282]],[[8.79844,47.35003],[8.79852,47.34996],[8.80023,47.35099],[8.80053,47.35093]],[[8.79875,47.34194],[8.79877,47.34195]],[[8.79875,47.34194],[8.79877,47.34194]],[[8.79967,47.36343],[8.80039,47.36361],[8.80129,47.36325],[8.80236,47.36308],[8.80319,47.3635],[8.80332,47.36424],[8.80407,47.36504],[8.80465,47.3652],[8.80531,47.36484],[8.80609,47.36482],[8.80652,47.36447],[8.80753,47.36447],[8.80794,47.36412],[8.80957,47.36406],[8.81008,47.36427],[8.81086,47.3637],[8.81077,47.36312],[8.81099,47.3629],[8.81051,47.36088]],[[8.80149,47.34826],[8.80114,47.34769],[8.80271,47.34762]],[[8.80592,47.26303],[8.80491,47.26334]],[[8.80539,47.26197],[8.80503,47.26158]],[[8.80749,47.35071],[8.80802,47.35073]],[[8.80592,47.26303],[8.80545,47.26247]],[[8.80761,47.26298],[8.80742,47.26303],[8.80707,47.26269],[8.80592,47.26303]],[[8.80761,47.26298],[8.80782,47.26366],[8.80812,47.26384],[8.80769,47.2643]],[[8.80985,47.26229],[8.80761,47.26298]],[[8.80985,47.26229],[8.81199,47.26399],[8.81337,47.26463],[8.81325,47.26565],[8.81233,47.26771],[8.8118,47.26803],[8.80988,47.27004],[8.80896,47.26982],[8.80804,47.27014]],[[8.81403,47.44365],[8.81501,47.44381],[8.81691,47.4446],[8.81801,47.44482],[8.81934,47.44659],[8.82216,47.44785]],[[8.81692,47.26171],[8.81411,47.2618],[8.81229,47.26154],[8.81051,47.26177],[8.80985,47.26229]],[[8.81624,47.35722],[8.81576,47.35551],[8.81734,47.3547]],[[8.81734,47.3547],[8.81725,47.35443],[8.81756,47.35407]],[[8.81734,47.3547],[8.818,47.35444]],[[8.81765,47.35366],[8.81775,47.3534],[8.81746,47.35298]],[[8.81756,47.35407],[8.81758,47.35375]],[[8.81756,47.35407],[8.81769,47.35397]],[[8.82343,47.44849],[8.82344,47.44853]],[[8.82344,47.44853],[8.82348,47.44853]],[[8.82344,47.44853],[8.82337,47.44962],[8.82302,47.44991],[8.82341,47.45115],[8.82463,47.45186],[8.82496,47.45262],[8.82691,47.45379]],[[8.82754,47.26137],[8.82652,47.26151],[8.82543,47.26102],[8.82358,47.26118],[8.82192,47.26109],[8.81888,47.26174]],[[8.82396,47.44857],[8.82497,47.44896],[8.82618,47.44888],[8.82688,47.44906]],[[8.82624,47.45472],[8.82593,47.45547],[8.82552,47.45568],[8.82484,47.45675]],[[8.82691,47.45379],[8.82644,47.45437]],[[8.8219,47.26002],[8.82159,47.26001]],[[8.8219,47.26002],[8.82182,47.25997]],[[8.82691,47.45379],[8.8274,47.45409],[8.82792,47.45405]],[[8.82724,47.26068],[8.82546,47.2602],[8.82422,47.26022],[8.8232,47.26048],[8.8219,47.26002]],[[8.82792,47.45405],[8.82976,47.45546]],[[8.82792,47.45405],[8.82855,47.45362]],[[8.82855,47.45362],[8.82871,47.45381],[8.83091,47.45419]],[[8.82855,47.45362],[8.82932,47.45307],[8.82941,47.45251],[8.83046,47.45156],[8.83132,47.45034],[8.83224,47.45011],[8.83359,47.45027],[8.83472,47.45012],[8.83532,47.45043],[8.8357,47.45024]],[[8.82976,47.45546],[8.82972,47.45586],[8.82925,47.45622]],[[8.82976,47.45546],[8.83106,47.45616],[8.83225,47.45728]],[[8.83225,47.45728],[8.83243,47.4583]],[[8.83225,47.45728],[8.83238,47.45726],[8.83287,47.45731]],[[8.82776,47.2609],[8.82764,47.26084]],[[8.83351,47.24919],[8.83316,47.24948],[8.83243,47.24963],[8.83297,47.24997],[8.83352,47.25078],[8.83271,47.25146],[8.82817,47.25068]],[[8.8357,47.45024],[8.83597,47.45051],[8.83641,47.45049],[8.83635,47.45136],[8.83704,47.45158],[8.83754,47.45223]],[[8.8357,47.45024],[8.83589,47.45012]],[[8.83839,47.45282],[8.84116,47.45269]],[[8.8352,47.249],[8.83514,47.24922],[8.83465,47.2494],[8.83389,47.24929]],[[8.8352,47.249],[8.83596,47.24904],[8.83679,47.2489]],[[8.8355,47.24789],[8.8352,47.249]],[[8.83558,47.24786],[8.83611,47.24841],[8.83854,47.24861]],[[8.84193,47.45536],[8.84208,47.45633],[8.84285,47.45654]],[[8.84394,47.39415],[8.8438,47.39432],[8.84212,47.39468],[8.84034,47.39379]],[[8.84217,47.45461],[8.84321,47.45473]],[[8.84321,47.45473],[8.84365,47.45441]],[[8.84321,47.45473],[8.84332,47.45472],[8.84354,47.45476],[8.84359,47.45475],[8.84403,47.45484],[8.84425,47.45481],[8.8444,47.4549],[8.84569,47.45487]],[[8.84394,47.39415],[8.842,47.3936]],[[8.84464,47.39389],[8.84398,47.3934],[8.84298,47.39305]],[[8.84628,47.39614],[8.84351,47.39583]],[[8.84464,47.39389],[8.84394,47.39415]],[[8.85139,47.39627],[8.85149,47.39549],[8.85084,47.39517],[8.8504,47.39445],[8.84865,47.39419],[8.84784,47.39442],[8.84675,47.39394],[8.84598,47.39402],[8.84552,47.39388],[8.84464,47.39389]],[[8.85139,47.39627],[8.85011,47.39682],[8.84943,47.39673],[8.84792,47.39601],[8.84686,47.39614]],[[8.85257,47.39772],[8.85158,47.39678],[8.85139,47.39627]],[[8.85199,47.39781],[8.8517,47.39797]],[[8.85271,47.39848],[8.85193,47.39898]],[[8.85257,47.39772],[8.85257,47.39771]],[[8.85271,47.39848],[8.85257,47.39772]],[[8.85343,47.39856],[8.85271,47.39848]],[[8.85295,47.25248],[8.85373,47.25295],[8.85371,47.2538],[8.85398,47.25411],[8.85542,47.25416],[8.85576,47.25441],[8.85613,47.2542]],[[8.85625,47.25413],[8.85697,47.25344],[8.85834,47.25312],[8.86275,47.2539],[8.86535,47.25368]],[[8.85638,47.25412],[8.85806,47.25533]],[[8.85839,47.2558],[8.85841,47.25617],[8.85901,47.25611]],[[8.85926,47.25618],[8.86032,47.25615],[8.86184,47.25579],[8.86278,47.25609],[8.86404,47.25607],[8.86434,47.25639],[8.86504,47.25652],[8.86552,47.25653],[8.86637,47.25622],[8.86786,47.25634]],[[8.86219,47.25842],[8.8637,47.25844]],[[8.86575,47.25384],[8.8666,47.25399],[8.86758,47.2538],[8.86927,47.25394],[8.87082,47.2537],[8.8723,47.25436],[8.87302,47.25428],[8.87398,47.25452],[8.87435,47.25449],[8.87471,47.25419],[8.87545,47.25446],[8.87704,47.25431],[8.87913,47.25468],[8.87951,47.25466],[8.88008,47.25427],[8.88086,47.25438],[8.88214,47.25405],[8.8832,47.25404]],[[8.86786,47.25634],[8.86822,47.25664],[8.8682,47.25724],[8.869,47.25692],[8.86933,47.257],[8.86942,47.25747],[8.86966,47.25749],[8.87023,47.25704],[8.87012,47.25681],[8.87045,47.25678],[8.87148,47.25736]],[[8.86786,47.25634],[8.86836,47.2559],[8.86884,47.2559],[8.86961,47.25555]],[[8.87576,47.36133],[8.87464,47.36089],[8.87396,47.36008],[8.87337,47.36007]],[[8.87662,47.35933],[8.87586,47.35931],[8.87514,47.35889],[8.87404,47.35857],[8.87371,47.35822]],[[8.87148,47.25736],[8.87241,47.25747],[8.87456,47.25688],[8.87577,47.25678],[8.87887,47.25706],[8.87975,47.25687]],[[8.87148,47.25736],[8.87166,47.2578],[8.87329,47.25815],[8.87333,47.25838],[8.87358,47.25843],[8.87466,47.25826],[8.87506,47.25842],[8.87606,47.25839],[8.87632,47.258],[8.8774,47.25797],[8.8802,47.25834],[8.88099,47.25883],[8.88183,47.25858],[8.88279,47.25854],[8.88427,47.25882],[8.88469,47.25867],[8.88463,47.25847],[8.8852,47.25837],[8.88856,47.2588]],[[8.87892,47.36278],[8.87789,47.36246],[8.87614,47.36143]],[[8.87699,47.35423],[8.87617,47.35334],[8.87596,47.35275]],[[8.87343,47.2557],[8.87367,47.25557],[8.87561,47.25552],[8.87582,47.25585],[8.87687,47.25608],[8.87995,47.25628]],[[8.87662,47.35933],[8.87656,47.35837]],[[8.8784,47.36049],[8.87728,47.35996],[8.87662,47.35933]],[[8.87808,47.35607],[8.87732,47.35549],[8.87699,47.35423]],[[8.87699,47.35423],[8.87727,47.35359]],[[8.87727,47.35359],[8.87769,47.35343],[8.87867,47.35239],[8.87894,47.35102],[8.87922,47.35076]],[[8.87727,47.35359],[8.87752,47.35237]],[[8.87991,47.35872],[8.87905,47.35808],[8.87808,47.35607]],[[8.87808,47.35607],[8.87893,47.35541]],[[8.87892,47.36278],[8.87871,47.36201],[8.87887,47.3618],[8.8784,47.36049]],[[8.8784,47.36049],[8.87875,47.36038],[8.8797,47.35947],[8.87991,47.35872]],[[8.88123,47.36424],[8.87892,47.36278]],[[8.87893,47.35541],[8.87888,47.35485],[8.87972,47.35351]],[[8.87893,47.35541],[8.87992,47.35514],[8.88225,47.35378]],[[8.87991,47.35872],[8.88074,47.35844]],[[8.88074,47.35844],[8.88132,47.35762]],[[8.88074,47.35844],[8.8823,47.35787],[8.88418,47.35632],[8.88531,47.35577]],[[8.88122,47.36893],[8.88118,47.36853]],[[8.8812,47.36897],[8.8812,47.36897]],[[8.88131,47.36428],[8.88123,47.36424]],[[8.88123,47.36424],[8.8817,47.3632],[8.88148,47.36209]],[[8.88132,47.35762],[8.88162,47.35686]],[[8.88132,47.35762],[8.88182,47.35729],[8.8822,47.35656]],[[8.88151,47.36185],[8.88151,47.36105]],[[8.88163,47.36067],[8.88206,47.36005]],[[8.88252,47.36548],[8.88239,47.36491],[8.88175,47.36452]],[[8.88207,47.36668],[8.88255,47.36604]],[[8.88225,47.35378],[8.88171,47.35293]],[[8.88266,47.3658],[8.88252,47.36548]],[[8.88252,47.36548],[8.88256,47.36546]],[[8.88225,47.35378],[8.88242,47.35365]],[[8.88242,47.35365],[8.88324,47.35398],[8.88442,47.35404]],[[8.88242,47.35365],[8.88294,47.35306]],[[8.88294,47.35306],[8.88315,47.35116]],[[8.88294,47.35306],[8.88348,47.35273]],[[8.88309,47.35087],[8.88297,47.35072]],[[8.88315,47.35116],[8.88309,47.35087]],[[8.88309,47.35087],[8.8832,47.35071]],[[8.88315,47.35116],[8.88354,47.35086]],[[8.88348,47.35273],[8.88411,47.35129]],[[8.88348,47.35273],[8.88351,47.35272],[8.88366,47.35275],[8.88404,47.35272],[8.88429,47.35274],[8.88448,47.35272]],[[8.88411,47.35129],[8.88428,47.35093]],[[8.88411,47.35129],[8.88452,47.351]],[[8.88445,47.36276],[8.88407,47.36176],[8.88474,47.35956]],[[8.88454,47.36363],[8.88462,47.36303]],[[8.88462,47.36303],[8.88462,47.36302]],[[8.88462,47.36303],[8.88624,47.362],[8.88647,47.36152],[8.88639,47.36037],[8.88716,47.35924]],[[8.8832,47.25404],[8.88678,47.25469],[8.8925,47.25496],[8.89506,47.25535],[8.89643,47.25576]],[[8.8832,47.25404],[8.88408,47.25386],[8.88526,47.25393],[8.88583,47.25416],[8.88709,47.25408],[8.88759,47.25421],[8.88793,47.25405],[8.88934,47.25427]],[[8.88856,47.2588],[8.8895,47.25914],[8.89405,47.25995],[8.89572,47.26002],[8.89609,47.25991],[8.89674,47.26011],[8.89866,47.26022],[8.8994,47.25998],[8.90041,47.26009],[8.90216,47.25987],[8.90291,47.26015],[8.90347,47.26006],[8.90429,47.26039]],[[8.88856,47.2588],[8.88911,47.25867]],[[8.8894,47.25853],[8.89187,47.25753],[8.89317,47.2575],[8.89388,47.2573]],[[8.89388,47.2573],[8.894,47.25747],[8.89535,47.25734]],[[8.89388,47.2573],[8.89428,47.25701],[8.89468,47.25704]],[[8.90429,47.26039],[8.90582,47.26054],[8.9061,47.26104],[8.90656,47.26114]],[[8.90429,47.26039],[8.90434,47.26154],[8.90539,47.26173]],[[8.90846,47.25471],[8.90859,47.25477]],[[8.91536,47.43468],[8.91431,47.43497],[8.9135,47.43489]],[[8.90859,47.25477],[8.909,47.25522]],[[8.90859,47.25477],[8.90864,47.25476],[8.90885,47.25479],[8.90956,47.25526],[8.91085,47.25544]],[[8.90909,47.25553],[8.90943,47.25666]],[[8.91978,47.43302],[8.91599,47.43445]],[[8.91978,47.43302],[8.91826,47.43248]],[[8.91809,47.35461],[8.9174,47.35459]],[[8.91809,47.35461],[8.91761,47.35485]],[[8.92306,47.43282],[8.9221,47.433],[8.91978,47.43302]],[[8.91882,47.35471],[8.91821,47.3546],[8.91809,47.35461]],[[8.91861,47.35173],[8.91818,47.35143]],[[8.91843,47.35278],[8.9183,47.35255]],[[8.91882,47.35471],[8.91882,47.35367],[8.91843,47.35278]],[[8.91843,47.35278],[8.91871,47.35232]],[[8.91956,47.3552],[8.91882,47.35471]],[[8.92088,47.3572],[8.92001,47.35636],[8.91956,47.3552]],[[8.91956,47.3552],[8.92056,47.35402],[8.92069,47.35334]],[[8.92212,47.35838],[8.92171,47.3578],[8.92088,47.3572]],[[8.92088,47.3572],[8.92194,47.35606]],[[8.92306,47.43282],[8.92353,47.43324],[8.92351,47.43386]],[[8.92606,47.43151],[8.92542,47.43167],[8.92451,47.43228],[8.92365,47.43243],[8.92306,47.43282]],[[8.92606,47.43151],[8.92589,47.43387]],[[8.92766,47.43152],[8.92685,47.4314],[8.92606,47.43151]],[[8.92855,47.43151],[8.92766,47.43152]],[[8.92766,47.43152],[8.92718,47.43185],[8.92815,47.43324]],[[8.92815,47.43324],[8.93018,47.43413]],[[8.92815,47.43324],[8.92825,47.43452]],[[8.93079,47.43176],[8.93143,47.43279]],[[8.96363,47.31228],[8.96427,47.31258],[8.96515,47.31374],[8.9654,47.31481],[8.96611,47.31549],[8.96753,47.31778],[8.96927,47.31904]],[[8.96927,47.31904],[8.96842,47.32148]],[[8.96927,47.31904],[8.97082,47.31922],[8.97175,47.3191]],[[8.97175,47.3191],[8.97258,47.3199],[8.9731,47.32081],[8.97431,47.3218],[8.97482,47.32297]],[[8.97175,47.3191],[8.97462,47.3187],[8.97773,47.31881],[8.9785,47.3191]],[[8.97861,47.32138],[8.97817,47.32179]],[[8.9785,47.3191],[8.97922,47.31909]],[[8.9785,47.3191],[8.97861,47.32138]],[[8.97861,47.32138],[8.97879,47.32199]],[[8.97922,47.31909],[8.9797,47.31915]],[[8.97922,47.31909],[8.98015,47.31845]],[[8.9797,47.31915],[8.9801,47.3194]],[[8.9797,47.31915],[8.98249,47.31823]],[[8.9801,47.3194],[8.98192,47.31969],[8.9827,47.32002]],[[8.9801,47.3194],[8.98019,47.31985],[8.98152,47.32104]],[[8.98015,47.31845],[8.98025,47.31787],[8.98107,47.31716]],[[8.98015,47.31845],[8.981,47.31819],[8.98219,47.31722]]]}},{"type":"Feature","properties":{"id":"schongebiet-rietlibach-revier-3000-zh","c":"ZH","p":"closed","q":"official","k":"river"},"geometry":{"type":"MultiLineString","coordinates":[[[8.36227,47.49965],[8.3638,47.49874],[8.36349,47.49839],[8.36565,47.49708],[8.36587,47.49514],[8.3655,47.49456]],[[8.36433,47.48991],[8.36397,47.48913]],[[8.365,47.49235],[8.36525,47.49154],[8.36451,47.49088],[8.36433,47.48991]],[[8.36433,47.48991],[8.36491,47.48939],[8.36496,47.48879]],[[8.36534,47.4943],[8.36501,47.49355],[8.365,47.49235]],[[8.3699,47.4651],[8.37062,47.46557],[8.37074,47.46592],[8.37188,47.4666],[8.37222,47.46776],[8.37212,47.46838],[8.37279,47.46895]],[[8.3699,47.4651],[8.36956,47.46599],[8.37015,47.46698]],[[8.37101,47.46188],[8.37068,47.46239],[8.37085,47.46277],[8.36978,47.4637],[8.37011,47.46427],[8.3699,47.4651]],[[8.37101,47.46188],[8.37139,47.46294]],[[8.37276,47.45948],[8.3721,47.46108],[8.37101,47.46188]],[[8.37669,47.40433],[8.37574,47.40348],[8.37491,47.40342],[8.37455,47.4031]],[[8.37778,47.40266],[8.37622,47.40174],[8.37612,47.40102],[8.37555,47.40067],[8.37548,47.40008],[8.37513,47.39982],[8.37527,47.39962],[8.37465,47.39918]],[[8.37615,47.4048],[8.37669,47.40433]],[[8.37669,47.40433],[8.37752,47.40348],[8.37784,47.40344]],[[8.37784,47.40344],[8.37799,47.40281]],[[8.37784,47.40344],[8.37934,47.40227]],[[8.37935,47.46677],[8.37933,47.46684]],[[8.37934,47.40227],[8.37937,47.40155],[8.37823,47.39964]],[[8.37934,47.40227],[8.37991,47.40184]],[[8.38025,47.40059],[8.38133,47.399]],[[8.38813,47.52826],[8.38749,47.52829],[8.38641,47.52796],[8.38518,47.52794],[8.3836,47.52705]],[[8.38971,47.52742],[8.3892,47.52685],[8.38851,47.52662]],[[8.39121,47.52183],[8.39179,47.52059],[8.39194,47.51922],[8.39099,47.51817],[8.39014,47.51809],[8.38973,47.51773],[8.38872,47.51765]],[[8.39008,47.52632],[8.38951,47.52592],[8.38911,47.52416]],[[8.39121,47.52183],[8.38976,47.52173]],[[8.39207,47.52521],[8.39216,47.52436],[8.39151,47.52415],[8.39119,47.52358],[8.39154,47.52289],[8.39121,47.52183]],[[8.39531,47.43326],[8.3955,47.43391]],[[8.39809,47.52561],[8.39778,47.52407],[8.39793,47.52359],[8.39754,47.52326],[8.3976,47.5215],[8.39889,47.51827],[8.39918,47.5171],[8.39922,47.51531],[8.39952,47.51496]],[[8.40901,47.40352],[8.40859,47.40306],[8.40898,47.40248]],[[8.40916,47.40392],[8.40901,47.40352]],[[8.40901,47.40352],[8.41003,47.40215]],[[8.40919,47.40702],[8.40917,47.40701]],[[8.40958,47.40618],[8.4091,47.4052],[8.40916,47.40417]],[[8.40916,47.40417],[8.40916,47.40392]],[[8.40916,47.40417],[8.40918,47.40402],[8.40916,47.40392]],[[8.4095,47.40706],[8.40968,47.40633]],[[8.40968,47.40633],[8.40958,47.40618]],[[8.40968,47.40633],[8.4096,47.40626],[8.40958,47.40618]],[[8.41431,47.40253],[8.41454,47.40429],[8.41398,47.40503],[8.41153,47.40634],[8.40971,47.40668]],[[8.45159,47.41689],[8.45123,47.41719]],[[8.46765,47.45929],[8.46375,47.45942]],[[8.47109,47.46217],[8.47018,47.46156],[8.46977,47.46156],[8.46894,47.46092],[8.46765,47.45929]],[[8.46765,47.45929],[8.46803,47.45836]],[[8.4684,47.45828],[8.46949,47.45835]],[[8.47238,47.46271],[8.4724,47.46244],[8.47209,47.46239]],[[8.47335,47.46336],[8.47241,47.46288]],[[8.47388,47.42478],[8.47361,47.42404]],[[8.47406,47.42532],[8.47396,47.42504]],[[8.49744,47.41862],[8.49664,47.41794]],[[8.49903,47.41913],[8.49762,47.41876]],[[8.49988,47.41942],[8.49903,47.41913]],[[8.49904,47.41913],[8.49903,47.41913]],[[8.51037,47.43184],[8.51036,47.43189]],[[8.51165,47.4311],[8.51168,47.43111]],[[8.52973,47.46882],[8.53115,47.4695],[8.53149,47.4695],[8.53238,47.46815],[8.53403,47.46759],[8.53413,47.46724]],[[8.53413,47.46724],[8.53311,47.46669],[8.53291,47.46636],[8.53375,47.46581],[8.53498,47.46554],[8.53498,47.46532],[8.53428,47.46508],[8.53518,47.4639],[8.53499,47.46333],[8.53389,47.4628],[8.53427,47.46193]],[[8.53413,47.46724],[8.53571,47.46551],[8.53701,47.46511],[8.5381,47.46535]],[[8.53543,47.46201],[8.53748,47.46166]],[[8.56054,47.37101],[8.56311,47.37243]],[[8.56347,47.3726],[8.5635,47.37266]],[[8.56376,47.37281],[8.56532,47.3738],[8.56547,47.37412],[8.56618,47.37455],[8.56628,47.37494],[8.56741,47.3756]],[[8.565,47.37093],[8.56632,47.37173],[8.56648,47.37164],[8.56738,47.37183],[8.56815,47.37162]],[[8.56741,47.3756],[8.56739,47.37606]],[[8.56741,47.3756],[8.56806,47.37568],[8.57035,47.37657]],[[8.56894,47.37129],[8.56999,47.37108]],[[8.57035,47.37657],[8.57318,47.37613],[8.57432,47.37614]],[[8.57035,47.37657],[8.57127,47.37692],[8.57474,47.37732]],[[8.5716,47.37758],[8.57122,47.3779],[8.57131,47.37825]],[[8.57127,47.37104],[8.57313,47.37123]],[[8.57152,47.37835],[8.57144,47.37847]],[[8.57171,47.37844],[8.57182,47.37861]],[[8.57336,47.37119],[8.57377,47.37086],[8.57384,47.3704]],[[8.57584,47.38086],[8.57366,47.37972]],[[8.57514,47.3773],[8.57557,47.37721],[8.57695,47.37768],[8.5776,47.37811],[8.57815,47.37799],[8.57906,47.37738]],[[8.61114,47.41571],[8.61086,47.41568],[8.60951,47.41645],[8.60775,47.41687],[8.60683,47.41689],[8.60627,47.41723],[8.60354,47.41798]],[[8.60414,47.40279],[8.60472,47.40302],[8.60506,47.40294],[8.6059,47.40313]],[[8.60618,47.40331],[8.6072,47.40438],[8.60854,47.4045],[8.61074,47.40438],[8.61134,47.40458],[8.61232,47.40531],[8.61574,47.40602]],[[8.6069,47.42172],[8.60689,47.42173]],[[8.60906,47.41961],[8.60804,47.42034]],[[8.61114,47.41571],[8.61098,47.41576]],[[8.614,47.41311],[8.61365,47.41407],[8.61114,47.41571]],[[8.61719,47.52006],[8.61641,47.51912],[8.61522,47.51889],[8.61451,47.51842],[8.61465,47.5176],[8.61443,47.51717]],[[8.61829,47.52089],[8.61742,47.52022]],[[8.61755,47.52148],[8.61829,47.52089]],[[8.61574,47.40602],[8.61759,47.40628],[8.61892,47.40628]],[[8.61574,47.40602],[8.61667,47.40791],[8.61612,47.40991]],[[8.61829,47.52089],[8.6214,47.51986]],[[8.6212,47.51826],[8.6197,47.51715],[8.61964,47.51675]],[[8.6214,47.51986],[8.62161,47.51918],[8.62136,47.51851]],[[8.6214,47.51986],[8.62459,47.51873],[8.62513,47.51822]],[[8.61892,47.40628],[8.61887,47.40786],[8.61977,47.40901],[8.62135,47.4119]],[[8.61892,47.40628],[8.61964,47.40626],[8.6203,47.40632],[8.62386,47.407]],[[8.62485,47.51795],[8.62358,47.51635],[8.62217,47.51575],[8.62186,47.51541]],[[8.62674,47.51373],[8.62429,47.51216],[8.62331,47.51184]],[[8.62163,47.41219],[8.6222,47.41253]],[[8.6221,47.42405],[8.6211,47.42644],[8.62121,47.42705],[8.62207,47.42796],[8.62262,47.42825],[8.62704,47.42927],[8.62834,47.42988]],[[8.62363,47.41821],[8.62284,47.41881],[8.62254,47.41935],[8.62274,47.42268],[8.62245,47.42384]],[[8.62513,47.51822],[8.62509,47.51818]],[[8.62513,47.51822],[8.62562,47.51799],[8.62697,47.51798]],[[8.6305,47.50476],[8.62829,47.50402],[8.62682,47.50401],[8.6253,47.50375]],[[8.62591,47.41535],[8.62457,47.41745],[8.62387,47.41804]],[[8.62386,47.407],[8.62645,47.40782]],[[8.62386,47.407],[8.62412,47.40685],[8.62516,47.4071]],[[8.6286,47.51534],[8.62779,47.51438],[8.62674,47.51373]],[[8.62674,47.51373],[8.6272,47.51325]],[[8.62697,47.51798],[8.63259,47.51767],[8.63301,47.51595],[8.63266,47.51516],[8.63188,47.51471],[8.63181,47.51422],[8.63218,47.51395]],[[8.62697,47.51798],[8.62702,47.51744],[8.62874,47.51676],[8.62852,47.51606],[8.62864,47.51558]],[[8.63051,47.50504],[8.6275,47.50553]],[[8.62542,47.40717],[8.6268,47.40764]],[[8.6304,47.50789],[8.62945,47.5082],[8.6282,47.5084],[8.62794,47.50831]],[[8.62591,47.41535],[8.62693,47.41618]],[[8.62598,47.41523],[8.62591,47.41535]],[[8.62871,47.41027],[8.62877,47.41136],[8.62792,47.41255],[8.62766,47.41336],[8.62695,47.41388],[8.62622,47.41485]],[[8.62645,47.40782],[8.62821,47.40836],[8.62879,47.40873]],[[8.62645,47.40782],[8.6268,47.40764]],[[8.6268,47.40764],[8.62738,47.40751],[8.6298,47.40528]],[[8.62831,47.4183],[8.62822,47.41875],[8.62752,47.4196]],[[8.63087,47.51234],[8.6305,47.51182],[8.62964,47.51179]],[[8.62834,47.42988],[8.62979,47.43064],[8.63039,47.43071]],[[8.62834,47.42988],[8.62763,47.43051],[8.62838,47.43093]],[[8.63068,47.50681],[8.63023,47.50656]],[[8.63218,47.51395],[8.63236,47.51347],[8.63299,47.51316],[8.63321,47.51275],[8.6329,47.51252],[8.63242,47.51051],[8.63111,47.50933],[8.63106,47.50882],[8.6304,47.50789]],[[8.6304,47.50789],[8.63068,47.50681]],[[8.63051,47.50504],[8.6305,47.50476]],[[8.6305,47.50476],[8.63061,47.50258]],[[8.63068,47.50681],[8.63082,47.50604],[8.63051,47.50504]],[[8.62901,47.40932],[8.62865,47.4098],[8.62871,47.41027]],[[8.62901,47.40932],[8.62871,47.41027]],[[8.62879,47.40873],[8.63012,47.4094],[8.63145,47.4097],[8.63335,47.41065],[8.63375,47.41065]],[[8.62879,47.40873],[8.62901,47.40932]],[[8.63218,47.51395],[8.63215,47.51392]],[[8.63421,47.41036],[8.6335,47.40995],[8.63329,47.40956],[8.63402,47.40777]],[[8.63409,47.41044],[8.63421,47.41036]],[[8.63421,47.41036],[8.63484,47.41004],[8.63616,47.41009],[8.63696,47.40976]],[[8.63702,47.47167],[8.63703,47.47165]],[[8.63696,47.40976],[8.64441,47.40578]],[[8.63696,47.40976],[8.63701,47.40976],[8.63711,47.40978]],[[8.63825,47.41016],[8.63741,47.41198]],[[8.63763,47.40995],[8.6377,47.40998]],[[8.6377,47.40998],[8.63825,47.41016]],[[8.6377,47.40998],[8.63777,47.40994]],[[8.63825,47.41016],[8.64179,47.41132],[8.64271,47.41057],[8.64323,47.41068],[8.64328,47.41115],[8.64382,47.41139],[8.6446,47.41093]],[[8.64069,47.39532],[8.64308,47.39374],[8.64753,47.39454],[8.64843,47.39365]],[[8.64218,47.43248],[8.64252,47.43284],[8.64211,47.43351],[8.64237,47.43415]],[[8.64441,47.40578],[8.64447,47.4058]],[[8.64441,47.40578],[8.64572,47.40497],[8.64541,47.40437],[8.64618,47.40271]],[[8.64578,47.3705],[8.64438,47.36962]],[[8.64633,47.41012],[8.64648,47.4101]],[[8.6463,47.40246],[8.6475,47.39988]],[[8.64584,47.37063],[8.64578,47.3705]],[[8.64578,47.3705],[8.64578,47.3705]],[[8.64686,47.40497],[8.64745,47.40545]],[[8.64711,47.41006],[8.64712,47.41005]],[[8.64828,47.39166],[8.6468,47.39038]],[[8.64671,47.37889],[8.64996,47.37668]],[[8.64771,47.40566],[8.64773,47.40568]],[[8.64817,47.41017],[8.64886,47.41029]],[[8.64876,47.41036],[8.64928,47.4106]],[[8.64885,47.39247],[8.64891,47.39218],[8.64845,47.3918]],[[8.64885,47.39248],[8.64885,47.39247]],[[8.64885,47.39247],[8.64886,47.39247]],[[8.64928,47.41052],[8.64931,47.41054]],[[8.64949,47.41058],[8.64952,47.41057]],[[8.64996,47.37668],[8.64986,47.3766]],[[8.64996,47.37668],[8.65117,47.37586]],[[8.65117,47.37586],[8.65153,47.37607],[8.65205,47.37751],[8.65334,47.37747],[8.65434,47.37735],[8.65804,47.37574],[8.66093,47.37498]],[[8.65117,47.37586],[8.65568,47.37272]],[[8.65167,47.39302],[8.65217,47.39326]],[[8.65463,47.39287],[8.65448,47.39259],[8.65516,47.39195],[8.6566,47.39216]],[[8.6565,47.39767],[8.65653,47.39766]],[[8.66096,47.37373],[8.66126,47.37489],[8.66363,47.37407]],[[8.66737,47.37127],[8.66908,47.37216],[8.66902,47.37247],[8.66979,47.37279],[8.66998,47.37317]],[[8.67162,47.39404],[8.67153,47.39508]],[[8.67199,47.39523],[8.67291,47.39524]],[[8.67217,47.39864],[8.6718,47.39937],[8.67342,47.40019],[8.6742,47.40223],[8.67623,47.40224],[8.67904,47.40137],[8.67963,47.40086]],[[8.67327,47.39524],[8.67407,47.39597],[8.67293,47.39715],[8.6723,47.39848]],[[8.68001,47.40056],[8.68325,47.39819],[8.68777,47.39711]]]}},{"type":"Feature","properties":{"id":"schongebiet-friesenbergbach-revier-4000-zh","c":"ZH","p":"closed","q":"official","k":"river"},"geometry":{"type":"MultiLineString","coordinates":[[[8.38865,47.29003],[8.38988,47.29046],[8.38993,47.29068],[8.39169,47.29111],[8.39264,47.29093],[8.39465,47.28959]],[[8.40192,47.27293],[8.40298,47.27293],[8.40516,47.27354]],[[8.40697,47.27344],[8.40828,47.2733]],[[8.43344,47.24452],[8.43241,47.24519],[8.43165,47.24657]],[[8.43333,47.24181],[8.43344,47.24452]],[[8.43344,47.24452],[8.43405,47.24629],[8.43378,47.24702]],[[8.43741,47.23933],[8.43757,47.23952],[8.43413,47.24133]],[[8.47581,47.3111],[8.47592,47.31107]],[[8.49423,47.35462],[8.49162,47.35384],[8.49019,47.35373]],[[8.49319,47.35362],[8.49236,47.35366],[8.4904,47.35323]],[[8.49159,47.35244],[8.4911,47.35191]],[[8.49159,47.35244],[8.49134,47.35199]],[[8.49319,47.35362],[8.49245,47.35324],[8.49249,47.35308],[8.49159,47.35244]],[[8.4934,47.35125],[8.49162,47.35138]],[[8.49364,47.35125],[8.49168,47.35033]],[[8.49324,47.35075],[8.49202,47.35008]],[[8.4934,47.35125],[8.49205,47.35071]],[[8.49324,47.35075],[8.49292,47.35033]],[[8.49441,47.36071],[8.49329,47.3591]],[[8.49423,47.35462],[8.4939,47.35408],[8.49319,47.35362]],[[8.49447,47.35139],[8.49324,47.35075]],[[8.49604,47.35027],[8.49454,47.34936],[8.49331,47.34923]],[[8.49364,47.35125],[8.4934,47.35125]],[[8.49447,47.35139],[8.49364,47.35125]],[[8.49623,47.35152],[8.4952,47.35175],[8.49386,47.3516]],[[8.49667,47.34903],[8.49401,47.34862]],[[8.49636,47.35728],[8.49671,47.3566],[8.49558,47.35597],[8.49423,47.35462]],[[8.49604,47.35027],[8.49543,47.35018],[8.49421,47.34956]],[[8.49509,47.35672],[8.49445,47.35661]],[[8.49509,47.35672],[8.49454,47.35637]],[[8.49623,47.35152],[8.49447,47.35139]],[[8.49532,47.36192],[8.49479,47.36173],[8.49503,47.36147],[8.49468,47.36087]],[[8.49632,47.35741],[8.49509,47.35672]],[[8.49595,47.36227],[8.49532,47.36192]],[[8.49539,47.36192],[8.49532,47.36192]],[[8.49621,47.3484],[8.49539,47.3478]],[[8.49659,47.349],[8.4955,47.34843]],[[8.49621,47.3484],[8.49588,47.34775]],[[8.49836,47.35148],[8.49787,47.35101],[8.49604,47.35027]],[[8.49632,47.35741],[8.49632,47.35741]],[[8.49632,47.35741],[8.49628,47.35733],[8.49636,47.35728]],[[8.49632,47.35741],[8.49636,47.35728]],[[8.49765,47.36141],[8.49667,47.36029],[8.49728,47.35898],[8.49632,47.35741]],[[8.49839,47.35152],[8.49623,47.35152]],[[8.49659,47.349],[8.49621,47.3484]],[[8.49698,47.34726],[8.49622,47.34719]],[[8.49734,47.36333],[8.49664,47.36281]],[[8.49667,47.34903],[8.49659,47.349]],[[8.49698,47.34726],[8.49657,47.34691]],[[8.49836,47.35148],[8.49818,47.35068],[8.49667,47.34903]],[[8.49897,47.34776],[8.49885,47.34751],[8.49686,47.34668]],[[8.49897,47.34776],[8.49833,47.3478],[8.49698,47.34726]],[[8.49765,47.36141],[8.49739,47.36144]],[[8.50253,47.36465],[8.50114,47.36404],[8.49829,47.3623],[8.49765,47.36141]],[[8.49819,47.36379],[8.49803,47.36368]],[[8.49956,47.36488],[8.49846,47.36396]],[[8.49839,47.35152],[8.49836,47.35148]],[[8.49986,47.35265],[8.49839,47.35152]],[[8.50034,47.34859],[8.49897,47.34776]],[[8.50239,47.35509],[8.49993,47.35587],[8.49916,47.35529]],[[8.49984,47.34395],[8.49912,47.34391]],[[8.50215,47.34429],[8.50126,47.34386],[8.49913,47.34342]],[[8.49984,47.34395],[8.49924,47.34365]],[[8.50034,47.34859],[8.49929,47.34745],[8.49939,47.34623]],[[8.50215,47.34429],[8.50094,47.34441],[8.49984,47.34395]],[[8.50239,47.35509],[8.50204,47.35496],[8.50186,47.35424],[8.50113,47.35336],[8.50004,47.35279]],[[8.50048,47.34868],[8.50034,47.34859]],[[8.50523,47.35139],[8.50453,47.35151],[8.50419,47.35139],[8.50325,47.35045],[8.50174,47.34977],[8.50161,47.34945],[8.50048,47.34868]],[[8.50048,47.34868],[8.5008,47.34745],[8.5006,47.34653]],[[8.50248,47.3443],[8.50215,47.34429]],[[8.50749,47.35711],[8.50239,47.35509]],[[8.50328,47.34426],[8.50263,47.34433],[8.50248,47.3443]],[[8.50328,47.34426],[8.50248,47.3443]],[[8.50371,47.34245],[8.50255,47.34165]],[[8.50458,47.34319],[8.50365,47.34314],[8.50258,47.34254]],[[8.50704,47.36498],[8.50342,47.36508]],[[8.50371,47.34245],[8.50309,47.34187]],[[8.51615,47.34795],[8.51444,47.34752],[8.51209,47.34791],[8.50969,47.34643],[8.50888,47.3456],[8.50805,47.34512],[8.50724,47.34486],[8.50568,47.3449],[8.50364,47.34417],[8.50354,47.34417],[8.5034,47.34425],[8.50334,47.34426],[8.50332,47.34426],[8.50328,47.34426]],[[8.5098,47.3472],[8.50895,47.34682],[8.50764,47.34675],[8.50699,47.3472],[8.50664,47.34721],[8.50491,47.34686],[8.50408,47.34647],[8.50377,47.34654]],[[8.50458,47.34319],[8.50452,47.34285],[8.50371,47.34245]],[[8.5054,47.3348],[8.50408,47.33555]],[[8.5054,47.3348],[8.50408,47.33461]],[[8.50636,47.344],[8.5059,47.34406],[8.50531,47.34344],[8.50458,47.34319]],[[8.50636,47.344],[8.50521,47.3424]],[[8.51017,47.34254],[8.50913,47.34252],[8.50862,47.34221],[8.50763,47.34213],[8.50519,47.34087]],[[8.51176,47.34903],[8.50768,47.35072],[8.50614,47.35087],[8.50564,47.35128]],[[8.51691,47.33171],[8.51444,47.33238],[8.51331,47.33247],[8.51088,47.33338],[8.51008,47.33338],[8.50794,47.33414],[8.50716,47.33416],[8.50623,47.3347],[8.5054,47.3348]],[[8.51048,47.34396],[8.50965,47.34418],[8.50896,47.34408],[8.508,47.3442],[8.50739,47.34408],[8.50705,47.3442],[8.50669,47.34406],[8.50644,47.344],[8.5064,47.344],[8.50636,47.344]],[[8.51017,47.34254],[8.50857,47.34181],[8.50691,47.34138]],[[8.50798,47.36464],[8.50754,47.36477]],[[8.50887,47.35781],[8.50859,47.3575],[8.50749,47.35711]],[[8.50753,47.35717],[8.50749,47.35711]],[[8.50904,47.36402],[8.50838,47.36455]],[[8.51341,47.34286],[8.51278,47.34259],[8.51187,47.34156],[8.51098,47.34091],[8.50795,47.33978]],[[8.51251,47.35993],[8.51132,47.3594],[8.50904,47.35797]],[[8.51287,47.33052],[8.50931,47.33077]],[[8.51129,47.343],[8.51017,47.34254]],[[8.51176,47.34903],[8.51138,47.34823],[8.51085,47.348]],[[8.51473,47.34335],[8.51359,47.34379],[8.51078,47.34392]],[[8.51686,47.28956],[8.51582,47.28964],[8.51508,47.28947],[8.51343,47.28999],[8.5107,47.28983],[8.5106,47.28952],[8.50991,47.28923],[8.50972,47.28869]],[[8.51594,47.34957],[8.51551,47.34953],[8.51526,47.3497],[8.51398,47.34953],[8.51261,47.34959],[8.51176,47.34903]],[[8.51341,47.34286],[8.51246,47.34326],[8.51184,47.34314]],[[8.51229,47.28727],[8.51119,47.28749],[8.51081,47.2869]],[[8.51229,47.28727],[8.51198,47.28705]],[[8.51291,47.28836],[8.51227,47.28835]],[[8.51252,47.28728],[8.51228,47.28701]],[[8.51473,47.34335],[8.51445,47.34311],[8.51341,47.34286]],[[8.51252,47.28728],[8.51229,47.28727]],[[8.51291,47.28836],[8.5124,47.28851]],[[8.51419,47.2879],[8.51252,47.28728]],[[8.51475,47.33643],[8.51366,47.33496]],[[8.51482,47.28823],[8.51371,47.28811],[8.51291,47.28836]],[[8.51419,47.2879],[8.51339,47.28686],[8.51336,47.28549]],[[8.51664,47.34382],[8.51637,47.34351],[8.51473,47.34335]],[[8.5168,47.33632],[8.51484,47.33679]],[[8.52386,47.29811],[8.52278,47.29834],[8.52109,47.29775],[8.51944,47.29671],[8.51746,47.29595],[8.5169,47.29537],[8.51491,47.29451],[8.51401,47.29374]],[[8.51482,47.28823],[8.51419,47.2879]],[[8.51535,47.28847],[8.51482,47.28823]],[[8.51535,47.28847],[8.51507,47.28716]],[[8.51573,47.29227],[8.51535,47.29182]],[[8.51739,47.28954],[8.51535,47.28847]],[[8.5171,47.34577],[8.5167,47.344]],[[8.52003,47.29442],[8.51966,47.29374],[8.51881,47.29313],[8.51734,47.2927],[8.51594,47.29259]],[[8.51696,47.33065],[8.51677,47.33066]],[[8.51732,47.33157],[8.51718,47.33162]],[[8.51755,47.33733],[8.5173,47.33713],[8.51759,47.33648]],[[8.51739,47.28954],[8.51717,47.28955]],[[8.5181,47.28995],[8.51739,47.28954]],[[8.52616,47.29611],[8.52548,47.29558],[8.52558,47.29521],[8.52469,47.29408],[8.5244,47.29291],[8.52376,47.29233],[8.52209,47.29157],[8.52094,47.29143],[8.52036,47.29114],[8.51974,47.29042],[8.5181,47.28995]],[[8.5181,47.28995],[8.51759,47.28939],[8.51815,47.28865],[8.51821,47.28761]],[[8.52386,47.29811],[8.52346,47.29696],[8.52394,47.29587],[8.52124,47.29526],[8.5205,47.29488]],[[8.52626,47.29082],[8.52602,47.29023],[8.52462,47.28916],[8.52411,47.28901],[8.52289,47.28904]],[[8.52589,47.29819],[8.52498,47.29802],[8.52386,47.29811]],[[8.52675,47.29114],[8.52724,47.29036],[8.52719,47.28964],[8.52682,47.289],[8.52474,47.28817]],[[8.53044,47.30056],[8.52967,47.29979],[8.52894,47.2994],[8.52818,47.2994],[8.52806,47.29915],[8.52724,47.2994],[8.52671,47.29839],[8.52625,47.29816],[8.52601,47.29822],[8.52589,47.29819]],[[8.52589,47.29819],[8.52621,47.29735],[8.52594,47.29699],[8.52616,47.29689],[8.52616,47.29611]],[[8.52616,47.29611],[8.52641,47.29531],[8.52625,47.29448],[8.52659,47.2935]],[[8.52639,47.29259],[8.52623,47.29204]],[[8.53869,47.32384],[8.53853,47.32255],[8.53901,47.32091]],[[8.53869,47.32389],[8.53869,47.32386]],[[8.53911,47.33168],[8.53946,47.33076]],[[8.54776,47.31733],[8.54703,47.3171]],[[8.54729,47.3061],[8.54868,47.30408]],[[8.55411,47.30037],[8.55349,47.3002],[8.55304,47.30028]],[[8.56147,47.30228],[8.56143,47.30227]],[[8.56494,47.28315],[8.56441,47.28349],[8.5637,47.28345]],[[8.56438,47.2827],[8.56478,47.28154],[8.56532,47.28097],[8.56519,47.28077]],[[8.56494,47.28315],[8.5644,47.2829]],[[8.56574,47.28365],[8.56494,47.28315]],[[8.56758,47.28212],[8.56563,47.28257]],[[8.56609,47.28402],[8.56578,47.28384]],[[8.56609,47.28402],[8.5658,47.28381]],[[8.56825,47.28441],[8.56743,47.2845],[8.56609,47.28402]],[[8.57099,47.2829],[8.5692,47.28216],[8.56838,47.28234],[8.56788,47.28222]],[[8.57382,47.27974],[8.5738,47.27938],[8.57327,47.27903],[8.5716,47.27942],[8.57135,47.27967],[8.56932,47.27945],[8.56824,47.27903],[8.56811,47.27873]],[[8.57312,47.28148],[8.57146,47.28122],[8.57124,47.28154],[8.56994,47.28121],[8.5696,47.28144],[8.56833,47.28097]],[[8.56995,47.28409],[8.56972,47.28405],[8.56943,47.2844],[8.56841,47.28434]],[[8.57101,47.28424],[8.57013,47.28412]],[[8.57103,47.28292],[8.57109,47.28253],[8.57081,47.28216]],[[8.57357,47.26873],[8.57296,47.26853]],[[8.57361,47.27735],[8.5734,47.277],[8.57365,47.27604]],[[8.57387,47.27551],[8.57402,47.27539]],[[8.57409,47.27906],[8.57446,47.27827]],[[8.57494,47.28542],[8.57424,47.28535]],[[8.57458,47.27784],[8.57431,47.27723]],[[8.57456,47.28142],[8.57445,47.28139]],[[8.57456,47.28142],[8.57451,47.28135]],[[8.57507,47.28164],[8.57456,47.28142]],[[8.57764,47.26958],[8.57694,47.26974],[8.57509,47.26949]],[[8.57588,47.28166],[8.57594,47.28131]],[[8.57608,47.2811],[8.57611,47.28061]],[[8.57663,47.28649],[8.5766,47.28647]],[[8.57634,47.26742],[8.57628,47.26739]],[[8.57725,47.26787],[8.57666,47.26758]],[[8.57714,47.26739],[8.57679,47.26701],[8.57682,47.26672]],[[8.57725,47.26787],[8.57725,47.26786]],[[8.57726,47.26787],[8.57725,47.26787]],[[8.58003,47.26761],[8.57868,47.26739],[8.57746,47.26607]],[[8.57925,47.26887],[8.57872,47.26875]],[[8.5794,47.27041],[8.57921,47.27031],[8.57937,47.26966],[8.57883,47.26938]],[[8.57974,47.28235],[8.57947,47.28212]],[[8.58008,47.26913],[8.57959,47.26901]],[[8.58276,47.26875],[8.5819,47.26799],[8.58033,47.26766]],[[8.58207,47.26909],[8.5813,47.2688],[8.58077,47.26889]],[[8.58197,47.27161],[8.58134,47.27125]],[[8.58221,47.26259],[8.58168,47.26237]],[[8.58282,47.269],[8.58281,47.269]],[[8.58282,47.269],[8.58282,47.26899]],[[8.58341,47.26965],[8.58282,47.269]],[[8.58381,47.27308],[8.58359,47.27292]],[[8.58463,47.26332],[8.58373,47.26294]],[[8.58648,47.26954],[8.58638,47.26947]],[[8.58748,47.25764],[8.58684,47.25772]],[[8.58748,47.25764],[8.58701,47.25723]],[[8.58833,47.26423],[8.58742,47.26389]],[[8.58777,47.25759],[8.58728,47.2571]],[[8.58777,47.25759],[8.58751,47.25765],[8.58748,47.25764]],[[8.58922,47.25802],[8.58837,47.25753],[8.58806,47.25767],[8.58777,47.25759]],[[8.59084,47.25711],[8.59039,47.25688],[8.5893,47.25681],[8.58864,47.25617]],[[8.58931,47.26497],[8.58895,47.26477]],[[8.5928,47.25879],[8.59271,47.25877]],[[8.59339,47.25987],[8.59311,47.25933],[8.59324,47.25902],[8.59278,47.25883]],[[8.5934,47.25991],[8.59339,47.25987]],[[8.59339,47.25987],[8.59339,47.25987]],[[8.5969,47.24526],[8.59667,47.24459],[8.59575,47.24383],[8.59634,47.24345]],[[8.59814,47.24643],[8.59743,47.24596],[8.59689,47.24525]],[[8.59846,47.25435],[8.59876,47.25398],[8.59849,47.25373],[8.59882,47.25336],[8.59855,47.25284],[8.59883,47.2524],[8.59839,47.25154],[8.59832,47.25074],[8.59795,47.25039]],[[8.59823,47.249],[8.59918,47.24784]],[[8.59872,47.24717],[8.59843,47.24675]],[[8.6006,47.24165],[8.60111,47.24136]],[[8.60185,47.24134],[8.60295,47.2408]],[[8.60352,47.23991],[8.60424,47.23907],[8.60444,47.23825]],[[8.61842,47.24907],[8.61762,47.24799]],[[8.61866,47.2515],[8.61889,47.25075],[8.61855,47.25065]],[[8.61877,47.25216],[8.61848,47.25195],[8.6186,47.25176]],[[8.61948,47.24773],[8.61957,47.24705]],[[8.6196,47.2467],[8.61969,47.24608]],[[8.61971,47.24604],[8.61989,47.24598]],[[8.61988,47.24598],[8.61989,47.24598]],[[8.61989,47.24598],[8.62097,47.24461]],[[8.61989,47.24598],[8.61989,47.24598]],[[8.62013,47.25363],[8.62012,47.25363]],[[8.62117,47.24925],[8.62002,47.24838]],[[8.62169,47.24878],[8.6213,47.24844]],[[8.62145,47.24765],[8.62169,47.24703],[8.62147,47.24663]],[[8.62372,47.25115],[8.62355,47.25062],[8.62253,47.24993]],[[8.62569,47.2506],[8.62255,47.24953]],[[8.62372,47.25115],[8.62372,47.25115]],[[8.62375,47.25115],[8.62372,47.25115]],[[8.62403,47.25214],[8.62402,47.25212]],[[8.62568,47.25061],[8.62569,47.2506]],[[8.62591,47.25062],[8.62569,47.2506]],[[8.62604,47.25088],[8.62599,47.25069]],[[8.62672,47.25116],[8.62602,47.25096]],[[8.62602,47.25096],[8.626,47.2509],[8.62604,47.25088]],[[8.62602,47.25096],[8.62604,47.25088]],[[8.62691,47.25154],[8.62689,47.25151]],[[8.62765,47.2509],[8.62765,47.2509]],[[8.63991,47.24455],[8.63951,47.24464],[8.6393,47.24429]],[[8.64175,47.24517],[8.64125,47.24452]],[[8.64313,47.23987],[8.64293,47.2399]],[[8.64381,47.23964],[8.64321,47.23984]],[[8.64853,47.23944],[8.64726,47.23943],[8.64676,47.23915],[8.64589,47.23907],[8.64406,47.23953]],[[8.64853,47.23944],[8.64735,47.2381]],[[8.65678,47.23904],[8.65611,47.23897],[8.65411,47.23924],[8.65271,47.23895],[8.65239,47.23917],[8.64959,47.23981],[8.64906,47.23979],[8.64853,47.23944]],[[8.65202,47.24328],[8.65138,47.24284],[8.65061,47.24269],[8.65054,47.2423]],[[8.65228,47.2436],[8.65202,47.24328]],[[8.65307,47.24438],[8.65284,47.24413]],[[8.65447,47.24509],[8.65419,47.24457]],[[8.65679,47.23902],[8.65678,47.23904]],[[8.65692,47.23903],[8.65678,47.23904]],[[8.65794,47.23889],[8.65738,47.23894]],[[8.65843,47.23912],[8.65832,47.23907]],[[8.65905,47.23928],[8.65832,47.23907]],[[8.6596,47.23941],[8.65931,47.23937]],[[8.66049,47.23985],[8.6601,47.23945]],[[8.66052,47.23985],[8.66052,47.23985]],[[8.66867,47.22064],[8.66804,47.22057]],[[8.67013,47.22521],[8.66929,47.22403],[8.66931,47.22345]],[[8.66991,47.22624],[8.66972,47.2258],[8.66994,47.22554]],[[8.6781,47.22325],[8.67669,47.2225]],[[8.6781,47.22325],[8.67882,47.22282],[8.67914,47.22226],[8.67785,47.22125]],[[8.67822,47.22333],[8.6781,47.22325]],[[8.67836,47.22352],[8.67822,47.22333]],[[8.67822,47.22333],[8.67824,47.22331]],[[8.67929,47.22421],[8.67862,47.22377]],[[8.68563,47.22316],[8.68524,47.22309]],[[8.68906,47.20407],[8.68814,47.20371]],[[8.6929,47.20554],[8.69226,47.20537],[8.69083,47.20453],[8.68933,47.20414]],[[8.69079,47.20627],[8.6902,47.20656]],[[8.6929,47.20554],[8.6929,47.20555]],[[8.69843,47.20748],[8.69757,47.20746],[8.69669,47.20767],[8.69603,47.20757],[8.69474,47.2067],[8.69462,47.20637],[8.69369,47.20619],[8.6929,47.20554]],[[8.69502,47.20444],[8.69477,47.20411]],[[8.69621,47.20569],[8.69499,47.20507]],[[8.69549,47.20308],[8.69556,47.20248],[8.69601,47.20207]],[[8.69694,47.21513],[8.69649,47.21478]],[[8.69887,47.21463],[8.69878,47.21459]],[[8.69912,47.20329],[8.69852,47.20219]],[[8.69893,47.21504],[8.69887,47.21463]],[[8.69887,47.21473],[8.69887,47.21463]],[[8.69893,47.21504],[8.69893,47.21504]],[[8.7006,47.20593],[8.69891,47.20588]],[[8.70023,47.20486],[8.69993,47.20469],[8.69912,47.20329]],[[8.69915,47.20334],[8.69912,47.20329]],[[8.70067,47.21548],[8.70018,47.21534]],[[8.7014,47.20587],[8.70083,47.20537]],[[8.71077,47.33044],[8.70998,47.32986],[8.70749,47.33025]],[[8.70998,47.32977],[8.70785,47.33012]],[[8.71077,47.2049],[8.71006,47.20449]],[[8.71274,47.2028],[8.71077,47.20096]],[[8.71312,47.20324],[8.71309,47.20321]]]}},{"type":"Feature","properties":{"id":"schongebiet-chrummbach-revier-5000-zh","c":"ZH","p":"closed","q":"official","k":"river"},"geometry":{"type":"MultiLineString","coordinates":[[[8.55932,47.35304],[8.55948,47.35385],[8.55956,47.35384]],[[8.55953,47.35381],[8.55956,47.35384]],[[8.55956,47.35384],[8.55961,47.35386],[8.55962,47.35392]],[[8.55956,47.35384],[8.55962,47.35392]],[[8.55962,47.35392],[8.56029,47.35446]],[[8.56294,47.35492],[8.56338,47.35479],[8.56435,47.35386]],[[8.56456,47.35347],[8.56644,47.35234],[8.56792,47.35192],[8.56823,47.35154]],[[8.56918,47.36711],[8.57335,47.36847]],[[8.56918,47.36535],[8.56943,47.36531]],[[8.56913,47.35067],[8.57073,47.34862]],[[8.56995,47.36526],[8.57001,47.36531]],[[8.57024,47.36558],[8.57119,47.36624],[8.57284,47.36668],[8.57375,47.36731],[8.57502,47.36747],[8.57677,47.36823],[8.5777,47.3681]],[[8.5711,47.34864],[8.57322,47.34902],[8.57485,47.34963],[8.57599,47.34915],[8.57694,47.34928]],[[8.57796,47.36824],[8.57924,47.36856]],[[8.57826,47.34894],[8.57833,47.34895]],[[8.57833,47.34895],[8.5786,47.34888]],[[8.57833,47.34895],[8.57835,47.34896]],[[8.57899,47.34881],[8.57998,47.3484],[8.58085,47.34773]],[[8.5798,47.34933],[8.58042,47.34968]],[[8.58259,47.34692],[8.58436,47.3462],[8.58506,47.34528],[8.58506,47.34464]],[[8.58506,47.34464],[8.58536,47.34448]],[[8.58536,47.34448],[8.58545,47.34362]],[[8.58536,47.34448],[8.58703,47.34437],[8.58826,47.34402]],[[8.59767,47.29522],[8.599,47.29551],[8.59969,47.29527],[8.60082,47.2955],[8.60229,47.29516]],[[8.60006,47.29424],[8.60113,47.29438],[8.60201,47.29414]],[[8.60293,47.29011],[8.6032,47.29028]],[[8.6037,47.29487],[8.60396,47.29494]],[[8.60467,47.29475],[8.60572,47.29479]],[[8.60689,47.2866],[8.60811,47.28717]],[[8.60738,47.29609],[8.60836,47.29649],[8.60832,47.29682]],[[8.60901,47.28743],[8.60946,47.28788]],[[8.61211,47.28914],[8.61281,47.28917],[8.61366,47.2901],[8.61456,47.29042],[8.61585,47.29159]],[[8.61606,47.29156],[8.61667,47.29184]],[[8.62207,47.27514],[8.62213,47.27526]],[[8.62249,47.27586],[8.62262,47.27602]],[[8.62365,47.27652],[8.62426,47.27736]],[[8.62415,47.27373],[8.62451,47.27385]],[[8.62444,47.27754],[8.6255,47.27895]],[[8.62671,47.27502],[8.62769,47.27585],[8.62747,47.27641],[8.62778,47.27699],[8.62983,47.27852],[8.63021,47.27848]],[[8.65015,47.35989],[8.64982,47.35992]],[[8.65015,47.35989],[8.64987,47.36034]],[[8.65276,47.36],[8.65144,47.35975],[8.65015,47.35989]],[[8.65879,47.35627],[8.65632,47.35434],[8.65588,47.35346],[8.65488,47.35292],[8.65452,47.35247],[8.65301,47.35184],[8.65308,47.35068],[8.65284,47.35038],[8.65211,47.34997],[8.65147,47.35004],[8.65025,47.34972]],[[8.65379,47.35536],[8.65332,47.35526],[8.65259,47.35422],[8.65109,47.35436]],[[8.65353,47.35956],[8.65162,47.35839]],[[8.65303,47.36681],[8.65303,47.3668]],[[8.65537,47.35832],[8.6529,47.3573]],[[8.65409,47.36044],[8.65403,47.36041]],[[8.65449,47.36004],[8.65447,47.35995]],[[8.65602,47.35872],[8.65592,47.35865]],[[8.6597,47.34885],[8.65925,47.34876]],[[8.66533,47.34094],[8.66385,47.34029],[8.66309,47.33972],[8.66274,47.33891],[8.66201,47.33865]],[[8.66454,47.35089],[8.66391,47.35105],[8.66252,47.3507]],[[8.66508,47.35098],[8.66488,47.35092]],[[8.66537,47.34096],[8.66533,47.34094]],[[8.66534,47.34097],[8.66533,47.34094]],[[8.6661,47.34134],[8.66577,47.34114]],[[8.66896,47.34247],[8.66804,47.34218]],[[8.66851,47.32984],[8.66826,47.32981]],[[8.66851,47.32984],[8.66838,47.32972]],[[8.6693,47.3303],[8.66851,47.32984]],[[8.66952,47.34685],[8.66951,47.34685]],[[8.66933,47.33032],[8.6693,47.3303]],[[8.67162,47.33223],[8.66943,47.3309],[8.6693,47.3303]],[[8.67168,47.33003],[8.6703,47.33078],[8.66974,47.33054]],[[8.67131,47.33597],[8.6713,47.33595]],[[8.67155,47.3376],[8.67102,47.33667],[8.67105,47.33613],[8.67131,47.33597]],[[8.67131,47.33597],[8.67161,47.33595],[8.67207,47.33522],[8.67198,47.33462],[8.67275,47.33287]],[[8.67158,47.33781],[8.67158,47.33779]],[[8.67271,47.34631],[8.67261,47.34618]],[[8.67805,47.34206],[8.67262,47.34081]],[[8.67456,47.31243],[8.67436,47.31185]],[[8.67544,47.31261],[8.67514,47.31269]],[[8.68014,47.3128],[8.67989,47.31195],[8.67834,47.31154]],[[8.68059,47.31626],[8.68026,47.31607]],[[8.68312,47.31419],[8.68109,47.31329]],[[8.6836,47.33552],[8.68342,47.33545]],[[8.68802,47.31363],[8.68755,47.31349],[8.68618,47.3137],[8.68548,47.31359],[8.68468,47.3128],[8.68389,47.31244]],[[8.68848,47.32085],[8.68757,47.3202],[8.68652,47.32044]],[[8.69165,47.31893],[8.68984,47.31885],[8.68958,47.31865],[8.68967,47.3181],[8.68918,47.31772],[8.68717,47.31686],[8.68648,47.31679]],[[8.68733,47.31084],[8.68637,47.31064]],[[8.69165,47.31893],[8.6917,47.31863],[8.69116,47.31798],[8.69064,47.31784],[8.68932,47.31672],[8.68811,47.31646],[8.68767,47.31616]],[[8.69053,47.31501],[8.68853,47.31432],[8.68802,47.31363]],[[8.68802,47.31363],[8.68827,47.31239],[8.68802,47.31134]],[[8.69056,47.31433],[8.6903,47.314],[8.69036,47.31361]],[[8.69705,47.31869],[8.69451,47.31758],[8.69334,47.31675],[8.69179,47.31629],[8.69053,47.31501]],[[8.69053,47.31501],[8.69055,47.31452]],[[8.6909,47.32214],[8.69081,47.32209]],[[8.69091,47.32379],[8.69087,47.3238]],[[8.69193,47.3191],[8.69165,47.31893]],[[8.69435,47.32139],[8.69408,47.32086],[8.69308,47.32009]],[[8.69729,47.32162],[8.6978,47.31981],[8.6977,47.31918],[8.69728,47.31885]],[[8.70462,47.32605],[8.70757,47.32431]],[[8.74787,47.2676],[8.7466,47.26779],[8.74559,47.26653]],[[8.74787,47.2676],[8.74755,47.26701]],[[8.74793,47.26759],[8.74787,47.2676]],[[8.75176,47.27228],[8.74897,47.27276]],[[8.75357,47.27351],[8.75303,47.27268]],[[8.75539,47.27289],[8.75476,47.27291]],[[8.75993,47.27181],[8.76047,47.27071],[8.76048,47.27019],[8.75908,47.26937],[8.75739,47.26785]],[[8.75993,47.27181],[8.75989,47.27182]],[[8.76395,47.27354],[8.76223,47.27295],[8.76161,47.27247],[8.75993,47.27181]],[[8.76395,47.27354],[8.76392,47.27357]],[[8.76929,47.27381],[8.76868,47.27327],[8.76871,47.2726],[8.76784,47.27231],[8.76564,47.27264],[8.76401,47.27354],[8.76395,47.27354]],[[8.7704,47.27792],[8.77053,47.27681],[8.76859,47.27564],[8.76931,47.27423],[8.76929,47.27381]],[[8.76929,47.27381],[8.76933,47.27378]],[[8.76978,47.27883],[8.7704,47.27792]],[[8.7704,47.27792],[8.77051,47.27792],[8.77109,47.27795],[8.77207,47.27806]],[[8.77239,47.23457],[8.77241,47.23499],[8.7738,47.23547]],[[8.77412,47.27977],[8.77518,47.28004],[8.77613,47.27986],[8.77668,47.27961],[8.77663,47.27913],[8.77826,47.27847]],[[8.77456,47.27656],[8.77467,47.27579]],[[8.77538,47.23665],[8.77522,47.23682]]]}},{"type":"Feature","properties":{"id":"aabach-wetzikon-revier-4-zh","c":"ZH","p":"closed","q":"official","k":"pond"},"geometry":{"type":"Polygon","coordinates":[[[8.7798,47.34068],[8.78016,47.33989],[8.78002,47.33959],[8.77962,47.33938],[8.77923,47.33952],[8.77907,47.33978],[8.77919,47.34],[8.77964,47.34023],[8.77991,47.34019],[8.7798,47.34068]]]}},{"type":"Feature","properties":{"id":"tuerlersee-revier-5-zh-2","c":"ZH","p":"pacht","q":"official","k":"pond","fr":1},"geometry":{"type":"Polygon","coordinates":[[[8.49919,47.27401],[8.49966,47.27358],[8.5003,47.27348],[8.50094,47.27294],[8.50108,47.27219],[8.50129,47.27193],[8.50337,47.27059],[8.50425,47.27024],[8.50443,47.26969],[8.50507,47.26912],[8.50666,47.26833],[8.50701,47.26827],[8.50718,47.26808],[8.50895,47.26747],[8.50942,47.26715],[8.51,47.2664],[8.50989,47.26636],[8.51007,47.26636],[8.5102,47.26615],[8.51019,47.26596],[8.50997,47.26582],[8.51003,47.26566],[8.51057,47.26556],[8.51092,47.26506],[8.51086,47.2646],[8.51069,47.26445],[8.50995,47.26425],[8.50932,47.26426],[8.50798,47.26474],[8.50698,47.26538],[8.50596,47.2657],[8.50529,47.26566],[8.50349,47.26512],[8.50253,47.2651],[8.50216,47.26522],[8.50191,47.26554],[8.50212,47.26658],[8.50189,47.26699],[8.49982,47.26769],[8.49975,47.26782],[8.49823,47.26834],[8.49791,47.26857],[8.49717,47.26933],[8.49661,47.27019],[8.49662,47.27058],[8.49615,47.27149],[8.4962,47.27185],[8.49658,47.27209],[8.49723,47.27318],[8.49814,47.27348],[8.49839,47.27377],[8.49919,47.27401]]]}},{"type":"Feature","properties":{"id":"chatzensee-revier-6-zh-2","c":"ZH","p":"pacht","q":"official","k":"pond"},"geometry":{"type":"Polygon","coordinates":[[[8.49685,47.43585],[8.4979,47.43536],[8.49917,47.43515],[8.50003,47.43477],[8.50022,47.43411],[8.49988,47.43222],[8.49908,47.43146],[8.4982,47.43148],[8.49696,47.43197],[8.49639,47.43257],[8.49654,47.43294],[8.49639,47.43302],[8.49545,47.43257],[8.49558,47.43254],[8.49565,47.43204],[8.49539,47.43162],[8.49441,47.43158],[8.49322,47.43136],[8.49132,47.42983],[8.49017,47.42943],[8.48688,47.43053],[8.48561,47.43123],[8.48565,47.43196],[8.48599,47.43235],[8.48734,47.43241],[8.48873,47.43291],[8.4895,47.43297],[8.49051,47.43284],[8.49179,47.4331],[8.49326,47.4332],[8.49415,47.43311],[8.49513,47.4327],[8.49605,47.43294],[8.49623,47.43303],[8.49598,47.43323],[8.49578,47.43408],[8.49465,47.43464],[8.49447,47.43487],[8.49443,47.43534],[8.49466,47.43558],[8.49537,47.43585],[8.49685,47.43585]]]}},{"type":"Feature","properties":{"id":"huettnersee-revier-7-zh-2","c":"ZH","p":"pacht","q":"official","k":"pond"},"geometry":{"type":"Polygon","coordinates":[[[8.67711,47.18489],[8.67784,47.18469],[8.67815,47.18473],[8.67817,47.1842],[8.67857,47.18344],[8.67905,47.18321],[8.67944,47.18262],[8.67894,47.18244],[8.67809,47.18244],[8.67776,47.18226],[8.67664,47.18228],[8.67452,47.18189],[8.67359,47.18213],[8.67251,47.18266],[8.67145,47.18283],[8.67081,47.1828],[8.66996,47.18257],[8.66969,47.1828],[8.66933,47.18266],[8.66915,47.18286],[8.66904,47.18328],[8.67137,47.18383],[8.6726,47.18423],[8.67311,47.18456],[8.67537,47.18492],[8.67711,47.18489]]]}},{"type":"Feature","properties":{"id":"egelsee-revier-8-zh-2","c":"ZH","p":"pacht","q":"official","k":"pond"},"geometry":{"type":"Polygon","coordinates":[[[8.81827,47.25835],[8.81918,47.25828],[8.81962,47.2581],[8.81986,47.25778],[8.82025,47.25796],[8.82041,47.25771],[8.82074,47.25762],[8.82042,47.25759],[8.82026,47.25745],[8.82033,47.25761],[8.81962,47.25758],[8.81971,47.25753],[8.8186,47.2569],[8.81776,47.25658],[8.81587,47.25663],[8.81549,47.25676],[8.81545,47.25725],[8.81593,47.25753],[8.81822,47.25811],[8.81827,47.25835]]]}},{"type":"Feature","properties":{"id":"luetzelsee-revier-9-zh-2","c":"ZH","p":"private","q":"official","k":"pond"},"geometry":{"type":"MultiPolygon","coordinates":[[[[8.74573,47.25734],[8.74677,47.25728],[8.74691,47.25702],[8.74657,47.25656],[8.74579,47.25636],[8.74515,47.25654],[8.7452,47.25692],[8.74573,47.25734]]],[[[8.74037,47.25986],[8.74099,47.2595],[8.74143,47.25938],[8.74087,47.25935],[8.74104,47.25924],[8.74103,47.25903],[8.74122,47.25902],[8.74113,47.25854],[8.74101,47.25858],[8.74112,47.25881],[8.74094,47.25886],[8.74099,47.25917],[8.74055,47.25919],[8.74062,47.25897],[8.74012,47.25885],[8.7403,47.25904],[8.74021,47.25933],[8.74049,47.25925],[8.74031,47.25939],[8.74049,47.2595],[8.74018,47.25954],[8.74019,47.25962],[8.74042,47.25963],[8.74037,47.25986]]],[[[8.77591,47.26183],[8.77641,47.26149],[8.77684,47.26089],[8.77694,47.26055],[8.77678,47.26026],[8.77647,47.26006],[8.77604,47.26005],[8.77583,47.25993],[8.7749,47.2601],[8.77425,47.25961],[8.77319,47.25951],[8.77306,47.25891],[8.77261,47.25854],[8.77108,47.25855],[8.77005,47.25829],[8.76903,47.25822],[8.76858,47.25833],[8.76789,47.25876],[8.76826,47.25926],[8.7687,47.25934],[8.76935,47.25967],[8.76947,47.25993],[8.7699,47.26019],[8.77051,47.26034],[8.77102,47.26027],[8.77149,47.26037],[8.77205,47.26074],[8.77211,47.26093],[8.77258,47.26095],[8.77321,47.26116],[8.77326,47.26139],[8.77338,47.26127],[8.77519,47.26181],[8.77591,47.26183]]]]}},{"type":"Feature","properties":{"id":"mettmenhaslisee-revier-10-zh-2","c":"ZH","p":"private","q":"official","k":"pond"},"geometry":{"type":"MultiPolygon","coordinates":[[[[8.49263,47.4749],[8.49278,47.47429],[8.49265,47.47377],[8.49233,47.4735],[8.49132,47.47326],[8.49133,47.47344],[8.49079,47.47365],[8.49045,47.47408],[8.4904,47.4744],[8.49084,47.47467],[8.49132,47.47473],[8.49218,47.47507],[8.49263,47.4749]]],[[[8.49241,47.47528],[8.49158,47.47501],[8.49147,47.47532],[8.49114,47.47536],[8.49105,47.47547],[8.49158,47.47574],[8.49241,47.47528]]],[[[8.4887,47.47501],[8.48849,47.47509],[8.48836,47.47539],[8.48852,47.47606],[8.48968,47.47576],[8.48926,47.47559],[8.4887,47.47501]]],[[[8.49161,47.47635],[8.49167,47.47614],[8.49055,47.47647],[8.49026,47.47638],[8.48975,47.47593],[8.48914,47.47608],[8.48895,47.47633],[8.48958,47.47629],[8.49023,47.47699],[8.49087,47.47686],[8.49161,47.47635]]]]}},{"type":"Feature","properties":{"id":"husemersee-revier-11-zh-2","c":"ZH","p":"private","q":"official","k":"pond"},"geometry":{"type":"Polygon","coordinates":[[[8.70747,47.62138],[8.70701,47.62138],[8.70656,47.62095],[8.70533,47.621],[8.70501,47.62087],[8.70407,47.62085],[8.70229,47.62106],[8.70198,47.62137],[8.70282,47.62229],[8.70312,47.62291],[8.70357,47.62294],[8.70501,47.62261],[8.70637,47.62275],[8.70691,47.62266],[8.70746,47.62212],[8.70726,47.62156],[8.70747,47.62138]]]}},{"type":"Feature","properties":{"id":"towagweiher-revier-12-zh","c":"ZH","p":"private","q":"official","k":"pond"},"geometry":{"type":"MultiPolygon","coordinates":[[[[8.7082,47.62244],[8.70916,47.62237],[8.70945,47.62226],[8.70923,47.62129],[8.70868,47.62117],[8.70864,47.62096],[8.70961,47.62091],[8.70966,47.62052],[8.70897,47.6205],[8.70881,47.62019],[8.70716,47.62041],[8.70699,47.62066],[8.7071,47.62096],[8.70741,47.62083],[8.70815,47.62083],[8.70837,47.62114],[8.70833,47.6215],[8.70785,47.62194],[8.70798,47.62205],[8.70789,47.62236],[8.7082,47.62244]]],[[[8.71226,47.62157],[8.71208,47.62148],[8.71219,47.62133],[8.71257,47.62115],[8.71241,47.62032],[8.71092,47.62092],[8.70951,47.62126],[8.70961,47.62234],[8.71001,47.62242],[8.71138,47.62208],[8.71226,47.62157]],[[8.71037,47.62125],[8.71049,47.62139],[8.71024,47.62146],[8.71014,47.62134],[8.71037,47.62125]],[[8.71143,47.62156],[8.71149,47.62168],[8.71124,47.62179],[8.7112,47.62166],[8.71143,47.62156]]]]}},{"type":"Feature","properties":{"id":"weiher-im-oberern-ried-revier-13-zh","c":"ZH","p":"private","q":"official","k":"pond"},"geometry":{"type":"Polygon","coordinates":[[[8.71422,47.62023],[8.71609,47.61951],[8.7156,47.61894],[8.71529,47.61893],[8.71435,47.61942],[8.71401,47.61998],[8.71367,47.62015],[8.71296,47.62023],[8.71303,47.62039],[8.71422,47.62023]]]}},{"type":"Feature","properties":{"id":"wattweiher-revier-14-zh-2","c":"ZH","p":"private","q":"official","k":"pond"},"geometry":{"type":"Polygon","coordinates":[[[8.70645,47.62384],[8.70696,47.62401],[8.70807,47.62333],[8.70802,47.62315],[8.70767,47.623],[8.70695,47.62336],[8.70584,47.62348],[8.70604,47.62378],[8.70627,47.62371],[8.70643,47.62405],[8.70656,47.624],[8.70645,47.62384]]]}},{"type":"Feature","properties":{"id":"amtsweiher-nr-1-revier-15-zh","c":"ZH","p":"private","q":"official","k":"pond"},"geometry":{"type":"Polygon","coordinates":[[[8.69915,47.62571],[8.69983,47.6255],[8.70025,47.62556],[8.70087,47.62543],[8.70099,47.62484],[8.70007,47.62495],[8.69907,47.62541],[8.69892,47.62559],[8.69915,47.62571]]]}},{"type":"Feature","properties":{"id":"amtsweiher-nr-2-revier-16-zh","c":"ZH","p":"private","q":"official","k":"pond"},"geometry":{"type":"Polygon","coordinates":[[[8.69762,47.62631],[8.69827,47.62563],[8.69832,47.62535],[8.69872,47.62522],[8.69857,47.62505],[8.69814,47.6251],[8.69833,47.62488],[8.69712,47.62606],[8.69762,47.62631]]]}},{"type":"Feature","properties":{"id":"bichelsee-revier-17-zh","c":"ZH","p":"private","q":"official","k":"pond"},"geometry":{"type":"Polygon","coordinates":[[[8.8992,47.45595],[8.89882,47.45619],[8.89808,47.45613],[8.89702,47.45676],[8.89691,47.45699],[8.89709,47.4573],[8.89796,47.45779],[8.89828,47.45827],[8.89878,47.45856],[8.89891,47.45824],[8.89866,47.45788],[8.89983,47.45612],[8.8992,47.45595]]]}},{"type":"Feature","properties":{"id":"rhein-27-zh-2","c":"ZH","p":"pacht","q":"official","k":"pond"},"geometry":{"type":"MultiPolygon","coordinates":[[[[8.59,47.59581],[8.5903,47.59556],[8.58909,47.59533],[8.58863,47.59577],[8.59,47.59581]]],[[[8.59159,47.59592],[8.59137,47.59616],[8.59231,47.5964],[8.59275,47.59619],[8.59214,47.59597],[8.59159,47.59592]]],[[[8.5927,47.59631],[8.5925,47.59654],[8.593,47.59689],[8.59353,47.59686],[8.59313,47.59643],[8.5927,47.59631]]]]}},{"type":"Feature","properties":{"id":"rhein-28-zh-2","c":"ZH","p":"private","q":"official","k":"pond"},"geometry":{"type":"MultiPolygon","coordinates":[[[[8.5769,47.58875],[8.57683,47.58885],[8.57669,47.58874],[8.57635,47.58812],[8.57649,47.58793],[8.57633,47.58748],[8.57551,47.58702],[8.57497,47.58649],[8.57463,47.58541],[8.57465,47.5845],[8.57495,47.58389],[8.57539,47.5838],[8.57629,47.58318],[8.57635,47.58301],[8.57621,47.58291],[8.57568,47.58334],[8.57544,47.58335],[8.57551,47.58313],[8.57609,47.58271],[8.57678,47.5825],[8.57846,47.5797],[8.5744,47.58279],[8.57373,47.58357],[8.57347,47.58425],[8.57354,47.5856],[8.5755,47.5891],[8.57608,47.58891],[8.57662,47.58929],[8.57707,47.58907],[8.5769,47.58875]]],[[[8.57604,47.58914],[8.57553,47.58924],[8.57594,47.59001],[8.57683,47.59091],[8.57709,47.591],[8.57745,47.59075],[8.57669,47.59009],[8.57604,47.58914]]],[[[8.57749,47.5909],[8.57714,47.59111],[8.57849,47.59196],[8.58055,47.59294],[8.58097,47.59308],[8.58132,47.59305],[8.57981,47.59198],[8.57749,47.5909]]]]}},{"type":"Feature","properties":{"id":"kiesgrubenweiher-bei-waltalingen-revier-39-zh","c":"ZH","p":"pacht","q":"official","k":"pond"},"geometry":{"type":"Polygon","coordinates":[[[8.7846,47.62132],[8.78741,47.62131],[8.78704,47.62058],[8.7866,47.62013],[8.78586,47.61978],[8.78557,47.61996],[8.78593,47.62015],[8.78601,47.62036],[8.7846,47.62132]]]}},{"type":"Feature","properties":{"id":"raffoltersee-bei-waltalingen-revier-40-zh","c":"ZH","p":"private","q":"official","k":"pond"},"geometry":{"type":"Polygon","coordinates":[[[8.78914,47.61804],[8.78879,47.61809],[8.78823,47.61842],[8.78837,47.61881],[8.78934,47.61839],[8.78914,47.61804]]]}},{"type":"Feature","properties":{"id":"revier-46-zh","c":"ZH","p":"unknown","q":"stub","k":"pond"},"geometry":{"type":"Polygon","coordinates":[[[8.63795,47.66581],[8.6385,47.66575],[8.6388,47.66535],[8.63866,47.6654],[8.63858,47.66525],[8.63749,47.6651],[8.6372,47.66566],[8.63795,47.66581]]]}},{"type":"Feature","properties":{"id":"thur-62-zh-2","c":"ZH","p":"pacht","q":"official","k":"pond"},"geometry":{"type":"Polygon","coordinates":[[[8.72135,47.58688],[8.72217,47.58645],[8.72283,47.58615],[8.72244,47.58591],[8.72192,47.58602],[8.72115,47.58659],[8.72116,47.58683],[8.72135,47.58688]]]}},{"type":"Feature","properties":{"id":"schwarzbach-rickenbach-revier-74-zh-2","c":"ZH","p":"pacht","q":"official","k":"pond"},"geometry":{"type":"Polygon","coordinates":[[[8.82209,47.55272],[8.82183,47.55279],[8.82186,47.55326],[8.82375,47.55291],[8.82209,47.55272]]]}},{"type":"Feature","properties":{"id":"kefikerbach-revier-76-zh","c":"ZH","p":"closed","q":"official","k":"pond"},"geometry":{"type":"Polygon","coordinates":[[[8.82559,47.54646],[8.82434,47.54615],[8.82427,47.54625],[8.82414,47.54611],[8.82406,47.54633],[8.82432,47.54629],[8.82429,47.54642],[8.82551,47.5467],[8.82559,47.54646]]]}},{"type":"Feature","properties":{"id":"revier-81-zh","c":"ZH","p":"unknown","q":"stub","k":"pond"},"geometry":{"type":"Polygon","coordinates":[[[8.6975,47.59655],[8.6978,47.59661],[8.69777,47.59632],[8.69704,47.59622],[8.69674,47.59637],[8.69689,47.59647],[8.69679,47.5967],[8.6971,47.59684],[8.6975,47.59655]]]}},{"type":"Feature","properties":{"id":"revier-102-zh","c":"ZH","p":"unknown","q":"stub","k":"pond"},"geometry":{"type":"MultiPolygon","coordinates":[[[[8.86198,47.36997],[8.86171,47.36988],[8.8602,47.37008],[8.86094,47.37039],[8.86155,47.37046],[8.86198,47.36997]]],[[[8.86231,47.37861],[8.86233,47.37842],[8.86193,47.37824],[8.86151,47.37841],[8.86116,47.37894],[8.86231,47.37861]],[[8.86203,47.37845],[8.86205,47.37854],[8.86146,47.37873],[8.86157,47.37855],[8.86203,47.37845]]],[[[8.86404,47.37884],[8.86249,47.3793],[8.86246,47.37945],[8.86387,47.37938],[8.8644,47.37913],[8.86404,47.37884]]]]}},{"type":"Feature","properties":{"id":"toess-105-zh-2","c":"ZH","p":"pacht","q":"official","k":"pond"},"geometry":{"type":"Polygon","coordinates":[[[8.80464,47.44019],[8.80509,47.43864],[8.80496,47.43858],[8.80422,47.43867],[8.80349,47.43891],[8.80327,47.43916],[8.80319,47.4396],[8.80264,47.43986],[8.80264,47.44005],[8.80378,47.44005],[8.80464,47.44019]]]}},{"type":"Feature","properties":{"id":"toess-106-zh-2","c":"ZH","p":"private","q":"official","k":"pond"},"geometry":{"type":"MultiPolygon","coordinates":[[[[8.78032,47.4536],[8.78254,47.45296],[8.78267,47.45277],[8.78242,47.45275],[8.78026,47.45335],[8.78032,47.4536]]],[[[8.77103,47.45836],[8.77002,47.45905],[8.77022,47.4593],[8.77099,47.45917],[8.77142,47.45898],[8.77169,47.45868],[8.77103,47.45836]]],[[[8.75762,47.46396],[8.75762,47.46534],[8.75739,47.46578],[8.75701,47.4659],[8.75752,47.46602],[8.75798,47.46515],[8.75762,47.46396]]],[[[8.75694,47.46598],[8.75613,47.46531],[8.75584,47.46523],[8.75563,47.46546],[8.7561,47.46581],[8.75602,47.46595],[8.75694,47.46598]]]]}},{"type":"Feature","properties":{"id":"muelibach-fischenthal-revier-117-zh-2","c":"ZH","p":"pacht","q":"official","k":"pond"},"geometry":{"type":"MultiPolygon","coordinates":[[[[8.90932,47.31799],[8.90985,47.31777],[8.90909,47.31695],[8.90865,47.3171],[8.90932,47.31799]]],[[[8.90855,47.31817],[8.90907,47.31796],[8.90848,47.31719],[8.9082,47.31716],[8.908,47.31778],[8.90855,47.31817]]],[[[8.90764,47.31903],[8.90701,47.31905],[8.90652,47.31892],[8.90681,47.31911],[8.90676,47.31919],[8.90606,47.31931],[8.90645,47.31948],[8.90782,47.3196],[8.90764,47.31903]]],[[[8.91947,47.32764],[8.91973,47.32742],[8.91962,47.327],[8.91938,47.32694],[8.91891,47.32706],[8.9188,47.3268],[8.91854,47.32664],[8.91842,47.32621],[8.91843,47.32709],[8.91906,47.32768],[8.91947,47.32764]]],[[[8.91978,47.33581],[8.92114,47.33553],[8.921,47.33518],[8.91993,47.33561],[8.91938,47.33603],[8.91978,47.33581]]]]}},{"type":"Feature","properties":{"id":"wissenbach-bauma-revier-124-zh-2","c":"ZH","p":"pacht","q":"official","k":"pond"},"geometry":{"type":"MultiPolygon","coordinates":[[[[8.86494,47.35527],[8.86413,47.35522],[8.86423,47.35611],[8.86488,47.35627],[8.86503,47.35593],[8.86494,47.35527]]],[[[8.86765,47.35657],[8.86838,47.35582],[8.86812,47.35564],[8.86735,47.35641],[8.86765,47.35657]]]]}},{"type":"Feature","properties":{"id":"reinisbach-und-aegetswilerbach-wila-revier-129-zh-2","c":"ZH","p":"pacht","q":"official","k":"pond"},"geometry":{"type":"Polygon","coordinates":[[[8.84741,47.41216],[8.84766,47.41151],[8.84744,47.41149],[8.8473,47.41161],[8.84724,47.41136],[8.84666,47.41161],[8.84665,47.41149],[8.84618,47.41138],[8.84648,47.41166],[8.84666,47.41173],[8.84675,47.41163],[8.84679,47.4118],[8.84706,47.41194],[8.84733,47.41163],[8.84719,47.41198],[8.84741,47.41216]]]}},{"type":"Feature","properties":{"id":"muelibach-wila-revier-131-zh-2","c":"ZH","p":"pacht","q":"official","k":"pond"},"geometry":{"type":"Polygon","coordinates":[[[8.83842,47.41869],[8.83894,47.41856],[8.83897,47.41842],[8.8384,47.41802],[8.83827,47.41842],[8.83842,47.41869]]]}},{"type":"Feature","properties":{"id":"revier-132-zh","c":"ZH","p":"unknown","q":"stub","k":"pond"},"geometry":{"type":"Polygon","coordinates":[[[8.86219,47.43364],[8.86156,47.43434],[8.86186,47.43458],[8.8633,47.43463],[8.8645,47.43425],[8.86453,47.43405],[8.864,47.43387],[8.86219,47.43364]]]}},{"type":"Feature","properties":{"id":"wissenbach-weisslingen-revier-137-zh-2","c":"ZH","p":"pacht","q":"official","k":"pond"},"geometry":{"type":"Polygon","coordinates":[[[8.77035,47.42556],[8.77056,47.42538],[8.77054,47.42468],[8.7693,47.42521],[8.76907,47.42542],[8.77035,47.42556]]]}},{"type":"Feature","properties":{"id":"brauereiweiher-weisslingen-revier-138-zh-2","c":"ZH","p":"pacht","q":"official","k":"pond"},"geometry":{"type":"Polygon","coordinates":[[[8.75467,47.42471],[8.75143,47.42337],[8.75103,47.42327],[8.75075,47.42336],[8.75062,47.42419],[8.75037,47.42447],[8.75162,47.42522],[8.75217,47.42535],[8.75361,47.4254],[8.75436,47.42557],[8.75475,47.42492],[8.75467,47.42471]]]}},{"type":"Feature","properties":{"id":"luppmenweiher-revier-144-zh-2","c":"ZH","p":"pacht","q":"official","k":"pond"},"geometry":{"type":"Polygon","coordinates":[[[8.83672,47.35947],[8.83684,47.35912],[8.83655,47.35932],[8.83562,47.3595],[8.83506,47.35975],[8.83566,47.36027],[8.83672,47.35947]]]}},{"type":"Feature","properties":{"id":"kempt-145-zh-2","c":"ZH","p":"pacht","q":"official","k":"pond"},"geometry":{"type":"MultiPolygon","coordinates":[[[[8.72787,47.40151],[8.72836,47.39954],[8.72851,47.39946],[8.72865,47.39839],[8.73005,47.39724],[8.73001,47.39721],[8.72885,47.39783],[8.72822,47.3988],[8.72762,47.40135],[8.72787,47.40151]]],[[[8.74454,47.40503],[8.74401,47.40474],[8.74371,47.40481],[8.74351,47.40515],[8.7436,47.4053],[8.74323,47.40544],[8.74376,47.40558],[8.74413,47.40516],[8.74454,47.40503]]]]}},{"type":"Feature","properties":{"id":"kempt-147-zh-2","c":"ZH","p":"pacht","q":"official","k":"pond"},"geometry":{"type":"Polygon","coordinates":[[[8.70379,47.47008],[8.70427,47.46981],[8.70439,47.46909],[8.70351,47.4696],[8.70354,47.46992],[8.70379,47.47008]]]}},{"type":"Feature","properties":{"id":"wildbach-fehraltorf-revier-148-zh-2","c":"ZH","p":"pacht","q":"official","k":"pond"},"geometry":{"type":"Polygon","coordinates":[[[8.76205,47.39613],[8.76321,47.39558],[8.76386,47.39501],[8.76404,47.39438],[8.76374,47.39441],[8.7633,47.39487],[8.76229,47.39537],[8.76124,47.39549],[8.76144,47.39615],[8.76205,47.39613]]]}},{"type":"Feature","properties":{"id":"weiher-im-oermis-bei-bisikon-effretikon-revier-149-zh","c":"ZH","p":"pacht","q":"official","k":"pond"},"geometry":{"type":"MultiPolygon","coordinates":[[[[8.70928,47.40982],[8.71006,47.40921],[8.7102,47.40884],[8.71006,47.40869],[8.70966,47.40863],[8.70946,47.40883],[8.7095,47.40902],[8.70855,47.40966],[8.70873,47.40985],[8.70928,47.40982]]],[[[8.70626,47.40961],[8.70636,47.40914],[8.70575,47.40905],[8.70557,47.40938],[8.70586,47.40957],[8.70626,47.40961]]]]}},{"type":"Feature","properties":{"id":"revier-150-zh","c":"ZH","p":"unknown","q":"stub","k":"pond"},"geometry":{"type":"MultiPolygon","coordinates":[[[[8.72536,47.39661],[8.72569,47.39659],[8.72557,47.39641],[8.72531,47.39639],[8.72549,47.39623],[8.72482,47.39614],[8.72494,47.39606],[8.72484,47.39596],[8.72505,47.39603],[8.72499,47.39588],[8.7247,47.39578],[8.72479,47.39597],[8.72435,47.39593],[8.72416,47.3958],[8.72421,47.39568],[8.72437,47.39577],[8.72419,47.3956],[8.7238,47.39581],[8.72406,47.39551],[8.72406,47.39539],[8.72382,47.39542],[8.72363,47.39622],[8.72411,47.39677],[8.72468,47.39697],[8.72495,47.39726],[8.72511,47.39712],[8.72508,47.39675],[8.72532,47.39679],[8.72536,47.39661]]],[[[8.7195,47.39957],[8.72015,47.39898],[8.71978,47.39874],[8.71955,47.39874],[8.71959,47.3986],[8.71929,47.39849],[8.71898,47.39873],[8.71884,47.39908],[8.71901,47.39937],[8.71933,47.39953],[8.7195,47.39957]]]]}},{"type":"Feature","properties":{"id":"eulach-153-zh-2","c":"ZH","p":"private","q":"official","k":"pond"},"geometry":{"type":"MultiPolygon","coordinates":[[[[8.85705,47.48557],[8.85736,47.4855],[8.85693,47.48417],[8.85677,47.48408],[8.85664,47.48456],[8.85705,47.48557]]],[[[8.84325,47.50982],[8.84316,47.51],[8.84366,47.51031],[8.844,47.51037],[8.84417,47.51019],[8.84403,47.50982],[8.84358,47.50972],[8.84325,47.50982]]]]}},{"type":"Feature","properties":{"id":"weiher-raeterschen-revier-158-zh-2","c":"ZH","p":"pacht","q":"official","k":"pond"},"geometry":{"type":"MultiPolygon","coordinates":[[[[8.80039,47.49318],[8.8001,47.49268],[8.79986,47.49249],[8.79962,47.49321],[8.80004,47.49332],[8.80039,47.49318]]],[[[8.80058,47.49562],[8.80038,47.49516],[8.80007,47.49503],[8.7998,47.49547],[8.79984,47.49566],[8.80038,47.49573],[8.80058,47.49562]]]]}},{"type":"Feature","properties":{"id":"oberweiher-oberbertschikon-revier-160-zh","c":"ZH","p":"private","q":"official","k":"pond"},"geometry":{"type":"Polygon","coordinates":[[[8.82659,47.52749],[8.82607,47.52818],[8.82703,47.52853],[8.82722,47.52834],[8.82659,47.52749]]]}},{"type":"Feature","properties":{"id":"rosentalbach-revier-162-zh-2","c":"ZH","p":"pacht","q":"official","k":"pond"},"geometry":{"type":"MultiPolygon","coordinates":[[[[8.72815,47.51371],[8.72839,47.51363],[8.72769,47.51285],[8.72747,47.51282],[8.72727,47.51294],[8.72735,47.51311],[8.72815,47.51371]]],[[[8.7286,47.5142],[8.72952,47.51482],[8.72952,47.51467],[8.72963,47.51489],[8.72976,47.51472],[8.72906,47.51403],[8.7286,47.5142]],[[8.72973,47.51471],[8.72971,47.5147],[8.72972,47.51471],[8.72973,47.51471]]]]}},{"type":"Feature","properties":{"id":"naefbach-revier-163-zh-2","c":"ZH","p":"pacht","q":"official","k":"pond"},"geometry":{"type":"Polygon","coordinates":[[[8.66051,47.52145],[8.66099,47.5214],[8.66088,47.52136],[8.66124,47.52068],[8.66098,47.52061],[8.6606,47.5208],[8.66013,47.52081],[8.65977,47.52038],[8.65986,47.52025],[8.66001,47.5203],[8.66002,47.52003],[8.65983,47.51984],[8.65956,47.51982],[8.65956,47.51997],[8.65972,47.51987],[8.65992,47.52002],[8.65976,47.52039],[8.65992,47.52075],[8.66022,47.52091],[8.66023,47.5213],[8.66051,47.52145]]]}},{"type":"Feature","properties":{"id":"luppmen-revier-164-zh-2","c":"ZH","p":"pacht","q":"official","k":"pond"},"geometry":{"type":"Polygon","coordinates":[[[8.80366,47.37443],[8.80324,47.37428],[8.80248,47.37427],[8.80157,47.374],[8.80128,47.3745],[8.80209,47.37482],[8.80266,47.37484],[8.80309,47.3747],[8.80325,47.37476],[8.80317,47.37466],[8.8033,47.37466],[8.80354,47.37492],[8.80376,47.37498],[8.80407,47.37476],[8.80419,47.37426],[8.80394,47.37483],[8.8037,47.37493],[8.80359,47.37482],[8.80387,47.37475],[8.80366,47.37443]]]}},{"type":"Feature","properties":{"id":"schuetzenweiher-winterthur-revier-165-zh","c":"ZH","p":"pacht","q":"official","k":"pond"},"geometry":{"type":"Polygon","coordinates":[[[8.71635,47.51851],[8.7158,47.51873],[8.71569,47.5192],[8.71743,47.51966],[8.71747,47.51942],[8.71713,47.51881],[8.71635,47.51851]]]}},{"type":"Feature","properties":{"id":"weiher-ornith-verein-seuzach-revier-167-zh","c":"ZH","p":"pacht","q":"official","k":"pond"},"geometry":{"type":"Polygon","coordinates":[[[8.73934,47.54279],[8.7388,47.542],[8.73822,47.54226],[8.73885,47.54291],[8.73934,47.54279]]]}},{"type":"Feature","properties":{"id":"rietlibach-pfungen-revier-170-zh","c":"ZH","p":"closed","q":"official","k":"pond"},"geometry":{"type":"Polygon","coordinates":[[[8.62627,47.51813],[8.62558,47.5182],[8.6251,47.51858],[8.62556,47.51905],[8.62633,47.51894],[8.62606,47.51884],[8.626,47.51863],[8.62628,47.51855],[8.62606,47.51844],[8.62636,47.51829],[8.62627,47.51813]]]}},{"type":"Feature","properties":{"id":"maedlestenweiher-revier-171-zh","c":"ZH","p":"closed","q":"official","k":"pond"},"geometry":{"type":"Polygon","coordinates":[[[8.69147,47.55349],[8.691,47.55337],[8.69054,47.55352],[8.69027,47.55395],[8.69089,47.55414],[8.6912,47.55404],[8.69156,47.55367],[8.69147,47.55349]]]}},{"type":"Feature","properties":{"id":"kiesgrubenweiher-pfungen-revier-172-zh","c":"ZH","p":"private","q":"official","k":"pond"},"geometry":{"type":"Polygon","coordinates":[[[8.62436,47.51909],[8.62265,47.51961],[8.62035,47.52046],[8.621,47.52066],[8.6251,47.52039],[8.62523,47.52028],[8.62509,47.51944],[8.62436,47.51909]]]}},{"type":"Feature","properties":{"id":"wildbach-embrach-oberlauf-revier-175-zh-2","c":"ZH","p":"pacht","q":"official","k":"pond"},"geometry":{"type":"Polygon","coordinates":[[[8.60038,47.4957],[8.60046,47.49516],[8.6003,47.49504],[8.60042,47.49509],[8.60068,47.49442],[8.60019,47.49485],[8.6003,47.49502],[8.60008,47.49496],[8.59977,47.49579],[8.6001,47.49594],[8.60038,47.4957]]]}},{"type":"Feature","properties":{"id":"wildbach-embrach-unterlauf-revier-176-zh-2","c":"ZH","p":"pacht","q":"official","k":"pond"},"geometry":{"type":"Polygon","coordinates":[[[8.58405,47.51959],[8.58446,47.51885],[8.5841,47.51859],[8.58359,47.51953],[8.58405,47.51959]]]}},{"type":"Feature","properties":{"id":"revier-181-zh","c":"ZH","p":"unknown","q":"stub","k":"pond"},"geometry":{"type":"Polygon","coordinates":[[[8.62597,47.46114],[8.62585,47.46084],[8.62559,47.4608],[8.62496,47.46123],[8.6236,47.46262],[8.62394,47.46278],[8.6248,47.46242],[8.62488,47.46202],[8.62597,47.46114]]]}},{"type":"Feature","properties":{"id":"daettnauerweiher-revier-190-zh","c":"ZH","p":"private","q":"official","k":"pond"},"geometry":{"type":"Polygon","coordinates":[[[8.68776,47.48723],[8.68744,47.48722],[8.68667,47.48797],[8.68664,47.48853],[8.6869,47.48873],[8.68747,47.4887],[8.68791,47.48741],[8.68776,47.48723]]]}},{"type":"Feature","properties":{"id":"kiesweiher-bei-herten-revier-193-zh","c":"ZH","p":"closed","q":"official","k":"pond"},"geometry":{"type":"Polygon","coordinates":[[[8.8055,47.57342],[8.80607,47.57316],[8.80605,47.57289],[8.80633,47.57256],[8.80649,47.57201],[8.80599,47.57203],[8.80591,47.57214],[8.80581,47.57208],[8.8054,47.57246],[8.8055,47.57342]]]}},{"type":"Feature","properties":{"id":"aabach-baeretswil-revier-231-zh-2","c":"ZH","p":"pacht","q":"official","k":"pond"},"geometry":{"type":"Polygon","coordinates":[[[8.86849,47.32818],[8.8702,47.32811],[8.8702,47.32738],[8.87076,47.32671],[8.87075,47.32646],[8.86992,47.32619],[8.86973,47.32681],[8.86894,47.32742],[8.86849,47.32818]]]}},{"type":"Feature","properties":{"id":"chaemtnerbach-revier-232-zh-2","c":"ZH","p":"pacht","q":"official","k":"pond"},"geometry":{"type":"Polygon","coordinates":[[[8.80834,47.33519],[8.81027,47.33472],[8.81048,47.33421],[8.80834,47.33519]]]}},{"type":"Feature","properties":{"id":"krebsi-und-muehleweiher-pfaeffikon-revier-235-zh-2","c":"ZH","p":"pacht","q":"official","k":"pond"},"geometry":{"type":"MultiPolygon","coordinates":[[[[8.78832,47.36986],[8.78741,47.36947],[8.78679,47.37002],[8.78788,47.37038],[8.78832,47.36986]]],[[[8.79155,47.37061],[8.79044,47.37078],[8.79066,47.3714],[8.79166,47.37095],[8.79155,47.37061]]]]}},{"type":"Feature","properties":{"id":"wildbach-hinwil-revier-237-zh-2","c":"ZH","p":"pacht","q":"official","k":"pond"},"geometry":{"type":"Polygon","coordinates":[[[8.85409,47.31292],[8.85445,47.31211],[8.85427,47.31177],[8.85437,47.31155],[8.85479,47.31138],[8.85491,47.31118],[8.85449,47.31094],[8.85316,47.31116],[8.8532,47.31152],[8.85409,47.31292]]]}},{"type":"Feature","properties":{"id":"eisweiher-robenhausen-revier-240-zh","c":"ZH","p":"closed","q":"official","k":"pond"},"geometry":{"type":"Polygon","coordinates":[[[8.79196,47.33441],[8.79124,47.33376],[8.78924,47.33399],[8.78942,47.33445],[8.79105,47.33448],[8.79196,47.33441]]]}},{"type":"Feature","properties":{"id":"aabach-241-zh-2","c":"ZH","p":"private","q":"official","k":"pond"},"geometry":{"type":"Polygon","coordinates":[[[8.78833,47.32641],[8.78785,47.32642],[8.7874,47.32713],[8.78836,47.32737],[8.78878,47.32804],[8.78903,47.32826],[8.7893,47.32823],[8.78869,47.32728],[8.78795,47.32676],[8.78801,47.32658],[8.78833,47.32641]]]}},{"type":"Feature","properties":{"id":"aabach-243-zh-2","c":"ZH","p":"private","q":"official","k":"pond"},"geometry":{"type":"Polygon","coordinates":[[[8.7428,47.3438],[8.74248,47.34355],[8.74216,47.3436],[8.74149,47.34457],[8.74112,47.34475],[8.74256,47.34411],[8.7428,47.3438]]]}},{"type":"Feature","properties":{"id":"revier-246-zh","c":"ZH","p":"unknown","q":"stub","k":"pond"},"geometry":{"type":"Polygon","coordinates":[[[8.70912,47.34718],[8.70655,47.34677],[8.70609,47.34681],[8.70523,47.34655],[8.70499,47.34671],[8.70484,47.34664],[8.70466,47.34688],[8.7049,47.34703],[8.70776,47.34745],[8.70912,47.34718]]]}},{"type":"Feature","properties":{"id":"herterweiher-revier-248-zh","c":"ZH","p":"private","q":"official","k":"pond"},"geometry":{"type":"Polygon","coordinates":[[[8.70498,47.34629],[8.70521,47.34626],[8.70556,47.34545],[8.70469,47.34533],[8.70406,47.346],[8.70498,47.34629]]]}},{"type":"Feature","properties":{"id":"aabach-grueningen-revier-249-zh-2","c":"ZH","p":"pacht","q":"official","k":"pond"},"geometry":{"type":"Polygon","coordinates":[[[8.78985,47.27407],[8.78975,47.27393],[8.78938,47.27404],[8.78864,47.27457],[8.78937,47.27473],[8.7896,47.2741],[8.78985,47.27407]]]}},{"type":"Feature","properties":{"id":"werrikerbach-revier-257-zh-2","c":"ZH","p":"pacht","q":"official","k":"pond"},"geometry":{"type":"Polygon","coordinates":[[[8.70211,47.36162],[8.70275,47.36147],[8.70324,47.36118],[8.70385,47.36018],[8.70358,47.36015],[8.70274,47.36119],[8.70194,47.36141],[8.70211,47.36162]]]}},{"type":"Feature","properties":{"id":"buesisee-revier-270-zh","c":"ZH","p":"closed","q":"official","k":"pond"},"geometry":{"type":"Polygon","coordinates":[[[8.51124,47.43102],[8.51058,47.43046],[8.50983,47.4308],[8.5106,47.43134],[8.51047,47.43175],[8.51089,47.43147],[8.51124,47.43102]]]}},{"type":"Feature","properties":{"id":"opfikersee-revier-271-zh","c":"ZH","p":"private","q":"official","k":"pond"},"geometry":{"type":"Polygon","coordinates":[[[8.56593,47.42318],[8.56625,47.42307],[8.56241,47.41879],[8.56205,47.41892],[8.56593,47.42318]]]}},{"type":"Feature","properties":{"id":"hinterbergweiher-effretikon-revier-274-zh-2","c":"ZH","p":"pacht","q":"official","k":"pond"},"geometry":{"type":"MultiPolygon","coordinates":[[[[8.683,47.4227],[8.68229,47.42227],[8.68194,47.42255],[8.68132,47.42258],[8.68197,47.42258],[8.68211,47.4225],[8.68228,47.42266],[8.68197,47.42273],[8.68185,47.42294],[8.68225,47.4229],[8.68224,47.42277],[8.68259,47.42301],[8.683,47.4227]]],[[[8.67922,47.42817],[8.67944,47.42778],[8.67966,47.4277],[8.67949,47.42768],[8.67954,47.42755],[8.67994,47.42777],[8.6798,47.42751],[8.67936,47.42737],[8.67805,47.42736],[8.67815,47.42753],[8.67879,47.4275],[8.67908,47.42769],[8.67903,47.42782],[8.67919,47.42782],[8.67912,47.42799],[8.67929,47.42781],[8.67921,47.428],[8.67895,47.42816],[8.67893,47.42774],[8.67868,47.42798],[8.67849,47.42792],[8.67861,47.42773],[8.67822,47.42763],[8.67852,47.42781],[8.67839,47.42787],[8.67868,47.42806],[8.67867,47.4282],[8.67922,47.42817]]]]}},{"type":"Feature","properties":{"id":"himmelbach-revier-279-zh-2","c":"ZH","p":"pacht","q":"official","k":"pond"},"geometry":{"type":"MultiPolygon","coordinates":[[[[8.58535,47.4623],[8.58625,47.46218],[8.58649,47.46195],[8.58682,47.46199],[8.58731,47.4617],[8.58727,47.4616],[8.58694,47.46155],[8.5861,47.4618],[8.5856,47.46174],[8.58521,47.46201],[8.58535,47.4623]]],[[[8.54109,47.48307],[8.54152,47.48284],[8.54201,47.48229],[8.5429,47.48113],[8.54319,47.48043],[8.54297,47.4805],[8.54226,47.48196],[8.54171,47.48196],[8.54137,47.48227],[8.54117,47.48209],[8.54088,47.48238],[8.54055,47.483],[8.5406,47.48328],[8.54098,47.48338],[8.54128,47.4831],[8.54109,47.48307]]]]}},{"type":"Feature","properties":{"id":"allmendsee-revier-280-zh-2","c":"ZH","p":"pacht","q":"official","k":"pond"},"geometry":{"type":"Polygon","coordinates":[[[8.54513,47.39842],[8.54464,47.39748],[8.54452,47.3975],[8.54455,47.39733],[8.5443,47.39712],[8.5441,47.39741],[8.54352,47.39707],[8.54302,47.397],[8.54299,47.39714],[8.54373,47.39765],[8.54393,47.39819],[8.54404,47.39792],[8.54426,47.39788],[8.54455,47.39817],[8.54484,47.39816],[8.54461,47.39855],[8.54475,47.39878],[8.54513,47.39842]]]}},{"type":"Feature","properties":{"id":"mueliweiher-steinmaur-revier-283-zh","c":"ZH","p":"private","q":"official","k":"pond"},"geometry":{"type":"Polygon","coordinates":[[[8.44093,47.49119],[8.44064,47.49136],[8.44109,47.49189],[8.44166,47.49185],[8.44172,47.49171],[8.44093,47.49119]]]}},{"type":"Feature","properties":{"id":"neeracherried-revier-290-zh-2","c":"ZH","p":"private","q":"official","k":"pond"},"geometry":{"type":"MultiPolygon","coordinates":[[[[8.48263,47.50164],[8.48276,47.50124],[8.48163,47.50111],[8.48142,47.50089],[8.48138,47.5004],[8.48093,47.50017],[8.48072,47.50016],[8.48033,47.50046],[8.47989,47.50032],[8.47976,47.50038],[8.47963,47.50057],[8.47974,47.50101],[8.47998,47.50113],[8.48009,47.50148],[8.48034,47.50166],[8.48167,47.50183],[8.48263,47.50164]],[[8.48206,47.50138],[8.48233,47.50149],[8.48214,47.50167],[8.48186,47.50156],[8.48206,47.50138]]],[[[8.48444,47.50336],[8.48348,47.50402],[8.48325,47.50451],[8.48335,47.50457],[8.48369,47.50454],[8.4849,47.50368],[8.4849,47.5035],[8.48444,47.50336]]]]}},{"type":"Feature","properties":{"id":"weiherareal-von-jucker-neerach-revier-292-zh","c":"ZH","p":"private","q":"official","k":"pond"},"geometry":{"type":"Polygon","coordinates":[[[8.48257,47.51694],[8.4831,47.51605],[8.48218,47.51568],[8.48188,47.51574],[8.48174,47.51625],[8.48137,47.51622],[8.48204,47.51673],[8.48257,47.51694]]]}},{"type":"Feature","properties":{"id":"revier-298-zh","c":"ZH","p":"unknown","q":"stub","k":"pond"},"geometry":{"type":"Polygon","coordinates":[[[8.77268,47.29113],[8.77269,47.29085],[8.77231,47.29084],[8.77202,47.29099],[8.77176,47.29143],[8.77209,47.2916],[8.77268,47.29113]]]}},{"type":"Feature","properties":{"id":"stadlersee-revier-299-zh","c":"ZH","p":"private","q":"official","k":"pond"},"geometry":{"type":"Polygon","coordinates":[[[8.47995,47.52328],[8.47992,47.52393],[8.48138,47.52377],[8.48241,47.52391],[8.48266,47.52387],[8.48284,47.52364],[8.48463,47.52331],[8.48503,47.52317],[8.48505,47.52301],[8.48486,47.52288],[8.48391,47.5227],[8.4829,47.52269],[8.4825,47.52285],[8.48187,47.52286],[8.48091,47.52317],[8.47995,47.52328]]]}},{"type":"Feature","properties":{"id":"jona-301-zh-2","c":"ZH","p":"pacht","q":"official","k":"pond"},"geometry":{"type":"MultiPolygon","coordinates":[[[[8.91215,47.26839],[8.9115,47.26907],[8.91139,47.26951],[8.9117,47.26973],[8.91238,47.26875],[8.91215,47.26839]]],[[[8.9064,47.27302],[8.90467,47.27254],[8.90449,47.27257],[8.90485,47.27281],[8.90651,47.27331],[8.9064,47.27302]]],[[[8.898,47.29629],[8.89897,47.29589],[8.89855,47.29531],[8.89781,47.29552],[8.89764,47.29578],[8.898,47.29629]]]]}},{"type":"Feature","properties":{"id":"jona-302-zh-2","c":"ZH","p":"pacht","q":"official","k":"pond"},"geometry":{"type":"Polygon","coordinates":[[[8.87765,47.27001],[8.87791,47.26936],[8.87838,47.26918],[8.87775,47.26929],[8.87705,47.26998],[8.87662,47.26989],[8.87598,47.26948],[8.87556,47.26937],[8.87508,47.26968],[8.8753,47.26982],[8.87559,47.26974],[8.87707,47.27036],[8.87733,47.27036],[8.87765,47.27001]]]}},{"type":"Feature","properties":{"id":"waendhueslenbach-revier-312-zh-2","c":"ZH","p":"pacht","q":"official","k":"pond"},"geometry":{"type":"Polygon","coordinates":[[[8.81518,47.282],[8.81583,47.28236],[8.81597,47.28233],[8.81596,47.28194],[8.81555,47.28139],[8.81518,47.28172],[8.81518,47.282]]]}},{"type":"Feature","properties":{"id":"giessenbach-revier-313-zh","c":"ZH","p":"closed","q":"official","k":"pond"},"geometry":{"type":"Polygon","coordinates":[[[8.82888,47.26167],[8.82877,47.26101],[8.82774,47.26089],[8.82752,47.2614],[8.82826,47.26123],[8.8283,47.26149],[8.82888,47.26167]]]}},{"type":"Feature","properties":{"id":"diezikonerbach-revier-314-zh-2","c":"ZH","p":"pacht","q":"official","k":"pond"},"geometry":{"type":"Polygon","coordinates":[[[8.92974,47.2634],[8.93078,47.26307],[8.93093,47.2626],[8.93054,47.26255],[8.92995,47.26273],[8.92947,47.2631],[8.92947,47.26329],[8.92974,47.2634]]]}},{"type":"Feature","properties":{"id":"revier-316-zh","c":"ZH","p":"unknown","q":"stub","k":"pond"},"geometry":{"type":"Polygon","coordinates":[[[8.81897,47.28711],[8.81783,47.28742],[8.81782,47.28758],[8.81823,47.28775],[8.81811,47.28811],[8.81899,47.28733],[8.81897,47.28711]]]}},{"type":"Feature","properties":{"id":"chatzentobelweiher-revier-320-zh","c":"ZH","p":"private","q":"official","k":"pond"},"geometry":{"type":"Polygon","coordinates":[[[8.76469,47.23964],[8.76404,47.23958],[8.76403,47.24028],[8.7649,47.24031],[8.76469,47.23964]]]}},{"type":"Feature","properties":{"id":"schuebelweiher-revier-328-zh","c":"ZH","p":"private","q":"official","k":"pond"},"geometry":{"type":"Polygon","coordinates":[[[8.59525,47.32294],[8.59597,47.3217],[8.59577,47.32174],[8.59503,47.32267],[8.59282,47.32388],[8.5934,47.32427],[8.59387,47.3242],[8.59525,47.32294]]]}},{"type":"Feature","properties":{"id":"rumensee-revier-330-zh","c":"ZH","p":"private","q":"official","k":"pond"},"geometry":{"type":"Polygon","coordinates":[[[8.59122,47.32905],[8.59328,47.32819],[8.5931,47.32781],[8.59189,47.32791],[8.59161,47.32803],[8.59085,47.32878],[8.59122,47.32905]]]}},{"type":"Feature","properties":{"id":"muelibach-richterswil-revier-334-zh-2","c":"ZH","p":"pacht","q":"official","k":"pond"},"geometry":{"type":"MultiPolygon","coordinates":[[[[8.69066,47.19636],[8.69109,47.19622],[8.69231,47.19615],[8.69228,47.19515],[8.69131,47.1952],[8.68985,47.19586],[8.69014,47.19621],[8.69066,47.19636]]],[[[8.68982,47.1964],[8.69015,47.19632],[8.68952,47.19573],[8.68917,47.19582],[8.68879,47.19572],[8.68753,47.19629],[8.68759,47.19639],[8.68794,47.19641],[8.68893,47.19629],[8.68982,47.1964]]]]}},{"type":"Feature","properties":{"id":"revier-335-zh","c":"ZH","p":"unknown","q":"stub","k":"pond"},"geometry":{"type":"MultiPolygon","coordinates":[[[[8.67655,47.20435],[8.6767,47.20377],[8.67584,47.20383],[8.67509,47.20377],[8.67475,47.20362],[8.67407,47.20352],[8.67397,47.20355],[8.67396,47.20377],[8.6734,47.20369],[8.67395,47.20381],[8.67403,47.20354],[8.67473,47.20365],[8.67655,47.20435]]],[[[8.68709,47.21717],[8.68731,47.21767],[8.68566,47.2187],[8.68625,47.21898],[8.68743,47.21837],[8.6877,47.21773],[8.68749,47.21725],[8.68719,47.21706],[8.6871,47.21711],[8.68712,47.21698],[8.68668,47.21692],[8.68622,47.21645],[8.68654,47.21689],[8.68709,47.21717]]]]}},{"type":"Feature","properties":{"id":"aabach-waedenswil-revier-339-zh-2","c":"ZH","p":"pacht","q":"official","k":"pond"},"geometry":{"type":"Polygon","coordinates":[[[8.65468,47.19561],[8.65454,47.19546],[8.65412,47.1955],[8.65333,47.19608],[8.65374,47.19635],[8.65468,47.19561]]]}},{"type":"Feature","properties":{"id":"aabach-horgen-revier-340-zh-2","c":"ZH","p":"pacht","q":"official","k":"pond"},"geometry":{"type":"Polygon","coordinates":[[[8.62237,47.23267],[8.6234,47.23248],[8.62379,47.23097],[8.62369,47.2307],[8.62424,47.23021],[8.62408,47.22956],[8.62383,47.22968],[8.62375,47.23019],[8.62354,47.23013],[8.62335,47.23021],[8.62304,47.23058],[8.62312,47.23099],[8.62269,47.23163],[8.62237,47.23267]]]}},{"type":"Feature","properties":{"id":"turpenweidweiher-revier-342-zh","c":"ZH","p":"closed","q":"official","k":"pond"},"geometry":{"type":"Polygon","coordinates":[[[8.74897,47.24512],[8.74855,47.24516],[8.74807,47.24551],[8.74811,47.24586],[8.74841,47.24602],[8.74969,47.24583],[8.74956,47.24556],[8.74897,47.24512]]]}},{"type":"Feature","properties":{"id":"ausee-revier-343-zh-2","c":"ZH","p":"pacht","q":"official","k":"pond"},"geometry":{"type":"Polygon","coordinates":[[[8.6388,47.24944],[8.63934,47.24934],[8.64019,47.2487],[8.64099,47.24902],[8.64151,47.24898],[8.64224,47.24874],[8.64314,47.24829],[8.64332,47.24802],[8.64325,47.24781],[8.6426,47.24741],[8.64157,47.24747],[8.64056,47.24776],[8.64064,47.24791],[8.64033,47.24789],[8.63845,47.24865],[8.63832,47.24913],[8.6388,47.24944]]]}},{"type":"Feature","properties":{"id":"limmat-362-zh-2","c":"ZH","p":"private","q":"official","k":"pond"},"geometry":{"type":"Polygon","coordinates":[[[8.42147,47.40123],[8.42125,47.40091],[8.42147,47.40099],[8.42131,47.40079],[8.42211,47.40083],[8.42196,47.4006],[8.42083,47.40065],[8.42049,47.40056],[8.41983,47.40053],[8.4202,47.40062],[8.41979,47.40086],[8.42147,47.40123]],[[8.42038,47.4006],[8.42062,47.40061],[8.42094,47.40075],[8.42059,47.40079],[8.42038,47.4006]]]}},{"type":"Feature","properties":{"id":"antonilochweiher-revier-365-zh","c":"ZH","p":"closed","q":"official","k":"pond"},"geometry":{"type":"Polygon","coordinates":[[[8.40446,47.41271],[8.40504,47.41279],[8.40544,47.4131],[8.40582,47.41255],[8.40454,47.41241],[8.40326,47.4126],[8.40244,47.41306],[8.40216,47.41368],[8.40226,47.41427],[8.40356,47.41505],[8.40265,47.41363],[8.40327,47.41302],[8.40446,47.41271]]]}},{"type":"Feature","properties":{"id":"limmat-366-zh-2","c":"ZH","p":"private","q":"official","k":"pond"},"geometry":{"type":"MultiPolygon","coordinates":[[[[8.40133,47.41826],[8.40066,47.41875],[8.40058,47.41954],[8.40095,47.42037],[8.40117,47.42061],[8.40174,47.4209],[8.40188,47.42065],[8.40128,47.42023],[8.40072,47.41908],[8.40098,47.41865],[8.40143,47.41838],[8.40133,47.41826]]],[[[8.40121,47.42349],[8.40164,47.4232],[8.40185,47.42323],[8.40222,47.42297],[8.40368,47.42243],[8.40384,47.42203],[8.40353,47.422],[8.40349,47.42174],[8.40294,47.42171],[8.40257,47.42224],[8.40264,47.42249],[8.402,47.42275],[8.40123,47.42339],[8.40121,47.42349]]]]}},{"type":"Feature","properties":{"id":"limmat-367-zh-2","c":"ZH","p":"private","q":"official","k":"pond"},"geometry":{"type":"Polygon","coordinates":[[[8.3985,47.42338],[8.3986,47.42314],[8.39844,47.42284],[8.39804,47.4233],[8.39754,47.42281],[8.39717,47.42319],[8.39728,47.42328],[8.39769,47.42324],[8.39731,47.42359],[8.39746,47.42371],[8.3985,47.42338]]]}},{"type":"Feature","properties":{"id":"golfplatz-unterengstringen-revier-368-zh","c":"ZH","p":"closed","q":"official","k":"pond"},"geometry":{"type":"Polygon","coordinates":[[[8.4143,47.40251],[8.41451,47.4016],[8.41425,47.40171],[8.4142,47.40134],[8.41445,47.40116],[8.41474,47.40123],[8.41473,47.40089],[8.41424,47.40117],[8.41402,47.40148],[8.4141,47.40223],[8.4143,47.40251]]]}},{"type":"Feature","properties":{"id":"revier-373-zh","c":"ZH","p":"unknown","q":"stub","k":"pond"},"geometry":{"type":"Polygon","coordinates":[[[8.41415,47.41088],[8.41397,47.41091],[8.4138,47.41182],[8.4133,47.41229],[8.41343,47.41241],[8.41365,47.41235],[8.41411,47.41176],[8.41415,47.41088]]]}},{"type":"Feature","properties":{"id":"grosser-weiher-langenmoos-revier-374-zh","c":"ZH","p":"pacht","q":"official","k":"pond"},"geometry":{"type":"Polygon","coordinates":[[[8.4321,47.42545],[8.43299,47.42521],[8.43256,47.42481],[8.43221,47.42477],[8.43192,47.42504],[8.43194,47.42536],[8.4321,47.42545]]]}},{"type":"Feature","properties":{"id":"ziegeleiweiher-wettswil-revier-388-zh","c":"ZH","p":"private","q":"official","k":"pond"},"geometry":{"type":"MultiPolygon","coordinates":[[[[8.466,47.33103],[8.46751,47.33073],[8.46791,47.32999],[8.46816,47.32908],[8.46788,47.32809],[8.46632,47.32815],[8.46599,47.32826],[8.46618,47.32985],[8.466,47.33103]]],[[[8.47033,47.32941],[8.47169,47.33037],[8.47264,47.33073],[8.47268,47.33041],[8.47176,47.33019],[8.47157,47.32955],[8.47044,47.3292],[8.47033,47.32941]]]]}},{"type":"Feature","properties":{"id":"marmoriweiher-revier-389-zh","c":"ZH","p":"pacht","q":"official","k":"pond"},"geometry":{"type":"Polygon","coordinates":[[[8.39534,47.39965],[8.39581,47.39915],[8.39593,47.39785],[8.39512,47.39685],[8.39547,47.39769],[8.39498,47.39932],[8.39506,47.39952],[8.39534,47.39965]]]}},{"type":"Feature","properties":{"id":"furtbach-daellikon-revier-390-zh-2","c":"ZH","p":"pacht","q":"official","k":"pond"},"geometry":{"type":"MultiPolygon","coordinates":[[[[8.44338,47.44844],[8.44335,47.4481],[8.44298,47.44802],[8.44208,47.44838],[8.44249,47.44859],[8.44313,47.44861],[8.44338,47.44844]]],[[[8.44412,47.44875],[8.44426,47.4481],[8.44417,47.44796],[8.44383,47.44793],[8.44345,47.44818],[8.44366,47.44831],[8.44379,47.4487],[8.44412,47.44875]]],[[[8.44353,47.4493],[8.44352,47.44914],[8.44389,47.44928],[8.44411,47.44906],[8.44326,47.44889],[8.44319,47.44864],[8.44307,47.44866],[8.44274,47.44892],[8.44301,47.44899],[8.44301,47.44924],[8.44321,47.44938],[8.44403,47.44948],[8.44399,47.44992],[8.44418,47.44963],[8.44402,47.44945],[8.44353,47.4493]]]]}},{"type":"Feature","properties":{"id":"teufenbachweiher-revier-411-zh-2","c":"ZH","p":"pacht","q":"official","k":"pond"},"geometry":{"type":"Polygon","coordinates":[[[8.6399,47.18147],[8.64104,47.18051],[8.64096,47.18045],[8.6405,47.18074],[8.63996,47.18067],[8.63893,47.17994],[8.63794,47.17988],[8.63639,47.18057],[8.63659,47.18066],[8.63647,47.18078],[8.63651,47.18158],[8.63684,47.18162],[8.63789,47.18117],[8.63892,47.18192],[8.6399,47.18147]]]}},{"type":"Feature","properties":{"id":"bergweiher-horgen-revier-416-zh","c":"ZH","p":"private","q":"official","k":"pond"},"geometry":{"type":"Polygon","coordinates":[[[8.59827,47.24162],[8.59818,47.24202],[8.59737,47.24241],[8.59661,47.24335],[8.5972,47.2439],[8.59789,47.24391],[8.59879,47.24353],[8.59903,47.24318],[8.60016,47.24231],[8.60034,47.24195],[8.60019,47.24189],[8.60033,47.24177],[8.60013,47.24169],[8.59939,47.24193],[8.59875,47.24167],[8.59827,47.24162]]]}},{"type":"Feature","properties":{"id":"weiher-gattikon-revier-417-zh-2","c":"ZH","p":"pacht","q":"official","k":"pond"},"geometry":{"type":"MultiPolygon","coordinates":[[[[8.55772,47.27946],[8.55941,47.27888],[8.55996,47.27836],[8.55952,47.27796],[8.55913,47.27813],[8.55805,47.27822],[8.55735,47.27873],[8.556,47.27925],[8.55548,47.28],[8.55565,47.28035],[8.5564,47.28069],[8.55772,47.27946]]],[[[8.55223,47.28483],[8.55356,47.28483],[8.55391,47.28436],[8.5536,47.28377],[8.55323,47.28375],[8.5527,47.28346],[8.55227,47.28361],[8.55192,47.28392],[8.55223,47.28483]]]]}},{"type":"Feature","properties":{"id":"lindenbach-obfelden-revier-431-zh-2","c":"ZH","p":"pacht","q":"official","k":"pond"},"geometry":{"type":"Polygon","coordinates":[[[8.44372,47.27335],[8.44452,47.27304],[8.44401,47.27266],[8.44343,47.27307],[8.44372,47.27335]]]}},{"type":"Feature","properties":{"id":"jonen-437-zh-2","c":"ZH","p":"pacht","q":"official","k":"pond"},"geometry":{"type":"Polygon","coordinates":[[[8.43718,47.28668],[8.43864,47.2864],[8.43925,47.28641],[8.44007,47.28664],[8.44024,47.28637],[8.44009,47.28623],[8.43958,47.28612],[8.43728,47.28613],[8.4367,47.28622],[8.43629,47.28646],[8.43718,47.28668]]]}},{"type":"Feature","properties":{"id":"hedigerweiher-revier-441-zh","c":"ZH","p":"pacht","q":"official","k":"pond"},"geometry":{"type":"Polygon","coordinates":[[[8.45521,47.29597],[8.45515,47.29525],[8.45455,47.29498],[8.45394,47.29548],[8.45407,47.2957],[8.45484,47.29593],[8.45521,47.29597]]]}}]}