{"type":"FeatureCollection","features":[{"type":"Feature","properties":{"id":"zuerichsee-zh","c":"ZH","p":"patent","q":"official","k":"lake","fr":1,"ns":1},"geometry":{"type":"MultiPolygon","coordinates":[[[[8.6176,47.2551],[8.6176,47.255],[8.6174,47.2549],[8.6176,47.2551]]],[[[8.5527,47.3526],[8.559,47.3515],[8.5652,47.3452],[8.5779,47.3213],[8.577,47.3175],[8.5795,47.3134],[8.6156,47.2778],[8.6287,47.2712],[8.6364,47.2703],[8.6385,47.2677],[8.6478,47.2676],[8.6517,47.2647],[8.6604,47.2644],[8.6631,47.2619],[8.6811,47.2575],[8.7004,47.2475],[8.7074,47.2463],[8.7161,47.2392],[8.7252,47.238],[8.7349,47.2336],[8.7421,47.2348],[8.7581,47.2335],[8.7698,47.2347],[8.7774,47.2336],[8.782,47.2352],[8.787,47.2342],[8.7964,47.2394],[8.8084,47.2197],[8.7934,47.2221],[8.7409,47.2112],[8.7175,47.2032],[8.7139,47.2027],[8.7116,47.2066],[8.7058,47.2102],[8.7067,47.2121],[8.7037,47.2124],[8.6988,47.2175],[8.6787,47.2262],[8.6739,47.2314],[8.6615,47.2376],[8.6575,47.2444],[8.6533,47.2452],[8.6488,47.2506],[8.6398,47.2518],[8.6347,47.2496],[8.5932,47.2632],[8.583,47.2741],[8.5816,47.2799],[8.5735,47.2908],[8.5599,47.304],[8.5564,47.3155],[8.5368,47.3424],[8.5349,47.3487],[8.536,47.3613],[8.5402,47.3659],[8.5442,47.3669],[8.5472,47.3578],[8.5527,47.3526]],[[8.7167,47.2039],[8.7172,47.2037],[8.7173,47.2041],[8.7167,47.2039]],[[8.5362,47.3499],[8.537,47.3496],[8.5364,47.3501],[8.5362,47.3499]]]]}},{"type":"Feature","properties":{"id":"pfaeffikersee-zh","c":"ZH","p":"patent","q":"official","k":"lake","fr":1,"ns":1},"geometry":{"type":"Polygon","coordinates":[[[8.7809,47.3641],[8.7934,47.3476],[8.7883,47.3441],[8.7909,47.342],[8.7762,47.3406],[8.7716,47.3563],[8.7682,47.3581],[8.769,47.3607],[8.7751,47.3638],[8.7809,47.3641]]]}},{"type":"Feature","properties":{"id":"greifensee-zh","c":"ZH","p":"patent","q":"official","k":"lake","fr":1,"ns":1},"geometry":{"type":"Polygon","coordinates":[[[8.6756,47.3636],[8.6814,47.3619],[8.6891,47.3529],[8.6918,47.3407],[8.7074,47.3326],[8.7058,47.3269],[8.7005,47.3267],[8.6964,47.3212],[8.6902,47.3226],[8.6855,47.3345],[8.6755,47.3457],[8.6685,47.3474],[8.6639,47.3538],[8.6539,47.3607],[8.6533,47.3712],[8.6636,47.3733],[8.6756,47.3636]]]}},{"type":"Feature","properties":{"id":"dorfbach-flaach-und-volkemerbach-revier-48-zh","c":"ZH","p":"pacht","q":"official","k":"river"},"geometry":{"type":"MultiLineString","coordinates":[[[8.578,47.576],[8.578,47.576]],[[8.5781,47.576],[8.5817,47.5753]],[[8.5817,47.5753],[8.5817,47.5754]],[[8.5817,47.5753],[8.5884,47.5748]],[[8.5862,47.5611],[8.5857,47.5605]],[[8.5871,47.5717],[8.5864,47.5708]],[[8.5876,47.5625],[8.5862,47.5611]],[[8.5862,47.5611],[8.5863,47.5604]],[[8.5871,47.5717],[8.5871,47.5718],[8.5872,47.5717],[8.5873,47.5717],[8.5874,47.5717],[8.5875,47.5715],[8.5877,47.5711]],[[8.5884,47.5748],[8.5871,47.5717]],[[8.5884,47.5748],[8.5941,47.5747]],[[8.5884,47.5592],[8.5881,47.559]],[[8.5884,47.5592],[8.5883,47.559]],[[8.5888,47.5615],[8.5884,47.5592]],[[8.5906,47.56],[8.5892,47.5591]],[[8.5911,47.5647],[8.5896,47.5639]],[[8.5911,47.5595],[8.5903,47.5587]],[[8.5906,47.5613],[8.5906,47.5613]],[[8.591,47.5622],[8.5906,47.5613]],[[8.5906,47.5613],[8.5906,47.56]],[[8.5906,47.56],[8.5911,47.5595]],[[8.5911,47.5595],[8.5912,47.5583]],[[8.5933,47.5669],[8.5917,47.5662]],[[8.5918,47.5629],[8.5923,47.5593]],[[8.5921,47.5651],[8.5919,47.5632]],[[8.5921,47.5651],[8.5921,47.5651]],[[8.5933,47.5669],[8.5921,47.5651]],[[8.5949,47.5682],[8.5933,47.5669]],[[8.5941,47.5747],[8.6044,47.5755]],[[8.5941,47.5747],[8.5956,47.5695]],[[8.5952,47.5692],[8.5944,47.5691]],[[8.5952,47.5692],[8.595,47.5686]],[[8.5978,47.5541],[8.5965,47.5539]],[[8.5983,47.5519],[8.5968,47.5519]],[[8.5978,47.5541],[8.5969,47.5533]],[[8.5992,47.5536],[8.597,47.5525]],[[8.5983,47.5519],[8.5977,47.5515]],[[8.5987,47.5545],[8.5978,47.5541]],[[8.6008,47.5529],[8.5983,47.5519]],[[8.6003,47.5514],[8.599,47.5508]],[[8.6015,47.5529],[8.6003,47.5514]],[[8.6003,47.5514],[8.6005,47.5497]],[[8.6041,47.5684],[8.6016,47.5672]],[[8.6015,47.5529],[8.6014,47.5529]],[[8.6019,47.5535],[8.6015,47.5529]],[[8.6017,47.558],[8.6016,47.5576]],[[8.6019,47.5549],[8.6018,47.5549]],[[8.6032,47.5566],[8.6019,47.5549]],[[8.6019,47.5549],[8.6019,47.5549]],[[8.6032,47.5566],[8.6027,47.5564]],[[8.6036,47.5735],[8.6055,47.5703]],[[8.6036,47.5569],[8.6032,47.5566]],[[8.6044,47.5755],[8.6039,47.5741]],[[8.6049,47.5693],[8.6041,47.5684]],[[8.6041,47.5684],[8.6057,47.5611]],[[8.6044,47.5755],[8.6083,47.575]],[[8.6041,47.5516],[8.6042,47.5502]],[[8.6055,47.5703],[8.6049,47.5693]],[[8.6049,47.5693],[8.6093,47.5657]],[[8.6055,47.5584],[8.6048,47.5581]],[[8.6055,47.5703],[8.6126,47.5681]],[[8.6057,47.5611],[8.6055,47.5584]],[[8.6055,47.5584],[8.606,47.5582]],[[8.6057,47.5611],[8.6056,47.5611]],[[8.6087,47.5491],[8.6062,47.5484]],[[8.6081,47.5468],[8.6078,47.5459]],[[8.609,47.5749],[8.614,47.5754]],[[8.6086,47.5472],[8.6084,47.547]],[[8.6097,47.5474],[8.6085,47.545]],[[8.6119,47.546],[8.6087,47.5448]],[[8.6097,47.5474],[8.6088,47.5473]],[[8.6093,47.5657],[8.6094,47.5655]],[[8.6093,47.5657],[8.6113,47.5643]],[[8.6113,47.5504],[8.609,47.5492]],[[8.613,47.5482],[8.6097,47.5474]],[[8.6113,47.5643],[8.6153,47.5597]],[[8.6119,47.546],[8.6113,47.5447]],[[8.6134,47.5428],[8.6124,47.5421],[8.6116,47.542]],[[8.6135,47.5476],[8.6119,47.546]],[[8.6126,47.5681],[8.6127,47.5682]],[[8.6126,47.5681],[8.6127,47.5681],[8.6127,47.5682]],[[8.6127,47.5682],[8.6187,47.5667]],[[8.6128,47.55],[8.6126,47.5502]],[[8.6141,47.5412],[8.6124,47.5406]],[[8.6132,47.5507],[8.6128,47.55]],[[8.6128,47.55],[8.613,47.5482]],[[8.6134,47.5428],[8.6127,47.5425]],[[8.613,47.5482],[8.6135,47.5476]],[[8.6145,47.5404],[8.6129,47.5396]],[[8.6136,47.5387],[8.6129,47.5385]],[[8.6175,47.557],[8.6134,47.5509]],[[8.6135,47.5476],[8.6153,47.5461]],[[8.6134,47.5428],[8.6134,47.5428]],[[8.6136,47.5387],[8.6133,47.5383]],[[8.614,47.5424],[8.6136,47.5419]],[[8.6143,47.5393],[8.6136,47.5387]],[[8.6139,47.5425],[8.6137,47.5428]],[[8.6144,47.5754],[8.6193,47.576]],[[8.6144,47.539],[8.6139,47.5384]],[[8.6145,47.5578],[8.6145,47.5577]],[[8.6145,47.5404],[8.6143,47.5393]],[[8.6143,47.5393],[8.6145,47.5391]],[[8.6145,47.5404],[8.6145,47.5404]],[[8.6145,47.5389],[8.6147,47.5376]],[[8.6153,47.5597],[8.6153,47.5597]],[[8.6153,47.5597],[8.6175,47.557]],[[8.6175,47.557],[8.6182,47.5572],[8.6205,47.5569]],[[8.6187,47.5667],[8.6314,47.5657]],[[8.6187,47.5667],[8.6187,47.5667]],[[8.6193,47.576],[8.6227,47.5766]],[[8.6193,47.576],[8.6193,47.576]],[[8.6208,47.5567],[8.6197,47.5552]],[[8.62,47.5539],[8.62,47.5539]],[[8.6202,47.5525],[8.6218,47.548]],[[8.6207,47.5568],[8.6208,47.5567]],[[8.6208,47.5567],[8.6242,47.555]],[[8.6227,47.5766],[8.6263,47.5762]],[[8.6242,47.555],[8.6246,47.5542]],[[8.6242,47.555],[8.6253,47.5548],[8.6277,47.5551]],[[8.6263,47.5762],[8.6263,47.5762]],[[8.6263,47.5762],[8.6332,47.5749]],[[8.6314,47.5657],[8.6331,47.566]],[[8.6314,47.5657],[8.6356,47.5638]],[[8.6332,47.5749],[8.6332,47.5749]],[[8.6332,47.5749],[8.6351,47.5746]],[[8.6351,47.5746],[8.6351,47.5746]],[[8.6351,47.5746],[8.6404,47.5735]],[[8.6356,47.5638],[8.6365,47.5612]],[[8.6356,47.5638],[8.6356,47.5638]],[[8.6365,47.5612],[8.6365,47.5612]],[[8.6365,47.5612],[8.6397,47.5598]],[[8.6393,47.563],[8.6403,47.5616]],[[8.6397,47.5598],[8.6407,47.5598]],[[8.6397,47.5598],[8.6397,47.5597]],[[8.6404,47.5735],[8.6448,47.5738]],[[8.6403,47.5545],[8.64,47.5545]],[[8.6407,47.5574],[8.6403,47.5545]],[[8.6403,47.5545],[8.6407,47.5539]],[[8.6428,47.5797],[8.6445,47.5809]],[[8.6448,47.5738],[8.6448,47.5738]],[[8.6448,47.5738],[8.646,47.5733]],[[8.6463,47.5732],[8.6471,47.573]],[[8.6466,47.5544],[8.6479,47.5528]],[[8.6479,47.5528],[8.6471,47.5512]],[[8.6482,47.5773],[8.6478,47.5782]],[[8.6482,47.5773],[8.6482,47.5773]],[[8.6482,47.5773],[8.6489,47.5777]],[[8.6479,47.5528],[8.6498,47.5496]],[[8.6485,47.5707],[8.6496,47.5707]],[[8.6496,47.5707],[8.6501,47.5702]],[[8.6497,47.5495],[8.6502,47.546]],[[8.6503,47.5701],[8.6526,47.5643]],[[8.6526,47.5643],[8.6527,47.5643]],[[8.6526,47.5643],[8.6534,47.5635]],[[8.6532,47.5644],[8.655,47.5648]],[[8.6534,47.5635],[8.6534,47.5635]],[[8.6534,47.5635],[8.6562,47.5618]],[[8.6534,47.5601],[8.6544,47.5574]],[[8.6544,47.5574],[8.6544,47.5572]],[[8.6544,47.5574],[8.6545,47.5572]],[[8.6553,47.5649],[8.6598,47.5644]]]}},{"type":"Feature","properties":{"id":"thur-61-zh","c":"ZH","p":"pacht","q":"official","k":"river"},"geometry":{"type":"MultiLineString","coordinates":[[[8.736,47.5896],[8.7445,47.5906]],[[8.7386,47.5769],[8.7423,47.5758]],[[8.7399,47.5793],[8.7393,47.5794]],[[8.7428,47.5888],[8.7438,47.5887]],[[8.7438,47.5887],[8.7443,47.5885]],[[8.7438,47.5887],[8.7441,47.5888]],[[8.7445,47.5906],[8.7482,47.5923]],[[8.7445,47.5906],[8.7473,47.5952]],[[8.7449,47.5894],[8.7632,47.5867]],[[8.7459,47.5744],[8.7478,47.5724]],[[8.7464,47.5877],[8.7499,47.5836]],[[8.7482,47.5923],[8.7482,47.5923]],[[8.7482,47.5923],[8.765,47.5926],[8.806,47.5831]],[[8.7482,47.5923],[8.7501,47.5917]],[[8.7488,47.5821],[8.7487,47.5811]],[[8.7501,47.5917],[8.7618,47.5919],[8.772,47.5901]],[[8.7501,47.5917],[8.7597,47.589]],[[8.7499,47.5836],[8.7499,47.5835]],[[8.7499,47.5836],[8.7584,47.5806]],[[8.7584,47.5806],[8.7575,47.5788]],[[8.7584,47.5806],[8.7634,47.5795]],[[8.7617,47.5895],[8.7702,47.5859]],[[8.7632,47.5867],[8.7689,47.585]],[[8.7632,47.5867],[8.7636,47.5853]],[[8.7634,47.5795],[8.7636,47.5794]],[[8.7634,47.5795],[8.7743,47.5783]],[[8.7636,47.5851],[8.7639,47.5838]],[[8.7636,47.5794],[8.7692,47.5711]],[[8.7636,47.5794],[8.7737,47.5762]],[[8.7641,47.5837],[8.7716,47.5819]],[[8.772,47.5901],[8.7819,47.5823]],[[8.772,47.5901],[8.8056,47.5822]],[[8.7809,47.5792],[8.7746,47.5783]],[[8.7814,47.5703],[8.7808,47.569]],[[8.7819,47.5823],[8.7819,47.5822]],[[8.7819,47.5823],[8.7884,47.5806]],[[8.7884,47.5806],[8.7879,47.5772]],[[8.7884,47.5806],[8.7931,47.5788]],[[8.7918,47.5689],[8.7896,47.5682]],[[8.8002,47.5652],[8.7896,47.564]],[[8.7929,47.5753],[8.79,47.5712]],[[8.7903,47.5706],[8.7919,47.5695]],[[8.7931,47.5788],[8.7929,47.5753]],[[8.7929,47.5753],[8.8038,47.5725]],[[8.7931,47.5788],[8.8063,47.5718]],[[8.806,47.5711],[8.8028,47.5702]],[[8.8063,47.5718],[8.8063,47.5718]],[[8.8063,47.5718],[8.8136,47.5702]],[[8.815,47.5697],[8.8119,47.566]],[[8.8136,47.5702],[8.8136,47.5702]],[[8.8136,47.5702],[8.815,47.5701]],[[8.815,47.5701],[8.8206,47.5702]],[[8.815,47.5701],[8.815,47.5701]],[[8.8206,47.5702],[8.8206,47.5702]],[[8.8206,47.5702],[8.8206,47.5702]]]}},{"type":"Feature","properties":{"id":"toess-101-zh","c":"ZH","p":"pacht","q":"official","k":"river"},"geometry":{"type":"MultiLineString","coordinates":[[[8.8506,47.3666],[8.8485,47.3644]],[[8.8506,47.3666],[8.8501,47.3665]],[[8.8513,47.3669],[8.8506,47.3666]],[[8.8524,47.368],[8.8513,47.3669]],[[8.8513,47.3669],[8.8522,47.3665]],[[8.8542,47.3801],[8.8518,47.3783]],[[8.8564,47.3695],[8.8527,47.3682]],[[8.8548,47.3803],[8.8544,47.3802]],[[8.8555,47.3785],[8.8547,47.3755]],[[8.8588,47.3812],[8.8563,47.3803]],[[8.8564,47.3695],[8.8563,47.3684]],[[8.8602,47.3701],[8.8564,47.3695]],[[8.8582,47.3887],[8.8581,47.3832]],[[8.8581,47.3832],[8.8595,47.3815]],[[8.8581,47.3832],[8.8597,47.383]],[[8.8595,47.3815],[8.8594,47.3815]],[[8.8595,47.3815],[8.8615,47.3799]],[[8.86,47.3834],[8.8616,47.3831]],[[8.8615,47.3799],[8.8614,47.3797]],[[8.8615,47.3799],[8.865,47.3791]],[[8.8617,47.3777],[8.8614,47.3765]],[[8.8616,47.3831],[8.8638,47.3835]],[[8.8616,47.3831],[8.8631,47.3826]],[[8.8631,47.3706],[8.8625,47.3703]],[[8.8631,47.3826],[8.8636,47.3819]],[[8.8631,47.3826],[8.8632,47.3826],[8.8637,47.3826],[8.8641,47.3828]],[[8.8636,47.3705],[8.8632,47.369]],[[8.865,47.3791],[8.8654,47.3792]],[[8.865,47.3791],[8.8659,47.3774]],[[8.8653,47.3711],[8.8651,47.371]],[[8.8654,47.3792],[8.8679,47.3791]],[[8.8654,47.3792],[8.8664,47.3805]],[[8.8659,47.3774],[8.8653,47.3711]],[[8.8653,47.3711],[8.8656,47.3709]],[[8.8662,47.3659],[8.8652,47.3654]],[[8.8656,47.3709],[8.8725,47.3751]],[[8.8656,47.3709],[8.8665,47.3705]],[[8.8659,47.3774],[8.8661,47.3774],[8.8664,47.3773],[8.8669,47.3771],[8.8683,47.3772]],[[8.8665,47.3705],[8.8666,47.3704]],[[8.8665,47.3705],[8.8685,47.3702],[8.8719,47.3713],[8.8744,47.3707]],[[8.8669,47.3695],[8.8673,47.369]],[[8.8675,47.3682],[8.8675,47.3681]],[[8.8676,47.3683],[8.8676,47.3683]],[[8.8679,47.3791],[8.8691,47.3794]],[[8.8679,47.3791],[8.8688,47.3788]],[[8.8688,47.3788],[8.8692,47.3781]],[[8.8688,47.3788],[8.8708,47.3786]],[[8.8691,47.3794],[8.87,47.3797]],[[8.8691,47.3794],[8.8698,47.3799]],[[8.8725,47.3751],[8.8751,47.3762]],[[8.8725,47.3751],[8.8729,47.3766]],[[8.8751,47.3762],[8.874,47.378]],[[8.8744,47.3707],[8.8745,47.3708]],[[8.8744,47.3707],[8.8761,47.3699]],[[8.8746,47.371],[8.8751,47.3719]],[[8.8764,47.3775],[8.8752,47.3786]],[[8.8751,47.3762],[8.876,47.3768]],[[8.876,47.3768],[8.8764,47.3774]],[[8.876,47.3768],[8.8792,47.3765]],[[8.8761,47.3699],[8.8761,47.3699]],[[8.8761,47.3699],[8.8782,47.3696]],[[8.8764,47.3775],[8.8765,47.3785]],[[8.8764,47.3774],[8.8764,47.3775]],[[8.8764,47.3774],[8.8789,47.3779]],[[8.8782,47.3696],[8.8807,47.3725]],[[8.8782,47.3696],[8.8812,47.369]],[[8.8818,47.374],[8.8804,47.3749]],[[8.8807,47.3725],[8.8824,47.3719]],[[8.8807,47.3725],[8.8807,47.3725],[8.8809,47.3726],[8.881,47.3727],[8.881,47.3729]],[[8.881,47.3729],[8.8818,47.374]],[[8.881,47.3729],[8.8832,47.3728]],[[8.8812,47.369],[8.8812,47.369]],[[8.8812,47.369],[8.8812,47.3689]],[[8.8812,47.369],[8.8852,47.3676]],[[8.8818,47.374],[8.8832,47.3751]],[[8.8839,47.3755],[8.883,47.3768]],[[8.8832,47.3751],[8.8839,47.3755]],[[8.8832,47.3751],[8.8851,47.3738]],[[8.8839,47.3755],[8.8844,47.3757]],[[8.8844,47.3757],[8.885,47.3754]],[[8.8844,47.3757],[8.8865,47.3767]],[[8.8865,47.3767],[8.8849,47.3779]],[[8.885,47.3754],[8.8867,47.3743]],[[8.885,47.3754],[8.8877,47.3749]],[[8.8852,47.3676],[8.8862,47.3659]],[[8.8852,47.3676],[8.8863,47.3674]],[[8.8872,47.3773],[8.8865,47.378]],[[8.8865,47.3767],[8.8866,47.3768]],[[8.8864,47.3693],[8.8864,47.3702]],[[8.8863,47.3674],[8.8871,47.3683]],[[8.8863,47.3674],[8.8878,47.367]],[[8.8866,47.3768],[8.8869,47.377]],[[8.8866,47.3768],[8.8908,47.3756]],[[8.8865,47.3653],[8.8874,47.3633]],[[8.8878,47.3781],[8.8869,47.3787]],[[8.8869,47.377],[8.8872,47.3773]],[[8.8869,47.377],[8.8901,47.3765]],[[8.8871,47.3683],[8.8867,47.3686]],[[8.8872,47.3773],[8.8878,47.3781]],[[8.8871,47.3683],[8.8875,47.3687]],[[8.8874,47.3633],[8.8872,47.3627]],[[8.8872,47.3627],[8.8879,47.3596]],[[8.8872,47.3627],[8.8895,47.3604]],[[8.8882,47.3798],[8.8877,47.3801]],[[8.8878,47.3781],[8.8886,47.3788]],[[8.8874,47.3633],[8.8899,47.3607]],[[8.8878,47.367],[8.888,47.3671]],[[8.8878,47.367],[8.889,47.3666]],[[8.8882,47.3798],[8.8882,47.3803]],[[8.8886,47.3788],[8.8882,47.3798]],[[8.8881,47.3674],[8.8889,47.3683]],[[8.8886,47.3788],[8.8888,47.3789]],[[8.8888,47.3789],[8.8928,47.3804]],[[8.8888,47.3789],[8.8926,47.3772]],[[8.889,47.3666],[8.8899,47.3687]],[[8.889,47.3666],[8.8916,47.3659]],[[8.8899,47.3646],[8.8902,47.3628]],[[8.8916,47.3659],[8.8921,47.367]],[[8.8916,47.3659],[8.8946,47.3652],[8.8999,47.3666]],[[8.8924,47.3681],[8.8919,47.3703]],[[8.8921,47.367],[8.8921,47.3671]],[[8.8921,47.367],[8.8924,47.3681]],[[8.8926,47.3772],[8.8934,47.3775]],[[8.8926,47.3772],[8.8934,47.376]],[[8.8924,47.3681],[8.8929,47.3724]],[[8.893,47.3675],[8.8943,47.3688]],[[8.9003,47.3643],[8.8997,47.3628]],[[8.8999,47.3666],[8.8999,47.3666]],[[8.8999,47.3666],[8.904,47.364]],[[8.9003,47.3644],[8.9003,47.3643]],[[8.9003,47.3643],[8.9009,47.3629]],[[8.9038,47.3635],[8.9028,47.3623]],[[8.904,47.364],[8.904,47.3638]],[[8.904,47.364],[8.9065,47.3637]],[[8.9065,47.3628],[8.9044,47.3619]],[[8.9064,47.3622],[8.9044,47.3609]],[[8.9064,47.3622],[8.9054,47.3597]],[[8.9065,47.3628],[8.9064,47.3622]],[[8.9065,47.3637],[8.9095,47.3641]],[[8.9065,47.3637],[8.9067,47.3634]],[[8.9065,47.3632],[8.9065,47.3628]],[[8.9066,47.3633],[8.9081,47.3594]],[[8.9081,47.3594],[8.9068,47.3569]],[[8.9081,47.3594],[8.9086,47.3591]],[[8.909,47.367],[8.9092,47.3679]],[[8.9112,47.3573],[8.9091,47.3563]],[[8.9095,47.3641],[8.9095,47.3643]],[[8.9095,47.3641],[8.9117,47.3642],[8.9128,47.3639]],[[8.9118,47.3557],[8.9099,47.3548]],[[8.9123,47.3538],[8.9104,47.3536]],[[8.9127,47.3524],[8.9108,47.3514]],[[8.9123,47.3588],[8.9112,47.3573]],[[8.9112,47.3573],[8.9118,47.3557]],[[8.9118,47.3557],[8.9121,47.3554]],[[8.9121,47.3554],[8.9123,47.3541]],[[8.9121,47.3554],[8.9147,47.355]],[[8.9151,47.3601],[8.9123,47.3588]],[[8.9123,47.3588],[8.9126,47.3586]],[[8.9123,47.3541],[8.9123,47.3538]],[[8.9123,47.3541],[8.9151,47.3533]],[[8.9123,47.3538],[8.9127,47.3524]],[[8.9126,47.3586],[8.9128,47.3583]],[[8.9126,47.3586],[8.9131,47.3582]],[[8.9128,47.3639],[8.9144,47.3664]],[[8.9128,47.3639],[8.9133,47.3633]],[[8.9127,47.3524],[8.9149,47.3507]],[[8.9133,47.3633],[8.9179,47.3641]],[[8.9133,47.3633],[8.9137,47.3618]],[[8.9139,47.3616],[8.9151,47.3601]],[[8.9144,47.3664],[8.9141,47.3672]],[[8.9144,47.3664],[8.9163,47.3667]],[[8.9158,47.3592],[8.9146,47.3582]],[[8.9151,47.3601],[8.9158,47.3592]],[[8.9149,47.3507],[8.9168,47.3507]],[[8.9149,47.3507],[8.9162,47.349]],[[8.9158,47.3592],[8.9178,47.3585]],[[8.9178,47.3585],[8.9174,47.3569]],[[8.9178,47.3585],[8.9199,47.3588]],[[8.9182,47.3514],[8.9182,47.3506]],[[8.9207,47.3487],[8.9186,47.3484]],[[8.9215,47.3499],[8.9191,47.3495]],[[8.9199,47.3588],[8.9206,47.3597]],[[8.9199,47.3588],[8.9235,47.3578]],[[8.9207,47.3485],[8.9205,47.3477]],[[8.9211,47.3489],[8.9207,47.3487]],[[8.9207,47.3487],[8.9207,47.3485]],[[8.9207,47.3485],[8.9209,47.3477]],[[8.924,47.3674],[8.9214,47.3674]],[[8.9212,47.3602],[8.9236,47.3627]],[[8.9237,47.369],[8.9215,47.3699]],[[8.9215,47.3499],[8.9211,47.3489]],[[8.9211,47.3489],[8.9217,47.348]],[[8.9237,47.369],[8.922,47.3704]],[[8.9217,47.3503],[8.9215,47.3499]],[[8.9217,47.3503],[8.9218,47.3503],[8.9218,47.3503],[8.9219,47.3502],[8.922,47.3502],[8.9225,47.3499],[8.9227,47.3499]],[[8.923,47.3523],[8.9217,47.3503]],[[8.9247,47.3704],[8.9229,47.371]],[[8.9235,47.3578],[8.9227,47.3559]],[[8.9247,47.3704],[8.9235,47.3718]],[[8.9237,47.3529],[8.923,47.3523]],[[8.923,47.3523],[8.924,47.3512]],[[8.9246,47.3683],[8.9237,47.369]],[[8.9236,47.3627],[8.924,47.3639]],[[8.9236,47.3627],[8.9267,47.362]],[[8.9235,47.3578],[8.9242,47.3577],[8.9266,47.3579]],[[8.924,47.3674],[8.9246,47.3683]],[[8.924,47.3639],[8.924,47.3674]],[[8.924,47.353],[8.9237,47.3529]],[[8.9237,47.3529],[8.9245,47.3517]],[[8.924,47.3639],[8.9278,47.3646]],[[8.9246,47.3536],[8.924,47.353]],[[8.924,47.353],[8.9249,47.3523]],[[8.9246,47.3683],[8.9256,47.3696]],[[8.9257,47.3703],[8.9247,47.3704]],[[8.9255,47.3543],[8.9246,47.3536]],[[8.9246,47.3536],[8.925,47.3534]],[[8.9263,47.3711],[8.9254,47.3723]],[[8.925,47.3534],[8.9255,47.3524]],[[8.925,47.3534],[8.9258,47.3528]],[[8.9256,47.3696],[8.9324,47.3693]],[[8.9256,47.3696],[8.9257,47.3703]],[[8.9257,47.3703],[8.9263,47.3711]],[[8.9268,47.3471],[8.9252,47.3476]],[[8.9261,47.3548],[8.9255,47.3543]],[[8.9255,47.3543],[8.9264,47.3532]],[[8.9268,47.3471],[8.9254,47.3483]],[[8.9263,47.3711],[8.9269,47.3716]],[[8.9281,47.3577],[8.9261,47.3548]],[[8.9261,47.3548],[8.9275,47.3535]],[[8.9263,47.3593],[8.9289,47.3608]],[[8.9266,47.3579],[8.9266,47.3586]],[[8.9269,47.3716],[8.9283,47.3738]],[[8.9269,47.3716],[8.9275,47.3715],[8.9291,47.3717]],[[8.9266,47.3579],[8.9281,47.3577]],[[8.9308,47.347],[8.9268,47.3471]],[[8.9278,47.3646],[8.9281,47.3646]],[[8.9278,47.3646],[8.928,47.364]],[[8.9283,47.3738],[8.9282,47.3747]],[[8.9283,47.3738],[8.9288,47.3741]],[[8.9281,47.3646],[8.9291,47.3647]],[[8.9281,47.3646],[8.929,47.3636]],[[8.9281,47.3577],[8.929,47.3574]],[[8.9299,47.348],[8.9282,47.3485]],[[8.9291,47.3717],[8.931,47.3722]],[[8.9291,47.3717],[8.9305,47.3708]],[[8.9294,47.365],[8.9291,47.3652]],[[8.9291,47.3647],[8.9294,47.3647]],[[8.9291,47.3647],[8.93,47.3635]],[[8.929,47.3574],[8.9291,47.3575]],[[8.929,47.3574],[8.9307,47.3543]],[[8.9294,47.3647],[8.9316,47.3649]],[[8.9294,47.3647],[8.9294,47.365]],[[8.9294,47.365],[8.9295,47.3655]],[[8.9317,47.3535],[8.9292,47.3524]],[[8.9299,47.348],[8.9292,47.3485]],[[8.9296,47.3578],[8.9323,47.3599]],[[8.9319,47.3493],[8.9295,47.3504]],[[8.9308,47.3478],[8.9299,47.348]],[[8.9317,47.3488],[8.9302,47.3495]],[[8.931,47.3722],[8.9337,47.3716]],[[8.931,47.3722],[8.933,47.3734]],[[8.9307,47.3543],[8.9314,47.3546]],[[8.9307,47.3543],[8.9317,47.3535]],[[8.9317,47.3488],[8.9308,47.3478]],[[8.9308,47.3478],[8.9308,47.347]],[[8.9308,47.347],[8.9317,47.3462]],[[8.9316,47.3649],[8.9321,47.3651]],[[8.9316,47.3649],[8.9328,47.3643]],[[8.9323,47.36],[8.9318,47.3609]],[[8.9317,47.3535],[8.9329,47.3522]],[[8.9317,47.3547],[8.9352,47.3563]],[[8.9321,47.3651],[8.9354,47.3652]],[[8.9321,47.3651],[8.9332,47.3664]],[[8.9322,47.3491],[8.9317,47.3488]],[[8.9318,47.3462],[8.9318,47.3462]],[[8.9318,47.3462],[8.9318,47.3461]],[[8.9318,47.3462],[8.9327,47.3456]],[[8.9323,47.3599],[8.9335,47.3595]],[[8.9323,47.3599],[8.9323,47.36]],[[8.9323,47.36],[8.9342,47.3609]],[[8.9322,47.3491],[8.9321,47.3491]],[[8.9358,47.3504],[8.9322,47.3491]],[[8.9328,47.3643],[8.9328,47.364]],[[8.9328,47.3643],[8.934,47.364]],[[8.9332,47.3664],[8.9357,47.3683]],[[8.9332,47.3664],[8.9339,47.3663],[8.9352,47.3666]],[[8.9327,47.3456],[8.9328,47.3457]],[[8.9327,47.3456],[8.9356,47.3437]],[[8.9329,47.3522],[8.9331,47.3522]],[[8.9329,47.3522],[8.9347,47.3512]],[[8.9337,47.3716],[8.9362,47.3726]],[[8.9337,47.3716],[8.9349,47.3712]],[[8.9332,47.3459],[8.9334,47.346]],[[8.9336,47.3522],[8.9384,47.3539]],[[8.9342,47.3609],[8.934,47.362]],[[8.9342,47.3609],[8.9351,47.3611]],[[8.9342,47.3609],[8.9353,47.3604]],[[8.9339,47.3461],[8.936,47.3465]],[[8.9349,47.3712],[8.9392,47.3714]],[[8.9349,47.3712],[8.9355,47.3707]],[[8.9346,47.3485],[8.9355,47.3478]],[[8.9355,47.3707],[8.9353,47.3699]],[[8.9351,47.3611],[8.936,47.3617]],[[8.9351,47.3611],[8.9371,47.3609]],[[8.9355,47.3707],[8.9355,47.3707]],[[8.9355,47.3707],[8.9359,47.3696]],[[8.9355,47.3707],[8.9368,47.3702]],[[8.9352,47.3563],[8.9358,47.3568]],[[8.9352,47.3563],[8.9366,47.3554]],[[8.935,47.3512],[8.9353,47.3512]],[[8.9353,47.3512],[8.9353,47.3513]],[[8.9353,47.3512],[8.9359,47.3504]],[[8.9354,47.3515],[8.9361,47.3521]],[[8.9362,47.3726],[8.9401,47.3719]],[[8.9362,47.3726],[8.9369,47.3732]],[[8.9354,47.3432],[8.9362,47.3422]],[[8.9358,47.3568],[8.9363,47.3572]],[[8.9358,47.3568],[8.9376,47.3559]],[[8.936,47.3617],[8.9362,47.362]],[[8.936,47.3617],[8.9368,47.3617],[8.9373,47.3617]],[[8.9356,47.3437],[8.9355,47.3436]],[[8.9356,47.3437],[8.9358,47.3437],[8.9362,47.3438]],[[8.9362,47.362],[8.937,47.3624]],[[8.9362,47.362],[8.9362,47.3629]],[[8.9363,47.3572],[8.9362,47.3576]],[[8.9363,47.3572],[8.9376,47.3575]],[[8.9363,47.358],[8.9366,47.3588]],[[8.9369,47.3732],[8.9393,47.374]],[[8.9369,47.3732],[8.9377,47.3743]],[[8.9362,47.3438],[8.941,47.3429]],[[8.9362,47.3438],[8.9363,47.3437]],[[8.9371,47.3286],[8.9362,47.3288]],[[8.9391,47.3295],[8.9363,47.3314]],[[8.9371,47.3286],[8.9365,47.328]],[[8.9382,47.3358],[8.9368,47.3354]],[[8.9376,47.3575],[8.9393,47.3581]],[[8.9376,47.3575],[8.9386,47.3568]],[[8.9376,47.3559],[8.9383,47.3558]],[[8.9376,47.3559],[8.938,47.3557]],[[8.9382,47.329],[8.937,47.3294]],[[8.9382,47.3358],[8.9372,47.3346]],[[8.9382,47.329],[8.9371,47.3286]],[[8.9377,47.3404],[8.9382,47.3358]],[[8.9379,47.343],[8.9379,47.3406]],[[8.9389,47.3293],[8.9382,47.329]],[[8.9393,47.3581],[8.9399,47.3588]],[[8.9393,47.3581],[8.9394,47.3581],[8.9395,47.3582],[8.9396,47.3581],[8.9398,47.3582],[8.9406,47.3582]],[[8.9436,47.3345],[8.9389,47.3337]],[[8.9391,47.3295],[8.9389,47.3293]],[[8.9389,47.3293],[8.9389,47.3273]],[[8.9447,47.3312],[8.9391,47.3295]],[[8.9399,47.3588],[8.9411,47.3592]],[[8.9399,47.3588],[8.9402,47.3597]],[[8.9438,47.3335],[8.9397,47.3328]],[[8.9425,47.3377],[8.9404,47.3378]],[[8.941,47.3429],[8.9411,47.343]],[[8.941,47.3429],[8.9433,47.3413]],[[8.9419,47.3434],[8.9419,47.3435]],[[8.9419,47.3439],[8.9424,47.3448]],[[8.9422,47.3437],[8.9432,47.3443]],[[8.9438,47.3399],[8.9425,47.3377]],[[8.9425,47.3377],[8.9433,47.3362]],[[8.9454,47.3279],[8.9425,47.3264]],[[8.9432,47.3443],[8.9433,47.3446]],[[8.9432,47.3443],[8.9433,47.3443],[8.9437,47.3445]],[[8.9433,47.3413],[8.9438,47.3399]],[[8.9433,47.3413],[8.9442,47.3412],[8.9473,47.3417]],[[8.9433,47.3362],[8.9465,47.336]],[[8.9433,47.3362],[8.9435,47.3348]],[[8.9437,47.3445],[8.944,47.3445]],[[8.9437,47.3445],[8.9438,47.3446]],[[8.9435,47.3348],[8.9436,47.3349]],[[8.9435,47.3348],[8.9436,47.3345]],[[8.9436,47.3345],[8.9438,47.3335]],[[8.9438,47.3399],[8.944,47.3399],[8.9443,47.3399],[8.9448,47.3397],[8.9461,47.3397]],[[8.9438,47.3335],[8.9443,47.3326]],[[8.9439,47.3349],[8.947,47.3348]],[[8.9443,47.3326],[8.9523,47.3317]],[[8.9443,47.3326],[8.9447,47.3312]],[[8.9472,47.3259],[8.9442,47.3251]],[[8.9482,47.3249],[8.9442,47.3231]],[[8.9447,47.3312],[8.9454,47.3279]],[[8.9467,47.3092],[8.9445,47.3095]],[[8.9474,47.3088],[8.9445,47.309]],[[8.9454,47.3279],[8.9472,47.3259]],[[8.9501,47.3034],[8.9448,47.3036]],[[8.9459,47.3072],[8.9453,47.3073]],[[8.9459,47.3072],[8.9455,47.307]],[[8.9493,47.3225],[8.9459,47.3205]],[[8.9492,47.3076],[8.9459,47.3072]],[[8.9467,47.3092],[8.9463,47.3098]],[[8.9473,47.3417],[8.9485,47.342]],[[8.9473,47.3417],[8.9525,47.3358]],[[8.9508,47.321],[8.9468,47.3183]],[[8.9485,47.342],[8.9476,47.343]],[[8.9474,47.3088],[8.9467,47.3092]],[[8.9472,47.3259],[8.9482,47.3249]],[[8.9478,47.309],[8.9473,47.3103]],[[8.9481,47.3087],[8.9474,47.3088]],[[8.951,47.301],[8.9473,47.3016]],[[8.9485,47.342],[8.9486,47.342]],[[8.9486,47.342],[8.9507,47.3429]],[[8.9486,47.342],[8.9509,47.3403]],[[8.9478,47.309],[8.9478,47.3104]],[[8.9482,47.3249],[8.9482,47.3249]],[[8.9482,47.3249],[8.9529,47.3268]],[[8.9482,47.3249],[8.9486,47.3239]],[[8.9481,47.3087],[8.9478,47.309]],[[8.9501,47.3034],[8.9478,47.3042]],[[8.9492,47.3076],[8.9481,47.3087]],[[8.9486,47.3239],[8.9493,47.3225]],[[8.9486,47.3239],[8.9506,47.3238],[8.9544,47.3253]],[[8.9493,47.3225],[8.9508,47.321]],[[8.9534,47.3193],[8.9493,47.3164]],[[8.9508,47.3437],[8.9502,47.3446]],[[8.9524,47.3066],[8.9492,47.3076]],[[8.9507,47.3429],[8.9509,47.3435]],[[8.9507,47.3429],[8.9517,47.3426]],[[8.9514,47.3043],[8.9498,47.3044]],[[8.9506,47.3116],[8.9503,47.3116]],[[8.9512,47.3033],[8.9501,47.3034]],[[8.9506,47.3116],[8.9505,47.3118]],[[8.9506,47.2992],[8.9501,47.299]],[[8.9508,47.321],[8.9522,47.3204]],[[8.9519,47.3108],[8.9506,47.3116]],[[8.9517,47.3426],[8.9551,47.343]],[[8.9517,47.3426],[8.9569,47.3365]],[[8.9507,47.2993],[8.9506,47.2992]],[[8.9507,47.2993],[8.9506,47.2992],[8.9506,47.2992]],[[8.9515,47.2998],[8.9507,47.2993]],[[8.9528,47.317],[8.9513,47.3156]],[[8.9519,47.3108],[8.9513,47.3127]],[[8.9512,47.3032],[8.951,47.301]],[[8.951,47.301],[8.9515,47.2998]],[[8.9514,47.3043],[8.9512,47.3033]],[[8.9512,47.3033],[8.9512,47.3032]],[[8.9512,47.3032],[8.9517,47.3032],[8.9526,47.3031]],[[8.9521,47.3091],[8.9515,47.3096]],[[8.9515,47.3045],[8.9514,47.3043]],[[8.9517,47.3053],[8.9515,47.3045]],[[8.9515,47.3045],[8.9524,47.3042]],[[8.9523,47.3317],[8.9546,47.3298]],[[8.9523,47.3317],[8.9524,47.3317],[8.9526,47.3318],[8.9536,47.3319],[8.9541,47.3321],[8.9548,47.3322],[8.955,47.3323],[8.9555,47.3323],[8.957,47.3326]],[[8.9515,47.2998],[8.9526,47.299]],[[8.9524,47.3066],[8.9517,47.3053]],[[8.9517,47.3053],[8.9525,47.305]],[[8.9521,47.3091],[8.9519,47.3108]],[[8.9522,47.3204],[8.958,47.324]],[[8.9522,47.3204],[8.9534,47.3193]],[[8.9536,47.3072],[8.9521,47.3091]],[[8.9526,47.299],[8.9519,47.2968]],[[8.9536,47.3072],[8.9524,47.3066]],[[8.9543,47.3185],[8.9528,47.317]],[[8.9528,47.317],[8.9531,47.3154]],[[8.9525,47.305],[8.9553,47.3045]],[[8.9525,47.305],[8.9537,47.3045]],[[8.9526,47.299],[8.9529,47.2988]],[[8.9534,47.3193],[8.9543,47.3185]],[[8.9552,47.3078],[8.9536,47.3072]],[[8.9546,47.3298],[8.9555,47.3277]],[[8.9546,47.3298],[8.9572,47.329]],[[8.9543,47.3185],[8.9559,47.318]],[[8.9551,47.343],[8.9561,47.3453]],[[8.9551,47.343],[8.9562,47.3428]],[[8.9554,47.3167],[8.955,47.3162]],[[8.9562,47.3428],[8.9559,47.3411]],[[8.9584,47.3094],[8.9551,47.311]],[[8.9559,47.318],[8.9554,47.3167]],[[8.9554,47.3167],[8.9554,47.3162]],[[8.9595,47.3133],[8.9553,47.3125]],[[8.9562,47.3428],[8.9577,47.3425]],[[8.9559,47.308],[8.9552,47.3078]],[[8.9552,47.3078],[8.9562,47.306]],[[8.9573,47.3138],[8.9558,47.3139]],[[8.9559,47.318],[8.9578,47.317]],[[8.959,47.3098],[8.9559,47.3113]],[[8.9568,47.3083],[8.9559,47.308]],[[8.9559,47.308],[8.956,47.3078]],[[8.9571,47.3085],[8.956,47.3098]],[[8.9573,47.3138],[8.9562,47.3135]],[[8.9576,47.3414],[8.9571,47.3409]],[[8.957,47.3326],[8.9587,47.3332]],[[8.957,47.3326],[8.9591,47.3319]],[[8.9563,47.3078],[8.9568,47.3069]],[[8.9576,47.3414],[8.9574,47.3409]],[[8.9581,47.3424],[8.9576,47.3414]],[[8.9577,47.3425],[8.959,47.3447]],[[8.9577,47.3425],[8.9581,47.3424]],[[8.9571,47.3085],[8.9568,47.3083]],[[8.9568,47.3083],[8.9583,47.3066]],[[8.958,47.324],[8.9574,47.3255]],[[8.9581,47.3092],[8.9571,47.3085]],[[8.9581,47.3424],[8.9592,47.342]],[[8.9593,47.3141],[8.9573,47.3138]],[[8.9578,47.317],[8.9579,47.3171]],[[8.9578,47.317],[8.9593,47.3141]],[[8.958,47.324],[8.9602,47.3253]],[[8.9579,47.3171],[8.9647,47.3224]],[[8.9584,47.3094],[8.9581,47.3092]],[[8.9581,47.3092],[8.9616,47.3069]],[[8.9603,47.3117],[8.9582,47.312]],[[8.9592,47.342],[8.9606,47.3409]],[[8.9592,47.342],[8.9593,47.3419],[8.9597,47.3421],[8.9609,47.3429],[8.9635,47.3449],[8.9651,47.3453]],[[8.959,47.3098],[8.9584,47.3094]],[[8.9606,47.3409],[8.9593,47.3398]],[[8.9619,47.3404],[8.9594,47.3374]],[[8.9594,47.3101],[8.959,47.3098]],[[8.9593,47.3141],[8.9595,47.3133]],[[8.9595,47.3133],[8.9603,47.3123]],[[8.9602,47.3114],[8.9594,47.3101]],[[8.9594,47.3101],[8.9595,47.31]],[[8.9595,47.31],[8.9611,47.3083]],[[8.9595,47.31],[8.9611,47.3093]],[[8.9606,47.3409],[8.9619,47.3404]],[[8.9653,47.338],[8.9606,47.336]],[[8.9603,47.3117],[8.9602,47.3114]],[[8.9602,47.3114],[8.9604,47.3113]],[[8.9603,47.3123],[8.9603,47.3117]],[[8.9603,47.3123],[8.9621,47.3122]],[[8.9604,47.3113],[8.9601,47.3107],[8.9613,47.3103]],[[8.9604,47.3113],[8.9616,47.311]],[[8.9619,47.3404],[8.9634,47.3402]],[[8.9673,47.3343],[8.9623,47.3311]],[[8.9621,47.3122],[8.9624,47.3106]],[[8.9621,47.3122],[8.9624,47.3122],[8.9632,47.3123],[8.9636,47.3123]],[[8.9639,47.3397],[8.9632,47.3392]],[[8.9634,47.3402],[8.9664,47.3419]],[[8.9634,47.3402],[8.9639,47.3397]],[[8.9639,47.3397],[8.9654,47.3385]],[[8.9636,47.3123],[8.9636,47.3123]],[[8.9636,47.3123],[8.9649,47.3113]],[[8.9652,47.311],[8.9636,47.3089]],[[8.9649,47.3113],[8.9639,47.3103]],[[8.9654,47.3385],[8.9653,47.338]],[[8.9653,47.338],[8.9674,47.3352]],[[8.9654,47.3385],[8.9655,47.3385],[8.9656,47.3385],[8.9667,47.3389],[8.968,47.339]],[[8.9649,47.3113],[8.9653,47.311]],[[8.9653,47.311],[8.9652,47.311]],[[8.9652,47.311],[8.9671,47.31]],[[8.9682,47.3278],[8.9657,47.3277]],[[8.9653,47.311],[8.9679,47.3098]],[[8.9664,47.3419],[8.9663,47.3437]],[[8.9671,47.31],[8.9654,47.3082]],[[8.9664,47.3419],[8.967,47.342]],[[8.969,47.3299],[8.9663,47.3288]],[[8.967,47.3307],[8.9664,47.3305]],[[8.967,47.3307],[8.9664,47.3309]],[[8.969,47.3301],[8.9665,47.3296]],[[8.9682,47.3278],[8.9665,47.3271]],[[8.967,47.342],[8.9689,47.3425]],[[8.967,47.342],[8.968,47.341]],[[8.9671,47.31],[8.9662,47.3075]],[[8.9688,47.3308],[8.967,47.3307]],[[8.9674,47.3352],[8.9673,47.3343]],[[8.9673,47.3343],[8.9685,47.3332]],[[8.9674,47.3352],[8.9729,47.3359]],[[8.968,47.339],[8.9689,47.3388]],[[8.968,47.339],[8.9688,47.3383]],[[8.9696,47.3288],[8.9682,47.3278]],[[8.9685,47.3332],[8.9715,47.3335]],[[8.9685,47.3332],[8.9686,47.3326]],[[8.9686,47.3326],[8.9689,47.3316]],[[8.9686,47.3326],[8.9697,47.3326],[8.9717,47.3327]],[[8.9689,47.3425],[8.9717,47.3442]],[[8.9689,47.3425],[8.9706,47.3417]],[[8.9679,47.3098],[8.9719,47.3127]],[[8.9679,47.3098],[8.9697,47.3091]],[[8.9689,47.3316],[8.9688,47.3308]],[[8.9688,47.3308],[8.969,47.3301]],[[8.9689,47.3316],[8.9728,47.3312]],[[8.969,47.3301],[8.969,47.3299]],[[8.969,47.3299],[8.9698,47.3294]],[[8.9697,47.3091],[8.9688,47.3081]],[[8.9698,47.3294],[8.9696,47.3288]],[[8.9696,47.3288],[8.97,47.3278]],[[8.9698,47.3294],[8.9735,47.3285]],[[8.97,47.3278],[8.9723,47.3276]],[[8.97,47.3278],[8.9786,47.3252]],[[8.9697,47.3091],[8.9717,47.3082]],[[8.9717,47.3442],[8.9721,47.3447]],[[8.9717,47.3442],[8.9727,47.3441],[8.9731,47.3442]],[[8.9717,47.3082],[8.9711,47.3065]],[[8.9717,47.3082],[8.975,47.3071]],[[8.9719,47.3127],[8.9762,47.3152]],[[8.9719,47.3127],[8.9721,47.3127],[8.9729,47.3128]],[[8.9729,47.3359],[8.9733,47.3362]],[[8.9729,47.3359],[8.9748,47.3344]],[[8.9728,47.3312],[8.9747,47.3316]],[[8.9728,47.3312],[8.9743,47.3306]],[[8.9733,47.3362],[8.974,47.3364]],[[8.9733,47.3362],[8.9734,47.3382]],[[8.974,47.3364],[8.9762,47.3368]],[[8.974,47.3364],[8.9759,47.3353]],[[8.975,47.3071],[8.9784,47.3117]],[[8.975,47.3071],[8.975,47.3071]],[[8.9762,47.3152],[8.9776,47.3144],[8.9785,47.3142]],[[8.9762,47.3152],[8.9788,47.315]]]}},{"type":"Feature","properties":{"id":"toess-103-zh","c":"ZH","p":"pacht","q":"official","k":"river"},"geometry":{"type":"MultiLineString","coordinates":[[[8.8145,47.4431],[8.8241,47.4368]],[[8.8221,47.4329],[8.8192,47.4279]],[[8.8231,47.4335],[8.8221,47.4329]],[[8.8221,47.4329],[8.8224,47.4319]],[[8.8232,47.4339],[8.8231,47.4335]],[[8.8231,47.4335],[8.8237,47.4323]],[[8.8235,47.4354],[8.8232,47.4339]],[[8.8232,47.4339],[8.8246,47.4327]],[[8.8241,47.4368],[8.8235,47.4354]],[[8.8235,47.4354],[8.826,47.4332]],[[8.8241,47.4368],[8.8258,47.4367],[8.8271,47.4371]],[[8.8368,47.4281],[8.8244,47.4233],[8.8262,47.4178]],[[8.8271,47.4371],[8.8294,47.4394]],[[8.8271,47.4371],[8.8275,47.437],[8.8277,47.4371]],[[8.8277,47.4371],[8.8287,47.4374]],[[8.8277,47.4371],[8.8279,47.4356]],[[8.8278,47.4354],[8.8278,47.4349]],[[8.8287,47.4374],[8.8306,47.4376]],[[8.8287,47.4374],[8.8306,47.4366]],[[8.8304,47.3855],[8.8273,47.3848]],[[8.8294,47.4394],[8.8372,47.4406]],[[8.8294,47.4394],[8.8295,47.4398]],[[8.8306,47.4376],[8.8334,47.4359]],[[8.8306,47.4366],[8.8314,47.4362]],[[8.8306,47.4366],[8.8309,47.4353]],[[8.8301,47.3857],[8.8297,47.3858]],[[8.8315,47.4361],[8.8316,47.4352]],[[8.8316,47.436],[8.8322,47.4355]],[[8.8304,47.3855],[8.8304,47.3855]],[[8.8372,47.3855],[8.8344,47.3857],[8.8331,47.3856],[8.8323,47.3857],[8.8317,47.3855],[8.8311,47.3856],[8.8307,47.3855],[8.8304,47.3855]],[[8.8326,47.4416],[8.8346,47.4426]],[[8.8349,47.443],[8.8339,47.4441]],[[8.834,47.4378],[8.8349,47.4371]],[[8.834,47.4364],[8.8344,47.436]],[[8.8343,47.4354],[8.8347,47.4353]],[[8.8351,47.3886],[8.8336,47.3897]],[[8.8358,47.429],[8.8347,47.4293]],[[8.8353,47.4428],[8.836,47.443]],[[8.837,47.4439],[8.8359,47.4451]],[[8.836,47.443],[8.837,47.4439]],[[8.8376,47.4442],[8.8362,47.446]],[[8.8363,47.443],[8.839,47.4439]],[[8.8368,47.4281],[8.8361,47.4288]],[[8.8351,47.3886],[8.8362,47.3899]],[[8.8372,47.3855],[8.8351,47.3886]],[[8.837,47.4439],[8.8374,47.4439]],[[8.8363,47.3828],[8.8354,47.3825]],[[8.8358,47.3685],[8.8351,47.3666]],[[8.8445,47.4271],[8.8401,47.4268],[8.8386,47.4278],[8.8378,47.4278],[8.8372,47.428],[8.8368,47.4281],[8.8368,47.4281]],[[8.8372,47.4406],[8.8371,47.4403]],[[8.8372,47.4406],[8.8389,47.4406]],[[8.8362,47.3899],[8.8362,47.3902]],[[8.8362,47.3899],[8.8374,47.3897]],[[8.836,47.3712],[8.8358,47.3685]],[[8.8358,47.3685],[8.8413,47.3665]],[[8.8366,47.3734],[8.836,47.3712]],[[8.836,47.3712],[8.8364,47.3709]],[[8.8374,47.3829],[8.8365,47.3829]],[[8.8364,47.3709],[8.8363,47.3697]],[[8.8366,47.3751],[8.8365,47.3748]],[[8.8366,47.3741],[8.8366,47.3734]],[[8.8366,47.3734],[8.8372,47.3733],[8.8376,47.3735]],[[8.8389,47.3829],[8.8383,47.3853],[8.8381,47.3855],[8.8378,47.3854],[8.8373,47.3856],[8.8372,47.3855]],[[8.8423,47.4322],[8.8384,47.432]],[[8.8406,47.4376],[8.8388,47.4371]],[[8.8389,47.4406],[8.841,47.4403]],[[8.8389,47.4406],[8.8406,47.4376]],[[8.8391,47.445],[8.8397,47.4472]],[[8.8384,47.383],[8.8377,47.383]],[[8.8381,47.3792],[8.8381,47.3792]],[[8.8402,47.3828],[8.8381,47.3792]],[[8.8381,47.3792],[8.842,47.3774]],[[8.8389,47.3829],[8.8388,47.3829]],[[8.8402,47.3828],[8.8389,47.3829]],[[8.8406,47.4376],[8.8403,47.4362]],[[8.8411,47.3901],[8.8394,47.3903]],[[8.8411,47.3901],[8.8397,47.3896]],[[8.841,47.4403],[8.8442,47.4412]],[[8.841,47.4403],[8.8436,47.4367]],[[8.8431,47.4339],[8.8411,47.4342]],[[8.8426,47.4301],[8.841,47.4292]],[[8.8397,47.3689],[8.8424,47.368]],[[8.8446,47.3857],[8.8402,47.3828]],[[8.844,47.3902],[8.843,47.3904],[8.8424,47.3901],[8.8414,47.39],[8.8411,47.3901]],[[8.8445,47.3861],[8.8411,47.3881]],[[8.8431,47.4339],[8.8423,47.4322]],[[8.8423,47.4322],[8.8426,47.4301]],[[8.844,47.3902],[8.8412,47.389]],[[8.8426,47.4301],[8.8445,47.4271]],[[8.8438,47.4362],[8.8431,47.4339]],[[8.842,47.3774],[8.8438,47.3773]],[[8.842,47.3774],[8.8419,47.3748]],[[8.8436,47.4367],[8.8438,47.4362]],[[8.8436,47.4367],[8.8439,47.4366]],[[8.8438,47.4362],[8.8446,47.4358]],[[8.8455,47.4366],[8.8439,47.4388]],[[8.8443,47.4365],[8.8455,47.4366]],[[8.8424,47.3667],[8.843,47.366]],[[8.8446,47.4412],[8.8474,47.4431]],[[8.8446,47.4358],[8.8442,47.4365],[8.8448,47.4372]],[[8.8453,47.4337],[8.8446,47.4358]],[[8.8446,47.4358],[8.8473,47.4344],[8.8567,47.4332]],[[8.8445,47.4271],[8.845,47.4263]],[[8.845,47.4263],[8.8449,47.4263]],[[8.845,47.4267],[8.847,47.4344]],[[8.845,47.4263],[8.845,47.4262]],[[8.8459,47.4482],[8.8456,47.4488]],[[8.8515,47.3917],[8.844,47.3902]],[[8.845,47.4262],[8.848,47.4238]],[[8.8455,47.4366],[8.8513,47.4368]],[[8.8465,47.435],[8.8455,47.4366]],[[8.8446,47.3857],[8.8446,47.3858]],[[8.8467,47.448],[8.8462,47.448]],[[8.8463,47.3863],[8.8446,47.3857]],[[8.8469,47.451],[8.8465,47.4518]],[[8.8459,47.3857],[8.8449,47.3852]],[[8.8449,47.3835],[8.8449,47.3835]],[[8.845,47.3833],[8.8468,47.3794]],[[8.8467,47.448],[8.8476,47.4494]],[[8.8488,47.4444],[8.8467,47.448]],[[8.8469,47.451],[8.8475,47.4518]],[[8.8477,47.4496],[8.8469,47.451]],[[8.8462,47.3872],[8.8454,47.3876]],[[8.8474,47.4431],[8.8488,47.4444]],[[8.8474,47.4431],[8.8495,47.4424]],[[8.8476,47.4494],[8.8477,47.4496]],[[8.8476,47.4494],[8.8483,47.4494],[8.8506,47.4497]],[[8.8463,47.3863],[8.8459,47.3857]],[[8.8459,47.3857],[8.8485,47.3844]],[[8.8477,47.4496],[8.8492,47.4505]],[[8.8468,47.3865],[8.8463,47.3863]],[[8.8468,47.3865],[8.8464,47.387]],[[8.8519,47.3912],[8.8468,47.3865]],[[8.848,47.4238],[8.8522,47.4257]],[[8.848,47.4238],[8.8514,47.4184]],[[8.8488,47.4444],[8.8501,47.4448]],[[8.8492,47.4505],[8.8493,47.4507]],[[8.8492,47.4505],[8.8492,47.4507],[8.8493,47.4507]],[[8.8493,47.4507],[8.8505,47.4515]],[[8.8485,47.3844],[8.8478,47.3828]],[[8.8485,47.3844],[8.8508,47.3822]],[[8.8501,47.4448],[8.8524,47.4455]],[[8.8501,47.4448],[8.8516,47.4433]],[[8.8505,47.4515],[8.8514,47.4518]],[[8.8505,47.4515],[8.8507,47.4518]],[[8.8516,47.4367],[8.8553,47.4371]],[[8.8514,47.4184],[8.8604,47.4089]],[[8.8514,47.4184],[8.8514,47.4184]],[[8.8524,47.4455],[8.8525,47.4452]],[[8.8524,47.4455],[8.8525,47.4455],[8.8526,47.4455],[8.8527,47.4456]],[[8.8521,47.4259],[8.8519,47.4271]],[[8.8525,47.4452],[8.8529,47.4452]],[[8.8525,47.4452],[8.8525,47.4432]],[[8.8527,47.4456],[8.855,47.447]],[[8.8527,47.4456],[8.8557,47.443]],[[8.8522,47.4257],[8.8522,47.4257]],[[8.8522,47.4257],[8.8527,47.4257]],[[8.8541,47.4109],[8.8522,47.4096]],[[8.8527,47.4257],[8.855,47.4257]],[[8.8527,47.4257],[8.8546,47.4242]],[[8.8519,47.3912],[8.8519,47.3913]],[[8.8526,47.3911],[8.8519,47.3912]],[[8.8543,47.3932],[8.8526,47.3911]],[[8.8539,47.4],[8.8532,47.4005]],[[8.8535,47.3996],[8.8532,47.3997]],[[8.8551,47.4377],[8.8544,47.4398]],[[8.8534,47.3986],[8.8534,47.3986]],[[8.8544,47.3998],[8.8534,47.3986]],[[8.8534,47.3986],[8.856,47.3945]],[[8.8582,47.4539],[8.855,47.4541]],[[8.8555,47.4476],[8.8549,47.448]],[[8.855,47.447],[8.8555,47.4476]],[[8.855,47.447],[8.8594,47.4455]],[[8.8539,47.4],[8.8539,47.4]],[[8.8544,47.3998],[8.8539,47.4]],[[8.8554,47.4316],[8.855,47.4311]],[[8.855,47.4257],[8.8553,47.4244]],[[8.855,47.4257],[8.8553,47.4256],[8.8561,47.4258],[8.8565,47.4257]],[[8.8555,47.4476],[8.8565,47.4481]],[[8.8553,47.4371],[8.8553,47.4371]],[[8.8553,47.4371],[8.8621,47.4399]],[[8.8594,47.401],[8.8544,47.3998]],[[8.858,47.4488],[8.8558,47.451]],[[8.8587,47.453],[8.8561,47.453]],[[8.856,47.3945],[8.8546,47.3934]],[[8.8565,47.4481],[8.8561,47.4485]],[[8.8563,47.4315],[8.8557,47.431]],[[8.8565,47.4481],[8.8576,47.4483]],[[8.8579,47.4551],[8.8569,47.4557]],[[8.8566,47.4324],[8.8566,47.4324]],[[8.8566,47.4324],[8.8566,47.4324]],[[8.8567,47.4332],[8.8566,47.4324]],[[8.8565,47.4257],[8.8566,47.4241]],[[8.8565,47.4257],[8.8581,47.4255]],[[8.8567,47.4332],[8.8576,47.4331],[8.8578,47.4332]],[[8.8565,47.4146],[8.8615,47.4136]],[[8.856,47.3945],[8.858,47.3922]],[[8.8576,47.4483],[8.858,47.4488]],[[8.8576,47.4483],[8.8608,47.4468]],[[8.8579,47.4551],[8.859,47.4564]],[[8.8582,47.4539],[8.8579,47.4551]],[[8.859,47.4564],[8.8581,47.4587]],[[8.858,47.4488],[8.8599,47.4499]],[[8.8587,47.453],[8.8582,47.4539]],[[8.8578,47.4332],[8.8614,47.434]],[[8.8578,47.4332],[8.8579,47.4332]],[[8.86,47.4501],[8.8587,47.453]],[[8.8581,47.4255],[8.8588,47.4256]],[[8.8581,47.4255],[8.8593,47.4236]],[[8.859,47.4564],[8.8607,47.4569]],[[8.8588,47.4256],[8.8597,47.427]],[[8.8588,47.4256],[8.861,47.4251]],[[8.858,47.3922],[8.8601,47.3921]],[[8.858,47.3922],[8.8582,47.3887]],[[8.8599,47.4499],[8.86,47.4501]],[[8.8599,47.4499],[8.8608,47.4495]],[[8.86,47.4501],[8.8619,47.4509]],[[8.8587,47.3971],[8.8606,47.3967]],[[8.8596,47.4007],[8.8587,47.3974]],[[8.8611,47.4573],[8.8604,47.4589]],[[8.8604,47.4306],[8.8598,47.4296]],[[8.8606,47.4018],[8.8594,47.401]],[[8.8594,47.401],[8.8596,47.4007]],[[8.8608,47.4495],[8.8613,47.4481]],[[8.8608,47.4495],[8.8624,47.4483]],[[8.861,47.457],[8.861,47.457]],[[8.861,47.457],[8.8611,47.4569]],[[8.861,47.457],[8.861,47.457]],[[8.8596,47.4007],[8.86,47.4007]],[[8.8635,47.4418],[8.8612,47.4429]],[[8.8601,47.4005],[8.8612,47.4001]],[[8.8604,47.4089],[8.8611,47.4068]],[[8.8604,47.4089],[8.8619,47.4088],[8.8653,47.4094],[8.8669,47.409]],[[8.8601,47.3921],[8.8624,47.393]],[[8.8601,47.3921],[8.8635,47.3908]],[[8.8619,47.4585],[8.862,47.4597]],[[8.861,47.4251],[8.8618,47.4237]],[[8.861,47.4251],[8.8626,47.4246]],[[8.8619,47.4509],[8.8644,47.4509]],[[8.8619,47.4509],[8.8641,47.4539]],[[8.8611,47.4068],[8.8606,47.4018]],[[8.8606,47.4018],[8.8629,47.4011]],[[8.8606,47.3967],[8.8611,47.3957]],[[8.8606,47.3967],[8.8633,47.3961]],[[8.8611,47.4068],[8.8612,47.4068]],[[8.8621,47.4399],[8.863,47.4403]],[[8.8621,47.4399],[8.8633,47.4384]],[[8.8621,47.4342],[8.8654,47.4341]],[[8.8639,47.4422],[8.863,47.4433]],[[8.8634,47.4578],[8.8636,47.458]],[[8.863,47.4403],[8.8635,47.4409]],[[8.863,47.4403],[8.8647,47.4394]],[[8.8626,47.4246],[8.8707,47.4248]],[[8.8626,47.4246],[8.8645,47.4235]],[[8.8622,47.4064],[8.8639,47.405]],[[8.8635,47.4409],[8.8635,47.4418]],[[8.8635,47.4409],[8.8647,47.4408]],[[8.8635,47.4418],[8.8639,47.4422]],[[8.8624,47.393],[8.8628,47.3935]],[[8.8624,47.393],[8.8638,47.3927]],[[8.8639,47.4422],[8.8662,47.4444]],[[8.8628,47.3935],[8.8634,47.3936]],[[8.8628,47.3935],[8.8633,47.3938]],[[8.8644,47.4509],[8.8658,47.4509]],[[8.8644,47.4509],[8.865,47.4502]],[[8.8647,47.4408],[8.8673,47.4413]],[[8.8647,47.4408],[8.8655,47.4399]],[[8.865,47.4502],[8.8651,47.4495]],[[8.865,47.4502],[8.8658,47.4497]],[[8.8658,47.4309],[8.8645,47.4291]],[[8.8638,47.3927],[8.8638,47.3927]],[[8.8638,47.3927],[8.8638,47.3927]],[[8.8658,47.4509],[8.8673,47.4513]],[[8.8658,47.4509],[8.867,47.4501]],[[8.8654,47.4341],[8.8691,47.4336]],[[8.8654,47.4341],[8.8655,47.4339]],[[8.8662,47.4444],[8.8711,47.4456]],[[8.8662,47.4444],[8.8666,47.4471]],[[8.8673,47.4513],[8.8679,47.4521]],[[8.8673,47.4513],[8.8686,47.4507]],[[8.8672,47.4029],[8.8661,47.4025]],[[8.8673,47.4026],[8.8663,47.4022]],[[8.8679,47.4521],[8.868,47.455]],[[8.8679,47.4521],[8.868,47.452],[8.8682,47.4521],[8.8689,47.4526],[8.8706,47.4529]],[[8.8669,47.409],[8.8719,47.4094]],[[8.8669,47.409],[8.8686,47.4067]],[[8.8678,47.4058],[8.8672,47.4029]],[[8.8672,47.4029],[8.8673,47.4026]],[[8.8673,47.4026],[8.869,47.4007]],[[8.8699,47.3973],[8.8673,47.3965]],[[8.8686,47.4067],[8.8678,47.4058]],[[8.8678,47.4058],[8.8694,47.4047]],[[8.8687,47.432],[8.8692,47.4269]],[[8.869,47.4319],[8.8692,47.4294]],[[8.8691,47.4336],[8.8691,47.4335]],[[8.8691,47.4336],[8.8717,47.4332],[8.873,47.4336]],[[8.8692,47.4294],[8.8691,47.4288]],[[8.8686,47.4067],[8.8703,47.4061]],[[8.8692,47.4294],[8.871,47.4281]],[[8.869,47.4007],[8.8685,47.4]],[[8.869,47.4007],[8.8706,47.4001]],[[8.8706,47.4529],[8.8711,47.4531]],[[8.8706,47.4529],[8.8711,47.4526]],[[8.8711,47.4531],[8.8725,47.453]],[[8.8711,47.4531],[8.872,47.4546]],[[8.8711,47.4456],[8.8757,47.4486]],[[8.8711,47.4456],[8.8717,47.4453]],[[8.8706,47.4001],[8.8699,47.3973]],[[8.8699,47.3973],[8.8703,47.3968]],[[8.871,47.4281],[8.8709,47.4273]],[[8.871,47.4281],[8.8719,47.4274]],[[8.8717,47.4453],[8.8748,47.445]],[[8.8717,47.4453],[8.8718,47.445]],[[8.8721,47.4306],[8.8713,47.4291]],[[8.8718,47.4449],[8.8718,47.4449]],[[8.8718,47.4449],[8.8718,47.4449]],[[8.8706,47.4001],[8.8729,47.3991]],[[8.8718,47.4449],[8.8728,47.4435]],[[8.8719,47.4124],[8.8712,47.4144]],[[8.8725,47.453],[8.8727,47.4523]],[[8.8725,47.453],[8.8745,47.4527]],[[8.8719,47.4124],[8.8738,47.4135]],[[8.8719,47.4094],[8.8719,47.4124]],[[8.8719,47.4094],[8.8722,47.4093]],[[8.8722,47.4093],[8.873,47.4074]],[[8.8722,47.4093],[8.8727,47.4092],[8.8749,47.4094],[8.8758,47.4094]],[[8.873,47.4336],[8.8766,47.4336]],[[8.873,47.4336],[8.8731,47.4335]],[[8.8726,47.4039],[8.8725,47.4027]],[[8.8731,47.4057],[8.8726,47.4039]],[[8.8726,47.4039],[8.8736,47.4028]],[[8.873,47.4074],[8.8731,47.4057]],[[8.873,47.4074],[8.8764,47.4058]],[[8.8729,47.3991],[8.8732,47.3986]],[[8.8729,47.3991],[8.873,47.3991],[8.8732,47.3991],[8.8734,47.3991],[8.8745,47.3993],[8.8758,47.3994]],[[8.8731,47.4057],[8.8745,47.4048]],[[8.8745,47.4527],[8.8765,47.4525]],[[8.8745,47.4527],[8.8761,47.4516]],[[8.8748,47.445],[8.8752,47.4441]],[[8.8748,47.445],[8.8748,47.445],[8.8749,47.4451],[8.875,47.4451],[8.8751,47.4451],[8.8754,47.4451]],[[8.8735,47.3981],[8.8738,47.397]],[[8.8737,47.4025],[8.8738,47.4022]],[[8.8774,47.4351],[8.875,47.441]],[[8.8754,47.4451],[8.8784,47.4456]],[[8.8754,47.4451],[8.8776,47.4443]],[[8.8745,47.4048],[8.8753,47.4046],[8.8755,47.4042]],[[8.8745,47.4048],[8.8755,47.4042]],[[8.8769,47.4309],[8.8756,47.4264]],[[8.8755,47.4042],[8.8766,47.4037]],[[8.8758,47.4094],[8.8775,47.4111]],[[8.8758,47.4094],[8.8778,47.4091]],[[8.8766,47.4336],[8.8771,47.4337]],[[8.8766,47.4336],[8.8769,47.4309]],[[8.8758,47.3994],[8.876,47.3995]],[[8.8758,47.3994],[8.881,47.3977]],[[8.8769,47.4309],[8.8779,47.4283]],[[8.8771,47.4337],[8.8771,47.4337]],[[8.8771,47.4337],[8.8787,47.4338]],[[8.8779,47.4283],[8.877,47.4267]],[[8.8765,47.3997],[8.8772,47.4001]],[[8.8772,47.4127],[8.877,47.4134]],[[8.8772,47.4127],[8.8774,47.413]],[[8.8774,47.4115],[8.8772,47.4127]],[[8.8779,47.4283],[8.8782,47.4277]],[[8.8784,47.4456],[8.8806,47.4457]],[[8.8784,47.4456],[8.8795,47.4449]],[[8.8782,47.4277],[8.878,47.4263]],[[8.8782,47.4277],[8.8796,47.4271]],[[8.8778,47.4091],[8.8787,47.4078]],[[8.8778,47.4091],[8.878,47.4091],[8.8784,47.4091],[8.8786,47.4091],[8.8788,47.4098],[8.88,47.4096]],[[8.8787,47.4338],[8.8857,47.4363]],[[8.8787,47.4338],[8.8788,47.4337]],[[8.8791,47.4066],[8.8784,47.4056]],[[8.8792,47.4331],[8.8838,47.4302]],[[8.8787,47.4078],[8.8808,47.4074]],[[8.8787,47.4078],[8.8791,47.4066]],[[8.8791,47.4066],[8.8802,47.4054]],[[8.8869,47.438],[8.8804,47.4422]],[[8.8797,47.4121],[8.88,47.4127]],[[8.88,47.4107],[8.8797,47.4117]],[[8.8802,47.4054],[8.8798,47.4053]],[[8.88,47.4096],[8.8802,47.4102]],[[8.88,47.4096],[8.8812,47.408]],[[8.8802,47.4102],[8.8801,47.4105]],[[8.8802,47.4102],[8.8815,47.4111]],[[8.8803,47.4054],[8.8801,47.4046]],[[8.8802,47.4054],[8.8803,47.4054]],[[8.8803,47.4054],[8.8805,47.4053]],[[8.8805,47.4053],[8.8821,47.405]],[[8.8805,47.4053],[8.8808,47.4047]],[[8.8837,47.428],[8.8814,47.4268]],[[8.8815,47.4111],[8.8844,47.4097]],[[8.8815,47.4111],[8.8816,47.4112]],[[8.8818,47.4117],[8.882,47.4121]],[[8.8836,47.4005],[8.8818,47.4006]],[[8.882,47.3995],[8.8818,47.3981]],[[8.8836,47.4005],[8.8822,47.3997]],[[8.8836,47.4272],[8.883,47.4259]],[[8.8849,47.4092],[8.8826,47.4083]],[[8.8845,47.4005],[8.8827,47.399]],[[8.8864,47.4118],[8.8829,47.4147],[8.8832,47.4169]],[[8.8837,47.428],[8.8836,47.4272]],[[8.8836,47.4272],[8.8844,47.4258]],[[8.8842,47.429],[8.8837,47.428]],[[8.8838,47.4302],[8.8842,47.429]],[[8.8838,47.4302],[8.8883,47.4287]],[[8.8855,47.4082],[8.8834,47.4062]],[[8.8842,47.429],[8.8855,47.4279]],[[8.8845,47.4009],[8.8836,47.4005]],[[8.8857,47.4023],[8.8841,47.4025]],[[8.8844,47.4097],[8.8864,47.4118]],[[8.8844,47.4097],[8.8849,47.4092]],[[8.8845,47.4009],[8.8845,47.4005]],[[8.8845,47.4005],[8.8848,47.3991]],[[8.8848,47.4011],[8.8845,47.4009]],[[8.8849,47.4092],[8.8855,47.4082]],[[8.8848,47.3991],[8.8847,47.3984]],[[8.8887,47.4132],[8.8852,47.4166]],[[8.8857,47.4363],[8.8877,47.4369]],[[8.8857,47.4363],[8.8867,47.4349]],[[8.8855,47.4279],[8.8859,47.4251]],[[8.8855,47.4279],[8.8864,47.4274]],[[8.8869,47.4066],[8.8849,47.4047]],[[8.8852,47.4015],[8.8848,47.4011]],[[8.8848,47.4011],[8.8865,47.3995]],[[8.8848,47.3991],[8.8855,47.3983]],[[8.8858,47.4024],[8.885,47.403]],[[8.8857,47.4023],[8.8852,47.4015]],[[8.8852,47.4015],[8.8873,47.4002]],[[8.8855,47.4082],[8.8865,47.4069]],[[8.8885,47.4182],[8.8858,47.4179]],[[8.8858,47.4024],[8.8857,47.4023]],[[8.8864,47.4274],[8.8869,47.4267]],[[8.8864,47.4274],[8.8885,47.4269]],[[8.8864,47.4027],[8.8858,47.4024]],[[8.8886,47.4224],[8.8867,47.4229]],[[8.8864,47.4118],[8.8884,47.4127]],[[8.8885,47.4182],[8.8868,47.4198]],[[8.8876,47.4032],[8.8864,47.4027]],[[8.8864,47.4027],[8.8882,47.401]],[[8.8865,47.4069],[8.8877,47.4076]],[[8.8865,47.4069],[8.8869,47.4066]],[[8.8871,47.4265],[8.8881,47.4255]],[[8.8877,47.4369],[8.8877,47.437]],[[8.8869,47.4066],[8.8887,47.4052]],[[8.8877,47.4369],[8.8908,47.4382]],[[8.8886,47.4224],[8.8874,47.4218]],[[8.8881,47.4333],[8.8914,47.43]],[[8.8887,47.4052],[8.8876,47.4032]],[[8.8876,47.4032],[8.8886,47.4019]],[[8.888,47.4076],[8.8929,47.409]],[[8.89,47.4222],[8.8886,47.4224]],[[8.8935,47.4174],[8.8885,47.4182]],[[8.8884,47.4127],[8.8887,47.4132]],[[8.8884,47.4127],[8.8902,47.4121]],[[8.8891,47.3989],[8.8881,47.3981]],[[8.89,47.4222],[8.8889,47.4244]],[[8.8887,47.4132],[8.8896,47.4134]],[[8.8887,47.4052],[8.8892,47.4055],[8.891,47.4043]],[[8.8906,47.4219],[8.8892,47.4212]],[[8.8891,47.3989],[8.889,47.3971]],[[8.8911,47.4021],[8.8891,47.3989]],[[8.8896,47.4134],[8.891,47.4143]],[[8.8896,47.4134],[8.8922,47.4119]],[[8.8906,47.4219],[8.89,47.4222]],[[8.8914,47.43],[8.8903,47.4288]],[[8.8908,47.4382],[8.891,47.4382]],[[8.8908,47.4382],[8.8936,47.4398]],[[8.8916,47.4214],[8.8905,47.4208]],[[8.8908,47.4218],[8.8908,47.4219],[8.8906,47.4219],[8.8906,47.4219]],[[8.8908,47.4218],[8.892,47.4238]],[[8.8916,47.4214],[8.8908,47.4218]],[[8.8927,47.4209],[8.8911,47.4203]],[[8.891,47.4143],[8.892,47.4149]],[[8.891,47.4143],[8.8935,47.4127]],[[8.8914,47.43],[8.8921,47.4294]],[[8.891,47.4043],[8.8952,47.4085]],[[8.891,47.4043],[8.8927,47.4035]],[[8.8927,47.4035],[8.8911,47.4021]],[[8.8911,47.4021],[8.8919,47.4015]],[[8.8924,47.4211],[8.8916,47.4214]],[[8.892,47.4149],[8.8929,47.4161]],[[8.892,47.4149],[8.8956,47.4132]],[[8.8924,47.4211],[8.8936,47.4231]],[[8.8927,47.4209],[8.8924,47.4211]],[[8.8954,47.4194],[8.8927,47.4209]],[[8.8921,47.3958],[8.8921,47.3952]],[[8.8934,47.3977],[8.8922,47.3962]],[[8.8929,47.4161],[8.8935,47.4173]],[[8.8929,47.4161],[8.8965,47.4145]],[[8.8927,47.4035],[8.8949,47.4029]],[[8.8935,47.4174],[8.8948,47.4183]],[[8.8935,47.4173],[8.8935,47.4174]],[[8.8952,47.3999],[8.8934,47.3977]],[[8.8934,47.3977],[8.8935,47.397]],[[8.8951,47.4028],[8.8938,47.4012]],[[8.8951,47.4402],[8.8953,47.4401]],[[8.8948,47.4183],[8.8961,47.4178]],[[8.8948,47.4183],[8.8954,47.4192]],[[8.8971,47.4264],[8.8954,47.4262]],[[8.8958,47.4397],[8.8974,47.4391]],[[8.8949,47.4029],[8.895,47.403]],[[8.8949,47.4029],[8.8951,47.4028]],[[8.8954,47.4194],[8.8973,47.4204]],[[8.8954,47.4192],[8.8954,47.4194]],[[8.8954,47.4192],[8.8955,47.4192],[8.8959,47.4191],[8.8976,47.4188],[8.8978,47.4188],[8.8989,47.4184]],[[8.8952,47.4085],[8.8962,47.4093]],[[8.8952,47.4085],[8.8978,47.4076]],[[8.8951,47.4028],[8.8966,47.4015]],[[8.8962,47.4175],[8.8956,47.4168]],[[8.8973,47.4204],[8.8957,47.4218]],[[8.8961,47.4009],[8.8952,47.3999]],[[8.8952,47.3999],[8.8964,47.3991]],[[8.8963,47.4326],[8.8993,47.4303]],[[8.8961,47.4178],[8.8962,47.4175]],[[8.8961,47.4178],[8.9005,47.4165]],[[8.8957,47.4032],[8.8983,47.4052]],[[8.8962,47.4175],[8.8963,47.4175],[8.8976,47.4163],[8.9021,47.4141]],[[8.8971,47.4264],[8.8965,47.4276]],[[8.8962,47.4093],[8.8973,47.4101]],[[8.8962,47.4093],[8.8982,47.4086]],[[8.8966,47.4015],[8.8961,47.4009]],[[8.8961,47.4009],[8.8969,47.4]],[[8.8974,47.4391],[8.8974,47.4391]],[[8.8974,47.4391],[8.9021,47.4367]],[[8.8989,47.4246],[8.8971,47.4264]],[[8.8966,47.4015],[8.8991,47.4022],[8.9001,47.4014]],[[8.8973,47.4204],[8.8976,47.4204],[8.8979,47.4205],[8.8983,47.4204],[8.8985,47.4205]],[[8.8972,47.3939],[8.8966,47.3935]],[[8.898,47.4394],[8.9044,47.4395]],[[8.899,47.4244],[8.8977,47.4243]],[[8.8973,47.4101],[8.8982,47.4112]],[[8.8973,47.4101],[8.9001,47.4092]],[[8.8993,47.4224],[8.8977,47.4229]],[[8.8982,47.3955],[8.8972,47.3939]],[[8.8972,47.3939],[8.8974,47.3931]],[[8.8982,47.4112],[8.9002,47.4128]],[[8.8982,47.4112],[8.8982,47.4112],[8.8989,47.4113],[8.8996,47.4113]],[[8.8985,47.4205],[8.8993,47.4224]],[[8.8985,47.4205],[8.9015,47.4198]],[[8.8983,47.4052],[8.8999,47.4055]],[[8.8983,47.4052],[8.899,47.4066]],[[8.8989,47.4246],[8.9014,47.4266]],[[8.899,47.4244],[8.8989,47.4246]],[[8.9003,47.4236],[8.899,47.4244]],[[8.8983,47.3973],[8.8982,47.3955]],[[8.8982,47.3955],[8.8988,47.3948]],[[8.8997,47.3994],[8.8983,47.3973]],[[8.8983,47.3973],[8.8995,47.3968]],[[8.8999,47.4346],[8.8993,47.4333]],[[8.8993,47.4224],[8.9003,47.4236]],[[8.8988,47.3948],[8.8988,47.3939]],[[8.8988,47.3948],[8.9004,47.3941]],[[8.8996,47.4113],[8.9018,47.4111]],[[8.8996,47.4113],[8.9002,47.4117]],[[8.9003,47.4236],[8.9018,47.4243]],[[8.9,47.3997],[8.8997,47.3994]],[[8.8997,47.3994],[8.9011,47.3981]],[[8.9001,47.4014],[8.9,47.3997]],[[8.9,47.3997],[8.9013,47.3991]],[[8.9001,47.4014],[8.9001,47.4014],[8.9002,47.4014],[8.9007,47.4018],[8.9014,47.4019],[8.9022,47.4016]],[[8.9017,47.4321],[8.901,47.4318]],[[8.9017,47.4321],[8.9013,47.4314]],[[8.9028,47.4339],[8.9017,47.4321]],[[8.902,47.4362],[8.9019,47.4362]],[[8.9015,47.4198],[8.9024,47.4199]],[[8.9015,47.4198],[8.9023,47.4185]],[[8.9021,47.4367],[8.902,47.4362]],[[8.902,47.4362],[8.9028,47.4339]],[[8.9018,47.4243],[8.9025,47.4245]],[[8.9018,47.4243],[8.9029,47.4234]],[[8.9021,47.4367],[8.9037,47.4362]],[[8.9023,47.4183],[8.9022,47.4181]],[[8.9025,47.4245],[8.9039,47.4247]],[[8.9025,47.4245],[8.903,47.4257]],[[8.9023,47.4185],[8.9023,47.4183]],[[8.9023,47.4183],[8.9025,47.4181]],[[8.9023,47.4185],[8.9028,47.4182]],[[8.9028,47.4339],[8.9049,47.4318]],[[8.9024,47.4199],[8.9047,47.4199]],[[8.9024,47.4199],[8.9026,47.4209]],[[8.9022,47.4016],[8.9035,47.4024]],[[8.9022,47.4016],[8.9029,47.4007]],[[8.9037,47.4362],[8.9051,47.4364]],[[8.9037,47.4362],[8.9062,47.4344]],[[8.9031,47.4005],[8.9035,47.3991]],[[8.9058,47.4282],[8.9039,47.4292]],[[8.9039,47.4247],[8.9055,47.4258]],[[8.9039,47.4247],[8.9053,47.4239]],[[8.9035,47.4024],[8.9035,47.4024]],[[8.9035,47.4024],[8.9035,47.4024]],[[8.9059,47.4277],[8.9043,47.4278]],[[8.9036,47.4024],[8.9059,47.4061]],[[8.9059,47.4061],[8.9043,47.4074]],[[8.9047,47.4199],[8.9049,47.42]],[[8.9047,47.4199],[8.9066,47.4155]],[[8.9049,47.42],[8.9049,47.421]],[[8.9049,47.42],[8.9057,47.42]],[[8.9055,47.4258],[8.9072,47.4257]],[[8.9055,47.4258],[8.9059,47.4277]],[[8.9058,47.4282],[8.9061,47.4303]],[[8.9059,47.4278],[8.9058,47.4282]],[[8.9086,47.4086],[8.9054,47.4102]],[[8.9059,47.4278],[8.9072,47.4279]],[[8.9059,47.4277],[8.9059,47.4278]],[[8.9057,47.42],[8.9062,47.4206]],[[8.9057,47.42],[8.906,47.4199]],[[8.9062,47.4344],[8.9063,47.4338]],[[8.9062,47.4344],[8.9088,47.434]],[[8.9063,47.4338],[8.9065,47.4327]],[[8.9063,47.4338],[8.9073,47.4334]],[[8.906,47.4199],[8.9082,47.4201]],[[8.906,47.4199],[8.9064,47.4187]],[[8.9059,47.4061],[8.9086,47.4086]],[[8.9064,47.4187],[8.9071,47.4173]],[[8.9064,47.4187],[8.9081,47.4178]],[[8.9095,47.41],[8.9064,47.4113]],[[8.9072,47.4257],[8.9097,47.4272]],[[8.9072,47.4257],[8.9107,47.4247]],[[8.9092,47.4117],[8.907,47.4122]],[[8.9072,47.4172],[8.9078,47.4167]],[[8.908,47.4368],[8.9091,47.4366]],[[8.9082,47.4201],[8.9124,47.42]],[[8.9082,47.4201],[8.9106,47.4184]],[[8.9092,47.4117],[8.9086,47.4141]],[[8.9086,47.4086],[8.9095,47.41]],[[8.9101,47.4109],[8.9092,47.4117]],[[8.9095,47.41],[8.9101,47.4109]],[[8.9101,47.4109],[8.9112,47.4121]],[[8.9106,47.4184],[8.9107,47.4177]],[[8.9106,47.4184],[8.9116,47.4182]],[[8.9112,47.4121],[8.9107,47.4147]],[[8.9112,47.4121],[8.9129,47.4139]]]}},{"type":"Feature","properties":{"id":"toess-107-zh","c":"ZH","p":"pacht","q":"official","k":"river"},"geometry":{"type":"MultiLineString","coordinates":[[[8.7087,47.4696],[8.7212,47.4687],[8.7245,47.4668]],[[8.7124,47.4669],[8.7128,47.4658]],[[8.7158,47.4682],[8.716,47.4649]],[[8.7208,47.4668],[8.7209,47.4658]],[[8.7212,47.4675],[8.7209,47.467]],[[8.7214,47.4693],[8.7226,47.4708]],[[8.7245,47.4596],[8.7214,47.4589]],[[8.727,47.4612],[8.7222,47.4608]],[[8.7245,47.4596],[8.7225,47.4597]],[[8.7245,47.4668],[8.7229,47.4649]],[[8.7267,47.4643],[8.7244,47.4636]],[[8.7245,47.4668],[8.7286,47.4633],[8.729,47.461]],[[8.7254,47.4584],[8.7243,47.458]],[[8.7262,47.4595],[8.7252,47.4596],[8.7245,47.4596]],[[8.7254,47.4584],[8.7246,47.4557]],[[8.7262,47.4595],[8.7247,47.4585]],[[8.7264,47.4596],[8.7254,47.4584]],[[8.7296,47.4541],[8.7291,47.4542],[8.7257,47.4537]],[[8.7255,47.4395],[8.7254,47.438]],[[8.7312,47.4546],[8.7261,47.4546]],[[8.7296,47.4519],[8.726,47.4519]],[[8.7264,47.4596],[8.7262,47.4595]],[[8.7271,47.4448],[8.7259,47.4432]],[[8.7286,47.4605],[8.7264,47.4596]],[[8.7273,47.4499],[8.7264,47.4502]],[[8.7278,47.4485],[8.7265,47.4483]],[[8.7275,47.4466],[8.7266,47.4466]],[[8.7268,47.4411],[8.7272,47.4403]],[[8.7277,47.4462],[8.7271,47.4448]],[[8.7271,47.4448],[8.7284,47.4436]],[[8.7296,47.4541],[8.7273,47.4535]],[[8.7298,47.4587],[8.7275,47.4573]],[[8.7288,47.4504],[8.7275,47.4501]],[[8.7278,47.4485],[8.7275,47.4466]],[[8.7275,47.4466],[8.7277,47.4462]],[[8.7277,47.4462],[8.7293,47.446]],[[8.7288,47.4504],[8.7278,47.4485]],[[8.7303,47.4581],[8.7282,47.4567]],[[8.7281,47.44],[8.7322,47.4383]],[[8.729,47.461],[8.7289,47.4609]],[[8.729,47.461],[8.7298,47.4587]],[[8.7295,47.4515],[8.7288,47.4504]],[[8.7303,47.4537],[8.7296,47.4541]],[[8.7297,47.4518],[8.7295,47.4515]],[[8.7295,47.4515],[8.7305,47.4492]],[[8.7298,47.4587],[8.7301,47.4584]],[[8.7299,47.4523],[8.7296,47.4519]],[[8.7296,47.4519],[8.7297,47.4518]],[[8.7297,47.4518],[8.7318,47.4499]],[[8.7297,47.4433],[8.7294,47.4416]],[[8.7296,47.4414],[8.7314,47.4409]],[[8.7297,47.446],[8.7338,47.4437]],[[8.7299,47.4523],[8.73,47.4523],[8.7301,47.4522],[8.7306,47.4522],[8.7306,47.4522],[8.7325,47.4502]],[[8.73,47.4533],[8.7299,47.4523]],[[8.7301,47.4584],[8.7301,47.4583]],[[8.7301,47.4584],[8.7322,47.458]],[[8.7303,47.4537],[8.73,47.4533]],[[8.73,47.4533],[8.7346,47.4515]],[[8.7312,47.4546],[8.7303,47.4537]],[[8.7322,47.458],[8.7311,47.4553]],[[8.7311,47.4553],[8.7312,47.4546]],[[8.7311,47.4553],[8.7355,47.4531]],[[8.7319,47.4499],[8.7319,47.4498]],[[8.7322,47.458],[8.7345,47.4592]],[[8.7375,47.4653],[8.7327,47.4664]],[[8.7344,47.4631],[8.7375,47.4653]],[[8.7345,47.4592],[8.7354,47.4634],[8.7441,47.4621]],[[8.7345,47.4592],[8.7375,47.4574]],[[8.7375,47.4653],[8.7443,47.4682]],[[8.7375,47.4574],[8.74,47.4515]],[[8.7375,47.4574],[8.7381,47.4572]],[[8.747,47.462],[8.738,47.4636]],[[8.7381,47.4572],[8.7391,47.4551]],[[8.7381,47.4572],[8.7412,47.4569]],[[8.74,47.4515],[8.7385,47.4502]],[[8.74,47.4515],[8.7408,47.4511]],[[8.741,47.4507],[8.7411,47.4505]],[[8.7412,47.4569],[8.7436,47.4564]],[[8.7412,47.4569],[8.7421,47.4561]],[[8.7411,47.4505],[8.742,47.4505]],[[8.7411,47.4505],[8.7425,47.449]],[[8.7421,47.4561],[8.7427,47.4553]],[[8.7421,47.4561],[8.7429,47.4559]],[[8.7427,47.4553],[8.7424,47.4551]],[[8.7427,47.4553],[8.743,47.4552]],[[8.7441,47.4621],[8.7434,47.4614]],[[8.7449,47.4592],[8.7438,47.4586]],[[8.7441,47.4621],[8.7446,47.462]],[[8.7446,47.462],[8.7444,47.4614]],[[8.7446,47.462],[8.7458,47.4616]],[[8.7449,47.4592],[8.7445,47.4583]],[[8.7455,47.4613],[8.7449,47.4592]],[[8.7458,47.4616],[8.7457,47.4614]],[[8.7458,47.4616],[8.7466,47.4615]]]}},{"type":"Feature","properties":{"id":"muelibach-fischenthal-revier-117-zh","c":"ZH","p":"pacht","q":"official","k":"river"},"geometry":{"type":"MultiLineString","coordinates":[[[8.8968,47.3193],[8.8913,47.317]],[[8.8988,47.3214],[8.8923,47.3218]],[[8.8968,47.3193],[8.8943,47.32]],[[8.8983,47.3261],[8.8968,47.3268]],[[8.9005,47.3201],[8.8968,47.3193]],[[8.8983,47.3261],[8.8971,47.3261]],[[8.8983,47.3255],[8.8976,47.3254]],[[8.8986,47.3252],[8.8978,47.3251]],[[8.8991,47.3255],[8.899,47.3258],[8.8985,47.326],[8.8983,47.3261],[8.8983,47.3261]],[[8.8988,47.3214],[8.8985,47.3216]],[[8.9005,47.3201],[8.8988,47.3214]],[[8.9034,47.3243],[8.8994,47.3255]],[[8.9061,47.3193],[8.9021,47.3202],[8.9005,47.3201]],[[8.9022,47.3235],[8.9018,47.3237]],[[8.9022,47.3235],[8.9022,47.3233]],[[8.9034,47.3243],[8.9022,47.3235]],[[8.9058,47.3243],[8.9049,47.3244],[8.9043,47.3242],[8.9034,47.3243]],[[8.9078,47.3281],[8.9039,47.3299]],[[8.9068,47.319],[8.9035,47.3166]],[[8.9074,47.3319],[8.9051,47.3317]],[[8.9063,47.3329],[8.9052,47.3333]],[[8.9058,47.3243],[8.9052,47.3235]],[[8.9065,47.3244],[8.9059,47.3244],[8.9058,47.3243],[8.9058,47.3242],[8.9058,47.3243]],[[8.9065,47.3244],[8.9058,47.323]],[[8.9063,47.3329],[8.9063,47.3332]],[[8.9074,47.3319],[8.9063,47.3329]],[[8.9077,47.3365],[8.9068,47.3366]],[[8.9078,47.3281],[8.9066,47.328]],[[8.9085,47.3248],[8.9074,47.3247],[8.9071,47.3245],[8.9069,47.3245],[8.9067,47.3243],[8.9065,47.3244]],[[8.9069,47.3194],[8.9067,47.3198]],[[8.9077,47.3365],[8.9073,47.3368]],[[8.9143,47.3275],[8.9074,47.3319]],[[8.9092,47.3347],[8.9077,47.3365]],[[8.9092,47.3347],[8.9079,47.3352]],[[8.9122,47.3268],[8.9078,47.3281]],[[8.9126,47.3155],[8.9077,47.3192]],[[8.9112,47.3392],[8.9083,47.3398]],[[8.9122,47.3268],[8.9085,47.3248]],[[8.9085,47.3248],[8.9087,47.3242]],[[8.9087,47.3242],[8.9086,47.3234]],[[8.9087,47.3242],[8.9093,47.3234]],[[8.9131,47.3335],[8.9107,47.3338],[8.9104,47.3341],[8.9098,47.3343],[8.9095,47.3346],[8.9093,47.3347],[8.9092,47.3347],[8.9092,47.3347],[8.9092,47.3347],[8.9092,47.3347]],[[8.911,47.3156],[8.9086,47.3155]],[[8.9112,47.3383],[8.9102,47.3382]],[[8.9112,47.3392],[8.9105,47.3406]],[[8.9116,47.3385],[8.9112,47.3392]],[[8.911,47.3209],[8.911,47.3212]],[[8.9116,47.3385],[8.9116,47.3385]],[[8.9158,47.3373],[8.9116,47.3385]],[[8.9126,47.3155],[8.9114,47.3156]],[[8.9143,47.3275],[8.9122,47.3268]],[[8.9131,47.3335],[8.9129,47.3346]],[[8.915,47.3275],[8.9127,47.3247]],[[8.915,47.3284],[8.913,47.33]],[[8.9178,47.3169],[8.9161,47.3145],[8.9126,47.3155]],[[8.9162,47.3326],[8.9131,47.3335]],[[8.915,47.3278],[8.9146,47.3276],[8.9145,47.3275],[8.9143,47.3275]],[[8.9179,47.3229],[8.9144,47.3236]],[[8.9158,47.3373],[8.9151,47.3381]],[[8.9161,47.3278],[8.915,47.3278]],[[8.915,47.3278],[8.915,47.3277]],[[8.9174,47.343],[8.9155,47.343]],[[8.918,47.3223],[8.9149,47.3225]],[[8.9195,47.3359],[8.9158,47.3373]],[[8.9192,47.3222],[8.9158,47.3197]],[[8.9161,47.3278],[8.916,47.3279]],[[8.9162,47.3326],[8.9164,47.3336]],[[8.9213,47.3321],[8.9162,47.3326]],[[8.9193,47.3278],[8.9161,47.3278]],[[8.9167,47.317],[8.9159,47.3174]],[[8.9163,47.3145],[8.9161,47.3145]],[[8.9193,47.3248],[8.9164,47.3247]],[[8.9182,47.3183],[8.9163,47.3183]],[[8.9174,47.343],[8.9172,47.3426]],[[8.9182,47.3255],[8.9169,47.3254]],[[8.92,47.3431],[8.9174,47.343]],[[8.9213,47.3431],[8.9177,47.3455]],[[8.9178,47.3169],[8.9178,47.3169]],[[8.9193,47.3187],[8.9178,47.3169]],[[8.9191,47.3168],[8.9178,47.3154]],[[8.9225,47.3331],[8.9184,47.3343]],[[8.9196,47.3239],[8.9182,47.3229]],[[8.9186,47.3255],[8.9185,47.3255]],[[8.9185,47.3256],[8.9186,47.3255]],[[8.9186,47.3255],[8.9193,47.3248]],[[8.9192,47.3222],[8.9186,47.3224]],[[8.9193,47.3187],[8.9188,47.3173]],[[8.9188,47.3173],[8.9191,47.3168]],[[8.9188,47.3173],[8.9225,47.3167]],[[8.92,47.3431],[8.9196,47.3421]],[[8.92,47.3227],[8.9192,47.3222]],[[8.9191,47.3168],[8.9199,47.3138]],[[8.9194,47.3279],[8.9195,47.3276]],[[8.9193,47.3248],[8.9196,47.3239]],[[8.9197,47.3281],[8.9195,47.328]],[[8.9213,47.3431],[8.9206,47.343],[8.92,47.3431]],[[8.9194,47.3187],[8.9193,47.3187]],[[8.9203,47.321],[8.9194,47.3187]],[[8.9194,47.3187],[8.9244,47.3183]],[[8.9225,47.3303],[8.9197,47.3281]],[[8.9197,47.3281],[8.9208,47.3277]],[[8.9196,47.3239],[8.92,47.3227]],[[8.92,47.3227],[8.9204,47.3225]],[[8.9199,47.3138],[8.9261,47.3133]],[[8.9199,47.3138],[8.9217,47.3126]],[[8.9204,47.3225],[8.9203,47.321]],[[8.9203,47.321],[8.9206,47.3209]],[[8.9204,47.3225],[8.9223,47.3227]],[[8.9246,47.3376],[8.921,47.3379]],[[8.9239,47.3345],[8.921,47.3352]],[[8.9224,47.3427],[8.9213,47.3431]],[[8.9223,47.3395],[8.9214,47.3396]],[[8.9224,47.3427],[8.9216,47.3418]],[[8.9223,47.3395],[8.9216,47.34]],[[8.9213,47.3273],[8.9229,47.3257]],[[8.9224,47.3324],[8.9221,47.3323]],[[8.9237,47.3429],[8.9232,47.3427],[8.9227,47.3427],[8.9226,47.3427],[8.9224,47.3427],[8.9224,47.3427]],[[8.9253,47.3384],[8.9223,47.3395]],[[8.9225,47.3331],[8.9224,47.3324]],[[8.9224,47.3324],[8.9231,47.332]],[[8.9221,47.3204],[8.9234,47.3207]],[[8.9221,47.3195],[8.9233,47.3195]],[[8.9239,47.3345],[8.9225,47.3331]],[[8.9231,47.332],[8.9225,47.3303]],[[8.9225,47.3303],[8.9233,47.3299]],[[8.9225,47.3167],[8.9243,47.3174]],[[8.9225,47.3167],[8.9239,47.3163]],[[8.9237,47.3429],[8.9233,47.3432]],[[8.9257,47.339],[8.9233,47.3405]],[[8.9231,47.332],[8.9257,47.3324],[8.9328,47.3305]],[[8.9229,47.3257],[8.923,47.3257]],[[8.9229,47.3257],[8.9258,47.3244]],[[8.923,47.3257],[8.9278,47.3267]],[[8.9233,47.3299],[8.9282,47.3304]],[[8.9233,47.3299],[8.9236,47.3296]],[[8.9287,47.3431],[8.9237,47.3429]],[[8.9236,47.3296],[8.9264,47.3282]],[[8.9236,47.3296],[8.9265,47.329]],[[8.9233,47.3195],[8.9241,47.3197]],[[8.9233,47.3195],[8.9241,47.3194]],[[8.9246,47.3356],[8.9239,47.3345]],[[8.9239,47.3163],[8.9242,47.3156]],[[8.9239,47.3163],[8.9292,47.3149]],[[8.9253,47.3384],[8.9246,47.3376]],[[8.9246,47.3376],[8.9246,47.3356]],[[8.9246,47.3356],[8.9247,47.3355]],[[8.925,47.3354],[8.9259,47.3348]],[[8.9257,47.339],[8.9253,47.3384]],[[8.9295,47.3451],[8.9259,47.3459]],[[8.9282,47.3402],[8.9257,47.339]],[[8.9259,47.3348],[8.9325,47.3343]],[[8.9259,47.3348],[8.9269,47.3342]],[[8.9258,47.3244],[8.9257,47.3233]],[[8.9258,47.3244],[8.9268,47.3245]],[[8.9265,47.329],[8.9276,47.329]],[[8.9265,47.329],[8.9271,47.3285]],[[8.9269,47.3342],[8.9296,47.3341]],[[8.9269,47.3342],[8.9341,47.3324]],[[8.9264,47.3132],[8.9277,47.3129]],[[8.9268,47.3245],[8.927,47.3241]],[[8.9268,47.3245],[8.9268,47.3245],[8.9269,47.3245],[8.9271,47.3246],[8.9282,47.3246],[8.9292,47.3245]],[[8.927,47.3241],[8.927,47.3232]],[[8.927,47.3241],[8.928,47.3236]],[[8.9282,47.3402],[8.9302,47.3382]],[[8.929,47.3403],[8.9286,47.3401],[8.9282,47.3402]],[[8.9292,47.3407],[8.929,47.3403]],[[8.929,47.3403],[8.9313,47.3389]],[[8.9304,47.342],[8.9292,47.3407]],[[8.9292,47.3407],[8.9316,47.3398]],[[8.9298,47.3434],[8.9297,47.3433]],[[8.9301,47.3449],[8.9298,47.3434]],[[8.9298,47.3434],[8.9304,47.342]],[[8.9301,47.3449],[8.93,47.345]],[[8.9295,47.3247],[8.9316,47.3277]],[[8.9318,47.3461],[8.9301,47.3449]],[[8.9302,47.3382],[8.9302,47.338]],[[8.9302,47.3382],[8.9305,47.3381]],[[8.9304,47.342],[8.9338,47.3381]],[[8.9303,47.3244],[8.9303,47.3244]],[[8.9303,47.3244],[8.9303,47.3244]],[[8.9303,47.3244],[8.9312,47.3239]],[[8.9304,47.3244],[8.9354,47.3271]],[[8.9312,47.3239],[8.9306,47.3223]],[[8.9307,47.3222],[8.9312,47.3217]],[[8.9317,47.3462],[8.9318,47.3462]],[[8.9312,47.3239],[8.9321,47.3235]],[[8.9312,47.3217],[8.9316,47.3212]],[[8.9312,47.3217],[8.9315,47.3214],[8.9316,47.3212]],[[8.9314,47.3207],[8.9313,47.3206]],[[8.9316,47.3212],[8.9316,47.3209]],[[8.9321,47.3235],[8.9359,47.3249]],[[8.9321,47.3235],[8.9333,47.3228]],[[8.9333,47.3228],[8.9354,47.3239]],[[8.9333,47.3228],[8.9344,47.3219]],[[8.9338,47.3376],[8.9342,47.3363]],[[8.9344,47.3219],[8.937,47.322]],[[8.9344,47.3219],[8.9356,47.3208]],[[8.9363,47.3192],[8.9352,47.3189]],[[8.9374,47.3174],[8.9351,47.3127]],[[8.9356,47.3208],[8.9394,47.3212]],[[8.9356,47.3208],[8.936,47.32]],[[8.936,47.32],[8.9391,47.3203]],[[8.936,47.32],[8.9363,47.3192]],[[8.9363,47.3192],[8.9374,47.3174]],[[8.937,47.322],[8.94,47.3226]],[[8.937,47.322],[8.9386,47.3228]],[[8.9374,47.3174],[8.9375,47.3173]],[[8.9375,47.3173],[8.9398,47.3186]],[[8.9375,47.3173],[8.942,47.3139]],[[8.942,47.3139],[8.9411,47.3119]],[[8.942,47.3139],[8.9432,47.3131]],[[8.943,47.3118],[8.9426,47.3106]],[[8.9432,47.3131],[8.943,47.3118]],[[8.943,47.3118],[8.943,47.3103]],[[8.9432,47.3131],[8.9454,47.3113]]]}},{"type":"Feature","properties":{"id":"fuchslochbach-steg-revier-119-zh","c":"ZH","p":"pacht","q":"official","k":"river"},"geometry":{"type":"MultiLineString","coordinates":[[[8.9355,47.3478],[8.9366,47.3474]],[[8.9358,47.3504],[8.9358,47.3504]],[[8.9359,47.3504],[8.9358,47.3504]],[[8.9358,47.3504],[8.9385,47.35]],[[8.936,47.3465],[8.9368,47.3465]],[[8.9459,47.3611],[8.9372,47.3668]],[[8.9385,47.35],[8.9405,47.3501]],[[8.9385,47.35],[8.9386,47.3499]],[[8.9388,47.3498],[8.9393,47.3488]],[[8.9393,47.3488],[8.939,47.3469]],[[8.9393,47.3488],[8.9403,47.348]],[[8.9405,47.3501],[8.9401,47.3528]],[[8.9403,47.348],[8.9406,47.347]],[[8.9403,47.348],[8.942,47.3474]],[[8.9405,47.3501],[8.942,47.3506]],[[8.9497,47.3727],[8.9422,47.3724]],[[8.942,47.3506],[8.9455,47.3497]],[[8.942,47.3506],[8.9427,47.3578]],[[8.942,47.3474],[8.9423,47.3468]],[[8.942,47.3474],[8.9425,47.347]],[[8.9424,47.3448],[8.9424,47.345]],[[8.9471,47.3615],[8.943,47.3657]],[[8.9497,47.3727],[8.9435,47.3703]],[[8.9433,47.3446],[8.9433,47.3448]],[[8.9521,47.3679],[8.9441,47.369]],[[8.9438,47.3446],[8.9439,47.3447]],[[8.944,47.3445],[8.9441,47.3446]],[[8.9455,47.3497],[8.9464,47.3499]],[[8.9455,47.3497],[8.9455,47.3469]],[[8.9471,47.3615],[8.9459,47.3611]],[[8.9459,47.3611],[8.9473,47.3595]],[[8.9469,47.355],[8.9462,47.3569]],[[8.9464,47.3499],[8.9467,47.3519]],[[8.9464,47.3499],[8.9493,47.3486]],[[8.9467,47.3528],[8.9496,47.3537]],[[8.9467,47.3528],[8.9469,47.355]],[[8.9467,47.3519],[8.9467,47.3528]],[[8.9467,47.3519],[8.9496,47.3526]],[[8.949,47.3616],[8.9471,47.3615]],[[8.9469,47.355],[8.9498,47.3569]],[[8.949,47.3616],[8.9487,47.3624]],[[8.949,47.3471],[8.9483,47.3461]],[[8.9493,47.3616],[8.9487,47.36]],[[8.9493,47.3616],[8.9491,47.3616],[8.949,47.3616],[8.949,47.3616]],[[8.9517,47.3696],[8.9495,47.3697]],[[8.9515,47.3614],[8.9493,47.3616]],[[8.949,47.3471],[8.9489,47.3463]],[[8.9493,47.3486],[8.949,47.3471]],[[8.9517,47.3696],[8.9497,47.3727]],[[8.9493,47.3486],[8.9496,47.3486],[8.9501,47.3488],[8.9506,47.3487]],[[8.9506,47.3487],[8.9506,47.3489]],[[8.9506,47.3487],[8.951,47.3486]],[[8.9507,47.3491],[8.9509,47.3503]],[[8.951,47.3486],[8.9513,47.3464]],[[8.951,47.3486],[8.9516,47.3485]],[[8.9521,47.3679],[8.9517,47.3696]],[[8.9557,47.3615],[8.9515,47.3614]],[[8.9515,47.3614],[8.9515,47.3596]],[[8.9535,47.3654],[8.9517,47.3645]],[[8.9535,47.3654],[8.9521,47.3679]],[[8.9516,47.3485],[8.9533,47.3489]],[[8.9516,47.3485],[8.9526,47.3463]],[[8.9569,47.3599],[8.9526,47.358]],[[8.9541,47.3495],[8.9526,47.3524]],[[8.9557,47.3615],[8.9535,47.3654]],[[8.9533,47.3489],[8.9537,47.3469]],[[8.9533,47.3489],[8.9533,47.3489],[8.9533,47.3489],[8.9536,47.3489],[8.9537,47.349],[8.9538,47.349]],[[8.9538,47.349],[8.9548,47.3481]],[[8.9538,47.349],[8.9541,47.3493]],[[8.9541,47.3493],[8.9541,47.3493]],[[8.9541,47.3493],[8.9564,47.3501]],[[8.9579,47.3586],[8.9549,47.3569]],[[8.9548,47.3481],[8.9551,47.3473]],[[8.9548,47.3481],[8.956,47.3476]],[[8.9569,47.3599],[8.9557,47.3615]],[[8.9598,47.3567],[8.9561,47.3564]],[[8.9579,47.3514],[8.956,47.3531]],[[8.9564,47.3501],[8.9574,47.3511]],[[8.9564,47.3501],[8.9583,47.3478]],[[8.9579,47.3586],[8.9569,47.3599]],[[8.9598,47.3543],[8.9573,47.3547]],[[8.9574,47.3511],[8.9579,47.3514]],[[8.9574,47.3511],[8.9613,47.3479]],[[8.9579,47.3586],[8.9579,47.3586]],[[8.9598,47.3567],[8.9579,47.3586]],[[8.9579,47.3514],[8.9592,47.3524]],[[8.9583,47.3478],[8.9583,47.347]],[[8.9583,47.3478],[8.9584,47.3476]],[[8.9584,47.3476],[8.959,47.3469]],[[8.9584,47.3476],[8.9593,47.3471]],[[8.9592,47.3524],[8.9603,47.3537]],[[8.9592,47.3524],[8.9611,47.3511]],[[8.9598,47.3543],[8.9598,47.3567]],[[8.9599,47.3541],[8.9598,47.3543]],[[8.9603,47.3537],[8.96,47.3539]],[[8.9603,47.3537],[8.9608,47.3539]],[[8.9608,47.3539],[8.9669,47.3542]],[[8.9608,47.3539],[8.9624,47.3527]],[[8.9611,47.3511],[8.9637,47.3514]],[[8.9611,47.3511],[8.9623,47.3496]],[[8.9623,47.3496],[8.9631,47.3482]],[[8.9623,47.3496],[8.9646,47.3489]],[[8.9631,47.3482],[8.9633,47.3478]],[[8.9631,47.3482],[8.9631,47.3482],[8.9632,47.3483],[8.9634,47.3483],[8.9637,47.3483]],[[8.9669,47.3542],[8.9675,47.3543]],[[8.9669,47.3542],[8.9705,47.3477]],[[8.9705,47.3477],[8.9722,47.3476]],[[8.9705,47.3477],[8.9717,47.3472]]]}},{"type":"Feature","properties":{"id":"wissenbach-bauma-revier-124-zh","c":"ZH","p":"pacht","q":"official","k":"river"},"geometry":{"type":"MultiLineString","coordinates":[[[8.8605,47.3542],[8.8527,47.3564]],[[8.8595,47.359],[8.8564,47.3575]],[[8.8595,47.359],[8.8573,47.3592]],[[8.8614,47.3592],[8.8595,47.359]],[[8.8638,47.3572],[8.8607,47.3541]],[[8.8622,47.3563],[8.8619,47.3563]],[[8.8626,47.3589],[8.862,47.359]],[[8.8638,47.3588],[8.8631,47.3589]],[[8.8638,47.3572],[8.8638,47.3572]],[[8.8639,47.3575],[8.8638,47.3572]],[[8.8639,47.3578],[8.8639,47.3577]],[[8.8641,47.3586],[8.864,47.3586]],[[8.8647,47.3592],[8.8644,47.3587]],[[8.8652,47.3604],[8.8646,47.361]],[[8.8659,47.36],[8.8655,47.3602]],[[8.8656,47.3598],[8.8656,47.3598]],[[8.8659,47.36],[8.8656,47.3598]],[[8.8656,47.3598],[8.8689,47.3558]],[[8.8693,47.3615],[8.8659,47.36]],[[8.8681,47.3443],[8.8674,47.3434]],[[8.8674,47.3434],[8.8678,47.3412]],[[8.8674,47.3434],[8.8675,47.3434]],[[8.8689,47.3558],[8.8679,47.3529]],[[8.8679,47.3529],[8.8686,47.3496]],[[8.8679,47.3529],[8.8682,47.3527],[8.8715,47.3529]],[[8.868,47.3426],[8.8682,47.3425]],[[8.8706,47.3462],[8.8681,47.3443]],[[8.8681,47.3443],[8.8702,47.3433]],[[8.8681,47.3411],[8.8713,47.3397]],[[8.8686,47.3496],[8.8699,47.3476]],[[8.8686,47.3496],[8.8686,47.3496]],[[8.8698,47.3468],[8.8685,47.345]],[[8.8689,47.3558],[8.8718,47.3552]],[[8.8687,47.3423],[8.8718,47.3415]],[[8.8699,47.3618],[8.8693,47.3615]],[[8.8693,47.3615],[8.8702,47.3606]],[[8.8691,47.3497],[8.8696,47.3495]],[[8.8726,47.3637],[8.8699,47.3618]],[[8.8699,47.3618],[8.8718,47.3603]],[[8.8699,47.3476],[8.8698,47.3468]],[[8.8698,47.3468],[8.8706,47.3462]],[[8.8699,47.3476],[8.8742,47.3468]],[[8.8706,47.3462],[8.873,47.3456]],[[8.8707,47.3499],[8.8726,47.3504]],[[8.8707,47.3432],[8.8724,47.3426]],[[8.8715,47.3624],[8.8725,47.361]],[[8.8713,47.3397],[8.8713,47.3394]],[[8.8713,47.3397],[8.8717,47.3396],[8.8721,47.3397],[8.8726,47.34]],[[8.8713,47.3394],[8.8718,47.3384]],[[8.8713,47.3394],[8.8727,47.339]],[[8.8718,47.3552],[8.8722,47.3551]],[[8.8718,47.3552],[8.8736,47.3537]],[[8.8722,47.3551],[8.8732,47.3556]],[[8.8722,47.3551],[8.8727,47.3549]],[[8.8726,47.3631],[8.873,47.3619]],[[8.8726,47.3637],[8.8726,47.3637]],[[8.8764,47.3677],[8.8726,47.3637]],[[8.8724,47.3426],[8.8733,47.3416]],[[8.8724,47.3426],[8.8736,47.342]],[[8.8726,47.3504],[8.8735,47.3509]],[[8.8726,47.3504],[8.8734,47.3502]],[[8.8732,47.3454],[8.8742,47.3429]],[[8.8742,47.3468],[8.8742,47.3468]],[[8.8742,47.3468],[8.8774,47.3459]],[[8.8749,47.3474],[8.8764,47.3488]],[[8.8761,47.3699],[8.8763,47.3684]],[[8.8785,47.3445],[8.8754,47.3423]],[[8.8774,47.3408],[8.8755,47.3407]],[[8.8773,47.3407],[8.8764,47.3396]],[[8.8773,47.3407],[8.8772,47.3394]],[[8.8774,47.3459],[8.8806,47.3487]],[[8.8774,47.3459],[8.8785,47.3445]],[[8.8774,47.3408],[8.8773,47.3407]],[[8.8786,47.3418],[8.8774,47.3408]],[[8.88,47.3377],[8.8781,47.3367]],[[8.8785,47.3445],[8.8798,47.3443]],[[8.8798,47.3443],[8.8786,47.3418]],[[8.8786,47.3418],[8.8789,47.3413]],[[8.88,47.3377],[8.8789,47.3378]],[[8.8798,47.3443],[8.8807,47.3443]],[[8.881,47.3381],[8.88,47.3377]],[[8.8811,47.3403],[8.8803,47.3403]],[[8.8811,47.3403],[8.8804,47.34]],[[8.8807,47.3443],[8.8808,47.3443]],[[8.8807,47.3443],[8.8822,47.3422]],[[8.8811,47.3448],[8.8826,47.3463]],[[8.8833,47.3403],[8.881,47.3381]],[[8.881,47.3381],[8.8813,47.3375]],[[8.8825,47.341],[8.8811,47.3403]],[[8.8822,47.3422],[8.8825,47.341]],[[8.8822,47.3422],[8.8835,47.3417]],[[8.8826,47.3463],[8.8842,47.3463]],[[8.8826,47.3463],[8.883,47.3466]],[[8.8825,47.341],[8.8833,47.3403]],[[8.883,47.3466],[8.8828,47.3479]],[[8.883,47.3466],[8.8837,47.3468]],[[8.8833,47.3403],[8.8853,47.3392]],[[8.8837,47.3468],[8.8852,47.3471]],[[8.8837,47.3468],[8.8845,47.3477]],[[8.8838,47.3416],[8.8876,47.3422]],[[8.8853,47.3392],[8.8864,47.3362]],[[8.8853,47.3392],[8.8906,47.3385]],[[8.8866,47.3361],[8.8869,47.3356]],[[8.887,47.3351],[8.8891,47.3347]],[[8.8877,47.3423],[8.8872,47.3434]],[[8.8876,47.3422],[8.8877,47.3423]],[[8.8876,47.3422],[8.8891,47.3418]],[[8.8877,47.3423],[8.8892,47.3433]],[[8.8892,47.3433],[8.8888,47.3444]],[[8.8892,47.3433],[8.8903,47.3436]],[[8.8903,47.3436],[8.893,47.3449]],[[8.8903,47.3436],[8.8928,47.3428]],[[8.8906,47.3385],[8.8918,47.337]],[[8.8906,47.3385],[8.8942,47.3382]],[[8.8918,47.337],[8.8915,47.336]],[[8.8918,47.337],[8.893,47.3366]],[[8.8933,47.332],[8.8929,47.3314],[8.8932,47.3305]],[[8.8939,47.334],[8.8933,47.332]],[[8.8933,47.332],[8.8949,47.3305]],[[8.8944,47.3353],[8.8939,47.334]],[[8.8939,47.334],[8.8973,47.332]],[[8.8942,47.3382],[8.8944,47.3353]],[[8.8942,47.3382],[8.8948,47.3381],[8.8955,47.3384]],[[8.8944,47.3353],[8.8967,47.3346]],[[8.8974,47.3416],[8.8956,47.3428]],[[8.8955,47.3384],[8.8965,47.3395]],[[8.8955,47.3384],[8.8961,47.3383]],[[8.8961,47.3383],[8.8974,47.3387]],[[8.8961,47.3383],[8.9003,47.3354]],[[8.8964,47.3398],[8.8974,47.3416]],[[8.8967,47.3346],[8.897,47.3341]],[[8.8967,47.3346],[8.8971,47.3345]],[[8.8974,47.3416],[8.8984,47.3421]],[[8.8974,47.3387],[8.9003,47.3392]],[[8.8974,47.3387],[8.8998,47.338]],[[8.8984,47.3421],[8.8991,47.3425]],[[8.8984,47.3421],[8.9027,47.3417]],[[8.9002,47.3346],[8.8988,47.3333]],[[8.8991,47.3425],[8.8998,47.3428]],[[8.8991,47.3425],[8.8993,47.3431]],[[8.9003,47.3392],[8.9004,47.3392]],[[8.9003,47.3392],[8.9003,47.3392]],[[8.9003,47.3354],[8.9002,47.3352]],[[8.9003,47.3354],[8.9006,47.3351]],[[8.9018,47.3396],[8.9027,47.3397]],[[8.9026,47.3385],[8.9041,47.3375]]]}},{"type":"Feature","properties":{"id":"lochbach-sternenberg-revier-125-zh","c":"ZH","p":"pacht","q":"official","k":"river"},"geometry":{"type":"MultiLineString","coordinates":[[[8.8582,47.3887],[8.8636,47.3882]],[[8.8636,47.3882],[8.8696,47.3885]],[[8.8636,47.3882],[8.8645,47.3875]],[[8.8647,47.3871],[8.8647,47.3871]],[[8.8649,47.3868],[8.8648,47.3865]],[[8.865,47.3861],[8.8654,47.3847]],[[8.8655,47.3862],[8.8691,47.3835]],[[8.8691,47.3835],[8.8699,47.3818]],[[8.8691,47.3835],[8.8707,47.3831]],[[8.8696,47.3889],[8.8695,47.3896]],[[8.8696,47.3885],[8.8696,47.3885]],[[8.8696,47.3885],[8.8698,47.3885]],[[8.8698,47.3885],[8.8726,47.3899]],[[8.8698,47.3885],[8.8709,47.3872]],[[8.8702,47.3899],[8.8701,47.3922]],[[8.8699,47.3818],[8.8705,47.3812]],[[8.8699,47.3818],[8.8713,47.3815]],[[8.8709,47.3872],[8.8722,47.3873]],[[8.8709,47.3872],[8.8715,47.3863]],[[8.8715,47.3863],[8.8709,47.3857]],[[8.8724,47.392],[8.8711,47.3927]],[[8.8724,47.392],[8.8716,47.3925]],[[8.8715,47.3863],[8.8724,47.3859]],[[8.8724,47.3859],[8.8721,47.3845]],[[8.8729,47.3913],[8.8724,47.392]],[[8.8724,47.3859],[8.8738,47.3853]],[[8.8726,47.3899],[8.8733,47.3902]],[[8.8726,47.3899],[8.8775,47.3874]],[[8.8729,47.3913],[8.8731,47.3934]],[[8.873,47.3911],[8.8729,47.3913]],[[8.8733,47.3905],[8.8732,47.3909]],[[8.8733,47.3902],[8.8733,47.3903]],[[8.8733,47.3902],[8.8736,47.3902]],[[8.8738,47.3853],[8.8734,47.3836]],[[8.8736,47.3902],[8.8775,47.3915]],[[8.8736,47.3902],[8.8768,47.3889]],[[8.8738,47.3853],[8.8746,47.3853],[8.8763,47.3848],[8.8771,47.3842]],[[8.8764,47.3825],[8.8753,47.3813]],[[8.8771,47.3842],[8.8766,47.3827]],[[8.8771,47.3842],[8.8774,47.3842],[8.8783,47.3839]],[[8.8775,47.3915],[8.8783,47.3906]],[[8.8775,47.3915],[8.8775,47.3915],[8.8776,47.3915],[8.8777,47.3917],[8.879,47.3918]],[[8.8783,47.3839],[8.8813,47.3845]],[[8.8783,47.3839],[8.8788,47.3833]],[[8.8786,47.3932],[8.8812,47.3947]],[[8.8791,47.3919],[8.8787,47.393]],[[8.879,47.3918],[8.8791,47.3919]],[[8.879,47.3918],[8.8797,47.3905]],[[8.8788,47.3833],[8.8809,47.3802]],[[8.8788,47.3833],[8.8819,47.3826]],[[8.8791,47.3919],[8.8836,47.3923]],[[8.8812,47.3947],[8.881,47.3953]],[[8.8812,47.3947],[8.8818,47.395]],[[8.8819,47.3826],[8.8842,47.3813]],[[8.8819,47.3826],[8.8848,47.3824]],[[8.8836,47.3923],[8.8834,47.3888]],[[8.8834,47.3888],[8.8835,47.3876]],[[8.8834,47.3888],[8.8841,47.3885]],[[8.8836,47.3923],[8.8837,47.3924]],[[8.8837,47.3924],[8.885,47.3921]],[[8.8837,47.3924],[8.8845,47.3953]],[[8.885,47.3921],[8.8873,47.3949]],[[8.885,47.3921],[8.8865,47.3913]],[[8.8873,47.3949],[8.886,47.396]],[[8.8865,47.3913],[8.8895,47.3936]],[[8.8865,47.3913],[8.8895,47.3905]],[[8.8879,47.3849],[8.8863,47.3837]],[[8.8873,47.3949],[8.8883,47.3957]],[[8.8888,47.3871],[8.8879,47.3849]],[[8.8879,47.3849],[8.8885,47.3823]],[[8.8911,47.3897],[8.8888,47.3871]],[[8.8888,47.3871],[8.8905,47.3856]],[[8.8895,47.3936],[8.8895,47.3938]],[[8.8895,47.3936],[8.8895,47.3936],[8.8898,47.3936],[8.8903,47.3937]],[[8.8895,47.3905],[8.8897,47.3907]],[[8.8895,47.3905],[8.8911,47.3897]],[[8.8898,47.3908],[8.8904,47.3914]],[[8.8907,47.3915],[8.8929,47.3922]],[[8.8911,47.3897],[8.8922,47.3891]],[[8.8922,47.3891],[8.9001,47.3906]],[[8.8922,47.3891],[8.8932,47.3888]],[[8.8932,47.3888],[8.8935,47.3829]],[[8.8932,47.3888],[8.8968,47.3871]],[[8.8981,47.3849],[8.8959,47.381]],[[8.8968,47.3871],[8.8983,47.3877]],[[8.8968,47.3871],[8.8975,47.3863]],[[8.8975,47.3863],[8.9003,47.3877]],[[8.8975,47.3863],[8.8988,47.3855]],[[8.8988,47.3855],[8.8984,47.3852]],[[8.8988,47.3855],[8.9006,47.385]],[[8.9001,47.3906],[8.9022,47.3906]],[[8.9001,47.3906],[8.9024,47.3893]],[[8.9006,47.385],[8.9002,47.3824]],[[8.9005,47.3878],[8.9013,47.3883]],[[8.9006,47.385],[8.9018,47.3848]],[[8.9018,47.3848],[8.9037,47.3858]],[[8.9018,47.3848],[8.9036,47.3835]],[[8.9037,47.3858],[8.9028,47.3871]],[[8.9036,47.3835],[8.9029,47.3821]],[[8.9036,47.3835],[8.9051,47.3832]],[[8.9037,47.3858],[8.9081,47.3869]],[[8.9051,47.3832],[8.9049,47.3822]],[[8.9051,47.3832],[8.9062,47.3831]],[[8.9062,47.3831],[8.9069,47.3831]],[[8.9062,47.3831],[8.9065,47.3839]],[[8.9069,47.3831],[8.9083,47.3835]],[[8.9069,47.3831],[8.9083,47.381]],[[8.9083,47.3835],[8.9078,47.3844]],[[8.9083,47.381],[8.9079,47.3803]],[[8.9083,47.3835],[8.9084,47.3836]],[[8.9083,47.381],[8.9092,47.3802]],[[8.9084,47.3836],[8.9106,47.3851]],[[8.9084,47.3836],[8.9111,47.3825]],[[8.9106,47.3851],[8.9119,47.3857]],[[8.9106,47.3851],[8.9119,47.3846]]]}},{"type":"Feature","properties":{"id":"steinenbach-bauma-revier-127-zh","c":"ZH","p":"private","q":"official","k":"river"},"geometry":{"type":"MultiLineString","coordinates":[[[8.9035,47.4024],[8.907,47.401]],[[8.9035,47.4024],[8.9036,47.4024]],[[8.905,47.3985],[8.9047,47.398]],[[8.9047,47.398],[8.9047,47.3926]],[[8.9047,47.398],[8.9055,47.3975]],[[8.9047,47.3926],[8.9048,47.3921]],[[8.9047,47.3926],[8.9051,47.3924]],[[8.907,47.401],[8.905,47.3985]],[[8.905,47.3985],[8.9059,47.3982]],[[8.907,47.401],[8.9072,47.401],[8.908,47.4011],[8.9087,47.4011],[8.9092,47.4012]],[[8.91,47.3916],[8.9073,47.3916]],[[8.9087,47.3901],[8.9075,47.3895]],[[8.9087,47.3901],[8.9079,47.3903]],[[8.9105,47.3935],[8.908,47.3929]],[[8.9094,47.3902],[8.909,47.3901],[8.9087,47.3901]],[[8.9092,47.4012],[8.9091,47.3985]],[[8.9092,47.4012],[8.9134,47.4012],[8.9135,47.4004]],[[8.91,47.3916],[8.9094,47.3902]],[[8.9094,47.3902],[8.9101,47.388]],[[8.9105,47.3923],[8.91,47.3916]],[[8.9108,47.3939],[8.9105,47.3935]],[[8.9105,47.3935],[8.9105,47.3923]],[[8.9105,47.3923],[8.9108,47.3921]],[[8.9118,47.3956],[8.9108,47.3939]],[[8.9108,47.3939],[8.9135,47.393]],[[8.9108,47.3921],[8.9115,47.3923]],[[8.9108,47.3921],[8.9115,47.3909]],[[8.9115,47.3909],[8.9129,47.3886]],[[8.9115,47.3909],[8.9116,47.3908],[8.9117,47.3909]],[[8.9132,47.3983],[8.9118,47.3956]],[[8.9118,47.3956],[8.9128,47.3951]],[[8.9121,47.3907],[8.9136,47.3907]],[[8.9129,47.3886],[8.9129,47.3876]],[[8.913,47.392],[8.9141,47.3917]],[[8.9135,47.4004],[8.9132,47.3983]],[[8.9132,47.3983],[8.9144,47.3976]],[[8.9129,47.3886],[8.913,47.3886],[8.9132,47.3886],[8.9137,47.3884]],[[8.9135,47.4004],[8.9166,47.3999]],[[8.9138,47.3947],[8.9141,47.3946]],[[8.9141,47.3946],[8.9148,47.394]],[[8.9141,47.3946],[8.9154,47.3943]],[[8.9141,47.3917],[8.9148,47.3917]],[[8.9141,47.3917],[8.9147,47.3914]],[[8.9166,47.3999],[8.9163,47.3986]],[[8.9166,47.3999],[8.9191,47.3997]],[[8.9191,47.3997],[8.9169,47.3955]],[[8.9198,47.3934],[8.9171,47.3914]],[[8.9198,47.3934],[8.9178,47.3938]],[[8.9196,47.3882],[8.918,47.3881]],[[8.9192,47.3875],[8.9184,47.3869]],[[8.9191,47.3997],[8.9212,47.3992]],[[8.9212,47.3992],[8.9194,47.3962]],[[8.9196,47.3881],[8.9192,47.3875]],[[8.9192,47.3875],[8.9197,47.3869]],[[8.9214,47.3903],[8.9193,47.3905]],[[8.9211,47.3899],[8.9196,47.3882]],[[8.9196,47.3882],[8.9196,47.3881]],[[8.9196,47.3881],[8.9209,47.3872]],[[8.9253,47.3971],[8.9198,47.3934]],[[8.9212,47.3992],[8.9253,47.3971]],[[8.9214,47.3903],[8.9211,47.3899]],[[8.9211,47.3899],[8.9214,47.3895]],[[8.924,47.3923],[8.9214,47.3903]],[[8.9214,47.3895],[8.9222,47.3882]],[[8.9214,47.3895],[8.9226,47.3886]],[[8.9242,47.386],[8.9227,47.3847]],[[8.9242,47.386],[8.9231,47.3861]],[[8.9273,47.3947],[8.924,47.3923]],[[8.924,47.3923],[8.9247,47.3906]],[[8.9256,47.3866],[8.9242,47.386]],[[8.9247,47.3906],[8.9248,47.3903]],[[8.9247,47.3906],[8.9251,47.3904]],[[8.9253,47.3971],[8.9273,47.3947]],[[8.929,47.3887],[8.9256,47.3866]],[[8.9256,47.3866],[8.9262,47.3847]],[[8.9273,47.3947],[8.9296,47.3933]],[[8.9292,47.389],[8.9274,47.3896]],[[8.9296,47.3933],[8.9286,47.3924]],[[8.9292,47.389],[8.929,47.3887]],[[8.929,47.3887],[8.93,47.3851]],[[8.9301,47.3902],[8.9292,47.389]],[[8.93,47.3851],[8.9291,47.3834]],[[8.9296,47.3933],[8.9309,47.3922]],[[8.9309,47.3922],[8.9301,47.3902]],[[8.9301,47.3902],[8.9319,47.3894]],[[8.93,47.3851],[8.931,47.3847]],[[8.9309,47.3922],[8.9338,47.3907]],[[8.931,47.3847],[8.9321,47.3836]],[[8.931,47.3847],[8.9332,47.3836]],[[8.9338,47.3907],[8.9332,47.3896]],[[8.9338,47.3907],[8.9357,47.3903]],[[8.9357,47.3903],[8.9339,47.3875]],[[8.9377,47.389],[8.9354,47.3866]],[[8.9357,47.3903],[8.9377,47.389]],[[8.9388,47.3862],[8.9362,47.3833]],[[8.9377,47.389],[8.9407,47.3875]],[[8.9407,47.3875],[8.9388,47.3862]],[[8.9388,47.3862],[8.9392,47.3853]],[[8.9401,47.3798],[8.9387,47.3785]],[[8.9428,47.3862],[8.9401,47.3798]],[[8.9401,47.3798],[8.9411,47.3781]],[[8.9407,47.3875],[8.9428,47.3862]],[[8.9428,47.3862],[8.9411,47.3848]],[[8.9411,47.3781],[8.941,47.3765]],[[8.9411,47.3781],[8.9423,47.3771]]]}},{"type":"Feature","properties":{"id":"tobelbach-wildberg-revier-134-zh","c":"ZH","p":"pacht","q":"official","k":"river"},"geometry":{"type":"MultiLineString","coordinates":[[[8.78,47.4031],[8.7777,47.4028]],[[8.7848,47.4127],[8.7828,47.4148]],[[8.7846,47.4083],[8.7829,47.4087]],[[8.7845,47.4315],[8.7843,47.4315]],[[8.7877,47.4079],[8.7851,47.4082]],[[8.7878,47.4123],[8.7852,47.4125]],[[8.7858,47.3994],[8.7889,47.399]],[[8.7878,47.4123],[8.7875,47.4162]],[[8.7894,47.4114],[8.7878,47.4123]],[[8.7926,47.4322],[8.7893,47.4301]],[[8.7893,47.4064],[8.789,47.4061]],[[8.7893,47.4064],[8.7891,47.4063]],[[8.7897,47.4067],[8.7893,47.4064]],[[8.7898,47.411],[8.7895,47.4113]],[[8.7926,47.4322],[8.7901,47.4326]],[[8.7897,47.4067],[8.7896,47.4067]],[[8.7914,47.4082],[8.7897,47.4067]],[[8.7914,47.4082],[8.7898,47.4098]],[[8.7897,47.4053],[8.7917,47.4045]],[[8.7948,47.4355],[8.7905,47.4348]],[[8.7941,47.438],[8.7906,47.4364]],[[8.7901,47.3977],[8.7962,47.3936]],[[8.7915,47.4459],[8.7949,47.4402]],[[8.7929,47.4089],[8.7914,47.4082]],[[8.793,47.4367],[8.7925,47.4366]],[[8.7973,47.4223],[8.7921,47.4205]],[[8.7957,47.4355],[8.7926,47.4322]],[[8.7948,47.4355],[8.7927,47.4339]],[[8.7941,47.438],[8.7933,47.4369]],[[8.8025,47.4143],[8.7929,47.4089]],[[8.7929,47.4089],[8.797,47.4021]],[[8.795,47.4384],[8.7941,47.438]],[[8.7991,47.4268],[8.7938,47.4255]],[[8.7949,47.4181],[8.7943,47.4181]],[[8.7949,47.4402],[8.795,47.4386]],[[8.7949,47.4402],[8.797,47.4374]],[[8.7957,47.4355],[8.7949,47.4354],[8.7948,47.4355]],[[8.7949,47.4181],[8.795,47.4181]],[[8.7953,47.429],[8.7952,47.429]],[[8.7991,47.4268],[8.7952,47.4264]],[[8.7953,47.429],[8.7952,47.4288]],[[8.7955,47.429],[8.7953,47.429]],[[8.7973,47.4223],[8.7951,47.4183]],[[8.797,47.4374],[8.7957,47.4355]],[[8.8005,47.4316],[8.7959,47.4292]],[[8.7986,47.4333],[8.7959,47.4313]],[[8.797,47.4374],[8.7988,47.4346]],[[8.7976,47.4227],[8.7972,47.4235]],[[8.7973,47.4223],[8.7973,47.4225]],[[8.7973,47.4223],[8.7973,47.4223]],[[8.8022,47.4236],[8.7973,47.4223]],[[8.7983,47.4343],[8.7981,47.4342]],[[8.7988,47.4346],[8.7986,47.4333]],[[8.7986,47.4333],[8.8005,47.4316]],[[8.7988,47.4346],[8.7988,47.4346]],[[8.7996,47.4269],[8.7987,47.4279]],[[8.7996,47.4269],[8.7991,47.4268]],[[8.8043,47.4265],[8.7996,47.4269]],[[8.8005,47.4316],[8.8012,47.4314]],[[8.8017,47.4237],[8.8009,47.4236]],[[8.8011,47.4239],[8.801,47.4239]],[[8.8012,47.4314],[8.8012,47.4315]],[[8.8012,47.4314],[8.8032,47.4308],[8.803,47.4301]],[[8.8011,47.4239],[8.801,47.4239]],[[8.8017,47.4237],[8.8015,47.4239],[8.8013,47.4239],[8.8011,47.4239]],[[8.8038,47.3947],[8.8006,47.3954]],[[8.8018,47.4185],[8.8012,47.419]],[[8.8026,47.424],[8.8014,47.4245]],[[8.8034,47.3938],[8.8008,47.3903]],[[8.8019,47.432],[8.8046,47.4334]],[[8.8022,47.4236],[8.8017,47.4237]],[[8.803,47.4301],[8.8019,47.4301]],[[8.8032,47.4297],[8.802,47.4287]],[[8.8032,47.4245],[8.8019,47.4248]],[[8.8026,47.424],[8.8022,47.4236]],[[8.8032,47.4245],[8.8026,47.424]],[[8.8044,47.4165],[8.8025,47.4143]],[[8.8025,47.4143],[8.8084,47.4101]],[[8.803,47.4301],[8.8032,47.4297]],[[8.8032,47.4297],[8.8038,47.4298],[8.8052,47.4288]],[[8.804,47.425],[8.8032,47.4245]],[[8.8043,47.4265],[8.804,47.425]],[[8.804,47.425],[8.8042,47.4248]],[[8.8042,47.4185],[8.8039,47.4184]],[[8.8038,47.3947],[8.8034,47.3938]],[[8.8034,47.3938],[8.8052,47.3914]],[[8.8042,47.4248],[8.8068,47.4244]],[[8.8042,47.4248],[8.805,47.4228]],[[8.8052,47.4276],[8.8043,47.4265]],[[8.8049,47.4207],[8.8042,47.4185]],[[8.8042,47.4185],[8.8056,47.4175]],[[8.8064,47.3971],[8.8038,47.3947]],[[8.8056,47.4175],[8.8044,47.4165]],[[8.8044,47.4165],[8.81,47.4137]],[[8.8056,47.4086],[8.8042,47.4079]],[[8.8053,47.4218],[8.8049,47.4207]],[[8.8049,47.4207],[8.8055,47.4203]],[[8.8052,47.4288],[8.8052,47.4276]],[[8.8052,47.4288],[8.8058,47.4287],[8.8079,47.4294],[8.8094,47.4294]],[[8.805,47.4228],[8.8053,47.4218]],[[8.805,47.4228],[8.8051,47.4228],[8.8055,47.4229],[8.8064,47.423]],[[8.8052,47.4276],[8.8052,47.4276]],[[8.8056,47.4086],[8.8047,47.4073]],[[8.8052,47.398],[8.8044,47.3985]],[[8.8053,47.4218],[8.8057,47.4217],[8.8074,47.4219]],[[8.8055,47.4203],[8.8062,47.4206]],[[8.8055,47.4203],[8.8133,47.4201]],[[8.8056,47.4175],[8.8065,47.4171]],[[8.8064,47.4022],[8.8052,47.402]],[[8.8058,47.4091],[8.8056,47.4086]],[[8.8061,47.4272],[8.8074,47.4267]],[[8.8052,47.3914],[8.8055,47.3914]],[[8.8052,47.3914],[8.8055,47.3879]],[[8.8084,47.4101],[8.8062,47.4093]],[[8.8059,47.3915],[8.8066,47.3916]],[[8.8067,47.3977],[8.8064,47.3971]],[[8.8064,47.3971],[8.8064,47.3971]],[[8.8071,47.4173],[8.8082,47.4172]],[[8.8073,47.424],[8.8095,47.4247]],[[8.8074,47.4267],[8.811,47.4256]],[[8.8074,47.4267],[8.8078,47.4267],[8.8083,47.4268]],[[8.8115,47.4024],[8.8068,47.402]],[[8.8067,47.3977],[8.8067,47.3977]],[[8.8071,47.3979],[8.8067,47.3977]],[[8.807,47.3916],[8.8073,47.3915]],[[8.8115,47.4024],[8.8071,47.3979]],[[8.8073,47.3962],[8.8082,47.394]],[[8.8073,47.3975],[8.8102,47.3964]],[[8.8073,47.3915],[8.8094,47.3902]],[[8.8073,47.3915],[8.8104,47.391]],[[8.8076,47.3855],[8.8089,47.3843]],[[8.8084,47.4101],[8.8122,47.4068]],[[8.8094,47.4294],[8.8108,47.43]],[[8.8094,47.4294],[8.8095,47.4304]],[[8.8092,47.4175],[8.81,47.418]],[[8.81,47.4137],[8.8131,47.4143]],[[8.81,47.4137],[8.8211,47.4086]],[[8.8101,47.4182],[8.8125,47.4184]],[[8.8094,47.3902],[8.8109,47.3903]],[[8.8094,47.3902],[8.8105,47.39]],[[8.8108,47.43],[8.8109,47.4305]],[[8.8108,47.43],[8.8122,47.4295]],[[8.8107,47.4246],[8.8111,47.4243]],[[8.8102,47.3964],[8.8119,47.3959]],[[8.8102,47.3964],[8.8108,47.3955]],[[8.8104,47.391],[8.8114,47.391]],[[8.8104,47.391],[8.8111,47.3904]],[[8.8122,47.4295],[8.8155,47.4231]],[[8.8122,47.4295],[8.8128,47.4295]],[[8.8127,47.4044],[8.8115,47.4024]],[[8.8122,47.4068],[8.8127,47.4044]],[[8.8122,47.4068],[8.813,47.4064],[8.8152,47.4072],[8.8155,47.4068]],[[8.8129,47.4184],[8.8141,47.4181]],[[8.8127,47.4044],[8.8135,47.4033]],[[8.8131,47.4143],[8.8141,47.4148]],[[8.8131,47.4143],[8.8152,47.414]],[[8.8133,47.4201],[8.8136,47.4201]],[[8.8133,47.4201],[8.8199,47.4179]],[[8.813,47.404],[8.8149,47.403]],[[8.8131,47.4018],[8.8157,47.4]],[[8.8145,47.4024],[8.8163,47.4015]],[[8.8155,47.4231],[8.8154,47.4228]],[[8.8152,47.414],[8.816,47.4141]],[[8.8152,47.414],[8.8162,47.4136]],[[8.8155,47.4231],[8.8187,47.4217]],[[8.8155,47.4068],[8.8154,47.4066]],[[8.8155,47.4068],[8.8173,47.406]],[[8.8162,47.4136],[8.819,47.4143]],[[8.8162,47.4136],[8.8167,47.413]],[[8.8175,47.3923],[8.8166,47.3892]],[[8.8176,47.4059],[8.8176,47.4059]],[[8.8207,47.3882],[8.8174,47.3885]],[[8.8187,47.4217],[8.8193,47.4219]],[[8.8187,47.4217],[8.8189,47.4214]],[[8.8189,47.4214],[8.819,47.42]],[[8.8189,47.4214],[8.8194,47.4212]],[[8.8221,47.4013],[8.8206,47.4005]],[[8.8211,47.4086],[8.8247,47.4121]],[[8.8211,47.4086],[8.8235,47.4073]],[[8.8221,47.3986],[8.8211,47.3973]],[[8.8269,47.4017],[8.8221,47.3986]],[[8.8221,47.3986],[8.8243,47.3961]],[[8.8238,47.4071],[8.8235,47.4067]],[[8.8236,47.4071],[8.8238,47.4071]],[[8.8264,47.4056],[8.8237,47.4022]],[[8.8238,47.4071],[8.8238,47.4071]],[[8.8238,47.4071],[8.8238,47.407]],[[8.8238,47.4071],[8.8254,47.4067]],[[8.8253,47.4129],[8.8241,47.4139]],[[8.824,47.4068],[8.8239,47.4063]],[[8.8247,47.4121],[8.8251,47.4121]],[[8.8247,47.4121],[8.8252,47.4126]],[[8.8245,47.3959],[8.8254,47.394]],[[8.8254,47.4067],[8.8254,47.4067]],[[8.8254,47.4067],[8.8259,47.4065]],[[8.8259,47.4062],[8.8264,47.4056]],[[8.8264,47.4074],[8.8262,47.409]],[[8.8264,47.4056],[8.8281,47.4032]],[[8.8281,47.4032],[8.8269,47.4017]],[[8.8269,47.4017],[8.8278,47.4003]],[[8.8271,47.4067],[8.8272,47.4067]],[[8.8281,47.4032],[8.8282,47.4032],[8.8286,47.4033],[8.8288,47.4032]]]}},{"type":"Feature","properties":{"id":"wissenbach-weisslingen-revier-137-zh","c":"ZH","p":"pacht","q":"official","k":"river"},"geometry":{"type":"MultiLineString","coordinates":[[[8.7459,47.4424],[8.7404,47.4419]],[[8.7459,47.4384],[8.7427,47.4391]],[[8.7483,47.4388],[8.7451,47.4394]],[[8.7459,47.4384],[8.7455,47.4377]],[[8.7483,47.4388],[8.7459,47.4384]],[[8.7486,47.4426],[8.7462,47.4426]],[[8.7486,47.4426],[8.7481,47.4436]],[[8.7578,47.438],[8.7483,47.4388]],[[8.7495,47.4423],[8.7486,47.4426]],[[8.7495,47.4423],[8.7491,47.4419]],[[8.7519,47.4425],[8.7512,47.4425],[8.7496,47.4422],[8.7495,47.4423]],[[8.7542,47.4351],[8.7498,47.4347]],[[8.7509,47.4367],[8.7504,47.4366]],[[8.7509,47.4367],[8.7507,47.4364]],[[8.7522,47.4369],[8.7509,47.4367]],[[8.7518,47.4442],[8.7516,47.444]],[[8.7518,47.4448],[8.7518,47.445]],[[8.7518,47.4442],[8.7518,47.4448]],[[8.7554,47.4434],[8.7518,47.4442]],[[8.7554,47.4434],[8.7519,47.4425]],[[8.7522,47.4341],[8.7517,47.434]],[[8.7522,47.4341],[8.752,47.4342]],[[8.7525,47.4341],[8.7522,47.4341]],[[8.7525,47.4341],[8.7524,47.4336]],[[8.7535,47.4343],[8.7525,47.4341]],[[8.7537,47.4341],[8.7532,47.4332]],[[8.754,47.4344],[8.754,47.4344]],[[8.754,47.4344],[8.754,47.4344]],[[8.7542,47.4351],[8.754,47.4344]],[[8.7553,47.4363],[8.7542,47.4351]],[[8.7547,47.4247],[8.7561,47.4246]],[[8.7593,47.4259],[8.7548,47.4248]],[[8.7556,47.4367],[8.7552,47.4367]],[[8.756,47.4434],[8.7554,47.4434]],[[8.7556,47.4367],[8.7555,47.4365]],[[8.7575,47.4376],[8.7556,47.4367]],[[8.7653,47.4425],[8.7564,47.4435]],[[8.7561,47.4246],[8.7601,47.4243]],[[8.7561,47.4246],[8.7568,47.4229]],[[8.7578,47.438],[8.7575,47.4376]],[[8.7582,47.4382],[8.7576,47.4387]],[[8.7582,47.4382],[8.7578,47.438]],[[8.7605,47.4397],[8.7584,47.4381],[8.7582,47.4382]],[[8.7593,47.4259],[8.7593,47.4259]],[[8.7637,47.43],[8.7593,47.4259]],[[8.7605,47.4397],[8.76,47.4404]],[[8.764,47.4404],[8.7605,47.4397]],[[8.7624,47.434],[8.7624,47.4336]],[[8.763,47.4342],[8.7625,47.4342]],[[8.7645,47.4417],[8.7634,47.4417]],[[8.764,47.4384],[8.7634,47.4384]],[[8.7651,47.4198],[8.763,47.4204]],[[8.7642,47.4485],[8.7639,47.4485]],[[8.7643,47.4346],[8.7636,47.4344]],[[8.764,47.4404],[8.7639,47.4399]],[[8.7639,47.4399],[8.764,47.4384]],[[8.7639,47.4399],[8.764,47.4399]],[[8.7645,47.4417],[8.764,47.4404]],[[8.764,47.4384],[8.7647,47.4368]],[[8.7647,47.4356],[8.7643,47.4346]],[[8.7643,47.4346],[8.7644,47.4313]],[[8.7653,47.4424],[8.7645,47.4417]],[[8.7645,47.4398],[8.7655,47.4398]],[[8.7647,47.4368],[8.7647,47.4356]],[[8.7647,47.4368],[8.7647,47.4368]],[[8.7647,47.4356],[8.7655,47.4354]],[[8.7668,47.4487],[8.7653,47.4487]],[[8.765,47.4371],[8.7658,47.4372]],[[8.7653,47.4424],[8.7653,47.4425]],[[8.7676,47.4442],[8.7653,47.4424]],[[8.7689,47.4471],[8.7662,47.4469]],[[8.7668,47.4487],[8.7667,47.4491]],[[8.7682,47.4485],[8.7668,47.4487]],[[8.7664,47.4287],[8.7701,47.4256]],[[8.7667,47.4353],[8.7671,47.4355]],[[8.7676,47.4442],[8.7675,47.4443]],[[8.7682,47.4485],[8.7677,47.4495]],[[8.7699,47.4455],[8.7676,47.4442]],[[8.7689,47.4471],[8.7682,47.4485]],[[8.7675,47.4143],[8.769,47.4132]],[[8.7692,47.4467],[8.7689,47.4471]],[[8.7687,47.4224],[8.7684,47.422]],[[8.7698,47.4458],[8.7694,47.4465]],[[8.7722,47.4524],[8.7697,47.4504]],[[8.7699,47.4455],[8.7699,47.4456]],[[8.7708,47.4454],[8.7703,47.4455],[8.7699,47.4455]],[[8.7701,47.4405],[8.77,47.4398]],[[8.77,47.4398],[8.772,47.4357]],[[8.77,47.4398],[8.7713,47.4396]],[[8.7701,47.4405],[8.7702,47.4405],[8.7703,47.4405],[8.7707,47.4405],[8.7714,47.4403]],[[8.7709,47.4439],[8.7701,47.4405]],[[8.7698,47.4168],[8.7703,47.4164]],[[8.7708,47.4454],[8.7709,47.4439]],[[8.7716,47.4459],[8.7709,47.4454],[8.7708,47.4454]],[[8.7705,47.4247],[8.7704,47.4245]],[[8.7709,47.4439],[8.7747,47.4414]],[[8.7706,47.4253],[8.7716,47.4254]],[[8.7729,47.4466],[8.7716,47.4459]],[[8.7716,47.4459],[8.7731,47.4445]],[[8.7735,47.4497],[8.772,47.4496]],[[8.7716,47.4254],[8.7769,47.4251]],[[8.7716,47.4254],[8.7758,47.4272]],[[8.772,47.4357],[8.7731,47.4358]],[[8.772,47.4357],[8.7723,47.4348]],[[8.7717,47.4176],[8.7717,47.4176]],[[8.7717,47.4176],[8.7719,47.4178]],[[8.7717,47.4176],[8.7735,47.4137]],[[8.7728,47.4543],[8.7737,47.453]],[[8.7733,47.4553],[8.7728,47.4543]],[[8.7723,47.4348],[8.7731,47.4336]],[[8.7723,47.4348],[8.773,47.4347]],[[8.7729,47.4466],[8.774,47.4456]],[[8.773,47.4472],[8.7734,47.4468],[8.7732,47.4467],[8.773,47.4466],[8.7729,47.4466]],[[8.7722,47.4178],[8.7758,47.4169]],[[8.7739,47.4483],[8.773,47.4472]],[[8.7731,47.4358],[8.7734,47.4359]],[[8.7731,47.4358],[8.7733,47.4356]],[[8.7737,47.453],[8.7736,47.4529]],[[8.7737,47.453],[8.7743,47.4507]],[[8.7734,47.4359],[8.7735,47.4359]],[[8.7734,47.4359],[8.7735,47.4359]],[[8.7735,47.4336],[8.7758,47.433]],[[8.774,47.4499],[8.774,47.4499]],[[8.774,47.4499],[8.7739,47.4483]],[[8.7739,47.4483],[8.777,47.4473]],[[8.7743,47.4507],[8.774,47.4499]],[[8.774,47.4456],[8.7743,47.4453]],[[8.774,47.4456],[8.7745,47.4455]],[[8.7743,47.4507],[8.7777,47.4493]],[[8.7737,47.4206],[8.7764,47.4197]],[[8.7751,47.4506],[8.7778,47.4501]],[[8.7747,47.4219],[8.7755,47.4218]],[[8.7758,47.4218],[8.7794,47.4217]],[[8.777,47.4473],[8.7792,47.4476]],[[8.777,47.4473],[8.7776,47.4469]],[[8.7769,47.4251],[8.777,47.4252]],[[8.7769,47.4251],[8.7786,47.4248]],[[8.7776,47.4469],[8.779,47.447]],[[8.7776,47.4469],[8.7796,47.4437]],[[8.778,47.4493],[8.7798,47.449]],[[8.7775,47.419],[8.7775,47.4181]],[[8.7791,47.4247],[8.7803,47.4246]],[[8.7798,47.449],[8.7803,47.4489]],[[8.7798,47.449],[8.7798,47.4486]]]}},{"type":"Feature","properties":{"id":"kempt-147-zh","c":"ZH","p":"pacht","q":"official","k":"river"},"geometry":{"type":"MultiLineString","coordinates":[[[8.6769,47.4552],[8.6731,47.458]],[[8.6747,47.4642],[8.6738,47.4646]],[[8.676,47.4636],[8.6743,47.4633]],[[8.6747,47.4642],[8.6747,47.4661]],[[8.676,47.4636],[8.6747,47.4642]],[[8.6768,47.4619],[8.6753,47.4617]],[[8.6768,47.4619],[8.6754,47.461]],[[8.6876,47.4637],[8.676,47.4636]],[[8.6769,47.4552],[8.676,47.4551]],[[8.6768,47.4619],[8.6768,47.4619]],[[8.6794,47.4503],[8.6768,47.4512]],[[8.6793,47.4537],[8.6769,47.4552]],[[8.6895,47.465],[8.6772,47.4664]],[[8.6797,47.4604],[8.6772,47.4593]],[[8.6793,47.4518],[8.6781,47.4525]],[[8.6817,47.4563],[8.6795,47.4575]],[[8.6794,47.4503],[8.6794,47.4503]],[[8.6815,47.449],[8.6794,47.4503]],[[8.6833,47.4482],[8.6827,47.4487]],[[8.6944,47.4664],[8.6834,47.4683]],[[8.6857,47.4618],[8.6836,47.4613]],[[8.6847,47.4551],[8.6848,47.4553]],[[8.6876,47.4637],[8.6857,47.4618]],[[8.6857,47.4618],[8.6864,47.461]],[[8.6895,47.4426],[8.6856,47.4421]],[[8.6895,47.465],[8.6876,47.4637]],[[8.6895,47.4426],[8.6886,47.4452]],[[8.6934,47.4658],[8.6895,47.465]],[[8.694,47.4447],[8.6912,47.4428],[8.6903,47.4425],[8.6895,47.4426]],[[8.6948,47.4498],[8.6913,47.4528]],[[8.6911,47.4289],[8.692,47.424]],[[8.6917,47.4339],[8.6917,47.4312]],[[8.6917,47.4312],[8.6921,47.4309]],[[8.6938,47.4367],[8.6919,47.4362]],[[8.6947,47.4361],[8.6922,47.4344]],[[8.6934,47.4658],[8.693,47.4641]],[[8.6922,47.4305],[8.6923,47.4301]],[[8.6921,47.4239],[8.7021,47.4106]],[[8.6944,47.4664],[8.6934,47.4658]],[[8.6948,47.4498],[8.694,47.4496]],[[8.7035,47.4694],[8.7018,47.4674],[8.7009,47.4675],[8.7005,47.4673],[8.6966,47.4669],[8.6955,47.4665],[8.6948,47.4666],[8.6947,47.4665],[8.6944,47.4664],[8.6944,47.4664]],[[8.6944,47.4359],[8.6938,47.4357]],[[8.6943,47.437],[8.6942,47.4383]],[[8.6971,47.4487],[8.6948,47.4498]],[[8.6947,47.4361],[8.6946,47.4361]],[[8.6951,47.4364],[8.6947,47.4361]],[[8.6973,47.4478],[8.6951,47.4457]],[[8.6951,47.4364],[8.695,47.4364]],[[8.6978,47.4367],[8.6951,47.4364]],[[8.7009,47.4639],[8.6987,47.4636]],[[8.703,47.44],[8.6981,47.4363]],[[8.7003,47.4607],[8.6994,47.4607]],[[8.7003,47.4607],[8.6997,47.4596]],[[8.7029,47.4641],[8.7003,47.4607]],[[8.7033,47.4697],[8.7007,47.4701]],[[8.7029,47.4641],[8.7012,47.4639]],[[8.707,47.4583],[8.7021,47.4586]],[[8.703,47.4505],[8.7021,47.4507]],[[8.7052,47.4677],[8.7029,47.4641]],[[8.7047,47.4725],[8.7033,47.4697]],[[8.7033,47.4697],[8.7035,47.4694]],[[8.7063,47.457],[8.703,47.4566]],[[8.7058,47.4555],[8.7032,47.4559]],[[8.7021,47.4106],[8.7058,47.4096]],[[8.7021,47.4106],[8.7021,47.4106]],[[8.7035,47.4694],[8.7053,47.4684]],[[8.7034,47.4424],[8.703,47.44]],[[8.703,47.44],[8.7052,47.438]],[[8.7035,47.447],[8.7034,47.447]],[[8.7039,47.4443],[8.7034,47.4424]],[[8.7034,47.4424],[8.7048,47.4422]],[[8.7046,47.4505],[8.7035,47.447]],[[8.7035,47.447],[8.704,47.4446]],[[8.7077,47.4602],[8.7042,47.4602]],[[8.704,47.4446],[8.7039,47.4446]],[[8.704,47.4449],[8.704,47.4446]],[[8.7041,47.4454],[8.7041,47.4454]],[[8.7047,47.4516],[8.7045,47.4508]],[[8.7046,47.4505],[8.7045,47.4505]],[[8.7046,47.4505],[8.7046,47.4505]],[[8.7045,47.4455],[8.7136,47.4429]],[[8.7053,47.4684],[8.7053,47.4679]],[[8.7053,47.4684],[8.7082,47.4618]],[[8.707,47.4728],[8.7054,47.4726]],[[8.7048,47.4422],[8.705,47.4422]],[[8.7048,47.4422],[8.705,47.4421]],[[8.7057,47.4517],[8.7055,47.4517]],[[8.7057,47.4517],[8.7057,47.4517]],[[8.7062,47.4527],[8.7057,47.4517]],[[8.7058,47.4513],[8.7059,47.4513]],[[8.7057,47.442],[8.7057,47.4419]],[[8.7057,47.442],[8.7057,47.4419]],[[8.7057,47.4419],[8.7095,47.4402]],[[8.7061,47.4511],[8.7124,47.4478]],[[8.7069,47.4543],[8.7062,47.4527]],[[8.7062,47.4527],[8.7065,47.4525]],[[8.7069,47.4543],[8.7074,47.4548]],[[8.7069,47.4554],[8.7069,47.4543]],[[8.7068,47.4523],[8.7137,47.4502]],[[8.7072,47.4583],[8.7072,47.4583],[8.707,47.4583],[8.707,47.4583]],[[8.7072,47.4583],[8.707,47.4583]],[[8.7079,47.4584],[8.7071,47.4561]],[[8.7072,47.4583],[8.7072,47.4582]],[[8.7072,47.4583],[8.7072,47.4583]],[[8.7082,47.4594],[8.7072,47.4583]],[[8.7066,47.4096],[8.7086,47.4099]],[[8.7082,47.4594],[8.7079,47.4584]],[[8.7079,47.4584],[8.7082,47.4583]],[[8.7078,47.4549],[8.712,47.4539]],[[8.7084,47.4602],[8.7082,47.4594]],[[8.7082,47.4618],[8.7085,47.4617]],[[8.7082,47.4618],[8.7084,47.4604]],[[8.7084,47.4602],[8.7082,47.4602]],[[8.7084,47.4604],[8.7084,47.4602]],[[8.7084,47.4604],[8.7085,47.4603]],[[8.7095,47.4402],[8.7083,47.4389]],[[8.7094,47.4616],[8.7096,47.461]],[[8.7094,47.4579],[8.7187,47.4564]],[[8.7095,47.4608],[8.7096,47.4609]],[[8.7096,47.4609],[8.7123,47.4602]],[[8.7096,47.4609],[8.7096,47.461]],[[8.7096,47.461],[8.7111,47.4616]],[[8.7095,47.4402],[8.7121,47.4389]],[[8.7112,47.462],[8.7129,47.4618]],[[8.712,47.4539],[8.7174,47.45]],[[8.712,47.4539],[8.7195,47.451]],[[8.7121,47.4389],[8.7126,47.4371]],[[8.7121,47.4389],[8.7121,47.4388]],[[8.7124,47.4478],[8.7128,47.4468]],[[8.7124,47.4478],[8.7131,47.4476]],[[8.7126,47.4371],[8.7124,47.437]],[[8.7126,47.4371],[8.7127,47.4369]],[[8.7127,47.4388],[8.7176,47.44]],[[8.7131,47.4476],[8.7142,47.4478]],[[8.7131,47.4476],[8.7145,47.4468]],[[8.7177,47.4366],[8.7213,47.4377]],[[8.7187,47.4564],[8.7192,47.453]],[[8.7187,47.4564],[8.7189,47.4564],[8.7192,47.4564],[8.7197,47.4567],[8.7207,47.4565]]]}},{"type":"Feature","properties":{"id":"eulach-153-zh","c":"ZH","p":"private","q":"official","k":"river"},"geometry":{"type":"MultiLineString","coordinates":[[[8.8288,47.5047],[8.8317,47.5055]],[[8.8317,47.5055],[8.8357,47.5063]],[[8.8317,47.5055],[8.8317,47.5056]],[[8.8319,47.5073],[8.8319,47.5073]],[[8.8354,47.5048],[8.8329,47.5003]],[[8.8339,47.5085],[8.8343,47.5107]],[[8.8355,47.5056],[8.8355,47.505]],[[8.8357,47.5063],[8.8357,47.5062]],[[8.8357,47.5063],[8.8359,47.5063]],[[8.8359,47.5063],[8.8367,47.5074]],[[8.8359,47.5063],[8.8411,47.5046]],[[8.8367,47.5074],[8.8368,47.5079]],[[8.8367,47.5074],[8.8395,47.5069]],[[8.8368,47.5082],[8.8369,47.5123]],[[8.8368,47.5082],[8.8391,47.5106]],[[8.8368,47.5081],[8.8368,47.5082]],[[8.8414,47.5019],[8.839,47.5003]],[[8.8427,47.4958],[8.8395,47.4953]],[[8.8403,47.5075],[8.8438,47.5096]],[[8.8411,47.5046],[8.8412,47.5045]],[[8.8411,47.5046],[8.8458,47.5031]],[[8.8427,47.4958],[8.8415,47.4946]],[[8.8448,47.5004],[8.842,47.4983]],[[8.8438,47.4918],[8.8425,47.4918]],[[8.8502,47.4985],[8.8427,47.4958]],[[8.8438,47.4918],[8.8433,47.4907]],[[8.844,47.5104],[8.8445,47.5112]],[[8.8472,47.4928],[8.8438,47.4918]],[[8.8447,47.5114],[8.8456,47.5125]],[[8.8443,47.4747],[8.8438,47.4739]],[[8.8457,47.4758],[8.8444,47.4749]],[[8.8459,47.5001],[8.8453,47.4992]],[[8.8458,47.5127],[8.8482,47.5135]],[[8.8458,47.5031],[8.8467,47.5037]],[[8.8458,47.5031],[8.8518,47.5011]],[[8.8544,47.4794],[8.8457,47.4758]],[[8.8457,47.4758],[8.8466,47.4752]],[[8.8468,47.5039],[8.8557,47.5115]],[[8.8529,47.5222],[8.8474,47.5216]],[[8.8472,47.4928],[8.8471,47.4906]],[[8.8485,47.4934],[8.8472,47.4928]],[[8.8521,47.4967],[8.8485,47.4934]],[[8.8485,47.4934],[8.8487,47.49]],[[8.856,47.4867],[8.8488,47.4853]],[[8.8518,47.5011],[8.8517,47.501]],[[8.8518,47.5011],[8.8531,47.5007]],[[8.8578,47.491],[8.8521,47.4899]],[[8.856,47.4823],[8.8523,47.482]],[[8.8534,47.5006],[8.8534,47.5006]],[[8.8534,47.5006],[8.8534,47.5005]],[[8.8534,47.5006],[8.8565,47.4996]],[[8.8541,47.4939],[8.8533,47.4933]],[[8.8531,47.4703],[8.854,47.4676]],[[8.8538,47.4709],[8.8534,47.4705]],[[8.856,47.4867],[8.8539,47.4878]],[[8.8583,47.4887],[8.8541,47.4888]],[[8.8556,47.472],[8.854,47.4711]],[[8.854,47.4676],[8.8541,47.4659]],[[8.854,47.4676],[8.8623,47.4664]],[[8.8562,47.4816],[8.8544,47.4794]],[[8.8544,47.4794],[8.8607,47.4747]],[[8.8605,47.5209],[8.8562,47.522]],[[8.8566,47.512],[8.8597,47.515]],[[8.8576,47.4863],[8.856,47.4867]],[[8.8564,47.4842],[8.856,47.4823]],[[8.856,47.4823],[8.8562,47.4816]],[[8.8565,47.4996],[8.857,47.4996]],[[8.8565,47.4996],[8.857,47.4994]],[[8.8567,47.4733],[8.8559,47.4727]],[[8.8559,47.4722],[8.8559,47.4721]],[[8.8562,47.4816],[8.8575,47.4809]],[[8.8576,47.4863],[8.8564,47.4842]],[[8.8564,47.4842],[8.8577,47.4835]],[[8.857,47.4994],[8.8574,47.4994]],[[8.857,47.4994],[8.8572,47.4993]],[[8.8567,47.4733],[8.8566,47.4733]],[[8.8607,47.4747],[8.8567,47.4733]],[[8.8575,47.4992],[8.8634,47.4911]],[[8.8585,47.4873],[8.8576,47.4863]],[[8.8601,47.49],[8.8587,47.4875]],[[8.8597,47.515],[8.8612,47.5165]],[[8.8597,47.515],[8.8597,47.515]],[[8.8601,47.49],[8.8601,47.49]],[[8.8602,47.4902],[8.8601,47.49]],[[8.8602,47.4902],[8.8602,47.4902]],[[8.8634,47.4911],[8.8602,47.4902]],[[8.861,47.5144],[8.8636,47.5122]],[[8.8612,47.5165],[8.8625,47.5179]],[[8.8612,47.5165],[8.8612,47.5165]],[[8.8607,47.4747],[8.8607,47.4747]],[[8.8625,47.5179],[8.8625,47.5179]],[[8.8625,47.5179],[8.8625,47.5179]],[[8.8631,47.5048],[8.8652,47.506]],[[8.8623,47.4664],[8.8621,47.4663]],[[8.8623,47.4664],[8.8643,47.4659]],[[8.8628,47.4732],[8.8638,47.4728]],[[8.8634,47.4911],[8.866,47.4883]],[[8.8642,47.516],[8.8688,47.5151]],[[8.8629,47.4657],[8.8629,47.4648]],[[8.8661,47.4852],[8.8643,47.4831]],[[8.8713,47.4812],[8.8657,47.4783]],[[8.8661,47.472],[8.867,47.4718]],[[8.8713,47.4812],[8.8684,47.481]],[[8.87,47.4761],[8.8687,47.4756]],[[8.8732,47.4779],[8.87,47.4761]],[[8.87,47.4761],[8.8702,47.4757]],[[8.8743,47.5079],[8.8718,47.508]],[[8.8718,47.4813],[8.8713,47.4812]],[[8.8738,47.4829],[8.8718,47.4813]],[[8.8718,47.4813],[8.8732,47.4779]],[[8.8723,47.4854],[8.8745,47.4839]],[[8.8743,47.5079],[8.8739,47.5101]],[[8.8732,47.4779],[8.8732,47.4769]],[[8.875,47.5058],[8.8743,47.5079]],[[8.8745,47.5016],[8.8744,47.5041]],[[8.8739,47.4686],[8.8748,47.4677]],[[8.8745,47.4839],[8.8745,47.4839]],[[8.8745,47.4839],[8.8754,47.4832]],[[8.8754,47.4832],[8.8754,47.4832]],[[8.8754,47.4832],[8.8755,47.4832]],[[8.876,47.4825],[8.8799,47.4797]],[[8.8784,47.4764],[8.8763,47.4733]]]}},{"type":"Feature","properties":{"id":"mattenbach-seen-revier-161-zh","c":"ZH","p":"pacht","q":"official","k":"river"},"geometry":{"type":"MultiLineString","coordinates":[[[8.731,47.4894],[8.7304,47.4835]],[[8.7337,47.4885],[8.7334,47.4861]],[[8.7347,47.4948],[8.7365,47.4924]],[[8.7363,47.4892],[8.7364,47.4892]],[[8.7386,47.4906],[8.7374,47.4896],[8.7363,47.4892]],[[8.7365,47.4924],[8.7364,47.4924]],[[8.7365,47.4924],[8.7375,47.4916]],[[8.737,47.4882],[8.7365,47.4877]],[[8.7368,47.4888],[8.7359,47.4861],[8.7364,47.4854]],[[8.7367,47.4888],[8.7368,47.4888]],[[8.7367,47.4853],[8.7371,47.4841]],[[8.7368,47.4888],[8.737,47.4885]],[[8.7375,47.4898],[8.7374,47.4897]],[[8.7375,47.4916],[8.7386,47.4906]],[[8.7375,47.4916],[8.7387,47.4908]],[[8.7402,47.4897],[8.746,47.4858],[8.7378,47.4806]],[[8.7386,47.4906],[8.7386,47.4906]],[[8.7387,47.4908],[8.7386,47.4906]],[[8.7386,47.4906],[8.7386,47.4906]],[[8.7388,47.4907],[8.7386,47.4906]],[[8.7386,47.4906],[8.7398,47.4898],[8.7402,47.4897]],[[8.7387,47.4908],[8.7388,47.4907]],[[8.7388,47.4907],[8.7402,47.4899]],[[8.7402,47.4899],[8.7402,47.4897]],[[8.7402,47.4899],[8.7499,47.4864]],[[8.7484,47.4836],[8.7416,47.4817]],[[8.7482,47.4804],[8.7451,47.4782]],[[8.7485,47.4826],[8.7463,47.4808]],[[8.7494,47.4808],[8.7482,47.4804]],[[8.7494,47.4808],[8.7492,47.4803],[8.7482,47.4804]],[[8.7499,47.4864],[8.7484,47.4836]],[[8.7484,47.4836],[8.7485,47.4826]],[[8.7485,47.4826],[8.7498,47.481]],[[8.7498,47.481],[8.7494,47.4808]],[[8.7499,47.4864],[8.7533,47.4846]],[[8.7498,47.481],[8.7508,47.4774]],[[8.7555,47.4811],[8.7523,47.4774]],[[8.7533,47.4846],[8.7542,47.4823]],[[8.7533,47.4846],[8.7564,47.4844]],[[8.7593,47.4817],[8.7564,47.481]],[[8.7608,47.4804],[8.7615,47.4767]],[[8.7624,47.4838],[8.7633,47.483]],[[8.7634,47.4826],[8.7665,47.4824]],[[8.7665,47.4824],[8.7665,47.4824]],[[8.7665,47.4824],[8.7733,47.477]],[[8.7672,47.4827],[8.7721,47.481]],[[8.7676,47.4867],[8.7678,47.4872]],[[8.7676,47.4866],[8.7676,47.4867]],[[8.7684,47.4853],[8.7676,47.4867]],[[8.768,47.4874],[8.782,47.4919]],[[8.7724,47.4807],[8.7751,47.4804]],[[8.7733,47.477],[8.7837,47.473]],[[8.7733,47.477],[8.7734,47.477]],[[8.7734,47.477],[8.7875,47.4787],[8.7931,47.4847]],[[8.7763,47.4804],[8.7786,47.4823]],[[8.7793,47.4829],[8.7827,47.4828]],[[8.7837,47.473],[8.7874,47.4744]],[[8.7837,47.473],[8.7843,47.4717]],[[8.7847,47.4714],[8.7857,47.4708]],[[8.7882,47.4846],[8.7871,47.4848]],[[8.7874,47.4744],[8.7873,47.4748]],[[8.7874,47.4744],[8.7894,47.4748]],[[8.7882,47.4846],[8.788,47.4846]],[[8.7931,47.4847],[8.7906,47.4853],[8.7886,47.4846],[8.7882,47.4846]],[[8.7937,47.4861],[8.7894,47.488]],[[8.7931,47.4847],[8.794,47.4853]],[[8.7945,47.4857],[8.794,47.4861]],[[8.794,47.4853],[8.7945,47.4857]],[[8.794,47.4853],[8.7953,47.4845]],[[8.7945,47.4857],[8.7974,47.487]],[[8.7974,47.487],[8.8014,47.49]],[[8.7974,47.487],[8.7975,47.487]],[[8.7986,47.4865],[8.8005,47.4859]],[[8.8014,47.49],[8.8075,47.4901]],[[8.8014,47.49],[8.8015,47.49]],[[8.8027,47.4826],[8.802,47.4811]],[[8.8029,47.4827],[8.8027,47.4826]],[[8.8028,47.4826],[8.8027,47.4826]],[[8.8032,47.4832],[8.8032,47.4829]],[[8.8103,47.4887],[8.8108,47.4869]],[[8.8109,47.4865],[8.8115,47.4857]],[[8.8108,47.4833],[8.8114,47.482]],[[8.8115,47.4857],[8.8115,47.4857]],[[8.8115,47.4857],[8.8116,47.4857]],[[8.8153,47.484],[8.8161,47.4827]]]}},{"type":"Feature","properties":{"id":"naefbach-revier-163-zh","c":"ZH","p":"pacht","q":"official","k":"river"},"geometry":{"type":"MultiLineString","coordinates":[[[8.6266,47.5405],[8.6258,47.5396]],[[8.6341,47.5347],[8.6312,47.5344]],[[8.6351,47.5412],[8.6335,47.5421]],[[8.6351,47.5412],[8.6343,47.5407]],[[8.6365,47.5408],[8.6351,47.5412]],[[8.6365,47.5408],[8.6361,47.5401]],[[8.64,47.5347],[8.6363,47.5353]],[[8.6399,47.5403],[8.6365,47.5408]],[[8.64,47.5347],[8.6388,47.5341]],[[8.6411,47.5377],[8.6395,47.5378]],[[8.6399,47.5403],[8.6414,47.5421]],[[8.6415,47.5378],[8.6399,47.5403]],[[8.6431,47.5356],[8.64,47.5347]],[[8.6411,47.5377],[8.6402,47.5373]],[[8.6415,47.5378],[8.6411,47.5377]],[[8.6424,47.5373],[8.6415,47.5378]],[[8.6424,47.5373],[8.6461,47.5388]],[[8.6431,47.5356],[8.6424,47.5373]],[[8.6426,47.522],[8.6435,47.5223]],[[8.6462,47.5345],[8.6431,47.5356]],[[8.6435,47.5223],[8.6435,47.5223]],[[8.6435,47.5223],[8.6435,47.5223],[8.6437,47.5223],[8.6442,47.5223],[8.6445,47.5223],[8.6447,47.5224],[8.6448,47.5224],[8.6472,47.5225],[8.6477,47.5225],[8.6501,47.5231],[8.6509,47.5267]],[[8.6458,47.5244],[8.6457,47.5245]],[[8.6485,47.5316],[8.646,47.532]],[[8.6461,47.5389],[8.6465,47.5392]],[[8.6462,47.5345],[8.6466,47.5356]],[[8.6485,47.5316],[8.6462,47.5345]],[[8.649,47.5276],[8.6481,47.5287]],[[8.6513,47.5278],[8.6485,47.5316]],[[8.6509,47.5267],[8.6496,47.5273]],[[8.6509,47.5267],[8.6511,47.5275]],[[8.6521,47.5189],[8.6521,47.5189]],[[8.6521,47.5189],[8.6526,47.519]],[[8.6526,47.519],[8.6581,47.5254]],[[8.6526,47.519],[8.6529,47.5189],[8.6536,47.5191]],[[8.658,47.5369],[8.653,47.5361]],[[8.6559,47.5298],[8.6556,47.5309]],[[8.656,47.5274],[8.6558,47.5283]],[[8.6574,47.5379],[8.6576,47.5404]],[[8.6578,47.5374],[8.6575,47.5378]],[[8.658,47.5369],[8.6579,47.5372]],[[8.6616,47.5359],[8.658,47.5369]],[[8.6579,47.526],[8.6581,47.5266]],[[8.6581,47.5254],[8.6581,47.5254]],[[8.6581,47.5254],[8.6617,47.5267]],[[8.6596,47.5199],[8.6597,47.5199]],[[8.6599,47.5203],[8.6599,47.5205]],[[8.6599,47.52],[8.6599,47.52]],[[8.6609,47.5214],[8.661,47.5214]],[[8.6616,47.5359],[8.6624,47.5386]],[[8.664,47.5328],[8.6616,47.5359]],[[8.6617,47.5267],[8.665,47.5275]],[[8.6617,47.5267],[8.6618,47.5267]],[[8.6646,47.5291],[8.6638,47.5326]],[[8.664,47.5328],[8.664,47.5328]],[[8.664,47.5328],[8.664,47.5328]],[[8.665,47.5275],[8.6648,47.5285]],[[8.665,47.5275],[8.6735,47.5328]],[[8.669,47.5362],[8.6673,47.5372]],[[8.6714,47.5376],[8.6683,47.5388]],[[8.672,47.5376],[8.6685,47.5399]],[[8.6715,47.5266],[8.6713,47.5253]],[[8.672,47.5376],[8.672,47.5376]],[[8.6721,47.5374],[8.672,47.5376]],[[8.673,47.5391],[8.6721,47.5399]],[[8.6729,47.5243],[8.6738,47.5244]],[[8.6735,47.5328],[8.6734,47.533]],[[8.6735,47.5328],[8.6748,47.5346]],[[8.6748,47.5406],[8.6746,47.5419]],[[8.6749,47.5398],[8.6748,47.5404]],[[8.6748,47.5346],[8.6747,47.5348]],[[8.6748,47.5346],[8.6762,47.5358]],[[8.6762,47.5358],[8.687,47.5366]],[[8.6762,47.5358],[8.6762,47.5359]],[[8.6812,47.5247],[8.6789,47.5258]],[[8.6867,47.5252],[8.6836,47.5248]],[[8.6897,47.5367],[8.6915,47.5357]],[[8.6915,47.5357],[8.6915,47.5354]],[[8.6915,47.5357],[8.6929,47.5334]],[[8.6917,47.5337],[8.6918,47.5333]],[[8.6933,47.5333],[8.7006,47.5332]],[[8.7012,47.5296],[8.6998,47.5286]],[[8.7006,47.5332],[8.7093,47.5343]],[[8.7006,47.5332],[8.7012,47.5296]],[[8.7012,47.5296],[8.703,47.5252]],[[8.703,47.5252],[8.703,47.5251]],[[8.703,47.5252],[8.7033,47.5251],[8.7048,47.5253]],[[8.7051,47.5254],[8.7102,47.5272]],[[8.7147,47.5213],[8.7084,47.5194]],[[8.7097,47.5342],[8.7149,47.5339]],[[8.7107,47.5273],[8.7139,47.5244]],[[8.7131,47.5161],[8.7111,47.5138]],[[8.713,47.5234],[8.7142,47.5222]],[[8.7139,47.5244],[8.7133,47.5238]],[[8.7139,47.5244],[8.7141,47.5241]],[[8.7141,47.5241],[8.7142,47.5237]],[[8.7142,47.522],[8.7147,47.5213]],[[8.7149,47.5339],[8.7176,47.5343]],[[8.7149,47.5339],[8.7151,47.5338]],[[8.7147,47.5213],[8.7175,47.5197]],[[8.7162,47.5184],[8.7162,47.5184]],[[8.7176,47.5343],[8.7297,47.536]],[[8.7176,47.5343],[8.7176,47.5344]],[[8.7293,47.5385],[8.7299,47.5385]],[[8.7297,47.536],[8.7298,47.536]],[[8.7297,47.536],[8.7298,47.536]],[[8.7306,47.5385],[8.7325,47.5395]],[[8.7306,47.5361],[8.7349,47.5352]],[[8.7325,47.5474],[8.7315,47.5482]],[[8.7328,47.5396],[8.7366,47.5405]],[[8.7343,47.5446],[8.7342,47.5458]],[[8.7348,47.5256],[8.7346,47.5235]],[[8.7349,47.5352],[8.742,47.5319]],[[8.7349,47.5352],[8.7349,47.5352],[8.7352,47.5352],[8.7352,47.5353]],[[8.7393,47.5259],[8.736,47.5258]],[[8.7366,47.5405],[8.7366,47.5406]],[[8.7366,47.5405],[8.7388,47.5419]],[[8.7413,47.5245],[8.737,47.5226]],[[8.7374,47.5373],[8.7375,47.5374]],[[8.7378,47.5377],[8.738,47.538]],[[8.7383,47.5381],[8.7419,47.5391]],[[8.7396,47.5431],[8.7395,47.5432]],[[8.7396,47.5433],[8.7398,47.5434]],[[8.7398,47.5434],[8.7397,47.5439]],[[8.7398,47.5434],[8.7402,47.5441]],[[8.7404,47.5444],[8.741,47.5449]],[[8.7417,47.5451],[8.7434,47.5454]],[[8.742,47.5319],[8.7415,47.5311]],[[8.742,47.5319],[8.7431,47.5319],[8.745,47.5317]],[[8.7429,47.5393],[8.7443,47.5395]],[[8.744,47.5455],[8.746,47.5464]],[[8.745,47.5317],[8.7451,47.5318]],[[8.745,47.5317],[8.7467,47.5301]],[[8.7462,47.5329],[8.7463,47.5348]],[[8.7464,47.5297],[8.7497,47.5276]],[[8.7469,47.5297],[8.7468,47.5297]],[[8.7468,47.5297],[8.7469,47.5297]],[[8.7469,47.5297],[8.7492,47.5299],[8.751,47.529]],[[8.7475,47.5397],[8.7544,47.5401]],[[8.7514,47.5289],[8.752,47.5284]],[[8.7531,47.5345],[8.7517,47.5353]],[[8.752,47.5284],[8.7548,47.5276]],[[8.752,47.5284],[8.752,47.5284]],[[8.7525,47.5333],[8.7531,47.5345]],[[8.7531,47.5345],[8.7556,47.5366]],[[8.7541,47.5247],[8.7529,47.5247]],[[8.7549,47.5273],[8.7539,47.5252]],[[8.7546,47.5403],[8.7557,47.5404]],[[8.7558,47.5368],[8.7565,47.537]],[[8.762,47.5355],[8.7639,47.5383]]]}},{"type":"Feature","properties":{"id":"luppmen-revier-164-zh","c":"ZH","p":"pacht","q":"official","k":"river"},"geometry":{"type":"MultiLineString","coordinates":[[[8.764,47.3796],[8.7753,47.379]],[[8.7753,47.379],[8.7826,47.3769]],[[8.7753,47.379],[8.7753,47.379]],[[8.7826,47.3769],[8.7893,47.3788]],[[8.7826,47.3769],[8.7886,47.3745]],[[8.7839,47.3803],[8.7848,47.3802]],[[8.7885,47.3745],[8.7884,47.375]],[[8.7886,47.3745],[8.7885,47.3745]],[[8.7886,47.3745],[8.7886,47.3745],[8.7891,47.3744],[8.7902,47.3736],[8.792,47.3732],[8.795,47.3711],[8.801,47.3744]],[[8.7893,47.3788],[8.793,47.3809]],[[8.7893,47.3788],[8.7938,47.3785]],[[8.793,47.3809],[8.7994,47.3816]],[[8.793,47.3809],[8.7942,47.3839]],[[8.7946,47.3841],[8.7963,47.3841]],[[8.801,47.3744],[8.8009,47.3759]],[[8.801,47.3744],[8.8013,47.3745]],[[8.8038,47.3784],[8.8029,47.3791]],[[8.8031,47.3747],[8.8038,47.3784]],[[8.8038,47.3784],[8.8055,47.3792]],[[8.804,47.3747],[8.8051,47.3754]],[[8.8041,47.3743],[8.8064,47.3742]],[[8.8058,47.3794],[8.8076,47.3801]],[[8.8064,47.3742],[8.8076,47.3746]],[[8.8064,47.3742],[8.8082,47.3728]],[[8.8076,47.3801],[8.8087,47.3807]],[[8.8076,47.3801],[8.8085,47.38],[8.8107,47.3804],[8.8129,47.3815]],[[8.8076,47.3746],[8.8078,47.3754]],[[8.8076,47.3746],[8.8077,47.3746],[8.8079,47.3746],[8.8085,47.3748]],[[8.8082,47.3728],[8.8127,47.3696]],[[8.8082,47.3728],[8.8082,47.3728]],[[8.8093,47.3728],[8.8127,47.3764]],[[8.8127,47.3696],[8.813,47.368]],[[8.8127,47.3696],[8.8135,47.3693],[8.815,47.3698]],[[8.8135,47.3769],[8.8138,47.3771]],[[8.815,47.3698],[8.816,47.37]],[[8.815,47.3698],[8.8218,47.3684]],[[8.8157,47.3825],[8.816,47.3825]],[[8.8168,47.3704],[8.8233,47.375]],[[8.8168,47.3708],[8.8168,47.371]],[[8.8176,47.3763],[8.8175,47.3767]],[[8.8194,47.3834],[8.819,47.3835]],[[8.8194,47.3834],[8.8194,47.3835]],[[8.8201,47.3833],[8.8194,47.3834]],[[8.8201,47.3833],[8.8199,47.3835]],[[8.8257,47.3834],[8.8244,47.3836],[8.8226,47.3833],[8.8219,47.3835],[8.8207,47.3832],[8.8201,47.3833]],[[8.8227,47.3776],[8.8213,47.3791]],[[8.8218,47.3604],[8.8236,47.3582]],[[8.8231,47.3616],[8.8219,47.3612]],[[8.8224,47.3684],[8.8239,47.3682]],[[8.8242,47.3783],[8.823,47.3795]],[[8.8233,47.375],[8.8233,47.375]],[[8.8233,47.375],[8.824,47.3762]],[[8.8231,47.3616],[8.8231,47.3616]],[[8.8247,47.3672],[8.8231,47.3616]],[[8.824,47.3762],[8.824,47.3762]],[[8.824,47.3762],[8.8253,47.3764]],[[8.8277,47.3818],[8.8243,47.3815]],[[8.8239,47.3582],[8.824,47.3581]],[[8.824,47.3582],[8.824,47.3581]],[[8.8242,47.368],[8.8247,47.3672]],[[8.824,47.3581],[8.8255,47.3561]],[[8.8247,47.3672],[8.8264,47.3668]],[[8.8256,47.3549],[8.8244,47.3543]],[[8.8253,47.3764],[8.8252,47.3765]],[[8.8253,47.3764],[8.8287,47.3778]],[[8.8261,47.3833],[8.826,47.3834],[8.8257,47.3834]],[[8.8258,47.3834],[8.8257,47.3834]],[[8.8261,47.3833],[8.8261,47.3833]],[[8.8277,47.3818],[8.8261,47.3833]],[[8.8255,47.3561],[8.8273,47.3555]],[[8.8255,47.3561],[8.8256,47.3549]],[[8.8256,47.3549],[8.8273,47.3526]],[[8.8266,47.3667],[8.8275,47.3663]],[[8.8288,47.3815],[8.8277,47.3818]],[[8.8275,47.3663],[8.8305,47.3644]],[[8.8273,47.3555],[8.8278,47.3554]],[[8.8273,47.3555],[8.8274,47.3553]],[[8.8273,47.3526],[8.8279,47.3516]],[[8.8273,47.3526],[8.8274,47.3525],[8.8277,47.3526],[8.8278,47.3526]],[[8.8277,47.3491],[8.8277,47.3491]],[[8.8278,47.3496],[8.8277,47.3491]],[[8.8277,47.3491],[8.8277,47.3491]],[[8.8278,47.3526],[8.8279,47.3521]],[[8.8278,47.3526],[8.8324,47.3519]],[[8.8279,47.3516],[8.8278,47.3496]],[[8.8278,47.3496],[8.828,47.3495]],[[8.8279,47.3516],[8.8283,47.3514]],[[8.828,47.3495],[8.828,47.3494]],[[8.828,47.3495],[8.828,47.3495]],[[8.8283,47.3488],[8.8291,47.3484]],[[8.8311,47.364],[8.8346,47.3601]],[[8.8332,47.3513],[8.8335,47.3509]],[[8.8343,47.3598],[8.8356,47.357]],[[8.8346,47.3601],[8.8345,47.3601]],[[8.8346,47.3601],[8.835,47.3597]]]}},{"type":"Feature","properties":{"id":"wildbach-embrach-oberlauf-revier-175-zh","c":"ZH","p":"pacht","q":"official","k":"river"},"geometry":{"type":"MultiLineString","coordinates":[[[8.5851,47.4888],[8.5811,47.4893]],[[8.5824,47.4916],[8.5813,47.4918]],[[8.59,47.4931],[8.5829,47.4917]],[[8.5876,47.4875],[8.5832,47.4852]],[[8.59,47.4804],[8.5889,47.4764],[8.5836,47.4782]],[[8.5876,47.4875],[8.5843,47.4869]],[[8.5879,47.4877],[8.5854,47.4887]],[[8.5879,47.4877],[8.5876,47.4875]],[[8.5932,47.4882],[8.5915,47.4875],[8.5879,47.4877]],[[8.5897,47.4817],[8.5889,47.4814]],[[8.5902,47.4908],[8.5893,47.4908]],[[8.5903,47.4823],[8.5901,47.4822]],[[8.5939,47.4908],[8.5903,47.493]],[[8.5903,47.4823],[8.5903,47.4823]],[[8.5908,47.4824],[8.5903,47.4823]],[[8.5905,47.4909],[8.5905,47.4908]],[[8.5908,47.4811],[8.5906,47.4805]],[[8.595,47.487],[8.5908,47.4824]],[[8.5908,47.4824],[8.5909,47.4816]],[[8.5924,47.4902],[8.5916,47.4905]],[[8.592,47.4776],[8.5953,47.4789]],[[8.5951,47.4874],[8.5935,47.4881]],[[8.5939,47.4908],[8.5939,47.4908]],[[8.5959,47.4909],[8.5949,47.4907],[8.5939,47.4908]],[[8.595,47.4869],[8.5949,47.4867]],[[8.5951,47.4874],[8.595,47.487]],[[8.595,47.487],[8.595,47.4869]],[[8.595,47.4869],[8.6007,47.4812]],[[8.599,47.4932],[8.5951,47.4874]],[[8.5959,47.498],[8.6006,47.4942]],[[8.5964,47.491],[8.5964,47.491]],[[8.5966,47.4915],[8.5965,47.4915]],[[8.599,47.4932],[8.5971,47.4928]],[[8.6006,47.4942],[8.599,47.4932]],[[8.6007,47.4812],[8.5991,47.4803]],[[8.6006,47.4942],[8.602,47.4921]],[[8.6007,47.4812],[8.6011,47.4806]],[[8.6013,47.4803],[8.6018,47.4796]],[[8.602,47.4921],[8.602,47.4921]],[[8.602,47.4921],[8.6021,47.492]],[[8.6018,47.4796],[8.602,47.4786]],[[8.6018,47.4796],[8.6041,47.4792]],[[8.6021,47.492],[8.6102,47.4884]],[[8.6028,47.4925],[8.6098,47.4956]],[[8.6077,47.4849],[8.6075,47.4846]],[[8.6087,47.4859],[8.608,47.485]],[[8.6117,47.4834],[8.6099,47.4793]],[[8.6102,47.4884],[8.6101,47.4884]],[[8.6102,47.4884],[8.6133,47.4873]],[[8.6117,47.4836],[8.6117,47.4834]],[[8.6117,47.4834],[8.6118,47.4801]],[[8.6149,47.4866],[8.6117,47.4836]],[[8.6134,47.496],[8.6155,47.4961]],[[8.6133,47.4873],[8.6149,47.4866]],[[8.6133,47.4873],[8.6136,47.4873],[8.6139,47.4873],[8.6144,47.4874],[8.6162,47.4882],[8.6218,47.4879]],[[8.6166,47.4772],[8.6134,47.4763]],[[8.614,47.4723],[8.6135,47.4726]],[[8.614,47.4723],[8.6136,47.472]],[[8.6199,47.4737],[8.614,47.4723]],[[8.6149,47.4866],[8.6188,47.4822]],[[8.6166,47.4772],[8.6149,47.4773]],[[8.6155,47.4961],[8.6155,47.496]],[[8.6155,47.4961],[8.6156,47.4961],[8.6157,47.4962],[8.6164,47.4965],[8.6174,47.497]],[[8.6176,47.4679],[8.6159,47.4674]],[[8.6192,47.4781],[8.6166,47.4772]],[[8.619,47.4679],[8.6179,47.4679]],[[8.6188,47.4822],[8.6192,47.4781]],[[8.6188,47.4822],[8.6189,47.4822]],[[8.6199,47.4735],[8.619,47.4723]],[[8.619,47.4723],[8.619,47.4679]],[[8.619,47.4723],[8.6224,47.4701]],[[8.6192,47.4781],[8.62,47.4741]],[[8.619,47.4679],[8.6228,47.4631]],[[8.6199,47.4737],[8.6199,47.4735]],[[8.62,47.4741],[8.6199,47.4737]],[[8.62,47.4741],[8.6253,47.4732]],[[8.6215,47.4898],[8.6219,47.4903]],[[8.6218,47.4879],[8.6218,47.4879]],[[8.6218,47.4879],[8.626,47.4887]],[[8.6229,47.47],[8.6286,47.4689]],[[8.6228,47.4631],[8.6248,47.4635]],[[8.6228,47.4631],[8.6236,47.4626]],[[8.6251,47.4635],[8.6266,47.4641]],[[8.6254,47.4615],[8.6271,47.4633]],[[8.626,47.4887],[8.6271,47.4888]],[[8.6259,47.461],[8.6272,47.4602]],[[8.6271,47.4888],[8.6279,47.4893]],[[8.6271,47.4888],[8.6288,47.4873]],[[8.6276,47.4904],[8.6286,47.4918]],[[8.6279,47.4893],[8.6279,47.4893]],[[8.6279,47.4893],[8.6327,47.4912]],[[8.6273,47.4606],[8.6295,47.4621]],[[8.6286,47.4918],[8.6282,47.4928]],[[8.6286,47.4918],[8.6288,47.4918],[8.629,47.4922],[8.629,47.4927]],[[8.6282,47.4598],[8.6285,47.4597]],[[8.6288,47.4873],[8.6329,47.4866]],[[8.6288,47.4873],[8.6352,47.4826]],[[8.6291,47.469],[8.6291,47.469]],[[8.6311,47.4764],[8.6295,47.4737]],[[8.6336,47.4965],[8.6314,47.4958]],[[8.6342,47.4785],[8.6311,47.4764]],[[8.6311,47.4764],[8.6314,47.4736]],[[8.6327,47.4912],[8.6328,47.491],[8.6341,47.4908],[8.6351,47.491]],[[8.6327,47.4912],[8.6328,47.4911],[8.633,47.4912],[8.633,47.4914],[8.6328,47.492]],[[8.6336,47.4965],[8.6331,47.4971]],[[8.6343,47.4958],[8.6336,47.4965]],[[8.6357,47.474],[8.6333,47.4745]],[[8.635,47.4789],[8.6342,47.4785]],[[8.6342,47.4785],[8.6345,47.4774]],[[8.6352,47.4826],[8.6348,47.4796]],[[8.6349,47.4794],[8.6349,47.4792]],[[8.635,47.479],[8.635,47.4789]],[[8.635,47.4789],[8.6362,47.4752]],[[8.6352,47.4826],[8.6423,47.4816]],[[8.6355,47.491],[8.6382,47.4904]],[[8.6359,47.4944],[8.6398,47.4945]],[[8.6362,47.4752],[8.6357,47.474]],[[8.6357,47.474],[8.6361,47.4726]],[[8.6361,47.4726],[8.6357,47.4724]],[[8.6361,47.4726],[8.637,47.4717]],[[8.6362,47.4752],[8.6383,47.4744]],[[8.6373,47.4711],[8.6379,47.4709]],[[8.6382,47.4904],[8.6408,47.4916]],[[8.6382,47.4904],[8.6414,47.4892]],[[8.6414,47.4892],[8.6446,47.4905]],[[8.6414,47.4892],[8.6418,47.489]],[[8.6418,47.489],[8.6418,47.4889]],[[8.6418,47.489],[8.6487,47.4887]],[[8.6418,47.4887],[8.6423,47.4879]],[[8.6423,47.4816],[8.6428,47.4825]],[[8.6423,47.4816],[8.6457,47.4803]],[[8.6449,47.4906],[8.6461,47.4919]],[[8.6461,47.4919],[8.6454,47.4926]],[[8.646,47.4772],[8.6452,47.4762]],[[8.6457,47.4803],[8.647,47.4803]],[[8.6457,47.4803],[8.6457,47.4794]],[[8.6461,47.4919],[8.6473,47.4925]],[[8.647,47.4803],[8.6487,47.4815]],[[8.647,47.4803],[8.6517,47.4776]],[[8.6487,47.4887],[8.6491,47.4889]],[[8.6487,47.4887],[8.651,47.4864]],[[8.6487,47.4815],[8.6505,47.4826]],[[8.6487,47.4815],[8.6496,47.4814]],[[8.6493,47.489],[8.6522,47.4899]],[[8.6511,47.4769],[8.6506,47.4761]],[[8.6509,47.4826],[8.6526,47.4831]],[[8.6517,47.4776],[8.6511,47.4774]],[[8.6517,47.4776],[8.6527,47.4768]],[[8.6526,47.4831],[8.6529,47.483]]]}},{"type":"Feature","properties":{"id":"glatt-203-zh","c":"ZH","p":"pacht","q":"official","k":"river"},"geometry":{"type":"MultiLineString","coordinates":[[[8.6185,47.3677],[8.6123,47.3641]],[[8.618,47.3697],[8.6149,47.369]],[[8.6176,47.364],[8.6156,47.3634]],[[8.6177,47.3641],[8.6176,47.364]],[[8.6176,47.364],[8.6189,47.3634]],[[8.6179,47.3648],[8.6177,47.3644]],[[8.6188,47.3708],[8.618,47.3697]],[[8.618,47.3697],[8.6185,47.3677]],[[8.6185,47.3677],[8.618,47.3652]],[[8.6188,47.3708],[8.6189,47.3708]],[[8.6193,47.3723],[8.6188,47.3708]],[[8.6304,47.3835],[8.6168,47.3767],[8.6193,47.3723]],[[8.6193,47.3723],[8.62,47.372]],[[8.62,47.372],[8.62,47.3719]],[[8.62,47.372],[8.6201,47.3719]],[[8.6245,47.368],[8.6235,47.367]],[[8.6334,47.3743],[8.6245,47.368]],[[8.6245,47.368],[8.6245,47.3673]],[[8.6254,47.3762],[8.6263,47.3732]],[[8.6262,47.3902],[8.6262,47.3904]],[[8.6264,47.3904],[8.6264,47.3904]],[[8.6264,47.3904],[8.6264,47.3896],[8.6267,47.3896]],[[8.6264,47.3904],[8.6267,47.3896]],[[8.6266,47.3572],[8.6258,47.3575]],[[8.6267,47.3896],[8.6304,47.3835]],[[8.6265,47.3731],[8.6266,47.3731]],[[8.6293,47.3551],[8.6271,47.3535]],[[8.6293,47.3551],[8.6284,47.3559]],[[8.632,47.3823],[8.6292,47.3798]],[[8.6309,47.3639],[8.6293,47.3633]],[[8.6304,47.355],[8.6299,47.355],[8.6296,47.355],[8.6295,47.355],[8.6294,47.3551],[8.6294,47.3551],[8.6293,47.3551]],[[8.6304,47.3518],[8.6295,47.3509]],[[8.6304,47.3835],[8.632,47.3823]],[[8.6305,47.3543],[8.6305,47.3542]],[[8.6316,47.3551],[8.6307,47.355]],[[8.6335,47.364],[8.6312,47.3639]],[[8.632,47.3823],[8.6351,47.3815]],[[8.6327,47.3618],[8.6317,47.3619]],[[8.6327,47.3618],[8.632,47.3552]],[[8.6321,47.3517],[8.6321,47.3512]],[[8.6335,47.364],[8.6327,47.3618]],[[8.6351,47.3815],[8.6337,47.3744]],[[8.6364,47.3675],[8.6335,47.364]],[[8.6351,47.3815],[8.6409,47.3815],[8.6439,47.3807]],[[8.6366,47.3686],[8.6349,47.3682]],[[8.6366,47.3686],[8.6364,47.3675]],[[8.6364,47.3675],[8.6379,47.3664]],[[8.6381,47.3698],[8.6366,47.3686]],[[8.638,47.3662],[8.6388,47.3638]],[[8.6389,47.3637],[8.6387,47.3628]],[[8.6439,47.3807],[8.6415,47.3735]],[[8.6439,47.3807],[8.6451,47.38]],[[8.6451,47.38],[8.6609,47.3809]],[[8.6451,47.38],[8.6467,47.3789]],[[8.6609,47.3809],[8.663,47.3843]],[[8.6609,47.3809],[8.661,47.3809]],[[8.6629,47.3845],[8.6602,47.39],[8.6689,47.3881]],[[8.6639,47.3818],[8.676,47.3791]],[[8.676,47.3791],[8.676,47.3791]],[[8.676,47.3791],[8.6761,47.379]],[[8.6765,47.3788],[8.6768,47.3786]],[[8.6774,47.3783],[8.6883,47.3739]],[[8.6805,47.3863],[8.6812,47.3867]],[[8.682,47.3866],[8.6834,47.387]],[[8.6834,47.387],[8.6852,47.3875]],[[8.6834,47.387],[8.6835,47.387]],[[8.6852,47.3875],[8.6875,47.388]],[[8.6852,47.3875],[8.6853,47.3875]],[[8.6873,47.3879],[8.6875,47.388]],[[8.6875,47.388],[8.6877,47.388]],[[8.6875,47.388],[8.6886,47.3874]],[[8.6878,47.3882],[8.6887,47.3889]],[[8.6891,47.3873],[8.6907,47.3877]],[[8.6904,47.3889],[8.6914,47.3887]],[[8.691,47.3877],[8.6913,47.3878]],[[8.6913,47.3878],[8.6913,47.3878]],[[8.6913,47.3878],[8.6915,47.3878]],[[8.6918,47.3888],[8.6926,47.3891]],[[8.6919,47.3879],[8.6925,47.3883]],[[8.6926,47.3891],[8.6926,47.3892]],[[8.6926,47.3885],[8.6926,47.3891]],[[8.6929,47.3894],[8.693,47.3895]],[[8.6981,47.3749],[8.7,47.3764]]]}},{"type":"Feature","properties":{"id":"glatt-210-zh","c":"ZH","p":"pacht","q":"official","k":"river"},"geometry":{"type":"MultiLineString","coordinates":[[[8.4964,47.4142],[8.4959,47.4141]],[[8.4964,47.4142],[8.4961,47.4142]],[[8.4979,47.4138],[8.4964,47.4142]],[[8.4979,47.4138],[8.4964,47.4125]],[[8.4995,47.4118],[8.4995,47.4135],[8.4985,47.4139],[8.4979,47.4138]],[[8.4995,47.4116],[8.4995,47.4118]],[[8.5011,47.4106],[8.4995,47.4116]],[[8.5013,47.4105],[8.5013,47.4105]],[[8.5034,47.4109],[8.5013,47.4105]],[[8.5013,47.4105],[8.5017,47.4092]],[[8.5019,47.4371],[8.5021,47.4378]],[[8.5104,47.4319],[8.5021,47.4348]],[[8.5022,47.4135],[8.5034,47.4109]],[[8.5047,47.4177],[8.5022,47.4137]],[[8.5034,47.4109],[8.5044,47.4105]],[[8.5057,47.4241],[8.5046,47.4222]],[[8.5047,47.4177],[8.5046,47.4177]],[[8.5058,47.4181],[8.5047,47.4177]],[[8.5048,47.4221],[8.5059,47.4218]],[[8.5054,47.4063],[8.5064,47.4058]],[[8.5061,47.4218],[8.5073,47.4215]],[[8.5134,47.4278],[8.5063,47.4275]],[[8.5072,47.4211],[8.5066,47.4202]],[[8.5064,47.4058],[8.5101,47.4042]],[[8.5064,47.4058],[8.5093,47.4037]],[[8.5086,47.4406],[8.5104,47.4426]],[[8.5123,47.4148],[8.5112,47.4129]],[[8.5117,47.4311],[8.5129,47.4324]],[[8.5119,47.4297],[8.5118,47.4298]],[[8.5134,47.4278],[8.5122,47.4298]],[[8.5154,47.4176],[8.513,47.416]],[[8.5255,47.4257],[8.5134,47.4278]],[[8.5137,47.44],[8.5148,47.4423]],[[8.5171,47.4124],[8.5147,47.4096]],[[8.5227,47.4092],[8.5202,47.4063]],[[8.5222,47.4096],[8.5204,47.409]],[[8.5229,47.4102],[8.5222,47.4096]],[[8.5222,47.4096],[8.5225,47.4094]],[[8.5255,47.4257],[8.5255,47.4257]],[[8.5358,47.426],[8.5271,47.4257],[8.5255,47.4257]],[[8.5258,47.4277],[8.5263,47.4311]],[[8.5296,47.4074],[8.5282,47.4066]],[[8.531,47.4159],[8.5291,47.4154]],[[8.53,47.4072],[8.53,47.4072]],[[8.5325,47.4162],[8.5314,47.416]],[[8.5374,47.4168],[8.5328,47.4162]],[[8.5362,47.4261],[8.5351,47.4284]],[[8.5358,47.426],[8.5358,47.4261]],[[8.5362,47.4261],[8.5358,47.426]],[[8.5503,47.422],[8.5416,47.4257],[8.5371,47.4261],[8.5362,47.4261]],[[8.5374,47.4168],[8.5374,47.4168]],[[8.5378,47.4168],[8.5374,47.4168]],[[8.5377,47.4169],[8.5378,47.4168]],[[8.5379,47.4168],[8.5378,47.4168]],[[8.544,47.4172],[8.542,47.417]],[[8.5492,47.4135],[8.5484,47.4138]],[[8.5499,47.413],[8.5495,47.4133]],[[8.5533,47.4211],[8.5505,47.4219]],[[8.5523,47.413],[8.5508,47.413]],[[8.558,47.413],[8.5527,47.413]],[[8.5533,47.4211],[8.5533,47.421],[8.5536,47.4209],[8.5537,47.421]],[[8.5537,47.421],[8.5533,47.4211]],[[8.5537,47.421],[8.5535,47.4211],[8.5533,47.4211]],[[8.556,47.4201],[8.5537,47.421]],[[8.5606,47.4183],[8.5564,47.4199]],[[8.5579,47.4173],[8.5579,47.4172]],[[8.5584,47.4174],[8.5579,47.4173]],[[8.5579,47.4173],[8.558,47.4171]],[[8.558,47.4171],[8.5588,47.4147]],[[8.5586,47.4174],[8.5584,47.4174]],[[8.5586,47.4174],[8.5585,47.4174],[8.5585,47.4174],[8.5584,47.4174]],[[8.56,47.4178],[8.5586,47.4174]],[[8.5588,47.4144],[8.5586,47.4131]],[[8.5596,47.4363],[8.5721,47.428]],[[8.5611,47.4181],[8.56,47.4178]],[[8.5611,47.4181],[8.561,47.4181]],[[8.5614,47.4181],[8.5611,47.4181]],[[8.5684,47.42],[8.5621,47.4183]],[[8.5684,47.42],[8.5684,47.4199]],[[8.569,47.4212],[8.5684,47.42]],[[8.5731,47.4246],[8.569,47.4212]],[[8.569,47.4212],[8.5736,47.4168]],[[8.5726,47.4277],[8.5735,47.425]],[[8.5735,47.425],[8.5734,47.4249]],[[8.5735,47.425],[8.5736,47.4248]],[[8.5736,47.4168],[8.5738,47.4144]],[[8.5741,47.4133],[8.5764,47.4136]],[[8.5764,47.4136],[8.5771,47.4154]],[[8.5764,47.4136],[8.5811,47.4117]],[[8.5819,47.4114],[8.582,47.4114]],[[8.5824,47.4114],[8.5863,47.4097]]]}},{"type":"Feature","properties":{"id":"aabach-baeretswil-revier-231-zh","c":"ZH","p":"pacht","q":"official","k":"river"},"geometry":{"type":"MultiLineString","coordinates":[[[8.8502,47.3361],[8.8527,47.3347]],[[8.8531,47.3308],[8.8518,47.3293]],[[8.8527,47.3347],[8.8534,47.3321]],[[8.8527,47.3347],[8.8555,47.3343]],[[8.8534,47.3316],[8.8531,47.3308]],[[8.8531,47.3308],[8.8531,47.3308]],[[8.8531,47.3308],[8.8531,47.3308]],[[8.8531,47.3308],[8.8535,47.3307]],[[8.8534,47.3261],[8.8532,47.3254]],[[8.8535,47.3307],[8.8557,47.3295],[8.8558,47.3283]],[[8.8535,47.3307],[8.854,47.3271]],[[8.8555,47.3343],[8.8644,47.3256]],[[8.8555,47.3343],[8.8561,47.3341],[8.8573,47.3344]],[[8.8558,47.328],[8.856,47.3245]],[[8.8575,47.3344],[8.8602,47.3338]],[[8.8602,47.3338],[8.8601,47.3348]],[[8.8602,47.3338],[8.861,47.3335],[8.8625,47.3338]],[[8.8634,47.3242],[8.8622,47.3243]],[[8.8625,47.3338],[8.8632,47.3343]],[[8.8625,47.3338],[8.8651,47.3327]],[[8.8634,47.3242],[8.8631,47.3239]],[[8.8638,47.3243],[8.8633,47.3229]],[[8.8638,47.3243],[8.8636,47.3243],[8.8635,47.3242],[8.8634,47.3242]],[[8.8644,47.3256],[8.8638,47.3243]],[[8.8644,47.3256],[8.8645,47.3256],[8.8648,47.3255],[8.8649,47.3256],[8.8658,47.3252],[8.8664,47.3246]],[[8.8651,47.3327],[8.8671,47.3308]],[[8.8651,47.3327],[8.8653,47.3327],[8.867,47.3332]],[[8.8671,47.3308],[8.871,47.3303]],[[8.8671,47.3308],[8.8702,47.328]],[[8.8707,47.3223],[8.8686,47.3222]],[[8.871,47.3303],[8.87,47.3315]],[[8.8701,47.3267],[8.8713,47.3249]],[[8.8718,47.3245],[8.8707,47.3223]],[[8.8707,47.3223],[8.8716,47.3218]],[[8.871,47.3303],[8.8718,47.3302]],[[8.8714,47.3246],[8.8718,47.3245]],[[8.8718,47.3302],[8.8718,47.33]],[[8.8718,47.3302],[8.8724,47.3302],[8.8728,47.3305],[8.8763,47.3304]],[[8.8716,47.3218],[8.8746,47.318],[8.881,47.318]],[[8.8716,47.3218],[8.8738,47.3208]],[[8.8718,47.3245],[8.8719,47.3245]],[[8.8719,47.3245],[8.877,47.3236]],[[8.8719,47.3245],[8.8743,47.3232]],[[8.8725,47.3353],[8.8726,47.3353]],[[8.8732,47.3358],[8.8747,47.3366]],[[8.8757,47.3207],[8.8771,47.3199]],[[8.8763,47.3304],[8.8764,47.3304]],[[8.8763,47.3304],[8.879,47.329]],[[8.877,47.3236],[8.8816,47.3217]],[[8.877,47.3236],[8.882,47.3244]],[[8.879,47.3317],[8.8813,47.3322]],[[8.8795,47.329],[8.8836,47.3286]],[[8.881,47.318],[8.8844,47.3154]],[[8.881,47.318],[8.8817,47.3179]],[[8.8816,47.3322],[8.8817,47.3321]],[[8.8817,47.3321],[8.8834,47.3306],[8.89,47.3307]],[[8.8817,47.3321],[8.8818,47.3321],[8.8829,47.3324],[8.8832,47.3327]],[[8.8817,47.3179],[8.885,47.3187]],[[8.8817,47.3179],[8.8846,47.3173]],[[8.8836,47.3335],[8.8822,47.3354]],[[8.8824,47.3219],[8.8824,47.3219]],[[8.8826,47.3219],[8.8852,47.322]],[[8.8828,47.3214],[8.885,47.3205]],[[8.8836,47.333],[8.8836,47.3335]],[[8.8836,47.3335],[8.8837,47.3336]],[[8.8836,47.3286],[8.8853,47.3271]],[[8.8836,47.3286],[8.8876,47.328]],[[8.8846,47.3173],[8.8864,47.3175]],[[8.8846,47.3173],[8.886,47.3167]],[[8.8852,47.3338],[8.8858,47.3339]],[[8.885,47.3205],[8.885,47.3205]],[[8.885,47.3187],[8.8871,47.3194]],[[8.885,47.3187],[8.8867,47.3184]],[[8.8853,47.3271],[8.8875,47.3264]],[[8.8853,47.3271],[8.8854,47.3265]],[[8.8852,47.322],[8.8861,47.3219]],[[8.8852,47.322],[8.8866,47.3213]],[[8.8854,47.3265],[8.8855,47.3253]],[[8.8854,47.3265],[8.8859,47.3254]],[[8.8861,47.3339],[8.8902,47.3329]],[[8.886,47.3167],[8.8865,47.316]],[[8.886,47.3167],[8.8868,47.3165]],[[8.8861,47.3219],[8.8872,47.322]],[[8.8861,47.3219],[8.8868,47.3216]],[[8.8871,47.3194],[8.8874,47.3194]],[[8.8871,47.3194],[8.8874,47.3195]],[[8.8875,47.3264],[8.8877,47.3252]],[[8.8875,47.3264],[8.8884,47.3252]],[[8.8876,47.328],[8.8878,47.3282]],[[8.8876,47.328],[8.8881,47.3279]],[[8.8881,47.3279],[8.8894,47.3276]],[[8.8881,47.3279],[8.8886,47.3275]],[[8.8882,47.3284],[8.8902,47.3297]],[[8.8884,47.3252],[8.8883,47.3241]],[[8.8884,47.3252],[8.889,47.3242]],[[8.8886,47.3275],[8.8894,47.3256]],[[8.8886,47.3275],[8.8929,47.3256]],[[8.8894,47.3256],[8.8907,47.3247]],[[8.8894,47.3256],[8.8905,47.3243]],[[8.8894,47.3276],[8.8915,47.3284]],[[8.8894,47.3276],[8.8923,47.3276]]]}},{"type":"Feature","properties":{"id":"chaemtnerbach-revier-232-zh","c":"ZH","p":"pacht","q":"official","k":"river"},"geometry":{"type":"MultiLineString","coordinates":[[[8.7909,47.3435],[8.814,47.3332]],[[8.814,47.3332],[8.8152,47.3363]],[[8.814,47.3332],[8.8296,47.3315]],[[8.8152,47.3363],[8.8159,47.3362]],[[8.8152,47.3363],[8.8209,47.3388]],[[8.8163,47.3361],[8.8251,47.3343]],[[8.8209,47.3388],[8.8272,47.3433]],[[8.8209,47.3388],[8.8223,47.3383],[8.8274,47.3394]],[[8.8251,47.3343],[8.8263,47.3336]],[[8.8251,47.3343],[8.8252,47.3343]],[[8.8263,47.3342],[8.829,47.3343]],[[8.8274,47.3394],[8.831,47.34]],[[8.8274,47.3394],[8.8312,47.3381]],[[8.8281,47.3306],[8.8291,47.3294]],[[8.8296,47.3315],[8.8301,47.3315]],[[8.8296,47.3315],[8.8298,47.3315],[8.8301,47.3315]],[[8.8295,47.3293],[8.8305,47.3293]],[[8.8301,47.3315],[8.8305,47.3317],[8.8308,47.3315]],[[8.8301,47.3315],[8.8302,47.3314],[8.8308,47.3315]],[[8.8305,47.3293],[8.8346,47.3296]],[[8.8305,47.3293],[8.8349,47.3281]],[[8.8308,47.3315],[8.8331,47.3323]],[[8.8316,47.3402],[8.8322,47.3401]],[[8.8331,47.3323],[8.8322,47.3346]],[[8.8326,47.3401],[8.8342,47.3408]],[[8.8331,47.3323],[8.8335,47.3324],[8.8341,47.3322],[8.8347,47.3323]],[[8.8344,47.341],[8.8345,47.3415]],[[8.8346,47.3296],[8.8402,47.3276]],[[8.8346,47.3296],[8.8353,47.3287]],[[8.8347,47.3323],[8.8446,47.3359]],[[8.8347,47.3323],[8.8359,47.3344]],[[8.8352,47.328],[8.8357,47.3275]],[[8.8359,47.3344],[8.8358,47.3347]],[[8.8359,47.3344],[8.8361,47.3347]],[[8.8358,47.3273],[8.8386,47.3242]],[[8.8422,47.3368],[8.8384,47.3388]],[[8.8391,47.3391],[8.8397,47.3393]],[[8.84,47.3394],[8.84,47.3395]],[[8.8404,47.3407],[8.8409,47.3431]],[[8.8404,47.3274],[8.8414,47.3256]],[[8.8414,47.3409],[8.8425,47.3423]],[[8.8422,47.3428],[8.8419,47.344]],[[8.8422,47.3368],[8.8425,47.3376]],[[8.8446,47.3359],[8.8422,47.3368]],[[8.8424,47.3259],[8.8445,47.325]],[[8.843,47.343],[8.8445,47.3438]],[[8.8434,47.3412],[8.8456,47.343]],[[8.8446,47.3359],[8.8448,47.3359],[8.8456,47.3358]],[[8.847,47.3314],[8.8453,47.3294]],[[8.8453,47.3294],[8.8464,47.3256]],[[8.8453,47.3294],[8.8458,47.3292]],[[8.8456,47.3358],[8.8467,47.3381]],[[8.8456,47.3358],[8.8469,47.335]],[[8.8461,47.329],[8.8461,47.3289]],[[8.8465,47.3383],[8.8465,47.3386]],[[8.8469,47.335],[8.8473,47.3353]],[[8.8469,47.335],[8.8473,47.3348]],[[8.8473,47.3353],[8.8515,47.3367]],[[8.8473,47.3353],[8.8489,47.3345]],[[8.849,47.3342],[8.8477,47.3324]],[[8.855,47.345],[8.8517,47.3461]],[[8.8515,47.3367],[8.852,47.3368]],[[8.8515,47.3367],[8.8515,47.3367]],[[8.8519,47.3387],[8.8524,47.3399]],[[8.852,47.3368],[8.852,47.3368]],[[8.852,47.3368],[8.8524,47.3369]],[[8.8525,47.3401],[8.8526,47.3403]],[[8.8526,47.337],[8.8545,47.3378]],[[8.8551,47.338],[8.8565,47.3384]],[[8.8574,47.3431],[8.8568,47.3436]],[[8.8569,47.3384],[8.8599,47.3399]],[[8.858,47.3475],[8.8636,47.348]],[[8.8586,47.3432],[8.858,47.3473]],[[8.8586,47.3432],[8.8586,47.3432]],[[8.8588,47.343],[8.8586,47.3432]],[[8.8588,47.3429],[8.8588,47.343]],[[8.8588,47.343],[8.8588,47.343]],[[8.8591,47.3428],[8.859,47.3428]],[[8.8591,47.3428],[8.8591,47.3428]],[[8.8599,47.3399],[8.8591,47.3428]],[[8.8599,47.3399],[8.8606,47.3398]],[[8.8613,47.3399],[8.8628,47.3393]],[[8.8632,47.3393],[8.8636,47.3394]],[[8.8651,47.3392],[8.8656,47.3392]],[[8.866,47.3391],[8.8661,47.339]],[[8.8665,47.3388],[8.8666,47.3387]]]}},{"type":"Feature","properties":{"id":"wildbach-hinwil-revier-237-zh","c":"ZH","p":"pacht","q":"official","k":"river"},"geometry":{"type":"MultiLineString","coordinates":[[[8.8326,47.3063],[8.8329,47.3062]],[[8.8329,47.3062],[8.8343,47.3072]],[[8.8329,47.3062],[8.8399,47.3039]],[[8.8343,47.3072],[8.8362,47.3083]],[[8.8343,47.3072],[8.8345,47.3072]],[[8.8366,47.3081],[8.8369,47.308]],[[8.8373,47.3079],[8.84,47.3081]],[[8.8403,47.3081],[8.8417,47.3082]],[[8.8406,47.3037],[8.8416,47.3034]],[[8.8417,47.3082],[8.8423,47.3085]],[[8.8417,47.3082],[8.8426,47.308]],[[8.8416,47.3034],[8.8418,47.3035]],[[8.8416,47.3034],[8.849,47.3033]],[[8.843,47.3043],[8.8434,47.3045]],[[8.843,47.3053],[8.8431,47.3054]],[[8.8435,47.3055],[8.8443,47.3056]],[[8.8489,47.3035],[8.8507,47.3064]],[[8.849,47.3033],[8.849,47.3033]],[[8.849,47.3033],[8.8508,47.3036]],[[8.8508,47.3036],[8.8552,47.3063]],[[8.8508,47.3036],[8.8538,47.3021]],[[8.8532,47.3119],[8.8519,47.3126]],[[8.8537,47.309],[8.8582,47.3078]],[[8.8537,47.309],[8.8539,47.311]],[[8.8552,47.3063],[8.8537,47.309]],[[8.8538,47.3021],[8.8544,47.3014],[8.8562,47.3018]],[[8.8538,47.3021],[8.8539,47.3021],[8.8552,47.3029]],[[8.8541,47.3124],[8.8543,47.3133]],[[8.8543,47.3133],[8.8601,47.3142]],[[8.8543,47.3133],[8.8591,47.3199]],[[8.8548,47.3113],[8.8552,47.3115]],[[8.8549,47.3111],[8.8575,47.3096]],[[8.8552,47.3063],[8.8552,47.3063],[8.8554,47.3062],[8.8557,47.3062],[8.8558,47.3061],[8.8563,47.306],[8.8566,47.3059],[8.8572,47.3054],[8.8592,47.3057],[8.8603,47.305]],[[8.8562,47.3018],[8.8604,47.3015]],[[8.8562,47.3018],[8.857,47.3024]],[[8.8571,47.3117],[8.858,47.3114]],[[8.858,47.3114],[8.8584,47.3117]],[[8.858,47.3114],[8.859,47.3107]],[[8.8582,47.3078],[8.8696,47.3088]],[[8.8582,47.3078],[8.8601,47.3069]],[[8.8601,47.3142],[8.863,47.3155]],[[8.8601,47.3142],[8.8632,47.314]],[[8.8604,47.3015],[8.861,47.3018]],[[8.8604,47.3015],[8.8618,47.3008]],[[8.8616,47.3061],[8.8641,47.3058]],[[8.8618,47.3023],[8.8638,47.3026]],[[8.8627,47.3163],[8.8646,47.3181]],[[8.8629,47.3008],[8.8639,47.3009]],[[8.8634,47.3159],[8.8659,47.3159]],[[8.8635,47.314],[8.8648,47.314]],[[8.8639,47.3009],[8.8651,47.3019]],[[8.8639,47.3009],[8.8663,47.3006],[8.8677,47.3015]],[[8.8641,47.3027],[8.8644,47.3028]],[[8.8655,47.306],[8.8662,47.3064]],[[8.8688,47.3014],[8.8702,47.3015]],[[8.8696,47.3088],[8.8704,47.3093]],[[8.8696,47.3088],[8.8703,47.3084]],[[8.8703,47.3084],[8.8703,47.3082]],[[8.8703,47.3084],[8.8753,47.3074]],[[8.8702,47.3015],[8.8716,47.3019]],[[8.8702,47.3015],[8.8724,47.3012]],[[8.8704,47.3093],[8.8707,47.3095]],[[8.8704,47.3093],[8.8708,47.3093],[8.8715,47.3094],[8.872,47.3094]],[[8.8716,47.3122],[8.8706,47.3129]],[[8.8705,47.3073],[8.8706,47.3073]],[[8.8709,47.3071],[8.8722,47.3058]],[[8.871,47.3097],[8.8716,47.3122]],[[8.8716,47.3122],[8.872,47.313]],[[8.872,47.313],[8.8721,47.3131]],[[8.872,47.313],[8.8722,47.3136]],[[8.8725,47.3054],[8.8731,47.3053]],[[8.8728,47.3131],[8.8729,47.3133]],[[8.8729,47.3094],[8.8804,47.3106]],[[8.8731,47.3098],[8.8749,47.311]],[[8.8736,47.3051],[8.8738,47.3037]],[[8.8749,47.311],[8.8744,47.3132]],[[8.8749,47.311],[8.8754,47.3111],[8.876,47.3106]],[[8.8753,47.3074],[8.8755,47.3073]],[[8.8753,47.3074],[8.8754,47.3074],[8.8755,47.3073]],[[8.8755,47.3073],[8.8762,47.307]],[[8.8762,47.307],[8.8762,47.3062],[8.8769,47.3059]],[[8.8762,47.307],[8.8772,47.3066]],[[8.8766,47.3137],[8.8781,47.3141]],[[8.8769,47.3059],[8.8814,47.3034]],[[8.8772,47.3066],[8.8859,47.3085]],[[8.8772,47.3066],[8.8804,47.3054]],[[8.8804,47.3106],[8.8827,47.3115]],[[8.8804,47.3106],[8.8851,47.3102]],[[8.8804,47.3054],[8.8814,47.3055]],[[8.8804,47.3054],[8.8867,47.3034]],[[8.8818,47.3032],[8.8876,47.299]],[[8.8827,47.3115],[8.8847,47.3124]],[[8.8827,47.3115],[8.8833,47.3115],[8.884,47.3115]],[[8.8847,47.3124],[8.8866,47.3137]],[[8.8847,47.3124],[8.8852,47.3124],[8.8853,47.3124]],[[8.8851,47.3102],[8.8855,47.3104]],[[8.8851,47.3102],[8.8857,47.3102]],[[8.8881,47.2989],[8.8887,47.2988]]]}},{"type":"Feature","properties":{"id":"wildbach-wetzikon-revier-238-zh","c":"ZH","p":"pacht","q":"official","k":"river"},"geometry":{"type":"MultiLineString","coordinates":[[[8.7853,47.324],[8.7883,47.322]],[[8.7883,47.322],[8.7892,47.3214]],[[8.7883,47.322],[8.7886,47.322]],[[8.7896,47.3215],[8.79,47.3216]],[[8.7897,47.3215],[8.79,47.3216]],[[8.79,47.3216],[8.7943,47.3206]],[[8.7961,47.3119],[8.7939,47.3107]],[[8.7946,47.3205],[8.7959,47.32]],[[8.7959,47.32],[8.7979,47.3222]],[[8.7959,47.32],[8.8008,47.314]],[[8.7979,47.3222],[8.7979,47.3223]],[[8.7979,47.3222],[8.7979,47.3223]],[[8.7981,47.3224],[8.7983,47.3226]],[[8.7983,47.3226],[8.7983,47.3226]],[[8.7983,47.3226],[8.7997,47.3252]],[[8.7982,47.3124],[8.7981,47.3123]],[[8.8008,47.314],[8.7982,47.3124]],[[8.7982,47.3124],[8.8033,47.3036]],[[8.8002,47.3254],[8.8053,47.3256]],[[8.8008,47.314],[8.8052,47.3124]],[[8.8029,47.3024],[8.8017,47.3017]],[[8.8033,47.3036],[8.8029,47.3024]],[[8.8033,47.3036],[8.8102,47.2978]],[[8.8058,47.3256],[8.8121,47.3246]],[[8.8057,47.3124],[8.8061,47.3123]],[[8.8061,47.3123],[8.8188,47.3185],[8.8259,47.3156]],[[8.8061,47.3123],[8.8195,47.3071]],[[8.8102,47.2978],[8.8127,47.3]],[[8.8102,47.2978],[8.8131,47.2959]],[[8.8121,47.3246],[8.8239,47.3229]],[[8.8121,47.3246],[8.8121,47.3246]],[[8.8127,47.3251],[8.8157,47.3268]],[[8.8129,47.3001],[8.8161,47.2991]],[[8.8156,47.3275],[8.8166,47.328]],[[8.8161,47.3269],[8.8272,47.3268]],[[8.8168,47.2989],[8.8197,47.2962]],[[8.8195,47.3071],[8.8195,47.3071]],[[8.8195,47.3071],[8.8236,47.3061]],[[8.8195,47.3069],[8.8195,47.3057]],[[8.8195,47.3054],[8.8222,47.3043]],[[8.8213,47.302],[8.8213,47.3016]],[[8.8226,47.3032],[8.8213,47.302]],[[8.8213,47.302],[8.8231,47.2991]],[[8.8222,47.3043],[8.8233,47.3045]],[[8.8222,47.3043],[8.8229,47.3036]],[[8.8233,47.2988],[8.8246,47.2966]],[[8.8236,47.3061],[8.8238,47.3062]],[[8.8236,47.3061],[8.8278,47.3053],[8.8326,47.3063]],[[8.8242,47.3229],[8.8242,47.3229]],[[8.8242,47.3229],[8.8252,47.3231]],[[8.8242,47.3229],[8.8242,47.3229]],[[8.8243,47.3065],[8.8271,47.3084]],[[8.8251,47.3231],[8.8252,47.3231]],[[8.8252,47.3231],[8.8279,47.3226]],[[8.8259,47.3156],[8.826,47.3155]],[[8.8259,47.3156],[8.826,47.3156],[8.8262,47.3157]],[[8.8267,47.3158],[8.8312,47.3176],[8.8405,47.3163]],[[8.8272,47.3268],[8.8284,47.3256]],[[8.8272,47.3268],[8.8274,47.3278]],[[8.8273,47.3144],[8.8276,47.3143]],[[8.8279,47.3226],[8.8311,47.3236],[8.835,47.3208]],[[8.8279,47.3226],[8.8286,47.3226],[8.8294,47.3228]],[[8.8294,47.3099],[8.8314,47.3109]],[[8.8314,47.3109],[8.8387,47.3111]],[[8.8314,47.3109],[8.8331,47.3124]],[[8.8315,47.3147],[8.8321,47.3148]],[[8.8324,47.3149],[8.8347,47.3162]],[[8.8331,47.3124],[8.8335,47.3122]],[[8.8331,47.3124],[8.8331,47.3124]],[[8.8341,47.3121],[8.8362,47.3133]],[[8.8344,47.3134],[8.835,47.3141]],[[8.8357,47.3208],[8.8455,47.3191]],[[8.8387,47.3111],[8.839,47.3111]],[[8.8387,47.3111],[8.8389,47.3112]],[[8.8392,47.3114],[8.8395,47.3121]],[[8.8395,47.311],[8.8418,47.3111]],[[8.8395,47.3121],[8.8399,47.3124]],[[8.8395,47.3121],[8.8405,47.3119]],[[8.8399,47.3124],[8.8425,47.3129]],[[8.8399,47.3124],[8.8406,47.3142]],[[8.8425,47.3129],[8.8442,47.3139]],[[8.8425,47.3129],[8.8462,47.3113]],[[8.8455,47.3191],[8.8455,47.3178]],[[8.8455,47.3191],[8.8483,47.3184]],[[8.846,47.3143],[8.8463,47.3143]],[[8.8468,47.3143],[8.8471,47.314]],[[8.8483,47.3184],[8.8488,47.3179]],[[8.8483,47.3184],[8.8484,47.3183],[8.8485,47.3184]],[[8.8497,47.3188],[8.8499,47.319]],[[8.8499,47.319],[8.851,47.3194]],[[8.8499,47.319],[8.8503,47.3194]],[[8.8512,47.3194],[8.8532,47.3192]]]}},{"type":"Feature","properties":{"id":"lieburgerbach-revier-254-zh","c":"ZH","p":"pacht","q":"official","k":"river"},"geometry":{"type":"MultiLineString","coordinates":[[[8.6928,47.2828],[8.6915,47.2819]],[[8.6944,47.2794],[8.6916,47.2777]],[[8.6977,47.2842],[8.6931,47.2829]],[[8.6948,47.2799],[8.6946,47.2795]],[[8.6951,47.282],[8.695,47.2802]],[[8.696,47.276],[8.6951,47.2753]],[[8.6977,47.2842],[8.6957,47.2824]],[[8.697,47.276],[8.6962,47.2761]],[[8.7038,47.2793],[8.697,47.276]],[[8.697,47.276],[8.6978,47.2754]],[[8.704,47.2916],[8.7044,47.2892],[8.6977,47.2842]],[[8.7032,47.2833],[8.7028,47.2828]],[[8.7038,47.2793],[8.7029,47.2794]],[[8.7057,47.2738],[8.703,47.2732]],[[8.704,47.2916],[8.7036,47.291]],[[8.7054,47.2732],[8.7034,47.2713]],[[8.7046,47.292],[8.704,47.2916]],[[8.7065,47.2807],[8.7038,47.2793]],[[8.7045,47.2846],[8.7043,47.2845]],[[8.7065,47.2807],[8.7047,47.2788]],[[8.707,47.2914],[8.7052,47.292]],[[8.7091,47.2881],[8.7054,47.2852]],[[8.7057,47.2738],[8.7057,47.2738]],[[8.7058,47.2738],[8.7057,47.2738]],[[8.7057,47.2738],[8.7057,47.2736]],[[8.7112,47.2823],[8.706,47.2741]],[[8.7073,47.282],[8.7064,47.2822]],[[8.7081,47.2816],[8.7065,47.2807]],[[8.707,47.2914],[8.7072,47.2915]],[[8.7095,47.2883],[8.707,47.2914]],[[8.7079,47.2817],[8.7076,47.282]],[[8.7079,47.2817],[8.7079,47.2816]],[[8.7081,47.2816],[8.708,47.2817],[8.7079,47.2817],[8.7079,47.2817]],[[8.7103,47.2819],[8.7081,47.2816]],[[8.7093,47.296],[8.7088,47.2958]],[[8.7125,47.2746],[8.7085,47.2748]],[[8.7109,47.2689],[8.7092,47.2692]],[[8.7099,47.2881],[8.7098,47.2881]],[[8.7099,47.2881],[8.7098,47.2881]],[[8.7123,47.2885],[8.7116,47.2878],[8.7099,47.2881]],[[8.7125,47.2746],[8.7097,47.2737]],[[8.7103,47.2819],[8.7099,47.2824]],[[8.7112,47.2823],[8.7103,47.2819]],[[8.712,47.2697],[8.7104,47.27]],[[8.7126,47.2852],[8.7112,47.2823]],[[8.712,47.2697],[8.7109,47.2689]],[[8.7109,47.2689],[8.7111,47.2682]],[[8.713,47.2698],[8.712,47.2697]],[[8.7129,47.2892],[8.7125,47.2886]],[[8.7143,47.2868],[8.7126,47.2852]],[[8.7143,47.2754],[8.7125,47.2746]],[[8.7137,47.2903],[8.7132,47.2899]],[[8.7145,47.2722],[8.713,47.2698]],[[8.713,47.2698],[8.7131,47.2693]],[[8.7154,47.2916],[8.7137,47.2903]],[[8.7137,47.2903],[8.7144,47.2894]],[[8.7152,47.2981],[8.7142,47.2977]],[[8.7144,47.2894],[8.7143,47.2868]],[[8.7143,47.2868],[8.7174,47.2855]],[[8.7176,47.2788],[8.7143,47.2754]],[[8.7143,47.2754],[8.7147,47.2735]],[[8.7157,47.2917],[8.7154,47.2916]],[[8.7154,47.2916],[8.7168,47.2907]],[[8.716,47.282],[8.7155,47.2818]],[[8.7198,47.3011],[8.7162,47.2984]],[[8.7194,47.2939],[8.7168,47.2924]],[[8.7167,47.2822],[8.7167,47.2822]],[[8.7167,47.2822],[8.7167,47.2822]],[[8.7174,47.2855],[8.7167,47.2822]],[[8.717,47.2817],[8.7179,47.279]],[[8.7174,47.2855],[8.7222,47.2835]],[[8.7186,47.2954],[8.7185,47.2958]],[[8.72,47.2963],[8.7185,47.297]],[[8.7197,47.2941],[8.7188,47.2952]],[[8.7197,47.2941],[8.7194,47.2939]],[[8.7194,47.2939],[8.7198,47.2933]],[[8.7191,47.2738],[8.7198,47.2721]],[[8.7202,47.295],[8.7197,47.2941]],[[8.7222,47.298],[8.72,47.2963]],[[8.72,47.2963],[8.7201,47.296]],[[8.7201,47.296],[8.7202,47.295]],[[8.7202,47.295],[8.7229,47.2949]],[[8.7202,47.2933],[8.7238,47.2919]],[[8.7227,47.2774],[8.7199,47.2742]],[[8.7201,47.268],[8.7204,47.2676]],[[8.7204,47.2676],[8.7204,47.2676]],[[8.7204,47.2676],[8.7259,47.2641]],[[8.7217,47.3096],[8.7244,47.3071]],[[8.7217,47.3096],[8.7217,47.3096]],[[8.7222,47.301],[8.7222,47.301]],[[8.7244,47.3071],[8.7222,47.301]],[[8.7222,47.301],[8.7222,47.298]],[[8.7222,47.2835],[8.7221,47.2789]],[[8.7222,47.2835],[8.7229,47.2831]],[[8.7221,47.2789],[8.7227,47.2774]],[[8.7221,47.2789],[8.7221,47.2789]],[[8.7229,47.2949],[8.7234,47.2953]],[[8.7229,47.2949],[8.7303,47.2894]],[[8.7227,47.2774],[8.723,47.2771]],[[8.723,47.2771],[8.7229,47.2771]],[[8.723,47.2771],[8.7287,47.2743]],[[8.723,47.2768],[8.7234,47.2762]],[[8.7235,47.2759],[8.7236,47.2758]],[[8.7244,47.3071],[8.7245,47.3071],[8.7246,47.3071],[8.7248,47.3068]],[[8.7259,47.2636],[8.725,47.2636]],[[8.7263,47.2707],[8.7262,47.2701]],[[8.7266,47.2715],[8.7264,47.2714]],[[8.7287,47.2743],[8.7266,47.2715]],[[8.7266,47.2715],[8.7289,47.2703]],[[8.7274,47.2689],[8.7282,47.2676]],[[8.7287,47.2772],[8.7298,47.2767]],[[8.7287,47.2743],[8.7289,47.2742]],[[8.7294,47.2978],[8.7302,47.2971]],[[8.7295,47.2889],[8.7297,47.2866]],[[8.7294,47.2808],[8.7302,47.279]],[[8.7297,47.2866],[8.7297,47.2866]],[[8.7297,47.2866],[8.7321,47.2849]],[[8.7303,47.2894],[8.7302,47.2894]],[[8.7303,47.2894],[8.7304,47.2894]],[[8.7302,47.279],[8.7304,47.2784]],[[8.7302,47.279],[8.7305,47.2789]],[[8.7318,47.2836],[8.7316,47.2825]],[[8.7316,47.2825],[8.732,47.2813]],[[8.7316,47.2825],[8.7316,47.2825]],[[8.7315,47.2681],[8.7341,47.2657]],[[8.7321,47.2849],[8.7321,47.2849]],[[8.732,47.2813],[8.732,47.2812]],[[8.7321,47.2849],[8.7321,47.2849]],[[8.732,47.2811],[8.7353,47.2793]],[[8.734,47.27],[8.7335,47.2696]],[[8.7348,47.2643],[8.7338,47.2632]],[[8.7365,47.2784],[8.7373,47.2766]],[[8.7366,47.2664],[8.7372,47.2658]],[[8.7376,47.2813],[8.7391,47.2805]],[[8.7381,47.2827],[8.7499,47.2779]],[[8.7381,47.2745],[8.7383,47.2744]],[[8.7383,47.2679],[8.7381,47.2673]],[[8.7393,47.2784],[8.7417,47.2768]],[[8.7391,47.2649],[8.7402,47.2642]],[[8.7474,47.2749],[8.7459,47.2745]],[[8.7499,47.2779],[8.7499,47.2779]],[[8.7499,47.2779],[8.7509,47.2776]]]}},{"type":"Feature","properties":{"id":"greifenseezufluesse-pfannenstiel-revier-258-zh","c":"ZH","p":"pacht","q":"official","k":"river","fr":1},"geometry":{"type":"MultiLineString","coordinates":[[[8.639,47.3511],[8.6387,47.3495]],[[8.641,47.3525],[8.6408,47.3523]],[[8.6443,47.3572],[8.6412,47.3526]],[[8.6429,47.343],[8.6428,47.3391]],[[8.6428,47.3388],[8.6428,47.3387]],[[8.6428,47.3389],[8.6428,47.3388]],[[8.6428,47.3388],[8.6429,47.3388]],[[8.653,47.3668],[8.6443,47.3572]],[[8.6443,47.3572],[8.6446,47.3567]],[[8.6484,47.346],[8.644,47.3442]],[[8.6453,47.3412],[8.6442,47.3395]],[[8.6463,47.3388],[8.6454,47.3387]],[[8.6462,47.3385],[8.6455,47.3382]],[[8.6463,47.3388],[8.6462,47.3385]],[[8.6462,47.3385],[8.6462,47.3376]],[[8.6473,47.3396],[8.6463,47.3388]],[[8.6495,47.3441],[8.6483,47.3432]],[[8.65,47.3366],[8.6482,47.3365]],[[8.6488,47.3351],[8.6487,47.3352]],[[8.6488,47.3351],[8.6487,47.3351]],[[8.65,47.3353],[8.6488,47.3351]],[[8.651,47.3464],[8.6506,47.3461]],[[8.6638,47.3538],[8.6514,47.3468]],[[8.6533,47.3306],[8.6515,47.33]],[[8.6534,47.3411],[8.6534,47.3411]],[[8.6542,47.3411],[8.6537,47.3411]],[[8.6542,47.3411],[8.6542,47.3411]],[[8.6607,47.3431],[8.6562,47.341],[8.6542,47.3411]],[[8.6556,47.3306],[8.6552,47.3305]],[[8.6586,47.3307],[8.6559,47.3308]],[[8.6595,47.3378],[8.6567,47.3376]],[[8.6576,47.3288],[8.657,47.3286]],[[8.6586,47.3307],[8.6576,47.3288]],[[8.6576,47.3288],[8.6587,47.326]],[[8.6612,47.3177],[8.6582,47.3164]],[[8.6632,47.3337],[8.6586,47.3307]],[[8.6602,47.3441],[8.6593,47.3439]],[[8.6618,47.3439],[8.661,47.3432]],[[8.6632,47.316],[8.661,47.3153]],[[8.6618,47.3439],[8.6618,47.3439]],[[8.6636,47.3443],[8.6618,47.3439]],[[8.6649,47.3157],[8.6613,47.3141]],[[8.6633,47.3337],[8.6618,47.3344]],[[8.6622,47.3218],[8.6619,47.3215]],[[8.6637,47.3086],[8.6621,47.3084]],[[8.6646,47.3099],[8.6622,47.3098]],[[8.6634,47.3226],[8.6624,47.322]],[[8.6632,47.3337],[8.663,47.3323]],[[8.6633,47.3337],[8.6632,47.3337]],[[8.6633,47.3337],[8.6633,47.3337]],[[8.6633,47.3337],[8.6642,47.3329]],[[8.6678,47.3374],[8.6633,47.3337]],[[8.6636,47.3443],[8.6635,47.344]],[[8.6652,47.3449],[8.6636,47.3443]],[[8.6678,47.3374],[8.6635,47.338]],[[8.6635,47.3055],[8.6631,47.3047]],[[8.6646,47.3099],[8.6637,47.3086]],[[8.6637,47.3086],[8.6638,47.3057]],[[8.6676,47.3239],[8.6644,47.323]],[[8.6695,47.3469],[8.6654,47.3451]],[[8.6717,47.3138],[8.6646,47.3099]],[[8.6649,47.3161],[8.6649,47.3161]],[[8.6655,47.3165],[8.6649,47.3161]],[[8.6649,47.3161],[8.6649,47.3161]],[[8.667,47.3174],[8.6663,47.3169]],[[8.6694,47.34],[8.6678,47.3374]],[[8.67,47.3186],[8.6677,47.3177]],[[8.668,47.3238],[8.6679,47.3238]],[[8.6797,47.3311],[8.668,47.3238]],[[8.668,47.3238],[8.6685,47.3215]],[[8.675,47.3453],[8.6697,47.3406]],[[8.6701,47.3186],[8.67,47.3186]],[[8.6704,47.3187],[8.67,47.3186]],[[8.6704,47.3187],[8.6704,47.3187]],[[8.6715,47.3194],[8.6704,47.3187]],[[8.6732,47.3195],[8.6717,47.3194]],[[8.6728,47.3145],[8.6719,47.3141]],[[8.6742,47.33],[8.6726,47.3297]],[[8.6736,47.3245],[8.673,47.3243]],[[8.673,47.3205],[8.673,47.3204]],[[8.673,47.3205],[8.673,47.3205]],[[8.6749,47.3244],[8.673,47.3205]],[[8.6762,47.3197],[8.6732,47.3146]],[[8.6762,47.3197],[8.6741,47.3195]],[[8.6749,47.3244],[8.6745,47.3244]],[[8.6754,47.3457],[8.675,47.3453]],[[8.6797,47.3311],[8.6749,47.3307]],[[8.6877,47.3305],[8.6749,47.3244]],[[8.6841,47.326],[8.6762,47.3197]],[[8.6855,47.3345],[8.6797,47.3311]],[[8.6833,47.3232],[8.6831,47.3228]],[[8.6852,47.3237],[8.6835,47.3233]],[[8.6867,47.3247],[8.6844,47.3258]],[[8.6855,47.3237],[8.6854,47.3237]],[[8.6867,47.3247],[8.6866,47.3247]],[[8.6909,47.3238],[8.6867,47.3247]]]}},{"type":"Feature","properties":{"id":"altbach-kloten-revier-276-zh","c":"ZH","p":"pacht","q":"official","k":"river"},"geometry":{"type":"MultiLineString","coordinates":[[[8.5727,47.4577],[8.5728,47.4577]],[[8.5759,47.4522],[8.5817,47.4515]],[[8.5833,47.4512],[8.5849,47.4509]],[[8.5852,47.4508],[8.5866,47.4506]],[[8.587,47.4505],[8.5891,47.4501]],[[8.5891,47.4501],[8.5892,47.4501]],[[8.5891,47.4501],[8.591,47.4498]],[[8.5913,47.4498],[8.5979,47.4475]],[[8.5929,47.4534],[8.5931,47.4536]],[[8.596,47.4555],[8.5932,47.4592]],[[8.5934,47.4537],[8.5939,47.4542]],[[8.5943,47.4545],[8.596,47.4555]],[[8.596,47.4555],[8.5962,47.4558]],[[8.5964,47.4559],[8.5967,47.4563]],[[8.5967,47.4563],[8.6006,47.456]],[[8.5967,47.4563],[8.597,47.4564]],[[8.5981,47.4473],[8.6017,47.4459]],[[8.6006,47.456],[8.6047,47.4585]],[[8.6006,47.456],[8.604,47.4542]],[[8.6025,47.4458],[8.6119,47.4441]],[[8.604,47.4542],[8.6097,47.4599]],[[8.604,47.4542],[8.6105,47.4539],[8.6126,47.4547]],[[8.6119,47.4441],[8.6121,47.4441]],[[8.6119,47.4441],[8.6143,47.4436]],[[8.6126,47.4547],[8.6129,47.4551]],[[8.6126,47.4547],[8.6134,47.4565]],[[8.6134,47.455],[8.6161,47.4547]],[[8.6143,47.4436],[8.617,47.4443]],[[8.6143,47.4436],[8.623,47.4391],[8.6287,47.4431]],[[8.6162,47.4547],[8.6172,47.4555]],[[8.6173,47.4444],[8.628,47.4435]],[[8.6199,47.4499],[8.6208,47.4503]],[[8.622,47.4507],[8.624,47.4513]],[[8.6235,47.4541],[8.6226,47.4552]],[[8.624,47.4513],[8.6236,47.454]],[[8.624,47.4513],[8.6267,47.4515]],[[8.6266,47.4563],[8.6253,47.4568]],[[8.6295,47.4436],[8.6339,47.4464]],[[8.633,47.4567],[8.6341,47.4589]],[[8.6343,47.4521],[8.633,47.4534]],[[8.6336,47.4503],[8.6357,47.4517]],[[8.6339,47.4464],[8.6336,47.4503]],[[8.6336,47.4503],[8.6337,47.4503],[8.6339,47.4504],[8.6346,47.4507],[8.6349,47.4507]],[[8.6339,47.4464],[8.6467,47.4454]],[[8.6345,47.4596],[8.6344,47.4624]],[[8.6344,47.4592],[8.6345,47.4596]],[[8.6345,47.4596],[8.6345,47.4596]],[[8.6349,47.4507],[8.6371,47.4526]],[[8.6349,47.4507],[8.6349,47.4507],[8.6354,47.4507],[8.6356,47.4507],[8.6357,47.4508],[8.6364,47.4512]],[[8.6357,47.4517],[8.6351,47.452]],[[8.6357,47.4517],[8.6409,47.4551]],[[8.6409,47.4551],[8.6439,47.4559]],[[8.6409,47.4551],[8.6447,47.4597]],[[8.6447,47.4597],[8.6417,47.4624]],[[8.6439,47.4559],[8.6444,47.4558]],[[8.6439,47.4559],[8.6441,47.4558],[8.6444,47.4558]],[[8.6444,47.4558],[8.6484,47.4561]],[[8.6447,47.4597],[8.6473,47.4606]],[[8.6473,47.4606],[8.6458,47.4641]],[[8.6467,47.4454],[8.6472,47.4458]],[[8.6467,47.4454],[8.6626,47.4429]],[[8.6473,47.4606],[8.648,47.4605],[8.65,47.461]],[[8.6472,47.4458],[8.6473,47.4459]],[[8.6472,47.4458],[8.6477,47.4461]],[[8.6476,47.4461],[8.6477,47.4461]],[[8.6477,47.4461],[8.6488,47.4468]],[[8.6486,47.4562],[8.6519,47.4588]],[[8.6491,47.447],[8.6497,47.4474]],[[8.65,47.4621],[8.6499,47.4622]],[[8.6497,47.4474],[8.6497,47.4474]],[[8.65,47.461],[8.65,47.4621]],[[8.65,47.461],[8.6504,47.461],[8.6515,47.4611],[8.6531,47.462]],[[8.65,47.4621],[8.6501,47.4621]],[[8.6497,47.4474],[8.6566,47.4506]],[[8.6532,47.4626],[8.6512,47.4646]],[[8.6531,47.462],[8.6532,47.4626]],[[8.6531,47.462],[8.6533,47.462],[8.6539,47.4621],[8.6551,47.4626]],[[8.6532,47.4626],[8.6578,47.4669]],[[8.6551,47.4575],[8.6556,47.4585]],[[8.6566,47.4506],[8.6588,47.4512]],[[8.6566,47.4506],[8.6567,47.451]],[[8.6578,47.4669],[8.6574,47.4674]],[[8.6578,47.4669],[8.6587,47.4676]],[[8.659,47.4511],[8.6613,47.4519]],[[8.6613,47.4519],[8.6597,47.4554]],[[8.6613,47.4519],[8.6623,47.4518]],[[8.6641,47.4449],[8.667,47.4476]],[[8.6649,47.4434],[8.6643,47.4442]],[[8.6655,47.463],[8.6653,47.4633]],[[8.667,47.4476],[8.6671,47.4476]],[[8.667,47.4476],[8.6671,47.4479]],[[8.668,47.4479],[8.6685,47.4485]],[[8.6685,47.4528],[8.6718,47.4551]],[[8.6711,47.4456],[8.6689,47.4478]],[[8.6716,47.4427],[8.6716,47.4433]],[[8.6755,47.4405],[8.6796,47.4402]],[[8.6766,47.4494],[8.6758,47.4493]],[[8.6766,47.4494],[8.6764,47.45]],[[8.6777,47.4459],[8.6766,47.4494]],[[8.6796,47.4402],[8.6811,47.4403]],[[8.6796,47.4402],[8.6796,47.4402]]]}},{"type":"Feature","properties":{"id":"himmelbach-revier-279-zh","c":"ZH","p":"pacht","q":"official","k":"river"},"geometry":{"type":"MultiLineString","coordinates":[[[8.5265,47.4753],[8.5339,47.4756]],[[8.533,47.4934],[8.5327,47.4941]],[[8.5378,47.4893],[8.5333,47.4932]],[[8.5382,47.4881],[8.538,47.4886]],[[8.5394,47.485],[8.5384,47.4848]],[[8.5386,47.4869],[8.5385,47.4872]],[[8.5385,47.4771],[8.5397,47.4771]],[[8.5394,47.485],[8.539,47.4854]],[[8.5403,47.4851],[8.5394,47.485]],[[8.5397,47.4771],[8.5479,47.4712]],[[8.5397,47.4771],[8.5402,47.477],[8.5406,47.4772]],[[8.5407,47.4841],[8.5406,47.4842]],[[8.5407,47.4841],[8.5415,47.4853]],[[8.5429,47.4814],[8.5407,47.4841]],[[8.5416,47.4855],[8.5436,47.4878]],[[8.5429,47.4814],[8.5432,47.4815]],[[8.5435,47.479],[8.5429,47.4814]],[[8.5429,47.4787],[8.5435,47.479]],[[8.5435,47.4816],[8.544,47.4818]],[[8.5435,47.479],[8.544,47.4791],[8.5447,47.479],[8.5479,47.4762]],[[8.5438,47.4883],[8.5515,47.492]],[[8.5441,47.4829],[8.5439,47.4851]],[[8.5449,47.482],[8.5478,47.4827]],[[8.5479,47.4762],[8.5515,47.478]],[[8.5479,47.4762],[8.5491,47.4753]],[[8.5481,47.4828],[8.5495,47.484]],[[8.5491,47.4753],[8.5571,47.4696]],[[8.5491,47.4753],[8.5494,47.4752]],[[8.5498,47.4841],[8.5558,47.4847]],[[8.5499,47.4751],[8.5506,47.4754]],[[8.5517,47.4784],[8.5553,47.4807]],[[8.5521,47.4746],[8.5533,47.4748]],[[8.5548,47.4928],[8.5627,47.494]],[[8.5548,47.475],[8.5567,47.4758]],[[8.5567,47.4904],[8.559,47.49]],[[8.5569,47.4807],[8.5601,47.481]],[[8.5571,47.4759],[8.5667,47.4762]],[[8.5571,47.4696],[8.558,47.4705]],[[8.5571,47.4696],[8.5606,47.4667]],[[8.5581,47.4707],[8.5586,47.4711]],[[8.5602,47.4884],[8.562,47.4874]],[[8.5601,47.481],[8.5606,47.4826]],[[8.5601,47.481],[8.564,47.4801]],[[8.5606,47.4667],[8.5615,47.4667]],[[8.5606,47.4667],[8.5704,47.4589]],[[8.5614,47.4717],[8.5708,47.4699]],[[8.5615,47.4667],[8.5624,47.4673]],[[8.5615,47.4667],[8.5646,47.4658]],[[8.5622,47.4873],[8.5632,47.4871]],[[8.5624,47.4829],[8.5639,47.4831]],[[8.5627,47.494],[8.5705,47.4905]],[[8.5627,47.494],[8.5645,47.4957]],[[8.5645,47.4957],[8.5647,47.4963]],[[8.5645,47.4957],[8.5646,47.4957],[8.5649,47.4958]],[[8.5647,47.4965],[8.5664,47.4985]],[[8.5652,47.496],[8.5708,47.4961]],[[8.5667,47.4762],[8.5667,47.4762]],[[8.5667,47.4762],[8.5743,47.4733]],[[8.5673,47.4796],[8.5681,47.4797]],[[8.5677,47.4764],[8.5698,47.4764]],[[8.5688,47.5006],[8.5713,47.5016]],[[8.5695,47.4803],[8.571,47.4812]],[[8.57,47.4763],[8.5707,47.476]],[[8.5716,47.4827],[8.5708,47.484]],[[8.5709,47.4854],[8.5717,47.4857]],[[8.5704,47.4589],[8.5731,47.4586]],[[8.5704,47.4589],[8.5727,47.4577]],[[8.571,47.4812],[8.5711,47.4813]],[[8.571,47.4812],[8.5714,47.4811]],[[8.5731,47.4586],[8.5732,47.4586]],[[8.5731,47.4586],[8.5746,47.4583],[8.5758,47.4598]],[[8.5734,47.4635],[8.5803,47.4675]],[[8.5742,47.4762],[8.5777,47.4803]],[[8.5745,47.4733],[8.575,47.4736]],[[8.5762,47.4613],[8.5744,47.4628]],[[8.5752,47.4806],[8.5769,47.4805]],[[8.5762,47.4612],[8.5762,47.4612]],[[8.5762,47.4612],[8.5762,47.4613]],[[8.5762,47.4601],[8.5762,47.4612]],[[8.5762,47.4613],[8.5769,47.4619]],[[8.5763,47.4625],[8.5768,47.4639]],[[8.5771,47.4621],[8.5771,47.4622]],[[8.5771,47.4622],[8.5771,47.4622]],[[8.5771,47.4622],[8.5836,47.4634]],[[8.5777,47.4803],[8.5785,47.4815]],[[8.5777,47.4803],[8.5789,47.4797]],[[8.5813,47.4675],[8.5824,47.4676]],[[8.5836,47.4634],[8.5888,47.4652]],[[8.5888,47.4652],[8.597,47.468]],[[8.5888,47.4652],[8.5932,47.4715]],[[8.595,47.475],[8.5977,47.4755]],[[8.597,47.468],[8.5971,47.4681]],[[8.5971,47.4681],[8.5971,47.469]],[[8.5971,47.4681],[8.6085,47.4652]],[[8.6009,47.4716],[8.6029,47.4724]]]}},{"type":"Feature","properties":{"id":"fischbach-oberhoeri-revier-282-zh","c":"ZH","p":"pacht","q":"official","k":"river"},"geometry":{"type":"MultiLineString","coordinates":[[[8.4282,47.4874],[8.4238,47.4855]],[[8.427,47.476],[8.4268,47.476]],[[8.4294,47.4919],[8.4282,47.4874]],[[8.4282,47.4874],[8.4287,47.4867]],[[8.43,47.493],[8.4295,47.4921]],[[8.4309,47.4935],[8.4309,47.4935]],[[8.4383,47.4935],[8.4309,47.4935]],[[8.4309,47.4935],[8.4309,47.4932]],[[8.4331,47.5057],[8.433,47.5059]],[[8.4335,47.5015],[8.4336,47.5019]],[[8.4337,47.5021],[8.4338,47.5027]],[[8.434,47.5028],[8.4342,47.5034]],[[8.4349,47.4881],[8.4364,47.4876]],[[8.4383,47.4935],[8.4375,47.4947]],[[8.4455,47.4919],[8.4383,47.4935]],[[8.4446,47.4817],[8.4383,47.4809]],[[8.443,47.475],[8.4383,47.4724]],[[8.441,47.4895],[8.4406,47.4891]],[[8.4409,47.4911],[8.4416,47.4901]],[[8.4416,47.4901],[8.4414,47.4898]],[[8.4426,47.4972],[8.4417,47.4975]],[[8.4416,47.4901],[8.4423,47.4896]],[[8.442,47.4889],[8.4421,47.4884]],[[8.4454,47.501],[8.4424,47.5008]],[[8.4423,47.4896],[8.4423,47.4896]],[[8.4423,47.4896],[8.443,47.4895]],[[8.4431,47.4893],[8.4454,47.4869]],[[8.4455,47.4778],[8.4434,47.4752]],[[8.444,47.4953],[8.444,47.4953]],[[8.444,47.4953],[8.4454,47.501]],[[8.4466,47.4933],[8.444,47.4953]],[[8.4454,47.501],[8.4473,47.5012]],[[8.4458,47.4818],[8.4454,47.4818]],[[8.4524,47.4727],[8.4453,47.4708]],[[8.446,47.4787],[8.4457,47.4782]],[[8.453,47.481],[8.4461,47.4792]],[[8.4486,47.4926],[8.4466,47.4924]],[[8.4486,47.4926],[8.447,47.4931]],[[8.4497,47.4822],[8.448,47.482]],[[8.4575,47.49],[8.4552,47.4915],[8.452,47.4924],[8.4491,47.4927],[8.4486,47.4926]],[[8.4498,47.4822],[8.4497,47.4822]],[[8.4498,47.4822],[8.4497,47.4822]],[[8.4543,47.5019],[8.4503,47.5029]],[[8.4527,47.4767],[8.4519,47.4766]],[[8.4546,47.4734],[8.4524,47.4727]],[[8.4536,47.4767],[8.4531,47.4767]],[[8.4559,47.4686],[8.4529,47.4653]],[[8.4538,47.4873],[8.4538,47.4868]],[[8.4545,47.5001],[8.4542,47.5004]],[[8.4544,47.481],[8.4539,47.481]],[[8.4543,47.5019],[8.4543,47.5019]],[[8.4545,47.5015],[8.4543,47.5019]],[[8.4546,47.4763],[8.4539,47.4767]],[[8.4544,47.5008],[8.4545,47.5015]],[[8.4545,47.5015],[8.4545,47.5015]],[[8.4575,47.49],[8.4544,47.4876]],[[8.4543,47.4716],[8.455,47.4705]],[[8.4546,47.4734],[8.4543,47.4716]],[[8.4552,47.4997],[8.455,47.4998]],[[8.4545,47.4738],[8.4546,47.4734]],[[8.455,47.4705],[8.4545,47.4685]],[[8.455,47.4705],[8.4559,47.4686]],[[8.4557,47.4761],[8.4556,47.4761]],[[8.4557,47.4761],[8.4556,47.4756]],[[8.457,47.4772],[8.4557,47.4761]],[[8.4565,47.498],[8.4564,47.4993]],[[8.4576,47.49],[8.4567,47.4974]],[[8.4576,47.49],[8.4575,47.49]],[[8.4711,47.4895],[8.4576,47.49]],[[8.4575,47.4848],[8.4575,47.4848]],[[8.4583,47.4807],[8.4575,47.4811]],[[8.4593,47.48],[8.4575,47.4779]],[[8.4646,47.4855],[8.4578,47.4848]],[[8.4605,47.4796],[8.4598,47.4798]],[[8.4618,47.4639],[8.4596,47.4642]],[[8.4627,47.4795],[8.461,47.4795]],[[8.4618,47.4639],[8.4613,47.4623]],[[8.4627,47.4643],[8.4618,47.4639]],[[8.4648,47.4943],[8.4627,47.4956]],[[8.4629,47.4795],[8.4628,47.4795],[8.4628,47.4795],[8.4627,47.4795]],[[8.4629,47.4795],[8.4628,47.4795],[8.4627,47.4795]],[[8.4654,47.4683],[8.4628,47.4691]],[[8.4631,47.4797],[8.463,47.4797]],[[8.4631,47.4797],[8.4631,47.4797]],[[8.469,47.4798],[8.4631,47.4797]],[[8.4654,47.4666],[8.4629,47.4647]],[[8.4639,47.4863],[8.4678,47.4876]],[[8.4647,47.4856],[8.4646,47.4855],[8.4646,47.4855]],[[8.4647,47.4856],[8.4646,47.4855],[8.4646,47.4855]],[[8.4666,47.486],[8.4647,47.4856]],[[8.4687,47.4642],[8.4644,47.4621]],[[8.4661,47.4671],[8.4657,47.4668]],[[8.4733,47.4893],[8.467,47.4861]],[[8.4711,47.4895],[8.4677,47.4906]],[[8.4678,47.4876],[8.4681,47.4878]],[[8.4687,47.4881],[8.4711,47.4895]],[[8.47,47.4651],[8.4689,47.4644]],[[8.4704,47.4797],[8.4693,47.4799]],[[8.47,47.4777],[8.4726,47.4701]],[[8.4706,47.4797],[8.47,47.4779]],[[8.4706,47.4797],[8.4704,47.4797]],[[8.4706,47.4797],[8.4705,47.4797],[8.4704,47.4797]],[[8.4706,47.4651],[8.4702,47.4651]],[[8.4706,47.4797],[8.4706,47.4797]],[[8.4734,47.4838],[8.4706,47.4797]],[[8.4733,47.4893],[8.4711,47.4895]],[[8.4726,47.4701],[8.4725,47.4701]],[[8.4726,47.4701],[8.4741,47.4686]],[[8.4755,47.4935],[8.4733,47.4934]],[[8.4758,47.4895],[8.4733,47.4893]],[[8.4758,47.4895],[8.4734,47.4838]],[[8.4734,47.4838],[8.4821,47.4814]],[[8.4734,47.4614],[8.4733,47.46]],[[8.4745,47.4628],[8.4735,47.4616]],[[8.4741,47.4686],[8.4741,47.4685]],[[8.4741,47.4686],[8.4752,47.4675]],[[8.4748,47.4668],[8.4762,47.4652]],[[8.4778,47.4934],[8.4757,47.4936]],[[8.4778,47.4934],[8.4758,47.4895]],[[8.4761,47.4629],[8.4808,47.461]],[[8.489,47.4987],[8.4778,47.4934]],[[8.4814,47.4607],[8.4815,47.4606]],[[8.4815,47.4606],[8.4838,47.456]],[[8.4815,47.4606],[8.4849,47.4577]],[[8.4821,47.4814],[8.4835,47.4786]],[[8.4844,47.4782],[8.485,47.4776]],[[8.485,47.4776],[8.4884,47.4761]],[[8.485,47.4776],[8.4961,47.4657]],[[8.4857,47.4927],[8.4854,47.4925]],[[8.4892,47.4984],[8.4857,47.4927]],[[8.4857,47.4927],[8.4864,47.4892]],[[8.4864,47.4892],[8.4865,47.4879]],[[8.4864,47.4892],[8.4902,47.4845]],[[8.4933,47.4999],[8.489,47.4987]],[[8.4891,47.4987],[8.489,47.4987]],[[8.4933,47.4999],[8.4932,47.4997]],[[8.4969,47.5021],[8.4933,47.4999]],[[8.5006,47.4546],[8.4936,47.4536]],[[8.4984,47.4644],[8.4981,47.4604]],[[8.4984,47.4599],[8.5011,47.4577]],[[8.5013,47.4541],[8.4989,47.4516]],[[8.5011,47.4577],[8.5011,47.4577]],[[8.5011,47.4577],[8.5012,47.4577]],[[8.503,47.4536],[8.5022,47.4501]],[[8.5068,47.4533],[8.5094,47.4498]],[[8.5079,47.4537],[8.5133,47.4524]],[[8.5098,47.4496],[8.5105,47.4493]],[[8.5104,47.4486],[8.5118,47.4459]]]}},{"type":"Feature","properties":{"id":"jona-301-zh","c":"ZH","p":"pacht","q":"official","k":"river"},"geometry":{"type":"MultiLineString","coordinates":[[[8.8887,47.2988],[8.8888,47.2988]],[[8.8909,47.2981],[8.8895,47.2981]],[[8.8914,47.3119],[8.89,47.3129]],[[8.8919,47.3081],[8.8911,47.3084]],[[8.8936,47.3114],[8.8916,47.3117]],[[8.8919,47.3081],[8.8915,47.3076]],[[8.9066,47.3078],[8.9023,47.3085],[8.8919,47.3081]],[[8.895,47.2972],[8.8921,47.2976]],[[8.895,47.2972],[8.8923,47.2965]],[[8.8958,47.3025],[8.8941,47.3017]],[[8.9098,47.3105],[8.8945,47.312]],[[8.896,47.3021],[8.8949,47.3014]],[[8.8969,47.295],[8.8949,47.2938]],[[8.8973,47.2966],[8.895,47.2972]],[[8.8958,47.3025],[8.8952,47.3019]],[[8.896,47.3021],[8.8957,47.3017]],[[8.8963,47.3024],[8.8958,47.3025]],[[8.8963,47.3024],[8.896,47.3021]],[[8.8972,47.3],[8.896,47.3001]],[[8.8972,47.3],[8.8961,47.3005]],[[8.8972,47.3024],[8.8963,47.3024]],[[8.8994,47.2997],[8.8972,47.3]],[[8.8973,47.2966],[8.8972,47.2972]],[[8.8996,47.296],[8.8973,47.2966]],[[8.9002,47.305],[8.8976,47.3025]],[[8.9003,47.3061],[8.8989,47.3059]],[[8.8996,47.296],[8.8988,47.2956]],[[8.9003,47.3061],[8.8996,47.3064]],[[8.9091,47.2942],[8.8996,47.296]],[[8.9023,47.3058],[8.9001,47.3073]],[[8.9023,47.3058],[8.9003,47.3061]],[[8.9079,47.2914],[8.9002,47.2934]],[[8.9015,47.2993],[8.9007,47.299]],[[8.9015,47.2993],[8.9015,47.2993]],[[8.9028,47.2998],[8.9019,47.2994],[8.9016,47.2994],[8.9015,47.2993],[8.9015,47.2993]],[[8.9079,47.2903],[8.9014,47.2897]],[[8.9078,47.2906],[8.9017,47.2909]],[[8.9071,47.2874],[8.9017,47.2862]],[[8.9024,47.3058],[8.9023,47.3058]],[[8.9054,47.2884],[8.9026,47.288]],[[8.9033,47.3057],[8.9031,47.3057]],[[8.9041,47.3002],[8.9031,47.2998]],[[8.9033,47.3057],[8.9033,47.3057]],[[8.9066,47.3078],[8.9033,47.3057]],[[8.9032,47.2722],[8.9041,47.2726]],[[8.903,47.2637],[8.9036,47.2639]],[[8.9077,47.2787],[8.9042,47.28]],[[8.9053,47.2695],[8.9038,47.264]],[[8.9041,47.2726],[8.9042,47.2725]],[[8.9041,47.2726],[8.9045,47.2726]],[[8.9044,47.2723],[8.9053,47.2695]],[[8.9055,47.2783],[8.9049,47.278]],[[8.9085,47.2815],[8.9052,47.2832]],[[8.907,47.3011],[8.9058,47.3008]],[[8.9053,47.2695],[8.9053,47.2694]],[[8.9098,47.3105],[8.9066,47.3078]],[[8.908,47.2877],[8.9062,47.2883]],[[8.9095,47.305],[8.9067,47.3024]],[[8.9076,47.2909],[8.9064,47.2914]],[[8.9081,47.2781],[8.9064,47.2783]],[[8.9066,47.2733],[8.9064,47.2737]],[[8.9079,47.2784],[8.9066,47.2786]],[[8.9079,47.3012],[8.9072,47.3012]],[[8.9065,47.2733],[8.9066,47.2733]],[[8.9066,47.2733],[8.9104,47.2745]],[[8.9066,47.273],[8.9067,47.273]],[[8.907,47.2728],[8.909,47.2722]],[[8.9076,47.2909],[8.9079,47.2914]],[[8.9078,47.2906],[8.9076,47.2909]],[[8.907,47.2681],[8.9071,47.2669]],[[8.908,47.2877],[8.9076,47.2875]],[[8.9079,47.2914],[8.9078,47.292]],[[8.9071,47.2664],[8.9072,47.2635]],[[8.9079,47.2903],[8.9078,47.2906]],[[8.9077,47.2787],[8.9076,47.2796]],[[8.9134,47.2902],[8.9079,47.2903]],[[8.9079,47.2784],[8.9077,47.2787]],[[8.9146,47.2867],[8.908,47.2877]],[[8.9088,47.2831],[8.9079,47.2835]],[[8.9081,47.2781],[8.9079,47.2784]],[[8.9091,47.2942],[8.9083,47.2944]],[[8.9105,47.2773],[8.9081,47.2781]],[[8.9085,47.286],[8.9084,47.2869]],[[8.9165,47.3015],[8.9092,47.301]],[[8.9094,47.2943],[8.9091,47.2948]],[[8.9094,47.2943],[8.9091,47.2942]],[[8.9092,47.2812],[8.9089,47.2814]],[[8.9099,47.2843],[8.909,47.2849]],[[8.9162,47.3094],[8.9131,47.3115],[8.9098,47.3105]],[[8.9134,47.2846],[8.9091,47.2858]],[[8.911,47.2944],[8.9094,47.2943]],[[8.9121,47.308],[8.9099,47.3054]],[[8.909,47.2722],[8.9096,47.2722]],[[8.909,47.2722],[8.9101,47.2713]],[[8.9099,47.2832],[8.9094,47.2832]],[[8.9099,47.2691],[8.909,47.2651]],[[8.9106,47.2953],[8.9103,47.2953]],[[8.9105,47.284],[8.9101,47.2843]],[[8.9106,47.2953],[8.9105,47.2954]],[[8.911,47.2946],[8.9106,47.2953]],[[8.9131,47.2791],[8.9103,47.2807]],[[8.912,47.2828],[8.9105,47.283]],[[8.912,47.2828],[8.9107,47.2838]],[[8.911,47.2944],[8.911,47.2944]],[[8.9177,47.2936],[8.911,47.2944]],[[8.9104,47.2745],[8.9107,47.2745]],[[8.9104,47.2745],[8.9113,47.2771]],[[8.9104,47.271],[8.9103,47.2699]],[[8.9104,47.271],[8.9104,47.271]],[[8.9104,47.271],[8.9104,47.271]],[[8.9104,47.271],[8.9116,47.2702]],[[8.9113,47.2771],[8.9108,47.2773]],[[8.9126,47.2959],[8.9116,47.2959]],[[8.9111,47.2745],[8.913,47.2745]],[[8.9113,47.2771],[8.9119,47.278]],[[8.9124,47.3083],[8.9124,47.3083]],[[8.9126,47.2959],[8.9121,47.2965]],[[8.9118,47.2596],[8.9112,47.2592]],[[8.9154,47.3043],[8.9125,47.3057]],[[8.912,47.2828],[8.912,47.2828]],[[8.9117,47.2699],[8.9118,47.2698]],[[8.9118,47.2699],[8.9118,47.2698]],[[8.915,47.2808],[8.9121,47.2825]],[[8.9118,47.2698],[8.9131,47.2686]],[[8.9162,47.3094],[8.9129,47.3089]],[[8.9176,47.2957],[8.9126,47.2959]],[[8.9123,47.2785],[8.9131,47.2791]],[[8.9147,47.2997],[8.9131,47.2997]],[[8.9131,47.2686],[8.9125,47.2666]],[[8.9148,47.2634],[8.9124,47.2599]],[[8.9165,47.2905],[8.9134,47.2902]],[[8.9131,47.2791],[8.915,47.2808]],[[8.9159,47.2974],[8.9139,47.2975]],[[8.9131,47.2686],[8.9141,47.2685],[8.9151,47.2687]],[[8.915,47.2841],[8.9137,47.2845]],[[8.9148,47.2634],[8.9133,47.2625]],[[8.9154,47.3043],[8.9167,47.308]],[[8.9159,47.3026],[8.9154,47.3043]],[[8.9167,47.2859],[8.915,47.2866]],[[8.915,47.2808],[8.9165,47.2836]],[[8.915,47.2727],[8.9153,47.2725]],[[8.9169,47.2656],[8.9148,47.2634]],[[8.9165,47.3015],[8.9159,47.3026]],[[8.9159,47.3026],[8.9159,47.3026],[8.9162,47.3027],[8.9163,47.3028],[8.9165,47.3028],[8.9169,47.3032],[8.918,47.3049],[8.9178,47.3056]],[[8.9172,47.2919],[8.9156,47.2919]],[[8.9165,47.2836],[8.9154,47.2839]],[[8.9151,47.2687],[8.9151,47.2688]],[[8.9151,47.2687],[8.9164,47.2698]],[[8.9165,47.3087],[8.9162,47.3094]],[[8.9166,47.3086],[8.9165,47.3096]],[[8.9169,47.301],[8.9165,47.3015]],[[8.9157,47.2725],[8.9279,47.2716]],[[8.917,47.3105],[8.922,47.3098]],[[8.9169,47.301],[8.9174,47.3013]],[[8.9178,47.3001],[8.9169,47.301]],[[8.9162,47.2753],[8.9165,47.2753]],[[8.9165,47.2836],[8.917,47.284]],[[8.9162,47.2689],[8.9169,47.2687]],[[8.9175,47.2907],[8.9168,47.2906]],[[8.9167,47.2859],[8.9171,47.2868]],[[8.917,47.284],[8.9167,47.2859]],[[8.9174,47.2994],[8.9173,47.2995]],[[8.9163,47.263],[8.9167,47.2606]],[[8.917,47.284],[8.9175,47.2837],[8.918,47.2841]],[[8.9167,47.2754],[8.9178,47.2755]],[[8.9174,47.2994],[8.9178,47.3001]],[[8.9185,47.2984],[8.9174,47.2994]],[[8.9171,47.2868],[8.9176,47.2886]],[[8.9171,47.2868],[8.9174,47.2867],[8.9179,47.2868]],[[8.9172,47.2919],[8.9174,47.2923]],[[8.9175,47.2907],[8.9172,47.2919]],[[8.9167,47.2698],[8.9218,47.2705]],[[8.9174,47.2923],[8.9188,47.2928]],[[8.9174,47.2923],[8.9177,47.2936]],[[8.9176,47.2957],[8.9176,47.2958]],[[8.918,47.2956],[8.9176,47.2957]],[[8.9177,47.2894],[8.9175,47.2907]],[[8.9178,47.3001],[8.9195,47.3012]],[[8.9177,47.2936],[8.9177,47.2938]],[[8.9177,47.2938],[8.918,47.2956]],[[8.9177,47.2938],[8.9187,47.2935],[8.9207,47.2943]],[[8.9176,47.2886],[8.9177,47.2889]],[[8.9176,47.2886],[8.9192,47.2878]],[[8.9177,47.2894],[8.9189,47.2898]],[[8.9177,47.2889],[8.9177,47.2894]],[[8.9177,47.2889],[8.919,47.289]],[[8.9182,47.3058],[8.9251,47.3064]],[[8.918,47.2956],[8.9184,47.2966]],[[8.9205,47.2624],[8.9171,47.2595]],[[8.9185,47.3031],[8.9187,47.3031]],[[8.918,47.2841],[8.9185,47.2844]],[[8.918,47.2841],[8.9185,47.284],[8.9187,47.2841]],[[8.9184,47.2966],[8.9227,47.2967]],[[8.9184,47.2966],[8.9187,47.2978]],[[8.9185,47.2984],[8.9185,47.2986]],[[8.9187,47.2982],[8.9185,47.2984]],[[8.9188,47.3034],[8.9194,47.3038]],[[8.9188,47.303],[8.9249,47.3023]],[[8.9187,47.2982],[8.9189,47.2984]],[[8.9187,47.2978],[8.9187,47.2982]],[[8.9187,47.2978],[8.919,47.2981]],[[8.9182,47.2755],[8.9204,47.2764]],[[8.9191,47.29],[8.921,47.29]],[[8.9195,47.2985],[8.9203,47.2987]],[[8.9193,47.289],[8.9206,47.2889]],[[8.9198,47.3039],[8.9202,47.304]],[[8.9198,47.3012],[8.9226,47.3015]],[[8.9198,47.2929],[8.9201,47.2928]],[[8.9202,47.2994],[8.9204,47.2994]],[[8.9205,47.304],[8.921,47.3042]],[[8.9202,47.293],[8.9205,47.293]],[[8.9204,47.2982],[8.9206,47.2982]],[[8.9204,47.2927],[8.9206,47.2926]],[[8.9206,47.2926],[8.923,47.2922]],[[8.9206,47.2926],[8.9216,47.2918]],[[8.9208,47.293],[8.922,47.293]],[[8.9211,47.2982],[8.922,47.2984]],[[8.921,47.2943],[8.9227,47.2945]],[[8.9206,47.2768],[8.9248,47.2781]],[[8.9205,47.2667],[8.9243,47.2678]],[[8.9208,47.2648],[8.921,47.2634]],[[8.9227,47.2945],[8.9394,47.3016]],[[8.9227,47.2945],[8.9234,47.294]],[[8.9234,47.294],[8.925,47.2939]],[[8.9234,47.294],[8.9242,47.2935]],[[8.9248,47.3089],[8.9248,47.3091]],[[8.9249,47.3023],[8.9252,47.3019]],[[8.9249,47.3023],[8.926,47.3022]],[[8.9251,47.3064],[8.9258,47.3063]],[[8.9251,47.3064],[8.9252,47.3079]],[[8.9252,47.3079],[8.9252,47.3079]],[[8.9252,47.3079],[8.9257,47.3079]],[[8.925,47.2939],[8.9263,47.294]],[[8.925,47.2939],[8.9258,47.2936]],[[8.9243,47.2678],[8.9243,47.2678]],[[8.9243,47.2678],[8.9243,47.2678]],[[8.9244,47.2683],[8.9244,47.2688]],[[8.9248,47.2781],[8.9269,47.2776]],[[8.9248,47.2781],[8.9257,47.2775]],[[8.9257,47.3079],[8.9264,47.3079]],[[8.9257,47.3079],[8.9257,47.3079]],[[8.9247,47.2679],[8.9255,47.2682]],[[8.9258,47.3063],[8.9271,47.3066]],[[8.9258,47.3063],[8.926,47.3061]],[[8.9259,47.3049],[8.9259,47.3049]],[[8.9259,47.3049],[8.9259,47.3041]],[[8.9259,47.3049],[8.9261,47.3049],[8.9262,47.3049]],[[8.9266,47.302],[8.9269,47.3016]],[[8.927,47.308],[8.9297,47.3092]],[[8.9271,47.3066],[8.9303,47.3075]],[[8.9271,47.3066],[8.9293,47.306]],[[8.9271,47.2931],[8.9277,47.2928]],[[8.9269,47.2776],[8.9284,47.2771]],[[8.9269,47.2776],[8.927,47.2776],[8.9271,47.2776],[8.9277,47.2779],[8.9295,47.2781],[8.9309,47.2785]],[[8.9287,47.3097],[8.9294,47.3108]],[[8.9293,47.306],[8.9292,47.3058]],[[8.9293,47.306],[8.93,47.306]],[[8.9297,47.3092],[8.9337,47.3108]],[[8.9297,47.3092],[8.9312,47.311]],[[8.9297,47.3047],[8.9323,47.3031]],[[8.9303,47.3075],[8.9304,47.3075]],[[8.9303,47.3075],[8.9308,47.3072],[8.9341,47.3074]],[[8.9312,47.311],[8.9313,47.3114]],[[8.9312,47.311],[8.9313,47.311],[8.9317,47.3113]],[[8.9306,47.2719],[8.9323,47.2732]],[[8.9309,47.2785],[8.931,47.2787]],[[8.9309,47.2785],[8.9311,47.2784]],[[8.9319,47.3083],[8.9339,47.3095]],[[8.9323,47.3031],[8.9324,47.3029]],[[8.9323,47.3031],[8.9327,47.3029]],[[8.9341,47.3074],[8.9363,47.3096]],[[8.9341,47.3074],[8.9343,47.3074]],[[8.9343,47.3074],[8.9345,47.3073]],[[8.9345,47.3073],[8.9363,47.3078]],[[8.9345,47.3073],[8.935,47.3071]],[[8.935,47.3071],[8.9368,47.3065]],[[8.935,47.3071],[8.936,47.307],[8.9396,47.3077]],[[8.9366,47.3079],[8.9409,47.309]],[[8.9368,47.3065],[8.9387,47.307]],[[8.9368,47.3065],[8.9375,47.306]],[[8.9375,47.306],[8.9383,47.3055]],[[8.9375,47.306],[8.938,47.306]],[[8.9387,47.307],[8.9417,47.3069]],[[8.9387,47.307],[8.9401,47.3063]],[[8.9395,47.3025],[8.9393,47.3029]],[[8.9394,47.3016],[8.9408,47.3019]],[[8.9394,47.3016],[8.9395,47.3025]],[[8.9395,47.3025],[8.9409,47.3042]],[[8.9408,47.3019],[8.9419,47.3027]],[[8.9408,47.3019],[8.9409,47.3018],[8.941,47.3019],[8.9424,47.3023]]]}},{"type":"Feature","properties":{"id":"possengraben-revier-310-zh","c":"ZH","p":"pacht","q":"official","k":"river"},"geometry":{"type":"MultiLineString","coordinates":[[[8.8286,47.2905],[8.8272,47.2914]],[[8.8281,47.2969],[8.8283,47.297]],[[8.8292,47.2909],[8.8281,47.2969]],[[8.8281,47.2969],[8.8282,47.2969],[8.8283,47.297]],[[8.8276,47.2694],[8.8275,47.2694]],[[8.8276,47.2694],[8.8306,47.2732]],[[8.8299,47.2669],[8.8276,47.2694]],[[8.8283,47.297],[8.8382,47.2972]],[[8.8286,47.2905],[8.8287,47.2906]],[[8.8335,47.2856],[8.8286,47.2905]],[[8.8292,47.2842],[8.8289,47.2844]],[[8.8292,47.2909],[8.8292,47.2909]],[[8.8292,47.2909],[8.8316,47.2909],[8.8359,47.2884]],[[8.8302,47.2615],[8.8289,47.2617]],[[8.8319,47.2646],[8.8298,47.2667]],[[8.831,47.2833],[8.8309,47.2838]],[[8.831,47.2833],[8.8331,47.2853]],[[8.833,47.2788],[8.831,47.2833]],[[8.8309,47.2614],[8.8304,47.2614]],[[8.8309,47.2734],[8.8339,47.2736]],[[8.8339,47.2625],[8.8319,47.2616]],[[8.833,47.2788],[8.8324,47.2787]],[[8.8329,47.2628],[8.8324,47.2643]],[[8.8353,47.2761],[8.833,47.2788]],[[8.8339,47.2625],[8.8329,47.2628]],[[8.8339,47.2736],[8.8353,47.2761]],[[8.8339,47.2736],[8.8366,47.273]],[[8.8348,47.2625],[8.8342,47.2624],[8.8339,47.2625]],[[8.8353,47.2761],[8.8354,47.2762]],[[8.8366,47.2845],[8.8368,47.285]],[[8.838,47.283],[8.8367,47.2835]],[[8.8366,47.273],[8.8466,47.2712]],[[8.8366,47.273],[8.8367,47.273],[8.8368,47.273],[8.837,47.2731],[8.8383,47.2765],[8.8394,47.2772]],[[8.838,47.283],[8.8385,47.2838]],[[8.8397,47.2806],[8.838,47.283]],[[8.8387,47.297],[8.8399,47.298]],[[8.8394,47.2772],[8.8399,47.2775]],[[8.8394,47.2772],[8.8394,47.2773]],[[8.8394,47.279],[8.8398,47.28]],[[8.8402,47.298],[8.845,47.2988]],[[8.8399,47.2775],[8.8421,47.2778]],[[8.8411,47.284],[8.8409,47.2856]],[[8.8419,47.2838],[8.8414,47.2839]],[[8.8424,47.2832],[8.8425,47.2834]],[[8.8432,47.2803],[8.8424,47.2832]],[[8.8424,47.2832],[8.8425,47.2832]],[[8.8425,47.2834],[8.8424,47.2835]],[[8.8425,47.2834],[8.8427,47.2838]],[[8.8427,47.2832],[8.845,47.282]],[[8.8427,47.2783],[8.843,47.2798]],[[8.8433,47.284],[8.8438,47.2845]],[[8.8438,47.2845],[8.8439,47.2858]],[[8.8438,47.2845],[8.8454,47.2838]],[[8.8453,47.2988],[8.8482,47.2981]],[[8.8466,47.2712],[8.8495,47.2757]],[[8.8466,47.2712],[8.8524,47.2707]],[[8.8475,47.2793],[8.8472,47.2795]],[[8.8484,47.298],[8.8497,47.298]],[[8.8495,47.2757],[8.8495,47.2758]],[[8.8495,47.2757],[8.8495,47.2757]],[[8.8509,47.2986],[8.859,47.2993]],[[8.8509,47.2793],[8.8514,47.28]],[[8.8514,47.28],[8.8513,47.28]],[[8.8514,47.28],[8.8529,47.2808]],[[8.8516,47.2766],[8.8529,47.2763]],[[8.8529,47.2808],[8.8527,47.2811]],[[8.8529,47.2808],[8.8577,47.2842]],[[8.8527,47.2707],[8.8528,47.2707]],[[8.8529,47.2763],[8.8529,47.2763]],[[8.8529,47.2763],[8.8562,47.2762],[8.8598,47.2785]],[[8.853,47.2774],[8.8537,47.278]],[[8.853,47.2707],[8.8545,47.2712]],[[8.854,47.2783],[8.8546,47.2785]],[[8.8545,47.2712],[8.8566,47.2714]],[[8.8545,47.2712],[8.8562,47.2724]],[[8.855,47.2786],[8.8566,47.2799]],[[8.8562,47.2724],[8.8563,47.2725]],[[8.8562,47.2724],[8.8563,47.2725],[8.8563,47.2725]],[[8.8563,47.2725],[8.8698,47.2773]],[[8.8577,47.2842],[8.8577,47.2846]],[[8.8577,47.2842],[8.8578,47.2842],[8.8579,47.2842],[8.8585,47.2847],[8.8594,47.285],[8.8597,47.2854],[8.8643,47.2848]],[[8.8593,47.2711],[8.8636,47.2707]],[[8.8598,47.2785],[8.8599,47.2787]],[[8.8598,47.2785],[8.8599,47.2785]],[[8.8601,47.2792],[8.8607,47.2826]],[[8.8603,47.2785],[8.8615,47.2783]],[[8.8608,47.2828],[8.8612,47.2837]],[[8.8616,47.2838],[8.8621,47.284]],[[8.8618,47.2782],[8.8642,47.2786]],[[8.8639,47.2708],[8.8649,47.271]],[[8.8643,47.2848],[8.8675,47.2861]],[[8.8643,47.2848],[8.8651,47.2846],[8.8676,47.2853]],[[8.8653,47.2789],[8.8659,47.279]],[[8.8662,47.279],[8.8668,47.2792]],[[8.8666,47.2799],[8.8665,47.2801]],[[8.8666,47.2799],[8.8666,47.2799]],[[8.8668,47.2792],[8.8666,47.2799]],[[8.8666,47.2802],[8.8666,47.2803]],[[8.8666,47.2802],[8.8666,47.2803]],[[8.8666,47.2803],[8.8667,47.2803]],[[8.8668,47.2792],[8.8668,47.2792]],[[8.8671,47.2793],[8.8671,47.2793]],[[8.8675,47.2861],[8.8686,47.2867]],[[8.8675,47.2861],[8.8681,47.2859]],[[8.8677,47.2819],[8.87,47.2825]],[[8.8679,47.2853],[8.8693,47.2849]],[[8.8681,47.2859],[8.8711,47.2862]],[[8.8681,47.2859],[8.8698,47.2855]],[[8.8698,47.2773],[8.8706,47.2788]],[[8.8698,47.2773],[8.8699,47.2773],[8.8703,47.2774],[8.8707,47.2774]],[[8.8706,47.2788],[8.8706,47.2788]],[[8.8706,47.2788],[8.8732,47.28]],[[8.8706,47.2788],[8.8717,47.2809]],[[8.8714,47.2862],[8.8717,47.2857]],[[8.872,47.2811],[8.8716,47.2813]],[[8.8735,47.2802],[8.8727,47.2814]],[[8.8732,47.28],[8.8735,47.2802]],[[8.8732,47.28],[8.8736,47.28]],[[8.8735,47.2802],[8.8736,47.2802],[8.8739,47.2803],[8.8744,47.2805]],[[8.8739,47.28],[8.8755,47.28]],[[8.8744,47.2805],[8.8745,47.2806]],[[8.8744,47.2805],[8.8744,47.2804],[8.8745,47.2806]],[[8.8745,47.2806],[8.8746,47.2806]],[[8.8746,47.2806],[8.8751,47.2811]],[[8.8746,47.2806],[8.8749,47.2806],[8.8754,47.2808],[8.8761,47.2808]],[[8.8751,47.2811],[8.8778,47.2848]],[[8.8751,47.2811],[8.8754,47.2811]],[[8.8778,47.2848],[8.8791,47.2854]],[[8.8778,47.2848],[8.8786,47.2856]]]}},{"type":"Feature","properties":{"id":"baeche-staefa-maennedorf-revier-319-zh","c":"ZH","p":"pacht","q":"official","k":"river"},"geometry":{"type":"MultiLineString","coordinates":[[[8.6783,47.258],[8.6787,47.2586]],[[8.68,47.2597],[8.6822,47.2599]],[[8.6822,47.2599],[8.6829,47.2603],[8.6832,47.2603]],[[8.6822,47.2599],[8.6822,47.2599],[8.6823,47.26],[8.6825,47.26],[8.6832,47.2603]],[[8.6832,47.2603],[8.6832,47.2609]],[[8.6832,47.2603],[8.6832,47.2603],[8.6833,47.2603],[8.6844,47.2604],[8.6861,47.261]],[[8.6834,47.2611],[8.6839,47.2618]],[[8.6842,47.2619],[8.6849,47.2618]],[[8.6863,47.2633],[8.6862,47.2637]],[[8.6869,47.264],[8.6889,47.2638]],[[8.688,47.2619],[8.6917,47.262]],[[8.6903,47.2563],[8.6921,47.258]],[[8.692,47.2631],[8.6925,47.2634]],[[8.6922,47.2542],[8.6925,47.2543]],[[8.6928,47.2546],[8.6957,47.2554]],[[8.6949,47.2593],[8.6949,47.2594]],[[8.6955,47.2558],[8.6951,47.2558]],[[8.6955,47.2559],[8.6956,47.2571]],[[8.6958,47.2555],[8.6957,47.2556]],[[8.6957,47.2573],[8.698,47.2595]],[[8.6957,47.2554],[8.6958,47.2555]],[[8.6957,47.2554],[8.6957,47.2554]],[[8.6957,47.2554],[8.6986,47.255]],[[8.6958,47.2555],[8.6968,47.2562]],[[8.6971,47.2564],[8.7032,47.2595]],[[8.6981,47.2597],[8.7014,47.263]],[[8.6995,47.2535],[8.6996,47.2537]],[[8.7001,47.256],[8.7018,47.2565]],[[8.7005,47.2479],[8.7007,47.2483]],[[8.7006,47.2489],[8.7007,47.2495]],[[8.7011,47.2545],[8.7015,47.2542]],[[8.7014,47.263],[8.7014,47.263]],[[8.7014,47.263],[8.7018,47.2629],[8.7026,47.2632]],[[8.702,47.2566],[8.7025,47.2568]],[[8.7023,47.2649],[8.7026,47.2657]],[[8.7027,47.2659],[8.7031,47.267]],[[8.7032,47.2631],[8.7043,47.2629]],[[8.7031,47.2471],[8.704,47.2483]],[[8.7034,47.2541],[8.7039,47.2542]],[[8.7038,47.2599],[8.704,47.2606]],[[8.7038,47.2571],[8.7078,47.2564]],[[8.7039,47.2542],[8.7049,47.2552]],[[8.7039,47.2542],[8.705,47.2539],[8.7074,47.2547]],[[8.7044,47.2639],[8.7081,47.2636]],[[8.7045,47.2597],[8.7085,47.2607]],[[8.7043,47.2484],[8.705,47.2483]],[[8.7052,47.2628],[8.7065,47.2624]],[[8.7061,47.2494],[8.7064,47.2497]],[[8.7066,47.2509],[8.7066,47.2515]],[[8.7066,47.2498],[8.7069,47.2505]],[[8.7068,47.252],[8.7068,47.2527]],[[8.7074,47.2459],[8.7076,47.2461]],[[8.708,47.2468],[8.7081,47.2472]],[[8.7082,47.2565],[8.7086,47.2567]],[[8.7081,47.2513],[8.7085,47.2522]],[[8.7085,47.2607],[8.7086,47.261]],[[8.7085,47.2607],[8.709,47.2605]],[[8.7091,47.2493],[8.7082,47.2506]],[[8.7082,47.2474],[8.7091,47.2492]],[[8.709,47.2605],[8.709,47.2605]],[[8.709,47.2605],[8.7096,47.2604]],[[8.7089,47.257],[8.7092,47.2581]],[[8.709,47.2544],[8.7095,47.2543]],[[8.709,47.2452],[8.7095,47.2459]],[[8.7095,47.2585],[8.7107,47.2592]],[[8.7095,47.2543],[8.7104,47.2553]],[[8.7095,47.2543],[8.7099,47.2542]],[[8.7095,47.2496],[8.7099,47.2498]],[[8.7095,47.2459],[8.7095,47.2463]],[[8.7095,47.2459],[8.7101,47.2459],[8.7104,47.2456]],[[8.7099,47.2448],[8.7101,47.2449]],[[8.7101,47.25],[8.7114,47.2521]],[[8.7101,47.2471],[8.7106,47.2484]],[[8.7102,47.2443],[8.7107,47.2445]],[[8.7105,47.2538],[8.7128,47.2535]],[[8.7111,47.2594],[8.7123,47.2603]],[[8.7108,47.2457],[8.7109,47.2457]],[[8.711,47.2453],[8.7118,47.2462]],[[8.7112,47.245],[8.7123,47.2456]],[[8.7118,47.2523],[8.7137,47.2544]],[[8.713,47.2554],[8.7131,47.2561]],[[8.7132,47.2552],[8.7131,47.2562]],[[8.7132,47.2552],[8.7131,47.2552]],[[8.7137,47.2544],[8.7132,47.2552]],[[8.7132,47.2513],[8.714,47.252]],[[8.7137,47.2544],[8.715,47.2554]],[[8.7146,47.2493],[8.7151,47.2494]],[[8.715,47.2556],[8.7161,47.2579]],[[8.7168,47.2532],[8.7173,47.2542]],[[8.7166,47.2423],[8.717,47.2458]],[[8.7173,47.2555],[8.7173,47.2556]],[[8.717,47.2458],[8.7205,47.2481]],[[8.7174,47.2547],[8.7173,47.2548]],[[8.7175,47.2411],[8.7172,47.2422]],[[8.7192,47.2495],[8.7177,47.2518]],[[8.7193,47.2542],[8.7184,47.2542]],[[8.7194,47.2402],[8.7187,47.2408]],[[8.721,47.2532],[8.7198,47.2541]],[[8.7205,47.2481],[8.7201,47.2483]],[[8.7205,47.2481],[8.7218,47.2493]],[[8.721,47.2532],[8.7215,47.2542]],[[8.7212,47.2524],[8.721,47.2532]],[[8.7213,47.251],[8.7212,47.252]],[[8.722,47.2498],[8.7214,47.2508]],[[8.7214,47.238],[8.7216,47.2385]],[[8.7218,47.2493],[8.7218,47.2493]],[[8.7218,47.2493],[8.7242,47.2508]],[[8.7242,47.251],[8.7247,47.2526]],[[8.7248,47.2528],[8.7251,47.2546]],[[8.7251,47.2407],[8.7251,47.2407]],[[8.7251,47.2407],[8.7251,47.2407]],[[8.7254,47.2549],[8.7259,47.2553]],[[8.7251,47.2407],[8.728,47.2436]],[[8.7259,47.2553],[8.7257,47.2559]],[[8.7259,47.2553],[8.7261,47.2553]],[[8.7271,47.2475],[8.7271,47.2475]],[[8.7271,47.2478],[8.7272,47.2479]],[[8.7274,47.2468],[8.7272,47.2473]],[[8.7273,47.2481],[8.7306,47.2535]],[[8.7285,47.2459],[8.7275,47.2465]],[[8.7284,47.2441],[8.7285,47.2444]],[[8.7285,47.2444],[8.7286,47.2445]],[[8.7285,47.2444],[8.7285,47.2459]],[[8.7285,47.2459],[8.7298,47.2467]],[[8.729,47.2445],[8.7293,47.2445]],[[8.7303,47.2445],[8.7313,47.2447]],[[8.7303,47.2364],[8.7304,47.2366]],[[8.7306,47.2367],[8.7312,47.2369]],[[8.7312,47.2482],[8.7314,47.249]],[[8.7315,47.2492],[8.7315,47.2493]],[[8.7346,47.2473],[8.7342,47.2532]],[[8.734,47.2411],[8.7352,47.2436]],[[8.7342,47.2392],[8.7341,47.2401]],[[8.7342,47.2338],[8.735,47.2359]],[[8.7345,47.2442],[8.7351,47.245]],[[8.7351,47.245],[8.7349,47.2455]],[[8.7348,47.2387],[8.7348,47.2387]],[[8.7348,47.2387],[8.7354,47.2391]],[[8.7354,47.2379],[8.7348,47.2387]],[[8.7351,47.245],[8.7351,47.245]],[[8.7351,47.2361],[8.7357,47.2368]],[[8.7354,47.2393],[8.7354,47.2394]],[[8.7355,47.2453],[8.7362,47.2461]],[[8.7358,47.2376],[8.7357,47.2377]],[[8.7358,47.237],[8.7359,47.2374]],[[8.736,47.2399],[8.7377,47.2399]],[[8.7365,47.2467],[8.7366,47.2472]],[[8.7381,47.24],[8.7389,47.2415]],[[8.7389,47.2415],[8.7408,47.243]],[[8.7389,47.2415],[8.7449,47.2485]],[[8.7449,47.2487],[8.7436,47.2513]],[[8.749,47.2441],[8.7491,47.2447]],[[8.7541,47.2413],[8.7495,47.2425]],[[8.7541,47.2387],[8.7509,47.2384]],[[8.7541,47.2413],[8.7537,47.2422]],[[8.7553,47.2403],[8.7547,47.2411],[8.7542,47.2413],[8.7541,47.2413],[8.7541,47.2413]],[[8.7553,47.2385],[8.7551,47.2385]],[[8.7553,47.2403],[8.7595,47.2419]],[[8.7555,47.2387],[8.7553,47.2403]],[[8.7555,47.2387],[8.7555,47.2387]],[[8.7581,47.2374],[8.7555,47.2387]],[[8.7571,47.234],[8.7572,47.2346]],[[8.7573,47.2349],[8.7581,47.2358]],[[8.758,47.2362],[8.7581,47.2364]],[[8.7598,47.2429],[8.7585,47.2432]],[[8.7586,47.237],[8.7605,47.2369]],[[8.7598,47.2429],[8.7591,47.2438]],[[8.76,47.2426],[8.7598,47.2429]],[[8.764,47.2443],[8.7614,47.2449]],[[8.7641,47.2381],[8.7643,47.2384]],[[8.7668,47.2398],[8.7643,47.2441]],[[8.7643,47.2384],[8.7644,47.2386]],[[8.7643,47.2384],[8.7643,47.2385],[8.7644,47.2386]],[[8.7644,47.2393],[8.7644,47.2395]],[[8.7644,47.2386],[8.7644,47.2393]],[[8.7644,47.2393],[8.7668,47.2398]],[[8.7668,47.2398],[8.7681,47.2398],[8.7704,47.2396]]]}},{"type":"Feature","properties":{"id":"dollikerbach-und-beugenbach-revier-321-zh","c":"ZH","p":"pacht","q":"official","k":"river"},"geometry":{"type":"MultiLineString","coordinates":[[[8.6521,47.2653],[8.6532,47.2662]],[[8.6532,47.2662],[8.6553,47.2675]],[[8.6553,47.2675],[8.656,47.268]],[[8.6561,47.2684],[8.663,47.2731]],[[8.6611,47.2636],[8.6625,47.2646]],[[8.6626,47.2745],[8.662,47.2746]],[[8.6626,47.2745],[8.6633,47.2752]],[[8.663,47.2731],[8.6626,47.2745]],[[8.6628,47.2647],[8.6631,47.2667]],[[8.663,47.2731],[8.6708,47.2764]],[[8.6631,47.2667],[8.6629,47.2683]],[[8.6629,47.2632],[8.6629,47.2632]],[[8.6629,47.2632],[8.6645,47.2643]],[[8.6633,47.2752],[8.6657,47.2809]],[[8.6633,47.2752],[8.6635,47.2752],[8.6642,47.2758],[8.6647,47.2759],[8.6661,47.2773],[8.6663,47.279],[8.6713,47.2831]],[[8.6631,47.2667],[8.6653,47.2668],[8.6677,47.2662],[8.6685,47.2665]],[[8.6635,47.2691],[8.6653,47.2706]],[[8.6649,47.2644],[8.6734,47.264]],[[8.6662,47.2869],[8.6655,47.2878]],[[8.6657,47.2809],[8.6672,47.2816]],[[8.6657,47.2809],[8.6662,47.2869]],[[8.6662,47.2869],[8.6662,47.2869]],[[8.6666,47.287],[8.6684,47.2878]],[[8.6672,47.2816],[8.6672,47.2816]],[[8.6672,47.2816],[8.6673,47.2819]],[[8.669,47.2666],[8.6722,47.2702]],[[8.6705,47.2884],[8.6715,47.2873]],[[8.6708,47.2764],[8.6723,47.2794]],[[8.6708,47.2764],[8.6718,47.2763],[8.6745,47.2775]],[[8.6715,47.2861],[8.6714,47.2865]],[[8.6713,47.2831],[8.6729,47.2845]],[[8.6713,47.2831],[8.6715,47.2861]],[[8.6715,47.2861],[8.6718,47.2863]],[[8.6718,47.2863],[8.6716,47.2871]],[[8.6718,47.2863],[8.6729,47.2868]],[[8.6723,47.2794],[8.6769,47.2839]],[[8.6723,47.2794],[8.6726,47.2794],[8.6731,47.2795]],[[8.6725,47.2712],[8.676,47.2761]],[[8.6729,47.2845],[8.6742,47.2859]],[[8.6734,47.264],[8.6734,47.264]],[[8.6734,47.264],[8.6735,47.264],[8.6745,47.2643]],[[8.6734,47.264],[8.6735,47.2641]],[[8.6737,47.2645],[8.6749,47.2663]],[[8.6745,47.2775],[8.6745,47.2775]],[[8.6745,47.2775],[8.6757,47.2792]],[[8.6745,47.2643],[8.6754,47.2645]],[[8.6757,47.2772],[8.6758,47.2778]],[[8.6754,47.2645],[8.6765,47.2653]],[[8.6754,47.2645],[8.6761,47.2643]],[[8.6764,47.2801],[8.6769,47.2807]],[[8.6761,47.2643],[8.6772,47.2647]],[[8.6761,47.2643],[8.6791,47.2637]],[[8.6764,47.2664],[8.6764,47.267]],[[8.6767,47.2788],[8.6769,47.2789]],[[8.6767,47.2676],[8.6778,47.2686]],[[8.6771,47.2662],[8.6778,47.2665]],[[8.6778,47.2686],[8.6783,47.2717]],[[8.6782,47.2719],[8.6799,47.273]],[[8.6781,47.2666],[8.6806,47.2678]],[[8.6791,47.2637],[8.6806,47.2637]],[[8.6791,47.2637],[8.6792,47.2637]],[[8.68,47.2732],[8.6802,47.2746]],[[8.6804,47.2681],[8.6807,47.2689]],[[8.6807,47.2689],[8.6806,47.2693]],[[8.6806,47.2678],[8.6873,47.2705],[8.6862,47.2733]],[[8.6806,47.2678],[8.6806,47.2679]],[[8.6806,47.2698],[8.6807,47.27]],[[8.6805,47.2637],[8.6806,47.2637]],[[8.6806,47.2637],[8.6813,47.2636]],[[8.6807,47.2689],[8.6829,47.2704]],[[8.6811,47.271],[8.6813,47.2716]],[[8.6812,47.2706],[8.6812,47.2707]],[[8.6816,47.2719],[8.6817,47.2723]],[[8.6817,47.2723],[8.682,47.2725]],[[8.6832,47.2711],[8.6833,47.2714]],[[8.6831,47.2646],[8.684,47.2652]],[[8.684,47.2652],[8.684,47.2652]],[[8.684,47.2652],[8.6841,47.2652],[8.6843,47.2652]],[[8.6845,47.266],[8.6848,47.2661]],[[8.6847,47.2653],[8.6874,47.2656]],[[8.6848,47.2661],[8.6883,47.2715]],[[8.6854,47.2756],[8.6859,47.2765]],[[8.6859,47.2742],[8.6856,47.2746]],[[8.6859,47.2742],[8.6867,47.2747]],[[8.6861,47.2735],[8.6859,47.2742]],[[8.686,47.2767],[8.686,47.2769]],[[8.6863,47.2781],[8.6863,47.2784]],[[8.6869,47.2749],[8.6891,47.277]],[[8.6874,47.2656],[8.693,47.2675]],[[8.6874,47.2656],[8.6914,47.2641]],[[8.6883,47.2715],[8.6899,47.2722]],[[8.6883,47.2715],[8.6891,47.2731]],[[8.6899,47.2722],[8.6908,47.2722]],[[8.6899,47.2722],[8.6903,47.2729]],[[8.6904,47.2734],[8.6904,47.2736]],[[8.6918,47.2727],[8.6939,47.2733]],[[8.6922,47.2644],[8.6929,47.2643]],[[8.693,47.2675],[8.6958,47.2711]],[[8.693,47.2675],[8.6938,47.2673],[8.6999,47.2696]],[[8.6934,47.2642],[8.6945,47.2643]],[[8.6949,47.2643],[8.6971,47.2642]],[[8.6975,47.2647],[8.6972,47.266]]]}},{"type":"Feature","properties":{"id":"dorfbach-meilen-revier-323-zh","c":"ZH","p":"pacht","q":"official","k":"river"},"geometry":{"type":"MultiLineString","coordinates":[[[8.6109,47.283],[8.6113,47.2831]],[[8.6115,47.2832],[8.6173,47.2843]],[[8.6173,47.2843],[8.6186,47.2851]],[[8.6173,47.2843],[8.6211,47.2833]],[[8.6184,47.2881],[8.6193,47.2889]],[[8.6197,47.2891],[8.6212,47.2895]],[[8.6216,47.2829],[8.6252,47.2835]],[[8.6264,47.2845],[8.6248,47.2867]],[[8.6252,47.2869],[8.6265,47.2911]],[[8.6252,47.2835],[8.6275,47.2829]],[[8.6252,47.2835],[8.6264,47.2845]],[[8.6264,47.2845],[8.6282,47.2847]],[[8.6287,47.2854],[8.6281,47.2882]],[[8.6282,47.2886],[8.6282,47.2886]],[[8.6282,47.2847],[8.6282,47.2847]],[[8.6282,47.2847],[8.6299,47.2846],[8.6314,47.2854],[8.6336,47.2852]],[[8.6282,47.2847],[8.6283,47.2847]],[[8.6282,47.2847],[8.6284,47.2849]],[[8.6285,47.2851],[8.6287,47.2853]],[[8.6294,47.2857],[8.6314,47.286]],[[8.6336,47.2852],[8.6336,47.2853]],[[8.6336,47.2852],[8.634,47.2851],[8.6351,47.2854],[8.6364,47.2863],[8.6414,47.2864],[8.6447,47.2897]],[[8.6353,47.289],[8.6382,47.2913]],[[8.6388,47.2773],[8.6377,47.2776]],[[8.6388,47.2773],[8.6415,47.2801]],[[8.6396,47.2759],[8.6388,47.2773]],[[8.6388,47.268],[8.6388,47.2682]],[[8.6389,47.2685],[8.6414,47.2701]],[[8.6399,47.2752],[8.6393,47.2749]],[[8.6396,47.2759],[8.6425,47.2772]],[[8.6399,47.2752],[8.6396,47.2759]],[[8.6411,47.2734],[8.6399,47.2752]],[[8.6407,47.2723],[8.6411,47.2734]],[[8.6415,47.2801],[8.6412,47.2803]],[[8.6411,47.2734],[8.6414,47.2735]],[[8.6416,47.2709],[8.6411,47.2718]],[[8.6415,47.2801],[8.6448,47.2833]],[[8.6414,47.2735],[8.6418,47.2734]],[[8.6414,47.2735],[8.6418,47.2736]],[[8.6425,47.2911],[8.6421,47.2937]],[[8.6428,47.2737],[8.6454,47.2731]],[[8.6442,47.2801],[8.645,47.2809]],[[8.6447,47.2897],[8.6446,47.2898]],[[8.6447,47.2897],[8.6476,47.2937]],[[8.6448,47.2833],[8.6463,47.2861]],[[8.6448,47.2833],[8.6462,47.283]],[[8.6454,47.2731],[8.646,47.273]],[[8.6454,47.2731],[8.6454,47.2732]],[[8.6459,47.2814],[8.6482,47.2815]],[[8.6463,47.2861],[8.6492,47.286]],[[8.6463,47.2861],[8.6494,47.2888]],[[8.6466,47.2746],[8.6474,47.2762]],[[8.6474,47.2762],[8.6506,47.2764]],[[8.6474,47.2762],[8.6482,47.2794]],[[8.6484,47.2944],[8.6494,47.2966]],[[8.6494,47.2888],[8.6526,47.2931]],[[8.6494,47.2888],[8.653,47.288]],[[8.6507,47.2852],[8.6526,47.2846]],[[8.6506,47.2764],[8.6546,47.2769]],[[8.6506,47.2764],[8.6506,47.2764]],[[8.651,47.2768],[8.6524,47.2778]],[[8.651,47.2718],[8.6523,47.2735]],[[8.6526,47.2931],[8.6576,47.2952]],[[8.6526,47.2931],[8.6558,47.2961]],[[8.6534,47.2882],[8.662,47.2919]],[[8.6546,47.2769],[8.655,47.277]],[[8.6546,47.2769],[8.6587,47.2804]],[[8.655,47.277],[8.6581,47.278]],[[8.655,47.277],[8.6553,47.2766]],[[8.6558,47.2961],[8.6577,47.2987]],[[8.6558,47.2961],[8.6563,47.2989]],[[8.6576,47.2952],[8.6581,47.2955]],[[8.6576,47.2952],[8.6577,47.2961]],[[8.6581,47.2955],[8.6605,47.2966]],[[8.6581,47.2955],[8.659,47.2966]],[[8.6587,47.2804],[8.6617,47.2864]],[[8.6587,47.2804],[8.6596,47.2848]],[[8.6605,47.2795],[8.661,47.2804]],[[8.6616,47.2809],[8.6633,47.2817]],[[8.6619,47.2936],[8.6626,47.294]],[[8.6619,47.2936],[8.6621,47.2954]],[[8.662,47.2919],[8.6619,47.2936]],[[8.662,47.2919],[8.6641,47.292],[8.6647,47.2918]],[[8.6626,47.294],[8.6638,47.2943]],[[8.6626,47.294],[8.6627,47.2943]],[[8.665,47.2916],[8.6672,47.291]]]}},{"type":"Feature","properties":{"id":"dorfbach-kuesnacht-revier-327-zh","c":"ZH","p":"pacht","q":"official","k":"river"},"geometry":{"type":"MultiLineString","coordinates":[[[8.5717,47.332],[8.5727,47.3322]],[[8.573,47.3322],[8.5735,47.3323]],[[8.5739,47.3325],[8.5824,47.3344]],[[8.5769,47.322],[8.578,47.3223]],[[8.577,47.3175],[8.5812,47.3174]],[[8.5815,47.3219],[8.5828,47.3221]],[[8.5815,47.3174],[8.5836,47.3172]],[[8.5824,47.3344],[8.5834,47.3349]],[[8.5824,47.3344],[8.5835,47.3329]],[[8.5834,47.3349],[8.5858,47.3355]],[[8.5834,47.3349],[8.5839,47.3375]],[[8.5839,47.3375],[8.5838,47.3389]],[[8.5837,47.3328],[8.586,47.3313]],[[8.5839,47.3375],[8.5852,47.3379]],[[8.5841,47.3172],[8.585,47.3172]],[[8.5847,47.3229],[8.5936,47.3266]],[[8.5855,47.3381],[8.5864,47.3391]],[[8.5853,47.3172],[8.5965,47.3193]],[[8.5858,47.3355],[8.5888,47.3365]],[[8.5858,47.3355],[8.5934,47.3347]],[[8.586,47.3313],[8.5916,47.3317]],[[8.586,47.3313],[8.5909,47.3289]],[[8.5888,47.3365],[8.5889,47.3366]],[[8.5889,47.3366],[8.5918,47.3371]],[[8.5918,47.3371],[8.6008,47.337]],[[8.5934,47.3347],[8.5939,47.3349]],[[8.5934,47.3347],[8.5941,47.3346]],[[8.5936,47.3266],[8.594,47.3275]],[[8.594,47.3279],[8.5948,47.3288]],[[8.594,47.3278],[8.594,47.3279]],[[8.5948,47.3288],[8.6004,47.3302]],[[8.5965,47.3193],[8.5975,47.3194]],[[8.5965,47.3193],[8.5968,47.3204]],[[8.5968,47.3204],[8.5967,47.3204]],[[8.5975,47.3194],[8.6001,47.3153],[8.6081,47.3146]],[[8.5975,47.3194],[8.6003,47.3189]],[[8.6003,47.3189],[8.603,47.3207]],[[8.6003,47.3189],[8.6006,47.3179]],[[8.6011,47.3369],[8.6038,47.3363]],[[8.603,47.3207],[8.6067,47.3237]],[[8.603,47.3207],[8.6034,47.3206]],[[8.6034,47.3206],[8.6064,47.3208]],[[8.6034,47.3206],[8.608,47.3166]],[[8.6067,47.3237],[8.605,47.3252]],[[8.6064,47.3208],[8.6078,47.3215]],[[8.6064,47.3208],[8.6153,47.3174]],[[8.6067,47.3237],[8.6078,47.3248]],[[8.6078,47.3248],[8.6079,47.3248]],[[8.6078,47.3248],[8.6095,47.3257]],[[8.6095,47.3257],[8.6081,47.3281]],[[8.6082,47.3248],[8.6101,47.324]],[[8.6081,47.3146],[8.6084,47.3146]],[[8.6081,47.3146],[8.6084,47.3145]],[[8.6095,47.3257],[8.6101,47.3255]],[[8.6101,47.3255],[8.6108,47.3265]],[[8.6101,47.3255],[8.6113,47.3246]],[[8.6101,47.324],[8.6108,47.3235]],[[8.6108,47.3265],[8.6137,47.3266]],[[8.6108,47.3265],[8.6119,47.3296]],[[8.6111,47.3211],[8.6172,47.3189]],[[8.6119,47.3296],[8.6118,47.3301]],[[8.6119,47.3296],[8.6123,47.3299]],[[8.6123,47.3299],[8.6125,47.3299]],[[8.6123,47.3299],[8.6125,47.3301]],[[8.6137,47.3266],[8.617,47.3303]],[[8.6137,47.3266],[8.6188,47.3247]],[[8.6153,47.3174],[8.6153,47.3174]],[[8.6153,47.3174],[8.6179,47.3164]],[[8.617,47.3303],[8.6168,47.3342]],[[8.617,47.3303],[8.6172,47.3305]],[[8.6172,47.3305],[8.6222,47.3299]],[[8.6172,47.3305],[8.6194,47.3324]],[[8.6176,47.3151],[8.6188,47.3139]],[[8.6188,47.3247],[8.6187,47.3239]],[[8.6188,47.3247],[8.6198,47.3245]],[[8.6194,47.3324],[8.6191,47.3326]],[[8.6194,47.3324],[8.6202,47.3327]],[[8.6198,47.3245],[8.6212,47.3255]],[[8.6198,47.3245],[8.6203,47.3238]],[[8.6203,47.3238],[8.6207,47.3226]],[[8.6203,47.3238],[8.6245,47.3235]],[[8.6207,47.3324],[8.6208,47.3325]],[[8.6212,47.3326],[8.6215,47.3327]],[[8.621,47.3218],[8.6214,47.3212]],[[8.6213,47.3256],[8.6218,47.3261]],[[8.6222,47.3261],[8.6222,47.3261]],[[8.6222,47.3261],[8.6222,47.3261]],[[8.6222,47.3261],[8.6237,47.3263]],[[8.6237,47.333],[8.6251,47.3329]],[[8.6245,47.3235],[8.625,47.3242]],[[8.6245,47.3235],[8.6257,47.323]],[[8.6257,47.323],[8.6264,47.3236]],[[8.6257,47.323],[8.6298,47.3213]],[[8.6287,47.3163],[8.6281,47.313]],[[8.6324,47.3182],[8.6293,47.3168]],[[8.6328,47.3226],[8.6296,47.3266]],[[8.6298,47.3213],[8.6327,47.3191]],[[8.6298,47.3213],[8.6307,47.3213],[8.6309,47.3213],[8.6328,47.3226]],[[8.6299,47.3269],[8.6335,47.3269]],[[8.633,47.3128],[8.6317,47.3121]],[[8.6322,47.3104],[8.6318,47.3102]],[[8.6329,47.3116],[8.6322,47.3104]],[[8.6322,47.3104],[8.6327,47.3082]],[[8.6328,47.3226],[8.6354,47.3228]],[[8.6327,47.3191],[8.6327,47.3188]],[[8.6327,47.3191],[8.6331,47.319]],[[8.6329,47.3183],[8.6328,47.3183]],[[8.6328,47.3185],[8.6329,47.3183]],[[8.6329,47.3183],[8.6338,47.3161]],[[8.6331,47.3126],[8.6329,47.3116]],[[8.6329,47.3116],[8.6359,47.3084]],[[8.6338,47.3161],[8.633,47.3128]],[[8.633,47.3128],[8.6331,47.3126]],[[8.6331,47.3126],[8.6338,47.3126]],[[8.6334,47.3189],[8.6335,47.3188]],[[8.6338,47.327],[8.6341,47.3272]],[[8.6338,47.3161],[8.6351,47.3151]],[[8.6338,47.3126],[8.6389,47.312]],[[8.6338,47.3126],[8.6357,47.3105]],[[8.634,47.3187],[8.6369,47.3182]],[[8.6348,47.3274],[8.6413,47.3315]],[[8.6354,47.3228],[8.6354,47.3231]],[[8.6354,47.3228],[8.6361,47.3227]],[[8.6361,47.3227],[8.6378,47.3234]],[[8.6361,47.3227],[8.6397,47.321]],[[8.6372,47.3182],[8.6382,47.3181]],[[8.6382,47.3181],[8.6395,47.3164]],[[8.6382,47.3181],[8.6406,47.3179]],[[8.6389,47.312],[8.6391,47.312]],[[8.6389,47.312],[8.639,47.3119]],[[8.6393,47.3118],[8.6416,47.3093]],[[8.6395,47.312],[8.6444,47.3109]],[[8.6397,47.321],[8.6398,47.321]],[[8.6397,47.321],[8.6397,47.321],[8.6398,47.321]],[[8.6416,47.3093],[8.6426,47.3073]],[[8.6416,47.3093],[8.6447,47.3083]],[[8.6426,47.3243],[8.6428,47.3247]],[[8.643,47.3254],[8.6433,47.3261]],[[8.6437,47.3194],[8.6466,47.3153]],[[8.6444,47.3109],[8.6482,47.3111]],[[8.6444,47.3109],[8.6484,47.3096]],[[8.6456,47.3051],[8.6486,47.3038]],[[8.6466,47.3153],[8.6477,47.3136]],[[8.6466,47.3153],[8.653,47.3145]],[[8.6482,47.3111],[8.6483,47.3109]],[[8.6482,47.3111],[8.649,47.311]],[[8.6484,47.3096],[8.652,47.3095]],[[8.6484,47.3096],[8.6504,47.308]],[[8.652,47.3095],[8.6543,47.3098]],[[8.652,47.3095],[8.6595,47.3053]],[[8.6608,47.3045],[8.6611,47.3041]]]}},{"type":"Feature","properties":{"id":"wehrenbach-revier-332-zh","c":"ZH","p":"pacht","q":"official","k":"river"},"geometry":{"type":"MultiLineString","coordinates":[[[8.5529,47.3527],[8.5529,47.3543]],[[8.5546,47.3554],[8.5559,47.356]],[[8.5563,47.3562],[8.557,47.3568]],[[8.5571,47.357],[8.557,47.3584]],[[8.5577,47.3592],[8.5579,47.3592]],[[8.5582,47.3593],[8.5617,47.36]],[[8.5617,47.36],[8.5617,47.3601]],[[8.5617,47.36],[8.5618,47.3601],[8.5622,47.3599],[8.5631,47.3595],[8.5658,47.3597],[8.5672,47.3588],[8.5693,47.3588],[8.5699,47.3579],[8.5726,47.3581]],[[8.5726,47.3581],[8.5762,47.3645]],[[8.5726,47.3581],[8.5736,47.3574]],[[8.5736,47.3574],[8.5763,47.3588]],[[8.5736,47.3574],[8.5791,47.3543]],[[8.5762,47.3645],[8.579,47.3642]],[[8.5762,47.3645],[8.5762,47.3647]],[[8.5764,47.3649],[8.5787,47.3666]],[[8.5787,47.3666],[8.5802,47.3669]],[[8.5787,47.3666],[8.5834,47.3691]],[[8.579,47.3642],[8.5814,47.3654]],[[8.579,47.3642],[8.5791,47.3641]],[[8.5791,47.3641],[8.5811,47.3642]],[[8.5791,47.3641],[8.5855,47.3625]],[[8.5791,47.3543],[8.58,47.3549]],[[8.5791,47.3543],[8.5881,47.353]],[[8.5855,47.3625],[8.5862,47.3638]],[[8.5855,47.3625],[8.592,47.3623]],[[8.5864,47.364],[8.588,47.3655]],[[8.5875,47.3724],[8.5884,47.3714]],[[8.5882,47.3655],[8.5898,47.3666]],[[8.5881,47.353],[8.5881,47.353]],[[8.5881,47.353],[8.5928,47.3522]],[[8.5881,47.353],[8.5892,47.355]],[[8.592,47.3623],[8.5941,47.3608]],[[8.592,47.3623],[8.5927,47.3627]],[[8.5923,47.3452],[8.599,47.339]],[[8.594,47.3516],[8.5925,47.3455]],[[8.5928,47.3522],[8.5955,47.3551]],[[8.5928,47.3522],[8.594,47.3516]],[[8.594,47.3516],[8.5957,47.3519],[8.5976,47.3515]],[[8.5944,47.3608],[8.5982,47.3631]],[[8.5976,47.3515],[8.5991,47.3515]],[[8.5976,47.3515],[8.5978,47.3525]],[[8.5985,47.3632],[8.6078,47.3665]],[[8.5991,47.3515],[8.5999,47.3508]],[[8.5991,47.3515],[8.603,47.3508]],[[8.6,47.3506],[8.6008,47.3488]],[[8.603,47.3508],[8.6051,47.3536]],[[8.603,47.3508],[8.6051,47.3496]],[[8.6051,47.3536],[8.6055,47.3548]],[[8.6051,47.3536],[8.6104,47.3534],[8.6125,47.3543]],[[8.6051,47.3496],[8.6059,47.3484],[8.6065,47.3482]],[[8.6051,47.3496],[8.6141,47.3493],[8.6151,47.35]],[[8.607,47.3476],[8.6059,47.3461]],[[8.6067,47.348],[8.607,47.3476]],[[8.607,47.3476],[8.6089,47.347]],[[8.6085,47.3411],[8.61,47.3392]],[[8.6089,47.347],[8.6087,47.3462]],[[8.6089,47.347],[8.6158,47.3444]],[[8.6125,47.3543],[8.6165,47.355]],[[8.6125,47.3543],[8.6129,47.3553]],[[8.6156,47.3438],[8.6143,47.3437]],[[8.6158,47.3444],[8.6156,47.3438]],[[8.6156,47.3438],[8.621,47.3401]],[[8.6158,47.3444],[8.6164,47.3443]],[[8.621,47.3401],[8.6254,47.3403]],[[8.6227,47.351],[8.624,47.3511]],[[8.6254,47.3403],[8.6313,47.3404]],[[8.6254,47.3403],[8.6257,47.34]],[[8.6257,47.34],[8.6259,47.3399]],[[8.6257,47.34],[8.6258,47.34],[8.6259,47.3399]],[[8.6259,47.3399],[8.6261,47.3396]],[[8.6313,47.3404],[8.6315,47.3406]],[[8.6313,47.3404],[8.6314,47.3404],[8.6314,47.3404],[8.6315,47.3405]],[[8.6315,47.3405],[8.6357,47.3406]],[[8.6315,47.3405],[8.6322,47.34]],[[8.6322,47.34],[8.6325,47.3388]],[[8.6322,47.34],[8.6384,47.336]],[[8.6331,47.3374],[8.6332,47.3369]],[[8.6338,47.3356],[8.6342,47.3352]],[[8.6343,47.3351],[8.6345,47.3347]],[[8.6345,47.3347],[8.6346,47.3336]],[[8.6345,47.3347],[8.6348,47.3344]],[[8.636,47.3406],[8.64,47.3392]],[[8.6384,47.336],[8.641,47.3355]],[[8.6384,47.336],[8.6388,47.3353]],[[8.64,47.3392],[8.6404,47.3388]],[[8.64,47.3392],[8.6409,47.3391],[8.641,47.3392]]]}},{"type":"Feature","properties":{"id":"limmat-362-zh","c":"ZH","p":"private","q":"official","k":"river"},"geometry":{"type":"MultiLineString","coordinates":[[[8.409,47.4018],[8.4124,47.4005]],[[8.4124,47.4005],[8.4316,47.4005]],[[8.4459,47.4096],[8.4437,47.4098],[8.4292,47.4036],[8.4246,47.4032],[8.4215,47.4011]],[[8.4316,47.4005],[8.4337,47.4021]],[[8.4316,47.4005],[8.4331,47.4004]],[[8.4334,47.4004],[8.4343,47.4004]],[[8.4339,47.4022],[8.4459,47.4096]],[[8.4346,47.4003],[8.4392,47.4004]],[[8.436,47.4047],[8.4414,47.4086]],[[8.4396,47.4005],[8.4402,47.4005]],[[8.4459,47.4096],[8.4486,47.4097],[8.4511,47.4091],[8.4575,47.4052]],[[8.4459,47.4096],[8.4459,47.4096]],[[8.4474,47.3905],[8.4457,47.3877]],[[8.4479,47.3916],[8.4474,47.3905]],[[8.4474,47.3905],[8.4475,47.3895]],[[8.4479,47.3929],[8.448,47.3928]],[[8.4481,47.3917],[8.4479,47.3916]],[[8.4482,47.3926],[8.4481,47.3917]],[[8.4481,47.3917],[8.451,47.3902]],[[8.4515,47.39],[8.4543,47.3864]],[[8.4536,47.3831],[8.4518,47.3822]],[[8.4543,47.3864],[8.4523,47.3847]],[[8.4536,47.3831],[8.4528,47.3839]],[[8.4541,47.3831],[8.4536,47.3831]],[[8.4541,47.3831],[8.4541,47.3823]],[[8.4543,47.3832],[8.4542,47.3831],[8.4541,47.3831]],[[8.4543,47.3864],[8.4558,47.3846]],[[8.4558,47.3846],[8.4543,47.3832]],[[8.4543,47.3832],[8.4545,47.3823]],[[8.4558,47.3846],[8.4576,47.3834]],[[8.4575,47.4052],[8.4579,47.4055]],[[8.4575,47.4052],[8.4687,47.4029]],[[8.467,47.4131],[8.4642,47.4144]],[[8.4642,47.4098],[8.4642,47.4098]],[[8.4642,47.4098],[8.4642,47.4098]],[[8.4642,47.4098],[8.4652,47.4107]],[[8.4652,47.4107],[8.467,47.4131]],[[8.4652,47.4107],[8.4654,47.4104]],[[8.4678,47.388],[8.4658,47.3869]],[[8.4679,47.3878],[8.4662,47.386]],[[8.467,47.4131],[8.4687,47.4137]],[[8.4809,47.3738],[8.4664,47.3741]],[[8.4678,47.3857],[8.4667,47.385]],[[8.4673,47.4094],[8.4747,47.4099]],[[8.4679,47.3878],[8.4679,47.3878]],[[8.4694,47.3885],[8.4679,47.3878]],[[8.4687,47.414],[8.4706,47.4164]],[[8.4687,47.4137],[8.4687,47.4139]],[[8.4687,47.4137],[8.4744,47.4139]],[[8.4687,47.4139],[8.4687,47.4139]],[[8.4695,47.3797],[8.4689,47.3768]],[[8.4694,47.403],[8.477,47.4039]],[[8.4699,47.403],[8.4702,47.4026]],[[8.4714,47.3813],[8.4695,47.3799]],[[8.479,47.373],[8.4754,47.3729],[8.4701,47.3709]],[[8.4741,47.3828],[8.4721,47.3818]],[[8.4778,47.3724],[8.4721,47.371]],[[8.4754,47.3665],[8.4737,47.3655]],[[8.4749,47.3838],[8.4743,47.3831]],[[8.4751,47.3854],[8.4749,47.3841]],[[8.4766,47.3697],[8.4754,47.368]],[[8.4755,47.3673],[8.4755,47.3668]],[[8.477,47.4039],[8.477,47.4039]],[[8.477,47.4039],[8.4777,47.4039],[8.4788,47.4038]],[[8.4771,47.4038],[8.477,47.4039]],[[8.4806,47.3802],[8.4766,47.3779]],[[8.4784,47.3724],[8.4769,47.3706]],[[8.4784,47.3724],[8.4781,47.3724]],[[8.4787,47.3918],[8.4787,47.3917]],[[8.4788,47.392],[8.4789,47.3919],[8.4787,47.3918]],[[8.4788,47.392],[8.4787,47.3918]],[[8.4792,47.3928],[8.4788,47.392]],[[8.479,47.373],[8.4784,47.3724]],[[8.4806,47.3802],[8.4791,47.3797]],[[8.4805,47.3733],[8.479,47.373]],[[8.4794,47.3902],[8.4795,47.3898]],[[8.48,47.3729],[8.4813,47.3709]],[[8.4807,47.3802],[8.4806,47.3802],[8.4806,47.3802]],[[8.4808,47.3803],[8.4807,47.3802]],[[8.4833,47.3803],[8.4819,47.3796],[8.4807,47.3802]],[[8.481,47.3738],[8.481,47.3738],[8.4809,47.3738]],[[8.481,47.3738],[8.4809,47.3738]],[[8.4823,47.416],[8.482,47.4167]],[[8.4829,47.4179],[8.4831,47.4196]],[[8.486,47.3801],[8.4838,47.38]],[[8.4849,47.373],[8.484,47.3728]],[[8.4862,47.3797],[8.4848,47.3756]],[[8.486,47.3801],[8.4859,47.38]],[[8.487,47.3824],[8.486,47.3801]],[[8.4875,47.3847],[8.4869,47.3827]],[[8.4874,47.3859],[8.4873,47.3849]]]}},{"type":"Feature","properties":{"id":"wueeribach-birmensdorf-revier-385-zh","c":"ZH","p":"pacht","q":"official","k":"river"},"geometry":{"type":"MultiLineString","coordinates":[[[8.4129,47.3286],[8.4142,47.3262]],[[8.4133,47.3287],[8.4168,47.3275]],[[8.4143,47.3311],[8.4187,47.3309]],[[8.4201,47.3295],[8.4228,47.3291]],[[8.4307,47.3358],[8.4267,47.3353]],[[8.4319,47.3556],[8.4392,47.3507]],[[8.4336,47.3349],[8.4335,47.3348]],[[8.4354,47.332],[8.4345,47.3307]],[[8.4371,47.3357],[8.4354,47.332]],[[8.4354,47.332],[8.4354,47.332]],[[8.4369,47.3379],[8.4357,47.3386]],[[8.4368,47.3364],[8.4368,47.3364]],[[8.4375,47.3377],[8.4368,47.3364]],[[8.4368,47.3364],[8.4371,47.3361]],[[8.4376,47.3377],[8.4375,47.3378]],[[8.4376,47.3377],[8.4375,47.3377]],[[8.4375,47.3377],[8.4379,47.3375]],[[8.4412,47.3427],[8.4376,47.3377]],[[8.4413,47.3429],[8.4391,47.3433]],[[8.4393,47.3466],[8.4413,47.3429]],[[8.4394,47.3503],[8.4398,47.3497]],[[8.4398,47.3497],[8.4394,47.3469]],[[8.4398,47.3497],[8.4463,47.3455]],[[8.4403,47.3279],[8.4413,47.3272]],[[8.4413,47.3429],[8.4412,47.3427]],[[8.4412,47.3427],[8.443,47.3423]],[[8.4415,47.3366],[8.4423,47.3361]],[[8.4425,47.336],[8.4463,47.3298]],[[8.4463,47.3455],[8.4486,47.3451]],[[8.4485,47.3224],[8.4467,47.3216]],[[8.4484,47.3446],[8.4479,47.3433]],[[8.4504,47.3225],[8.4481,47.323]],[[8.4486,47.3451],[8.4486,47.3451]],[[8.4486,47.3451],[8.4498,47.3447]],[[8.4504,47.3225],[8.4488,47.3223]],[[8.4528,47.3427],[8.4496,47.3399]],[[8.4498,47.3444],[8.4497,47.3442]],[[8.4498,47.3447],[8.4498,47.3447]],[[8.4498,47.3447],[8.4512,47.3445]],[[8.4527,47.3266],[8.45,47.3269]],[[8.4534,47.3226],[8.4504,47.3225]],[[8.4512,47.3445],[8.4539,47.3452]],[[8.4512,47.3445],[8.4528,47.3429]],[[8.4534,47.3226],[8.4515,47.3221]],[[8.4565,47.3388],[8.453,47.3353]],[[8.4563,47.3251],[8.453,47.3266]],[[8.4605,47.3245],[8.4595,47.3228],[8.4571,47.3225],[8.4534,47.3226]],[[8.4539,47.3454],[8.4624,47.3415]],[[8.4556,47.3246],[8.4543,47.3246]],[[8.4563,47.3251],[8.4563,47.3251]],[[8.4567,47.3249],[8.4564,47.325],[8.4563,47.3251],[8.4563,47.3251]],[[8.4583,47.3394],[8.457,47.339]],[[8.4586,47.3274],[8.4579,47.3277]],[[8.4624,47.3415],[8.4607,47.3397]],[[8.4605,47.3245],[8.4605,47.3245]],[[8.4621,47.3272],[8.4605,47.3245]],[[8.4629,47.3397],[8.462,47.3351]],[[8.4621,47.3272],[8.4621,47.3271]],[[8.4636,47.331],[8.4621,47.3272]],[[8.4624,47.3415],[8.4629,47.3397]],[[8.4629,47.3397],[8.4635,47.3396]],[[8.4635,47.3396],[8.4657,47.3324]],[[8.4635,47.3396],[8.4652,47.3392]],[[8.4636,47.331],[8.4635,47.331]],[[8.4657,47.3324],[8.4636,47.331]],[[8.4649,47.3426],[8.4657,47.3435]],[[8.4644,47.3104],[8.4643,47.3097]],[[8.4652,47.3392],[8.4652,47.3392]],[[8.4652,47.3392],[8.4686,47.3365]],[[8.4658,47.3143],[8.4647,47.3139]],[[8.4659,47.344],[8.466,47.3444]],[[8.4657,47.3324],[8.4672,47.3175]],[[8.4664,47.3081],[8.4655,47.3077]],[[8.4674,47.3098],[8.4666,47.3082]],[[8.4686,47.3365],[8.4704,47.328]],[[8.4686,47.3365],[8.4686,47.3364]],[[8.4697,47.3127],[8.4692,47.3116]],[[8.4693,47.3082],[8.4693,47.3076]],[[8.4698,47.317],[8.4711,47.3153]],[[8.4703,47.326],[8.4698,47.317]],[[8.4697,47.3094],[8.4696,47.3091]],[[8.4704,47.328],[8.4703,47.3264]],[[8.4704,47.328],[8.4705,47.328]],[[8.4705,47.328],[8.4705,47.328]],[[8.4705,47.328],[8.4752,47.3249]],[[8.4716,47.3143],[8.4735,47.3127]],[[8.4724,47.3367],[8.4735,47.3371]],[[8.4735,47.3127],[8.4735,47.3126]],[[8.4735,47.3127],[8.4735,47.3126]],[[8.4756,47.3112],[8.4758,47.3111]],[[8.4772,47.3131],[8.4812,47.316]],[[8.4797,47.3243],[8.4801,47.3249]]]}},{"type":"Feature","properties":{"id":"furtbach-daellikon-revier-390-zh","c":"ZH","p":"pacht","q":"official","k":"river"},"geometry":{"type":"MultiLineString","coordinates":[[[8.3818,47.4487],[8.3844,47.4491]],[[8.385,47.4449],[8.3839,47.4444]],[[8.3844,47.4491],[8.3883,47.4502]],[[8.3844,47.4491],[8.3856,47.4462]],[[8.3883,47.4502],[8.39,47.4509]],[[8.3883,47.4502],[8.3884,47.4501]],[[8.39,47.4509],[8.39,47.4509]],[[8.39,47.4509],[8.3938,47.4516]],[[8.3938,47.4516],[8.3938,47.4517]],[[8.3938,47.4516],[8.3938,47.4517]],[[8.3938,47.4517],[8.4032,47.4511]],[[8.405,47.4426],[8.4026,47.4408]],[[8.4032,47.4511],[8.4028,47.4495]],[[8.4032,47.4511],[8.4041,47.4511],[8.4067,47.4508]],[[8.4054,47.4431],[8.4049,47.4431]],[[8.4055,47.4475],[8.4053,47.447]],[[8.4056,47.4454],[8.4056,47.4452]],[[8.4067,47.4508],[8.4057,47.4476]],[[8.4058,47.4446],[8.4067,47.4445]],[[8.4067,47.4508],[8.4104,47.4504]],[[8.407,47.4444],[8.4073,47.443]],[[8.4071,47.4429],[8.4076,47.4424]],[[8.4075,47.4422],[8.4071,47.4416]],[[8.4076,47.4424],[8.4076,47.4423]],[[8.4076,47.4424],[8.4088,47.441]],[[8.4104,47.4504],[8.4106,47.4466]],[[8.4104,47.4504],[8.4159,47.45]],[[8.4111,47.4456],[8.4143,47.4443]],[[8.4137,47.4425],[8.4129,47.4408]],[[8.4156,47.4618],[8.4156,47.4619]],[[8.4157,47.4625],[8.4159,47.4656]],[[8.4153,47.4419],[8.4155,47.4405]],[[8.4169,47.4452],[8.4154,47.443]],[[8.4159,47.45],[8.4174,47.4476]],[[8.4159,47.45],[8.416,47.45],[8.4161,47.45]],[[8.4161,47.45],[8.4288,47.4512]],[[8.4161,47.45],[8.4232,47.4541]],[[8.418,47.4681],[8.4172,47.4704]],[[8.4174,47.4476],[8.4175,47.4476]],[[8.4174,47.4476],[8.4192,47.4469]],[[8.418,47.4681],[8.4191,47.4711]],[[8.4202,47.4662],[8.418,47.4681]],[[8.4188,47.4407],[8.4178,47.4404]],[[8.419,47.4574],[8.4215,47.4592]],[[8.4188,47.4407],[8.4188,47.4402]],[[8.4189,47.4409],[8.4188,47.4407]],[[8.4203,47.4566],[8.4192,47.4573]],[[8.4192,47.4467],[8.4206,47.4453]],[[8.4202,47.4662],[8.4198,47.47]],[[8.4199,47.4437],[8.4195,47.4427]],[[8.4215,47.4592],[8.4202,47.4662]],[[8.4207,47.47],[8.4212,47.4702]],[[8.4207,47.47],[8.4211,47.4709]],[[8.4245,47.4667],[8.4207,47.47]],[[8.4206,47.4453],[8.4206,47.4453]],[[8.4206,47.4453],[8.4242,47.4429]],[[8.4211,47.4709],[8.4217,47.471]],[[8.4211,47.4709],[8.4211,47.4714]],[[8.4243,47.4416],[8.4205,47.4376]],[[8.4211,47.4714],[8.4212,47.4714]],[[8.4211,47.4714],[8.4211,47.4715]],[[8.4225,47.4609],[8.4214,47.4628]],[[8.4215,47.4592],[8.4221,47.4592],[8.4222,47.4593],[8.4224,47.4605]],[[8.4225,47.4609],[8.4235,47.4662]],[[8.4225,47.4607],[8.4225,47.4609]],[[8.4225,47.458],[8.4234,47.4592]],[[8.4235,47.4662],[8.4245,47.4667]],[[8.4235,47.4662],[8.4238,47.4661],[8.4243,47.4662],[8.4244,47.4662]],[[8.4234,47.4543],[8.4236,47.4543]],[[8.4242,47.4389],[8.4231,47.4379]],[[8.4236,47.4543],[8.4236,47.4543]],[[8.4236,47.4543],[8.4239,47.4543]],[[8.4244,47.4348],[8.4233,47.435]],[[8.4239,47.4543],[8.4242,47.4563]],[[8.4239,47.4543],[8.4286,47.454]],[[8.4244,47.4348],[8.4237,47.4338]],[[8.4244,47.4579],[8.4243,47.4582]],[[8.4243,47.4568],[8.4244,47.4577]],[[8.429,47.4648],[8.4245,47.4667]],[[8.4242,47.4429],[8.4242,47.4427],[8.4242,47.4427]],[[8.4242,47.4429],[8.4242,47.4427]],[[8.4242,47.4427],[8.4243,47.4416]],[[8.4243,47.4416],[8.4267,47.4407]],[[8.4262,47.4398],[8.4244,47.439]],[[8.4244,47.4389],[8.4244,47.4379]],[[8.4258,47.4379],[8.4244,47.4372]],[[8.4281,47.4348],[8.4244,47.4348]],[[8.4258,47.4379],[8.4255,47.4369]],[[8.4259,47.4584],[8.426,47.4603]],[[8.426,47.4604],[8.429,47.4648]],[[8.4258,47.4379],[8.4258,47.4379]],[[8.4262,47.4398],[8.4259,47.4384]],[[8.4262,47.4398],[8.4262,47.4398]],[[8.4267,47.4403],[8.4264,47.4399]],[[8.4283,47.4374],[8.428,47.4374]],[[8.4289,47.435],[8.4281,47.4348]],[[8.4281,47.4348],[8.4281,47.4335]],[[8.4283,47.4374],[8.4282,47.4372]],[[8.4285,47.4381],[8.4283,47.4374]],[[8.4337,47.4634],[8.429,47.4648]],[[8.4292,47.4365],[8.4285,47.4356]],[[8.4292,47.4365],[8.4286,47.4364]],[[8.4288,47.4512],[8.4358,47.4519]],[[8.4288,47.4512],[8.4316,47.4461]],[[8.432,47.4381],[8.4316,47.4363],[8.4292,47.4365]],[[8.4303,47.4402],[8.4292,47.4395]],[[8.4335,47.4353],[8.4292,47.435]],[[8.4298,47.4336],[8.4298,47.4333]],[[8.4299,47.4332],[8.4305,47.4329]],[[8.4335,47.4353],[8.4301,47.4338]],[[8.4308,47.4416],[8.4303,47.4402]],[[8.4303,47.4402],[8.4308,47.4391]],[[8.4316,47.4576],[8.4316,47.4582]],[[8.4316,47.4582],[8.4316,47.4584]],[[8.4316,47.4461],[8.4316,47.446]],[[8.4316,47.4461],[8.434,47.4456]],[[8.434,47.463],[8.4336,47.4631]],[[8.436,47.4356],[8.4335,47.4353]],[[8.4344,47.4626],[8.4343,47.4629]],[[8.435,47.4323],[8.4345,47.4322]],[[8.435,47.4323],[8.4349,47.4321]],[[8.4369,47.4337],[8.435,47.4323]],[[8.4358,47.4519],[8.4364,47.4526]],[[8.4358,47.4519],[8.4378,47.4516]],[[8.4363,47.4615],[8.4363,47.4621]],[[8.4364,47.4526],[8.4369,47.4531]],[[8.4367,47.4358],[8.4364,47.4357]],[[8.4367,47.4358],[8.4369,47.4358]],[[8.4372,47.4372],[8.4367,47.4358]],[[8.4369,47.434],[8.4369,47.4337]],[[8.4369,47.4337],[8.4374,47.4327]],[[8.437,47.4358],[8.4372,47.4356]],[[8.4372,47.4356],[8.437,47.4351]],[[8.4373,47.4343],[8.4371,47.4341]],[[8.4372,47.4347],[8.4373,47.4344]],[[8.4384,47.4515],[8.4436,47.451]],[[8.4395,47.4625],[8.4406,47.4635]],[[8.4408,47.464],[8.4412,47.4664]],[[8.4406,47.436],[8.4426,47.4344]],[[8.4422,47.461],[8.4422,47.464]],[[8.444,47.4498],[8.4409,47.4479],[8.4422,47.4442]],[[8.4428,47.4342],[8.4427,47.434]],[[8.4443,47.4607],[8.444,47.4609],[8.4436,47.4617]],[[8.4436,47.451],[8.444,47.4506]],[[8.4436,47.451],[8.4444,47.4509],[8.4457,47.4513]],[[8.4437,47.4559],[8.4439,47.457]],[[8.444,47.4498],[8.4437,47.4494]],[[8.444,47.4593],[8.4446,47.4602]],[[8.444,47.4588],[8.444,47.4593]],[[8.444,47.4593],[8.444,47.4593]],[[8.444,47.4506],[8.4475,47.4492],[8.4517,47.4373]],[[8.444,47.4506],[8.444,47.4498]],[[8.4443,47.4607],[8.4445,47.4615]],[[8.4444,47.4606],[8.4443,47.4607]],[[8.4445,47.4615],[8.4445,47.4615]],[[8.4445,47.4615],[8.4448,47.4619]],[[8.4446,47.4626],[8.4446,47.4632]],[[8.4446,47.4602],[8.4446,47.4602]],[[8.4446,47.4602],[8.4448,47.4603],[8.4455,47.46],[8.4469,47.459]],[[8.4449,47.4619],[8.4457,47.4634]],[[8.4456,47.459],[8.4457,47.459]],[[8.4456,47.452],[8.4456,47.452]],[[8.4457,47.4513],[8.449,47.4521]],[[8.4457,47.4513],[8.4458,47.4515]],[[8.4469,47.459],[8.447,47.459]],[[8.4469,47.459],[8.447,47.459]],[[8.4469,47.459],[8.447,47.459]],[[8.447,47.459],[8.4472,47.4587]],[[8.4473,47.431],[8.4466,47.4307]],[[8.4486,47.4357],[8.4468,47.4346]],[[8.4472,47.4559],[8.4473,47.4565]],[[8.4511,47.4364],[8.4474,47.4312]],[[8.4481,47.459],[8.4494,47.4589]],[[8.449,47.4521],[8.4506,47.4524]],[[8.449,47.4521],[8.4507,47.4499]],[[8.4505,47.4562],[8.4505,47.4563]],[[8.4506,47.4524],[8.4506,47.4525]],[[8.4506,47.4524],[8.4535,47.452]],[[8.4507,47.4537],[8.4508,47.4542]],[[8.4511,47.4364],[8.451,47.4364]],[[8.4515,47.4371],[8.4511,47.4364]],[[8.4516,47.4371],[8.4515,47.4371]],[[8.4517,47.4373],[8.4515,47.4371]],[[8.4517,47.4372],[8.4517,47.4372]],[[8.4517,47.4373],[8.4517,47.4372]],[[8.4517,47.4372],[8.4541,47.4365]],[[8.4535,47.452],[8.4538,47.4522]],[[8.4535,47.452],[8.4598,47.4499]],[[8.4573,47.4285],[8.4532,47.4262]],[[8.4542,47.459],[8.4541,47.4591]],[[8.4541,47.4534],[8.4541,47.4548]],[[8.4542,47.4559],[8.4542,47.456]],[[8.4544,47.4364],[8.4575,47.4347]],[[8.4561,47.4542],[8.4562,47.4556]],[[8.4562,47.4561],[8.4566,47.4565]],[[8.4592,47.4559],[8.4566,47.4578]],[[8.4598,47.4499],[8.4599,47.45]],[[8.4598,47.4499],[8.462,47.4486]],[[8.462,47.4486],[8.4622,47.4485]],[[8.462,47.4486],[8.4622,47.4486]],[[8.4623,47.4483],[8.4686,47.4451]],[[8.4632,47.432],[8.4628,47.4313]],[[8.4628,47.4277],[8.4627,47.4276]],[[8.4628,47.4275],[8.4628,47.4274]],[[8.4631,47.4284],[8.4632,47.4281]],[[8.4631,47.4264],[8.4631,47.4263]],[[8.4632,47.4259],[8.4634,47.4255]],[[8.4644,47.4264],[8.4647,47.4256]],[[8.4658,47.4275],[8.4648,47.4252]],[[8.4658,47.4275],[8.4658,47.4275]],[[8.4658,47.4275],[8.4658,47.4275]],[[8.4662,47.4284],[8.466,47.428]],[[8.4686,47.4451],[8.4876,47.439]],[[8.4686,47.4451],[8.4713,47.4455]],[[8.4723,47.4456],[8.474,47.4456]],[[8.4737,47.4524],[8.4741,47.4523]],[[8.474,47.4456],[8.4772,47.4452]],[[8.4849,47.4456],[8.4861,47.4458]],[[8.4909,47.4389],[8.4912,47.4372]],[[8.4912,47.4372],[8.4925,47.4371]],[[8.4912,47.4372],[8.4944,47.4354]],[[8.5001,47.4406],[8.5002,47.4409]]]}},{"type":"Feature","properties":{"id":"sihl-404-zh","c":"ZH","p":"pacht","q":"official","k":"river"},"geometry":{"type":"MultiLineString","coordinates":[[[8.5447,47.2604],[8.5426,47.2579]],[[8.5447,47.2604],[8.543,47.26]],[[8.5466,47.2603],[8.546,47.2604],[8.5447,47.2604]],[[8.5514,47.2594],[8.5449,47.2579]],[[8.5456,47.2553],[8.5449,47.2551]],[[8.5456,47.2553],[8.5454,47.2546]],[[8.5503,47.256],[8.5456,47.2553]],[[8.554,47.2634],[8.553,47.2621],[8.5459,47.2614]],[[8.55,47.2545],[8.5458,47.2532]],[[8.5549,47.2603],[8.5531,47.2611],[8.5469,47.2603]],[[8.55,47.2545],[8.547,47.2521]],[[8.5514,47.2594],[8.5473,47.2578]],[[8.5505,47.2551],[8.5475,47.2545]],[[8.5526,47.2561],[8.5483,47.2502]],[[8.5503,47.256],[8.5486,47.2554]],[[8.5521,47.2582],[8.5489,47.2573]],[[8.554,47.2634],[8.5494,47.2629]],[[8.5549,47.2643],[8.5501,47.2635]],[[8.5505,47.2551],[8.55,47.2545]],[[8.5565,47.251],[8.55,47.2486]],[[8.5513,47.2558],[8.5507,47.256],[8.5503,47.256]],[[8.5513,47.2558],[8.5505,47.2551]],[[8.5549,47.2603],[8.5514,47.2594]],[[8.5526,47.2561],[8.5513,47.2558]],[[8.5616,47.2578],[8.5521,47.2517]],[[8.5552,47.2601],[8.5523,47.2583]],[[8.5584,47.2591],[8.5526,47.2561]],[[8.5565,47.251],[8.5536,47.2481]],[[8.5549,47.2643],[8.554,47.2634]],[[8.5578,47.2489],[8.5545,47.2455]],[[8.5585,47.2658],[8.5549,47.2643]],[[8.5552,47.2601],[8.5549,47.2603]],[[8.5584,47.2591],[8.5552,47.2601]],[[8.5578,47.2489],[8.5554,47.2478]],[[8.5565,47.2512],[8.5565,47.251]],[[8.5635,47.2571],[8.5565,47.2514]],[[8.5572,47.245],[8.5579,47.2452]],[[8.5579,47.2452],[8.5573,47.2448]],[[8.5579,47.2452],[8.5577,47.2447]],[[8.5678,47.2514],[8.5578,47.2489]],[[8.5675,47.2486],[8.5579,47.2452]],[[8.5603,47.2594],[8.5584,47.2591]],[[8.5589,47.268],[8.5591,47.2672]],[[8.5591,47.2672],[8.5635,47.2674]],[[8.5591,47.2672],[8.5596,47.2658]],[[8.5596,47.2658],[8.5591,47.2658]],[[8.5596,47.2658],[8.5597,47.2655]],[[8.5597,47.2655],[8.5725,47.2628]],[[8.5597,47.2655],[8.5603,47.2594]],[[8.5675,47.2477],[8.5598,47.2432]],[[8.5603,47.2594],[8.5616,47.2578]],[[8.567,47.2458],[8.5606,47.2424]],[[8.5614,47.26],[8.5631,47.2592]],[[8.567,47.2458],[8.5612,47.2418]],[[8.5616,47.2578],[8.5635,47.2571]],[[8.5631,47.2592],[8.5689,47.2604]],[[8.5631,47.2592],[8.5648,47.2592]],[[8.5635,47.2571],[8.5669,47.2558]],[[8.5692,47.2452],[8.5664,47.242]],[[8.5669,47.2558],[8.5685,47.2566]],[[8.5669,47.2558],[8.5675,47.2552]],[[8.5681,47.2461],[8.567,47.2458]],[[8.5675,47.2552],[8.5678,47.2552]],[[8.5675,47.2552],[8.5679,47.2542]],[[8.5675,47.2486],[8.5675,47.2477]],[[8.5675,47.2477],[8.5677,47.247]],[[8.5678,47.2514],[8.5675,47.2486]],[[8.5675,47.2486],[8.5675,47.2486]],[[8.5677,47.247],[8.5681,47.2461]],[[8.5677,47.247],[8.5679,47.247],[8.5687,47.2472],[8.5694,47.2472],[8.5698,47.2473],[8.5704,47.2473]],[[8.568,47.2524],[8.5678,47.2514]],[[8.5679,47.2542],[8.5703,47.2545]],[[8.5679,47.2542],[8.568,47.2524]],[[8.568,47.2524],[8.5682,47.2524],[8.5687,47.2523],[8.5695,47.2521]],[[8.5681,47.2553],[8.57,47.256]],[[8.5681,47.2461],[8.5692,47.2452]],[[8.5692,47.2452],[8.5713,47.2449]],[[8.5695,47.2521],[8.5718,47.2519]],[[8.5695,47.2521],[8.5719,47.2516]],[[8.5703,47.2545],[8.5716,47.2551]],[[8.5703,47.2545],[8.5721,47.2543],[8.5731,47.2545]],[[8.5715,47.2444],[8.5709,47.2432]],[[8.5713,47.2449],[8.5724,47.245]],[[8.5713,47.2449],[8.5715,47.2447]]]}},{"type":"Feature","properties":{"id":"sihl-407-zh","c":"ZH","p":"pacht","q":"official","k":"river"},"geometry":{"type":"MultiLineString","coordinates":[[[8.5037,47.3225],[8.5014,47.322]],[[8.5037,47.3225],[8.5018,47.3212]],[[8.5064,47.3275],[8.5024,47.3272]],[[8.5097,47.3289],[8.5025,47.3314]],[[8.5047,47.3228],[8.5031,47.3211]],[[8.5047,47.3228],[8.5037,47.3225]],[[8.509,47.3203],[8.5043,47.3194]],[[8.5133,47.3253],[8.5047,47.3228]],[[8.5064,47.3275],[8.5053,47.3256]],[[8.5087,47.3194],[8.5053,47.3178]],[[8.511,47.3173],[8.5056,47.316]],[[8.5097,47.3289],[8.5064,47.3275]],[[8.5087,47.3194],[8.5067,47.3179]],[[8.5072,47.3126],[8.507,47.3126]],[[8.5072,47.3126],[8.507,47.3124]],[[8.5118,47.3147],[8.5072,47.3126]],[[8.5104,47.3169],[8.5098,47.3159],[8.5073,47.3152]],[[8.5142,47.3228],[8.5079,47.3221]],[[8.5105,47.3049],[8.5084,47.3048]],[[8.509,47.3203],[8.5087,47.3194]],[[8.5143,47.2964],[8.5084,47.2957]],[[8.516,47.3231],[8.509,47.3203]],[[8.5106,47.2933],[8.509,47.2927]],[[8.5126,47.3286],[8.5115,47.329],[8.5097,47.3289]],[[8.5105,47.3049],[8.5095,47.3053]],[[8.5141,47.2995],[8.5094,47.2993]],[[8.5104,47.3169],[8.5097,47.3164]],[[8.5111,47.3047],[8.5099,47.3046]],[[8.511,47.3173],[8.5104,47.3169]],[[8.5128,47.2987],[8.5101,47.2985]],[[8.5111,47.3047],[8.5105,47.3049]],[[8.5122,47.2934],[8.5104,47.2919]],[[8.516,47.3191],[8.511,47.3173]],[[8.5183,47.3065],[8.5108,47.3077]],[[8.5136,47.3049],[8.5109,47.3038]],[[8.5122,47.2934],[8.5108,47.2935]],[[8.5132,47.3119],[8.5112,47.3115]],[[8.5136,47.3049],[8.5126,47.3048],[8.5121,47.3048],[8.5116,47.3047],[8.5111,47.3047]],[[8.5132,47.3119],[8.5117,47.3107]],[[8.5128,47.2987],[8.5118,47.2978]],[[8.5177,47.3195],[8.5125,47.3147]],[[8.5133,47.2937],[8.5124,47.2934],[8.5122,47.2934]],[[8.5126,47.2923],[8.5123,47.2922]],[[8.5126,47.2923],[8.5124,47.2916]],[[8.5173,47.301],[8.5128,47.301]],[[8.5133,47.2937],[8.5126,47.2923]],[[8.5141,47.2995],[8.5128,47.2987]],[[8.5178,47.313],[8.5132,47.3119]],[[8.5179,47.3286],[8.5135,47.3278]],[[8.5142,47.3253],[8.5136,47.3253]],[[8.5143,47.2964],[8.5133,47.2937]],[[8.5183,47.3065],[8.5136,47.3049]],[[8.516,47.3231],[8.5145,47.3227]],[[8.5164,47.3003],[8.5141,47.2995]],[[8.5153,47.3254],[8.5147,47.3255]],[[8.5164,47.3003],[8.5144,47.299]],[[8.5222,47.3011],[8.5143,47.2964]],[[8.5181,47.3253],[8.5157,47.3255]],[[8.5187,47.3239],[8.5177,47.3232],[8.5164,47.3231],[8.516,47.3231]],[[8.5177,47.3195],[8.5164,47.3192]],[[8.5173,47.301],[8.5164,47.3003]],[[8.5175,47.3033],[8.5169,47.3036]],[[8.5204,47.3205],[8.5177,47.3195]],[[8.5208,47.3024],[8.5173,47.301]],[[8.5178,47.303],[8.5174,47.303]],[[8.5184,47.3289],[8.5181,47.3288]],[[8.5178,47.303],[8.5178,47.3031]],[[8.5183,47.329],[8.5183,47.329]],[[8.5182,47.3031],[8.5178,47.303]],[[8.5183,47.329],[8.5184,47.3289]],[[8.5191,47.3128],[8.5181,47.3129]],[[8.5184,47.3289],[8.519,47.3255]],[[8.5185,47.3289],[8.5185,47.329]],[[8.5221,47.3062],[8.5206,47.3067],[8.5183,47.3065]],[[8.519,47.3255],[8.5187,47.3253]],[[8.519,47.3241],[8.5189,47.324]],[[8.519,47.3254],[8.5187,47.3251],[8.519,47.3241]],[[8.519,47.3241],[8.5206,47.3226]],[[8.519,47.3255],[8.519,47.3254]],[[8.519,47.3254],[8.5243,47.3235]],[[8.5201,47.3156],[8.519,47.3151]],[[8.522,47.3124],[8.5195,47.3128]],[[8.5206,47.3031],[8.5195,47.3031]],[[8.5208,47.3038],[8.5196,47.3037]],[[8.5201,47.3156],[8.5201,47.3156]],[[8.5211,47.3156],[8.5204,47.3159],[8.5201,47.3156]],[[8.5208,47.3024],[8.5206,47.3026]],[[8.5233,47.3024],[8.5208,47.3024]],[[8.5233,47.3024],[8.5224,47.3014]],[[8.5242,47.3029],[8.5233,47.3024]],[[8.5242,47.3057],[8.5239,47.3058]],[[8.5243,47.3235],[8.5258,47.3229]],[[8.5243,47.3235],[8.5274,47.318]],[[8.5265,47.3104],[8.5242,47.3057]],[[8.5242,47.3057],[8.5247,47.3045]],[[8.5247,47.3045],[8.5245,47.304]],[[8.5247,47.3045],[8.5304,47.3006]],[[8.5261,47.3126],[8.5258,47.3125]],[[8.5261,47.323],[8.5281,47.3234]],[[8.5294,47.3163],[8.5261,47.3126]],[[8.5261,47.3126],[8.5265,47.3107]],[[8.5265,47.3107],[8.5268,47.3107]],[[8.5265,47.3107],[8.5265,47.3106]],[[8.5274,47.318],[8.5278,47.3181]],[[8.5274,47.318],[8.5294,47.3163]],[[8.5284,47.3102],[8.5317,47.3092]],[[8.5291,47.3233],[8.5293,47.3233]],[[8.5293,47.3186],[8.5299,47.3185]],[[8.5294,47.3163],[8.5296,47.3161]],[[8.5304,47.3006],[8.5304,47.3006]],[[8.5304,47.3006],[8.5349,47.2981]],[[8.5325,47.2961],[8.5307,47.2949]],[[8.5319,47.3135],[8.5339,47.3128]],[[8.5333,47.2965],[8.5325,47.2961]],[[8.5349,47.2981],[8.5347,47.298]],[[8.5349,47.2981],[8.5352,47.2978]],[[8.5358,47.3083],[8.5359,47.3067]]]}},{"type":"Feature","properties":{"id":"haselbach-knonau-revier-430-zh","c":"ZH","p":"pacht","q":"official","k":"river"},"geometry":{"type":"MultiLineString","coordinates":[[[8.417,47.2333],[8.417,47.2333]],[[8.417,47.2333],[8.417,47.2333]],[[8.417,47.2333],[8.417,47.2333]],[[8.417,47.2333],[8.4175,47.2332],[8.4195,47.2335],[8.4204,47.2338],[8.4234,47.2339],[8.4248,47.2344],[8.4255,47.2337],[8.4265,47.2346]],[[8.4215,47.2239],[8.4217,47.2234]],[[8.4217,47.2234],[8.4217,47.2233]],[[8.4217,47.2234],[8.4222,47.2233],[8.4256,47.2238]],[[8.4256,47.2238],[8.4323,47.2241]],[[8.4265,47.2346],[8.4356,47.2354]],[[8.4356,47.238],[8.4365,47.2386]],[[8.4356,47.2354],[8.4356,47.2354]],[[8.4356,47.2354],[8.442,47.2324]],[[8.4356,47.2237],[8.4377,47.2256]],[[8.4378,47.2274],[8.4373,47.2288]],[[8.4378,47.2274],[8.4378,47.2274]],[[8.4382,47.226],[8.4378,47.2274]],[[8.4382,47.226],[8.4382,47.226]],[[8.4382,47.226],[8.4382,47.226]],[[8.4397,47.2261],[8.4406,47.2248]],[[8.4428,47.229],[8.4415,47.2309]],[[8.442,47.2324],[8.4488,47.2329]],[[8.442,47.2324],[8.4425,47.232]],[[8.4423,47.2288],[8.4428,47.229]],[[8.4424,47.2272],[8.4448,47.225]],[[8.4428,47.2318],[8.4442,47.2303]],[[8.4428,47.229],[8.4429,47.229],[8.4429,47.229],[8.4433,47.2286],[8.4444,47.228]],[[8.4442,47.2303],[8.4462,47.2277]],[[8.4442,47.2303],[8.4446,47.2303],[8.4454,47.2306]],[[8.4462,47.2277],[8.4463,47.2271]],[[8.4462,47.2277],[8.4463,47.2273],[8.4463,47.2271]],[[8.4463,47.2271],[8.447,47.2261]],[[8.447,47.2261],[8.447,47.226],[8.4472,47.2259]],[[8.447,47.2261],[8.4472,47.2259]],[[8.4472,47.2259],[8.4596,47.2216]],[[8.4596,47.2216],[8.459,47.2305]],[[8.4594,47.2315],[8.4604,47.2399]],[[8.4596,47.2216],[8.4616,47.2212],[8.4639,47.2219]],[[8.4604,47.2399],[8.4616,47.2412]],[[8.4604,47.2399],[8.4678,47.2351]],[[8.4616,47.2412],[8.4708,47.2407]],[[8.4616,47.2412],[8.4618,47.2416]],[[8.4618,47.2416],[8.4618,47.2417]],[[8.4618,47.2416],[8.4621,47.2421]],[[8.4627,47.2428],[8.4628,47.2428]],[[8.4627,47.2428],[8.4628,47.2428]],[[8.4628,47.2428],[8.4629,47.2429]],[[8.4643,47.2431],[8.4682,47.2445]],[[8.4639,47.2219],[8.4652,47.2229]],[[8.4639,47.2219],[8.4649,47.2214]],[[8.4659,47.2212],[8.4663,47.2205]],[[8.4662,47.2233],[8.4667,47.2241]],[[8.4667,47.2241],[8.4675,47.2242]],[[8.4667,47.2241],[8.4682,47.229]],[[8.4678,47.2351],[8.4679,47.2351]],[[8.4678,47.2351],[8.4721,47.2311]],[[8.4676,47.2201],[8.4678,47.2197]],[[8.4682,47.2445],[8.4695,47.2457]],[[8.4682,47.2445],[8.4682,47.2445]],[[8.4678,47.2243],[8.4699,47.2234]],[[8.4678,47.2197],[8.4693,47.2171]],[[8.4678,47.2197],[8.4679,47.2197]],[[8.4682,47.229],[8.4682,47.229]],[[8.4682,47.229],[8.469,47.229],[8.471,47.2279],[8.4724,47.226],[8.4805,47.2232],[8.4838,47.2205]],[[8.4692,47.2498],[8.4699,47.2503]],[[8.4693,47.2483],[8.4696,47.2487]],[[8.4695,47.2457],[8.4698,47.2459]],[[8.4695,47.2457],[8.4695,47.2457]],[[8.4694,47.2348],[8.4709,47.2327]],[[8.4695,47.2166],[8.4713,47.2119]],[[8.4702,47.2232],[8.4714,47.2224]],[[8.4708,47.2407],[8.4727,47.239]],[[8.4708,47.2407],[8.4708,47.2407]],[[8.4714,47.2461],[8.4716,47.2463]],[[8.4714,47.2449],[8.4719,47.2452]],[[8.4717,47.2465],[8.4736,47.2467]],[[8.4716,47.2118],[8.4731,47.2103]],[[8.4723,47.2452],[8.4728,47.2452]],[[8.4721,47.2311],[8.4732,47.2323]],[[8.4721,47.2311],[8.4796,47.2273]],[[8.4728,47.2452],[8.4728,47.2452]],[[8.4728,47.2452],[8.4764,47.2449]],[[8.4727,47.239],[8.4727,47.239]],[[8.4727,47.239],[8.4731,47.2387]],[[8.473,47.2411],[8.4735,47.2412]],[[8.4727,47.2166],[8.4743,47.2163]],[[8.4732,47.2323],[8.4738,47.2336]],[[8.4732,47.2323],[8.475,47.2317]],[[8.4736,47.2467],[8.4737,47.2467]],[[8.4736,47.2467],[8.4738,47.2468]],[[8.474,47.247],[8.4779,47.2502]],[[8.4737,47.2343],[8.4739,47.2345]],[[8.4741,47.2347],[8.4814,47.2355]],[[8.4746,47.2161],[8.4752,47.2158]],[[8.475,47.2213],[8.4794,47.2199]],[[8.4756,47.2463],[8.4781,47.2464]],[[8.4781,47.2161],[8.48,47.2149]],[[8.4799,47.2086],[8.4826,47.2087]],[[8.4814,47.2355],[8.4842,47.2377]],[[8.4838,47.2205],[8.4838,47.2205]],[[8.4838,47.2205],[8.4853,47.2184]],[[8.4842,47.2377],[8.4865,47.2394]],[[8.4842,47.2377],[8.4842,47.2377]],[[8.4856,47.2159],[8.4842,47.216]],[[8.4845,47.2259],[8.4901,47.2261]],[[8.485,47.2291],[8.4863,47.2301]],[[8.4849,47.2212],[8.4853,47.2218]],[[8.4853,47.2184],[8.4855,47.2184]],[[8.4853,47.2184],[8.4855,47.2182]],[[8.4855,47.2182],[8.4856,47.2159]],[[8.4855,47.2184],[8.4912,47.2184]],[[8.4856,47.2159],[8.4881,47.2128]],[[8.4862,47.2303],[8.4864,47.2303]],[[8.4862,47.2303],[8.4863,47.2304]],[[8.4863,47.2301],[8.4862,47.2303]],[[8.4863,47.2301],[8.4867,47.2303]],[[8.4865,47.2394],[8.4872,47.2396]],[[8.4865,47.2394],[8.4866,47.2401]],[[8.4864,47.2305],[8.4865,47.2305]],[[8.4865,47.2304],[8.4865,47.2305]],[[8.4872,47.2396],[8.4884,47.2404]],[[8.4872,47.2396],[8.4874,47.2395]],[[8.4871,47.2312],[8.4875,47.2321]],[[8.4884,47.2404],[8.4884,47.2413]],[[8.4884,47.2404],[8.4886,47.2403]],[[8.4881,47.2128],[8.4888,47.2129]],[[8.4881,47.2128],[8.4894,47.2109]],[[8.4888,47.2129],[8.4917,47.2136]],[[8.4888,47.2129],[8.4896,47.2137]],[[8.49,47.2303],[8.4914,47.2311]],[[8.4911,47.226],[8.4911,47.226]],[[8.4912,47.2184],[8.4913,47.2184]],[[8.4912,47.2184],[8.492,47.2183],[8.4922,47.2186]],[[8.4922,47.2186],[8.4922,47.2186]],[[8.4922,47.2186],[8.4956,47.2156]],[[8.4947,47.2304],[8.4948,47.2304]],[[8.496,47.2304],[8.497,47.2311]],[[8.4985,47.2154],[8.5004,47.2147]],[[8.5001,47.2224],[8.501,47.223]],[[8.501,47.223],[8.5006,47.2239]],[[8.501,47.223],[8.5011,47.223],[8.5013,47.223]],[[8.502,47.2233],[8.5035,47.2239]],[[8.509,47.2251],[8.5089,47.2286]],[[8.509,47.2247],[8.5133,47.2264]]]}},{"type":"Feature","properties":{"id":"jonen-437-zh","c":"ZH","p":"pacht","q":"official","k":"river"},"geometry":{"type":"MultiLineString","coordinates":[[[8.4218,47.298],[8.4244,47.2956]],[[8.4244,47.2956],[8.4236,47.2945]],[[8.4244,47.2956],[8.4281,47.2933]],[[8.4281,47.2933],[8.4267,47.2916]],[[8.4281,47.2933],[8.4284,47.2931]],[[8.4284,47.2931],[8.4285,47.2931]],[[8.4284,47.2931],[8.4354,47.2869]],[[8.4295,47.2933],[8.4303,47.2938]],[[8.4337,47.3056],[8.4314,47.3059]],[[8.4342,47.3066],[8.432,47.3077]],[[8.435,47.2863],[8.4288,47.2822],[8.4336,47.2779]],[[8.4363,47.3081],[8.4344,47.3091]],[[8.4397,47.3067],[8.4349,47.3054]],[[8.4397,47.3144],[8.4354,47.3123]],[[8.4354,47.2869],[8.4354,47.2869]],[[8.4354,47.2869],[8.4369,47.2869]],[[8.4394,47.3148],[8.4393,47.3152],[8.4362,47.3152]],[[8.4369,47.2869],[8.437,47.2867]],[[8.4369,47.2869],[8.4388,47.2865],[8.4402,47.2869]],[[8.4394,47.3148],[8.4385,47.3149]],[[8.4397,47.3144],[8.4394,47.3148]],[[8.4417,47.2985],[8.4393,47.2987]],[[8.4409,47.3148],[8.4397,47.3144]],[[8.4397,47.3067],[8.4396,47.3067]],[[8.4409,47.3148],[8.4398,47.3155]],[[8.4415,47.3068],[8.4397,47.3067]],[[8.4419,47.3149],[8.4405,47.3178]],[[8.4402,47.2869],[8.4403,47.2879]],[[8.4403,47.2879],[8.446,47.2889]],[[8.4403,47.2879],[8.4407,47.2967]],[[8.4403,47.2879],[8.4403,47.2879]],[[8.4419,47.3149],[8.4409,47.3148]],[[8.4407,47.2967],[8.4439,47.2975]],[[8.4407,47.2967],[8.4417,47.2985]],[[8.4415,47.3068],[8.4439,47.3087]],[[8.4417,47.2985],[8.4415,47.3068]],[[8.4507,47.3109],[8.4452,47.3151],[8.4419,47.3149]],[[8.4439,47.3087],[8.444,47.3088]],[[8.4439,47.3087],[8.4471,47.3075]],[[8.4435,47.2828],[8.4435,47.2828]],[[8.444,47.3088],[8.4507,47.3109]],[[8.4453,47.2976],[8.4467,47.2978]],[[8.446,47.2889],[8.446,47.2889]],[[8.446,47.2889],[8.453,47.2822]],[[8.446,47.2889],[8.446,47.2889]],[[8.4473,47.3197],[8.4467,47.32]],[[8.4467,47.2978],[8.4492,47.298]],[[8.4508,47.316],[8.4474,47.3195]],[[8.4474,47.3073],[8.451,47.3022]],[[8.4492,47.298],[8.4584,47.2989]],[[8.4492,47.298],[8.4547,47.2964]],[[8.4507,47.3109],[8.4527,47.3127]],[[8.4513,47.302],[8.454,47.3015]],[[8.4516,47.2873],[8.4539,47.2863]],[[8.4527,47.3127],[8.4527,47.3127]],[[8.4527,47.3127],[8.4533,47.3129]],[[8.4533,47.3129],[8.4533,47.313]],[[8.4533,47.3129],[8.4534,47.3129]],[[8.453,47.2822],[8.453,47.2815]],[[8.453,47.2815],[8.4542,47.2777]],[[8.453,47.2815],[8.4532,47.2812]],[[8.454,47.3015],[8.4556,47.3015]],[[8.4547,47.2964],[8.4634,47.2921]],[[8.4545,47.2863],[8.4565,47.2866]],[[8.4551,47.2814],[8.456,47.2811]],[[8.4556,47.3015],[8.4571,47.3033]],[[8.456,47.2811],[8.4562,47.2812]],[[8.4562,47.2812],[8.4571,47.2808]],[[8.4562,47.2812],[8.4565,47.2814]],[[8.4577,47.2878],[8.4587,47.2884]],[[8.4579,47.2804],[8.4584,47.2797]],[[8.4584,47.2989],[8.4586,47.2993]],[[8.4584,47.2989],[8.4637,47.2964]],[[8.4583,47.2874],[8.4612,47.286]],[[8.4586,47.2794],[8.4586,47.2794]],[[8.4586,47.2794],[8.4586,47.2793]],[[8.4586,47.2794],[8.4621,47.2788],[8.4652,47.2793]],[[8.4599,47.2819],[8.4642,47.2822]],[[8.4615,47.2775],[8.4627,47.2777]],[[8.4637,47.2964],[8.471,47.3018]],[[8.4637,47.2964],[8.466,47.2937]],[[8.4654,47.2915],[8.4667,47.2911]],[[8.466,47.2937],[8.4667,47.2911]],[[8.4667,47.2911],[8.4669,47.2908]],[[8.4669,47.2908],[8.4675,47.2884]],[[8.4669,47.2908],[8.4677,47.2908],[8.4688,47.2911]],[[8.4675,47.2884],[8.4697,47.2844]],[[8.4675,47.2884],[8.4676,47.2884]],[[8.4688,47.2911],[8.4715,47.2906]],[[8.4688,47.2911],[8.4702,47.2921]],[[8.4697,47.2844],[8.4697,47.2844]],[[8.4697,47.2844],[8.4715,47.2826]],[[8.471,47.3018],[8.4722,47.3027]],[[8.471,47.3018],[8.471,47.3018]],[[8.4712,47.2843],[8.4718,47.284]],[[8.4726,47.3011],[8.4761,47.298]],[[8.4725,47.2816],[8.473,47.2805]],[[8.4761,47.298],[8.4754,47.2967]],[[8.4761,47.298],[8.4767,47.2961]]]}},{"type":"Feature","properties":{"id":"schongebiet-schwarzbach-revier-1000-zh","c":"ZH","p":"closed","q":"official","k":"river"},"geometry":{"type":"MultiLineString","coordinates":[[[8.461,47.5888],[8.4622,47.5889]],[[8.4841,47.6089],[8.4752,47.6051]],[[8.4793,47.6106],[8.4773,47.6086]],[[8.4797,47.615],[8.4797,47.615]],[[8.4896,47.6129],[8.4841,47.6089]],[[8.4841,47.6089],[8.4866,47.6067]],[[8.491,47.6147],[8.4999,47.6162]],[[8.4999,47.6162],[8.5029,47.6166]],[[8.4999,47.6162],[8.5,47.6162]],[[8.5003,47.6161],[8.5067,47.6129]],[[8.5029,47.6166],[8.5034,47.6167]],[[8.5029,47.6166],[8.5038,47.6164],[8.5045,47.6167]],[[8.5043,47.6167],[8.5045,47.6167]],[[8.5045,47.6167],[8.5096,47.6177]],[[8.5088,47.6222],[8.5081,47.6237]],[[8.5082,47.6214],[8.5083,47.622]],[[8.5096,47.6177],[8.5091,47.6201]],[[8.5096,47.6177],[8.5208,47.6192]],[[8.5233,47.623],[8.5181,47.6322]],[[8.5208,47.6192],[8.5233,47.623]],[[8.5208,47.6192],[8.5208,47.6192]],[[8.5233,47.623],[8.5233,47.623]],[[8.5382,47.6312],[8.5355,47.631]],[[8.5812,47.5814],[8.584,47.5922]],[[8.5837,47.5792],[8.5815,47.5811]],[[8.5817,47.5754],[8.5818,47.5756]],[[8.5818,47.5756],[8.591,47.5766]],[[8.5818,47.5756],[8.5837,47.5792]],[[8.5837,47.5792],[8.5862,47.5802]],[[8.5844,47.5924],[8.595,47.5881]],[[8.5862,47.5802],[8.5975,47.5806]],[[8.5862,47.5802],[8.5912,47.5856]],[[8.6251,47.6917],[8.6256,47.692]],[[8.626,47.6839],[8.626,47.6839]],[[8.626,47.6839],[8.6266,47.6839]],[[8.626,47.6838],[8.626,47.6839]],[[8.6264,47.6779],[8.6297,47.6761]],[[8.6283,47.6483],[8.6283,47.6483]],[[8.6283,47.6483],[8.6283,47.6484]],[[8.6283,47.6483],[8.6309,47.6475]],[[8.6285,47.6312],[8.6285,47.6315]],[[8.629,47.6314],[8.629,47.6314]],[[8.6285,47.5877],[8.6303,47.5873]],[[8.6309,47.6475],[8.6315,47.6476]],[[8.6309,47.6475],[8.6314,47.6473]],[[8.6326,47.6838],[8.6334,47.684]],[[8.633,47.6929],[8.6404,47.6946]],[[8.6321,47.6472],[8.6322,47.6472]],[[8.6321,47.6472],[8.6322,47.6472]],[[8.6322,47.6472],[8.6322,47.6472]],[[8.6343,47.6468],[8.6363,47.6467]],[[8.6342,47.5862],[8.635,47.5846]],[[8.6365,47.6469],[8.6392,47.6547]],[[8.6394,47.6549],[8.6392,47.6552]],[[8.6394,47.6549],[8.6394,47.6549]],[[8.6394,47.6549],[8.6395,47.6548]],[[8.6407,47.6947],[8.6409,47.6948]],[[8.6412,47.6948],[8.6421,47.6949]],[[8.6422,47.6949],[8.6425,47.6949]],[[8.6427,47.6949],[8.6465,47.6939]],[[8.645,47.6586],[8.6466,47.6588]],[[8.6498,47.5992],[8.6482,47.6014]],[[8.6501,47.598],[8.6501,47.5981]],[[8.652,47.5958],[8.6507,47.5964]],[[8.6541,47.6895],[8.6574,47.6879]],[[8.6628,47.6859],[8.6634,47.6858]],[[8.6906,47.5535],[8.6906,47.5535]],[[8.6913,47.5538],[8.6945,47.5556]],[[8.6923,47.5655],[8.6943,47.5664]],[[8.7002,47.5607],[8.7088,47.562]],[[8.7068,47.5649],[8.7066,47.5646]],[[8.7072,47.5649],[8.7075,47.5642]],[[8.7063,47.4977],[8.7063,47.4989]],[[8.7127,47.5101],[8.7129,47.512]],[[8.7247,47.643],[8.7269,47.6433]],[[8.7253,47.4899],[8.7228,47.488]],[[8.7274,47.6433],[8.7336,47.6378]],[[8.7253,47.4899],[8.7251,47.4888]],[[8.7254,47.4899],[8.7253,47.4899]],[[8.7332,47.6372],[8.7326,47.6365]],[[8.7347,47.509],[8.7348,47.509]],[[8.735,47.509],[8.7384,47.5096]],[[8.7355,47.5061],[8.7372,47.5075]],[[8.739,47.5097],[8.7452,47.5109]],[[8.7445,47.6348],[8.7465,47.6319]],[[8.7479,47.6401],[8.7448,47.6371]],[[8.746,47.6315],[8.7451,47.6308]],[[8.7422,47.5078],[8.7438,47.5072]],[[8.751,47.5496],[8.7552,47.5489]],[[8.7521,47.5103],[8.7515,47.5113]],[[8.7517,47.5122],[8.7518,47.513]],[[8.7554,47.5487],[8.7567,47.5476]],[[8.7563,47.5474],[8.7561,47.5437]],[[8.7626,47.6247],[8.7622,47.6229]],[[8.7763,47.6199],[8.7706,47.62]],[[8.7708,47.6154],[8.7708,47.6152]],[[8.7679,47.4756],[8.7679,47.4755]],[[8.7686,47.4775],[8.768,47.4757]],[[8.7695,47.4782],[8.7694,47.4782]],[[8.774,47.6362],[8.7743,47.6336]],[[8.7743,47.6336],[8.7802,47.6241]],[[8.7743,47.6336],[8.7743,47.6335]],[[8.7746,47.6334],[8.7872,47.6334]],[[8.7767,47.6225],[8.7755,47.6229]],[[8.7772,47.6207],[8.7766,47.6204]],[[8.7784,47.6218],[8.7786,47.6214]],[[8.7802,47.6241],[8.7801,47.6241]],[[8.7802,47.6241],[8.7802,47.6241]],[[8.7874,47.6624],[8.7908,47.6627]],[[8.7884,47.6106],[8.7877,47.6091]],[[8.7896,47.619],[8.7899,47.619]],[[8.7914,47.6627],[8.804,47.6622]],[[8.7912,47.6504],[8.7928,47.6501]],[[8.7943,47.6173],[8.8041,47.6101]],[[8.7976,47.6305],[8.7992,47.63]],[[8.8024,47.5635],[8.801,47.5626]],[[8.8059,47.6315],[8.8078,47.6329]],[[8.8078,47.6329],[8.8116,47.6335]],[[8.8078,47.6329],[8.8091,47.6324]],[[8.8053,47.5324],[8.8056,47.5322]],[[8.8086,47.6357],[8.8091,47.6361]],[[8.8094,47.6363],[8.8116,47.6385]],[[8.8081,47.5668],[8.808,47.5663]],[[8.8116,47.6385],[8.8113,47.639]],[[8.8112,47.6319],[8.8121,47.6321]],[[8.8114,47.6396],[8.8123,47.6409]],[[8.8116,47.6385],[8.8161,47.6398]],[[8.8119,47.6336],[8.8121,47.6336]],[[8.8121,47.6336],[8.8151,47.6362]],[[8.8121,47.6336],[8.8131,47.6334],[8.8138,47.6339]],[[8.8123,47.6411],[8.8126,47.6424]],[[8.8126,47.6424],[8.8127,47.6425]],[[8.8126,47.6424],[8.8125,47.6425],[8.8127,47.6425]],[[8.8127,47.6425],[8.8137,47.6434]],[[8.8101,47.5316],[8.813,47.5316]],[[8.8135,47.5698],[8.8111,47.5683]],[[8.8123,47.5369],[8.8144,47.5348]],[[8.8136,47.5702],[8.8136,47.5702]],[[8.8169,47.6349],[8.8206,47.6351]],[[8.8167,47.5405],[8.8167,47.5405]],[[8.827,47.6422],[8.8204,47.6407]],[[8.8262,47.6439],[8.8206,47.6454]],[[8.8204,47.5388],[8.8196,47.5381]],[[8.8217,47.5415],[8.8217,47.5415]],[[8.8228,47.5418],[8.8228,47.5417]],[[8.8236,47.5459],[8.8235,47.5458]],[[8.8316,47.5487],[8.8237,47.5459]],[[8.8236,47.5384],[8.8235,47.5376]],[[8.8237,47.5374],[8.8255,47.5342]],[[8.8271,47.6423],[8.827,47.6422]],[[8.827,47.6422],[8.8272,47.64]],[[8.8316,47.5487],[8.8315,47.5487]],[[8.8319,47.5486],[8.8316,47.5487]],[[8.8321,47.5486],[8.8319,47.5486]],[[8.8321,47.5486],[8.832,47.5486],[8.8319,47.5486]],[[8.8327,47.5486],[8.8322,47.5486],[8.8321,47.5486]],[[8.8766,47.4623],[8.8735,47.4605]],[[8.8798,47.4647],[8.8766,47.4623]],[[8.8766,47.4623],[8.8772,47.4613]],[[8.8811,47.4671],[8.8781,47.4684]],[[8.8798,47.4647],[8.8791,47.4625]],[[8.8792,47.4623],[8.8795,47.4618]],[[8.8825,47.4597],[8.8792,47.4575]],[[8.8813,47.4661],[8.8798,47.4647]],[[8.8834,47.5142],[8.8817,47.5137]],[[8.8817,47.4527],[8.8802,47.4521]],[[8.8817,47.4527],[8.8805,47.4531]],[[8.8836,47.4701],[8.8811,47.4671]],[[8.8811,47.4671],[8.8813,47.4661]],[[8.8875,47.4547],[8.881,47.4572]],[[8.8813,47.4661],[8.8836,47.4618]],[[8.8857,47.5132],[8.8828,47.5104]],[[8.882,47.4509],[8.8812,47.45]],[[8.8825,47.4931],[8.8856,47.4885]],[[8.8831,47.4526],[8.8822,47.4527],[8.8817,47.4527]],[[8.882,47.4503],[8.8817,47.45]],[[8.8831,47.4526],[8.882,47.4509]],[[8.882,47.4509],[8.882,47.4503]],[[8.882,47.4503],[8.8821,47.45]],[[8.8837,47.4615],[8.8829,47.46]],[[8.8875,47.4547],[8.8831,47.4526]],[[8.8902,47.451],[8.8839,47.4477]],[[8.8861,47.4612],[8.885,47.461]],[[8.889,47.5151],[8.8873,47.5152]],[[8.8872,47.4696],[8.8863,47.4644]],[[8.889,47.5151],[8.8879,47.515]],[[8.8877,47.4614],[8.8866,47.4595]],[[8.8877,47.4614],[8.8867,47.4613]],[[8.8914,47.5163],[8.889,47.5151]],[[8.8922,47.4613],[8.8877,47.4614]],[[8.8922,47.4544],[8.8875,47.4547]],[[8.8943,47.5167],[8.8922,47.5186]],[[8.8922,47.4613],[8.8908,47.4599]],[[8.8923,47.4507],[8.8906,47.4509]],[[8.8933,47.5028],[8.8926,47.5027]],[[8.8933,47.5028],[8.8937,47.5047]],[[8.8942,47.5024],[8.8933,47.5028]],[[8.8967,47.4584],[8.8922,47.4613]],[[8.8943,47.5167],[8.8942,47.5167]],[[8.8929,47.4543],[8.8925,47.4544]],[[8.8947,47.5115],[8.8943,47.5167]],[[8.8941,47.4507],[8.8938,47.4494]],[[8.8941,47.4507],[8.8941,47.4507]],[[8.8957,47.4537],[8.8941,47.4507]],[[8.8958,47.4538],[8.8957,47.4538]],[[8.8962,47.4545],[8.8959,47.4541]],[[8.8977,47.4563],[8.8964,47.4546]],[[8.8977,47.4577],[8.8967,47.4584]],[[8.8988,47.4554],[8.9043,47.4504]],[[8.8987,47.4493],[8.8998,47.4491]],[[8.9006,47.4492],[8.9043,47.4485]],[[8.9043,47.4504],[8.9046,47.4498]],[[8.9043,47.4504],[8.9058,47.4496]]]}},{"type":"Feature","properties":{"id":"schongebiet-dachseggbaechli-revier-2000-zh","c":"ZH","p":"closed","q":"official","k":"river"},"geometry":{"type":"MultiLineString","coordinates":[[[8.676,47.3635],[8.6761,47.3636]],[[8.6847,47.359],[8.685,47.3593]],[[8.6853,47.3594],[8.6871,47.3601]],[[8.6871,47.3601],[8.6879,47.3618]],[[8.6871,47.3601],[8.6889,47.3589]],[[8.6883,47.3539],[8.6889,47.3541]],[[8.689,47.3587],[8.6893,47.3582]],[[8.6893,47.3541],[8.6919,47.3538]],[[8.6919,47.3538],[8.6922,47.354]],[[8.6919,47.3538],[8.6967,47.3526]],[[8.7528,47.3404],[8.7528,47.3404]],[[8.7528,47.3404],[8.7543,47.3398]],[[8.7528,47.3404],[8.7528,47.3404]],[[8.7546,47.3397],[8.7581,47.3396]],[[8.7586,47.3395],[8.7592,47.3379]],[[8.7586,47.3361],[8.7596,47.3337]],[[8.7598,47.3333],[8.76,47.3331]],[[8.7793,47.3381],[8.7782,47.3382]],[[8.7793,47.34],[8.7786,47.3404]],[[8.7808,47.3383],[8.7796,47.3395]],[[8.7808,47.3383],[8.7797,47.3382]],[[8.7882,47.3336],[8.7808,47.3383]],[[8.7865,47.3575],[8.7867,47.3576]],[[8.7882,47.3336],[8.7893,47.334]],[[8.7894,47.3296],[8.7882,47.3336]],[[8.7915,47.3514],[8.7934,47.3546]],[[8.792,47.3456],[8.7988,47.3419]],[[8.7933,47.3487],[8.7953,47.3505]],[[8.7932,47.347],[8.7978,47.3485]],[[8.7953,47.3505],[8.7984,47.35]],[[8.7953,47.3505],[8.7988,47.3528]],[[8.7962,47.3633],[8.7981,47.3634]],[[8.7984,47.35],[8.8011,47.3528]],[[8.7984,47.35],[8.7985,47.35],[8.8002,47.351],[8.8005,47.3509]],[[8.7988,47.3419],[8.7988,47.342]],[[8.7988,47.3419],[8.7988,47.3419]],[[8.7997,47.3634],[8.8105,47.3609]],[[8.8015,47.3483],[8.8027,47.3476]],[[8.8059,47.263],[8.8049,47.2633]],[[8.8054,47.262],[8.805,47.2616]],[[8.8075,47.3507],[8.808,47.3507]],[[8.8059,47.263],[8.8055,47.2625]],[[8.8076,47.263],[8.8059,47.263]],[[8.8076,47.263],[8.8077,47.2643]],[[8.8099,47.2623],[8.8076,47.263]],[[8.8099,47.2623],[8.808,47.2701]],[[8.814,47.4436],[8.8222,47.4478]],[[8.8169,47.2617],[8.8099,47.2623]],[[8.8162,47.3572],[8.8173,47.3547]],[[8.8173,47.3547],[8.8176,47.3541]],[[8.8173,47.3547],[8.818,47.3544]],[[8.8177,47.3537],[8.8175,47.353]],[[8.8176,47.3541],[8.8176,47.3538]],[[8.8176,47.3541],[8.8177,47.354]],[[8.8234,47.4485],[8.8234,47.4485]],[[8.8234,47.4485],[8.8235,47.4485]],[[8.8234,47.4485],[8.8269,47.4538]],[[8.8275,47.2614],[8.8189,47.2617]],[[8.824,47.4486],[8.8269,47.4491]],[[8.8262,47.4547],[8.8248,47.4567]],[[8.8269,47.4538],[8.8264,47.4544]],[[8.8219,47.26],[8.8216,47.26]],[[8.8219,47.26],[8.8218,47.26]],[[8.8269,47.4538],[8.8279,47.4541]],[[8.8272,47.2607],[8.8219,47.26]],[[8.8279,47.4541],[8.8298,47.4555]],[[8.8279,47.4541],[8.8285,47.4536]],[[8.8285,47.4536],[8.8309,47.4542]],[[8.8285,47.4536],[8.8357,47.4502]],[[8.8298,47.4555],[8.8293,47.4562]],[[8.8298,47.4555],[8.8323,47.4573]],[[8.8323,47.4573],[8.8324,47.4583]],[[8.8323,47.4573],[8.8324,47.4573],[8.8329,47.4573]],[[8.8278,47.2609],[8.8276,47.2608]],[[8.8335,47.2492],[8.8282,47.2507]],[[8.8357,47.4502],[8.8375,47.4522]],[[8.8357,47.4502],[8.8359,47.4501]],[[8.8384,47.4528],[8.8412,47.4527]],[[8.8352,47.249],[8.8339,47.2493]],[[8.8352,47.249],[8.836,47.249],[8.8368,47.2489]],[[8.8355,47.2479],[8.8352,47.249]],[[8.8356,47.2479],[8.8385,47.2486]],[[8.8419,47.4554],[8.8429,47.4565]],[[8.8439,47.3942],[8.8421,47.3947],[8.8403,47.3938]],[[8.8422,47.4546],[8.8432,47.4547]],[[8.8432,47.4547],[8.8437,47.4544]],[[8.8432,47.4547],[8.8433,47.4547],[8.8435,47.4548],[8.8436,47.4547],[8.844,47.4548],[8.8443,47.4548],[8.8444,47.4549],[8.8457,47.4549]],[[8.8439,47.3942],[8.842,47.3936]],[[8.8446,47.3939],[8.843,47.393]],[[8.8463,47.3961],[8.8435,47.3958]],[[8.8446,47.3939],[8.8439,47.3942]],[[8.8514,47.3963],[8.8504,47.3944],[8.8478,47.3944],[8.8467,47.3939],[8.846,47.394],[8.8455,47.3939],[8.8446,47.3939]],[[8.8514,47.3963],[8.8469,47.3961]],[[8.8526,47.3977],[8.8514,47.3963]],[[8.852,47.3978],[8.8517,47.398]],[[8.8527,47.3985],[8.8519,47.399]],[[8.8526,47.3977],[8.8526,47.3977]],[[8.8527,47.3985],[8.8526,47.3977]],[[8.8534,47.3986],[8.8527,47.3985]],[[8.853,47.2525],[8.8561,47.2542]],[[8.8563,47.2541],[8.8583,47.2531],[8.8654,47.2537]],[[8.8564,47.2541],[8.8581,47.2553]],[[8.8584,47.2558],[8.859,47.2561]],[[8.8593,47.2562],[8.8679,47.2563]],[[8.8622,47.2584],[8.8637,47.2584]],[[8.8658,47.2538],[8.8832,47.254]],[[8.8679,47.2563],[8.8715,47.2574]],[[8.8679,47.2563],[8.8696,47.2555]],[[8.8758,47.3613],[8.8734,47.3601]],[[8.8766,47.3593],[8.8737,47.3582]],[[8.8715,47.2574],[8.8797,47.2569]],[[8.8715,47.2574],[8.8886,47.2588]],[[8.8789,47.3628],[8.8761,47.3614]],[[8.877,47.3542],[8.876,47.3527]],[[8.8734,47.2557],[8.88,47.2563]],[[8.8766,47.3593],[8.8766,47.3584]],[[8.8784,47.3605],[8.8766,47.3593]],[[8.8781,47.3561],[8.877,47.3542]],[[8.877,47.3542],[8.8773,47.3536]],[[8.8773,47.3536],[8.8787,47.3524],[8.8792,47.3508]],[[8.8773,47.3536],[8.8775,47.3524]],[[8.8799,47.3587],[8.8781,47.3561]],[[8.8781,47.3561],[8.8789,47.3554]],[[8.8789,47.3628],[8.8784,47.3605]],[[8.8784,47.3605],[8.8799,47.3587]],[[8.8812,47.3642],[8.8789,47.3628]],[[8.8789,47.3554],[8.8797,47.3535]],[[8.8789,47.3554],[8.8823,47.3538]],[[8.8799,47.3587],[8.8807,47.3584]],[[8.8807,47.3584],[8.8813,47.3576]],[[8.8807,47.3584],[8.8853,47.3558]],[[8.8812,47.3689],[8.8812,47.3685]],[[8.8812,47.369],[8.8812,47.369]],[[8.8813,47.3643],[8.8812,47.3642]],[[8.8812,47.3642],[8.8815,47.3621]],[[8.8813,47.3576],[8.8816,47.3569]],[[8.8813,47.3576],[8.8822,47.3566]],[[8.8815,47.3618],[8.8815,47.361]],[[8.8816,47.3607],[8.8821,47.3601]],[[8.8825,47.3655],[8.8817,47.3645]],[[8.8821,47.3667],[8.8826,47.366]],[[8.8823,47.3538],[8.8817,47.3529]],[[8.8827,47.3658],[8.8825,47.3655]],[[8.8825,47.3655],[8.8826,47.3655]],[[8.8823,47.3538],[8.8824,47.3536]],[[8.8824,47.3536],[8.8844,47.354]],[[8.8824,47.3536],[8.8829,47.3531]],[[8.8829,47.3531],[8.8832,47.3512]],[[8.8829,47.3531],[8.8835,47.3527]],[[8.8831,47.3509],[8.883,47.3507]],[[8.8832,47.3512],[8.8831,47.3509]],[[8.8831,47.3509],[8.8832,47.3507]],[[8.8832,47.3512],[8.8835,47.3509]],[[8.8835,47.3527],[8.8841,47.3513]],[[8.8835,47.3527],[8.8835,47.3527],[8.8837,47.3527],[8.884,47.3527],[8.8843,47.3527],[8.8845,47.3527]],[[8.8841,47.3513],[8.8843,47.3509]],[[8.8841,47.3513],[8.8845,47.351]],[[8.8845,47.3628],[8.8847,47.3596]],[[8.8845,47.3636],[8.8846,47.363]],[[8.8846,47.363],[8.8846,47.363]],[[8.8846,47.363],[8.8872,47.3592]],[[8.8832,47.254],[8.8964,47.2558]],[[8.8832,47.254],[8.8841,47.2539],[8.8893,47.2543]],[[8.8886,47.2588],[8.9043,47.2604]],[[8.8886,47.2588],[8.8891,47.2587]],[[8.8894,47.2585],[8.8939,47.2573]],[[8.8939,47.2573],[8.8953,47.2573]],[[8.8939,47.2573],[8.8947,47.257]],[[8.9043,47.2604],[8.9066,47.2611]],[[8.9043,47.2604],[8.9054,47.2617]],[[8.9085,47.2547],[8.9086,47.2548]],[[8.9154,47.4347],[8.9135,47.4349]],[[8.9086,47.2548],[8.909,47.2552]],[[8.9086,47.2548],[8.9086,47.2548],[8.9088,47.2548],[8.9096,47.2553],[8.9108,47.2554]],[[8.9091,47.2555],[8.9094,47.2567]],[[8.9198,47.433],[8.916,47.4345]],[[8.9198,47.433],[8.9183,47.4325]],[[8.9181,47.3546],[8.9174,47.3546]],[[8.9181,47.3546],[8.9176,47.3548]],[[8.9231,47.4328],[8.9221,47.433],[8.9198,47.433]],[[8.9188,47.3547],[8.9182,47.3546],[8.9181,47.3546]],[[8.9186,47.3517],[8.9182,47.3514]],[[8.9184,47.3528],[8.9183,47.3526]],[[8.9188,47.3547],[8.9184,47.3528]],[[8.9184,47.3528],[8.9187,47.3523]],[[8.9196,47.3552],[8.9188,47.3547]],[[8.9209,47.3572],[8.9196,47.3552]],[[8.9196,47.3552],[8.9207,47.3533]],[[8.9221,47.3584],[8.9209,47.3572]],[[8.9209,47.3572],[8.9219,47.3561]],[[8.9231,47.4328],[8.9235,47.4339]],[[8.9261,47.4315],[8.9231,47.4328]],[[8.9261,47.4315],[8.9259,47.4339]],[[8.9277,47.4315],[8.9268,47.4314],[8.9261,47.4315]],[[8.9285,47.4315],[8.9277,47.4315]],[[8.9277,47.4315],[8.9282,47.4332]],[[8.9282,47.4332],[8.9302,47.4341]],[[8.9282,47.4332],[8.9282,47.4345]],[[8.9308,47.4318],[8.9314,47.4328]],[[8.9636,47.3123],[8.9693,47.319]],[[8.9693,47.319],[8.9684,47.3215]],[[8.9693,47.319],[8.9717,47.3191]],[[8.9717,47.3191],[8.9748,47.323]],[[8.9717,47.3191],[8.9746,47.3187],[8.9785,47.3191]],[[8.9786,47.3214],[8.9782,47.3218]],[[8.9785,47.3191],[8.9792,47.3191]],[[8.9785,47.3191],[8.9786,47.3214]],[[8.9786,47.3214],[8.9788,47.322]],[[8.9792,47.3191],[8.9797,47.3192]],[[8.9792,47.3191],[8.9802,47.3184]],[[8.9797,47.3192],[8.9801,47.3194]],[[8.9797,47.3192],[8.9825,47.3182]],[[8.9801,47.3194],[8.9827,47.32]],[[8.9801,47.3194],[8.9815,47.321]],[[8.9802,47.3184],[8.9811,47.3172]],[[8.9802,47.3184],[8.9822,47.3172]]]}},{"type":"Feature","properties":{"id":"schongebiet-rietlibach-revier-3000-zh","c":"ZH","p":"closed","q":"official","k":"river"},"geometry":{"type":"MultiLineString","coordinates":[[[8.3623,47.4997],[8.3655,47.4946]],[[8.3643,47.4899],[8.364,47.4891]],[[8.365,47.4923],[8.3643,47.4899]],[[8.3643,47.4899],[8.365,47.4888]],[[8.3653,47.4943],[8.365,47.4923]],[[8.3699,47.4651],[8.3728,47.4689]],[[8.3699,47.4651],[8.3702,47.467]],[[8.371,47.4619],[8.3699,47.4651]],[[8.371,47.4619],[8.3714,47.4629]],[[8.3728,47.4595],[8.371,47.4619]],[[8.3767,47.4043],[8.3745,47.4031]],[[8.3778,47.4027],[8.3747,47.3992]],[[8.3762,47.4048],[8.3767,47.4043]],[[8.3767,47.4043],[8.3778,47.4034]],[[8.3778,47.4034],[8.378,47.4028]],[[8.3778,47.4034],[8.3793,47.4023]],[[8.3794,47.4668],[8.3793,47.4668]],[[8.3793,47.4023],[8.3782,47.3996]],[[8.3793,47.4023],[8.3799,47.4018]],[[8.3802,47.4006],[8.3813,47.399]],[[8.3881,47.5283],[8.3836,47.527]],[[8.3897,47.5274],[8.3885,47.5266]],[[8.3912,47.5218],[8.3887,47.5176]],[[8.3901,47.5263],[8.3891,47.5242]],[[8.3912,47.5218],[8.3898,47.5217]],[[8.3921,47.5252],[8.3912,47.5218]],[[8.3953,47.4333],[8.3955,47.4339]],[[8.3981,47.5256],[8.3995,47.515]],[[8.409,47.4035],[8.409,47.4025]],[[8.4092,47.4039],[8.409,47.4035]],[[8.409,47.4035],[8.41,47.4022]],[[8.4092,47.407],[8.4092,47.407]],[[8.4096,47.4062],[8.4092,47.4042]],[[8.4092,47.4042],[8.4092,47.4039]],[[8.4092,47.4042],[8.4092,47.404],[8.4092,47.4039]],[[8.4095,47.4071],[8.4097,47.4063]],[[8.4097,47.4063],[8.4096,47.4062]],[[8.4097,47.4063],[8.4096,47.4063],[8.4096,47.4062]],[[8.4143,47.4025],[8.4097,47.4067]],[[8.4516,47.4169],[8.4512,47.4172]],[[8.4677,47.4593],[8.4637,47.4594]],[[8.4711,47.4622],[8.4677,47.4593]],[[8.4677,47.4593],[8.468,47.4584]],[[8.4684,47.4583],[8.4695,47.4583]],[[8.4724,47.4627],[8.4721,47.4624]],[[8.4734,47.4634],[8.4724,47.4629]],[[8.4739,47.4248],[8.4736,47.424]],[[8.4741,47.4253],[8.474,47.425]],[[8.4974,47.4186],[8.4966,47.4179]],[[8.499,47.4191],[8.4976,47.4188]],[[8.4999,47.4194],[8.499,47.4191]],[[8.499,47.4191],[8.499,47.4191]],[[8.5104,47.4318],[8.5104,47.4319]],[[8.5117,47.4311],[8.5117,47.4311]],[[8.5297,47.4688],[8.5341,47.4672]],[[8.5341,47.4672],[8.5343,47.4619]],[[8.5341,47.4672],[8.5381,47.4653]],[[8.5354,47.462],[8.5375,47.4617]],[[8.5605,47.371],[8.5631,47.3724]],[[8.5635,47.3726],[8.5635,47.3727]],[[8.5638,47.3728],[8.5674,47.3756]],[[8.565,47.3709],[8.5682,47.3716]],[[8.5674,47.3756],[8.5674,47.3761]],[[8.5674,47.3756],[8.5703,47.3766]],[[8.5689,47.3713],[8.57,47.3711]],[[8.5703,47.3766],[8.5743,47.3761]],[[8.5703,47.3766],[8.5747,47.3773]],[[8.5716,47.3776],[8.5713,47.3783]],[[8.5713,47.371],[8.5731,47.3712]],[[8.5715,47.3784],[8.5714,47.3785]],[[8.5717,47.3784],[8.5718,47.3786]],[[8.5734,47.3712],[8.5738,47.3704]],[[8.5758,47.3809],[8.5737,47.3797]],[[8.5751,47.3773],[8.5791,47.3774]],[[8.6111,47.4157],[8.6109,47.4157],[8.6095,47.4164],[8.6035,47.418]],[[8.6041,47.4028],[8.6059,47.4031]],[[8.6062,47.4033],[8.6157,47.406]],[[8.6069,47.4217],[8.6069,47.4217]],[[8.6091,47.4196],[8.608,47.4203]],[[8.6111,47.4157],[8.611,47.4158]],[[8.614,47.4131],[8.6111,47.4157]],[[8.6172,47.5201],[8.6144,47.5172]],[[8.6183,47.5209],[8.6174,47.5202]],[[8.6175,47.5215],[8.6183,47.5209]],[[8.6157,47.406],[8.6189,47.4063]],[[8.6157,47.406],[8.6161,47.4099]],[[8.6183,47.5209],[8.6214,47.5199]],[[8.6212,47.5183],[8.6196,47.5168]],[[8.6214,47.5199],[8.6214,47.5185]],[[8.6214,47.5199],[8.6251,47.5182]],[[8.6189,47.4063],[8.6213,47.4119]],[[8.6189,47.4063],[8.6196,47.4063],[8.6203,47.4063],[8.6239,47.407]],[[8.6248,47.518],[8.6219,47.5154]],[[8.6267,47.5137],[8.6233,47.5118]],[[8.6216,47.4122],[8.6222,47.4125]],[[8.6221,47.424],[8.6283,47.4299]],[[8.6236,47.4182],[8.6224,47.4238]],[[8.6251,47.5182],[8.6251,47.5182]],[[8.6251,47.5182],[8.627,47.518]],[[8.6305,47.5048],[8.6253,47.5038]],[[8.6259,47.4154],[8.6239,47.418]],[[8.6239,47.407],[8.6265,47.4078]],[[8.6239,47.407],[8.6241,47.4068],[8.6252,47.4071]],[[8.6286,47.5153],[8.6267,47.5137]],[[8.6267,47.5137],[8.6272,47.5132]],[[8.627,47.518],[8.6326,47.5177],[8.6322,47.5139]],[[8.627,47.518],[8.6286,47.5156]],[[8.6305,47.505],[8.6275,47.5055]],[[8.6254,47.4072],[8.6268,47.4076]],[[8.6304,47.5079],[8.6279,47.5083]],[[8.6259,47.4154],[8.6269,47.4162]],[[8.626,47.4152],[8.6259,47.4154]],[[8.6287,47.4103],[8.6262,47.4149]],[[8.6265,47.4078],[8.6288,47.4087]],[[8.6265,47.4078],[8.6268,47.4076]],[[8.6268,47.4076],[8.6298,47.4053]],[[8.6283,47.4183],[8.6275,47.4196]],[[8.6309,47.5123],[8.6296,47.5118]],[[8.6283,47.4299],[8.6304,47.4307]],[[8.6283,47.4299],[8.6284,47.4309]],[[8.6307,47.5068],[8.6302,47.5066]],[[8.6322,47.5139],[8.6304,47.5079]],[[8.6304,47.5079],[8.6307,47.5068]],[[8.6305,47.505],[8.6305,47.5048]],[[8.6305,47.5048],[8.6306,47.5026]],[[8.6307,47.5068],[8.6305,47.505]],[[8.629,47.4093],[8.6287,47.4098],[8.6287,47.4103]],[[8.629,47.4093],[8.6287,47.4103]],[[8.6288,47.4087],[8.6338,47.4106]],[[8.6288,47.4087],[8.629,47.4093]],[[8.6322,47.5139],[8.6321,47.5139]],[[8.6342,47.4104],[8.634,47.4078]],[[8.6341,47.4104],[8.6342,47.4104]],[[8.6342,47.4104],[8.637,47.4098]],[[8.637,47.4717],[8.637,47.4716]],[[8.637,47.4098],[8.6444,47.4058]],[[8.637,47.4098],[8.637,47.4098],[8.6371,47.4098]],[[8.6383,47.4102],[8.6374,47.412]],[[8.6376,47.41],[8.6377,47.41]],[[8.6377,47.41],[8.6383,47.4102]],[[8.6377,47.41],[8.6378,47.4099]],[[8.6383,47.4102],[8.6446,47.4109]],[[8.6407,47.3953],[8.6484,47.3937]],[[8.6422,47.4325],[8.6424,47.4342]],[[8.6444,47.4058],[8.6445,47.4058]],[[8.6444,47.4058],[8.6462,47.4027]],[[8.6458,47.3705],[8.6444,47.3696]],[[8.6463,47.4101],[8.6465,47.4101]],[[8.6463,47.4025],[8.6475,47.3999]],[[8.6458,47.3706],[8.6458,47.3705]],[[8.6458,47.3705],[8.6458,47.3705]],[[8.6469,47.405],[8.6474,47.4055]],[[8.6471,47.4101],[8.6471,47.4101]],[[8.6483,47.3917],[8.6468,47.3904]],[[8.6467,47.3789],[8.65,47.3767]],[[8.6477,47.4057],[8.6477,47.4057]],[[8.6482,47.4102],[8.6489,47.4103]],[[8.6488,47.4104],[8.6493,47.4106]],[[8.6489,47.3925],[8.6485,47.3918]],[[8.6488,47.3925],[8.6489,47.3925]],[[8.6489,47.3925],[8.6489,47.3925]],[[8.6493,47.4105],[8.6493,47.4105]],[[8.6495,47.4106],[8.6495,47.4106]],[[8.65,47.3767],[8.6499,47.3766]],[[8.65,47.3767],[8.6512,47.3759]],[[8.6512,47.3759],[8.6609,47.375]],[[8.6512,47.3759],[8.6557,47.3727]],[[8.6517,47.393],[8.6522,47.3933]],[[8.6546,47.3929],[8.6566,47.3922]],[[8.6565,47.3977],[8.6565,47.3977]],[[8.661,47.3737],[8.6636,47.3741]],[[8.6674,47.3713],[8.67,47.3732]],[[8.6716,47.394],[8.6715,47.3951]],[[8.672,47.3952],[8.6729,47.3952]],[[8.6722,47.3986],[8.6796,47.4009]],[[8.6733,47.3952],[8.6723,47.3985]],[[8.68,47.4006],[8.6878,47.3971]]]}},{"type":"Feature","properties":{"id":"schongebiet-friesenbergbach-revier-4000-zh","c":"ZH","p":"closed","q":"official","k":"river"},"geometry":{"type":"MultiLineString","coordinates":[[[8.3886,47.29],[8.3947,47.2896]],[[8.4019,47.2729],[8.4052,47.2735]],[[8.407,47.2734],[8.4083,47.2733]],[[8.4334,47.2445],[8.4316,47.2466]],[[8.4333,47.2418],[8.4334,47.2445]],[[8.4334,47.2445],[8.4338,47.247]],[[8.4374,47.2393],[8.4341,47.2413]],[[8.4758,47.3111],[8.4759,47.3111]],[[8.4942,47.3546],[8.4902,47.3537]],[[8.4932,47.3536],[8.4924,47.3537],[8.4904,47.3532]],[[8.4916,47.3524],[8.4911,47.3519]],[[8.4916,47.3524],[8.4913,47.352]],[[8.4932,47.3536],[8.4916,47.3524]],[[8.4934,47.3512],[8.4916,47.3514]],[[8.4936,47.3513],[8.4917,47.3503]],[[8.4932,47.3508],[8.492,47.3501]],[[8.4934,47.3512],[8.4921,47.3507]],[[8.4932,47.3508],[8.4929,47.3503]],[[8.4944,47.3607],[8.4933,47.3591]],[[8.4942,47.3546],[8.4932,47.3536]],[[8.4945,47.3514],[8.4932,47.3508]],[[8.496,47.3503],[8.4945,47.3494],[8.4933,47.3492]],[[8.4936,47.3513],[8.4934,47.3512]],[[8.4945,47.3514],[8.4936,47.3513]],[[8.4962,47.3515],[8.4939,47.3516]],[[8.4967,47.349],[8.494,47.3486]],[[8.4964,47.3573],[8.4942,47.3546]],[[8.496,47.3503],[8.4942,47.3496]],[[8.4951,47.3567],[8.4944,47.3566]],[[8.4951,47.3567],[8.4945,47.3564]],[[8.4962,47.3515],[8.4945,47.3514]],[[8.4953,47.3619],[8.4947,47.3609]],[[8.4963,47.3574],[8.4951,47.3567]],[[8.496,47.3623],[8.4953,47.3619]],[[8.4954,47.3619],[8.4953,47.3619]],[[8.4962,47.3484],[8.4954,47.3478]],[[8.4966,47.349],[8.4955,47.3484]],[[8.4962,47.3484],[8.4959,47.3477]],[[8.4984,47.3515],[8.496,47.3503]],[[8.4963,47.3574],[8.4963,47.3574]],[[8.4963,47.3574],[8.4963,47.3573],[8.4964,47.3573]],[[8.4963,47.3574],[8.4964,47.3573]],[[8.4976,47.3614],[8.4963,47.3574]],[[8.4984,47.3515],[8.4962,47.3515]],[[8.4966,47.349],[8.4962,47.3484]],[[8.497,47.3473],[8.4962,47.3472]],[[8.4973,47.3633],[8.4966,47.3628]],[[8.4967,47.349],[8.4966,47.349]],[[8.497,47.3473],[8.4966,47.3469]],[[8.4984,47.3515],[8.4967,47.349]],[[8.499,47.3478],[8.4969,47.3467]],[[8.499,47.3478],[8.497,47.3473]],[[8.4976,47.3614],[8.4974,47.3614]],[[8.5025,47.3647],[8.4976,47.3614]],[[8.4982,47.3638],[8.498,47.3637]],[[8.4996,47.3649],[8.4985,47.364]],[[8.4984,47.3515],[8.4984,47.3515]],[[8.4999,47.3526],[8.4984,47.3515]],[[8.5003,47.3486],[8.499,47.3478]],[[8.5024,47.3551],[8.4992,47.3553]],[[8.4998,47.3439],[8.4991,47.3439]],[[8.5021,47.3443],[8.4991,47.3434]],[[8.4998,47.3439],[8.4992,47.3436]],[[8.5003,47.3486],[8.4994,47.3462]],[[8.5021,47.3443],[8.4998,47.3439]],[[8.5024,47.3551],[8.5,47.3528]],[[8.5005,47.3487],[8.5003,47.3486]],[[8.5052,47.3514],[8.5005,47.3487]],[[8.5005,47.3487],[8.5006,47.3465]],[[8.5025,47.3443],[8.5021,47.3443]],[[8.5075,47.3571],[8.5024,47.3551]],[[8.5033,47.3443],[8.5026,47.3443],[8.5025,47.3443]],[[8.5033,47.3443],[8.5025,47.3443]],[[8.5037,47.3424],[8.5025,47.3416]],[[8.5046,47.3432],[8.5026,47.3425]],[[8.507,47.365],[8.5034,47.3651]],[[8.5037,47.3424],[8.5031,47.3419]],[[8.5161,47.3479],[8.5033,47.3443]],[[8.5098,47.3472],[8.5038,47.3465]],[[8.5046,47.3432],[8.5037,47.3424]],[[8.5054,47.3348],[8.5041,47.3356]],[[8.5054,47.3348],[8.5041,47.3346]],[[8.5064,47.344],[8.5059,47.3441],[8.5046,47.3432]],[[8.5064,47.344],[8.5052,47.3424]],[[8.5102,47.3425],[8.5052,47.3409]],[[8.5118,47.349],[8.5056,47.3513]],[[8.5169,47.3317],[8.5054,47.3348]],[[8.5105,47.344],[8.5064,47.344]],[[8.5102,47.3425],[8.5069,47.3414]],[[8.508,47.3646],[8.5075,47.3648]],[[8.5089,47.3578],[8.5075,47.3571]],[[8.5075,47.3572],[8.5075,47.3571]],[[8.509,47.364],[8.5084,47.3645]],[[8.5134,47.3429],[8.5079,47.3398]],[[8.5125,47.3599],[8.509,47.358]],[[8.5129,47.3305],[8.5093,47.3308]],[[8.5113,47.343],[8.5102,47.3425]],[[8.5118,47.349],[8.5109,47.348]],[[8.5147,47.3434],[8.5108,47.3439]],[[8.5169,47.2896],[8.5097,47.2887]],[[8.5159,47.3496],[8.5118,47.349]],[[8.5134,47.3429],[8.5118,47.3431]],[[8.5123,47.2873],[8.5108,47.2869]],[[8.5123,47.2873],[8.512,47.2871]],[[8.5129,47.2884],[8.5123,47.2884]],[[8.5125,47.2873],[8.5123,47.287]],[[8.5147,47.3434],[8.5134,47.3429]],[[8.5125,47.2873],[8.5123,47.2873]],[[8.5129,47.2884],[8.5124,47.2885]],[[8.5142,47.2879],[8.5125,47.2873]],[[8.5148,47.3364],[8.5137,47.335]],[[8.5148,47.2882],[8.5129,47.2884]],[[8.5142,47.2879],[8.5134,47.2855]],[[8.5166,47.3438],[8.5147,47.3434]],[[8.5168,47.3363],[8.5148,47.3368]],[[8.5239,47.2981],[8.514,47.2937]],[[8.5148,47.2882],[8.5142,47.2879]],[[8.5153,47.2885],[8.5148,47.2882]],[[8.5153,47.2885],[8.5151,47.2872]],[[8.5157,47.2923],[8.5154,47.2918]],[[8.5174,47.2895],[8.5153,47.2885]],[[8.5171,47.3458],[8.5167,47.344]],[[8.52,47.2944],[8.5159,47.2926]],[[8.517,47.3307],[8.5168,47.3307]],[[8.5173,47.3316],[8.5172,47.3316]],[[8.5176,47.3373],[8.5176,47.3365]],[[8.5174,47.2895],[8.5172,47.2895]],[[8.5181,47.2899],[8.5174,47.2895]],[[8.5262,47.2961],[8.5181,47.2899]],[[8.5181,47.2899],[8.5182,47.2876]],[[8.5239,47.2981],[8.5205,47.2949]],[[8.5263,47.2908],[8.5229,47.289]],[[8.5259,47.2982],[8.525,47.298],[8.5239,47.2981]],[[8.5268,47.2911],[8.5247,47.2882]],[[8.5304,47.3006],[8.5259,47.2982]],[[8.5259,47.2982],[8.5262,47.2961]],[[8.5262,47.2961],[8.5266,47.2935]],[[8.5264,47.2926],[8.5262,47.292]],[[8.5387,47.3238],[8.539,47.3209]],[[8.5387,47.3239],[8.5387,47.3239]],[[8.5391,47.3317],[8.5395,47.3308]],[[8.5478,47.3173],[8.547,47.3171]],[[8.5473,47.3061],[8.5487,47.3041]],[[8.5541,47.3004],[8.553,47.3003]],[[8.5615,47.3023],[8.5614,47.3023]],[[8.5649,47.2831],[8.5637,47.2834]],[[8.5644,47.2827],[8.5652,47.2808]],[[8.5649,47.2831],[8.5644,47.2829]],[[8.5657,47.2837],[8.5649,47.2831]],[[8.5676,47.2821],[8.5656,47.2826]],[[8.5661,47.284],[8.5658,47.2838]],[[8.5661,47.284],[8.5658,47.2838]],[[8.5682,47.2844],[8.5661,47.284]],[[8.571,47.2829],[8.5679,47.2822]],[[8.5738,47.2797],[8.5681,47.2787]],[[8.5731,47.2815],[8.5683,47.281]],[[8.57,47.2841],[8.5684,47.2843]],[[8.571,47.2842],[8.5701,47.2841]],[[8.571,47.2829],[8.5708,47.2822]],[[8.5736,47.2687],[8.573,47.2685]],[[8.5736,47.2774],[8.5736,47.276]],[[8.5739,47.2755],[8.574,47.2754]],[[8.5741,47.2791],[8.5745,47.2783]],[[8.5749,47.2854],[8.5742,47.2854]],[[8.5746,47.2778],[8.5743,47.2772]],[[8.5746,47.2814],[8.5745,47.2814]],[[8.5746,47.2814],[8.5745,47.2814]],[[8.5751,47.2816],[8.5746,47.2814]],[[8.5776,47.2696],[8.5751,47.2695]],[[8.5759,47.2817],[8.5759,47.2813]],[[8.5761,47.2811],[8.5761,47.2806]],[[8.5766,47.2865],[8.5766,47.2865]],[[8.5763,47.2674],[8.5763,47.2674]],[[8.5773,47.2679],[8.5767,47.2676]],[[8.5771,47.2674],[8.5768,47.2667]],[[8.5773,47.2679],[8.5773,47.2679]],[[8.5773,47.2679],[8.5773,47.2679]],[[8.58,47.2676],[8.5775,47.2661]],[[8.5793,47.2689],[8.5787,47.2688]],[[8.5794,47.2704],[8.5788,47.2694]],[[8.5797,47.2824],[8.5795,47.2821]],[[8.5801,47.2691],[8.5796,47.269]],[[8.5828,47.2688],[8.5803,47.2677]],[[8.5821,47.2691],[8.5808,47.2689]],[[8.582,47.2716],[8.5813,47.2712]],[[8.5822,47.2626],[8.5817,47.2624]],[[8.5828,47.269],[8.5828,47.269]],[[8.5828,47.269],[8.5828,47.269]],[[8.5834,47.2696],[8.5828,47.269]],[[8.5838,47.2731],[8.5836,47.2729]],[[8.5846,47.2633],[8.5837,47.2629]],[[8.5865,47.2695],[8.5864,47.2695]],[[8.5875,47.2576],[8.5868,47.2577]],[[8.5875,47.2576],[8.587,47.2572]],[[8.5883,47.2642],[8.5874,47.2639]],[[8.5878,47.2576],[8.5873,47.2571]],[[8.5878,47.2576],[8.5875,47.2576],[8.5875,47.2576]],[[8.5892,47.258],[8.5878,47.2576]],[[8.5908,47.2571],[8.5886,47.2562]],[[8.5893,47.265],[8.589,47.2648]],[[8.5928,47.2588],[8.5927,47.2588]],[[8.5934,47.2599],[8.5928,47.2588]],[[8.5934,47.2599],[8.5934,47.2599]],[[8.5934,47.2599],[8.5934,47.2599]],[[8.5969,47.2453],[8.5963,47.2435]],[[8.5981,47.2464],[8.5969,47.2452]],[[8.5985,47.2543],[8.598,47.2504]],[[8.5982,47.249],[8.5992,47.2478]],[[8.5987,47.2472],[8.5984,47.2467]],[[8.6006,47.2417],[8.6011,47.2414]],[[8.6019,47.2413],[8.6029,47.2408]],[[8.6035,47.2399],[8.6044,47.2383]],[[8.6184,47.2491],[8.6176,47.248]],[[8.6187,47.2515],[8.6186,47.2506]],[[8.6188,47.2522],[8.6186,47.2518]],[[8.6195,47.2477],[8.6196,47.2471]],[[8.6196,47.2467],[8.6197,47.2461]],[[8.6197,47.246],[8.6199,47.246]],[[8.6199,47.246],[8.6199,47.246]],[[8.6199,47.246],[8.621,47.2446]],[[8.6199,47.246],[8.6199,47.246]],[[8.6201,47.2536],[8.6201,47.2536]],[[8.6212,47.2493],[8.62,47.2484]],[[8.6217,47.2488],[8.6213,47.2484]],[[8.6214,47.2477],[8.6215,47.2466]],[[8.6237,47.2511],[8.6225,47.2499]],[[8.6257,47.2506],[8.6225,47.2495]],[[8.6237,47.2512],[8.6237,47.2511]],[[8.6237,47.2512],[8.6237,47.2511]],[[8.624,47.2521],[8.624,47.2521]],[[8.6257,47.2506],[8.6257,47.2506]],[[8.6259,47.2506],[8.6257,47.2506]],[[8.626,47.2509],[8.626,47.2507]],[[8.6267,47.2512],[8.626,47.251]],[[8.626,47.251],[8.626,47.2509],[8.626,47.2509]],[[8.626,47.251],[8.626,47.2509]],[[8.6269,47.2515],[8.6269,47.2515]],[[8.6277,47.2509],[8.6277,47.2509]],[[8.6399,47.2445],[8.6393,47.2443]],[[8.6418,47.2452],[8.6413,47.2445]],[[8.6431,47.2399],[8.6429,47.2399]],[[8.6438,47.2396],[8.6432,47.2398]],[[8.6485,47.2394],[8.6441,47.2395]],[[8.6485,47.2394],[8.6474,47.2381]],[[8.6568,47.239],[8.6496,47.2398],[8.6485,47.2394]],[[8.652,47.2433],[8.6505,47.2423]],[[8.6523,47.2436],[8.652,47.2433]],[[8.6531,47.2444],[8.6528,47.2441]],[[8.6545,47.2451],[8.6542,47.2446]],[[8.6568,47.239],[8.6568,47.239]],[[8.6569,47.239],[8.6568,47.239]],[[8.6579,47.2389],[8.6574,47.2389]],[[8.6584,47.2391],[8.6583,47.2391]],[[8.6591,47.2393],[8.6583,47.2391]],[[8.6596,47.2394],[8.6593,47.2394]],[[8.6605,47.2399],[8.6601,47.2395]],[[8.6605,47.2399],[8.6605,47.2398]],[[8.6687,47.2206],[8.668,47.2206]],[[8.6701,47.2252],[8.6693,47.2235]],[[8.6699,47.2262],[8.6699,47.2255]],[[8.6781,47.2232],[8.6767,47.2225]],[[8.6781,47.2232],[8.6779,47.2213]],[[8.6782,47.2233],[8.6781,47.2232]],[[8.6784,47.2235],[8.6782,47.2233]],[[8.6782,47.2233],[8.6782,47.2233]],[[8.6793,47.2242],[8.6786,47.2238]],[[8.6856,47.2232],[8.6852,47.2231]],[[8.6891,47.2041],[8.6881,47.2037]],[[8.6929,47.2055],[8.6893,47.2041]],[[8.6908,47.2063],[8.6902,47.2066]],[[8.6929,47.2055],[8.6929,47.2056]],[[8.6984,47.2075],[8.6929,47.2055]],[[8.695,47.2044],[8.6948,47.2041]],[[8.6962,47.2057],[8.695,47.2051]],[[8.6955,47.2031],[8.696,47.2021]],[[8.6969,47.2151],[8.6965,47.2148]],[[8.6989,47.2146],[8.6988,47.2146]],[[8.6991,47.2033],[8.6985,47.2022]],[[8.6989,47.215],[8.6989,47.2146]],[[8.6989,47.2147],[8.6989,47.2146]],[[8.6989,47.215],[8.6989,47.215]],[[8.7006,47.2059],[8.6989,47.2059]],[[8.7002,47.2049],[8.6991,47.2033]],[[8.6991,47.2033],[8.6991,47.2033]],[[8.7007,47.2155],[8.7002,47.2153]],[[8.7014,47.2059],[8.7008,47.2054]],[[8.7108,47.3304],[8.7075,47.3302]],[[8.71,47.3298],[8.7078,47.3301]],[[8.7108,47.2049],[8.7101,47.2045]],[[8.7127,47.2028],[8.7108,47.201]],[[8.7131,47.2032],[8.7131,47.2032]]]}},{"type":"Feature","properties":{"id":"wohlensee-be","c":"BE","p":"patent","q":"official","k":"lake","ns":1},"geometry":{"type":"Polygon","coordinates":[[[7.2908,46.9721],[7.2976,46.9714],[7.3074,46.9654],[7.3179,46.968],[7.3278,46.9651],[7.3478,46.9637],[7.3526,46.9667],[7.368,46.9677],[7.3715,46.9661],[7.3711,46.9619],[7.3748,46.9605],[7.3821,46.9665],[7.3923,46.967],[7.4001,46.9697],[7.408,46.9691],[7.4275,46.974],[7.4282,46.9735],[7.409,46.9685],[7.3998,46.9688],[7.395,46.9663],[7.3836,46.9658],[7.3778,46.9601],[7.3738,46.9594],[7.3634,46.9662],[7.3507,46.9626],[7.3466,46.9597],[7.3318,46.9624],[7.3234,46.9618],[7.3173,46.9654],[7.3073,46.9621],[7.3013,46.9625],[7.2943,46.9687],[7.2879,46.9634],[7.2821,46.9632],[7.28,46.9661],[7.2835,46.969],[7.2884,46.9676],[7.2908,46.9721]]]}},{"type":"Feature","properties":{"id":"bielersee-be","c":"BE","p":"patent","q":"official","k":"lake","fr":1,"ns":1},"geometry":{"type":"Polygon","coordinates":[[[7.1167,47.0756],[7.1766,47.1008],[7.1835,47.1082],[7.2054,47.1194],[7.2185,47.1293],[7.2328,47.1346],[7.2318,47.1333],[7.2344,47.1321],[7.2337,47.1319],[7.232,47.131],[7.2314,47.1306],[7.2309,47.1299],[7.2357,47.1313],[7.2364,47.1301],[7.2327,47.1291],[7.2352,47.1278],[7.2335,47.1281],[7.2214,47.1177],[7.2173,47.1069],[7.2123,47.1041],[7.2098,47.0989],[7.2038,47.094],[7.2025,47.0852],[7.1967,47.0805],[7.191,47.0706],[7.1854,47.0651],[7.1819,47.0645],[7.1828,47.0627],[7.1804,47.0619],[7.1771,47.0655],[7.1734,47.0574],[7.1631,47.05],[7.1538,47.0474],[7.1504,47.0493],[7.1505,47.0475],[7.1395,47.0432],[7.1198,47.0379],[7.109,47.038],[7.1007,47.0441],[7.1016,47.0466],[7.1338,47.06],[7.1454,47.069],[7.1477,47.0745],[7.1411,47.0766],[7.1348,47.0647],[7.1037,47.0482],[7.1004,47.0473],[7.0998,47.0475],[7.0992,47.0486],[7.0987,47.0488],[7.0998,47.0475],[7.1014,47.0465],[7.0986,47.0464],[7.0974,47.0494],[7.0981,47.0471],[7.0948,47.0462],[7.0833,47.0458],[7.0789,47.0473],[7.077,47.05],[7.0786,47.0517],[7.0753,47.0516],[7.0725,47.0546],[7.075,47.0572],[7.1075,47.0655],[7.1167,47.0756]]]}},{"type":"Feature","properties":{"id":"brienzersee-be","c":"BE","p":"patent","q":"official","k":"lake","fr":1,"ns":1},"geometry":{"type":"Polygon","coordinates":[[[8.0155,46.7579],[8.0356,46.7533],[8.043,46.7543],[8.0492,46.7498],[8.0468,46.7475],[8.0499,46.7448],[8.0475,46.7426],[8.0492,46.7397],[8.0362,46.7402],[8.0307,46.7376],[8.023,46.737],[7.9938,46.7247],[7.9733,46.7135],[7.9667,46.7111],[7.9658,46.7135],[7.9603,46.7086],[7.9504,46.7067],[7.9383,46.6968],[7.9265,46.6932],[7.9185,46.688],[7.8985,46.6883],[7.8971,46.6895],[7.8981,46.69],[7.8981,46.6908],[7.8977,46.6916],[7.8853,46.6924],[7.9018,46.704],[7.9141,46.7075],[7.9324,46.7177],[7.9526,46.7317],[7.9571,46.7326],[7.959,46.7357],[7.9687,46.7383],[7.9727,46.7443],[7.9797,46.7482],[7.9975,46.7549],[8.0078,46.7551],[8.0155,46.7579]]]}},{"type":"Feature","properties":{"id":"thunersee-be","c":"BE","p":"patent","q":"official","k":"lake","fr":1,"ns":1},"geometry":{"type":"Polygon","coordinates":[[[7.6386,46.7158],[7.6447,46.7172],[7.6414,46.7199],[7.6366,46.7169],[7.6395,46.7201],[7.632,46.7203],[7.6293,46.7183],[7.6318,46.7204],[7.629,46.7198],[7.6304,46.721],[7.6257,46.7253],[7.6297,46.7255],[7.6287,46.7311],[7.6311,46.7329],[7.6313,46.7336],[7.6298,46.7337],[7.63,46.7341],[7.6301,46.7338],[7.6305,46.7338],[7.6326,46.7343],[7.6301,46.7343],[7.6322,46.7345],[7.6303,46.7366],[7.6337,46.7403],[7.6286,46.7406],[7.6335,46.7417],[7.6291,46.7422],[7.6394,46.7465],[7.6457,46.7419],[7.651,46.7416],[7.6539,46.7373],[7.6629,46.7316],[7.6676,46.7308],[7.6705,46.7275],[7.676,46.7278],[7.6816,46.7245],[7.6886,46.7163],[7.7017,46.7118],[7.7043,46.7125],[7.7248,46.7073],[7.7355,46.7003],[7.738,46.6951],[7.7429,46.6938],[7.7464,46.684],[7.751,46.6813],[7.7553,46.6802],[7.7635,46.6822],[7.7767,46.6817],[7.7919,46.6857],[7.7957,46.6839],[7.8004,46.6849],[7.8109,46.6824],[7.8143,46.6807],[7.813,46.6786],[7.8168,46.6786],[7.8224,46.6732],[7.8295,46.672],[7.83,46.6689],[7.8275,46.667],[7.831,46.6684],[7.8268,46.6659],[7.8267,46.6636],[7.82,46.6603],[7.8154,46.6598],[7.8039,46.6645],[7.7872,46.6578],[7.7596,46.6545],[7.7518,46.6566],[7.7415,46.6625],[7.7291,46.6642],[7.7238,46.6679],[7.7173,46.6685],[7.7039,46.6734],[7.7036,46.6827],[7.6859,46.6877],[7.6899,46.6884],[7.6881,46.6923],[7.664,46.6969],[7.6594,46.7034],[7.6437,46.7111],[7.6438,46.7153],[7.6419,46.7151],[7.644,46.7157],[7.6386,46.7158]]]}},{"type":"Feature","properties":{"id":"oeschinensee-be","c":"BE","p":"patent","q":"official","k":"lake","ns":1},"geometry":{"type":"Polygon","coordinates":[[[7.7374,46.4953],[7.7224,46.4946],[7.7139,46.4969],[7.7176,46.4988],[7.7171,46.5015],[7.7296,46.5028],[7.7345,46.501],[7.7368,46.498],[7.7374,46.4953]]]}},{"type":"Feature","properties":{"id":"simme-be","c":"BE","p":"patent","q":"official","k":"river","ns":1},"geometry":{"type":"LineString","coordinates":[[7.482,46.411],[7.493,46.4208],[7.4625,46.4322],[7.4305,46.4728],[7.4256,46.4883],[7.3889,46.5117],[7.3905,46.5327],[7.3811,46.5423],[7.3813,46.5577]]}},{"type":"Feature","properties":{"id":"guerbe-be","c":"BE","p":"patent","q":"official","k":"river","ns":1},"geometry":{"type":"LineString","coordinates":[[7.4837,46.7366],[7.5183,46.7532],[7.5115,46.7694],[7.5177,46.7991],[7.5143,46.8308],[7.4959,46.861],[7.5004,46.8998],[7.4901,46.9181],[7.4704,46.9258]]}},{"type":"Feature","properties":{"id":"sense-be","c":"BE","p":"patent","q":"official","k":"river","ns":1},"geometry":{"type":"LineString","coordinates":[[7.3491,46.7124],[7.3079,46.7168],[7.2988,46.7232],[7.3047,46.7555],[7.2904,46.7719],[7.3049,46.7834],[7.3012,46.793],[7.321,46.8158],[7.3199,46.826],[7.3376,46.8366],[7.3383,46.8505],[7.3513,46.8539],[7.3596,46.8631]]}},{"type":"Feature","properties":{"id":"kiene-mit-gornerenbach-und-spiggenbach-be","c":"BE","p":"patent","q":"official","k":"river","ns":1},"geometry":{"type":"MultiLineString","coordinates":[[[7.7259,46.5821],[7.6836,46.618]],[[7.7957,46.508],[7.7852,46.5308],[7.7616,46.5491],[7.7426,46.5535],[7.7259,46.5821]],[[7.7913,46.5689],[7.7259,46.5821]]]}},{"type":"Feature","properties":{"id":"engstligen-be","c":"BE","p":"patent","q":"official","k":"river","ns":1},"geometry":{"type":"MultiLineString","coordinates":[[[7.5418,46.4271],[7.5547,46.4389]],[[7.5547,46.4389],[7.5632,46.446],[7.5632,46.4851],[7.5804,46.5022],[7.6009,46.5463],[7.6613,46.5979]]]}},{"type":"Feature","properties":{"id":"kander-be-2","c":"BE","p":"patent","q":"official","k":"river","ns":1},"geometry":{"type":"LineString","coordinates":[[7.7583,46.4596],[7.7415,46.4446],[7.7265,46.4439],[7.6608,46.468],[7.6632,46.4892],[7.674,46.4947],[7.6766,46.5041],[7.6597,46.5366],[7.6616,46.5543],[7.6511,46.5729],[7.6613,46.5979]]}},{"type":"Feature","properties":{"id":"bunschen-und-morgetenbach-pacht-1047-be","c":"BE","p":"pacht","q":"official","k":"river"},"geometry":{"type":"MultiLineString","coordinates":[[[7.4343,46.6891],[7.4164,46.686]],[[7.434,46.6893],[7.4259,46.6932]],[[7.434,46.6893],[7.4338,46.6894]],[[7.4343,46.6891],[7.434,46.6893]],[[7.4423,46.6892],[7.4343,46.6891]],[[7.4423,46.6892],[7.44,46.6924]],[[7.4507,46.6776],[7.4405,46.6776]],[[7.4472,46.6849],[7.4407,46.6832]],[[7.4459,46.6876],[7.4457,46.689],[7.4432,46.6894],[7.4423,46.6892]],[[7.4459,46.6876],[7.4495,46.6894]],[[7.4472,46.6849],[7.4459,46.6876]],[[7.4516,46.6764],[7.4461,46.6756]],[[7.4475,46.6845],[7.4472,46.6849]],[[7.4475,46.6845],[7.4531,46.6858]],[[7.4494,46.6793],[7.4475,46.6845]],[[7.4494,46.6793],[7.45,46.6811]],[[7.4507,46.6776],[7.4494,46.6793]],[[7.4495,46.6894],[7.4576,46.6892]],[[7.4495,46.6894],[7.4541,46.6948]],[[7.4527,46.6751],[7.4498,46.674]],[[7.4516,46.6764],[7.4507,46.6776]],[[7.4527,46.6751],[7.4516,46.6764]],[[7.4573,46.6739],[7.4527,46.6751]],[[7.464,46.6666],[7.4529,46.6659]],[[7.4733,46.6966],[7.4691,46.7031],[7.4537,46.7014]],[[7.4573,46.6739],[7.455,46.6771],[7.4577,46.6812]],[[7.4576,46.6739],[7.4575,46.6739],[7.4573,46.6739]],[[7.458,46.674],[7.4577,46.6739],[7.4576,46.6739]],[[7.4576,46.6739],[7.4586,46.6772]],[[7.4588,46.6738],[7.4581,46.674],[7.458,46.674]],[[7.4588,46.6738],[7.4583,46.6741],[7.458,46.674]],[[7.4639,46.6724],[7.4588,46.6738]],[[7.4733,46.6966],[7.4604,46.6984]],[[7.4756,46.6922],[7.4634,46.6902]],[[7.4639,46.6724],[7.4663,46.6748]],[[7.464,46.6666],[7.4639,46.6724]],[[7.464,46.6666],[7.4748,46.6686]],[[7.4672,46.6646],[7.464,46.6666]],[[7.4663,46.6748],[7.464,46.6787]],[[7.4756,46.6922],[7.4651,46.6937]],[[7.4663,46.6748],[7.469,46.6752]],[[7.4672,46.6646],[7.4685,46.6654]],[[7.4729,46.6587],[7.4672,46.6646]],[[7.469,46.6752],[7.4726,46.6761]],[[7.469,46.6752],[7.4702,46.6735]],[[7.4736,46.6765],[7.4707,46.6799]],[[7.4726,46.6761],[7.4736,46.6765]],[[7.4726,46.6761],[7.4729,46.6743]],[[7.4744,46.6587],[7.4729,46.6587]],[[7.4744,46.6587],[7.4736,46.6592],[7.4729,46.6587]],[[7.4778,46.6936],[7.4733,46.6966]],[[7.4736,46.6765],[7.4807,46.6788]],[[7.476,46.6581],[7.4744,46.6587]],[[7.4793,46.6926],[7.4756,46.6922]],[[7.4778,46.6936],[7.4757,46.6965]],[[7.4822,46.6798],[7.4776,46.6836]],[[7.4793,46.6926],[7.4778,46.6936]],[[7.4876,46.6926],[7.4793,46.6926]],[[7.4807,46.6788],[7.4811,46.6793]],[[7.4807,46.6788],[7.4828,46.6755]],[[7.4811,46.6793],[7.4819,46.6796]],[[7.4811,46.6793],[7.4814,46.6792]],[[7.4814,46.6792],[7.4819,46.6796]],[[7.4814,46.6792],[7.4857,46.6762]],[[7.4819,46.6796],[7.4821,46.6797]],[[7.4821,46.6797],[7.4822,46.6798]],[[7.4821,46.6797],[7.4859,46.6783]],[[7.4822,46.6798],[7.4857,46.6826]],[[7.4857,46.6826],[7.4882,46.6844]],[[7.4857,46.6826],[7.4864,46.6825]],[[7.4864,46.6825],[7.4893,46.6817]],[[7.4864,46.6825],[7.4946,46.682]],[[7.4876,46.6926],[7.49,46.7]],[[7.4905,46.6876],[7.4876,46.6926]],[[7.4882,46.6844],[7.4928,46.6839]],[[7.4882,46.6844],[7.4896,46.6867]],[[7.4896,46.6867],[7.4905,46.6876]],[[7.4896,46.6867],[7.4961,46.6857]],[[7.4905,46.6876],[7.4951,46.6912]],[[7.4951,46.6912],[7.5001,46.6906]],[[7.4951,46.6912],[7.5033,46.695]],[[7.4961,46.6857],[7.5038,46.6861]],[[7.4961,46.6857],[7.5004,46.6832]],[[7.5033,46.695],[7.5071,46.7005]],[[7.5033,46.695],[7.5058,46.6948],[7.5071,46.6953]],[[7.5071,46.6953],[7.5083,46.6955]],[[7.5071,46.6953],[7.5103,46.7014]],[[7.5083,46.6955],[7.5174,46.6953]],[[7.5083,46.6955],[7.5212,46.6998]],[[7.5174,46.6953],[7.5251,46.6992]],[[7.5174,46.6953],[7.5194,46.6951],[7.526,46.6958],[7.5293,46.7001]]]}},{"type":"Feature","properties":{"id":"schwanden-u-guntenbach-pacht-1569-be","c":"BE","p":"pacht","q":"official","k":"river"},"geometry":{"type":"MultiLineString","coordinates":[[[7.7019,46.7118],[7.7075,46.7189]],[[7.7075,46.7189],[7.706,46.7268]],[[7.7075,46.7189],[7.7085,46.7189]],[[7.7138,46.7221],[7.7085,46.7259]],[[7.7085,46.7189],[7.7103,46.7213]],[[7.7085,46.7189],[7.7092,46.7188],[7.7108,46.7192],[7.7114,46.7197]],[[7.7161,46.7263],[7.709,46.7296]],[[7.7152,46.7366],[7.7098,46.7396]],[[7.7155,46.7337],[7.7109,46.7371]],[[7.7152,46.7366],[7.7112,46.7458]],[[7.7114,46.7197],[7.7121,46.72]],[[7.7114,46.7197],[7.7116,46.7199],[7.7121,46.72]],[[7.7121,46.72],[7.7121,46.72]],[[7.7121,46.72],[7.7138,46.7221]],[[7.7121,46.72],[7.7142,46.7194]],[[7.7138,46.7221],[7.7154,46.7238]],[[7.7164,46.7274],[7.7142,46.73]],[[7.7155,46.7337],[7.7152,46.7366]],[[7.7154,46.7335],[7.7182,46.7345]],[[7.7154,46.7335],[7.7155,46.7337]],[[7.7173,46.728],[7.7154,46.7335]],[[7.7154,46.7238],[7.7155,46.7239]],[[7.7154,46.7238],[7.7156,46.7243]],[[7.7155,46.7239],[7.7288,46.7234]],[[7.7155,46.7239],[7.7156,46.7243]],[[7.7156,46.7243],[7.716,46.7262]],[[7.719,46.7424],[7.7159,46.746]],[[7.716,46.7262],[7.7161,46.7263]],[[7.716,46.7262],[7.7176,46.7262]],[[7.7161,46.7263],[7.7164,46.7274]],[[7.7164,46.7274],[7.7173,46.728]],[[7.7194,46.7402],[7.7165,46.7429]],[[7.7184,46.7354],[7.7168,46.7383]],[[7.7173,46.728],[7.7188,46.7287]],[[7.7182,46.7345],[7.7184,46.7354]],[[7.7182,46.7345],[7.72,46.7344]],[[7.7184,46.7354],[7.7194,46.7402]],[[7.7188,46.7287],[7.7222,46.7311]],[[7.7188,46.7287],[7.7193,46.7285]],[[7.719,46.7424],[7.7191,46.7445]],[[7.7194,46.7402],[7.719,46.7424]],[[7.72,46.7344],[7.7229,46.7363]],[[7.72,46.7344],[7.7227,46.7326]],[[7.7222,46.7311],[7.7237,46.7322]],[[7.7222,46.7311],[7.7274,46.7266]],[[7.7229,46.7363],[7.7243,46.7364]],[[7.7229,46.7363],[7.7232,46.743]],[[7.7237,46.7322],[7.724,46.7325]],[[7.7237,46.7322],[7.7362,46.729]],[[7.724,46.7325],[7.7251,46.7342]],[[7.724,46.7325],[7.7249,46.7325],[7.726,46.733]],[[7.7243,46.7364],[7.7293,46.7386],[7.7296,46.7401]],[[7.7243,46.7364],[7.7268,46.7395]],[[7.7251,46.7342],[7.7308,46.7329]],[[7.7251,46.7342],[7.7309,46.7357]],[[7.7296,46.7401],[7.7271,46.7417]],[[7.7296,46.7401],[7.7381,46.7383]],[[7.7308,46.7329],[7.7316,46.7333]],[[7.7308,46.7329],[7.7335,46.7311],[7.7368,46.7304]],[[7.7308,46.7329],[7.7414,46.7305]],[[7.7316,46.7333],[7.7343,46.7341]],[[7.7316,46.7333],[7.7484,46.7325]],[[7.7343,46.7341],[7.74,46.7353]],[[7.7343,46.7341],[7.7391,46.7338]],[[7.7362,46.729],[7.7429,46.7292]],[[7.7362,46.729],[7.746,46.728]]]}},{"type":"Feature","properties":{"id":"rotachen-pacht-1338-be","c":"BE","p":"pacht","q":"official","k":"river"},"geometry":{"type":"MultiLineString","coordinates":[[[7.5686,46.8074],[7.6091,46.8133],[7.6157,46.8074],[7.6301,46.807]],[[7.6347,46.8158],[7.6301,46.807]],[[7.6301,46.807],[7.6334,46.8062]],[[7.6334,46.8062],[7.6424,46.8078]],[[7.6409,46.8042],[7.6334,46.8062]],[[7.6548,46.8177],[7.6424,46.8078]],[[7.6424,46.8078],[7.6454,46.8074]],[[7.6474,46.8043],[7.6454,46.8074]],[[7.6454,46.8074],[7.6536,46.8074]],[[7.6521,46.8036],[7.6536,46.8074]],[[7.6536,46.8074],[7.6557,46.8077]],[[7.6551,46.8109],[7.6557,46.8077]],[[7.6557,46.8077],[7.6582,46.8067]],[[7.6582,46.8067],[7.6636,46.809]],[[7.661,46.8002],[7.6582,46.8067]],[[7.6636,46.809],[7.6652,46.8087]],[[7.664,46.8136],[7.6636,46.809]],[[7.6652,46.8087],[7.6672,46.8066]],[[7.6729,46.8113],[7.6708,46.8097],[7.6671,46.8097],[7.6666,46.8087],[7.666,46.8086],[7.6652,46.8087]],[[7.6667,46.8018],[7.6672,46.8066]],[[7.6672,46.8066],[7.6748,46.8056]],[[7.6748,46.8056],[7.681,46.8112]],[[7.6748,46.8056],[7.6945,46.8046]],[[7.6792,46.8147],[7.681,46.8112]],[[7.6873,46.8202],[7.68,46.8276]],[[7.681,46.8112],[7.6817,46.8113]],[[7.6817,46.8113],[7.6834,46.8152]],[[7.6817,46.8113],[7.686,46.8105]],[[7.6852,46.8172],[7.6828,46.8217]],[[7.6834,46.8152],[7.6852,46.8172]],[[7.6834,46.8152],[7.6871,46.8151]],[[7.6852,46.8172],[7.6869,46.8177]],[[7.6869,46.8177],[7.6873,46.8202]],[[7.6869,46.8177],[7.6906,46.8152]],[[7.6873,46.8202],[7.6924,46.8262]],[[7.6935,46.811],[7.6945,46.8046]],[[7.6945,46.8046],[7.6975,46.8049]],[[7.7006,46.8135],[7.6975,46.8049]],[[7.6975,46.8049],[7.7036,46.8044]],[[7.7036,46.8044],[7.7078,46.8067]],[[7.7077,46.802],[7.7036,46.8044]],[[7.7056,46.8113],[7.7088,46.8076]],[[7.712,46.8033],[7.7077,46.802]],[[7.7118,46.8001],[7.7077,46.802]],[[7.7078,46.8067],[7.7088,46.8076]],[[7.7126,46.8062],[7.7078,46.8067]],[[7.7088,46.8076],[7.7114,46.8095]],[[7.7107,46.8145],[7.7114,46.8095]],[[7.7114,46.8095],[7.7154,46.8108]],[[7.7266,46.8092],[7.7286,46.8129],[7.7147,46.8183],[7.7136,46.8241]],[[7.7186,46.8143],[7.7154,46.8108]],[[7.7154,46.8108],[7.7212,46.8102]],[[7.7224,46.8064],[7.7177,46.7985]],[[7.7202,46.8144],[7.7224,46.8102]],[[7.7212,46.8102],[7.7224,46.8102]],[[7.7224,46.8064],[7.7212,46.8102]],[[7.7224,46.8102],[7.7266,46.8092]],[[7.7279,46.7963],[7.7224,46.8064]],[[7.7266,46.8092],[7.7282,46.8088]],[[7.7282,46.8088],[7.737,46.8182]],[[7.7282,46.8088],[7.734,46.8088]],[[7.734,46.8088],[7.7506,46.8052]],[[7.7382,46.8043],[7.734,46.8088]],[[7.7455,46.7991],[7.7434,46.8036],[7.7402,46.8045],[7.7382,46.8043]],[[7.7425,46.7986],[7.7382,46.8043]],[[7.7488,46.796],[7.7448,46.7987],[7.7425,46.7986]],[[7.7435,46.7949],[7.7425,46.7986]],[[7.7464,46.795],[7.7435,46.7949]],[[7.7448,46.7939],[7.7435,46.7949]],[[7.7458,46.7911],[7.7448,46.7939]],[[7.7478,46.7931],[7.7448,46.7939]],[[7.7491,46.7939],[7.7478,46.7931]],[[7.7506,46.7921],[7.7478,46.7931]],[[7.7496,46.7989],[7.7508,46.8009]],[[7.7543,46.8053],[7.7506,46.8052]],[[7.7506,46.8052],[7.7508,46.804]],[[7.7508,46.804],[7.7508,46.8009]],[[7.7508,46.8009],[7.7527,46.7995]],[[7.7557,46.8019],[7.7508,46.804]],[[7.7527,46.7966],[7.7527,46.7995]],[[7.7527,46.7995],[7.7562,46.7975]],[[7.7621,46.8049],[7.7564,46.8068],[7.7543,46.8053]],[[7.7599,46.8029],[7.7543,46.8053]],[[7.7557,46.7944],[7.7562,46.7975]],[[7.7562,46.7975],[7.7604,46.7966]],[[7.7609,46.7944],[7.7604,46.7966]],[[7.7604,46.7966],[7.7692,46.7994]],[[7.7662,46.8008],[7.7621,46.8049]],[[7.7697,46.8019],[7.7621,46.8049]]]}},{"type":"Feature","properties":{"id":"kalte-sense-pacht-1214-be","c":"BE","p":"pacht","q":"official","k":"river"},"geometry":{"type":"MultiLineString","coordinates":[[[7.3457,46.699],[7.3491,46.7124],[7.3672,46.7135]],[[7.3652,46.7289],[7.3672,46.7135]],[[7.3672,46.7135],[7.3787,46.7162]],[[7.3787,46.7162],[7.3946,46.7155]],[[7.3787,46.7162],[7.3797,46.7195]],[[7.3797,46.7195],[7.3789,46.7313]],[[7.3831,46.7226],[7.3797,46.7195]],[[7.3843,46.681],[7.3885,46.6863]],[[7.3885,46.6863],[7.3958,46.7102]],[[7.3997,46.6835],[7.3885,46.6863]],[[7.3946,46.7155],[7.4129,46.721]],[[7.3959,46.7115],[7.3946,46.7155]],[[7.3958,46.7102],[7.3959,46.7112]],[[7.3985,46.7097],[7.3958,46.7102]],[[7.3984,46.7116],[7.3959,46.7115]],[[7.3959,46.7112],[7.3959,46.7115]],[[7.3993,46.7103],[7.3959,46.7112]],[[7.4129,46.721],[7.4158,46.721]],[[7.4157,46.7155],[7.4129,46.721]],[[7.4191,46.7245],[7.4158,46.721]],[[7.4158,46.721],[7.4301,46.7204]],[[7.4179,46.7301],[7.4191,46.7245]],[[7.4241,46.7256],[7.422,46.7246],[7.4208,46.7244],[7.4191,46.7245]],[[7.4305,46.724],[7.4301,46.7204]],[[7.4301,46.7204],[7.4302,46.7204]],[[7.4389,46.7217],[7.4302,46.7204]],[[7.4302,46.7204],[7.4398,46.7125]]]}},{"type":"Feature","properties":{"id":"gambach-pacht-1129-be","c":"BE","p":"pacht","q":"official","k":"river"},"geometry":{"type":"MultiLineString","coordinates":[[[7.3623,46.7608],[7.3572,46.7559]],[[7.3625,46.7607],[7.362,46.7545]],[[7.3625,46.7611],[7.3623,46.7608]],[[7.3623,46.7608],[7.3625,46.7607]],[[7.3625,46.7607],[7.3702,46.7547]],[[7.3728,46.7734],[7.3625,46.7611]],[[7.3625,46.7611],[7.3684,46.7584]],[[7.3733,46.768],[7.3724,46.7536]],[[7.3828,46.7779],[7.3728,46.7734]],[[7.3728,46.7734],[7.3734,46.7709]],[[7.3734,46.7709],[7.3733,46.768]],[[7.3733,46.768],[7.3744,46.7445]],[[7.3734,46.7709],[7.379,46.7497]],[[7.3894,46.7871],[7.3746,46.7878]],[[7.3838,46.7833],[7.3794,46.7836]],[[7.3834,46.7787],[7.3828,46.7779]],[[7.3834,46.7787],[7.3829,46.7783],[7.3828,46.7779]],[[7.3838,46.7833],[7.3834,46.7787]],[[7.3894,46.7871],[7.3838,46.7833]],[[7.3919,46.7892],[7.3869,46.7912]],[[7.3912,46.7882],[7.3894,46.7871]],[[7.3919,46.7892],[7.3912,46.7882]],[[7.3912,46.7882],[7.3927,46.7817]],[[7.4009,46.7949],[7.3919,46.7892]],[[7.4009,46.7949],[7.3998,46.7952]],[[7.4037,46.7962],[7.4009,46.7949]]]}},{"type":"Feature","properties":{"id":"bewaesserungskanaele-ins-pacht-1530-be","c":"BE","p":"pacht","q":"official","k":"river"},"geometry":{"type":"MultiLineString","coordinates":[[[7.0383,47.0197],[7.0383,47.0197]],[[7.0383,47.0197],[7.0642,46.9912]],[[7.0383,47.0197],[7.066,47.0082]],[[7.066,47.0082],[7.0649,47.0048]],[[7.0649,47.0048],[7.0645,47.0036],[7.0679,47.0007]],[[7.0649,47.0048],[7.0951,46.9946]],[[7.066,47.0082],[7.0799,47.0067]],[[7.0721,46.9922],[7.0875,46.9766],[7.0969,46.9973],[7.1042,46.9957]],[[7.0799,47.0067],[7.083,47.0101]],[[7.0799,47.0067],[7.0857,47.0046]],[[7.0971,46.9937],[7.1047,46.9878],[7.1019,46.9813]],[[7.1019,46.9813],[7.1006,46.9782]],[[7.1019,46.9813],[7.1142,46.9848],[7.1105,46.9918]],[[7.1236,46.9886],[7.1241,46.9949],[7.1117,46.996]],[[7.1147,46.9938],[7.1172,46.9855]],[[7.1149,46.985],[7.1172,46.9855]],[[7.1172,46.9855],[7.122,46.9868]],[[7.1172,46.9855],[7.1172,46.9855]]]}},{"type":"Feature","properties":{"id":"geissbach-eggiwil-pacht-1138-be","c":"BE","p":"pacht","q":"official","k":"river"},"geometry":{"type":"MultiLineString","coordinates":[[[7.8075,46.8703],[7.8084,46.8703]],[[7.8084,46.8703],[7.8112,46.8724]],[[7.8084,46.8703],[7.8107,46.8687]],[[7.8107,46.8687],[7.8172,46.8717]],[[7.8107,46.8687],[7.8135,46.867]],[[7.8135,46.867],[7.818,46.8675]],[[7.8135,46.867],[7.8224,46.8626]],[[7.818,46.8675],[7.8217,46.87]],[[7.818,46.8675],[7.8192,46.867]],[[7.8217,46.87],[7.8228,46.8709]],[[7.8217,46.87],[7.824,46.8688]],[[7.8224,46.8626],[7.8273,46.8621]],[[7.8224,46.8626],[7.8268,46.8593]],[[7.8228,46.8709],[7.8232,46.8713]],[[7.8228,46.8709],[7.8268,46.8698]],[[7.8232,46.8713],[7.8229,46.8732]],[[7.8232,46.8713],[7.8265,46.873]],[[7.824,46.8688],[7.8292,46.8687]],[[7.824,46.8688],[7.8257,46.8676]],[[7.8279,46.874],[7.8258,46.8769]],[[7.8265,46.873],[7.8279,46.874]],[[7.8265,46.873],[7.8299,46.8714]],[[7.8273,46.8621],[7.8278,46.8623]],[[7.8273,46.8621],[7.8315,46.8603]],[[7.8278,46.8623],[7.8311,46.8614]],[[7.8278,46.8623],[7.8296,46.8642]],[[7.8279,46.874],[7.8283,46.8741]],[[7.8283,46.8741],[7.8302,46.8752]],[[7.8283,46.8741],[7.8312,46.8729]],[[7.8314,46.8763],[7.8293,46.8792]],[[7.8296,46.8642],[7.8314,46.8655]],[[7.8296,46.8642],[7.834,46.8625]],[[7.8302,46.8752],[7.8314,46.8763]],[[7.8302,46.8752],[7.832,46.8744]],[[7.8314,46.8763],[7.8334,46.8771]],[[7.8314,46.8655],[7.8359,46.8662]],[[7.8314,46.8655],[7.8338,46.8642]],[[7.8334,46.8771],[7.8359,46.8786]],[[7.8334,46.8771],[7.8352,46.8752]],[[7.8359,46.8786],[7.8371,46.8788]],[[7.8359,46.8786],[7.8369,46.8819]],[[7.8359,46.8662],[7.8379,46.8667]],[[7.8359,46.8662],[7.8393,46.8627]],[[7.8371,46.8788],[7.8428,46.8722]],[[7.8371,46.8788],[7.8375,46.8787],[7.8387,46.8788],[7.8412,46.8796]],[[7.8379,46.8667],[7.8426,46.8683]],[[7.8379,46.8667],[7.8412,46.8638]],[[7.8441,46.8816],[7.8411,46.8829]],[[7.8412,46.8796],[7.8441,46.8816]],[[7.8412,46.8796],[7.8461,46.8773]],[[7.8426,46.8683],[7.8433,46.8691]],[[7.8426,46.8683],[7.8457,46.8674]],[[7.8441,46.8816],[7.8441,46.8817]],[[7.8441,46.8817],[7.8463,46.8837]],[[7.8441,46.8817],[7.8473,46.8812]],[[7.8463,46.8837],[7.8457,46.8856]],[[7.8457,46.8674],[7.8494,46.8713]],[[7.8457,46.8674],[7.8466,46.8671],[7.8502,46.8676],[7.853,46.8689]],[[7.8461,46.8773],[7.8471,46.8734]],[[7.8461,46.8773],[7.8475,46.8769]],[[7.8463,46.8837],[7.848,46.8849]],[[7.8475,46.8769],[7.8524,46.8731]],[[7.8475,46.8769],[7.8528,46.8767]],[[7.848,46.8849],[7.8491,46.8856]],[[7.848,46.8849],[7.8489,46.8844]],[[7.8491,46.8856],[7.8507,46.886]],[[7.8491,46.8856],[7.8506,46.8875]]]}},{"type":"Feature","properties":{"id":"gentalbach-pacht-1140-be","c":"BE","p":"pacht","q":"official","k":"river"},"geometry":{"type":"MultiLineString","coordinates":[[[8.2651,46.7182],[8.2559,46.7279]],[[8.2651,46.7182],[8.2752,46.729]],[[8.2651,46.7139],[8.2651,46.7182]],[[8.2665,46.7323],[8.2752,46.729]],[[8.2667,46.7397],[8.2769,46.7325]],[[8.2752,46.729],[8.2769,46.7325]],[[8.2771,46.7468],[8.2784,46.7459]],[[8.2769,46.7325],[8.2838,46.7383]],[[8.2808,46.7478],[8.2784,46.7459]],[[8.2784,46.7459],[8.2841,46.7384]],[[8.2791,46.7412],[8.2838,46.7383]],[[8.2838,46.7383],[8.2841,46.7384]],[[8.2841,46.7384],[8.3077,46.7524]],[[8.3032,46.7588],[8.3105,46.7534]],[[8.3034,46.7551],[8.3077,46.7524]],[[8.3077,46.7524],[8.3105,46.7534]],[[8.3105,46.7534],[8.3111,46.7537]],[[8.3112,46.7644],[8.3185,46.7617]],[[8.3111,46.7537],[8.3123,46.7543]],[[8.3111,46.7537],[8.3122,46.7531]],[[8.3123,46.7543],[8.314,46.755]],[[8.3123,46.7543],[8.3134,46.7534]],[[8.314,46.755],[8.316,46.7552]],[[8.314,46.755],[8.3154,46.756]],[[8.3154,46.7681],[8.3233,46.766]],[[8.3154,46.756],[8.3163,46.7562]],[[8.3154,46.756],[8.3185,46.7617]],[[8.3164,46.7703],[8.3228,46.7667]],[[8.3163,46.7562],[8.3183,46.7567]],[[8.3163,46.7562],[8.3175,46.756]],[[8.3183,46.7716],[8.322,46.7716]],[[8.3185,46.7617],[8.3206,46.7632]],[[8.3206,46.7731],[8.3212,46.7727]],[[8.3208,46.7732],[8.3212,46.7727]],[[8.3206,46.7632],[8.3322,46.7638]],[[8.3206,46.7632],[8.3233,46.766]],[[8.3212,46.7727],[8.322,46.7716]],[[8.322,46.7716],[8.3256,46.7698]],[[8.3233,46.766],[8.3249,46.7681]],[[8.3249,46.7681],[8.3256,46.7698]],[[8.3249,46.7681],[8.3251,46.768],[8.327,46.7683],[8.3278,46.769],[8.3313,46.7688]],[[8.3256,46.7698],[8.3297,46.7721]],[[8.3297,46.7721],[8.3342,46.7737]],[[8.3297,46.7721],[8.3349,46.7772]],[[8.3342,46.7737],[8.3432,46.7764]],[[8.3342,46.7737],[8.3469,46.7725]]]}},{"type":"Feature","properties":{"id":"gadmerwasser-pacht-1127-be","c":"BE","p":"pacht","q":"official","k":"river"},"geometry":{"type":"MultiLineString","coordinates":[[[8.2247,46.7078],[8.2405,46.7096]],[[8.2409,46.7119],[8.2405,46.7096]],[[8.2405,46.7096],[8.2482,46.7107]],[[8.2477,46.7129],[8.2482,46.7107]],[[8.2482,46.7107],[8.2573,46.7114]],[[8.2573,46.7114],[8.2709,46.7137]],[[8.2601,46.7094],[8.2573,46.7114]],[[8.2709,46.7137],[8.2835,46.7174]],[[8.2747,46.7111],[8.2709,46.7137]],[[8.2835,46.7174],[8.298,46.7198]],[[8.2898,46.7136],[8.2835,46.7174]],[[8.295,46.7241],[8.298,46.7198]],[[8.298,46.7198],[8.3008,46.72]],[[8.3008,46.72],[8.3045,46.7204]],[[8.3034,46.7161],[8.3008,46.72]],[[8.3045,46.7204],[8.3293,46.7253]],[[8.3045,46.7204],[8.305,46.7203],[8.3066,46.7207],[8.3074,46.7205]],[[8.3074,46.7205],[8.3125,46.7157]],[[8.3074,46.7205],[8.3076,46.7204],[8.3081,46.7205]],[[8.3081,46.7205],[8.3249,46.7164],[8.3341,46.7045]],[[8.3081,46.7205],[8.3114,46.7215]],[[8.3293,46.7253],[8.3396,46.731]],[[8.334,46.7214],[8.3293,46.7253]],[[8.3384,46.732],[8.3396,46.731]],[[8.3396,46.731],[8.3436,46.7339]],[[8.3436,46.7339],[8.3478,46.7349]],[[8.3436,46.7339],[8.3467,46.7293]],[[8.3478,46.7349],[8.3474,46.7383]],[[8.3478,46.7349],[8.3488,46.7348]],[[8.3488,46.7348],[8.3491,46.7368]],[[8.3488,46.7348],[8.3489,46.7348],[8.3493,46.7348],[8.3494,46.7348],[8.3506,46.7355]],[[8.3506,46.7355],[8.3516,46.7359]],[[8.3506,46.7355],[8.3513,46.7359],[8.3516,46.7359]],[[8.3516,46.7359],[8.3654,46.738],[8.3712,46.7357],[8.3728,46.7363]],[[8.3764,46.7391],[8.3728,46.7363]],[[8.3728,46.7363],[8.4296,46.7294]]]}},{"type":"Feature","properties":{"id":"giessbach-pacht-1143-be","c":"BE","p":"pacht","q":"official","k":"river"},"geometry":{"type":"MultiLineString","coordinates":[[[7.9957,46.6899],[7.9899,46.6876]],[[7.9957,46.6899],[7.9899,46.6864]],[[8.0025,46.6955],[7.9903,46.6907]],[[8.0051,46.6856],[7.9955,46.6856]],[[8.0132,46.696],[8.0047,46.6949],[7.9957,46.6899]],[[8.0069,46.6881],[7.9969,46.6878]],[[8.0246,46.7158],[7.9996,46.7057]],[[8.0069,46.6881],[8.0023,46.6895]],[[8.0025,46.6955],[8.0024,46.6953]],[[8.0245,46.7094],[8.0025,46.6955]],[[8.0071,46.6866],[8.0051,46.6856]],[[8.0051,46.6856],[8.0067,46.678]],[[8.0132,46.696],[8.0067,46.6942]],[[8.0071,46.6866],[8.0069,46.6881]],[[8.011,46.6874],[8.0071,46.6866]],[[8.0179,46.6893],[8.011,46.6874]],[[8.011,46.6874],[8.012,46.6846]],[[8.0252,46.6987],[8.0132,46.696]],[[8.0179,46.6893],[8.0156,46.6846]],[[8.0288,46.6926],[8.0179,46.6893]],[[8.0205,46.7353],[8.0267,46.7213]],[[8.0288,46.6926],[8.0217,46.6889]],[[8.0246,46.7158],[8.0245,46.7094]],[[8.0245,46.7094],[8.0263,46.7055]],[[8.0267,46.7213],[8.0246,46.7158]],[[8.0258,46.699],[8.0252,46.6987]],[[8.0258,46.699],[8.0256,46.6989],[8.0252,46.6987]],[[8.0261,46.6991],[8.0258,46.699]],[[8.0309,46.6904],[8.0258,46.6879]],[[8.0261,46.6991],[8.0275,46.6994]],[[8.0263,46.7055],[8.0261,46.6991]],[[8.0261,46.6991],[8.0286,46.6939]],[[8.0263,46.7055],[8.0312,46.7037],[8.0354,46.7057]],[[8.0267,46.7213],[8.0335,46.7226]],[[8.0275,46.6994],[8.0278,46.6995]],[[8.0275,46.6994],[8.0276,46.6995],[8.0278,46.6995]],[[8.0278,46.6995],[8.0331,46.7035]],[[8.0286,46.6939],[8.0285,46.693]],[[8.0285,46.693],[8.0288,46.6926]],[[8.0285,46.693],[8.0309,46.6904]],[[8.0286,46.6939],[8.0537,46.7044]],[[8.0309,46.6904],[8.0362,46.6863]],[[8.039,46.6841],[8.0353,46.674]],[[8.0362,46.6863],[8.0432,46.6884]],[[8.0362,46.6863],[8.0373,46.6854]],[[8.0373,46.6854],[8.0418,46.6853]],[[8.0373,46.6854],[8.039,46.6841]],[[8.039,46.6841],[8.0405,46.6812]],[[8.0405,46.6812],[8.0406,46.6808]],[[8.0405,46.6812],[8.0407,46.681],[8.0406,46.6808]],[[8.0406,46.6808],[8.045,46.6758],[8.0586,46.6801]],[[8.0418,46.6853],[8.0424,46.6827]],[[8.0418,46.6853],[8.0426,46.685]],[[8.0426,46.685],[8.0495,46.689]],[[8.0426,46.685],[8.0485,46.6849]],[[8.0485,46.6849],[8.0529,46.6841]],[[8.0485,46.6849],[8.0531,46.6857]],[[8.0531,46.6857],[8.0639,46.6882]],[[8.0531,46.6857],[8.0615,46.6849]]]}},{"type":"Feature","properties":{"id":"emme-bocken-pacht-1503-be","c":"BE","p":"pacht","q":"official","k":"river"},"geometry":{"type":"MultiLineString","coordinates":[[[7.8948,46.7533],[7.9045,46.7564]],[[7.8959,46.7632],[7.9059,46.7594]],[[7.896,46.7551],[7.9045,46.7564]],[[7.8961,46.7586],[7.9059,46.7594]],[[7.8962,46.7509],[7.909,46.753]],[[7.9045,46.7564],[7.915,46.7587]],[[7.9054,46.7686],[7.9476,46.7847]],[[7.9059,46.7594],[7.915,46.7587]],[[7.9064,46.7508],[7.9089,46.7522]],[[7.9089,46.7522],[7.909,46.753]],[[7.9095,46.7491],[7.9089,46.7522]],[[7.909,46.753],[7.9122,46.7554]],[[7.9122,46.7554],[7.9146,46.7561]],[[7.9124,46.7528],[7.9122,46.7554]],[[7.9146,46.7561],[7.9166,46.7586]],[[7.9166,46.7537],[7.9146,46.7561]],[[7.9166,46.7586],[7.915,46.7587]],[[7.9166,46.7585],[7.9166,46.7586]],[[7.9166,46.7586],[7.9338,46.7588]],[[7.9338,46.7588],[7.9225,46.7479]],[[7.9338,46.7588],[7.9342,46.7587],[7.935,46.7594],[7.9378,46.7599],[7.9423,46.7637],[7.9493,46.7762],[7.9508,46.7996]]]}},{"type":"Feature","properties":{"id":"kleine-zulg-u-presserenbach-pacht-1643-be","c":"BE","p":"pacht","q":"official","k":"river"},"geometry":{"type":"MultiLineString","coordinates":[[[7.7291,46.7698],[7.7172,46.7531]],[[7.7328,46.759],[7.7229,46.7513]],[[7.7318,46.7739],[7.7291,46.7698]],[[7.7291,46.7698],[7.7326,46.7596]],[[7.7315,46.7807],[7.7318,46.7739]],[[7.7318,46.7739],[7.7411,46.7678]],[[7.7326,46.7596],[7.7328,46.759]],[[7.7326,46.7596],[7.7362,46.7583]],[[7.7328,46.759],[7.7348,46.7495]],[[7.7346,46.7484],[7.7333,46.744]],[[7.7333,46.744],[7.733,46.7414],[7.7349,46.7404],[7.738,46.7416]],[[7.7365,46.7421],[7.7333,46.744]],[[7.7348,46.7495],[7.7346,46.7484]],[[7.7418,46.7469],[7.7346,46.7484]],[[7.7434,46.7495],[7.7401,46.7503],[7.7359,46.7493],[7.7348,46.7495]],[[7.7362,46.7583],[7.7413,46.754]],[[7.7362,46.7583],[7.7405,46.7565]],[[7.7432,46.7381],[7.738,46.7416]],[[7.738,46.7416],[7.7411,46.7419]],[[7.7411,46.7678],[7.7426,46.765]],[[7.7566,46.7646],[7.7411,46.7678]],[[7.7411,46.7419],[7.7442,46.7432]],[[7.7467,46.7396],[7.7411,46.7419]],[[7.7459,46.7585],[7.7426,46.765]],[[7.7426,46.765],[7.7604,46.7472]],[[7.7475,46.7422],[7.7442,46.7432]],[[7.7442,46.7432],[7.7492,46.7448]],[[7.7578,46.7391],[7.7527,46.7367],[7.7467,46.7396]],[[7.7505,46.7386],[7.7467,46.7396]],[[7.7492,46.7448],[7.7555,46.7474]],[[7.7492,46.7448],[7.758,46.7422]]]}},{"type":"Feature","properties":{"id":"traubach-pacht-1412-be","c":"BE","p":"pacht","q":"official","k":"river"},"geometry":{"type":"MultiLineString","coordinates":[[[7.8558,46.7506],[7.8281,46.7425]],[[7.8369,46.7386],[7.8295,46.7385]],[[7.8498,46.7387],[7.8369,46.7386]],[[7.8369,46.7386],[7.8371,46.7363]],[[7.8498,46.7387],[7.8428,46.7374]],[[7.8573,46.741],[7.8498,46.7387]],[[7.8591,46.7379],[7.8517,46.7359]],[[7.8579,46.7399],[7.8535,46.7376]],[[7.8647,46.7315],[7.8535,46.7321]],[[7.8668,46.7242],[7.8545,46.7283]],[[7.8558,46.7506],[7.861,46.7606]],[[7.857,46.7448],[7.8558,46.7506]],[[7.857,46.7448],[7.8593,46.7499]],[[7.8573,46.7437],[7.857,46.7448]],[[7.8573,46.741],[7.8573,46.7437]],[[7.8579,46.7399],[7.8573,46.741]],[[7.8573,46.7437],[7.8648,46.7475]],[[7.8591,46.7379],[7.8579,46.7399]],[[7.8676,46.7599],[7.8593,46.7706]],[[7.8612,46.7366],[7.8591,46.7379]],[[7.8593,46.7499],[7.8657,46.7502]],[[7.8593,46.7499],[7.8666,46.7583]],[[7.8612,46.7366],[7.8794,46.751]],[[7.8637,46.7339],[7.8612,46.7366]],[[7.8637,46.7339],[7.868,46.7374]],[[7.8647,46.7315],[7.8637,46.7339]],[[7.8675,46.7257],[7.8642,46.7282]],[[7.866,46.7306],[7.8647,46.7315]],[[7.866,46.7306],[7.8748,46.7439]],[[7.8666,46.7302],[7.866,46.7306]],[[7.8666,46.7583],[7.8676,46.7599]],[[7.8666,46.7583],[7.8667,46.7583],[7.8668,46.7583],[7.8671,46.7585],[7.8709,46.7585],[7.8733,46.7595]],[[7.8666,46.7302],[7.8756,46.7351]],[[7.8685,46.728],[7.8666,46.7302]],[[7.8668,46.7242],[7.8675,46.7257]],[[7.867,46.7235],[7.8668,46.7242]],[[7.8676,46.7599],[7.8887,46.7699]],[[7.8675,46.7257],[7.8685,46.728]],[[7.8685,46.728],[7.872,46.728],[7.8731,46.7298]],[[7.8756,46.7351],[7.8795,46.7383]],[[7.8756,46.7351],[7.8765,46.7388]],[[7.8795,46.7383],[7.8782,46.7462]],[[7.8795,46.7383],[7.8814,46.7384]],[[7.8814,46.7384],[7.8856,46.7416]],[[7.8814,46.7384],[7.8826,46.7467]],[[7.8856,46.7416],[7.8849,46.7443]],[[7.8856,46.7416],[7.8929,46.7439]]]}},{"type":"Feature","properties":{"id":"saxetenbach-pacht-1353-be","c":"BE","p":"pacht","q":"official","k":"river"},"geometry":{"type":"MultiLineString","coordinates":[[[7.8118,46.6201],[7.8034,46.6156]],[[7.8118,46.6201],[7.804,46.6209]],[[7.8148,46.6218],[7.8048,46.6226]],[[7.8202,46.6251],[7.8102,46.6242]],[[7.8148,46.6218],[7.8118,46.6201]],[[7.8244,46.6109],[7.8136,46.6034]],[[7.8326,46.6344],[7.8139,46.6386]],[[7.8202,46.6251],[7.8148,46.6218]],[[7.8361,46.6399],[7.815,46.6406]],[[7.8308,46.6306],[7.815,46.6315]],[[7.8264,46.6222],[7.8176,46.6183]],[[7.8251,46.6125],[7.8185,46.6103]],[[7.8274,46.626],[7.8225,46.6263],[7.821,46.6258],[7.8206,46.6252],[7.8205,46.6251],[7.8202,46.6251],[7.8202,46.6251]],[[7.8244,46.6109],[7.8204,46.6027]],[[7.8337,46.6374],[7.824,46.6373]],[[7.8269,46.6205],[7.824,46.6162]],[[7.8251,46.6125],[7.8244,46.6109]],[[7.8268,46.6144],[7.8251,46.6125]],[[7.8274,46.626],[7.8264,46.6222]],[[7.8264,46.6222],[7.8269,46.6205]],[[7.8283,46.61],[7.8265,46.6077]],[[7.8265,46.6077],[7.8256,46.6055],[7.8275,46.6003]],[[7.8265,46.6077],[7.8306,46.6022]],[[7.8268,46.6155],[7.8267,46.6149]],[[7.8268,46.6155],[7.8267,46.6151],[7.8267,46.6149]],[[7.8267,46.6149],[7.8268,46.6144]],[[7.8268,46.6197],[7.8268,46.6155]],[[7.8268,46.6144],[7.8283,46.61]],[[7.8269,46.6205],[7.8268,46.6197]],[[7.8268,46.6197],[7.8298,46.619]],[[7.8308,46.6306],[7.8274,46.626]],[[7.8458,46.6206],[7.8274,46.626]],[[7.8283,46.61],[7.8352,46.6046]],[[7.8411,46.6447],[7.8289,46.6465]],[[7.8298,46.619],[7.8403,46.6204]],[[7.8298,46.619],[7.8398,46.6159]],[[7.8318,46.6328],[7.8308,46.6306]],[[7.8326,46.6344],[7.8318,46.6328]],[[7.8318,46.6328],[7.8404,46.6271]],[[7.834,46.6355],[7.8326,46.6344]],[[7.8361,46.6399],[7.8337,46.6374]],[[7.8337,46.6374],[7.8343,46.636]],[[7.8343,46.636],[7.834,46.6355]],[[7.834,46.6355],[7.8474,46.6286]],[[7.8343,46.636],[7.8429,46.6339]],[[7.8411,46.6447],[7.8361,46.6399]],[[7.8504,46.6538],[7.8411,46.6447]],[[7.8504,46.6538],[7.8504,46.6538],[7.8506,46.6538]],[[7.8676,46.6595],[7.8558,46.6598],[7.8504,46.6538]]]}},{"type":"Feature","properties":{"id":"sefinenluetschine-pacht-1384-be","c":"BE","p":"pacht","q":"official","k":"river"},"geometry":{"type":"MultiLineString","coordinates":[[[7.8297,46.5441],[7.8167,46.5423]],[[7.8281,46.5412],[7.821,46.5363]],[[7.8281,46.5412],[7.8276,46.5413]],[[7.8297,46.5441],[7.8281,46.5412]],[[7.832,46.5472],[7.8297,46.5541]],[[7.8436,46.5416],[7.8332,46.5448],[7.8297,46.5441]],[[7.8321,46.5472],[7.832,46.5472],[7.832,46.5472]],[[7.832,46.5472],[7.8321,46.5472]],[[7.8436,46.5416],[7.8321,46.5472]],[[7.842,46.5304],[7.8357,46.5321]],[[7.842,46.5304],[7.8394,46.5277]],[[7.8548,46.5341],[7.842,46.5304]],[[7.8468,46.5389],[7.8436,46.5416]],[[7.8468,46.5389],[7.8466,46.5449]],[[7.8548,46.5341],[7.8468,46.5389]],[[7.856,46.5346],[7.8523,46.5415]],[[7.8574,46.5529],[7.8535,46.555]],[[7.8574,46.5529],[7.8543,46.5512]],[[7.856,46.5346],[7.8548,46.5341]],[[7.8612,46.5367],[7.8557,46.5413]],[[7.8598,46.5356],[7.856,46.5346]],[[7.8739,46.5494],[7.8574,46.5529]],[[7.8598,46.5356],[7.8616,46.5324]],[[7.8598,46.5356],[7.8599,46.5356],[7.8601,46.5357],[7.8612,46.5367]],[[7.8639,46.5373],[7.8623,46.5371],[7.8618,46.5367],[7.8615,46.5366],[7.8612,46.5367]],[[7.8669,46.5384],[7.8639,46.5373]],[[7.8639,46.5373],[7.8641,46.5324]],[[7.8669,46.5384],[7.8656,46.5402]],[[7.8694,46.5389],[7.8669,46.5384]],[[7.8708,46.5396],[7.8675,46.544]],[[7.8708,46.5396],[7.8694,46.5389]],[[7.8694,46.5389],[7.8699,46.5324]],[[7.8708,46.5396],[7.8712,46.5369]],[[7.8717,46.5394],[7.8708,46.5396]],[[7.8802,46.5408],[7.8717,46.5394]],[[7.8717,46.5394],[7.873,46.5376]],[[7.8739,46.5494],[7.8727,46.5531]],[[7.8826,46.5411],[7.8739,46.5494]],[[7.8802,46.5408],[7.8809,46.5365]],[[7.8826,46.5411],[7.8813,46.5414],[7.8807,46.5409],[7.8804,46.5408],[7.8802,46.5408]],[[7.8992,46.5459],[7.8966,46.5413],[7.8935,46.5408],[7.8826,46.5411]]]}},{"type":"Feature","properties":{"id":"sempachersee-lu","c":"LU","p":"patent","q":"derived","k":"lake","fr":1,"ns":1},"geometry":{"type":"Polygon","coordinates":[[[8.1241,47.1737],[8.1274,47.1728],[8.1274,47.171],[8.1302,47.1726],[8.1356,47.1687],[8.1396,47.1685],[8.1553,47.1558],[8.185,47.1394],[8.192,47.1288],[8.1819,47.118],[8.1733,47.1196],[8.1669,47.1243],[8.1558,47.1284],[8.1408,47.1376],[8.1256,47.1501],[8.1214,47.1623],[8.1231,47.17],[8.1263,47.17],[8.1221,47.1723],[8.1241,47.1737]],[[8.1264,47.1677],[8.1266,47.1679],[8.1264,47.1679],[8.1264,47.1677]]]}},{"type":"Feature","properties":{"id":"hallwilersee-lu","c":"LU","p":"patent","q":"derived","k":"lake","ns":1},"geometry":{"type":"Polygon","coordinates":[[[8.2284,47.2728],[8.2332,47.2617],[8.2273,47.2522],[8.2295,47.2479],[8.2247,47.2455],[8.2198,47.2523],[8.2284,47.2728]]]}},{"type":"Feature","properties":{"id":"baldeggersee-lu","c":"LU","p":"patent","q":"derived","k":"lake","ns":1},"geometry":{"type":"Polygon","coordinates":[[[8.2457,47.2167],[8.2601,47.2161],[8.2664,47.2103],[8.2691,47.1967],[8.2769,47.1852],[8.276,47.1812],[8.2721,47.1807],[8.2712,47.1775],[8.2673,47.182],[8.2627,47.1835],[8.2561,47.1948],[8.2432,47.2082],[8.2441,47.2112],[8.2464,47.2111],[8.2457,47.2167]]]}},{"type":"Feature","properties":{"id":"zugersee-lu","c":"LU","p":"patent","q":"derived","k":"lake","ns":1},"geometry":{"type":"Polygon","coordinates":[[[8.4764,47.1061],[8.4866,47.1096],[8.4872,47.1147],[8.4734,47.1146],[8.4671,47.1188],[8.4804,47.1263],[8.4937,47.1137],[8.4931,47.1002],[8.4764,47.1061]]]}},{"type":"Feature","properties":{"id":"vierwaldstaettersee-lu","c":"LU","p":"patent","q":"derived","k":"lake","fr":1,"ns":1},"geometry":{"type":"Polygon","coordinates":[[[8.4304,47.0651],[8.4304,47.0622],[8.4268,47.0592],[8.427,47.0524],[8.4184,47.0442],[8.4011,47.0354],[8.3956,47.0291],[8.3964,47.0273],[8.4007,47.0283],[8.4014,47.0262],[8.4093,47.0301],[8.4207,47.0287],[8.4259,47.0314],[8.4358,47.0321],[8.446,47.0295],[8.4544,47.0237],[8.4679,47.0236],[8.4733,47.0169],[8.4825,47.0128],[8.4853,47.0023],[8.4767,46.9989],[8.4756,46.9964],[8.4682,46.9965],[8.4691,47.0093],[8.428,47.0172],[8.4268,47.0022],[8.397,47.004],[8.3846,47.0028],[8.3838,47.0177],[8.3685,47.02],[8.3345,46.989],[8.3189,46.9996],[8.3121,46.9986],[8.3114,47.0016],[8.3057,47.0058],[8.3064,47.0087],[8.3167,47.0118],[8.3213,47.0039],[8.3299,47.0004],[8.3415,47.0053],[8.3421,47.014],[8.339,47.0164],[8.3426,47.0181],[8.3368,47.0226],[8.3365,47.0271],[8.3397,47.0308],[8.3314,47.037],[8.3305,47.0428],[8.3249,47.0425],[8.3207,47.0454],[8.3234,47.0457],[8.3204,47.0474],[8.3162,47.0474],[8.3131,47.0513],[8.3093,47.0512],[8.3093,47.0534],[8.3324,47.0544],[8.3348,47.0501],[8.3409,47.0487],[8.348,47.0442],[8.3538,47.0378],[8.3529,47.0343],[8.3625,47.0333],[8.3809,47.0467],[8.3949,47.054],[8.4004,47.0597],[8.4304,47.0651]],[[8.362,47.0323],[8.3633,47.0326],[8.3629,47.0329],[8.362,47.0323]],[[8.3236,47.0445],[8.3234,47.0443],[8.324,47.0441],[8.3236,47.0445]],[[8.3238,47.044],[8.3233,47.0438],[8.3238,47.0439],[8.3238,47.044]],[[8.3579,47.0333],[8.3578,47.0332],[8.3578,47.0331],[8.3579,47.0333]],[[8.3574,47.0331],[8.3576,47.0331],[8.3575,47.0332],[8.3574,47.0331]],[[8.342,47.0057],[8.3419,47.0057],[8.3418,47.0057],[8.342,47.0057]],[[8.4681,47.0214],[8.4682,47.0215],[8.4681,47.0214],[8.4681,47.0214]]]}},{"type":"Feature","properties":{"id":"vierwaldstaettersee-ur","c":"UR","p":"patent","q":"derived","k":"lake","fr":1,"ns":1},"geometry":{"type":"Polygon","coordinates":[[[8.6209,46.9524],[8.6184,46.9493],[8.6202,46.9448],[8.6157,46.9406],[8.6107,46.9292],[8.6118,46.926],[8.6207,46.9214],[8.6233,46.9176],[8.6212,46.9104],[8.6248,46.9044],[8.624,46.9022],[8.6211,46.902],[8.6217,46.8999],[8.6103,46.8983],[8.6103,46.8951],[8.6064,46.8943],[8.6079,46.8938],[8.6046,46.8896],[8.6015,46.8887],[8.5941,46.8953],[8.5952,46.8979],[8.592,46.9056],[8.5921,46.9138],[8.5971,46.9188],[8.5801,46.9285],[8.5786,46.9322],[8.5901,46.9556],[8.5899,46.9594],[8.5934,46.9627],[8.5944,46.9675],[8.5917,46.9753],[8.5968,46.9831],[8.5953,46.9858],[8.5891,46.9882],[8.5743,46.9838],[8.571,46.9902],[8.5824,46.9934],[8.5971,46.9902],[8.6031,46.9868],[8.6041,46.9823],[8.6012,46.9752],[8.6044,46.952],[8.6209,46.9524]],[[8.6194,46.9002],[8.6191,46.9007],[8.618,46.9009],[8.6194,46.9002]],[[8.6175,46.9001],[8.6183,46.9005],[8.6181,46.9006],[8.6175,46.9001]],[[8.6141,46.8994],[8.6143,46.8992],[8.6144,46.8994],[8.6141,46.8994]],[[8.6174,46.8996],[8.6176,46.8998],[8.6173,46.8998],[8.6174,46.8996]]]}},{"type":"Feature","properties":{"id":"goescheneralpsee-ur","c":"UR","p":"patent","q":"derived","k":"lake","ns":1},"geometry":{"type":"Polygon","coordinates":[[[8.4731,46.65],[8.4976,46.6478],[8.4986,46.6433],[8.492,46.6417],[8.4728,46.6442],[8.4738,46.6459],[8.4687,46.6488],[8.4695,46.6516],[8.4731,46.65]]]}},{"type":"Feature","properties":{"id":"reuss-ur","c":"UR","p":"patent","q":"derived","k":"river"},"geometry":{"type":"MultiLineString","coordinates":[[[8.4318,46.5634],[8.4289,46.5751],[8.4361,46.5818],[8.4567,46.5884],[8.4843,46.5833],[8.5079,46.6012],[8.5795,46.6248],[8.5914,46.643],[8.5834,46.6567],[8.5954,46.6695],[8.5938,46.6929],[8.6083,46.7127]],[[8.6111,46.7158],[8.6395,46.7403],[8.6476,46.7575],[8.6701,46.7692],[8.6622,46.8083],[8.6387,46.8279],[8.6312,46.8472],[8.6349,46.8614],[8.6125,46.8986]],[[8.6107,46.7148],[8.6109,46.7157]]]}},{"type":"Feature","properties":{"id":"alp-sz","c":"SZ","p":"patent","q":"derived","k":"river","ns":0},"geometry":{"type":"LineString","coordinates":[[8.721,47.0262],[8.7135,47.028],[8.7078,47.0521],[8.7231,47.0771],[8.7358,47.1218],[8.7516,47.1429],[8.7461,47.1524],[8.7323,47.1501],[8.7233,47.1554],[8.7365,47.1668]]}},{"type":"Feature","properties":{"id":"muota-sz","c":"SZ","p":"patent","q":"derived","k":"river","ns":0},"geometry":{"type":"MultiLineString","coordinates":[[[8.6727,46.9909],[8.6541,46.9916],[8.6444,47.0111],[8.6278,47.0125],[8.5955,47.0002],[8.5943,46.9953]],[[8.843,46.9198],[8.8237,46.9566],[8.8067,46.9658],[8.6821,46.9915]],[[8.8471,46.9141],[8.8444,46.9181]]]}},{"type":"Feature","properties":{"id":"sihl-sz","c":"SZ","p":"patent","q":"derived","k":"river","ns":0},"geometry":{"type":"MultiLineString","coordinates":[[[8.7797,47.1544],[8.7777,47.1668],[8.7386,47.165],[8.7361,47.1721],[8.7174,47.1708],[8.6928,47.18],[8.6814,47.1773]],[[8.8521,47.0139],[8.8467,47.0185],[8.8604,47.051],[8.85,47.0673],[8.8185,47.0891]]]}},{"type":"Feature","properties":{"id":"zuerichsee-sz","c":"SZ","p":"patent","q":"derived","k":"lake","fr":1,"ns":0},"geometry":{"type":"Polygon","coordinates":[[[8.9413,47.2181],[8.9448,47.217],[8.9379,47.2136],[8.9349,47.2134],[8.9366,47.2149],[8.9344,47.2137],[8.9341,47.2154],[8.9334,47.2139],[8.9352,47.2131],[8.9317,47.212],[8.8972,47.2047],[8.8978,47.2061],[8.896,47.2042],[8.897,47.2062],[8.891,47.2081],[8.8943,47.2049],[8.8889,47.205],[8.8874,47.2079],[8.8896,47.2082],[8.8873,47.2089],[8.8821,47.2067],[8.8779,47.2072],[8.8758,47.205],[8.8754,47.2066],[8.8632,47.2053],[8.8636,47.2015],[8.8616,47.205],[8.8607,47.2017],[8.8606,47.2035],[8.8578,47.2018],[8.8597,47.2045],[8.8567,47.204],[8.8566,47.2019],[8.855,47.2036],[8.8522,47.2033],[8.8545,47.2019],[8.8509,47.2032],[8.8554,47.1996],[8.8526,47.2],[8.8544,47.1984],[8.8522,47.199],[8.852,47.194],[8.8422,47.1913],[8.832,47.1953],[8.8264,47.1939],[8.8207,47.1959],[8.8177,47.195],[8.8149,47.2003],[8.8041,47.202],[8.7993,47.2048],[8.7992,47.2028],[8.7934,47.2037],[8.7948,47.2067],[8.792,47.2079],[8.7898,47.2062],[8.775,47.208],[8.774,47.2057],[8.7576,47.2081],[8.7468,47.2064],[8.7444,47.2077],[8.7447,47.2065],[8.7381,47.2049],[8.7369,47.2064],[8.7434,47.2078],[8.7418,47.2098],[8.7385,47.2076],[8.7363,47.209],[8.7304,47.2027],[8.7224,47.2006],[8.7133,47.2031],[8.7405,47.2116],[8.7934,47.2226],[8.8085,47.2201],[8.826,47.2104],[8.8412,47.2082],[8.9367,47.2179],[8.9374,47.2169],[8.9439,47.2171],[8.9378,47.2178],[8.9413,47.2181]],[[8.8077,47.2192],[8.7998,47.2155],[8.7959,47.2154],[8.7969,47.2167],[8.7947,47.2175],[8.792,47.2081],[8.7951,47.2074],[8.7995,47.2127],[8.8056,47.2139],[8.8077,47.2192]],[[8.782,47.2185],[8.7768,47.2178],[8.7753,47.216],[8.7812,47.2165],[8.782,47.2185]],[[8.7954,47.2209],[8.7917,47.2214],[8.7897,47.2203],[8.7954,47.2209]],[[8.7982,47.2065],[8.7975,47.2094],[8.797,47.2094],[8.7952,47.2074],[8.7982,47.2065]],[[8.7963,47.2041],[8.7988,47.2048],[8.7985,47.2054],[8.7963,47.2041]],[[8.7949,47.2062],[8.7984,47.2059],[8.795,47.2068],[8.7949,47.2062]],[[8.7941,47.2045],[8.7958,47.2051],[8.7949,47.2058],[8.7941,47.2045]],[[8.9346,47.2161],[8.9355,47.2162],[8.9368,47.2178],[8.9346,47.2161]],[[8.8521,47.2001],[8.8524,47.2002],[8.8521,47.2004],[8.8521,47.2001]],[[8.7958,47.2208],[8.7965,47.2204],[8.7966,47.2205],[8.7958,47.2208]],[[8.738,47.2092],[8.7382,47.2093],[8.7379,47.2094],[8.738,47.2092]],[[8.732,47.2055],[8.7323,47.2055],[8.7322,47.2056],[8.732,47.2055]]]}},{"type":"Feature","properties":{"id":"zugersee-sz","c":"SZ","p":"patent","q":"derived","k":"lake","fr":1,"ns":0},"geometry":{"type":"Polygon","coordinates":[[[8.5219,47.0898],[8.5278,47.0705],[8.5207,47.0624],[8.5145,47.0615],[8.5087,47.0686],[8.4971,47.0729],[8.4774,47.0857],[8.4704,47.0879],[8.4641,47.0969],[8.4734,47.1019],[8.4764,47.1061],[8.5219,47.0898]]]}},{"type":"Feature","properties":{"id":"vierwaldstaettersee-sz","c":"SZ","p":"patent","q":"derived","k":"lake","fr":1,"ns":0},"geometry":{"type":"MultiPolygon","coordinates":[[[[8.4344,47.082],[8.4394,47.0786],[8.4349,47.0771],[8.4303,47.0654],[8.4004,47.0597],[8.4055,47.0635],[8.4096,47.0648],[8.4131,47.0635],[8.4185,47.0661],[8.4199,47.0679],[8.4214,47.068],[8.4344,47.082]],[[8.4201,47.0678],[8.4207,47.0677],[8.4207,47.0678],[8.4201,47.0678]],[[8.4191,47.0665],[8.4196,47.0666],[8.4196,47.0667],[8.4191,47.0665]]],[[[8.4682,46.9965],[8.4805,46.9935],[8.4842,46.9944],[8.4971,46.9903],[8.5191,46.9938],[8.5241,46.9908],[8.538,46.988],[8.5561,46.9904],[8.5735,46.9993],[8.587,47.001],[8.5921,46.9953],[8.6062,46.9935],[8.6104,46.9906],[8.6105,46.9724],[8.6145,46.9593],[8.6209,46.9525],[8.6044,46.952],[8.6012,46.9752],[8.6041,46.9823],[8.6031,46.9868],[8.5971,46.9902],[8.5824,46.9934],[8.5427,46.9796],[8.5194,46.9798],[8.4966,46.9764],[8.4652,46.9843],[8.4682,46.9965]]]]}},{"type":"Feature","properties":{"id":"sihlsee-sz","c":"SZ","p":"patent","q":"derived","k":"lake","ns":0},"geometry":{"type":"Polygon","coordinates":[[[8.7799,47.1544],[8.7834,47.1536],[8.7857,47.1497],[8.7906,47.1509],[8.7911,47.1449],[8.7875,47.1429],[8.7908,47.139],[8.7916,47.1404],[8.7919,47.1371],[8.7903,47.134],[8.7862,47.1325],[8.7916,47.1326],[8.797,47.1236],[8.7954,47.1164],[8.8002,47.1073],[8.7996,47.1014],[8.8105,47.0974],[8.8105,47.0951],[8.8116,47.0964],[8.8123,47.0966],[8.8107,47.0949],[8.8146,47.0949],[8.819,47.0919],[8.8176,47.0876],[8.8105,47.0866],[8.8098,47.0844],[8.809,47.0881],[8.7994,47.0923],[8.7949,47.0989],[8.7817,47.1037],[8.7799,47.1072],[8.7851,47.1134],[8.7812,47.1138],[8.7757,47.1175],[8.7752,47.1237],[8.7644,47.1391],[8.7577,47.1402],[8.764,47.1489],[8.7677,47.1503],[8.7688,47.1487],[8.7771,47.15],[8.7799,47.1544]]]}},{"type":"Feature","properties":{"id":"waegitalersee-sz","c":"SZ","p":"patent","q":"derived","k":"lake","ns":0},"geometry":{"type":"Polygon","coordinates":[[[8.9041,47.1062],[8.9196,47.105],[8.9233,47.098],[8.9303,47.0928],[8.9281,47.0901],[8.9301,47.0862],[8.9288,47.0812],[8.9257,47.0786],[8.9279,47.0778],[8.9242,47.0768],[8.9237,47.074],[8.9125,47.0664],[8.9126,47.0764],[8.9169,47.0853],[8.9148,47.0921],[8.9092,47.0964],[8.9086,47.0997],[8.9006,47.1042],[8.9041,47.1062]]]}},{"type":"Feature","properties":{"id":"lauerzersee-sz","c":"SZ","p":"patent","q":"derived","k":"lake","fr":1,"ns":0},"geometry":{"type":"Polygon","coordinates":[[[8.5894,47.047],[8.5917,47.0439],[8.5959,47.0439],[8.5943,47.0399],[8.5983,47.0399],[8.594,47.0396],[8.5936,47.0374],[8.604,47.038],[8.6119,47.0351],[8.6197,47.0361],[8.6209,47.031],[8.6249,47.0291],[8.6081,47.0261],[8.6019,47.0303],[8.5867,47.0318],[8.5834,47.0366],[8.587,47.0434],[8.5861,47.047],[8.5894,47.047]],[[8.5967,47.0323],[8.5985,47.0326],[8.5988,47.0328],[8.5967,47.0323]],[[8.5993,47.0312],[8.5993,47.0314],[8.599,47.0313],[8.5993,47.0312]]]}},{"type":"Feature","properties":{"id":"lungerersee-ow","c":"OW","p":"patent","q":"derived","k":"lake"},"geometry":{"type":"Polygon","coordinates":[[[8.175,46.8131],[8.1747,46.8099],[8.169,46.8058],[8.1695,46.801],[8.161,46.7963],[8.1639,46.7953],[8.1639,46.7925],[8.1582,46.7897],[8.1554,46.7828],[8.1499,46.7879],[8.1516,46.7877],[8.151,46.7899],[8.1553,46.7941],[8.1594,46.807],[8.1668,46.8092],[8.1688,46.8132],[8.175,46.8131]]]}},{"type":"Feature","properties":{"id":"sarnersee-ow","c":"OW","p":"patent","q":"derived","k":"lake","fr":1},"geometry":{"type":"Polygon","coordinates":[[[8.2414,46.8894],[8.244,46.8863],[8.2415,46.882],[8.2444,46.8832],[8.24,46.8721],[8.2186,46.8611],[8.2036,46.8458],[8.2001,46.8458],[8.2004,46.848],[8.1942,46.851],[8.1906,46.8499],[8.1922,46.8512],[8.1888,46.8541],[8.1964,46.8661],[8.2197,46.8745],[8.2258,46.8782],[8.2342,46.889],[8.2414,46.8894]],[[8.2421,46.8814],[8.2424,46.8818],[8.2419,46.8815],[8.2421,46.8814]]]}},{"type":"Feature","properties":{"id":"vierwaldstaettersee-ow","c":"OW","p":"patent","q":"derived","k":"lake","fr":1},"geometry":{"type":"Polygon","coordinates":[[[8.3057,46.9556],[8.2997,46.9524],[8.2974,46.953],[8.2989,46.9526],[8.2969,46.951],[8.2927,46.9528],[8.2967,46.9536],[8.2957,46.9545],[8.2904,46.9532],[8.2917,46.9552],[8.2912,46.9561],[8.2882,46.9531],[8.2882,46.9559],[8.2863,46.9537],[8.2788,46.9553],[8.2833,46.9592],[8.294,46.9635],[8.2945,46.9662],[8.3098,46.9694],[8.3057,46.9556]],[[8.2929,46.9547],[8.2929,46.956],[8.2921,46.9557],[8.2929,46.9547]]]}},{"type":"Feature","properties":{"id":"vierwaldstaettersee-nw","c":"NW","p":"patent","q":"derived","k":"lake","fr":1},"geometry":{"type":"MultiPolygon","coordinates":[[[[8.5742,46.9838],[8.5489,46.9729],[8.5272,46.9691],[8.5077,46.9623],[8.496,46.962],[8.4778,46.9645],[8.466,46.9721],[8.4523,46.9711],[8.4409,46.9747],[8.426,46.9753],[8.424,46.9773],[8.4255,46.9788],[8.4205,46.9799],[8.4195,46.9791],[8.4191,46.9793],[8.4205,46.9803],[8.4174,46.9831],[8.4183,46.9871],[8.4288,46.9905],[8.4476,46.9949],[8.4571,46.9948],[8.463,46.9977],[8.4506,47.0015],[8.4435,47.0005],[8.4268,47.0022],[8.428,47.0172],[8.4691,47.0093],[8.4652,46.9843],[8.4966,46.9764],[8.5194,46.9798],[8.5427,46.9796],[8.571,46.9902],[8.5742,46.9838]]],[[[8.3846,47.0028],[8.368,47.0034],[8.3634,46.997],[8.3519,46.9893],[8.3513,46.9855],[8.3462,46.9821],[8.333,46.9792],[8.3327,46.9766],[8.3375,46.972],[8.3338,46.9677],[8.3062,46.9557],[8.311,46.969],[8.3311,46.9751],[8.3312,46.9791],[8.3285,46.9802],[8.3123,46.9796],[8.3127,46.9865],[8.3169,46.9898],[8.3125,46.9984],[8.3189,46.9996],[8.3345,46.989],[8.3685,47.02],[8.3838,47.0177],[8.3846,47.0028]],[[8.3346,46.9799],[8.3359,46.9803],[8.3358,46.9804],[8.3346,46.9799]]]]}},{"type":"Feature","properties":{"id":"kloentalersee-gl","c":"GL","p":"patent","q":"derived","k":"lake","fr":1},"geometry":{"type":"Polygon","coordinates":[[[9.0058,47.0327],[8.9954,47.027],[8.9892,47.027],[8.9847,47.0228],[8.9737,47.0207],[8.9686,47.0214],[8.9654,47.019],[8.9448,47.022],[8.9483,47.0223],[8.9461,47.0229],[8.9461,47.0261],[8.9488,47.0271],[8.9718,47.0264],[8.9973,47.0364],[9.0044,47.036],[9.0058,47.0327]]]}},{"type":"Feature","properties":{"id":"limmerensee-gl","c":"GL","p":"patent","q":"derived","k":"lake"},"geometry":{"type":"Polygon","coordinates":[[[9.0099,46.847],[9.0177,46.845],[9.0188,46.8396],[9.0153,46.8275],[9.0104,46.8221],[9.0108,46.8387],[9.007,46.8453],[9.0099,46.847]]]}},{"type":"Feature","properties":{"id":"walensee-gl","c":"GL","p":"patent","q":"derived","k":"lake","fr":1},"geometry":{"type":"Polygon","coordinates":[[[9.1888,47.116],[9.1841,47.1153],[9.1368,47.126],[9.1214,47.1258],[9.1139,47.1282],[9.1079,47.1279],[9.0992,47.1327],[9.1082,47.1313],[9.1154,47.1328],[9.1359,47.132],[9.1477,47.1289],[9.1899,47.1237],[9.1888,47.116]]]}},{"type":"Feature","properties":{"id":"linth-gl","c":"GL","p":"patent","q":"derived","k":"river"},"geometry":{"type":"LineString","coordinates":[[8.9796,46.864],[8.9793,46.88],[8.9891,46.8919],[8.9869,46.9131],[9.0195,46.9411],[9.0527,46.9832],[9.0789,46.9941],[9.0748,46.9984],[9.0863,47.0169],[9.0601,47.057],[9.0611,47.0834],[9.0803,47.1168],[9.1189,47.1264]]}},{"type":"Feature","properties":{"id":"zugersee-zg","c":"ZG","p":"patent","q":"derived","k":"lake","fr":1},"geometry":{"type":"Polygon","coordinates":[[[8.4756,47.1809],[8.4785,47.1819],[8.478,47.1777],[8.4812,47.1779],[8.481,47.1759],[8.4874,47.1781],[8.4972,47.1767],[8.498,47.175],[8.5016,47.1752],[8.5071,47.1713],[8.5076,47.1728],[8.5076,47.1713],[8.5142,47.1694],[8.511,47.1541],[8.5049,47.1472],[8.5061,47.1363],[8.4949,47.1237],[8.5035,47.1081],[8.5082,47.106],[8.5217,47.09],[8.4931,47.1002],[8.4937,47.1137],[8.4804,47.1263],[8.4675,47.1187],[8.4644,47.1215],[8.4641,47.1301],[8.4728,47.1401],[8.4704,47.1412],[8.4657,47.1384],[8.4582,47.1415],[8.4576,47.1479],[8.4625,47.1511],[8.4615,47.1549],[8.4636,47.1562],[8.4595,47.1583],[8.459,47.1638],[8.4528,47.1717],[8.462,47.1793],[8.4671,47.1773],[8.4694,47.1806],[8.4756,47.1809]],[[8.4969,47.1744],[8.4976,47.1744],[8.4975,47.1746],[8.4969,47.1744]],[[8.4618,47.1781],[8.4622,47.1779],[8.4623,47.1784],[8.4618,47.1781]]]}},{"type":"Feature","properties":{"id":"aegerisee-zg","c":"ZG","p":"patent","q":"derived","k":"lake"},"geometry":{"type":"Polygon","coordinates":[[[8.5886,47.1376],[8.6046,47.1373],[8.613,47.1316],[8.62,47.1333],[8.63,47.1296],[8.6431,47.1143],[8.6396,47.1035],[8.6333,47.1019],[8.6301,47.1029],[8.6296,47.1058],[8.6246,47.1077],[8.6242,47.1146],[8.6021,47.1213],[8.5919,47.1226],[8.5951,47.1268],[8.5974,47.127],[8.5972,47.1291],[8.5949,47.1296],[8.594,47.1342],[8.5886,47.1376]],[[8.6306,47.1035],[8.6313,47.1034],[8.6312,47.1035],[8.6306,47.1035]]]}},{"type":"Feature","properties":{"id":"lorze-zg","c":"ZG","p":"pacht","q":"derived","k":"river"},"geometry":{"type":"MultiLineString","coordinates":[[[8.4167,47.235],[8.4143,47.2389]],[[8.4165,47.2412],[8.4146,47.2427]],[[8.425,47.2151],[8.4217,47.2233]],[[8.4261,47.208],[8.4224,47.21],[8.4215,47.2127],[8.425,47.2151]],[[8.4259,47.2086],[8.425,47.2151]],[[8.4261,47.208],[8.426,47.2081]],[[8.4618,47.1797],[8.4515,47.1939],[8.4431,47.1961],[8.4301,47.2081],[8.4261,47.208]],[[8.5885,47.1368],[8.5754,47.1379],[8.5636,47.1483],[8.5544,47.1818],[8.5576,47.197],[8.5423,47.1939],[8.5363,47.2028],[8.5244,47.2041],[8.4976,47.177]]]}},{"type":"Feature","properties":{"id":"murtensee-fr","c":"FR","p":"patent","q":"derived","k":"lake","fr":1},"geometry":{"type":"Polygon","coordinates":[[[7.1129,46.9576],[7.1185,46.9576],[7.118,46.9554],[7.1222,46.9565],[7.132,46.9474],[7.1336,46.9429],[7.1156,46.9298],[7.0996,46.9211],[7.0891,46.9219],[7.0893,46.9174],[7.0845,46.9129],[7.0599,46.9366],[7.061,46.9389],[7.1129,46.9576]],[[7.0622,46.9382],[7.0622,46.9383],[7.0622,46.9382],[7.0622,46.9382]]]}},{"type":"Feature","properties":{"id":"neuenburgersee-fr","c":"FR","p":"patent","q":"derived","k":"lake","fr":1},"geometry":{"type":"MultiPolygon","coordinates":[[[[6.9615,46.9275],[6.9539,46.9244],[6.9526,46.9266],[6.9539,46.9236],[6.9529,46.9216],[6.9437,46.9174],[6.9442,46.9171],[6.944,46.9166],[6.9425,46.9164],[6.943,46.9155],[6.929,46.9101],[6.928,46.909],[6.9339,46.9073],[6.9288,46.9048],[6.9268,46.9061],[6.9238,46.9036],[6.9232,46.9063],[6.9216,46.9054],[6.8962,46.9255],[6.9282,46.9534],[6.9615,46.9275]],[[6.9287,46.9083],[6.9271,46.9067],[6.929,46.9051],[6.9334,46.9073],[6.9287,46.9083]],[[6.9527,46.9228],[6.9523,46.9226],[6.9529,46.9221],[6.9527,46.9228]],[[6.9438,46.9171],[6.943,46.9169],[6.9438,46.9168],[6.9438,46.9171]]],[[[6.891,46.8873],[6.8717,46.8699],[6.8594,46.863],[6.8598,46.8615],[6.8573,46.8588],[6.856,46.8604],[6.8541,46.8593],[6.8558,46.8574],[6.853,46.8591],[6.8472,46.857],[6.8429,46.8537],[6.8441,46.8522],[6.8386,46.8527],[6.8398,46.8501],[6.8345,46.8462],[6.8225,46.8412],[6.811,46.839],[6.7891,46.8252],[6.7874,46.8226],[6.7902,46.8229],[6.7845,46.8202],[6.7865,46.8179],[6.7852,46.8178],[6.7845,46.8183],[6.7839,46.8188],[6.7841,46.82],[6.7811,46.8163],[6.7789,46.8168],[6.768,46.8092],[6.7419,46.8279],[6.8657,46.9096],[6.891,46.8873]],[[6.7862,46.8181],[6.7842,46.8188],[6.7862,46.8179],[6.7862,46.8181]],[[6.781,46.8165],[6.7815,46.8169],[6.7815,46.8171],[6.781,46.8165]],[[6.7883,46.8221],[6.7879,46.8221],[6.7879,46.8218],[6.7883,46.8221]]]]}},{"type":"Feature","properties":{"id":"lac-de-la-gruyere-fr","c":"FR","p":"patent","q":"derived","k":"lake"},"geometry":{"type":"Polygon","coordinates":[[[7.111,46.7189],[7.1143,46.7174],[7.1095,46.7147],[7.1081,46.7107],[7.104,46.7088],[7.1008,46.7099],[7.0977,46.7064],[7.0993,46.7015],[7.1039,46.7005],[7.1044,46.6959],[7.1106,46.6934],[7.112,46.6867],[7.1169,46.6867],[7.1215,46.69],[7.1208,46.6867],[7.1153,46.6821],[7.1112,46.6834],[7.1113,46.6816],[7.1079,46.6843],[7.1109,46.6796],[7.1064,46.6743],[7.104,46.677],[7.0991,46.6727],[7.1043,46.6622],[7.102,46.6634],[7.0972,46.6614],[7.0991,46.6582],[7.0986,46.6556],[7.097,46.6569],[7.0961,46.6555],[7.0984,46.6527],[7.0979,46.6456],[7.1012,46.6435],[7.1018,46.6359],[7.1054,46.6314],[7.1053,46.6159],[7.1074,46.6132],[7.1056,46.6128],[7.1026,46.6131],[7.1009,46.6154],[7.0952,46.6144],[7.0969,46.6157],[7.0927,46.6238],[7.0957,46.6263],[7.0913,46.6284],[7.093,46.6327],[7.091,46.6417],[7.095,46.6549],[7.0902,46.6603],[7.0961,46.6665],[7.0896,46.669],[7.0868,46.6644],[7.0825,46.6651],[7.0812,46.6618],[7.0794,46.6603],[7.0771,46.6598],[7.0814,46.6658],[7.0779,46.6665],[7.0832,46.6673],[7.0855,46.6702],[7.0857,46.6727],[7.0826,46.6737],[7.087,46.673],[7.088,46.6755],[7.085,46.6772],[7.0878,46.6765],[7.0928,46.6825],[7.1041,46.6878],[7.1066,46.6924],[7.1056,46.6935],[7.1002,46.6901],[7.0984,46.6931],[7.0886,46.6944],[7.0922,46.696],[7.0919,46.7005],[7.0967,46.7017],[7.0969,46.7037],[7.0931,46.7059],[7.087,46.706],[7.097,46.7092],[7.0993,46.712],[7.104,46.7115],[7.111,46.7189]],[[7.0934,46.6812],[7.0959,46.6817],[7.0961,46.6823],[7.0934,46.6812]],[[7.1021,46.6144],[7.1036,46.6152],[7.1014,46.6157],[7.1021,46.6144]],[[7.0999,46.6981],[7.1007,46.6985],[7.1001,46.6988],[7.0999,46.6981]]]}},{"type":"Feature","properties":{"id":"schiffenensee-fr","c":"FR","p":"patent","q":"derived","k":"lake"},"geometry":{"type":"Polygon","coordinates":[[[7.189,46.8844],[7.1954,46.8831],[7.1882,46.8796],[7.1905,46.8742],[7.1882,46.8757],[7.1896,46.8721],[7.1865,46.8705],[7.19,46.8686],[7.1854,46.8702],[7.1809,46.8681],[7.1798,46.8646],[7.1756,46.8617],[7.1775,46.8582],[7.1744,46.861],[7.1719,46.8608],[7.1677,46.8527],[7.1615,46.8493],[7.1529,46.8484],[7.1469,46.8448],[7.1483,46.8337],[7.1682,46.827],[7.1724,46.8234],[7.1719,46.8193],[7.1629,46.8185],[7.1674,46.815],[7.1671,46.8138],[7.1655,46.8128],[7.1667,46.8148],[7.1624,46.8157],[7.1616,46.8181],[7.1644,46.8202],[7.1711,46.8202],[7.17,46.8245],[7.1675,46.8261],[7.157,46.8268],[7.1539,46.8296],[7.1529,46.8284],[7.1529,46.8308],[7.1463,46.8319],[7.1412,46.8411],[7.1422,46.8466],[7.1397,46.8474],[7.1641,46.8553],[7.1663,46.8617],[7.1744,46.8681],[7.1716,46.8688],[7.1748,46.8689],[7.1776,46.8711],[7.1765,46.8722],[7.1852,46.8737],[7.1841,46.8791],[7.1826,46.8788],[7.189,46.8844]],[[7.1639,46.8158],[7.1629,46.816],[7.164,46.8157],[7.1639,46.8158]]]}},{"type":"Feature","properties":{"id":"broye-fr","c":"FR","p":"patent","q":"derived","k":"river"},"geometry":{"type":"MultiLineString","coordinates":[[[6.8115,46.581],[6.8114,46.5973],[6.8188,46.6049],[6.8079,46.6242],[6.8077,46.642]],[[6.8601,46.5309],[6.8553,46.5405]],[[6.8585,46.7258],[6.8663,46.7331]],[[6.8671,46.5409],[6.8611,46.5307]],[[6.8781,46.7456],[6.8821,46.7498]],[[6.9643,46.5812],[6.9465,46.5957],[6.9023,46.5613],[6.8882,46.5581]],[[6.911,46.7798],[6.9164,46.7879]],[[6.9262,46.7986],[6.9315,46.8044]],[[6.9315,46.8056],[6.9274,46.809]],[[6.9862,46.8709],[6.9952,46.8779]],[[7.0055,46.8859],[7.0093,46.8894]]]}},{"type":"Feature","properties":{"id":"saane-fr","c":"FR","p":"patent","q":"derived","k":"river"},"geometry":{"type":"MultiLineString","coordinates":[[[7.0407,46.4745],[7.0355,46.4787],[7.0474,46.4873]],[[7.0538,46.5063],[7.0631,46.5109],[7.0655,46.5151],[7.067,46.53],[7.0667,46.5348],[7.0879,46.5595],[7.1001,46.5881],[7.0909,46.6097],[7.0948,46.6147]],[[7.0661,46.5263],[7.0666,46.5293]],[[7.1127,46.7181],[7.1128,46.7183]],[[7.1134,46.7201],[7.1097,46.7259],[7.1151,46.7292],[7.1092,46.7326],[7.1149,46.7359],[7.112,46.7409],[7.1049,46.7389],[7.1145,46.7478],[7.0968,46.756],[7.1164,46.7573],[7.1112,46.7636],[7.1197,46.7621],[7.1193,46.77],[7.1273,46.7701],[7.1214,46.7748],[7.1307,46.7874],[7.141,46.7843],[7.1461,46.7906],[7.1552,46.7908],[7.1617,46.7857],[7.1662,46.7939],[7.1562,46.8002],[7.1697,46.8028],[7.1604,46.8109],[7.165,46.8128]],[[7.194,46.8825],[7.2,46.8809],[7.2263,46.9034]]]}},{"type":"Feature","properties":{"id":"gerine-fr","c":"FR","p":"patent","q":"derived","k":"river"},"geometry":{"type":"MultiLineString","coordinates":[[[7.2221,46.7523],[7.1267,46.7798]],[[7.2239,46.7512],[7.2221,46.7523]],[[7.225,46.7512],[7.2221,46.7523]],[[7.225,46.7512],[7.224,46.7512]],[[7.2255,46.7509],[7.225,46.7512]],[[7.2294,46.7469],[7.2265,46.7487],[7.2255,46.7509]],[[7.2294,46.7469],[7.2255,46.7509]],[[7.2335,46.6709],[7.2223,46.6754],[7.215,46.6925],[7.2454,46.72],[7.2465,46.7358],[7.2351,46.7374],[7.234,46.7438],[7.2325,46.7454],[7.23,46.7468],[7.2299,46.7469],[7.2297,46.7469],[7.2294,46.7469]],[[7.2315,46.7456],[7.2295,46.7468]],[[7.2325,46.745],[7.2317,46.7455]],[[7.234,46.7423],[7.2323,46.7448]]]}},{"type":"Feature","properties":{"id":"glane-fr","c":"FR","p":"patent","q":"derived","k":"river"},"geometry":{"type":"LineString","coordinates":[[6.8843,46.619],[6.883,46.6232],[6.8726,46.6227],[6.8689,46.63],[6.8746,46.644],[6.9041,46.6632],[6.9321,46.7024],[6.967,46.7175],[6.9715,46.7305],[6.9865,46.7371],[7.0012,46.7312],[7.0304,46.7311],[7.0404,46.7364],[7.0493,46.7337],[7.0652,46.7619],[7.0869,46.7689],[7.1084,46.7875],[7.1155,46.7834],[7.1297,46.7862]]}},{"type":"Feature","properties":{"id":"neirigue-fr","c":"FR","p":"patent","q":"derived","k":"river"},"geometry":{"type":"LineString","coordinates":[[6.9319,46.6146],[6.9651,46.6346],[6.9647,46.6412],[6.9451,46.647],[6.9459,46.6697],[6.9657,46.6917],[6.9652,46.7015],[6.9966,46.7286],[7.0092,46.7315]]}},{"type":"Feature","properties":{"id":"arbogne-fr","c":"FR","p":"patent","q":"derived","k":"river"},"geometry":{"type":"MultiLineString","coordinates":[[[6.9353,46.7231],[6.949,46.7495],[6.9714,46.7618],[6.994,46.7899],[7.0131,46.7967],[6.9774,46.8229]],[[6.9695,46.8254],[6.9623,46.8283]],[[6.9777,46.8487],[6.9964,46.8728],[7.0155,46.8771]]]}},{"type":"Feature","properties":{"id":"siggern-und-zufluesse-112-so","c":"SO","p":"pacht","q":"official","k":"river"},"geometry":{"type":"MultiLineString","coordinates":[[[7.5539,47.2602],[7.5339,47.2573]],[[7.5442,47.2611],[7.5413,47.261],[7.539,47.2627],[7.5363,47.2622]],[[7.5565,47.2587],[7.5406,47.2548]],[[7.5442,47.2611],[7.5409,47.263]],[[7.5483,47.2616],[7.5442,47.2611]],[[7.5766,47.2448],[7.5509,47.242],[7.5456,47.2472]],[[7.5483,47.2616],[7.5473,47.2631]],[[7.5538,47.2605],[7.5483,47.2616]],[[7.553,47.2628],[7.5484,47.2654]],[[7.553,47.2628],[7.5515,47.2633]],[[7.5538,47.2605],[7.553,47.2628]],[[7.5539,47.2602],[7.5538,47.2605]],[[7.5565,47.2587],[7.5539,47.2602]],[[7.5602,47.2568],[7.5565,47.2587]],[[7.5632,47.2638],[7.5598,47.2635]],[[7.5602,47.2568],[7.5629,47.2613]],[[7.5686,47.2546],[7.5602,47.2568]],[[7.5709,47.2483],[7.5606,47.2527]],[[7.5632,47.2638],[7.5607,47.2644]],[[7.5638,47.2635],[7.563,47.2631]],[[7.5638,47.2635],[7.5632,47.2638]],[[7.5649,47.2658],[7.5635,47.2684]],[[7.5655,47.2685],[7.5636,47.2696]],[[7.5649,47.2633],[7.5638,47.2635]],[[7.5655,47.2687],[7.5648,47.2699]],[[7.5649,47.2658],[7.5655,47.2685]],[[7.5649,47.2633],[7.5649,47.2658]],[[7.5686,47.2546],[7.5649,47.2633]],[[7.5655,47.2685],[7.5655,47.2687]],[[7.5655,47.2687],[7.5661,47.2699]],[[7.5709,47.2483],[7.5656,47.2489]],[[7.5863,47.2467],[7.5812,47.2448],[7.5743,47.2489],[7.5709,47.2515],[7.5702,47.2529],[7.5696,47.2532],[7.5691,47.2542],[7.5687,47.2546],[7.5687,47.2546],[7.5686,47.2546]],[[7.5824,47.2479],[7.5698,47.2661]],[[7.5766,47.2448],[7.5709,47.2483]],[[7.5871,47.2595],[7.5752,47.2715]],[[7.5809,47.245],[7.5792,47.2445],[7.5766,47.2448]],[[7.5868,47.2573],[7.5801,47.2639]],[[7.5824,47.2479],[7.582,47.2513]],[[7.5863,47.2467],[7.5824,47.2479]],[[7.5905,47.2472],[7.5877,47.2466],[7.5863,47.2467]],[[7.5863,47.2631],[7.5905,47.2678]],[[7.5871,47.2595],[7.5863,47.2631]],[[7.5863,47.2631],[7.5882,47.2625]],[[7.5868,47.2573],[7.5872,47.2582]],[[7.5869,47.2566],[7.5868,47.2573]],[[7.5869,47.2566],[7.5897,47.2579]],[[7.5911,47.2489],[7.5869,47.2566]],[[7.5873,47.2586],[7.5871,47.2595]],[[7.5872,47.2582],[7.5873,47.2586]],[[7.5872,47.2582],[7.5872,47.2582],[7.5873,47.2582],[7.5876,47.2583],[7.5881,47.2584]],[[7.5873,47.2586],[7.5879,47.2589]],[[7.5882,47.2625],[7.5902,47.2636]],[[7.5882,47.2625],[7.5901,47.2625]],[[7.5901,47.2625],[7.5941,47.2625]],[[7.5901,47.2625],[7.5905,47.263]],[[7.5905,47.2472],[7.5911,47.2489]],[[7.596,47.2462],[7.5905,47.2472]],[[7.5911,47.2489],[7.5954,47.2584]],[[7.5941,47.2625],[7.595,47.2636]],[[7.5941,47.2625],[7.5942,47.2625],[7.5953,47.2629]],[[7.6056,47.2411],[7.6044,47.2429]],[[7.6071,47.2374],[7.6052,47.2402]],[[7.6071,47.2374],[7.6083,47.2393]],[[7.6096,47.2315],[7.6071,47.2374]]]}},{"type":"Feature","properties":{"id":"limmern-und-rickenbach-412-so","c":"SO","p":"pacht","q":"official","k":"river"},"geometry":{"type":"MultiLineString","coordinates":[[[7.701,47.3585],[7.6792,47.3645]],[[7.7016,47.3528],[7.6907,47.3562]],[[7.6997,47.364],[7.6915,47.3653]],[[7.6949,47.3658],[7.6937,47.3659]],[[7.6949,47.3658],[7.694,47.3667]],[[7.6999,47.364],[7.6973,47.3669],[7.6949,47.3672]],[[7.6997,47.364],[7.6949,47.3658]],[[7.6999,47.364],[7.6997,47.364]],[[7.7029,47.362],[7.6999,47.364]],[[7.701,47.3585],[7.7029,47.362]],[[7.7016,47.3528],[7.701,47.3585]],[[7.705,47.3397],[7.7016,47.3528]],[[7.7029,47.362],[7.7099,47.3628]],[[7.7045,47.3394],[7.705,47.3397]],[[7.705,47.3397],[7.7104,47.342]],[[7.7099,47.3628],[7.7128,47.364]],[[7.7099,47.3628],[7.7131,47.3611]],[[7.7104,47.342],[7.7187,47.3418]],[[7.7104,47.342],[7.7312,47.3495]],[[7.7128,47.364],[7.725,47.3679]],[[7.7128,47.364],[7.7161,47.3625]],[[7.7161,47.3625],[7.7195,47.362]],[[7.7161,47.3625],[7.7219,47.3585]],[[7.7187,47.3418],[7.7254,47.343]],[[7.7187,47.3418],[7.7259,47.3397]],[[7.7195,47.362],[7.7228,47.3611]],[[7.7195,47.362],[7.7224,47.3618],[7.7239,47.3622]],[[7.7228,47.3611],[7.7248,47.3607]],[[7.7228,47.3611],[7.7272,47.3617]],[[7.7239,47.3622],[7.7239,47.3622]],[[7.7239,47.3622],[7.7267,47.363]],[[7.7239,47.3622],[7.7323,47.3611]],[[7.7312,47.3495],[7.7353,47.354]],[[7.7312,47.3495],[7.7407,47.347]]]}},{"type":"Feature","properties":{"id":"luessel-zufluesse-700-so","c":"SO","p":"pacht","q":"official","k":"river"},"geometry":{"type":"MultiLineString","coordinates":[[[7.53,47.3659],[7.5238,47.3659]],[[7.5347,47.3763],[7.525,47.3743]],[[7.5347,47.3763],[7.5271,47.3793]],[[7.53,47.3659],[7.53,47.3652]],[[7.5419,47.3708],[7.53,47.3659]],[[7.5416,47.3729],[7.5301,47.3709]],[[7.5371,47.3879],[7.5302,47.3869]],[[7.537,47.3825],[7.5345,47.3824]],[[7.5402,47.3772],[7.5384,47.3762],[7.5347,47.3763]],[[7.5444,47.3667],[7.5379,47.3614]],[[7.5387,47.38],[7.5532,47.3821]],[[7.5394,47.4008],[7.5421,47.3993]],[[7.5408,47.3523],[7.5407,47.3522],[7.5402,47.3523],[7.5394,47.3525]],[[7.5416,47.3521],[7.5396,47.3514]],[[7.5397,47.3778],[7.5427,47.378]],[[7.5408,47.3523],[7.5402,47.3524]],[[7.5416,47.3521],[7.541,47.3523],[7.5408,47.3523]],[[7.5439,47.3507],[7.5428,47.3517],[7.5418,47.3521],[7.5417,47.3521],[7.5416,47.3521]],[[7.5439,47.3507],[7.5416,47.3493]],[[7.5418,47.3747],[7.5591,47.3744]],[[7.5421,47.3993],[7.5485,47.3949]],[[7.5421,47.3993],[7.5605,47.3905]],[[7.5429,47.3685],[7.5475,47.3697]],[[7.5555,47.3549],[7.5507,47.3547],[7.5462,47.3508],[7.5451,47.3505],[7.5439,47.3507]],[[7.5453,47.3662],[7.544,47.3648]],[[7.5477,47.366],[7.5474,47.3626]],[[7.5484,47.366],[7.5509,47.3625]],[[7.5485,47.3949],[7.5507,47.3914]],[[7.5485,47.3949],[7.5534,47.391]],[[7.5498,47.3665],[7.5495,47.3681]],[[7.5509,47.3625],[7.5501,47.3617]],[[7.5509,47.3625],[7.5508,47.3616]],[[7.5525,47.3668],[7.5512,47.3687]],[[7.5532,47.3821],[7.5605,47.3821]],[[7.5532,47.3821],[7.5549,47.3795]],[[7.5553,47.3547],[7.5533,47.3532]],[[7.5562,47.3555],[7.5542,47.3572]],[[7.5555,47.3549],[7.5553,47.3547]],[[7.5553,47.3547],[7.5587,47.3495]],[[7.5562,47.3555],[7.5555,47.3549]],[[7.5626,47.3564],[7.5562,47.3555]],[[7.5603,47.3813],[7.5629,47.3806]],[[7.5605,47.3821],[7.5603,47.3813]],[[7.5603,47.3813],[7.5652,47.3755]],[[7.5605,47.3821],[7.57,47.3818]],[[7.5682,47.3621],[7.5626,47.3564]],[[7.5626,47.3564],[7.5677,47.3497]],[[7.5652,47.3755],[7.565,47.3746]],[[7.5652,47.3755],[7.5655,47.3754]],[[7.5655,47.3754],[7.5662,47.3745]],[[7.5655,47.3754],[7.568,47.3751]],[[7.5674,47.3642],[7.5767,47.3671]],[[7.577,47.3491],[7.5736,47.3475]],[[7.577,47.3491],[7.5757,47.3474]],[[7.5763,47.361],[7.5832,47.3651]],[[7.5767,47.3671],[7.5864,47.3705]],[[7.5767,47.3671],[7.5784,47.3762]],[[7.5781,47.3514],[7.577,47.3491]],[[7.5787,47.3604],[7.5781,47.3514]],[[7.5781,47.3514],[7.5829,47.3499]],[[7.5834,47.3481],[7.5807,47.3465]],[[7.5829,47.3499],[7.5846,47.3502]],[[7.5829,47.3499],[7.5834,47.3481]],[[7.5834,47.3481],[7.5846,47.3457]],[[7.5863,47.3718],[7.5839,47.3731]],[[7.5846,47.3502],[7.5857,47.35]],[[7.5846,47.3502],[7.5852,47.3499]],[[7.5863,47.3718],[7.5911,47.3741]],[[7.5864,47.3705],[7.5863,47.3718]],[[7.5864,47.3705],[7.5864,47.3705]],[[7.5864,47.3705],[7.5884,47.3697]],[[7.5864,47.3705],[7.5876,47.3714]],[[7.5876,47.3714],[7.5898,47.3726]],[[7.5876,47.3714],[7.5916,47.3699]],[[7.5898,47.3726],[7.591,47.3726]],[[7.5898,47.3726],[7.5906,47.3724]],[[7.6067,47.3568],[7.6079,47.3523],[7.6054,47.3498],[7.5902,47.3471]],[[7.5911,47.3741],[7.5952,47.3746]],[[7.5911,47.3741],[7.5928,47.3732]],[[7.5928,47.3592],[7.5913,47.3564]],[[7.593,47.3591],[7.5978,47.366]],[[7.5952,47.3746],[7.5983,47.3723]],[[7.5952,47.3746],[7.5959,47.3749]],[[7.5959,47.3749],[7.6004,47.3749]],[[7.5959,47.3749],[7.5982,47.3764]],[[7.5978,47.366],[7.5966,47.3673]],[[7.5978,47.366],[7.599,47.3671]],[[7.599,47.3671],[7.5987,47.3678]],[[7.599,47.3671],[7.6019,47.3687]],[[7.6007,47.3581],[7.6052,47.364]],[[7.6012,47.346],[7.6009,47.3445]],[[7.6009,47.3445],[7.6012,47.3431]],[[7.6009,47.3445],[7.6028,47.3427]],[[7.6034,47.3493],[7.6012,47.346]],[[7.6012,47.346],[7.603,47.3446]],[[7.6019,47.3687],[7.6017,47.3706]],[[7.6019,47.3687],[7.6022,47.3687],[7.6028,47.3689],[7.6036,47.3692],[7.6049,47.3701],[7.6094,47.3708]],[[7.607,47.3535],[7.6035,47.3511]],[[7.6196,47.3712],[7.6167,47.3704]],[[7.6233,47.3682],[7.6172,47.3673]],[[7.6197,47.3728],[7.6184,47.3733]],[[7.6196,47.3712],[7.6186,47.372]],[[7.6197,47.3728],[7.6196,47.3732]],[[7.6233,47.3682],[7.6227,47.3707],[7.6211,47.3712],[7.6196,47.3712]],[[7.6248,47.3703],[7.6197,47.3728]],[[7.6207,47.3613],[7.6255,47.3596]],[[7.6256,47.3738],[7.621,47.3753]],[[7.6254,47.3718],[7.6229,47.3724]],[[7.6245,47.3676],[7.6233,47.3682]],[[7.6245,47.3676],[7.6248,47.3703]],[[7.6249,47.3646],[7.6245,47.3676]],[[7.6248,47.3703],[7.6254,47.3718]],[[7.6287,47.3791],[7.6251,47.3796]],[[7.6254,47.3718],[7.6256,47.3738]],[[7.6255,47.3596],[7.6311,47.3611]],[[7.6255,47.3596],[7.6308,47.3543]],[[7.6256,47.3738],[7.6283,47.3766]],[[7.6283,47.3766],[7.6355,47.3771]],[[7.6283,47.3766],[7.6287,47.3791]],[[7.6287,47.3791],[7.6289,47.3792],[7.6302,47.3791],[7.6322,47.3821]],[[7.6316,47.3813],[7.6293,47.3819]],[[7.6308,47.3543],[7.6304,47.3529]],[[7.6322,47.3821],[7.6309,47.3831]],[[7.6308,47.3543],[7.6318,47.3541]],[[7.6318,47.3541],[7.6329,47.3543]],[[7.6318,47.3541],[7.6325,47.3532]],[[7.6322,47.3821],[7.6335,47.3827]],[[7.6355,47.3771],[7.6388,47.3778]],[[7.6355,47.3771],[7.6369,47.3767]],[[7.6379,47.3677],[7.6413,47.3653]],[[7.6413,47.3653],[7.6419,47.3628]],[[7.6413,47.3653],[7.6509,47.362]],[[7.6509,47.362],[7.6526,47.362]],[[7.6509,47.362],[7.6514,47.3618]],[[7.6514,47.3618],[7.652,47.3605],[7.6563,47.3601],[7.6627,47.3615]],[[7.6514,47.3618],[7.6551,47.361]],[[7.6526,47.362],[7.6548,47.3635]],[[7.6526,47.362],[7.6559,47.3616]]]}},{"type":"Feature","properties":{"id":"baeche-in-den-gemeinden-baerschwil-und-grindel-710-so","c":"SO","p":"pacht","q":"official","k":"river"},"geometry":{"type":"MultiLineString","coordinates":[[[7.4412,47.4002],[7.4424,47.385]],[[7.4424,47.385],[7.4418,47.3845]],[[7.4424,47.385],[7.4422,47.3842]],[[7.4495,47.3867],[7.4473,47.3865]],[[7.4495,47.3867],[7.4482,47.3855]],[[7.4518,47.3868],[7.4495,47.3867]],[[7.4518,47.3868],[7.4515,47.3788]],[[7.4705,47.3892],[7.4609,47.3886],[7.4547,47.3871],[7.4522,47.3869],[7.4518,47.3868],[7.4518,47.3868]],[[7.4603,47.3755],[7.4546,47.3747]],[[7.4607,47.3757],[7.4567,47.3769]],[[7.4575,47.3741],[7.458,47.374]],[[7.4601,47.374],[7.4594,47.3735]],[[7.4601,47.3738],[7.4598,47.3734]],[[7.4601,47.3738],[7.4598,47.3727]],[[7.4603,47.3755],[7.4601,47.374]],[[7.4601,47.374],[7.4601,47.3738]],[[7.4607,47.3757],[7.4603,47.3755]],[[7.4648,47.3762],[7.4607,47.3757]],[[7.4662,47.3839],[7.4612,47.3821]],[[7.4638,47.3727],[7.4633,47.3719]],[[7.4648,47.3762],[7.4638,47.3727]],[[7.4638,47.3727],[7.464,47.3722]],[[7.4689,47.3774],[7.4673,47.3765],[7.4648,47.3762]],[[7.4687,47.3773],[7.465,47.3785]],[[7.4662,47.3839],[7.4659,47.3836]],[[7.4676,47.3858],[7.4661,47.385]],[[7.4676,47.3858],[7.4662,47.3839]],[[7.4679,47.3865],[7.4676,47.3858]],[[7.4679,47.3865],[7.4676,47.3866]],[[7.4682,47.3726],[7.4677,47.3723]],[[7.469,47.3872],[7.4679,47.3865]],[[7.4692,47.3764],[7.4682,47.3726]],[[7.4682,47.3726],[7.4684,47.3718]],[[7.4701,47.3791],[7.4689,47.3774]],[[7.4689,47.3774],[7.4692,47.3764]],[[7.4705,47.3892],[7.469,47.3872]],[[7.469,47.3872],[7.4727,47.3823]],[[7.4692,47.3764],[7.471,47.3716]],[[7.4727,47.3823],[7.4701,47.3791]],[[7.4701,47.3791],[7.473,47.3729]],[[7.4775,47.3924],[7.4705,47.3892]],[[7.4727,47.3823],[7.4759,47.3764]],[[7.473,47.3729],[7.4736,47.3721]],[[7.473,47.3729],[7.4736,47.3725]],[[7.4769,47.3968],[7.4785,47.3962]],[[7.4774,47.4012],[7.4764,47.3963],[7.4775,47.3936]],[[7.4775,47.3936],[7.4775,47.3924]],[[7.4775,47.3924],[7.4782,47.3914]],[[7.4775,47.3936],[7.4789,47.3937]],[[7.4782,47.3914],[7.4799,47.3918]],[[7.4782,47.3914],[7.481,47.3889]],[[7.4832,47.3834],[7.4804,47.3806]],[[7.481,47.3889],[7.4808,47.3884],[7.4841,47.3841]],[[7.481,47.3889],[7.4875,47.3883],[7.4917,47.3902]],[[7.4841,47.3841],[7.4832,47.3834]],[[7.4832,47.3834],[7.4834,47.3815]],[[7.4841,47.3841],[7.4878,47.3825]],[[7.4878,47.3825],[7.4874,47.3779]],[[7.4878,47.3825],[7.4935,47.3812]],[[7.4903,47.3819],[7.4922,47.3771]],[[7.4935,47.3812],[7.4947,47.3777]],[[7.4935,47.3812],[7.4993,47.3805]],[[7.4993,47.3805],[7.502,47.3802]],[[7.4993,47.3805],[7.5013,47.3762]],[[7.502,47.3802],[7.5023,47.375]],[[7.502,47.3802],[7.5029,47.3801]],[[7.5023,47.375],[7.5023,47.3737]],[[7.5023,47.375],[7.503,47.3739]],[[7.5058,47.3838],[7.5044,47.3824]],[[7.5087,47.3881],[7.5058,47.3838]],[[7.5058,47.3838],[7.5081,47.3822]],[[7.5081,47.3822],[7.5102,47.3793]],[[7.5081,47.3822],[7.5133,47.3805]],[[7.509,47.3885],[7.5087,47.3881]],[[7.5087,47.3881],[7.5103,47.3858]],[[7.5096,47.3888],[7.5148,47.3877]],[[7.5102,47.3793],[7.5105,47.3736]],[[7.5102,47.3793],[7.5119,47.3784]],[[7.5119,47.3784],[7.5129,47.3761]],[[7.5119,47.3784],[7.5147,47.3759]],[[7.5148,47.3877],[7.5173,47.3872]],[[7.5148,47.3877],[7.5163,47.3865]]]}},{"type":"Feature","properties":{"id":"aare-a1-a1-so","c":"SO","p":"patent","q":"official","k":"river"},"geometry":{"type":"MultiLineString","coordinates":[[[7.4785,47.1916],[7.4488,47.1894],[7.4432,47.1793],[7.4333,47.1847],[7.4316,47.176],[7.4134,47.1632],[7.3929,47.1602]],[[7.4843,47.1973],[7.4785,47.1916]],[[7.5713,47.2196],[7.5556,47.2165],[7.5492,47.2072],[7.535,47.2054],[7.5211,47.1961],[7.5034,47.1967],[7.4878,47.2041],[7.484,47.2007],[7.4843,47.1973],[7.4852,47.1955],[7.4847,47.1933],[7.4821,47.1917],[7.4804,47.1915],[7.4785,47.1916]],[[7.6189,47.2296],[7.5959,47.2306],[7.5713,47.2196]],[[7.5713,47.2196],[7.5717,47.2169]]]}},{"type":"Feature","properties":{"id":"aare-a2-a2-so","c":"SO","p":"patent","q":"official","k":"river"},"geometry":{"type":"MultiLineString","coordinates":[[[7.7895,47.259],[7.7852,47.2568]],[[7.7895,47.259],[7.7862,47.2561]],[[7.9222,47.3648],[7.9182,47.3688],[7.9081,47.36],[7.9082,47.3399],[7.8895,47.3119],[7.8612,47.3062],[7.8332,47.2681],[7.8148,47.2613],[7.8022,47.2683],[7.7895,47.259]]]}},{"type":"Feature","properties":{"id":"ergolz-bl","c":"BL","p":"pacht","q":"derived","k":"river"},"geometry":{"type":"MultiLineString","coordinates":[[[7.9252,47.4523],[7.8962,47.4696],[7.8661,47.4696],[7.8336,47.4619],[7.7551,47.4757],[7.7264,47.4932],[7.7187,47.536]],[[7.9286,47.4515],[7.9281,47.4517]],[[7.9311,47.4463],[7.9299,47.4506]],[[7.9559,47.4261],[7.9393,47.4278],[7.9312,47.446]]]}},{"type":"Feature","properties":{"id":"birs-bl","c":"BL","p":"pacht","q":"derived","k":"river"},"geometry":{"type":"MultiLineString","coordinates":[[[7.4148,47.394],[7.4343,47.3941],[7.4507,47.404],[7.4728,47.4004],[7.4866,47.4034],[7.5125,47.431],[7.524,47.4314],[7.5312,47.439],[7.5428,47.4361],[7.5478,47.4438],[7.5688,47.4375],[7.5977,47.4417],[7.5974,47.4497],[7.6095,47.459],[7.6012,47.4692],[7.6063,47.4757]],[[7.6073,47.4884],[7.6066,47.5024],[7.6219,47.5219],[7.623,47.5496],[7.6171,47.5588]]]}},{"type":"Feature","properties":{"id":"urnaesch-ar","c":"AR","p":"pacht","q":"derived","k":"river"},"geometry":{"type":"LineString","coordinates":[[9.3064,47.2595],[9.2957,47.2624],[9.2898,47.2741],[9.277,47.2802],[9.2773,47.2896],[9.2696,47.2952],[9.2815,47.3152],[9.2955,47.3248],[9.291,47.3332],[9.2974,47.3596],[9.3242,47.375],[9.325,47.4005]]}},{"type":"Feature","properties":{"id":"zuerichsee-sg","c":"SG","p":"patent","q":"derived","k":"lake","fr":1},"geometry":{"type":"Polygon","coordinates":[[[8.7958,47.2391],[8.7996,47.2398],[8.8005,47.2379],[8.8167,47.2363],[8.818,47.2295],[8.8112,47.2269],[8.8134,47.2245],[8.8152,47.2254],[8.8132,47.2235],[8.8254,47.222],[8.8317,47.2168],[8.8424,47.2164],[8.8435,47.2151],[8.8445,47.2165],[8.8441,47.2152],[8.8485,47.2171],[8.8515,47.2164],[8.848,47.2188],[8.8496,47.2218],[8.8592,47.2222],[8.8655,47.2185],[8.8738,47.2181],[8.8776,47.2156],[8.9082,47.2228],[8.9162,47.2233],[8.9187,47.2259],[8.9352,47.2256],[8.9479,47.2244],[8.9478,47.2233],[8.9461,47.2215],[8.9407,47.2212],[8.9413,47.2181],[8.8469,47.2084],[8.8356,47.2085],[8.8223,47.2117],[8.8117,47.2174],[8.8091,47.2197],[8.8123,47.2226],[8.8085,47.2202],[8.7958,47.2391]],[[8.9468,47.2242],[8.9465,47.2231],[8.947,47.2231],[8.9468,47.2242]],[[8.8119,47.2218],[8.814,47.222],[8.8148,47.2223],[8.8119,47.2218]],[[8.8521,47.2182],[8.8528,47.2188],[8.8527,47.2189],[8.8521,47.2182]],[[8.8529,47.2194],[8.8536,47.2196],[8.8526,47.2196],[8.8529,47.2194]],[[8.8148,47.2224],[8.8157,47.2224],[8.8147,47.2226],[8.8148,47.2224]],[[8.8552,47.2207],[8.8562,47.2208],[8.8562,47.2211],[8.8552,47.2207]],[[8.8516,47.2176],[8.8519,47.2182],[8.8516,47.2176],[8.8516,47.2176]],[[8.8485,47.2156],[8.8488,47.2156],[8.8487,47.2159],[8.8485,47.2156]],[[8.8545,47.2196],[8.8547,47.2199],[8.8543,47.2198],[8.8545,47.2196]],[[8.848,47.2157],[8.8483,47.216],[8.8482,47.2161],[8.848,47.2157]]]}},{"type":"Feature","properties":{"id":"walensee-sg","c":"SG","p":"patent","q":"derived","k":"lake","fr":1},"geometry":{"type":"Polygon","coordinates":[[[9.1156,47.1396],[9.142,47.1374],[9.1459,47.1344],[9.1534,47.1358],[9.1597,47.1337],[9.1885,47.1328],[9.2139,47.1287],[9.2503,47.1305],[9.2603,47.1291],[9.291,47.1293],[9.3002,47.1288],[9.3023,47.1256],[9.2991,47.1162],[9.2898,47.1156],[9.287,47.1137],[9.2779,47.113],[9.2659,47.1161],[9.2571,47.1164],[9.2456,47.1126],[9.2229,47.1117],[9.2148,47.1156],[9.2116,47.1132],[9.2053,47.113],[9.1888,47.116],[9.1899,47.1237],[9.1477,47.1289],[9.1359,47.132],[9.1154,47.1328],[9.1082,47.1313],[9.0987,47.1328],[9.1004,47.1353],[9.1058,47.1333],[9.1156,47.1396]],[[9.2882,47.1183],[9.2876,47.1185],[9.2875,47.1184],[9.2882,47.1183]]]}},{"type":"Feature","properties":{"id":"bodensee-sg","c":"SG","p":"patent","q":"derived","k":"lake","fr":1,"ns":1},"geometry":{"type":"Polygon","coordinates":[[[9.5622,47.4951],[9.5603,47.4988],[9.5582,47.4973],[9.5549,47.5002],[9.5547,47.4958],[9.5464,47.4912],[9.5481,47.4898],[9.5461,47.491],[9.5459,47.4895],[9.5433,47.4846],[9.5381,47.4817],[9.533,47.4812],[9.532,47.4829],[9.53,47.4802],[9.5286,47.4801],[9.5299,47.4811],[9.5293,47.4816],[9.5274,47.4802],[9.4985,47.4781],[9.4793,47.4827],[9.4762,47.4893],[9.4835,47.4938],[9.472,47.5017],[9.4576,47.5073],[9.4486,47.501],[9.4458,47.5058],[9.4386,47.5049],[9.4343,47.5061],[9.447,47.5113],[9.5069,47.5497],[9.5587,47.5419],[9.5622,47.4951]],[[9.5592,47.4984],[9.5562,47.5011],[9.5544,47.5005],[9.5592,47.4984]],[[9.543,47.4851],[9.5437,47.4855],[9.5437,47.4856],[9.543,47.4851]]]}},{"type":"Feature","properties":{"id":"rhein-sg","c":"SG","p":"patent","q":"derived","k":"river"},"geometry":{"type":"MultiLineString","coordinates":[[[9.4759,47.0517],[9.4716,47.0635],[9.4782,47.0683]],[[9.487,47.0384],[9.4802,47.0457]],[[9.4937,47.2026],[9.5308,47.2708],[9.5432,47.2782]],[[9.5079,47.0162],[9.49,47.0354]],[[9.5456,46.9766],[9.5421,46.9796]],[[9.5546,47.2956],[9.5888,47.3181]],[[9.5923,47.327],[9.6006,47.3469],[9.638,47.378],[9.6516,47.4046]]]}},{"type":"Feature","properties":{"id":"thur-sg","c":"SG","p":"pacht","q":"derived","k":"river"},"geometry":{"type":"MultiLineString","coordinates":[[[9.3431,47.2347],[9.3173,47.219],[9.3101,47.1977],[9.2582,47.186],[9.2341,47.1903],[9.2108,47.217],[9.186,47.2271],[9.1776,47.2448],[9.1225,47.2586],[9.1125,47.2669],[9.0825,47.3038],[9.0821,47.3246]],[[9.0829,47.3266],[9.0797,47.3441],[9.0871,47.35],[9.0789,47.3557],[9.0844,47.3579],[9.0781,47.3664],[9.0831,47.3756],[9.0747,47.384],[9.0813,47.3927],[9.0736,47.393],[9.0808,47.3985],[9.0721,47.4056],[9.0784,47.4108],[9.0754,47.4187],[9.0829,47.421],[9.0623,47.437],[9.0675,47.4403],[9.0628,47.4456],[9.075,47.4563],[9.1159,47.4645],[9.135,47.4548],[9.1543,47.4558],[9.1595,47.4607],[9.1726,47.4584],[9.209,47.4802]]]}},{"type":"Feature","properties":{"id":"sitter-sg","c":"SG","p":"pacht","q":"derived","k":"river"},"geometry":{"type":"LineString","coordinates":[[9.3397,47.3996],[9.325,47.4005],[9.3204,47.4098],[9.3405,47.4179],[9.3387,47.4252],[9.3609,47.4337],[9.3642,47.4523],[9.3584,47.4563],[9.3691,47.4586],[9.3619,47.4756],[9.3527,47.4723],[9.3507,47.4792],[9.3474,47.4752],[9.3431,47.4812],[9.321,47.4854],[9.3209,47.4908]]}},{"type":"Feature","properties":{"id":"necker-sg","c":"SG","p":"pacht","q":"derived","k":"river"},"geometry":{"type":"MultiLineString","coordinates":[[[9.2088,47.2755],[9.1856,47.2881],[9.1829,47.3131],[9.1642,47.3263],[9.1409,47.3286],[9.1325,47.3342],[9.1271,47.3443],[9.1321,47.3572],[9.1181,47.3695],[9.1256,47.3786],[9.0904,47.3869],[9.0911,47.3928],[9.0807,47.3919]],[[9.2138,47.2728],[9.2131,47.2733]],[[9.251,47.2655],[9.2202,47.27]],[[9.2781,47.2548],[9.2563,47.2634]]]}},{"type":"Feature","properties":{"id":"alter-rhein-sg","c":"SG","p":"pacht","q":"derived","k":"river"},"geometry":{"type":"MultiLineString","coordinates":[[[9.5046,47.2564],[9.5525,47.3018],[9.5757,47.3156],[9.5861,47.3559],[9.6384,47.4078],[9.6425,47.4382],[9.6558,47.4508],[9.6344,47.4564]],[[9.5939,47.4647],[9.5898,47.4709]],[[9.6252,47.4568],[9.6107,47.47]]]}},{"type":"Feature","properties":{"id":"seez-sg","c":"SG","p":"pacht","q":"derived","k":"river"},"geometry":{"type":"LineString","coordinates":[[9.2575,46.935],[9.2657,46.9609],[9.2779,46.9723],[9.3408,46.9893],[9.3742,47.0157],[9.3896,47.0361],[9.4183,47.0471],[9.379,47.0685],[9.3402,47.1013],[9.301,47.1192]]}},{"type":"Feature","properties":{"id":"tamina-sg","c":"SG","p":"pacht","q":"derived","k":"river"},"geometry":{"type":"MultiLineString","coordinates":[[[9.266,46.9104],[9.2899,46.9215],[9.3224,46.9261],[9.355,46.9205]],[[9.3917,46.9126],[9.4429,46.909],[9.462,46.9195],[9.4699,46.9321]],[[9.4813,46.9484],[9.4893,46.9904],[9.51,47.0102]]]}},{"type":"Feature","properties":{"id":"werdenberger-binnenkanal-sg","c":"SG","p":"pacht","q":"derived","k":"river"},"geometry":{"type":"LineString","coordinates":[[9.5073,47.1105],[9.5113,47.1162],[9.4869,47.1615],[9.4765,47.1983],[9.5139,47.242],[9.5231,47.2703],[9.5432,47.2782]]}},{"type":"Feature","properties":{"id":"zervreilasee-gr","c":"GR","p":"patent","q":"derived","k":"lake","ns":1},"geometry":{"type":"Polygon","coordinates":[[[9.1177,46.58],[9.1201,46.5768],[9.106,46.5699],[9.0976,46.5617],[9.097,46.559],[9.1008,46.5534],[9.0913,46.5635],[9.0784,46.5685],[9.0934,46.5666],[9.1102,46.5778],[9.1177,46.58]]]}},{"type":"Feature","properties":{"id":"lai-da-sontga-maria-gr","c":"GR","p":"patent","q":"derived","k":"lake","ns":1},"geometry":{"type":"Polygon","coordinates":[[[8.798,46.5877],[8.8037,46.587],[8.7995,46.5746],[8.801,46.565],[8.7965,46.5646],[8.7937,46.5688],[8.7859,46.5675],[8.7835,46.5689],[8.7904,46.5767],[8.7897,46.5802],[8.7955,46.5818],[8.798,46.5877]]]}},{"type":"Feature","properties":{"id":"sufnersee-gr","c":"GR","p":"patent","q":"derived","k":"lake","ns":1},"geometry":{"type":"Polygon","coordinates":[[[9.3727,46.5707],[9.3808,46.5704],[9.379,46.567],[9.3662,46.5635],[9.3487,46.5623],[9.3614,46.5669],[9.3669,46.5672],[9.3727,46.5707]]]}},{"type":"Feature","properties":{"id":"lai-da-nalps-gr","c":"GR","p":"patent","q":"derived","k":"lake","ns":1},"geometry":{"type":"Polygon","coordinates":[[[8.7599,46.64],[8.7642,46.6389],[8.7677,46.6324],[8.7609,46.6211],[8.7587,46.6332],[8.7599,46.64]]]}},{"type":"Feature","properties":{"id":"lej-da-silvaplauna-gr","c":"GR","p":"patent","q":"derived","k":"lake","ns":1},"geometry":{"type":"Polygon","coordinates":[[[9.777,46.4382],[9.7749,46.4424],[9.7833,46.4477],[9.7899,46.455],[9.7963,46.4554],[9.8008,46.4582],[9.8021,46.4602],[9.7979,46.4643],[9.7994,46.4663],[9.8042,46.4664],[9.8033,46.4708],[9.8063,46.4728],[9.8124,46.4718],[9.8049,46.4662],[9.8027,46.4619],[9.8064,46.4515],[9.8044,46.4472],[9.7916,46.4436],[9.7809,46.4365],[9.777,46.4382]]]}},{"type":"Feature","properties":{"id":"lej-da-segl-gr","c":"GR","p":"patent","q":"derived","k":"lake","ns":1},"geometry":{"type":"Polygon","coordinates":[[[9.7546,46.4347],[9.7528,46.4309],[9.7434,46.4266],[9.7471,46.4258],[9.751,46.4287],[9.7549,46.4253],[9.7535,46.4228],[9.7476,46.4188],[9.7414,46.4191],[9.7357,46.4159],[9.7333,46.4164],[9.733,46.4099],[9.7039,46.4067],[9.705,46.41],[9.7298,46.4186],[9.7269,46.4203],[9.727,46.4235],[9.7346,46.4284],[9.7546,46.4347]],[[9.7453,46.4213],[9.7463,46.4212],[9.7466,46.4217],[9.7453,46.4213]],[[9.7438,46.4207],[9.7442,46.4208],[9.7441,46.4209],[9.7438,46.4207]],[[9.7302,46.4186],[9.7303,46.4187],[9.7301,46.4186],[9.7302,46.4186]]]}},{"type":"Feature","properties":{"id":"lago-bianco-gr","c":"GR","p":"patent","q":"derived","k":"lake","ns":1},"geometry":{"type":"Polygon","coordinates":[[[10.0112,46.4064],[10.0082,46.4115],[10.0091,46.4145],[10.0183,46.4147],[10.0187,46.4087],[10.0301,46.4011],[10.0284,46.4],[10.0336,46.3964],[10.033,46.394],[10.0315,46.3927],[10.0292,46.3923],[10.026,46.3985],[10.0112,46.4064]],[[10.0273,46.3965],[10.028,46.3964],[10.0273,46.3967],[10.0273,46.3965]],[[10.0319,46.3946],[10.0326,46.3946],[10.0321,46.3949],[10.0319,46.3946]],[[10.0307,46.3932],[10.031,46.3934],[10.0307,46.3935],[10.0307,46.3932]],[[10.0273,46.3969],[10.0273,46.397],[10.0272,46.397],[10.0273,46.3969]]]}},{"type":"Feature","properties":{"id":"lai-da-marmorera-gr","c":"GR","p":"patent","q":"derived","k":"lake","ns":1},"geometry":{"type":"Polygon","coordinates":[[[9.6281,46.5062],[9.6341,46.5104],[9.6396,46.5054],[9.6406,46.4973],[9.6446,46.4947],[9.642,46.4865],[9.63,46.5012],[9.6281,46.5062]]]}},{"type":"Feature","properties":{"id":"lago-di-poschiavo-gr","c":"GR","p":"patent","q":"derived","k":"lake","ns":1},"geometry":{"type":"Polygon","coordinates":[[[10.0795,46.2901],[10.0887,46.292],[10.0869,46.2942],[10.088,46.2947],[10.0943,46.2855],[10.1024,46.2787],[10.1012,46.2735],[10.098,46.273],[10.0899,46.2766],[10.0817,46.2845],[10.0795,46.2901]]]}},{"type":"Feature","properties":{"id":"laegh-da-l-albigna-gr","c":"GR","p":"patent","q":"derived","k":"lake","ns":1},"geometry":{"type":"Polygon","coordinates":[[[9.644,46.337],[9.6526,46.3359],[9.6507,46.3294],[9.6545,46.3265],[9.6467,46.3152],[9.6472,46.3255],[9.643,46.3291],[9.6409,46.3353],[9.644,46.337]],[[9.6518,46.3273],[9.6519,46.3274],[9.6518,46.3274],[9.6518,46.3273]],[[9.6515,46.3275],[9.6516,46.3275],[9.6515,46.3275],[9.6515,46.3275]]]}},{"type":"Feature","properties":{"id":"rhein-gr","c":"GR","p":"patent","q":"derived","k":"river","ns":1},"geometry":{"type":"MultiLineString","coordinates":[[[8.6583,46.64],[8.6633,46.6359]],[[8.6638,46.6356],[8.6709,46.6328]],[[8.6747,46.6325],[8.686,46.6342],[8.6889,46.6448],[8.7029,46.6535],[8.7126,46.6528],[8.7621,46.6745]],[[8.7651,46.6744],[8.8313,46.6797],[8.8416,46.6926],[8.8527,46.6938],[8.8993,46.7201],[8.9257,46.7201],[8.9651,46.7284],[9.0024,46.7447],[9.0867,46.7575],[9.1316,46.7745],[9.1668,46.7755],[9.1844,46.7703],[9.2417,46.7859],[9.2585,46.7832],[9.282,46.7969],[9.2986,46.7945],[9.3033,46.8071],[9.3219,46.8091],[9.3286,46.804],[9.3699,46.8228],[9.4084,46.8234],[9.4397,46.8391],[9.458,46.8382],[9.4851,46.845],[9.5022,46.8605],[9.5299,46.8731],[9.5409,46.9012],[9.5547,46.9148],[9.5584,46.9314],[9.5431,46.9495],[9.5502,46.9709],[9.5456,46.9766]],[[9.4802,47.0457],[9.4759,47.0517]],[[9.49,47.0354],[9.487,47.0384]],[[9.5421,46.9796],[9.5079,47.0162]]]}},{"type":"Feature","properties":{"id":"albula-gr","c":"GR","p":"patent","q":"derived","k":"river","ns":1},"geometry":{"type":"MultiLineString","coordinates":[[[9.5346,46.6781],[9.4952,46.6947],[9.4739,46.6981],[9.4725,46.7037],[9.4494,46.7126]],[[9.6874,46.671],[9.6745,46.6727],[9.6291,46.6624],[9.6151,46.6655],[9.5988,46.6599],[9.5619,46.6643]],[[9.7554,46.6149],[9.729,46.6436],[9.6882,46.6703]],[[9.7828,46.5826],[9.759,46.5939],[9.7553,46.6143]],[[9.809,46.5791],[9.7883,46.5814]],[[9.8103,46.5791],[9.8098,46.5791]]]}},{"type":"Feature","properties":{"id":"hinterrhein-gr","c":"GR","p":"patent","q":"derived","k":"river","ns":1},"geometry":{"type":"MultiLineString","coordinates":[[[9.0828,46.5015],[9.1173,46.4976],[9.1466,46.513],[9.1966,46.5289],[9.2313,46.5374],[9.3111,46.5463],[9.3482,46.5623]],[[9.38,46.5676],[9.4121,46.5688],[9.4211,46.5828]],[[9.4054,46.7992],[9.4161,46.8105]],[[9.4071,46.7908],[9.4054,46.7992]],[[9.4078,46.7934],[9.4054,46.7992]],[[9.4114,46.8132],[9.4077,46.8234]],[[9.4071,46.7908],[9.4078,46.7934]],[[9.4107,46.7871],[9.4071,46.7908]],[[9.4107,46.7871],[9.4078,46.7934]],[[9.4161,46.8105],[9.4164,46.8126],[9.4146,46.813],[9.4133,46.8129],[9.4124,46.8133],[9.4114,46.8132]],[[9.4161,46.8105],[9.4114,46.8132]],[[9.4214,46.5899],[9.4281,46.5975],[9.4249,46.6104],[9.4507,46.6543],[9.4469,46.6635],[9.4539,46.678],[9.4419,46.6911],[9.4494,46.7126],[9.4107,46.7871]]]}},{"type":"Feature","properties":{"id":"gelgia-gr","c":"GR","p":"patent","q":"derived","k":"river","ns":1},"geometry":{"type":"MultiLineString","coordinates":[[[9.5847,46.623],[9.5732,46.6627]],[[9.632,46.5097],[9.6201,46.5264],[9.6264,46.5417],[9.6225,46.5711],[9.6053,46.5913],[9.59,46.5987],[9.5895,46.6185]],[[9.7126,46.5033],[9.7065,46.4923],[9.7153,46.4739],[9.7024,46.4643],[9.6939,46.4675],[9.6821,46.4617],[9.6603,46.4615],[9.6419,46.4862]],[[9.7154,46.5059],[9.7134,46.5042]]]}},{"type":"Feature","properties":{"id":"glogn-gr","c":"GR","p":"patent","q":"derived","k":"river","ns":1},"geometry":{"type":"MultiLineString","coordinates":[[[9.0686,46.5838],[9.0749,46.596],[9.0705,46.603],[9.0853,46.6171],[9.0876,46.6412],[9.1106,46.6589],[9.1085,46.666],[9.1302,46.677],[9.1469,46.6759],[9.1927,46.7102],[9.2177,46.7421]],[[9.2181,46.7452],[9.2087,46.7628],[9.2123,46.7769]],[[9.2176,46.7421],[9.2179,46.7451]]]}},{"type":"Feature","properties":{"id":"landwasser-gr","c":"GR","p":"patent","q":"derived","k":"river","ns":1},"geometry":{"type":"MultiLineString","coordinates":[[[9.8436,46.8098],[9.8152,46.7863],[9.7975,46.7608],[9.7872,46.757],[9.7582,46.7113],[9.7432,46.7014],[9.7235,46.6997],[9.6762,46.681],[9.6635,46.6695]],[[9.8084,46.8384],[9.8088,46.8384]],[[9.8094,46.8384],[9.8107,46.8378]],[[9.8123,46.8378],[9.8324,46.8321],[9.8481,46.8333],[9.8547,46.825]],[[9.8466,46.8142],[9.8436,46.8099]],[[9.8547,46.8248],[9.8546,46.8245]]]}},{"type":"Feature","properties":{"id":"plessur-gr","c":"GR","p":"patent","q":"derived","k":"river","ns":1},"geometry":{"type":"MultiLineString","coordinates":[[[9.6948,46.7826],[9.7066,46.8008],[9.7025,46.8207],[9.6783,46.8268],[9.6092,46.8274],[9.5784,46.834],[9.5559,46.8305],[9.5072,46.8631]],[[9.613,46.7531],[9.6424,46.7531]],[[9.6451,46.7533],[9.6478,46.7641]],[[9.6504,46.7655],[9.6553,46.7714],[9.6896,46.7785]]]}},{"type":"Feature","properties":{"id":"landquart-gr","c":"GR","p":"patent","q":"derived","k":"river","ns":1},"geometry":{"type":"LineString","coordinates":[[9.9547,46.8512],[9.9522,46.8556],[9.8825,46.8661],[9.8282,46.9003],[9.7945,46.9108],[9.7626,46.9135],[9.7515,46.9218],[9.7329,46.9226],[9.7137,46.9341],[9.706,46.9565],[9.6717,46.972],[9.6225,46.9759],[9.5499,46.9689]]}},{"type":"Feature","properties":{"id":"valser-rhein-gr","c":"GR","p":"patent","q":"derived","k":"river","ns":1},"geometry":{"type":"MultiLineString","coordinates":[[[9.0386,46.5247],[9.0469,46.5574],[9.0631,46.5671],[9.0778,46.5685]],[[9.1206,46.5793],[9.1738,46.609],[9.1888,46.6259],[9.189,46.6577],[9.1782,46.6689],[9.1761,46.6862],[9.1807,46.703]]]}},{"type":"Feature","properties":{"id":"rabiusa-gr","c":"GR","p":"patent","q":"derived","k":"river","ns":1},"geometry":{"type":"MultiLineString","coordinates":[[[9.2396,46.5815],[9.2834,46.598],[9.2764,46.6094],[9.2783,46.6334],[9.2949,46.6608],[9.3188,46.6812],[9.3386,46.7297]],[[9.3407,46.7331],[9.3592,46.7475],[9.3618,46.7568],[9.3405,46.7955],[9.3437,46.7996],[9.3307,46.8051]]]}},{"type":"Feature","properties":{"id":"ragn-da-ferrera-gr","c":"GR","p":"patent","q":"derived","k":"river","ns":1},"geometry":{"type":"MultiLineString","coordinates":[[[9.4369,46.5267],[9.4382,46.5727],[9.4225,46.583]],[[9.5899,46.4156],[9.5968,46.4252],[9.5826,46.4432],[9.5522,46.4463],[9.5137,46.4704],[9.4841,46.4773],[9.466,46.5098],[9.4403,46.521]]]}},{"type":"Feature","properties":{"id":"inn-gr","c":"GR","p":"patent","q":"derived","k":"river","ns":1},"geometry":{"type":"MultiLineString","coordinates":[[[9.6667,46.4154],[9.6722,46.4174]],[[9.6763,46.4168],[9.6902,46.4072],[9.7039,46.4083]],[[9.755,46.4349],[9.7582,46.4362]],[[9.7632,46.4377],[9.7744,46.4422]],[[9.8131,46.4718],[9.8384,46.4894]],[[9.8484,46.4981],[9.8637,46.5098],[9.8683,46.5289],[9.8994,46.5464],[9.9014,46.5564],[9.9297,46.5828],[9.9948,46.6177],[10.0042,46.6176],[10.0085,46.6271],[10.0272,46.6372],[10.0265,46.6469],[10.0651,46.6774],[10.0783,46.6819],[10.0931,46.7041],[10.0773,46.7204],[10.0839,46.7447],[10.0794,46.7479],[10.0901,46.7597],[10.1327,46.7713],[10.1525,46.7675],[10.1609,46.7713],[10.2151,46.7699],[10.2257,46.7765],[10.3085,46.7932],[10.3115,46.7976]],[[10.3115,46.7976],[10.3159,46.7983]],[[10.3115,46.7976],[10.313,46.7986],[10.3159,46.7983]],[[10.3159,46.7983],[10.3189,46.7993]],[[10.329,46.8048],[10.3426,46.8056],[10.379,46.8276],[10.3837,46.8253],[10.4153,46.8368],[10.4246,46.8586],[10.4564,46.8733],[10.4691,46.8892]],[[10.4792,46.911],[10.4858,46.9148]]]}},{"type":"Feature","properties":{"id":"clemgia-gr","c":"GR","p":"patent","q":"derived","k":"river","ns":1},"geometry":{"type":"MultiLineString","coordinates":[[[10.3909,46.6455],[10.3666,46.6516],[10.3511,46.6669],[10.3608,46.6904],[10.3508,46.7065],[10.305,46.7272],[10.2924,46.7696],[10.2942,46.7897]],[[10.392,46.6453],[10.3912,46.6455]],[[10.3962,46.6454],[10.3934,46.6449]]]}},{"type":"Feature","properties":{"id":"calancasca-gr","c":"GR","p":"patent","q":"derived","k":"river","ns":1},"geometry":{"type":"MultiLineString","coordinates":[[[9.1114,46.4755],[9.1213,46.4583],[9.1164,46.4394],[9.1336,46.4204],[9.1252,46.3845],[9.1288,46.3637],[9.115,46.3072],[9.1183,46.2838],[9.1097,46.2721]],[[9.1099,46.2677],[9.1159,46.2595],[9.1428,46.2501],[9.1409,46.2369]]]}},{"type":"Feature","properties":{"id":"moesa-gr","c":"GR","p":"patent","q":"derived","k":"river","ns":1},"geometry":{"type":"MultiLineString","coordinates":[[[9.2043,46.4294],[9.2259,46.4183],[9.2353,46.4052],[9.2363,46.3885],[9.2061,46.3226],[9.1748,46.285],[9.151,46.2414],[9.1384,46.2361],[9.1189,46.2383],[9.1034,46.2294],[9.0805,46.231]],[[9.1637,46.4981],[9.1707,46.4957]],[[9.1708,46.491],[9.1694,46.4809],[9.1921,46.46]],[[9.1898,46.4453],[9.1923,46.4369]],[[9.1927,46.4365],[9.203,46.4294]]]}},{"type":"Feature","properties":{"id":"mera-gr","c":"GR","p":"patent","q":"derived","k":"river","ns":1},"geometry":{"type":"MultiLineString","coordinates":[[[9.6581,46.3747],[9.652,46.3651],[9.6184,46.3507],[9.5797,46.3404],[9.5584,46.3418],[9.55,46.3364],[9.5143,46.3323]],[[9.5736,46.3979],[9.5764,46.3992]],[[9.577,46.3997],[9.6119,46.3895],[9.6463,46.3957],[9.6593,46.3916],[9.6589,46.3797]]]}},{"type":"Feature","properties":{"id":"poschiavino-gr","c":"GR","p":"patent","q":"derived","k":"river","ns":1},"geometry":{"type":"MultiLineString","coordinates":[[[10.0526,46.4357],[10.0523,46.4168],[10.0711,46.3955]],[[10.0724,46.3946],[10.065,46.3714],[10.0699,46.3602],[10.0585,46.3428],[10.0563,46.3239],[10.0672,46.3055],[10.0866,46.2924]],[[10.1017,46.2734],[10.1151,46.2665],[10.1458,46.2305]]]}},{"type":"Feature","properties":{"id":"hallwilersee-ag","c":"AG","p":"mixed","q":"derived","k":"lake"},"geometry":{"type":"Polygon","coordinates":[[[8.2016,47.3187],[8.2091,47.3173],[8.2148,47.3117],[8.2206,47.2957],[8.2189,47.2949],[8.2284,47.2775],[8.2198,47.2523],[8.203,47.2872],[8.1984,47.3053],[8.1997,47.3153],[8.2031,47.3176],[8.2016,47.3187]]]}},{"type":"Feature","properties":{"id":"klingnauer-stausee-ag","c":"AG","p":"pacht","q":"derived","k":"lake"},"geometry":{"type":"Polygon","coordinates":[[[8.2242,47.5939],[8.228,47.5944],[8.2532,47.5738],[8.2516,47.5731],[8.2454,47.5775],[8.246,47.5762],[8.2436,47.576],[8.2462,47.5757],[8.2471,47.5749],[8.2389,47.5772],[8.2234,47.5917],[8.2242,47.5939]],[[8.2429,47.5794],[8.2404,47.5811],[8.2426,47.579],[8.2432,47.5764],[8.2429,47.5794]],[[8.2402,47.5787],[8.2413,47.5791],[8.2394,47.5799],[8.2402,47.5787]],[[8.2444,47.5777],[8.2448,47.5768],[8.2449,47.5777],[8.2444,47.5777]],[[8.2416,47.5779],[8.2414,47.5783],[8.2411,47.5783],[8.2416,47.5779]],[[8.2427,47.5782],[8.2422,47.5782],[8.2427,47.5781],[8.2427,47.5782]]]}},{"type":"Feature","properties":{"id":"rhein-ag","c":"AG","p":"mixed","q":"derived","k":"river"},"geometry":{"type":"MultiLineString","coordinates":[[[7.7378,47.5431],[7.7212,47.542]],[[7.7948,47.5572],[7.7812,47.553]],[[7.8376,47.5831],[7.8196,47.5873],[7.8123,47.5715]],[[7.8706,47.5887],[7.8669,47.5887]],[[7.8859,47.5886],[7.883,47.5887]],[[7.8934,47.5868],[7.8912,47.5878]],[[7.9079,47.5567],[7.9114,47.5687],[7.9033,47.5807]],[[7.9676,47.5564],[7.9551,47.5564],[7.9445,47.544]],[[8.0391,47.5533],[8.034,47.5526]],[[8.0934,47.5591],[8.0876,47.5575]],[[8.1007,47.5646],[8.0943,47.5595]],[[8.1369,47.5842],[8.1166,47.584]],[[8.1693,47.5974],[8.1661,47.5946]],[[8.173,47.6004],[8.1697,47.5976]],[[8.1959,47.618],[8.1892,47.6104]],[[8.2241,47.6071],[8.2178,47.6187],[8.1989,47.6195]],[[8.24,47.6129],[8.2264,47.6055]],[[8.2625,47.6113],[8.2581,47.6153]],[[8.2974,47.6058],[8.2772,47.6117]],[[8.3514,47.5707],[8.3261,47.572]],[[8.3606,47.5698],[8.3543,47.5704]],[[8.3784,47.5669],[8.377,47.5673]],[[8.3914,47.5744],[8.3821,47.5658]]]}},{"type":"Feature","properties":{"id":"aare-ag","c":"AG","p":"mixed","q":"derived","k":"river"},"geometry":{"type":"MultiLineString","coordinates":[[[7.8333,47.268],[7.8438,47.277]],[[7.8443,47.2793],[7.8461,47.2834]],[[7.849,47.2879],[7.8621,47.3068]],[[7.8754,47.312],[7.8797,47.3117]],[[7.8902,47.3128],[7.891,47.3151]],[[7.897,47.3218],[7.9079,47.3417]],[[7.8983,47.3201],[7.8982,47.3202]],[[8.0275,47.3932],[8.05,47.3968],[8.071,47.4104],[8.1248,47.4108],[8.1611,47.4174],[8.1636,47.4635],[8.1904,47.4714],[8.1938,47.4827],[8.2238,47.4856],[8.2374,47.4936],[8.2251,47.5525],[8.2515,47.5621],[8.2526,47.5731]],[[8.2241,47.5943],[8.2241,47.6071]]]}},{"type":"Feature","properties":{"id":"reuss-ag","c":"AG","p":"mixed","q":"derived","k":"river"},"geometry":{"type":"MultiLineString","coordinates":[[[8.3459,47.3434],[8.3331,47.3535],[8.3471,47.3544],[8.3351,47.3715],[8.3264,47.3675],[8.3279,47.3774],[8.3075,47.3767],[8.3065,47.3938],[8.2989,47.3948],[8.276,47.4181],[8.2627,47.4222],[8.2606,47.4293],[8.2485,47.431],[8.2572,47.4502],[8.2466,47.4583],[8.2269,47.4601],[8.2332,47.4712],[8.2242,47.4801],[8.2401,47.4869],[8.2374,47.4936]],[[8.4005,47.2743],[8.3759,47.2991],[8.3733,47.319]],[[8.4014,47.2683],[8.4022,47.273]],[[8.4022,47.2015],[8.4004,47.2088]],[[8.401,47.213],[8.395,47.2268],[8.4102,47.2482]],[[8.4145,47.1667],[8.4026,47.1767]],[[8.4052,47.1375],[8.4122,47.1406]],[[8.4153,47.162],[8.4153,47.1644]]]}},{"type":"Feature","properties":{"id":"suhre-ag","c":"AG","p":"pacht","q":"derived","k":"river"},"geometry":{"type":"LineString","coordinates":[[8.0584,47.2511],[8.0453,47.2812],[8.0462,47.3141],[8.0553,47.331],[8.0457,47.3591],[8.0528,47.3661],[8.0792,47.372],[8.0842,47.3804],[8.0659,47.4063]]}},{"type":"Feature","properties":{"id":"wyna-ag","c":"AG","p":"pacht","q":"derived","k":"river"},"geometry":{"type":"MultiLineString","coordinates":[[[8.1706,47.2618],[8.1508,47.2835],[8.1285,47.2897],[8.1113,47.3053],[8.1086,47.3393],[8.1143,47.3505],[8.0916,47.3664],[8.0841,47.3806]],[[8.1931,47.226],[8.1828,47.2527],[8.171,47.2611]]]}},{"type":"Feature","properties":{"id":"buenz-ag","c":"AG","p":"pacht","q":"derived","k":"river"},"geometry":{"type":"LineString","coordinates":[[8.3241,47.2427],[8.3432,47.2519],[8.3461,47.2707],[8.3382,47.2935],[8.3105,47.3205],[8.306,47.3334],[8.2758,47.3481],[8.246,47.379],[8.2249,47.3859],[8.21,47.4056],[8.1648,47.417]]}},{"type":"Feature","properties":{"id":"bodensee-tg","c":"TG","p":"mixed","q":"derived","k":"lake","fr":1,"ns":1},"geometry":{"type":"MultiPolygon","coordinates":[[[[9.4762,47.4894],[9.4661,47.4963],[9.4531,47.4991],[9.4542,47.4999],[9.4523,47.4991],[9.4512,47.5],[9.4534,47.4999],[9.4535,47.5003],[9.4495,47.5012],[9.4576,47.5073],[9.472,47.5017],[9.4835,47.4938],[9.4762,47.4894]]],[[[9.4342,47.5062],[9.4348,47.5116],[9.4389,47.5124],[9.4378,47.5138],[9.4405,47.5128],[9.4389,47.5176],[9.4328,47.5211],[9.4296,47.5201],[9.4256,47.5215],[9.4048,47.5364],[9.3859,47.5459],[9.3869,47.5502],[9.3852,47.5496],[9.3802,47.5544],[9.3824,47.5644],[9.3836,47.5642],[9.3843,47.5622],[9.3848,47.562],[9.3831,47.5658],[9.38,47.5647],[9.3799,47.5664],[9.3855,47.5669],[9.3852,47.57],[9.3843,47.5707],[9.3832,47.5687],[9.3817,47.5721],[9.3272,47.5929],[9.2965,47.6126],[9.2966,47.6115],[9.2899,47.6137],[9.2683,47.6239],[9.2683,47.6227],[9.258,47.6257],[9.2474,47.6314],[9.2354,47.633],[9.2315,47.6358],[9.2264,47.6352],[9.2146,47.6414],[9.2119,47.6448],[9.2065,47.644],[9.1948,47.6489],[9.196,47.6473],[9.1925,47.6473],[9.1924,47.6489],[9.1942,47.6485],[9.1921,47.6494],[9.1911,47.6477],[9.1914,47.6493],[9.1857,47.6527],[9.184,47.6522],[9.1831,47.6523],[9.1853,47.6529],[9.1836,47.6543],[9.1812,47.6519],[9.1818,47.6559],[9.1871,47.6575],[9.2148,47.6551],[9.2566,47.6587],[9.3947,47.6203],[9.4956,47.5515],[9.5069,47.5497],[9.447,47.5113],[9.4342,47.5062]],[[9.3832,47.5704],[9.3834,47.5705],[9.3832,47.5707],[9.3832,47.5704]],[[9.295,47.6129],[9.2952,47.6128],[9.2955,47.613],[9.295,47.6129]],[[9.1839,47.6524],[9.1844,47.6525],[9.1844,47.6526],[9.1839,47.6524]]]]}},{"type":"Feature","properties":{"id":"untersee-rhein-tg","c":"TG","p":"mixed","q":"derived","k":"lake","fr":1,"ns":1},"geometry":{"type":"Polygon","coordinates":[[[9.126,47.6664],[9.1117,47.6645],[9.1104,47.666],[9.0971,47.6663],[9.0856,47.6753],[9.0767,47.6704],[9.0687,47.6746],[9.0485,47.6746],[9.0443,47.6727],[9.0372,47.675],[9.0261,47.6727],[9.0177,47.6754],[9.013,47.6724],[8.9995,47.6713],[8.9889,47.6682],[8.9815,47.6687],[8.9802,47.6651],[8.973,47.6649],[8.9719,47.6601],[8.9632,47.6565],[8.9578,47.6577],[8.953,47.6543],[8.9476,47.6549],[8.9438,47.6524],[8.9315,47.6523],[8.9228,47.6465],[8.9169,47.6484],[8.9042,47.6433],[8.8912,47.6444],[8.8818,47.6527],[8.8763,47.6539],[8.8705,47.6517],[8.8692,47.6538],[8.8628,47.6549],[8.8653,47.6561],[8.8671,47.656],[8.8724,47.6539],[8.8798,47.6549],[8.8935,47.6484],[8.8982,47.6482],[8.9265,47.6552],[8.9411,47.6562],[8.9461,47.6595],[8.9748,47.669],[8.9801,47.6735],[8.9901,47.6753],[9.0149,47.6853],[9.0229,47.6868],[9.0759,47.6786],[9.0942,47.6794],[9.126,47.6664]],[[8.8654,47.655],[8.867,47.6557],[8.8655,47.6559],[8.8654,47.655]]]}},{"type":"Feature","properties":{"id":"thur-tg","c":"TG","p":"pacht","q":"derived","k":"river"},"geometry":{"type":"MultiLineString","coordinates":[[[9.1411,47.5496],[9.122,47.5493],[9.057,47.5738],[8.9848,47.5901],[8.9205,47.5874],[8.8538,47.5777],[8.7483,47.5923]],[[9.1868,47.5244],[9.1643,47.5423],[9.1472,47.5501],[9.1411,47.5496]],[[9.209,47.4802],[9.2159,47.4901],[9.2274,47.4886],[9.2329,47.4966],[9.2128,47.5],[9.2051,47.5219],[9.1795,47.5244],[9.1411,47.5496]]]}},{"type":"Feature","properties":{"id":"murg-tg","c":"TG","p":"pacht","q":"derived","k":"river"},"geometry":{"type":"MultiLineString","coordinates":[[[8.9725,47.4036],[8.9664,47.4236],[8.9935,47.4653],[8.9963,47.4907],[8.9537,47.4949],[8.9137,47.5375],[8.8961,47.5395],[8.8973,47.5544],[8.892,47.5563],[8.898,47.5621],[8.8838,47.5797]],[[8.9715,47.3913],[8.9716,47.3916]],[[8.9728,47.3946],[8.9744,47.4012]]]}},{"type":"Feature","properties":{"id":"luganersee-ti","c":"TI","p":"patent","q":"derived","k":"lake"},"geometry":{"type":"Polygon","coordinates":[[[9.0236,46.0005],[9.0119,45.9978],[9.0035,45.9927],[8.9852,45.9879],[8.9771,45.9831],[8.9671,45.9841],[8.9649,45.9798],[8.9585,45.9648],[8.9682,45.963],[8.9633,45.9517],[8.9661,45.9474],[8.9639,45.9415],[8.9683,45.9381],[8.9679,45.9334],[8.976,45.9298],[8.9762,45.9249],[8.9838,45.9183],[8.9798,45.9053],[8.9763,45.9049],[8.9715,45.9071],[8.973,45.9108],[8.9701,45.9142],[8.971,45.9211],[8.9678,45.926],[8.949,45.9362],[8.9374,45.9296],[8.9349,45.9246],[8.9248,45.9166],[8.9167,45.9137],[8.9143,45.9178],[8.9074,45.9178],[8.8933,45.9312],[8.8935,45.9374],[8.8986,45.9463],[8.8937,45.959],[8.8782,45.9566],[8.8683,45.9606],[8.8647,45.9655],[8.8593,45.967],[8.8607,45.9695],[8.8687,45.9722],[8.8735,45.9678],[8.8751,45.9686],[8.8705,45.9648],[8.8701,45.9606],[8.8762,45.9589],[8.8868,45.9609],[8.8884,45.9631],[8.8837,45.9691],[8.8893,45.9726],[8.8925,45.9724],[8.895,45.9759],[8.8931,45.9879],[8.897,45.9925],[8.9008,45.9917],[8.9084,45.9947],[8.9123,45.9903],[8.9111,45.9871],[8.898,45.9688],[8.9014,45.9577],[8.9045,45.955],[8.9027,45.9521],[8.9048,45.9498],[8.8976,45.933],[8.9109,45.9232],[8.9168,45.9226],[8.9369,45.9398],[8.9431,45.951],[8.9577,45.9533],[8.949,45.9557],[8.9471,45.9589],[8.9486,45.968],[8.9555,45.9766],[8.9574,45.9832],[8.9562,45.988],[8.9465,45.9939],[8.9509,46.0026],[8.9581,46.0042],[8.9623,46.0021],[8.9635,46.0046],[8.9685,46.0054],[8.9737,46.001],[8.9814,45.9999],[9.0047,46.0058],[9.0226,46.0167],[9.0236,46.0005]],[[8.9586,45.9539],[8.9633,45.9523],[8.9636,45.9533],[8.9586,45.9539]]]}},{"type":"Feature","properties":{"id":"lago-maggiore-ti","c":"TI","p":"patent","q":"derived","k":"lake"},"geometry":{"type":"Polygon","coordinates":[[[8.8347,46.1798],[8.8409,46.1783],[8.8525,46.1652],[8.8594,46.1709],[8.8597,46.1704],[8.8596,46.17],[8.8575,46.1667],[8.8578,46.1658],[8.8555,46.1651],[8.8581,46.1646],[8.8555,46.1629],[8.8531,46.1636],[8.8549,46.1618],[8.8605,46.1652],[8.8588,46.1631],[8.8642,46.1643],[8.854,46.1601],[8.8599,46.1611],[8.8634,46.1604],[8.8615,46.1601],[8.8624,46.1591],[8.8629,46.1576],[8.8603,46.1609],[8.8597,46.1571],[8.8576,46.1603],[8.8544,46.1595],[8.856,46.1583],[8.8542,46.1572],[8.8572,46.1572],[8.8589,46.1567],[8.8609,46.157],[8.8624,46.1556],[8.8549,46.154],[8.8565,46.151],[8.8595,46.1504],[8.862,46.1516],[8.8636,46.1551],[8.864,46.1552],[8.863,46.1513],[8.8654,46.1516],[8.8657,46.1498],[8.8586,46.1488],[8.8558,46.1495],[8.8539,46.147],[8.8409,46.1447],[8.8348,46.141],[8.8199,46.1393],[8.8076,46.1359],[8.798,46.1291],[8.7833,46.1234],[8.7822,46.121],[8.7585,46.1047],[8.7561,46.1048],[8.7423,46.1223],[8.7243,46.1102],[8.714,46.0972],[8.6968,46.1019],[8.7033,46.1105],[8.7069,46.112],[8.7098,46.1179],[8.7138,46.1201],[8.7201,46.135],[8.7345,46.1478],[8.7602,46.1542],[8.7634,46.1529],[8.7668,46.1548],[8.774,46.1491],[8.7833,46.1456],[8.7929,46.1461],[8.7923,46.1479],[8.7945,46.1475],[8.7982,46.1514],[8.7985,46.1497],[8.8004,46.1501],[8.8043,46.1532],[8.8008,46.1548],[8.8036,46.1546],[8.8049,46.1584],[8.8022,46.1585],[8.8048,46.1586],[8.8048,46.1638],[8.8014,46.1707],[8.8189,46.1728],[8.8347,46.1798]],[[8.7361,46.1319],[8.7354,46.1328],[8.7339,46.131],[8.7361,46.1319]],[[8.8586,46.1501],[8.8569,46.1496],[8.8598,46.15],[8.8586,46.1501]],[[8.8625,46.1498],[8.8609,46.1499],[8.8609,46.1495],[8.8625,46.1498]],[[8.7352,46.1343],[8.7359,46.134],[8.7367,46.1353],[8.7352,46.1343]],[[8.865,46.15],[8.8638,46.1504],[8.8632,46.1499],[8.865,46.15]],[[8.8635,46.1505],[8.8629,46.151],[8.863,46.1504],[8.8635,46.1505]],[[8.8596,46.1703],[8.8593,46.1705],[8.8592,46.1698],[8.8596,46.1703]],[[8.8554,46.1638],[8.8558,46.1642],[8.8553,46.1642],[8.8554,46.1638]],[[8.8588,46.1502],[8.8595,46.1503],[8.8586,46.1503],[8.8588,46.1502]],[[8.8565,46.1569],[8.8569,46.157],[8.856,46.1569],[8.8565,46.1569]]]}},{"type":"Feature","properties":{"id":"lago-di-vogorno-ti","c":"TI","p":"patent","q":"derived","k":"lake"},"geometry":{"type":"Polygon","coordinates":[[[8.8447,46.242],[8.8431,46.2371],[8.8459,46.2346],[8.8461,46.2316],[8.8592,46.2204],[8.864,46.2197],[8.8592,46.2188],[8.8578,46.2036],[8.8546,46.2028],[8.8504,46.1959],[8.8463,46.1963],[8.8432,46.1993],[8.8458,46.1993],[8.8484,46.2036],[8.8425,46.2067],[8.8513,46.2063],[8.8562,46.216],[8.855,46.2201],[8.8447,46.2304],[8.8421,46.2376],[8.8447,46.242]]]}},{"type":"Feature","properties":{"id":"lago-del-sambuco-ti","c":"TI","p":"patent","q":"derived","k":"lake"},"geometry":{"type":"Polygon","coordinates":[[[8.6317,46.4764],[8.6385,46.4744],[8.6593,46.4608],[8.6618,46.4561],[8.6581,46.4552],[8.6519,46.4591],[8.6372,46.4697],[8.6377,46.4726],[8.6317,46.4764]]]}},{"type":"Feature","properties":{"id":"lago-di-luzzone-ti","c":"TI","p":"patent","q":"derived","k":"lake"},"geometry":{"type":"Polygon","coordinates":[[[8.9877,46.5779],[8.9929,46.5793],[8.9919,46.5785],[8.9887,46.5774],[8.9878,46.5754],[8.9899,46.5753],[8.9893,46.5683],[8.9828,46.5676],[8.9787,46.5632],[8.9631,46.5613],[8.9628,46.5649],[8.9796,46.5712],[8.981,46.5721],[8.979,46.5737],[8.9816,46.5726],[8.9877,46.5779]]]}},{"type":"Feature","properties":{"id":"lago-ritom-ti","c":"TI","p":"patent","q":"derived","k":"lake"},"geometry":{"type":"Polygon","coordinates":[[[8.7035,46.5453],[8.7072,46.5441],[8.7077,46.5419],[8.6849,46.5366],[8.6853,46.5352],[8.6745,46.5348],[8.6757,46.5379],[8.6825,46.542],[8.7035,46.5453]]]}},{"type":"Feature","properties":{"id":"verzasca-ti","c":"TI","p":"patent","q":"derived","k":"river"},"geometry":{"type":"MultiLineString","coordinates":[[[8.7439,46.3992],[8.7427,46.3918],[8.7586,46.3836],[8.7981,46.3765],[8.8003,46.3669],[8.7893,46.3492],[8.8048,46.332],[8.7959,46.29],[8.8163,46.2675],[8.8379,46.2591],[8.8452,46.2448]],[[8.8483,46.1963],[8.8452,46.1868],[8.8602,46.1785],[8.8589,46.1712]]]}},{"type":"Feature","properties":{"id":"maggia-ti","c":"TI","p":"patent","q":"derived","k":"river"},"geometry":{"type":"MultiLineString","coordinates":[[[8.5489,46.4669],[8.5571,46.4732]],[[8.5586,46.4744],[8.5606,46.4757]],[[8.5729,46.4813],[8.5977,46.4869],[8.6312,46.4767]],[[8.6599,46.4559],[8.6621,46.4332],[8.6463,46.4062],[8.6651,46.3837],[8.6487,46.3597],[8.612,46.3456],[8.6078,46.3113],[8.6251,46.294],[8.6545,46.2878],[8.675,46.2747],[8.6883,46.2634],[8.6917,46.2516],[8.7461,46.2179],[8.7396,46.2065],[8.7558,46.1919],[8.7502,46.1858],[8.8017,46.1524]]]}},{"type":"Feature","properties":{"id":"brenno-ti","c":"TI","p":"patent","q":"derived","k":"river"},"geometry":{"type":"MultiLineString","coordinates":[[[8.9544,46.6209],[8.9593,46.6129],[8.9363,46.608],[8.9429,46.5622],[8.9367,46.5505],[8.9422,46.5378],[8.9377,46.5199],[8.9472,46.4944],[8.9373,46.4693]],[[8.9374,46.4692],[8.9379,46.4685]],[[8.938,46.4684],[8.953,46.4349],[8.9664,46.4283]],[[8.9694,46.427],[8.9778,46.4182],[8.9752,46.381],[8.9527,46.3569]],[[8.9664,46.4282],[8.9693,46.4269]]]}},{"type":"Feature","properties":{"id":"ticino-ti","c":"TI","p":"patent","q":"derived","k":"river"},"geometry":{"type":"MultiLineString","coordinates":[[[8.4041,46.4863],[8.4063,46.4843]],[[8.4068,46.4833],[8.4129,46.475],[8.4492,46.4735],[8.5398,46.5153],[8.5999,46.5261]],[[8.6074,46.5263],[8.6458,46.518],[8.6939,46.515],[8.7421,46.4903],[8.7748,46.4889],[8.822,46.465],[8.8758,46.4008],[8.9302,46.3641],[8.9529,46.3569],[8.9754,46.3311],[8.9823,46.3067],[8.9958,46.2941],[8.9986,46.2752],[9.014,46.2691],[9.0116,46.252],[9.0332,46.2351],[9.0371,46.2119],[9.0181,46.2036],[8.9994,46.1759],[8.8629,46.1558]]]}},{"type":"Feature","properties":{"id":"vedeggio-ti","c":"TI","p":"patent","q":"derived","k":"river"},"geometry":{"type":"LineString","coordinates":[[9.0557,46.1381],[9.0588,46.1446],[9.0489,46.1481],[9.0222,46.1371],[9.0077,46.1411],[8.9717,46.1125],[8.9583,46.1147],[8.932,46.1038],[8.9219,46.0819],[8.9383,46.0696],[8.9286,46.0594],[8.9282,46.0376],[8.9078,45.9955]]}},{"type":"Feature","properties":{"id":"genfersee-vd","c":"VD","p":"patent","q":"derived","k":"lake","fr":1},"geometry":{"type":"MultiPolygon","coordinates":[[[[6.1704,46.2949],[6.1785,46.3005],[6.1883,46.3126],[6.1975,46.3193],[6.2028,46.3299],[6.203,46.335],[6.2069,46.3388],[6.2323,46.3304],[6.1987,46.2844],[6.1704,46.2949]]],[[[6.2128,46.3533],[6.2207,46.3632],[6.2333,46.3716],[6.2349,46.376],[6.2446,46.3832],[6.2467,46.3826],[6.2486,46.3876],[6.2588,46.393],[6.2674,46.391],[6.273,46.392],[6.2752,46.3921],[6.2754,46.3918],[6.2781,46.3959],[6.2822,46.3971],[6.2817,46.4055],[6.2901,46.4142],[6.2914,46.4233],[6.2957,46.4238],[6.298,46.4265],[6.3059,46.4292],[6.3179,46.4395],[6.3191,46.4433],[6.3318,46.4492],[6.3389,46.457],[6.346,46.4613],[6.3515,46.4608],[6.3733,46.4654],[6.3817,46.4652],[6.3907,46.4617],[6.3911,46.4599],[6.4022,46.4589],[6.4209,46.4685],[6.4485,46.4738],[6.4548,46.4788],[6.4622,46.4786],[6.4609,46.4817],[6.4638,46.487],[6.4694,46.4908],[6.4819,46.4919],[6.4831,46.4982],[6.4883,46.5012],[6.4876,46.5024],[6.4897,46.5024],[6.4887,46.5011],[6.489,46.501],[6.4956,46.5042],[6.5007,46.5085],[6.5026,46.5133],[6.5079,46.5159],[6.5131,46.5149],[6.5133,46.5166],[6.5133,46.5151],[6.5165,46.5161],[6.5245,46.5142],[6.536,46.5078],[6.5553,46.5075],[6.5601,46.5079],[6.5652,46.5121],[6.5728,46.5133],[6.5779,46.5174],[6.5871,46.5171],[6.5903,46.5185],[6.6018,46.5119],[6.605,46.5111],[6.6049,46.5125],[6.6078,46.5126],[6.618,46.5076],[6.6185,46.5091],[6.6211,46.5071],[6.6235,46.5078],[6.6258,46.5047],[6.6321,46.5072],[6.6435,46.5046],[6.6583,46.506],[6.6642,46.5059],[6.6675,46.5039],[6.6772,46.5042],[6.6841,46.5012],[6.688,46.5016],[6.7006,46.4981],[6.7217,46.4865],[6.7439,46.4894],[6.7608,46.4801],[6.7781,46.474],[6.7889,46.4744],[6.8091,46.4706],[6.8086,46.4691],[6.8108,46.4703],[6.8199,46.4697],[6.8228,46.4677],[6.8315,46.468],[6.8353,46.4607],[6.8517,46.4571],[6.86,46.447],[6.8652,46.4485],[6.8732,46.448],[6.8823,46.4411],[6.8857,46.4421],[6.8848,46.4409],[6.8901,46.439],[6.9004,46.4406],[6.9049,46.4386],[6.9094,46.4348],[6.909,46.4305],[6.9123,46.4288],[6.9184,46.4295],[6.9227,46.4258],[6.9234,46.4208],[6.9273,46.4182],[6.9308,46.41],[6.9293,46.4054],[6.9251,46.4023],[6.9248,46.3986],[6.9198,46.3961],[6.9188,46.3971],[6.9179,46.3949],[6.9051,46.3967],[6.8956,46.3945],[6.8886,46.3955],[6.8862,46.3998],[6.8862,46.396],[6.8653,46.3929],[6.8589,46.3947],[6.8217,46.427],[6.6819,46.4543],[6.5191,46.4564],[6.4256,46.4158],[6.3352,46.4037],[6.253,46.3604],[6.2414,46.3437],[6.2128,46.3533]],[[6.2733,46.3904],[6.275,46.3918],[6.2704,46.3912],[6.2733,46.3904]],[[6.9271,46.4141],[6.9278,46.4143],[6.9274,46.4148],[6.9271,46.4141]],[[6.3391,46.4556],[6.3396,46.455],[6.3395,46.4559],[6.3391,46.4556]],[[6.5349,46.507],[6.5349,46.5071],[6.535,46.5075],[6.5349,46.507]],[[6.2729,46.3917],[6.2732,46.3919],[6.2728,46.3918],[6.2729,46.3917]],[[6.8833,46.4403],[6.8829,46.4406],[6.8828,46.4404],[6.8833,46.4403]],[[6.882,46.4409],[6.8821,46.441],[6.8819,46.441],[6.882,46.4409]],[[6.3178,46.4387],[6.318,46.4388],[6.3178,46.4388],[6.3178,46.4387]],[[6.5357,46.5072],[6.5359,46.5073],[6.5357,46.5073],[6.5357,46.5072]],[[6.9139,46.4],[6.9138,46.4001],[6.9137,46.4],[6.9139,46.4]]]]}},{"type":"Feature","properties":{"id":"lac-de-l-hongrin-vd","c":"VD","p":"patent","q":"derived","k":"lake"},"geometry":{"type":"Polygon","coordinates":[[[7.0233,46.4128],[7.0435,46.4248],[7.0437,46.4265],[7.0492,46.4283],[7.0542,46.4264],[7.0582,46.4271],[7.0655,46.4324],[7.0634,46.4276],[7.0675,46.4281],[7.0785,46.4234],[7.0711,46.4232],[7.0644,46.4258],[7.0585,46.4238],[7.0568,46.4211],[7.0551,46.4227],[7.0492,46.4224],[7.0469,46.4131],[7.0464,46.4184],[7.0433,46.4215],[7.0364,46.4168],[7.0357,46.418],[7.0324,46.4171],[7.0233,46.4128]]]}},{"type":"Feature","properties":{"id":"murtensee-vd","c":"VD","p":"patent","q":"derived","k":"lake","fr":1},"geometry":{"type":"Polygon","coordinates":[[[7.0844,46.9128],[7.0646,46.9049],[7.0572,46.9059],[7.0523,46.9045],[7.0462,46.906],[7.0381,46.9116],[7.0336,46.9165],[7.0334,46.921],[7.0489,46.9325],[7.0599,46.9366],[7.0844,46.9128]]]}},{"type":"Feature","properties":{"id":"lac-de-joux-vd","c":"VD","p":"patent","q":"derived","k":"lake","fr":1},"geometry":{"type":"Polygon","coordinates":[[[6.3218,46.6641],[6.3256,46.6679],[6.3309,46.6655],[6.3239,46.6585],[6.3226,46.6513],[6.3173,46.6506],[6.3075,46.6426],[6.2884,46.6319],[6.2808,46.6296],[6.2785,46.6259],[6.2681,46.6237],[6.2534,46.6138],[6.2507,46.615],[6.2448,46.6113],[6.2425,46.6119],[6.2413,46.6165],[6.2464,46.6183],[6.2474,46.6215],[6.252,46.6228],[6.2575,46.6293],[6.3218,46.6641]]]}},{"type":"Feature","properties":{"id":"neuenburgersee-vd","c":"VD","p":"patent","q":"derived","k":"lake","fr":1},"geometry":{"type":"MultiPolygon","coordinates":[[[[6.7067,46.8377],[6.717,46.8476],[6.73,46.8514],[6.7398,46.8584],[6.7521,46.8637],[6.7553,46.8705],[6.7798,46.853],[6.7419,46.8279],[6.7671,46.8087],[6.7604,46.8041],[6.7529,46.8022],[6.7467,46.803],[6.7411,46.8081],[6.7377,46.8055],[6.729,46.8069],[6.7162,46.8059],[6.6684,46.7885],[6.6684,46.7872],[6.6668,46.7866],[6.6576,46.7849],[6.6482,46.7853],[6.6434,46.7887],[6.6453,46.7898],[6.6426,46.7924],[6.6392,46.7911],[6.6363,46.7952],[6.6345,46.7993],[6.6366,46.8037],[6.6599,46.8159],[6.677,46.8207],[6.679,46.8238],[6.6807,46.823],[6.6858,46.8266],[6.6863,46.8292],[6.7067,46.8377]],[[6.6707,46.7905],[6.6719,46.7904],[6.6718,46.7908],[6.6707,46.7905]],[[6.692,46.7988],[6.6931,46.7986],[6.6929,46.7991],[6.692,46.7988]]],[[[7.0024,46.9869],[7.0388,46.9781],[7.0355,46.9715],[7.026,46.9626],[6.984,46.9444],[6.9794,46.9382],[6.9617,46.9275],[6.9282,46.9534],[7.0024,46.9869]]],[[[6.9224,46.9048],[6.922,46.9028],[6.9214,46.9021],[6.9224,46.9048]]],[[[6.9215,46.9053],[6.9,46.8959],[6.8965,46.8998],[6.8998,46.8959],[6.8992,46.893],[6.8911,46.8873],[6.8657,46.9096],[6.8962,46.9255],[6.9215,46.9053]]]]}},{"type":"Feature","properties":{"id":"talent-vd","c":"VD","p":"patent","q":"derived","k":"river"},"geometry":{"type":"LineString","coordinates":[[6.7092,46.5897],[6.7016,46.5897],[6.6897,46.5781],[6.6813,46.5836],[6.6801,46.5953],[6.6639,46.5897],[6.6566,46.5943],[6.6418,46.5903],[6.6341,46.5947],[6.6525,46.6326],[6.6399,46.6431],[6.6263,46.6412],[6.617,46.6461],[6.597,46.6329],[6.5872,46.6332],[6.586,46.6807],[6.5798,46.6918],[6.5507,46.7131],[6.5633,46.7376]]}},{"type":"Feature","properties":{"id":"venoge-vd","c":"VD","p":"patent","q":"derived","k":"river"},"geometry":{"type":"MultiLineString","coordinates":[[[6.3954,46.621],[6.4094,46.617],[6.4269,46.6274],[6.4382,46.6245],[6.4544,46.6415],[6.4936,46.6556]],[[6.4938,46.6556],[6.542,46.6438],[6.542,46.6364],[6.5156,46.6144],[6.5314,46.598],[6.5322,46.5918],[6.5248,46.5889],[6.5324,46.5754],[6.5269,46.5591],[6.5514,46.5427],[6.5397,46.5085]]]}},{"type":"Feature","properties":{"id":"grande-eau-vd","c":"VD","p":"patent","q":"derived","k":"river"},"geometry":{"type":"MultiLineString","coordinates":[[[7.1147,46.3537],[7.0719,46.3601],[7.054,46.3553],[7.0294,46.333],[6.9951,46.3174],[6.9724,46.3185],[6.9606,46.3258],[6.932,46.3256]],[[7.1678,46.3145],[7.1716,46.3252],[7.1623,46.3462],[7.1392,46.3555],[7.1153,46.3538]]]}},{"type":"Feature","properties":{"id":"veyron-vd","c":"VD","p":"patent","q":"derived","k":"river"},"geometry":{"type":"LineString","coordinates":[[6.3406,46.5478],[6.3511,46.5465],[6.3764,46.5697],[6.3869,46.5719],[6.3875,46.5798],[6.4034,46.587],[6.4101,46.6014],[6.4146,46.599],[6.4387,46.6109],[6.4514,46.6028],[6.4633,46.608],[6.4775,46.6204],[6.4938,46.6556]]}},{"type":"Feature","properties":{"id":"arnon-vd","c":"VD","p":"patent","q":"derived","k":"river"},"geometry":{"type":"LineString","coordinates":[[6.5064,46.8369],[6.4974,46.8292],[6.4962,46.8153],[6.5119,46.8108],[6.5248,46.8172],[6.5485,46.8076],[6.5832,46.8251],[6.6233,46.821],[6.6477,46.8282],[6.6688,46.8252],[6.6724,46.8297],[6.6823,46.825]]}},{"type":"Feature","properties":{"id":"broye-vd","c":"VD","p":"patent","q":"derived","k":"river"},"geometry":{"type":"MultiLineString","coordinates":[[[6.8077,46.642],[6.7888,46.6526],[6.7892,46.6648],[6.8098,46.6701],[6.8398,46.6971],[6.8585,46.7258]],[[6.8553,46.5405],[6.8154,46.557],[6.819,46.5662],[6.8115,46.581]],[[6.8611,46.5307],[6.8601,46.5309]],[[6.8882,46.5581],[6.8671,46.5409]],[[6.8663,46.7331],[6.8781,46.7456]],[[6.8821,46.7498],[6.911,46.7798]],[[6.9164,46.7879],[6.9262,46.7986]],[[6.9274,46.809],[6.9354,46.8207],[6.934,46.8327],[6.9524,46.8545],[6.9862,46.8709]],[[6.9315,46.8044],[6.9315,46.8056]],[[6.9952,46.8779],[7.0055,46.8859]],[[7.0093,46.8894],[7.0331,46.9205]]]}},{"type":"Feature","properties":{"id":"mentue-vd","c":"VD","p":"patent","q":"derived","k":"river"},"geometry":{"type":"LineString","coordinates":[[6.7154,46.5909],[6.7162,46.6073],[6.7015,46.6146],[6.6986,46.6298],[6.7094,46.6545],[6.699,46.658],[6.6959,46.6677],[6.7111,46.6802],[6.7202,46.6985],[6.7035,46.7197],[6.7041,46.743],[6.7248,46.7649],[6.7236,46.7778],[6.737,46.7885],[6.7416,46.8068]]}},{"type":"Feature","properties":{"id":"nozon-vd","c":"VD","p":"patent","q":"derived","k":"river"},"geometry":{"type":"LineString","coordinates":[[6.3822,46.6774],[6.4067,46.6964],[6.4412,46.6987],[6.4758,46.6933],[6.4857,46.673],[6.5228,46.6657],[6.5359,46.6757],[6.5412,46.7109],[6.5591,46.7308]]}},{"type":"Feature","properties":{"id":"orbe-vd","c":"VD","p":"patent","q":"derived","k":"river"},"geometry":{"type":"MultiLineString","coordinates":[[[6.1513,46.549],[6.221,46.5924],[6.2263,46.6024],[6.2414,46.6035],[6.2444,46.611]],[[6.3241,46.6672],[6.3234,46.6676]],[[6.3306,46.6791],[6.3483,46.7018],[6.3894,46.7157]],[[6.402,46.7226],[6.4143,46.7195],[6.4394,46.7302],[6.4581,46.7313],[6.4818,46.7255],[6.5293,46.7293],[6.5316,46.7208],[6.5633,46.7376]]]}},{"type":"Feature","properties":{"id":"rhone-vieze-leman-vs","c":"VS","p":"patent","q":"official","k":"river","ns":1},"geometry":{"type":"LineString","coordinates":[[6.8589,46.3947],[6.8853,46.3755],[6.8818,46.3545],[6.894,46.3421],[6.9191,46.3392],[6.9303,46.3299],[6.9371,46.2973],[6.9596,46.2844],[6.9651,46.2686],[6.9793,46.2573]]}},{"type":"Feature","properties":{"id":"mattervispa-vs","c":"VS","p":"patent","q":"official","k":"river","ns":1},"geometry":{"type":"LineString","coordinates":[[7.8723,46.2309],[7.8278,46.2075],[7.8059,46.1833],[7.7899,46.1544],[7.7917,46.1308],[7.7796,46.1046],[7.7694,46.0462],[7.7394,46.0112],[7.725,46.0047],[7.7096,46.0078]]}},{"type":"Feature","properties":{"id":"mauvoisin-vs","c":"VS","p":"patent","q":"official","k":"lake","ns":1},"geometry":{"type":"Polygon","coordinates":[[[7.3555,45.9606],[7.3583,45.9523],[7.3529,45.9586],[7.3532,45.9679],[7.3474,45.9903],[7.3488,45.9935],[7.3456,45.9974],[7.3504,45.9996],[7.3547,45.9944],[7.3538,45.9913],[7.3594,45.9735],[7.3555,45.9606]]]}},{"type":"Feature","properties":{"id":"leman-genfersee-vs","c":"VS","p":"patent","q":"official","k":"lake","fr":1,"ns":1},"geometry":{"type":"Polygon","coordinates":[[[6.8302,46.3857],[6.8109,46.3907],[6.8053,46.3942],[6.8211,46.4272],[6.8589,46.3949],[6.8572,46.3943],[6.8569,46.3934],[6.8577,46.3943],[6.8599,46.3917],[6.8577,46.3934],[6.8599,46.3891],[6.8557,46.3854],[6.8453,46.3886],[6.8302,46.3857]]]}},{"type":"Feature","properties":{"id":"barrage-de-dixence-vs","c":"VS","p":"patent","q":"official","k":"lake","ns":1},"geometry":{"type":"Polygon","coordinates":[[[7.3891,46.0651],[7.3994,46.0808],[7.4072,46.0803],[7.3998,46.0651],[7.4031,46.0538],[7.4064,46.052],[7.4078,46.0409],[7.4135,46.033],[7.4033,46.0313],[7.3982,46.0472],[7.3918,46.0531],[7.3894,46.0588],[7.3891,46.0651]]]}},{"type":"Feature","properties":{"id":"lac-de-tseuzier-vs","c":"VS","p":"patent","q":"official","k":"lake","ns":1},"geometry":{"type":"Polygon","coordinates":[[[7.4255,46.355],[7.4241,46.3567],[7.4284,46.3552],[7.4364,46.3518],[7.4393,46.3492],[7.4324,46.3453],[7.4224,46.3514],[7.4218,46.3539],[7.4255,46.355]]]}},{"type":"Feature","properties":{"id":"mattmarksee-vs","c":"VS","p":"patent","q":"official","k":"lake","ns":1},"geometry":{"type":"Polygon","coordinates":[[[7.9545,46.0478],[7.964,46.0496],[7.964,46.035],[7.9669,46.0247],[7.9644,46.0205],[7.9555,46.0352],[7.9545,46.0478]]]}},{"type":"Feature","properties":{"id":"salanfe-vs-2","c":"VS","p":"patent","q":"official","k":"lake","ns":1},"geometry":{"type":"Polygon","coordinates":[[[6.9463,46.1389],[6.9593,46.1458],[6.9699,46.1456],[6.9667,46.1388],[6.954,46.1344],[6.949,46.1386],[6.9503,46.1398],[6.9463,46.1389]]]}},{"type":"Feature","properties":{"id":"emosson-vs","c":"VS","p":"patent","q":"official","k":"lake","ns":1},"geometry":{"type":"Polygon","coordinates":[[[6.9149,46.088],[6.9212,46.0797],[6.9208,46.0749],[6.9318,46.0724],[6.9342,46.0704],[6.9352,46.0682],[6.9294,46.0656],[6.9228,46.0657],[6.9224,46.0676],[6.9115,46.0647],[6.9152,46.0676],[6.9133,46.0741],[6.9154,46.0741],[6.9153,46.0781],[6.9114,46.0819],[6.9043,46.084],[6.9053,46.0899],[6.9032,46.0905],[6.9074,46.0965],[6.908,46.1027],[6.9104,46.0958],[6.916,46.0924],[6.9149,46.088]]]}},{"type":"Feature","properties":{"id":"barrage-de-moiry-vs","c":"VS","p":"patent","q":"official","k":"lake","ns":1},"geometry":{"type":"Polygon","coordinates":[[[7.5676,46.1377],[7.5706,46.1368],[7.5747,46.1382],[7.5767,46.1325],[7.5748,46.1273],[7.5711,46.125],[7.5727,46.1227],[7.5718,46.1146],[7.5679,46.1185],[7.5651,46.1279],[7.5676,46.1377]]]}},{"type":"Feature","properties":{"id":"neuenburgersee-ne","c":"NE","p":"patent","q":"derived","k":"lake","fr":1},"geometry":{"type":"Polygon","coordinates":[[[6.7554,46.8709],[6.7565,46.8742],[6.7685,46.889],[6.7713,46.891],[6.7784,46.8917],[6.7891,46.9034],[6.7944,46.9058],[6.805,46.9158],[6.8138,46.9176],[6.8185,46.9224],[6.8305,46.9264],[6.8372,46.9257],[6.8405,46.9341],[6.8474,46.9388],[6.8524,46.9382],[6.8548,46.9407],[6.8598,46.9408],[6.8709,46.9452],[6.8746,46.9581],[6.8739,46.9712],[6.8753,46.971],[6.8758,46.9704],[6.8757,46.9719],[6.8818,46.9739],[6.8836,46.9766],[6.9074,46.9808],[6.9242,46.9897],[6.9301,46.9887],[6.9341,46.9913],[6.9346,46.9898],[6.936,46.9897],[6.9348,46.9904],[6.9362,46.9913],[6.9373,46.9902],[6.9489,46.9939],[6.9475,46.9958],[6.9557,46.9962],[6.9581,47.001],[6.9737,47.007],[6.9728,47.0082],[6.98,47.0113],[6.9846,47.011],[6.9848,47.0097],[6.9871,47.009],[6.9869,47.0105],[6.9915,47.0104],[6.9946,47.005],[7.0029,47.0046],[7.0063,47.0023],[7.0197,47.0049],[7.0203,47.0026],[7.0159,46.9976],[7.0262,47.0046],[7.0393,46.9814],[7.039,46.9811],[7.029,46.9817],[7.0024,46.9869],[6.9282,46.9534],[6.8962,46.9255],[6.8657,46.9096],[6.7798,46.853],[6.7554,46.8709]],[[6.8763,46.9707],[6.879,46.9718],[6.8795,46.9723],[6.8763,46.9707]],[[6.8797,46.9724],[6.8805,46.973],[6.8794,46.9731],[6.8797,46.9724]],[[6.952,46.996],[6.9495,46.9947],[6.9489,46.9947],[6.9496,46.9946],[6.952,46.996]],[[7.0366,46.9833],[7.0377,46.9834],[7.0377,46.9836],[7.0366,46.9833]],[[6.9842,47.0096],[6.9843,47.0097],[6.9831,47.0101],[6.9842,47.0096]],[[6.7576,46.8742],[6.7575,46.8736],[6.7577,46.8742],[6.7576,46.8742]],[[6.9736,47.0075],[6.975,47.0078],[6.9751,47.0079],[6.9736,47.0075]],[[6.7566,46.8721],[6.757,46.8726],[6.7566,46.8731],[6.7566,46.8721]],[[6.8742,46.9701],[6.8748,46.9702],[6.8746,46.9703],[6.8742,46.9701]],[[6.8752,46.9702],[6.8755,46.9705],[6.8755,46.9706],[6.8752,46.9702]],[[7.0375,46.9812],[7.0377,46.9813],[7.0375,46.9813],[7.0375,46.9812]],[[7.0381,46.9825],[7.0382,46.9826],[7.0381,46.9826],[7.0381,46.9825]]]}},{"type":"Feature","properties":{"id":"areuse-ne","c":"NE","p":"patent","q":"derived","k":"river"},"geometry":{"type":"MultiLineString","coordinates":[[[6.5489,46.9117],[6.59,46.906]],[[6.59,46.906],[6.61,46.9155]],[[6.59,46.906],[6.597,46.906],[6.6045,46.9083],[6.61,46.9155]],[[6.61,46.9155],[6.6466,46.9316],[6.6878,46.9409],[6.6977,46.9553],[6.7513,46.9493],[6.7879,46.964],[6.8108,46.9599],[6.8203,46.963],[6.8364,46.9493],[6.8474,46.9539],[6.8706,46.9458]]]}},{"type":"Feature","properties":{"id":"genfersee-ge","c":"GE","p":"patent","q":"derived","k":"lake","fr":1},"geometry":{"type":"MultiPolygon","coordinates":[[[[6.2417,46.3042],[6.2425,46.2983],[6.2355,46.289],[6.228,46.2854],[6.2098,46.2656],[6.2007,46.2648],[6.1978,46.263],[6.1941,46.2575],[6.1917,46.2461],[6.194,46.2422],[6.1924,46.2365],[6.1755,46.2152],[6.1713,46.214],[6.1731,46.2122],[6.1639,46.2086],[6.1623,46.2094],[6.1576,46.206],[6.1559,46.2081],[6.1574,46.2059],[6.1541,46.2043],[6.1497,46.205],[6.148,46.2069],[6.153,46.211],[6.1551,46.2099],[6.1571,46.21],[6.1531,46.2111],[6.1516,46.2175],[6.1537,46.2212],[6.1491,46.2265],[6.1539,46.2457],[6.1516,46.2511],[6.162,46.2629],[6.1663,46.264],[6.1664,46.2626],[6.1712,46.273],[6.1671,46.2815],[6.1718,46.289],[6.1703,46.2948],[6.1987,46.2844],[6.2196,46.3119],[6.2417,46.3042]],[[6.1715,46.2744],[6.1717,46.2745],[6.1715,46.2746],[6.1715,46.2744]]],[[[6.207,46.339],[6.2073,46.3475],[6.2126,46.3532],[6.2414,46.3437],[6.2323,46.3304],[6.207,46.339]]]]}},{"type":"Feature","properties":{"id":"doubs-ju","c":"JU","p":"patent","q":"derived","k":"river"},"geometry":{"type":"MultiLineString","coordinates":[[[6.8462,47.1736],[6.8735,47.1878]],[[7.0078,47.3011],[7.0312,47.3062],[7.0349,47.3158],[7.0517,47.3066],[7.0803,47.316]],[[7.0995,47.3203],[7.1335,47.3291],[7.1354,47.3358],[7.1507,47.3338],[7.159,47.347],[7.1709,47.3524],[7.1656,47.366],[7.1422,47.3588],[7.096,47.3567],[7.0831,47.3476],[7.0719,47.3528],[7.0663,47.344],[7.0499,47.3479]],[[7.0803,47.316],[7.0888,47.3175]],[[7.0803,47.316],[7.0851,47.3175],[7.0888,47.3175]],[[7.0888,47.3175],[7.0946,47.3197]],[[7.0946,47.3197],[7.0995,47.3203]],[[7.0946,47.3197],[7.0957,47.321],[7.0995,47.3203]]]}},{"type":"Feature","properties":{"id":"birs-ju","c":"JU","p":"patent","q":"derived","k":"river"},"geometry":{"type":"MultiLineString","coordinates":[[[7.346,47.247],[7.3428,47.2541],[7.3515,47.2645],[7.3824,47.2824],[7.3801,47.2929]],[[7.3903,47.3133],[7.3803,47.3187],[7.3693,47.3387],[7.3744,47.3453],[7.3676,47.3494],[7.37,47.3629],[7.3621,47.3648],[7.3599,47.3798],[7.3666,47.3883],[7.3946,47.3918],[7.3981,47.3967],[7.4148,47.394]]]}},{"type":"Feature","properties":{"id":"sorne-ju","c":"JU","p":"patent","q":"derived","k":"river"},"geometry":{"type":"MultiLineString","coordinates":[[[7.1315,47.257],[7.1544,47.2587]],[[7.2229,47.2903],[7.2245,47.3039],[7.2158,47.3148],[7.226,47.3301],[7.2558,47.3445],[7.2867,47.3353],[7.3036,47.3377],[7.3611,47.3709]],[[7.2243,47.2881],[7.2232,47.2896]]]}},{"type":"Feature","properties":{"id":"allaine-ju","c":"JU","p":"patent","q":"derived","k":"river"},"geometry":{"type":"MultiLineString","coordinates":[[[7.0983,47.418],[7.074,47.4188],[7.0829,47.4321],[7.0694,47.436],[7.0607,47.4324],[7.0504,47.4683],[7.0237,47.4867],[7.0147,47.4868],[7.0122,47.5026]],[[7.2392,47.4259],[7.2022,47.4216],[7.1845,47.428],[7.1521,47.4289],[7.0992,47.4175]]]}}]}